method,target,sample_idx,stored_da,stored_dh,oldD,newD,legacy_da,legacy_dh,chemical_da,chemical_dh,status,old_t1,new_t1,old_t2,new_t2,old_t3,new_t3
rosetta_fastrelax,Bcl-xL,0,2.513210242075919,1.9660812939962709,2.505562006849456,2.5040442943573,2.513210242075919,1.9660812939962709,2.5483787059783936,1.9917200803756716,ok,True,True,False,False,False,False
rosetta_fastrelax,Bcl-xL,1,2.5503796525088944,1.8061740158498665,2.505562006849456,2.5040442943573,2.5503796525088944,1.8061740158498665,2.5838377475738525,1.8401641845703125,ok,True,True,False,False,False,False
rosetta_fastrelax,Bcl-xL,2,2.4725977499076723,1.712632585332902,2.505562006849456,2.5040442943573,2.4725977499076723,1.712632585332902,2.506692409515381,1.7461804151535034,ok,True,True,False,False,False,False
rosetta_fastrelax,Bcl-xL,3,2.902537556296324,2.046806874118856,2.505562006849456,2.5040442943573,2.902537556296324,2.046806874118856,2.9242055416107178,2.079696655273437,ok,True,True,False,False,False,False
rosetta_fastrelax,Bcl-xL,4,2.972628726772333,2.134412438506584,2.505562006849456,2.5040442943573,2.972628726772333,2.134412438506584,2.994990110397339,2.1617226600646973,ok,True,True,False,False,False,False
rosetta_fastrelax,Bcl-xL,5,2.565036199049623,1.8774211510407688,2.505562006849456,2.5040442943573,2.565036199049623,1.8774211510407688,2.599932909011841,1.9052869081497192,ok,True,True,False,False,False,False
rosetta_fastrelax,Bcl-xL,6,2.9739336736899635,1.9797513343428972,2.505562006849456,2.5040442943573,2.9739336736899635,1.9797513343428972,3.001516580581665,2.0096561908721924,ok,True,True,False,False,False,False
rosetta_fastrelax,Bcl-xL,7,2.796239809563081,1.863780766463852,2.505562006849456,2.5040442943573,2.796239809563081,1.863780766463852,2.824289321899414,1.8922772407531736,ok,True,True,False,False,False,False
rosetta_fastrelax,Bcl-xL,8,2.952079934467548,2.260217352913016,2.505562006849456,2.5040442943573,2.952079934467548,2.260217352913016,2.9738593101501465,2.2852625846862797,ok,True,True,False,False,False,False
rosetta_fastrelax,Bcl-xL,9,2.5435252960828314,1.924865174013123,2.505562006849456,2.5040442943573,2.5435252960828314,1.924865174013123,2.5784733295440674,1.9518277645111084,ok,True,True,False,False,False,False
rosetta_fastrelax,Bcl-xL,10,2.619424955259116,1.721885179880723,2.505562006849456,2.5040442943573,2.619424955259116,1.721885179880723,2.6505846977233887,1.7573280334472656,ok,True,True,False,False,False,False
rosetta_fastrelax,Bcl-xL,11,2.6897450860871746,1.9576400849407063,2.505562006849456,2.5040442943573,2.6897450860871746,1.9576400849407063,2.71892523765564,1.9902225732803345,ok,True,True,False,False,False,False
rosetta_fastrelax,Bcl-xL,12,2.686043227642843,1.7749071143824209,2.505562006849456,2.5040442943573,2.686043227642843,1.7749071143824209,2.7168288230896,1.8082562685012815,ok,True,True,False,False,False,False
rosetta_fastrelax,Bcl-xL,13,2.548407011506794,1.9215627943704603,2.505562006849456,2.5040442943573,2.548407011506794,1.9215627943704603,2.583038091659546,1.9478862285614011,ok,True,True,False,False,False,False
rosetta_fastrelax,Bcl-xL,14,3.328462410524979,2.600221065885436,2.505562006849456,2.5040442943573,3.328462410524979,2.600221065885436,3.3487043380737305,2.62392520904541,ok,False,False,False,False,False,False
rosetta_fastrelax,Bcl-xL,15,2.5300049426825084,1.8367224015197103,2.505562006849456,2.5040442943573,2.5300049426825084,1.8367224015197103,2.565226793289185,1.8643779754638672,ok,True,True,False,False,False,False
rosetta_fastrelax,Bcl-xL,16,2.726336068257057,1.6459182514592068,2.505562006849456,2.5040442943573,2.726336068257057,1.6459182514592068,2.758373737335205,1.67720627784729,ok,True,True,False,False,False,False
rosetta_fastrelax,Bcl-xL,17,2.5355264245045745,1.9227716164099409,2.505562006849456,2.5040442943573,2.5355264245045745,1.9227716164099409,2.5705373287200928,1.949755907058716,ok,True,True,False,False,False,False
rosetta_fastrelax,Bcl-xL,18,2.6067712694048724,1.5116814691096228,2.505562006849456,2.5040442943573,2.6067712694048724,1.5116814691096228,2.640974283218384,1.5523244142532349,ok,True,True,False,False,False,False
rosetta_fastrelax,Bcl-xL,19,2.3151628828292754,1.9118805546116444,2.505562006849456,2.5040442943573,2.3151628828292754,1.9118805546116444,2.3471102714538574,1.9392268657684328,ok,True,True,False,False,False,False
rosetta_fastrelax,Bcl-xL,20,2.6477553974315327,1.6951924132014915,2.505562006849456,2.5040442943573,2.6477553974315327,1.6951924132014915,2.680169582366944,1.72379732131958,ok,True,True,False,False,False,False
rosetta_fastrelax,Bcl-xL,21,3.0521206384130126,2.3562260860052806,2.505562006849456,2.5040442943573,3.0521206384130126,2.3562260860052806,3.0724055767059326,2.382308006286621,ok,True,True,False,False,False,False
rosetta_fastrelax,Bcl-xL,22,2.716522759964738,1.592235336645586,2.505562006849456,2.5040442943573,2.716522759964738,1.592235336645586,2.749980926513672,1.630415678024292,ok,True,True,False,False,False,False
rosetta_fastrelax,Bcl-xL,23,2.5293852152774514,1.8408019673075844,2.505562006849456,2.5040442943573,2.5293852152774514,1.8408019673075844,2.565640926361084,1.8658634424209597,ok,True,True,False,False,False,False
rosetta_fastrelax,Bcl-xL,24,2.432173117550158,1.7528159183165528,2.505562006849456,2.5040442943573,2.432173117550158,1.7528159183165528,2.4651553630828857,1.7829077243804932,ok,True,True,False,False,False,False
rosetta_fastrelax,Bcl-xL,25,2.5031410497824385,1.782220314964898,2.505562006849456,2.5040442943573,2.5031410497824385,1.782220314964898,2.536583423614502,1.8146785497665403,ok,True,True,False,False,False,False
rosetta_fastrelax,Bcl-xL,26,2.539664857454418,1.893229934372802,2.505562006849456,2.5040442943573,2.539664857454418,1.893229934372802,2.5746400356292725,1.920814514160156,ok,True,True,False,False,False,False
rosetta_fastrelax,Bcl-xL,27,2.652174003159668,1.7598314625098648,2.505562006849456,2.5040442943573,2.652174003159668,1.7598314625098648,2.6834068298339844,1.793656587600708,ok,True,True,False,False,False,False
rosetta_fastrelax,Bcl-xL,28,2.6675914099844955,1.648391730552869,2.505562006849456,2.5040442943573,2.6675914099844955,1.648391730552869,2.698887348175049,1.682344913482666,ok,True,True,False,False,False,False
rosetta_fastrelax,Bcl-xL,29,2.4597549311985376,1.732257836727762,2.505562006849456,2.5040442943573,2.4597549311985376,1.732257836727762,2.4926323890686035,1.765187382698059,ok,True,True,False,False,False,False
rosetta_fastrelax,FUT8,0,0.2957393678418655,3.4347057693012464,3.419934534191317,3.4277188777923584,0.2957393678418655,3.4347057693012464,0.2957393825054168,3.437476634979248,ok,False,False,False,False,False,False
rosetta_fastrelax,FUT8,1,0.4134951087466091,3.4390389181585808,3.419934534191317,3.4277188777923584,0.4134951087466091,3.4390389181585808,0.4134950935840606,3.4521026611328125,ok,False,False,False,False,False,False
rosetta_fastrelax,FUT8,2,0.2532225086883334,3.411767431844265,3.419934534191317,3.4277188777923584,0.2532225086883334,3.411767431844265,0.2532224953174591,3.4169182777404785,ok,False,False,False,False,False,False
rosetta_fastrelax,FUT8,3,0.304296321681804,3.432213001814545,3.419934534191317,3.4277188777923584,0.304296321681804,3.432213001814545,0.3042963147163391,3.4355506896972656,ok,False,False,False,False,False,False
rosetta_fastrelax,FUT8,4,0.4423415768861689,3.5072475992441268,3.419934534191317,3.4277188777923584,0.4423415768861689,3.5072475992441268,0.4423415958881378,3.506211042404175,ok,False,False,False,False,False,False
rosetta_fastrelax,FUT8,5,0.4772177311095949,3.4968915111077536,3.419934534191317,3.4277188777923584,0.4772177311095949,3.4968915111077536,0.4772177338600158,3.5239133834838867,ok,False,False,False,False,False,False
rosetta_fastrelax,FUT8,6,0.5425094027987194,3.527634470188973,3.419934534191317,3.4277188777923584,0.5425094027987194,3.527634470188973,0.5425094366073608,3.527846097946167,ok,False,False,False,False,False,False
rosetta_fastrelax,FUT8,7,0.46062769865526,3.475591240838439,3.419934534191317,3.4277188777923584,0.46062769865526,3.475591240838439,0.4606277048587799,3.5035765171051025,ok,False,False,False,False,False,False
rosetta_fastrelax,FUT8,8,0.4757980071574344,3.4612935446438318,3.419934534191317,3.4277188777923584,0.4757980071574344,3.4612935446438318,0.4757980704307556,3.4890501499176025,ok,False,False,False,False,False,False
rosetta_fastrelax,FUT8,9,0.2987228287138282,3.423488745171292,3.419934534191317,3.4277188777923584,0.2987228287138282,3.423488745171292,0.2987228035926819,3.427757501602173,ok,False,False,False,False,False,False
rosetta_fastrelax,FUT8,10,0.2619161190482013,3.4019112063026675,3.419934534191317,3.4277188777923584,0.2619161190482013,3.4019112063026675,0.2619161307811737,3.407333374023437,ok,False,False,False,False,False,False
rosetta_fastrelax,FUT8,11,0.4602154974724867,3.449645218915754,3.419934534191317,3.4277188777923584,0.4602154974724867,3.449645218915754,0.4602155089378357,3.479436159133911,ok,False,False,False,False,False,False
rosetta_fastrelax,FUT8,12,0.5605083059516714,3.546192588564448,3.419934534191317,3.4277188777923584,0.5605083059516714,3.546192588564448,0.5605083107948303,3.575535774230957,ok,False,False,False,False,False,False
rosetta_fastrelax,FUT8,13,0.3225813161471181,3.44878146296042,3.419934534191317,3.4277188777923584,0.3225813161471181,3.44878146296042,0.3225813508033752,3.4507064819335938,ok,False,False,False,False,False,False
rosetta_fastrelax,FUT8,14,0.3001224599475275,3.425106597862285,3.419934534191317,3.4277188777923584,0.3001224599475275,3.425106597862285,0.3001224398612976,3.430305004119873,ok,False,False,False,False,False,False
rosetta_fastrelax,FUT8,15,0.2837017138280179,3.39374078889986,3.419934534191317,3.4277188777923584,0.2837017138280179,3.39374078889986,0.2837017178535461,3.3934574127197266,ok,False,False,False,False,False,False
rosetta_fastrelax,FUT8,16,0.290932659178271,3.4686589532749754,3.419934534191317,3.4277188777923584,0.290932659178271,3.4686589532749754,0.2909326553344726,3.472367286682129,ok,False,False,False,False,False,False
rosetta_fastrelax,FUT8,17,0.5019407139007305,3.4439901996650177,3.419934534191317,3.4277188777923584,0.5019407139007305,3.4439901996650177,0.5019406676292419,3.4739718437194824,ok,False,False,False,False,False,False
rosetta_fastrelax,FUT8,18,0.3390938206549858,3.4498878336854464,3.419934534191317,3.4277188777923584,0.3390938206549858,3.4498878336854464,0.339093804359436,3.4568064212799072,ok,False,False,False,False,False,False
rosetta_fastrelax,FUT8,19,0.3632285363096187,3.5280379353260805,3.419934534191317,3.4277188777923584,0.3632285363096187,3.5280379353260805,0.3632285296916961,3.5287318229675293,ok,False,False,False,False,False,False
rosetta_fastrelax,FUT8,20,0.3524344669251207,3.389385264068216,3.419934534191317,3.4277188777923584,0.3524344669251207,3.389385264068216,0.3524344861507416,3.397731304168701,ok,False,False,False,False,False,False
rosetta_fastrelax,FUT8,21,0.4956043531749696,3.392102048153842,3.419934534191317,3.4277188777923584,0.4956043531749696,3.392102048153842,0.4956043362617492,3.4067440032958984,ok,False,False,False,False,False,False
rosetta_fastrelax,FUT8,22,0.3373108593271151,3.409242714598179,3.419934534191317,3.4277188777923584,0.3373108593271151,3.409242714598179,0.3373108506202698,3.4140727519989014,ok,False,False,False,False,False,False
rosetta_fastrelax,FUT8,23,0.5677022868269587,3.5008726394530405,3.419934534191317,3.4277188777923584,0.5677022868269587,3.5008726394530405,0.5677022933959961,3.530217409133911,ok,False,False,False,False,False,False
rosetta_fastrelax,FUT8,24,0.52748179766375,3.4458573110682766,3.419934534191317,3.4277188777923584,0.52748179766375,3.4458573110682766,0.5274817943572998,3.479175567626953,ok,False,False,False,False,False,False
rosetta_fastrelax,FUT8,25,0.3278626769856564,3.4810836345099627,3.419934534191317,3.4277188777923584,0.3278626769856564,3.4810836345099627,0.3278626799583435,3.492631196975708,ok,False,False,False,False,False,False
rosetta_fastrelax,FUT8,26,0.30373953686629,3.3764228890670323,3.419934534191317,3.4277188777923584,0.30373953686629,3.3764228890670323,0.3037395477294922,3.375814199447632,ok,False,False,False,False,False,False
rosetta_fastrelax,FUT8,27,0.2996681894134894,3.4587428689508566,3.419934534191317,3.4277188777923584,0.2996681894134894,3.4587428689508566,0.2996682226657867,3.463000059127808,ok,False,False,False,False,False,False
rosetta_fastrelax,FUT8,28,0.5563713996541443,3.5557791377662147,3.419934534191317,3.4277188777923584,0.5563713996541443,3.5557791377662147,0.5563713908195496,3.5797054767608643,ok,False,False,False,False,False,False
rosetta_fastrelax,FUT8,29,0.4775213231960795,3.451234583071597,3.419934534191317,3.4277188777923584,0.4775213231960795,3.451234583071597,0.4775213003158569,3.481015682220459,ok,False,False,False,False,False,False
rosetta_fastrelax,GLTP,0,0.3972261491495513,2.084799934201416,2.1410013181020275,2.1410975456237797,0.3972261491495513,2.084799934201416,0.3972261250019073,2.0848000049591064,ok,False,False,False,False,False,False
rosetta_fastrelax,GLTP,1,0.3544062205104641,2.057425064075751,2.1410013181020275,2.1410975456237797,0.3544062205104641,2.057425064075751,0.3544062674045563,2.057425022125244,ok,False,False,False,False,False,False
rosetta_fastrelax,GLTP,2,0.32226035977009,2.1339643429742674,2.1410013181020275,2.1410975456237797,0.32226035977009,2.1339643429742674,0.3222603499889374,2.13396430015564,ok,False,False,False,False,False,False
rosetta_fastrelax,GLTP,3,0.3839796630969814,2.091742323482852,2.1410013181020275,2.1410975456237797,0.3839796630969814,2.091742323482852,0.3839796781539917,2.0917422771453857,ok,False,False,False,False,False,False
rosetta_fastrelax,GLTP,4,0.3847447787269856,2.0925816488681765,2.1410013181020275,2.1410975456237797,0.3847447787269856,2.0925816488681765,0.3847447633743286,2.0925817489624023,ok,False,False,False,False,False,False
rosetta_fastrelax,GLTP,5,0.427595584444342,2.0996777036404484,2.1410013181020275,2.1410975456237797,0.427595584444342,2.0996777036404484,0.4275955855846405,2.099677801132202,ok,False,False,False,False,False,False
rosetta_fastrelax,GLTP,6,0.2903420406145798,2.07359379138424,2.1410013181020275,2.1410975456237797,0.2903420406145798,2.07359379138424,0.2903420329093933,2.073593616485596,ok,False,False,False,False,False,False
rosetta_fastrelax,GLTP,7,0.3496777011612891,2.123017579094701,2.1410013181020275,2.1410975456237797,0.3496777011612891,2.123017579094701,0.349677711725235,2.1230177879333496,ok,False,False,False,False,False,False
rosetta_fastrelax,GLTP,8,0.3287303328437017,2.1576331737459564,2.1410013181020275,2.1410975456237797,0.3287303328437017,2.1576331737459564,0.3287303149700165,2.157633066177368,ok,False,False,False,False,False,False
rosetta_fastrelax,GLTP,9,0.3842943344882592,2.118737869648728,2.1410013181020275,2.1410975456237797,0.3842943344882592,2.118737869648728,0.384294331073761,2.1187376976013184,ok,False,False,False,False,False,False
rosetta_fastrelax,GLTP,10,0.4405014419467114,2.1420584878514903,2.1410013181020275,2.1410975456237797,0.4405014419467114,2.1420584878514903,0.4405014514923095,2.1420586109161377,ok,False,False,False,False,False,False
rosetta_fastrelax,GLTP,11,0.3501657335688133,2.102438236645392,2.1410013181020275,2.1410975456237797,0.3501657335688133,2.102438236645392,0.3501657247543335,2.10243821144104,ok,False,False,False,False,False,False
rosetta_fastrelax,GLTP,12,0.4557025154487355,2.0533860673312936,2.1410013181020275,2.1410975456237797,0.4557025154487355,2.0533860673312936,0.4557024836540222,2.053386211395264,ok,False,False,False,False,False,False
rosetta_fastrelax,GLTP,13,0.4149635780941516,2.067946147990993,2.1410013181020275,2.1410975456237797,0.4149635780941516,2.067946147990993,0.4149635732173919,2.067946195602417,ok,False,False,False,False,False,False
rosetta_fastrelax,GLTP,14,0.3001212617880935,2.087962911695532,2.1410013181020275,2.1410975456237797,0.3001212617880935,2.087962911695532,0.3001212477684021,2.087962865829468,ok,False,False,False,False,False,False
rosetta_fastrelax,GLTP,15,0.3938527375342972,2.0025864855915207,2.1410013181020275,2.1410975456237797,0.3938527375342972,2.0025864855915207,0.3938527405261993,2.002586603164673,ok,False,False,False,False,False,False
rosetta_fastrelax,GLTP,16,0.3744343416639553,2.127088900556392,2.1410013181020275,2.1410975456237797,0.3744343416639553,2.127088900556392,0.3744343519210815,2.127088785171509,ok,False,False,False,False,False,False
rosetta_fastrelax,GLTP,17,0.3819029528765415,2.1117639647571127,2.1410013181020275,2.1410975456237797,0.3819029528765415,2.1117639647571127,0.3819029629230499,2.1117639541625977,ok,False,False,False,False,False,False
rosetta_fastrelax,GLTP,18,0.3625314901877846,2.0966139804517803,2.1410013181020275,2.1410975456237797,0.3625314901877846,2.0966139804517803,0.3625314831733703,2.096613883972168,ok,False,False,False,False,False,False
rosetta_fastrelax,GLTP,19,0.3676116744743095,2.0700003009131698,2.1410013181020275,2.1410975456237797,0.3676116744743095,2.0700003009131698,0.3676116466522217,2.070000410079956,ok,False,False,False,False,False,False
rosetta_fastrelax,GLTP,20,0.3390528967400625,2.036939022061081,2.1410013181020275,2.1410975456237797,0.3390528967400625,2.036939022061081,0.3390528857707977,2.036939144134521,ok,False,False,False,False,False,False
rosetta_fastrelax,GLTP,21,0.4915444798597158,2.118129384234513,2.1410013181020275,2.1410975456237797,0.4915444798597158,2.118129384234513,0.4915445148944855,2.1181294918060303,ok,False,False,False,False,False,False
rosetta_fastrelax,GLTP,22,0.3982854766129528,2.118836833783631,2.1410013181020275,2.1410975456237797,0.3982854766129528,2.118836833783631,0.3982855081558227,2.1188368797302246,ok,False,False,False,False,False,False
rosetta_fastrelax,GLTP,23,0.4965046999403352,1.9367801671976408,2.1410013181020275,2.1410975456237797,0.4965046999403352,1.9367801671976408,0.4965046942234039,1.9367800951004028,ok,False,False,False,False,False,False
rosetta_fastrelax,GLTP,24,0.3183797370379943,2.087157875951928,2.1410013181020275,2.1410975456237797,0.3183797370379943,2.087157875951928,0.3183797597885132,2.087157964706421,ok,False,False,False,False,False,False
rosetta_fastrelax,GLTP,25,0.3515265497079926,2.1225518566194115,2.1410013181020275,2.1410975456237797,0.3515265497079926,2.1225518566194115,0.3515265583992004,2.122551918029785,ok,False,False,False,False,False,False
rosetta_fastrelax,GLTP,26,0.3730105880223231,2.105042440500116,2.1410013181020275,2.1410975456237797,0.3730105880223231,2.105042440500116,0.3730105757713318,2.1050424575805664,ok,False,False,False,False,False,False
rosetta_fastrelax,GLTP,27,0.3574507854113835,2.084956979937187,2.1410013181020275,2.1410975456237797,0.3574507854113835,2.084956979937187,0.357450783252716,2.0849571228027344,ok,False,False,False,False,False,False
rosetta_fastrelax,GLTP,28,0.3697135451103551,2.0973154513414447,2.1410013181020275,2.1410975456237797,0.3697135451103551,2.0973154513414447,0.369713544845581,2.097315549850464,ok,False,False,False,False,False,False
rosetta_fastrelax,GLTP,29,0.3777597403329357,2.1201301638330032,2.1410013181020275,2.1410975456237797,0.3777597403329357,2.1201301638330032,0.3777597546577453,2.1201300621032715,ok,False,False,False,False,False,False
rosetta_fastrelax,HIF2alpha,0,2.9724519904226945,2.626412612034155,1.86542516135414,1.8654251098632808,2.9724519904226945,2.626412612034155,2.97245192527771,2.755462169647217,ok,False,False,False,False,False,False
rosetta_fastrelax,HIF2alpha,1,3.07846286079155,2.9033885436971154,1.86542516135414,1.8654251098632808,3.07846286079155,2.9033885436971154,3.078462600708008,3.020578145980835,ok,False,False,False,False,False,False
rosetta_fastrelax,HIF2alpha,2,2.585824995356304,2.4678803104468727,1.86542516135414,1.8654251098632808,2.585824995356304,2.4678803104468727,2.585824966430664,2.5795886516571045,ok,False,False,False,False,False,False
rosetta_fastrelax,HIF2alpha,3,2.552600252908289,2.4051123898285307,1.86542516135414,1.8654251098632808,2.552600252908289,2.4051123898285307,2.552600145339966,2.5205533504486084,ok,False,False,False,False,False,False
rosetta_fastrelax,HIF2alpha,4,1.844843997855687,1.232756550266929,1.86542516135414,1.8654251098632808,1.844843997855687,1.232756550266929,2.1229374408721924,1.2327566146850586,ok,True,True,True,True,False,False
rosetta_fastrelax,HIF2alpha,5,2.6066325402200743,2.450643916726322,1.86542516135414,1.8654251098632808,2.6066325402200743,2.450643916726322,2.6066324710845947,2.5663318634033203,ok,False,False,False,False,False,False
rosetta_fastrelax,HIF2alpha,6,1.633283799581625,1.2914397747972763,1.86542516135414,1.8654251098632808,1.633283799581625,1.2914397747972763,1.857250928878784,1.324451208114624,ok,True,True,True,True,False,False
rosetta_fastrelax,HIF2alpha,7,2.6190698639226384,2.504089803674434,1.86542516135414,1.8654251098632808,2.6190698639226384,2.504089803674434,2.619069814682007,2.6103131771087646,ok,False,False,False,False,False,False
rosetta_fastrelax,HIF2alpha,8,1.863936939116012,1.229914637001021,1.86542516135414,1.8654251098632808,1.863936939116012,1.229914637001021,2.1380765438079834,1.229914665222168,ok,True,True,True,True,False,False
rosetta_fastrelax,HIF2alpha,9,1.270053582617197,1.1369050795583917,1.86542516135414,1.8654251098632808,1.270053582617197,1.1369050795583917,1.270053505897522,1.176693558692932,ok,True,True,True,True,False,False
rosetta_fastrelax,HIF2alpha,10,2.4104701434912568,2.278738628132849,1.86542516135414,1.8654251098632808,2.4104701434912568,2.278738628132849,2.4104700088500977,2.381037712097168,ok,False,False,False,False,False,False
rosetta_fastrelax,HIF2alpha,11,2.365675865666804,2.530526747285423,1.86542516135414,1.8654251098632808,2.365675865666804,2.530526747285423,2.365675926208496,2.6460928916931152,ok,False,False,False,False,False,False
rosetta_fastrelax,HIF2alpha,12,1.5363123312509397,1.4023923165953205,1.86542516135414,1.8654251098632808,1.5363123312509397,1.4023923165953205,1.776866793632507,1.457428812980652,ok,True,True,True,True,False,False
rosetta_fastrelax,HIF2alpha,13,2.555366615092605,2.4346636710773493,1.86542516135414,1.8654251098632808,2.555366615092605,2.4346636710773493,2.5553667545318604,2.546246290206909,ok,False,False,False,False,False,False
rosetta_fastrelax,HIF2alpha,14,2.6334656541310544,2.497373875855257,1.86542516135414,1.8654251098632808,2.6334656541310544,2.497373875855257,2.6334657669067383,2.6099443435668945,ok,False,False,False,False,False,False
rosetta_fastrelax,HIF2alpha,15,1.828501315750077,1.1808673048101928,1.86542516135414,1.8654251098632808,1.828501315750077,1.1808673048101928,2.1092417240142822,1.1808674335479736,ok,True,True,True,True,False,False
rosetta_fastrelax,HIF2alpha,16,2.603744594702459,2.461483612554951,1.86542516135414,1.8654251098632808,2.603744594702459,2.461483612554951,2.603744506835937,2.5721540451049805,ok,False,False,False,False,False,False
rosetta_fastrelax,HIF2alpha,17,2.5106123640887126,2.359957602725334,1.86542516135414,1.8654251098632808,2.5106123640887126,2.359957602725334,2.5106124877929688,2.471994638442993,ok,False,False,False,False,False,False
rosetta_fastrelax,HIF2alpha,18,2.4312747351514,2.580119133070786,1.86542516135414,1.8654251098632808,2.4312747351514,2.580119133070786,2.431274890899658,2.6974282264709477,ok,False,False,False,False,False,False
rosetta_fastrelax,HIF2alpha,19,1.1992695397616029,1.1887884678919216,1.86542516135414,1.8654251098632808,1.1992695397616029,1.1887884678919216,1.1992696523666382,1.2219610214233398,ok,True,False,True,False,False,False
rosetta_fastrelax,HIF2alpha,20,2.579308111844917,2.429956135783442,1.86542516135414,1.8654251098632808,2.579308111844917,2.429956135783442,2.579308271408081,2.5434024333953857,ok,False,False,False,False,False,False
rosetta_fastrelax,HIF2alpha,21,2.480612752477372,2.356469302620262,1.86542516135414,1.8654251098632808,2.480612752477372,2.356469302620262,2.599940538406372,2.3564693927764893,ok,False,False,False,False,False,False
rosetta_fastrelax,HIF2alpha,22,2.5870339129964157,2.554952573358882,1.86542516135414,1.8654251098632808,2.5870339129964157,2.554952573358882,2.587033987045288,2.669944524765014,ok,False,False,False,False,False,False
rosetta_fastrelax,HIF2alpha,23,2.646743377611604,2.526310039303651,1.86542516135414,1.8654251098632808,2.646743377611604,2.526310039303651,2.6467435359954834,2.63327956199646,ok,False,False,False,False,False,False
rosetta_fastrelax,HIF2alpha,24,1.3148174766554377,1.2959125629502597,1.86542516135414,1.8654251098632808,1.3148174766554377,1.2959125629502597,1.3148174285888672,1.3477356433868408,ok,True,False,True,False,False,False
rosetta_fastrelax,HIF2alpha,25,2.6404916703311248,2.5339141974504504,1.86542516135414,1.8654251098632808,2.6404916703311248,2.5339141974504504,2.6404917240142822,2.6422786712646484,ok,False,False,False,False,False,False
rosetta_fastrelax,HIF2alpha,26,2.6326384645640197,2.514706251020958,1.86542516135414,1.8654251098632808,2.6326384645640197,2.514706251020958,2.632638454437256,2.623086452484131,ok,False,False,False,False,False,False
rosetta_fastrelax,HIF2alpha,27,2.567236082484517,2.415989068283769,1.86542516135414,1.8654251098632808,2.567236082484517,2.415989068283769,2.567235946655273,2.5334768295288086,ok,False,False,False,False,False,False
rosetta_fastrelax,HIF2alpha,28,2.623361025401125,2.48348456312703,1.86542516135414,1.8654251098632808,2.623361025401125,2.48348456312703,2.623361110687256,2.598314046859741,ok,False,False,False,False,False,False
rosetta_fastrelax,HIF2alpha,29,2.9316655287199143,2.724570775033972,1.86542516135414,1.8654251098632808,2.9316655287199143,2.724570775033972,3.065989255905152,2.842501640319824,ok,False,False,False,False,False,False
rosetta_fastrelax,HIF2alpha__6D0B,0,2.3662309840048783,2.2592633355723954,1.6729991744940291,1.7488830089569092,2.3662309840048783,2.2592633355723954,2.3662309646606445,2.347470283508301,ok,False,False,False,False,False,False
rosetta_fastrelax,HIF2alpha__6D0B,1,2.397674381911446,2.5137995323974693,1.6729991744940291,1.7488830089569092,2.397674381911446,2.5137995323974693,2.397674322128296,2.594409942626953,ok,False,False,False,False,False,False
rosetta_fastrelax,HIF2alpha__6D0B,2,1.9678839291881096,2.375446277650869,1.6729991744940291,1.7488830089569092,1.9678839291881096,2.375446277650869,1.9678839445114136,2.4465341567993164,ok,False,False,False,False,False,False
rosetta_fastrelax,HIF2alpha__6D0B,3,1.93086652103057,2.2952662338352225,1.6729991744940291,1.7488830089569092,1.93086652103057,2.2952662338352225,1.9308665990829468,2.368803024291992,ok,False,False,False,False,False,False
rosetta_fastrelax,HIF2alpha__6D0B,4,1.423416097741677,1.4468880728253315,1.6729991744940291,1.7488830089569092,1.423416097741677,1.4468880728253315,1.6206812858581543,1.4468882083892822,ok,False,True,False,True,False,False
rosetta_fastrelax,HIF2alpha__6D0B,5,1.9927421455044765,2.3993985674800458,1.6729991744940291,1.7488830089569092,1.9927421455044765,2.3993985674800458,1.99274218082428,2.470921039581299,ok,False,False,False,False,False,False
rosetta_fastrelax,HIF2alpha__6D0B,6,1.285337162908083,1.505677143698187,1.6729991744940291,1.7488830089569092,1.285337162908083,1.505677143698187,1.4408762454986572,1.5184800624847412,ok,False,False,False,False,False,False
rosetta_fastrelax,HIF2alpha__6D0B,7,1.9897883765143936,2.401628237432833,1.6729991744940291,1.7488830089569092,1.9897883765143936,2.401628237432833,1.989788293838501,2.4699156284332275,ok,False,False,False,False,False,False
rosetta_fastrelax,HIF2alpha__6D0B,8,1.4069494447436026,1.49771018526989,1.6729991744940291,1.7488830089569092,1.4069494447436026,1.49771018526989,1.6051654815673828,1.4977102279663086,ok,False,True,False,True,False,False
rosetta_fastrelax,HIF2alpha__6D0B,9,1.0536164999321294,1.6371989181418616,1.6729991744940291,1.7488830089569092,1.0536164999321294,1.6371989181418616,1.0536165237426758,1.6501628160476685,ok,False,False,False,False,False,False
rosetta_fastrelax,HIF2alpha__6D0B,10,1.8373213284216647,2.281156234746107,1.6729991744940291,1.7488830089569092,1.8373213284216647,2.281156234746107,1.8373212814331052,2.34568452835083,ok,False,False,False,False,False,False
rosetta_fastrelax,HIF2alpha__6D0B,11,1.8577749149399685,2.286244139911647,1.6729991744940291,1.7488830089569092,1.8577749149399685,2.286244139911647,1.85777485370636,2.4070074558258057,ok,False,False,False,False,False,False
rosetta_fastrelax,HIF2alpha__6D0B,12,1.2324023944806524,1.5156258103697118,1.6729991744940291,1.7488830089569092,1.2324023944806524,1.5156258103697118,1.3969378471374512,1.541147232055664,ok,False,False,False,False,False,False
rosetta_fastrelax,HIF2alpha__6D0B,13,1.9459707876326733,2.329167410208885,1.6729991744940291,1.7488830089569092,1.9459707876326733,2.329167410208885,1.945970892906189,2.4006683826446533,ok,False,False,False,False,False,False
rosetta_fastrelax,HIF2alpha__6D0B,14,2.072154321275256,2.462670229719888,1.6729991744940291,1.7488830089569092,2.072154321275256,2.462670229719888,2.07215428352356,2.532055616378784,ok,False,False,False,False,False,False
rosetta_fastrelax,HIF2alpha__6D0B,15,1.4931151363178083,1.45967177530172,1.6729991744940291,1.7488830089569092,1.4931151363178083,1.45967177530172,1.6820249557495115,1.4596717357635498,ok,True,True,True,True,False,False
rosetta_fastrelax,HIF2alpha__6D0B,16,1.9967023899617653,2.417842750218889,1.6729991744940291,1.7488830089569092,1.9967023899617653,2.417842750218889,1.9967024326324463,2.486886978149414,ok,False,False,False,False,False,False
rosetta_fastrelax,HIF2alpha__6D0B,17,1.9211864285815523,2.3349329473179927,1.6729991744940291,1.7488830089569092,1.9211864285815523,2.3349329473179927,1.921186447143555,2.404639482498169,ok,False,False,False,False,False,False
rosetta_fastrelax,HIF2alpha__6D0B,18,1.8715412374391245,2.359401530484679,1.6729991744940291,1.7488830089569092,1.8715412374391245,2.359401530484679,1.8715412616729736,2.480822324752808,ok,False,False,False,False,False,False
rosetta_fastrelax,HIF2alpha__6D0B,19,0.9983534876671164,1.4285967386984368,1.6729991744940291,1.7488830089569092,0.9983534876671164,1.4285967386984368,0.9983534812927246,1.4409340620040894,ok,False,False,False,False,False,False
rosetta_fastrelax,HIF2alpha__6D0B,20,1.9553419156980216,2.3722809188699485,1.6729991744940291,1.7488830089569092,1.9553419156980216,2.3722809188699485,1.955341935157776,2.443256139755249,ok,False,False,False,False,False,False
rosetta_fastrelax,HIF2alpha__6D0B,21,1.8775348204009097,2.1553702521965388,1.6729991744940291,1.7488830089569092,1.8775348204009097,2.1553702521965388,1.9638168811798096,2.1553702354431152,ok,False,False,False,False,False,False
rosetta_fastrelax,HIF2alpha__6D0B,22,1.949880046144972,2.221292157083323,1.6729991744940291,1.7488830089569092,1.949880046144972,2.221292157083323,1.9498800039291384,2.300486326217652,ok,False,False,False,False,False,False
rosetta_fastrelax,HIF2alpha__6D0B,23,2.0081681012078243,2.4379040398771585,1.6729991744940291,1.7488830089569092,2.0081681012078243,2.4379040398771585,2.0081682205200195,2.506022930145264,ok,False,False,False,False,False,False
rosetta_fastrelax,HIF2alpha__6D0B,24,1.0543860059146166,1.7431140358532164,1.6729991744940291,1.7488830089569092,1.0543860059146166,1.7431140358532164,1.054386019706726,1.7613738775253296,ok,False,False,False,False,False,False
rosetta_fastrelax,HIF2alpha__6D0B,25,2.016303805033401,2.4585820832894787,1.6729991744940291,1.7488830089569092,2.016303805033401,2.4585820832894787,2.016303777694702,2.526968479156494,ok,False,False,False,False,False,False
rosetta_fastrelax,HIF2alpha__6D0B,26,2.1128622015752963,2.310091612539387,1.6729991744940291,1.7488830089569092,2.1128622015752963,2.310091612539387,2.1128621101379395,2.3823821544647217,ok,False,False,False,False,False,False
rosetta_fastrelax,HIF2alpha__6D0B,27,1.9551297375780767,2.398420287674749,1.6729991744940291,1.7488830089569092,1.9551297375780767,2.398420287674749,1.9551297426223757,2.470076084136963,ok,False,False,False,False,False,False
rosetta_fastrelax,HIF2alpha__6D0B,28,2.026730264013967,2.384451468583943,1.6729991744940291,1.7488830089569092,2.026730264013967,2.384451468583943,2.026730298995972,2.4569196701049805,ok,False,False,False,False,False,False
rosetta_fastrelax,HIF2alpha__6D0B,29,2.228808199447226,2.4694495166676584,1.6729991744940291,1.7488830089569092,2.228808199447226,2.4694495166676584,2.3249847888946533,2.5478076934814453,ok,False,False,False,False,False,False
rosetta_fastrelax,HIV1_CA,0,0.9304590451944164,1.5577518119286535,1.3207135415934947,1.3453065156936646,0.9304590451944164,1.5577518119286535,0.9304590821266174,1.58747136592865,ok,False,False,False,False,False,False
rosetta_fastrelax,HIV1_CA,1,1.150744772433146,1.6364941459313034,1.3207135415934947,1.3453065156936646,1.150744772433146,1.6364941459313034,1.1507447957992554,1.6672885417938232,ok,False,False,False,False,False,False
rosetta_fastrelax,HIV1_CA,2,1.1465451428239313,1.6150931425106891,1.3207135415934947,1.3453065156936646,1.1465451428239313,1.6150931425106891,1.1465450525283811,1.646925449371338,ok,False,False,False,False,False,False
rosetta_fastrelax,HIV1_CA,3,1.065769177599475,1.5707868763119102,1.3207135415934947,1.3453065156936646,1.065769177599475,1.5707868763119102,1.0657691955566406,1.6016137599945068,ok,False,False,False,False,False,False
rosetta_fastrelax,HIV1_CA,4,0.9439817928490872,1.5650265759590527,1.3207135415934947,1.3453065156936646,0.9439817928490872,1.5650265759590527,0.9439817667007446,1.5963001251220703,ok,False,False,False,False,False,False
rosetta_fastrelax,HIV1_CA,5,1.0799812394541726,1.5592824401770058,1.3207135415934947,1.3453065156936646,1.0799812394541726,1.5592824401770058,1.0799812078475952,1.5914548635482788,ok,False,False,False,False,False,False
rosetta_fastrelax,HIV1_CA,6,1.0376904191581615,1.5196269576422583,1.3207135415934947,1.3453065156936646,1.0376904191581615,1.5196269576422583,1.0376904010772705,1.548308253288269,ok,False,False,False,False,False,False
rosetta_fastrelax,HIV1_CA,7,1.057307025566104,1.6030493804566517,1.3207135415934947,1.3453065156936646,1.057307025566104,1.6030493804566517,1.0573070049285889,1.633837342262268,ok,False,False,False,False,False,False
rosetta_fastrelax,HIV1_CA,8,0.7427498989949015,1.4067787024249534,1.3207135415934947,1.3453065156936646,0.7427498989949015,1.4067787024249534,0.7427498698234558,1.422424554824829,ok,False,False,False,False,False,False
rosetta_fastrelax,HIV1_CA,9,1.0033820631332715,1.5881838869849365,1.3207135415934947,1.3453065156936646,1.0033820631332715,1.5881838869849365,1.0033820867538452,1.618916392326355,ok,False,False,False,False,False,False
rosetta_fastrelax,HIV1_CA,10,0.8635466001436416,1.4735326253299992,1.3207135415934947,1.3453065156936646,0.8635466001436416,1.4735326253299992,0.86354660987854,1.4864978790283203,ok,False,False,False,False,False,False
rosetta_fastrelax,HIV1_CA,11,0.741717273257189,1.3001554738510683,1.3207135415934947,1.3453065156936646,0.741717273257189,1.3001554738510683,0.7417172193527222,1.3193427324295044,ok,False,False,False,False,False,False
rosetta_fastrelax,HIV1_CA,12,1.0689029368532452,1.656063301232087,1.3207135415934947,1.3453065156936646,1.0689029368532452,1.656063301232087,1.0689030885696411,1.6846691370010376,ok,False,False,False,False,False,False
rosetta_fastrelax,HIV1_CA,13,1.1306617870195526,1.706109685411061,1.3207135415934947,1.3453065156936646,1.1306617870195526,1.706109685411061,1.1306618452072144,1.7355642318725586,ok,False,False,False,False,False,False
rosetta_fastrelax,HIV1_CA,14,0.9643292207002768,1.5647812191184374,1.3207135415934947,1.3453065156936646,0.9643292207002768,1.5647812191184374,0.964329183101654,1.5955578088760376,ok,False,False,False,False,False,False
rosetta_fastrelax,HIV1_CA,15,1.054978783340408,1.6407783880635547,1.3207135415934947,1.3453065156936646,1.054978783340408,1.6407783880635547,1.054978847503662,1.6710716485977173,ok,False,False,False,False,False,False
rosetta_fastrelax,HIV1_CA,16,0.956148338038916,1.5304370028041905,1.3207135415934947,1.3453065156936646,0.956148338038916,1.5304370028041905,0.9561482667922974,1.559830665588379,ok,False,False,False,False,False,False
rosetta_fastrelax,HIV1_CA,17,0.9112420106946618,1.569689743692162,1.3207135415934947,1.3453065156936646,0.9112420106946618,1.569689743692162,0.9112420678138732,1.5696896314620972,ok,False,False,False,False,False,False
rosetta_fastrelax,HIV1_CA,18,0.9606802440083586,1.5656085140589555,1.3207135415934947,1.3453065156936646,0.9606802440083586,1.5656085140589555,0.9606801867485046,1.595596194267273,ok,False,False,False,False,False,False
rosetta_fastrelax,HIV1_CA,19,0.9564925911773704,1.5483073785835464,1.3207135415934947,1.3453065156936646,0.9564925911773704,1.5483073785835464,0.95649254322052,1.577669978141785,ok,False,False,False,False,False,False
rosetta_fastrelax,HIV1_CA,20,0.986183993611696,1.566121562519784,1.3207135415934947,1.3453065156936646,0.986183993611696,1.566121562519784,0.9861840009689332,1.596197247505188,ok,False,False,False,False,False,False
rosetta_fastrelax,HIV1_CA,21,1.01474281535425,1.6256429427350905,1.3207135415934947,1.3453065156936646,1.01474281535425,1.6256429427350905,1.014742732048035,1.656279444694519,ok,False,False,False,False,False,False
rosetta_fastrelax,HIV1_CA,22,0.9876972763299816,1.556797182981742,1.3207135415934947,1.3453065156936646,0.9876972763299816,1.556797182981742,0.9876973628997804,1.5870288610458374,ok,False,False,False,False,False,False
rosetta_fastrelax,HIV1_CA,23,0.957352163612221,1.54903222912333,1.3207135415934947,1.3453065156936646,0.957352163612221,1.54903222912333,0.957352101802826,1.5767757892608645,ok,False,False,False,False,False,False
rosetta_fastrelax,HIV1_CA,24,0.9482431652912198,1.5617953428156253,1.3207135415934947,1.3453065156936646,0.9482431652912198,1.5617953428156253,0.9482432007789612,1.59228777885437,ok,False,False,False,False,False,False
rosetta_fastrelax,HIV1_CA,25,0.9523825333218848,1.5834791718627428,1.3207135415934947,1.3453065156936646,0.9523825333218848,1.5834791718627428,0.952382504940033,1.6143122911453247,ok,False,False,False,False,False,False
rosetta_fastrelax,HIV1_CA,26,0.9241121378417654,1.5271393145075016,1.3207135415934947,1.3453065156936646,0.9241121378417654,1.5271393145075016,0.9241121411323548,1.555606484413147,ok,False,False,False,False,False,False
rosetta_fastrelax,HIV1_CA,27,1.2836568498931962,1.900682389262882,1.3207135415934947,1.3453065156936646,1.2836568498931962,1.900682389262882,1.2836567163467407,1.9258979558944704,ok,False,False,False,False,False,False
rosetta_fastrelax,HIV1_CA,28,1.0264107029210887,1.5655496294462805,1.3207135415934947,1.3453065156936646,1.0264107029210887,1.5655496294462805,1.026410698890686,1.595770239830017,ok,False,False,False,False,False,False
rosetta_fastrelax,HIV1_CA,29,0.955720019664874,1.5830076451543027,1.3207135415934947,1.3453065156936646,0.955720019664874,1.5830076451543027,0.9557199478149414,1.612594485282898,ok,False,False,False,False,False,False
rosetta_fastrelax,HIV_RT,0,1.2635492934311492,3.167411075245864,3.055562157269878,3.073980569839477,1.2635492934311492,3.167411075245864,1.2820591926574707,3.167411088943481,ok,False,False,False,False,False,False
rosetta_fastrelax,HIV_RT,1,1.539011788527271,3.062599655059899,3.055562157269878,3.073980569839477,1.539011788527271,3.062599655059899,1.539011836051941,3.070352792739868,ok,False,False,False,False,False,False
rosetta_fastrelax,HIV_RT,2,1.5335770438855307,3.1156034789844096,3.055562157269878,3.073980569839477,1.5335770438855307,3.1156034789844096,1.5335770845413208,3.1212947368621826,ok,False,False,False,False,False,False
rosetta_fastrelax,HIV_RT,3,1.6056955835661355,3.114666475502152,3.055562157269878,3.073980569839477,1.6056955835661355,3.114666475502152,1.6056956052780151,3.121870279312134,ok,False,False,False,False,False,False
rosetta_fastrelax,HIV_RT,4,1.1897775958718404,3.132593404385384,3.055562157269878,3.073980569839477,1.1897775958718404,3.132593404385384,1.2078090906143188,3.1325933933258057,ok,False,False,False,False,False,False
rosetta_fastrelax,HIV_RT,5,1.527106139632744,3.0627013132699497,3.055562157269878,3.073980569839477,1.527106139632744,3.0627013132699497,1.5271060466766355,3.071029663085937,ok,False,False,False,False,False,False
rosetta_fastrelax,HIV_RT,6,1.493042221172648,3.1188759214888115,3.055562157269878,3.073980569839477,1.493042221172648,3.1188759214888115,1.493042230606079,3.126660823822021,ok,False,False,False,False,False,False
rosetta_fastrelax,HIV_RT,7,1.5186790429256671,3.222585097179555,3.055562157269878,3.073980569839477,1.5186790429256671,3.222585097179555,1.518679141998291,3.2617249488830566,ok,False,False,False,False,False,False
rosetta_fastrelax,HIV_RT,8,1.1119035263237649,3.146300022441688,3.055562157269878,3.073980569839477,1.1119035263237649,3.146300022441688,1.1233383417129517,3.1462998390197754,ok,False,False,False,False,False,False
rosetta_fastrelax,HIV_RT,9,1.4708481220745884,3.165848544402101,3.055562157269878,3.073980569839477,1.4708481220745884,3.165848544402101,1.4708480834960938,3.17378044128418,ok,False,False,False,False,False,False
rosetta_fastrelax,HIV_RT,10,1.6987616990090504,3.1581585017837144,3.055562157269878,3.073980569839477,1.6987616990090504,3.1581585017837144,1.6987617015838623,3.1646597385406494,ok,False,False,False,False,False,False
rosetta_fastrelax,HIV_RT,11,1.561179189618911,3.169224310411695,3.055562157269878,3.073980569839477,1.561179189618911,3.169224310411695,1.561179280281067,3.176551342010498,ok,False,False,False,False,False,False
rosetta_fastrelax,HIV_RT,12,1.2502775166154738,3.090978816220932,3.055562157269878,3.073980569839477,1.2502775166154738,3.090978816220932,1.2662501335144043,3.0910701751708984,ok,False,False,False,False,False,False
rosetta_fastrelax,HIV_RT,13,1.5703361613417517,3.0993817174292158,3.055562157269878,3.073980569839477,1.5703361613417517,3.0993817174292158,1.5703362226486206,3.10705041885376,ok,False,False,False,False,False,False
rosetta_fastrelax,HIV_RT,14,1.2785176163698444,3.1386017913726243,3.055562157269878,3.073980569839477,1.2785176163698444,3.1386017913726243,1.2945623397827148,3.138601779937744,ok,False,False,False,False,False,False
rosetta_fastrelax,HIV_RT,15,1.552099850242704,3.084894064481617,3.055562157269878,3.073980569839477,1.552099850242704,3.084894064481617,1.5520997047424316,3.092331647872925,ok,False,False,False,False,False,False
rosetta_fastrelax,HIV_RT,16,1.5521299515657785,3.195440106151802,3.055562157269878,3.073980569839477,1.5521299515657785,3.195440106151802,1.5521299839019775,3.2012882232666016,ok,False,False,False,False,False,False
rosetta_fastrelax,HIV_RT,17,1.3373698183991896,3.07051752779377,3.055562157269878,3.073980569839477,1.3373698183991896,3.07051752779377,1.3347578048706057,3.070517539978028,ok,False,False,False,False,False,False
rosetta_fastrelax,HIV_RT,18,1.7063538154164988,3.199638334081289,3.055562157269878,3.073980569839477,1.7063538154164988,3.199638334081289,1.7063536643981934,3.205832004547119,ok,False,False,False,False,False,False
rosetta_fastrelax,HIV_RT,19,1.2289488944102305,3.163161777260153,3.055562157269878,3.073980569839477,1.2289488944102305,3.163161777260153,1.244781732559204,3.1805102825164795,ok,False,False,False,False,False,False
rosetta_fastrelax,HIV_RT,20,1.2762276881193866,2.965241441649822,3.055562157269878,3.073980569839477,1.2762276881193866,2.965241441649822,1.2920279502868652,2.965663194656372,ok,False,False,False,False,False,False
rosetta_fastrelax,HIV_RT,21,1.1216173446920672,3.054976347623584,3.055562157269878,3.073980569839477,1.1216173446920672,3.054976347623584,1.1360821723937988,3.057366371154785,ok,False,False,False,False,False,False
rosetta_fastrelax,HIV_RT,22,1.4948855004584407,3.121924425680112,3.055562157269878,3.073980569839477,1.4948855004584407,3.121924425680112,1.4948854446411133,3.1294376850128174,ok,False,False,False,False,False,False
rosetta_fastrelax,HIV_RT,23,1.265383349132198,3.076929790926469,3.055562157269878,3.073980569839477,1.265383349132198,3.076929790926469,1.282938003540039,3.077249050140381,ok,False,False,False,False,False,False
rosetta_fastrelax,HIV_RT,24,1.309261938527732,3.1100158777715574,3.055562157269878,3.073980569839477,1.309261938527732,3.1100158777715574,1.3240492343902588,3.110442638397217,ok,False,False,False,False,False,False
rosetta_fastrelax,HIV_RT,25,1.1544111330127966,3.1452215126791865,3.055562157269878,3.073980569839477,1.1544111330127966,3.1452215126791865,1.1737163066864014,3.145221471786499,ok,False,False,False,False,False,False
rosetta_fastrelax,HIV_RT,26,1.5603689864223094,3.090438811808771,3.055562157269878,3.073980569839477,1.5603689864223094,3.090438811808771,1.560368895530701,3.098504543304444,ok,False,False,False,False,False,False
rosetta_fastrelax,HIV_RT,27,1.3351375960029714,3.0362479064039425,3.055562157269878,3.073980569839477,1.3351375960029714,3.0362479064039425,1.3516900539398191,3.0367605686187744,ok,False,False,False,False,False,False
rosetta_fastrelax,HIV_RT,28,1.649034706911978,3.255090580977125,3.055562157269878,3.073980569839477,1.649034706911978,3.255090580977125,1.6490347385406494,3.2618565559387207,ok,False,False,False,False,False,False
rosetta_fastrelax,HIV_RT,29,1.453066848154864,3.130251356869282,3.055562157269878,3.073980569839477,1.453066848154864,3.130251356869282,1.4530668258666992,3.136535406112671,ok,False,False,False,False,False,False
rosetta_fastrelax,HIV_RT__3V81,0,1.1552612118986103,3.087173427999016,3.0896312117090363,3.0896313190460205,1.1552612118986103,3.087173427999016,1.1552612781524658,3.0861799716949463,ok,False,False,False,False,False,False
rosetta_fastrelax,HIV_RT__3V81,1,1.207299698763914,3.0954834943952285,3.0896312117090363,3.0896313190460205,1.207299698763914,3.0954834943952285,1.1990997791290283,3.094090223312378,ok,False,False,False,False,False,False
rosetta_fastrelax,HIV_RT__3V81,2,1.1301878372431615,3.158104671493936,3.0896312117090363,3.0896313190460205,1.1301878372431615,3.158104671493936,1.1301878690719604,3.1577916145324707,ok,False,False,False,False,False,False
rosetta_fastrelax,HIV_RT__3V81,3,1.20287859208103,3.0873440669323973,3.0896312117090363,3.0896313190460205,1.20287859208103,3.0873440669323973,1.2028785943984983,3.085831880569458,ok,False,False,False,False,False,False
rosetta_fastrelax,HIV_RT__3V81,4,1.0493277189671726,3.0525333931816165,3.0896312117090363,3.0896313190460205,1.0493277189671726,3.0525333931816165,1.049327731132507,3.051316261291504,ok,False,False,False,False,False,False
rosetta_fastrelax,HIV_RT__3V81,5,1.4694540906240203,3.265206105526128,3.0896312117090363,3.0896313190460205,1.4694540906240203,3.265206105526128,1.469454050064087,3.263293981552124,ok,False,False,False,False,False,False
rosetta_fastrelax,HIV_RT__3V81,6,1.0830656917615913,3.0392908069192592,3.0896312117090363,3.0896313190460205,1.0830656917615913,3.0392908069192592,1.0830657482147217,3.0385687351226807,ok,False,False,False,False,False,False
rosetta_fastrelax,HIV_RT__3V81,7,1.1129573355777207,3.068223676813417,3.0896312117090363,3.0896313190460205,1.1129573355777207,3.068223676813417,1.1129573583602903,3.0673482418060303,ok,False,False,False,False,False,False
rosetta_fastrelax,HIV_RT__3V81,8,1.159142618844826,3.116201966949997,3.0896312117090363,3.0896313190460205,1.159142618844826,3.116201966949997,1.1591426134109497,3.115464448928833,ok,False,False,False,False,False,False
rosetta_fastrelax,HIV_RT__3V81,9,1.1211244543389374,3.090248656348458,3.0896312117090363,3.0896313190460205,1.1211244543389374,3.090248656348458,1.121124505996704,3.08899474143982,ok,False,False,False,False,False,False
rosetta_fastrelax,HIV_RT__3V81,10,1.2195624545316872,3.008889480413924,3.0896312117090363,3.0896313190460205,1.2195624545316872,3.008889480413924,1.2195624113082886,2.9983575344085693,ok,False,False,False,False,False,False
rosetta_fastrelax,HIV_RT__3V81,11,1.134342905090822,3.064242196361764,3.0896312117090363,3.0896313190460205,1.134342905090822,3.064242196361764,1.134342908859253,3.062965154647827,ok,False,False,False,False,False,False
rosetta_fastrelax,HIV_RT__3V81,12,1.1570012640784335,2.962686655609492,3.0896312117090363,3.0896313190460205,1.1570012640784335,2.962686655609492,1.157001256942749,2.9613940715789795,ok,False,False,False,False,False,False
rosetta_fastrelax,HIV_RT__3V81,13,1.1480236812381373,3.158009576385072,3.0896312117090363,3.0896313190460205,1.1480236812381373,3.158009576385072,1.1480237245559692,3.1565403938293457,ok,False,False,False,False,False,False
rosetta_fastrelax,HIV_RT__3V81,14,1.0824693353554564,3.0516336829094124,3.0896312117090363,3.0896313190460205,1.0824693353554564,3.0516336829094124,1.0824693441390991,3.050828456878662,ok,False,False,False,False,False,False
rosetta_fastrelax,HIV_RT__3V81,15,1.039695553064074,3.083541814962677,3.0896312117090363,3.0896313190460205,1.039695553064074,3.083541814962677,1.0396955013275146,3.0826175212860107,ok,False,False,False,False,False,False
rosetta_fastrelax,HIV_RT__3V81,16,1.133354364852008,3.1131250104591017,3.0896312117090363,3.0896313190460205,1.133354364852008,3.1131250104591017,1.1333543062210083,3.1124184131622314,ok,False,False,False,False,False,False
rosetta_fastrelax,HIV_RT__3V81,17,1.2122708665333075,3.1256495533687065,3.0896312117090363,3.0896313190460205,1.2122708665333075,3.1256495533687065,1.2122708559036257,3.124938726425171,ok,False,False,False,False,False,False
rosetta_fastrelax,HIV_RT__3V81,18,1.174639826543016,3.1068351026702,3.0896312117090363,3.0896313190460205,1.174639826543016,3.1068351026702,1.1746398210525513,3.1051013469696045,ok,False,False,False,False,False,False
rosetta_fastrelax,HIV_RT__3V81,19,1.108355348735363,3.1098699108899703,3.0896312117090363,3.0896313190460205,1.108355348735363,3.1098699108899703,1.1083554029464722,3.1086528301239014,ok,False,False,False,False,False,False
rosetta_fastrelax,HIV_RT__3V81,20,1.0980034156860694,3.053091923007006,3.0896312117090363,3.0896313190460205,1.0980034156860694,3.053091923007006,1.0980035066604614,3.052295207977295,ok,False,False,False,False,False,False
rosetta_fastrelax,HIV_RT__3V81,21,1.0882495192081576,3.047246450459673,3.0896312117090363,3.0896313190460205,1.0882495192081576,3.047246450459673,1.0882495641708374,3.0465941429138184,ok,False,False,False,False,False,False
rosetta_fastrelax,HIV_RT__3V81,22,1.1535026044302594,3.116419132746524,3.0896312117090363,3.0896313190460205,1.1535026044302594,3.116419132746524,1.1535025835037231,3.114187717437744,ok,False,False,False,False,False,False
rosetta_fastrelax,HIV_RT__3V81,23,1.0655596181454805,3.0389107583188792,3.0896312117090363,3.0896313190460205,1.0655596181454805,3.0389107583188792,1.0655596256256104,3.0379867553710938,ok,False,False,False,False,False,False
rosetta_fastrelax,HIV_RT__3V81,24,1.1961453316685284,3.135713346511924,3.0896312117090363,3.0896313190460205,1.1961453316685284,3.135713346511924,1.1961452960968018,3.132660388946533,ok,False,False,False,False,False,False
rosetta_fastrelax,HIV_RT__3V81,25,1.0592199210891229,3.030905566928319,3.0896312117090363,3.0896313190460205,1.0592199210891229,3.030905566928319,1.0592198371887207,3.0300331115722656,ok,False,False,False,False,False,False
rosetta_fastrelax,HIV_RT__3V81,26,1.2627202006228808,3.079093329182968,3.0896312117090363,3.0896313190460205,1.2627202006228808,3.079093329182968,1.262720227241516,3.087193489074707,ok,False,False,False,False,False,False
rosetta_fastrelax,HIV_RT__3V81,27,1.20782697175715,3.120291566712824,3.0896312117090363,3.0896313190460205,1.20782697175715,3.120291566712824,1.2078269720077517,3.119079828262329,ok,False,False,False,False,False,False
rosetta_fastrelax,HIV_RT__3V81,28,1.0513331114320612,3.0231409637207647,3.0896312117090363,3.0896313190460205,1.0513331114320612,3.0231409637207647,1.05133318901062,3.022362232208252,ok,False,False,False,False,False,False
rosetta_fastrelax,HIV_RT__3V81,29,1.2624197848967789,3.056366861692496,3.0896312117090363,3.0896313190460205,1.2624197848967789,3.056366861692496,1.2624197006225586,3.054672718048096,ok,False,False,False,False,False,False
rosetta_fastrelax,KRAS,0,2.16552559459881,3.742655339354352,3.742426159251105,3.743377208709717,2.16552559459881,3.742655339354352,2.1999244689941406,3.766854047775269,ok,False,False,False,False,False,False
rosetta_fastrelax,KRAS,1,1.906836652621668,3.931780995282344,3.742426159251105,3.743377208709717,1.906836652621668,3.931780995282344,1.906836748123169,3.93827223777771,ok,False,False,False,False,False,False
rosetta_fastrelax,KRAS,2,1.4658951831896938,4.097399556507826,3.742426159251105,3.743377208709717,1.4658951831896938,4.097399556507826,1.4732213020324707,4.102000236511231,ok,False,False,False,False,False,False
rosetta_fastrelax,KRAS,3,2.27199068721434,3.7187324656252487,3.742426159251105,3.743377208709717,2.27199068721434,3.7187324656252487,2.3076000213623047,3.743267774581909,ok,False,False,False,False,False,False
rosetta_fastrelax,KRAS,4,1.7039841933135296,3.887299114762372,3.742426159251105,3.743377208709717,1.7039841933135296,3.887299114762372,1.7039841413497925,3.8928730487823486,ok,False,False,False,False,False,False
rosetta_fastrelax,KRAS,5,1.8516257085930723,3.926895639718857,3.742426159251105,3.743377208709717,1.8516257085930723,3.926895639718857,1.851625680923462,3.932669162750244,ok,False,False,False,False,False,False
rosetta_fastrelax,KRAS,6,2.011487809692317,4.066247816953295,3.742426159251105,3.743377208709717,2.011487809692317,4.066247816953295,2.0114877223968506,4.072788238525391,ok,False,False,False,False,False,False
rosetta_fastrelax,KRAS,7,2.29054333747397,3.596472202177293,3.742426159251105,3.743377208709717,2.29054333747397,3.596472202177293,2.322747707366944,3.608655214309693,ok,False,False,False,False,False,False
rosetta_fastrelax,KRAS,8,2.361644459309853,3.629276663479281,3.742426159251105,3.743377208709717,2.361644459309853,3.629276663479281,2.3928864002227783,3.648622989654541,ok,False,False,False,False,False,False
rosetta_fastrelax,KRAS,9,2.475630094296155,3.2206339852443704,3.742426159251105,3.743377208709717,2.475630094296155,3.2206339852443704,2.5373289585113525,3.2353193759918213,ok,False,False,False,False,False,False
rosetta_fastrelax,KRAS,10,2.3221362906939014,3.489975448602711,3.742426159251105,3.743377208709717,2.3221362906939014,3.489975448602711,2.400156259536743,3.5084805488586426,ok,False,False,False,False,False,False
rosetta_fastrelax,KRAS,11,2.0935673476638623,3.9780366803388207,3.742426159251105,3.743377208709717,2.0935673476638623,3.9780366803388207,2.1686458587646484,3.989853620529175,ok,False,False,False,False,False,False
rosetta_fastrelax,KRAS,12,1.7821625299007369,4.009278600507769,3.742426159251105,3.743377208709717,1.7821625299007369,4.009278600507769,1.7821626663208008,4.015107154846191,ok,False,False,False,False,False,False
rosetta_fastrelax,KRAS,13,2.1607322553521784,3.750112633961263,3.742426159251105,3.743377208709717,2.1607322553521784,3.750112633961263,2.195408821105957,3.771624803543091,ok,False,False,False,False,False,False
rosetta_fastrelax,KRAS,14,2.248831459699229,3.629878322057053,3.742426159251105,3.743377208709717,2.248831459699229,3.629878322057053,2.281388759613037,3.657236576080322,ok,False,False,False,False,False,False
rosetta_fastrelax,KRAS,15,1.6569559264038891,4.270002416069041,3.742426159251105,3.743377208709717,1.6569559264038891,4.270002416069041,1.662522315979004,4.275496959686279,ok,False,False,False,False,False,False
rosetta_fastrelax,KRAS,16,1.8144796610659943,3.9147931549679846,3.742426159251105,3.743377208709717,1.8144796610659943,3.9147931549679846,1.8144795894622805,3.9205849170684814,ok,False,False,False,False,False,False
rosetta_fastrelax,KRAS,17,1.688965876622123,4.244744066748158,3.742426159251105,3.743377208709717,1.688965876622123,4.244744066748158,1.6943252086639404,4.250608444213867,ok,False,False,False,False,False,False
rosetta_fastrelax,KRAS,18,2.175192319245272,3.7275599679063434,3.742426159251105,3.743377208709717,2.175192319245272,3.7275599679063434,2.209272861480713,3.75183367729187,ok,False,False,False,False,False,False
rosetta_fastrelax,KRAS,19,2.263243719122668,4.237409999766045,3.742426159251105,3.743377208709717,2.263243719122668,4.237409999766045,2.2632439136505127,4.237410068511963,ok,False,False,False,False,False,False
rosetta_fastrelax,KRAS,20,2.0891091655870344,3.815243896464396,3.742426159251105,3.743377208709717,2.0891091655870344,3.815243896464396,2.125345468521118,3.833237886428833,ok,False,False,False,False,False,False
rosetta_fastrelax,KRAS,21,1.8159409847586356,3.947980843522721,3.742426159251105,3.743377208709717,1.8159409847586356,3.947980843522721,1.8159409761428835,3.954068183898926,ok,False,False,False,False,False,False
rosetta_fastrelax,KRAS,22,1.567524298626899,4.156290716836119,3.742426159251105,3.743377208709717,1.567524298626899,4.156290716836119,1.5749162435531616,4.1617584228515625,ok,False,False,False,False,False,False
rosetta_fastrelax,KRAS,23,1.8639725976002148,3.941298077441484,3.742426159251105,3.743377208709717,1.8639725976002148,3.941298077441484,1.863972544670105,3.947540760040283,ok,False,False,False,False,False,False
rosetta_fastrelax,KRAS,24,2.1660696559309147,3.548293559329042,3.742426159251105,3.743377208709717,2.1660696559309147,3.548293559329042,2.2464871406555176,3.566624879837036,ok,False,False,False,False,False,False
rosetta_fastrelax,KRAS,25,2.205369112202935,4.217226998236296,3.742426159251105,3.743377208709717,2.205369112202935,4.217226998236296,2.2656466960906982,4.223418712615967,ok,False,False,False,False,False,False
rosetta_fastrelax,KRAS,26,1.9882028851856817,3.8848463249483367,3.742426159251105,3.743377208709717,1.9882028851856817,3.8848463249483367,2.0254769325256348,3.9081003665924072,ok,False,False,False,False,False,False
rosetta_fastrelax,KRAS,27,2.431026548428151,3.853533997852761,3.742426159251105,3.743377208709717,2.431026548428151,3.853533997852761,2.490638494491577,3.8644533157348633,ok,False,False,False,False,False,False
rosetta_fastrelax,KRAS,28,2.071817835851728,4.482319671740188,3.742426159251105,3.743377208709717,2.071817835851728,4.482319671740188,2.0778350830078125,4.487975597381592,ok,False,False,False,False,False,False
rosetta_fastrelax,KRAS,29,1.8923112012368963,3.989847381569693,3.742426159251105,3.743377208709717,1.8923112012368963,3.989847381569693,1.8923110961914065,3.995717763900757,ok,False,False,False,False,False,False
rosetta_fastrelax,Menin,0,1.001004011004019,1.7049214423365904,1.2468617606125678,1.246861696243286,1.001004011004019,1.7049214423365904,1.001003980636597,1.7049213647842407,ok,False,False,False,False,False,False
rosetta_fastrelax,Menin,1,1.1642348010346728,1.432361965706398,1.2468617606125678,1.246861696243286,1.1642348010346728,1.432361965706398,1.1642347574234009,1.586006760597229,ok,False,False,False,False,False,False
rosetta_fastrelax,Menin,2,1.2670305566297837,1.6490450464366122,1.2468617606125678,1.246861696243286,1.2670305566297837,1.6490450464366122,1.2670305967330933,1.782026767730713,ok,False,False,False,False,False,False
rosetta_fastrelax,Menin,3,1.1741044578685167,1.4206618915724256,1.2468617606125678,1.246861696243286,1.1741044578685167,1.4206618915724256,1.1741043329238892,1.5725713968276978,ok,False,False,False,False,False,False
rosetta_fastrelax,Menin,4,1.2682991990778834,1.531757332435723,1.2468617606125678,1.246861696243286,1.2682991990778834,1.531757332435723,1.268299221992493,1.6763408184051514,ok,False,False,False,False,False,False
rosetta_fastrelax,Menin,5,1.2898128673378173,0.9711862297658872,1.2468617606125678,1.246861696243286,1.2898128673378173,0.9711862297658872,1.2898128032684326,1.185938000679016,ok,True,True,True,True,True,False
rosetta_fastrelax,Menin,6,1.2484244908119326,1.5843610410990605,1.2468617606125678,1.246861696243286,1.2484244908119326,1.5843610410990605,1.248424410820007,1.7262141704559326,ok,False,False,False,False,False,False
rosetta_fastrelax,Menin,7,1.1083074011656502,1.37545865579765,1.2468617606125678,1.246861696243286,1.1083074011656502,1.37545865579765,1.1083073616027832,1.5354900360107422,ok,False,False,False,False,False,False
rosetta_fastrelax,Menin,8,1.319888230647197,1.569898445067213,1.2468617606125678,1.246861696243286,1.319888230647197,1.569898445067213,1.3198883533477783,1.710248589515686,ok,False,False,False,False,False,False
rosetta_fastrelax,Menin,9,0.8825303558974704,1.5335246137195395,1.2468617606125678,1.246861696243286,0.8825303558974704,1.5335246137195395,0.8825303912162781,1.5335246324539185,ok,False,False,False,False,False,False
rosetta_fastrelax,Menin,10,1.1707057337368498,1.4304548453792076,1.2468617606125678,1.246861696243286,1.1707057337368498,1.4304548453792076,1.170705795288086,1.5822681188583374,ok,False,False,False,False,False,False
rosetta_fastrelax,Menin,11,1.2653221394853795,1.5910980879386345,1.2468617606125678,1.246861696243286,1.2653221394853795,1.5910980879386345,1.2653220891952517,1.734095811843872,ok,False,False,False,False,False,False
rosetta_fastrelax,Menin,12,1.1428250703369132,1.3490277176298968,1.2468617606125678,1.246861696243286,1.1428250703369132,1.3490277176298968,1.1428251266479492,1.50863516330719,ok,False,False,False,False,False,False
rosetta_fastrelax,Menin,13,1.1724075931158808,1.402307471983266,1.2468617606125678,1.246861696243286,1.1724075931158808,1.402307471983266,1.172407627105713,1.5616815090179443,ok,False,False,False,False,False,False
rosetta_fastrelax,Menin,14,1.4390170658084391,1.5428910247927383,1.2468617606125678,1.246861696243286,1.4390170658084391,1.5428910247927383,1.4273126125335691,1.6886838674545288,ok,False,False,False,False,False,False
rosetta_fastrelax,Menin,15,1.2338370820765987,1.5995928460052926,1.2468617606125678,1.246861696243286,1.2338370820765987,1.5995928460052926,1.2338371276855469,1.7394030094146729,ok,False,False,False,False,False,False
rosetta_fastrelax,Menin,16,0.5868647462350367,1.3177666316958176,1.2468617606125678,1.246861696243286,0.5868647462350367,1.3177666316958176,0.586864709854126,1.3177666664123535,ok,False,False,False,False,False,False
rosetta_fastrelax,Menin,17,1.207674978469096,1.3966671829760564,1.2468617606125678,1.246861696243286,1.207674978469096,1.3966671829760564,1.2076749801635742,1.556211233139038,ok,False,False,False,False,False,False
rosetta_fastrelax,Menin,18,1.1722014014278126,1.3865559879363007,1.2468617606125678,1.246861696243286,1.1722014014278126,1.3865559879363007,1.1722015142440796,1.545337796211243,ok,False,False,False,False,False,False
rosetta_fastrelax,Menin,19,1.2399054607721427,1.4989730783654631,1.2468617606125678,1.246861696243286,1.2399054607721427,1.4989730783654631,1.2418596744537354,1.4989731311798096,ok,False,False,False,False,False,False
rosetta_fastrelax,Menin,20,1.13879360126621,1.3267681007275078,1.2468617606125678,1.246861696243286,1.13879360126621,1.3267681007275078,1.1387935876846311,1.4921810626983645,ok,False,False,False,False,False,False
rosetta_fastrelax,Menin,21,1.2252297805373784,1.5306474975474318,1.2468617606125678,1.246861696243286,1.2252297805373784,1.5306474975474318,1.2252297401428225,1.678857445716858,ok,False,False,False,False,False,False
rosetta_fastrelax,Menin,22,1.162902964311252,1.3804214051644603,1.2468617606125678,1.246861696243286,1.162902964311252,1.3804214051644603,1.1629029512405396,1.5411158800125122,ok,False,False,False,False,False,False
rosetta_fastrelax,Menin,23,1.2491671319687931,1.6258478558326726,1.2468617606125678,1.246861696243286,1.2491671319687931,1.6258478558326726,1.2491670846939087,1.7634170055389404,ok,False,False,False,False,False,False
rosetta_fastrelax,Menin,24,1.246492892019711,1.5274449533679386,1.2468617606125678,1.246861696243286,1.246492892019711,1.5274449533679386,1.246492862701416,1.676270842552185,ok,False,False,False,False,False,False
rosetta_fastrelax,Menin,25,1.2260800692062572,1.5348849015336692,1.2468617606125678,1.246861696243286,1.2260800692062572,1.5348849015336692,1.226080060005188,1.681143283843994,ok,False,False,False,False,False,False
rosetta_fastrelax,Menin,26,1.2215060936654665,1.5983275420021903,1.2468617606125678,1.246861696243286,1.2215060936654665,1.5983275420021903,1.221506118774414,1.736860275268555,ok,False,False,False,False,False,False
rosetta_fastrelax,Menin,27,1.1605819688164505,1.365866421755677,1.2468617606125678,1.246861696243286,1.1605819688164505,1.365866421755677,1.1605819463729858,1.5295759439468384,ok,False,False,False,False,False,False
rosetta_fastrelax,Menin,28,1.1694676123030587,1.4704934042402158,1.2468617606125678,1.246861696243286,1.1694676123030587,1.4704934042402158,1.1694676876068115,1.6213315725326538,ok,False,False,False,False,False,False
rosetta_fastrelax,Menin,29,1.1585523395312318,1.337655619776812,1.2468617606125678,1.246861696243286,1.1585523395312318,1.337655619776812,1.1585522890090942,1.5035091638565063,ok,False,False,False,False,False,False
rosetta_fastrelax,NDPK-A,0,4.023029765074455,2.0113544977136693,3.4697602388704447,3.4699201583862305,4.023029765074455,2.0113544977136693,4.023029804229736,2.039398670196533,ok,True,True,False,False,False,False
rosetta_fastrelax,NDPK-A,1,3.735600161228744,2.734582184176339,3.4697602388704447,3.4699201583862305,3.735600161228744,2.734582184176339,3.735600233078003,2.751904249191284,ok,True,True,False,False,False,False
rosetta_fastrelax,NDPK-A,2,2.5615726860406243,1.5440606423314556,3.4697602388704447,3.4699201583862305,2.5615726860406243,1.5440606423314556,2.561572790145874,1.5440607070922852,ok,True,True,False,False,False,False
rosetta_fastrelax,NDPK-A,3,4.012650269070663,2.015535332064098,3.4697602388704447,3.4699201583862305,4.012650269070663,2.015535332064098,4.012650489807129,2.043393135070801,ok,True,True,False,False,False,False
rosetta_fastrelax,NDPK-A,4,2.8161217720794927,1.2769970358223954,3.4697602388704447,3.4699201583862305,2.8161217720794927,1.2769970358223954,2.8161215782165527,1.2769969701766968,ok,True,True,True,True,False,False
rosetta_fastrelax,NDPK-A,5,2.7954520215421987,1.6679305690344357,3.4697602388704447,3.4699201583862305,2.7954520215421987,1.6679305690344357,2.7954518795013428,1.6916580200195312,ok,True,True,False,False,False,False
rosetta_fastrelax,NDPK-A,6,3.782402209047421,2.7658947459193453,3.4697602388704447,3.4699201583862305,3.782402209047421,2.7658947459193453,3.782402515411377,2.7857470512390137,ok,True,True,False,False,False,False
rosetta_fastrelax,NDPK-A,7,2.877679262078476,1.7004864822356955,3.4697602388704447,3.4699201583862305,2.877679262078476,1.7004864822356955,2.877679347991944,1.7245842218399048,ok,True,True,False,False,False,False
rosetta_fastrelax,NDPK-A,8,3.68965134109572,1.7359111439777108,3.4697602388704447,3.4699201583862305,3.68965134109572,1.7359111439777108,3.689651489257813,1.766348958015442,ok,True,True,False,False,False,False
rosetta_fastrelax,NDPK-A,9,2.7715162960801463,1.3546407922848602,3.4697602388704447,3.4699201583862305,2.7715162960801463,1.3546407922848602,2.7715163230896,1.3546408414840698,ok,True,True,True,True,False,False
rosetta_fastrelax,NDPK-A,10,2.7811514778699515,1.3480668166299383,3.4697602388704447,3.4699201583862305,2.7811514778699515,1.3480668166299383,2.781151533126831,1.348066806793213,ok,True,True,True,True,False,False
rosetta_fastrelax,NDPK-A,11,3.951073844301306,2.0905749448538704,3.4697602388704447,3.4699201583862305,3.951073844301306,2.0905749448538704,3.95107364654541,2.112379550933838,ok,True,True,False,False,False,False
rosetta_fastrelax,NDPK-A,12,2.574688201705719,3.8444494064600874,3.4697602388704447,3.4699201583862305,2.574688201705719,3.8444494064600874,2.5834431648254395,3.844449281692505,ok,False,False,False,False,False,False
rosetta_fastrelax,NDPK-A,13,3.7055179582028073,2.6976541066357758,3.4697602388704447,3.4699201583862305,3.7055179582028073,2.6976541066357758,3.7055180072784415,2.7167961597442627,ok,True,True,False,False,False,False
rosetta_fastrelax,NDPK-A,14,2.5915979329391794,1.631499876792314,3.4697602388704447,3.4699201583862305,2.5915979329391794,1.631499876792314,2.59159779548645,1.6314998865127563,ok,True,True,False,False,False,False
rosetta_fastrelax,NDPK-A,15,3.020609351715636,1.2505749101437744,3.4697602388704447,3.4699201583862305,3.020609351715636,1.2505749101437744,3.0206093788146973,1.2505749464035034,ok,True,True,True,True,False,False
rosetta_fastrelax,NDPK-A,16,3.81818880322808,2.1416139985305627,3.4697602388704447,3.4699201583862305,3.81818880322808,2.1416139985305627,3.8181886672973633,2.1601624488830566,ok,True,True,False,False,False,False
rosetta_fastrelax,NDPK-A,17,3.82977684007818,1.8451528207561323,3.4697602388704447,3.4699201583862305,3.82977684007818,1.8451528207561323,3.829776763916016,1.8672879934310915,ok,True,True,False,False,False,False
rosetta_fastrelax,NDPK-A,18,2.824601262962323,3.229245379729398,3.4697602388704447,3.4699201583862305,2.824601262962323,3.229245379729398,2.830279588699341,3.24255633354187,ok,False,False,False,False,False,False
rosetta_fastrelax,NDPK-A,19,3.965637369603449,2.0001769801664206,3.4697602388704447,3.4699201583862305,3.965637369603449,2.0001769801664206,3.96563720703125,2.023523569107056,ok,True,True,False,False,False,False
rosetta_fastrelax,NDPK-A,20,2.6517645181714498,1.518674219988683,3.4697602388704447,3.4699201583862305,2.6517645181714498,1.518674219988683,2.651764392852783,1.5186742544174194,ok,True,True,False,False,False,False
rosetta_fastrelax,NDPK-A,21,3.841596088784024,2.852662939349457,3.4697602388704447,3.4699201583862305,3.841596088784024,2.852662939349457,3.841596364974976,2.8721511363983154,ok,True,True,False,False,False,False
rosetta_fastrelax,NDPK-A,22,4.015864603772569,2.08028010920125,3.4697602388704447,3.4699201583862305,4.015864603772569,2.08028010920125,4.015864849090576,2.102257013320923,ok,True,True,False,False,False,False
rosetta_fastrelax,NDPK-A,23,2.669552650317687,1.5791667345533342,3.4697602388704447,3.4699201583862305,2.669552650317687,1.5791667345533342,2.669552564620972,1.5791668891906738,ok,True,True,False,False,False,False
rosetta_fastrelax,NDPK-A,24,4.036194853908489,2.005939274135006,3.4697602388704447,3.4699201583862305,4.036194853908489,2.005939274135006,4.036195278167725,2.034013509750366,ok,True,True,False,False,False,False
rosetta_fastrelax,NDPK-A,25,4.005383706436853,2.075881132750395,3.4697602388704447,3.4699201583862305,4.005383706436853,2.075881132750395,4.005383491516113,2.097933769226074,ok,True,True,False,False,False,False
rosetta_fastrelax,NDPK-A,26,4.006182602741887,2.053204381555027,3.4697602388704447,3.4699201583862305,4.006182602741887,2.053204381555027,4.006182670593262,2.0767838954925537,ok,True,True,False,False,False,False
rosetta_fastrelax,NDPK-A,27,3.869480647291843,2.239067681536264,3.4697602388704447,3.4699201583862305,3.869480647291843,2.239067681536264,3.869480848312378,2.2590203285217285,ok,True,True,False,False,False,False
rosetta_fastrelax,NDPK-A,28,2.8627578246262404,1.3243191320987162,3.4697602388704447,3.4699201583862305,2.8627578246262404,1.3243191320987162,2.862757682800293,1.3243191242218018,ok,True,True,True,True,False,False
rosetta_fastrelax,NDPK-A,29,3.885976035512805,1.8699724528242896,3.4697602388704447,3.4699201583862305,3.885976035512805,1.8699724528242896,3.88597583770752,1.8993728160858157,ok,True,True,False,False,False,False
rosetta_fastrelax,SHP2,0,1.961822025103432,2.0517517530794085,1.8482636253491052,1.8406480550765991,1.961822025103432,2.0517517530794085,1.948493242263794,2.0345027446746826,ok,False,False,False,False,False,False
rosetta_fastrelax,SHP2,1,2.6339800953847963,2.3493588356875907,1.8482636253491052,1.8406480550765991,2.6339800953847963,2.3493588356875907,2.712357759475708,2.378638982772827,ok,False,False,False,False,False,False
rosetta_fastrelax,SHP2,2,2.0716363381027367,2.110569978538466,1.8482636253491052,1.8406480550765991,2.0716363381027367,2.110569978538466,2.0493292808532715,2.097709894180298,ok,False,False,False,False,False,False
rosetta_fastrelax,SHP2,3,1.988528986719553,2.022802849079522,1.8482636253491052,1.8406480550765991,1.988528986719553,2.022802849079522,1.963366270065308,2.0079057216644287,ok,False,False,False,False,False,False
rosetta_fastrelax,SHP2,4,2.0202264438751865,2.012147142094177,1.8482636253491052,1.8406480550765991,2.0202264438751865,2.012147142094177,1.996062994003296,2.0043609142303467,ok,False,False,False,False,False,False
rosetta_fastrelax,SHP2,5,2.196685568953193,2.0183722647522417,1.8482636253491052,1.8406480550765991,2.196685568953193,2.0183722647522417,2.2430553436279297,2.0039899349212646,ok,False,False,False,False,False,False
rosetta_fastrelax,SHP2,6,2.158554128696724,2.03583104147968,1.8482636253491052,1.8406480550765991,2.158554128696724,2.03583104147968,2.1500794887542725,2.0154826641082764,ok,False,False,False,False,False,False
rosetta_fastrelax,SHP2,7,2.0665489607700023,2.167115115504376,1.8482636253491052,1.8406480550765991,2.0665489607700023,2.167115115504376,2.042320251464844,2.151493787765503,ok,False,False,False,False,False,False
rosetta_fastrelax,SHP2,8,1.7144787641503794,1.109730393243928,1.8482636253491052,1.8406480550765991,1.7144787641503794,1.109730393243928,1.695068120956421,1.153079867362976,ok,True,True,True,True,False,False
rosetta_fastrelax,SHP2,9,2.498321155032043,2.2087656482382245,1.8482636253491052,1.8406480550765991,2.498321155032043,2.2087656482382245,2.553441047668457,2.2023351192474365,ok,False,False,False,False,False,False
rosetta_fastrelax,SHP2,10,2.1197084586784656,2.1464382404282967,1.8482636253491052,1.8406480550765991,2.1197084586784656,2.1464382404282967,2.097017765045166,2.135918617248535,ok,False,False,False,False,False,False
rosetta_fastrelax,SHP2,11,1.7325975062226986,1.5695189998353545,1.8482636253491052,1.8406480550765991,1.7325975062226986,1.5695189998353545,1.7052878141403198,1.6018224954605105,ok,True,True,False,False,False,False
rosetta_fastrelax,SHP2,12,2.514335661194134,2.162155379690667,1.8482636253491052,1.8406480550765991,2.514335661194134,2.162155379690667,2.5684502124786377,2.144615888595581,ok,False,False,False,False,False,False
rosetta_fastrelax,SHP2,13,2.004066858069636,2.0993062202687782,1.8482636253491052,1.8406480550765991,2.004066858069636,2.0993062202687782,1.996066689491272,2.079133987426758,ok,False,False,False,False,False,False
rosetta_fastrelax,SHP2,14,2.6049347403956364,2.269163250085394,1.8482636253491052,1.8406480550765991,2.6049347403956364,2.269163250085394,2.678525447845459,2.278839349746704,ok,False,False,False,False,False,False
rosetta_fastrelax,SHP2,15,2.1441453010648224,2.1531121563254687,1.8482636253491052,1.8406480550765991,2.1441453010648224,2.1531121563254687,2.121015310287476,2.1382877826690674,ok,False,False,False,False,False,False
rosetta_fastrelax,SHP2,16,2.5021412262795155,2.1777688211484123,1.8482636253491052,1.8406480550765991,2.5021412262795155,2.1777688211484123,2.5533154010772705,2.1640470027923584,ok,False,False,False,False,False,False
rosetta_fastrelax,SHP2,17,2.512117457069796,2.164633042405605,1.8482636253491052,1.8406480550765991,2.512117457069796,2.164633042405605,2.5744822025299072,2.158687114715576,ok,False,False,False,False,False,False
rosetta_fastrelax,SHP2,18,2.1305512647917277,2.0507821885143955,1.8482636253491052,1.8406480550765991,2.1305512647917277,2.0507821885143955,2.107755422592163,2.03019118309021,ok,False,False,False,False,False,False
rosetta_fastrelax,SHP2,19,2.1334442249831485,2.114077832756478,1.8482636253491052,1.8406480550765991,2.1334442249831485,2.114077832756478,2.1096348762512207,2.10099720954895,ok,False,False,False,False,False,False
rosetta_fastrelax,SHP2,20,2.0574861888280798,2.2113209098801985,1.8482636253491052,1.8406480550765991,2.0574861888280798,2.2113209098801985,2.0450382232666016,2.194374322891236,ok,False,False,False,False,False,False
rosetta_fastrelax,SHP2,21,2.1261210763595857,2.0848874621960016,1.8482636253491052,1.8406480550765991,2.1261210763595857,2.0848874621960016,2.102898359298706,2.06933331489563,ok,False,False,False,False,False,False
rosetta_fastrelax,SHP2,22,2.043879268440657,2.0180355827438263,1.8482636253491052,1.8406480550765991,2.043879268440657,2.0180355827438263,2.018632650375366,1.996920466423035,ok,False,False,False,False,False,False
rosetta_fastrelax,SHP2,23,2.0377766784615923,2.154925250784855,1.8482636253491052,1.8406480550765991,2.0377766784615923,2.154925250784855,2.028537511825561,2.1336817741394043,ok,False,False,False,False,False,False
rosetta_fastrelax,SHP2,24,2.0433838688943324,2.029990812965033,1.8482636253491052,1.8406480550765991,2.0433838688943324,2.029990812965033,2.01946234703064,2.0176210403442383,ok,False,False,False,False,False,False
rosetta_fastrelax,SHP2,25,2.0717815347227444,2.023639229452529,1.8482636253491052,1.8406480550765991,2.0717815347227444,2.023639229452529,2.0486865043640137,2.019575595855713,ok,False,False,False,False,False,False
rosetta_fastrelax,SHP2,26,2.1712675953002023,2.228085858323336,1.8482636253491052,1.8406480550765991,2.1712675953002023,2.228085858323336,2.1430068016052246,2.2144689559936523,ok,False,False,False,False,False,False
rosetta_fastrelax,SHP2,27,1.6347010896717538,1.077154246715229,1.8482636253491052,1.8406480550765991,1.6347010896717538,1.077154246715229,1.6136847734451294,1.077154278755188,ok,True,True,True,True,False,False
rosetta_fastrelax,SHP2,28,1.7153112997361917,1.7890107320373192,1.8482636253491052,1.8406480550765991,1.7153112997361917,1.7890107320373192,1.721268892288208,1.7907655239105225,ok,False,False,False,False,False,False
rosetta_fastrelax,SHP2,29,2.1534127024700123,1.813169175270003,1.8482636253491052,1.8406480550765991,2.1534127024700123,1.813169175270003,2.1379647254943848,1.8044217824935915,ok,True,True,False,False,False,False
rosetta_fastrelax,THSR,0,2.08180679342404,2.0096755858235325,1.616455574028625,1.562853455543518,2.08180679342404,2.0096755858235325,2.081806898117065,2.0096755027771,ok,False,False,False,False,False,False
rosetta_fastrelax,THSR,1,1.8359656065908525,2.471749041370674,1.616455574028625,1.562853455543518,1.8359656065908525,2.471749041370674,1.8359655141830444,2.4717490673065186,ok,False,False,False,False,False,False
rosetta_fastrelax,THSR,2,1.8230294820788475,1.371381653757802,1.616455574028625,1.562853455543518,1.8230294820788475,1.371381653757802,1.7894901037216189,1.371381759643555,ok,True,True,True,True,False,False
rosetta_fastrelax,THSR,3,1.8236561599240773,2.1739188117861903,1.616455574028625,1.562853455543518,1.8236561599240773,2.1739188117861903,1.8236560821533203,2.1739187240600586,ok,False,False,False,False,False,False
rosetta_fastrelax,THSR,4,1.8651869162642696,1.6778315919083835,1.616455574028625,1.562853455543518,1.8651869162642696,1.6778315919083835,1.8651870489120483,1.677831530570984,ok,False,False,False,False,False,False
rosetta_fastrelax,THSR,5,2.264589664391979,2.000810982960814,1.616455574028625,1.562853455543518,2.264589664391979,2.000810982960814,2.264589548110962,2.0008111000061035,ok,False,False,False,False,False,False
rosetta_fastrelax,THSR,6,2.016094000793605,1.2240094845869247,1.616455574028625,1.562853455543518,2.016094000793605,1.2240094845869247,1.9874211549758911,1.2240095138549805,ok,True,True,True,True,False,False
rosetta_fastrelax,THSR,7,2.0836437072395286,1.8693155832783608,1.616455574028625,1.562853455543518,2.0836437072395286,1.8693155832783608,2.050198554992676,1.869315505027771,ok,False,False,False,False,False,False
rosetta_fastrelax,THSR,8,1.7663621845856785,2.185002957936148,1.616455574028625,1.562853455543518,1.7663621845856785,2.185002957936148,1.7663620710372925,2.1850028038024902,ok,False,False,False,False,False,False
rosetta_fastrelax,THSR,9,2.248625028165026,1.4837555410003846,1.616455574028625,1.562853455543518,2.248625028165026,1.4837555410003846,2.2215616703033447,1.483755588531494,ok,True,True,True,True,False,False
rosetta_fastrelax,THSR,10,1.9454004336392967,1.467140804220707,1.616455574028625,1.562853455543518,1.9454004336392967,1.467140804220707,1.9159916639328003,1.4671409130096436,ok,True,True,True,True,False,False
rosetta_fastrelax,THSR,11,2.139213169255419,1.903632173218573,1.616455574028625,1.562853455543518,2.139213169255419,1.903632173218573,2.1074297428131104,1.9036321640014648,ok,False,False,False,False,False,False
rosetta_fastrelax,THSR,12,1.9585074822327049,1.2242844849950267,1.616455574028625,1.562853455543518,1.9585074822327049,1.2242844849950267,1.9284765720367432,1.224284529685974,ok,True,True,True,True,False,False
rosetta_fastrelax,THSR,13,2.153449375683681,1.5105566578824268,1.616455574028625,1.562853455543518,2.153449375683681,1.5105566578824268,2.1585636138916016,1.5105565786361694,ok,True,True,False,False,False,False
rosetta_fastrelax,THSR,14,1.858401542833784,1.6165545058865234,1.616455574028625,1.562853455543518,1.858401542833784,1.6165545058865234,1.8584014177322388,1.6165544986724854,ok,False,False,False,False,False,False
rosetta_fastrelax,THSR,15,2.007594270558321,1.3253550439971868,1.616455574028625,1.562853455543518,2.007594270558321,1.3253550439971868,1.9746860265731807,1.325355052947998,ok,True,True,True,True,False,False
rosetta_fastrelax,THSR,16,2.284213125750427,2.104452611045115,1.616455574028625,1.562853455543518,2.284213125750427,2.104452611045115,2.2967488765716557,2.104452610015869,ok,False,False,False,False,False,False
rosetta_fastrelax,THSR,17,1.8861936780355624,1.4046284773930946,1.616455574028625,1.562853455543518,1.8861936780355624,1.4046284773930946,1.8535630702972408,1.4046285152435305,ok,True,True,True,True,False,False
rosetta_fastrelax,THSR,18,1.9152950835532387,1.540904464052156,1.616455574028625,1.562853455543518,1.9152950835532387,1.540904464052156,1.888257622718811,1.5409044027328491,ok,True,True,False,False,False,False
rosetta_fastrelax,THSR,19,1.891220196327435,1.3347523990247,1.616455574028625,1.562853455543518,1.891220196327435,1.3347523990247,1.861302375793457,1.334752321243286,ok,True,True,True,True,False,False
rosetta_fastrelax,THSR,20,1.7833742216109123,1.5640452290457452,1.616455574028625,1.562853455543518,1.7833742216109123,1.5640452290457452,1.783374309539795,1.5640454292297363,ok,True,False,False,False,False,False
rosetta_fastrelax,THSR,21,2.2575080509953738,2.4467943847759908,1.616455574028625,1.562853455543518,2.2575080509953738,2.4467943847759908,2.2575080394744877,2.446794271469116,ok,False,False,False,False,False,False
rosetta_fastrelax,THSR,22,1.846444797819578,1.2101682897109245,1.616455574028625,1.562853455543518,1.846444797819578,1.2101682897109245,1.815757274627685,1.2101683616638184,ok,True,True,True,True,False,False
rosetta_fastrelax,THSR,23,1.937288675071431,1.304542930602259,1.616455574028625,1.562853455543518,1.937288675071431,1.304542930602259,1.906016826629639,1.304542899131775,ok,True,True,True,True,False,False
rosetta_fastrelax,THSR,24,1.979552995503141,1.1820913377997322,1.616455574028625,1.562853455543518,1.979552995503141,1.1820913377997322,1.9408857822418213,1.182091236114502,ok,True,True,True,True,False,False
rosetta_fastrelax,THSR,25,2.03265835244808,1.877132031770246,1.616455574028625,1.562853455543518,2.03265835244808,1.877132031770246,2.00174880027771,1.877132058143616,ok,False,False,False,False,False,False
rosetta_fastrelax,THSR,26,2.085311158181597,1.2232404644201298,1.616455574028625,1.562853455543518,2.085311158181597,1.2232404644201298,2.046469211578369,1.2232404947280884,ok,True,True,True,True,False,False
rosetta_fastrelax,THSR,27,1.892490463364603,1.1518961010835205,1.616455574028625,1.562853455543518,1.892490463364603,1.1518961010835205,1.8505104780197144,1.1518961191177368,ok,True,True,True,True,False,False
rosetta_fastrelax,THSR,28,2.012284903977943,1.6251192669862229,1.616455574028625,1.562853455543518,2.012284903977943,1.6251192669862229,2.019010066986084,1.6251192092895508,ok,False,False,False,False,False,False
rosetta_fastrelax,THSR,29,1.8145718222072216,1.327429920662043,1.616455574028625,1.562853455543518,1.8145718222072216,1.327429920662043,1.780740737915039,1.327430009841919,ok,True,True,True,True,False,False
rosetta_fastrelax,THSR__7UTZ,0,2.611991213067005,1.909797420913784,2.4345552542057787,2.4345552921295166,2.611991213067005,1.909797420913784,2.611991167068481,1.9262871742248533,ok,True,True,False,False,False,False
rosetta_fastrelax,THSR__7UTZ,1,2.0477462442280854,2.519719519584654,2.4345552542057787,2.4345552921295166,2.0477462442280854,2.519719519584654,2.047746181488037,2.5303750038146973,ok,False,False,False,False,False,False
rosetta_fastrelax,THSR__7UTZ,2,2.0101221255030137,2.3148439715009834,2.4345552542057787,2.4345552921295166,2.0101221255030137,2.3148439715009834,1.93899929523468,2.3148438930511475,ok,False,False,False,False,False,False
rosetta_fastrelax,THSR__7UTZ,3,2.193222382906958,2.0223945738758684,2.4345552542057787,2.4345552921295166,2.193222382906958,2.0223945738758684,2.193222522735596,2.028181791305542,ok,True,True,False,False,False,False
rosetta_fastrelax,THSR__7UTZ,4,2.323021223176605,1.5675899403010036,2.4345552542057787,2.4345552921295166,2.323021223176605,1.5675899403010036,2.323021173477173,1.5852837562561035,ok,True,True,False,False,False,False
rosetta_fastrelax,THSR__7UTZ,5,3.050419274465188,1.5678329651821057,2.4345552542057787,2.4345552921295166,3.050419274465188,1.5678329651821057,3.050419330596924,1.5678328275680542,ok,True,True,False,False,False,False
rosetta_fastrelax,THSR__7UTZ,6,2.5472580103082194,2.495886526396625,2.4345552542057787,2.4345552921295166,2.5472580103082194,2.495886526396625,2.4946861267089844,2.4958865642547607,ok,False,False,False,False,False,False
rosetta_fastrelax,THSR__7UTZ,7,2.4957902582127605,2.733458457374242,2.4345552542057787,2.4345552921295166,2.4957902582127605,2.733458457374242,2.4303855895996094,2.7334585189819336,ok,False,False,False,False,False,False
rosetta_fastrelax,THSR__7UTZ,8,1.77523937554933,1.938078357867527,2.4345552542057787,2.4345552921295166,1.77523937554933,1.938078357867527,1.77523934841156,1.9525375366210935,ok,False,False,False,False,False,False
rosetta_fastrelax,THSR__7UTZ,9,2.799662975255635,2.570073526377988,2.4345552542057787,2.4345552921295166,2.799662975255635,2.570073526377988,2.7492172718048096,2.57007360458374,ok,False,False,False,False,False,False
rosetta_fastrelax,THSR__7UTZ,10,2.4530582240232435,2.653633196187246,2.4345552542057787,2.4345552921295166,2.4530582240232435,2.653633196187246,2.4003257751464844,2.653633117675781,ok,False,False,False,False,False,False
rosetta_fastrelax,THSR__7UTZ,11,2.6821298134664846,2.765204111402473,2.4345552542057787,2.4345552921295166,2.6821298134664846,2.765204111402473,2.6237952709198,2.765203952789306,ok,False,False,False,False,False,False
rosetta_fastrelax,THSR__7UTZ,12,2.55565900287,2.3953962221616814,2.4345552542057787,2.4345552921295166,2.55565900287,2.3953962221616814,2.503190040588379,2.3953962326049805,ok,True,True,False,False,False,False
rosetta_fastrelax,THSR__7UTZ,13,2.883384790083518,2.330297457230565,2.4345552542057787,2.4345552921295166,2.883384790083518,2.330297457230565,2.892273187637329,2.330297470092773,ok,True,True,False,False,False,False
rosetta_fastrelax,THSR__7UTZ,14,2.290494938182441,1.6944791876503822,2.4345552542057787,2.4345552921295166,2.290494938182441,1.6944791876503822,2.290494918823242,1.7161847352981567,ok,True,True,False,False,False,False
rosetta_fastrelax,THSR__7UTZ,15,2.645263634099773,2.3806042701356267,2.4345552542057787,2.4345552921295166,2.645263634099773,2.3806042701356267,2.5890886783599854,2.3806042671203613,ok,True,True,False,False,False,False
rosetta_fastrelax,THSR__7UTZ,16,3.1048523308401528,1.928298577532941,2.4345552542057787,2.4345552921295166,3.1048523308401528,1.928298577532941,3.126124143600464,1.928298592567444,ok,True,True,False,False,False,False
rosetta_fastrelax,THSR__7UTZ,17,2.392595569414197,2.747093418997597,2.4345552542057787,2.4345552921295166,2.392595569414197,2.747093418997597,2.3342294692993164,2.747093677520752,ok,False,False,False,False,False,False
rosetta_fastrelax,THSR__7UTZ,18,2.0754752460413237,2.7130830108752537,2.4345552542057787,2.4345552921295166,2.0754752460413237,2.7130830108752537,2.016420841217041,2.713082790374756,ok,False,False,False,False,False,False
rosetta_fastrelax,THSR__7UTZ,19,2.2098477583416645,2.237238390493642,2.4345552542057787,2.4345552921295166,2.2098477583416645,2.237238390493642,2.150777578353882,2.2372384071350098,ok,False,False,False,False,False,False
rosetta_fastrelax,THSR__7UTZ,20,2.243979383654116,1.6194342756541742,2.4345552542057787,2.4345552921295166,2.243979383654116,1.6194342756541742,2.243979215621948,1.6434801816940308,ok,True,True,False,False,False,False
rosetta_fastrelax,THSR__7UTZ,21,2.763307898306537,1.9941395278648968,2.4345552542057787,2.4345552921295166,2.763307898306537,1.9941395278648968,2.763308048248291,1.990916728973389,ok,True,True,False,False,False,False
rosetta_fastrelax,THSR__7UTZ,22,2.267344276270957,2.241719391925219,2.4345552542057787,2.4345552921295166,2.267344276270957,2.241719391925219,2.2096707820892334,2.2417192459106445,ok,True,False,False,False,False,False
rosetta_fastrelax,THSR__7UTZ,23,2.478178130486424,2.566966374556361,2.4345552542057787,2.4345552921295166,2.478178130486424,2.566966374556361,2.421844005584717,2.5669662952423096,ok,False,False,False,False,False,False
rosetta_fastrelax,THSR__7UTZ,24,2.5666900923174527,2.5561806078879044,2.4345552542057787,2.4345552921295166,2.5666900923174527,2.5561806078879044,2.498218774795532,2.556180715560913,ok,False,False,False,False,False,False
rosetta_fastrelax,THSR__7UTZ,25,2.491647263993657,2.7783360921221747,2.4345552542057787,2.4345552921295166,2.491647263993657,2.7783360921221747,2.4334189891815186,2.7783360481262207,ok,False,False,False,False,False,False
rosetta_fastrelax,THSR__7UTZ,26,2.774573300077176,2.5924941225508373,2.4345552542057787,2.4345552921295166,2.774573300077176,2.5924941225508373,2.7078468799591064,2.592494249343872,ok,False,False,False,False,False,False
rosetta_fastrelax,THSR__7UTZ,27,2.453220449901077,2.584831789151286,2.4345552542057787,2.4345552921295166,2.453220449901077,2.584831789151286,2.379846334457397,2.584831714630127,ok,False,False,False,False,False,False
rosetta_fastrelax,THSR__7UTZ,28,2.5494265596844845,1.8195522042861092,2.4345552542057787,2.4345552921295166,2.5494265596844845,1.8195522042861092,2.5618643760681152,1.819552183151245,ok,True,True,False,False,False,False
rosetta_fastrelax,THSR__7UTZ,29,2.0482883241752807,2.3197671994078632,2.4345552542057787,2.4345552921295166,2.0482883241752807,2.3197671994078632,1.97835385799408,2.3197672367095947,ok,False,False,False,False,False,False
rosetta_fastrelax,betaLG,0,1.4308297105047127,1.6931605646704384,1.3972391993938094,1.357591152191162,1.4308297105047127,1.6931605646704384,1.441902756690979,1.6931605339050293,ok,False,False,False,False,False,False
rosetta_fastrelax,betaLG,1,1.251864709847733,1.5415367129379909,1.3972391993938094,1.357591152191162,1.251864709847733,1.5415367129379909,1.2611998319625854,1.541536808013916,ok,False,False,False,False,False,False
rosetta_fastrelax,betaLG,2,1.320966243259921,1.577672123319054,1.3972391993938094,1.357591152191162,1.320966243259921,1.577672123319054,1.3311148881912231,1.5776721239089966,ok,False,False,False,False,False,False
rosetta_fastrelax,betaLG,3,1.3103212516045055,1.6619010946918054,1.3972391993938094,1.357591152191162,1.3103212516045055,1.6619010946918054,1.3205267190933228,1.6619011163711548,ok,False,False,False,False,False,False
rosetta_fastrelax,betaLG,4,1.4946977096252527,1.7243074829948402,1.3972391993938094,1.357591152191162,1.4946977096252527,1.7243074829948402,1.5141987800598145,1.7286516427993774,ok,False,False,False,False,False,False
rosetta_fastrelax,betaLG,5,1.3367085877972589,1.5795874853573488,1.3972391993938094,1.357591152191162,1.3367085877972589,1.5795874853573488,1.3482284545898438,1.5795875787734983,ok,False,False,False,False,False,False
rosetta_fastrelax,betaLG,6,1.300980731424747,1.5460350272261731,1.3972391993938094,1.357591152191162,1.300980731424747,1.5460350272261731,1.3119817972183228,1.5460350513458252,ok,False,False,False,False,False,False
rosetta_fastrelax,betaLG,7,1.41654643315241,1.6510240858441902,1.3972391993938094,1.357591152191162,1.41654643315241,1.6510240858441902,1.4361494779586792,1.6536011695861816,ok,False,False,False,False,False,False
rosetta_fastrelax,betaLG,8,1.2935153952791298,1.519717066867596,1.3972391993938094,1.357591152191162,1.2935153952791298,1.519717066867596,1.3043396472930908,1.5197170972824097,ok,False,False,False,False,False,False
rosetta_fastrelax,betaLG,9,1.3562156179971447,1.6452381582380389,1.3972391993938094,1.357591152191162,1.3562156179971447,1.6452381582380389,1.3679497241973877,1.6452380418777466,ok,False,False,False,False,False,False
rosetta_fastrelax,betaLG,10,1.4512003731793397,1.6631450948508524,1.3972391993938094,1.357591152191162,1.4512003731793397,1.6631450948508524,1.4652966260910034,1.6672035455703735,ok,False,False,False,False,False,False
rosetta_fastrelax,betaLG,11,1.2660821682903227,1.5756273404046115,1.3972391993938094,1.357591152191162,1.2660821682903227,1.5756273404046115,1.2762590646743774,1.5764410495758057,ok,False,False,False,False,False,False
rosetta_fastrelax,betaLG,12,1.3441657060164705,1.6095265043669549,1.3972391993938094,1.357591152191162,1.3441657060164705,1.6095265043669549,1.355156660079956,1.6095266342163086,ok,False,False,False,False,False,False
rosetta_fastrelax,betaLG,13,1.3748647339797564,1.604234563066544,1.3972391993938094,1.357591152191162,1.3748647339797564,1.604234563066544,1.386928677558899,1.6042344570159912,ok,False,False,False,False,False,False
rosetta_fastrelax,betaLG,14,1.281855075534875,1.5473128939510896,1.3972391993938094,1.357591152191162,1.281855075534875,1.5473128939510896,1.291426658630371,1.5473129749298096,ok,False,False,False,False,False,False
rosetta_fastrelax,betaLG,15,1.2948317789249952,1.529215086148967,1.3972391993938094,1.357591152191162,1.2948317789249952,1.529215086148967,1.3056786060333252,1.5292152166366575,ok,False,False,False,False,False,False
rosetta_fastrelax,betaLG,16,1.3114063791545347,1.566497483733772,1.3972391993938094,1.357591152191162,1.3114063791545347,1.566497483733772,1.321763277053833,1.5664974451065063,ok,False,False,False,False,False,False
rosetta_fastrelax,betaLG,17,1.4234502886863871,1.6315604376816624,1.3972391993938094,1.357591152191162,1.4234502886863871,1.6315604376816624,1.4368683099746704,1.63529372215271,ok,False,False,False,False,False,False
rosetta_fastrelax,betaLG,18,1.4434797117729228,1.675018369505722,1.3972391993938094,1.357591152191162,1.4434797117729228,1.675018369505722,1.4557559490203855,1.6750184297561646,ok,False,False,False,False,False,False
rosetta_fastrelax,betaLG,19,1.361139695399069,1.6347232235883076,1.3972391993938094,1.357591152191162,1.361139695399069,1.6347232235883076,1.372538924217224,1.63472318649292,ok,False,False,False,False,False,False
rosetta_fastrelax,betaLG,20,1.3663393284890792,1.650530607238738,1.3972391993938094,1.357591152191162,1.3663393284890792,1.650530607238738,1.3771183490753174,1.6505306959152222,ok,False,False,False,False,False,False
rosetta_fastrelax,betaLG,21,1.3054156976521452,1.5654757890971875,1.3972391993938094,1.357591152191162,1.3054156976521452,1.5654757890971875,1.3156696557998655,1.5654758214950562,ok,False,False,False,False,False,False
rosetta_fastrelax,betaLG,22,1.3251949248323545,1.6260038600764766,1.3972391993938094,1.357591152191162,1.3251949248323545,1.6260038600764766,1.335493803024292,1.6260038614273071,ok,False,False,False,False,False,False
rosetta_fastrelax,betaLG,23,1.4275755036883144,1.6293827542044594,1.3972391993938094,1.357591152191162,1.4275755036883144,1.6293827542044594,1.4490749835968018,1.632599711418152,ok,False,False,False,False,False,False
rosetta_fastrelax,betaLG,24,1.298593648416368,1.5602627829124354,1.3972391993938094,1.357591152191162,1.298593648416368,1.5602627829124354,1.3093769550323486,1.5602627992630005,ok,False,False,False,False,False,False
rosetta_fastrelax,betaLG,25,1.3523230264011603,1.607825604658899,1.3972391993938094,1.357591152191162,1.3523230264011603,1.607825604658899,1.363414645195007,1.607825517654419,ok,False,False,False,False,False,False
rosetta_fastrelax,betaLG,26,1.4076851869696991,1.6519434338504846,1.3972391993938094,1.357591152191162,1.4076851869696991,1.6519434338504846,1.4264323711395264,1.657012104988098,ok,False,False,False,False,False,False
rosetta_fastrelax,betaLG,27,1.318424210610861,1.5938576271054017,1.3972391993938094,1.357591152191162,1.318424210610861,1.5938576271054017,1.3287484645843506,1.5938575267791748,ok,False,False,False,False,False,False
rosetta_fastrelax,betaLG,28,1.3569560306787791,1.6444468104581942,1.3972391993938094,1.357591152191162,1.3569560306787791,1.6444468104581942,1.369894027709961,1.644446849822998,ok,False,False,False,False,False,False
rosetta_fastrelax,betaLG,29,1.2876131174709284,1.5459146318146948,1.3972391993938094,1.357591152191162,1.2876131174709284,1.5459146318146948,1.2976666688919067,1.5459145307540894,ok,False,False,False,False,False,False
rosetta_fastrelax,cAbl,0,1.1342654843617508,3.4838846575789466,3.4458517805005147,3.4368226528167725,1.1342654843617508,3.4838846575789466,1.1342655420303345,3.4823899269104004,ok,False,False,False,False,False,False
rosetta_fastrelax,cAbl,1,1.0442497824773902,3.5004541690545614,3.4458517805005147,3.4368226528167725,1.0442497824773902,3.5004541690545614,1.0442497730255127,3.4989826679229736,ok,False,False,False,False,False,False
rosetta_fastrelax,cAbl,2,1.118943429574884,3.4815242029337257,3.4458517805005147,3.4368226528167725,1.118943429574884,3.4815242029337257,1.118943452835083,3.4815094470977783,ok,False,False,False,False,False,False
rosetta_fastrelax,cAbl,3,1.0728685993532137,3.5294633598982235,3.4458517805005147,3.4368226528167725,1.0728685993532137,3.5294633598982235,1.072868585586548,3.5290918350219727,ok,False,False,False,False,False,False
rosetta_fastrelax,cAbl,4,1.110050223873248,3.478977925214022,3.4458517805005147,3.4368226528167725,1.110050223873248,3.478977925214022,1.1100502014160156,3.47766661643982,ok,False,False,False,False,False,False
rosetta_fastrelax,cAbl,5,1.2525532207089334,3.63042218561998,3.4458517805005147,3.4368226528167725,1.2525532207089334,3.63042218561998,1.2525532245635986,3.628918886184693,ok,False,False,False,False,False,False
rosetta_fastrelax,cAbl,6,1.0185221664358648,3.494221593290903,3.4458517805005147,3.4368226528167725,1.0185221664358648,3.494221593290903,1.0185222625732422,3.4929895401000977,ok,False,False,False,False,False,False
rosetta_fastrelax,cAbl,7,1.0931003621469044,3.4149096353854125,3.4458517805005147,3.4368226528167725,1.0931003621469044,3.4149096353854125,1.0931004285812378,3.412919044494629,ok,False,False,False,False,False,False
rosetta_fastrelax,cAbl,8,1.0793551306241376,3.488729429633327,3.4458517805005147,3.4368226528167725,1.0793551306241376,3.488729429633327,1.0793551206588743,3.4874191284179688,ok,False,False,False,False,False,False
rosetta_fastrelax,cAbl,9,1.0739945243074325,3.530919640387132,3.4458517805005147,3.4368226528167725,1.0739945243074325,3.530919640387132,1.073994517326355,3.5308432579040527,ok,False,False,False,False,False,False
rosetta_fastrelax,cAbl,10,1.144315245023261,3.559686565957861,3.4458517805005147,3.4368226528167725,1.144315245023261,3.559686565957861,1.144315242767334,3.5584709644317627,ok,False,False,False,False,False,False
rosetta_fastrelax,cAbl,11,1.1192684558357804,3.527971157130146,3.4458517805005147,3.4368226528167725,1.1192684558357804,3.527971157130146,1.119268536567688,3.5280027389526367,ok,False,False,False,False,False,False
rosetta_fastrelax,cAbl,12,1.14687699503955,3.5615971454701496,3.4458517805005147,3.4368226528167725,1.14687699503955,3.5615971454701496,1.1468769311904907,3.5606162548065186,ok,False,False,False,False,False,False
rosetta_fastrelax,cAbl,13,1.2830889677063235,3.656652532510874,3.4458517805005147,3.4368226528167725,1.2830889677063235,3.656652532510874,1.2830889225006104,3.655596017837525,ok,False,False,False,False,False,False
rosetta_fastrelax,cAbl,14,1.1087404590019767,3.5252888091017387,3.4458517805005147,3.4368226528167725,1.1087404590019767,3.5252888091017387,1.1087404489517212,3.5252387523651123,ok,False,False,False,False,False,False
rosetta_fastrelax,cAbl,15,1.1167604570102914,3.425904021646169,3.4458517805005147,3.4368226528167725,1.1167604570102914,3.425904021646169,1.116760492324829,3.424089908599853,ok,False,False,False,False,False,False
rosetta_fastrelax,cAbl,16,1.0979636010578218,3.5097064742362494,3.4458517805005147,3.4368226528167725,1.0979636010578218,3.5097064742362494,1.097963571548462,3.5084307193756104,ok,False,False,False,False,False,False
rosetta_fastrelax,cAbl,17,1.1092550510496326,3.535739239416098,3.4458517805005147,3.4368226528167725,1.1092550510496326,3.535739239416098,1.109255075454712,3.5352783203125,ok,False,False,False,False,False,False
rosetta_fastrelax,cAbl,18,1.122837352215533,3.52310696795706,3.4458517805005147,3.4368226528167725,1.122837352215533,3.52310696795706,1.1228374242782593,3.521116018295288,ok,False,False,False,False,False,False
rosetta_fastrelax,cAbl,19,1.2061363874836066,3.471284413595596,3.4458517805005147,3.4368226528167725,1.2061363874836066,3.471284413595596,1.1987053155899048,3.469888210296631,ok,False,False,False,False,False,False
rosetta_fastrelax,cAbl,20,1.120001742562354,3.5404504024685988,3.4458517805005147,3.4368226528167725,1.120001742562354,3.5404504024685988,1.1200016736984253,3.539658546447754,ok,False,False,False,False,False,False
rosetta_fastrelax,cAbl,21,1.1792258336713697,3.5531960273806056,3.4458517805005147,3.4368226528167725,1.1792258336713697,3.5531960273806056,1.1792258024215698,3.551206350326538,ok,False,False,False,False,False,False
rosetta_fastrelax,cAbl,22,1.0649729351139936,3.434722845713779,3.4458517805005147,3.4368226528167725,1.0649729351139936,3.434722845713779,1.0649728775024414,3.43256950378418,ok,False,False,False,False,False,False
rosetta_fastrelax,cAbl,23,1.1321232431986956,3.562816078406534,3.4458517805005147,3.4368226528167725,1.1321232431986956,3.562816078406534,1.1321232318878174,3.5617074966430664,ok,False,False,False,False,False,False
rosetta_fastrelax,cAbl,24,1.047216938784778,3.478941411456125,3.4458517805005147,3.4368226528167725,1.047216938784778,3.478941411456125,1.0472170114517212,3.4778811931610107,ok,False,False,False,False,False,False
rosetta_fastrelax,cAbl,25,1.1919809761635127,3.522068865403245,3.4458517805005147,3.4368226528167725,1.1919809761635127,3.522068865403245,1.1899280548095703,3.521494150161743,ok,False,False,False,False,False,False
rosetta_fastrelax,cAbl,26,1.1558934387481428,3.5354183736077203,3.4458517805005147,3.4368226528167725,1.1558934387481428,3.5354183736077203,1.1558934450149536,3.5344607830047607,ok,False,False,False,False,False,False
rosetta_fastrelax,cAbl,27,1.1826024295062485,3.6354785702418257,3.4458517805005147,3.4368226528167725,1.1826024295062485,3.6354785702418257,1.1826025247573853,3.635087966918945,ok,False,False,False,False,False,False
rosetta_fastrelax,cAbl,28,1.234159531357253,3.481909234550213,3.4458517805005147,3.4368226528167725,1.234159531357253,3.481909234550213,1.2307164669036863,3.4804892539978027,ok,False,False,False,False,False,False
rosetta_fastrelax,cAbl,29,1.2584875451405089,3.4893621437079902,3.4458517805005147,3.4368226528167725,1.2584875451405089,3.4893621437079902,1.258487582206726,3.484358310699463,ok,False,False,False,False,False,False
rosetta_fastrelax,p53_Y220C,0,0.3690648345916493,1.271111296392159,1.1600563699903448,1.1600563526153564,0.3690648345916493,1.271111296392159,0.3690648376941681,1.2711113691329956,ok,False,False,False,False,False,False
rosetta_fastrelax,p53_Y220C,1,0.4095225449264789,1.3280820353421208,1.1600563699903448,1.1600563526153564,0.4095225449264789,1.3280820353421208,0.4095225632190704,1.3280820846557615,ok,False,False,False,False,False,False
rosetta_fastrelax,p53_Y220C,2,0.2383137456696458,1.1772087953033925,1.1600563699903448,1.1600563526153564,0.2383137456696458,1.1772087953033925,0.2383137494325637,1.1772087812423706,ok,False,False,False,False,False,False
rosetta_fastrelax,p53_Y220C,3,0.2624779218895546,1.2018655898211303,1.1600563699903448,1.1600563526153564,0.2624779218895546,1.2018655898211303,0.2624779045581817,1.201865553855896,ok,False,False,False,False,False,False
rosetta_fastrelax,p53_Y220C,4,0.3112464877521533,1.0935152801064714,1.1600563699903448,1.1600563526153564,0.3112464877521533,1.0935152801064714,0.3112464845180511,1.0935152769088743,ok,False,False,False,False,False,False
rosetta_fastrelax,p53_Y220C,5,0.4593997888083242,1.3245982298723846,1.1600563699903448,1.1600563526153564,0.4593997888083242,1.3245982298723846,0.4593998193740845,1.32459819316864,ok,False,False,False,False,False,False
rosetta_fastrelax,p53_Y220C,6,0.312563571821558,1.2308834608266357,1.1600563699903448,1.1600563526153564,0.312563571821558,1.2308834608266357,0.3125635981559753,1.2308834791183472,ok,False,False,False,False,False,False
rosetta_fastrelax,p53_Y220C,7,0.4621512601760466,1.302396304346507,1.1600563699903448,1.1600563526153564,0.4621512601760466,1.302396304346507,0.4621512591838836,1.302396297454834,ok,False,False,False,False,False,False
rosetta_fastrelax,p53_Y220C,8,0.3902711155384246,1.2954405546066607,1.1600563699903448,1.1600563526153564,0.3902711155384246,1.2954405546066607,0.3902710974216461,1.2954405546188354,ok,False,False,False,False,False,False
rosetta_fastrelax,p53_Y220C,9,0.2939495707358717,1.198047840842318,1.1600563699903448,1.1600563526153564,0.2939495707358717,1.198047840842318,0.2939495742321014,1.1980478763580322,ok,False,False,False,False,False,False
rosetta_fastrelax,p53_Y220C,10,0.3085890821916718,1.2363090332871285,1.1600563699903448,1.1600563526153564,0.3085890821916718,1.2363090332871285,0.3085891008377075,1.236309051513672,ok,False,False,False,False,False,False
rosetta_fastrelax,p53_Y220C,11,0.3306599742368539,1.2434355346224428,1.1600563699903448,1.1600563526153564,0.3306599742368539,1.2434355346224428,0.3306599855422973,1.2434355020523071,ok,False,False,False,False,False,False
rosetta_fastrelax,p53_Y220C,12,0.3108882187682797,1.232556190164176,1.1600563699903448,1.1600563526153564,0.3108882187682797,1.232556190164176,0.3108882308006286,1.2325562238693235,ok,False,False,False,False,False,False
rosetta_fastrelax,p53_Y220C,13,0.3385560790686557,1.029406508531161,1.1600563699903448,1.1600563526153564,0.3385560790686557,1.029406508531161,0.3385560810565948,1.0294065475463867,ok,False,False,False,False,False,False
rosetta_fastrelax,p53_Y220C,14,0.2964830655691844,1.149306749008394,1.1600563699903448,1.1600563526153564,0.2964830655691844,1.149306749008394,0.2964830696582794,1.1493067741394043,ok,False,False,False,False,False,False
rosetta_fastrelax,p53_Y220C,15,0.5020857263510674,1.3739952693637516,1.1600563699903448,1.1600563526153564,0.5020857263510674,1.3739952693637516,0.5020857453346252,1.373995304107666,ok,False,False,False,False,False,False
rosetta_fastrelax,p53_Y220C,16,0.3404436917980042,1.037268751485961,1.1600563699903448,1.1600563526153564,0.3404436917980042,1.037268751485961,0.3404437005519867,1.0372687578201294,ok,False,False,False,False,False,False
rosetta_fastrelax,p53_Y220C,17,0.3669815703475819,1.0106725204955835,1.1600563699903448,1.1600563526153564,0.3669815703475819,1.0106725204955835,0.3669815957546234,1.0106725692749023,ok,False,False,False,False,False,False
rosetta_fastrelax,p53_Y220C,18,0.2994442242126347,1.2406688820151082,1.1600563699903448,1.1600563526153564,0.2994442242126347,1.2406688820151082,0.2994442284107208,1.2406688928604126,ok,False,False,False,False,False,False
rosetta_fastrelax,p53_Y220C,19,0.3326686201875952,1.2035441143391126,1.1600563699903448,1.1600563526153564,0.3326686201875952,1.2035441143391126,0.3326686322689056,1.2035441398620603,ok,False,False,False,False,False,False
rosetta_fastrelax,p53_Y220C,20,0.4757451202922771,1.3891845557958988,1.1600563699903448,1.1600563526153564,0.4757451202922771,1.3891845557958988,0.4757450819015503,1.389184594154358,ok,False,False,False,False,False,False
rosetta_fastrelax,p53_Y220C,21,0.3671417748949668,1.3510815420665727,1.1600563699903448,1.1600563526153564,0.3671417748949668,1.3510815420665727,0.3671417832374573,1.3510814905166626,ok,False,False,False,False,False,False
rosetta_fastrelax,p53_Y220C,22,0.2682685761373179,1.0950383908583357,1.1600563699903448,1.1600563526153564,0.2682685761373179,1.0950383908583357,0.2682685852050781,1.0950384140014648,ok,False,False,False,False,False,False
rosetta_fastrelax,p53_Y220C,23,0.311190180768808,1.2355682142860969,1.1600563699903448,1.1600563526153564,0.311190180768808,1.2355682142860969,0.3111901879310608,1.235568284988403,ok,False,False,False,False,False,False
rosetta_fastrelax,p53_Y220C,24,0.3377382232425597,1.0702807939200187,1.1600563699903448,1.1600563526153564,0.3377382232425597,1.0702807939200187,0.3377382159233093,1.0702807903289795,ok,False,False,False,False,False,False
rosetta_fastrelax,p53_Y220C,25,0.2676281476192802,1.1120072062736852,1.1600563699903448,1.1600563526153564,0.2676281476192802,1.1120072062736852,0.2676281332969665,1.1120071411132812,ok,False,False,False,False,False,False
rosetta_fastrelax,p53_Y220C,26,0.4487282549195027,1.3610200829893937,1.1600563699903448,1.1600563526153564,0.4487282549195027,1.3610200829893937,0.4487282633781433,1.3610200881958008,ok,False,False,False,False,False,False
rosetta_fastrelax,p53_Y220C,27,0.3630271624647809,1.1008447784437216,1.1600563699903448,1.1600563526153564,0.3630271624647809,1.1008447784437216,0.3630271852016449,1.1008447408676147,ok,False,False,False,False,False,False
rosetta_fastrelax,p53_Y220C,28,0.4130372844689209,1.3390816318090382,1.1600563699903448,1.1600563526153564,0.4130372844689209,1.3390816318090382,0.4130373001098633,1.339081645011902,ok,False,False,False,False,False,False
rosetta_fastrelax,p53_Y220C,29,0.4062163999307424,1.2898854104732298,1.1600563699903448,1.1600563526153564,0.4062163999307424,1.2898854104732298,0.406216412782669,1.2898852825164795,ok,False,False,False,False,False,False
rosetta_fastrelax,p53_Y220C__4AGQ,0,1.40406430852266,1.2492087993704355,1.1180275303614244,1.1180275678634644,1.40406430852266,1.2492087993704355,1.4040641784667969,1.2492088079452517,ok,False,False,False,False,False,False
rosetta_fastrelax,p53_Y220C__4AGQ,1,1.417479039059088,1.247541844375787,1.1180275303614244,1.1180275678634644,1.417479039059088,1.247541844375787,1.417479157447815,1.247541904449463,ok,False,False,False,False,False,False
rosetta_fastrelax,p53_Y220C__4AGQ,2,1.2980721966941158,1.233018291646651,1.1180275303614244,1.1180275678634644,1.2980721966941158,1.233018291646651,1.2980722188949585,1.2330182790756226,ok,False,False,False,False,False,False
rosetta_fastrelax,p53_Y220C__4AGQ,3,1.284515260761989,1.241417933488551,1.1180275303614244,1.1180275678634644,1.284515260761989,1.241417933488551,1.2845152616500854,1.2414178848266602,ok,False,False,False,False,False,False
rosetta_fastrelax,p53_Y220C__4AGQ,4,1.3312888024020513,1.2599888735775138,1.1180275303614244,1.1180275678634644,1.3312888024020513,1.2599888735775138,1.3312888145446775,1.2599889039993286,ok,False,False,False,False,False,False
rosetta_fastrelax,p53_Y220C__4AGQ,5,1.403335457437662,1.254629173748683,1.1180275303614244,1.1180275678634644,1.403335457437662,1.254629173748683,1.403335452079773,1.254629135131836,ok,False,False,False,False,False,False
rosetta_fastrelax,p53_Y220C__4AGQ,6,1.399470283566236,1.2481092048975635,1.1180275303614244,1.1180275678634644,1.399470283566236,1.2481092048975635,1.399470329284668,1.248109221458435,ok,False,False,False,False,False,False
rosetta_fastrelax,p53_Y220C__4AGQ,7,1.4192353423727757,1.2268819072005095,1.1180275303614244,1.1180275678634644,1.4192353423727757,1.2268819072005095,1.419235348701477,1.2268818616867063,ok,False,False,False,False,False,False
rosetta_fastrelax,p53_Y220C__4AGQ,8,1.4146009713091316,1.2311828063820935,1.1180275303614244,1.1180275678634644,1.4146009713091316,1.2311828063820935,1.4146009683609009,1.2311826944351196,ok,False,False,False,False,False,False
rosetta_fastrelax,p53_Y220C__4AGQ,9,1.2949261886173036,1.23203291313639,1.1180275303614244,1.1180275678634644,1.2949261886173036,1.23203291313639,1.2949261665344238,1.2320330142974854,ok,False,False,False,False,False,False
rosetta_fastrelax,p53_Y220C__4AGQ,10,1.2935706899577193,1.2381507560662752,1.1180275303614244,1.1180275678634644,1.2935706899577193,1.2381507560662752,1.293570637702942,1.238150715827942,ok,False,False,False,False,False,False
rosetta_fastrelax,p53_Y220C__4AGQ,11,1.3995911390434383,1.2519171590380729,1.1180275303614244,1.1180275678634644,1.3995911390434383,1.2519171590380729,1.3995912075042725,1.2519171237945557,ok,False,False,False,False,False,False
rosetta_fastrelax,p53_Y220C__4AGQ,12,1.3048804591591188,1.2210123492270597,1.1180275303614244,1.1180275678634644,1.3048804591591188,1.2210123492270597,1.3048803806304932,1.2210123538970947,ok,False,False,False,False,False,False
rosetta_fastrelax,p53_Y220C__4AGQ,13,1.2831761572372795,1.257503766111386,1.1180275303614244,1.1180275678634644,1.2831761572372795,1.257503766111386,1.283176064491272,1.2575037479400637,ok,False,False,False,False,False,False
rosetta_fastrelax,p53_Y220C__4AGQ,14,1.2905743869079331,1.229451575215018,1.1180275303614244,1.1180275678634644,1.2905743869079331,1.229451575215018,1.2905744314193726,1.2294515371322632,ok,False,False,False,False,False,False
rosetta_fastrelax,p53_Y220C__4AGQ,15,1.4011406008485092,1.2722665416380092,1.1180275303614244,1.1180275678634644,1.4011406008485092,1.2722665416380092,1.401140570640564,1.272266507148743,ok,False,False,False,False,False,False
rosetta_fastrelax,p53_Y220C__4AGQ,16,1.2883818443619992,1.2552028822464871,1.1180275303614244,1.1180275678634644,1.2883818443619992,1.2552028822464871,1.288381814956665,1.2552028894424438,ok,False,False,False,False,False,False
rosetta_fastrelax,p53_Y220C__4AGQ,17,1.3136209903832832,1.2583435616367746,1.1180275303614244,1.1180275678634644,1.3136209903832832,1.2583435616367746,1.3136210441589355,1.2583435773849487,ok,False,False,False,False,False,False
rosetta_fastrelax,p53_Y220C__4AGQ,18,1.29090101575515,1.238953911818636,1.1180275303614244,1.1180275678634644,1.29090101575515,1.238953911818636,1.2909010648727417,1.238953948020935,ok,False,False,False,False,False,False
rosetta_fastrelax,p53_Y220C__4AGQ,19,0.7965060109057154,1.3711472075074262,1.1180275303614244,1.1180275678634644,0.7965060109057154,1.3711472075074262,0.7965059876441956,1.3711472749710083,ok,False,False,False,False,False,False
rosetta_fastrelax,p53_Y220C__4AGQ,20,1.4180068934571088,1.2452843681531602,1.1180275303614244,1.1180275678634644,1.4180068934571088,1.2452843681531602,1.4180068969726562,1.2452844381332395,ok,False,False,False,False,False,False
rosetta_fastrelax,p53_Y220C__4AGQ,21,1.2933905271244812,1.2588456657034404,1.1180275303614244,1.1180275678634644,1.2933905271244812,1.2588456657034404,1.2933905124664309,1.2588456869125366,ok,False,False,False,False,False,False
rosetta_fastrelax,p53_Y220C__4AGQ,22,1.2867424502056628,1.2168404287736645,1.1180275303614244,1.1180275678634644,1.2867424502056628,1.2168404287736645,1.2867424488067627,1.216840386390686,ok,False,False,False,False,False,False
rosetta_fastrelax,p53_Y220C__4AGQ,23,1.3976451824298033,1.244609982915853,1.1180275303614244,1.1180275678634644,1.3976451824298033,1.244609982915853,1.397645115852356,1.2446099519729614,ok,False,False,False,False,False,False
rosetta_fastrelax,p53_Y220C__4AGQ,24,1.3035882997260897,1.2338038635642876,1.1180275303614244,1.1180275678634644,1.3035882997260897,1.2338038635642876,1.3035882711410522,1.2338038682937622,ok,False,False,False,False,False,False
rosetta_fastrelax,p53_Y220C__4AGQ,25,1.2965241842430664,1.2219218804338603,1.1180275303614244,1.1180275678634644,1.2965241842430664,1.2219218804338603,1.296524167060852,1.2219219207763672,ok,False,False,False,False,False,False
rosetta_fastrelax,p53_Y220C__4AGQ,26,1.4255242819742449,1.2385405466249657,1.1180275303614244,1.1180275678634644,1.4255242819742449,1.2385405466249657,1.4255242347717283,1.238540530204773,ok,False,False,False,False,False,False
rosetta_fastrelax,p53_Y220C__4AGQ,27,1.2916477981337746,1.263045007458425,1.1180275303614244,1.1180275678634644,1.2916477981337746,1.263045007458425,1.2916477918624878,1.2630449533462524,ok,False,False,False,False,False,False
rosetta_fastrelax,p53_Y220C__4AGQ,28,1.4147147079856532,1.247803747731852,1.1180275303614244,1.1180275678634644,1.4147147079856532,1.247803747731852,1.4147146940231323,1.247803807258606,ok,False,False,False,False,False,False
rosetta_fastrelax,p53_Y220C__4AGQ,29,1.4577967584332794,1.2844009200561122,1.1180275303614244,1.1180275678634644,1.4577967584332794,1.2844009200561122,1.4577968120574951,1.2844010591506958,ok,False,False,False,False,False,False
rosetta_repack,Bcl-xL,0,2.085541274636024,2.4081334674755093,2.505562006849456,2.5040442943573,2.085541274636024,2.4081334674755093,2.122321128845215,2.4077811241149902,ok,False,False,False,False,False,False
rosetta_repack,Bcl-xL,1,2.001047884727864,2.2655808519586484,2.505562006849456,2.5040442943573,2.001047884727864,2.2655808519586484,2.035208225250244,2.2652063369750977,ok,False,False,False,False,False,False
rosetta_repack,Bcl-xL,2,2.085541274636024,2.4081334674755093,2.505562006849456,2.5040442943573,2.085541274636024,2.4081334674755093,2.122321128845215,2.4077811241149902,ok,False,False,False,False,False,False
rosetta_repack,Bcl-xL,3,2.085541274636024,2.4081334674755093,2.505562006849456,2.5040442943573,2.085541274636024,2.4081334674755093,2.122321128845215,2.4077811241149902,ok,False,False,False,False,False,False
rosetta_repack,Bcl-xL,4,2.001047884727864,2.2655808519586484,2.505562006849456,2.5040442943573,2.001047884727864,2.2655808519586484,2.035208225250244,2.2652063369750977,ok,False,False,False,False,False,False
rosetta_repack,Bcl-xL,5,2.001047884727864,2.2655808519586484,2.505562006849456,2.5040442943573,2.001047884727864,2.2655808519586484,2.035208225250244,2.2652063369750977,ok,False,False,False,False,False,False
rosetta_repack,Bcl-xL,6,2.001047884727864,2.2655808519586484,2.505562006849456,2.5040442943573,2.001047884727864,2.2655808519586484,2.035208225250244,2.2652063369750977,ok,False,False,False,False,False,False
rosetta_repack,Bcl-xL,7,2.085541274636024,2.4081334674755093,2.505562006849456,2.5040442943573,2.085541274636024,2.4081334674755093,2.122321128845215,2.4077811241149902,ok,False,False,False,False,False,False
rosetta_repack,Bcl-xL,8,2.079201093595652,2.4036393752568324,2.505562006849456,2.5040442943573,2.079201093595652,2.4036393752568324,2.116091251373291,2.403286457061768,ok,False,False,False,False,False,False
rosetta_repack,Bcl-xL,9,2.001047884727864,2.2655808519586484,2.505562006849456,2.5040442943573,2.001047884727864,2.2655808519586484,2.035208225250244,2.2652063369750977,ok,False,False,False,False,False,False
rosetta_repack,Bcl-xL,10,1.904932059317845,2.435359916108441,2.505562006849456,2.5040442943573,1.904932059317845,2.435359916108441,1.940784811973572,2.435011625289917,ok,False,False,False,False,False,False
rosetta_repack,Bcl-xL,11,2.085541274636024,2.4081334674755093,2.505562006849456,2.5040442943573,2.085541274636024,2.4081334674755093,2.122321128845215,2.4077811241149902,ok,False,False,False,False,False,False
rosetta_repack,Bcl-xL,12,2.079201093595652,2.4036393752568324,2.505562006849456,2.5040442943573,2.079201093595652,2.4036393752568324,2.116091251373291,2.403286457061768,ok,False,False,False,False,False,False
rosetta_repack,Bcl-xL,13,2.079201093595652,2.4036393752568324,2.505562006849456,2.5040442943573,2.079201093595652,2.4036393752568324,2.116091251373291,2.403286457061768,ok,False,False,False,False,False,False
rosetta_repack,Bcl-xL,14,2.001047884727864,2.2655808519586484,2.505562006849456,2.5040442943573,2.001047884727864,2.2655808519586484,2.035208225250244,2.2652063369750977,ok,False,False,False,False,False,False
rosetta_repack,Bcl-xL,15,2.001047884727864,2.2655808519586484,2.505562006849456,2.5040442943573,2.001047884727864,2.2655808519586484,2.035208225250244,2.2652063369750977,ok,False,False,False,False,False,False
rosetta_repack,Bcl-xL,16,2.001047884727864,2.2655808519586484,2.505562006849456,2.5040442943573,2.001047884727864,2.2655808519586484,2.035208225250244,2.2652063369750977,ok,False,False,False,False,False,False
rosetta_repack,Bcl-xL,17,2.001047884727864,2.2655808519586484,2.505562006849456,2.5040442943573,2.001047884727864,2.2655808519586484,2.035208225250244,2.2652063369750977,ok,False,False,False,False,False,False
rosetta_repack,Bcl-xL,18,2.001047884727864,2.2655808519586484,2.505562006849456,2.5040442943573,2.001047884727864,2.2655808519586484,2.035208225250244,2.2652063369750977,ok,False,False,False,False,False,False
rosetta_repack,Bcl-xL,19,2.001047884727864,2.2655808519586484,2.505562006849456,2.5040442943573,2.001047884727864,2.2655808519586484,2.035208225250244,2.2652063369750977,ok,False,False,False,False,False,False
rosetta_repack,Bcl-xL,20,2.079201093595652,2.4036393752568324,2.505562006849456,2.5040442943573,2.079201093595652,2.4036393752568324,2.116091251373291,2.403286457061768,ok,False,False,False,False,False,False
rosetta_repack,Bcl-xL,21,2.001047884727864,2.2655808519586484,2.505562006849456,2.5040442943573,2.001047884727864,2.2655808519586484,2.035208225250244,2.2652063369750977,ok,False,False,False,False,False,False
rosetta_repack,Bcl-xL,22,2.079201093595652,2.4036393752568324,2.505562006849456,2.5040442943573,2.079201093595652,2.4036393752568324,2.116091251373291,2.403286457061768,ok,False,False,False,False,False,False
rosetta_repack,Bcl-xL,23,2.001047884727864,2.2655808519586484,2.505562006849456,2.5040442943573,2.001047884727864,2.2655808519586484,2.035208225250244,2.2652063369750977,ok,False,False,False,False,False,False
rosetta_repack,Bcl-xL,24,2.001047884727864,2.2655808519586484,2.505562006849456,2.5040442943573,2.001047884727864,2.2655808519586484,2.035208225250244,2.2652063369750977,ok,False,False,False,False,False,False
rosetta_repack,Bcl-xL,25,2.079201093595652,2.4036393752568324,2.505562006849456,2.5040442943573,2.079201093595652,2.4036393752568324,2.116091251373291,2.403286457061768,ok,False,False,False,False,False,False
rosetta_repack,Bcl-xL,26,2.001047884727864,2.2655808519586484,2.505562006849456,2.5040442943573,2.001047884727864,2.2655808519586484,2.035208225250244,2.2652063369750977,ok,False,False,False,False,False,False
rosetta_repack,Bcl-xL,27,2.001047884727864,2.2655808519586484,2.505562006849456,2.5040442943573,2.001047884727864,2.2655808519586484,2.035208225250244,2.2652063369750977,ok,False,False,False,False,False,False
rosetta_repack,Bcl-xL,28,2.079201093595652,2.4036393752568324,2.505562006849456,2.5040442943573,2.079201093595652,2.4036393752568324,2.116091251373291,2.403286457061768,ok,False,False,False,False,False,False
rosetta_repack,Bcl-xL,29,2.001047884727864,2.2655808519586484,2.505562006849456,2.5040442943573,2.001047884727864,2.2655808519586484,2.035208225250244,2.2652063369750977,ok,False,False,False,False,False,False
rosetta_repack,FUT8,0,0.1488331473755759,3.390056601866581,3.419934534191317,3.4277188777923584,0.1488331473755759,3.390056601866581,0.148833155632019,3.3897953033447266,ok,False,False,False,False,False,False
rosetta_repack,FUT8,1,0.1488331473755759,3.390056601866581,3.419934534191317,3.4277188777923584,0.1488331473755759,3.390056601866581,0.148833155632019,3.3897953033447266,ok,False,False,False,False,False,False
rosetta_repack,FUT8,2,0.1488331473755759,3.390056601866581,3.419934534191317,3.4277188777923584,0.1488331473755759,3.390056601866581,0.148833155632019,3.3897953033447266,ok,False,False,False,False,False,False
rosetta_repack,FUT8,3,0.1488331473755759,3.390056601866581,3.419934534191317,3.4277188777923584,0.1488331473755759,3.390056601866581,0.148833155632019,3.3897953033447266,ok,False,False,False,False,False,False
rosetta_repack,FUT8,4,0.1488331473755759,3.390056601866581,3.419934534191317,3.4277188777923584,0.1488331473755759,3.390056601866581,0.148833155632019,3.3897953033447266,ok,False,False,False,False,False,False
rosetta_repack,FUT8,5,0.1488331473755759,3.390056601866581,3.419934534191317,3.4277188777923584,0.1488331473755759,3.390056601866581,0.148833155632019,3.3897953033447266,ok,False,False,False,False,False,False
rosetta_repack,FUT8,6,0.1488331473755759,3.390056601866581,3.419934534191317,3.4277188777923584,0.1488331473755759,3.390056601866581,0.148833155632019,3.3897953033447266,ok,False,False,False,False,False,False
rosetta_repack,FUT8,7,0.1488331473755759,3.390056601866581,3.419934534191317,3.4277188777923584,0.1488331473755759,3.390056601866581,0.148833155632019,3.3897953033447266,ok,False,False,False,False,False,False
rosetta_repack,FUT8,8,0.1488331473755759,3.390056601866581,3.419934534191317,3.4277188777923584,0.1488331473755759,3.390056601866581,0.148833155632019,3.3897953033447266,ok,False,False,False,False,False,False
rosetta_repack,FUT8,9,0.1488331473755759,3.390056601866581,3.419934534191317,3.4277188777923584,0.1488331473755759,3.390056601866581,0.148833155632019,3.3897953033447266,ok,False,False,False,False,False,False
rosetta_repack,FUT8,10,0.1488331473755759,3.390056601866581,3.419934534191317,3.4277188777923584,0.1488331473755759,3.390056601866581,0.148833155632019,3.3897953033447266,ok,False,False,False,False,False,False
rosetta_repack,FUT8,11,0.1488331473755759,3.390056601866581,3.419934534191317,3.4277188777923584,0.1488331473755759,3.390056601866581,0.148833155632019,3.3897953033447266,ok,False,False,False,False,False,False
rosetta_repack,FUT8,12,0.1488331473755759,3.390056601866581,3.419934534191317,3.4277188777923584,0.1488331473755759,3.390056601866581,0.148833155632019,3.3897953033447266,ok,False,False,False,False,False,False
rosetta_repack,FUT8,13,0.1488331473755759,3.390056601866581,3.419934534191317,3.4277188777923584,0.1488331473755759,3.390056601866581,0.148833155632019,3.3897953033447266,ok,False,False,False,False,False,False
rosetta_repack,FUT8,14,0.1488331473755759,3.390056601866581,3.419934534191317,3.4277188777923584,0.1488331473755759,3.390056601866581,0.148833155632019,3.3897953033447266,ok,False,False,False,False,False,False
rosetta_repack,FUT8,15,0.1488331473755759,3.390056601866581,3.419934534191317,3.4277188777923584,0.1488331473755759,3.390056601866581,0.148833155632019,3.3897953033447266,ok,False,False,False,False,False,False
rosetta_repack,FUT8,16,0.1488331473755759,3.390056601866581,3.419934534191317,3.4277188777923584,0.1488331473755759,3.390056601866581,0.148833155632019,3.3897953033447266,ok,False,False,False,False,False,False
rosetta_repack,FUT8,17,0.1488331473755759,3.390056601866581,3.419934534191317,3.4277188777923584,0.1488331473755759,3.390056601866581,0.148833155632019,3.3897953033447266,ok,False,False,False,False,False,False
rosetta_repack,FUT8,18,0.1488331473755759,3.390056601866581,3.419934534191317,3.4277188777923584,0.1488331473755759,3.390056601866581,0.148833155632019,3.3897953033447266,ok,False,False,False,False,False,False
rosetta_repack,FUT8,19,0.1488331473755759,3.390056601866581,3.419934534191317,3.4277188777923584,0.1488331473755759,3.390056601866581,0.148833155632019,3.3897953033447266,ok,False,False,False,False,False,False
rosetta_repack,FUT8,20,0.1488331473755759,3.390056601866581,3.419934534191317,3.4277188777923584,0.1488331473755759,3.390056601866581,0.148833155632019,3.3897953033447266,ok,False,False,False,False,False,False
rosetta_repack,FUT8,21,0.1488331473755759,3.390056601866581,3.419934534191317,3.4277188777923584,0.1488331473755759,3.390056601866581,0.148833155632019,3.3897953033447266,ok,False,False,False,False,False,False
rosetta_repack,FUT8,22,0.1488331473755759,3.390056601866581,3.419934534191317,3.4277188777923584,0.1488331473755759,3.390056601866581,0.148833155632019,3.3897953033447266,ok,False,False,False,False,False,False
rosetta_repack,FUT8,23,0.1488331473755759,3.390056601866581,3.419934534191317,3.4277188777923584,0.1488331473755759,3.390056601866581,0.148833155632019,3.3897953033447266,ok,False,False,False,False,False,False
rosetta_repack,FUT8,24,0.1488331473755759,3.390056601866581,3.419934534191317,3.4277188777923584,0.1488331473755759,3.390056601866581,0.148833155632019,3.3897953033447266,ok,False,False,False,False,False,False
rosetta_repack,FUT8,25,0.1488331473755759,3.390056601866581,3.419934534191317,3.4277188777923584,0.1488331473755759,3.390056601866581,0.148833155632019,3.3897953033447266,ok,False,False,False,False,False,False
rosetta_repack,FUT8,26,0.1488331473755759,3.390056601866581,3.419934534191317,3.4277188777923584,0.1488331473755759,3.390056601866581,0.148833155632019,3.3897953033447266,ok,False,False,False,False,False,False
rosetta_repack,FUT8,27,0.1488331473755759,3.390056601866581,3.419934534191317,3.4277188777923584,0.1488331473755759,3.390056601866581,0.148833155632019,3.3897953033447266,ok,False,False,False,False,False,False
rosetta_repack,FUT8,28,0.1488331473755759,3.390056601866581,3.419934534191317,3.4277188777923584,0.1488331473755759,3.390056601866581,0.148833155632019,3.3897953033447266,ok,False,False,False,False,False,False
rosetta_repack,FUT8,29,0.1488331473755759,3.390056601866581,3.419934534191317,3.4277188777923584,0.1488331473755759,3.390056601866581,0.148833155632019,3.3897953033447266,ok,False,False,False,False,False,False
rosetta_repack,GLTP,0,0.1355602858103375,2.106552816077801,2.1410013181020275,2.1410975456237797,0.1355602858103375,2.106552816077801,0.1355602890253067,2.106552839279175,ok,False,False,False,False,False,False
rosetta_repack,GLTP,1,0.1355602858103375,2.106552816077801,2.1410013181020275,2.1410975456237797,0.1355602858103375,2.106552816077801,0.1355602890253067,2.106552839279175,ok,False,False,False,False,False,False
rosetta_repack,GLTP,2,0.1355602858103375,2.106552816077801,2.1410013181020275,2.1410975456237797,0.1355602858103375,2.106552816077801,0.1355602890253067,2.106552839279175,ok,False,False,False,False,False,False
rosetta_repack,GLTP,3,0.1355602858103375,2.106552816077801,2.1410013181020275,2.1410975456237797,0.1355602858103375,2.106552816077801,0.1355602890253067,2.106552839279175,ok,False,False,False,False,False,False
rosetta_repack,GLTP,4,0.1355602858103375,2.106552816077801,2.1410013181020275,2.1410975456237797,0.1355602858103375,2.106552816077801,0.1355602890253067,2.106552839279175,ok,False,False,False,False,False,False
rosetta_repack,GLTP,5,0.1355602858103375,2.106552816077801,2.1410013181020275,2.1410975456237797,0.1355602858103375,2.106552816077801,0.1355602890253067,2.106552839279175,ok,False,False,False,False,False,False
rosetta_repack,GLTP,6,0.1355602858103375,2.106552816077801,2.1410013181020275,2.1410975456237797,0.1355602858103375,2.106552816077801,0.1355602890253067,2.106552839279175,ok,False,False,False,False,False,False
rosetta_repack,GLTP,7,0.1355602858103375,2.106552816077801,2.1410013181020275,2.1410975456237797,0.1355602858103375,2.106552816077801,0.1355602890253067,2.106552839279175,ok,False,False,False,False,False,False
rosetta_repack,GLTP,8,0.1355602858103375,2.106552816077801,2.1410013181020275,2.1410975456237797,0.1355602858103375,2.106552816077801,0.1355602890253067,2.106552839279175,ok,False,False,False,False,False,False
rosetta_repack,GLTP,9,0.1355602858103375,2.106552816077801,2.1410013181020275,2.1410975456237797,0.1355602858103375,2.106552816077801,0.1355602890253067,2.106552839279175,ok,False,False,False,False,False,False
rosetta_repack,GLTP,10,0.1355602858103375,2.106552816077801,2.1410013181020275,2.1410975456237797,0.1355602858103375,2.106552816077801,0.1355602890253067,2.106552839279175,ok,False,False,False,False,False,False
rosetta_repack,GLTP,11,0.1355602858103375,2.106552816077801,2.1410013181020275,2.1410975456237797,0.1355602858103375,2.106552816077801,0.1355602890253067,2.106552839279175,ok,False,False,False,False,False,False
rosetta_repack,GLTP,12,0.1355602858103375,2.106552816077801,2.1410013181020275,2.1410975456237797,0.1355602858103375,2.106552816077801,0.1355602890253067,2.106552839279175,ok,False,False,False,False,False,False
rosetta_repack,GLTP,13,0.1355602858103375,2.106552816077801,2.1410013181020275,2.1410975456237797,0.1355602858103375,2.106552816077801,0.1355602890253067,2.106552839279175,ok,False,False,False,False,False,False
rosetta_repack,GLTP,14,0.1355602858103375,2.106552816077801,2.1410013181020275,2.1410975456237797,0.1355602858103375,2.106552816077801,0.1355602890253067,2.106552839279175,ok,False,False,False,False,False,False
rosetta_repack,GLTP,15,0.1355602858103375,2.106552816077801,2.1410013181020275,2.1410975456237797,0.1355602858103375,2.106552816077801,0.1355602890253067,2.106552839279175,ok,False,False,False,False,False,False
rosetta_repack,GLTP,16,0.1355602858103375,2.106552816077801,2.1410013181020275,2.1410975456237797,0.1355602858103375,2.106552816077801,0.1355602890253067,2.106552839279175,ok,False,False,False,False,False,False
rosetta_repack,GLTP,17,0.1355602858103375,2.106552816077801,2.1410013181020275,2.1410975456237797,0.1355602858103375,2.106552816077801,0.1355602890253067,2.106552839279175,ok,False,False,False,False,False,False
rosetta_repack,GLTP,18,0.1355602858103375,2.106552816077801,2.1410013181020275,2.1410975456237797,0.1355602858103375,2.106552816077801,0.1355602890253067,2.106552839279175,ok,False,False,False,False,False,False
rosetta_repack,GLTP,19,0.1355602858103375,2.106552816077801,2.1410013181020275,2.1410975456237797,0.1355602858103375,2.106552816077801,0.1355602890253067,2.106552839279175,ok,False,False,False,False,False,False
rosetta_repack,GLTP,20,0.1355602858103375,2.106552816077801,2.1410013181020275,2.1410975456237797,0.1355602858103375,2.106552816077801,0.1355602890253067,2.106552839279175,ok,False,False,False,False,False,False
rosetta_repack,GLTP,21,0.1355602858103375,2.106552816077801,2.1410013181020275,2.1410975456237797,0.1355602858103375,2.106552816077801,0.1355602890253067,2.106552839279175,ok,False,False,False,False,False,False
rosetta_repack,GLTP,22,0.1355602858103375,2.106552816077801,2.1410013181020275,2.1410975456237797,0.1355602858103375,2.106552816077801,0.1355602890253067,2.106552839279175,ok,False,False,False,False,False,False
rosetta_repack,GLTP,23,0.1355602858103375,2.106552816077801,2.1410013181020275,2.1410975456237797,0.1355602858103375,2.106552816077801,0.1355602890253067,2.106552839279175,ok,False,False,False,False,False,False
rosetta_repack,GLTP,24,0.1355602858103375,2.106552816077801,2.1410013181020275,2.1410975456237797,0.1355602858103375,2.106552816077801,0.1355602890253067,2.106552839279175,ok,False,False,False,False,False,False
rosetta_repack,GLTP,25,0.1355602858103375,2.106552816077801,2.1410013181020275,2.1410975456237797,0.1355602858103375,2.106552816077801,0.1355602890253067,2.106552839279175,ok,False,False,False,False,False,False
rosetta_repack,GLTP,26,0.1355602858103375,2.106552816077801,2.1410013181020275,2.1410975456237797,0.1355602858103375,2.106552816077801,0.1355602890253067,2.106552839279175,ok,False,False,False,False,False,False
rosetta_repack,GLTP,27,0.1355602858103375,2.106552816077801,2.1410013181020275,2.1410975456237797,0.1355602858103375,2.106552816077801,0.1355602890253067,2.106552839279175,ok,False,False,False,False,False,False
rosetta_repack,GLTP,28,0.1355602858103375,2.106552816077801,2.1410013181020275,2.1410975456237797,0.1355602858103375,2.106552816077801,0.1355602890253067,2.106552839279175,ok,False,False,False,False,False,False
rosetta_repack,GLTP,29,0.1355602858103375,2.106552816077801,2.1410013181020275,2.1410975456237797,0.1355602858103375,2.106552816077801,0.1355602890253067,2.106552839279175,ok,False,False,False,False,False,False
rosetta_repack,HIF2alpha,0,2.3102659827014804,2.4592991456512783,1.86542516135414,1.8654251098632808,2.3102659827014804,2.4592991456512783,2.3102660179138184,2.5873119831085205,ok,False,False,False,False,False,False
rosetta_repack,HIF2alpha,1,1.2950016161476108,1.1941877626524249,1.86542516135414,1.8654251098632808,1.2950016161476108,1.1941877626524249,1.6440576314926147,1.1941877603530884,ok,True,True,True,True,False,False
rosetta_repack,HIF2alpha,2,1.2950016161476108,1.1941877626524249,1.86542516135414,1.8654251098632808,1.2950016161476108,1.1941877626524249,1.6440576314926147,1.1941877603530884,ok,True,True,True,True,False,False
rosetta_repack,HIF2alpha,3,2.3102659827014804,2.4592991456512783,1.86542516135414,1.8654251098632808,2.3102659827014804,2.4592991456512783,2.3102660179138184,2.5873119831085205,ok,False,False,False,False,False,False
rosetta_repack,HIF2alpha,4,2.3102659827014804,2.4592991456512783,1.86542516135414,1.8654251098632808,2.3102659827014804,2.4592991456512783,2.3102660179138184,2.5873119831085205,ok,False,False,False,False,False,False
rosetta_repack,HIF2alpha,5,1.2950016161476108,1.1941877626524249,1.86542516135414,1.8654251098632808,1.2950016161476108,1.1941877626524249,1.6440576314926147,1.1941877603530884,ok,True,True,True,True,False,False
rosetta_repack,HIF2alpha,6,2.3102659827014804,2.4592991456512783,1.86542516135414,1.8654251098632808,2.3102659827014804,2.4592991456512783,2.3102660179138184,2.5873119831085205,ok,False,False,False,False,False,False
rosetta_repack,HIF2alpha,7,1.2950016161476108,1.1941877626524249,1.86542516135414,1.8654251098632808,1.2950016161476108,1.1941877626524249,1.6440576314926147,1.1941877603530884,ok,True,True,True,True,False,False
rosetta_repack,HIF2alpha,8,1.2950016161476108,1.1941877626524249,1.86542516135414,1.8654251098632808,1.2950016161476108,1.1941877626524249,1.6440576314926147,1.1941877603530884,ok,True,True,True,True,False,False
rosetta_repack,HIF2alpha,9,2.3102659827014804,2.4592991456512783,1.86542516135414,1.8654251098632808,2.3102659827014804,2.4592991456512783,2.3102660179138184,2.5873119831085205,ok,False,False,False,False,False,False
rosetta_repack,HIF2alpha,10,2.3102659827014804,2.4592991456512783,1.86542516135414,1.8654251098632808,2.3102659827014804,2.4592991456512783,2.3102660179138184,2.5873119831085205,ok,False,False,False,False,False,False
rosetta_repack,HIF2alpha,11,2.3102659827014804,2.4592991456512783,1.86542516135414,1.8654251098632808,2.3102659827014804,2.4592991456512783,2.3102660179138184,2.5873119831085205,ok,False,False,False,False,False,False
rosetta_repack,HIF2alpha,12,2.3102659827014804,2.4592991456512783,1.86542516135414,1.8654251098632808,2.3102659827014804,2.4592991456512783,2.3102660179138184,2.5873119831085205,ok,False,False,False,False,False,False
rosetta_repack,HIF2alpha,13,2.3102659827014804,2.4592991456512783,1.86542516135414,1.8654251098632808,2.3102659827014804,2.4592991456512783,2.3102660179138184,2.5873119831085205,ok,False,False,False,False,False,False
rosetta_repack,HIF2alpha,14,2.3102659827014804,2.4592991456512783,1.86542516135414,1.8654251098632808,2.3102659827014804,2.4592991456512783,2.3102660179138184,2.5873119831085205,ok,False,False,False,False,False,False
rosetta_repack,HIF2alpha,15,2.3102659827014804,2.4592991456512783,1.86542516135414,1.8654251098632808,2.3102659827014804,2.4592991456512783,2.3102660179138184,2.5873119831085205,ok,False,False,False,False,False,False
rosetta_repack,HIF2alpha,16,2.3102659827014804,2.4592991456512783,1.86542516135414,1.8654251098632808,2.3102659827014804,2.4592991456512783,2.3102660179138184,2.5873119831085205,ok,False,False,False,False,False,False
rosetta_repack,HIF2alpha,17,2.3102659827014804,2.4592991456512783,1.86542516135414,1.8654251098632808,2.3102659827014804,2.4592991456512783,2.3102660179138184,2.5873119831085205,ok,False,False,False,False,False,False
rosetta_repack,HIF2alpha,18,2.3102659827014804,2.4592991456512783,1.86542516135414,1.8654251098632808,2.3102659827014804,2.4592991456512783,2.3102660179138184,2.5873119831085205,ok,False,False,False,False,False,False
rosetta_repack,HIF2alpha,19,1.2950016161476108,1.1941877626524249,1.86542516135414,1.8654251098632808,1.2950016161476108,1.1941877626524249,1.6440576314926147,1.1941877603530884,ok,True,True,True,True,False,False
rosetta_repack,HIF2alpha,20,1.2950016161476108,1.1941877626524249,1.86542516135414,1.8654251098632808,1.2950016161476108,1.1941877626524249,1.6440576314926147,1.1941877603530884,ok,True,True,True,True,False,False
rosetta_repack,HIF2alpha,21,2.3102659827014804,2.4592991456512783,1.86542516135414,1.8654251098632808,2.3102659827014804,2.4592991456512783,2.3102660179138184,2.5873119831085205,ok,False,False,False,False,False,False
rosetta_repack,HIF2alpha,22,2.3102659827014804,2.4592991456512783,1.86542516135414,1.8654251098632808,2.3102659827014804,2.4592991456512783,2.3102660179138184,2.5873119831085205,ok,False,False,False,False,False,False
rosetta_repack,HIF2alpha,23,1.2950016161476108,1.1941877626524249,1.86542516135414,1.8654251098632808,1.2950016161476108,1.1941877626524249,1.6440576314926147,1.1941877603530884,ok,True,True,True,True,False,False
rosetta_repack,HIF2alpha,24,1.2950016161476108,1.1941877626524249,1.86542516135414,1.8654251098632808,1.2950016161476108,1.1941877626524249,1.6440576314926147,1.1941877603530884,ok,True,True,True,True,False,False
rosetta_repack,HIF2alpha,25,2.3102659827014804,2.4592991456512783,1.86542516135414,1.8654251098632808,2.3102659827014804,2.4592991456512783,2.3102660179138184,2.5873119831085205,ok,False,False,False,False,False,False
rosetta_repack,HIF2alpha,26,1.2950016161476108,1.1941877626524249,1.86542516135414,1.8654251098632808,1.2950016161476108,1.1941877626524249,1.6440576314926147,1.1941877603530884,ok,True,True,True,True,False,False
rosetta_repack,HIF2alpha,27,2.3102659827014804,2.4592991456512783,1.86542516135414,1.8654251098632808,2.3102659827014804,2.4592991456512783,2.3102660179138184,2.5873119831085205,ok,False,False,False,False,False,False
rosetta_repack,HIF2alpha,28,2.3102659827014804,2.4592991456512783,1.86542516135414,1.8654251098632808,2.3102659827014804,2.4592991456512783,2.3102660179138184,2.5873119831085205,ok,False,False,False,False,False,False
rosetta_repack,HIF2alpha,29,1.2950016161476108,1.1941877626524249,1.86542516135414,1.8654251098632808,1.2950016161476108,1.1941877626524249,1.6440576314926147,1.1941877603530884,ok,True,True,True,True,False,False
rosetta_repack,HIF2alpha__6D0B,0,1.729022565595734,2.080856735422512,1.6729991744940291,1.7488830089569092,1.729022565595734,2.080856735422512,1.7290226221084597,2.1696290969848637,ok,False,False,False,False,False,False
rosetta_repack,HIF2alpha__6D0B,1,0.9964897215297276,1.345693904061441,1.6729991744940291,1.7488830089569092,0.9964897215297276,1.345693904061441,1.246022343635559,1.345693826675415,ok,False,False,False,False,False,False
rosetta_repack,HIF2alpha__6D0B,2,0.9964897215297276,1.345693904061441,1.6729991744940291,1.7488830089569092,0.9964897215297276,1.345693904061441,1.246022343635559,1.345693826675415,ok,False,False,False,False,False,False
rosetta_repack,HIF2alpha__6D0B,3,1.724516651956446,2.1081543067278443,1.6729991744940291,1.7488830089569092,1.724516651956446,2.1081543067278443,1.7245166301727295,2.195823431015014,ok,False,False,False,False,False,False
rosetta_repack,HIF2alpha__6D0B,4,1.729022565595734,2.080856735422512,1.6729991744940291,1.7488830089569092,1.729022565595734,2.080856735422512,1.7290226221084597,2.1696290969848637,ok,False,False,False,False,False,False
rosetta_repack,HIF2alpha__6D0B,5,0.9886508057196984,1.3875308685034886,1.6729991744940291,1.7488830089569092,0.9886508057196984,1.3875308685034886,1.2397621870040894,1.3875309228897097,ok,False,False,False,False,False,False
rosetta_repack,HIF2alpha__6D0B,6,1.729022565595734,2.080856735422512,1.6729991744940291,1.7488830089569092,1.729022565595734,2.080856735422512,1.7290226221084597,2.1696290969848637,ok,False,False,False,False,False,False
rosetta_repack,HIF2alpha__6D0B,7,0.9964897215297276,1.345693904061441,1.6729991744940291,1.7488830089569092,0.9964897215297276,1.345693904061441,1.246022343635559,1.345693826675415,ok,False,False,False,False,False,False
rosetta_repack,HIF2alpha__6D0B,8,0.9964897215297276,1.345693904061441,1.6729991744940291,1.7488830089569092,0.9964897215297276,1.345693904061441,1.246022343635559,1.345693826675415,ok,False,False,False,False,False,False
rosetta_repack,HIF2alpha__6D0B,9,1.724516651956446,2.1081543067278443,1.6729991744940291,1.7488830089569092,1.724516651956446,2.1081543067278443,1.7245166301727295,2.195823431015014,ok,False,False,False,False,False,False
rosetta_repack,HIF2alpha__6D0B,10,1.729022565595734,2.080856735422512,1.6729991744940291,1.7488830089569092,1.729022565595734,2.080856735422512,1.7290226221084597,2.1696290969848637,ok,False,False,False,False,False,False
rosetta_repack,HIF2alpha__6D0B,11,1.724516651956446,2.1081543067278443,1.6729991744940291,1.7488830089569092,1.724516651956446,2.1081543067278443,1.7245166301727295,2.195823431015014,ok,False,False,False,False,False,False
rosetta_repack,HIF2alpha__6D0B,12,1.729022565595734,2.080856735422512,1.6729991744940291,1.7488830089569092,1.729022565595734,2.080856735422512,1.7290226221084597,2.1696290969848637,ok,False,False,False,False,False,False
rosetta_repack,HIF2alpha__6D0B,13,1.729022565595734,2.080856735422512,1.6729991744940291,1.7488830089569092,1.729022565595734,2.080856735422512,1.7290226221084597,2.1696290969848637,ok,False,False,False,False,False,False
rosetta_repack,HIF2alpha__6D0B,14,1.729022565595734,2.080856735422512,1.6729991744940291,1.7488830089569092,1.729022565595734,2.080856735422512,1.7290226221084597,2.1696290969848637,ok,False,False,False,False,False,False
rosetta_repack,HIF2alpha__6D0B,15,1.729022565595734,2.080856735422512,1.6729991744940291,1.7488830089569092,1.729022565595734,2.080856735422512,1.7290226221084597,2.1696290969848637,ok,False,False,False,False,False,False
rosetta_repack,HIF2alpha__6D0B,16,1.729022565595734,2.080856735422512,1.6729991744940291,1.7488830089569092,1.729022565595734,2.080856735422512,1.7290226221084597,2.1696290969848637,ok,False,False,False,False,False,False
rosetta_repack,HIF2alpha__6D0B,17,1.729022565595734,2.080856735422512,1.6729991744940291,1.7488830089569092,1.729022565595734,2.080856735422512,1.7290226221084597,2.1696290969848637,ok,False,False,False,False,False,False
rosetta_repack,HIF2alpha__6D0B,18,1.729022565595734,2.080856735422512,1.6729991744940291,1.7488830089569092,1.729022565595734,2.080856735422512,1.7290226221084597,2.1696290969848637,ok,False,False,False,False,False,False
rosetta_repack,HIF2alpha__6D0B,19,0.9886508057196984,1.3875308685034886,1.6729991744940291,1.7488830089569092,0.9886508057196984,1.3875308685034886,1.2397621870040894,1.3875309228897097,ok,False,False,False,False,False,False
rosetta_repack,HIF2alpha__6D0B,20,0.9964897215297276,1.345693904061441,1.6729991744940291,1.7488830089569092,0.9964897215297276,1.345693904061441,1.246022343635559,1.345693826675415,ok,False,False,False,False,False,False
rosetta_repack,HIF2alpha__6D0B,21,1.729022565595734,2.080856735422512,1.6729991744940291,1.7488830089569092,1.729022565595734,2.080856735422512,1.7290226221084597,2.1696290969848637,ok,False,False,False,False,False,False
rosetta_repack,HIF2alpha__6D0B,22,1.729022565595734,2.080856735422512,1.6729991744940291,1.7488830089569092,1.729022565595734,2.080856735422512,1.7290226221084597,2.1696290969848637,ok,False,False,False,False,False,False
rosetta_repack,HIF2alpha__6D0B,23,0.9964897215297276,1.345693904061441,1.6729991744940291,1.7488830089569092,0.9964897215297276,1.345693904061441,1.246022343635559,1.345693826675415,ok,False,False,False,False,False,False
rosetta_repack,HIF2alpha__6D0B,24,0.9964897215297276,1.345693904061441,1.6729991744940291,1.7488830089569092,0.9964897215297276,1.345693904061441,1.246022343635559,1.345693826675415,ok,False,False,False,False,False,False
rosetta_repack,HIF2alpha__6D0B,25,1.729022565595734,2.080856735422512,1.6729991744940291,1.7488830089569092,1.729022565595734,2.080856735422512,1.7290226221084597,2.1696290969848637,ok,False,False,False,False,False,False
rosetta_repack,HIF2alpha__6D0B,26,0.9964897215297276,1.345693904061441,1.6729991744940291,1.7488830089569092,0.9964897215297276,1.345693904061441,1.246022343635559,1.345693826675415,ok,False,False,False,False,False,False
rosetta_repack,HIF2alpha__6D0B,27,1.729022565595734,2.080856735422512,1.6729991744940291,1.7488830089569092,1.729022565595734,2.080856735422512,1.7290226221084597,2.1696290969848637,ok,False,False,False,False,False,False
rosetta_repack,HIF2alpha__6D0B,28,1.724516651956446,2.1081543067278443,1.6729991744940291,1.7488830089569092,1.724516651956446,2.1081543067278443,1.7245166301727295,2.195823431015014,ok,False,False,False,False,False,False
rosetta_repack,HIF2alpha__6D0B,29,0.9964897215297276,1.345693904061441,1.6729991744940291,1.7488830089569092,0.9964897215297276,1.345693904061441,1.246022343635559,1.345693826675415,ok,False,False,False,False,False,False
rosetta_repack,HIV1_CA,0,1.1924257124059334,1.615399357484303,1.3207135415934947,1.3453065156936646,1.1924257124059334,1.615399357484303,1.1924258470535278,1.628996968269348,ok,False,False,False,False,False,False
rosetta_repack,HIV1_CA,1,1.1924257124059334,1.615399357484303,1.3207135415934947,1.3453065156936646,1.1924257124059334,1.615399357484303,1.1924258470535278,1.628996968269348,ok,False,False,False,False,False,False
rosetta_repack,HIV1_CA,2,1.1924257124059334,1.615399357484303,1.3207135415934947,1.3453065156936646,1.1924257124059334,1.615399357484303,1.1924258470535278,1.628996968269348,ok,False,False,False,False,False,False
rosetta_repack,HIV1_CA,3,1.1924257124059334,1.615399357484303,1.3207135415934947,1.3453065156936646,1.1924257124059334,1.615399357484303,1.1924258470535278,1.628996968269348,ok,False,False,False,False,False,False
rosetta_repack,HIV1_CA,4,1.1924257124059334,1.615399357484303,1.3207135415934947,1.3453065156936646,1.1924257124059334,1.615399357484303,1.1924258470535278,1.628996968269348,ok,False,False,False,False,False,False
rosetta_repack,HIV1_CA,5,1.1924257124059334,1.615399357484303,1.3207135415934947,1.3453065156936646,1.1924257124059334,1.615399357484303,1.1924258470535278,1.628996968269348,ok,False,False,False,False,False,False
rosetta_repack,HIV1_CA,6,1.1924257124059334,1.615399357484303,1.3207135415934947,1.3453065156936646,1.1924257124059334,1.615399357484303,1.1924258470535278,1.628996968269348,ok,False,False,False,False,False,False
rosetta_repack,HIV1_CA,7,1.1924257124059334,1.615399357484303,1.3207135415934947,1.3453065156936646,1.1924257124059334,1.615399357484303,1.1924258470535278,1.628996968269348,ok,False,False,False,False,False,False
rosetta_repack,HIV1_CA,8,1.1924257124059334,1.615399357484303,1.3207135415934947,1.3453065156936646,1.1924257124059334,1.615399357484303,1.1924258470535278,1.628996968269348,ok,False,False,False,False,False,False
rosetta_repack,HIV1_CA,9,1.1924257124059334,1.615399357484303,1.3207135415934947,1.3453065156936646,1.1924257124059334,1.615399357484303,1.1924258470535278,1.628996968269348,ok,False,False,False,False,False,False
rosetta_repack,HIV1_CA,10,0.9503304068668496,0.8070876817482713,1.3207135415934947,1.3453065156936646,0.9503304068668496,0.8070876817482713,0.950330376625061,0.8339703679084778,ok,True,True,True,True,True,True
rosetta_repack,HIV1_CA,11,1.1924257124059334,1.615399357484303,1.3207135415934947,1.3453065156936646,1.1924257124059334,1.615399357484303,1.1924258470535278,1.628996968269348,ok,False,False,False,False,False,False
rosetta_repack,HIV1_CA,12,1.1924257124059334,1.615399357484303,1.3207135415934947,1.3453065156936646,1.1924257124059334,1.615399357484303,1.1924258470535278,1.628996968269348,ok,False,False,False,False,False,False
rosetta_repack,HIV1_CA,13,1.1924257124059334,1.615399357484303,1.3207135415934947,1.3453065156936646,1.1924257124059334,1.615399357484303,1.1924258470535278,1.628996968269348,ok,False,False,False,False,False,False
rosetta_repack,HIV1_CA,14,1.1924257124059334,1.615399357484303,1.3207135415934947,1.3453065156936646,1.1924257124059334,1.615399357484303,1.1924258470535278,1.628996968269348,ok,False,False,False,False,False,False
rosetta_repack,HIV1_CA,15,1.1924257124059334,1.615399357484303,1.3207135415934947,1.3453065156936646,1.1924257124059334,1.615399357484303,1.1924258470535278,1.628996968269348,ok,False,False,False,False,False,False
rosetta_repack,HIV1_CA,16,0.9503304068668496,0.8070876817482713,1.3207135415934947,1.3453065156936646,0.9503304068668496,0.8070876817482713,0.950330376625061,0.8339703679084778,ok,True,True,True,True,True,True
rosetta_repack,HIV1_CA,17,1.1924257124059334,1.615399357484303,1.3207135415934947,1.3453065156936646,1.1924257124059334,1.615399357484303,1.1924258470535278,1.628996968269348,ok,False,False,False,False,False,False
rosetta_repack,HIV1_CA,18,1.1924257124059334,1.615399357484303,1.3207135415934947,1.3453065156936646,1.1924257124059334,1.615399357484303,1.1924258470535278,1.628996968269348,ok,False,False,False,False,False,False
rosetta_repack,HIV1_CA,19,1.1924257124059334,1.615399357484303,1.3207135415934947,1.3453065156936646,1.1924257124059334,1.615399357484303,1.1924258470535278,1.628996968269348,ok,False,False,False,False,False,False
rosetta_repack,HIV1_CA,20,1.1924257124059334,1.615399357484303,1.3207135415934947,1.3453065156936646,1.1924257124059334,1.615399357484303,1.1924258470535278,1.628996968269348,ok,False,False,False,False,False,False
rosetta_repack,HIV1_CA,21,1.1924257124059334,1.615399357484303,1.3207135415934947,1.3453065156936646,1.1924257124059334,1.615399357484303,1.1924258470535278,1.628996968269348,ok,False,False,False,False,False,False
rosetta_repack,HIV1_CA,22,1.1924257124059334,1.615399357484303,1.3207135415934947,1.3453065156936646,1.1924257124059334,1.615399357484303,1.1924258470535278,1.628996968269348,ok,False,False,False,False,False,False
rosetta_repack,HIV1_CA,23,1.1924257124059334,1.615399357484303,1.3207135415934947,1.3453065156936646,1.1924257124059334,1.615399357484303,1.1924258470535278,1.628996968269348,ok,False,False,False,False,False,False
rosetta_repack,HIV1_CA,24,1.1924257124059334,1.615399357484303,1.3207135415934947,1.3453065156936646,1.1924257124059334,1.615399357484303,1.1924258470535278,1.628996968269348,ok,False,False,False,False,False,False
rosetta_repack,HIV1_CA,25,1.1924257124059334,1.615399357484303,1.3207135415934947,1.3453065156936646,1.1924257124059334,1.615399357484303,1.1924258470535278,1.628996968269348,ok,False,False,False,False,False,False
rosetta_repack,HIV1_CA,26,1.1924257124059334,1.615399357484303,1.3207135415934947,1.3453065156936646,1.1924257124059334,1.615399357484303,1.1924258470535278,1.628996968269348,ok,False,False,False,False,False,False
rosetta_repack,HIV1_CA,27,1.1924257124059334,1.615399357484303,1.3207135415934947,1.3453065156936646,1.1924257124059334,1.615399357484303,1.1924258470535278,1.628996968269348,ok,False,False,False,False,False,False
rosetta_repack,HIV1_CA,28,1.1924257124059334,1.615399357484303,1.3207135415934947,1.3453065156936646,1.1924257124059334,1.615399357484303,1.1924258470535278,1.628996968269348,ok,False,False,False,False,False,False
rosetta_repack,HIV1_CA,29,1.1924257124059334,1.615399357484303,1.3207135415934947,1.3453065156936646,1.1924257124059334,1.615399357484303,1.1924258470535278,1.628996968269348,ok,False,False,False,False,False,False
rosetta_repack,HIV_RT,0,0.5882724582674407,3.067553100277732,3.055562157269878,3.073980569839477,0.5882724582674407,3.067553100277732,0.6253149509429932,3.0675532817840576,ok,False,False,False,False,False,False
rosetta_repack,HIV_RT,1,0.5882724582674407,3.067553100277732,3.055562157269878,3.073980569839477,0.5882724582674407,3.067553100277732,0.6253149509429932,3.0675532817840576,ok,False,False,False,False,False,False
rosetta_repack,HIV_RT,2,0.5882724582674407,3.067553100277732,3.055562157269878,3.073980569839477,0.5882724582674407,3.067553100277732,0.6253149509429932,3.0675532817840576,ok,False,False,False,False,False,False
rosetta_repack,HIV_RT,3,0.5882724582674407,3.067553100277732,3.055562157269878,3.073980569839477,0.5882724582674407,3.067553100277732,0.6253149509429932,3.0675532817840576,ok,False,False,False,False,False,False
rosetta_repack,HIV_RT,4,0.5882724582674407,3.067553100277732,3.055562157269878,3.073980569839477,0.5882724582674407,3.067553100277732,0.6253149509429932,3.0675532817840576,ok,False,False,False,False,False,False
rosetta_repack,HIV_RT,5,0.5882724582674407,3.067553100277732,3.055562157269878,3.073980569839477,0.5882724582674407,3.067553100277732,0.6253149509429932,3.0675532817840576,ok,False,False,False,False,False,False
rosetta_repack,HIV_RT,6,0.5882724582674407,3.067553100277732,3.055562157269878,3.073980569839477,0.5882724582674407,3.067553100277732,0.6253149509429932,3.0675532817840576,ok,False,False,False,False,False,False
rosetta_repack,HIV_RT,7,0.5882724582674407,3.067553100277732,3.055562157269878,3.073980569839477,0.5882724582674407,3.067553100277732,0.6253149509429932,3.0675532817840576,ok,False,False,False,False,False,False
rosetta_repack,HIV_RT,8,0.5882724582674407,3.067553100277732,3.055562157269878,3.073980569839477,0.5882724582674407,3.067553100277732,0.6253149509429932,3.0675532817840576,ok,False,False,False,False,False,False
rosetta_repack,HIV_RT,9,0.5882724582674407,3.067553100277732,3.055562157269878,3.073980569839477,0.5882724582674407,3.067553100277732,0.6253149509429932,3.0675532817840576,ok,False,False,False,False,False,False
rosetta_repack,HIV_RT,10,0.5882724582674407,3.067553100277732,3.055562157269878,3.073980569839477,0.5882724582674407,3.067553100277732,0.6253149509429932,3.0675532817840576,ok,False,False,False,False,False,False
rosetta_repack,HIV_RT,11,0.5882724582674407,3.067553100277732,3.055562157269878,3.073980569839477,0.5882724582674407,3.067553100277732,0.6253149509429932,3.0675532817840576,ok,False,False,False,False,False,False
rosetta_repack,HIV_RT,12,0.5882724582674407,3.067553100277732,3.055562157269878,3.073980569839477,0.5882724582674407,3.067553100277732,0.6253149509429932,3.0675532817840576,ok,False,False,False,False,False,False
rosetta_repack,HIV_RT,13,0.5882724582674407,3.067553100277732,3.055562157269878,3.073980569839477,0.5882724582674407,3.067553100277732,0.6253149509429932,3.0675532817840576,ok,False,False,False,False,False,False
rosetta_repack,HIV_RT,14,0.5882724582674407,3.067553100277732,3.055562157269878,3.073980569839477,0.5882724582674407,3.067553100277732,0.6253149509429932,3.0675532817840576,ok,False,False,False,False,False,False
rosetta_repack,HIV_RT,15,0.5682566341439825,3.0750275163980176,3.055562157269878,3.073980569839477,0.5682566341439825,3.0750275163980176,0.6065228581428528,3.0750274658203125,ok,False,False,False,False,False,False
rosetta_repack,HIV_RT,16,0.5882724582674407,3.067553100277732,3.055562157269878,3.073980569839477,0.5882724582674407,3.067553100277732,0.6253149509429932,3.0675532817840576,ok,False,False,False,False,False,False
rosetta_repack,HIV_RT,17,0.5882724582674407,3.067553100277732,3.055562157269878,3.073980569839477,0.5882724582674407,3.067553100277732,0.6253149509429932,3.0675532817840576,ok,False,False,False,False,False,False
rosetta_repack,HIV_RT,18,0.5882724582674407,3.067553100277732,3.055562157269878,3.073980569839477,0.5882724582674407,3.067553100277732,0.6253149509429932,3.0675532817840576,ok,False,False,False,False,False,False
rosetta_repack,HIV_RT,19,0.5882724582674407,3.067553100277732,3.055562157269878,3.073980569839477,0.5882724582674407,3.067553100277732,0.6253149509429932,3.0675532817840576,ok,False,False,False,False,False,False
rosetta_repack,HIV_RT,20,0.5882724582674407,3.067553100277732,3.055562157269878,3.073980569839477,0.5882724582674407,3.067553100277732,0.6253149509429932,3.0675532817840576,ok,False,False,False,False,False,False
rosetta_repack,HIV_RT,21,0.5452741048395044,3.019963645518533,3.055562157269878,3.073980569839477,0.5452741048395044,3.019963645518533,0.5850454568862915,3.0355465412139893,ok,False,False,False,False,False,False
rosetta_repack,HIV_RT,22,0.5882724582674407,3.067553100277732,3.055562157269878,3.073980569839477,0.5882724582674407,3.067553100277732,0.6253149509429932,3.0675532817840576,ok,False,False,False,False,False,False
rosetta_repack,HIV_RT,23,0.5882724582674407,3.067553100277732,3.055562157269878,3.073980569839477,0.5882724582674407,3.067553100277732,0.6253149509429932,3.0675532817840576,ok,False,False,False,False,False,False
rosetta_repack,HIV_RT,24,0.6005101278712031,3.085968005334527,3.055562157269878,3.073980569839477,0.6005101278712031,3.085968005334527,0.6368412375450134,3.085968255996704,ok,False,False,False,False,False,False
rosetta_repack,HIV_RT,25,0.5882724582674407,3.067553100277732,3.055562157269878,3.073980569839477,0.5882724582674407,3.067553100277732,0.6253149509429932,3.0675532817840576,ok,False,False,False,False,False,False
rosetta_repack,HIV_RT,26,0.5882724582674407,3.067553100277732,3.055562157269878,3.073980569839477,0.5882724582674407,3.067553100277732,0.6253149509429932,3.0675532817840576,ok,False,False,False,False,False,False
rosetta_repack,HIV_RT,27,0.5882724582674407,3.067553100277732,3.055562157269878,3.073980569839477,0.5882724582674407,3.067553100277732,0.6253149509429932,3.0675532817840576,ok,False,False,False,False,False,False
rosetta_repack,HIV_RT,28,0.5882724582674407,3.067553100277732,3.055562157269878,3.073980569839477,0.5882724582674407,3.067553100277732,0.6253149509429932,3.0675532817840576,ok,False,False,False,False,False,False
rosetta_repack,HIV_RT,29,0.5882724582674407,3.067553100277732,3.055562157269878,3.073980569839477,0.5882724582674407,3.067553100277732,0.6253149509429932,3.0675532817840576,ok,False,False,False,False,False,False
rosetta_repack,HIV_RT__3V81,0,0.4731710020339367,3.0723848845205466,3.0896312117090363,3.0896313190460205,0.4731710020339367,3.0723848845205466,0.4731709957122803,3.07238507270813,ok,False,False,False,False,False,False
rosetta_repack,HIV_RT__3V81,1,0.5202652791135634,3.104943226435233,3.0896312117090363,3.0896313190460205,0.5202652791135634,3.104943226435233,0.5202652812004089,3.10494327545166,ok,False,False,False,False,False,False
rosetta_repack,HIV_RT__3V81,2,0.4731710020339367,3.0723848845205466,3.0896312117090363,3.0896313190460205,0.4731710020339367,3.0723848845205466,0.4731709957122803,3.07238507270813,ok,False,False,False,False,False,False
rosetta_repack,HIV_RT__3V81,3,0.4731710020339367,3.0723848845205466,3.0896312117090363,3.0896313190460205,0.4731710020339367,3.0723848845205466,0.4731709957122803,3.07238507270813,ok,False,False,False,False,False,False
rosetta_repack,HIV_RT__3V81,4,0.5202652791135634,3.104943226435233,3.0896312117090363,3.0896313190460205,0.5202652791135634,3.104943226435233,0.5202652812004089,3.10494327545166,ok,False,False,False,False,False,False
rosetta_repack,HIV_RT__3V81,5,0.5202652791135634,3.104943226435233,3.0896312117090363,3.0896313190460205,0.5202652791135634,3.104943226435233,0.5202652812004089,3.10494327545166,ok,False,False,False,False,False,False
rosetta_repack,HIV_RT__3V81,6,0.5202652791135634,3.104943226435233,3.0896312117090363,3.0896313190460205,0.5202652791135634,3.104943226435233,0.5202652812004089,3.10494327545166,ok,False,False,False,False,False,False
rosetta_repack,HIV_RT__3V81,7,0.5202652791135634,3.104943226435233,3.0896312117090363,3.0896313190460205,0.5202652791135634,3.104943226435233,0.5202652812004089,3.10494327545166,ok,False,False,False,False,False,False
rosetta_repack,HIV_RT__3V81,8,0.5202652791135634,3.104943226435233,3.0896312117090363,3.0896313190460205,0.5202652791135634,3.104943226435233,0.5202652812004089,3.10494327545166,ok,False,False,False,False,False,False
rosetta_repack,HIV_RT__3V81,9,0.5202652791135634,3.104943226435233,3.0896312117090363,3.0896313190460205,0.5202652791135634,3.104943226435233,0.5202652812004089,3.10494327545166,ok,False,False,False,False,False,False
rosetta_repack,HIV_RT__3V81,10,0.5202652791135634,3.104943226435233,3.0896312117090363,3.0896313190460205,0.5202652791135634,3.104943226435233,0.5202652812004089,3.10494327545166,ok,False,False,False,False,False,False
rosetta_repack,HIV_RT__3V81,11,0.5202652791135634,3.104943226435233,3.0896312117090363,3.0896313190460205,0.5202652791135634,3.104943226435233,0.5202652812004089,3.10494327545166,ok,False,False,False,False,False,False
rosetta_repack,HIV_RT__3V81,12,0.5202652791135634,3.104943226435233,3.0896312117090363,3.0896313190460205,0.5202652791135634,3.104943226435233,0.5202652812004089,3.10494327545166,ok,False,False,False,False,False,False
rosetta_repack,HIV_RT__3V81,13,0.5202652791135634,3.104943226435233,3.0896312117090363,3.0896313190460205,0.5202652791135634,3.104943226435233,0.5202652812004089,3.10494327545166,ok,False,False,False,False,False,False
rosetta_repack,HIV_RT__3V81,14,0.5202652791135634,3.104943226435233,3.0896312117090363,3.0896313190460205,0.5202652791135634,3.104943226435233,0.5202652812004089,3.10494327545166,ok,False,False,False,False,False,False
rosetta_repack,HIV_RT__3V81,15,0.5202652791135634,3.104943226435233,3.0896312117090363,3.0896313190460205,0.5202652791135634,3.104943226435233,0.5202652812004089,3.10494327545166,ok,False,False,False,False,False,False
rosetta_repack,HIV_RT__3V81,16,0.5202652791135634,3.104943226435233,3.0896312117090363,3.0896313190460205,0.5202652791135634,3.104943226435233,0.5202652812004089,3.10494327545166,ok,False,False,False,False,False,False
rosetta_repack,HIV_RT__3V81,17,0.5202652791135634,3.104943226435233,3.0896312117090363,3.0896313190460205,0.5202652791135634,3.104943226435233,0.5202652812004089,3.10494327545166,ok,False,False,False,False,False,False
rosetta_repack,HIV_RT__3V81,18,0.5333877616572226,3.12190153505004,3.0896312117090363,3.0896313190460205,0.5333877616572226,3.12190153505004,0.5333877801895142,3.121901512145996,ok,False,False,False,False,False,False
rosetta_repack,HIV_RT__3V81,19,0.5202652791135634,3.104943226435233,3.0896312117090363,3.0896313190460205,0.5202652791135634,3.104943226435233,0.5202652812004089,3.10494327545166,ok,False,False,False,False,False,False
rosetta_repack,HIV_RT__3V81,20,0.5202652791135634,3.104943226435233,3.0896312117090363,3.0896313190460205,0.5202652791135634,3.104943226435233,0.5202652812004089,3.10494327545166,ok,False,False,False,False,False,False
rosetta_repack,HIV_RT__3V81,21,0.5202652791135634,3.104943226435233,3.0896312117090363,3.0896313190460205,0.5202652791135634,3.104943226435233,0.5202652812004089,3.10494327545166,ok,False,False,False,False,False,False
rosetta_repack,HIV_RT__3V81,22,0.5202652791135634,3.104943226435233,3.0896312117090363,3.0896313190460205,0.5202652791135634,3.104943226435233,0.5202652812004089,3.10494327545166,ok,False,False,False,False,False,False
rosetta_repack,HIV_RT__3V81,23,0.5202652791135634,3.104943226435233,3.0896312117090363,3.0896313190460205,0.5202652791135634,3.104943226435233,0.5202652812004089,3.10494327545166,ok,False,False,False,False,False,False
rosetta_repack,HIV_RT__3V81,24,0.5202652791135634,3.104943226435233,3.0896312117090363,3.0896313190460205,0.5202652791135634,3.104943226435233,0.5202652812004089,3.10494327545166,ok,False,False,False,False,False,False
rosetta_repack,HIV_RT__3V81,25,0.5202652791135634,3.104943226435233,3.0896312117090363,3.0896313190460205,0.5202652791135634,3.104943226435233,0.5202652812004089,3.10494327545166,ok,False,False,False,False,False,False
rosetta_repack,HIV_RT__3V81,26,0.5202652791135634,3.104943226435233,3.0896312117090363,3.0896313190460205,0.5202652791135634,3.104943226435233,0.5202652812004089,3.10494327545166,ok,False,False,False,False,False,False
rosetta_repack,HIV_RT__3V81,27,0.5202652791135634,3.104943226435233,3.0896312117090363,3.0896313190460205,0.5202652791135634,3.104943226435233,0.5202652812004089,3.10494327545166,ok,False,False,False,False,False,False
rosetta_repack,HIV_RT__3V81,28,0.5202652791135634,3.104943226435233,3.0896312117090363,3.0896313190460205,0.5202652791135634,3.104943226435233,0.5202652812004089,3.10494327545166,ok,False,False,False,False,False,False
rosetta_repack,HIV_RT__3V81,29,0.5202652791135634,3.104943226435233,3.0896312117090363,3.0896313190460205,0.5202652791135634,3.104943226435233,0.5202652812004089,3.10494327545166,ok,False,False,False,False,False,False
rosetta_repack,KRAS,0,0.6916930805080325,3.832348797369062,3.742426159251105,3.743377208709717,0.6916930805080325,3.832348797369062,0.6916930675506592,3.8374531269073486,ok,False,False,False,False,False,False
rosetta_repack,KRAS,1,0.6916930805080325,3.832348797369062,3.742426159251105,3.743377208709717,0.6916930805080325,3.832348797369062,0.6916930675506592,3.8374531269073486,ok,False,False,False,False,False,False
rosetta_repack,KRAS,2,0.6916930805080325,3.832348797369062,3.742426159251105,3.743377208709717,0.6916930805080325,3.832348797369062,0.6916930675506592,3.8374531269073486,ok,False,False,False,False,False,False
rosetta_repack,KRAS,3,0.6916930805080325,3.832348797369062,3.742426159251105,3.743377208709717,0.6916930805080325,3.832348797369062,0.6916930675506592,3.8374531269073486,ok,False,False,False,False,False,False
rosetta_repack,KRAS,4,0.6916930805080325,3.832348797369062,3.742426159251105,3.743377208709717,0.6916930805080325,3.832348797369062,0.6916930675506592,3.8374531269073486,ok,False,False,False,False,False,False
rosetta_repack,KRAS,5,0.6916930805080325,3.832348797369062,3.742426159251105,3.743377208709717,0.6916930805080325,3.832348797369062,0.6916930675506592,3.8374531269073486,ok,False,False,False,False,False,False
rosetta_repack,KRAS,6,0.6916930805080325,3.832348797369062,3.742426159251105,3.743377208709717,0.6916930805080325,3.832348797369062,0.6916930675506592,3.8374531269073486,ok,False,False,False,False,False,False
rosetta_repack,KRAS,7,0.6916930805080325,3.832348797369062,3.742426159251105,3.743377208709717,0.6916930805080325,3.832348797369062,0.6916930675506592,3.8374531269073486,ok,False,False,False,False,False,False
rosetta_repack,KRAS,8,0.6916930805080325,3.832348797369062,3.742426159251105,3.743377208709717,0.6916930805080325,3.832348797369062,0.6916930675506592,3.8374531269073486,ok,False,False,False,False,False,False
rosetta_repack,KRAS,9,0.6916930805080325,3.832348797369062,3.742426159251105,3.743377208709717,0.6916930805080325,3.832348797369062,0.6916930675506592,3.8374531269073486,ok,False,False,False,False,False,False
rosetta_repack,KRAS,10,0.6916930805080325,3.832348797369062,3.742426159251105,3.743377208709717,0.6916930805080325,3.832348797369062,0.6916930675506592,3.8374531269073486,ok,False,False,False,False,False,False
rosetta_repack,KRAS,11,0.6916930805080325,3.832348797369062,3.742426159251105,3.743377208709717,0.6916930805080325,3.832348797369062,0.6916930675506592,3.8374531269073486,ok,False,False,False,False,False,False
rosetta_repack,KRAS,12,0.6916930805080325,3.832348797369062,3.742426159251105,3.743377208709717,0.6916930805080325,3.832348797369062,0.6916930675506592,3.8374531269073486,ok,False,False,False,False,False,False
rosetta_repack,KRAS,13,0.6916930805080325,3.832348797369062,3.742426159251105,3.743377208709717,0.6916930805080325,3.832348797369062,0.6916930675506592,3.8374531269073486,ok,False,False,False,False,False,False
rosetta_repack,KRAS,14,0.6916930805080325,3.832348797369062,3.742426159251105,3.743377208709717,0.6916930805080325,3.832348797369062,0.6916930675506592,3.8374531269073486,ok,False,False,False,False,False,False
rosetta_repack,KRAS,15,0.6916930805080325,3.832348797369062,3.742426159251105,3.743377208709717,0.6916930805080325,3.832348797369062,0.6916930675506592,3.8374531269073486,ok,False,False,False,False,False,False
rosetta_repack,KRAS,16,0.6916930805080325,3.832348797369062,3.742426159251105,3.743377208709717,0.6916930805080325,3.832348797369062,0.6916930675506592,3.8374531269073486,ok,False,False,False,False,False,False
rosetta_repack,KRAS,17,0.6916930805080325,3.832348797369062,3.742426159251105,3.743377208709717,0.6916930805080325,3.832348797369062,0.6916930675506592,3.8374531269073486,ok,False,False,False,False,False,False
rosetta_repack,KRAS,18,0.6916930805080325,3.832348797369062,3.742426159251105,3.743377208709717,0.6916930805080325,3.832348797369062,0.6916930675506592,3.8374531269073486,ok,False,False,False,False,False,False
rosetta_repack,KRAS,19,0.6916930805080325,3.832348797369062,3.742426159251105,3.743377208709717,0.6916930805080325,3.832348797369062,0.6916930675506592,3.8374531269073486,ok,False,False,False,False,False,False
rosetta_repack,KRAS,20,0.6916930805080325,3.832348797369062,3.742426159251105,3.743377208709717,0.6916930805080325,3.832348797369062,0.6916930675506592,3.8374531269073486,ok,False,False,False,False,False,False
rosetta_repack,KRAS,21,0.6916930805080325,3.832348797369062,3.742426159251105,3.743377208709717,0.6916930805080325,3.832348797369062,0.6916930675506592,3.8374531269073486,ok,False,False,False,False,False,False
rosetta_repack,KRAS,22,0.6916930805080325,3.832348797369062,3.742426159251105,3.743377208709717,0.6916930805080325,3.832348797369062,0.6916930675506592,3.8374531269073486,ok,False,False,False,False,False,False
rosetta_repack,KRAS,23,0.6916930805080325,3.832348797369062,3.742426159251105,3.743377208709717,0.6916930805080325,3.832348797369062,0.6916930675506592,3.8374531269073486,ok,False,False,False,False,False,False
rosetta_repack,KRAS,24,0.6916930805080325,3.832348797369062,3.742426159251105,3.743377208709717,0.6916930805080325,3.832348797369062,0.6916930675506592,3.8374531269073486,ok,False,False,False,False,False,False
rosetta_repack,KRAS,25,0.6916930805080325,3.832348797369062,3.742426159251105,3.743377208709717,0.6916930805080325,3.832348797369062,0.6916930675506592,3.8374531269073486,ok,False,False,False,False,False,False
rosetta_repack,KRAS,26,0.6916930805080325,3.832348797369062,3.742426159251105,3.743377208709717,0.6916930805080325,3.832348797369062,0.6916930675506592,3.8374531269073486,ok,False,False,False,False,False,False
rosetta_repack,KRAS,27,0.6916930805080325,3.832348797369062,3.742426159251105,3.743377208709717,0.6916930805080325,3.832348797369062,0.6916930675506592,3.8374531269073486,ok,False,False,False,False,False,False
rosetta_repack,KRAS,28,0.6916930805080325,3.832348797369062,3.742426159251105,3.743377208709717,0.6916930805080325,3.832348797369062,0.6916930675506592,3.8374531269073486,ok,False,False,False,False,False,False
rosetta_repack,KRAS,29,0.6916930805080325,3.832348797369062,3.742426159251105,3.743377208709717,0.6916930805080325,3.832348797369062,0.6916930675506592,3.8374531269073486,ok,False,False,False,False,False,False
rosetta_repack,Menin,0,0.7223851757616666,1.028597655570232,1.2468617606125678,1.246861696243286,0.7223851757616666,1.028597655570232,0.7223852276802063,1.028597712516785,ok,False,False,False,False,False,False
rosetta_repack,Menin,1,0.7351727368449252,1.026393511439682,1.2468617606125678,1.246861696243286,0.7351727368449252,1.026393511439682,0.7351727485656738,1.0263935327529907,ok,False,False,False,False,False,False
rosetta_repack,Menin,2,0.7351727368449252,1.026393511439682,1.2468617606125678,1.246861696243286,0.7351727368449252,1.026393511439682,0.7351727485656738,1.0263935327529907,ok,False,False,False,False,False,False
rosetta_repack,Menin,3,0.6990986799759946,1.0305101347498966,1.2468617606125678,1.246861696243286,0.6990986799759946,1.0305101347498966,0.6990987062454224,1.030510187149048,ok,False,False,False,False,False,False
rosetta_repack,Menin,4,0.7351727368449252,1.026393511439682,1.2468617606125678,1.246861696243286,0.7351727368449252,1.026393511439682,0.7351727485656738,1.0263935327529907,ok,False,False,False,False,False,False
rosetta_repack,Menin,5,0.7351727368449252,1.026393511439682,1.2468617606125678,1.246861696243286,0.7351727368449252,1.026393511439682,0.7351727485656738,1.0263935327529907,ok,False,False,False,False,False,False
rosetta_repack,Menin,6,0.7351727368449252,1.026393511439682,1.2468617606125678,1.246861696243286,0.7351727368449252,1.026393511439682,0.7351727485656738,1.0263935327529907,ok,False,False,False,False,False,False
rosetta_repack,Menin,7,0.7351727368449252,1.026393511439682,1.2468617606125678,1.246861696243286,0.7351727368449252,1.026393511439682,0.7351727485656738,1.0263935327529907,ok,False,False,False,False,False,False
rosetta_repack,Menin,8,0.7351727368449252,1.026393511439682,1.2468617606125678,1.246861696243286,0.7351727368449252,1.026393511439682,0.7351727485656738,1.0263935327529907,ok,False,False,False,False,False,False
rosetta_repack,Menin,9,0.7223851757616666,1.028597655570232,1.2468617606125678,1.246861696243286,0.7223851757616666,1.028597655570232,0.7223852276802063,1.028597712516785,ok,False,False,False,False,False,False
rosetta_repack,Menin,10,0.7351727368449252,1.026393511439682,1.2468617606125678,1.246861696243286,0.7351727368449252,1.026393511439682,0.7351727485656738,1.0263935327529907,ok,False,False,False,False,False,False
rosetta_repack,Menin,11,0.7351727368449252,1.026393511439682,1.2468617606125678,1.246861696243286,0.7351727368449252,1.026393511439682,0.7351727485656738,1.0263935327529907,ok,False,False,False,False,False,False
rosetta_repack,Menin,12,0.6990986799759946,1.0305101347498966,1.2468617606125678,1.246861696243286,0.6990986799759946,1.0305101347498966,0.6990987062454224,1.030510187149048,ok,False,False,False,False,False,False
rosetta_repack,Menin,13,0.7223851757616666,1.028597655570232,1.2468617606125678,1.246861696243286,0.7223851757616666,1.028597655570232,0.7223852276802063,1.028597712516785,ok,False,False,False,False,False,False
rosetta_repack,Menin,14,0.7351727368449252,1.026393511439682,1.2468617606125678,1.246861696243286,0.7351727368449252,1.026393511439682,0.7351727485656738,1.0263935327529907,ok,False,False,False,False,False,False
rosetta_repack,Menin,15,0.7351727368449252,1.026393511439682,1.2468617606125678,1.246861696243286,0.7351727368449252,1.026393511439682,0.7351727485656738,1.0263935327529907,ok,False,False,False,False,False,False
rosetta_repack,Menin,16,0.7667768647029382,1.0107368383944408,1.2468617606125678,1.246861696243286,0.7667768647029382,1.0107368383944408,0.7667768597602844,1.0107368230819702,ok,False,False,False,False,False,False
rosetta_repack,Menin,17,0.7351727368449252,1.026393511439682,1.2468617606125678,1.246861696243286,0.7351727368449252,1.026393511439682,0.7351727485656738,1.0263935327529907,ok,False,False,False,False,False,False
rosetta_repack,Menin,18,0.6990986799759946,1.0305101347498966,1.2468617606125678,1.246861696243286,0.6990986799759946,1.0305101347498966,0.6990987062454224,1.030510187149048,ok,False,False,False,False,False,False
rosetta_repack,Menin,19,0.7351727368449252,1.026393511439682,1.2468617606125678,1.246861696243286,0.7351727368449252,1.026393511439682,0.7351727485656738,1.0263935327529907,ok,False,False,False,False,False,False
rosetta_repack,Menin,20,0.7223851757616666,1.028597655570232,1.2468617606125678,1.246861696243286,0.7223851757616666,1.028597655570232,0.7223852276802063,1.028597712516785,ok,False,False,False,False,False,False
rosetta_repack,Menin,21,0.7223851757616666,1.028597655570232,1.2468617606125678,1.246861696243286,0.7223851757616666,1.028597655570232,0.7223852276802063,1.028597712516785,ok,False,False,False,False,False,False
rosetta_repack,Menin,22,0.7351727368449252,1.026393511439682,1.2468617606125678,1.246861696243286,0.7351727368449252,1.026393511439682,0.7351727485656738,1.0263935327529907,ok,False,False,False,False,False,False
rosetta_repack,Menin,23,0.7351727368449252,1.026393511439682,1.2468617606125678,1.246861696243286,0.7351727368449252,1.026393511439682,0.7351727485656738,1.0263935327529907,ok,False,False,False,False,False,False
rosetta_repack,Menin,24,0.7667768647029382,1.0107368383944408,1.2468617606125678,1.246861696243286,0.7667768647029382,1.0107368383944408,0.7667768597602844,1.0107368230819702,ok,False,False,False,False,False,False
rosetta_repack,Menin,25,0.7351727368449252,1.026393511439682,1.2468617606125678,1.246861696243286,0.7351727368449252,1.026393511439682,0.7351727485656738,1.0263935327529907,ok,False,False,False,False,False,False
rosetta_repack,Menin,26,0.7351727368449252,1.026393511439682,1.2468617606125678,1.246861696243286,0.7351727368449252,1.026393511439682,0.7351727485656738,1.0263935327529907,ok,False,False,False,False,False,False
rosetta_repack,Menin,27,0.7351727368449252,1.026393511439682,1.2468617606125678,1.246861696243286,0.7351727368449252,1.026393511439682,0.7351727485656738,1.0263935327529907,ok,False,False,False,False,False,False
rosetta_repack,Menin,28,0.7351727368449252,1.026393511439682,1.2468617606125678,1.246861696243286,0.7351727368449252,1.026393511439682,0.7351727485656738,1.0263935327529907,ok,False,False,False,False,False,False
rosetta_repack,Menin,29,0.7351727368449252,1.026393511439682,1.2468617606125678,1.246861696243286,0.7351727368449252,1.026393511439682,0.7351727485656738,1.0263935327529907,ok,False,False,False,False,False,False
rosetta_repack,NDPK-A,0,0.8663216131883381,3.682373678344925,3.4697602388704447,3.4699201583862305,0.8663216131883381,3.682373678344925,0.8663216233253479,3.681753635406494,ok,False,False,False,False,False,False
rosetta_repack,NDPK-A,1,0.8663216131883381,3.682373678344925,3.4697602388704447,3.4699201583862305,0.8663216131883381,3.682373678344925,0.8663216233253479,3.681753635406494,ok,False,False,False,False,False,False
rosetta_repack,NDPK-A,2,0.8663216131883381,3.682373678344925,3.4697602388704447,3.4699201583862305,0.8663216131883381,3.682373678344925,0.8663216233253479,3.681753635406494,ok,False,False,False,False,False,False
rosetta_repack,NDPK-A,3,0.8663216131883381,3.682373678344925,3.4697602388704447,3.4699201583862305,0.8663216131883381,3.682373678344925,0.8663216233253479,3.681753635406494,ok,False,False,False,False,False,False
rosetta_repack,NDPK-A,4,0.8663216131883381,3.682373678344925,3.4697602388704447,3.4699201583862305,0.8663216131883381,3.682373678344925,0.8663216233253479,3.681753635406494,ok,False,False,False,False,False,False
rosetta_repack,NDPK-A,5,0.8663216131883381,3.682373678344925,3.4697602388704447,3.4699201583862305,0.8663216131883381,3.682373678344925,0.8663216233253479,3.681753635406494,ok,False,False,False,False,False,False
rosetta_repack,NDPK-A,6,0.8663216131883381,3.682373678344925,3.4697602388704447,3.4699201583862305,0.8663216131883381,3.682373678344925,0.8663216233253479,3.681753635406494,ok,False,False,False,False,False,False
rosetta_repack,NDPK-A,7,0.8663216131883381,3.682373678344925,3.4697602388704447,3.4699201583862305,0.8663216131883381,3.682373678344925,0.8663216233253479,3.681753635406494,ok,False,False,False,False,False,False
rosetta_repack,NDPK-A,8,0.8663216131883381,3.682373678344925,3.4697602388704447,3.4699201583862305,0.8663216131883381,3.682373678344925,0.8663216233253479,3.681753635406494,ok,False,False,False,False,False,False
rosetta_repack,NDPK-A,9,0.8663216131883381,3.682373678344925,3.4697602388704447,3.4699201583862305,0.8663216131883381,3.682373678344925,0.8663216233253479,3.681753635406494,ok,False,False,False,False,False,False
rosetta_repack,NDPK-A,10,0.8663216131883381,3.682373678344925,3.4697602388704447,3.4699201583862305,0.8663216131883381,3.682373678344925,0.8663216233253479,3.681753635406494,ok,False,False,False,False,False,False
rosetta_repack,NDPK-A,11,0.8663216131883381,3.682373678344925,3.4697602388704447,3.4699201583862305,0.8663216131883381,3.682373678344925,0.8663216233253479,3.681753635406494,ok,False,False,False,False,False,False
rosetta_repack,NDPK-A,12,0.8663216131883381,3.682373678344925,3.4697602388704447,3.4699201583862305,0.8663216131883381,3.682373678344925,0.8663216233253479,3.681753635406494,ok,False,False,False,False,False,False
rosetta_repack,NDPK-A,13,0.8663216131883381,3.682373678344925,3.4697602388704447,3.4699201583862305,0.8663216131883381,3.682373678344925,0.8663216233253479,3.681753635406494,ok,False,False,False,False,False,False
rosetta_repack,NDPK-A,14,0.8663216131883381,3.682373678344925,3.4697602388704447,3.4699201583862305,0.8663216131883381,3.682373678344925,0.8663216233253479,3.681753635406494,ok,False,False,False,False,False,False
rosetta_repack,NDPK-A,15,0.8663216131883381,3.682373678344925,3.4697602388704447,3.4699201583862305,0.8663216131883381,3.682373678344925,0.8663216233253479,3.681753635406494,ok,False,False,False,False,False,False
rosetta_repack,NDPK-A,16,0.7849373433010688,3.5969242514939586,3.4697602388704447,3.4699201583862305,0.7849373433010688,3.5969242514939586,0.7849373817443848,3.596924304962158,ok,False,False,False,False,False,False
rosetta_repack,NDPK-A,17,0.8663216131883381,3.682373678344925,3.4697602388704447,3.4699201583862305,0.8663216131883381,3.682373678344925,0.8663216233253479,3.681753635406494,ok,False,False,False,False,False,False
rosetta_repack,NDPK-A,18,0.8663216131883381,3.682373678344925,3.4697602388704447,3.4699201583862305,0.8663216131883381,3.682373678344925,0.8663216233253479,3.681753635406494,ok,False,False,False,False,False,False
rosetta_repack,NDPK-A,19,0.8663216131883381,3.682373678344925,3.4697602388704447,3.4699201583862305,0.8663216131883381,3.682373678344925,0.8663216233253479,3.681753635406494,ok,False,False,False,False,False,False
rosetta_repack,NDPK-A,20,0.8663216131883381,3.682373678344925,3.4697602388704447,3.4699201583862305,0.8663216131883381,3.682373678344925,0.8663216233253479,3.681753635406494,ok,False,False,False,False,False,False
rosetta_repack,NDPK-A,21,0.7849373433010688,3.5969242514939586,3.4697602388704447,3.4699201583862305,0.7849373433010688,3.5969242514939586,0.7849373817443848,3.596924304962158,ok,False,False,False,False,False,False
rosetta_repack,NDPK-A,22,0.8663216131883381,3.682373678344925,3.4697602388704447,3.4699201583862305,0.8663216131883381,3.682373678344925,0.8663216233253479,3.681753635406494,ok,False,False,False,False,False,False
rosetta_repack,NDPK-A,23,0.8663216131883381,3.682373678344925,3.4697602388704447,3.4699201583862305,0.8663216131883381,3.682373678344925,0.8663216233253479,3.681753635406494,ok,False,False,False,False,False,False
rosetta_repack,NDPK-A,24,0.8663216131883381,3.682373678344925,3.4697602388704447,3.4699201583862305,0.8663216131883381,3.682373678344925,0.8663216233253479,3.681753635406494,ok,False,False,False,False,False,False
rosetta_repack,NDPK-A,25,0.8663216131883381,3.682373678344925,3.4697602388704447,3.4699201583862305,0.8663216131883381,3.682373678344925,0.8663216233253479,3.681753635406494,ok,False,False,False,False,False,False
rosetta_repack,NDPK-A,26,0.8663216131883381,3.682373678344925,3.4697602388704447,3.4699201583862305,0.8663216131883381,3.682373678344925,0.8663216233253479,3.681753635406494,ok,False,False,False,False,False,False
rosetta_repack,NDPK-A,27,0.7849373433010688,3.5969242514939586,3.4697602388704447,3.4699201583862305,0.7849373433010688,3.5969242514939586,0.7849373817443848,3.596924304962158,ok,False,False,False,False,False,False
rosetta_repack,NDPK-A,28,0.8663216131883381,3.682373678344925,3.4697602388704447,3.4699201583862305,0.8663216131883381,3.682373678344925,0.8663216233253479,3.681753635406494,ok,False,False,False,False,False,False
rosetta_repack,NDPK-A,29,0.8663216131883381,3.682373678344925,3.4697602388704447,3.4699201583862305,0.8663216131883381,3.682373678344925,0.8663216233253479,3.681753635406494,ok,False,False,False,False,False,False
rosetta_repack,SHP2,0,1.4778079607571972,1.2599763790994996,1.8482636253491052,1.8406480550765991,1.4778079607571972,1.2599763790994996,1.5316334962844849,1.3028790950775146,ok,True,True,True,True,False,False
rosetta_repack,SHP2,1,1.4778079607571972,1.2599763790994996,1.8482636253491052,1.8406480550765991,1.4778079607571972,1.2599763790994996,1.5316334962844849,1.3028790950775146,ok,True,True,True,True,False,False
rosetta_repack,SHP2,2,1.3815693818950667,1.141140148558679,1.8482636253491052,1.8406480550765991,1.3815693818950667,1.141140148558679,1.351590275764465,1.1883409023284912,ok,True,True,True,True,False,False
rosetta_repack,SHP2,3,1.4778079607571972,1.2599763790994996,1.8482636253491052,1.8406480550765991,1.4778079607571972,1.2599763790994996,1.5316334962844849,1.3028790950775146,ok,True,True,True,True,False,False
rosetta_repack,SHP2,4,1.4778079607571972,1.2599763790994996,1.8482636253491052,1.8406480550765991,1.4778079607571972,1.2599763790994996,1.5316334962844849,1.3028790950775146,ok,True,True,True,True,False,False
rosetta_repack,SHP2,5,1.4778079607571972,1.2599763790994996,1.8482636253491052,1.8406480550765991,1.4778079607571972,1.2599763790994996,1.5316334962844849,1.3028790950775146,ok,True,True,True,True,False,False
rosetta_repack,SHP2,6,1.4778079607571972,1.2599763790994996,1.8482636253491052,1.8406480550765991,1.4778079607571972,1.2599763790994996,1.5316334962844849,1.3028790950775146,ok,True,True,True,True,False,False
rosetta_repack,SHP2,7,1.4778079607571972,1.2599763790994996,1.8482636253491052,1.8406480550765991,1.4778079607571972,1.2599763790994996,1.5316334962844849,1.3028790950775146,ok,True,True,True,True,False,False
rosetta_repack,SHP2,8,1.4778079607571972,1.2599763790994996,1.8482636253491052,1.8406480550765991,1.4778079607571972,1.2599763790994996,1.5316334962844849,1.3028790950775146,ok,True,True,True,True,False,False
rosetta_repack,SHP2,9,1.4778079607571972,1.2599763790994996,1.8482636253491052,1.8406480550765991,1.4778079607571972,1.2599763790994996,1.5316334962844849,1.3028790950775146,ok,True,True,True,True,False,False
rosetta_repack,SHP2,10,1.4778079607571972,1.2599763790994996,1.8482636253491052,1.8406480550765991,1.4778079607571972,1.2599763790994996,1.5316334962844849,1.3028790950775146,ok,True,True,True,True,False,False
rosetta_repack,SHP2,11,1.4778079607571972,1.2599763790994996,1.8482636253491052,1.8406480550765991,1.4778079607571972,1.2599763790994996,1.5316334962844849,1.3028790950775146,ok,True,True,True,True,False,False
rosetta_repack,SHP2,12,1.014799272449038,1.6152627141319311,1.8482636253491052,1.8406480550765991,1.014799272449038,1.6152627141319311,1.0147993564605713,1.6147953271865845,ok,False,False,False,False,False,False
rosetta_repack,SHP2,13,1.4778079607571972,1.2599763790994996,1.8482636253491052,1.8406480550765991,1.4778079607571972,1.2599763790994996,1.5316334962844849,1.3028790950775146,ok,True,True,True,True,False,False
rosetta_repack,SHP2,14,1.0169598321626157,1.613249176331289,1.8482636253491052,1.8406480550765991,1.0169598321626157,1.613249176331289,1.0169599056243896,1.6075270175933838,ok,False,False,False,False,False,False
rosetta_repack,SHP2,15,1.4778079607571972,1.2599763790994996,1.8482636253491052,1.8406480550765991,1.4778079607571972,1.2599763790994996,1.5316334962844849,1.3028790950775146,ok,True,True,True,True,False,False
rosetta_repack,SHP2,16,1.4778079607571972,1.2599763790994996,1.8482636253491052,1.8406480550765991,1.4778079607571972,1.2599763790994996,1.5316334962844849,1.3028790950775146,ok,True,True,True,True,False,False
rosetta_repack,SHP2,17,1.4778079607571972,1.2599763790994996,1.8482636253491052,1.8406480550765991,1.4778079607571972,1.2599763790994996,1.5316334962844849,1.3028790950775146,ok,True,True,True,True,False,False
rosetta_repack,SHP2,18,1.4778079607571972,1.2599763790994996,1.8482636253491052,1.8406480550765991,1.4778079607571972,1.2599763790994996,1.5316334962844849,1.3028790950775146,ok,True,True,True,True,False,False
rosetta_repack,SHP2,19,1.4778079607571972,1.2599763790994996,1.8482636253491052,1.8406480550765991,1.4778079607571972,1.2599763790994996,1.5316334962844849,1.3028790950775146,ok,True,True,True,True,False,False
rosetta_repack,SHP2,20,1.4778079607571972,1.2599763790994996,1.8482636253491052,1.8406480550765991,1.4778079607571972,1.2599763790994996,1.5316334962844849,1.3028790950775146,ok,True,True,True,True,False,False
rosetta_repack,SHP2,21,1.014799272449038,1.6152627141319311,1.8482636253491052,1.8406480550765991,1.014799272449038,1.6152627141319311,1.0147993564605713,1.6147953271865845,ok,False,False,False,False,False,False
rosetta_repack,SHP2,22,1.4778079607571972,1.2599763790994996,1.8482636253491052,1.8406480550765991,1.4778079607571972,1.2599763790994996,1.5316334962844849,1.3028790950775146,ok,True,True,True,True,False,False
rosetta_repack,SHP2,23,1.4778079607571972,1.2599763790994996,1.8482636253491052,1.8406480550765991,1.4778079607571972,1.2599763790994996,1.5316334962844849,1.3028790950775146,ok,True,True,True,True,False,False
rosetta_repack,SHP2,24,1.4778079607571972,1.2599763790994996,1.8482636253491052,1.8406480550765991,1.4778079607571972,1.2599763790994996,1.5316334962844849,1.3028790950775146,ok,True,True,True,True,False,False
rosetta_repack,SHP2,25,1.4778079607571972,1.2599763790994996,1.8482636253491052,1.8406480550765991,1.4778079607571972,1.2599763790994996,1.5316334962844849,1.3028790950775146,ok,True,True,True,True,False,False
rosetta_repack,SHP2,26,1.4778079607571972,1.2599763790994996,1.8482636253491052,1.8406480550765991,1.4778079607571972,1.2599763790994996,1.5316334962844849,1.3028790950775146,ok,True,True,True,True,False,False
rosetta_repack,SHP2,27,1.3815693818950667,1.141140148558679,1.8482636253491052,1.8406480550765991,1.3815693818950667,1.141140148558679,1.351590275764465,1.1883409023284912,ok,True,True,True,True,False,False
rosetta_repack,SHP2,28,1.1582517947015536,1.3377854998623175,1.8482636253491052,1.8406480550765991,1.1582517947015536,1.3377854998623175,1.1223233938217163,1.3782683610916138,ok,False,False,False,False,False,False
rosetta_repack,SHP2,29,1.4778079607571972,1.2599763790994996,1.8482636253491052,1.8406480550765991,1.4778079607571972,1.2599763790994996,1.5316334962844849,1.3028790950775146,ok,True,True,True,True,False,False
rosetta_repack,THSR,0,1.5159102561430269,0.8678126479779634,1.616455574028625,1.562853455543518,1.5159102561430269,0.8678126479779634,1.4680848121643066,0.8678126335144043,ok,True,True,True,True,True,True
rosetta_repack,THSR,1,1.5159102561430269,0.8678126479779634,1.616455574028625,1.562853455543518,1.5159102561430269,0.8678126479779634,1.4680848121643066,0.8678126335144043,ok,True,True,True,True,True,True
rosetta_repack,THSR,2,1.5159102561430269,0.8678126479779634,1.616455574028625,1.562853455543518,1.5159102561430269,0.8678126479779634,1.4680848121643066,0.8678126335144043,ok,True,True,True,True,True,True
rosetta_repack,THSR,3,1.5159102561430269,0.8678126479779634,1.616455574028625,1.562853455543518,1.5159102561430269,0.8678126479779634,1.4680848121643066,0.8678126335144043,ok,True,True,True,True,True,True
rosetta_repack,THSR,4,1.5159102561430269,0.8678126479779634,1.616455574028625,1.562853455543518,1.5159102561430269,0.8678126479779634,1.4680848121643066,0.8678126335144043,ok,True,True,True,True,True,True
rosetta_repack,THSR,5,1.5159102561430269,0.8678126479779634,1.616455574028625,1.562853455543518,1.5159102561430269,0.8678126479779634,1.4680848121643066,0.8678126335144043,ok,True,True,True,True,True,True
rosetta_repack,THSR,6,1.5159102561430269,0.8678126479779634,1.616455574028625,1.562853455543518,1.5159102561430269,0.8678126479779634,1.4680848121643066,0.8678126335144043,ok,True,True,True,True,True,True
rosetta_repack,THSR,7,1.5159102561430269,0.8678126479779634,1.616455574028625,1.562853455543518,1.5159102561430269,0.8678126479779634,1.4680848121643066,0.8678126335144043,ok,True,True,True,True,True,True
rosetta_repack,THSR,8,1.5159102561430269,0.8678126479779634,1.616455574028625,1.562853455543518,1.5159102561430269,0.8678126479779634,1.4680848121643066,0.8678126335144043,ok,True,True,True,True,True,True
rosetta_repack,THSR,9,1.5159102561430269,0.8678126479779634,1.616455574028625,1.562853455543518,1.5159102561430269,0.8678126479779634,1.4680848121643066,0.8678126335144043,ok,True,True,True,True,True,True
rosetta_repack,THSR,10,1.5159102561430269,0.8678126479779634,1.616455574028625,1.562853455543518,1.5159102561430269,0.8678126479779634,1.4680848121643066,0.8678126335144043,ok,True,True,True,True,True,True
rosetta_repack,THSR,11,1.5159102561430269,0.8678126479779634,1.616455574028625,1.562853455543518,1.5159102561430269,0.8678126479779634,1.4680848121643066,0.8678126335144043,ok,True,True,True,True,True,True
rosetta_repack,THSR,12,1.5159102561430269,0.8678126479779634,1.616455574028625,1.562853455543518,1.5159102561430269,0.8678126479779634,1.4680848121643066,0.8678126335144043,ok,True,True,True,True,True,True
rosetta_repack,THSR,13,1.5159102561430269,0.8678126479779634,1.616455574028625,1.562853455543518,1.5159102561430269,0.8678126479779634,1.4680848121643066,0.8678126335144043,ok,True,True,True,True,True,True
rosetta_repack,THSR,14,1.5159102561430269,0.8678126479779634,1.616455574028625,1.562853455543518,1.5159102561430269,0.8678126479779634,1.4680848121643066,0.8678126335144043,ok,True,True,True,True,True,True
rosetta_repack,THSR,15,1.5159102561430269,0.8678126479779634,1.616455574028625,1.562853455543518,1.5159102561430269,0.8678126479779634,1.4680848121643066,0.8678126335144043,ok,True,True,True,True,True,True
rosetta_repack,THSR,16,1.5159102561430269,0.8678126479779634,1.616455574028625,1.562853455543518,1.5159102561430269,0.8678126479779634,1.4680848121643066,0.8678126335144043,ok,True,True,True,True,True,True
rosetta_repack,THSR,17,1.5159102561430269,0.8678126479779634,1.616455574028625,1.562853455543518,1.5159102561430269,0.8678126479779634,1.4680848121643066,0.8678126335144043,ok,True,True,True,True,True,True
rosetta_repack,THSR,18,1.5159102561430269,0.8678126479779634,1.616455574028625,1.562853455543518,1.5159102561430269,0.8678126479779634,1.4680848121643066,0.8678126335144043,ok,True,True,True,True,True,True
rosetta_repack,THSR,19,1.5159102561430269,0.8678126479779634,1.616455574028625,1.562853455543518,1.5159102561430269,0.8678126479779634,1.4680848121643066,0.8678126335144043,ok,True,True,True,True,True,True
rosetta_repack,THSR,20,1.5159102561430269,0.8678126479779634,1.616455574028625,1.562853455543518,1.5159102561430269,0.8678126479779634,1.4680848121643066,0.8678126335144043,ok,True,True,True,True,True,True
rosetta_repack,THSR,21,1.5159102561430269,0.8678126479779634,1.616455574028625,1.562853455543518,1.5159102561430269,0.8678126479779634,1.4680848121643066,0.8678126335144043,ok,True,True,True,True,True,True
rosetta_repack,THSR,22,1.5159102561430269,0.8678126479779634,1.616455574028625,1.562853455543518,1.5159102561430269,0.8678126479779634,1.4680848121643066,0.8678126335144043,ok,True,True,True,True,True,True
rosetta_repack,THSR,23,1.5159102561430269,0.8678126479779634,1.616455574028625,1.562853455543518,1.5159102561430269,0.8678126479779634,1.4680848121643066,0.8678126335144043,ok,True,True,True,True,True,True
rosetta_repack,THSR,24,1.5159102561430269,0.8678126479779634,1.616455574028625,1.562853455543518,1.5159102561430269,0.8678126479779634,1.4680848121643066,0.8678126335144043,ok,True,True,True,True,True,True
rosetta_repack,THSR,25,1.5159102561430269,0.8678126479779634,1.616455574028625,1.562853455543518,1.5159102561430269,0.8678126479779634,1.4680848121643066,0.8678126335144043,ok,True,True,True,True,True,True
rosetta_repack,THSR,26,1.5159102561430269,0.8678126479779634,1.616455574028625,1.562853455543518,1.5159102561430269,0.8678126479779634,1.4680848121643066,0.8678126335144043,ok,True,True,True,True,True,True
rosetta_repack,THSR,27,1.5159102561430269,0.8678126479779634,1.616455574028625,1.562853455543518,1.5159102561430269,0.8678126479779634,1.4680848121643066,0.8678126335144043,ok,True,True,True,True,True,True
rosetta_repack,THSR,28,1.5159102561430269,0.8678126479779634,1.616455574028625,1.562853455543518,1.5159102561430269,0.8678126479779634,1.4680848121643066,0.8678126335144043,ok,True,True,True,True,True,True
rosetta_repack,THSR,29,1.5159102561430269,0.8678126479779634,1.616455574028625,1.562853455543518,1.5159102561430269,0.8678126479779634,1.4680848121643066,0.8678126335144043,ok,True,True,True,True,True,True
rosetta_repack,THSR__7UTZ,0,2.042985911989621,2.4277164279302714,2.4345552542057787,2.4345552921295166,2.042985911989621,2.4277164279302714,1.961223006248474,2.4277162551879883,ok,False,False,False,False,False,False
rosetta_repack,THSR__7UTZ,1,2.042985911989621,2.4277164279302714,2.4345552542057787,2.4345552921295166,2.042985911989621,2.4277164279302714,1.961223006248474,2.4277162551879883,ok,False,False,False,False,False,False
rosetta_repack,THSR__7UTZ,2,2.042985911989621,2.4277164279302714,2.4345552542057787,2.4345552921295166,2.042985911989621,2.4277164279302714,1.961223006248474,2.4277162551879883,ok,False,False,False,False,False,False
rosetta_repack,THSR__7UTZ,3,2.042985911989621,2.4277164279302714,2.4345552542057787,2.4345552921295166,2.042985911989621,2.4277164279302714,1.961223006248474,2.4277162551879883,ok,False,False,False,False,False,False
rosetta_repack,THSR__7UTZ,4,2.042985911989621,2.4277164279302714,2.4345552542057787,2.4345552921295166,2.042985911989621,2.4277164279302714,1.961223006248474,2.4277162551879883,ok,False,False,False,False,False,False
rosetta_repack,THSR__7UTZ,5,2.042985911989621,2.4277164279302714,2.4345552542057787,2.4345552921295166,2.042985911989621,2.4277164279302714,1.961223006248474,2.4277162551879883,ok,False,False,False,False,False,False
rosetta_repack,THSR__7UTZ,6,2.042985911989621,2.4277164279302714,2.4345552542057787,2.4345552921295166,2.042985911989621,2.4277164279302714,1.961223006248474,2.4277162551879883,ok,False,False,False,False,False,False
rosetta_repack,THSR__7UTZ,7,2.042985911989621,2.4277164279302714,2.4345552542057787,2.4345552921295166,2.042985911989621,2.4277164279302714,1.961223006248474,2.4277162551879883,ok,False,False,False,False,False,False
rosetta_repack,THSR__7UTZ,8,2.042985911989621,2.4277164279302714,2.4345552542057787,2.4345552921295166,2.042985911989621,2.4277164279302714,1.961223006248474,2.4277162551879883,ok,False,False,False,False,False,False
rosetta_repack,THSR__7UTZ,9,2.042985911989621,2.4277164279302714,2.4345552542057787,2.4345552921295166,2.042985911989621,2.4277164279302714,1.961223006248474,2.4277162551879883,ok,False,False,False,False,False,False
rosetta_repack,THSR__7UTZ,10,2.042985911989621,2.4277164279302714,2.4345552542057787,2.4345552921295166,2.042985911989621,2.4277164279302714,1.961223006248474,2.4277162551879883,ok,False,False,False,False,False,False
rosetta_repack,THSR__7UTZ,11,2.042985911989621,2.4277164279302714,2.4345552542057787,2.4345552921295166,2.042985911989621,2.4277164279302714,1.961223006248474,2.4277162551879883,ok,False,False,False,False,False,False
rosetta_repack,THSR__7UTZ,12,2.042985911989621,2.4277164279302714,2.4345552542057787,2.4345552921295166,2.042985911989621,2.4277164279302714,1.961223006248474,2.4277162551879883,ok,False,False,False,False,False,False
rosetta_repack,THSR__7UTZ,13,2.042985911989621,2.4277164279302714,2.4345552542057787,2.4345552921295166,2.042985911989621,2.4277164279302714,1.961223006248474,2.4277162551879883,ok,False,False,False,False,False,False
rosetta_repack,THSR__7UTZ,14,2.042985911989621,2.4277164279302714,2.4345552542057787,2.4345552921295166,2.042985911989621,2.4277164279302714,1.961223006248474,2.4277162551879883,ok,False,False,False,False,False,False
rosetta_repack,THSR__7UTZ,15,2.042985911989621,2.4277164279302714,2.4345552542057787,2.4345552921295166,2.042985911989621,2.4277164279302714,1.961223006248474,2.4277162551879883,ok,False,False,False,False,False,False
rosetta_repack,THSR__7UTZ,16,2.042985911989621,2.4277164279302714,2.4345552542057787,2.4345552921295166,2.042985911989621,2.4277164279302714,1.961223006248474,2.4277162551879883,ok,False,False,False,False,False,False
rosetta_repack,THSR__7UTZ,17,2.042985911989621,2.4277164279302714,2.4345552542057787,2.4345552921295166,2.042985911989621,2.4277164279302714,1.961223006248474,2.4277162551879883,ok,False,False,False,False,False,False
rosetta_repack,THSR__7UTZ,18,2.042985911989621,2.4277164279302714,2.4345552542057787,2.4345552921295166,2.042985911989621,2.4277164279302714,1.961223006248474,2.4277162551879883,ok,False,False,False,False,False,False
rosetta_repack,THSR__7UTZ,19,2.042985911989621,2.4277164279302714,2.4345552542057787,2.4345552921295166,2.042985911989621,2.4277164279302714,1.961223006248474,2.4277162551879883,ok,False,False,False,False,False,False
rosetta_repack,THSR__7UTZ,20,2.042985911989621,2.4277164279302714,2.4345552542057787,2.4345552921295166,2.042985911989621,2.4277164279302714,1.961223006248474,2.4277162551879883,ok,False,False,False,False,False,False
rosetta_repack,THSR__7UTZ,21,2.042985911989621,2.4277164279302714,2.4345552542057787,2.4345552921295166,2.042985911989621,2.4277164279302714,1.961223006248474,2.4277162551879883,ok,False,False,False,False,False,False
rosetta_repack,THSR__7UTZ,22,2.042985911989621,2.4277164279302714,2.4345552542057787,2.4345552921295166,2.042985911989621,2.4277164279302714,1.961223006248474,2.4277162551879883,ok,False,False,False,False,False,False
rosetta_repack,THSR__7UTZ,23,2.042985911989621,2.4277164279302714,2.4345552542057787,2.4345552921295166,2.042985911989621,2.4277164279302714,1.961223006248474,2.4277162551879883,ok,False,False,False,False,False,False
rosetta_repack,THSR__7UTZ,24,2.042985911989621,2.4277164279302714,2.4345552542057787,2.4345552921295166,2.042985911989621,2.4277164279302714,1.961223006248474,2.4277162551879883,ok,False,False,False,False,False,False
rosetta_repack,THSR__7UTZ,25,2.042985911989621,2.4277164279302714,2.4345552542057787,2.4345552921295166,2.042985911989621,2.4277164279302714,1.961223006248474,2.4277162551879883,ok,False,False,False,False,False,False
rosetta_repack,THSR__7UTZ,26,2.042985911989621,2.4277164279302714,2.4345552542057787,2.4345552921295166,2.042985911989621,2.4277164279302714,1.961223006248474,2.4277162551879883,ok,False,False,False,False,False,False
rosetta_repack,THSR__7UTZ,27,2.042985911989621,2.4277164279302714,2.4345552542057787,2.4345552921295166,2.042985911989621,2.4277164279302714,1.961223006248474,2.4277162551879883,ok,False,False,False,False,False,False
rosetta_repack,THSR__7UTZ,28,2.042985911989621,2.4277164279302714,2.4345552542057787,2.4345552921295166,2.042985911989621,2.4277164279302714,1.961223006248474,2.4277162551879883,ok,False,False,False,False,False,False
rosetta_repack,THSR__7UTZ,29,2.042985911989621,2.4277164279302714,2.4345552542057787,2.4345552921295166,2.042985911989621,2.4277164279302714,1.961223006248474,2.4277162551879883,ok,False,False,False,False,False,False
rosetta_repack,betaLG,0,1.3299948909881971,1.5820751012921432,1.3972391993938094,1.357591152191162,1.3299948909881971,1.5820751012921432,1.339876651763916,1.5880626440048218,ok,False,False,False,False,False,False
rosetta_repack,betaLG,1,1.3299948909881971,1.5820751012921432,1.3972391993938094,1.357591152191162,1.3299948909881971,1.5820751012921432,1.339876651763916,1.5880626440048218,ok,False,False,False,False,False,False
rosetta_repack,betaLG,2,1.3109640240347336,1.5917470588582254,1.3972391993938094,1.357591152191162,1.3109640240347336,1.5917470588582254,1.3209881782531738,1.597698450088501,ok,False,False,False,False,False,False
rosetta_repack,betaLG,3,1.329298827810972,1.587275065775722,1.3972391993938094,1.357591152191162,1.329298827810972,1.587275065775722,1.3391857147216797,1.59324312210083,ok,False,False,False,False,False,False
rosetta_repack,betaLG,4,1.329298827810972,1.587275065775722,1.3972391993938094,1.357591152191162,1.329298827810972,1.587275065775722,1.3391857147216797,1.59324312210083,ok,False,False,False,False,False,False
rosetta_repack,betaLG,5,1.3273274906091082,1.6195195012774968,1.3972391993938094,1.357591152191162,1.3273274906091082,1.6195195012774968,1.3372290134429932,1.6253691911697388,ok,False,False,False,False,False,False
rosetta_repack,betaLG,6,1.329298827810972,1.587275065775722,1.3972391993938094,1.357591152191162,1.329298827810972,1.587275065775722,1.3391857147216797,1.59324312210083,ok,False,False,False,False,False,False
rosetta_repack,betaLG,7,1.310257850912659,1.596915529290322,1.3972391993938094,1.357591152191162,1.310257850912659,1.596915529290322,1.3202873468399048,1.6028478145599363,ok,False,False,False,False,False,False
rosetta_repack,betaLG,8,1.329298827810972,1.587275065775722,1.3972391993938094,1.357591152191162,1.329298827810972,1.587275065775722,1.3391857147216797,1.59324312210083,ok,False,False,False,False,False,False
rosetta_repack,betaLG,9,1.30087055038145,1.538970056821492,1.3972391993938094,1.357591152191162,1.30087055038145,1.538970056821492,1.3109718561172483,1.5451247692108154,ok,False,False,False,False,False,False
rosetta_repack,betaLG,10,1.329298827810972,1.587275065775722,1.3972391993938094,1.357591152191162,1.329298827810972,1.587275065775722,1.3391857147216797,1.59324312210083,ok,False,False,False,False,False,False
rosetta_repack,betaLG,11,1.329298827810972,1.587275065775722,1.3972391993938094,1.357591152191162,1.329298827810972,1.587275065775722,1.3391857147216797,1.59324312210083,ok,False,False,False,False,False,False
rosetta_repack,betaLG,12,1.3109640240347336,1.5917470588582254,1.3972391993938094,1.357591152191162,1.3109640240347336,1.5917470588582254,1.3209881782531738,1.597698450088501,ok,False,False,False,False,False,False
rosetta_repack,betaLG,13,1.3461270389781337,1.6100143917874914,1.3972391993938094,1.357591152191162,1.3461270389781337,1.6100143917874914,1.355891227722168,1.6158984899520874,ok,False,False,False,False,False,False
rosetta_repack,betaLG,14,1.329298827810972,1.587275065775722,1.3972391993938094,1.357591152191162,1.329298827810972,1.587275065775722,1.3391857147216797,1.59324312210083,ok,False,False,False,False,False,False
rosetta_repack,betaLG,15,1.329298827810972,1.587275065775722,1.3972391993938094,1.357591152191162,1.329298827810972,1.587275065775722,1.3391857147216797,1.59324312210083,ok,False,False,False,False,False,False
rosetta_repack,betaLG,16,1.310257850912659,1.596915529290322,1.3972391993938094,1.357591152191162,1.310257850912659,1.596915529290322,1.3202873468399048,1.6028478145599363,ok,False,False,False,False,False,False
rosetta_repack,betaLG,17,1.329298827810972,1.587275065775722,1.3972391993938094,1.357591152191162,1.329298827810972,1.587275065775722,1.3391857147216797,1.59324312210083,ok,False,False,False,False,False,False
rosetta_repack,betaLG,18,1.3299948909881971,1.5820751012921432,1.3972391993938094,1.357591152191162,1.3299948909881971,1.5820751012921432,1.339876651763916,1.5880626440048218,ok,False,False,False,False,False,False
rosetta_repack,betaLG,19,1.310257850912659,1.596915529290322,1.3972391993938094,1.357591152191162,1.310257850912659,1.596915529290322,1.3202873468399048,1.6028478145599363,ok,False,False,False,False,False,False
rosetta_repack,betaLG,20,1.3299948909881971,1.5820751012921432,1.3972391993938094,1.357591152191162,1.3299948909881971,1.5820751012921432,1.339876651763916,1.5880626440048218,ok,False,False,False,False,False,False
rosetta_repack,betaLG,21,1.310257850912659,1.596915529290322,1.3972391993938094,1.357591152191162,1.310257850912659,1.596915529290322,1.3202873468399048,1.6028478145599363,ok,False,False,False,False,False,False
rosetta_repack,betaLG,22,1.329298827810972,1.587275065775722,1.3972391993938094,1.357591152191162,1.329298827810972,1.587275065775722,1.3391857147216797,1.59324312210083,ok,False,False,False,False,False,False
rosetta_repack,betaLG,23,1.329298827810972,1.587275065775722,1.3972391993938094,1.357591152191162,1.329298827810972,1.587275065775722,1.3391857147216797,1.59324312210083,ok,False,False,False,False,False,False
rosetta_repack,betaLG,24,1.3299948909881971,1.5820751012921432,1.3972391993938094,1.357591152191162,1.3299948909881971,1.5820751012921432,1.339876651763916,1.5880626440048218,ok,False,False,False,False,False,False
rosetta_repack,betaLG,25,1.3461270389781337,1.6100143917874914,1.3972391993938094,1.357591152191162,1.3461270389781337,1.6100143917874914,1.355891227722168,1.6158984899520874,ok,False,False,False,False,False,False
rosetta_repack,betaLG,26,1.3109640240347336,1.5917470588582254,1.3972391993938094,1.357591152191162,1.3109640240347336,1.5917470588582254,1.3209881782531738,1.597698450088501,ok,False,False,False,False,False,False
rosetta_repack,betaLG,27,1.329298827810972,1.587275065775722,1.3972391993938094,1.357591152191162,1.329298827810972,1.587275065775722,1.3391857147216797,1.59324312210083,ok,False,False,False,False,False,False
rosetta_repack,betaLG,28,1.3299948909881971,1.5820751012921432,1.3972391993938094,1.357591152191162,1.3299948909881971,1.5820751012921432,1.339876651763916,1.5880626440048218,ok,False,False,False,False,False,False
rosetta_repack,betaLG,29,1.3109640240347336,1.5917470588582254,1.3972391993938094,1.357591152191162,1.3109640240347336,1.5917470588582254,1.3209881782531738,1.597698450088501,ok,False,False,False,False,False,False
rosetta_repack,cAbl,0,0.7856037996525812,3.418508678734294,3.4458517805005147,3.4368226528167725,0.7856037996525812,3.418508678734294,0.7747225165367126,3.4099669456481934,ok,False,False,False,False,False,False
rosetta_repack,cAbl,1,0.7856037996525812,3.418508678734294,3.4458517805005147,3.4368226528167725,0.7856037996525812,3.418508678734294,0.7747225165367126,3.4099669456481934,ok,False,False,False,False,False,False
rosetta_repack,cAbl,2,0.7763805251197261,3.418670761424972,3.4458517805005147,3.4368226528167725,0.7763805251197261,3.418670761424972,0.7653681039810181,3.410129308700561,ok,False,False,False,False,False,False
rosetta_repack,cAbl,3,0.7763805251197261,3.418670761424972,3.4458517805005147,3.4368226528167725,0.7763805251197261,3.418670761424972,0.7653681039810181,3.410129308700561,ok,False,False,False,False,False,False
rosetta_repack,cAbl,4,0.7597955062239103,3.40546134435029,3.4458517805005147,3.4368226528167725,0.7597955062239103,3.40546134435029,0.7485391497612,3.39546799659729,ok,False,False,False,False,False,False
rosetta_repack,cAbl,5,0.7856037996525812,3.418508678734294,3.4458517805005147,3.4368226528167725,0.7856037996525812,3.418508678734294,0.7747225165367126,3.4099669456481934,ok,False,False,False,False,False,False
rosetta_repack,cAbl,6,0.7856037996525812,3.418508678734294,3.4458517805005147,3.4368226528167725,0.7856037996525812,3.418508678734294,0.7747225165367126,3.4099669456481934,ok,False,False,False,False,False,False
rosetta_repack,cAbl,7,0.7597955062239103,3.40546134435029,3.4458517805005147,3.4368226528167725,0.7597955062239103,3.40546134435029,0.7485391497612,3.39546799659729,ok,False,False,False,False,False,False
rosetta_repack,cAbl,8,0.7856037996525812,3.418508678734294,3.4458517805005147,3.4368226528167725,0.7856037996525812,3.418508678734294,0.7747225165367126,3.4099669456481934,ok,False,False,False,False,False,False
rosetta_repack,cAbl,9,0.7856037996525812,3.418508678734294,3.4458517805005147,3.4368226528167725,0.7856037996525812,3.418508678734294,0.7747225165367126,3.4099669456481934,ok,False,False,False,False,False,False
rosetta_repack,cAbl,10,0.7763805251197261,3.418670761424972,3.4458517805005147,3.4368226528167725,0.7763805251197261,3.418670761424972,0.7653681039810181,3.410129308700561,ok,False,False,False,False,False,False
rosetta_repack,cAbl,11,0.9033901629596492,3.4673046707378825,3.4458517805005147,3.4368226528167725,0.9033901629596492,3.4673046707378825,0.9621200561523438,3.45888352394104,ok,False,False,False,False,False,False
rosetta_repack,cAbl,12,0.7763805251197261,3.418670761424972,3.4458517805005147,3.4368226528167725,0.7763805251197261,3.418670761424972,0.7653681039810181,3.410129308700561,ok,False,False,False,False,False,False
rosetta_repack,cAbl,13,0.7856037996525812,3.418508678734294,3.4458517805005147,3.4368226528167725,0.7856037996525812,3.418508678734294,0.7747225165367126,3.4099669456481934,ok,False,False,False,False,False,False
rosetta_repack,cAbl,14,0.726491700941804,3.409058845820181,3.4458517805005147,3.4368226528167725,0.726491700941804,3.409058845820181,0.7206160426139832,3.4014430046081543,ok,False,False,False,False,False,False
rosetta_repack,cAbl,15,0.7856037996525812,3.418508678734294,3.4458517805005147,3.4368226528167725,0.7856037996525812,3.418508678734294,0.7747225165367126,3.4099669456481934,ok,False,False,False,False,False,False
rosetta_repack,cAbl,16,0.7856037996525812,3.418508678734294,3.4458517805005147,3.4368226528167725,0.7856037996525812,3.418508678734294,0.7747225165367126,3.4099669456481934,ok,False,False,False,False,False,False
rosetta_repack,cAbl,17,0.6054236703208905,3.4302299499159394,3.4458517805005147,3.4368226528167725,0.6054236703208905,3.4302299499159394,0.5912355780601501,3.422661066055298,ok,False,False,False,False,False,False
rosetta_repack,cAbl,18,0.7371312404332314,3.410203522793261,3.4458517805005147,3.4368226528167725,0.7371312404332314,3.410203522793261,0.7313410639762878,3.402590036392212,ok,False,False,False,False,False,False
rosetta_repack,cAbl,19,0.6054236703208905,3.4302299499159394,3.4458517805005147,3.4368226528167725,0.6054236703208905,3.4302299499159394,0.5912355780601501,3.422661066055298,ok,False,False,False,False,False,False
rosetta_repack,cAbl,20,0.7765665638029212,3.4174624359785795,3.4458517805005147,3.4368226528167725,0.7765665638029212,3.4174624359785795,0.765556812286377,3.4086661338806152,ok,False,False,False,False,False,False
rosetta_repack,cAbl,21,0.7856037996525812,3.418508678734294,3.4458517805005147,3.4368226528167725,0.7856037996525812,3.418508678734294,0.7747225165367126,3.4099669456481934,ok,False,False,False,False,False,False
rosetta_repack,cAbl,22,0.7597955062239103,3.40546134435029,3.4458517805005147,3.4368226528167725,0.7597955062239103,3.40546134435029,0.7485391497612,3.39546799659729,ok,False,False,False,False,False,False
rosetta_repack,cAbl,23,0.7856037996525812,3.418508678734294,3.4458517805005147,3.4368226528167725,0.7856037996525812,3.418508678734294,0.7747225165367126,3.4099669456481934,ok,False,False,False,False,False,False
rosetta_repack,cAbl,24,0.7763805251197261,3.418670761424972,3.4458517805005147,3.4368226528167725,0.7763805251197261,3.418670761424972,0.7653681039810181,3.410129308700561,ok,False,False,False,False,False,False
rosetta_repack,cAbl,25,0.7856037996525812,3.418508678734294,3.4458517805005147,3.4368226528167725,0.7856037996525812,3.418508678734294,0.7747225165367126,3.4099669456481934,ok,False,False,False,False,False,False
rosetta_repack,cAbl,26,0.788482853860703,3.422603889476964,3.4458517805005147,3.4368226528167725,0.788482853860703,3.422603889476964,0.7776418328285217,3.4140172004699707,ok,False,False,False,False,False,False
rosetta_repack,cAbl,27,0.7763805251197261,3.418670761424972,3.4458517805005147,3.4368226528167725,0.7763805251197261,3.418670761424972,0.7653681039810181,3.410129308700561,ok,False,False,False,False,False,False
rosetta_repack,cAbl,28,0.593406446157629,3.430391478787896,3.4458517805005147,3.4368226528167725,0.593406446157629,3.430391478787896,0.5789238810539246,3.422822952270508,ok,False,False,False,False,False,False
rosetta_repack,cAbl,29,0.7597955062239103,3.40546134435029,3.4458517805005147,3.4368226528167725,0.7597955062239103,3.40546134435029,0.7485391497612,3.39546799659729,ok,False,False,False,False,False,False
rosetta_repack,p53_Y220C,0,0.0771143391256773,1.154909748993536,1.1600563699903448,1.1600563526153564,0.0771143391256773,1.154909748993536,0.0771143361926078,1.1549097299575806,ok,False,False,False,False,False,False
rosetta_repack,p53_Y220C,1,0.0771143391256773,1.154909748993536,1.1600563699903448,1.1600563526153564,0.0771143391256773,1.154909748993536,0.0771143361926078,1.1549097299575806,ok,False,False,False,False,False,False
rosetta_repack,p53_Y220C,2,0.0771143391256773,1.154909748993536,1.1600563699903448,1.1600563526153564,0.0771143391256773,1.154909748993536,0.0771143361926078,1.1549097299575806,ok,False,False,False,False,False,False
rosetta_repack,p53_Y220C,3,0.0771143391256773,1.154909748993536,1.1600563699903448,1.1600563526153564,0.0771143391256773,1.154909748993536,0.0771143361926078,1.1549097299575806,ok,False,False,False,False,False,False
rosetta_repack,p53_Y220C,4,0.0771143391256773,1.154909748993536,1.1600563699903448,1.1600563526153564,0.0771143391256773,1.154909748993536,0.0771143361926078,1.1549097299575806,ok,False,False,False,False,False,False
rosetta_repack,p53_Y220C,5,0.0771143391256773,1.154909748993536,1.1600563699903448,1.1600563526153564,0.0771143391256773,1.154909748993536,0.0771143361926078,1.1549097299575806,ok,False,False,False,False,False,False
rosetta_repack,p53_Y220C,6,0.0771143391256773,1.154909748993536,1.1600563699903448,1.1600563526153564,0.0771143391256773,1.154909748993536,0.0771143361926078,1.1549097299575806,ok,False,False,False,False,False,False
rosetta_repack,p53_Y220C,7,0.0771143391256773,1.154909748993536,1.1600563699903448,1.1600563526153564,0.0771143391256773,1.154909748993536,0.0771143361926078,1.1549097299575806,ok,False,False,False,False,False,False
rosetta_repack,p53_Y220C,8,0.0771143391256773,1.154909748993536,1.1600563699903448,1.1600563526153564,0.0771143391256773,1.154909748993536,0.0771143361926078,1.1549097299575806,ok,False,False,False,False,False,False
rosetta_repack,p53_Y220C,9,0.0771143391256773,1.154909748993536,1.1600563699903448,1.1600563526153564,0.0771143391256773,1.154909748993536,0.0771143361926078,1.1549097299575806,ok,False,False,False,False,False,False
rosetta_repack,p53_Y220C,10,0.0771143391256773,1.154909748993536,1.1600563699903448,1.1600563526153564,0.0771143391256773,1.154909748993536,0.0771143361926078,1.1549097299575806,ok,False,False,False,False,False,False
rosetta_repack,p53_Y220C,11,0.0771143391256773,1.154909748993536,1.1600563699903448,1.1600563526153564,0.0771143391256773,1.154909748993536,0.0771143361926078,1.1549097299575806,ok,False,False,False,False,False,False
rosetta_repack,p53_Y220C,12,0.0771143391256773,1.154909748993536,1.1600563699903448,1.1600563526153564,0.0771143391256773,1.154909748993536,0.0771143361926078,1.1549097299575806,ok,False,False,False,False,False,False
rosetta_repack,p53_Y220C,13,0.0771143391256773,1.154909748993536,1.1600563699903448,1.1600563526153564,0.0771143391256773,1.154909748993536,0.0771143361926078,1.1549097299575806,ok,False,False,False,False,False,False
rosetta_repack,p53_Y220C,14,0.0771143391256773,1.154909748993536,1.1600563699903448,1.1600563526153564,0.0771143391256773,1.154909748993536,0.0771143361926078,1.1549097299575806,ok,False,False,False,False,False,False
rosetta_repack,p53_Y220C,15,0.0771143391256773,1.154909748993536,1.1600563699903448,1.1600563526153564,0.0771143391256773,1.154909748993536,0.0771143361926078,1.1549097299575806,ok,False,False,False,False,False,False
rosetta_repack,p53_Y220C,16,0.0771143391256773,1.154909748993536,1.1600563699903448,1.1600563526153564,0.0771143391256773,1.154909748993536,0.0771143361926078,1.1549097299575806,ok,False,False,False,False,False,False
rosetta_repack,p53_Y220C,17,0.0771143391256773,1.154909748993536,1.1600563699903448,1.1600563526153564,0.0771143391256773,1.154909748993536,0.0771143361926078,1.1549097299575806,ok,False,False,False,False,False,False
rosetta_repack,p53_Y220C,18,0.0771143391256773,1.154909748993536,1.1600563699903448,1.1600563526153564,0.0771143391256773,1.154909748993536,0.0771143361926078,1.1549097299575806,ok,False,False,False,False,False,False
rosetta_repack,p53_Y220C,19,0.0771143391256773,1.154909748993536,1.1600563699903448,1.1600563526153564,0.0771143391256773,1.154909748993536,0.0771143361926078,1.1549097299575806,ok,False,False,False,False,False,False
rosetta_repack,p53_Y220C,20,0.0771143391256773,1.154909748993536,1.1600563699903448,1.1600563526153564,0.0771143391256773,1.154909748993536,0.0771143361926078,1.1549097299575806,ok,False,False,False,False,False,False
rosetta_repack,p53_Y220C,21,0.0771143391256773,1.154909748993536,1.1600563699903448,1.1600563526153564,0.0771143391256773,1.154909748993536,0.0771143361926078,1.1549097299575806,ok,False,False,False,False,False,False
rosetta_repack,p53_Y220C,22,0.0771143391256773,1.154909748993536,1.1600563699903448,1.1600563526153564,0.0771143391256773,1.154909748993536,0.0771143361926078,1.1549097299575806,ok,False,False,False,False,False,False
rosetta_repack,p53_Y220C,23,0.0771143391256773,1.154909748993536,1.1600563699903448,1.1600563526153564,0.0771143391256773,1.154909748993536,0.0771143361926078,1.1549097299575806,ok,False,False,False,False,False,False
rosetta_repack,p53_Y220C,24,0.0771143391256773,1.154909748993536,1.1600563699903448,1.1600563526153564,0.0771143391256773,1.154909748993536,0.0771143361926078,1.1549097299575806,ok,False,False,False,False,False,False
rosetta_repack,p53_Y220C,25,0.0771143391256773,1.154909748993536,1.1600563699903448,1.1600563526153564,0.0771143391256773,1.154909748993536,0.0771143361926078,1.1549097299575806,ok,False,False,False,False,False,False
rosetta_repack,p53_Y220C,26,0.0771143391256773,1.154909748993536,1.1600563699903448,1.1600563526153564,0.0771143391256773,1.154909748993536,0.0771143361926078,1.1549097299575806,ok,False,False,False,False,False,False
rosetta_repack,p53_Y220C,27,0.0771143391256773,1.154909748993536,1.1600563699903448,1.1600563526153564,0.0771143391256773,1.154909748993536,0.0771143361926078,1.1549097299575806,ok,False,False,False,False,False,False
rosetta_repack,p53_Y220C,28,0.0771143391256773,1.154909748993536,1.1600563699903448,1.1600563526153564,0.0771143391256773,1.154909748993536,0.0771143361926078,1.1549097299575806,ok,False,False,False,False,False,False
rosetta_repack,p53_Y220C,29,0.0771143391256773,1.154909748993536,1.1600563699903448,1.1600563526153564,0.0771143391256773,1.154909748993536,0.0771143361926078,1.1549097299575806,ok,False,False,False,False,False,False
rosetta_repack,p53_Y220C__4AGQ,0,1.2321217616074105,0.3337103309752777,1.1180275303614244,1.1180275678634644,1.2321217616074105,0.3337103309752777,1.2321217060089111,0.3337103426456451,ok,True,True,True,True,True,True
rosetta_repack,p53_Y220C__4AGQ,1,1.2321217616074105,0.3337103309752777,1.1180275303614244,1.1180275678634644,1.2321217616074105,0.3337103309752777,1.2321217060089111,0.3337103426456451,ok,True,True,True,True,True,True
rosetta_repack,p53_Y220C__4AGQ,2,1.2321217616074105,0.3337103309752777,1.1180275303614244,1.1180275678634644,1.2321217616074105,0.3337103309752777,1.2321217060089111,0.3337103426456451,ok,True,True,True,True,True,True
rosetta_repack,p53_Y220C__4AGQ,3,1.2321217616074105,0.3337103309752777,1.1180275303614244,1.1180275678634644,1.2321217616074105,0.3337103309752777,1.2321217060089111,0.3337103426456451,ok,True,True,True,True,True,True
rosetta_repack,p53_Y220C__4AGQ,4,1.2321217616074105,0.3337103309752777,1.1180275303614244,1.1180275678634644,1.2321217616074105,0.3337103309752777,1.2321217060089111,0.3337103426456451,ok,True,True,True,True,True,True
rosetta_repack,p53_Y220C__4AGQ,5,1.2321217616074105,0.3337103309752777,1.1180275303614244,1.1180275678634644,1.2321217616074105,0.3337103309752777,1.2321217060089111,0.3337103426456451,ok,True,True,True,True,True,True
rosetta_repack,p53_Y220C__4AGQ,6,1.2321217616074105,0.3337103309752777,1.1180275303614244,1.1180275678634644,1.2321217616074105,0.3337103309752777,1.2321217060089111,0.3337103426456451,ok,True,True,True,True,True,True
rosetta_repack,p53_Y220C__4AGQ,7,1.2321217616074105,0.3337103309752777,1.1180275303614244,1.1180275678634644,1.2321217616074105,0.3337103309752777,1.2321217060089111,0.3337103426456451,ok,True,True,True,True,True,True
rosetta_repack,p53_Y220C__4AGQ,8,1.2321217616074105,0.3337103309752777,1.1180275303614244,1.1180275678634644,1.2321217616074105,0.3337103309752777,1.2321217060089111,0.3337103426456451,ok,True,True,True,True,True,True
rosetta_repack,p53_Y220C__4AGQ,9,1.2321217616074105,0.3337103309752777,1.1180275303614244,1.1180275678634644,1.2321217616074105,0.3337103309752777,1.2321217060089111,0.3337103426456451,ok,True,True,True,True,True,True
rosetta_repack,p53_Y220C__4AGQ,10,1.2321217616074105,0.3337103309752777,1.1180275303614244,1.1180275678634644,1.2321217616074105,0.3337103309752777,1.2321217060089111,0.3337103426456451,ok,True,True,True,True,True,True
rosetta_repack,p53_Y220C__4AGQ,11,1.2321217616074105,0.3337103309752777,1.1180275303614244,1.1180275678634644,1.2321217616074105,0.3337103309752777,1.2321217060089111,0.3337103426456451,ok,True,True,True,True,True,True
rosetta_repack,p53_Y220C__4AGQ,12,1.2321217616074105,0.3337103309752777,1.1180275303614244,1.1180275678634644,1.2321217616074105,0.3337103309752777,1.2321217060089111,0.3337103426456451,ok,True,True,True,True,True,True
rosetta_repack,p53_Y220C__4AGQ,13,1.2321217616074105,0.3337103309752777,1.1180275303614244,1.1180275678634644,1.2321217616074105,0.3337103309752777,1.2321217060089111,0.3337103426456451,ok,True,True,True,True,True,True
rosetta_repack,p53_Y220C__4AGQ,14,1.2321217616074105,0.3337103309752777,1.1180275303614244,1.1180275678634644,1.2321217616074105,0.3337103309752777,1.2321217060089111,0.3337103426456451,ok,True,True,True,True,True,True
rosetta_repack,p53_Y220C__4AGQ,15,1.2321217616074105,0.3337103309752777,1.1180275303614244,1.1180275678634644,1.2321217616074105,0.3337103309752777,1.2321217060089111,0.3337103426456451,ok,True,True,True,True,True,True
rosetta_repack,p53_Y220C__4AGQ,16,1.2321217616074105,0.3337103309752777,1.1180275303614244,1.1180275678634644,1.2321217616074105,0.3337103309752777,1.2321217060089111,0.3337103426456451,ok,True,True,True,True,True,True
rosetta_repack,p53_Y220C__4AGQ,17,1.2321217616074105,0.3337103309752777,1.1180275303614244,1.1180275678634644,1.2321217616074105,0.3337103309752777,1.2321217060089111,0.3337103426456451,ok,True,True,True,True,True,True
rosetta_repack,p53_Y220C__4AGQ,18,1.2321217616074105,0.3337103309752777,1.1180275303614244,1.1180275678634644,1.2321217616074105,0.3337103309752777,1.2321217060089111,0.3337103426456451,ok,True,True,True,True,True,True
rosetta_repack,p53_Y220C__4AGQ,19,1.2321217616074105,0.3337103309752777,1.1180275303614244,1.1180275678634644,1.2321217616074105,0.3337103309752777,1.2321217060089111,0.3337103426456451,ok,True,True,True,True,True,True
rosetta_repack,p53_Y220C__4AGQ,20,1.2321217616074105,0.3337103309752777,1.1180275303614244,1.1180275678634644,1.2321217616074105,0.3337103309752777,1.2321217060089111,0.3337103426456451,ok,True,True,True,True,True,True
rosetta_repack,p53_Y220C__4AGQ,21,1.2321217616074105,0.3337103309752777,1.1180275303614244,1.1180275678634644,1.2321217616074105,0.3337103309752777,1.2321217060089111,0.3337103426456451,ok,True,True,True,True,True,True
rosetta_repack,p53_Y220C__4AGQ,22,1.2321217616074105,0.3337103309752777,1.1180275303614244,1.1180275678634644,1.2321217616074105,0.3337103309752777,1.2321217060089111,0.3337103426456451,ok,True,True,True,True,True,True
rosetta_repack,p53_Y220C__4AGQ,23,1.2321217616074105,0.3337103309752777,1.1180275303614244,1.1180275678634644,1.2321217616074105,0.3337103309752777,1.2321217060089111,0.3337103426456451,ok,True,True,True,True,True,True
rosetta_repack,p53_Y220C__4AGQ,24,1.2321217616074105,0.3337103309752777,1.1180275303614244,1.1180275678634644,1.2321217616074105,0.3337103309752777,1.2321217060089111,0.3337103426456451,ok,True,True,True,True,True,True
rosetta_repack,p53_Y220C__4AGQ,25,1.2321217616074105,0.3337103309752777,1.1180275303614244,1.1180275678634644,1.2321217616074105,0.3337103309752777,1.2321217060089111,0.3337103426456451,ok,True,True,True,True,True,True
rosetta_repack,p53_Y220C__4AGQ,26,1.2321217616074105,0.3337103309752777,1.1180275303614244,1.1180275678634644,1.2321217616074105,0.3337103309752777,1.2321217060089111,0.3337103426456451,ok,True,True,True,True,True,True
rosetta_repack,p53_Y220C__4AGQ,27,1.2321217616074105,0.3337103309752777,1.1180275303614244,1.1180275678634644,1.2321217616074105,0.3337103309752777,1.2321217060089111,0.3337103426456451,ok,True,True,True,True,True,True
rosetta_repack,p53_Y220C__4AGQ,28,1.2321217616074105,0.3337103309752777,1.1180275303614244,1.1180275678634644,1.2321217616074105,0.3337103309752777,1.2321217060089111,0.3337103426456451,ok,True,True,True,True,True,True
rosetta_repack,p53_Y220C__4AGQ,29,1.2321217616074105,0.3337103309752777,1.1180275303614244,1.1180275678634644,1.2321217616074105,0.3337103309752777,1.2321217060089111,0.3337103426456451,ok,True,True,True,True,True,True
