target,sample_idx,status,plot_method,aa_rmsd_moving_vs_apo,aa_rmsd_moving_vs_holo,D,tier1
p53_Y220C,0,ok,rosetta_repack,0.07711433912567739,1.154909748993536,1.1600563699903448,False
p53_Y220C,1,ok,rosetta_repack,0.07711433912567739,1.154909748993536,1.1600563699903448,False
p53_Y220C,2,ok,rosetta_repack,0.07711433912567739,1.154909748993536,1.1600563699903448,False
p53_Y220C,3,ok,rosetta_repack,0.07711433912567739,1.154909748993536,1.1600563699903448,False
p53_Y220C,4,ok,rosetta_repack,0.07711433912567739,1.154909748993536,1.1600563699903448,False
p53_Y220C,5,ok,rosetta_repack,0.07711433912567739,1.154909748993536,1.1600563699903448,False
p53_Y220C,6,ok,rosetta_repack,0.07711433912567739,1.154909748993536,1.1600563699903448,False
p53_Y220C,7,ok,rosetta_repack,0.07711433912567739,1.154909748993536,1.1600563699903448,False
p53_Y220C,8,ok,rosetta_repack,0.07711433912567739,1.154909748993536,1.1600563699903448,False
p53_Y220C,9,ok,rosetta_repack,0.07711433912567739,1.154909748993536,1.1600563699903448,False
p53_Y220C,10,ok,rosetta_repack,0.07711433912567739,1.154909748993536,1.1600563699903448,False
p53_Y220C,11,ok,rosetta_repack,0.07711433912567739,1.154909748993536,1.1600563699903448,False
p53_Y220C,12,ok,rosetta_repack,0.07711433912567739,1.154909748993536,1.1600563699903448,False
p53_Y220C,13,ok,rosetta_repack,0.07711433912567739,1.154909748993536,1.1600563699903448,False
p53_Y220C,14,ok,rosetta_repack,0.07711433912567739,1.154909748993536,1.1600563699903448,False
p53_Y220C,15,ok,rosetta_repack,0.07711433912567739,1.154909748993536,1.1600563699903448,False
p53_Y220C,16,ok,rosetta_repack,0.07711433912567739,1.154909748993536,1.1600563699903448,False
p53_Y220C,17,ok,rosetta_repack,0.07711433912567739,1.154909748993536,1.1600563699903448,False
p53_Y220C,18,ok,rosetta_repack,0.07711433912567739,1.154909748993536,1.1600563699903448,False
p53_Y220C,19,ok,rosetta_repack,0.07711433912567739,1.154909748993536,1.1600563699903448,False
p53_Y220C,20,ok,rosetta_repack,0.07711433912567739,1.154909748993536,1.1600563699903448,False
p53_Y220C,21,ok,rosetta_repack,0.07711433912567739,1.154909748993536,1.1600563699903448,False
p53_Y220C,22,ok,rosetta_repack,0.07711433912567739,1.154909748993536,1.1600563699903448,False
p53_Y220C,23,ok,rosetta_repack,0.07711433912567739,1.154909748993536,1.1600563699903448,False
p53_Y220C,24,ok,rosetta_repack,0.07711433912567739,1.154909748993536,1.1600563699903448,False
p53_Y220C,25,ok,rosetta_repack,0.07711433912567739,1.154909748993536,1.1600563699903448,False
p53_Y220C,26,ok,rosetta_repack,0.07711433912567739,1.154909748993536,1.1600563699903448,False
p53_Y220C,27,ok,rosetta_repack,0.07711433912567739,1.154909748993536,1.1600563699903448,False
p53_Y220C,28,ok,rosetta_repack,0.07711433912567739,1.154909748993536,1.1600563699903448,False
p53_Y220C,29,ok,rosetta_repack,0.07711433912567739,1.154909748993536,1.1600563699903448,False
p53_Y220C,0,ok,rosetta_fastrelax,0.3690648345916493,1.271111296392159,1.1600563699903448,False
p53_Y220C,1,ok,rosetta_fastrelax,0.4095225449264789,1.3280820353421208,1.1600563699903448,False
p53_Y220C,2,ok,rosetta_fastrelax,0.23831374566964583,1.1772087953033925,1.1600563699903448,False
p53_Y220C,3,ok,rosetta_fastrelax,0.2624779218895546,1.2018655898211303,1.1600563699903448,False
p53_Y220C,4,ok,rosetta_fastrelax,0.31124648775215336,1.0935152801064714,1.1600563699903448,False
p53_Y220C,5,ok,rosetta_fastrelax,0.45939978880832427,1.3245982298723846,1.1600563699903448,False
p53_Y220C,6,ok,rosetta_fastrelax,0.31256357182155803,1.2308834608266357,1.1600563699903448,False
p53_Y220C,7,ok,rosetta_fastrelax,0.46215126017604663,1.302396304346507,1.1600563699903448,False
p53_Y220C,8,ok,rosetta_fastrelax,0.3902711155384246,1.2954405546066607,1.1600563699903448,False
p53_Y220C,9,ok,rosetta_fastrelax,0.2939495707358717,1.198047840842318,1.1600563699903448,False
p53_Y220C,10,ok,rosetta_fastrelax,0.3085890821916718,1.2363090332871283,1.1600563699903448,False
p53_Y220C,11,ok,rosetta_fastrelax,0.3306599742368539,1.2434355346224428,1.1600563699903448,False
p53_Y220C,12,ok,rosetta_fastrelax,0.31088821876827977,1.232556190164176,1.1600563699903448,False
p53_Y220C,13,ok,rosetta_fastrelax,0.3385560790686557,1.029406508531161,1.1600563699903448,False
p53_Y220C,14,ok,rosetta_fastrelax,0.29648306556918447,1.149306749008394,1.1600563699903448,False
p53_Y220C,15,ok,rosetta_fastrelax,0.5020857263510674,1.3739952693637516,1.1600563699903448,False
p53_Y220C,16,ok,rosetta_fastrelax,0.34044369179800427,1.0372687514859613,1.1600563699903448,False
p53_Y220C,17,ok,rosetta_fastrelax,0.36698157034758194,1.0106725204955835,1.1600563699903448,False
p53_Y220C,18,ok,rosetta_fastrelax,0.2994442242126347,1.2406688820151082,1.1600563699903448,False
p53_Y220C,19,ok,rosetta_fastrelax,0.33266862018759524,1.2035441143391126,1.1600563699903448,False
p53_Y220C,20,ok,rosetta_fastrelax,0.4757451202922771,1.3891845557958988,1.1600563699903448,False
p53_Y220C,21,ok,rosetta_fastrelax,0.36714177489496685,1.3510815420665727,1.1600563699903448,False
p53_Y220C,22,ok,rosetta_fastrelax,0.2682685761373179,1.0950383908583357,1.1600563699903448,False
p53_Y220C,23,ok,rosetta_fastrelax,0.311190180768808,1.2355682142860969,1.1600563699903448,False
p53_Y220C,24,ok,rosetta_fastrelax,0.33773822324255975,1.0702807939200187,1.1600563699903448,False
p53_Y220C,25,ok,rosetta_fastrelax,0.2676281476192802,1.1120072062736852,1.1600563699903448,False
p53_Y220C,26,ok,rosetta_fastrelax,0.4487282549195027,1.3610200829893935,1.1600563699903448,False
p53_Y220C,27,ok,rosetta_fastrelax,0.3630271624647809,1.1008447784437216,1.1600563699903448,False
p53_Y220C,28,ok,rosetta_fastrelax,0.41303728446892096,1.3390816318090382,1.1600563699903448,False
p53_Y220C,29,ok,rosetta_fastrelax,0.40621639993074243,1.2898854104732298,1.1600563699903448,False
CB1,0,ok,rosetta_repack,2.3000480269928536,2.483733595733718,2.023384393567615,False
CB1,1,ok,rosetta_repack,2.3000480269928536,2.483733595733718,2.023384393567615,False
CB1,2,ok,rosetta_repack,2.3000480269928536,2.483733595733718,2.023384393567615,False
CB1,3,ok,rosetta_repack,2.1175754956527664,2.47011045241893,2.023384393567615,False
CB1,4,ok,rosetta_repack,2.3000480269928536,2.483733595733718,2.023384393567615,False
CB1,5,ok,rosetta_repack,2.3000480269928536,2.483733595733718,2.023384393567615,False
CB1,6,ok,rosetta_repack,2.3000480269928536,2.483733595733718,2.023384393567615,False
CB1,7,ok,rosetta_repack,2.3002053285200965,2.483959477831356,2.023384393567615,False
CB1,8,ok,rosetta_repack,1.84827796442576,2.4768302133334745,2.023384393567615,False
CB1,9,ok,rosetta_repack,2.3000480269928536,2.483733595733718,2.023384393567615,False
CB1,10,ok,rosetta_repack,2.3002053285200965,2.483959477831356,2.023384393567615,False
CB1,11,ok,rosetta_repack,2.3002053285200965,2.483959477831356,2.023384393567615,False
CB1,12,ok,rosetta_repack,2.1174046266385957,2.469883303765053,2.023384393567615,False
CB1,13,ok,rosetta_repack,2.3000480269928536,2.483733595733718,2.023384393567615,False
CB1,14,ok,rosetta_repack,2.1175754956527664,2.47011045241893,2.023384393567615,False
CB1,15,ok,rosetta_repack,2.3002053285200965,2.483959477831356,2.023384393567615,False
CB1,16,ok,rosetta_repack,2.1175754956527664,2.47011045241893,2.023384393567615,False
CB1,17,ok,rosetta_repack,2.1174046266385957,2.469883303765053,2.023384393567615,False
CB1,18,ok,rosetta_repack,2.1175754956527664,2.47011045241893,2.023384393567615,False
CB1,19,ok,rosetta_repack,2.1175754956527664,2.47011045241893,2.023384393567615,False
CB1,20,ok,rosetta_repack,2.1174046266385957,2.469883303765053,2.023384393567615,False
CB1,21,ok,rosetta_repack,2.1175754956527664,2.47011045241893,2.023384393567615,False
CB1,22,ok,rosetta_repack,2.1175754956527664,2.47011045241893,2.023384393567615,False
CB1,23,ok,rosetta_repack,2.1175754956527664,2.47011045241893,2.023384393567615,False
CB1,24,ok,rosetta_repack,2.3000480269928536,2.483733595733718,2.023384393567615,False
CB1,25,ok,rosetta_repack,2.3002053285200965,2.483959477831356,2.023384393567615,False
CB1,26,ok,rosetta_repack,2.3002053285200965,2.483959477831356,2.023384393567615,False
CB1,27,ok,rosetta_repack,2.3002053285200965,2.483959477831356,2.023384393567615,False
CB1,28,ok,rosetta_repack,2.3000480269928536,2.483733595733718,2.023384393567615,False
CB1,29,ok,rosetta_repack,1.848473711108805,2.477056724948668,2.023384393567615,False
CB1,0,ok,rosetta_fastrelax,2.1515337155726084,2.54002109878233,2.023384393567615,False
CB1,1,ok,rosetta_fastrelax,2.902438197636922,3.397709330997547,2.023384393567615,False
CB1,2,ok,rosetta_fastrelax,2.2060623367700067,2.719219646493581,2.023384393567615,False
CB1,3,ok,rosetta_fastrelax,1.9571169689698116,2.7029322129089945,2.023384393567615,False
CB1,4,ok,rosetta_fastrelax,2.6904382669525266,3.2896447245582845,2.023384393567615,False
CB1,5,ok,rosetta_fastrelax,2.5333799720223023,3.076653415717286,2.023384393567615,False
CB1,6,ok,rosetta_fastrelax,2.3583854226214767,2.654460485247381,2.023384393567615,False
CB1,7,ok,rosetta_fastrelax,2.2724529405194605,2.5715100575493333,2.023384393567615,False
CB1,8,ok,rosetta_fastrelax,2.4609066718501227,2.803945679063523,2.023384393567615,False
CB1,9,ok,rosetta_fastrelax,2.2877073899990994,2.6540152877640106,2.023384393567615,False
CB1,10,ok,rosetta_fastrelax,2.156809573990011,2.590374955654762,2.023384393567615,False
CB1,11,ok,rosetta_fastrelax,2.1684439900980634,2.6064225483162686,2.023384393567615,False
CB1,12,ok,rosetta_fastrelax,2.2514300236783598,2.5931758665166553,2.023384393567615,False
CB1,13,ok,rosetta_fastrelax,2.8023647055206595,3.0157743604079768,2.023384393567615,False
CB1,14,ok,rosetta_fastrelax,2.2983808226024904,2.832818393972135,2.023384393567615,False
CB1,15,ok,rosetta_fastrelax,2.19647967312386,2.5569711012703533,2.023384393567615,False
CB1,16,ok,rosetta_fastrelax,2.2402706343469987,2.821967934558036,2.023384393567615,False
CB1,17,ok,rosetta_fastrelax,2.271058117146006,2.447629233949651,2.023384393567615,False
CB1,18,ok,rosetta_fastrelax,2.230815471783021,2.580240831958226,2.023384393567615,False
CB1,19,ok,rosetta_fastrelax,2.329695639977592,2.6128195870050077,2.023384393567615,False
CB1,20,ok,rosetta_fastrelax,2.265903246322697,2.603118562269961,2.023384393567615,False
CB1,21,ok,rosetta_fastrelax,2.031624331855122,2.126449914380938,2.023384393567615,False
CB1,22,ok,rosetta_fastrelax,2.560374095725971,2.8642688057962524,2.023384393567615,False
CB1,23,ok,rosetta_fastrelax,2.4176419435044005,2.9409880189024853,2.023384393567615,False
CB1,24,ok,rosetta_fastrelax,2.1837298404486325,2.5184323955100436,2.023384393567615,False
CB1,25,ok,rosetta_fastrelax,2.1973182261257826,2.6231730324976374,2.023384393567615,False
CB1,26,ok,rosetta_fastrelax,1.8362766418570982,2.8492492345784144,2.023384393567615,False
CB1,27,ok,rosetta_fastrelax,2.248218009280951,2.6015133023041797,2.023384393567615,False
CB1,28,ok,rosetta_fastrelax,1.943685761290054,2.449171446709682,2.023384393567615,False
CB1,29,ok,rosetta_fastrelax,2.2939495699346955,2.6293307254534013,2.023384393567615,False
KRAS,0,ok,rosetta_repack,0.6916930805080325,3.832348797369062,3.742426159251105,False
KRAS,1,ok,rosetta_repack,0.6916930805080325,3.832348797369062,3.742426159251105,False
KRAS,2,ok,rosetta_repack,0.6916930805080325,3.832348797369062,3.742426159251105,False
KRAS,3,ok,rosetta_repack,0.6916930805080325,3.832348797369062,3.742426159251105,False
KRAS,4,ok,rosetta_repack,0.6916930805080325,3.832348797369062,3.742426159251105,False
KRAS,5,ok,rosetta_repack,0.6916930805080325,3.832348797369062,3.742426159251105,False
KRAS,6,ok,rosetta_repack,0.6916930805080325,3.832348797369062,3.742426159251105,False
KRAS,7,ok,rosetta_repack,0.6916930805080325,3.832348797369062,3.742426159251105,False
KRAS,8,ok,rosetta_repack,0.6916930805080325,3.832348797369062,3.742426159251105,False
KRAS,9,ok,rosetta_repack,0.6916930805080325,3.832348797369062,3.742426159251105,False
KRAS,10,ok,rosetta_repack,0.6916930805080325,3.832348797369062,3.742426159251105,False
KRAS,11,ok,rosetta_repack,0.6916930805080325,3.832348797369062,3.742426159251105,False
KRAS,12,ok,rosetta_repack,0.6916930805080325,3.832348797369062,3.742426159251105,False
KRAS,13,ok,rosetta_repack,0.6916930805080325,3.832348797369062,3.742426159251105,False
KRAS,14,ok,rosetta_repack,0.6916930805080325,3.832348797369062,3.742426159251105,False
KRAS,15,ok,rosetta_repack,0.6916930805080325,3.832348797369062,3.742426159251105,False
KRAS,16,ok,rosetta_repack,0.6916930805080325,3.832348797369062,3.742426159251105,False
KRAS,17,ok,rosetta_repack,0.6916930805080325,3.832348797369062,3.742426159251105,False
KRAS,18,ok,rosetta_repack,0.6916930805080325,3.832348797369062,3.742426159251105,False
KRAS,19,ok,rosetta_repack,0.6916930805080325,3.832348797369062,3.742426159251105,False
KRAS,20,ok,rosetta_repack,0.6916930805080325,3.832348797369062,3.742426159251105,False
KRAS,21,ok,rosetta_repack,0.6916930805080325,3.832348797369062,3.742426159251105,False
KRAS,22,ok,rosetta_repack,0.6916930805080325,3.832348797369062,3.742426159251105,False
KRAS,23,ok,rosetta_repack,0.6916930805080325,3.832348797369062,3.742426159251105,False
KRAS,24,ok,rosetta_repack,0.6916930805080325,3.832348797369062,3.742426159251105,False
KRAS,25,ok,rosetta_repack,0.6916930805080325,3.832348797369062,3.742426159251105,False
KRAS,26,ok,rosetta_repack,0.6916930805080325,3.832348797369062,3.742426159251105,False
KRAS,27,ok,rosetta_repack,0.6916930805080325,3.832348797369062,3.742426159251105,False
KRAS,28,ok,rosetta_repack,0.6916930805080325,3.832348797369062,3.742426159251105,False
KRAS,29,ok,rosetta_repack,0.6916930805080325,3.832348797369062,3.742426159251105,False
KRAS,0,ok,rosetta_fastrelax,2.16552559459881,3.742655339354352,3.742426159251105,False
KRAS,1,ok,rosetta_fastrelax,1.9068366526216682,3.931780995282344,3.742426159251105,False
KRAS,2,ok,rosetta_fastrelax,1.4658951831896938,4.097399556507826,3.742426159251105,False
KRAS,3,ok,rosetta_fastrelax,2.27199068721434,3.7187324656252487,3.742426159251105,False
KRAS,4,ok,rosetta_fastrelax,1.7039841933135296,3.8872991147623717,3.742426159251105,False
KRAS,5,ok,rosetta_fastrelax,1.8516257085930723,3.926895639718857,3.742426159251105,False
KRAS,6,ok,rosetta_fastrelax,2.011487809692317,4.066247816953295,3.742426159251105,False
KRAS,7,ok,rosetta_fastrelax,2.29054333747397,3.596472202177293,3.742426159251105,False
KRAS,8,ok,rosetta_fastrelax,2.361644459309853,3.6292766634792812,3.742426159251105,False
KRAS,9,ok,rosetta_fastrelax,2.475630094296155,3.2206339852443704,3.742426159251105,False
KRAS,10,ok,rosetta_fastrelax,2.3221362906939014,3.489975448602711,3.742426159251105,False
KRAS,11,ok,rosetta_fastrelax,2.0935673476638623,3.9780366803388207,3.742426159251105,False
KRAS,12,ok,rosetta_fastrelax,1.7821625299007369,4.009278600507769,3.742426159251105,False
KRAS,13,ok,rosetta_fastrelax,2.1607322553521784,3.7501126339612627,3.742426159251105,False
KRAS,14,ok,rosetta_fastrelax,2.248831459699229,3.629878322057053,3.742426159251105,False
KRAS,15,ok,rosetta_fastrelax,1.6569559264038891,4.270002416069041,3.742426159251105,False
KRAS,16,ok,rosetta_fastrelax,1.8144796610659943,3.9147931549679846,3.742426159251105,False
KRAS,17,ok,rosetta_fastrelax,1.688965876622123,4.244744066748158,3.742426159251105,False
KRAS,18,ok,rosetta_fastrelax,2.1751923192452716,3.7275599679063425,3.742426159251105,False
KRAS,19,ok,rosetta_fastrelax,2.2632437191226678,4.237409999766045,3.742426159251105,False
KRAS,20,ok,rosetta_fastrelax,2.0891091655870344,3.815243896464396,3.742426159251105,False
KRAS,21,ok,rosetta_fastrelax,1.8159409847586354,3.947980843522721,3.742426159251105,False
KRAS,22,ok,rosetta_fastrelax,1.567524298626899,4.156290716836119,3.742426159251105,False
KRAS,23,ok,rosetta_fastrelax,1.8639725976002148,3.9412980774414836,3.742426159251105,False
KRAS,24,ok,rosetta_fastrelax,2.1660696559309147,3.548293559329042,3.742426159251105,False
KRAS,25,ok,rosetta_fastrelax,2.205369112202935,4.2172269982362955,3.742426159251105,False
KRAS,26,ok,rosetta_fastrelax,1.9882028851856817,3.8848463249483367,3.742426159251105,False
KRAS,27,ok,rosetta_fastrelax,2.431026548428151,3.8535339978527605,3.742426159251105,False
KRAS,28,ok,rosetta_fastrelax,2.071817835851728,4.482319671740188,3.742426159251105,False
KRAS,29,ok,rosetta_fastrelax,1.8923112012368963,3.9898473815696924,3.742426159251105,False
cAbl,0,ok,rosetta_repack,0.7856037996525812,3.4185086787342946,3.4458517805005147,False
cAbl,1,ok,rosetta_repack,0.7856037996525812,3.4185086787342946,3.4458517805005147,False
cAbl,2,ok,rosetta_repack,0.7763805251197261,3.418670761424972,3.4458517805005147,False
cAbl,3,ok,rosetta_repack,0.7763805251197261,3.418670761424972,3.4458517805005147,False
cAbl,4,ok,rosetta_repack,0.7597955062239103,3.40546134435029,3.4458517805005147,False
cAbl,5,ok,rosetta_repack,0.7856037996525812,3.4185086787342946,3.4458517805005147,False
cAbl,6,ok,rosetta_repack,0.7856037996525812,3.4185086787342946,3.4458517805005147,False
cAbl,7,ok,rosetta_repack,0.7597955062239103,3.40546134435029,3.4458517805005147,False
cAbl,8,ok,rosetta_repack,0.7856037996525812,3.4185086787342946,3.4458517805005147,False
cAbl,9,ok,rosetta_repack,0.7856037996525812,3.4185086787342946,3.4458517805005147,False
cAbl,10,ok,rosetta_repack,0.7763805251197261,3.418670761424972,3.4458517805005147,False
cAbl,11,ok,rosetta_repack,0.9033901629596492,3.4673046707378825,3.4458517805005147,False
cAbl,12,ok,rosetta_repack,0.7763805251197261,3.418670761424972,3.4458517805005147,False
cAbl,13,ok,rosetta_repack,0.7856037996525812,3.4185086787342946,3.4458517805005147,False
cAbl,14,ok,rosetta_repack,0.726491700941804,3.409058845820181,3.4458517805005147,False
cAbl,15,ok,rosetta_repack,0.7856037996525812,3.4185086787342946,3.4458517805005147,False
cAbl,16,ok,rosetta_repack,0.7856037996525812,3.4185086787342946,3.4458517805005147,False
cAbl,17,ok,rosetta_repack,0.6054236703208905,3.4302299499159394,3.4458517805005147,False
cAbl,18,ok,rosetta_repack,0.7371312404332314,3.410203522793261,3.4458517805005147,False
cAbl,19,ok,rosetta_repack,0.6054236703208905,3.4302299499159394,3.4458517805005147,False
cAbl,20,ok,rosetta_repack,0.7765665638029212,3.4174624359785795,3.4458517805005147,False
cAbl,21,ok,rosetta_repack,0.7856037996525812,3.4185086787342946,3.4458517805005147,False
cAbl,22,ok,rosetta_repack,0.7597955062239103,3.40546134435029,3.4458517805005147,False
cAbl,23,ok,rosetta_repack,0.7856037996525812,3.4185086787342946,3.4458517805005147,False
cAbl,24,ok,rosetta_repack,0.7763805251197261,3.418670761424972,3.4458517805005147,False
cAbl,25,ok,rosetta_repack,0.7856037996525812,3.4185086787342946,3.4458517805005147,False
cAbl,26,ok,rosetta_repack,0.788482853860703,3.4226038894769637,3.4458517805005147,False
cAbl,27,ok,rosetta_repack,0.7763805251197261,3.418670761424972,3.4458517805005147,False
cAbl,28,ok,rosetta_repack,0.593406446157629,3.430391478787896,3.4458517805005147,False
cAbl,29,ok,rosetta_repack,0.7597955062239103,3.40546134435029,3.4458517805005147,False
cAbl,0,ok,rosetta_fastrelax,1.1342654843617508,3.4838846575789466,3.4458517805005147,False
cAbl,1,ok,rosetta_fastrelax,1.0442497824773902,3.5004541690545614,3.4458517805005147,False
cAbl,2,ok,rosetta_fastrelax,1.1189434295748841,3.4815242029337257,3.4458517805005147,False
cAbl,3,ok,rosetta_fastrelax,1.0728685993532137,3.5294633598982235,3.4458517805005147,False
cAbl,4,ok,rosetta_fastrelax,1.110050223873248,3.478977925214022,3.4458517805005147,False
cAbl,5,ok,rosetta_fastrelax,1.2525532207089334,3.63042218561998,3.4458517805005147,False
cAbl,6,ok,rosetta_fastrelax,1.0185221664358648,3.494221593290903,3.4458517805005147,False
cAbl,7,ok,rosetta_fastrelax,1.0931003621469044,3.4149096353854125,3.4458517805005147,False
cAbl,8,ok,rosetta_fastrelax,1.0793551306241376,3.488729429633327,3.4458517805005147,False
cAbl,9,ok,rosetta_fastrelax,1.0739945243074323,3.5309196403871317,3.4458517805005147,False
cAbl,10,ok,rosetta_fastrelax,1.144315245023261,3.559686565957861,3.4458517805005147,False
cAbl,11,ok,rosetta_fastrelax,1.1192684558357804,3.527971157130146,3.4458517805005147,False
cAbl,12,ok,rosetta_fastrelax,1.1468769950395499,3.5615971454701496,3.4458517805005147,False
cAbl,13,ok,rosetta_fastrelax,1.2830889677063237,3.656652532510874,3.4458517805005147,False
cAbl,14,ok,rosetta_fastrelax,1.1087404590019767,3.5252888091017387,3.4458517805005147,False
cAbl,15,ok,rosetta_fastrelax,1.1167604570102914,3.425904021646169,3.4458517805005147,False
cAbl,16,ok,rosetta_fastrelax,1.0979636010578218,3.5097064742362494,3.4458517805005147,False
cAbl,17,ok,rosetta_fastrelax,1.1092550510496326,3.535739239416098,3.4458517805005147,False
cAbl,18,ok,rosetta_fastrelax,1.122837352215533,3.5231069679570597,3.4458517805005147,False
cAbl,19,ok,rosetta_fastrelax,1.2061363874836066,3.471284413595596,3.4458517805005147,False
cAbl,20,ok,rosetta_fastrelax,1.120001742562354,3.5404504024685988,3.4458517805005147,False
cAbl,21,ok,rosetta_fastrelax,1.1792258336713695,3.5531960273806056,3.4458517805005147,False
cAbl,22,ok,rosetta_fastrelax,1.0649729351139936,3.434722845713779,3.4458517805005147,False
cAbl,23,ok,rosetta_fastrelax,1.1321232431986956,3.562816078406534,3.4458517805005147,False
cAbl,24,ok,rosetta_fastrelax,1.047216938784778,3.4789414114561255,3.4458517805005147,False
cAbl,25,ok,rosetta_fastrelax,1.1919809761635127,3.5220688654032455,3.4458517805005147,False
cAbl,26,ok,rosetta_fastrelax,1.1558934387481428,3.5354183736077203,3.4458517805005147,False
cAbl,27,ok,rosetta_fastrelax,1.1826024295062485,3.6354785702418257,3.4458517805005147,False
cAbl,28,ok,rosetta_fastrelax,1.234159531357253,3.481909234550213,3.4458517805005147,False
cAbl,29,ok,rosetta_fastrelax,1.2584875451405089,3.4893621437079902,3.4458517805005147,False
HIF2alpha,0,ok,rosetta_repack,2.3102659827014804,2.4592991456512783,1.86542516135414,False
HIF2alpha,1,ok,rosetta_repack,1.2950016161476108,1.1941877626524249,1.86542516135414,True
HIF2alpha,2,ok,rosetta_repack,1.2950016161476108,1.1941877626524249,1.86542516135414,True
HIF2alpha,3,ok,rosetta_repack,2.3102659827014804,2.4592991456512783,1.86542516135414,False
HIF2alpha,4,ok,rosetta_repack,2.3102659827014804,2.4592991456512783,1.86542516135414,False
HIF2alpha,5,ok,rosetta_repack,1.2950016161476108,1.1941877626524249,1.86542516135414,True
HIF2alpha,6,ok,rosetta_repack,2.3102659827014804,2.4592991456512783,1.86542516135414,False
HIF2alpha,7,ok,rosetta_repack,1.2950016161476108,1.1941877626524249,1.86542516135414,True
HIF2alpha,8,ok,rosetta_repack,1.2950016161476108,1.1941877626524249,1.86542516135414,True
HIF2alpha,9,ok,rosetta_repack,2.3102659827014804,2.4592991456512783,1.86542516135414,False
HIF2alpha,10,ok,rosetta_repack,2.3102659827014804,2.4592991456512783,1.86542516135414,False
HIF2alpha,11,ok,rosetta_repack,2.3102659827014804,2.4592991456512783,1.86542516135414,False
HIF2alpha,12,ok,rosetta_repack,2.3102659827014804,2.4592991456512783,1.86542516135414,False
HIF2alpha,13,ok,rosetta_repack,2.3102659827014804,2.4592991456512783,1.86542516135414,False
HIF2alpha,14,ok,rosetta_repack,2.3102659827014804,2.4592991456512783,1.86542516135414,False
HIF2alpha,15,ok,rosetta_repack,2.3102659827014804,2.4592991456512783,1.86542516135414,False
HIF2alpha,16,ok,rosetta_repack,2.3102659827014804,2.4592991456512783,1.86542516135414,False
HIF2alpha,17,ok,rosetta_repack,2.3102659827014804,2.4592991456512783,1.86542516135414,False
HIF2alpha,18,ok,rosetta_repack,2.3102659827014804,2.4592991456512783,1.86542516135414,False
HIF2alpha,19,ok,rosetta_repack,1.2950016161476108,1.1941877626524249,1.86542516135414,True
HIF2alpha,20,ok,rosetta_repack,1.2950016161476108,1.1941877626524249,1.86542516135414,True
HIF2alpha,21,ok,rosetta_repack,2.3102659827014804,2.4592991456512783,1.86542516135414,False
HIF2alpha,22,ok,rosetta_repack,2.3102659827014804,2.4592991456512783,1.86542516135414,False
HIF2alpha,23,ok,rosetta_repack,1.2950016161476108,1.1941877626524249,1.86542516135414,True
HIF2alpha,24,ok,rosetta_repack,1.2950016161476108,1.1941877626524249,1.86542516135414,True
HIF2alpha,25,ok,rosetta_repack,2.3102659827014804,2.4592991456512783,1.86542516135414,False
HIF2alpha,26,ok,rosetta_repack,1.2950016161476108,1.1941877626524249,1.86542516135414,True
HIF2alpha,27,ok,rosetta_repack,2.3102659827014804,2.4592991456512783,1.86542516135414,False
HIF2alpha,28,ok,rosetta_repack,2.3102659827014804,2.4592991456512783,1.86542516135414,False
HIF2alpha,29,ok,rosetta_repack,1.2950016161476108,1.1941877626524249,1.86542516135414,True
HIF2alpha,0,ok,rosetta_fastrelax,2.9724519904226945,2.626412612034155,1.86542516135414,False
HIF2alpha,1,ok,rosetta_fastrelax,3.07846286079155,2.9033885436971154,1.86542516135414,False
HIF2alpha,2,ok,rosetta_fastrelax,2.585824995356304,2.4678803104468727,1.86542516135414,False
HIF2alpha,3,ok,rosetta_fastrelax,2.552600252908289,2.4051123898285307,1.86542516135414,False
HIF2alpha,4,ok,rosetta_fastrelax,1.844843997855687,1.232756550266929,1.86542516135414,True
HIF2alpha,5,ok,rosetta_fastrelax,2.6066325402200743,2.450643916726322,1.86542516135414,False
HIF2alpha,6,ok,rosetta_fastrelax,1.633283799581625,1.2914397747972763,1.86542516135414,True
HIF2alpha,7,ok,rosetta_fastrelax,2.6190698639226384,2.504089803674434,1.86542516135414,False
HIF2alpha,8,ok,rosetta_fastrelax,1.8639369391160117,1.229914637001021,1.86542516135414,True
HIF2alpha,9,ok,rosetta_fastrelax,1.270053582617197,1.1369050795583917,1.86542516135414,True
HIF2alpha,10,ok,rosetta_fastrelax,2.4104701434912568,2.2787386281328494,1.86542516135414,False
HIF2alpha,11,ok,rosetta_fastrelax,2.365675865666804,2.530526747285423,1.86542516135414,False
HIF2alpha,12,ok,rosetta_fastrelax,1.5363123312509395,1.4023923165953203,1.86542516135414,True
HIF2alpha,13,ok,rosetta_fastrelax,2.5553666150926055,2.4346636710773493,1.86542516135414,False
HIF2alpha,14,ok,rosetta_fastrelax,2.6334656541310544,2.497373875855257,1.86542516135414,False
HIF2alpha,15,ok,rosetta_fastrelax,1.8285013157500767,1.1808673048101928,1.86542516135414,True
HIF2alpha,16,ok,rosetta_fastrelax,2.603744594702459,2.461483612554951,1.86542516135414,False
HIF2alpha,17,ok,rosetta_fastrelax,2.5106123640887126,2.359957602725334,1.86542516135414,False
HIF2alpha,18,ok,rosetta_fastrelax,2.4312747351514,2.580119133070786,1.86542516135414,False
HIF2alpha,19,ok,rosetta_fastrelax,1.1992695397616029,1.1887884678919216,1.86542516135414,True
HIF2alpha,20,ok,rosetta_fastrelax,2.5793081118449175,2.429956135783442,1.86542516135414,False
HIF2alpha,21,ok,rosetta_fastrelax,2.480612752477372,2.356469302620262,1.86542516135414,False
HIF2alpha,22,ok,rosetta_fastrelax,2.5870339129964153,2.554952573358882,1.86542516135414,False
HIF2alpha,23,ok,rosetta_fastrelax,2.646743377611604,2.526310039303651,1.86542516135414,False
HIF2alpha,24,ok,rosetta_fastrelax,1.3148174766554377,1.2959125629502595,1.86542516135414,True
HIF2alpha,25,ok,rosetta_fastrelax,2.6404916703311248,2.5339141974504504,1.86542516135414,False
HIF2alpha,26,ok,rosetta_fastrelax,2.6326384645640193,2.514706251020958,1.86542516135414,False
HIF2alpha,27,ok,rosetta_fastrelax,2.567236082484517,2.4159890682837695,1.86542516135414,False
HIF2alpha,28,ok,rosetta_fastrelax,2.623361025401125,2.48348456312703,1.86542516135414,False
HIF2alpha,29,ok,rosetta_fastrelax,2.9316655287199143,2.7245707750339716,1.86542516135414,False
HIV_RT,0,ok,rosetta_repack,0.5882724582674407,3.0675531002777316,3.055562157269878,False
HIV_RT,1,ok,rosetta_repack,0.5882724582674407,3.0675531002777316,3.055562157269878,False
HIV_RT,2,ok,rosetta_repack,0.5882724582674407,3.0675531002777316,3.055562157269878,False
HIV_RT,3,ok,rosetta_repack,0.5882724582674407,3.0675531002777316,3.055562157269878,False
HIV_RT,4,ok,rosetta_repack,0.5882724582674407,3.0675531002777316,3.055562157269878,False
HIV_RT,5,ok,rosetta_repack,0.5882724582674407,3.0675531002777316,3.055562157269878,False
HIV_RT,6,ok,rosetta_repack,0.5882724582674407,3.0675531002777316,3.055562157269878,False
HIV_RT,7,ok,rosetta_repack,0.5882724582674407,3.0675531002777316,3.055562157269878,False
HIV_RT,8,ok,rosetta_repack,0.5882724582674407,3.0675531002777316,3.055562157269878,False
HIV_RT,9,ok,rosetta_repack,0.5882724582674407,3.0675531002777316,3.055562157269878,False
HIV_RT,10,ok,rosetta_repack,0.5882724582674407,3.0675531002777316,3.055562157269878,False
HIV_RT,11,ok,rosetta_repack,0.5882724582674407,3.0675531002777316,3.055562157269878,False
HIV_RT,12,ok,rosetta_repack,0.5882724582674407,3.0675531002777316,3.055562157269878,False
HIV_RT,13,ok,rosetta_repack,0.5882724582674407,3.0675531002777316,3.055562157269878,False
HIV_RT,14,ok,rosetta_repack,0.5882724582674407,3.0675531002777316,3.055562157269878,False
HIV_RT,15,ok,rosetta_repack,0.5682566341439825,3.0750275163980176,3.055562157269878,False
HIV_RT,16,ok,rosetta_repack,0.5882724582674407,3.0675531002777316,3.055562157269878,False
HIV_RT,17,ok,rosetta_repack,0.5882724582674407,3.0675531002777316,3.055562157269878,False
HIV_RT,18,ok,rosetta_repack,0.5882724582674407,3.0675531002777316,3.055562157269878,False
HIV_RT,19,ok,rosetta_repack,0.5882724582674407,3.0675531002777316,3.055562157269878,False
HIV_RT,20,ok,rosetta_repack,0.5882724582674407,3.0675531002777316,3.055562157269878,False
HIV_RT,21,ok,rosetta_repack,0.5452741048395044,3.019963645518533,3.055562157269878,False
HIV_RT,22,ok,rosetta_repack,0.5882724582674407,3.0675531002777316,3.055562157269878,False
HIV_RT,23,ok,rosetta_repack,0.5882724582674407,3.0675531002777316,3.055562157269878,False
HIV_RT,24,ok,rosetta_repack,0.6005101278712031,3.085968005334527,3.055562157269878,False
HIV_RT,25,ok,rosetta_repack,0.5882724582674407,3.0675531002777316,3.055562157269878,False
HIV_RT,26,ok,rosetta_repack,0.5882724582674407,3.0675531002777316,3.055562157269878,False
HIV_RT,27,ok,rosetta_repack,0.5882724582674407,3.0675531002777316,3.055562157269878,False
HIV_RT,28,ok,rosetta_repack,0.5882724582674407,3.0675531002777316,3.055562157269878,False
HIV_RT,29,ok,rosetta_repack,0.5882724582674407,3.0675531002777316,3.055562157269878,False
HIV_RT,0,ok,rosetta_fastrelax,1.2635492934311492,3.167411075245864,3.055562157269878,False
HIV_RT,1,ok,rosetta_fastrelax,1.539011788527271,3.062599655059899,3.055562157269878,False
HIV_RT,2,ok,rosetta_fastrelax,1.5335770438855307,3.1156034789844096,3.055562157269878,False
HIV_RT,3,ok,rosetta_fastrelax,1.6056955835661357,3.114666475502152,3.055562157269878,False
HIV_RT,4,ok,rosetta_fastrelax,1.1897775958718404,3.1325934043853834,3.055562157269878,False
HIV_RT,5,ok,rosetta_fastrelax,1.527106139632744,3.0627013132699497,3.055562157269878,False
HIV_RT,6,ok,rosetta_fastrelax,1.493042221172648,3.1188759214888115,3.055562157269878,False
HIV_RT,7,ok,rosetta_fastrelax,1.5186790429256671,3.222585097179555,3.055562157269878,False
HIV_RT,8,ok,rosetta_fastrelax,1.1119035263237647,3.1463000224416877,3.055562157269878,False
HIV_RT,9,ok,rosetta_fastrelax,1.4708481220745884,3.165848544402101,3.055562157269878,False
HIV_RT,10,ok,rosetta_fastrelax,1.6987616990090504,3.1581585017837144,3.055562157269878,False
HIV_RT,11,ok,rosetta_fastrelax,1.5611791896189107,3.169224310411695,3.055562157269878,False
HIV_RT,12,ok,rosetta_fastrelax,1.2502775166154738,3.090978816220932,3.055562157269878,False
HIV_RT,13,ok,rosetta_fastrelax,1.5703361613417517,3.0993817174292153,3.055562157269878,False
HIV_RT,14,ok,rosetta_fastrelax,1.2785176163698444,3.1386017913726243,3.055562157269878,False
HIV_RT,15,ok,rosetta_fastrelax,1.552099850242704,3.084894064481617,3.055562157269878,False
HIV_RT,16,ok,rosetta_fastrelax,1.5521299515657785,3.195440106151802,3.055562157269878,False
HIV_RT,17,ok,rosetta_fastrelax,1.3373698183991896,3.0705175277937706,3.055562157269878,False
HIV_RT,18,ok,rosetta_fastrelax,1.7063538154164988,3.1996383340812895,3.055562157269878,False
HIV_RT,19,ok,rosetta_fastrelax,1.2289488944102305,3.163161777260153,3.055562157269878,False
HIV_RT,20,ok,rosetta_fastrelax,1.2762276881193866,2.965241441649822,3.055562157269878,False
HIV_RT,21,ok,rosetta_fastrelax,1.1216173446920672,3.0549763476235836,3.055562157269878,False
HIV_RT,22,ok,rosetta_fastrelax,1.4948855004584407,3.121924425680112,3.055562157269878,False
HIV_RT,23,ok,rosetta_fastrelax,1.265383349132198,3.076929790926469,3.055562157269878,False
HIV_RT,24,ok,rosetta_fastrelax,1.309261938527732,3.1100158777715574,3.055562157269878,False
HIV_RT,25,ok,rosetta_fastrelax,1.1544111330127966,3.1452215126791865,3.055562157269878,False
HIV_RT,26,ok,rosetta_fastrelax,1.5603689864223094,3.090438811808771,3.055562157269878,False
HIV_RT,27,ok,rosetta_fastrelax,1.3351375960029714,3.0362479064039425,3.055562157269878,False
HIV_RT,28,ok,rosetta_fastrelax,1.649034706911978,3.255090580977125,3.055562157269878,False
HIV_RT,29,ok,rosetta_fastrelax,1.4530668481548639,3.130251356869282,3.055562157269878,False
HIV1_CA,0,ok,rosetta_repack,1.1924257124059334,1.615399357484303,1.3207135415934947,False
HIV1_CA,1,ok,rosetta_repack,1.1924257124059334,1.615399357484303,1.3207135415934947,False
HIV1_CA,2,ok,rosetta_repack,1.1924257124059334,1.615399357484303,1.3207135415934947,False
HIV1_CA,3,ok,rosetta_repack,1.1924257124059334,1.615399357484303,1.3207135415934947,False
HIV1_CA,4,ok,rosetta_repack,1.1924257124059334,1.615399357484303,1.3207135415934947,False
HIV1_CA,5,ok,rosetta_repack,1.1924257124059334,1.615399357484303,1.3207135415934947,False
HIV1_CA,6,ok,rosetta_repack,1.1924257124059334,1.615399357484303,1.3207135415934947,False
HIV1_CA,7,ok,rosetta_repack,1.1924257124059334,1.615399357484303,1.3207135415934947,False
HIV1_CA,8,ok,rosetta_repack,1.1924257124059334,1.615399357484303,1.3207135415934947,False
HIV1_CA,9,ok,rosetta_repack,1.1924257124059334,1.615399357484303,1.3207135415934947,False
HIV1_CA,10,ok,rosetta_repack,0.9503304068668496,0.8070876817482713,1.3207135415934947,True
HIV1_CA,11,ok,rosetta_repack,1.1924257124059334,1.615399357484303,1.3207135415934947,False
HIV1_CA,12,ok,rosetta_repack,1.1924257124059334,1.615399357484303,1.3207135415934947,False
HIV1_CA,13,ok,rosetta_repack,1.1924257124059334,1.615399357484303,1.3207135415934947,False
HIV1_CA,14,ok,rosetta_repack,1.1924257124059334,1.615399357484303,1.3207135415934947,False
HIV1_CA,15,ok,rosetta_repack,1.1924257124059334,1.615399357484303,1.3207135415934947,False
HIV1_CA,16,ok,rosetta_repack,0.9503304068668496,0.8070876817482713,1.3207135415934947,True
HIV1_CA,17,ok,rosetta_repack,1.1924257124059334,1.615399357484303,1.3207135415934947,False
HIV1_CA,18,ok,rosetta_repack,1.1924257124059334,1.615399357484303,1.3207135415934947,False
HIV1_CA,19,ok,rosetta_repack,1.1924257124059334,1.615399357484303,1.3207135415934947,False
HIV1_CA,20,ok,rosetta_repack,1.1924257124059334,1.615399357484303,1.3207135415934947,False
HIV1_CA,21,ok,rosetta_repack,1.1924257124059334,1.615399357484303,1.3207135415934947,False
HIV1_CA,22,ok,rosetta_repack,1.1924257124059334,1.615399357484303,1.3207135415934947,False
HIV1_CA,23,ok,rosetta_repack,1.1924257124059334,1.615399357484303,1.3207135415934947,False
HIV1_CA,24,ok,rosetta_repack,1.1924257124059334,1.615399357484303,1.3207135415934947,False
HIV1_CA,25,ok,rosetta_repack,1.1924257124059334,1.615399357484303,1.3207135415934947,False
HIV1_CA,26,ok,rosetta_repack,1.1924257124059334,1.615399357484303,1.3207135415934947,False
HIV1_CA,27,ok,rosetta_repack,1.1924257124059334,1.615399357484303,1.3207135415934947,False
HIV1_CA,28,ok,rosetta_repack,1.1924257124059334,1.615399357484303,1.3207135415934947,False
HIV1_CA,29,ok,rosetta_repack,1.1924257124059334,1.615399357484303,1.3207135415934947,False
HIV1_CA,0,ok,rosetta_fastrelax,0.9304590451944165,1.5577518119286535,1.3207135415934947,False
HIV1_CA,1,ok,rosetta_fastrelax,1.150744772433146,1.6364941459313034,1.3207135415934947,False
HIV1_CA,2,ok,rosetta_fastrelax,1.1465451428239313,1.6150931425106891,1.3207135415934947,False
HIV1_CA,3,ok,rosetta_fastrelax,1.065769177599475,1.5707868763119102,1.3207135415934947,False
HIV1_CA,4,ok,rosetta_fastrelax,0.9439817928490873,1.5650265759590527,1.3207135415934947,False
HIV1_CA,5,ok,rosetta_fastrelax,1.0799812394541726,1.5592824401770058,1.3207135415934947,False
HIV1_CA,6,ok,rosetta_fastrelax,1.0376904191581615,1.5196269576422585,1.3207135415934947,False
HIV1_CA,7,ok,rosetta_fastrelax,1.0573070255661041,1.6030493804566517,1.3207135415934947,False
HIV1_CA,8,ok,rosetta_fastrelax,0.7427498989949015,1.4067787024249534,1.3207135415934947,False
HIV1_CA,9,ok,rosetta_fastrelax,1.0033820631332717,1.5881838869849363,1.3207135415934947,False
HIV1_CA,10,ok,rosetta_fastrelax,0.8635466001436416,1.4735326253299992,1.3207135415934947,False
HIV1_CA,11,ok,rosetta_fastrelax,0.741717273257189,1.3001554738510683,1.3207135415934947,False
HIV1_CA,12,ok,rosetta_fastrelax,1.0689029368532452,1.6560633012320867,1.3207135415934947,False
HIV1_CA,13,ok,rosetta_fastrelax,1.1306617870195526,1.706109685411061,1.3207135415934947,False
HIV1_CA,14,ok,rosetta_fastrelax,0.9643292207002767,1.5647812191184374,1.3207135415934947,False
HIV1_CA,15,ok,rosetta_fastrelax,1.054978783340408,1.6407783880635547,1.3207135415934947,False
HIV1_CA,16,ok,rosetta_fastrelax,0.956148338038916,1.5304370028041903,1.3207135415934947,False
HIV1_CA,17,ok,rosetta_fastrelax,0.9112420106946618,1.569689743692162,1.3207135415934947,False
HIV1_CA,18,ok,rosetta_fastrelax,0.9606802440083586,1.5656085140589555,1.3207135415934947,False
HIV1_CA,19,ok,rosetta_fastrelax,0.9564925911773703,1.5483073785835464,1.3207135415934947,False
HIV1_CA,20,ok,rosetta_fastrelax,0.986183993611696,1.566121562519784,1.3207135415934947,False
HIV1_CA,21,ok,rosetta_fastrelax,1.01474281535425,1.6256429427350905,1.3207135415934947,False
HIV1_CA,22,ok,rosetta_fastrelax,0.9876972763299816,1.556797182981742,1.3207135415934947,False
HIV1_CA,23,ok,rosetta_fastrelax,0.957352163612221,1.54903222912333,1.3207135415934947,False
HIV1_CA,24,ok,rosetta_fastrelax,0.9482431652912198,1.5617953428156253,1.3207135415934947,False
HIV1_CA,25,ok,rosetta_fastrelax,0.9523825333218849,1.5834791718627428,1.3207135415934947,False
HIV1_CA,26,ok,rosetta_fastrelax,0.9241121378417654,1.5271393145075016,1.3207135415934947,False
HIV1_CA,27,ok,rosetta_fastrelax,1.2836568498931962,1.9006823892628821,1.3207135415934947,False
HIV1_CA,28,ok,rosetta_fastrelax,1.0264107029210887,1.5655496294462805,1.3207135415934947,False
HIV1_CA,29,ok,rosetta_fastrelax,0.955720019664874,1.5830076451543027,1.3207135415934947,False
Menin,0,ok,rosetta_repack,0.7223851757616666,1.028597655570232,1.2468617606125678,False
Menin,1,ok,rosetta_repack,0.7351727368449252,1.026393511439682,1.2468617606125678,False
Menin,2,ok,rosetta_repack,0.7351727368449252,1.026393511439682,1.2468617606125678,False
Menin,3,ok,rosetta_repack,0.6990986799759946,1.0305101347498966,1.2468617606125678,False
Menin,4,ok,rosetta_repack,0.7351727368449252,1.026393511439682,1.2468617606125678,False
Menin,5,ok,rosetta_repack,0.7351727368449252,1.026393511439682,1.2468617606125678,False
Menin,6,ok,rosetta_repack,0.7351727368449252,1.026393511439682,1.2468617606125678,False
Menin,7,ok,rosetta_repack,0.7351727368449252,1.026393511439682,1.2468617606125678,False
Menin,8,ok,rosetta_repack,0.7351727368449252,1.026393511439682,1.2468617606125678,False
Menin,9,ok,rosetta_repack,0.7223851757616666,1.028597655570232,1.2468617606125678,False
Menin,10,ok,rosetta_repack,0.7351727368449252,1.026393511439682,1.2468617606125678,False
Menin,11,ok,rosetta_repack,0.7351727368449252,1.026393511439682,1.2468617606125678,False
Menin,12,ok,rosetta_repack,0.6990986799759946,1.0305101347498966,1.2468617606125678,False
Menin,13,ok,rosetta_repack,0.7223851757616666,1.028597655570232,1.2468617606125678,False
Menin,14,ok,rosetta_repack,0.7351727368449252,1.026393511439682,1.2468617606125678,False
Menin,15,ok,rosetta_repack,0.7351727368449252,1.026393511439682,1.2468617606125678,False
Menin,16,ok,rosetta_repack,0.7667768647029382,1.0107368383944408,1.2468617606125678,False
Menin,17,ok,rosetta_repack,0.7351727368449252,1.026393511439682,1.2468617606125678,False
Menin,18,ok,rosetta_repack,0.6990986799759946,1.0305101347498966,1.2468617606125678,False
Menin,19,ok,rosetta_repack,0.7351727368449252,1.026393511439682,1.2468617606125678,False
Menin,20,ok,rosetta_repack,0.7223851757616666,1.028597655570232,1.2468617606125678,False
Menin,21,ok,rosetta_repack,0.7223851757616666,1.028597655570232,1.2468617606125678,False
Menin,22,ok,rosetta_repack,0.7351727368449252,1.026393511439682,1.2468617606125678,False
Menin,23,ok,rosetta_repack,0.7351727368449252,1.026393511439682,1.2468617606125678,False
Menin,24,ok,rosetta_repack,0.7667768647029382,1.0107368383944408,1.2468617606125678,False
Menin,25,ok,rosetta_repack,0.7351727368449252,1.026393511439682,1.2468617606125678,False
Menin,26,ok,rosetta_repack,0.7351727368449252,1.026393511439682,1.2468617606125678,False
Menin,27,ok,rosetta_repack,0.7351727368449252,1.026393511439682,1.2468617606125678,False
Menin,28,ok,rosetta_repack,0.7351727368449252,1.026393511439682,1.2468617606125678,False
Menin,29,ok,rosetta_repack,0.7351727368449252,1.026393511439682,1.2468617606125678,False
Menin,0,ok,rosetta_fastrelax,1.001004011004019,1.7049214423365904,1.2468617606125678,False
Menin,1,ok,rosetta_fastrelax,1.1642348010346728,1.432361965706398,1.2468617606125678,False
Menin,2,ok,rosetta_fastrelax,1.2670305566297835,1.6490450464366122,1.2468617606125678,False
Menin,3,ok,rosetta_fastrelax,1.1741044578685167,1.4206618915724256,1.2468617606125678,False
Menin,4,ok,rosetta_fastrelax,1.2682991990778834,1.531757332435723,1.2468617606125678,False
Menin,5,ok,rosetta_fastrelax,1.2898128673378173,0.9711862297658872,1.2468617606125678,True
Menin,6,ok,rosetta_fastrelax,1.2484244908119326,1.5843610410990605,1.2468617606125678,False
Menin,7,ok,rosetta_fastrelax,1.1083074011656502,1.37545865579765,1.2468617606125678,False
Menin,8,ok,rosetta_fastrelax,1.319888230647197,1.5698984450672133,1.2468617606125678,False
Menin,9,ok,rosetta_fastrelax,0.8825303558974704,1.5335246137195395,1.2468617606125678,False
Menin,10,ok,rosetta_fastrelax,1.1707057337368498,1.4304548453792076,1.2468617606125678,False
Menin,11,ok,rosetta_fastrelax,1.2653221394853795,1.5910980879386345,1.2468617606125678,False
Menin,12,ok,rosetta_fastrelax,1.1428250703369132,1.3490277176298968,1.2468617606125678,False
Menin,13,ok,rosetta_fastrelax,1.1724075931158808,1.402307471983266,1.2468617606125678,False
Menin,14,ok,rosetta_fastrelax,1.4390170658084391,1.5428910247927383,1.2468617606125678,False
Menin,15,ok,rosetta_fastrelax,1.2338370820765987,1.5995928460052926,1.2468617606125678,False
Menin,16,ok,rosetta_fastrelax,0.5868647462350367,1.3177666316958176,1.2468617606125678,False
Menin,17,ok,rosetta_fastrelax,1.207674978469096,1.3966671829760564,1.2468617606125678,False
Menin,18,ok,rosetta_fastrelax,1.1722014014278126,1.3865559879363007,1.2468617606125678,False
Menin,19,ok,rosetta_fastrelax,1.2399054607721427,1.4989730783654631,1.2468617606125678,False
Menin,20,ok,rosetta_fastrelax,1.13879360126621,1.3267681007275078,1.2468617606125678,False
Menin,21,ok,rosetta_fastrelax,1.2252297805373784,1.5306474975474318,1.2468617606125678,False
Menin,22,ok,rosetta_fastrelax,1.162902964311252,1.3804214051644605,1.2468617606125678,False
Menin,23,ok,rosetta_fastrelax,1.2491671319687931,1.6258478558326726,1.2468617606125678,False
Menin,24,ok,rosetta_fastrelax,1.246492892019711,1.5274449533679386,1.2468617606125678,False
Menin,25,ok,rosetta_fastrelax,1.2260800692062572,1.5348849015336692,1.2468617606125678,False
Menin,26,ok,rosetta_fastrelax,1.2215060936654663,1.5983275420021905,1.2468617606125678,False
Menin,27,ok,rosetta_fastrelax,1.1605819688164505,1.365866421755677,1.2468617606125678,False
Menin,28,ok,rosetta_fastrelax,1.1694676123030587,1.4704934042402158,1.2468617606125678,False
Menin,29,ok,rosetta_fastrelax,1.1585523395312318,1.3376556197768121,1.2468617606125678,False
GCGR,0,ok,rosetta_repack,1.3411992380739386,5.509015080670628,5.701045356786475,False
GCGR,1,ok,rosetta_repack,1.3267321236626768,5.55477376795429,5.701045356786475,False
GCGR,2,ok,rosetta_repack,1.3267321236626768,5.55477376795429,5.701045356786475,False
GCGR,3,ok,rosetta_repack,1.3267321236626768,5.55477376795429,5.701045356786475,False
GCGR,4,ok,rosetta_repack,1.3414907300844212,5.510799239728497,5.701045356786475,False
GCGR,5,ok,rosetta_repack,1.3267321236626768,5.55477376795429,5.701045356786475,False
GCGR,6,ok,rosetta_repack,1.3414907300844212,5.510799239728497,5.701045356786475,False
GCGR,7,ok,rosetta_repack,1.3411992380739386,5.509015080670628,5.701045356786475,False
GCGR,8,ok,rosetta_repack,1.3411992380739386,5.509015080670628,5.701045356786475,False
GCGR,9,ok,rosetta_repack,1.3414907300844212,5.510799239728497,5.701045356786475,False
GCGR,10,ok,rosetta_repack,1.3414907300844212,5.510799239728497,5.701045356786475,False
GCGR,11,ok,rosetta_repack,1.3270267934939355,5.556543234303939,5.701045356786475,False
GCGR,12,ok,rosetta_repack,1.3267321236626768,5.55477376795429,5.701045356786475,False
GCGR,13,ok,rosetta_repack,1.3411992380739386,5.509015080670628,5.701045356786475,False
GCGR,14,ok,rosetta_repack,1.3411992380739386,5.509015080670628,5.701045356786475,False
GCGR,15,ok,rosetta_repack,1.3414907300844212,5.510799239728497,5.701045356786475,False
GCGR,16,ok,rosetta_repack,1.3411992380739386,5.509015080670628,5.701045356786475,False
GCGR,17,ok,rosetta_repack,1.3411992380739386,5.509015080670628,5.701045356786475,False
GCGR,18,ok,rosetta_repack,1.3411992380739386,5.509015080670628,5.701045356786475,False
GCGR,19,ok,rosetta_repack,1.3270267934939355,5.556543234303939,5.701045356786475,False
GCGR,20,ok,rosetta_repack,1.3307204946150981,5.5592288465493285,5.701045356786475,False
GCGR,21,ok,rosetta_repack,1.3270267934939355,5.556543234303939,5.701045356786475,False
GCGR,22,ok,rosetta_repack,1.3411992380739386,5.509015080670628,5.701045356786475,False
GCGR,23,ok,rosetta_repack,1.3414907300844212,5.510799239728497,5.701045356786475,False
GCGR,24,ok,rosetta_repack,1.3267321236626768,5.55477376795429,5.701045356786475,False
GCGR,25,ok,rosetta_repack,1.3270267934939355,5.556543234303939,5.701045356786475,False
GCGR,26,ok,rosetta_repack,1.3270267934939355,5.556543234303939,5.701045356786475,False
GCGR,27,ok,rosetta_repack,1.3414907300844212,5.510799239728497,5.701045356786475,False
GCGR,28,ok,rosetta_repack,1.3411992380739386,5.509015080670628,5.701045356786475,False
GCGR,29,ok,rosetta_repack,1.3270267934939355,5.556543234303939,5.701045356786475,False
GCGR,0,ok,rosetta_fastrelax,2.7410916129774026,5.653091111017107,5.701045356786475,False
GCGR,1,ok,rosetta_fastrelax,2.5067910499671213,5.4555505303728165,5.701045356786475,False
GCGR,2,ok,rosetta_fastrelax,2.0540165422031675,5.390856433091924,5.701045356786475,False
GCGR,3,ok,rosetta_fastrelax,2.9092884737446947,5.796191807317517,5.701045356786475,False
GCGR,4,ok,rosetta_fastrelax,2.3994941993034375,5.977821390924794,5.701045356786475,False
GCGR,5,ok,rosetta_fastrelax,2.501321232690372,5.571140060219711,5.701045356786475,False
GCGR,6,ok,rosetta_fastrelax,2.332305832908581,5.149664385365011,5.701045356786475,False
GCGR,7,ok,rosetta_fastrelax,2.9378271465865056,6.672947332533245,5.701045356786475,False
GCGR,8,ok,rosetta_fastrelax,3.0757727553414935,6.165318281965039,5.701045356786475,False
GCGR,9,ok,rosetta_fastrelax,2.494868066459235,5.235091788142664,5.701045356786475,False
GCGR,10,ok,rosetta_fastrelax,2.828936505110267,5.674111200729384,5.701045356786475,False
GCGR,11,ok,rosetta_fastrelax,2.6996597522045165,5.791280534244671,5.701045356786475,False
GCGR,12,ok,rosetta_fastrelax,2.731528416114471,6.432141267654531,5.701045356786475,False
GCGR,13,ok,rosetta_fastrelax,2.1887640793467877,5.185954619173017,5.701045356786475,False
GCGR,14,ok,rosetta_fastrelax,2.6085399796611553,5.483968185954512,5.701045356786475,False
GCGR,15,ok,rosetta_fastrelax,2.93959475228557,5.730426551181621,5.701045356786475,False
GCGR,16,ok,rosetta_fastrelax,2.589252404383478,5.741460602062377,5.701045356786475,False
GCGR,17,ok,rosetta_fastrelax,2.8301925091461073,5.95352347177065,5.701045356786475,False
GCGR,18,ok,rosetta_fastrelax,3.1123750309119704,6.2336303980141645,5.701045356786475,False
GCGR,19,ok,rosetta_fastrelax,2.769055547456011,5.564187732040449,5.701045356786475,False
GCGR,20,ok,rosetta_fastrelax,2.4648558642078893,5.827212924488698,5.701045356786475,False
GCGR,21,ok,rosetta_fastrelax,2.4956573137924543,6.076368711754819,5.701045356786475,False
GCGR,22,ok,rosetta_fastrelax,2.6961705721044633,6.12452246332073,5.701045356786475,False
GCGR,23,ok,rosetta_fastrelax,2.4592365299631127,5.856239971419116,5.701045356786475,False
GCGR,24,ok,rosetta_fastrelax,2.7683343517098407,6.366175267263398,5.701045356786475,False
GCGR,25,ok,rosetta_fastrelax,2.313857042508245,5.1235806830832615,5.701045356786475,False
GCGR,26,ok,rosetta_fastrelax,2.544799412089953,5.5775971175040135,5.701045356786475,False
GCGR,27,ok,rosetta_fastrelax,2.786152044074899,5.711386016491689,5.701045356786475,False
GCGR,28,ok,rosetta_fastrelax,2.5559429866816443,6.041441391013693,5.701045356786475,False
GCGR,29,ok,rosetta_fastrelax,2.474170554009387,5.585992444323625,5.701045356786475,False
THSR,0,ok,rosetta_repack,1.5159102561430267,0.8678126479779634,1.616455574028625,True
THSR,1,ok,rosetta_repack,1.5159102561430267,0.8678126479779634,1.616455574028625,True
THSR,2,ok,rosetta_repack,1.5159102561430267,0.8678126479779634,1.616455574028625,True
THSR,3,ok,rosetta_repack,1.5159102561430267,0.8678126479779634,1.616455574028625,True
THSR,4,ok,rosetta_repack,1.5159102561430267,0.8678126479779634,1.616455574028625,True
THSR,5,ok,rosetta_repack,1.5159102561430267,0.8678126479779634,1.616455574028625,True
THSR,6,ok,rosetta_repack,1.5159102561430267,0.8678126479779634,1.616455574028625,True
THSR,7,ok,rosetta_repack,1.5159102561430267,0.8678126479779634,1.616455574028625,True
THSR,8,ok,rosetta_repack,1.5159102561430267,0.8678126479779634,1.616455574028625,True
THSR,9,ok,rosetta_repack,1.5159102561430267,0.8678126479779634,1.616455574028625,True
THSR,10,ok,rosetta_repack,1.5159102561430267,0.8678126479779634,1.616455574028625,True
THSR,11,ok,rosetta_repack,1.5159102561430267,0.8678126479779634,1.616455574028625,True
THSR,12,ok,rosetta_repack,1.5159102561430267,0.8678126479779634,1.616455574028625,True
THSR,13,ok,rosetta_repack,1.5159102561430267,0.8678126479779634,1.616455574028625,True
THSR,14,ok,rosetta_repack,1.5159102561430267,0.8678126479779634,1.616455574028625,True
THSR,15,ok,rosetta_repack,1.5159102561430267,0.8678126479779634,1.616455574028625,True
THSR,16,ok,rosetta_repack,1.5159102561430267,0.8678126479779634,1.616455574028625,True
THSR,17,ok,rosetta_repack,1.5159102561430267,0.8678126479779634,1.616455574028625,True
THSR,18,ok,rosetta_repack,1.5159102561430267,0.8678126479779634,1.616455574028625,True
THSR,19,ok,rosetta_repack,1.5159102561430267,0.8678126479779634,1.616455574028625,True
THSR,20,ok,rosetta_repack,1.5159102561430267,0.8678126479779634,1.616455574028625,True
THSR,21,ok,rosetta_repack,1.5159102561430267,0.8678126479779634,1.616455574028625,True
THSR,22,ok,rosetta_repack,1.5159102561430267,0.8678126479779634,1.616455574028625,True
THSR,23,ok,rosetta_repack,1.5159102561430267,0.8678126479779634,1.616455574028625,True
THSR,24,ok,rosetta_repack,1.5159102561430267,0.8678126479779634,1.616455574028625,True
THSR,25,ok,rosetta_repack,1.5159102561430267,0.8678126479779634,1.616455574028625,True
THSR,26,ok,rosetta_repack,1.5159102561430267,0.8678126479779634,1.616455574028625,True
THSR,27,ok,rosetta_repack,1.5159102561430267,0.8678126479779634,1.616455574028625,True
THSR,28,ok,rosetta_repack,1.5159102561430267,0.8678126479779634,1.616455574028625,True
THSR,29,ok,rosetta_repack,1.5159102561430267,0.8678126479779634,1.616455574028625,True
THSR,0,ok,rosetta_fastrelax,2.08180679342404,2.0096755858235325,1.616455574028625,False
THSR,1,ok,rosetta_fastrelax,1.8359656065908523,2.471749041370674,1.616455574028625,False
THSR,2,ok,rosetta_fastrelax,1.8230294820788475,1.371381653757802,1.616455574028625,True
THSR,3,ok,rosetta_fastrelax,1.8236561599240773,2.1739188117861903,1.616455574028625,False
THSR,4,ok,rosetta_fastrelax,1.8651869162642696,1.6778315919083835,1.616455574028625,False
THSR,5,ok,rosetta_fastrelax,2.264589664391979,2.000810982960814,1.616455574028625,False
THSR,6,ok,rosetta_fastrelax,2.016094000793605,1.2240094845869247,1.616455574028625,True
THSR,7,ok,rosetta_fastrelax,2.0836437072395286,1.8693155832783612,1.616455574028625,False
THSR,8,ok,rosetta_fastrelax,1.7663621845856783,2.185002957936148,1.616455574028625,False
THSR,9,ok,rosetta_fastrelax,2.248625028165026,1.4837555410003846,1.616455574028625,True
THSR,10,ok,rosetta_fastrelax,1.9454004336392967,1.467140804220707,1.616455574028625,True
THSR,11,ok,rosetta_fastrelax,2.139213169255419,1.903632173218573,1.616455574028625,False
THSR,12,ok,rosetta_fastrelax,1.9585074822327047,1.2242844849950267,1.616455574028625,True
THSR,13,ok,rosetta_fastrelax,2.153449375683681,1.5105566578824268,1.616455574028625,True
THSR,14,ok,rosetta_fastrelax,1.858401542833784,1.6165545058865234,1.616455574028625,False
THSR,15,ok,rosetta_fastrelax,2.007594270558321,1.3253550439971868,1.616455574028625,True
THSR,16,ok,rosetta_fastrelax,2.284213125750427,2.104452611045115,1.616455574028625,False
THSR,17,ok,rosetta_fastrelax,1.8861936780355626,1.4046284773930946,1.616455574028625,True
THSR,18,ok,rosetta_fastrelax,1.9152950835532387,1.540904464052156,1.616455574028625,True
THSR,19,ok,rosetta_fastrelax,1.891220196327435,1.3347523990247,1.616455574028625,True
THSR,20,ok,rosetta_fastrelax,1.7833742216109125,1.5640452290457452,1.616455574028625,True
THSR,21,ok,rosetta_fastrelax,2.2575080509953738,2.4467943847759908,1.616455574028625,False
THSR,22,ok,rosetta_fastrelax,1.846444797819578,1.2101682897109245,1.616455574028625,True
THSR,23,ok,rosetta_fastrelax,1.937288675071431,1.304542930602259,1.616455574028625,True
THSR,24,ok,rosetta_fastrelax,1.979552995503141,1.1820913377997322,1.616455574028625,True
THSR,25,ok,rosetta_fastrelax,2.03265835244808,1.877132031770246,1.616455574028625,False
THSR,26,ok,rosetta_fastrelax,2.085311158181597,1.2232404644201298,1.616455574028625,True
THSR,27,ok,rosetta_fastrelax,1.892490463364603,1.1518961010835203,1.616455574028625,True
THSR,28,ok,rosetta_fastrelax,2.012284903977943,1.6251192669862227,1.616455574028625,False
THSR,29,ok,rosetta_fastrelax,1.8145718222072216,1.327429920662043,1.616455574028625,True
p53_Y220C__4AGQ,0,ok,rosetta_repack,1.2321217616074105,0.33371033097527775,1.1180275303614244,True
p53_Y220C__4AGQ,1,ok,rosetta_repack,1.2321217616074105,0.33371033097527775,1.1180275303614244,True
p53_Y220C__4AGQ,2,ok,rosetta_repack,1.2321217616074105,0.33371033097527775,1.1180275303614244,True
p53_Y220C__4AGQ,3,ok,rosetta_repack,1.2321217616074105,0.33371033097527775,1.1180275303614244,True
p53_Y220C__4AGQ,4,ok,rosetta_repack,1.2321217616074105,0.33371033097527775,1.1180275303614244,True
p53_Y220C__4AGQ,5,ok,rosetta_repack,1.2321217616074105,0.33371033097527775,1.1180275303614244,True
p53_Y220C__4AGQ,6,ok,rosetta_repack,1.2321217616074105,0.33371033097527775,1.1180275303614244,True
p53_Y220C__4AGQ,7,ok,rosetta_repack,1.2321217616074105,0.33371033097527775,1.1180275303614244,True
p53_Y220C__4AGQ,8,ok,rosetta_repack,1.2321217616074105,0.33371033097527775,1.1180275303614244,True
p53_Y220C__4AGQ,9,ok,rosetta_repack,1.2321217616074105,0.33371033097527775,1.1180275303614244,True
p53_Y220C__4AGQ,10,ok,rosetta_repack,1.2321217616074105,0.33371033097527775,1.1180275303614244,True
p53_Y220C__4AGQ,11,ok,rosetta_repack,1.2321217616074105,0.33371033097527775,1.1180275303614244,True
p53_Y220C__4AGQ,12,ok,rosetta_repack,1.2321217616074105,0.33371033097527775,1.1180275303614244,True
p53_Y220C__4AGQ,13,ok,rosetta_repack,1.2321217616074105,0.33371033097527775,1.1180275303614244,True
p53_Y220C__4AGQ,14,ok,rosetta_repack,1.2321217616074105,0.33371033097527775,1.1180275303614244,True
p53_Y220C__4AGQ,15,ok,rosetta_repack,1.2321217616074105,0.33371033097527775,1.1180275303614244,True
p53_Y220C__4AGQ,16,ok,rosetta_repack,1.2321217616074105,0.33371033097527775,1.1180275303614244,True
p53_Y220C__4AGQ,17,ok,rosetta_repack,1.2321217616074105,0.33371033097527775,1.1180275303614244,True
p53_Y220C__4AGQ,18,ok,rosetta_repack,1.2321217616074105,0.33371033097527775,1.1180275303614244,True
p53_Y220C__4AGQ,19,ok,rosetta_repack,1.2321217616074105,0.33371033097527775,1.1180275303614244,True
p53_Y220C__4AGQ,20,ok,rosetta_repack,1.2321217616074105,0.33371033097527775,1.1180275303614244,True
p53_Y220C__4AGQ,21,ok,rosetta_repack,1.2321217616074105,0.33371033097527775,1.1180275303614244,True
p53_Y220C__4AGQ,22,ok,rosetta_repack,1.2321217616074105,0.33371033097527775,1.1180275303614244,True
p53_Y220C__4AGQ,23,ok,rosetta_repack,1.2321217616074105,0.33371033097527775,1.1180275303614244,True
p53_Y220C__4AGQ,24,ok,rosetta_repack,1.2321217616074105,0.33371033097527775,1.1180275303614244,True
p53_Y220C__4AGQ,25,ok,rosetta_repack,1.2321217616074105,0.33371033097527775,1.1180275303614244,True
p53_Y220C__4AGQ,26,ok,rosetta_repack,1.2321217616074105,0.33371033097527775,1.1180275303614244,True
p53_Y220C__4AGQ,27,ok,rosetta_repack,1.2321217616074105,0.33371033097527775,1.1180275303614244,True
p53_Y220C__4AGQ,28,ok,rosetta_repack,1.2321217616074105,0.33371033097527775,1.1180275303614244,True
p53_Y220C__4AGQ,29,ok,rosetta_repack,1.2321217616074105,0.33371033097527775,1.1180275303614244,True
p53_Y220C__4AGQ,0,ok,rosetta_fastrelax,1.40406430852266,1.2492087993704357,1.1180275303614244,False
p53_Y220C__4AGQ,1,ok,rosetta_fastrelax,1.417479039059088,1.247541844375787,1.1180275303614244,False
p53_Y220C__4AGQ,2,ok,rosetta_fastrelax,1.2980721966941158,1.233018291646651,1.1180275303614244,False
p53_Y220C__4AGQ,3,ok,rosetta_fastrelax,1.284515260761989,1.2414179334885507,1.1180275303614244,False
p53_Y220C__4AGQ,4,ok,rosetta_fastrelax,1.3312888024020513,1.2599888735775138,1.1180275303614244,False
p53_Y220C__4AGQ,5,ok,rosetta_fastrelax,1.403335457437662,1.254629173748683,1.1180275303614244,False
p53_Y220C__4AGQ,6,ok,rosetta_fastrelax,1.399470283566236,1.2481092048975635,1.1180275303614244,False
p53_Y220C__4AGQ,7,ok,rosetta_fastrelax,1.4192353423727755,1.2268819072005095,1.1180275303614244,False
p53_Y220C__4AGQ,8,ok,rosetta_fastrelax,1.4146009713091316,1.2311828063820935,1.1180275303614244,False
p53_Y220C__4AGQ,9,ok,rosetta_fastrelax,1.2949261886173036,1.2320329131363899,1.1180275303614244,False
p53_Y220C__4AGQ,10,ok,rosetta_fastrelax,1.2935706899577193,1.2381507560662752,1.1180275303614244,False
p53_Y220C__4AGQ,11,ok,rosetta_fastrelax,1.3995911390434383,1.2519171590380729,1.1180275303614244,False
p53_Y220C__4AGQ,12,ok,rosetta_fastrelax,1.3048804591591188,1.2210123492270597,1.1180275303614244,False
p53_Y220C__4AGQ,13,ok,rosetta_fastrelax,1.2831761572372797,1.257503766111386,1.1180275303614244,False
p53_Y220C__4AGQ,14,ok,rosetta_fastrelax,1.2905743869079331,1.229451575215018,1.1180275303614244,False
p53_Y220C__4AGQ,15,ok,rosetta_fastrelax,1.4011406008485092,1.2722665416380092,1.1180275303614244,False
p53_Y220C__4AGQ,16,ok,rosetta_fastrelax,1.2883818443619992,1.2552028822464871,1.1180275303614244,False
p53_Y220C__4AGQ,17,ok,rosetta_fastrelax,1.3136209903832832,1.2583435616367746,1.1180275303614244,False
p53_Y220C__4AGQ,18,ok,rosetta_fastrelax,1.2909010157551501,1.238953911818636,1.1180275303614244,False
p53_Y220C__4AGQ,19,ok,rosetta_fastrelax,0.7965060109057154,1.3711472075074262,1.1180275303614244,False
p53_Y220C__4AGQ,20,ok,rosetta_fastrelax,1.4180068934571088,1.2452843681531602,1.1180275303614244,False
p53_Y220C__4AGQ,21,ok,rosetta_fastrelax,1.2933905271244812,1.2588456657034404,1.1180275303614244,False
p53_Y220C__4AGQ,22,ok,rosetta_fastrelax,1.2867424502056628,1.2168404287736643,1.1180275303614244,False
p53_Y220C__4AGQ,23,ok,rosetta_fastrelax,1.3976451824298033,1.244609982915853,1.1180275303614244,False
p53_Y220C__4AGQ,24,ok,rosetta_fastrelax,1.3035882997260895,1.2338038635642876,1.1180275303614244,False
p53_Y220C__4AGQ,25,ok,rosetta_fastrelax,1.2965241842430664,1.2219218804338605,1.1180275303614244,False
p53_Y220C__4AGQ,26,ok,rosetta_fastrelax,1.4255242819742449,1.2385405466249655,1.1180275303614244,False
p53_Y220C__4AGQ,27,ok,rosetta_fastrelax,1.2916477981337746,1.263045007458425,1.1180275303614244,False
p53_Y220C__4AGQ,28,ok,rosetta_fastrelax,1.4147147079856532,1.247803747731852,1.1180275303614244,False
p53_Y220C__4AGQ,29,ok,rosetta_fastrelax,1.4577967584332794,1.2844009200561122,1.1180275303614244,False
HIF2alpha__6D0B,0,ok,rosetta_repack,1.729022565595734,2.080856735422512,1.6729991744940291,False
HIF2alpha__6D0B,1,ok,rosetta_repack,0.9964897215297276,1.345693904061441,1.6729991744940291,False
HIF2alpha__6D0B,2,ok,rosetta_repack,0.9964897215297276,1.345693904061441,1.6729991744940291,False
HIF2alpha__6D0B,3,ok,rosetta_repack,1.7245166519564459,2.1081543067278443,1.6729991744940291,False
HIF2alpha__6D0B,4,ok,rosetta_repack,1.729022565595734,2.080856735422512,1.6729991744940291,False
HIF2alpha__6D0B,5,ok,rosetta_repack,0.9886508057196984,1.3875308685034886,1.6729991744940291,False
HIF2alpha__6D0B,6,ok,rosetta_repack,1.729022565595734,2.080856735422512,1.6729991744940291,False
HIF2alpha__6D0B,7,ok,rosetta_repack,0.9964897215297276,1.345693904061441,1.6729991744940291,False
HIF2alpha__6D0B,8,ok,rosetta_repack,0.9964897215297276,1.345693904061441,1.6729991744940291,False
HIF2alpha__6D0B,9,ok,rosetta_repack,1.7245166519564459,2.1081543067278443,1.6729991744940291,False
HIF2alpha__6D0B,10,ok,rosetta_repack,1.729022565595734,2.080856735422512,1.6729991744940291,False
HIF2alpha__6D0B,11,ok,rosetta_repack,1.7245166519564459,2.1081543067278443,1.6729991744940291,False
HIF2alpha__6D0B,12,ok,rosetta_repack,1.729022565595734,2.080856735422512,1.6729991744940291,False
HIF2alpha__6D0B,13,ok,rosetta_repack,1.729022565595734,2.080856735422512,1.6729991744940291,False
HIF2alpha__6D0B,14,ok,rosetta_repack,1.729022565595734,2.080856735422512,1.6729991744940291,False
HIF2alpha__6D0B,15,ok,rosetta_repack,1.729022565595734,2.080856735422512,1.6729991744940291,False
HIF2alpha__6D0B,16,ok,rosetta_repack,1.729022565595734,2.080856735422512,1.6729991744940291,False
HIF2alpha__6D0B,17,ok,rosetta_repack,1.729022565595734,2.080856735422512,1.6729991744940291,False
HIF2alpha__6D0B,18,ok,rosetta_repack,1.729022565595734,2.080856735422512,1.6729991744940291,False
HIF2alpha__6D0B,19,ok,rosetta_repack,0.9886508057196984,1.3875308685034886,1.6729991744940291,False
HIF2alpha__6D0B,20,ok,rosetta_repack,0.9964897215297276,1.345693904061441,1.6729991744940291,False
HIF2alpha__6D0B,21,ok,rosetta_repack,1.729022565595734,2.080856735422512,1.6729991744940291,False
HIF2alpha__6D0B,22,ok,rosetta_repack,1.729022565595734,2.080856735422512,1.6729991744940291,False
HIF2alpha__6D0B,23,ok,rosetta_repack,0.9964897215297276,1.345693904061441,1.6729991744940291,False
HIF2alpha__6D0B,24,ok,rosetta_repack,0.9964897215297276,1.345693904061441,1.6729991744940291,False
HIF2alpha__6D0B,25,ok,rosetta_repack,1.729022565595734,2.080856735422512,1.6729991744940291,False
HIF2alpha__6D0B,26,ok,rosetta_repack,0.9964897215297276,1.345693904061441,1.6729991744940291,False
HIF2alpha__6D0B,27,ok,rosetta_repack,1.729022565595734,2.080856735422512,1.6729991744940291,False
HIF2alpha__6D0B,28,ok,rosetta_repack,1.7245166519564459,2.1081543067278443,1.6729991744940291,False
HIF2alpha__6D0B,29,ok,rosetta_repack,0.9964897215297276,1.345693904061441,1.6729991744940291,False
HIF2alpha__6D0B,0,ok,rosetta_fastrelax,2.3662309840048783,2.2592633355723954,1.6729991744940291,False
HIF2alpha__6D0B,1,ok,rosetta_fastrelax,2.397674381911446,2.5137995323974693,1.6729991744940291,False
HIF2alpha__6D0B,2,ok,rosetta_fastrelax,1.9678839291881098,2.375446277650869,1.6729991744940291,False
HIF2alpha__6D0B,3,ok,rosetta_fastrelax,1.93086652103057,2.2952662338352225,1.6729991744940291,False
HIF2alpha__6D0B,4,ok,rosetta_fastrelax,1.423416097741677,1.4468880728253315,1.6729991744940291,False
HIF2alpha__6D0B,5,ok,rosetta_fastrelax,1.9927421455044765,2.3993985674800458,1.6729991744940291,False
HIF2alpha__6D0B,6,ok,rosetta_fastrelax,1.285337162908083,1.505677143698187,1.6729991744940291,False
HIF2alpha__6D0B,7,ok,rosetta_fastrelax,1.9897883765143936,2.4016282374328335,1.6729991744940291,False
HIF2alpha__6D0B,8,ok,rosetta_fastrelax,1.4069494447436026,1.49771018526989,1.6729991744940291,False
HIF2alpha__6D0B,9,ok,rosetta_fastrelax,1.0536164999321294,1.6371989181418616,1.6729991744940291,False
HIF2alpha__6D0B,10,ok,rosetta_fastrelax,1.8373213284216652,2.281156234746107,1.6729991744940291,False
HIF2alpha__6D0B,11,ok,rosetta_fastrelax,1.8577749149399685,2.286244139911647,1.6729991744940291,False
HIF2alpha__6D0B,12,ok,rosetta_fastrelax,1.2324023944806524,1.5156258103697118,1.6729991744940291,False
HIF2alpha__6D0B,13,ok,rosetta_fastrelax,1.9459707876326735,2.329167410208885,1.6729991744940291,False
HIF2alpha__6D0B,14,ok,rosetta_fastrelax,2.072154321275256,2.4626702297198877,1.6729991744940291,False
HIF2alpha__6D0B,15,ok,rosetta_fastrelax,1.4931151363178083,1.4596717753017199,1.6729991744940291,True
HIF2alpha__6D0B,16,ok,rosetta_fastrelax,1.9967023899617653,2.4178427502188895,1.6729991744940291,False
HIF2alpha__6D0B,17,ok,rosetta_fastrelax,1.9211864285815525,2.3349329473179927,1.6729991744940291,False
HIF2alpha__6D0B,18,ok,rosetta_fastrelax,1.8715412374391245,2.359401530484679,1.6729991744940291,False
HIF2alpha__6D0B,19,ok,rosetta_fastrelax,0.9983534876671165,1.4285967386984368,1.6729991744940291,False
HIF2alpha__6D0B,20,ok,rosetta_fastrelax,1.9553419156980216,2.3722809188699485,1.6729991744940291,False
HIF2alpha__6D0B,21,ok,rosetta_fastrelax,1.8775348204009097,2.1553702521965388,1.6729991744940291,False
HIF2alpha__6D0B,22,ok,rosetta_fastrelax,1.949880046144972,2.221292157083323,1.6729991744940291,False
HIF2alpha__6D0B,23,ok,rosetta_fastrelax,2.0081681012078243,2.4379040398771585,1.6729991744940291,False
HIF2alpha__6D0B,24,ok,rosetta_fastrelax,1.0543860059146166,1.7431140358532164,1.6729991744940291,False
HIF2alpha__6D0B,25,ok,rosetta_fastrelax,2.016303805033401,2.4585820832894787,1.6729991744940291,False
HIF2alpha__6D0B,26,ok,rosetta_fastrelax,2.1128622015752963,2.310091612539387,1.6729991744940291,False
HIF2alpha__6D0B,27,ok,rosetta_fastrelax,1.9551297375780772,2.398420287674749,1.6729991744940291,False
HIF2alpha__6D0B,28,ok,rosetta_fastrelax,2.026730264013967,2.384451468583943,1.6729991744940291,False
HIF2alpha__6D0B,29,ok,rosetta_fastrelax,2.2288081994472266,2.4694495166676584,1.6729991744940291,False
HIV_RT__3V81,0,ok,rosetta_repack,0.4731710020339367,3.0723848845205466,3.0896312117090363,False
HIV_RT__3V81,1,ok,rosetta_repack,0.5202652791135634,3.1049432264352332,3.0896312117090363,False
HIV_RT__3V81,2,ok,rosetta_repack,0.4731710020339367,3.0723848845205466,3.0896312117090363,False
HIV_RT__3V81,3,ok,rosetta_repack,0.4731710020339367,3.0723848845205466,3.0896312117090363,False
HIV_RT__3V81,4,ok,rosetta_repack,0.5202652791135634,3.1049432264352332,3.0896312117090363,False
HIV_RT__3V81,5,ok,rosetta_repack,0.5202652791135634,3.1049432264352332,3.0896312117090363,False
HIV_RT__3V81,6,ok,rosetta_repack,0.5202652791135634,3.1049432264352332,3.0896312117090363,False
HIV_RT__3V81,7,ok,rosetta_repack,0.5202652791135634,3.1049432264352332,3.0896312117090363,False
HIV_RT__3V81,8,ok,rosetta_repack,0.5202652791135634,3.1049432264352332,3.0896312117090363,False
HIV_RT__3V81,9,ok,rosetta_repack,0.5202652791135634,3.1049432264352332,3.0896312117090363,False
HIV_RT__3V81,10,ok,rosetta_repack,0.5202652791135634,3.1049432264352332,3.0896312117090363,False
HIV_RT__3V81,11,ok,rosetta_repack,0.5202652791135634,3.1049432264352332,3.0896312117090363,False
HIV_RT__3V81,12,ok,rosetta_repack,0.5202652791135634,3.1049432264352332,3.0896312117090363,False
HIV_RT__3V81,13,ok,rosetta_repack,0.5202652791135634,3.1049432264352332,3.0896312117090363,False
HIV_RT__3V81,14,ok,rosetta_repack,0.5202652791135634,3.1049432264352332,3.0896312117090363,False
HIV_RT__3V81,15,ok,rosetta_repack,0.5202652791135634,3.1049432264352332,3.0896312117090363,False
HIV_RT__3V81,16,ok,rosetta_repack,0.5202652791135634,3.1049432264352332,3.0896312117090363,False
HIV_RT__3V81,17,ok,rosetta_repack,0.5202652791135634,3.1049432264352332,3.0896312117090363,False
HIV_RT__3V81,18,ok,rosetta_repack,0.5333877616572226,3.1219015350500396,3.0896312117090363,False
HIV_RT__3V81,19,ok,rosetta_repack,0.5202652791135634,3.1049432264352332,3.0896312117090363,False
HIV_RT__3V81,20,ok,rosetta_repack,0.5202652791135634,3.1049432264352332,3.0896312117090363,False
HIV_RT__3V81,21,ok,rosetta_repack,0.5202652791135634,3.1049432264352332,3.0896312117090363,False
HIV_RT__3V81,22,ok,rosetta_repack,0.5202652791135634,3.1049432264352332,3.0896312117090363,False
HIV_RT__3V81,23,ok,rosetta_repack,0.5202652791135634,3.1049432264352332,3.0896312117090363,False
HIV_RT__3V81,24,ok,rosetta_repack,0.5202652791135634,3.1049432264352332,3.0896312117090363,False
HIV_RT__3V81,25,ok,rosetta_repack,0.5202652791135634,3.1049432264352332,3.0896312117090363,False
HIV_RT__3V81,26,ok,rosetta_repack,0.5202652791135634,3.1049432264352332,3.0896312117090363,False
HIV_RT__3V81,27,ok,rosetta_repack,0.5202652791135634,3.1049432264352332,3.0896312117090363,False
HIV_RT__3V81,28,ok,rosetta_repack,0.5202652791135634,3.1049432264352332,3.0896312117090363,False
HIV_RT__3V81,29,ok,rosetta_repack,0.5202652791135634,3.1049432264352332,3.0896312117090363,False
HIV_RT__3V81,0,ok,rosetta_fastrelax,1.1552612118986105,3.0871734279990157,3.0896312117090363,False
HIV_RT__3V81,1,ok,rosetta_fastrelax,1.207299698763914,3.0954834943952285,3.0896312117090363,False
HIV_RT__3V81,2,ok,rosetta_fastrelax,1.1301878372431615,3.158104671493936,3.0896312117090363,False
HIV_RT__3V81,3,ok,rosetta_fastrelax,1.20287859208103,3.0873440669323973,3.0896312117090363,False
HIV_RT__3V81,4,ok,rosetta_fastrelax,1.0493277189671726,3.0525333931816165,3.0896312117090363,False
HIV_RT__3V81,5,ok,rosetta_fastrelax,1.4694540906240205,3.265206105526128,3.0896312117090363,False
HIV_RT__3V81,6,ok,rosetta_fastrelax,1.0830656917615913,3.0392908069192592,3.0896312117090363,False
HIV_RT__3V81,7,ok,rosetta_fastrelax,1.1129573355777207,3.068223676813417,3.0896312117090363,False
HIV_RT__3V81,8,ok,rosetta_fastrelax,1.159142618844826,3.116201966949997,3.0896312117090363,False
HIV_RT__3V81,9,ok,rosetta_fastrelax,1.1211244543389374,3.090248656348458,3.0896312117090363,False
HIV_RT__3V81,10,ok,rosetta_fastrelax,1.2195624545316872,3.0088894804139237,3.0896312117090363,False
HIV_RT__3V81,11,ok,rosetta_fastrelax,1.134342905090822,3.064242196361764,3.0896312117090363,False
HIV_RT__3V81,12,ok,rosetta_fastrelax,1.1570012640784337,2.9626866556094917,3.0896312117090363,False
HIV_RT__3V81,13,ok,rosetta_fastrelax,1.1480236812381373,3.158009576385072,3.0896312117090363,False
HIV_RT__3V81,14,ok,rosetta_fastrelax,1.0824693353554564,3.0516336829094124,3.0896312117090363,False
HIV_RT__3V81,15,ok,rosetta_fastrelax,1.039695553064074,3.083541814962677,3.0896312117090363,False
HIV_RT__3V81,16,ok,rosetta_fastrelax,1.1333543648520081,3.1131250104591017,3.0896312117090363,False
HIV_RT__3V81,17,ok,rosetta_fastrelax,1.2122708665333077,3.1256495533687065,3.0896312117090363,False
HIV_RT__3V81,18,ok,rosetta_fastrelax,1.174639826543016,3.1068351026701997,3.0896312117090363,False
HIV_RT__3V81,19,ok,rosetta_fastrelax,1.108355348735363,3.1098699108899703,3.0896312117090363,False
HIV_RT__3V81,20,ok,rosetta_fastrelax,1.0980034156860694,3.053091923007006,3.0896312117090363,False
HIV_RT__3V81,21,ok,rosetta_fastrelax,1.0882495192081576,3.0472464504596735,3.0896312117090363,False
HIV_RT__3V81,22,ok,rosetta_fastrelax,1.1535026044302594,3.116419132746524,3.0896312117090363,False
HIV_RT__3V81,23,ok,rosetta_fastrelax,1.0655596181454805,3.0389107583188792,3.0896312117090363,False
HIV_RT__3V81,24,ok,rosetta_fastrelax,1.1961453316685284,3.135713346511924,3.0896312117090363,False
HIV_RT__3V81,25,ok,rosetta_fastrelax,1.0592199210891229,3.030905566928319,3.0896312117090363,False
HIV_RT__3V81,26,ok,rosetta_fastrelax,1.2627202006228808,3.079093329182968,3.0896312117090363,False
HIV_RT__3V81,27,ok,rosetta_fastrelax,1.20782697175715,3.120291566712824,3.0896312117090363,False
HIV_RT__3V81,28,ok,rosetta_fastrelax,1.0513331114320612,3.0231409637207647,3.0896312117090363,False
HIV_RT__3V81,29,ok,rosetta_fastrelax,1.2624197848967789,3.0563668616924957,3.0896312117090363,False
THSR__7UTZ,0,ok,rosetta_repack,2.042985911989621,2.4277164279302714,2.4345552542057787,False
THSR__7UTZ,1,ok,rosetta_repack,2.042985911989621,2.4277164279302714,2.4345552542057787,False
THSR__7UTZ,2,ok,rosetta_repack,2.042985911989621,2.4277164279302714,2.4345552542057787,False
THSR__7UTZ,3,ok,rosetta_repack,2.042985911989621,2.4277164279302714,2.4345552542057787,False
THSR__7UTZ,4,ok,rosetta_repack,2.042985911989621,2.4277164279302714,2.4345552542057787,False
THSR__7UTZ,5,ok,rosetta_repack,2.042985911989621,2.4277164279302714,2.4345552542057787,False
THSR__7UTZ,6,ok,rosetta_repack,2.042985911989621,2.4277164279302714,2.4345552542057787,False
THSR__7UTZ,7,ok,rosetta_repack,2.042985911989621,2.4277164279302714,2.4345552542057787,False
THSR__7UTZ,8,ok,rosetta_repack,2.042985911989621,2.4277164279302714,2.4345552542057787,False
THSR__7UTZ,9,ok,rosetta_repack,2.042985911989621,2.4277164279302714,2.4345552542057787,False
THSR__7UTZ,10,ok,rosetta_repack,2.042985911989621,2.4277164279302714,2.4345552542057787,False
THSR__7UTZ,11,ok,rosetta_repack,2.042985911989621,2.4277164279302714,2.4345552542057787,False
THSR__7UTZ,12,ok,rosetta_repack,2.042985911989621,2.4277164279302714,2.4345552542057787,False
THSR__7UTZ,13,ok,rosetta_repack,2.042985911989621,2.4277164279302714,2.4345552542057787,False
THSR__7UTZ,14,ok,rosetta_repack,2.042985911989621,2.4277164279302714,2.4345552542057787,False
THSR__7UTZ,15,ok,rosetta_repack,2.042985911989621,2.4277164279302714,2.4345552542057787,False
THSR__7UTZ,16,ok,rosetta_repack,2.042985911989621,2.4277164279302714,2.4345552542057787,False
THSR__7UTZ,17,ok,rosetta_repack,2.042985911989621,2.4277164279302714,2.4345552542057787,False
THSR__7UTZ,18,ok,rosetta_repack,2.042985911989621,2.4277164279302714,2.4345552542057787,False
THSR__7UTZ,19,ok,rosetta_repack,2.042985911989621,2.4277164279302714,2.4345552542057787,False
THSR__7UTZ,20,ok,rosetta_repack,2.042985911989621,2.4277164279302714,2.4345552542057787,False
THSR__7UTZ,21,ok,rosetta_repack,2.042985911989621,2.4277164279302714,2.4345552542057787,False
THSR__7UTZ,22,ok,rosetta_repack,2.042985911989621,2.4277164279302714,2.4345552542057787,False
THSR__7UTZ,23,ok,rosetta_repack,2.042985911989621,2.4277164279302714,2.4345552542057787,False
THSR__7UTZ,24,ok,rosetta_repack,2.042985911989621,2.4277164279302714,2.4345552542057787,False
THSR__7UTZ,25,ok,rosetta_repack,2.042985911989621,2.4277164279302714,2.4345552542057787,False
THSR__7UTZ,26,ok,rosetta_repack,2.042985911989621,2.4277164279302714,2.4345552542057787,False
THSR__7UTZ,27,ok,rosetta_repack,2.042985911989621,2.4277164279302714,2.4345552542057787,False
THSR__7UTZ,28,ok,rosetta_repack,2.042985911989621,2.4277164279302714,2.4345552542057787,False
THSR__7UTZ,29,ok,rosetta_repack,2.042985911989621,2.4277164279302714,2.4345552542057787,False
THSR__7UTZ,0,ok,rosetta_fastrelax,2.6119912130670055,1.9097974209137838,2.4345552542057787,True
THSR__7UTZ,1,ok,rosetta_fastrelax,2.0477462442280854,2.519719519584654,2.4345552542057787,False
THSR__7UTZ,2,ok,rosetta_fastrelax,2.0101221255030137,2.3148439715009834,2.4345552542057787,False
THSR__7UTZ,3,ok,rosetta_fastrelax,2.193222382906958,2.0223945738758684,2.4345552542057787,True
THSR__7UTZ,4,ok,rosetta_fastrelax,2.323021223176605,1.5675899403010036,2.4345552542057787,True
THSR__7UTZ,5,ok,rosetta_fastrelax,3.0504192744651877,1.5678329651821055,2.4345552542057787,True
THSR__7UTZ,6,ok,rosetta_fastrelax,2.5472580103082194,2.4958865263966246,2.4345552542057787,False
THSR__7UTZ,7,ok,rosetta_fastrelax,2.4957902582127605,2.7334584573742426,2.4345552542057787,False
THSR__7UTZ,8,ok,rosetta_fastrelax,1.77523937554933,1.938078357867527,2.4345552542057787,False
THSR__7UTZ,9,ok,rosetta_fastrelax,2.799662975255635,2.5700735263779877,2.4345552542057787,False
THSR__7UTZ,10,ok,rosetta_fastrelax,2.4530582240232435,2.653633196187246,2.4345552542057787,False
THSR__7UTZ,11,ok,rosetta_fastrelax,2.6821298134664846,2.7652041114024732,2.4345552542057787,False
THSR__7UTZ,12,ok,rosetta_fastrelax,2.5556590028699997,2.3953962221616814,2.4345552542057787,True
THSR__7UTZ,13,ok,rosetta_fastrelax,2.883384790083518,2.330297457230565,2.4345552542057787,True
THSR__7UTZ,14,ok,rosetta_fastrelax,2.290494938182441,1.6944791876503822,2.4345552542057787,True
THSR__7UTZ,15,ok,rosetta_fastrelax,2.6452636340997735,2.3806042701356267,2.4345552542057787,True
THSR__7UTZ,16,ok,rosetta_fastrelax,3.1048523308401528,1.9282985775329413,2.4345552542057787,True
THSR__7UTZ,17,ok,rosetta_fastrelax,2.392595569414197,2.747093418997597,2.4345552542057787,False
THSR__7UTZ,18,ok,rosetta_fastrelax,2.0754752460413233,2.7130830108752537,2.4345552542057787,False
THSR__7UTZ,19,ok,rosetta_fastrelax,2.2098477583416645,2.237238390493642,2.4345552542057787,False
THSR__7UTZ,20,ok,rosetta_fastrelax,2.243979383654116,1.6194342756541742,2.4345552542057787,True
THSR__7UTZ,21,ok,rosetta_fastrelax,2.763307898306537,1.9941395278648968,2.4345552542057787,True
THSR__7UTZ,22,ok,rosetta_fastrelax,2.2673442762709572,2.241719391925219,2.4345552542057787,True
THSR__7UTZ,23,ok,rosetta_fastrelax,2.4781781304864237,2.566966374556361,2.4345552542057787,False
THSR__7UTZ,24,ok,rosetta_fastrelax,2.5666900923174527,2.5561806078879044,2.4345552542057787,False
THSR__7UTZ,25,ok,rosetta_fastrelax,2.4916472639936575,2.7783360921221747,2.4345552542057787,False
THSR__7UTZ,26,ok,rosetta_fastrelax,2.7745733000771757,2.5924941225508373,2.4345552542057787,False
THSR__7UTZ,27,ok,rosetta_fastrelax,2.4532204499010772,2.584831789151286,2.4345552542057787,False
THSR__7UTZ,28,ok,rosetta_fastrelax,2.5494265596844845,1.8195522042861094,2.4345552542057787,True
THSR__7UTZ,29,ok,rosetta_fastrelax,2.0482883241752807,2.3197671994078632,2.4345552542057787,False
Bcl-xL,0,ok,rosetta_repack,2.085541274636024,2.4081334674755093,2.505562006849456,False
Bcl-xL,1,ok,rosetta_repack,2.001047884727864,2.2655808519586484,2.505562006849456,False
Bcl-xL,2,ok,rosetta_repack,2.085541274636024,2.4081334674755093,2.505562006849456,False
Bcl-xL,3,ok,rosetta_repack,2.085541274636024,2.4081334674755093,2.505562006849456,False
Bcl-xL,4,ok,rosetta_repack,2.001047884727864,2.2655808519586484,2.505562006849456,False
Bcl-xL,5,ok,rosetta_repack,2.001047884727864,2.2655808519586484,2.505562006849456,False
Bcl-xL,6,ok,rosetta_repack,2.001047884727864,2.2655808519586484,2.505562006849456,False
Bcl-xL,7,ok,rosetta_repack,2.085541274636024,2.4081334674755093,2.505562006849456,False
Bcl-xL,8,ok,rosetta_repack,2.079201093595652,2.4036393752568324,2.505562006849456,False
Bcl-xL,9,ok,rosetta_repack,2.001047884727864,2.2655808519586484,2.505562006849456,False
Bcl-xL,10,ok,rosetta_repack,1.904932059317845,2.435359916108441,2.505562006849456,False
Bcl-xL,11,ok,rosetta_repack,2.085541274636024,2.4081334674755093,2.505562006849456,False
Bcl-xL,12,ok,rosetta_repack,2.079201093595652,2.4036393752568324,2.505562006849456,False
Bcl-xL,13,ok,rosetta_repack,2.079201093595652,2.4036393752568324,2.505562006849456,False
Bcl-xL,14,ok,rosetta_repack,2.001047884727864,2.2655808519586484,2.505562006849456,False
Bcl-xL,15,ok,rosetta_repack,2.001047884727864,2.2655808519586484,2.505562006849456,False
Bcl-xL,16,ok,rosetta_repack,2.001047884727864,2.2655808519586484,2.505562006849456,False
Bcl-xL,17,ok,rosetta_repack,2.001047884727864,2.2655808519586484,2.505562006849456,False
Bcl-xL,18,ok,rosetta_repack,2.001047884727864,2.2655808519586484,2.505562006849456,False
Bcl-xL,19,ok,rosetta_repack,2.001047884727864,2.2655808519586484,2.505562006849456,False
Bcl-xL,20,ok,rosetta_repack,2.079201093595652,2.4036393752568324,2.505562006849456,False
Bcl-xL,21,ok,rosetta_repack,2.001047884727864,2.2655808519586484,2.505562006849456,False
Bcl-xL,22,ok,rosetta_repack,2.079201093595652,2.4036393752568324,2.505562006849456,False
Bcl-xL,23,ok,rosetta_repack,2.001047884727864,2.2655808519586484,2.505562006849456,False
Bcl-xL,24,ok,rosetta_repack,2.001047884727864,2.2655808519586484,2.505562006849456,False
Bcl-xL,25,ok,rosetta_repack,2.079201093595652,2.4036393752568324,2.505562006849456,False
Bcl-xL,26,ok,rosetta_repack,2.001047884727864,2.2655808519586484,2.505562006849456,False
Bcl-xL,27,ok,rosetta_repack,2.001047884727864,2.2655808519586484,2.505562006849456,False
Bcl-xL,28,ok,rosetta_repack,2.079201093595652,2.4036393752568324,2.505562006849456,False
Bcl-xL,29,ok,rosetta_repack,2.001047884727864,2.2655808519586484,2.505562006849456,False
Bcl-xL,0,ok,rosetta_fastrelax,2.513210242075919,1.9660812939962709,2.505562006849456,True
Bcl-xL,1,ok,rosetta_fastrelax,2.5503796525088944,1.8061740158498665,2.505562006849456,True
Bcl-xL,2,ok,rosetta_fastrelax,2.4725977499076723,1.7126325853329019,2.505562006849456,True
Bcl-xL,3,ok,rosetta_fastrelax,2.9025375562963234,2.046806874118856,2.505562006849456,True
Bcl-xL,4,ok,rosetta_fastrelax,2.972628726772333,2.134412438506584,2.505562006849456,True
Bcl-xL,5,ok,rosetta_fastrelax,2.565036199049623,1.8774211510407686,2.505562006849456,True
Bcl-xL,6,ok,rosetta_fastrelax,2.9739336736899635,1.9797513343428974,2.505562006849456,True
Bcl-xL,7,ok,rosetta_fastrelax,2.796239809563081,1.8637807664638517,2.505562006849456,True
Bcl-xL,8,ok,rosetta_fastrelax,2.9520799344675477,2.260217352913016,2.505562006849456,True
Bcl-xL,9,ok,rosetta_fastrelax,2.5435252960828314,1.924865174013123,2.505562006849456,True
Bcl-xL,10,ok,rosetta_fastrelax,2.6194249552591162,1.7218851798807233,2.505562006849456,True
Bcl-xL,11,ok,rosetta_fastrelax,2.6897450860871746,1.9576400849407065,2.505562006849456,True
Bcl-xL,12,ok,rosetta_fastrelax,2.686043227642843,1.7749071143824209,2.505562006849456,True
Bcl-xL,13,ok,rosetta_fastrelax,2.548407011506794,1.9215627943704605,2.505562006849456,True
Bcl-xL,14,ok,rosetta_fastrelax,3.328462410524979,2.6002210658854357,2.505562006849456,False
Bcl-xL,15,ok,rosetta_fastrelax,2.5300049426825084,1.8367224015197103,2.505562006849456,True
Bcl-xL,16,ok,rosetta_fastrelax,2.726336068257057,1.6459182514592068,2.505562006849456,True
Bcl-xL,17,ok,rosetta_fastrelax,2.5355264245045745,1.9227716164099409,2.505562006849456,True
Bcl-xL,18,ok,rosetta_fastrelax,2.6067712694048724,1.5116814691096228,2.505562006849456,True
Bcl-xL,19,ok,rosetta_fastrelax,2.3151628828292754,1.9118805546116444,2.505562006849456,True
Bcl-xL,20,ok,rosetta_fastrelax,2.6477553974315327,1.6951924132014917,2.505562006849456,True
Bcl-xL,21,ok,rosetta_fastrelax,3.0521206384130126,2.3562260860052806,2.505562006849456,True
Bcl-xL,22,ok,rosetta_fastrelax,2.716522759964738,1.5922353366455861,2.505562006849456,True
Bcl-xL,23,ok,rosetta_fastrelax,2.5293852152774514,1.8408019673075844,2.505562006849456,True
Bcl-xL,24,ok,rosetta_fastrelax,2.4321731175501586,1.7528159183165528,2.505562006849456,True
Bcl-xL,25,ok,rosetta_fastrelax,2.5031410497824385,1.782220314964898,2.505562006849456,True
Bcl-xL,26,ok,rosetta_fastrelax,2.539664857454418,1.893229934372802,2.505562006849456,True
Bcl-xL,27,ok,rosetta_fastrelax,2.652174003159668,1.7598314625098648,2.505562006849456,True
Bcl-xL,28,ok,rosetta_fastrelax,2.6675914099844955,1.648391730552869,2.505562006849456,True
Bcl-xL,29,ok,rosetta_fastrelax,2.4597549311985376,1.732257836727762,2.505562006849456,True
betaLG,0,ok,rosetta_repack,1.3299948909881971,1.5820751012921432,1.3972391993938094,False
betaLG,1,ok,rosetta_repack,1.3299948909881971,1.5820751012921432,1.3972391993938094,False
betaLG,2,ok,rosetta_repack,1.3109640240347336,1.5917470588582254,1.3972391993938094,False
betaLG,3,ok,rosetta_repack,1.329298827810972,1.587275065775722,1.3972391993938094,False
betaLG,4,ok,rosetta_repack,1.329298827810972,1.587275065775722,1.3972391993938094,False
betaLG,5,ok,rosetta_repack,1.3273274906091082,1.6195195012774968,1.3972391993938094,False
betaLG,6,ok,rosetta_repack,1.329298827810972,1.587275065775722,1.3972391993938094,False
betaLG,7,ok,rosetta_repack,1.310257850912659,1.5969155292903219,1.3972391993938094,False
betaLG,8,ok,rosetta_repack,1.329298827810972,1.587275065775722,1.3972391993938094,False
betaLG,9,ok,rosetta_repack,1.30087055038145,1.5389700568214921,1.3972391993938094,False
betaLG,10,ok,rosetta_repack,1.329298827810972,1.587275065775722,1.3972391993938094,False
betaLG,11,ok,rosetta_repack,1.329298827810972,1.587275065775722,1.3972391993938094,False
betaLG,12,ok,rosetta_repack,1.3109640240347336,1.5917470588582254,1.3972391993938094,False
betaLG,13,ok,rosetta_repack,1.3461270389781335,1.6100143917874914,1.3972391993938094,False
betaLG,14,ok,rosetta_repack,1.329298827810972,1.587275065775722,1.3972391993938094,False
betaLG,15,ok,rosetta_repack,1.329298827810972,1.587275065775722,1.3972391993938094,False
betaLG,16,ok,rosetta_repack,1.310257850912659,1.5969155292903219,1.3972391993938094,False
betaLG,17,ok,rosetta_repack,1.329298827810972,1.587275065775722,1.3972391993938094,False
betaLG,18,ok,rosetta_repack,1.3299948909881971,1.5820751012921432,1.3972391993938094,False
betaLG,19,ok,rosetta_repack,1.310257850912659,1.5969155292903219,1.3972391993938094,False
betaLG,20,ok,rosetta_repack,1.3299948909881971,1.5820751012921432,1.3972391993938094,False
betaLG,21,ok,rosetta_repack,1.310257850912659,1.5969155292903219,1.3972391993938094,False
betaLG,22,ok,rosetta_repack,1.329298827810972,1.587275065775722,1.3972391993938094,False
betaLG,23,ok,rosetta_repack,1.329298827810972,1.587275065775722,1.3972391993938094,False
betaLG,24,ok,rosetta_repack,1.3299948909881971,1.5820751012921432,1.3972391993938094,False
betaLG,25,ok,rosetta_repack,1.3461270389781335,1.6100143917874914,1.3972391993938094,False
betaLG,26,ok,rosetta_repack,1.3109640240347336,1.5917470588582254,1.3972391993938094,False
betaLG,27,ok,rosetta_repack,1.329298827810972,1.587275065775722,1.3972391993938094,False
betaLG,28,ok,rosetta_repack,1.3299948909881971,1.5820751012921432,1.3972391993938094,False
betaLG,29,ok,rosetta_repack,1.3109640240347336,1.5917470588582254,1.3972391993938094,False
betaLG,0,ok,rosetta_fastrelax,1.4308297105047127,1.6931605646704384,1.3972391993938094,False
betaLG,1,ok,rosetta_fastrelax,1.2518647098477327,1.5415367129379907,1.3972391993938094,False
betaLG,2,ok,rosetta_fastrelax,1.320966243259921,1.577672123319054,1.3972391993938094,False
betaLG,3,ok,rosetta_fastrelax,1.3103212516045057,1.6619010946918054,1.3972391993938094,False
betaLG,4,ok,rosetta_fastrelax,1.4946977096252527,1.7243074829948402,1.3972391993938094,False
betaLG,5,ok,rosetta_fastrelax,1.3367085877972587,1.5795874853573488,1.3972391993938094,False
betaLG,6,ok,rosetta_fastrelax,1.300980731424747,1.5460350272261731,1.3972391993938094,False
betaLG,7,ok,rosetta_fastrelax,1.41654643315241,1.6510240858441902,1.3972391993938094,False
betaLG,8,ok,rosetta_fastrelax,1.2935153952791298,1.5197170668675961,1.3972391993938094,False
betaLG,9,ok,rosetta_fastrelax,1.3562156179971447,1.6452381582380389,1.3972391993938094,False
betaLG,10,ok,rosetta_fastrelax,1.4512003731793395,1.6631450948508524,1.3972391993938094,False
betaLG,11,ok,rosetta_fastrelax,1.2660821682903227,1.5756273404046115,1.3972391993938094,False
betaLG,12,ok,rosetta_fastrelax,1.3441657060164705,1.6095265043669547,1.3972391993938094,False
betaLG,13,ok,rosetta_fastrelax,1.3748647339797564,1.604234563066544,1.3972391993938094,False
betaLG,14,ok,rosetta_fastrelax,1.281855075534875,1.5473128939510896,1.3972391993938094,False
betaLG,15,ok,rosetta_fastrelax,1.2948317789249952,1.529215086148967,1.3972391993938094,False
betaLG,16,ok,rosetta_fastrelax,1.3114063791545347,1.566497483733772,1.3972391993938094,False
betaLG,17,ok,rosetta_fastrelax,1.4234502886863873,1.6315604376816624,1.3972391993938094,False
betaLG,18,ok,rosetta_fastrelax,1.4434797117729228,1.6750183695057221,1.3972391993938094,False
betaLG,19,ok,rosetta_fastrelax,1.361139695399069,1.6347232235883076,1.3972391993938094,False
betaLG,20,ok,rosetta_fastrelax,1.3663393284890792,1.650530607238738,1.3972391993938094,False
betaLG,21,ok,rosetta_fastrelax,1.3054156976521452,1.5654757890971875,1.3972391993938094,False
betaLG,22,ok,rosetta_fastrelax,1.3251949248323545,1.6260038600764766,1.3972391993938094,False
betaLG,23,ok,rosetta_fastrelax,1.4275755036883144,1.6293827542044594,1.3972391993938094,False
betaLG,24,ok,rosetta_fastrelax,1.298593648416368,1.5602627829124354,1.3972391993938094,False
betaLG,25,ok,rosetta_fastrelax,1.3523230264011605,1.607825604658899,1.3972391993938094,False
betaLG,26,ok,rosetta_fastrelax,1.4076851869696991,1.6519434338504846,1.3972391993938094,False
betaLG,27,ok,rosetta_fastrelax,1.318424210610861,1.5938576271054015,1.3972391993938094,False
betaLG,28,ok,rosetta_fastrelax,1.3569560306787793,1.6444468104581942,1.3972391993938094,False
betaLG,29,ok,rosetta_fastrelax,1.2876131174709284,1.5459146318146948,1.3972391993938094,False
NDPK-A,0,ok,rosetta_repack,0.8663216131883381,3.6823736783449252,3.4697602388704447,False
NDPK-A,1,ok,rosetta_repack,0.8663216131883381,3.6823736783449252,3.4697602388704447,False
NDPK-A,2,ok,rosetta_repack,0.8663216131883381,3.6823736783449252,3.4697602388704447,False
NDPK-A,3,ok,rosetta_repack,0.8663216131883381,3.6823736783449252,3.4697602388704447,False
NDPK-A,4,ok,rosetta_repack,0.8663216131883381,3.6823736783449252,3.4697602388704447,False
NDPK-A,5,ok,rosetta_repack,0.8663216131883381,3.6823736783449252,3.4697602388704447,False
NDPK-A,6,ok,rosetta_repack,0.8663216131883381,3.6823736783449252,3.4697602388704447,False
NDPK-A,7,ok,rosetta_repack,0.8663216131883381,3.6823736783449252,3.4697602388704447,False
NDPK-A,8,ok,rosetta_repack,0.8663216131883381,3.6823736783449252,3.4697602388704447,False
NDPK-A,9,ok,rosetta_repack,0.8663216131883381,3.6823736783449252,3.4697602388704447,False
NDPK-A,10,ok,rosetta_repack,0.8663216131883381,3.6823736783449252,3.4697602388704447,False
NDPK-A,11,ok,rosetta_repack,0.8663216131883381,3.6823736783449252,3.4697602388704447,False
NDPK-A,12,ok,rosetta_repack,0.8663216131883381,3.6823736783449252,3.4697602388704447,False
NDPK-A,13,ok,rosetta_repack,0.8663216131883381,3.6823736783449252,3.4697602388704447,False
NDPK-A,14,ok,rosetta_repack,0.8663216131883381,3.6823736783449252,3.4697602388704447,False
NDPK-A,15,ok,rosetta_repack,0.8663216131883381,3.6823736783449252,3.4697602388704447,False
NDPK-A,16,ok,rosetta_repack,0.7849373433010688,3.5969242514939586,3.4697602388704447,False
NDPK-A,17,ok,rosetta_repack,0.8663216131883381,3.6823736783449252,3.4697602388704447,False
NDPK-A,18,ok,rosetta_repack,0.8663216131883381,3.6823736783449252,3.4697602388704447,False
NDPK-A,19,ok,rosetta_repack,0.8663216131883381,3.6823736783449252,3.4697602388704447,False
NDPK-A,20,ok,rosetta_repack,0.8663216131883381,3.6823736783449252,3.4697602388704447,False
NDPK-A,21,ok,rosetta_repack,0.7849373433010688,3.5969242514939586,3.4697602388704447,False
NDPK-A,22,ok,rosetta_repack,0.8663216131883381,3.6823736783449252,3.4697602388704447,False
NDPK-A,23,ok,rosetta_repack,0.8663216131883381,3.6823736783449252,3.4697602388704447,False
NDPK-A,24,ok,rosetta_repack,0.8663216131883381,3.6823736783449252,3.4697602388704447,False
NDPK-A,25,ok,rosetta_repack,0.8663216131883381,3.6823736783449252,3.4697602388704447,False
NDPK-A,26,ok,rosetta_repack,0.8663216131883381,3.6823736783449252,3.4697602388704447,False
NDPK-A,27,ok,rosetta_repack,0.7849373433010688,3.5969242514939586,3.4697602388704447,False
NDPK-A,28,ok,rosetta_repack,0.8663216131883381,3.6823736783449252,3.4697602388704447,False
NDPK-A,29,ok,rosetta_repack,0.8663216131883381,3.6823736783449252,3.4697602388704447,False
NDPK-A,0,ok,rosetta_fastrelax,4.023029765074455,2.0113544977136693,3.4697602388704447,True
NDPK-A,1,ok,rosetta_fastrelax,3.735600161228744,2.734582184176339,3.4697602388704447,True
NDPK-A,2,ok,rosetta_fastrelax,2.5615726860406243,1.5440606423314556,3.4697602388704447,True
NDPK-A,3,ok,rosetta_fastrelax,4.0126502690706625,2.015535332064098,3.4697602388704447,True
NDPK-A,4,ok,rosetta_fastrelax,2.8161217720794927,1.2769970358223954,3.4697602388704447,True
NDPK-A,5,ok,rosetta_fastrelax,2.7954520215421987,1.6679305690344357,3.4697602388704447,True
NDPK-A,6,ok,rosetta_fastrelax,3.7824022090474214,2.7658947459193453,3.4697602388704447,True
NDPK-A,7,ok,rosetta_fastrelax,2.877679262078476,1.7004864822356955,3.4697602388704447,True
NDPK-A,8,ok,rosetta_fastrelax,3.6896513410957197,1.7359111439777108,3.4697602388704447,True
NDPK-A,9,ok,rosetta_fastrelax,2.7715162960801463,1.3546407922848602,3.4697602388704447,True
NDPK-A,10,ok,rosetta_fastrelax,2.7811514778699515,1.3480668166299383,3.4697602388704447,True
NDPK-A,11,ok,rosetta_fastrelax,3.9510738443013063,2.0905749448538704,3.4697602388704447,True
NDPK-A,12,ok,rosetta_fastrelax,2.574688201705719,3.8444494064600865,3.4697602388704447,False
NDPK-A,13,ok,rosetta_fastrelax,3.7055179582028073,2.6976541066357753,3.4697602388704447,True
NDPK-A,14,ok,rosetta_fastrelax,2.5915979329391794,1.631499876792314,3.4697602388704447,True
NDPK-A,15,ok,rosetta_fastrelax,3.0206093517156356,1.2505749101437744,3.4697602388704447,True
NDPK-A,16,ok,rosetta_fastrelax,3.8181888032280797,2.1416139985305627,3.4697602388704447,True
NDPK-A,17,ok,rosetta_fastrelax,3.8297768400781798,1.8451528207561325,3.4697602388704447,True
NDPK-A,18,ok,rosetta_fastrelax,2.824601262962323,3.229245379729398,3.4697602388704447,False
NDPK-A,19,ok,rosetta_fastrelax,3.965637369603449,2.0001769801664206,3.4697602388704447,True
NDPK-A,20,ok,rosetta_fastrelax,2.6517645181714498,1.518674219988683,3.4697602388704447,True
NDPK-A,21,ok,rosetta_fastrelax,3.8415960887840237,2.852662939349457,3.4697602388704447,True
NDPK-A,22,ok,rosetta_fastrelax,4.015864603772569,2.08028010920125,3.4697602388704447,True
NDPK-A,23,ok,rosetta_fastrelax,2.669552650317687,1.5791667345533342,3.4697602388704447,True
NDPK-A,24,ok,rosetta_fastrelax,4.036194853908489,2.005939274135006,3.4697602388704447,True
NDPK-A,25,ok,rosetta_fastrelax,4.005383706436853,2.075881132750395,3.4697602388704447,True
NDPK-A,26,ok,rosetta_fastrelax,4.006182602741887,2.053204381555027,3.4697602388704447,True
NDPK-A,27,ok,rosetta_fastrelax,3.869480647291843,2.239067681536264,3.4697602388704447,True
NDPK-A,28,ok,rosetta_fastrelax,2.8627578246262404,1.3243191320987162,3.4697602388704447,True
NDPK-A,29,ok,rosetta_fastrelax,3.885976035512805,1.8699724528242898,3.4697602388704447,True
GLTP,0,ok,rosetta_repack,0.13556028581033758,2.106552816077801,2.1410013181020275,False
GLTP,1,ok,rosetta_repack,0.13556028581033758,2.106552816077801,2.1410013181020275,False
GLTP,2,ok,rosetta_repack,0.13556028581033758,2.106552816077801,2.1410013181020275,False
GLTP,3,ok,rosetta_repack,0.13556028581033758,2.106552816077801,2.1410013181020275,False
GLTP,4,ok,rosetta_repack,0.13556028581033758,2.106552816077801,2.1410013181020275,False
GLTP,5,ok,rosetta_repack,0.13556028581033758,2.106552816077801,2.1410013181020275,False
GLTP,6,ok,rosetta_repack,0.13556028581033758,2.106552816077801,2.1410013181020275,False
GLTP,7,ok,rosetta_repack,0.13556028581033758,2.106552816077801,2.1410013181020275,False
GLTP,8,ok,rosetta_repack,0.13556028581033758,2.106552816077801,2.1410013181020275,False
GLTP,9,ok,rosetta_repack,0.13556028581033758,2.106552816077801,2.1410013181020275,False
GLTP,10,ok,rosetta_repack,0.13556028581033758,2.106552816077801,2.1410013181020275,False
GLTP,11,ok,rosetta_repack,0.13556028581033758,2.106552816077801,2.1410013181020275,False
GLTP,12,ok,rosetta_repack,0.13556028581033758,2.106552816077801,2.1410013181020275,False
GLTP,13,ok,rosetta_repack,0.13556028581033758,2.106552816077801,2.1410013181020275,False
GLTP,14,ok,rosetta_repack,0.13556028581033758,2.106552816077801,2.1410013181020275,False
GLTP,15,ok,rosetta_repack,0.13556028581033758,2.106552816077801,2.1410013181020275,False
GLTP,16,ok,rosetta_repack,0.13556028581033758,2.106552816077801,2.1410013181020275,False
GLTP,17,ok,rosetta_repack,0.13556028581033758,2.106552816077801,2.1410013181020275,False
GLTP,18,ok,rosetta_repack,0.13556028581033758,2.106552816077801,2.1410013181020275,False
GLTP,19,ok,rosetta_repack,0.13556028581033758,2.106552816077801,2.1410013181020275,False
GLTP,20,ok,rosetta_repack,0.13556028581033758,2.106552816077801,2.1410013181020275,False
GLTP,21,ok,rosetta_repack,0.13556028581033758,2.106552816077801,2.1410013181020275,False
GLTP,22,ok,rosetta_repack,0.13556028581033758,2.106552816077801,2.1410013181020275,False
GLTP,23,ok,rosetta_repack,0.13556028581033758,2.106552816077801,2.1410013181020275,False
GLTP,24,ok,rosetta_repack,0.13556028581033758,2.106552816077801,2.1410013181020275,False
GLTP,25,ok,rosetta_repack,0.13556028581033758,2.106552816077801,2.1410013181020275,False
GLTP,26,ok,rosetta_repack,0.13556028581033758,2.106552816077801,2.1410013181020275,False
GLTP,27,ok,rosetta_repack,0.13556028581033758,2.106552816077801,2.1410013181020275,False
GLTP,28,ok,rosetta_repack,0.13556028581033758,2.106552816077801,2.1410013181020275,False
GLTP,29,ok,rosetta_repack,0.13556028581033758,2.106552816077801,2.1410013181020275,False
GLTP,0,ok,rosetta_fastrelax,0.3972261491495513,2.084799934201416,2.1410013181020275,False
GLTP,1,ok,rosetta_fastrelax,0.35440622051046416,2.057425064075751,2.1410013181020275,False
GLTP,2,ok,rosetta_fastrelax,0.32226035977009004,2.1339643429742674,2.1410013181020275,False
GLTP,3,ok,rosetta_fastrelax,0.38397966309698145,2.0917423234828516,2.1410013181020275,False
GLTP,4,ok,rosetta_fastrelax,0.38474477872698565,2.0925816488681765,2.1410013181020275,False
GLTP,5,ok,rosetta_fastrelax,0.427595584444342,2.0996777036404484,2.1410013181020275,False
GLTP,6,ok,rosetta_fastrelax,0.29034204061457985,2.07359379138424,2.1410013181020275,False
GLTP,7,ok,rosetta_fastrelax,0.34967770116128916,2.123017579094701,2.1410013181020275,False
GLTP,8,ok,rosetta_fastrelax,0.3287303328437017,2.1576331737459564,2.1410013181020275,False
GLTP,9,ok,rosetta_fastrelax,0.3842943344882592,2.1187378696487276,2.1410013181020275,False
GLTP,10,ok,rosetta_fastrelax,0.4405014419467114,2.1420584878514903,2.1410013181020275,False
GLTP,11,ok,rosetta_fastrelax,0.3501657335688133,2.102438236645392,2.1410013181020275,False
GLTP,12,ok,rosetta_fastrelax,0.4557025154487355,2.0533860673312936,2.1410013181020275,False
GLTP,13,ok,rosetta_fastrelax,0.41496357809415163,2.067946147990993,2.1410013181020275,False
GLTP,14,ok,rosetta_fastrelax,0.30012126178809356,2.087962911695532,2.1410013181020275,False
GLTP,15,ok,rosetta_fastrelax,0.3938527375342972,2.0025864855915207,2.1410013181020275,False
GLTP,16,ok,rosetta_fastrelax,0.37443434166395534,2.127088900556392,2.1410013181020275,False
GLTP,17,ok,rosetta_fastrelax,0.3819029528765415,2.1117639647571127,2.1410013181020275,False
GLTP,18,ok,rosetta_fastrelax,0.36253149018778463,2.0966139804517803,2.1410013181020275,False
GLTP,19,ok,rosetta_fastrelax,0.3676116744743095,2.0700003009131698,2.1410013181020275,False
GLTP,20,ok,rosetta_fastrelax,0.33905289674006256,2.036939022061081,2.1410013181020275,False
GLTP,21,ok,rosetta_fastrelax,0.49154447985971583,2.118129384234513,2.1410013181020275,False
GLTP,22,ok,rosetta_fastrelax,0.3982854766129528,2.118836833783631,2.1410013181020275,False
GLTP,23,ok,rosetta_fastrelax,0.49650469994033525,1.9367801671976412,2.1410013181020275,False
GLTP,24,ok,rosetta_fastrelax,0.3183797370379943,2.0871578759519274,2.1410013181020275,False
GLTP,25,ok,rosetta_fastrelax,0.3515265497079926,2.1225518566194115,2.1410013181020275,False
GLTP,26,ok,rosetta_fastrelax,0.3730105880223231,2.1050424405001156,2.1410013181020275,False
GLTP,27,ok,rosetta_fastrelax,0.3574507854113835,2.084956979937187,2.1410013181020275,False
GLTP,28,ok,rosetta_fastrelax,0.3697135451103551,2.0973154513414447,2.1410013181020275,False
GLTP,29,ok,rosetta_fastrelax,0.37775974033293575,2.1201301638330032,2.1410013181020275,False
SHP2,0,ok,rosetta_repack,1.4778079607571972,1.2599763790994996,1.8482636253491054,True
SHP2,1,ok,rosetta_repack,1.4778079607571972,1.2599763790994996,1.8482636253491054,True
SHP2,2,ok,rosetta_repack,1.3815693818950667,1.141140148558679,1.8482636253491054,True
SHP2,3,ok,rosetta_repack,1.4778079607571972,1.2599763790994996,1.8482636253491054,True
SHP2,4,ok,rosetta_repack,1.4778079607571972,1.2599763790994996,1.8482636253491054,True
SHP2,5,ok,rosetta_repack,1.4778079607571972,1.2599763790994996,1.8482636253491054,True
SHP2,6,ok,rosetta_repack,1.4778079607571972,1.2599763790994996,1.8482636253491054,True
SHP2,7,ok,rosetta_repack,1.4778079607571972,1.2599763790994996,1.8482636253491054,True
SHP2,8,ok,rosetta_repack,1.4778079607571972,1.2599763790994996,1.8482636253491054,True
SHP2,9,ok,rosetta_repack,1.4778079607571972,1.2599763790994996,1.8482636253491054,True
SHP2,10,ok,rosetta_repack,1.4778079607571972,1.2599763790994996,1.8482636253491054,True
SHP2,11,ok,rosetta_repack,1.4778079607571972,1.2599763790994996,1.8482636253491054,True
SHP2,12,ok,rosetta_repack,1.014799272449038,1.6152627141319313,1.8482636253491054,False
SHP2,13,ok,rosetta_repack,1.4778079607571972,1.2599763790994996,1.8482636253491054,True
SHP2,14,ok,rosetta_repack,1.0169598321626157,1.613249176331289,1.8482636253491054,False
SHP2,15,ok,rosetta_repack,1.4778079607571972,1.2599763790994996,1.8482636253491054,True
SHP2,16,ok,rosetta_repack,1.4778079607571972,1.2599763790994996,1.8482636253491054,True
SHP2,17,ok,rosetta_repack,1.4778079607571972,1.2599763790994996,1.8482636253491054,True
SHP2,18,ok,rosetta_repack,1.4778079607571972,1.2599763790994996,1.8482636253491054,True
SHP2,19,ok,rosetta_repack,1.4778079607571972,1.2599763790994996,1.8482636253491054,True
SHP2,20,ok,rosetta_repack,1.4778079607571972,1.2599763790994996,1.8482636253491054,True
SHP2,21,ok,rosetta_repack,1.014799272449038,1.6152627141319313,1.8482636253491054,False
SHP2,22,ok,rosetta_repack,1.4778079607571972,1.2599763790994996,1.8482636253491054,True
SHP2,23,ok,rosetta_repack,1.4778079607571972,1.2599763790994996,1.8482636253491054,True
SHP2,24,ok,rosetta_repack,1.4778079607571972,1.2599763790994996,1.8482636253491054,True
SHP2,25,ok,rosetta_repack,1.4778079607571972,1.2599763790994996,1.8482636253491054,True
SHP2,26,ok,rosetta_repack,1.4778079607571972,1.2599763790994996,1.8482636253491054,True
SHP2,27,ok,rosetta_repack,1.3815693818950667,1.141140148558679,1.8482636253491054,True
SHP2,28,ok,rosetta_repack,1.1582517947015536,1.3377854998623175,1.8482636253491054,False
SHP2,29,ok,rosetta_repack,1.4778079607571972,1.2599763790994996,1.8482636253491054,True
SHP2,0,ok,rosetta_fastrelax,1.9618220251034317,2.0517517530794085,1.8482636253491054,False
SHP2,1,ok,rosetta_fastrelax,2.6339800953847963,2.3493588356875907,1.8482636253491054,False
SHP2,2,ok,rosetta_fastrelax,2.0716363381027367,2.110569978538466,1.8482636253491054,False
SHP2,3,ok,rosetta_fastrelax,1.988528986719553,2.022802849079522,1.8482636253491054,False
SHP2,4,ok,rosetta_fastrelax,2.0202264438751865,2.0121471420941774,1.8482636253491054,False
SHP2,5,ok,rosetta_fastrelax,2.1966855689531926,2.0183722647522417,1.8482636253491054,False
SHP2,6,ok,rosetta_fastrelax,2.1585541286967236,2.0358310414796796,1.8482636253491054,False
SHP2,7,ok,rosetta_fastrelax,2.0665489607700023,2.167115115504376,1.8482636253491054,False
SHP2,8,ok,rosetta_fastrelax,1.7144787641503794,1.109730393243928,1.8482636253491054,True
SHP2,9,ok,rosetta_fastrelax,2.498321155032043,2.2087656482382245,1.8482636253491054,False
SHP2,10,ok,rosetta_fastrelax,2.1197084586784656,2.1464382404282967,1.8482636253491054,False
SHP2,11,ok,rosetta_fastrelax,1.7325975062226986,1.5695189998353545,1.8482636253491054,True
SHP2,12,ok,rosetta_fastrelax,2.514335661194134,2.162155379690667,1.8482636253491054,False
SHP2,13,ok,rosetta_fastrelax,2.004066858069636,2.0993062202687782,1.8482636253491054,False
SHP2,14,ok,rosetta_fastrelax,2.6049347403956364,2.269163250085394,1.8482636253491054,False
SHP2,15,ok,rosetta_fastrelax,2.1441453010648224,2.1531121563254687,1.8482636253491054,False
SHP2,16,ok,rosetta_fastrelax,2.5021412262795155,2.1777688211484123,1.8482636253491054,False
SHP2,17,ok,rosetta_fastrelax,2.512117457069796,2.1646330424056055,1.8482636253491054,False
SHP2,18,ok,rosetta_fastrelax,2.1305512647917273,2.0507821885143955,1.8482636253491054,False
SHP2,19,ok,rosetta_fastrelax,2.1334442249831485,2.114077832756478,1.8482636253491054,False
SHP2,20,ok,rosetta_fastrelax,2.0574861888280793,2.2113209098801985,1.8482636253491054,False
SHP2,21,ok,rosetta_fastrelax,2.1261210763595857,2.0848874621960016,1.8482636253491054,False
SHP2,22,ok,rosetta_fastrelax,2.043879268440657,2.0180355827438263,1.8482636253491054,False
SHP2,23,ok,rosetta_fastrelax,2.0377766784615923,2.154925250784855,1.8482636253491054,False
SHP2,24,ok,rosetta_fastrelax,2.0433838688943324,2.029990812965033,1.8482636253491054,False
SHP2,25,ok,rosetta_fastrelax,2.0717815347227444,2.023639229452529,1.8482636253491054,False
SHP2,26,ok,rosetta_fastrelax,2.1712675953002023,2.228085858323336,1.8482636253491054,False
SHP2,27,ok,rosetta_fastrelax,1.6347010896717538,1.077154246715229,1.8482636253491054,True
SHP2,28,ok,rosetta_fastrelax,1.7153112997361917,1.7890107320373192,1.8482636253491054,False
SHP2,29,ok,rosetta_fastrelax,2.1534127024700123,1.813169175270003,1.8482636253491054,True
METTL14,0,ok,rosetta_repack,0.34993918351121833,2.583369510356305,2.571628452131643,False
METTL14,1,ok,rosetta_repack,0.34993918351121833,2.583369510356305,2.571628452131643,False
METTL14,2,ok,rosetta_repack,0.34993918351121833,2.583369510356305,2.571628452131643,False
METTL14,3,ok,rosetta_repack,0.34993918351121833,2.583369510356305,2.571628452131643,False
METTL14,4,ok,rosetta_repack,0.34993918351121833,2.583369510356305,2.571628452131643,False
METTL14,5,ok,rosetta_repack,0.4656925618489659,2.583369510356305,2.571628452131643,False
METTL14,6,ok,rosetta_repack,0.34993918351121833,2.583369510356305,2.571628452131643,False
METTL14,7,ok,rosetta_repack,0.34993918351121833,2.583369510356305,2.571628452131643,False
METTL14,8,ok,rosetta_repack,0.34993918351121833,2.583369510356305,2.571628452131643,False
METTL14,9,ok,rosetta_repack,0.34993918351121833,2.583369510356305,2.571628452131643,False
METTL14,10,ok,rosetta_repack,0.34993918351121833,2.583369510356305,2.571628452131643,False
METTL14,11,ok,rosetta_repack,0.34993918351121833,2.583369510356305,2.571628452131643,False
METTL14,12,ok,rosetta_repack,0.34993918351121833,2.583369510356305,2.571628452131643,False
METTL14,13,ok,rosetta_repack,0.34993918351121833,2.583369510356305,2.571628452131643,False
METTL14,14,ok,rosetta_repack,0.34993918351121833,2.583369510356305,2.571628452131643,False
METTL14,15,ok,rosetta_repack,0.34993918351121833,2.583369510356305,2.571628452131643,False
METTL14,16,ok,rosetta_repack,0.34993918351121833,2.583369510356305,2.571628452131643,False
METTL14,17,ok,rosetta_repack,0.34993918351121833,2.583369510356305,2.571628452131643,False
METTL14,18,ok,rosetta_repack,0.34993918351121833,2.583369510356305,2.571628452131643,False
METTL14,19,ok,rosetta_repack,0.34993918351121833,2.583369510356305,2.571628452131643,False
METTL14,20,ok,rosetta_repack,0.34993918351121833,2.583369510356305,2.571628452131643,False
METTL14,21,ok,rosetta_repack,0.34993918351121833,2.583369510356305,2.571628452131643,False
METTL14,22,ok,rosetta_repack,0.34993918351121833,2.583369510356305,2.571628452131643,False
METTL14,23,ok,rosetta_repack,0.34993918351121833,2.583369510356305,2.571628452131643,False
METTL14,24,ok,rosetta_repack,0.34993918351121833,2.583369510356305,2.571628452131643,False
METTL14,25,ok,rosetta_repack,0.34993918351121833,2.583369510356305,2.571628452131643,False
METTL14,26,ok,rosetta_repack,0.34993918351121833,2.583369510356305,2.571628452131643,False
METTL14,27,ok,rosetta_repack,0.34993918351121833,2.583369510356305,2.571628452131643,False
METTL14,28,ok,rosetta_repack,0.34993918351121833,2.583369510356305,2.571628452131643,False
METTL14,29,ok,rosetta_repack,0.34993918351121833,2.583369510356305,2.571628452131643,False
METTL14,0,ok,rosetta_fastrelax,0.6595284604130223,2.7337571951340194,2.571628452131643,False
METTL14,1,ok,rosetta_fastrelax,0.8146307596066246,2.8798203303666137,2.571628452131643,False
METTL14,2,ok,rosetta_fastrelax,0.6889054236674838,2.7837861231501533,2.571628452131643,False
METTL14,3,ok,rosetta_fastrelax,0.6890518037493575,2.6657196350114076,2.571628452131643,False
METTL14,4,ok,rosetta_fastrelax,0.5883173900328141,2.685809553914779,2.571628452131643,False
METTL14,5,ok,rosetta_fastrelax,0.5742391279852466,2.614048091212554,2.571628452131643,False
METTL14,6,ok,rosetta_fastrelax,0.815782885332843,2.87092151441823,2.571628452131643,False
METTL14,7,ok,rosetta_fastrelax,0.9374068459827979,2.9161910804653464,2.571628452131643,False
METTL14,8,ok,rosetta_fastrelax,0.5918235228836339,2.771989856563797,2.571628452131643,False
METTL14,9,ok,rosetta_fastrelax,0.7588295544018936,2.6869281674981416,2.571628452131643,False
METTL14,10,ok,rosetta_fastrelax,0.6297818308138652,2.7658351805396224,2.571628452131643,False
METTL14,11,ok,rosetta_fastrelax,0.6156363691981427,2.698705808093067,2.571628452131643,False
METTL14,12,ok,rosetta_fastrelax,0.6277282278838423,2.740602520597126,2.571628452131643,False
METTL14,13,ok,rosetta_fastrelax,0.47704706238268285,2.632827329508959,2.571628452131643,False
METTL14,14,ok,rosetta_fastrelax,0.6600298098718308,2.81575667298854,2.571628452131643,False
METTL14,15,ok,rosetta_fastrelax,0.6345265764147627,2.7095907686371916,2.571628452131643,False
METTL14,16,ok,rosetta_fastrelax,0.616540848387643,2.794215617112787,2.571628452131643,False
METTL14,17,ok,rosetta_fastrelax,0.6008212535987748,2.764320622840154,2.571628452131643,False
METTL14,18,ok,rosetta_fastrelax,0.6161026258477608,2.7223559019348142,2.571628452131643,False
METTL14,19,ok,rosetta_fastrelax,0.6137108872048882,2.6739111136911227,2.571628452131643,False
METTL14,20,ok,rosetta_fastrelax,0.5777663305409246,2.6948007255866915,2.571628452131643,False
METTL14,21,ok,rosetta_fastrelax,0.6062726618907816,2.7309995977288994,2.571628452131643,False
METTL14,22,ok,rosetta_fastrelax,0.623491887883221,2.7913180422999173,2.571628452131643,False
METTL14,23,ok,rosetta_fastrelax,0.7791628109620973,2.858686153631311,2.571628452131643,False
METTL14,24,ok,rosetta_fastrelax,0.5134487377625216,2.5532172010155194,2.571628452131643,False
METTL14,25,ok,rosetta_fastrelax,0.6598076683172595,2.698677332413496,2.571628452131643,False
METTL14,26,ok,rosetta_fastrelax,0.535069853608645,2.693590376299895,2.571628452131643,False
METTL14,27,ok,rosetta_fastrelax,0.838079836243373,2.8165246337051744,2.571628452131643,False
METTL14,28,ok,rosetta_fastrelax,0.6185789565083056,2.684193522632703,2.571628452131643,False
METTL14,29,ok,rosetta_fastrelax,0.7505919479160861,2.8268789305101927,2.571628452131643,False
FUT8,0,ok,rosetta_repack,0.1488331473755759,3.390056601866581,3.419934534191317,False
FUT8,1,ok,rosetta_repack,0.1488331473755759,3.390056601866581,3.419934534191317,False
FUT8,2,ok,rosetta_repack,0.1488331473755759,3.390056601866581,3.419934534191317,False
FUT8,3,ok,rosetta_repack,0.1488331473755759,3.390056601866581,3.419934534191317,False
FUT8,4,ok,rosetta_repack,0.1488331473755759,3.390056601866581,3.419934534191317,False
FUT8,5,ok,rosetta_repack,0.1488331473755759,3.390056601866581,3.419934534191317,False
FUT8,6,ok,rosetta_repack,0.1488331473755759,3.390056601866581,3.419934534191317,False
FUT8,7,ok,rosetta_repack,0.1488331473755759,3.390056601866581,3.419934534191317,False
FUT8,8,ok,rosetta_repack,0.1488331473755759,3.390056601866581,3.419934534191317,False
FUT8,9,ok,rosetta_repack,0.1488331473755759,3.390056601866581,3.419934534191317,False
FUT8,10,ok,rosetta_repack,0.1488331473755759,3.390056601866581,3.419934534191317,False
FUT8,11,ok,rosetta_repack,0.1488331473755759,3.390056601866581,3.419934534191317,False
FUT8,12,ok,rosetta_repack,0.1488331473755759,3.390056601866581,3.419934534191317,False
FUT8,13,ok,rosetta_repack,0.1488331473755759,3.390056601866581,3.419934534191317,False
FUT8,14,ok,rosetta_repack,0.1488331473755759,3.390056601866581,3.419934534191317,False
FUT8,15,ok,rosetta_repack,0.1488331473755759,3.390056601866581,3.419934534191317,False
FUT8,16,ok,rosetta_repack,0.1488331473755759,3.390056601866581,3.419934534191317,False
FUT8,17,ok,rosetta_repack,0.1488331473755759,3.390056601866581,3.419934534191317,False
FUT8,18,ok,rosetta_repack,0.1488331473755759,3.390056601866581,3.419934534191317,False
FUT8,19,ok,rosetta_repack,0.1488331473755759,3.390056601866581,3.419934534191317,False
FUT8,20,ok,rosetta_repack,0.1488331473755759,3.390056601866581,3.419934534191317,False
FUT8,21,ok,rosetta_repack,0.1488331473755759,3.390056601866581,3.419934534191317,False
FUT8,22,ok,rosetta_repack,0.1488331473755759,3.390056601866581,3.419934534191317,False
FUT8,23,ok,rosetta_repack,0.1488331473755759,3.390056601866581,3.419934534191317,False
FUT8,24,ok,rosetta_repack,0.1488331473755759,3.390056601866581,3.419934534191317,False
FUT8,25,ok,rosetta_repack,0.1488331473755759,3.390056601866581,3.419934534191317,False
FUT8,26,ok,rosetta_repack,0.1488331473755759,3.390056601866581,3.419934534191317,False
FUT8,27,ok,rosetta_repack,0.1488331473755759,3.390056601866581,3.419934534191317,False
FUT8,28,ok,rosetta_repack,0.1488331473755759,3.390056601866581,3.419934534191317,False
FUT8,29,ok,rosetta_repack,0.1488331473755759,3.390056601866581,3.419934534191317,False
FUT8,0,ok,rosetta_fastrelax,0.2957393678418655,3.4347057693012464,3.419934534191317,False
FUT8,1,ok,rosetta_fastrelax,0.4134951087466091,3.4390389181585808,3.419934534191317,False
FUT8,2,ok,rosetta_fastrelax,0.25322250868833346,3.4117674318442655,3.419934534191317,False
FUT8,3,ok,rosetta_fastrelax,0.30429632168180404,3.432213001814545,3.419934534191317,False
FUT8,4,ok,rosetta_fastrelax,0.4423415768861689,3.5072475992441268,3.419934534191317,False
FUT8,5,ok,rosetta_fastrelax,0.4772177311095949,3.4968915111077536,3.419934534191317,False
FUT8,6,ok,rosetta_fastrelax,0.5425094027987194,3.5276344701889735,3.419934534191317,False
FUT8,7,ok,rosetta_fastrelax,0.46062769865526004,3.475591240838439,3.419934534191317,False
FUT8,8,ok,rosetta_fastrelax,0.4757980071574344,3.4612935446438313,3.419934534191317,False
FUT8,9,ok,rosetta_fastrelax,0.29872282871382827,3.4234887451712916,3.419934534191317,False
FUT8,10,ok,rosetta_fastrelax,0.26191611904820133,3.4019112063026675,3.419934534191317,False
FUT8,11,ok,rosetta_fastrelax,0.46021549747248675,3.449645218915754,3.419934534191317,False
FUT8,12,ok,rosetta_fastrelax,0.5605083059516714,3.546192588564448,3.419934534191317,False
FUT8,13,ok,rosetta_fastrelax,0.3225813161471181,3.4487814629604197,3.419934534191317,False
FUT8,14,ok,rosetta_fastrelax,0.30012245994752756,3.4251065978622854,3.419934534191317,False
FUT8,15,ok,rosetta_fastrelax,0.2837017138280179,3.39374078889986,3.419934534191317,False
FUT8,16,ok,rosetta_fastrelax,0.290932659178271,3.4686589532749754,3.419934534191317,False
FUT8,17,ok,rosetta_fastrelax,0.5019407139007305,3.4439901996650177,3.419934534191317,False
FUT8,18,ok,rosetta_fastrelax,0.3390938206549858,3.4498878336854464,3.419934534191317,False
FUT8,19,ok,rosetta_fastrelax,0.36322853630961877,3.5280379353260805,3.419934534191317,False
FUT8,20,ok,rosetta_fastrelax,0.3524344669251207,3.3893852640682156,3.419934534191317,False
FUT8,21,ok,rosetta_fastrelax,0.49560435317496965,3.392102048153842,3.419934534191317,False
FUT8,22,ok,rosetta_fastrelax,0.3373108593271151,3.409242714598179,3.419934534191317,False
FUT8,23,ok,rosetta_fastrelax,0.5677022868269587,3.5008726394530405,3.419934534191317,False
FUT8,24,ok,rosetta_fastrelax,0.52748179766375,3.4458573110682766,3.419934534191317,False
FUT8,25,ok,rosetta_fastrelax,0.3278626769856564,3.4810836345099627,3.419934534191317,False
FUT8,26,ok,rosetta_fastrelax,0.30373953686629,3.3764228890670323,3.419934534191317,False
FUT8,27,ok,rosetta_fastrelax,0.2996681894134894,3.4587428689508566,3.419934534191317,False
FUT8,28,ok,rosetta_fastrelax,0.5563713996541443,3.5557791377662147,3.419934534191317,False
FUT8,29,ok,rosetta_fastrelax,0.47752132319607954,3.451234583071597,3.419934534191317,False
