method,target,sample_idx,n_pocket_residues,n_clashing_residues,residue_clash_percent,status,n_pocket_atoms,expected_pocket_atoms,atom_coverage,n_expected_bonds,n_evaluable_bonds,n_breaks,break_percent,n_clash_pairs,n_clashing_atoms,clash_percent,mapping_missing_pocket,vina_score,needs_dock,affinity
apo2mol,GLTP,0,8,0,0.0,ok,69,70,0.9857142857142858,1,1,1,100.0,0,0,0.0,,-4.277,False,
apo2mol,GLTP,2,8,0,0.0,ok,69,70,0.9857142857142858,1,1,0,0.0,0,0,0.0,,-6.072,False,
apo2mol,GLTP,3,8,0,0.0,ok,69,70,0.9857142857142858,1,1,0,0.0,0,0,0.0,,-5.758,False,
apo2mol,GLTP,4,8,0,0.0,ok,69,70,0.9857142857142858,1,1,0,0.0,0,0,0.0,,-5.981,False,
apo2mol,GLTP,6,8,0,0.0,ok,69,70,0.9857142857142858,1,1,0,0.0,0,0,0.0,,-5.405,False,
apo2mol,GLTP,7,8,0,0.0,ok,69,70,0.9857142857142858,1,1,0,0.0,0,0,0.0,,-4.3,False,
apo2mol,GLTP,8,8,0,0.0,ok,69,70,0.9857142857142858,1,1,0,0.0,0,0,0.0,,-5.041,False,
apo2mol,GLTP,11,8,0,0.0,ok,69,70,0.9857142857142858,1,1,0,0.0,0,0,0.0,,-5.712,False,-5.712
apo2mol,GLTP,12,8,0,0.0,ok,69,70,0.9857142857142858,1,1,1,100.0,0,0,0.0,,-5.267,False,-5.267
apo2mol,GLTP,14,8,0,0.0,ok,69,70,0.9857142857142858,1,1,0,0.0,0,0,0.0,,-5.198,False,-5.198
apo2mol,HIF2alpha,18,21,0,0.0,ok,172,172,1.0,4,4,0,0.0,0,0,0.0,,-7.551,False,-7.551
apo2mol,HIF2alpha,28,21,0,0.0,ok,172,172,1.0,4,4,0,0.0,0,0,0.0,,-7.533,False,-7.533
apo2mol,HIV1_CA,10,16,0,0.0,ok,124,129,0.9612403100775194,7,7,0,0.0,0,0,0.0,,-7.586,False,-7.586
apo2mol,NDPK-A,0,17,0,0.0,ok,149,149,1.0,3,3,0,0.0,0,0,0.0,,-6.452,False,
apo2mol,NDPK-A,3,17,0,0.0,ok,149,149,1.0,3,3,0,0.0,0,0,0.0,,-6.945,False,
apo2mol,NDPK-A,5,17,0,0.0,ok,149,149,1.0,3,3,0,0.0,0,0,0.0,,-6.786,False,
apo2mol,NDPK-A,11,17,0,0.0,ok,149,149,1.0,3,3,0,0.0,0,0,0.0,,-6.867,False,-6.867
apo2mol,NDPK-A,13,17,0,0.0,ok,149,149,1.0,3,3,0,0.0,0,0,0.0,,-6.684,False,-6.684
apo2mol,NDPK-A,16,17,0,0.0,ok,149,149,1.0,3,3,0,0.0,0,0,0.0,,-6.347,False,-6.347
apo2mol,NDPK-A,19,17,0,0.0,ok,149,149,1.0,3,3,0,0.0,0,0,0.0,,-6.49,False,-6.49
apo2mol,SHP2,5,19,0,0.0,ok,159,159,1.0,10,10,0,0.0,0,0,0.0,,-9.088,False,
apo2mol,THSR__7UTZ,20,24,0,0.0,ok,186,186,1.0,8,8,0,0.0,0,0,0.0,,-6.458,False,-6.458
apo2mol,THSR__7UTZ,24,24,0,0.0,ok,186,186,1.0,8,8,0,0.0,0,0,0.0,,-6.379,False,-6.379
apo2mol,betaLG,5,16,0,0.0,ok,127,127,1.0,2,2,0,0.0,0,0,0.0,,-6.897,False,
apo2mol,betaLG,7,16,0,0.0,ok,127,127,1.0,2,2,0,0.0,0,0,0.0,,-5.142,False,
apo2mol,betaLG,15,16,0,0.0,ok,127,127,1.0,2,2,0,0.0,0,0,0.0,,-4.3,False,-4.3
apo2mol,betaLG,19,16,0,0.0,ok,127,127,1.0,2,2,0,0.0,0,0,0.0,,-4.427,False,-4.427
apo2mol,cAbl,25,23,0,0.0,ok,179,179,1.0,10,10,0,0.0,0,0,0.0,,-9.338,False,-9.338
apo2mol,p53_Y220C,20,19,0,0.0,ok,135,138,0.9782608695652174,11,11,2,18.181818181818183,0,0,0.0,,-6.668,False,-6.668
apo2mol,p53_Y220C__4AGQ,6,17,0,0.0,ok,125,128,0.9765625,13,13,2,15.384615384615383,0,0,0.0,,-7.196,False,
bbflow_refine,Bcl-xL,0,21,0,0.0,ok,178,190,0.936842105263158,9,9,0,0.0,0,0,0.0,,-8.154,False,
bbflow_refine,Bcl-xL,1,21,0,0.0,ok,178,190,0.936842105263158,9,9,0,0.0,0,0,0.0,,-7.908,False,
bbflow_refine,Bcl-xL,2,21,0,0.0,ok,178,190,0.936842105263158,9,9,0,0.0,0,0,0.0,,-7.631,False,
bbflow_refine,Bcl-xL,3,21,0,0.0,ok,178,190,0.936842105263158,9,9,0,0.0,0,0,0.0,,-8.322,False,
bbflow_refine,Bcl-xL,4,21,0,0.0,ok,178,190,0.936842105263158,9,9,0,0.0,0,0,0.0,,-7.473,False,
bbflow_refine,Bcl-xL,5,21,0,0.0,ok,178,190,0.936842105263158,9,9,0,0.0,0,0,0.0,,-8.016,False,
bbflow_refine,Bcl-xL,6,21,0,0.0,ok,178,190,0.936842105263158,9,9,0,0.0,0,0,0.0,,-7.696,False,
bbflow_refine,Bcl-xL,8,21,0,0.0,ok,178,190,0.936842105263158,9,9,0,0.0,0,0,0.0,,-6.918,False,
bbflow_refine,Bcl-xL,9,21,0,0.0,ok,178,190,0.936842105263158,9,9,0,0.0,0,0,0.0,,-7.974,False,
bbflow_refine,Bcl-xL,10,21,0,0.0,ok,178,190,0.936842105263158,9,9,0,0.0,0,0,0.0,,-8.537,False,
bbflow_refine,CB1,1,28,0,0.0,ok,246,246,1.0,10,10,0,0.0,0,0,0.0,,-7.503,False,
bbflow_refine,CB1,2,28,0,0.0,ok,246,246,1.0,10,10,0,0.0,0,0,0.0,,-8.387,False,
bbflow_refine,CB1,4,28,0,0.0,ok,246,246,1.0,10,10,0,0.0,0,0,0.0,,-2.751,False,
bbflow_refine,CB1,6,28,0,0.0,ok,246,246,1.0,10,10,0,0.0,0,0,0.0,,-7.73,False,
bbflow_refine,CB1,8,28,0,0.0,ok,246,246,1.0,10,10,0,0.0,0,0,0.0,,-8.557,False,
bbflow_refine,CB1,12,28,0,0.0,ok,246,246,1.0,10,10,0,0.0,0,0,0.0,,-8.637,False,
bbflow_refine,CB1,14,28,0,0.0,ok,246,246,1.0,10,10,0,0.0,0,0,0.0,,-7.385,False,
bbflow_refine,CB1,16,28,0,0.0,ok,246,246,1.0,10,10,0,0.0,0,0,0.0,,-8.387,False,
bbflow_refine,CB1,17,28,0,0.0,ok,246,246,1.0,10,10,0,0.0,0,0,0.0,,-9.685,False,
bbflow_refine,CB1,18,28,0,0.0,ok,246,246,1.0,10,10,0,0.0,0,0,0.0,,-9.526,False,
bbflow_refine,FUT8,0,22,0,0.0,ok,181,181,1.0,6,6,0,0.0,0,0,0.0,,-5.553,False,
bbflow_refine,FUT8,2,22,0,0.0,ok,181,181,1.0,6,6,0,0.0,0,0,0.0,,-8.554,False,
bbflow_refine,FUT8,3,22,0,0.0,ok,181,181,1.0,6,6,0,0.0,0,0,0.0,,-8.217,False,
bbflow_refine,FUT8,5,22,0,0.0,ok,181,181,1.0,6,6,0,0.0,0,0,0.0,,-8.234,False,
bbflow_refine,FUT8,6,22,0,0.0,ok,181,181,1.0,6,6,0,0.0,0,0,0.0,,-8.069,False,
bbflow_refine,FUT8,7,22,0,0.0,ok,181,181,1.0,6,6,0,0.0,0,0,0.0,,-5.689,False,
bbflow_refine,FUT8,8,22,0,0.0,ok,181,181,1.0,6,6,0,0.0,0,0,0.0,,-6.058,False,
bbflow_refine,FUT8,10,22,0,0.0,ok,181,181,1.0,6,6,0,0.0,0,0,0.0,,-8.34,False,
bbflow_refine,FUT8,13,22,0,0.0,ok,181,181,1.0,6,6,0,0.0,0,0,0.0,,-8.114,False,
bbflow_refine,FUT8,15,22,0,0.0,ok,181,181,1.0,6,6,0,0.0,0,0,0.0,,-8.337,False,
bbflow_refine,GCGR,0,25,0,0.0,ok,228,233,0.9785407725321889,6,6,0,0.0,0,0,0.0,,-4.113,False,
bbflow_refine,GCGR,7,25,0,0.0,ok,228,233,0.9785407725321889,6,6,0,0.0,0,0,0.0,,-3.719,False,
bbflow_refine,GCGR,11,25,0,0.0,ok,228,233,0.9785407725321889,6,6,0,0.0,0,0,0.0,,-3.532,False,
bbflow_refine,GCGR,12,25,0,0.0,ok,228,233,0.9785407725321889,6,6,0,0.0,0,0,0.0,,-4.017,False,
bbflow_refine,GCGR,16,25,0,0.0,ok,228,233,0.9785407725321889,6,6,0,0.0,0,0,0.0,,-3.689,False,
bbflow_refine,GCGR,20,25,0,0.0,ok,228,233,0.9785407725321889,6,6,0,0.0,0,0,0.0,,-3.975,False,
bbflow_refine,GCGR,22,25,0,0.0,ok,228,233,0.9785407725321889,6,6,0,0.0,0,0,0.0,,-3.835,False,
bbflow_refine,GCGR,24,25,0,0.0,ok,228,233,0.9785407725321889,6,6,0,0.0,0,0,0.0,,-3.881,False,
bbflow_refine,GCGR,28,25,0,0.0,ok,228,233,0.9785407725321889,6,6,0,0.0,0,0,0.0,,-4.752,False,
bbflow_refine,GLTP,0,8,0,0.0,ok,69,70,0.9857142857142858,1,1,0,0.0,0,0,0.0,,-4.899,False,
bbflow_refine,GLTP,1,8,0,0.0,ok,69,70,0.9857142857142858,1,1,0,0.0,0,0,0.0,,-4.801,False,
bbflow_refine,GLTP,3,8,0,0.0,ok,69,70,0.9857142857142858,1,1,0,0.0,0,0,0.0,,-4.606,False,
bbflow_refine,GLTP,4,8,0,0.0,ok,69,70,0.9857142857142858,1,1,0,0.0,0,0,0.0,,-4.325,False,
bbflow_refine,GLTP,5,8,0,0.0,ok,69,70,0.9857142857142858,1,1,0,0.0,0,0,0.0,,-4.301,False,
bbflow_refine,GLTP,6,8,0,0.0,ok,69,70,0.9857142857142858,1,1,0,0.0,0,0,0.0,,-4.499,False,
bbflow_refine,GLTP,7,8,0,0.0,ok,69,70,0.9857142857142858,1,1,0,0.0,0,0,0.0,,-4.275,False,
bbflow_refine,GLTP,8,8,0,0.0,ok,69,70,0.9857142857142858,1,1,0,0.0,0,0,0.0,,-4.283,False,
bbflow_refine,GLTP,9,8,0,0.0,ok,69,70,0.9857142857142858,1,1,0,0.0,0,0,0.0,,-4.309,False,
bbflow_refine,GLTP,10,8,0,0.0,ok,69,70,0.9857142857142858,1,1,0,0.0,0,0,0.0,,-4.223,False,
bbflow_refine,HIF2alpha,0,21,0,0.0,ok,172,172,1.0,4,4,0,0.0,0,0,0.0,,-2.795,False,
bbflow_refine,HIF2alpha,1,21,0,0.0,ok,172,172,1.0,4,4,0,0.0,0,0,0.0,,-4.006,False,
bbflow_refine,HIF2alpha,2,21,0,0.0,ok,172,172,1.0,4,4,0,0.0,0,0,0.0,,1.405,False,
bbflow_refine,HIF2alpha,3,21,0,0.0,ok,172,172,1.0,4,4,0,0.0,0,0,0.0,,-3.661,False,
bbflow_refine,HIF2alpha,4,21,0,0.0,ok,172,172,1.0,4,4,0,0.0,0,0,0.0,,-4.15,False,
bbflow_refine,HIF2alpha,5,21,0,0.0,ok,172,172,1.0,4,4,0,0.0,0,0,0.0,,-4.026,False,
bbflow_refine,HIF2alpha,6,21,0,0.0,ok,172,172,1.0,4,4,0,0.0,0,0,0.0,,-3.483,False,
bbflow_refine,HIF2alpha,7,21,0,0.0,ok,172,172,1.0,4,4,0,0.0,0,0,0.0,,-4.613,False,
bbflow_refine,HIF2alpha,8,21,0,0.0,ok,172,172,1.0,4,4,0,0.0,0,0,0.0,,-3.793,False,
bbflow_refine,HIF2alpha,9,21,0,0.0,ok,172,172,1.0,4,4,0,0.0,0,0,0.0,,-4.713,False,
bbflow_refine,HIF2alpha__6D0B,0,25,0,0.0,ok,204,204,1.0,6,6,0,0.0,0,0,0.0,,0.253,False,
bbflow_refine,HIF2alpha__6D0B,1,25,0,0.0,ok,204,204,1.0,6,6,0,0.0,0,0,0.0,,-2.038,False,
bbflow_refine,HIF2alpha__6D0B,3,25,0,0.0,ok,204,204,1.0,6,6,0,0.0,0,0,0.0,,-3.803,False,
bbflow_refine,HIF2alpha__6D0B,4,25,0,0.0,ok,204,204,1.0,6,6,0,0.0,0,0,0.0,,2.224,False,
bbflow_refine,HIF2alpha__6D0B,5,25,0,0.0,ok,204,204,1.0,6,6,0,0.0,0,0,0.0,,1.072,False,
bbflow_refine,HIF2alpha__6D0B,6,25,0,0.0,ok,204,204,1.0,6,6,0,0.0,0,0,0.0,,-0.948,False,
bbflow_refine,HIF2alpha__6D0B,7,25,0,0.0,ok,204,204,1.0,6,6,0,0.0,0,0,0.0,,-5.751,False,
bbflow_refine,HIF2alpha__6D0B,8,25,0,0.0,ok,204,204,1.0,6,6,0,0.0,0,0,0.0,,3.318,False,
bbflow_refine,HIF2alpha__6D0B,9,25,0,0.0,ok,204,204,1.0,6,6,0,0.0,0,0,0.0,,-2.693,False,
bbflow_refine,HIF2alpha__6D0B,11,25,0,0.0,ok,204,204,1.0,6,6,0,0.0,0,0,0.0,,-3.437,False,
bbflow_refine,HIV1_CA,0,16,0,0.0,ok,126,129,0.9767441860465116,7,7,0,0.0,0,0,0.0,,-6.838,False,
bbflow_refine,HIV1_CA,1,16,0,0.0,ok,126,129,0.9767441860465116,7,7,0,0.0,0,0,0.0,,-6.757,False,
bbflow_refine,HIV1_CA,2,16,0,0.0,ok,126,129,0.9767441860465116,7,7,0,0.0,0,0,0.0,,-6.84,False,
bbflow_refine,HIV1_CA,3,16,0,0.0,ok,126,129,0.9767441860465116,7,7,0,0.0,0,0,0.0,,-6.875,False,
bbflow_refine,HIV1_CA,4,16,0,0.0,ok,126,129,0.9767441860465116,7,7,0,0.0,0,0,0.0,,-6.57,False,
bbflow_refine,HIV1_CA,5,16,0,0.0,ok,126,129,0.9767441860465116,7,7,0,0.0,0,0,0.0,,-6.763,False,
bbflow_refine,HIV1_CA,6,16,0,0.0,ok,126,129,0.9767441860465116,7,7,0,0.0,0,0,0.0,,-6.622,False,
bbflow_refine,HIV1_CA,7,16,0,0.0,ok,126,129,0.9767441860465116,7,7,0,0.0,0,0,0.0,,-6.323,False,
bbflow_refine,HIV1_CA,8,16,0,0.0,ok,126,129,0.9767441860465116,7,7,0,0.0,0,0,0.0,,-6.818,False,
bbflow_refine,HIV1_CA,9,16,0,0.0,ok,126,129,0.9767441860465116,7,7,0,0.0,0,0,0.0,,-6.444,False,
bbflow_refine,HIV_RT,0,19,0,0.0,ok,178,178,1.0,7,7,0,0.0,0,0,0.0,,-6.107,False,
bbflow_refine,HIV_RT,1,19,0,0.0,ok,178,178,1.0,7,7,0,0.0,0,0,0.0,,-6.466,False,
bbflow_refine,HIV_RT,2,19,0,0.0,ok,178,178,1.0,7,7,0,0.0,0,0,0.0,,-6.901,False,
bbflow_refine,HIV_RT,3,19,0,0.0,ok,178,178,1.0,7,7,0,0.0,0,0,0.0,,-6.546,False,
bbflow_refine,HIV_RT,5,19,0,0.0,ok,178,178,1.0,7,7,0,0.0,0,0,0.0,,-6.257,False,
bbflow_refine,HIV_RT,6,19,0,0.0,ok,178,178,1.0,7,7,0,0.0,0,0,0.0,,-6.494,False,
bbflow_refine,HIV_RT,7,19,0,0.0,ok,178,178,1.0,7,7,0,0.0,0,0,0.0,,-6.864,False,
bbflow_refine,HIV_RT,8,19,0,0.0,ok,178,178,1.0,7,7,0,0.0,0,0,0.0,,-6.952,False,
bbflow_refine,HIV_RT,10,19,0,0.0,ok,178,178,1.0,7,7,0,0.0,0,0,0.0,,-6.873,False,
bbflow_refine,HIV_RT,13,19,0,0.0,ok,178,178,1.0,7,7,0,0.0,0,0,0.0,,-6.441,False,
bbflow_refine,HIV_RT__3V81,0,17,0,0.0,ok,154,154,1.0,8,8,0,0.0,0,0,0.0,,-6.286,False,
bbflow_refine,HIV_RT__3V81,1,17,0,0.0,ok,154,154,1.0,8,8,0,0.0,0,0,0.0,,-6.096,False,
bbflow_refine,HIV_RT__3V81,2,17,0,0.0,ok,154,154,1.0,8,8,0,0.0,0,0,0.0,,-6.291,False,
bbflow_refine,HIV_RT__3V81,3,17,0,0.0,ok,154,154,1.0,8,8,0,0.0,0,0,0.0,,-6.122,False,
bbflow_refine,HIV_RT__3V81,4,17,0,0.0,ok,154,154,1.0,8,8,0,0.0,0,0,0.0,,-5.024,False,
bbflow_refine,HIV_RT__3V81,5,17,0,0.0,ok,154,154,1.0,8,8,0,0.0,0,0,0.0,,-6.02,False,
bbflow_refine,HIV_RT__3V81,7,17,0,0.0,ok,154,154,1.0,8,8,0,0.0,0,0,0.0,,-5.161,False,
bbflow_refine,HIV_RT__3V81,9,17,0,0.0,ok,154,154,1.0,8,8,0,0.0,0,0,0.0,,-5.652,False,
bbflow_refine,HIV_RT__3V81,10,17,0,0.0,ok,154,154,1.0,8,8,0,0.0,0,0,0.0,,-6.088,False,
bbflow_refine,HIV_RT__3V81,12,17,0,0.0,ok,154,154,1.0,8,8,0,0.0,0,0,0.0,,-6.126,False,
bbflow_refine,KRAS,0,21,0,0.0,ok,158,160,0.9875,11,11,0,0.0,0,0,0.0,,-5.657,False,
bbflow_refine,KRAS,2,21,0,0.0,ok,158,160,0.9875,11,11,0,0.0,0,0,0.0,,-5.035,False,
bbflow_refine,KRAS,3,21,0,0.0,ok,158,160,0.9875,11,11,0,0.0,0,0,0.0,,-6.019,False,
bbflow_refine,KRAS,4,21,0,0.0,ok,158,160,0.9875,11,11,0,0.0,0,0,0.0,,-6.354,False,
bbflow_refine,KRAS,6,21,0,0.0,ok,158,160,0.9875,11,11,0,0.0,0,0,0.0,,-5.85,False,
bbflow_refine,KRAS,7,21,0,0.0,ok,158,160,0.9875,11,11,0,0.0,0,0,0.0,,-5.863,False,
bbflow_refine,KRAS,8,21,0,0.0,ok,158,160,0.9875,11,11,0,0.0,0,0,0.0,,-6.01,False,
bbflow_refine,KRAS,9,21,0,0.0,ok,158,160,0.9875,11,11,0,0.0,0,0,0.0,,-6.224,False,
bbflow_refine,KRAS,12,21,0,0.0,ok,158,160,0.9875,11,11,0,0.0,0,0,0.0,,-5.575,False,
bbflow_refine,KRAS,13,21,0,0.0,ok,158,160,0.9875,11,11,0,0.0,0,0,0.0,,-7.577,False,
bbflow_refine,METTL14,0,22,0,0.0,ok,185,185,1.0,9,9,0,0.0,0,0,0.0,,-6.621,False,
bbflow_refine,METTL14,2,22,0,0.0,ok,185,185,1.0,9,9,0,0.0,0,0,0.0,,-5.895,False,
bbflow_refine,METTL14,3,22,0,0.0,ok,185,185,1.0,9,9,0,0.0,0,0,0.0,,-6.998,False,
bbflow_refine,METTL14,5,22,0,0.0,ok,185,185,1.0,9,9,0,0.0,0,0,0.0,,-6.213,False,
bbflow_refine,METTL14,7,22,0,0.0,ok,185,185,1.0,9,9,0,0.0,0,0,0.0,,-6.732,False,
bbflow_refine,METTL14,8,22,0,0.0,ok,185,185,1.0,9,9,0,0.0,0,0,0.0,,-5.787,False,
bbflow_refine,METTL14,10,22,0,0.0,ok,185,185,1.0,9,9,0,0.0,0,0,0.0,,-7.688,False,
bbflow_refine,METTL14,11,22,0,0.0,ok,185,185,1.0,9,9,0,0.0,0,0,0.0,,-6.457,False,
bbflow_refine,METTL14,14,22,0,0.0,ok,185,185,1.0,9,9,0,0.0,0,0,0.0,,-7.257,False,
bbflow_refine,METTL14,18,22,0,0.0,ok,185,185,1.0,9,9,0,0.0,0,0,0.0,,-7.097,False,
bbflow_refine,Menin,0,14,0,0.0,ok,121,121,1.0,6,6,0,0.0,0,0,0.0,,-6.427,False,
bbflow_refine,Menin,2,14,0,0.0,ok,121,121,1.0,6,6,0,0.0,0,0,0.0,,-6.156,False,
bbflow_refine,Menin,3,14,0,0.0,ok,121,121,1.0,6,6,0,0.0,0,0,0.0,,-5.654,False,
bbflow_refine,Menin,5,14,0,0.0,ok,121,121,1.0,6,6,0,0.0,0,0,0.0,,-6.281,False,
bbflow_refine,Menin,6,14,0,0.0,ok,121,121,1.0,6,6,0,0.0,0,0,0.0,,-6.134,False,
bbflow_refine,Menin,7,14,0,0.0,ok,121,121,1.0,6,6,0,0.0,0,0,0.0,,-6.307,False,
bbflow_refine,Menin,9,14,0,0.0,ok,121,121,1.0,6,6,0,0.0,0,0,0.0,,-6.487,False,
bbflow_refine,Menin,10,14,0,0.0,ok,121,121,1.0,6,6,0,0.0,0,0,0.0,,-6.214,False,
bbflow_refine,Menin,11,14,0,0.0,ok,121,121,1.0,6,6,0,0.0,0,0,0.0,,-6.356,False,
bbflow_refine,Menin,12,14,0,0.0,ok,121,121,1.0,6,6,0,0.0,0,0,0.0,,-6.015,False,
bbflow_refine,NDPK-A,0,17,0,0.0,ok,149,149,1.0,3,3,0,0.0,0,0,0.0,,-6.071,False,
bbflow_refine,NDPK-A,1,17,0,0.0,ok,149,149,1.0,3,3,0,0.0,0,0,0.0,,-6.109,False,
bbflow_refine,NDPK-A,2,17,0,0.0,ok,149,149,1.0,3,3,0,0.0,0,0,0.0,,-5.318,False,
bbflow_refine,NDPK-A,3,17,0,0.0,ok,149,149,1.0,3,3,0,0.0,0,0,0.0,,-5.746,False,
bbflow_refine,NDPK-A,4,17,0,0.0,ok,149,149,1.0,3,3,0,0.0,0,0,0.0,,-7.123,False,
bbflow_refine,NDPK-A,5,17,0,0.0,ok,149,149,1.0,3,3,0,0.0,0,0,0.0,,-6.571,False,
bbflow_refine,NDPK-A,6,17,0,0.0,ok,149,149,1.0,3,3,0,0.0,0,0,0.0,,-6.856,False,
bbflow_refine,NDPK-A,7,17,0,0.0,ok,149,149,1.0,3,3,0,0.0,0,0,0.0,,-6.199,False,
bbflow_refine,NDPK-A,8,17,0,0.0,ok,149,149,1.0,3,3,0,0.0,0,0,0.0,,-5.237,False,
bbflow_refine,NDPK-A,9,17,0,0.0,ok,149,149,1.0,3,3,0,0.0,0,0,0.0,,-6.98,False,
bbflow_refine,SHP2,0,19,0,0.0,ok,159,159,1.0,10,10,0,0.0,0,0,0.0,,-8.393,False,
bbflow_refine,SHP2,2,19,0,0.0,ok,159,159,1.0,10,10,0,0.0,0,0,0.0,,-6.361,False,
bbflow_refine,SHP2,3,19,0,0.0,ok,159,159,1.0,10,10,0,0.0,0,0,0.0,,-7.798,False,
bbflow_refine,SHP2,6,19,0,0.0,ok,159,159,1.0,10,10,0,0.0,0,0,0.0,,-8.36,False,
bbflow_refine,SHP2,8,19,0,0.0,ok,159,159,1.0,10,10,0,0.0,0,0,0.0,,-6.705,False,
bbflow_refine,SHP2,10,19,0,0.0,ok,159,159,1.0,10,10,0,0.0,0,0,0.0,,-8.912,False,
bbflow_refine,SHP2,11,19,0,0.0,ok,159,159,1.0,10,10,0,0.0,0,0,0.0,,-7.744,False,
bbflow_refine,SHP2,13,19,0,0.0,ok,159,159,1.0,10,10,0,0.0,0,0,0.0,,-8.306,False,
bbflow_refine,SHP2,14,19,0,0.0,ok,159,159,1.0,10,10,0,0.0,0,0,0.0,,-6.995,False,
bbflow_refine,SHP2,15,19,0,0.0,ok,159,159,1.0,10,10,0,0.0,0,0,0.0,,-7.047,False,
bbflow_refine,THSR,0,26,0,0.0,ok,206,206,1.0,12,12,0,0.0,0,0,0.0,,-9.889,False,
bbflow_refine,THSR,1,26,0,0.0,ok,206,206,1.0,12,12,0,0.0,0,0,0.0,,-8.959,False,
bbflow_refine,THSR,3,26,0,0.0,ok,206,206,1.0,12,12,0,0.0,0,0,0.0,,-10.76,False,
bbflow_refine,THSR,4,26,0,0.0,ok,206,206,1.0,12,12,0,0.0,0,0,0.0,,-10.67,False,
bbflow_refine,THSR,5,26,0,0.0,ok,206,206,1.0,12,12,0,0.0,0,0,0.0,,-10.07,False,
bbflow_refine,THSR,6,26,0,0.0,ok,206,206,1.0,12,12,0,0.0,0,0,0.0,,-9.667,False,
bbflow_refine,THSR,7,26,0,0.0,ok,206,206,1.0,12,12,0,0.0,0,0,0.0,,-8.766,False,
bbflow_refine,THSR,8,26,0,0.0,ok,206,206,1.0,12,12,0,0.0,0,0,0.0,,-10.09,False,
bbflow_refine,THSR,9,26,0,0.0,ok,206,206,1.0,12,12,0,0.0,0,0,0.0,,-9.14,False,
bbflow_refine,THSR,10,26,0,0.0,ok,206,206,1.0,12,12,0,0.0,0,0,0.0,,-10.1,False,
bbflow_refine,THSR__7UTZ,0,24,0,0.0,ok,186,186,1.0,8,8,0,0.0,0,0,0.0,,-6.041,False,
bbflow_refine,THSR__7UTZ,3,24,0,0.0,ok,186,186,1.0,8,8,0,0.0,0,0,0.0,,-5.914,False,
bbflow_refine,THSR__7UTZ,4,24,0,0.0,ok,186,186,1.0,8,8,0,0.0,0,0,0.0,,-5.627,False,
bbflow_refine,THSR__7UTZ,5,24,0,0.0,ok,186,186,1.0,8,8,0,0.0,0,0,0.0,,-6.405,False,
bbflow_refine,THSR__7UTZ,7,24,0,0.0,ok,186,186,1.0,8,8,0,0.0,0,0,0.0,,-6.163,False,
bbflow_refine,THSR__7UTZ,8,24,0,0.0,ok,186,186,1.0,8,8,0,0.0,0,0,0.0,,-6.362,False,
bbflow_refine,THSR__7UTZ,10,24,0,0.0,ok,186,186,1.0,8,8,0,0.0,0,0,0.0,,-6.134,False,
bbflow_refine,THSR__7UTZ,11,24,0,0.0,ok,186,186,1.0,8,8,0,0.0,0,0,0.0,,-3.988,False,
bbflow_refine,THSR__7UTZ,12,24,0,0.0,ok,186,186,1.0,8,8,0,0.0,0,0,0.0,,-6.095,False,
bbflow_refine,THSR__7UTZ,13,24,0,0.0,ok,186,186,1.0,8,8,0,0.0,0,0,0.0,,-4.693,False,
bbflow_refine,betaLG,1,16,0,0.0,ok,127,127,1.0,2,2,0,0.0,0,0,0.0,,-4.559,False,
bbflow_refine,betaLG,2,16,0,0.0,ok,127,127,1.0,2,2,0,0.0,0,0,0.0,,-5.253,False,
bbflow_refine,betaLG,4,16,0,0.0,ok,127,127,1.0,2,2,0,0.0,0,0,0.0,,-4.677,False,
bbflow_refine,betaLG,5,16,0,0.0,ok,127,127,1.0,2,2,0,0.0,0,0,0.0,,-4.629,False,
bbflow_refine,betaLG,6,16,0,0.0,ok,127,127,1.0,2,2,0,0.0,0,0,0.0,,-5.839,False,
bbflow_refine,betaLG,7,16,0,0.0,ok,127,127,1.0,2,2,0,0.0,0,0,0.0,,-4.643,False,
bbflow_refine,betaLG,8,16,0,0.0,ok,127,127,1.0,2,2,0,0.0,0,0,0.0,,-4.618,False,
bbflow_refine,betaLG,9,16,0,0.0,ok,127,127,1.0,2,2,0,0.0,0,0,0.0,,-5.052,False,
bbflow_refine,betaLG,10,16,0,0.0,ok,127,127,1.0,2,2,0,0.0,0,0,0.0,,-4.933,False,
bbflow_refine,betaLG,11,16,0,0.0,ok,127,127,1.0,2,2,0,0.0,0,0,0.0,,-4.768,False,
bbflow_refine,cAbl,0,23,0,0.0,ok,179,179,1.0,10,10,0,0.0,0,0,0.0,,-8.703,False,
bbflow_refine,cAbl,4,23,0,0.0,ok,179,179,1.0,10,10,0,0.0,0,0,0.0,,-10.26,False,
bbflow_refine,cAbl,6,23,0,0.0,ok,179,179,1.0,10,10,0,0.0,0,0,0.0,,-8.097,False,
bbflow_refine,cAbl,8,23,0,0.0,ok,179,179,1.0,10,10,0,0.0,0,0,0.0,,-8.323,False,
bbflow_refine,cAbl,9,23,0,0.0,ok,179,179,1.0,10,10,0,0.0,0,0,0.0,,-9.105,False,
bbflow_refine,cAbl,10,23,0,0.0,ok,179,179,1.0,10,10,0,0.0,0,0,0.0,,-8.082,False,
bbflow_refine,cAbl,11,23,0,0.0,ok,179,179,1.0,10,10,0,0.0,0,0,0.0,,-8.044,False,
bbflow_refine,cAbl,13,23,0,0.0,ok,179,179,1.0,10,10,0,0.0,0,0,0.0,,-9.463,False,
bbflow_refine,cAbl,14,23,0,0.0,ok,179,179,1.0,10,10,0,0.0,0,0,0.0,,-8.961,False,
bbflow_refine,cAbl,15,23,0,0.0,ok,179,179,1.0,10,10,0,0.0,0,0,0.0,,-7.984,False,
bbflow_refine,p53_Y220C,0,19,0,0.0,ok,138,138,1.0,11,11,0,0.0,0,0,0.0,,-4.33,False,
bbflow_refine,p53_Y220C,1,19,0,0.0,ok,138,138,1.0,11,11,0,0.0,0,0,0.0,,-4.625,False,
bbflow_refine,p53_Y220C,2,19,0,0.0,ok,138,138,1.0,11,11,0,0.0,0,0,0.0,,-4.778,False,
bbflow_refine,p53_Y220C,3,19,0,0.0,ok,138,138,1.0,11,11,0,0.0,0,0,0.0,,-5.227,False,
bbflow_refine,p53_Y220C,4,19,0,0.0,ok,138,138,1.0,11,11,0,0.0,0,0,0.0,,-4.271,False,
bbflow_refine,p53_Y220C,5,19,0,0.0,ok,138,138,1.0,11,11,0,0.0,0,0,0.0,,-4.367,False,
bbflow_refine,p53_Y220C,6,19,0,0.0,ok,138,138,1.0,11,11,0,0.0,0,0,0.0,,-4.38,False,
bbflow_refine,p53_Y220C,7,19,0,0.0,ok,138,138,1.0,11,11,0,0.0,0,0,0.0,,-4.188,False,
bbflow_refine,p53_Y220C,8,19,0,0.0,ok,138,138,1.0,11,11,0,0.0,0,0,0.0,,-4.485,False,
bbflow_refine,p53_Y220C,9,19,0,0.0,ok,138,138,1.0,11,11,0,0.0,0,0,0.0,,-4.856,False,
bbflow_refine,p53_Y220C__4AGQ,0,17,0,0.0,ok,128,128,1.0,13,13,0,0.0,0,0,0.0,,-5.097,False,
bbflow_refine,p53_Y220C__4AGQ,1,17,0,0.0,ok,128,128,1.0,13,13,0,0.0,0,0,0.0,,-5.169,False,
bbflow_refine,p53_Y220C__4AGQ,2,17,0,0.0,ok,128,128,1.0,13,13,0,0.0,0,0,0.0,,-5.206,False,
bbflow_refine,p53_Y220C__4AGQ,3,17,0,0.0,ok,128,128,1.0,13,13,0,0.0,0,0,0.0,,-5.351,False,
bbflow_refine,p53_Y220C__4AGQ,4,17,0,0.0,ok,128,128,1.0,13,13,0,0.0,0,0,0.0,,-5.031,False,
bbflow_refine,p53_Y220C__4AGQ,5,17,0,0.0,ok,128,128,1.0,13,13,0,0.0,0,0,0.0,,-5.132,False,
bbflow_refine,p53_Y220C__4AGQ,6,17,0,0.0,ok,128,128,1.0,13,13,0,0.0,0,0,0.0,,-5.733,False,
bbflow_refine,p53_Y220C__4AGQ,7,17,0,0.0,ok,128,128,1.0,13,13,0,0.0,0,0,0.0,,-4.911,False,
bbflow_refine,p53_Y220C__4AGQ,8,17,0,0.0,ok,128,128,1.0,13,13,0,0.0,0,0,0.0,,-5.092,False,
bbflow_refine,p53_Y220C__4AGQ,9,17,0,0.0,ok,128,128,1.0,13,13,0,0.0,0,0,0.0,,-5.653,False,
bioemu_refine,Bcl-xL,0,22,0,0.0,ok,190,190,1.0,9,9,0,0.0,0,0,0.0,,-8.095,False,
bioemu_refine,Bcl-xL,200,22,0,0.0,ok,190,190,1.0,9,9,0,0.0,0,0,0.0,,-7.055,False,
bioemu_refine,Bcl-xL,300,22,0,0.0,ok,190,190,1.0,9,9,0,0.0,0,0,0.0,,-5.972,False,
bioemu_refine,Bcl-xL,500,22,0,0.0,ok,190,190,1.0,9,9,0,0.0,0,0,0.0,,-8.118,False,
bioemu_refine,Bcl-xL,600,22,0,0.0,ok,190,190,1.0,9,9,0,0.0,0,0,0.0,,-5.62,False,
bioemu_refine,Bcl-xL,700,22,0,0.0,ok,190,190,1.0,9,9,0,0.0,0,0,0.0,,-6.98,False,
bioemu_refine,Bcl-xL,1100,22,0,0.0,ok,190,190,1.0,9,9,0,0.0,0,0,0.0,,-7.384,False,-7.384
bioemu_refine,Bcl-xL,1200,22,0,0.0,ok,190,190,1.0,9,9,0,0.0,0,0,0.0,,-7.276,False,-7.276
bioemu_refine,Bcl-xL,1400,22,0,0.0,ok,190,190,1.0,9,9,0,0.0,0,0,0.0,,-6.532,False,-6.532
bioemu_refine,Bcl-xL,1500,22,0,0.0,ok,190,190,1.0,9,9,0,0.0,0,0,0.0,,-6.388,False,-6.388
bioemu_refine,CB1,100,28,0,0.0,ok,246,246,1.0,10,10,0,0.0,0,0,0.0,,-7.932,False,
bioemu_refine,CB1,300,28,0,0.0,ok,246,246,1.0,10,10,0,0.0,0,0,0.0,,-8.671,False,
bioemu_refine,CB1,400,28,0,0.0,ok,246,246,1.0,10,10,0,0.0,0,0,0.0,,-9.262,False,
bioemu_refine,CB1,500,28,0,0.0,ok,246,246,1.0,10,10,0,0.0,0,0,0.0,,-9.571,False,
bioemu_refine,CB1,600,28,0,0.0,ok,246,246,1.0,10,10,0,0.0,0,0,0.0,,-9.357,False,
bioemu_refine,CB1,700,28,0,0.0,ok,246,246,1.0,10,10,0,0.0,0,0,0.0,,-8.443,False,
bioemu_refine,CB1,900,28,0,0.0,ok,246,246,1.0,10,10,0,0.0,0,0,0.0,,-8.487,False,
bioemu_refine,CB1,1000,28,0,0.0,ok,246,246,1.0,10,10,0,0.0,0,0,0.0,,-8.754,False,
bioemu_refine,CB1,1100,28,0,0.0,ok,246,246,1.0,10,10,0,0.0,0,0,0.0,,-9.501,False,
bioemu_refine,CB1,1200,28,0,0.0,ok,246,246,1.0,10,10,0,0.0,0,0,0.0,,-8.818,False,
bioemu_refine,FUT8,0,22,0,0.0,ok,181,181,1.0,6,6,0,0.0,0,0,0.0,,-7.92,False,
bioemu_refine,FUT8,300,22,0,0.0,ok,181,181,1.0,6,6,0,0.0,0,0,0.0,,-5.801,False,
bioemu_refine,FUT8,400,22,0,0.0,ok,181,181,1.0,6,6,0,0.0,0,0,0.0,,-8.311,False,
bioemu_refine,FUT8,500,22,0,0.0,ok,181,181,1.0,6,6,0,0.0,0,0,0.0,,-7.884,False,
bioemu_refine,FUT8,1000,22,0,0.0,ok,181,181,1.0,6,6,0,0.0,0,0,0.0,,-6.971,False,-6.971
bioemu_refine,FUT8,1100,22,0,0.0,ok,181,181,1.0,6,6,0,0.0,0,0,0.0,,-6.987,False,-6.987
bioemu_refine,FUT8,1300,22,0,0.0,ok,181,181,1.0,6,6,0,0.0,0,0,0.0,,-7.807,False,-7.807
bioemu_refine,FUT8,1400,22,0,0.0,ok,181,181,1.0,6,6,0,0.0,0,0,0.0,,-8.036,False,-8.036
bioemu_refine,FUT8,1900,22,0,0.0,ok,181,181,1.0,6,6,0,0.0,0,0,0.0,,-6.924,False,-6.924
bioemu_refine,FUT8,2000,22,0,0.0,ok,181,181,1.0,6,6,0,0.0,0,0,0.0,,-8.234,False,-8.234
bioemu_refine,GLTP,0,8,0,0.0,ok,69,70,0.9857142857142858,1,1,0,0.0,0,0,0.0,,-4.705,False,
bioemu_refine,GLTP,100,8,0,0.0,ok,69,70,0.9857142857142858,1,1,0,0.0,0,0,0.0,,-4.588,False,
bioemu_refine,GLTP,200,8,0,0.0,ok,69,70,0.9857142857142858,1,1,0,0.0,0,0,0.0,,-3.931,False,
bioemu_refine,GLTP,300,8,0,0.0,ok,69,70,0.9857142857142858,1,1,0,0.0,0,0,0.0,,-5.508,False,
bioemu_refine,GLTP,400,8,0,0.0,ok,69,70,0.9857142857142858,1,1,0,0.0,0,0,0.0,,-4.851,False,
bioemu_refine,GLTP,500,8,0,0.0,ok,69,70,0.9857142857142858,1,1,0,0.0,0,0,0.0,,-5.325,False,
bioemu_refine,GLTP,600,8,0,0.0,ok,69,70,0.9857142857142858,1,1,0,0.0,0,0,0.0,,-5.522,False,
bioemu_refine,GLTP,700,8,0,0.0,ok,69,70,0.9857142857142858,1,1,0,0.0,0,0,0.0,,-5.268,False,
bioemu_refine,GLTP,800,8,0,0.0,ok,69,70,0.9857142857142858,1,1,0,0.0,0,0,0.0,,-5.812,False,
bioemu_refine,GLTP,900,8,0,0.0,ok,69,70,0.9857142857142858,1,1,0,0.0,0,0,0.0,,-4.535,False,
bioemu_refine,HIF2alpha,0,21,0,0.0,ok,172,172,1.0,4,4,0,0.0,0,0,0.0,,-5.012,False,
bioemu_refine,HIF2alpha,400,21,0,0.0,ok,172,172,1.0,4,4,0,0.0,0,0,0.0,,-5.375,False,
bioemu_refine,HIF2alpha,700,21,0,0.0,ok,172,172,1.0,4,4,0,0.0,0,0,0.0,,-3.213,False,
bioemu_refine,HIF2alpha,800,21,0,0.0,ok,172,172,1.0,4,4,0,0.0,0,0,0.0,,-5.931,False,
bioemu_refine,HIF2alpha,1100,21,0,0.0,ok,172,172,1.0,4,4,0,0.0,0,0,0.0,,-4.022,False,
bioemu_refine,HIF2alpha,1400,21,0,0.0,ok,172,172,1.0,4,4,0,0.0,0,0,0.0,,-2.225,False,
bioemu_refine,HIF2alpha,1500,21,0,0.0,ok,172,172,1.0,4,4,0,0.0,0,0,0.0,,-2.75,False,
bioemu_refine,HIF2alpha,1600,21,0,0.0,ok,172,172,1.0,4,4,0,0.0,0,0,0.0,,-6.575,False,
bioemu_refine,HIF2alpha,1700,21,0,0.0,ok,172,172,1.0,4,4,0,0.0,0,0,0.0,,-6.295,False,
bioemu_refine,HIF2alpha,1900,21,0,0.0,ok,172,172,1.0,4,4,0,0.0,0,0,0.0,,-6.167,False,
bioemu_refine,HIF2alpha__6D0B,0,25,0,0.0,ok,204,204,1.0,6,6,0,0.0,0,0,0.0,,-2.799,False,
bioemu_refine,HIF2alpha__6D0B,100,25,0,0.0,ok,204,204,1.0,6,6,0,0.0,0,0,0.0,,1.495,False,
bioemu_refine,HIF2alpha__6D0B,200,25,0,0.0,ok,204,204,1.0,6,6,0,0.0,0,0,0.0,,-1.653,False,
bioemu_refine,HIF2alpha__6D0B,400,25,0,0.0,ok,204,204,1.0,6,6,0,0.0,0,0,0.0,,-3.325,False,
bioemu_refine,HIF2alpha__6D0B,500,25,0,0.0,ok,204,204,1.0,6,6,0,0.0,0,0,0.0,,-5.119,False,
bioemu_refine,HIF2alpha__6D0B,600,25,0,0.0,ok,204,204,1.0,6,6,0,0.0,0,0,0.0,,-3.765,False,
bioemu_refine,HIF2alpha__6D0B,700,25,0,0.0,ok,204,204,1.0,6,6,0,0.0,0,0,0.0,,-4.877,False,
bioemu_refine,HIF2alpha__6D0B,800,25,0,0.0,ok,204,204,1.0,6,6,0,0.0,0,0,0.0,,-4.044,False,
bioemu_refine,HIF2alpha__6D0B,1000,25,0,0.0,ok,204,204,1.0,6,6,0,0.0,0,0,0.0,,-4.322,False,
bioemu_refine,HIF2alpha__6D0B,1100,25,0,0.0,ok,204,204,1.0,6,6,0,0.0,0,0,0.0,,-5.206,False,
bioemu_refine,HIV1_CA,0,16,0,0.0,ok,127,129,0.9844961240310076,7,7,0,0.0,0,0,0.0,,-5.675,False,
bioemu_refine,HIV1_CA,100,16,0,0.0,ok,127,129,0.9844961240310076,7,7,0,0.0,0,0,0.0,,-7.67,False,
bioemu_refine,HIV1_CA,200,16,0,0.0,ok,127,129,0.9844961240310076,7,7,0,0.0,0,0,0.0,,-6.25,False,
bioemu_refine,HIV1_CA,300,16,0,0.0,ok,127,129,0.9844961240310076,7,7,0,0.0,0,0,0.0,,-6.679,False,
bioemu_refine,HIV1_CA,400,16,0,0.0,ok,127,129,0.9844961240310076,7,7,0,0.0,0,0,0.0,,-7.994,False,
bioemu_refine,HIV1_CA,500,16,0,0.0,ok,127,129,0.9844961240310076,7,7,0,0.0,0,0,0.0,,-7.476,False,
bioemu_refine,HIV1_CA,600,16,0,0.0,ok,127,129,0.9844961240310076,7,7,0,0.0,0,0,0.0,,-6.443,False,
bioemu_refine,HIV1_CA,700,16,0,0.0,ok,127,129,0.9844961240310076,7,7,0,0.0,0,0,0.0,,-7.024,False,
bioemu_refine,HIV1_CA,800,16,0,0.0,ok,127,129,0.9844961240310076,7,7,0,0.0,0,0,0.0,,-7.655,False,
bioemu_refine,HIV1_CA,900,16,0,0.0,ok,127,129,0.9844961240310076,7,7,0,0.0,0,0,0.0,,-5.908,False,
bioemu_refine,HIV_RT,0,19,0,0.0,ok,178,178,1.0,7,7,0,0.0,0,0,0.0,,-6.056,False,
bioemu_refine,HIV_RT,100,19,0,0.0,ok,178,178,1.0,7,7,0,0.0,0,0,0.0,,-6.384,False,
bioemu_refine,HIV_RT,200,19,0,0.0,ok,178,178,1.0,7,7,0,0.0,0,0,0.0,,-6.056,False,
bioemu_refine,HIV_RT,300,19,0,0.0,ok,178,178,1.0,7,7,0,0.0,0,0,0.0,,-6.333,False,
bioemu_refine,HIV_RT,400,19,0,0.0,ok,178,178,1.0,7,7,0,0.0,0,0,0.0,,-5.547,False,
bioemu_refine,HIV_RT,500,19,0,0.0,ok,178,178,1.0,7,7,0,0.0,0,0,0.0,,-7.493,False,
bioemu_refine,HIV_RT,600,19,0,0.0,ok,178,178,1.0,7,7,0,0.0,0,0,0.0,,-5.913,False,
bioemu_refine,HIV_RT,700,19,0,0.0,ok,178,178,1.0,7,7,0,0.0,0,0,0.0,,-6.506,False,
bioemu_refine,HIV_RT,1100,19,0,0.0,ok,178,178,1.0,7,7,0,0.0,0,0,0.0,,-6.467,False,
bioemu_refine,HIV_RT,1300,19,0,0.0,ok,178,178,1.0,7,7,0,0.0,0,0,0.0,,-5.144,False,
bioemu_refine,HIV_RT__3V81,0,17,0,0.0,ok,154,154,1.0,8,8,0,0.0,0,0,0.0,,-6.107,False,
bioemu_refine,HIV_RT__3V81,200,17,0,0.0,ok,154,154,1.0,8,8,0,0.0,0,0,0.0,,-5.21,False,
bioemu_refine,HIV_RT__3V81,300,17,0,0.0,ok,154,154,1.0,8,8,0,0.0,0,0,0.0,,-5.289,False,
bioemu_refine,HIV_RT__3V81,400,17,0,0.0,ok,154,154,1.0,8,8,0,0.0,0,0,0.0,,-5.715,False,
bioemu_refine,HIV_RT__3V81,500,17,0,0.0,ok,154,154,1.0,8,8,0,0.0,0,0,0.0,,-5.829,False,
bioemu_refine,HIV_RT__3V81,600,17,0,0.0,ok,154,154,1.0,8,8,0,0.0,0,0,0.0,,-6.693,False,
bioemu_refine,HIV_RT__3V81,700,17,0,0.0,ok,154,154,1.0,8,8,0,0.0,0,0,0.0,,-5.673,False,
bioemu_refine,HIV_RT__3V81,900,17,0,0.0,ok,154,154,1.0,8,8,0,0.0,0,0,0.0,,-6.595,False,
bioemu_refine,HIV_RT__3V81,1000,17,0,0.0,ok,154,154,1.0,8,8,0,0.0,0,0,0.0,,-7.136,False,
bioemu_refine,HIV_RT__3V81,1100,17,0,0.0,ok,154,154,1.0,8,8,0,0.0,0,0,0.0,,-5.557,False,
bioemu_refine,KRAS,100,21,0,0.0,ok,160,160,1.0,11,11,0,0.0,0,0,0.0,,-6.364,False,
bioemu_refine,KRAS,200,21,0,0.0,ok,160,160,1.0,11,11,0,0.0,0,0,0.0,,-6.682,False,
bioemu_refine,KRAS,400,21,0,0.0,ok,160,160,1.0,11,11,0,0.0,0,0,0.0,,-5.113,False,
bioemu_refine,KRAS,600,21,0,0.0,ok,160,160,1.0,11,11,0,0.0,0,0,0.0,,-5.064,False,
bioemu_refine,KRAS,1200,21,0,0.0,ok,160,160,1.0,11,11,0,0.0,0,0,0.0,,-5.503,False,
bioemu_refine,KRAS,1300,21,0,0.0,ok,160,160,1.0,11,11,0,0.0,0,0,0.0,,-5.989,False,
bioemu_refine,KRAS,1400,21,0,0.0,ok,160,160,1.0,11,11,0,0.0,0,0,0.0,,-5.711,False,
bioemu_refine,KRAS,1500,21,0,0.0,ok,160,160,1.0,11,11,0,0.0,0,0,0.0,,-5.801,False,
bioemu_refine,KRAS,1700,21,0,0.0,ok,160,160,1.0,11,11,0,0.0,0,0,0.0,,-6.642,False,
bioemu_refine,KRAS,1800,21,0,0.0,ok,160,160,1.0,11,11,0,0.0,0,0,0.0,,-5.628,False,
bioemu_refine,METTL14,0,22,0,0.0,ok,185,185,1.0,9,9,0,0.0,0,0,0.0,,-7.345,False,
bioemu_refine,METTL14,100,22,0,0.0,ok,185,185,1.0,9,9,0,0.0,0,0,0.0,,-6.086,False,
bioemu_refine,METTL14,200,22,0,0.0,ok,185,185,1.0,9,9,0,0.0,0,0,0.0,,-7.561,False,
bioemu_refine,METTL14,300,22,0,0.0,ok,185,185,1.0,9,9,0,0.0,0,0,0.0,,-7.534,False,
bioemu_refine,METTL14,400,22,0,0.0,ok,185,185,1.0,9,9,0,0.0,0,0,0.0,,-6.846,False,
bioemu_refine,METTL14,500,22,0,0.0,ok,185,185,1.0,9,9,0,0.0,0,0,0.0,,-6.332,False,
bioemu_refine,METTL14,600,22,0,0.0,ok,185,185,1.0,9,9,0,0.0,0,0,0.0,,-6.001,False,
bioemu_refine,Menin,0,14,0,0.0,ok,121,121,1.0,6,6,0,0.0,0,0,0.0,,-6.194,False,
bioemu_refine,Menin,100,14,0,0.0,ok,121,121,1.0,6,6,0,0.0,0,0,0.0,,-6.396,False,
bioemu_refine,Menin,200,14,0,0.0,ok,121,121,1.0,6,6,0,0.0,0,0,0.0,,-6.153,False,
bioemu_refine,Menin,300,14,0,0.0,ok,121,121,1.0,6,6,0,0.0,0,0,0.0,,-6.917,False,
bioemu_refine,Menin,500,14,0,0.0,ok,121,121,1.0,6,6,0,0.0,0,0,0.0,,-6.637,False,
bioemu_refine,Menin,600,14,0,0.0,ok,121,121,1.0,6,6,0,0.0,0,0,0.0,,-6.693,False,
bioemu_refine,Menin,700,14,0,0.0,ok,121,121,1.0,6,6,0,0.0,0,0,0.0,,-7.031,False,
bioemu_refine,Menin,800,14,0,0.0,ok,121,121,1.0,6,6,0,0.0,0,0,0.0,,-6.859,False,
bioemu_refine,Menin,900,14,0,0.0,ok,121,121,1.0,6,6,0,0.0,0,0,0.0,,-7.068,False,
bioemu_refine,Menin,1000,14,0,0.0,ok,121,121,1.0,6,6,0,0.0,0,0,0.0,,-6.982,False,
bioemu_refine,NDPK-A,0,17,0,0.0,ok,149,149,1.0,3,3,0,0.0,0,0,0.0,,-6.248,False,
bioemu_refine,NDPK-A,200,17,0,0.0,ok,149,149,1.0,3,3,0,0.0,0,0,0.0,,-7.497,False,
bioemu_refine,NDPK-A,300,17,0,0.0,ok,149,149,1.0,3,3,0,0.0,0,0,0.0,,-6.195,False,
bioemu_refine,NDPK-A,900,17,0,0.0,ok,149,149,1.0,3,3,0,0.0,0,0,0.0,,-6.988,False,
bioemu_refine,NDPK-A,1100,17,0,0.0,ok,149,149,1.0,3,3,0,0.0,0,0,0.0,,-6.096,False,-6.096
bioemu_refine,NDPK-A,1300,17,0,0.0,ok,149,149,1.0,3,3,0,0.0,0,0,0.0,,-6.571,False,-6.571
bioemu_refine,NDPK-A,1400,17,0,0.0,ok,149,149,1.0,3,3,0,0.0,0,0,0.0,,-6.289,False,-6.289
bioemu_refine,NDPK-A,1500,17,0,0.0,ok,149,149,1.0,3,3,0,0.0,0,0,0.0,,-6.566,False,-6.566
bioemu_refine,NDPK-A,1800,17,0,0.0,ok,149,149,1.0,3,3,0,0.0,0,0,0.0,,-6.968,False,-6.968
bioemu_refine,NDPK-A,2200,17,0,0.0,ok,149,149,1.0,3,3,0,0.0,0,0,0.0,,-6.182,False,-6.182
bioemu_refine,SHP2,0,19,0,0.0,ok,159,159,1.0,10,10,0,0.0,0,0,0.0,,-8.911,False,
bioemu_refine,SHP2,200,19,0,0.0,ok,159,159,1.0,10,10,0,0.0,0,0,0.0,,-8.759,False,
bioemu_refine,SHP2,400,19,0,0.0,ok,159,159,1.0,10,10,0,0.0,0,0,0.0,,-7.697,False,
bioemu_refine,SHP2,500,19,0,0.0,ok,159,159,1.0,10,10,0,0.0,0,0,0.0,,-6.705,False,
bioemu_refine,SHP2,800,19,0,0.0,ok,159,159,1.0,10,10,0,0.0,0,0,0.0,,-7.911,False,
bioemu_refine,SHP2,900,19,0,0.0,ok,159,159,1.0,10,10,0,0.0,0,0,0.0,,-7.965,False,
bioemu_refine,SHP2,1100,19,0,0.0,ok,159,159,1.0,10,10,0,0.0,0,0,0.0,,-6.992,False,-6.992
bioemu_refine,SHP2,1200,19,0,0.0,ok,159,159,1.0,10,10,0,0.0,0,0,0.0,,-7.759,False,-7.759
bioemu_refine,SHP2,1700,19,0,0.0,ok,159,159,1.0,10,10,0,0.0,0,0,0.0,,-9.148,False,-9.148
bioemu_refine,SHP2,1800,19,0,0.0,ok,159,159,1.0,10,10,0,0.0,0,0,0.0,,-7.503,False,-7.503
bioemu_refine,THSR,0,26,0,0.0,ok,206,206,1.0,12,12,0,0.0,0,0,0.0,,-7.095,False,
bioemu_refine,THSR,100,26,0,0.0,ok,206,206,1.0,12,12,0,0.0,0,0,0.0,,-7.785,False,
bioemu_refine,THSR,400,26,0,0.0,ok,206,206,1.0,12,12,0,0.0,0,0,0.0,,-8.565,False,
bioemu_refine,THSR,500,26,0,0.0,ok,206,206,1.0,12,12,0,0.0,0,0,0.0,,-8.34,False,
bioemu_refine,THSR,600,26,0,0.0,ok,206,206,1.0,12,12,0,0.0,0,0,0.0,,-2.638,False,
bioemu_refine,THSR,800,26,0,0.0,ok,206,206,1.0,12,12,0,0.0,0,0,0.0,,-6.955,False,
bioemu_refine,THSR,900,26,0,0.0,ok,206,206,1.0,12,12,0,0.0,0,0,0.0,,-8.167,False,
bioemu_refine,THSR,1000,26,0,0.0,ok,206,206,1.0,12,12,0,0.0,0,0,0.0,,-2.403,False,
bioemu_refine,THSR,1100,26,0,0.0,ok,206,206,1.0,12,12,0,0.0,0,0,0.0,,-9.545,False,
bioemu_refine,THSR,1200,26,0,0.0,ok,206,206,1.0,12,12,0,0.0,0,0,0.0,,-5.506,False,
bioemu_refine,THSR__7UTZ,0,24,0,0.0,ok,186,186,1.0,8,8,0,0.0,0,0,0.0,,-5.918,False,
bioemu_refine,THSR__7UTZ,100,24,0,0.0,ok,186,186,1.0,8,8,0,0.0,0,0,0.0,,-6.097,False,
bioemu_refine,THSR__7UTZ,200,24,0,0.0,ok,186,186,1.0,8,8,0,0.0,0,0,0.0,,-5.752,False,
bioemu_refine,THSR__7UTZ,300,24,0,0.0,ok,186,186,1.0,8,8,0,0.0,0,0,0.0,,-5.208,False,
bioemu_refine,THSR__7UTZ,600,24,0,0.0,ok,186,186,1.0,8,8,0,0.0,0,0,0.0,,-3.507,False,
bioemu_refine,THSR__7UTZ,700,24,0,0.0,ok,186,186,1.0,8,8,0,0.0,0,0,0.0,,-5.253,False,
bioemu_refine,THSR__7UTZ,800,24,0,0.0,ok,186,186,1.0,8,8,0,0.0,0,0,0.0,,-3.782,False,
bioemu_refine,THSR__7UTZ,1000,24,0,0.0,ok,186,186,1.0,8,8,0,0.0,0,0,0.0,,-6.224,False,
bioemu_refine,THSR__7UTZ,1100,24,0,0.0,ok,186,186,1.0,8,8,0,0.0,0,0,0.0,,-6.242,False,
bioemu_refine,THSR__7UTZ,1200,24,0,0.0,ok,186,186,1.0,8,8,0,0.0,0,0,0.0,,-6.245,False,
bioemu_refine,betaLG,100,16,0,0.0,ok,127,127,1.0,2,2,0,0.0,0,0,0.0,,-4.352,False,
bioemu_refine,betaLG,200,16,0,0.0,ok,127,127,1.0,2,2,0,0.0,0,0,0.0,,-4.809,False,
bioemu_refine,betaLG,400,16,0,0.0,ok,127,127,1.0,2,2,0,0.0,0,0,0.0,,-6.318,False,
bioemu_refine,betaLG,500,16,0,0.0,ok,127,127,1.0,2,2,0,0.0,0,0,0.0,,-5.794,False,
bioemu_refine,betaLG,600,16,0,0.0,ok,127,127,1.0,2,2,0,0.0,0,0,0.0,,-6.751,False,
bioemu_refine,betaLG,700,16,0,0.0,ok,127,127,1.0,2,2,0,0.0,0,0,0.0,,-5.736,False,
bioemu_refine,betaLG,800,16,0,0.0,ok,127,127,1.0,2,2,0,0.0,0,0,0.0,,-4.51,False,
bioemu_refine,betaLG,900,16,0,0.0,ok,127,127,1.0,2,2,0,0.0,0,0,0.0,,-5.566,False,
bioemu_refine,betaLG,1000,16,0,0.0,ok,127,127,1.0,2,2,0,0.0,0,0,0.0,,-5.666,False,-5.666
bioemu_refine,betaLG,1100,16,0,0.0,ok,127,127,1.0,2,2,0,0.0,0,0,0.0,,-4.87,False,-4.87
bioemu_refine,cAbl,0,23,0,0.0,ok,179,179,1.0,10,10,0,0.0,0,0,0.0,,-8.712,False,
bioemu_refine,cAbl,100,23,0,0.0,ok,179,179,1.0,10,10,0,0.0,0,0,0.0,,-9.203,False,
bioemu_refine,cAbl,200,23,0,0.0,ok,179,179,1.0,10,10,0,0.0,0,0,0.0,,-8.231,False,
bioemu_refine,cAbl,300,23,0,0.0,ok,179,179,1.0,10,10,0,0.0,0,0,0.0,,-9.935,False,
bioemu_refine,cAbl,400,23,0,0.0,ok,179,179,1.0,10,10,0,0.0,0,0,0.0,,-8.775,False,
bioemu_refine,cAbl,500,23,0,0.0,ok,179,179,1.0,10,10,0,0.0,0,0,0.0,,-7.899,False,
bioemu_refine,cAbl,600,23,0,0.0,ok,179,179,1.0,10,10,0,0.0,0,0,0.0,,-8.525,False,
bioemu_refine,cAbl,800,23,0,0.0,ok,179,179,1.0,10,10,0,0.0,0,0,0.0,,-9.333,False,
bioemu_refine,cAbl,900,23,0,0.0,ok,179,179,1.0,10,10,0,0.0,0,0,0.0,,-8.796,False,
bioemu_refine,cAbl,1000,23,0,0.0,ok,179,179,1.0,10,10,0,0.0,0,0,0.0,,-8.266,False,
bioemu_refine,p53_Y220C,0,19,0,0.0,ok,138,138,1.0,11,11,0,0.0,0,0,0.0,,-5.283,False,
bioemu_refine,p53_Y220C,100,19,0,0.0,ok,138,138,1.0,11,11,0,0.0,0,0,0.0,,-5.033,False,
bioemu_refine,p53_Y220C,200,19,0,0.0,ok,138,138,1.0,11,11,0,0.0,0,0,0.0,,-4.425,False,
bioemu_refine,p53_Y220C,300,19,0,0.0,ok,138,138,1.0,11,11,0,0.0,0,0,0.0,,-6.335,False,
bioemu_refine,p53_Y220C,400,19,0,0.0,ok,138,138,1.0,11,11,0,0.0,0,0,0.0,,-4.34,False,
bioemu_refine,p53_Y220C,500,19,0,0.0,ok,138,138,1.0,11,11,0,0.0,0,0,0.0,,-6.129,False,
bioemu_refine,p53_Y220C,600,19,0,0.0,ok,138,138,1.0,11,11,0,0.0,0,0,0.0,,-5.772,False,
bioemu_refine,p53_Y220C,800,19,0,0.0,ok,138,138,1.0,11,11,0,0.0,0,0,0.0,,-5.464,False,
bioemu_refine,p53_Y220C,900,19,0,0.0,ok,138,138,1.0,11,11,0,0.0,0,0,0.0,,-5.349,False,
bioemu_refine,p53_Y220C,1100,19,0,0.0,ok,138,138,1.0,11,11,0,0.0,0,0,0.0,,-4.816,False,
bioemu_refine,p53_Y220C__4AGQ,0,17,0,0.0,ok,128,128,1.0,13,13,0,0.0,0,0,0.0,,-6.571,False,
bioemu_refine,p53_Y220C__4AGQ,100,17,0,0.0,ok,128,128,1.0,13,13,0,0.0,0,0,0.0,,-5.36,False,
bioemu_refine,p53_Y220C__4AGQ,200,17,0,0.0,ok,128,128,1.0,13,13,0,0.0,0,0,0.0,,-5.502,False,
bioemu_refine,p53_Y220C__4AGQ,400,17,0,0.0,ok,128,128,1.0,13,13,0,0.0,0,0,0.0,,-5.84,False,
bioemu_refine,p53_Y220C__4AGQ,500,17,0,0.0,ok,128,128,1.0,13,13,0,0.0,0,0,0.0,,-6.103,False,
bioemu_refine,p53_Y220C__4AGQ,600,17,0,0.0,ok,128,128,1.0,13,13,0,0.0,0,0,0.0,,-5.609,False,
bioemu_refine,p53_Y220C__4AGQ,700,17,0,0.0,ok,128,128,1.0,13,13,0,0.0,0,0,0.0,,-6.277,False,
bioemu_refine,p53_Y220C__4AGQ,800,17,0,0.0,ok,128,128,1.0,13,13,0,0.0,0,0,0.0,,-6.851,False,
bioemu_refine,p53_Y220C__4AGQ,1100,17,0,0.0,ok,128,128,1.0,13,13,0,0.0,0,0,0.0,,-6.695,False,
bioemu_refine,p53_Y220C__4AGQ,1300,17,0,0.0,ok,128,128,1.0,13,13,0,0.0,0,0,0.0,,-5.527,False,
boltz2,Bcl-xL,0,22,0,0.0,ok,190,190,1.0,9,9,0,0.0,0,0,0.0,,-5.731,False,
boltz2,Bcl-xL,1,22,0,0.0,ok,190,190,1.0,9,9,0,0.0,0,0,0.0,,-5.913,False,
boltz2,Bcl-xL,2,22,0,0.0,ok,190,190,1.0,9,9,0,0.0,0,0,0.0,,-7.352,False,
boltz2,Bcl-xL,3,22,0,0.0,ok,190,190,1.0,9,9,0,0.0,0,0,0.0,,-7.567,False,
boltz2,Bcl-xL,4,22,0,0.0,ok,190,190,1.0,9,9,0,0.0,0,0,0.0,,-6.48,False,
boltz2,Bcl-xL,6,22,0,0.0,ok,190,190,1.0,9,9,0,0.0,0,0,0.0,,-7.285,False,
boltz2,Bcl-xL,8,22,0,0.0,ok,190,190,1.0,9,9,0,0.0,0,0,0.0,,-6.077,False,
boltz2,Bcl-xL,10,22,0,0.0,ok,190,190,1.0,9,9,0,0.0,0,0,0.0,,-7.625,False,-7.625
boltz2,Bcl-xL,11,22,0,0.0,ok,190,190,1.0,9,9,0,0.0,0,0,0.0,,-6.608,False,-6.608
boltz2,Bcl-xL,16,22,0,0.0,ok,190,190,1.0,9,9,0,0.0,0,0,0.0,,-6.391,False,-6.391
boltz2,CB1,0,28,0,0.0,ok,246,246,1.0,10,10,0,0.0,0,0,0.0,,-8.617,False,
boltz2,CB1,1,28,0,0.0,ok,246,246,1.0,10,10,0,0.0,0,0,0.0,,-8.502,False,
boltz2,CB1,2,28,0,0.0,ok,246,246,1.0,10,10,0,0.0,0,0,0.0,,-7.937,False,
boltz2,CB1,3,28,0,0.0,ok,246,246,1.0,10,10,0,0.0,0,0,0.0,,-9.149,False,-9.149
boltz2,CB1,4,28,0,0.0,ok,246,246,1.0,10,10,0,0.0,0,0,0.0,,-8.758,False,
boltz2,CB1,5,28,0,0.0,ok,246,246,1.0,10,10,0,0.0,0,0,0.0,,-8.135,False,-8.135
boltz2,CB1,6,28,0,0.0,ok,246,246,1.0,10,10,0,0.0,0,0,0.0,,-9.545,False,
boltz2,CB1,7,28,0,0.0,ok,246,246,1.0,10,10,0,0.0,0,0,0.0,,-8.662,False,
boltz2,CB1,8,28,0,0.0,ok,246,246,1.0,10,10,0,0.0,0,0,0.0,,-9.36,False,
boltz2,CB1,9,28,0,0.0,ok,246,246,1.0,10,10,0,0.0,0,0,0.0,,-9.413,False,
boltz2,FUT8,0,22,0,0.0,ok,181,181,1.0,6,6,0,0.0,0,0,0.0,,-8.231,False,
boltz2,FUT8,1,22,0,0.0,ok,181,181,1.0,6,6,0,0.0,0,0,0.0,,-7.434,False,
boltz2,FUT8,2,22,0,0.0,ok,181,181,1.0,6,6,0,0.0,0,0,0.0,,-8.132,False,
boltz2,FUT8,3,22,0,0.0,ok,181,181,1.0,6,6,0,0.0,0,0,0.0,,-7.331,False,
boltz2,FUT8,4,22,0,0.0,ok,181,181,1.0,6,6,0,0.0,0,0,0.0,,-8.177,False,
boltz2,FUT8,5,22,0,0.0,ok,181,181,1.0,6,6,0,0.0,0,0,0.0,,-7.641,False,
boltz2,FUT8,6,22,0,0.0,ok,181,181,1.0,6,6,0,0.0,0,0,0.0,,-8.071,False,
boltz2,FUT8,7,22,0,0.0,ok,181,181,1.0,6,6,0,0.0,0,0,0.0,,-8.184,False,
boltz2,FUT8,8,22,0,0.0,ok,181,181,1.0,6,6,0,0.0,0,0,0.0,,-7.447,False,
boltz2,FUT8,9,22,0,0.0,ok,181,181,1.0,6,6,0,0.0,0,0,0.0,,-7.722,False,
boltz2,GLTP,0,8,0,0.0,ok,69,70,0.9857142857142858,1,1,0,0.0,0,0,0.0,,-4.702,False,
boltz2,GLTP,1,8,0,0.0,ok,69,70,0.9857142857142858,1,1,0,0.0,0,0,0.0,,-5.002,False,
boltz2,GLTP,2,8,0,0.0,ok,69,70,0.9857142857142858,1,1,0,0.0,0,0,0.0,,-5.154,False,
boltz2,GLTP,3,8,0,0.0,ok,69,70,0.9857142857142858,1,1,0,0.0,0,0,0.0,,-4.519,False,
boltz2,GLTP,4,8,0,0.0,ok,69,70,0.9857142857142858,1,1,0,0.0,0,0,0.0,,-4.967,False,
boltz2,GLTP,5,8,0,0.0,ok,69,70,0.9857142857142858,1,1,0,0.0,0,0,0.0,,-5.471,False,
boltz2,GLTP,6,8,0,0.0,ok,69,70,0.9857142857142858,1,1,0,0.0,0,0,0.0,,-5.494,False,
boltz2,GLTP,7,8,0,0.0,ok,69,70,0.9857142857142858,1,1,0,0.0,0,0,0.0,,-4.546,False,
boltz2,GLTP,8,8,0,0.0,ok,69,70,0.9857142857142858,1,1,0,0.0,0,0,0.0,,-4.985,False,
boltz2,GLTP,9,8,0,0.0,ok,69,70,0.9857142857142858,1,1,0,0.0,0,0,0.0,,-4.535,False,
boltz2,HIF2alpha,0,21,0,0.0,ok,172,172,1.0,4,4,0,0.0,0,0,0.0,,-3.794,False,
boltz2,HIF2alpha,1,21,0,0.0,ok,172,172,1.0,4,4,0,0.0,0,0,0.0,,-4.73,False,
boltz2,HIF2alpha,2,21,0,0.0,ok,172,172,1.0,4,4,0,0.0,0,0,0.0,,-4.469,False,
boltz2,HIF2alpha,3,21,0,0.0,ok,172,172,1.0,4,4,0,0.0,0,0,0.0,,-4.911,False,
boltz2,HIF2alpha,4,21,0,0.0,ok,172,172,1.0,4,4,0,0.0,0,0,0.0,,-4.475,False,
boltz2,HIF2alpha,5,21,0,0.0,ok,172,172,1.0,4,4,0,0.0,0,0,0.0,,-4.4,False,
boltz2,HIF2alpha,6,21,0,0.0,ok,172,172,1.0,4,4,0,0.0,0,0,0.0,,-5.339,False,
boltz2,HIF2alpha,7,21,0,0.0,ok,172,172,1.0,4,4,0,0.0,0,0,0.0,,-3.67,False,-3.67
boltz2,HIF2alpha,8,21,0,0.0,ok,172,172,1.0,4,4,0,0.0,0,0,0.0,,-4.129,False,
boltz2,HIF2alpha,9,21,0,0.0,ok,172,172,1.0,4,4,0,0.0,0,0,0.0,,-3.197,False,-3.197
boltz2,HIF2alpha__6D0B,0,25,0,0.0,ok,204,204,1.0,6,6,0,0.0,0,0,0.0,,-3.016,False,
boltz2,HIF2alpha__6D0B,1,25,0,0.0,ok,204,204,1.0,6,6,0,0.0,0,0,0.0,,-0.494,False,
boltz2,HIF2alpha__6D0B,2,25,0,0.0,ok,204,204,1.0,6,6,0,0.0,0,0,0.0,,-2.47,False,
boltz2,HIF2alpha__6D0B,3,25,0,0.0,ok,204,204,1.0,6,6,0,0.0,0,0,0.0,,21.8,False,
boltz2,HIF2alpha__6D0B,4,25,0,0.0,ok,204,204,1.0,6,6,0,0.0,0,0,0.0,,4.31,False,
boltz2,HIF2alpha__6D0B,6,25,0,0.0,ok,204,204,1.0,6,6,0,0.0,0,0,0.0,,-3.452,False,
boltz2,HIF2alpha__6D0B,7,25,0,0.0,ok,204,204,1.0,6,6,0,0.0,0,0,0.0,,8.538,False,
boltz2,HIF2alpha__6D0B,8,25,0,0.0,ok,204,204,1.0,6,6,0,0.0,0,0,0.0,,-5.185,False,
boltz2,HIF2alpha__6D0B,9,25,0,0.0,ok,204,204,1.0,6,6,0,0.0,0,0,0.0,,17.51,False,
boltz2,HIF2alpha__6D0B,10,25,0,0.0,ok,204,204,1.0,6,6,0,0.0,0,0,0.0,,2.205,False,
boltz2,HIV1_CA,0,16,0,0.0,ok,127,129,0.9844961240310076,7,7,0,0.0,0,0,0.0,,-4.766,False,
boltz2,HIV1_CA,1,16,0,0.0,ok,127,129,0.9844961240310076,7,7,0,0.0,0,0,0.0,,-6.688,False,
boltz2,HIV1_CA,2,16,0,0.0,ok,127,129,0.9844961240310076,7,7,0,0.0,0,0,0.0,,-6.744,False,
boltz2,HIV1_CA,3,16,0,0.0,ok,127,129,0.9844961240310076,7,7,0,0.0,0,0,0.0,,-6.711,False,
boltz2,HIV1_CA,4,16,0,0.0,ok,127,129,0.9844961240310076,7,7,0,0.0,0,0,0.0,,-6.813,False,-6.813
boltz2,HIV1_CA,5,16,0,0.0,ok,127,129,0.9844961240310076,7,7,0,0.0,0,0,0.0,,-6.476,False,
boltz2,HIV1_CA,6,16,0,0.0,ok,127,129,0.9844961240310076,7,7,0,0.0,0,0,0.0,,-7.046,False,-7.046
boltz2,HIV1_CA,7,16,0,0.0,ok,127,129,0.9844961240310076,7,7,0,0.0,0,0,0.0,,-6.004,False,
boltz2,HIV1_CA,8,16,0,0.0,ok,127,129,0.9844961240310076,7,7,0,0.0,0,0,0.0,,-7.541,False,
boltz2,HIV1_CA,9,16,0,0.0,ok,127,129,0.9844961240310076,7,7,0,0.0,0,0,0.0,,-7.281,False,
boltz2,HIV_RT,0,19,0,0.0,ok,178,178,1.0,7,7,0,0.0,0,0,0.0,,-5.953,False,
boltz2,HIV_RT,1,19,0,0.0,ok,178,178,1.0,7,7,0,0.0,0,0,0.0,,-6.492,False,
boltz2,HIV_RT,2,19,0,0.0,ok,178,178,1.0,7,7,0,0.0,0,0,0.0,,-6.502,False,
boltz2,HIV_RT,3,19,0,0.0,ok,178,178,1.0,7,7,0,0.0,0,0,0.0,,-5.851,False,
boltz2,HIV_RT,4,19,0,0.0,ok,178,178,1.0,7,7,0,0.0,0,0,0.0,,-6.089,False,
boltz2,HIV_RT,5,19,0,0.0,ok,178,178,1.0,7,7,0,0.0,0,0,0.0,,-5.896,False,
boltz2,HIV_RT,6,19,0,0.0,ok,178,178,1.0,7,7,0,0.0,0,0,0.0,,-5.171,False,
boltz2,HIV_RT,7,19,0,0.0,ok,178,178,1.0,7,7,0,0.0,0,0,0.0,,-4.836,False,-4.836
boltz2,HIV_RT,8,19,0,0.0,ok,178,178,1.0,7,7,0,0.0,0,0,0.0,,-5.388,False,
boltz2,HIV_RT,9,19,0,0.0,ok,178,178,1.0,7,7,0,0.0,0,0,0.0,,-5.489,False,
boltz2,HIV_RT__3V81,0,17,0,0.0,ok,154,154,1.0,8,8,0,0.0,0,0,0.0,,-3.817,False,
boltz2,HIV_RT__3V81,1,17,0,0.0,ok,154,154,1.0,8,8,0,0.0,0,0,0.0,,-5.429,False,
boltz2,HIV_RT__3V81,2,17,0,0.0,ok,154,154,1.0,8,8,0,0.0,0,0,0.0,,-2.495,False,
boltz2,HIV_RT__3V81,3,17,0,0.0,ok,154,154,1.0,8,8,0,0.0,0,0,0.0,,-3.576,False,
boltz2,HIV_RT__3V81,4,17,0,0.0,ok,154,154,1.0,8,8,0,0.0,0,0,0.0,,-3.78,False,
boltz2,HIV_RT__3V81,6,17,0,0.0,ok,154,154,1.0,8,8,0,0.0,0,0,0.0,,-3.433,False,
boltz2,HIV_RT__3V81,7,17,0,0.0,ok,154,154,1.0,8,8,0,0.0,0,0,0.0,,-3.912,False,-3.912
boltz2,HIV_RT__3V81,8,17,0,0.0,ok,154,154,1.0,8,8,0,0.0,0,0,0.0,,-3.485,False,
boltz2,HIV_RT__3V81,10,17,0,0.0,ok,154,154,1.0,8,8,0,0.0,0,0,0.0,,-4.423,False,
boltz2,HIV_RT__3V81,11,17,0,0.0,ok,154,154,1.0,8,8,0,0.0,0,0,0.0,,-4.268,False,
boltz2,KRAS,0,21,0,0.0,ok,160,160,1.0,11,11,0,0.0,0,0,0.0,,-6.17,False,
boltz2,KRAS,1,21,0,0.0,ok,160,160,1.0,11,11,0,0.0,0,0,0.0,,-6.088,False,
boltz2,KRAS,2,21,0,0.0,ok,160,160,1.0,11,11,0,0.0,0,0,0.0,,-5.259,False,
boltz2,KRAS,3,21,0,0.0,ok,160,160,1.0,11,11,0,0.0,0,0,0.0,,-6.092,False,
boltz2,KRAS,4,21,0,0.0,ok,160,160,1.0,11,11,0,0.0,0,0,0.0,,-6.267,False,-6.267
boltz2,KRAS,5,21,0,0.0,ok,160,160,1.0,11,11,0,0.0,0,0,0.0,,-6.456,False,-6.456
boltz2,KRAS,6,21,0,0.0,ok,160,160,1.0,11,11,0,0.0,0,0,0.0,,-6.594,False,
boltz2,KRAS,7,21,0,0.0,ok,160,160,1.0,11,11,0,0.0,0,0,0.0,,-6.538,False,
boltz2,KRAS,8,21,0,0.0,ok,160,160,1.0,11,11,0,0.0,0,0,0.0,,-5.602,False,
boltz2,KRAS,9,21,0,0.0,ok,160,160,1.0,11,11,0,0.0,0,0,0.0,,-5.218,False,
boltz2,METTL14,0,22,0,0.0,ok,185,185,1.0,9,9,0,0.0,0,0,0.0,,-7.172,False,
boltz2,METTL14,1,22,0,0.0,ok,185,185,1.0,9,9,0,0.0,0,0,0.0,,-6.752,False,
boltz2,METTL14,2,22,0,0.0,ok,185,185,1.0,9,9,0,0.0,0,0,0.0,,-6.991,False,
boltz2,METTL14,4,22,0,0.0,ok,185,185,1.0,9,9,0,0.0,0,0,0.0,,-7.474,False,
boltz2,METTL14,5,22,0,0.0,ok,185,185,1.0,9,9,0,0.0,0,0,0.0,,-7.069,False,
boltz2,METTL14,6,22,0,0.0,ok,185,185,1.0,9,9,0,0.0,0,0,0.0,,-6.083,False,
boltz2,METTL14,7,22,0,0.0,ok,185,185,1.0,9,9,0,0.0,0,0,0.0,,-3.947,False,
boltz2,METTL14,9,22,0,0.0,ok,185,185,1.0,9,9,0,0.0,0,0,0.0,,-6.782,False,
boltz2,METTL14,10,22,0,0.0,ok,185,185,1.0,9,9,0,0.0,0,0,0.0,,-5.146,False,-5.146
boltz2,METTL14,11,22,0,0.0,ok,185,185,1.0,9,9,0,0.0,0,0,0.0,,-6.409,False,-6.409
boltz2,Menin,0,14,0,0.0,ok,121,121,1.0,6,6,0,0.0,0,0,0.0,,-7.212,False,
boltz2,Menin,1,14,0,0.0,ok,121,121,1.0,6,6,0,0.0,0,0,0.0,,-7.431,False,
boltz2,Menin,2,14,0,0.0,ok,121,121,1.0,6,6,0,0.0,0,0,0.0,,-7.519,False,
boltz2,Menin,3,14,0,0.0,ok,121,121,1.0,6,6,0,0.0,0,0,0.0,,-7.449,False,
boltz2,Menin,4,14,0,0.0,ok,121,121,1.0,6,6,0,0.0,0,0,0.0,,-7.305,False,-7.305
boltz2,Menin,5,14,0,0.0,ok,121,121,1.0,6,6,0,0.0,0,0,0.0,,-6.881,False,
boltz2,Menin,6,14,0,0.0,ok,121,121,1.0,6,6,0,0.0,0,0,0.0,,-7.445,False,
boltz2,Menin,7,14,0,0.0,ok,121,121,1.0,6,6,0,0.0,0,0,0.0,,-7.2,False,
boltz2,Menin,8,14,0,0.0,ok,121,121,1.0,6,6,0,0.0,0,0,0.0,,-7.76,False,
boltz2,Menin,9,14,0,0.0,ok,121,121,1.0,6,6,0,0.0,0,0,0.0,,-7.033,False,-7.033
boltz2,NDPK-A,0,17,0,0.0,ok,149,149,1.0,3,3,0,0.0,0,0,0.0,,-1.678,False,
boltz2,NDPK-A,2,17,0,0.0,ok,149,149,1.0,3,3,0,0.0,0,0,0.0,,-4.772,False,
boltz2,NDPK-A,3,17,0,0.0,ok,149,149,1.0,3,3,0,0.0,0,0,0.0,,11.3,False,
boltz2,NDPK-A,4,17,0,0.0,ok,149,149,1.0,3,3,0,0.0,0,0,0.0,,-6.088,False,
boltz2,NDPK-A,5,17,0,0.0,ok,149,149,1.0,3,3,0,0.0,0,0,0.0,,-3.856,False,
boltz2,NDPK-A,6,17,0,0.0,ok,149,149,1.0,3,3,0,0.0,0,0,0.0,,-4.186,False,
boltz2,NDPK-A,7,17,0,0.0,ok,149,149,1.0,3,3,0,0.0,0,0,0.0,,-2.991,False,
boltz2,NDPK-A,8,17,0,0.0,ok,149,149,1.0,3,3,0,0.0,0,0,0.0,,20.83,False,
boltz2,NDPK-A,9,17,0,0.0,ok,149,149,1.0,3,3,0,0.0,0,0,0.0,,29.62,False,
boltz2,NDPK-A,10,17,0,0.0,ok,149,149,1.0,3,3,0,0.0,0,0,0.0,,-4.371,False,-4.371
boltz2,SHP2,0,19,0,0.0,ok,159,159,1.0,10,10,0,0.0,0,0,0.0,,-6.52,False,
boltz2,SHP2,1,19,0,0.0,ok,159,159,1.0,10,10,0,0.0,0,0,0.0,,-6.796,False,
boltz2,SHP2,3,19,0,0.0,ok,159,159,1.0,10,10,0,0.0,0,0,0.0,,-6.957,False,
boltz2,SHP2,4,19,0,0.0,ok,159,159,1.0,10,10,0,0.0,0,0,0.0,,-6.901,False,
boltz2,SHP2,5,19,0,0.0,ok,159,159,1.0,10,10,0,0.0,0,0,0.0,,-7.031,False,
boltz2,SHP2,6,19,0,0.0,ok,159,159,1.0,10,10,0,0.0,0,0,0.0,,-6.799,False,
boltz2,SHP2,7,19,0,0.0,ok,159,159,1.0,10,10,0,0.0,0,0,0.0,,-6.886,False,
boltz2,SHP2,8,19,0,0.0,ok,159,159,1.0,10,10,0,0.0,0,0,0.0,,-7.746,False,
boltz2,SHP2,9,19,0,0.0,ok,159,159,1.0,10,10,0,0.0,0,0,0.0,,-7.229,False,
boltz2,SHP2,10,19,0,0.0,ok,159,159,1.0,10,10,0,0.0,0,0,0.0,,-7.466,False,-7.466
boltz2,THSR,0,26,0,0.0,ok,206,206,1.0,12,12,0,0.0,0,0,0.0,,-6.324,False,
boltz2,THSR,1,26,0,0.0,ok,206,206,1.0,12,12,0,0.0,0,0,0.0,,-2.428,False,
boltz2,THSR,2,26,0,0.0,ok,206,206,1.0,12,12,0,0.0,0,0,0.0,,-6.647,False,
boltz2,THSR,3,26,0,0.0,ok,206,206,1.0,12,12,0,0.0,0,0,0.0,,-6.639,False,
boltz2,THSR,4,26,0,0.0,ok,206,206,1.0,12,12,0,0.0,0,0,0.0,,0.161,False,
boltz2,THSR,5,26,0,0.0,ok,206,206,1.0,12,12,0,0.0,0,0,0.0,,4.692,False,
boltz2,THSR,6,26,0,0.0,ok,206,206,1.0,12,12,0,0.0,0,0,0.0,,-8.249,False,
boltz2,THSR,7,26,0,0.0,ok,206,206,1.0,12,12,0,0.0,0,0,0.0,,9.748,False,
boltz2,THSR,8,26,0,0.0,ok,206,206,1.0,12,12,0,0.0,0,0,0.0,,-2.648,False,
boltz2,THSR,9,26,0,0.0,ok,206,206,1.0,12,12,0,0.0,0,0,0.0,,-5.682,False,
boltz2,THSR__7UTZ,0,24,0,0.0,ok,186,186,1.0,8,8,0,0.0,0,0,0.0,,-4.936,False,
boltz2,THSR__7UTZ,1,24,0,0.0,ok,186,186,1.0,8,8,0,0.0,0,0,0.0,,-4.908,False,
boltz2,THSR__7UTZ,2,24,0,0.0,ok,186,186,1.0,8,8,0,0.0,0,0,0.0,,-4.585,False,-4.585
boltz2,THSR__7UTZ,3,24,0,0.0,ok,186,186,1.0,8,8,0,0.0,0,0,0.0,,-4.85,False,-4.85
boltz2,THSR__7UTZ,4,24,0,0.0,ok,186,186,1.0,8,8,0,0.0,0,0,0.0,,-6.238,False,
boltz2,THSR__7UTZ,5,24,0,0.0,ok,186,186,1.0,8,8,0,0.0,0,0,0.0,,-5.722,False,-5.722
boltz2,THSR__7UTZ,6,24,0,0.0,ok,186,186,1.0,8,8,0,0.0,0,0,0.0,,-4.861,False,
boltz2,THSR__7UTZ,7,24,0,0.0,ok,186,186,1.0,8,8,0,0.0,0,0,0.0,,-5.83,False,-5.83
boltz2,THSR__7UTZ,8,24,0,0.0,ok,186,186,1.0,8,8,0,0.0,0,0,0.0,,-4.169,False,
boltz2,THSR__7UTZ,9,24,0,0.0,ok,186,186,1.0,8,8,0,0.0,0,0,0.0,,-5.989,False,
boltz2,betaLG,0,16,0,0.0,ok,127,127,1.0,2,2,0,0.0,0,0,0.0,,-4.963,False,
boltz2,betaLG,1,16,0,0.0,ok,127,127,1.0,2,2,0,0.0,0,0,0.0,,-6.059,False,
boltz2,betaLG,2,16,0,0.0,ok,127,127,1.0,2,2,0,0.0,0,0,0.0,,-6.212,False,
boltz2,betaLG,3,16,0,0.0,ok,127,127,1.0,2,2,0,0.0,0,0,0.0,,-5.298,False,
boltz2,betaLG,4,16,0,0.0,ok,127,127,1.0,2,2,0,0.0,0,0,0.0,,-5.955,False,
boltz2,betaLG,5,16,0,0.0,ok,127,127,1.0,2,2,0,0.0,0,0,0.0,,-5.761,False,
boltz2,betaLG,6,16,0,0.0,ok,127,127,1.0,2,2,0,0.0,0,0,0.0,,-5.361,False,
boltz2,betaLG,7,16,0,0.0,ok,127,127,1.0,2,2,0,0.0,0,0,0.0,,-4.978,False,
boltz2,betaLG,8,16,0,0.0,ok,127,127,1.0,2,2,0,0.0,0,0,0.0,,-6.256,False,
boltz2,betaLG,9,16,0,0.0,ok,127,127,1.0,2,2,0,0.0,0,0,0.0,,-5.26,False,
boltz2,cAbl,1,23,0,0.0,ok,179,179,1.0,10,10,0,0.0,0,0,0.0,,-10.276,False,
boltz2,cAbl,2,23,0,0.0,ok,179,179,1.0,10,10,0,0.0,0,0,0.0,,-6.238,False,
boltz2,cAbl,3,23,0,0.0,ok,179,179,1.0,10,10,0,0.0,0,0,0.0,,-10.641,False,
boltz2,cAbl,6,23,0,0.0,ok,179,179,1.0,10,10,0,0.0,0,0,0.0,,-9.155,False,
boltz2,cAbl,8,23,0,0.0,ok,179,179,1.0,10,10,0,0.0,0,0,0.0,,-9.969,False,
boltz2,cAbl,9,23,0,0.0,ok,179,179,1.0,10,10,0,0.0,0,0,0.0,,-7.347,False,
boltz2,cAbl,10,23,0,0.0,ok,179,179,1.0,10,10,0,0.0,0,0,0.0,,-9.629,False,
boltz2,cAbl,11,23,0,0.0,ok,179,179,1.0,10,10,0,0.0,0,0,0.0,,-6.715,False,
boltz2,cAbl,13,23,0,0.0,ok,179,179,1.0,10,10,0,0.0,0,0,0.0,,-9.41,False,
boltz2,cAbl,14,23,0,0.0,ok,179,179,1.0,10,10,0,0.0,0,0,0.0,,-8.759,False,
boltz2,p53_Y220C,0,19,0,0.0,ok,138,138,1.0,11,11,0,0.0,0,0,0.0,,-5.177,False,
boltz2,p53_Y220C,1,19,0,0.0,ok,138,138,1.0,11,11,0,0.0,0,0,0.0,,-4.7,False,
boltz2,p53_Y220C,2,19,0,0.0,ok,138,138,1.0,11,11,0,0.0,0,0,0.0,,-4.547,False,
boltz2,p53_Y220C,3,19,0,0.0,ok,138,138,1.0,11,11,0,0.0,0,0,0.0,,-4.909,False,
boltz2,p53_Y220C,4,19,0,0.0,ok,138,138,1.0,11,11,0,0.0,0,0,0.0,,-5.246,False,
boltz2,p53_Y220C,5,19,0,0.0,ok,138,138,1.0,11,11,0,0.0,0,0,0.0,,-5.498,False,
boltz2,p53_Y220C,6,19,0,0.0,ok,138,138,1.0,11,11,0,0.0,0,0,0.0,,-4.787,False,
boltz2,p53_Y220C,7,19,0,0.0,ok,138,138,1.0,11,11,0,0.0,0,0,0.0,,-4.908,False,
boltz2,p53_Y220C,8,19,0,0.0,ok,138,138,1.0,11,11,0,0.0,0,0,0.0,,-4.397,False,
boltz2,p53_Y220C,9,19,0,0.0,ok,138,138,1.0,11,11,0,0.0,0,0,0.0,,-5.03,False,
boltz2,p53_Y220C__4AGQ,0,17,0,0.0,ok,128,128,1.0,13,13,0,0.0,0,0,0.0,,-5.751,False,
boltz2,p53_Y220C__4AGQ,1,17,0,0.0,ok,128,128,1.0,13,13,0,0.0,0,0,0.0,,-5.307,False,
boltz2,p53_Y220C__4AGQ,2,17,0,0.0,ok,128,128,1.0,13,13,0,0.0,0,0,0.0,,-5.532,False,
boltz2,p53_Y220C__4AGQ,3,17,0,0.0,ok,128,128,1.0,13,13,0,0.0,0,0,0.0,,-5.602,False,
boltz2,p53_Y220C__4AGQ,4,17,0,0.0,ok,128,128,1.0,13,13,0,0.0,0,0,0.0,,-5.99,False,
boltz2,p53_Y220C__4AGQ,5,17,0,0.0,ok,128,128,1.0,13,13,0,0.0,0,0,0.0,,-5.366,False,
boltz2,p53_Y220C__4AGQ,6,17,0,0.0,ok,128,128,1.0,13,13,0,0.0,0,0,0.0,,-5.214,False,-5.214
boltz2,p53_Y220C__4AGQ,7,17,0,0.0,ok,128,128,1.0,13,13,0,0.0,0,0,0.0,,-5.54,False,
boltz2,p53_Y220C__4AGQ,8,17,0,0.0,ok,128,128,1.0,13,13,0,0.0,0,0,0.0,,-5.726,False,-5.726
boltz2,p53_Y220C__4AGQ,9,17,0,0.0,ok,128,128,1.0,13,13,0,0.0,0,0,0.0,,-5.561,False,
confornet_nomsa,Bcl-xL,0,21,0,0.0,ok,178,190,0.936842105263158,9,9,0,0.0,0,0,0.0,,-4.481,False,
confornet_nomsa,Bcl-xL,1,21,0,0.0,ok,178,190,0.936842105263158,9,9,0,0.0,0,0,0.0,,-2.708,False,
confornet_nomsa,Bcl-xL,2,21,0,0.0,ok,178,190,0.936842105263158,9,9,0,0.0,0,0,0.0,,-5.333,False,
confornet_nomsa,Bcl-xL,3,21,0,0.0,ok,178,190,0.936842105263158,9,9,0,0.0,0,0,0.0,,-3.725,False,
confornet_nomsa,Bcl-xL,4,21,0,0.0,ok,178,190,0.936842105263158,9,9,0,0.0,0,0,0.0,,-4.003,False,
confornet_nomsa,Bcl-xL,100,21,0,0.0,ok,178,190,0.936842105263158,9,9,0,0.0,0,0,0.0,,14.32,False,
confornet_nomsa,Bcl-xL,101,21,0,0.0,ok,178,190,0.936842105263158,9,9,0,0.0,0,0,0.0,,-2.304,False,
confornet_nomsa,Bcl-xL,102,21,0,0.0,ok,178,190,0.936842105263158,9,9,0,0.0,0,0,0.0,,-6.999,False,
confornet_nomsa,Bcl-xL,103,21,0,0.0,ok,178,190,0.936842105263158,9,9,0,0.0,0,0,0.0,,-3.783,False,
confornet_nomsa,Bcl-xL,104,21,0,0.0,ok,178,190,0.936842105263158,9,9,0,0.0,0,0,0.0,,10.61,False,
confornet_nomsa,CB1,0,28,0,0.0,ok,246,246,1.0,10,10,0,0.0,0,0,0.0,,0.871,False,
confornet_nomsa,CB1,1,28,0,0.0,ok,246,246,1.0,10,10,0,0.0,0,0,0.0,,1.592,False,
confornet_nomsa,CB1,2,28,0,0.0,ok,246,246,1.0,10,10,0,0.0,0,0,0.0,,2.397,False,
confornet_nomsa,CB1,3,28,0,0.0,ok,246,246,1.0,10,10,0,0.0,0,0,0.0,,-1.015,False,
confornet_nomsa,CB1,4,28,0,0.0,ok,246,246,1.0,10,10,0,0.0,0,0,0.0,,-3.465,False,
confornet_nomsa,CB1,5,28,0,0.0,ok,246,246,1.0,10,10,0,0.0,0,0,0.0,,9.453,False,
confornet_nomsa,CB1,6,28,0,0.0,ok,246,246,1.0,10,10,0,0.0,0,0,0.0,,9.517,False,
confornet_nomsa,CB1,7,28,0,0.0,ok,246,246,1.0,10,10,0,0.0,0,0,0.0,,-0.997,False,
confornet_nomsa,CB1,8,28,0,0.0,ok,246,246,1.0,10,10,0,0.0,0,0,0.0,,4.417,False,
confornet_nomsa,CB1,9,28,0,0.0,ok,246,246,1.0,10,10,0,0.0,0,0,0.0,,21.264,False,
confornet_nomsa,FUT8,0,22,0,0.0,ok,181,181,1.0,6,6,0,0.0,0,0,0.0,,0.0,False,
confornet_nomsa,FUT8,1,22,0,0.0,ok,181,181,1.0,6,6,0,0.0,0,0,0.0,,0.0,False,
confornet_nomsa,FUT8,2,22,0,0.0,ok,181,181,1.0,6,6,0,0.0,0,0,0.0,,-3.669,False,
confornet_nomsa,FUT8,3,22,0,0.0,ok,181,181,1.0,6,6,0,0.0,0,0,0.0,,-4.701,False,
confornet_nomsa,FUT8,4,22,0,0.0,ok,181,181,1.0,6,6,0,0.0,0,0,0.0,,0.0,False,
confornet_nomsa,FUT8,100,22,0,0.0,ok,181,181,1.0,6,6,0,0.0,0,0,0.0,,-7.278,False,
confornet_nomsa,FUT8,101,22,0,0.0,ok,181,181,1.0,6,6,0,0.0,0,0,0.0,,-5.741,False,
confornet_nomsa,FUT8,102,22,0,0.0,ok,181,181,1.0,6,6,0,0.0,0,0,0.0,,5.85,False,
confornet_nomsa,FUT8,103,22,0,0.0,ok,181,181,1.0,6,6,0,0.0,0,0,0.0,,-7.244,False,
confornet_nomsa,FUT8,104,22,0,0.0,ok,181,181,1.0,6,6,0,0.0,0,0,0.0,,-6.056,False,
confornet_nomsa,GCGR,0,25,0,0.0,ok,228,233,0.9785407725321889,6,6,0,0.0,0,0,0.0,,-3.143,False,
confornet_nomsa,GCGR,1,25,0,0.0,ok,228,233,0.9785407725321889,6,6,0,0.0,0,0,0.0,,-3.384,False,
confornet_nomsa,GCGR,2,25,0,0.0,ok,228,233,0.9785407725321889,6,6,0,0.0,0,0,0.0,,-3.475,False,
confornet_nomsa,GCGR,3,25,0,0.0,ok,228,233,0.9785407725321889,6,6,0,0.0,0,0,0.0,,-3.295,False,
confornet_nomsa,GCGR,4,25,0,0.0,ok,228,233,0.9785407725321889,6,6,0,0.0,0,0,0.0,,-3.566,False,
confornet_nomsa,GCGR,5,25,0,0.0,ok,228,233,0.9785407725321889,6,6,0,0.0,0,0,0.0,,-3.112,False,
confornet_nomsa,GCGR,6,25,0,0.0,ok,228,233,0.9785407725321889,6,6,0,0.0,0,0,0.0,,-3.47,False,
confornet_nomsa,GCGR,7,25,0,0.0,ok,228,233,0.9785407725321889,6,6,0,0.0,0,0,0.0,,-3.411,False,
confornet_nomsa,GCGR,8,25,0,0.0,ok,228,233,0.9785407725321889,6,6,0,0.0,0,0,0.0,,-3.536,False,
confornet_nomsa,GCGR,9,25,0,0.0,ok,228,233,0.9785407725321889,6,6,0,0.0,0,0,0.0,,-3.548,False,
confornet_nomsa,GLTP,0,8,0,0.0,ok,69,70,0.9857142857142858,1,1,0,0.0,0,0,0.0,,-4.806,False,
confornet_nomsa,GLTP,1,8,0,0.0,ok,69,70,0.9857142857142858,1,1,0,0.0,0,0,0.0,,-5.419,False,
confornet_nomsa,GLTP,2,8,0,0.0,ok,69,70,0.9857142857142858,1,1,0,0.0,0,0,0.0,,-4.808,False,
confornet_nomsa,GLTP,3,8,0,0.0,ok,69,70,0.9857142857142858,1,1,0,0.0,0,0,0.0,,-6.036,False,
confornet_nomsa,GLTP,4,8,0,0.0,ok,69,70,0.9857142857142858,1,1,0,0.0,0,0,0.0,,-4.956,False,
confornet_nomsa,GLTP,100,8,0,0.0,ok,69,70,0.9857142857142858,1,1,0,0.0,0,0,0.0,,-3.482,False,
confornet_nomsa,GLTP,101,8,0,0.0,ok,69,70,0.9857142857142858,1,1,0,0.0,0,0,0.0,,-5.509,False,
confornet_nomsa,GLTP,102,8,0,0.0,ok,69,70,0.9857142857142858,1,1,0,0.0,0,0,0.0,,-4.817,False,
confornet_nomsa,GLTP,103,8,0,0.0,ok,69,70,0.9857142857142858,1,1,0,0.0,0,0,0.0,,-5.066,False,
confornet_nomsa,GLTP,104,8,0,0.0,ok,69,70,0.9857142857142858,1,1,0,0.0,0,0,0.0,,-4.232,False,
confornet_nomsa,HIF2alpha,0,21,0,0.0,ok,172,172,1.0,4,4,0,0.0,0,0,0.0,,-6.129,False,
confornet_nomsa,HIF2alpha,1,21,0,0.0,ok,172,172,1.0,4,4,0,0.0,0,0,0.0,,-6.379,False,
confornet_nomsa,HIF2alpha,2,21,0,0.0,ok,172,172,1.0,4,4,0,0.0,0,0,0.0,,-6.001,False,
confornet_nomsa,HIF2alpha,3,21,0,0.0,ok,172,172,1.0,4,4,0,0.0,0,0,0.0,,-4.436,False,
confornet_nomsa,HIF2alpha,4,21,0,0.0,ok,172,172,1.0,4,4,0,0.0,0,0,0.0,,-6.717,False,
confornet_nomsa,HIF2alpha,5,21,0,0.0,ok,172,172,1.0,4,4,0,0.0,0,0,0.0,,-6.058,False,
confornet_nomsa,HIF2alpha,6,21,0,0.0,ok,172,172,1.0,4,4,0,0.0,0,0,0.0,,-6.202,False,
confornet_nomsa,HIF2alpha,7,21,0,0.0,ok,172,172,1.0,4,4,0,0.0,0,0,0.0,,-6.344,False,
confornet_nomsa,HIF2alpha,8,21,0,0.0,ok,172,172,1.0,4,4,0,0.0,0,0,0.0,,-5.622,False,
confornet_nomsa,HIF2alpha,9,21,0,0.0,ok,172,172,1.0,4,4,0,0.0,0,0,0.0,,-5.77,False,
confornet_nomsa,HIF2alpha__6D0B,0,25,0,0.0,ok,204,204,1.0,6,6,0,0.0,0,0,0.0,,3.599,False,
confornet_nomsa,HIF2alpha__6D0B,1,25,0,0.0,ok,204,204,1.0,6,6,0,0.0,0,0,0.0,,-0.139,False,
confornet_nomsa,HIF2alpha__6D0B,2,25,0,0.0,ok,204,204,1.0,6,6,0,0.0,0,0,0.0,,3.953,False,
confornet_nomsa,HIF2alpha__6D0B,3,25,0,0.0,ok,204,204,1.0,6,6,0,0.0,0,0,0.0,,4.052,False,
confornet_nomsa,HIF2alpha__6D0B,4,25,0,0.0,ok,204,204,1.0,6,6,0,0.0,0,0,0.0,,3.735,False,
confornet_nomsa,HIF2alpha__6D0B,5,25,0,0.0,ok,204,204,1.0,6,6,0,0.0,0,0,0.0,,2.346,False,
confornet_nomsa,HIF2alpha__6D0B,6,25,0,0.0,ok,204,204,1.0,6,6,0,0.0,0,0,0.0,,-0.058,False,
confornet_nomsa,HIF2alpha__6D0B,7,25,0,0.0,ok,204,204,1.0,6,6,0,0.0,0,0,0.0,,3.587,False,
confornet_nomsa,HIF2alpha__6D0B,8,25,0,0.0,ok,204,204,1.0,6,6,0,0.0,0,0,0.0,,2.042,False,
confornet_nomsa,HIF2alpha__6D0B,9,25,0,0.0,ok,204,204,1.0,6,6,0,0.0,0,0,0.0,,2.246,False,
confornet_nomsa,HIV1_CA,0,16,0,0.0,ok,126,129,0.9767441860465116,7,7,0,0.0,0,0,0.0,,-6.626,False,
confornet_nomsa,HIV1_CA,1,16,0,0.0,ok,126,129,0.9767441860465116,7,7,0,0.0,0,0,0.0,,-6.58,False,
confornet_nomsa,HIV1_CA,2,16,0,0.0,ok,126,129,0.9767441860465116,7,7,0,0.0,0,0,0.0,,-5.856,False,
confornet_nomsa,HIV1_CA,3,16,0,0.0,ok,126,129,0.9767441860465116,7,7,0,0.0,0,0,0.0,,-5.955,False,
confornet_nomsa,HIV1_CA,4,16,0,0.0,ok,126,129,0.9767441860465116,7,7,0,0.0,0,0,0.0,,-6.082,False,
confornet_nomsa,HIV1_CA,5,16,0,0.0,ok,126,129,0.9767441860465116,7,7,0,0.0,0,0,0.0,,-6.661,False,
confornet_nomsa,HIV1_CA,6,16,0,0.0,ok,126,129,0.9767441860465116,7,7,0,0.0,0,0,0.0,,-6.402,False,
confornet_nomsa,HIV1_CA,7,16,0,0.0,ok,126,129,0.9767441860465116,7,7,0,0.0,0,0,0.0,,-5.754,False,
confornet_nomsa,HIV1_CA,8,16,0,0.0,ok,126,129,0.9767441860465116,7,7,0,0.0,0,0,0.0,,-6.238,False,
confornet_nomsa,HIV1_CA,9,16,0,0.0,ok,126,129,0.9767441860465116,7,7,0,0.0,0,0,0.0,,-7.18,False,
confornet_nomsa,HIV_RT,0,19,0,0.0,ok,178,178,1.0,7,7,0,0.0,0,0,0.0,,-5.06,False,
confornet_nomsa,HIV_RT,1,19,0,0.0,ok,178,178,1.0,7,7,0,0.0,0,0,0.0,,-7.434,False,
confornet_nomsa,HIV_RT,2,19,0,0.0,ok,178,178,1.0,7,7,0,0.0,0,0,0.0,,-5.912,False,
confornet_nomsa,HIV_RT,3,19,0,0.0,ok,178,178,1.0,7,7,0,0.0,0,0,0.0,,-5.974,False,
confornet_nomsa,HIV_RT,4,19,0,0.0,ok,178,178,1.0,7,7,0,0.0,0,0,0.0,,-5.529,False,
confornet_nomsa,HIV_RT,5,19,0,0.0,ok,178,178,1.0,7,7,0,0.0,0,0,0.0,,-5.877,False,
confornet_nomsa,HIV_RT,6,19,0,0.0,ok,178,178,1.0,7,7,0,0.0,0,0,0.0,,-5.093,False,
confornet_nomsa,HIV_RT,7,19,0,0.0,ok,178,178,1.0,7,7,0,0.0,0,0,0.0,,-5.138,False,
confornet_nomsa,HIV_RT,9,19,0,0.0,ok,178,178,1.0,7,7,0,0.0,0,0,0.0,,-5.804,False,
confornet_nomsa,HIV_RT__3V81,0,17,0,0.0,ok,154,154,1.0,8,8,0,0.0,0,0,0.0,,-5.592,False,
confornet_nomsa,HIV_RT__3V81,1,17,0,0.0,ok,154,154,1.0,8,8,0,0.0,0,0,0.0,,-4.417,False,
confornet_nomsa,HIV_RT__3V81,2,17,0,0.0,ok,154,154,1.0,8,8,0,0.0,0,0,0.0,,-4.096,False,
confornet_nomsa,HIV_RT__3V81,3,17,0,0.0,ok,154,154,1.0,8,8,0,0.0,0,0,0.0,,-4.117,False,
confornet_nomsa,HIV_RT__3V81,4,17,0,0.0,ok,154,154,1.0,8,8,0,0.0,0,0,0.0,,-5.31,False,
confornet_nomsa,HIV_RT__3V81,5,17,0,0.0,ok,154,154,1.0,8,8,0,0.0,0,0,0.0,,-4.545,False,
confornet_nomsa,HIV_RT__3V81,6,17,0,0.0,ok,154,154,1.0,8,8,0,0.0,0,0,0.0,,-6.683,False,
confornet_nomsa,HIV_RT__3V81,7,17,0,0.0,ok,154,154,1.0,8,8,0,0.0,0,0,0.0,,-4.822,False,
confornet_nomsa,HIV_RT__3V81,8,17,0,0.0,ok,154,154,1.0,8,8,0,0.0,0,0,0.0,,-4.519,False,
confornet_nomsa,HIV_RT__3V81,9,17,0,0.0,ok,154,154,1.0,8,8,0,0.0,0,0,0.0,,-3.753,False,
confornet_nomsa,KRAS,0,21,0,0.0,ok,158,160,0.9875,11,11,0,0.0,0,0,0.0,,-6.336,False,
confornet_nomsa,KRAS,1,21,0,0.0,ok,158,160,0.9875,11,11,0,0.0,0,0,0.0,,-6.111,False,
confornet_nomsa,KRAS,2,21,0,0.0,ok,158,160,0.9875,11,11,0,0.0,0,0,0.0,,-5.423,False,
confornet_nomsa,KRAS,3,21,0,0.0,ok,158,160,0.9875,11,11,0,0.0,0,0,0.0,,-5.296,False,
confornet_nomsa,KRAS,4,21,0,0.0,ok,158,160,0.9875,11,11,0,0.0,0,0,0.0,,-5.309,False,
confornet_nomsa,KRAS,5,21,0,0.0,ok,158,160,0.9875,11,11,0,0.0,0,0,0.0,,-6.332,False,
confornet_nomsa,KRAS,6,21,0,0.0,ok,158,160,0.9875,11,11,0,0.0,0,0,0.0,,-6.174,False,
confornet_nomsa,KRAS,7,21,0,0.0,ok,158,160,0.9875,11,11,0,0.0,0,0,0.0,,-6.026,False,
confornet_nomsa,KRAS,8,21,0,0.0,ok,158,160,0.9875,11,11,0,0.0,0,0,0.0,,-5.633,False,
confornet_nomsa,KRAS,9,21,0,0.0,ok,158,160,0.9875,11,11,0,0.0,0,0,0.0,,-5.518,False,
confornet_nomsa,METTL14,0,22,0,0.0,ok,185,185,1.0,9,9,0,0.0,0,0,0.0,,-8.96,False,
confornet_nomsa,METTL14,1,22,0,0.0,ok,185,185,1.0,9,9,0,0.0,0,0,0.0,,-8.688,False,
confornet_nomsa,METTL14,2,22,0,0.0,ok,185,185,1.0,9,9,0,0.0,0,0,0.0,,-8.997,False,
confornet_nomsa,METTL14,3,22,0,0.0,ok,185,185,1.0,9,9,0,0.0,0,0,0.0,,-8.93,False,
confornet_nomsa,METTL14,4,22,0,0.0,ok,185,185,1.0,9,9,0,0.0,0,0,0.0,,-8.017,False,
confornet_nomsa,METTL14,100,22,0,0.0,ok,185,185,1.0,9,9,0,0.0,0,0,0.0,,-8.608,False,
confornet_nomsa,METTL14,101,22,0,0.0,ok,185,185,1.0,9,9,0,0.0,0,0,0.0,,-8.025,False,
confornet_nomsa,METTL14,102,22,0,0.0,ok,185,185,1.0,9,9,0,0.0,0,0,0.0,,-8.247,False,
confornet_nomsa,METTL14,103,22,0,0.0,ok,185,185,1.0,9,9,0,0.0,0,0,0.0,,-8.547,False,
confornet_nomsa,METTL14,104,22,0,0.0,ok,185,185,1.0,9,9,0,0.0,0,0,0.0,,-7.589,False,
confornet_nomsa,Menin,0,14,0,0.0,ok,121,121,1.0,6,6,0,0.0,0,0,0.0,,-7.883,False,
confornet_nomsa,Menin,1,14,0,0.0,ok,121,121,1.0,6,6,0,0.0,0,0,0.0,,-7.886,False,
confornet_nomsa,Menin,2,14,0,0.0,ok,121,121,1.0,6,6,0,0.0,0,0,0.0,,-7.785,False,
confornet_nomsa,Menin,3,14,0,0.0,ok,121,121,1.0,6,6,0,0.0,0,0,0.0,,-7.345,False,
confornet_nomsa,Menin,4,14,0,0.0,ok,121,121,1.0,6,6,0,0.0,0,0,0.0,,-8.028,False,
confornet_nomsa,Menin,5,14,0,0.0,ok,121,121,1.0,6,6,0,0.0,0,0,0.0,,-7.642,False,
confornet_nomsa,Menin,6,14,0,0.0,ok,121,121,1.0,6,6,0,0.0,0,0,0.0,,-7.823,False,
confornet_nomsa,Menin,7,14,0,0.0,ok,121,121,1.0,6,6,0,0.0,0,0,0.0,,-7.563,False,
confornet_nomsa,Menin,8,14,0,0.0,ok,121,121,1.0,6,6,0,0.0,0,0,0.0,,-7.725,False,
confornet_nomsa,Menin,9,14,0,0.0,ok,121,121,1.0,6,6,0,0.0,0,0,0.0,,-8.03,False,
confornet_nomsa,NDPK-A,0,17,0,0.0,ok,149,149,1.0,3,3,0,0.0,0,0,0.0,,-3.851,False,
confornet_nomsa,NDPK-A,1,17,0,0.0,ok,149,149,1.0,3,3,0,0.0,0,0,0.0,,-3.711,False,
confornet_nomsa,NDPK-A,2,17,0,0.0,ok,149,149,1.0,3,3,0,0.0,0,0,0.0,,0.0,False,
confornet_nomsa,NDPK-A,3,17,0,0.0,ok,149,149,1.0,3,3,0,0.0,0,0,0.0,,-4.182,False,
confornet_nomsa,NDPK-A,4,17,0,0.0,ok,149,149,1.0,3,3,0,0.0,0,0,0.0,,0.0,False,
confornet_nomsa,NDPK-A,100,17,0,0.0,ok,149,149,1.0,3,3,0,0.0,0,0,0.0,,-6.381,False,
confornet_nomsa,NDPK-A,101,17,0,0.0,ok,149,149,1.0,3,3,0,0.0,0,0,0.0,,-4.154,False,
confornet_nomsa,NDPK-A,102,17,0,0.0,ok,149,149,1.0,3,3,0,0.0,0,0,0.0,,3.605,False,
confornet_nomsa,NDPK-A,103,17,0,0.0,ok,149,149,1.0,3,3,0,0.0,0,0,0.0,,-7.007,False,
confornet_nomsa,NDPK-A,104,17,0,0.0,ok,149,149,1.0,3,3,0,0.0,0,0,0.0,,-5.382,False,
confornet_nomsa,SHP2,0,19,0,0.0,ok,159,159,1.0,10,10,0,0.0,0,0,0.0,,-5.147,False,
confornet_nomsa,SHP2,1,19,0,0.0,ok,159,159,1.0,10,10,0,0.0,0,0,0.0,,-5.133,False,
confornet_nomsa,SHP2,2,19,0,0.0,ok,159,159,1.0,10,10,0,0.0,0,0,0.0,,-4.95,False,
confornet_nomsa,SHP2,3,19,0,0.0,ok,159,159,1.0,10,10,0,0.0,0,0,0.0,,-5.377,False,
confornet_nomsa,SHP2,4,19,0,0.0,ok,159,159,1.0,10,10,0,0.0,0,0,0.0,,-5.847,False,
confornet_nomsa,SHP2,100,19,0,0.0,ok,159,159,1.0,10,10,0,0.0,0,0,0.0,,-7.795,False,
confornet_nomsa,SHP2,101,19,0,0.0,ok,159,159,1.0,10,10,0,0.0,0,0,0.0,,-8.024,False,
confornet_nomsa,SHP2,102,19,0,0.0,ok,159,159,1.0,10,10,0,0.0,0,0,0.0,,-7.856,False,
confornet_nomsa,SHP2,103,19,0,0.0,ok,159,159,1.0,10,10,0,0.0,0,0,0.0,,-7.295,False,
confornet_nomsa,SHP2,104,19,0,0.0,ok,159,159,1.0,10,10,0,0.0,0,0,0.0,,-8.08,False,
confornet_nomsa,THSR,0,26,0,0.0,ok,206,206,1.0,12,12,0,0.0,0,0,0.0,,1.826,False,
confornet_nomsa,THSR,1,26,0,0.0,ok,206,206,1.0,12,12,0,0.0,0,0,0.0,,12.056,False,
confornet_nomsa,THSR,2,26,0,0.0,ok,206,206,1.0,12,12,0,0.0,0,0,0.0,,-7.906,False,
confornet_nomsa,THSR,3,26,0,0.0,ok,206,206,1.0,12,12,0,0.0,0,0,0.0,,3.649,False,
confornet_nomsa,THSR,4,26,0,0.0,ok,206,206,1.0,12,12,0,0.0,0,0,0.0,,-8.015,False,
confornet_nomsa,THSR,5,26,0,0.0,ok,206,206,1.0,12,12,0,0.0,0,0,0.0,,-3.439,False,
confornet_nomsa,THSR,6,26,0,0.0,ok,206,206,1.0,12,12,0,0.0,0,0,0.0,,-4.936,False,
confornet_nomsa,THSR,8,26,0,0.0,ok,206,206,1.0,12,12,0,0.0,0,0,0.0,,4.42,False,
confornet_nomsa,THSR,9,26,0,0.0,ok,206,206,1.0,12,12,0,0.0,0,0,0.0,,3.105,False,
confornet_nomsa,THSR__7UTZ,0,24,0,0.0,ok,186,186,1.0,8,8,0,0.0,0,0,0.0,,-2.941,False,
confornet_nomsa,THSR__7UTZ,1,24,0,0.0,ok,186,186,1.0,8,8,0,0.0,0,0,0.0,,-4.842,False,
confornet_nomsa,THSR__7UTZ,2,24,0,0.0,ok,186,186,1.0,8,8,0,0.0,0,0,0.0,,-5.142,False,
confornet_nomsa,THSR__7UTZ,3,24,0,0.0,ok,186,186,1.0,8,8,0,0.0,0,0,0.0,,-3.587,False,
confornet_nomsa,THSR__7UTZ,4,24,0,0.0,ok,186,186,1.0,8,8,0,0.0,0,0,0.0,,-3.877,False,
confornet_nomsa,THSR__7UTZ,5,24,0,0.0,ok,186,186,1.0,8,8,0,0.0,0,0,0.0,,-3.547,False,
confornet_nomsa,THSR__7UTZ,6,24,0,0.0,ok,186,186,1.0,8,8,0,0.0,0,0,0.0,,-3.83,False,
confornet_nomsa,THSR__7UTZ,8,24,0,0.0,ok,186,186,1.0,8,8,0,0.0,0,0,0.0,,-2.968,False,
confornet_nomsa,THSR__7UTZ,9,24,0,0.0,ok,186,186,1.0,8,8,0,0.0,0,0,0.0,,-3.977,False,
confornet_nomsa,betaLG,0,16,0,0.0,ok,127,127,1.0,2,2,0,0.0,0,0,0.0,,-4.81,False,
confornet_nomsa,betaLG,1,16,0,0.0,ok,127,127,1.0,2,2,0,0.0,0,0,0.0,,-4.867,False,
confornet_nomsa,betaLG,2,16,0,0.0,ok,127,127,1.0,2,2,0,0.0,0,0,0.0,,-4.812,False,
confornet_nomsa,betaLG,3,16,0,0.0,ok,127,127,1.0,2,2,0,0.0,0,0,0.0,,-4.768,False,
confornet_nomsa,betaLG,4,16,0,0.0,ok,127,127,1.0,2,2,0,0.0,0,0,0.0,,-4.831,False,
confornet_nomsa,betaLG,100,16,0,0.0,ok,127,127,1.0,2,2,0,0.0,0,0,0.0,,-6.285,False,
confornet_nomsa,betaLG,101,16,0,0.0,ok,127,127,1.0,2,2,0,0.0,0,0,0.0,,-4.812,False,
confornet_nomsa,betaLG,102,16,0,0.0,ok,127,127,1.0,2,2,0,0.0,0,0,0.0,,-4.808,False,
confornet_nomsa,betaLG,103,16,0,0.0,ok,127,127,1.0,2,2,0,0.0,0,0,0.0,,-4.758,False,
confornet_nomsa,betaLG,104,16,0,0.0,ok,127,127,1.0,2,2,0,0.0,0,0,0.0,,-6.304,False,
confornet_nomsa,cAbl,0,23,0,0.0,ok,179,179,1.0,10,10,0,0.0,0,0,0.0,,-8.952,False,
confornet_nomsa,cAbl,1,23,0,0.0,ok,179,179,1.0,10,10,0,0.0,0,0,0.0,,-8.833,False,
confornet_nomsa,cAbl,2,23,0,0.0,ok,179,179,1.0,10,10,0,0.0,0,0,0.0,,-9.043,False,
confornet_nomsa,cAbl,3,23,0,0.0,ok,179,179,1.0,10,10,0,0.0,0,0,0.0,,-8.702,False,
confornet_nomsa,cAbl,4,23,0,0.0,ok,179,179,1.0,10,10,0,0.0,0,0,0.0,,-8.975,False,
confornet_nomsa,cAbl,5,23,0,0.0,ok,179,179,1.0,10,10,0,0.0,0,0,0.0,,-8.865,False,
confornet_nomsa,cAbl,6,23,0,0.0,ok,179,179,1.0,10,10,0,0.0,0,0,0.0,,-8.747,False,
confornet_nomsa,cAbl,7,23,0,0.0,ok,179,179,1.0,10,10,0,0.0,0,0,0.0,,-9.015,False,
confornet_nomsa,cAbl,8,23,0,0.0,ok,179,179,1.0,10,10,0,0.0,0,0,0.0,,-8.839,False,
confornet_nomsa,cAbl,9,23,0,0.0,ok,179,179,1.0,10,10,0,0.0,0,0,0.0,,-9.245,False,
confornet_nomsa,p53_Y220C,0,19,0,0.0,ok,138,138,1.0,11,11,0,0.0,0,0,0.0,,-6.153,False,
confornet_nomsa,p53_Y220C,1,19,0,0.0,ok,138,138,1.0,11,11,0,0.0,0,0,0.0,,-6.06,False,
confornet_nomsa,p53_Y220C,2,19,0,0.0,ok,138,138,1.0,11,11,0,0.0,0,0,0.0,,-6.194,False,
confornet_nomsa,p53_Y220C,3,19,0,0.0,ok,138,138,1.0,11,11,0,0.0,0,0,0.0,,-5.628,False,
confornet_nomsa,p53_Y220C,4,19,0,0.0,ok,138,138,1.0,11,11,0,0.0,0,0,0.0,,-5.257,False,
confornet_nomsa,p53_Y220C,5,19,0,0.0,ok,138,138,1.0,11,11,0,0.0,0,0,0.0,,-6.087,False,
confornet_nomsa,p53_Y220C,6,19,0,0.0,ok,138,138,1.0,11,11,0,0.0,0,0,0.0,,-4.581,False,
confornet_nomsa,p53_Y220C,7,19,0,0.0,ok,138,138,1.0,11,11,0,0.0,0,0,0.0,,-6.222,False,
confornet_nomsa,p53_Y220C,8,19,0,0.0,ok,138,138,1.0,11,11,0,0.0,0,0,0.0,,-5.911,False,
confornet_nomsa,p53_Y220C,9,19,0,0.0,ok,138,138,1.0,11,11,0,0.0,0,0,0.0,,-4.501,False,
confornet_nomsa,p53_Y220C__4AGQ,0,17,0,0.0,ok,128,128,1.0,13,13,0,0.0,0,0,0.0,,-5.248,False,
confornet_nomsa,p53_Y220C__4AGQ,1,17,0,0.0,ok,128,128,1.0,13,13,0,0.0,0,0,0.0,,-5.455,False,
confornet_nomsa,p53_Y220C__4AGQ,2,17,0,0.0,ok,128,128,1.0,13,13,0,0.0,0,0,0.0,,-5.423,False,
confornet_nomsa,p53_Y220C__4AGQ,3,17,0,0.0,ok,128,128,1.0,13,13,0,0.0,0,0,0.0,,-5.315,False,
confornet_nomsa,p53_Y220C__4AGQ,4,17,0,0.0,ok,128,128,1.0,13,13,0,0.0,0,0,0.0,,-4.864,False,
confornet_nomsa,p53_Y220C__4AGQ,5,17,0,0.0,ok,128,128,1.0,13,13,0,0.0,0,0,0.0,,-5.519,False,
confornet_nomsa,p53_Y220C__4AGQ,6,17,0,0.0,ok,128,128,1.0,13,13,0,0.0,0,0,0.0,,-5.433,False,
confornet_nomsa,p53_Y220C__4AGQ,7,17,0,0.0,ok,128,128,1.0,13,13,0,0.0,0,0,0.0,,-4.937,False,
confornet_nomsa,p53_Y220C__4AGQ,8,17,0,0.0,ok,128,128,1.0,13,13,0,0.0,0,0,0.0,,-5.286,False,
confornet_nomsa,p53_Y220C__4AGQ,9,17,0,0.0,ok,128,128,1.0,13,13,0,0.0,0,0,0.0,,-5.512,False,
esmfold2,Bcl-xL,0,22,0,0.0,ok,190,190,1.0,9,9,0,0.0,0,0,0.0,,-6.867,False,
esmfold2,Bcl-xL,1,22,0,0.0,ok,190,190,1.0,9,9,0,0.0,0,0,0.0,,-7.478,False,
esmfold2,Bcl-xL,2,22,0,0.0,ok,190,190,1.0,9,9,0,0.0,0,0,0.0,,-7.626,False,
esmfold2,Bcl-xL,3,22,0,0.0,ok,190,190,1.0,9,9,0,0.0,0,0,0.0,,-6.744,False,
esmfold2,Bcl-xL,4,22,0,0.0,ok,190,190,1.0,9,9,0,0.0,0,0,0.0,,-6.727,False,
esmfold2,Bcl-xL,5,22,0,0.0,ok,190,190,1.0,9,9,0,0.0,0,0,0.0,,-7.43,False,
esmfold2,Bcl-xL,7,22,0,0.0,ok,190,190,1.0,9,9,0,0.0,0,0,0.0,,-7.145,False,
esmfold2,Bcl-xL,8,22,0,0.0,ok,190,190,1.0,9,9,0,0.0,0,0,0.0,,-7.119,False,
esmfold2,Bcl-xL,9,22,0,0.0,ok,190,190,1.0,9,9,0,0.0,0,0,0.0,,-6.528,False,
esmfold2,Bcl-xL,10,22,0,0.0,ok,190,190,1.0,9,9,0,0.0,0,0,0.0,,-7.445,False,-7.445
esmfold2,CB1,0,28,0,0.0,ok,246,246,1.0,10,10,0,0.0,0,0,0.0,,-7.757,False,
esmfold2,CB1,2,28,0,0.0,ok,246,246,1.0,10,10,0,0.0,0,0,0.0,,-7.56,False,
esmfold2,CB1,3,28,0,0.0,ok,246,246,1.0,10,10,0,0.0,0,0,0.0,,-8.101,False,
esmfold2,CB1,4,28,0,0.0,ok,246,246,1.0,10,10,0,0.0,0,0,0.0,,-8.517,False,
esmfold2,CB1,5,28,0,0.0,ok,246,246,1.0,10,10,0,0.0,0,0,0.0,,-8.063,False,
esmfold2,CB1,6,28,0,0.0,ok,246,246,1.0,10,10,0,0.0,0,0,0.0,,-8.369,False,
esmfold2,CB1,7,28,0,0.0,ok,246,246,1.0,10,10,0,0.0,0,0,0.0,,-8.208,False,
esmfold2,CB1,8,28,0,0.0,ok,246,246,1.0,10,10,0,0.0,0,0,0.0,,-7.771,False,
esmfold2,CB1,9,28,0,0.0,ok,246,246,1.0,10,10,0,0.0,0,0,0.0,,-8.191,False,
esmfold2,CB1,10,28,0,0.0,ok,246,246,1.0,10,10,0,0.0,0,0,0.0,,-8.623,False,
esmfold2,FUT8,0,22,0,0.0,ok,181,181,1.0,6,6,0,0.0,0,0,0.0,,-7.394,False,
esmfold2,FUT8,1,22,0,0.0,ok,181,181,1.0,6,6,0,0.0,0,0,0.0,,-7.854,False,
esmfold2,FUT8,2,22,0,0.0,ok,181,181,1.0,6,6,0,0.0,0,0,0.0,,-8.24,False,
esmfold2,FUT8,3,22,0,0.0,ok,181,181,1.0,6,6,0,0.0,0,0,0.0,,-8.039,False,
esmfold2,FUT8,4,22,0,0.0,ok,181,181,1.0,6,6,0,0.0,0,0,0.0,,-7.829,False,
esmfold2,FUT8,5,22,0,0.0,ok,181,181,1.0,6,6,0,0.0,0,0,0.0,,-7.99,False,
esmfold2,FUT8,6,22,0,0.0,ok,181,181,1.0,6,6,0,0.0,0,0,0.0,,-7.901,False,
esmfold2,FUT8,7,22,0,0.0,ok,181,181,1.0,6,6,0,0.0,0,0,0.0,,-8.018,False,
esmfold2,FUT8,8,22,0,0.0,ok,181,181,1.0,6,6,0,0.0,0,0,0.0,,-7.651,False,
esmfold2,FUT8,9,22,0,0.0,ok,181,181,1.0,6,6,0,0.0,0,0,0.0,,-7.844,False,
esmfold2,GLTP,0,8,0,0.0,ok,69,70,0.9857142857142858,1,1,0,0.0,0,0,0.0,,-5.877,False,
esmfold2,GLTP,1,8,0,0.0,ok,69,70,0.9857142857142858,1,1,0,0.0,0,0,0.0,,-5.602,False,
esmfold2,GLTP,2,8,0,0.0,ok,69,70,0.9857142857142858,1,1,0,0.0,0,0,0.0,,-5.417,False,
esmfold2,GLTP,3,8,0,0.0,ok,69,70,0.9857142857142858,1,1,0,0.0,0,0,0.0,,-5.673,False,
esmfold2,GLTP,4,8,0,0.0,ok,69,70,0.9857142857142858,1,1,0,0.0,0,0,0.0,,-5.162,False,
esmfold2,GLTP,5,8,0,0.0,ok,69,70,0.9857142857142858,1,1,0,0.0,0,0,0.0,,-5.338,False,
esmfold2,GLTP,6,8,0,0.0,ok,69,70,0.9857142857142858,1,1,0,0.0,0,0,0.0,,-5.579,False,
esmfold2,GLTP,7,8,0,0.0,ok,69,70,0.9857142857142858,1,1,0,0.0,0,0,0.0,,-5.345,False,
esmfold2,GLTP,8,8,0,0.0,ok,69,70,0.9857142857142858,1,1,0,0.0,0,0,0.0,,-5.504,False,
esmfold2,GLTP,9,8,0,0.0,ok,69,70,0.9857142857142858,1,1,0,0.0,0,0,0.0,,-5.751,False,
esmfold2,HIF2alpha,0,21,0,0.0,ok,172,172,1.0,4,4,0,0.0,0,0,0.0,,-1.87,False,
esmfold2,HIF2alpha,1,21,0,0.0,ok,172,172,1.0,4,4,0,0.0,0,0,0.0,,-3.692,False,
esmfold2,HIF2alpha,2,21,0,0.0,ok,172,172,1.0,4,4,0,0.0,0,0,0.0,,-2.026,False,
esmfold2,HIF2alpha,3,21,0,0.0,ok,172,172,1.0,4,4,0,0.0,0,0,0.0,,-3.106,False,
esmfold2,HIF2alpha,4,21,0,0.0,ok,172,172,1.0,4,4,0,0.0,0,0,0.0,,-2.758,False,
esmfold2,HIF2alpha,5,21,0,0.0,ok,172,172,1.0,4,4,0,0.0,0,0,0.0,,-2.097,False,
esmfold2,HIF2alpha,6,21,0,0.0,ok,172,172,1.0,4,4,0,0.0,0,0,0.0,,-3.834,False,
esmfold2,HIF2alpha,7,21,0,0.0,ok,172,172,1.0,4,4,0,0.0,0,0,0.0,,-3.82,False,
esmfold2,HIF2alpha,8,21,0,0.0,ok,172,172,1.0,4,4,0,0.0,0,0,0.0,,-4.175,False,
esmfold2,HIF2alpha,9,21,0,0.0,ok,172,172,1.0,4,4,0,0.0,0,0,0.0,,-1.754,False,
esmfold2,HIF2alpha__6D0B,0,25,0,0.0,ok,204,204,1.0,6,6,0,0.0,0,0,0.0,,-0.293,False,
esmfold2,HIF2alpha__6D0B,1,25,0,0.0,ok,204,204,1.0,6,6,0,0.0,0,0,0.0,,0.007,False,
esmfold2,HIF2alpha__6D0B,2,25,0,0.0,ok,204,204,1.0,6,6,0,0.0,0,0,0.0,,0.108,False,
esmfold2,HIF2alpha__6D0B,3,25,0,0.0,ok,204,204,1.0,6,6,0,0.0,0,0,0.0,,0.243,False,
esmfold2,HIF2alpha__6D0B,4,25,0,0.0,ok,204,204,1.0,6,6,0,0.0,0,0,0.0,,-0.988,False,
esmfold2,HIF2alpha__6D0B,5,25,0,0.0,ok,204,204,1.0,6,6,0,0.0,0,0,0.0,,0.343,False,
esmfold2,HIF2alpha__6D0B,6,25,0,0.0,ok,204,204,1.0,6,6,0,0.0,0,0,0.0,,-0.504,False,
esmfold2,HIF2alpha__6D0B,7,25,0,0.0,ok,204,204,1.0,6,6,0,0.0,0,0,0.0,,0.116,False,
esmfold2,HIF2alpha__6D0B,8,25,0,0.0,ok,204,204,1.0,6,6,0,0.0,0,0,0.0,,-0.277,False,
esmfold2,HIF2alpha__6D0B,9,25,0,0.0,ok,204,204,1.0,6,6,0,0.0,0,0,0.0,,0.481,False,
esmfold2,HIV1_CA,0,16,0,0.0,ok,127,129,0.9844961240310076,7,7,0,0.0,0,0,0.0,,-6.907,False,
esmfold2,HIV1_CA,1,16,0,0.0,ok,127,129,0.9844961240310076,7,7,0,0.0,0,0,0.0,,-6.685,False,
esmfold2,HIV1_CA,2,16,0,0.0,ok,127,129,0.9844961240310076,7,7,0,0.0,0,0,0.0,,-6.542,False,
esmfold2,HIV1_CA,3,16,0,0.0,ok,127,129,0.9844961240310076,7,7,0,0.0,0,0,0.0,,-8.265,False,
esmfold2,HIV1_CA,4,16,0,0.0,ok,127,129,0.9844961240310076,7,7,0,0.0,0,0,0.0,,-6.814,False,
esmfold2,HIV1_CA,5,16,0,0.0,ok,127,129,0.9844961240310076,7,7,0,0.0,0,0,0.0,,-8.429,False,
esmfold2,HIV1_CA,6,16,0,0.0,ok,127,129,0.9844961240310076,7,7,0,0.0,0,0,0.0,,-7.806,False,
esmfold2,HIV1_CA,7,16,0,0.0,ok,127,129,0.9844961240310076,7,7,0,0.0,0,0,0.0,,-8.452,False,
esmfold2,HIV1_CA,8,16,0,0.0,ok,127,129,0.9844961240310076,7,7,0,0.0,0,0,0.0,,-8.383,False,
esmfold2,HIV1_CA,9,16,0,0.0,ok,127,129,0.9844961240310076,7,7,0,0.0,0,0,0.0,,-6.803,False,
esmfold2,HIV_RT,1,19,0,0.0,ok,178,178,1.0,7,7,0,0.0,0,0,0.0,,-5.885,False,
esmfold2,HIV_RT,4,19,0,0.0,ok,178,178,1.0,7,7,0,0.0,0,0,0.0,,-5.802,False,
esmfold2,HIV_RT,5,19,0,0.0,ok,178,178,1.0,7,7,0,0.0,0,0,0.0,,-6.046,False,
esmfold2,HIV_RT,6,19,0,0.0,ok,178,178,1.0,7,7,0,0.0,0,0,0.0,,-6.122,False,
esmfold2,HIV_RT,7,19,0,0.0,ok,178,178,1.0,7,7,0,0.0,0,0,0.0,,-6.076,False,
esmfold2,HIV_RT,8,19,0,0.0,ok,178,178,1.0,7,7,0,0.0,0,0,0.0,,-5.943,False,
esmfold2,HIV_RT,10,19,0,0.0,ok,178,178,1.0,7,7,0,0.0,0,0,0.0,,-5.955,False,
esmfold2,HIV_RT,12,19,0,0.0,ok,178,178,1.0,7,7,0,0.0,0,0,0.0,,-6.04,False,
esmfold2,HIV_RT,13,19,0,0.0,ok,178,178,1.0,7,7,0,0.0,0,0,0.0,,-5.587,False,
esmfold2,HIV_RT,16,19,0,0.0,ok,178,178,1.0,7,7,0,0.0,0,0,0.0,,-5.627,False,
esmfold2,HIV_RT__3V81,0,17,0,0.0,ok,154,154,1.0,8,8,0,0.0,0,0,0.0,,-5.015,False,
esmfold2,HIV_RT__3V81,1,17,0,0.0,ok,154,154,1.0,8,8,0,0.0,0,0,0.0,,-5.835,False,
esmfold2,HIV_RT__3V81,2,17,0,0.0,ok,154,154,1.0,8,8,0,0.0,0,0,0.0,,-5.831,False,
esmfold2,HIV_RT__3V81,3,17,0,0.0,ok,154,154,1.0,8,8,0,0.0,0,0,0.0,,-4.803,False,
esmfold2,HIV_RT__3V81,4,17,0,0.0,ok,154,154,1.0,8,8,0,0.0,0,0,0.0,,-5.764,False,
esmfold2,HIV_RT__3V81,5,17,0,0.0,ok,154,154,1.0,8,8,0,0.0,0,0,0.0,,0.304,False,
esmfold2,HIV_RT__3V81,6,17,0,0.0,ok,154,154,1.0,8,8,0,0.0,0,0,0.0,,-5.007,False,
esmfold2,HIV_RT__3V81,7,17,0,0.0,ok,154,154,1.0,8,8,0,0.0,0,0,0.0,,-4.38,False,
esmfold2,HIV_RT__3V81,8,17,0,0.0,ok,154,154,1.0,8,8,0,0.0,0,0,0.0,,-4.641,False,
esmfold2,HIV_RT__3V81,9,17,0,0.0,ok,154,154,1.0,8,8,0,0.0,0,0,0.0,,-5.063,False,
esmfold2,KRAS,0,21,0,0.0,ok,160,160,1.0,11,11,0,0.0,0,0,0.0,,-5.533,False,
esmfold2,KRAS,1,21,0,0.0,ok,160,160,1.0,11,11,0,0.0,0,0,0.0,,-5.322,False,
esmfold2,KRAS,2,21,0,0.0,ok,160,160,1.0,11,11,0,0.0,0,0,0.0,,-5.564,False,
esmfold2,KRAS,3,21,0,0.0,ok,160,160,1.0,11,11,0,0.0,0,0,0.0,,-5.953,False,
esmfold2,KRAS,4,21,0,0.0,ok,160,160,1.0,11,11,0,0.0,0,0,0.0,,-5.292,False,
esmfold2,KRAS,5,21,0,0.0,ok,160,160,1.0,11,11,0,0.0,0,0,0.0,,-5.829,False,
esmfold2,KRAS,6,21,0,0.0,ok,160,160,1.0,11,11,0,0.0,0,0,0.0,,-4.52,False,
esmfold2,KRAS,7,21,0,0.0,ok,160,160,1.0,11,11,0,0.0,0,0,0.0,,-5.735,False,
esmfold2,KRAS,8,21,0,0.0,ok,160,160,1.0,11,11,0,0.0,0,0,0.0,,-5.927,False,
esmfold2,KRAS,9,21,0,0.0,ok,160,160,1.0,11,11,0,0.0,0,0,0.0,,-5.451,False,
esmfold2,METTL14,0,22,0,0.0,ok,185,185,1.0,9,9,0,0.0,0,0,0.0,,-7.197,False,
esmfold2,METTL14,1,22,0,0.0,ok,185,185,1.0,9,9,0,0.0,0,0,0.0,,-7.395,False,
esmfold2,METTL14,2,22,0,0.0,ok,185,185,1.0,9,9,0,0.0,0,0,0.0,,-7.454,False,
esmfold2,METTL14,3,22,0,0.0,ok,185,185,1.0,9,9,0,0.0,0,0,0.0,,-6.033,False,
esmfold2,METTL14,4,22,0,0.0,ok,185,185,1.0,9,9,0,0.0,0,0,0.0,,-7.796,False,
esmfold2,METTL14,5,22,0,0.0,ok,185,185,1.0,9,9,0,0.0,0,0,0.0,,-6.347,False,
esmfold2,METTL14,6,22,0,0.0,ok,185,185,1.0,9,9,0,0.0,0,0,0.0,,-7.269,False,
esmfold2,METTL14,7,22,0,0.0,ok,185,185,1.0,9,9,0,0.0,0,0,0.0,,-7.505,False,
esmfold2,METTL14,8,22,0,0.0,ok,185,185,1.0,9,9,0,0.0,0,0,0.0,,-5.923,False,
esmfold2,METTL14,9,22,0,0.0,ok,185,185,1.0,9,9,0,0.0,0,0,0.0,,-7.382,False,
esmfold2,Menin,0,14,0,0.0,ok,121,121,1.0,6,6,0,0.0,0,0,0.0,,-6.825,False,
esmfold2,Menin,1,14,0,0.0,ok,121,121,1.0,6,6,0,0.0,0,0,0.0,,-7.466,False,
esmfold2,Menin,2,14,0,0.0,ok,121,121,1.0,6,6,0,0.0,0,0,0.0,,-6.984,False,
esmfold2,Menin,3,14,0,0.0,ok,121,121,1.0,6,6,0,0.0,0,0,0.0,,-7.466,False,
esmfold2,Menin,4,14,0,0.0,ok,121,121,1.0,6,6,0,0.0,0,0,0.0,,-6.904,False,
esmfold2,Menin,5,14,0,0.0,ok,121,121,1.0,6,6,0,0.0,0,0,0.0,,-6.782,False,
esmfold2,Menin,6,14,0,0.0,ok,121,121,1.0,6,6,0,0.0,0,0,0.0,,-7.063,False,
esmfold2,Menin,7,14,0,0.0,ok,121,121,1.0,6,6,0,0.0,0,0,0.0,,-7.143,False,
esmfold2,Menin,8,14,0,0.0,ok,121,121,1.0,6,6,0,0.0,0,0,0.0,,-7.166,False,
esmfold2,Menin,9,14,0,0.0,ok,121,121,1.0,6,6,0,0.0,0,0,0.0,,-7.297,False,
esmfold2,NDPK-A,0,17,0,0.0,ok,149,149,1.0,3,3,0,0.0,0,0,0.0,,-7.366,False,
esmfold2,NDPK-A,1,17,0,0.0,ok,149,149,1.0,3,3,0,0.0,0,0,0.0,,-7.034,False,
esmfold2,NDPK-A,2,17,0,0.0,ok,149,149,1.0,3,3,0,0.0,0,0,0.0,,-7.263,False,
esmfold2,NDPK-A,3,17,0,0.0,ok,149,149,1.0,3,3,0,0.0,0,0,0.0,,-6.989,False,
esmfold2,NDPK-A,4,17,0,0.0,ok,149,149,1.0,3,3,0,0.0,0,0,0.0,,-7.096,False,
esmfold2,NDPK-A,5,17,0,0.0,ok,149,149,1.0,3,3,0,0.0,0,0,0.0,,-7.064,False,
esmfold2,NDPK-A,6,17,0,0.0,ok,149,149,1.0,3,3,0,0.0,0,0,0.0,,-7.475,False,
esmfold2,NDPK-A,7,17,0,0.0,ok,149,149,1.0,3,3,0,0.0,0,0,0.0,,-6.946,False,
esmfold2,NDPK-A,8,17,0,0.0,ok,149,149,1.0,3,3,0,0.0,0,0,0.0,,-7.181,False,
esmfold2,NDPK-A,9,17,0,0.0,ok,149,149,1.0,3,3,0,0.0,0,0,0.0,,-7.325,False,
esmfold2,SHP2,0,19,0,0.0,ok,159,159,1.0,10,10,0,0.0,0,0,0.0,,-7.938,False,
esmfold2,SHP2,1,19,0,0.0,ok,159,159,1.0,10,10,0,0.0,0,0,0.0,,-9.208,False,
esmfold2,SHP2,2,19,0,0.0,ok,159,159,1.0,10,10,0,0.0,0,0,0.0,,-8.826,False,
esmfold2,SHP2,3,19,0,0.0,ok,159,159,1.0,10,10,0,0.0,0,0,0.0,,-8.42,False,
esmfold2,SHP2,4,19,0,0.0,ok,159,159,1.0,10,10,0,0.0,0,0,0.0,,-7.902,False,
esmfold2,SHP2,5,19,0,0.0,ok,159,159,1.0,10,10,0,0.0,0,0,0.0,,-7.855,False,
esmfold2,SHP2,6,19,0,0.0,ok,159,159,1.0,10,10,0,0.0,0,0,0.0,,-8.592,False,
esmfold2,SHP2,7,19,0,0.0,ok,159,159,1.0,10,10,0,0.0,0,0,0.0,,-8.401,False,
esmfold2,SHP2,8,19,0,0.0,ok,159,159,1.0,10,10,0,0.0,0,0,0.0,,-8.251,False,
esmfold2,SHP2,9,19,0,0.0,ok,159,159,1.0,10,10,0,0.0,0,0,0.0,,-8.967,False,
esmfold2,THSR,0,26,0,0.0,ok,206,206,1.0,12,12,0,0.0,0,0,0.0,,-7.885,False,
esmfold2,THSR,1,26,0,0.0,ok,206,206,1.0,12,12,0,0.0,0,0,0.0,,-6.119,False,
esmfold2,THSR,2,26,0,0.0,ok,206,206,1.0,12,12,0,0.0,0,0,0.0,,-9.804,False,
esmfold2,THSR,3,26,0,0.0,ok,206,206,1.0,12,12,0,0.0,0,0,0.0,,-0.745,False,
esmfold2,THSR,4,26,0,0.0,ok,206,206,1.0,12,12,0,0.0,0,0,0.0,,-9.927,False,
esmfold2,THSR,5,26,0,0.0,ok,206,206,1.0,12,12,0,0.0,0,0,0.0,,-9.905,False,
esmfold2,THSR,6,26,0,0.0,ok,206,206,1.0,12,12,0,0.0,0,0,0.0,,-8.493,False,
esmfold2,THSR,7,26,0,0.0,ok,206,206,1.0,12,12,0,0.0,0,0,0.0,,-9.242,False,
esmfold2,THSR,8,26,0,0.0,ok,206,206,1.0,12,12,0,0.0,0,0,0.0,,-9.605,False,
esmfold2,THSR,9,26,0,0.0,ok,206,206,1.0,12,12,0,0.0,0,0,0.0,,-8.929,False,
esmfold2,THSR__7UTZ,0,24,0,0.0,ok,186,186,1.0,8,8,0,0.0,0,0,0.0,,-6.352,False,
esmfold2,THSR__7UTZ,2,24,0,0.0,ok,186,186,1.0,8,8,0,0.0,0,0,0.0,,-5.763,False,
esmfold2,THSR__7UTZ,3,24,0,0.0,ok,186,186,1.0,8,8,0,0.0,0,0,0.0,,-6.158,False,
esmfold2,THSR__7UTZ,4,24,0,0.0,ok,186,186,1.0,8,8,0,0.0,0,0,0.0,,-6.169,False,
esmfold2,THSR__7UTZ,5,24,0,0.0,ok,186,186,1.0,8,8,0,0.0,0,0,0.0,,-5.558,False,
esmfold2,THSR__7UTZ,6,24,0,0.0,ok,186,186,1.0,8,8,0,0.0,0,0,0.0,,-5.918,False,
esmfold2,THSR__7UTZ,7,24,0,0.0,ok,186,186,1.0,8,8,0,0.0,0,0,0.0,,-6.475,False,
esmfold2,THSR__7UTZ,8,24,0,0.0,ok,186,186,1.0,8,8,0,0.0,0,0,0.0,,-6.637,False,
esmfold2,THSR__7UTZ,9,24,0,0.0,ok,186,186,1.0,8,8,0,0.0,0,0,0.0,,-6.145,False,
esmfold2,THSR__7UTZ,10,24,0,0.0,ok,186,186,1.0,8,8,0,0.0,0,0,0.0,,-6.267,False,
esmfold2,betaLG,0,16,0,0.0,ok,127,127,1.0,2,2,0,0.0,0,0,0.0,,-4.816,False,
esmfold2,betaLG,1,16,0,0.0,ok,127,127,1.0,2,2,0,0.0,0,0,0.0,,-4.693,False,
esmfold2,betaLG,2,16,0,0.0,ok,127,127,1.0,2,2,0,0.0,0,0,0.0,,-4.677,False,
esmfold2,betaLG,3,16,0,0.0,ok,127,127,1.0,2,2,0,0.0,0,0,0.0,,-4.745,False,
esmfold2,betaLG,4,16,0,0.0,ok,127,127,1.0,2,2,0,0.0,0,0,0.0,,-4.728,False,
esmfold2,betaLG,5,16,0,0.0,ok,127,127,1.0,2,2,0,0.0,0,0,0.0,,-5.329,False,
esmfold2,betaLG,6,16,0,0.0,ok,127,127,1.0,2,2,0,0.0,0,0,0.0,,-4.822,False,
esmfold2,betaLG,7,16,0,0.0,ok,127,127,1.0,2,2,0,0.0,0,0,0.0,,-4.825,False,
esmfold2,betaLG,8,16,0,0.0,ok,127,127,1.0,2,2,0,0.0,0,0,0.0,,-5.084,False,
esmfold2,betaLG,9,16,0,0.0,ok,127,127,1.0,2,2,0,0.0,0,0,0.0,,-5.064,False,
esmfold2,cAbl,0,23,0,0.0,ok,179,179,1.0,10,10,0,0.0,0,0,0.0,,-8.498,False,
esmfold2,cAbl,1,23,0,0.0,ok,179,179,1.0,10,10,0,0.0,0,0,0.0,,-9.774,False,
esmfold2,cAbl,2,23,0,0.0,ok,179,179,1.0,10,10,0,0.0,0,0,0.0,,-8.9,False,
esmfold2,cAbl,3,23,0,0.0,ok,179,179,1.0,10,10,0,0.0,0,0,0.0,,-8.805,False,
esmfold2,cAbl,4,23,0,0.0,ok,179,179,1.0,10,10,0,0.0,0,0,0.0,,-6.733,False,
esmfold2,cAbl,5,23,0,0.0,ok,179,179,1.0,10,10,0,0.0,0,0,0.0,,-8.729,False,
esmfold2,cAbl,6,23,0,0.0,ok,179,179,1.0,10,10,0,0.0,0,0,0.0,,-9.313,False,
esmfold2,cAbl,7,23,0,0.0,ok,179,179,1.0,10,10,0,0.0,0,0,0.0,,-9.169,False,
esmfold2,cAbl,8,23,0,0.0,ok,179,179,1.0,10,10,0,0.0,0,0,0.0,,-9.209,False,
esmfold2,cAbl,9,23,0,0.0,ok,179,179,1.0,10,10,0,0.0,0,0,0.0,,-9.284,False,
esmfold2,p53_Y220C,0,19,0,0.0,ok,138,138,1.0,11,11,0,0.0,0,0,0.0,,-4.406,False,
esmfold2,p53_Y220C,1,19,0,0.0,ok,138,138,1.0,11,11,0,0.0,0,0,0.0,,-5.014,False,
esmfold2,p53_Y220C,2,19,0,0.0,ok,138,138,1.0,11,11,0,0.0,0,0,0.0,,-4.672,False,
esmfold2,p53_Y220C,3,19,0,0.0,ok,138,138,1.0,11,11,0,0.0,0,0,0.0,,-4.834,False,
esmfold2,p53_Y220C,4,19,0,0.0,ok,138,138,1.0,11,11,0,0.0,0,0,0.0,,-4.821,False,
esmfold2,p53_Y220C,5,19,0,0.0,ok,138,138,1.0,11,11,0,0.0,0,0,0.0,,-4.708,False,
esmfold2,p53_Y220C,6,19,0,0.0,ok,138,138,1.0,11,11,0,0.0,0,0,0.0,,-5.58,False,
esmfold2,p53_Y220C,7,19,0,0.0,ok,138,138,1.0,11,11,0,0.0,0,0,0.0,,-5.463,False,
esmfold2,p53_Y220C,8,19,0,0.0,ok,138,138,1.0,11,11,0,0.0,0,0,0.0,,-4.78,False,
esmfold2,p53_Y220C,9,19,0,0.0,ok,138,138,1.0,11,11,0,0.0,0,0,0.0,,-4.616,False,
esmfold2,p53_Y220C__4AGQ,0,17,0,0.0,ok,128,128,1.0,13,13,0,0.0,0,0,0.0,,-5.014,False,
esmfold2,p53_Y220C__4AGQ,1,17,0,0.0,ok,128,128,1.0,13,13,0,0.0,0,0,0.0,,-5.211,False,
esmfold2,p53_Y220C__4AGQ,2,17,0,0.0,ok,128,128,1.0,13,13,0,0.0,0,0,0.0,,-5.006,False,
esmfold2,p53_Y220C__4AGQ,3,17,0,0.0,ok,128,128,1.0,13,13,0,0.0,0,0,0.0,,-5.302,False,
esmfold2,p53_Y220C__4AGQ,4,17,0,0.0,ok,128,128,1.0,13,13,0,0.0,0,0,0.0,,-5.031,False,
esmfold2,p53_Y220C__4AGQ,5,17,0,0.0,ok,128,128,1.0,13,13,0,0.0,0,0,0.0,,-5.211,False,
esmfold2,p53_Y220C__4AGQ,6,17,0,0.0,ok,128,128,1.0,13,13,0,0.0,0,0,0.0,,-5.058,False,
esmfold2,p53_Y220C__4AGQ,7,17,0,0.0,ok,128,128,1.0,13,13,0,0.0,0,0,0.0,,-5.027,False,
esmfold2,p53_Y220C__4AGQ,8,17,0,0.0,ok,128,128,1.0,13,13,0,0.0,0,0,0.0,,-5.024,False,
esmfold2,p53_Y220C__4AGQ,9,17,0,0.0,ok,128,128,1.0,13,13,0,0.0,0,0,0.0,,-5.01,False,
molgen_ns1.0,Bcl-xL,0,21,0,0.0,ok,178,190,0.936842105263158,9,9,0,0.0,0,0,0.0,,-5.389,False,
molgen_ns1.0,Bcl-xL,1,21,0,0.0,ok,178,190,0.936842105263158,9,9,0,0.0,0,0,0.0,,-5.538,False,
molgen_ns1.0,Bcl-xL,2,21,0,0.0,ok,178,190,0.936842105263158,9,9,0,0.0,0,0,0.0,,-6.266,False,
molgen_ns1.0,Bcl-xL,3,21,0,0.0,ok,178,190,0.936842105263158,9,9,0,0.0,0,0,0.0,,-6.377,False,
molgen_ns1.0,Bcl-xL,4,21,0,0.0,ok,178,190,0.936842105263158,9,9,0,0.0,0,0,0.0,,-6.587,False,
molgen_ns1.0,Bcl-xL,5,21,0,0.0,ok,178,190,0.936842105263158,9,9,0,0.0,0,0,0.0,,-5.678,False,
molgen_ns1.0,Bcl-xL,6,21,0,0.0,ok,178,190,0.936842105263158,9,9,0,0.0,0,0,0.0,,-6.469,False,
molgen_ns1.0,Bcl-xL,7,21,0,0.0,ok,178,190,0.936842105263158,9,9,0,0.0,0,0,0.0,,-6.279,False,
molgen_ns1.0,Bcl-xL,8,21,0,0.0,ok,178,190,0.936842105263158,9,9,0,0.0,0,0,0.0,,-7.305,False,
molgen_ns1.0,Bcl-xL,9,21,0,0.0,ok,178,190,0.936842105263158,9,9,0,0.0,0,0,0.0,,-7.77,False,
molgen_ns1.0,CB1,0,28,0,0.0,ok,246,246,1.0,10,10,0,0.0,0,0,0.0,,-8.828,False,
molgen_ns1.0,CB1,1,28,0,0.0,ok,246,246,1.0,10,10,0,0.0,0,0,0.0,,-9.704,False,
molgen_ns1.0,CB1,2,28,0,0.0,ok,246,246,1.0,10,10,0,0.0,0,0,0.0,,-9.33,False,
molgen_ns1.0,CB1,3,28,0,0.0,ok,246,246,1.0,10,10,0,0.0,0,0,0.0,,-9.505,False,
molgen_ns1.0,CB1,4,28,0,0.0,ok,246,246,1.0,10,10,0,0.0,0,0,0.0,,-9.497,False,
molgen_ns1.0,CB1,5,28,0,0.0,ok,246,246,1.0,10,10,0,0.0,0,0,0.0,,-9.231,False,
molgen_ns1.0,CB1,6,28,0,0.0,ok,246,246,1.0,10,10,0,0.0,0,0,0.0,,-9.845,False,
molgen_ns1.0,CB1,7,28,0,0.0,ok,246,246,1.0,10,10,0,0.0,0,0,0.0,,-9.621,False,
molgen_ns1.0,CB1,8,28,0,0.0,ok,246,246,1.0,10,10,0,0.0,0,0,0.0,,-9.693,False,
molgen_ns1.0,CB1,9,28,0,0.0,ok,246,246,1.0,10,10,0,0.0,0,0,0.0,,-9.423,False,
molgen_ns1.0,FUT8,0,22,0,0.0,ok,181,181,1.0,6,6,0,0.0,0,0,0.0,,-3.884,False,
molgen_ns1.0,FUT8,1,22,0,0.0,ok,181,181,1.0,6,6,0,0.0,0,0,0.0,,0.229,False,
molgen_ns1.0,FUT8,2,22,0,0.0,ok,181,181,1.0,6,6,0,0.0,0,0,0.0,,-5.505,False,
molgen_ns1.0,FUT8,4,22,0,0.0,ok,181,181,1.0,6,6,0,0.0,0,0,0.0,,-3.317,False,
molgen_ns1.0,FUT8,5,22,0,0.0,ok,181,181,1.0,6,6,0,0.0,0,0,0.0,,-3.344,False,
molgen_ns1.0,FUT8,6,22,0,0.0,ok,181,181,1.0,6,6,0,0.0,0,0,0.0,,1.35,False,
molgen_ns1.0,FUT8,7,22,0,0.0,ok,181,181,1.0,6,6,0,0.0,0,0,0.0,,14.39,False,
molgen_ns1.0,FUT8,8,22,0,0.0,ok,181,181,1.0,6,6,0,0.0,0,0,0.0,,-6.411,False,
molgen_ns1.0,FUT8,9,22,0,0.0,ok,181,181,1.0,6,6,0,0.0,0,0,0.0,,-5.294,False,
molgen_ns1.0,FUT8,10,22,0,0.0,ok,181,181,1.0,6,6,0,0.0,0,0,0.0,,-7.103,False,
molgen_ns1.0,GCGR,0,25,0,0.0,ok,228,233,0.9785407725321889,6,6,0,0.0,0,0,0.0,,-3.788,False,
molgen_ns1.0,GCGR,1,25,0,0.0,ok,228,233,0.9785407725321889,6,6,0,0.0,0,0,0.0,,-3.892,False,
molgen_ns1.0,GCGR,2,25,0,0.0,ok,228,233,0.9785407725321889,6,6,0,0.0,0,0,0.0,,-4.066,False,
molgen_ns1.0,GCGR,3,25,0,0.0,ok,228,233,0.9785407725321889,6,6,0,0.0,0,0,0.0,,-3.863,False,
molgen_ns1.0,GCGR,4,25,0,0.0,ok,228,233,0.9785407725321889,6,6,0,0.0,0,0,0.0,,-4.518,False,
molgen_ns1.0,GCGR,5,25,0,0.0,ok,228,233,0.9785407725321889,6,6,0,0.0,0,0,0.0,,-4.257,False,
molgen_ns1.0,GCGR,6,25,0,0.0,ok,228,233,0.9785407725321889,6,6,0,0.0,0,0,0.0,,-3.629,False,
molgen_ns1.0,GCGR,7,25,0,0.0,ok,228,233,0.9785407725321889,6,6,0,0.0,0,0,0.0,,-4.433,False,
molgen_ns1.0,GCGR,8,25,0,0.0,ok,228,233,0.9785407725321889,6,6,0,0.0,0,0,0.0,,-4.168,False,
molgen_ns1.0,GCGR,9,25,0,0.0,ok,228,233,0.9785407725321889,6,6,0,0.0,0,0,0.0,,-4.276,False,
molgen_ns1.0,GLTP,0,8,0,0.0,ok,70,70,1.0,1,1,0,0.0,0,0,0.0,,-4.247,False,
molgen_ns1.0,GLTP,1,8,0,0.0,ok,70,70,1.0,1,1,0,0.0,0,0,0.0,,-4.967,False,
molgen_ns1.0,GLTP,2,8,0,0.0,ok,70,70,1.0,1,1,0,0.0,0,0,0.0,,-4.116,False,
molgen_ns1.0,GLTP,3,8,0,0.0,ok,70,70,1.0,1,1,0,0.0,0,0,0.0,,-4.621,False,
molgen_ns1.0,GLTP,4,8,0,0.0,ok,70,70,1.0,1,1,0,0.0,0,0,0.0,,-4.46,False,
molgen_ns1.0,GLTP,5,8,0,0.0,ok,70,70,1.0,1,1,0,0.0,0,0,0.0,,-4.084,False,
molgen_ns1.0,GLTP,6,8,0,0.0,ok,70,70,1.0,1,1,0,0.0,0,0,0.0,,-4.82,False,
molgen_ns1.0,GLTP,7,8,0,0.0,ok,70,70,1.0,1,1,0,0.0,0,0,0.0,,-4.503,False,
molgen_ns1.0,GLTP,8,8,0,0.0,ok,70,70,1.0,1,1,0,0.0,0,0,0.0,,-4.166,False,
molgen_ns1.0,GLTP,9,8,0,0.0,ok,70,70,1.0,1,1,0,0.0,0,0,0.0,,-5.905,False,
molgen_ns1.0,HIF2alpha,0,21,0,0.0,ok,172,172,1.0,4,4,0,0.0,0,0,0.0,,-7.688,False,
molgen_ns1.0,HIF2alpha,1,21,0,0.0,ok,172,172,1.0,4,4,0,0.0,0,0,0.0,,-7.621,False,
molgen_ns1.0,HIF2alpha,2,21,0,0.0,ok,172,172,1.0,4,4,0,0.0,0,0,0.0,,-7.434,False,
molgen_ns1.0,HIF2alpha,3,21,0,0.0,ok,172,172,1.0,4,4,0,0.0,0,0,0.0,,-7.134,False,
molgen_ns1.0,HIF2alpha,4,21,0,0.0,ok,172,172,1.0,4,4,0,0.0,0,0,0.0,,-7.924,False,
molgen_ns1.0,HIF2alpha,5,21,0,0.0,ok,172,172,1.0,4,4,0,0.0,0,0,0.0,,-6.648,False,
molgen_ns1.0,HIF2alpha,6,21,0,0.0,ok,172,172,1.0,4,4,0,0.0,0,0,0.0,,-7.573,False,
molgen_ns1.0,HIF2alpha,7,21,0,0.0,ok,172,172,1.0,4,4,0,0.0,0,0,0.0,,-6.866,False,
molgen_ns1.0,HIF2alpha,8,21,0,0.0,ok,172,172,1.0,4,4,0,0.0,0,0,0.0,,-6.993,False,
molgen_ns1.0,HIF2alpha,9,21,0,0.0,ok,172,172,1.0,4,4,0,0.0,0,0,0.0,,-6.852,False,
molgen_ns1.0,HIF2alpha__6D0B,0,25,0,0.0,ok,204,204,1.0,6,6,0,0.0,0,0,0.0,,-8.622,False,
molgen_ns1.0,HIF2alpha__6D0B,1,25,0,0.0,ok,204,204,1.0,6,6,0,0.0,0,0,0.0,,-8.36,False,
molgen_ns1.0,HIF2alpha__6D0B,2,25,0,0.0,ok,204,204,1.0,6,6,0,0.0,0,0,0.0,,-8.238,False,
molgen_ns1.0,HIF2alpha__6D0B,3,25,0,0.0,ok,204,204,1.0,6,6,0,0.0,0,0,0.0,,-8.834,False,
molgen_ns1.0,HIF2alpha__6D0B,4,25,0,0.0,ok,204,204,1.0,6,6,0,0.0,0,0,0.0,,-8.437,False,
molgen_ns1.0,HIF2alpha__6D0B,5,25,0,0.0,ok,204,204,1.0,6,6,0,0.0,0,0,0.0,,-8.554,False,
molgen_ns1.0,HIF2alpha__6D0B,6,25,0,0.0,ok,204,204,1.0,6,6,0,0.0,0,0,0.0,,-8.776,False,
molgen_ns1.0,HIF2alpha__6D0B,7,25,0,0.0,ok,204,204,1.0,6,6,0,0.0,0,0,0.0,,-8.265,False,
molgen_ns1.0,HIF2alpha__6D0B,8,25,0,0.0,ok,204,204,1.0,6,6,0,0.0,0,0,0.0,,-6.939,False,
molgen_ns1.0,HIF2alpha__6D0B,9,25,0,0.0,ok,204,204,1.0,6,6,0,0.0,0,0,0.0,,-8.87,False,
molgen_ns1.0,HIV1_CA,0,16,0,0.0,ok,126,129,0.9767441860465116,7,7,0,0.0,0,0,0.0,,-8.842,False,
molgen_ns1.0,HIV1_CA,1,16,0,0.0,ok,126,129,0.9767441860465116,7,7,0,0.0,0,0,0.0,,-8.057,False,
molgen_ns1.0,HIV1_CA,2,16,0,0.0,ok,126,129,0.9767441860465116,7,7,0,0.0,0,0,0.0,,-8.136,False,
molgen_ns1.0,HIV1_CA,3,16,0,0.0,ok,126,129,0.9767441860465116,7,7,0,0.0,0,0,0.0,,-6.97,False,
molgen_ns1.0,HIV1_CA,4,16,0,0.0,ok,126,129,0.9767441860465116,7,7,0,0.0,0,0,0.0,,-9.278,False,
molgen_ns1.0,HIV1_CA,5,16,0,0.0,ok,126,129,0.9767441860465116,7,7,0,0.0,0,0,0.0,,-7.735,False,
molgen_ns1.0,HIV1_CA,6,16,0,0.0,ok,126,129,0.9767441860465116,7,7,0,0.0,0,0,0.0,,-10.76,False,
molgen_ns1.0,HIV1_CA,9,16,0,0.0,ok,126,129,0.9767441860465116,7,7,0,0.0,0,0,0.0,,-7.082,False,
molgen_ns1.0,HIV1_CA,10,16,0,0.0,ok,126,129,0.9767441860465116,7,7,0,0.0,0,0,0.0,,-8.306,False,
molgen_ns1.0,HIV1_CA,11,16,0,0.0,ok,126,129,0.9767441860465116,7,7,0,0.0,0,0,0.0,,-8.17,False,
molgen_ns1.0,HIV_RT,0,19,0,0.0,ok,178,178,1.0,7,7,0,0.0,0,0,0.0,,-7.943,False,
molgen_ns1.0,HIV_RT,1,19,0,0.0,ok,178,178,1.0,7,7,0,0.0,0,0,0.0,,-8.979,False,
molgen_ns1.0,HIV_RT,2,19,0,0.0,ok,178,178,1.0,7,7,0,0.0,0,0,0.0,,-9.598,False,
molgen_ns1.0,HIV_RT,3,19,0,0.0,ok,178,178,1.0,7,7,0,0.0,0,0,0.0,,-9.551,False,
molgen_ns1.0,HIV_RT,4,19,0,0.0,ok,178,178,1.0,7,7,0,0.0,0,0,0.0,,-9.598,False,
molgen_ns1.0,HIV_RT,5,19,0,0.0,ok,178,178,1.0,7,7,0,0.0,0,0,0.0,,-9.447,False,
molgen_ns1.0,HIV_RT,6,19,0,0.0,ok,178,178,1.0,7,7,0,0.0,0,0,0.0,,-9.553,False,
molgen_ns1.0,HIV_RT,7,19,0,0.0,ok,178,178,1.0,7,7,0,0.0,0,0,0.0,,-9.215,False,
molgen_ns1.0,HIV_RT,8,19,0,0.0,ok,178,178,1.0,7,7,0,0.0,0,0,0.0,,-9.245,False,
molgen_ns1.0,HIV_RT,9,19,0,0.0,ok,178,178,1.0,7,7,0,0.0,0,0,0.0,,-9.591,False,
molgen_ns1.0,HIV_RT__3V81,0,17,0,0.0,ok,154,154,1.0,8,8,0,0.0,0,0,0.0,,-9.145,False,
molgen_ns1.0,HIV_RT__3V81,1,17,0,0.0,ok,154,154,1.0,8,8,0,0.0,0,0,0.0,,-8.965,False,
molgen_ns1.0,HIV_RT__3V81,2,17,0,0.0,ok,154,154,1.0,8,8,0,0.0,0,0,0.0,,-8.205,False,
molgen_ns1.0,HIV_RT__3V81,3,17,0,0.0,ok,154,154,1.0,8,8,0,0.0,0,0,0.0,,-5.255,False,
molgen_ns1.0,HIV_RT__3V81,4,17,0,0.0,ok,154,154,1.0,8,8,0,0.0,0,0,0.0,,-7.935,False,
molgen_ns1.0,HIV_RT__3V81,5,17,0,0.0,ok,154,154,1.0,8,8,0,0.0,0,0,0.0,,-5.582,False,
molgen_ns1.0,HIV_RT__3V81,6,17,0,0.0,ok,154,154,1.0,8,8,0,0.0,0,0,0.0,,-7.747,False,
molgen_ns1.0,HIV_RT__3V81,7,17,0,0.0,ok,154,154,1.0,8,8,0,0.0,0,0,0.0,,-5.491,False,
molgen_ns1.0,HIV_RT__3V81,8,17,0,0.0,ok,154,154,1.0,8,8,0,0.0,0,0,0.0,,-8.196,False,
molgen_ns1.0,HIV_RT__3V81,9,17,0,0.0,ok,154,154,1.0,8,8,0,0.0,0,0,0.0,,-8.615,False,
molgen_ns1.0,KRAS,0,21,0,0.0,ok,158,160,0.9875,11,11,0,0.0,0,0,0.0,,-8.947,False,
molgen_ns1.0,KRAS,1,21,0,0.0,ok,158,160,0.9875,11,11,0,0.0,0,0,0.0,,-8.332,False,
molgen_ns1.0,KRAS,2,21,0,0.0,ok,158,160,0.9875,11,11,0,0.0,0,0,0.0,,-10.27,False,
molgen_ns1.0,KRAS,3,21,0,0.0,ok,158,160,0.9875,11,11,0,0.0,0,0,0.0,,-7.63,False,
molgen_ns1.0,KRAS,4,21,0,0.0,ok,158,160,0.9875,11,11,0,0.0,0,0,0.0,,-7.516,False,
molgen_ns1.0,KRAS,5,21,0,0.0,ok,158,160,0.9875,11,11,0,0.0,0,0,0.0,,-8.759,False,
molgen_ns1.0,KRAS,6,21,0,0.0,ok,158,160,0.9875,11,11,0,0.0,0,0,0.0,,-7.486,False,
molgen_ns1.0,KRAS,7,21,0,0.0,ok,158,160,0.9875,11,11,0,0.0,0,0,0.0,,-4.822,False,
molgen_ns1.0,KRAS,8,21,0,0.0,ok,158,160,0.9875,11,11,0,0.0,0,0,0.0,,-7.16,False,
molgen_ns1.0,KRAS,9,21,0,0.0,ok,158,160,0.9875,11,11,0,0.0,0,0,0.0,,-7.524,False,
molgen_ns1.0,METTL14,0,22,0,0.0,ok,185,185,1.0,9,9,0,0.0,0,0,0.0,,-7.159,False,
molgen_ns1.0,METTL14,1,22,0,0.0,ok,185,185,1.0,9,9,0,0.0,0,0,0.0,,-6.656,False,
molgen_ns1.0,METTL14,2,22,0,0.0,ok,185,185,1.0,9,9,0,0.0,0,0,0.0,,-6.677,False,
molgen_ns1.0,METTL14,3,22,0,0.0,ok,185,185,1.0,9,9,0,0.0,0,0,0.0,,-6.488,False,
molgen_ns1.0,METTL14,4,22,0,0.0,ok,185,185,1.0,9,9,0,0.0,0,0,0.0,,-6.213,False,
molgen_ns1.0,METTL14,5,22,0,0.0,ok,185,185,1.0,9,9,0,0.0,0,0,0.0,,-6.261,False,
molgen_ns1.0,METTL14,6,22,0,0.0,ok,185,185,1.0,9,9,0,0.0,0,0,0.0,,-6.773,False,
molgen_ns1.0,METTL14,7,22,0,0.0,ok,185,185,1.0,9,9,0,0.0,0,0,0.0,,-6.621,False,
molgen_ns1.0,METTL14,8,22,0,0.0,ok,185,185,1.0,9,9,0,0.0,0,0,0.0,,-6.245,False,
molgen_ns1.0,METTL14,9,22,0,0.0,ok,185,185,1.0,9,9,0,0.0,0,0,0.0,,-6.712,False,
molgen_ns1.0,Menin,0,14,0,0.0,ok,121,121,1.0,6,6,0,0.0,0,0,0.0,,-7.053,False,
molgen_ns1.0,Menin,1,14,0,0.0,ok,121,121,1.0,6,6,0,0.0,0,0,0.0,,-8.362,False,
molgen_ns1.0,Menin,2,14,0,0.0,ok,121,121,1.0,6,6,0,0.0,0,0,0.0,,-8.185,False,
molgen_ns1.0,Menin,4,14,0,0.0,ok,121,121,1.0,6,6,0,0.0,0,0,0.0,,-6.874,False,
molgen_ns1.0,Menin,5,14,0,0.0,ok,121,121,1.0,6,6,0,0.0,0,0,0.0,,-7.476,False,
molgen_ns1.0,Menin,6,14,0,0.0,ok,121,121,1.0,6,6,0,0.0,0,0,0.0,,-6.317,False,
molgen_ns1.0,Menin,7,14,0,0.0,ok,121,121,1.0,6,6,0,0.0,0,0,0.0,,-7.808,False,
molgen_ns1.0,Menin,8,14,0,0.0,ok,121,121,1.0,6,6,0,0.0,0,0,0.0,,-6.882,False,
molgen_ns1.0,Menin,9,14,0,0.0,ok,121,121,1.0,6,6,0,0.0,0,0,0.0,,-6.881,False,
molgen_ns1.0,Menin,10,14,0,0.0,ok,121,121,1.0,6,6,0,0.0,0,0,0.0,,-7.326,False,
molgen_ns1.0,NDPK-A,1,17,0,0.0,ok,149,149,1.0,3,3,0,0.0,0,0,0.0,,-5.786,False,
molgen_ns1.0,NDPK-A,2,17,0,0.0,ok,149,149,1.0,3,3,0,0.0,0,0,0.0,,-5.419,False,
molgen_ns1.0,NDPK-A,3,17,0,0.0,ok,149,149,1.0,3,3,0,0.0,0,0,0.0,,-5.735,False,
molgen_ns1.0,NDPK-A,4,17,0,0.0,ok,149,149,1.0,3,3,0,0.0,0,0,0.0,,-5.772,False,
molgen_ns1.0,NDPK-A,5,17,0,0.0,ok,149,149,1.0,3,3,0,0.0,0,0,0.0,,-6.021,False,
molgen_ns1.0,NDPK-A,6,17,0,0.0,ok,149,149,1.0,3,3,0,0.0,0,0,0.0,,-5.109,False,
molgen_ns1.0,NDPK-A,7,17,0,0.0,ok,149,149,1.0,3,3,0,0.0,0,0,0.0,,-4.614,False,
molgen_ns1.0,NDPK-A,8,17,0,0.0,ok,149,149,1.0,3,3,0,0.0,0,0,0.0,,-6.016,False,
molgen_ns1.0,NDPK-A,9,17,0,0.0,ok,149,149,1.0,3,3,0,0.0,0,0,0.0,,-5.422,False,
molgen_ns1.0,NDPK-A,10,17,0,0.0,ok,149,149,1.0,3,3,0,0.0,0,0,0.0,,-5.608,False,
molgen_ns1.0,SHP2,0,19,0,0.0,ok,159,159,1.0,10,10,0,0.0,0,0,0.0,,-5.75,False,
molgen_ns1.0,SHP2,1,19,0,0.0,ok,159,159,1.0,10,10,0,0.0,0,0,0.0,,-7.249,False,
molgen_ns1.0,SHP2,2,19,0,0.0,ok,159,159,1.0,10,10,0,0.0,0,0,0.0,,-6.229,False,
molgen_ns1.0,SHP2,3,19,0,0.0,ok,159,159,1.0,10,10,0,0.0,0,0,0.0,,-6.33,False,
molgen_ns1.0,SHP2,4,19,0,0.0,ok,159,159,1.0,10,10,0,0.0,0,0,0.0,,-8.1,False,
molgen_ns1.0,SHP2,5,19,0,0.0,ok,159,159,1.0,10,10,0,0.0,0,0,0.0,,-6.555,False,
molgen_ns1.0,SHP2,6,19,0,0.0,ok,159,159,1.0,10,10,0,0.0,0,0,0.0,,-6.961,False,
molgen_ns1.0,SHP2,7,19,0,0.0,ok,159,159,1.0,10,10,0,0.0,0,0,0.0,,-7.457,False,
molgen_ns1.0,SHP2,8,19,0,0.0,ok,159,159,1.0,10,10,0,0.0,0,0,0.0,,-7.751,False,
molgen_ns1.0,SHP2,9,19,0,0.0,ok,159,159,1.0,10,10,0,0.0,0,0,0.0,,-7.322,False,
molgen_ns1.0,THSR,0,26,0,0.0,ok,206,206,1.0,12,12,0,0.0,0,0,0.0,,-10.12,False,
molgen_ns1.0,THSR,1,26,0,0.0,ok,206,206,1.0,12,12,0,0.0,0,0,0.0,,-8.87,False,
molgen_ns1.0,THSR,2,26,0,0.0,ok,206,206,1.0,12,12,0,0.0,0,0,0.0,,-9.371,False,
molgen_ns1.0,THSR,3,26,0,0.0,ok,206,206,1.0,12,12,0,0.0,0,0,0.0,,-9.575,False,
molgen_ns1.0,THSR,4,26,0,0.0,ok,206,206,1.0,12,12,0,0.0,0,0,0.0,,-9.912,False,
molgen_ns1.0,THSR,5,26,0,0.0,ok,206,206,1.0,12,12,0,0.0,0,0,0.0,,-10.06,False,
molgen_ns1.0,THSR,6,26,0,0.0,ok,206,206,1.0,12,12,0,0.0,0,0,0.0,,-9.546,False,
molgen_ns1.0,THSR,7,26,0,0.0,ok,206,206,1.0,12,12,0,0.0,0,0,0.0,,-10.53,False,
molgen_ns1.0,THSR,8,26,0,0.0,ok,206,206,1.0,12,12,0,0.0,0,0,0.0,,-9.257,False,
molgen_ns1.0,THSR,9,26,0,0.0,ok,206,206,1.0,12,12,0,0.0,0,0,0.0,,-10.02,False,
molgen_ns1.0,THSR__7UTZ,0,24,0,0.0,ok,186,186,1.0,8,8,0,0.0,0,0,0.0,,-5.745,False,
molgen_ns1.0,THSR__7UTZ,1,24,0,0.0,ok,186,186,1.0,8,8,0,0.0,0,0,0.0,,-5.438,False,
molgen_ns1.0,THSR__7UTZ,2,24,0,0.0,ok,186,186,1.0,8,8,0,0.0,0,0,0.0,,-5.658,False,
molgen_ns1.0,THSR__7UTZ,3,24,0,0.0,ok,186,186,1.0,8,8,0,0.0,0,0,0.0,,-5.622,False,
molgen_ns1.0,THSR__7UTZ,4,24,0,0.0,ok,186,186,1.0,8,8,0,0.0,0,0,0.0,,-6.111,False,
molgen_ns1.0,THSR__7UTZ,5,24,0,0.0,ok,186,186,1.0,8,8,0,0.0,0,0,0.0,,-5.985,False,
molgen_ns1.0,THSR__7UTZ,6,24,0,0.0,ok,186,186,1.0,8,8,0,0.0,0,0,0.0,,-5.141,False,
molgen_ns1.0,THSR__7UTZ,7,24,0,0.0,ok,186,186,1.0,8,8,0,0.0,0,0,0.0,,-5.63,False,
molgen_ns1.0,THSR__7UTZ,8,24,0,0.0,ok,186,186,1.0,8,8,0,0.0,0,0,0.0,,-6.297,False,
molgen_ns1.0,THSR__7UTZ,9,24,0,0.0,ok,186,186,1.0,8,8,0,0.0,0,0,0.0,,-5.982,False,
molgen_ns1.0,betaLG,0,16,0,0.0,ok,127,127,1.0,2,2,0,0.0,0,0,0.0,,-4.91,False,
molgen_ns1.0,betaLG,1,16,0,0.0,ok,127,127,1.0,2,2,0,0.0,0,0,0.0,,-5.009,False,
molgen_ns1.0,betaLG,2,16,0,0.0,ok,127,127,1.0,2,2,0,0.0,0,0,0.0,,-5.433,False,
molgen_ns1.0,betaLG,3,16,0,0.0,ok,127,127,1.0,2,2,0,0.0,0,0,0.0,,-5.06,False,
molgen_ns1.0,betaLG,4,16,0,0.0,ok,127,127,1.0,2,2,0,0.0,0,0,0.0,,-4.793,False,
molgen_ns1.0,betaLG,5,16,0,0.0,ok,127,127,1.0,2,2,0,0.0,0,0,0.0,,-4.689,False,
molgen_ns1.0,betaLG,6,16,0,0.0,ok,127,127,1.0,2,2,0,0.0,0,0,0.0,,-5.049,False,
molgen_ns1.0,betaLG,7,16,0,0.0,ok,127,127,1.0,2,2,0,0.0,0,0,0.0,,-5.061,False,
molgen_ns1.0,betaLG,8,16,0,0.0,ok,127,127,1.0,2,2,0,0.0,0,0,0.0,,-5.4,False,
molgen_ns1.0,betaLG,9,16,0,0.0,ok,127,127,1.0,2,2,0,0.0,0,0,0.0,,-4.465,False,
molgen_ns1.0,cAbl,0,23,0,0.0,ok,179,179,1.0,10,10,0,0.0,0,0,0.0,,-9.782,False,
molgen_ns1.0,cAbl,1,23,0,0.0,ok,179,179,1.0,10,10,0,0.0,0,0,0.0,,-11.18,False,
molgen_ns1.0,cAbl,2,23,0,0.0,ok,179,179,1.0,10,10,0,0.0,0,0,0.0,,-9.344,False,
molgen_ns1.0,cAbl,3,23,0,0.0,ok,179,179,1.0,10,10,0,0.0,0,0,0.0,,-9.908,False,
molgen_ns1.0,cAbl,4,23,0,0.0,ok,179,179,1.0,10,10,0,0.0,0,0,0.0,,-9.893,False,
molgen_ns1.0,cAbl,5,23,0,0.0,ok,179,179,1.0,10,10,0,0.0,0,0,0.0,,-10.1,False,
molgen_ns1.0,cAbl,6,23,0,0.0,ok,179,179,1.0,10,10,0,0.0,0,0,0.0,,-10.41,False,
molgen_ns1.0,cAbl,7,23,0,0.0,ok,179,179,1.0,10,10,0,0.0,0,0,0.0,,-10.02,False,
molgen_ns1.0,cAbl,8,23,0,0.0,ok,179,179,1.0,10,10,0,0.0,0,0,0.0,,-11.06,False,
molgen_ns1.0,cAbl,9,23,0,0.0,ok,179,179,1.0,10,10,0,0.0,0,0,0.0,,-6.382,False,
molgen_ns1.0,p53_Y220C,0,19,0,0.0,ok,138,138,1.0,11,11,0,0.0,0,0,0.0,,-7.617,False,
molgen_ns1.0,p53_Y220C,1,19,0,0.0,ok,138,138,1.0,11,11,0,0.0,0,0,0.0,,-6.84,False,
molgen_ns1.0,p53_Y220C,2,19,0,0.0,ok,138,138,1.0,11,11,0,0.0,0,0,0.0,,-6.951,False,
molgen_ns1.0,p53_Y220C,3,19,0,0.0,ok,138,138,1.0,11,11,0,0.0,0,0,0.0,,-5.487,False,
molgen_ns1.0,p53_Y220C,4,19,0,0.0,ok,138,138,1.0,11,11,0,0.0,0,0,0.0,,-7.53,False,
molgen_ns1.0,p53_Y220C,5,19,0,0.0,ok,138,138,1.0,11,11,0,0.0,0,0,0.0,,-6.968,False,
molgen_ns1.0,p53_Y220C,6,19,0,0.0,ok,138,138,1.0,11,11,0,0.0,0,0,0.0,,-6.384,False,
molgen_ns1.0,p53_Y220C,7,19,0,0.0,ok,138,138,1.0,11,11,0,0.0,0,0,0.0,,-7.955,False,
molgen_ns1.0,p53_Y220C,9,19,0,0.0,ok,138,138,1.0,11,11,0,0.0,0,0,0.0,,-7.269,False,
molgen_ns1.0,p53_Y220C,10,19,0,0.0,ok,138,138,1.0,11,11,0,0.0,0,0,0.0,,-7.92,False,
molgen_ns1.0,p53_Y220C__4AGQ,0,17,0,0.0,ok,128,128,1.0,13,13,0,0.0,0,0,0.0,,-8.385,False,
molgen_ns1.0,p53_Y220C__4AGQ,1,17,0,0.0,ok,128,128,1.0,13,13,0,0.0,0,0,0.0,,-7.542,False,
molgen_ns1.0,p53_Y220C__4AGQ,2,17,0,0.0,ok,128,128,1.0,13,13,0,0.0,0,0,0.0,,-6.747,False,
molgen_ns1.0,p53_Y220C__4AGQ,3,17,0,0.0,ok,128,128,1.0,13,13,0,0.0,0,0,0.0,,-8.117,False,
molgen_ns1.0,p53_Y220C__4AGQ,4,17,0,0.0,ok,128,128,1.0,13,13,0,0.0,0,0,0.0,,-7.045,False,
molgen_ns1.0,p53_Y220C__4AGQ,5,17,0,0.0,ok,128,128,1.0,13,13,0,0.0,0,0,0.0,,-7.094,False,
molgen_ns1.0,p53_Y220C__4AGQ,6,17,0,0.0,ok,128,128,1.0,13,13,0,0.0,0,0,0.0,,-7.453,False,
molgen_ns1.0,p53_Y220C__4AGQ,7,17,0,0.0,ok,128,128,1.0,13,13,0,0.0,0,0,0.0,,-6.935,False,
molgen_ns1.0,p53_Y220C__4AGQ,8,17,0,0.0,ok,128,128,1.0,13,13,0,0.0,0,0,0.0,,-7.746,False,
molgen_ns1.0,p53_Y220C__4AGQ,9,17,0,0.0,ok,128,128,1.0,13,13,0,0.0,0,0,0.0,,-6.74,False,
prody_rfd3,Bcl-xL,0,21,0,0.0,ok,178,190,0.936842105263158,9,9,0,0.0,0,0,0.0,,-9.005,False,
prody_rfd3,Bcl-xL,1,21,0,0.0,ok,178,190,0.936842105263158,9,9,0,0.0,0,0,0.0,,-9.248,False,
prody_rfd3,Bcl-xL,2,21,0,0.0,ok,178,190,0.936842105263158,9,9,0,0.0,0,0,0.0,,-9.0,False,
prody_rfd3,Bcl-xL,3,21,0,0.0,ok,178,190,0.936842105263158,9,9,0,0.0,0,0,0.0,,-9.298,False,
prody_rfd3,Bcl-xL,4,21,0,0.0,ok,178,190,0.936842105263158,9,9,0,0.0,0,0,0.0,,-9.209,False,
prody_rfd3,Bcl-xL,5,21,0,0.0,ok,178,190,0.936842105263158,9,9,0,0.0,0,0,0.0,,-9.072,False,
prody_rfd3,Bcl-xL,6,21,0,0.0,ok,178,190,0.936842105263158,9,9,0,0.0,0,0,0.0,,-9.023,False,
prody_rfd3,Bcl-xL,7,21,0,0.0,ok,178,190,0.936842105263158,9,9,0,0.0,0,0,0.0,,-9.152,False,
prody_rfd3,Bcl-xL,8,21,0,0.0,ok,178,190,0.936842105263158,9,9,0,0.0,0,0,0.0,,-8.929,False,
prody_rfd3,Bcl-xL,9,21,0,0.0,ok,178,190,0.936842105263158,9,9,0,0.0,0,0,0.0,,-9.097,False,
prody_rfd3,CB1,2,28,0,0.0,ok,246,246,1.0,10,10,0,0.0,0,0,0.0,,-8.201,False,
prody_rfd3,CB1,4,28,0,0.0,ok,246,246,1.0,10,10,0,0.0,0,0,0.0,,-9.942,False,
prody_rfd3,CB1,5,28,0,0.0,ok,246,246,1.0,10,10,0,0.0,0,0,0.0,,-8.3,False,
prody_rfd3,CB1,6,28,0,0.0,ok,246,246,1.0,10,10,0,0.0,0,0,0.0,,-6.286,False,
prody_rfd3,CB1,12,28,0,0.0,ok,246,246,1.0,10,10,0,0.0,0,0,0.0,,-9.607,False,-9.607
prody_rfd3,CB1,13,28,0,0.0,ok,246,246,1.0,10,10,0,0.0,0,0,0.0,,-8.821,False,-8.821
prody_rfd3,CB1,14,28,0,0.0,ok,246,246,1.0,10,10,0,0.0,0,0,0.0,,-7.301,False,-7.301
prody_rfd3,CB1,15,28,0,0.0,ok,246,246,1.0,10,10,0,0.0,0,0,0.0,,-9.07,False,-9.07
prody_rfd3,CB1,20,28,0,0.0,ok,246,246,1.0,10,10,0,0.0,0,0,0.0,,-10.189,False,-10.189
prody_rfd3,CB1,21,28,0,0.0,ok,246,246,1.0,10,10,0,0.0,0,0,0.0,,-7.989,False,-7.989
prody_rfd3,GLTP,0,8,0,0.0,ok,69,70,0.9857142857142858,1,1,0,0.0,0,0,0.0,,-5.452,False,
prody_rfd3,GLTP,1,8,0,0.0,ok,69,70,0.9857142857142858,1,1,0,0.0,0,0,0.0,,-5.417,False,
prody_rfd3,GLTP,2,8,0,0.0,ok,69,70,0.9857142857142858,1,1,0,0.0,0,0,0.0,,-4.964,False,
prody_rfd3,GLTP,3,8,0,0.0,ok,69,70,0.9857142857142858,1,1,0,0.0,0,0,0.0,,-5.293,False,
prody_rfd3,GLTP,4,8,0,0.0,ok,69,70,0.9857142857142858,1,1,0,0.0,0,0,0.0,,-5.096,False,
prody_rfd3,GLTP,5,8,0,0.0,ok,69,70,0.9857142857142858,1,1,0,0.0,0,0,0.0,,-5.101,False,
prody_rfd3,GLTP,7,8,0,0.0,ok,69,70,0.9857142857142858,1,1,0,0.0,0,0,0.0,,-5.451,False,
prody_rfd3,GLTP,8,8,0,0.0,ok,69,70,0.9857142857142858,1,1,0,0.0,0,0,0.0,,-5.455,False,
prody_rfd3,GLTP,9,8,0,0.0,ok,69,70,0.9857142857142858,1,1,0,0.0,0,0,0.0,,-5.288,False,
prody_rfd3,GLTP,10,8,0,0.0,ok,69,70,0.9857142857142858,1,1,0,0.0,0,0,0.0,,-4.981,False,-4.981
prody_rfd3,HIF2alpha,1,21,0,0.0,ok,172,172,1.0,4,4,0,0.0,0,0,0.0,,-4.538,False,
prody_rfd3,HIF2alpha,2,21,0,0.0,ok,172,172,1.0,4,4,0,0.0,0,0,0.0,,-2.233,False,
prody_rfd3,HIF2alpha,4,21,0,0.0,ok,172,172,1.0,4,4,0,0.0,0,0,0.0,,-5.136,False,
prody_rfd3,HIF2alpha,5,21,0,0.0,ok,172,172,1.0,4,4,0,0.0,0,0,0.0,,-4.594,False,
prody_rfd3,HIF2alpha,9,21,0,0.0,ok,172,172,1.0,4,4,0,0.0,0,0,0.0,,-4.62,False,
prody_rfd3,HIF2alpha,10,21,0,0.0,ok,172,172,1.0,4,4,0,0.0,0,0,0.0,,-1.598,False,-1.598
prody_rfd3,HIF2alpha,12,21,0,0.0,ok,172,172,1.0,4,4,0,0.0,0,0,0.0,,-5.291,False,-5.291
prody_rfd3,HIF2alpha,13,21,0,0.0,ok,172,172,1.0,4,4,0,0.0,0,0,0.0,,-4.699,False,-4.699
prody_rfd3,HIF2alpha,14,21,0,0.0,ok,172,172,1.0,4,4,0,0.0,0,0,0.0,,-4.918,False,-4.918
prody_rfd3,HIF2alpha,17,21,0,0.0,ok,172,172,1.0,4,4,0,0.0,0,0,0.0,,-4.625,False,-4.625
prody_rfd3,HIF2alpha__6D0B,1,25,0,0.0,ok,204,204,1.0,6,6,0,0.0,0,0,0.0,,-3.59,False,
prody_rfd3,HIF2alpha__6D0B,2,25,0,0.0,ok,204,204,1.0,6,6,0,0.0,0,0,0.0,,-0.536,False,
prody_rfd3,HIF2alpha__6D0B,4,25,0,0.0,ok,204,204,1.0,6,6,0,0.0,0,0,0.0,,-5.797,False,
prody_rfd3,HIF2alpha__6D0B,5,25,0,0.0,ok,204,204,1.0,6,6,0,0.0,0,0,0.0,,1.899,False,
prody_rfd3,HIF2alpha__6D0B,9,25,0,0.0,ok,204,204,1.0,6,6,0,0.0,0,0,0.0,,0.621,False,
prody_rfd3,HIF2alpha__6D0B,10,25,0,0.0,ok,204,204,1.0,6,6,0,0.0,0,0,0.0,,-0.475,False,-0.475
prody_rfd3,HIF2alpha__6D0B,12,25,0,0.0,ok,204,204,1.0,6,6,0,0.0,0,0,0.0,,-5.541,False,-5.541
prody_rfd3,HIF2alpha__6D0B,13,25,0,0.0,ok,204,204,1.0,6,6,0,0.0,0,0,0.0,,-2.626,False,-2.626
prody_rfd3,HIF2alpha__6D0B,14,25,0,0.0,ok,204,204,1.0,6,6,0,0.0,0,0,0.0,,-4.767,False,-4.767
prody_rfd3,HIF2alpha__6D0B,17,25,0,0.0,ok,204,204,1.0,6,6,0,0.0,0,0,0.0,,-0.822,False,-0.822
prody_rfd3,HIV1_CA,0,16,0,0.0,ok,126,129,0.9767441860465116,7,7,0,0.0,0,0,0.0,,-6.963,False,
prody_rfd3,HIV1_CA,1,16,0,0.0,ok,126,129,0.9767441860465116,7,7,0,0.0,0,0,0.0,,-7.353,False,
prody_rfd3,HIV1_CA,2,16,0,0.0,ok,126,129,0.9767441860465116,7,7,0,0.0,0,0,0.0,,-7.056,False,
prody_rfd3,HIV1_CA,3,16,0,0.0,ok,126,129,0.9767441860465116,7,7,0,0.0,0,0,0.0,,-7.479,False,
prody_rfd3,HIV1_CA,5,16,0,0.0,ok,126,129,0.9767441860465116,7,7,0,0.0,0,0,0.0,,-6.85,False,
prody_rfd3,HIV1_CA,6,16,0,0.0,ok,126,129,0.9767441860465116,7,7,0,0.0,0,0,0.0,,-7.584,False,
prody_rfd3,HIV1_CA,7,16,0,0.0,ok,126,129,0.9767441860465116,7,7,0,0.0,0,0,0.0,,-6.97,False,
prody_rfd3,HIV1_CA,8,16,0,0.0,ok,126,129,0.9767441860465116,7,7,0,0.0,0,0,0.0,,-7.297,False,
prody_rfd3,HIV1_CA,9,16,0,0.0,ok,126,129,0.9767441860465116,7,7,0,0.0,0,0,0.0,,-7.532,False,
prody_rfd3,HIV1_CA,10,16,0,0.0,ok,126,129,0.9767441860465116,7,7,0,0.0,0,0,0.0,,-6.782,False,-6.782
prody_rfd3,HIV_RT,2,19,0,0.0,ok,178,178,1.0,7,7,0,0.0,0,0,0.0,,-5.51,False,
prody_rfd3,HIV_RT,4,19,0,0.0,ok,178,178,1.0,7,7,0,0.0,0,0,0.0,,-6.402,False,
prody_rfd3,HIV_RT,6,19,0,0.0,ok,178,178,1.0,7,7,0,0.0,0,0,0.0,,-6.613,False,
prody_rfd3,HIV_RT,8,19,0,0.0,ok,178,178,1.0,7,7,0,0.0,0,0,0.0,,-5.459,False,
prody_rfd3,HIV_RT__3V81,0,17,0,0.0,ok,154,154,1.0,8,8,0,0.0,0,0,0.0,,-6.416,False,
prody_rfd3,HIV_RT__3V81,1,17,0,0.0,ok,154,154,1.0,8,8,0,0.0,0,0,0.0,,-5.969,False,
prody_rfd3,HIV_RT__3V81,2,17,0,0.0,ok,154,154,1.0,8,8,0,0.0,0,0,0.0,,-5.949,False,
prody_rfd3,HIV_RT__3V81,3,17,0,0.0,ok,154,154,1.0,8,8,0,0.0,0,0,0.0,,-5.693,False,
prody_rfd3,HIV_RT__3V81,4,17,0,0.0,ok,154,154,1.0,8,8,0,0.0,0,0,0.0,,-6.338,False,
prody_rfd3,HIV_RT__3V81,5,17,0,0.0,ok,154,154,1.0,8,8,0,0.0,0,0,0.0,,-6.169,False,
prody_rfd3,HIV_RT__3V81,6,17,0,0.0,ok,154,154,1.0,8,8,0,0.0,0,0,0.0,,-6.319,False,
prody_rfd3,HIV_RT__3V81,7,17,0,0.0,ok,154,154,1.0,8,8,0,0.0,0,0,0.0,,-6.152,False,
prody_rfd3,HIV_RT__3V81,8,17,0,0.0,ok,154,154,1.0,8,8,0,0.0,0,0,0.0,,-6.217,False,
prody_rfd3,HIV_RT__3V81,9,17,0,0.0,ok,154,154,1.0,8,8,0,0.0,0,0,0.0,,-6.048,False,
prody_rfd3,KRAS,0,21,0,0.0,ok,158,160,0.9875,11,11,0,0.0,0,0,0.0,,-5.617,False,
prody_rfd3,KRAS,1,21,0,0.0,ok,158,160,0.9875,11,11,0,0.0,0,0,0.0,,-6.201,False,
prody_rfd3,KRAS,2,21,0,0.0,ok,158,160,0.9875,11,11,0,0.0,0,0,0.0,,-5.98,False,
prody_rfd3,KRAS,3,21,0,0.0,ok,158,160,0.9875,11,11,0,0.0,0,0,0.0,,-5.887,False,
prody_rfd3,KRAS,4,21,0,0.0,ok,158,160,0.9875,11,11,0,0.0,0,0,0.0,,-6.039,False,
prody_rfd3,KRAS,5,21,0,0.0,ok,158,160,0.9875,11,11,0,0.0,0,0,0.0,,-6.026,False,
prody_rfd3,KRAS,6,21,0,0.0,ok,158,160,0.9875,11,11,0,0.0,0,0,0.0,,-6.134,False,
prody_rfd3,KRAS,7,21,0,0.0,ok,158,160,0.9875,11,11,0,0.0,0,0,0.0,,-6.722,False,
prody_rfd3,KRAS,8,21,0,0.0,ok,158,160,0.9875,11,11,0,0.0,0,0,0.0,,-5.453,False,
prody_rfd3,KRAS,9,21,0,0.0,ok,158,160,0.9875,11,11,0,0.0,0,0,0.0,,-6.113,False,
prody_rfd3,METTL14,0,22,0,0.0,ok,185,185,1.0,9,9,0,0.0,0,0,0.0,,-6.967,False,
prody_rfd3,METTL14,1,22,0,0.0,ok,185,185,1.0,9,9,0,0.0,0,0,0.0,,-7.213,False,
prody_rfd3,METTL14,2,22,0,0.0,ok,185,185,1.0,9,9,0,0.0,0,0,0.0,,-7.355,False,
prody_rfd3,METTL14,3,22,0,0.0,ok,185,185,1.0,9,9,0,0.0,0,0,0.0,,-7.008,False,
prody_rfd3,METTL14,4,22,0,0.0,ok,185,185,1.0,9,9,0,0.0,0,0,0.0,,-7.359,False,
prody_rfd3,METTL14,5,22,0,0.0,ok,185,185,1.0,9,9,0,0.0,0,0,0.0,,-7.296,False,
prody_rfd3,METTL14,6,22,0,0.0,ok,185,185,1.0,9,9,0,0.0,0,0,0.0,,-7.29,False,
prody_rfd3,METTL14,7,22,0,0.0,ok,185,185,1.0,9,9,0,0.0,0,0,0.0,,-7.474,False,
prody_rfd3,METTL14,8,22,0,0.0,ok,185,185,1.0,9,9,0,0.0,0,0,0.0,,-7.397,False,
prody_rfd3,METTL14,9,22,0,0.0,ok,185,185,1.0,9,9,0,0.0,0,0,0.0,,-5.939,False,
prody_rfd3,Menin,0,14,0,0.0,ok,121,121,1.0,6,6,0,0.0,0,0,0.0,,-7.318,False,
prody_rfd3,Menin,1,14,0,0.0,ok,121,121,1.0,6,6,0,0.0,0,0,0.0,,-7.202,False,
prody_rfd3,Menin,2,14,0,0.0,ok,121,121,1.0,6,6,0,0.0,0,0,0.0,,-7.161,False,
prody_rfd3,Menin,3,14,0,0.0,ok,121,121,1.0,6,6,0,0.0,0,0,0.0,,-7.316,False,
prody_rfd3,Menin,4,14,0,0.0,ok,121,121,1.0,6,6,0,0.0,0,0,0.0,,-7.387,False,
prody_rfd3,Menin,5,14,0,0.0,ok,121,121,1.0,6,6,0,0.0,0,0,0.0,,-7.232,False,
prody_rfd3,Menin,6,14,0,0.0,ok,121,121,1.0,6,6,0,0.0,0,0,0.0,,-7.321,False,
prody_rfd3,Menin,7,14,0,0.0,ok,121,121,1.0,6,6,0,0.0,0,0,0.0,,-7.357,False,
prody_rfd3,Menin,8,14,0,0.0,ok,121,121,1.0,6,6,0,0.0,0,0,0.0,,-7.498,False,
prody_rfd3,Menin,9,14,0,0.0,ok,121,121,1.0,6,6,0,0.0,0,0,0.0,,-7.352,False,
prody_rfd3,NDPK-A,0,17,0,0.0,ok,149,149,1.0,3,3,0,0.0,0,0,0.0,,-6.256,False,
prody_rfd3,NDPK-A,1,17,0,0.0,ok,149,149,1.0,3,3,0,0.0,0,0,0.0,,-6.677,False,
prody_rfd3,NDPK-A,2,17,0,0.0,ok,149,149,1.0,3,3,0,0.0,0,0,0.0,,-6.133,False,
prody_rfd3,NDPK-A,4,17,0,0.0,ok,149,149,1.0,3,3,0,0.0,0,0,0.0,,-5.916,False,
prody_rfd3,NDPK-A,5,17,0,0.0,ok,149,149,1.0,3,3,0,0.0,0,0,0.0,,-6.466,False,
prody_rfd3,NDPK-A,6,17,0,0.0,ok,149,149,1.0,3,3,0,0.0,0,0,0.0,,-5.943,False,
prody_rfd3,NDPK-A,7,17,0,0.0,ok,149,149,1.0,3,3,0,0.0,0,0,0.0,,-5.991,False,
prody_rfd3,NDPK-A,8,17,0,0.0,ok,149,149,1.0,3,3,0,0.0,0,0,0.0,,-6.536,False,
prody_rfd3,NDPK-A,9,17,0,0.0,ok,149,149,1.0,3,3,0,0.0,0,0,0.0,,-6.538,False,
prody_rfd3,NDPK-A,10,17,0,0.0,ok,149,149,1.0,3,3,0,0.0,0,0,0.0,,-6.161,False,-6.161
prody_rfd3,SHP2,10,19,0,0.0,ok,159,159,1.0,10,10,0,0.0,0,0,0.0,,-7.131,False,-7.131
prody_rfd3,SHP2,16,19,0,0.0,ok,159,159,1.0,10,10,0,0.0,0,0,0.0,,-8.226,False,-8.226
prody_rfd3,THSR,0,26,0,0.0,ok,206,206,1.0,12,12,0,0.0,0,0,0.0,,-9.582,False,
prody_rfd3,THSR,1,26,0,0.0,ok,206,206,1.0,12,12,0,0.0,0,0,0.0,,-10.096,False,
prody_rfd3,THSR,2,26,0,0.0,ok,206,206,1.0,12,12,0,0.0,0,0,0.0,,-9.528,False,
prody_rfd3,THSR,3,26,0,0.0,ok,206,206,1.0,12,12,0,0.0,0,0,0.0,,-9.124,False,
prody_rfd3,THSR,4,26,0,0.0,ok,206,206,1.0,12,12,0,0.0,0,0,0.0,,-9.576,False,
prody_rfd3,THSR,5,26,0,0.0,ok,206,206,1.0,12,12,0,0.0,0,0,0.0,,-10.069,False,
prody_rfd3,THSR,6,26,0,0.0,ok,206,206,1.0,12,12,0,0.0,0,0,0.0,,-8.627,False,
prody_rfd3,THSR,7,26,0,0.0,ok,206,206,1.0,12,12,0,0.0,0,0,0.0,,-9.219,False,
prody_rfd3,THSR,8,26,0,0.0,ok,206,206,1.0,12,12,0,0.0,0,0,0.0,,-9.479,False,
prody_rfd3,THSR,9,26,0,0.0,ok,206,206,1.0,12,12,0,0.0,0,0,0.0,,-8.727,False,
prody_rfd3,THSR__7UTZ,0,24,0,0.0,ok,186,186,1.0,8,8,0,0.0,0,0,0.0,,-5.832,False,
prody_rfd3,THSR__7UTZ,1,24,0,0.0,ok,186,186,1.0,8,8,0,0.0,0,0,0.0,,-6.196,False,
prody_rfd3,THSR__7UTZ,2,24,0,0.0,ok,186,186,1.0,8,8,0,0.0,0,0,0.0,,-6.212,False,
prody_rfd3,THSR__7UTZ,3,24,0,0.0,ok,186,186,1.0,8,8,0,0.0,0,0,0.0,,-6.184,False,
prody_rfd3,THSR__7UTZ,4,24,0,0.0,ok,186,186,1.0,8,8,0,0.0,0,0,0.0,,-5.896,False,
prody_rfd3,THSR__7UTZ,5,24,0,0.0,ok,186,186,1.0,8,8,0,0.0,0,0,0.0,,-6.289,False,
prody_rfd3,THSR__7UTZ,6,24,0,0.0,ok,186,186,1.0,8,8,0,0.0,0,0,0.0,,-6.274,False,
prody_rfd3,THSR__7UTZ,7,24,0,0.0,ok,186,186,1.0,8,8,0,0.0,0,0,0.0,,-6.359,False,
prody_rfd3,THSR__7UTZ,8,24,0,0.0,ok,186,186,1.0,8,8,0,0.0,0,0,0.0,,-6.229,False,
prody_rfd3,THSR__7UTZ,9,24,0,0.0,ok,186,186,1.0,8,8,0,0.0,0,0,0.0,,-6.315,False,
prody_rfd3,betaLG,1,16,0,0.0,ok,127,127,1.0,2,2,0,0.0,0,0,0.0,,-4.545,False,
prody_rfd3,betaLG,3,16,0,0.0,ok,127,127,1.0,2,2,0,0.0,0,0,0.0,,-4.857,False,
prody_rfd3,betaLG,4,16,0,0.0,ok,127,127,1.0,2,2,0,0.0,0,0,0.0,,-4.721,False,
prody_rfd3,betaLG,7,16,0,0.0,ok,127,127,1.0,2,2,0,0.0,0,0,0.0,,-4.625,False,
prody_rfd3,betaLG,9,16,0,0.0,ok,127,127,1.0,2,2,0,0.0,0,0,0.0,,-4.754,False,
prody_rfd3,betaLG,10,16,0,0.0,ok,127,127,1.0,2,2,0,0.0,0,0,0.0,,-4.796,False,-4.796
prody_rfd3,betaLG,11,16,0,0.0,ok,127,127,1.0,2,2,0,0.0,0,0,0.0,,-4.603,False,-4.603
prody_rfd3,betaLG,14,16,0,0.0,ok,127,127,1.0,2,2,0,0.0,0,0,0.0,,-4.832,False,-4.832
prody_rfd3,betaLG,16,16,0,0.0,ok,127,127,1.0,2,2,0,0.0,0,0,0.0,,-5.116,False,-5.116
prody_rfd3,betaLG,17,16,0,0.0,ok,127,127,1.0,2,2,0,0.0,0,0,0.0,,-4.505,False,-4.505
prody_rfd3,cAbl,0,23,0,0.0,ok,179,179,1.0,10,10,0,0.0,0,0,0.0,,-7.82,False,
prody_rfd3,cAbl,1,23,0,0.0,ok,179,179,1.0,10,10,0,0.0,0,0,0.0,,-7.466,False,
prody_rfd3,cAbl,2,23,0,0.0,ok,179,179,1.0,10,10,0,0.0,0,0,0.0,,-8.133,False,
prody_rfd3,cAbl,3,23,0,0.0,ok,179,179,1.0,10,10,0,0.0,0,0,0.0,,-7.549,False,
prody_rfd3,cAbl,5,23,0,0.0,ok,179,179,1.0,10,10,0,0.0,0,0,0.0,,-8.335,False,
prody_rfd3,cAbl,6,23,0,0.0,ok,179,179,1.0,10,10,0,0.0,0,0,0.0,,-8.278,False,
prody_rfd3,cAbl,7,23,0,0.0,ok,179,179,1.0,10,10,0,0.0,0,0,0.0,,-7.692,False,
prody_rfd3,cAbl,8,23,0,0.0,ok,179,179,1.0,10,10,0,0.0,0,0,0.0,,-7.883,False,
prody_rfd3,cAbl,9,23,0,0.0,ok,179,179,1.0,10,10,0,0.0,0,0,0.0,,-7.678,False,
prody_rfd3,cAbl,10,23,0,0.0,ok,179,179,1.0,10,10,0,0.0,0,0,0.0,,-8.334,False,-8.334
prody_rfd3,p53_Y220C,0,19,0,0.0,ok,138,138,1.0,11,11,0,0.0,0,0,0.0,,-4.253,False,
prody_rfd3,p53_Y220C,1,19,0,0.0,ok,138,138,1.0,11,11,0,0.0,0,0,0.0,,-4.351,False,
prody_rfd3,p53_Y220C,2,19,0,0.0,ok,138,138,1.0,11,11,0,0.0,0,0,0.0,,-4.412,False,
prody_rfd3,p53_Y220C,3,19,0,0.0,ok,138,138,1.0,11,11,0,0.0,0,0,0.0,,-4.344,False,
prody_rfd3,p53_Y220C,4,19,0,0.0,ok,138,138,1.0,11,11,0,0.0,0,0,0.0,,-4.646,False,
prody_rfd3,p53_Y220C,5,19,0,0.0,ok,138,138,1.0,11,11,0,0.0,0,0,0.0,,-5.515,False,
prody_rfd3,p53_Y220C,6,19,0,0.0,ok,138,138,1.0,11,11,0,0.0,0,0,0.0,,-4.45,False,
prody_rfd3,p53_Y220C,7,19,0,0.0,ok,138,138,1.0,11,11,0,0.0,0,0,0.0,,-5.089,False,
prody_rfd3,p53_Y220C,8,19,0,0.0,ok,138,138,1.0,11,11,0,0.0,0,0,0.0,,-4.884,False,
prody_rfd3,p53_Y220C,9,19,0,0.0,ok,138,138,1.0,11,11,0,0.0,0,0,0.0,,-4.143,False,
prody_rfd3,p53_Y220C__4AGQ,0,17,0,0.0,ok,128,128,1.0,13,13,0,0.0,0,0,0.0,,-5.166,False,
prody_rfd3,p53_Y220C__4AGQ,1,17,0,0.0,ok,128,128,1.0,13,13,0,0.0,0,0,0.0,,-4.853,False,
prody_rfd3,p53_Y220C__4AGQ,2,17,0,0.0,ok,128,128,1.0,13,13,0,0.0,0,0,0.0,,-5.297,False,
prody_rfd3,p53_Y220C__4AGQ,3,17,0,0.0,ok,128,128,1.0,13,13,0,0.0,0,0,0.0,,-5.509,False,
prody_rfd3,p53_Y220C__4AGQ,4,17,0,0.0,ok,128,128,1.0,13,13,0,0.0,0,0,0.0,,-5.612,False,
prody_rfd3,p53_Y220C__4AGQ,5,17,0,0.0,ok,128,128,1.0,13,13,0,0.0,0,0,0.0,,-5.33,False,
prody_rfd3,p53_Y220C__4AGQ,6,17,0,0.0,ok,128,128,1.0,13,13,0,0.0,0,0,0.0,,-4.956,False,
prody_rfd3,p53_Y220C__4AGQ,7,17,0,0.0,ok,128,128,1.0,13,13,0,0.0,0,0,0.0,,-5.402,False,
prody_rfd3,p53_Y220C__4AGQ,8,17,0,0.0,ok,128,128,1.0,13,13,0,0.0,0,0,0.0,,-5.248,False,
prody_rfd3,p53_Y220C__4AGQ,9,17,0,0.0,ok,128,128,1.0,13,13,0,0.0,0,0,0.0,,-5.063,False,
rfd3_fix7,Bcl-xL,0,21,0,0.0,ok,178,190,0.936842105263158,9,9,0,0.0,0,0,0.0,,-7.944,False,
rfd3_fix7,Bcl-xL,1,21,0,0.0,ok,178,190,0.936842105263158,9,9,0,0.0,0,0,0.0,,-8.027,False,
rfd3_fix7,Bcl-xL,2,21,0,0.0,ok,178,190,0.936842105263158,9,9,0,0.0,0,0,0.0,,-8.964,False,
rfd3_fix7,Bcl-xL,3,21,0,0.0,ok,178,190,0.936842105263158,9,9,0,0.0,0,0,0.0,,-8.28,False,
rfd3_fix7,Bcl-xL,4,21,0,0.0,ok,178,190,0.936842105263158,9,9,0,0.0,0,0,0.0,,-9.382,False,
rfd3_fix7,Bcl-xL,100,21,0,0.0,ok,178,190,0.936842105263158,9,9,0,0.0,0,0,0.0,,-8.503,False,
rfd3_fix7,Bcl-xL,101,21,0,0.0,ok,178,190,0.936842105263158,9,9,0,0.0,0,0,0.0,,-8.821,False,
rfd3_fix7,Bcl-xL,102,21,0,0.0,ok,178,190,0.936842105263158,9,9,0,0.0,0,0,0.0,,-8.931,False,
rfd3_fix7,Bcl-xL,104,21,0,0.0,ok,178,190,0.936842105263158,9,9,0,0.0,0,0,0.0,,-9.15,False,
rfd3_fix7,Bcl-xL,200,21,0,0.0,ok,178,190,0.936842105263158,9,9,0,0.0,0,0,0.0,,-9.156,False,-9.156
rfd3_fix7,CB1,0,28,0,0.0,ok,234,246,0.951219512195122,10,10,0,0.0,0,0,0.0,,-8.239,False,
rfd3_fix7,CB1,1,28,0,0.0,ok,234,246,0.951219512195122,10,10,0,0.0,0,0,0.0,,-7.89,False,
rfd3_fix7,CB1,2,28,0,0.0,ok,234,246,0.951219512195122,10,10,0,0.0,0,0,0.0,,-8.776,False,
rfd3_fix7,CB1,3,28,0,0.0,ok,234,246,0.951219512195122,10,10,0,0.0,0,0,0.0,,-8.106,False,
rfd3_fix7,CB1,4,28,0,0.0,ok,234,246,0.951219512195122,10,10,0,0.0,0,0,0.0,,-9.439,False,
rfd3_fix7,CB1,100,28,0,0.0,ok,234,246,0.951219512195122,10,10,0,0.0,0,0,0.0,,-6.576,False,
rfd3_fix7,CB1,101,28,0,0.0,ok,234,246,0.951219512195122,10,10,0,0.0,0,0,0.0,,-5.42,False,
rfd3_fix7,CB1,102,28,0,0.0,ok,234,246,0.951219512195122,10,10,0,0.0,0,0,0.0,,-8.725,False,
rfd3_fix7,CB1,103,28,0,0.0,ok,234,246,0.951219512195122,10,10,0,0.0,0,0,0.0,,-6.995,False,
rfd3_fix7,CB1,104,28,0,0.0,ok,234,246,0.951219512195122,10,10,0,0.0,0,0,0.0,,-8.056,False,
rfd3_fix7,FUT8,0,22,0,0.0,ok,181,181,1.0,6,6,0,0.0,0,0,0.0,,-7.867,False,
rfd3_fix7,FUT8,3,22,0,0.0,ok,181,181,1.0,6,6,0,0.0,0,0,0.0,,-7.706,False,
rfd3_fix7,FUT8,4,22,0,0.0,ok,181,181,1.0,6,6,0,0.0,0,0,0.0,,-7.72,False,
rfd3_fix7,FUT8,100,22,0,0.0,ok,181,181,1.0,6,6,0,0.0,0,0,0.0,,-7.411,False,
rfd3_fix7,FUT8,102,22,0,0.0,ok,181,181,1.0,6,6,0,0.0,0,0,0.0,,-8.186,False,
rfd3_fix7,FUT8,104,22,0,0.0,ok,181,181,1.0,6,6,0,0.0,0,0,0.0,,-8.2,False,
rfd3_fix7,FUT8,204,22,0,0.0,ok,181,181,1.0,6,6,0,0.0,0,0,0.0,,-8.642,False,-8.642
rfd3_fix7,FUT8,301,22,0,0.0,ok,181,181,1.0,6,6,0,0.0,0,0,0.0,,-7.898,False,-7.898
rfd3_fix7,FUT8,303,22,0,0.0,ok,181,181,1.0,6,6,0,0.0,0,0,0.0,,-8.312,False,-8.312
rfd3_fix7,FUT8,401,22,0,0.0,ok,181,181,1.0,6,6,0,0.0,0,0,0.0,,-7.943,False,-7.943
rfd3_fix7,GCGR,1,25,0,0.0,ok,223,233,0.9570815450643776,6,6,0,0.0,0,0,0.0,,-3.574,False,
rfd3_fix7,GCGR,2,25,0,0.0,ok,223,233,0.9570815450643776,6,6,0,0.0,0,0,0.0,,-4.121,False,
rfd3_fix7,GCGR,4,25,0,0.0,ok,223,233,0.9570815450643776,6,6,0,0.0,0,0,0.0,,-3.758,False,
rfd3_fix7,GCGR,100,25,0,0.0,ok,223,233,0.9570815450643776,6,6,0,0.0,0,0,0.0,,-3.497,False,
rfd3_fix7,GCGR,102,25,0,0.0,ok,223,233,0.9570815450643776,6,6,0,0.0,0,0,0.0,,-3.98,False,
rfd3_fix7,GCGR,103,25,0,0.0,ok,223,233,0.9570815450643776,6,6,0,0.0,0,0,0.0,,-3.566,False,
rfd3_fix7,GCGR,104,25,0,0.0,ok,223,233,0.9570815450643776,6,6,0,0.0,0,0,0.0,,-4.029,False,
rfd3_fix7,GCGR,200,25,0,0.0,ok,223,233,0.9570815450643776,6,6,0,0.0,0,0,0.0,,-3.745,False,
rfd3_fix7,GCGR,201,25,0,0.0,ok,223,233,0.9570815450643776,6,6,0,0.0,0,0,0.0,,-3.583,False,
rfd3_fix7,GCGR,202,25,0,0.0,ok,223,233,0.9570815450643776,6,6,0,0.0,0,0,0.0,,-3.723,False,
rfd3_fix7,GLTP,0,8,0,0.0,ok,69,70,0.9857142857142858,1,1,0,0.0,0,0,0.0,,-5.134,False,
rfd3_fix7,GLTP,1,8,0,0.0,ok,69,70,0.9857142857142858,1,1,0,0.0,0,0,0.0,,-4.961,False,
rfd3_fix7,GLTP,2,8,0,0.0,ok,69,70,0.9857142857142858,1,1,0,0.0,0,0,0.0,,-5.01,False,
rfd3_fix7,GLTP,3,8,0,0.0,ok,69,70,0.9857142857142858,1,1,0,0.0,0,0,0.0,,-5.178,False,
rfd3_fix7,GLTP,4,8,0,0.0,ok,69,70,0.9857142857142858,1,1,0,0.0,0,0,0.0,,-5.056,False,
rfd3_fix7,GLTP,100,8,0,0.0,ok,69,70,0.9857142857142858,1,1,0,0.0,0,0,0.0,,-5.174,False,
rfd3_fix7,GLTP,101,8,0,0.0,ok,69,70,0.9857142857142858,1,1,0,0.0,0,0,0.0,,-5.265,False,
rfd3_fix7,GLTP,102,8,0,0.0,ok,69,70,0.9857142857142858,1,1,0,0.0,0,0,0.0,,-5.316,False,
rfd3_fix7,GLTP,103,8,0,0.0,ok,69,70,0.9857142857142858,1,1,0,0.0,0,0,0.0,,-5.427,False,
rfd3_fix7,GLTP,104,8,0,0.0,ok,69,70,0.9857142857142858,1,1,0,0.0,0,0,0.0,,-5.223,False,
rfd3_fix7,HIF2alpha,0,21,0,0.0,ok,172,172,1.0,4,4,0,0.0,0,0,0.0,,-3.812,False,
rfd3_fix7,HIF2alpha,1,21,0,0.0,ok,172,172,1.0,4,4,0,0.0,0,0,0.0,,0.262,False,
rfd3_fix7,HIF2alpha,2,21,0,0.0,ok,172,172,1.0,4,4,0,0.0,0,0,0.0,,-4.211,False,
rfd3_fix7,HIF2alpha,3,21,0,0.0,ok,172,172,1.0,4,4,0,0.0,0,0,0.0,,5.619,False,
rfd3_fix7,HIF2alpha,4,21,0,0.0,ok,172,172,1.0,4,4,0,0.0,0,0,0.0,,-4.486,False,
rfd3_fix7,HIF2alpha,100,21,0,0.0,ok,172,172,1.0,4,4,0,0.0,0,0,0.0,,-4.214,False,
rfd3_fix7,HIF2alpha,101,21,0,0.0,ok,172,172,1.0,4,4,0,0.0,0,0,0.0,,-4.172,False,
rfd3_fix7,HIF2alpha,103,21,0,0.0,ok,172,172,1.0,4,4,0,0.0,0,0,0.0,,-3.891,False,
rfd3_fix7,HIF2alpha,104,21,0,0.0,ok,172,172,1.0,4,4,0,0.0,0,0,0.0,,2.012,False,
rfd3_fix7,HIF2alpha,201,21,0,0.0,ok,172,172,1.0,4,4,0,0.0,0,0,0.0,,-4.108,False,
rfd3_fix7,HIF2alpha__6D0B,0,25,0,0.0,ok,204,204,1.0,6,6,0,0.0,0,0,0.0,,3.109,False,
rfd3_fix7,HIF2alpha__6D0B,3,25,0,0.0,ok,204,204,1.0,6,6,0,0.0,0,0,0.0,,8.972,False,
rfd3_fix7,HIF2alpha__6D0B,100,25,0,0.0,ok,204,204,1.0,6,6,0,0.0,0,0,0.0,,-4.705,False,
rfd3_fix7,HIF2alpha__6D0B,101,25,0,0.0,ok,204,204,1.0,6,6,0,0.0,0,0,0.0,,-4.513,False,
rfd3_fix7,HIF2alpha__6D0B,102,25,0,0.0,ok,204,204,1.0,6,6,0,0.0,0,0,0.0,,8.37,False,
rfd3_fix7,HIF2alpha__6D0B,104,25,0,0.0,ok,204,204,1.0,6,6,0,0.0,0,0,0.0,,7.879,False,
rfd3_fix7,HIF2alpha__6D0B,200,25,0,0.0,ok,204,204,1.0,6,6,0,0.0,0,0,0.0,,-4.791,False,
rfd3_fix7,HIF2alpha__6D0B,201,25,0,0.0,ok,204,204,1.0,6,6,0,0.0,0,0,0.0,,2.533,False,
rfd3_fix7,HIF2alpha__6D0B,202,25,0,0.0,ok,204,204,1.0,6,6,0,0.0,0,0,0.0,,4.997,False,
rfd3_fix7,HIF2alpha__6D0B,300,25,0,0.0,ok,204,204,1.0,6,6,0,0.0,0,0,0.0,,5.163,False,
rfd3_fix7,HIV1_CA,0,16,0,0.0,ok,126,129,0.9767441860465116,7,7,0,0.0,0,0,0.0,,-6.945,False,
rfd3_fix7,HIV1_CA,1,16,0,0.0,ok,126,129,0.9767441860465116,7,7,0,0.0,0,0,0.0,,-6.717,False,
rfd3_fix7,HIV1_CA,2,16,0,0.0,ok,126,129,0.9767441860465116,7,7,0,0.0,0,0,0.0,,-7.341,False,
rfd3_fix7,HIV1_CA,3,16,0,0.0,ok,126,129,0.9767441860465116,7,7,0,0.0,0,0,0.0,,-6.385,False,
rfd3_fix7,HIV1_CA,4,16,0,0.0,ok,126,129,0.9767441860465116,7,7,0,0.0,0,0,0.0,,-6.445,False,
rfd3_fix7,HIV1_CA,100,16,0,0.0,ok,126,129,0.9767441860465116,7,7,0,0.0,0,0,0.0,,-6.538,False,
rfd3_fix7,HIV1_CA,101,16,0,0.0,ok,126,129,0.9767441860465116,7,7,0,0.0,0,0,0.0,,-7.262,False,
rfd3_fix7,HIV1_CA,102,16,0,0.0,ok,126,129,0.9767441860465116,7,7,0,0.0,0,0,0.0,,-7.497,False,
rfd3_fix7,HIV1_CA,103,16,0,0.0,ok,126,129,0.9767441860465116,7,7,0,0.0,0,0,0.0,,-6.111,False,
rfd3_fix7,HIV1_CA,104,16,0,0.0,ok,126,129,0.9767441860465116,7,7,0,0.0,0,0,0.0,,-6.213,False,
rfd3_fix7,HIV_RT,0,19,0,0.0,ok,178,178,1.0,7,7,0,0.0,0,0,0.0,,-6.327,False,
rfd3_fix7,HIV_RT,1,19,0,0.0,ok,178,178,1.0,7,7,0,0.0,0,0,0.0,,-6.357,False,
rfd3_fix7,HIV_RT,3,19,0,0.0,ok,178,178,1.0,7,7,0,0.0,0,0,0.0,,-5.498,False,
rfd3_fix7,HIV_RT,100,19,0,0.0,ok,178,178,1.0,7,7,0,0.0,0,0,0.0,,-6.511,False,
rfd3_fix7,HIV_RT,101,19,0,0.0,ok,178,178,1.0,7,7,0,0.0,0,0,0.0,,-6.592,False,
rfd3_fix7,HIV_RT,102,19,0,0.0,ok,178,178,1.0,7,7,0,0.0,0,0,0.0,,-6.485,False,
rfd3_fix7,HIV_RT,103,19,0,0.0,ok,178,178,1.0,7,7,0,0.0,0,0,0.0,,-6.594,False,
rfd3_fix7,HIV_RT,203,19,0,0.0,ok,178,178,1.0,7,7,0,0.0,0,0,0.0,,-6.068,False,
rfd3_fix7,HIV_RT,300,19,0,0.0,ok,178,178,1.0,7,7,0,0.0,0,0,0.0,,-6.021,False,
rfd3_fix7,HIV_RT,302,19,0,0.0,ok,178,178,1.0,7,7,0,0.0,0,0,0.0,,-5.14,False,
rfd3_fix7,HIV_RT__3V81,0,17,0,0.0,ok,154,154,1.0,8,8,0,0.0,0,0,0.0,,-6.211,False,
rfd3_fix7,HIV_RT__3V81,1,17,0,0.0,ok,154,154,1.0,8,8,0,0.0,0,0,0.0,,-5.98,False,
rfd3_fix7,HIV_RT__3V81,2,17,0,0.0,ok,154,154,1.0,8,8,0,0.0,0,0,0.0,,-6.194,False,
rfd3_fix7,HIV_RT__3V81,3,17,0,0.0,ok,154,154,1.0,8,8,0,0.0,0,0,0.0,,-6.081,False,
rfd3_fix7,HIV_RT__3V81,4,17,0,0.0,ok,154,154,1.0,8,8,0,0.0,0,0,0.0,,-5.66,False,
rfd3_fix7,HIV_RT__3V81,100,17,0,0.0,ok,154,154,1.0,8,8,0,0.0,0,0,0.0,,-5.743,False,
rfd3_fix7,HIV_RT__3V81,101,17,0,0.0,ok,154,154,1.0,8,8,0,0.0,0,0,0.0,,-6.182,False,
rfd3_fix7,HIV_RT__3V81,102,17,0,0.0,ok,154,154,1.0,8,8,0,0.0,0,0,0.0,,-6.53,False,
rfd3_fix7,HIV_RT__3V81,103,17,0,0.0,ok,154,154,1.0,8,8,0,0.0,0,0,0.0,,-6.468,False,
rfd3_fix7,HIV_RT__3V81,104,17,0,0.0,ok,154,154,1.0,8,8,0,0.0,0,0,0.0,,-5.564,False,
rfd3_fix7,KRAS,1,21,0,0.0,ok,158,160,0.9875,11,11,0,0.0,0,0,0.0,,-5.704,False,
rfd3_fix7,KRAS,2,21,0,0.0,ok,158,160,0.9875,11,11,0,0.0,0,0,0.0,,-5.882,False,
rfd3_fix7,KRAS,3,21,0,0.0,ok,158,160,0.9875,11,11,0,0.0,0,0,0.0,,-6.028,False,
rfd3_fix7,KRAS,4,21,0,0.0,ok,158,160,0.9875,11,11,0,0.0,0,0,0.0,,-5.772,False,
rfd3_fix7,KRAS,100,21,0,0.0,ok,158,160,0.9875,11,11,0,0.0,0,0,0.0,,-5.599,False,
rfd3_fix7,KRAS,101,21,0,0.0,ok,158,160,0.9875,11,11,0,0.0,0,0,0.0,,-5.711,False,
rfd3_fix7,KRAS,102,21,0,0.0,ok,158,160,0.9875,11,11,0,0.0,0,0,0.0,,-6.565,False,
rfd3_fix7,KRAS,103,21,0,0.0,ok,158,160,0.9875,11,11,0,0.0,0,0,0.0,,-5.936,False,
rfd3_fix7,KRAS,104,21,0,0.0,ok,158,160,0.9875,11,11,0,0.0,0,0,0.0,,-6.225,False,
rfd3_fix7,KRAS,200,21,0,0.0,ok,158,160,0.9875,11,11,0,0.0,0,0,0.0,,-5.678,False,
rfd3_fix7,METTL14,1,22,0,0.0,ok,185,185,1.0,9,9,0,0.0,0,0,0.0,,-5.873,False,
rfd3_fix7,METTL14,3,22,0,0.0,ok,185,185,1.0,9,9,0,0.0,0,0,0.0,,-6.132,False,
rfd3_fix7,METTL14,4,22,0,0.0,ok,185,185,1.0,9,9,0,0.0,0,0,0.0,,-6.76,False,
rfd3_fix7,METTL14,100,22,0,0.0,ok,185,185,1.0,9,9,0,0.0,0,0,0.0,,-5.8,False,
rfd3_fix7,METTL14,104,22,0,0.0,ok,185,185,1.0,9,9,0,0.0,0,0,0.0,,-6.506,False,
rfd3_fix7,METTL14,200,22,0,0.0,ok,185,185,1.0,9,9,0,0.0,0,0,0.0,,-5.889,False,-5.889
rfd3_fix7,METTL14,201,22,0,0.0,ok,185,185,1.0,9,9,0,0.0,0,0,0.0,,-6.378,False,-6.378
rfd3_fix7,METTL14,202,22,0,0.0,ok,185,185,1.0,9,9,0,0.0,0,0,0.0,,-5.802,False,-5.802
rfd3_fix7,METTL14,203,22,0,0.0,ok,185,185,1.0,9,9,0,0.0,0,0,0.0,,-6.045,False,-6.045
rfd3_fix7,METTL14,204,22,0,0.0,ok,185,185,1.0,9,9,0,0.0,0,0,0.0,,-5.904,False,-5.904
rfd3_fix7,Menin,0,14,0,0.0,ok,121,121,1.0,6,6,0,0.0,0,0,0.0,,-6.625,False,
rfd3_fix7,Menin,2,14,0,0.0,ok,121,121,1.0,6,6,0,0.0,0,0,0.0,,-6.74,False,
rfd3_fix7,Menin,3,14,0,0.0,ok,121,121,1.0,6,6,0,0.0,0,0,0.0,,-6.793,False,
rfd3_fix7,Menin,4,14,0,0.0,ok,121,121,1.0,6,6,0,0.0,0,0,0.0,,-6.825,False,
rfd3_fix7,Menin,100,14,0,0.0,ok,121,121,1.0,6,6,0,0.0,0,0,0.0,,-6.888,False,
rfd3_fix7,Menin,102,14,0,0.0,ok,121,121,1.0,6,6,0,0.0,0,0,0.0,,-6.936,False,
rfd3_fix7,Menin,103,14,0,0.0,ok,121,121,1.0,6,6,0,0.0,0,0,0.0,,-6.542,False,
rfd3_fix7,Menin,104,14,0,0.0,ok,121,121,1.0,6,6,0,0.0,0,0,0.0,,-7.145,False,
rfd3_fix7,Menin,200,14,0,0.0,ok,121,121,1.0,6,6,0,0.0,0,0,0.0,,-6.877,False,
rfd3_fix7,Menin,201,14,0,0.0,ok,121,121,1.0,6,6,0,0.0,0,0,0.0,,-7.044,False,
rfd3_fix7,NDPK-A,0,17,0,0.0,ok,149,149,1.0,3,3,0,0.0,0,0,0.0,,-6.623,False,
rfd3_fix7,NDPK-A,2,17,0,0.0,ok,149,149,1.0,3,3,0,0.0,0,0,0.0,,-6.188,False,
rfd3_fix7,NDPK-A,4,17,0,0.0,ok,149,149,1.0,3,3,0,0.0,0,0,0.0,,-6.193,False,
rfd3_fix7,NDPK-A,100,17,0,0.0,ok,149,149,1.0,3,3,0,0.0,0,0,0.0,,-6.907,False,
rfd3_fix7,NDPK-A,101,17,0,0.0,ok,149,149,1.0,3,3,0,0.0,0,0,0.0,,-6.679,False,
rfd3_fix7,NDPK-A,200,17,0,0.0,ok,149,149,1.0,3,3,0,0.0,0,0,0.0,,-6.492,False,-6.492
rfd3_fix7,NDPK-A,201,17,0,0.0,ok,149,149,1.0,3,3,0,0.0,0,0,0.0,,-6.73,False,-6.73
rfd3_fix7,NDPK-A,202,17,0,0.0,ok,149,149,1.0,3,3,0,0.0,0,0,0.0,,-6.576,False,-6.576
rfd3_fix7,NDPK-A,203,17,0,0.0,ok,149,149,1.0,3,3,0,0.0,0,0,0.0,,-6.807,False,-6.807
rfd3_fix7,NDPK-A,204,17,0,0.0,ok,149,149,1.0,3,3,0,0.0,0,0,0.0,,-6.366,False,-6.366
rfd3_fix7,SHP2,0,19,0,0.0,ok,159,159,1.0,10,10,0,0.0,0,0,0.0,,-6.839,False,
rfd3_fix7,SHP2,2,19,0,0.0,ok,159,159,1.0,10,10,0,0.0,0,0,0.0,,-6.533,False,
rfd3_fix7,SHP2,3,19,0,0.0,ok,159,159,1.0,10,10,0,0.0,0,0,0.0,,-7.217,False,
rfd3_fix7,SHP2,4,19,0,0.0,ok,159,159,1.0,10,10,0,0.0,0,0,0.0,,-7.091,False,
rfd3_fix7,SHP2,100,19,0,0.0,ok,159,159,1.0,10,10,0,0.0,0,0,0.0,,-7.781,False,
rfd3_fix7,SHP2,101,19,0,0.0,ok,159,159,1.0,10,10,0,0.0,0,0,0.0,,-6.967,False,
rfd3_fix7,SHP2,102,19,0,0.0,ok,159,159,1.0,10,10,0,0.0,0,0,0.0,,-7.803,False,
rfd3_fix7,SHP2,103,19,0,0.0,ok,159,159,1.0,10,10,0,0.0,0,0,0.0,,-6.324,False,
rfd3_fix7,SHP2,104,19,0,0.0,ok,159,159,1.0,10,10,0,0.0,0,0,0.0,,-6.886,False,
rfd3_fix7,SHP2,200,19,0,0.0,ok,159,159,1.0,10,10,0,0.0,0,0,0.0,,-7.295,False,-7.295
rfd3_fix7,THSR,0,26,0,0.0,ok,206,206,1.0,12,12,0,0.0,0,0,0.0,,-6.667,False,
rfd3_fix7,THSR,1,26,0,0.0,ok,206,206,1.0,12,12,0,0.0,0,0,0.0,,-8.905,False,
rfd3_fix7,THSR,2,26,0,0.0,ok,206,206,1.0,12,12,0,0.0,0,0,0.0,,-10.22,False,
rfd3_fix7,THSR,3,26,0,0.0,ok,206,206,1.0,12,12,0,0.0,0,0,0.0,,-7.949,False,
rfd3_fix7,THSR,4,26,0,0.0,ok,206,206,1.0,12,12,0,0.0,0,0,0.0,,-7.529,False,
rfd3_fix7,THSR,100,26,0,0.0,ok,206,206,1.0,12,12,0,0.0,0,0,0.0,,-6.359,False,
rfd3_fix7,THSR,101,26,0,0.0,ok,206,206,1.0,12,12,0,0.0,0,0,0.0,,-3.157,False,
rfd3_fix7,THSR,102,26,0,0.0,ok,206,206,1.0,12,12,0,0.0,0,0,0.0,,-9.873,False,
rfd3_fix7,THSR,103,26,0,0.0,ok,206,206,1.0,12,12,0,0.0,0,0,0.0,,-9.3,False,
rfd3_fix7,THSR,104,26,0,0.0,ok,206,206,1.0,12,12,0,0.0,0,0,0.0,,-9.297,False,
rfd3_fix7,THSR__7UTZ,0,24,0,0.0,ok,186,186,1.0,8,8,0,0.0,0,0,0.0,,-6.264,False,
rfd3_fix7,THSR__7UTZ,1,24,0,0.0,ok,186,186,1.0,8,8,0,0.0,0,0,0.0,,-6.187,False,
rfd3_fix7,THSR__7UTZ,2,24,0,0.0,ok,186,186,1.0,8,8,0,0.0,0,0,0.0,,-6.896,False,
rfd3_fix7,THSR__7UTZ,3,24,0,0.0,ok,186,186,1.0,8,8,0,0.0,0,0,0.0,,-5.728,False,
rfd3_fix7,THSR__7UTZ,4,24,0,0.0,ok,186,186,1.0,8,8,0,0.0,0,0,0.0,,-6.318,False,
rfd3_fix7,THSR__7UTZ,100,24,0,0.0,ok,186,186,1.0,8,8,0,0.0,0,0,0.0,,-6.652,False,
rfd3_fix7,THSR__7UTZ,101,24,0,0.0,ok,186,186,1.0,8,8,0,0.0,0,0,0.0,,-5.678,False,
rfd3_fix7,THSR__7UTZ,102,24,0,0.0,ok,186,186,1.0,8,8,0,0.0,0,0,0.0,,-6.233,False,
rfd3_fix7,THSR__7UTZ,103,24,0,0.0,ok,186,186,1.0,8,8,0,0.0,0,0,0.0,,-6.032,False,
rfd3_fix7,THSR__7UTZ,104,24,0,0.0,ok,186,186,1.0,8,8,0,0.0,0,0,0.0,,-5.869,False,
rfd3_fix7,betaLG,0,16,0,0.0,ok,127,127,1.0,2,2,0,0.0,0,0,0.0,,-5.054,False,
rfd3_fix7,betaLG,1,16,0,0.0,ok,127,127,1.0,2,2,0,0.0,0,0,0.0,,-5.415,False,
rfd3_fix7,betaLG,2,16,0,0.0,ok,127,127,1.0,2,2,0,0.0,0,0,0.0,,-4.905,False,
rfd3_fix7,betaLG,3,16,0,0.0,ok,127,127,1.0,2,2,0,0.0,0,0,0.0,,-5.282,False,
rfd3_fix7,betaLG,4,16,0,0.0,ok,127,127,1.0,2,2,0,0.0,0,0,0.0,,-5.242,False,
rfd3_fix7,betaLG,101,16,0,0.0,ok,127,127,1.0,2,2,0,0.0,0,0,0.0,,-5.128,False,
rfd3_fix7,betaLG,102,16,0,0.0,ok,127,127,1.0,2,2,0,0.0,0,0,0.0,,-4.912,False,
rfd3_fix7,betaLG,103,16,0,0.0,ok,127,127,1.0,2,2,0,0.0,0,0,0.0,,-5.623,False,
rfd3_fix7,betaLG,104,16,0,0.0,ok,127,127,1.0,2,2,0,0.0,0,0,0.0,,-5.012,False,
rfd3_fix7,betaLG,200,16,0,0.0,ok,127,127,1.0,2,2,0,0.0,0,0,0.0,,-4.919,False,-4.919
rfd3_fix7,cAbl,0,23,0,0.0,ok,179,179,1.0,10,10,0,0.0,0,0,0.0,,-8.161,False,
rfd3_fix7,cAbl,1,23,0,0.0,ok,179,179,1.0,10,10,0,0.0,0,0,0.0,,-8.103,False,
rfd3_fix7,cAbl,2,23,0,0.0,ok,179,179,1.0,10,10,0,0.0,0,0,0.0,,-8.524,False,
rfd3_fix7,cAbl,3,23,0,0.0,ok,179,179,1.0,10,10,0,0.0,0,0,0.0,,-8.278,False,
rfd3_fix7,cAbl,4,23,0,0.0,ok,179,179,1.0,10,10,0,0.0,0,0,0.0,,-8.112,False,
rfd3_fix7,cAbl,100,23,0,0.0,ok,179,179,1.0,10,10,0,0.0,0,0,0.0,,-8.641,False,
rfd3_fix7,cAbl,101,23,0,0.0,ok,179,179,1.0,10,10,0,0.0,0,0,0.0,,-8.085,False,
rfd3_fix7,cAbl,102,23,0,0.0,ok,179,179,1.0,10,10,0,0.0,0,0,0.0,,-8.256,False,
rfd3_fix7,cAbl,103,23,0,0.0,ok,179,179,1.0,10,10,0,0.0,0,0,0.0,,-8.665,False,
rfd3_fix7,cAbl,104,23,0,0.0,ok,179,179,1.0,10,10,0,0.0,0,0,0.0,,-7.581,False,
rfd3_fix7,p53_Y220C,0,19,0,0.0,ok,135,138,0.9782608695652174,11,11,0,0.0,0,0,0.0,,-5.177,False,
rfd3_fix7,p53_Y220C,1,19,0,0.0,ok,135,138,0.9782608695652174,11,11,0,0.0,0,0,0.0,,-4.958,False,
rfd3_fix7,p53_Y220C,2,19,0,0.0,ok,135,138,0.9782608695652174,11,11,0,0.0,0,0,0.0,,-5.25,False,
rfd3_fix7,p53_Y220C,3,19,0,0.0,ok,135,138,0.9782608695652174,11,11,0,0.0,0,0,0.0,,-5.297,False,
rfd3_fix7,p53_Y220C,4,19,0,0.0,ok,135,138,0.9782608695652174,11,11,0,0.0,0,0,0.0,,-5.06,False,
rfd3_fix7,p53_Y220C,100,19,0,0.0,ok,135,138,0.9782608695652174,11,11,0,0.0,0,0,0.0,,-5.273,False,
rfd3_fix7,p53_Y220C,101,19,0,0.0,ok,135,138,0.9782608695652174,11,11,0,0.0,0,0,0.0,,-5.301,False,
rfd3_fix7,p53_Y220C,102,19,0,0.0,ok,135,138,0.9782608695652174,11,11,0,0.0,0,0,0.0,,-5.669,False,
rfd3_fix7,p53_Y220C,103,19,0,0.0,ok,135,138,0.9782608695652174,11,11,0,0.0,0,0,0.0,,-5.378,False,
rfd3_fix7,p53_Y220C,104,19,0,0.0,ok,135,138,0.9782608695652174,11,11,0,0.0,0,0,0.0,,-5.321,False,
rfd3_fix7,p53_Y220C__4AGQ,0,17,0,0.0,ok,125,128,0.9765625,13,13,0,0.0,0,0,0.0,,-5.232,False,
rfd3_fix7,p53_Y220C__4AGQ,1,17,0,0.0,ok,125,128,0.9765625,13,13,0,0.0,0,0,0.0,,-5.325,False,
rfd3_fix7,p53_Y220C__4AGQ,2,17,0,0.0,ok,125,128,0.9765625,13,13,0,0.0,0,0,0.0,,-5.212,False,
rfd3_fix7,p53_Y220C__4AGQ,3,17,0,0.0,ok,125,128,0.9765625,13,13,0,0.0,0,0,0.0,,-5.648,False,
rfd3_fix7,p53_Y220C__4AGQ,4,17,0,0.0,ok,125,128,0.9765625,13,13,0,0.0,0,0,0.0,,-5.509,False,
rfd3_fix7,p53_Y220C__4AGQ,100,17,0,0.0,ok,125,128,0.9765625,13,13,0,0.0,0,0,0.0,,-5.311,False,
rfd3_fix7,p53_Y220C__4AGQ,101,17,0,0.0,ok,125,128,0.9765625,13,13,0,0.0,0,0,0.0,,-5.45,False,
rfd3_fix7,p53_Y220C__4AGQ,102,17,0,0.0,ok,125,128,0.9765625,13,13,0,0.0,0,0,0.0,,-5.618,False,
rfd3_fix7,p53_Y220C__4AGQ,103,17,0,0.0,ok,125,128,0.9765625,13,13,0,0.0,0,0,0.0,,-5.61,False,
rfd3_fix7,p53_Y220C__4AGQ,104,17,0,0.0,ok,125,128,0.9765625,13,13,0,0.0,0,0,0.0,,-5.361,False,
rosetta_fastrelax,Bcl-xL,0,21,0,0.0,ok,178,190,0.936842105263158,9,9,0,0.0,0,0,0.0,,-8.508,False,
rosetta_fastrelax,Bcl-xL,1,21,0,0.0,ok,178,190,0.936842105263158,9,9,0,0.0,0,0,0.0,,-8.182,False,
rosetta_fastrelax,Bcl-xL,2,21,0,0.0,ok,178,190,0.936842105263158,9,9,0,0.0,0,0,0.0,,-7.746,False,
rosetta_fastrelax,Bcl-xL,3,21,0,0.0,ok,178,190,0.936842105263158,9,9,0,0.0,0,0,0.0,,-7.141,False,
rosetta_fastrelax,Bcl-xL,4,21,0,0.0,ok,178,190,0.936842105263158,9,9,0,0.0,0,0,0.0,,-7.711,False,
rosetta_fastrelax,Bcl-xL,5,21,0,0.0,ok,178,190,0.936842105263158,9,9,0,0.0,0,0,0.0,,-7.054,False,
rosetta_fastrelax,Bcl-xL,6,21,0,0.0,ok,178,190,0.936842105263158,9,9,0,0.0,0,0,0.0,,-8.157,False,
rosetta_fastrelax,Bcl-xL,7,21,0,0.0,ok,178,190,0.936842105263158,9,9,0,0.0,0,0,0.0,,-7.356,False,
rosetta_fastrelax,Bcl-xL,8,21,0,0.0,ok,178,190,0.936842105263158,9,9,0,0.0,0,0,0.0,,-7.895,False,
rosetta_fastrelax,Bcl-xL,9,21,0,0.0,ok,178,190,0.936842105263158,9,9,0,0.0,0,0,0.0,,-6.983,False,
rosetta_fastrelax,CB1,0,28,0,0.0,ok,246,246,1.0,10,10,0,0.0,0,0,0.0,,-4.812,False,
rosetta_fastrelax,CB1,1,28,0,0.0,ok,246,246,1.0,10,10,0,0.0,0,0,0.0,,-8.299,False,
rosetta_fastrelax,CB1,2,28,0,0.0,ok,246,246,1.0,10,10,0,0.0,0,0,0.0,,-5.626,False,
rosetta_fastrelax,CB1,3,28,0,0.0,ok,246,246,1.0,10,10,0,0.0,0,0,0.0,,-0.116,False,
rosetta_fastrelax,CB1,4,28,0,0.0,ok,246,246,1.0,10,10,0,0.0,0,0,0.0,,-4.762,False,
rosetta_fastrelax,CB1,5,28,0,0.0,ok,246,246,1.0,10,10,0,0.0,0,0,0.0,,-3.006,False,
rosetta_fastrelax,CB1,6,28,0,0.0,ok,246,246,1.0,10,10,0,0.0,0,0,0.0,,-7.397,False,
rosetta_fastrelax,CB1,7,28,0,0.0,ok,246,246,1.0,10,10,0,0.0,0,0,0.0,,-3.772,False,
rosetta_fastrelax,CB1,8,28,0,0.0,ok,246,246,1.0,10,10,0,0.0,0,0,0.0,,-9.174,False,
rosetta_fastrelax,CB1,9,28,0,0.0,ok,246,246,1.0,10,10,0,0.0,0,0,0.0,,-7.062,False,
rosetta_fastrelax,FUT8,0,22,0,0.0,ok,181,181,1.0,6,6,0,0.0,0,0,0.0,,-7.698,False,
rosetta_fastrelax,FUT8,1,22,0,0.0,ok,181,181,1.0,6,6,0,0.0,0,0,0.0,,-6.625,False,
rosetta_fastrelax,FUT8,2,22,0,0.0,ok,181,181,1.0,6,6,0,0.0,0,0,0.0,,-7.562,False,
rosetta_fastrelax,FUT8,3,22,0,0.0,ok,181,181,1.0,6,6,0,0.0,0,0,0.0,,-7.71,False,
rosetta_fastrelax,FUT8,4,22,0,0.0,ok,181,181,1.0,6,6,0,0.0,0,0,0.0,,-6.959,False,
rosetta_fastrelax,FUT8,5,22,0,0.0,ok,181,181,1.0,6,6,0,0.0,0,0,0.0,,-7.508,False,
rosetta_fastrelax,FUT8,6,22,0,0.0,ok,181,181,1.0,6,6,0,0.0,0,0,0.0,,-6.706,False,
rosetta_fastrelax,FUT8,7,22,0,0.0,ok,181,181,1.0,6,6,0,0.0,0,0,0.0,,-7.433,False,
rosetta_fastrelax,FUT8,8,22,0,0.0,ok,181,181,1.0,6,6,0,0.0,0,0,0.0,,-7.883,False,
rosetta_fastrelax,FUT8,9,22,0,0.0,ok,181,181,1.0,6,6,0,0.0,0,0,0.0,,-7.492,False,
rosetta_fastrelax,GCGR,0,25,0,0.0,ok,228,233,0.9785407725321889,6,6,0,0.0,0,0,0.0,,-4.088,False,
rosetta_fastrelax,GCGR,1,25,0,0.0,ok,228,233,0.9785407725321889,6,6,0,0.0,0,0,0.0,,-3.82,False,
rosetta_fastrelax,GCGR,2,25,0,0.0,ok,228,233,0.9785407725321889,6,6,0,0.0,0,0,0.0,,-4.374,False,
rosetta_fastrelax,GCGR,3,25,0,0.0,ok,228,233,0.9785407725321889,6,6,0,0.0,0,0,0.0,,-3.961,False,
rosetta_fastrelax,GCGR,4,25,0,0.0,ok,228,233,0.9785407725321889,6,6,0,0.0,0,0,0.0,,-3.698,False,
rosetta_fastrelax,GCGR,5,25,0,0.0,ok,228,233,0.9785407725321889,6,6,0,0.0,0,0,0.0,,-4.075,False,
rosetta_fastrelax,GCGR,6,25,0,0.0,ok,228,233,0.9785407725321889,6,6,0,0.0,0,0,0.0,,-4.941,False,
rosetta_fastrelax,GCGR,7,25,0,0.0,ok,228,233,0.9785407725321889,6,6,0,0.0,0,0,0.0,,-3.576,False,
rosetta_fastrelax,GCGR,8,25,0,0.0,ok,228,233,0.9785407725321889,6,6,0,0.0,0,0,0.0,,-4.27,False,
rosetta_fastrelax,GCGR,9,25,0,0.0,ok,228,233,0.9785407725321889,6,6,0,0.0,0,0,0.0,,-3.989,False,
rosetta_fastrelax,GLTP,0,8,0,0.0,ok,69,70,0.9857142857142858,1,1,0,0.0,0,0,0.0,,-5.049,False,
rosetta_fastrelax,GLTP,1,8,0,0.0,ok,69,70,0.9857142857142858,1,1,0,0.0,0,0,0.0,,-5.089,False,
rosetta_fastrelax,GLTP,2,8,0,0.0,ok,69,70,0.9857142857142858,1,1,0,0.0,0,0,0.0,,-5.076,False,
rosetta_fastrelax,GLTP,3,8,0,0.0,ok,69,70,0.9857142857142858,1,1,0,0.0,0,0,0.0,,-5.187,False,
rosetta_fastrelax,GLTP,4,8,0,0.0,ok,69,70,0.9857142857142858,1,1,0,0.0,0,0,0.0,,-5.296,False,
rosetta_fastrelax,GLTP,5,8,0,0.0,ok,69,70,0.9857142857142858,1,1,0,0.0,0,0,0.0,,-4.969,False,
rosetta_fastrelax,GLTP,6,8,0,0.0,ok,69,70,0.9857142857142858,1,1,0,0.0,0,0,0.0,,-5.274,False,
rosetta_fastrelax,GLTP,7,8,0,0.0,ok,69,70,0.9857142857142858,1,1,0,0.0,0,0,0.0,,-5.226,False,
rosetta_fastrelax,GLTP,8,8,0,0.0,ok,69,70,0.9857142857142858,1,1,0,0.0,0,0,0.0,,-4.686,False,
rosetta_fastrelax,GLTP,9,8,0,0.0,ok,69,70,0.9857142857142858,1,1,0,0.0,0,0,0.0,,-5.263,False,
rosetta_fastrelax,HIF2alpha,0,21,0,0.0,ok,172,172,1.0,4,4,0,0.0,0,0,0.0,,-4.307,False,
rosetta_fastrelax,HIF2alpha,1,21,0,0.0,ok,172,172,1.0,4,4,0,0.0,0,0,0.0,,-4.921,False,
rosetta_fastrelax,HIF2alpha,2,21,0,0.0,ok,172,172,1.0,4,4,0,0.0,0,0,0.0,,-4.359,False,
rosetta_fastrelax,HIF2alpha,3,21,0,0.0,ok,172,172,1.0,4,4,0,0.0,0,0,0.0,,-3.782,False,
rosetta_fastrelax,HIF2alpha,4,21,0,0.0,ok,172,172,1.0,4,4,0,0.0,0,0,0.0,,0.925,False,
rosetta_fastrelax,HIF2alpha,5,21,0,0.0,ok,172,172,1.0,4,4,0,0.0,0,0,0.0,,-4.245,False,
rosetta_fastrelax,HIF2alpha,6,21,0,0.0,ok,172,172,1.0,4,4,0,0.0,0,0,0.0,,-3.138,False,
rosetta_fastrelax,HIF2alpha,7,21,0,0.0,ok,172,172,1.0,4,4,0,0.0,0,0,0.0,,-4.138,False,
rosetta_fastrelax,HIF2alpha,8,21,0,0.0,ok,172,172,1.0,4,4,0,0.0,0,0,0.0,,1.011,False,
rosetta_fastrelax,HIF2alpha,9,21,0,0.0,ok,172,172,1.0,4,4,0,0.0,0,0,0.0,,-4.809,False,
rosetta_fastrelax,HIF2alpha__6D0B,0,25,0,0.0,ok,204,204,1.0,6,6,0,0.0,0,0,0.0,,3.923,False,
rosetta_fastrelax,HIF2alpha__6D0B,1,25,0,0.0,ok,204,204,1.0,6,6,0,0.0,0,0,0.0,,-4.039,False,
rosetta_fastrelax,HIF2alpha__6D0B,2,25,0,0.0,ok,204,204,1.0,6,6,0,0.0,0,0,0.0,,2.65,False,
rosetta_fastrelax,HIF2alpha__6D0B,3,25,0,0.0,ok,204,204,1.0,6,6,0,0.0,0,0,0.0,,0.051,False,
rosetta_fastrelax,HIF2alpha__6D0B,4,25,0,0.0,ok,204,204,1.0,6,6,0,0.0,0,0,0.0,,3.637,False,
rosetta_fastrelax,HIF2alpha__6D0B,5,25,0,0.0,ok,204,204,1.0,6,6,0,0.0,0,0,0.0,,2.118,False,
rosetta_fastrelax,HIF2alpha__6D0B,6,25,0,0.0,ok,204,204,1.0,6,6,0,0.0,0,0,0.0,,0.079,False,
rosetta_fastrelax,HIF2alpha__6D0B,7,25,0,0.0,ok,204,204,1.0,6,6,0,0.0,0,0,0.0,,0.165,False,
rosetta_fastrelax,HIF2alpha__6D0B,8,25,0,0.0,ok,204,204,1.0,6,6,0,0.0,0,0,0.0,,-2.193,False,
rosetta_fastrelax,HIF2alpha__6D0B,9,25,0,0.0,ok,204,204,1.0,6,6,0,0.0,0,0,0.0,,-2.7,False,
rosetta_fastrelax,HIV1_CA,0,16,0,0.0,ok,126,129,0.9767441860465116,7,7,0,0.0,0,0,0.0,,-6.631,False,
rosetta_fastrelax,HIV1_CA,1,16,0,0.0,ok,126,129,0.9767441860465116,7,7,0,0.0,0,0,0.0,,-7.087,False,
rosetta_fastrelax,HIV1_CA,2,16,0,0.0,ok,126,129,0.9767441860465116,7,7,0,0.0,0,0,0.0,,-6.295,False,
rosetta_fastrelax,HIV1_CA,3,16,0,0.0,ok,126,129,0.9767441860465116,7,7,0,0.0,0,0,0.0,,-6.062,False,
rosetta_fastrelax,HIV1_CA,4,16,0,0.0,ok,126,129,0.9767441860465116,7,7,0,0.0,0,0,0.0,,-5.83,False,
rosetta_fastrelax,HIV1_CA,5,16,0,0.0,ok,126,129,0.9767441860465116,7,7,0,0.0,0,0,0.0,,-5.816,False,
rosetta_fastrelax,HIV1_CA,6,16,0,0.0,ok,126,129,0.9767441860465116,7,7,0,0.0,0,0,0.0,,-6.833,False,
rosetta_fastrelax,HIV1_CA,7,16,0,0.0,ok,126,129,0.9767441860465116,7,7,0,0.0,0,0,0.0,,-6.383,False,
rosetta_fastrelax,HIV1_CA,8,16,0,0.0,ok,126,129,0.9767441860465116,7,7,0,0.0,0,0,0.0,,-6.162,False,
rosetta_fastrelax,HIV1_CA,9,16,0,0.0,ok,126,129,0.9767441860465116,7,7,0,0.0,0,0,0.0,,-5.842,False,
rosetta_fastrelax,HIV_RT,0,19,0,0.0,ok,178,178,1.0,7,7,0,0.0,0,0,0.0,,-6.684,False,
rosetta_fastrelax,HIV_RT,1,19,0,0.0,ok,178,178,1.0,7,7,0,0.0,0,0,0.0,,-5.612,False,
rosetta_fastrelax,HIV_RT,2,19,0,0.0,ok,178,178,1.0,7,7,0,0.0,0,0,0.0,,-5.016,False,
rosetta_fastrelax,HIV_RT,3,19,0,0.0,ok,178,178,1.0,7,7,0,0.0,0,0,0.0,,-5.427,False,
rosetta_fastrelax,HIV_RT,4,19,0,0.0,ok,178,178,1.0,7,7,0,0.0,0,0,0.0,,-6.428,False,
rosetta_fastrelax,HIV_RT,5,19,0,0.0,ok,178,178,1.0,7,7,0,0.0,0,0,0.0,,-5.885,False,
rosetta_fastrelax,HIV_RT,6,19,0,0.0,ok,178,178,1.0,7,7,0,0.0,0,0,0.0,,-4.839,False,
rosetta_fastrelax,HIV_RT,7,19,0,0.0,ok,178,178,1.0,7,7,0,0.0,0,0,0.0,,-5.791,False,
rosetta_fastrelax,HIV_RT,8,19,0,0.0,ok,178,178,1.0,7,7,0,0.0,0,0,0.0,,-5.924,False,
rosetta_fastrelax,HIV_RT,9,19,0,0.0,ok,178,178,1.0,7,7,0,0.0,0,0,0.0,,-6.941,False,
rosetta_fastrelax,HIV_RT__3V81,0,17,0,0.0,ok,154,154,1.0,8,8,0,0.0,0,0,0.0,,-6.448,False,
rosetta_fastrelax,HIV_RT__3V81,1,17,0,0.0,ok,154,154,1.0,8,8,0,0.0,0,0,0.0,,-5.437,False,
rosetta_fastrelax,HIV_RT__3V81,2,17,0,0.0,ok,154,154,1.0,8,8,0,0.0,0,0,0.0,,-4.942,False,
rosetta_fastrelax,HIV_RT__3V81,3,17,0,0.0,ok,154,154,1.0,8,8,0,0.0,0,0,0.0,,-6.307,False,
rosetta_fastrelax,HIV_RT__3V81,4,17,0,0.0,ok,154,154,1.0,8,8,0,0.0,0,0,0.0,,-6.715,False,
rosetta_fastrelax,HIV_RT__3V81,5,17,0,0.0,ok,154,154,1.0,8,8,0,0.0,0,0,0.0,,-4.038,False,
rosetta_fastrelax,HIV_RT__3V81,6,17,0,0.0,ok,154,154,1.0,8,8,0,0.0,0,0,0.0,,-5.902,False,
rosetta_fastrelax,HIV_RT__3V81,7,17,0,0.0,ok,154,154,1.0,8,8,0,0.0,0,0,0.0,,-5.894,False,
rosetta_fastrelax,HIV_RT__3V81,8,17,0,0.0,ok,154,154,1.0,8,8,0,0.0,0,0,0.0,,-5.191,False,
rosetta_fastrelax,HIV_RT__3V81,9,17,0,0.0,ok,154,154,1.0,8,8,0,0.0,0,0,0.0,,-6.133,False,
rosetta_fastrelax,KRAS,0,21,0,0.0,ok,158,160,0.9875,11,11,0,0.0,0,0,0.0,,-5.953,False,
rosetta_fastrelax,KRAS,1,21,0,0.0,ok,158,160,0.9875,11,11,0,0.0,0,0,0.0,,-5.945,False,
rosetta_fastrelax,KRAS,2,21,0,0.0,ok,158,160,0.9875,11,11,0,0.0,0,0,0.0,,-5.684,False,
rosetta_fastrelax,KRAS,3,21,0,0.0,ok,158,160,0.9875,11,11,0,0.0,0,0,0.0,,-5.731,False,
rosetta_fastrelax,KRAS,4,21,0,0.0,ok,158,160,0.9875,11,11,0,0.0,0,0,0.0,,-5.673,False,
rosetta_fastrelax,KRAS,5,21,0,0.0,ok,158,160,0.9875,11,11,0,0.0,0,0,0.0,,-6.064,False,
rosetta_fastrelax,KRAS,6,21,0,0.0,ok,158,160,0.9875,11,11,0,0.0,0,0,0.0,,-6.104,False,
rosetta_fastrelax,KRAS,7,21,0,0.0,ok,158,160,0.9875,11,11,0,0.0,0,0,0.0,,-6.064,False,
rosetta_fastrelax,KRAS,8,21,0,0.0,ok,158,160,0.9875,11,11,0,0.0,0,0,0.0,,-6.079,False,
rosetta_fastrelax,KRAS,9,21,0,0.0,ok,158,160,0.9875,11,11,0,0.0,0,0,0.0,,-6.062,False,
rosetta_fastrelax,METTL14,0,22,0,0.0,ok,185,185,1.0,9,9,0,0.0,0,0,0.0,,-6.492,False,
rosetta_fastrelax,METTL14,1,22,0,0.0,ok,185,185,1.0,9,9,0,0.0,0,0,0.0,,-6.322,False,
rosetta_fastrelax,METTL14,2,22,0,0.0,ok,185,185,1.0,9,9,0,0.0,0,0,0.0,,-6.021,False,
rosetta_fastrelax,METTL14,3,22,0,0.0,ok,185,185,1.0,9,9,0,0.0,0,0,0.0,,-6.58,False,
rosetta_fastrelax,METTL14,4,22,0,0.0,ok,185,185,1.0,9,9,0,0.0,0,0,0.0,,-6.811,False,
rosetta_fastrelax,METTL14,5,22,0,0.0,ok,185,185,1.0,9,9,0,0.0,0,0,0.0,,-7.091,False,
rosetta_fastrelax,METTL14,6,22,0,0.0,ok,185,185,1.0,9,9,0,0.0,0,0,0.0,,-5.664,False,
rosetta_fastrelax,METTL14,7,22,0,0.0,ok,185,185,1.0,9,9,0,0.0,0,0,0.0,,-7.012,False,
rosetta_fastrelax,METTL14,8,22,0,0.0,ok,185,185,1.0,9,9,0,0.0,0,0,0.0,,-6.104,False,
rosetta_fastrelax,METTL14,9,22,0,0.0,ok,185,185,1.0,9,9,0,0.0,0,0,0.0,,-5.961,False,
rosetta_fastrelax,Menin,0,14,0,0.0,ok,121,121,1.0,6,6,0,0.0,0,0,0.0,,-7.47,False,
rosetta_fastrelax,Menin,1,14,0,0.0,ok,121,121,1.0,6,6,0,0.0,0,0,0.0,,-6.689,False,
rosetta_fastrelax,Menin,2,14,0,0.0,ok,121,121,1.0,6,6,0,0.0,0,0,0.0,,-7.373,False,
rosetta_fastrelax,Menin,3,14,0,0.0,ok,121,121,1.0,6,6,0,0.0,0,0,0.0,,-6.811,False,
rosetta_fastrelax,Menin,4,14,0,0.0,ok,121,121,1.0,6,6,0,0.0,0,0,0.0,,-7.144,False,
rosetta_fastrelax,Menin,5,14,0,0.0,ok,121,121,1.0,6,6,0,0.0,0,0,0.0,,-7.548,False,
rosetta_fastrelax,Menin,6,14,0,0.0,ok,121,121,1.0,6,6,0,0.0,0,0,0.0,,-7.16,False,
rosetta_fastrelax,Menin,7,14,0,0.0,ok,121,121,1.0,6,6,0,0.0,0,0,0.0,,-6.83,False,
rosetta_fastrelax,Menin,8,14,0,0.0,ok,121,121,1.0,6,6,0,0.0,0,0,0.0,,-7.508,False,
rosetta_fastrelax,Menin,9,14,0,0.0,ok,121,121,1.0,6,6,0,0.0,0,0,0.0,,-7.235,False,
rosetta_fastrelax,NDPK-A,0,17,0,0.0,ok,149,149,1.0,3,3,0,0.0,0,0,0.0,,-5.239,False,
rosetta_fastrelax,NDPK-A,1,17,0,0.0,ok,149,149,1.0,3,3,0,0.0,0,0,0.0,,-7.23,False,
rosetta_fastrelax,NDPK-A,2,17,0,0.0,ok,149,149,1.0,3,3,0,0.0,0,0,0.0,,-6.632,False,
rosetta_fastrelax,NDPK-A,3,17,0,0.0,ok,149,149,1.0,3,3,0,0.0,0,0,0.0,,-5.035,False,
rosetta_fastrelax,NDPK-A,4,17,0,0.0,ok,149,149,1.0,3,3,0,0.0,0,0,0.0,,-6.941,False,
rosetta_fastrelax,NDPK-A,5,17,0,0.0,ok,149,149,1.0,3,3,0,0.0,0,0,0.0,,-6.784,False,
rosetta_fastrelax,NDPK-A,6,17,0,0.0,ok,149,149,1.0,3,3,0,0.0,0,0,0.0,,-6.556,False,
rosetta_fastrelax,NDPK-A,7,17,0,0.0,ok,149,149,1.0,3,3,0,0.0,0,0,0.0,,-6.559,False,
rosetta_fastrelax,NDPK-A,8,17,0,0.0,ok,149,149,1.0,3,3,0,0.0,0,0,0.0,,-5.851,False,
rosetta_fastrelax,NDPK-A,9,17,0,0.0,ok,149,149,1.0,3,3,0,0.0,0,0,0.0,,-6.707,False,
rosetta_fastrelax,SHP2,0,19,0,0.0,ok,159,159,1.0,10,10,0,0.0,0,0,0.0,,-7.224,False,
rosetta_fastrelax,SHP2,1,19,0,0.0,ok,159,159,1.0,10,10,0,0.0,0,0,0.0,,-6.854,False,
rosetta_fastrelax,SHP2,2,19,0,0.0,ok,159,159,1.0,10,10,0,0.0,0,0,0.0,,-7.666,False,
rosetta_fastrelax,SHP2,3,19,0,0.0,ok,159,159,1.0,10,10,0,0.0,0,0,0.0,,-7.904,False,
rosetta_fastrelax,SHP2,4,19,0,0.0,ok,159,159,1.0,10,10,0,0.0,0,0,0.0,,-7.846,False,
rosetta_fastrelax,SHP2,5,19,0,0.0,ok,159,159,1.0,10,10,0,0.0,0,0,0.0,,-6.77,False,
rosetta_fastrelax,SHP2,6,19,0,0.0,ok,159,159,1.0,10,10,0,0.0,0,0,0.0,,-8.021,False,
rosetta_fastrelax,SHP2,7,19,0,0.0,ok,159,159,1.0,10,10,0,0.0,0,0,0.0,,-7.601,False,
rosetta_fastrelax,SHP2,8,19,0,0.0,ok,159,159,1.0,10,10,0,0.0,0,0,0.0,,-9.231,False,
rosetta_fastrelax,SHP2,9,19,0,0.0,ok,159,159,1.0,10,10,0,0.0,0,0,0.0,,-7.303,False,
rosetta_fastrelax,THSR,0,26,0,0.0,ok,206,206,1.0,12,12,0,0.0,0,0,0.0,,-8.639,False,
rosetta_fastrelax,THSR,1,26,0,0.0,ok,206,206,1.0,12,12,0,0.0,0,0,0.0,,-7.879,False,
rosetta_fastrelax,THSR,2,26,0,0.0,ok,206,206,1.0,12,12,0,0.0,0,0,0.0,,-8.538,False,
rosetta_fastrelax,THSR,3,26,0,0.0,ok,206,206,1.0,12,12,0,0.0,0,0,0.0,,-5.759,False,
rosetta_fastrelax,THSR,4,26,0,0.0,ok,206,206,1.0,12,12,0,0.0,0,0,0.0,,-9.084,False,
rosetta_fastrelax,THSR,5,26,0,0.0,ok,206,206,1.0,12,12,0,0.0,0,0,0.0,,-8.421,False,
rosetta_fastrelax,THSR,6,26,0,0.0,ok,206,206,1.0,12,12,0,0.0,0,0,0.0,,-9.069,False,
rosetta_fastrelax,THSR,7,26,0,0.0,ok,206,206,1.0,12,12,0,0.0,0,0,0.0,,-3.144,False,
rosetta_fastrelax,THSR,8,26,0,0.0,ok,206,206,1.0,12,12,0,0.0,0,0,0.0,,-7.292,False,
rosetta_fastrelax,THSR,9,26,0,0.0,ok,206,206,1.0,12,12,0,0.0,0,0,0.0,,-9.512,False,
rosetta_fastrelax,THSR__7UTZ,0,24,0,0.0,ok,186,186,1.0,8,8,0,0.0,0,0,0.0,,-6.567,False,
rosetta_fastrelax,THSR__7UTZ,1,24,0,0.0,ok,186,186,1.0,8,8,0,0.0,0,0,0.0,,-5.129,False,
rosetta_fastrelax,THSR__7UTZ,2,24,0,0.0,ok,186,186,1.0,8,8,0,0.0,0,0,0.0,,-5.914,False,
rosetta_fastrelax,THSR__7UTZ,3,24,0,0.0,ok,186,186,1.0,8,8,0,0.0,0,0,0.0,,-6.044,False,
rosetta_fastrelax,THSR__7UTZ,4,24,0,0.0,ok,186,186,1.0,8,8,0,0.0,0,0,0.0,,-6.517,False,
rosetta_fastrelax,THSR__7UTZ,5,24,0,0.0,ok,186,186,1.0,8,8,0,0.0,0,0,0.0,,-6.257,False,
rosetta_fastrelax,THSR__7UTZ,6,24,0,0.0,ok,186,186,1.0,8,8,0,0.0,0,0,0.0,,-6.347,False,
rosetta_fastrelax,THSR__7UTZ,7,24,0,0.0,ok,186,186,1.0,8,8,0,0.0,0,0,0.0,,-3.565,False,
rosetta_fastrelax,THSR__7UTZ,8,24,0,0.0,ok,186,186,1.0,8,8,0,0.0,0,0,0.0,,-4.768,False,
rosetta_fastrelax,THSR__7UTZ,9,24,0,0.0,ok,186,186,1.0,8,8,0,0.0,0,0,0.0,,-6.185,False,
rosetta_fastrelax,betaLG,0,16,0,0.0,ok,127,127,1.0,2,2,0,0.0,0,0,0.0,,-4.498,False,
rosetta_fastrelax,betaLG,1,16,0,0.0,ok,127,127,1.0,2,2,0,0.0,0,0,0.0,,-5.09,False,
rosetta_fastrelax,betaLG,2,16,0,0.0,ok,127,127,1.0,2,2,0,0.0,0,0,0.0,,-4.54,False,
rosetta_fastrelax,betaLG,3,16,0,0.0,ok,127,127,1.0,2,2,0,0.0,0,0,0.0,,-4.983,False,
rosetta_fastrelax,betaLG,4,16,0,0.0,ok,127,127,1.0,2,2,0,0.0,0,0,0.0,,-4.407,False,
rosetta_fastrelax,betaLG,5,16,0,0.0,ok,127,127,1.0,2,2,0,0.0,0,0,0.0,,-5.123,False,
rosetta_fastrelax,betaLG,6,16,0,0.0,ok,127,127,1.0,2,2,0,0.0,0,0,0.0,,-5.183,False,
rosetta_fastrelax,betaLG,7,16,0,0.0,ok,127,127,1.0,2,2,0,0.0,0,0,0.0,,-4.227,False,
rosetta_fastrelax,betaLG,8,16,0,0.0,ok,127,127,1.0,2,2,0,0.0,0,0,0.0,,-5.015,False,
rosetta_fastrelax,betaLG,9,16,0,0.0,ok,127,127,1.0,2,2,0,0.0,0,0,0.0,,-4.683,False,
rosetta_fastrelax,cAbl,0,23,0,0.0,ok,179,179,1.0,10,10,0,0.0,0,0,0.0,,-7.869,False,
rosetta_fastrelax,cAbl,1,23,0,0.0,ok,179,179,1.0,10,10,0,0.0,0,0,0.0,,-8.868,False,
rosetta_fastrelax,cAbl,2,23,0,0.0,ok,179,179,1.0,10,10,0,0.0,0,0,0.0,,-7.403,False,
rosetta_fastrelax,cAbl,3,23,0,0.0,ok,179,179,1.0,10,10,0,0.0,0,0,0.0,,-8.519,False,
rosetta_fastrelax,cAbl,4,23,0,0.0,ok,179,179,1.0,10,10,0,0.0,0,0,0.0,,-7.513,False,
rosetta_fastrelax,cAbl,5,23,0,0.0,ok,179,179,1.0,10,10,0,0.0,0,0,0.0,,-8.486,False,
rosetta_fastrelax,cAbl,6,23,0,0.0,ok,179,179,1.0,10,10,0,0.0,0,0,0.0,,-8.456,False,
rosetta_fastrelax,cAbl,7,23,0,0.0,ok,179,179,1.0,10,10,0,0.0,0,0,0.0,,-7.189,False,
rosetta_fastrelax,cAbl,8,23,0,0.0,ok,179,179,1.0,10,10,0,0.0,0,0,0.0,,-8.005,False,
rosetta_fastrelax,cAbl,9,23,0,0.0,ok,179,179,1.0,10,10,0,0.0,0,0,0.0,,-7.893,False,
rosetta_fastrelax,p53_Y220C,0,19,0,0.0,ok,138,138,1.0,11,11,0,0.0,0,0,0.0,,-4.614,False,
rosetta_fastrelax,p53_Y220C,1,19,0,0.0,ok,138,138,1.0,11,11,0,0.0,0,0,0.0,,-4.458,False,
rosetta_fastrelax,p53_Y220C,2,19,0,0.0,ok,138,138,1.0,11,11,0,0.0,0,0,0.0,,-4.538,False,
rosetta_fastrelax,p53_Y220C,3,19,0,0.0,ok,138,138,1.0,11,11,0,0.0,0,0,0.0,,-4.354,False,
rosetta_fastrelax,p53_Y220C,4,19,0,0.0,ok,138,138,1.0,11,11,0,0.0,0,0,0.0,,-4.468,False,
rosetta_fastrelax,p53_Y220C,5,19,0,0.0,ok,138,138,1.0,11,11,0,0.0,0,0,0.0,,-4.432,False,
rosetta_fastrelax,p53_Y220C,6,19,0,0.0,ok,138,138,1.0,11,11,0,0.0,0,0,0.0,,-4.741,False,
rosetta_fastrelax,p53_Y220C,7,19,0,0.0,ok,138,138,1.0,11,11,0,0.0,0,0,0.0,,-4.164,False,
rosetta_fastrelax,p53_Y220C,8,19,0,0.0,ok,138,138,1.0,11,11,0,0.0,0,0,0.0,,-4.672,False,
rosetta_fastrelax,p53_Y220C,9,19,0,0.0,ok,138,138,1.0,11,11,0,0.0,0,0,0.0,,-4.366,False,
rosetta_fastrelax,p53_Y220C__4AGQ,0,17,0,0.0,ok,128,128,1.0,13,13,0,0.0,0,0,0.0,,-5.275,False,
rosetta_fastrelax,p53_Y220C__4AGQ,1,17,0,0.0,ok,128,128,1.0,13,13,0,0.0,0,0,0.0,,-5.351,False,
rosetta_fastrelax,p53_Y220C__4AGQ,2,17,0,0.0,ok,128,128,1.0,13,13,0,0.0,0,0,0.0,,-5.208,False,
rosetta_fastrelax,p53_Y220C__4AGQ,3,17,0,0.0,ok,128,128,1.0,13,13,0,0.0,0,0,0.0,,-5.394,False,
rosetta_fastrelax,p53_Y220C__4AGQ,4,17,0,0.0,ok,128,128,1.0,13,13,0,0.0,0,0,0.0,,-5.387,False,
rosetta_fastrelax,p53_Y220C__4AGQ,5,17,0,0.0,ok,128,128,1.0,13,13,0,0.0,0,0,0.0,,-5.209,False,
rosetta_fastrelax,p53_Y220C__4AGQ,6,17,0,0.0,ok,128,128,1.0,13,13,0,0.0,0,0,0.0,,-5.189,False,
rosetta_fastrelax,p53_Y220C__4AGQ,7,17,0,0.0,ok,128,128,1.0,13,13,0,0.0,0,0,0.0,,-5.491,False,
rosetta_fastrelax,p53_Y220C__4AGQ,8,17,0,0.0,ok,128,128,1.0,13,13,0,0.0,0,0,0.0,,-5.266,False,
rosetta_fastrelax,p53_Y220C__4AGQ,9,17,0,0.0,ok,128,128,1.0,13,13,0,0.0,0,0,0.0,,-5.289,False,
rosetta_repack,Bcl-xL,0,21,0,0.0,ok,178,190,0.936842105263158,9,9,0,0.0,0,0,0.0,,-9.459,False,
rosetta_repack,Bcl-xL,1,21,0,0.0,ok,178,190,0.936842105263158,9,9,0,0.0,0,0,0.0,,-9.362,False,
rosetta_repack,Bcl-xL,2,21,0,0.0,ok,178,190,0.936842105263158,9,9,0,0.0,0,0,0.0,,-9.425,False,
rosetta_repack,Bcl-xL,3,21,0,0.0,ok,178,190,0.936842105263158,9,9,0,0.0,0,0,0.0,,-9.367,False,
rosetta_repack,Bcl-xL,4,21,0,0.0,ok,178,190,0.936842105263158,9,9,0,0.0,0,0,0.0,,-9.406,False,
rosetta_repack,Bcl-xL,5,21,0,0.0,ok,178,190,0.936842105263158,9,9,0,0.0,0,0,0.0,,-9.402,False,
rosetta_repack,Bcl-xL,6,21,0,0.0,ok,178,190,0.936842105263158,9,9,0,0.0,0,0,0.0,,-9.43,False,
rosetta_repack,Bcl-xL,7,21,0,0.0,ok,178,190,0.936842105263158,9,9,0,0.0,0,0,0.0,,-9.279,False,
rosetta_repack,Bcl-xL,8,21,0,0.0,ok,178,190,0.936842105263158,9,9,0,0.0,0,0,0.0,,-9.341,False,
rosetta_repack,Bcl-xL,9,21,0,0.0,ok,178,190,0.936842105263158,9,9,0,0.0,0,0,0.0,,-8.341,False,
rosetta_repack,CB1,0,28,0,0.0,ok,246,246,1.0,10,10,0,0.0,0,0,0.0,,-9.981,False,
rosetta_repack,CB1,1,28,0,0.0,ok,246,246,1.0,10,10,0,0.0,0,0,0.0,,-9.995,False,
rosetta_repack,CB1,2,28,0,0.0,ok,246,246,1.0,10,10,0,0.0,0,0,0.0,,-9.543,False,
rosetta_repack,CB1,3,28,0,0.0,ok,246,246,1.0,10,10,0,0.0,0,0,0.0,,-9.495,False,
rosetta_repack,CB1,4,28,0,0.0,ok,246,246,1.0,10,10,0,0.0,0,0,0.0,,-9.609,False,
rosetta_repack,CB1,5,28,0,0.0,ok,246,246,1.0,10,10,0,0.0,0,0,0.0,,-9.601,False,
rosetta_repack,CB1,6,28,0,0.0,ok,246,246,1.0,10,10,0,0.0,0,0,0.0,,-9.558,False,
rosetta_repack,CB1,7,28,0,0.0,ok,246,246,1.0,10,10,0,0.0,0,0,0.0,,-9.87,False,
rosetta_repack,CB1,8,28,0,0.0,ok,246,246,1.0,10,10,0,0.0,0,0,0.0,,-8.444,False,
rosetta_repack,CB1,9,28,0,0.0,ok,246,246,1.0,10,10,0,0.0,0,0,0.0,,-9.652,False,
rosetta_repack,FUT8,0,22,0,0.0,ok,181,181,1.0,6,6,0,0.0,0,0,0.0,,-7.68,False,
rosetta_repack,FUT8,1,22,0,0.0,ok,181,181,1.0,6,6,0,0.0,0,0,0.0,,-6.975,False,
rosetta_repack,FUT8,2,22,0,0.0,ok,181,181,1.0,6,6,0,0.0,0,0,0.0,,-8.161,False,
rosetta_repack,FUT8,3,22,0,0.0,ok,181,181,1.0,6,6,0,0.0,0,0,0.0,,-8.237,False,
rosetta_repack,FUT8,4,22,0,0.0,ok,181,181,1.0,6,6,0,0.0,0,0,0.0,,-7.071,False,
rosetta_repack,FUT8,5,22,0,0.0,ok,181,181,1.0,6,6,0,0.0,0,0,0.0,,-7.86,False,
rosetta_repack,FUT8,6,22,0,0.0,ok,181,181,1.0,6,6,0,0.0,0,0,0.0,,-8.203,False,
rosetta_repack,FUT8,7,22,0,0.0,ok,181,181,1.0,6,6,0,0.0,0,0,0.0,,-7.51,False,
rosetta_repack,FUT8,8,22,0,0.0,ok,181,181,1.0,6,6,0,0.0,0,0,0.0,,-8.194,False,
rosetta_repack,FUT8,9,22,0,0.0,ok,181,181,1.0,6,6,0,0.0,0,0,0.0,,-7.854,False,
rosetta_repack,GCGR,0,25,0,0.0,ok,228,233,0.9785407725321889,6,6,0,0.0,0,0,0.0,,-4.344,False,
rosetta_repack,GCGR,1,25,0,0.0,ok,228,233,0.9785407725321889,6,6,0,0.0,0,0,0.0,,-3.697,False,
rosetta_repack,GCGR,2,25,0,0.0,ok,228,233,0.9785407725321889,6,6,0,0.0,0,0,0.0,,-3.998,False,
rosetta_repack,GCGR,3,25,0,0.0,ok,228,233,0.9785407725321889,6,6,0,0.0,0,0,0.0,,-4.095,False,
rosetta_repack,GCGR,4,25,0,0.0,ok,228,233,0.9785407725321889,6,6,0,0.0,0,0,0.0,,-4.345,False,
rosetta_repack,GCGR,5,25,0,0.0,ok,228,233,0.9785407725321889,6,6,0,0.0,0,0,0.0,,-3.871,False,
rosetta_repack,GCGR,6,25,0,0.0,ok,228,233,0.9785407725321889,6,6,0,0.0,0,0,0.0,,-4.319,False,
rosetta_repack,GCGR,7,25,0,0.0,ok,228,233,0.9785407725321889,6,6,0,0.0,0,0,0.0,,-4.366,False,
rosetta_repack,GCGR,8,25,0,0.0,ok,228,233,0.9785407725321889,6,6,0,0.0,0,0,0.0,,-4.47,False,
rosetta_repack,GCGR,9,25,0,0.0,ok,228,233,0.9785407725321889,6,6,0,0.0,0,0,0.0,,-4.25,False,
rosetta_repack,GLTP,0,8,0,0.0,ok,69,70,0.9857142857142858,1,1,0,0.0,0,0,0.0,,-5.462,False,
rosetta_repack,GLTP,1,8,0,0.0,ok,69,70,0.9857142857142858,1,1,0,0.0,0,0,0.0,,-5.681,False,
rosetta_repack,GLTP,2,8,0,0.0,ok,69,70,0.9857142857142858,1,1,0,0.0,0,0,0.0,,-5.361,False,
rosetta_repack,GLTP,3,8,0,0.0,ok,69,70,0.9857142857142858,1,1,0,0.0,0,0,0.0,,-5.382,False,
rosetta_repack,GLTP,4,8,0,0.0,ok,69,70,0.9857142857142858,1,1,0,0.0,0,0,0.0,,-5.548,False,
rosetta_repack,GLTP,5,8,0,0.0,ok,69,70,0.9857142857142858,1,1,0,0.0,0,0,0.0,,-5.214,False,
rosetta_repack,GLTP,6,8,0,0.0,ok,69,70,0.9857142857142858,1,1,0,0.0,0,0,0.0,,-5.23,False,
rosetta_repack,GLTP,7,8,0,0.0,ok,69,70,0.9857142857142858,1,1,0,0.0,0,0,0.0,,-5.319,False,
rosetta_repack,GLTP,8,8,0,0.0,ok,69,70,0.9857142857142858,1,1,0,0.0,0,0,0.0,,-5.244,False,
rosetta_repack,GLTP,9,8,0,0.0,ok,69,70,0.9857142857142858,1,1,0,0.0,0,0,0.0,,-5.134,False,
rosetta_repack,HIF2alpha,0,21,0,0.0,ok,172,172,1.0,4,4,0,0.0,0,0,0.0,,-4.916,False,
rosetta_repack,HIF2alpha,1,21,0,0.0,ok,172,172,1.0,4,4,0,0.0,0,0,0.0,,-6.021,False,
rosetta_repack,HIF2alpha,2,21,0,0.0,ok,172,172,1.0,4,4,0,0.0,0,0,0.0,,-6.008,False,
rosetta_repack,HIF2alpha,3,21,0,0.0,ok,172,172,1.0,4,4,0,0.0,0,0,0.0,,-4.44,False,
rosetta_repack,HIF2alpha,4,21,0,0.0,ok,172,172,1.0,4,4,0,0.0,0,0,0.0,,-4.943,False,
rosetta_repack,HIF2alpha,5,21,0,0.0,ok,172,172,1.0,4,4,0,0.0,0,0,0.0,,-6.058,False,
rosetta_repack,HIF2alpha,6,21,0,0.0,ok,172,172,1.0,4,4,0,0.0,0,0,0.0,,-4.941,False,
rosetta_repack,HIF2alpha,7,21,0,0.0,ok,172,172,1.0,4,4,0,0.0,0,0,0.0,,-6.015,False,
rosetta_repack,HIF2alpha,8,21,0,0.0,ok,172,172,1.0,4,4,0,0.0,0,0,0.0,,-6.056,False,
rosetta_repack,HIF2alpha,9,21,0,0.0,ok,172,172,1.0,4,4,0,0.0,0,0,0.0,,-4.832,False,
rosetta_repack,HIF2alpha__6D0B,0,25,0,0.0,ok,204,204,1.0,6,6,0,0.0,0,0,0.0,,-6.945,False,
rosetta_repack,HIF2alpha__6D0B,1,25,0,0.0,ok,204,204,1.0,6,6,0,0.0,0,0,0.0,,-7.031,False,
rosetta_repack,HIF2alpha__6D0B,2,25,0,0.0,ok,204,204,1.0,6,6,0,0.0,0,0,0.0,,-7.028,False,
rosetta_repack,HIF2alpha__6D0B,3,25,0,0.0,ok,204,204,1.0,6,6,0,0.0,0,0,0.0,,-6.353,False,
rosetta_repack,HIF2alpha__6D0B,4,25,0,0.0,ok,204,204,1.0,6,6,0,0.0,0,0,0.0,,-6.869,False,
rosetta_repack,HIF2alpha__6D0B,5,25,0,0.0,ok,204,204,1.0,6,6,0,0.0,0,0,0.0,,-7.057,False,
rosetta_repack,HIF2alpha__6D0B,6,25,0,0.0,ok,204,204,1.0,6,6,0,0.0,0,0,0.0,,-6.913,False,
rosetta_repack,HIF2alpha__6D0B,7,25,0,0.0,ok,204,204,1.0,6,6,0,0.0,0,0,0.0,,-7.015,False,
rosetta_repack,HIF2alpha__6D0B,8,25,0,0.0,ok,204,204,1.0,6,6,0,0.0,0,0,0.0,,-7.073,False,
rosetta_repack,HIF2alpha__6D0B,9,25,0,0.0,ok,204,204,1.0,6,6,0,0.0,0,0,0.0,,-6.899,False,
rosetta_repack,HIV1_CA,0,16,0,0.0,ok,126,129,0.9767441860465116,7,7,0,0.0,0,0,0.0,,-6.497,False,
rosetta_repack,HIV1_CA,1,16,0,0.0,ok,126,129,0.9767441860465116,7,7,0,0.0,0,0,0.0,,-6.323,False,
rosetta_repack,HIV1_CA,2,16,0,0.0,ok,126,129,0.9767441860465116,7,7,0,0.0,0,0,0.0,,-6.451,False,
rosetta_repack,HIV1_CA,3,16,0,0.0,ok,126,129,0.9767441860465116,7,7,0,0.0,0,0,0.0,,-6.506,False,
rosetta_repack,HIV1_CA,4,16,0,0.0,ok,126,129,0.9767441860465116,7,7,0,0.0,0,0,0.0,,-6.294,False,
rosetta_repack,HIV1_CA,5,16,0,0.0,ok,126,129,0.9767441860465116,7,7,0,0.0,0,0,0.0,,-6.491,False,
rosetta_repack,HIV1_CA,6,16,0,0.0,ok,126,129,0.9767441860465116,7,7,0,0.0,0,0,0.0,,-6.489,False,
rosetta_repack,HIV1_CA,7,16,0,0.0,ok,126,129,0.9767441860465116,7,7,0,0.0,0,0,0.0,,-6.473,False,
rosetta_repack,HIV1_CA,8,16,0,0.0,ok,126,129,0.9767441860465116,7,7,0,0.0,0,0,0.0,,-6.473,False,
rosetta_repack,HIV1_CA,9,16,0,0.0,ok,126,129,0.9767441860465116,7,7,0,0.0,0,0,0.0,,-6.464,False,
rosetta_repack,HIV_RT,0,19,0,0.0,ok,178,178,1.0,7,7,0,0.0,0,0,0.0,,-6.468,False,
rosetta_repack,HIV_RT,1,19,0,0.0,ok,178,178,1.0,7,7,0,0.0,0,0,0.0,,-7.008,False,
rosetta_repack,HIV_RT,2,19,0,0.0,ok,178,178,1.0,7,7,0,0.0,0,0,0.0,,-6.848,False,
rosetta_repack,HIV_RT,3,19,0,0.0,ok,178,178,1.0,7,7,0,0.0,0,0,0.0,,-6.833,False,
rosetta_repack,HIV_RT,4,19,0,0.0,ok,178,178,1.0,7,7,0,0.0,0,0,0.0,,-6.282,False,
rosetta_repack,HIV_RT,5,19,0,0.0,ok,178,178,1.0,7,7,0,0.0,0,0,0.0,,-6.884,False,
rosetta_repack,HIV_RT,6,19,0,0.0,ok,178,178,1.0,7,7,0,0.0,0,0,0.0,,-6.948,False,
rosetta_repack,HIV_RT,7,19,0,0.0,ok,178,178,1.0,7,7,0,0.0,0,0,0.0,,-6.977,False,
rosetta_repack,HIV_RT,8,19,0,0.0,ok,178,178,1.0,7,7,0,0.0,0,0,0.0,,-6.98,False,
rosetta_repack,HIV_RT,9,19,0,0.0,ok,178,178,1.0,7,7,0,0.0,0,0,0.0,,-6.98,False,
rosetta_repack,HIV_RT__3V81,0,17,0,0.0,ok,154,154,1.0,8,8,0,0.0,0,0,0.0,,-6.439,False,
rosetta_repack,HIV_RT__3V81,1,17,0,0.0,ok,154,154,1.0,8,8,0,0.0,0,0,0.0,,-6.694,False,
rosetta_repack,HIV_RT__3V81,2,17,0,0.0,ok,154,154,1.0,8,8,0,0.0,0,0,0.0,,-6.426,False,
rosetta_repack,HIV_RT__3V81,3,17,0,0.0,ok,154,154,1.0,8,8,0,0.0,0,0,0.0,,-6.459,False,
rosetta_repack,HIV_RT__3V81,4,17,0,0.0,ok,154,154,1.0,8,8,0,0.0,0,0,0.0,,-6.722,False,
rosetta_repack,HIV_RT__3V81,5,17,0,0.0,ok,154,154,1.0,8,8,0,0.0,0,0,0.0,,-6.65,False,
rosetta_repack,HIV_RT__3V81,6,17,0,0.0,ok,154,154,1.0,8,8,0,0.0,0,0,0.0,,-6.647,False,
rosetta_repack,HIV_RT__3V81,7,17,0,0.0,ok,154,154,1.0,8,8,0,0.0,0,0,0.0,,-6.718,False,
rosetta_repack,HIV_RT__3V81,8,17,0,0.0,ok,154,154,1.0,8,8,0,0.0,0,0,0.0,,-6.658,False,
rosetta_repack,HIV_RT__3V81,9,17,0,0.0,ok,154,154,1.0,8,8,0,0.0,0,0,0.0,,-6.67,False,
rosetta_repack,KRAS,0,21,0,0.0,ok,158,160,0.9875,11,11,0,0.0,0,0,0.0,,-6.366,False,
rosetta_repack,KRAS,1,21,0,0.0,ok,158,160,0.9875,11,11,0,0.0,0,0,0.0,,-6.328,False,
rosetta_repack,KRAS,2,21,0,0.0,ok,158,160,0.9875,11,11,0,0.0,0,0,0.0,,-6.328,False,
rosetta_repack,KRAS,3,21,0,0.0,ok,158,160,0.9875,11,11,0,0.0,0,0,0.0,,-6.318,False,
rosetta_repack,KRAS,4,21,0,0.0,ok,158,160,0.9875,11,11,0,0.0,0,0,0.0,,-6.104,False,
rosetta_repack,KRAS,5,21,0,0.0,ok,158,160,0.9875,11,11,0,0.0,0,0,0.0,,-6.323,False,
rosetta_repack,KRAS,6,21,0,0.0,ok,158,160,0.9875,11,11,0,0.0,0,0,0.0,,-6.342,False,
rosetta_repack,KRAS,7,21,0,0.0,ok,158,160,0.9875,11,11,0,0.0,0,0,0.0,,-6.284,False,
rosetta_repack,KRAS,8,21,0,0.0,ok,158,160,0.9875,11,11,0,0.0,0,0,0.0,,-6.291,False,
rosetta_repack,KRAS,9,21,0,0.0,ok,158,160,0.9875,11,11,0,0.0,0,0,0.0,,-6.322,False,
rosetta_repack,METTL14,0,22,0,0.0,ok,185,185,1.0,9,9,0,0.0,0,0,0.0,,-6.648,False,
rosetta_repack,METTL14,1,22,0,0.0,ok,185,185,1.0,9,9,0,0.0,0,0,0.0,,-7.526,False,
rosetta_repack,METTL14,2,22,0,0.0,ok,185,185,1.0,9,9,0,0.0,0,0,0.0,,-7.535,False,
rosetta_repack,METTL14,3,22,0,0.0,ok,185,185,1.0,9,9,0,0.0,0,0,0.0,,-7.45,False,
rosetta_repack,METTL14,4,22,0,0.0,ok,185,185,1.0,9,9,0,0.0,0,0,0.0,,-7.408,False,
rosetta_repack,METTL14,5,22,0,0.0,ok,185,185,1.0,9,9,0,0.0,0,0,0.0,,-7.436,False,
rosetta_repack,METTL14,6,22,0,0.0,ok,185,185,1.0,9,9,0,0.0,0,0,0.0,,-7.497,False,
rosetta_repack,METTL14,7,22,0,0.0,ok,185,185,1.0,9,9,0,0.0,0,0,0.0,,-7.453,False,
rosetta_repack,METTL14,8,22,0,0.0,ok,185,185,1.0,9,9,0,0.0,0,0,0.0,,-7.482,False,
rosetta_repack,METTL14,9,22,0,0.0,ok,185,185,1.0,9,9,0,0.0,0,0,0.0,,-7.692,False,
rosetta_repack,Menin,0,14,0,0.0,ok,121,121,1.0,6,6,0,0.0,0,0,0.0,,-7.202,False,
rosetta_repack,Menin,1,14,0,0.0,ok,121,121,1.0,6,6,0,0.0,0,0,0.0,,-7.297,False,
rosetta_repack,Menin,2,14,0,0.0,ok,121,121,1.0,6,6,0,0.0,0,0,0.0,,-7.174,False,
rosetta_repack,Menin,3,14,0,0.0,ok,121,121,1.0,6,6,0,0.0,0,0,0.0,,-6.978,False,
rosetta_repack,Menin,4,14,0,0.0,ok,121,121,1.0,6,6,0,0.0,0,0,0.0,,-7.089,False,
rosetta_repack,Menin,5,14,0,0.0,ok,121,121,1.0,6,6,0,0.0,0,0,0.0,,-7.15,False,
rosetta_repack,Menin,6,14,0,0.0,ok,121,121,1.0,6,6,0,0.0,0,0,0.0,,-6.942,False,
rosetta_repack,Menin,7,14,0,0.0,ok,121,121,1.0,6,6,0,0.0,0,0,0.0,,-6.806,False,
rosetta_repack,Menin,8,14,0,0.0,ok,121,121,1.0,6,6,0,0.0,0,0,0.0,,-7.14,False,
rosetta_repack,Menin,9,14,0,0.0,ok,121,121,1.0,6,6,0,0.0,0,0,0.0,,-7.235,False,
rosetta_repack,NDPK-A,0,17,0,0.0,ok,149,149,1.0,3,3,0,0.0,0,0,0.0,,-6.287,False,
rosetta_repack,NDPK-A,1,17,0,0.0,ok,149,149,1.0,3,3,0,0.0,0,0,0.0,,-6.094,False,
rosetta_repack,NDPK-A,2,17,0,0.0,ok,149,149,1.0,3,3,0,0.0,0,0,0.0,,-6.118,False,
rosetta_repack,NDPK-A,3,17,0,0.0,ok,149,149,1.0,3,3,0,0.0,0,0,0.0,,-6.387,False,
rosetta_repack,NDPK-A,4,17,0,0.0,ok,149,149,1.0,3,3,0,0.0,0,0,0.0,,-6.369,False,
rosetta_repack,NDPK-A,5,17,0,0.0,ok,149,149,1.0,3,3,0,0.0,0,0,0.0,,-6.37,False,
rosetta_repack,NDPK-A,6,17,0,0.0,ok,149,149,1.0,3,3,0,0.0,0,0,0.0,,-6.352,False,
rosetta_repack,NDPK-A,7,17,0,0.0,ok,149,149,1.0,3,3,0,0.0,0,0,0.0,,-6.383,False,
rosetta_repack,NDPK-A,8,17,0,0.0,ok,149,149,1.0,3,3,0,0.0,0,0,0.0,,-6.163,False,
rosetta_repack,NDPK-A,9,17,0,0.0,ok,149,149,1.0,3,3,0,0.0,0,0,0.0,,-6.342,False,
rosetta_repack,SHP2,0,19,0,0.0,ok,159,159,1.0,10,10,0,0.0,0,0,0.0,,-6.564,False,
rosetta_repack,SHP2,1,19,0,0.0,ok,159,159,1.0,10,10,0,0.0,0,0,0.0,,-6.685,False,
rosetta_repack,SHP2,2,19,0,0.0,ok,159,159,1.0,10,10,0,0.0,0,0,0.0,,-8.317,False,
rosetta_repack,SHP2,3,19,0,0.0,ok,159,159,1.0,10,10,0,0.0,0,0,0.0,,-6.73,False,
rosetta_repack,SHP2,4,19,0,0.0,ok,159,159,1.0,10,10,0,0.0,0,0,0.0,,-6.821,False,
rosetta_repack,SHP2,5,19,0,0.0,ok,159,159,1.0,10,10,0,0.0,0,0,0.0,,-6.784,False,
rosetta_repack,SHP2,6,19,0,0.0,ok,159,159,1.0,10,10,0,0.0,0,0,0.0,,-6.82,False,
rosetta_repack,SHP2,7,19,0,0.0,ok,159,159,1.0,10,10,0,0.0,0,0,0.0,,-6.787,False,
rosetta_repack,SHP2,8,19,0,0.0,ok,159,159,1.0,10,10,0,0.0,0,0,0.0,,-6.628,False,
rosetta_repack,SHP2,9,19,0,0.0,ok,159,159,1.0,10,10,0,0.0,0,0,0.0,,-6.646,False,
rosetta_repack,THSR,0,26,0,0.0,ok,206,206,1.0,12,12,0,0.0,0,0,0.0,,-10.219,False,
rosetta_repack,THSR,1,26,0,0.0,ok,206,206,1.0,12,12,0,0.0,0,0,0.0,,-10.201,False,
rosetta_repack,THSR,2,26,0,0.0,ok,206,206,1.0,12,12,0,0.0,0,0,0.0,,-10.211,False,
rosetta_repack,THSR,3,26,0,0.0,ok,206,206,1.0,12,12,0,0.0,0,0,0.0,,-10.174,False,
rosetta_repack,THSR,4,26,0,0.0,ok,206,206,1.0,12,12,0,0.0,0,0,0.0,,-10.221,False,
rosetta_repack,THSR,5,26,0,0.0,ok,206,206,1.0,12,12,0,0.0,0,0,0.0,,-10.175,False,
rosetta_repack,THSR,6,26,0,0.0,ok,206,206,1.0,12,12,0,0.0,0,0,0.0,,-10.174,False,
rosetta_repack,THSR,7,26,0,0.0,ok,206,206,1.0,12,12,0,0.0,0,0,0.0,,-10.195,False,
rosetta_repack,THSR,8,26,0,0.0,ok,206,206,1.0,12,12,0,0.0,0,0,0.0,,-10.146,False,
rosetta_repack,THSR,9,26,0,0.0,ok,206,206,1.0,12,12,0,0.0,0,0,0.0,,-10.217,False,
rosetta_repack,THSR__7UTZ,0,24,0,0.0,ok,186,186,1.0,8,8,0,0.0,0,0,0.0,,-6.423,False,
rosetta_repack,THSR__7UTZ,1,24,0,0.0,ok,186,186,1.0,8,8,0,0.0,0,0,0.0,,-6.564,False,
rosetta_repack,THSR__7UTZ,2,24,0,0.0,ok,186,186,1.0,8,8,0,0.0,0,0,0.0,,-6.732,False,
rosetta_repack,THSR__7UTZ,3,24,0,0.0,ok,186,186,1.0,8,8,0,0.0,0,0,0.0,,-6.334,False,
rosetta_repack,THSR__7UTZ,4,24,0,0.0,ok,186,186,1.0,8,8,0,0.0,0,0,0.0,,-6.302,False,
rosetta_repack,THSR__7UTZ,5,24,0,0.0,ok,186,186,1.0,8,8,0,0.0,0,0,0.0,,-6.311,False,
rosetta_repack,THSR__7UTZ,6,24,0,0.0,ok,186,186,1.0,8,8,0,0.0,0,0,0.0,,-6.135,False,
rosetta_repack,THSR__7UTZ,7,24,0,0.0,ok,186,186,1.0,8,8,0,0.0,0,0,0.0,,-6.247,False,
rosetta_repack,THSR__7UTZ,8,24,0,0.0,ok,186,186,1.0,8,8,0,0.0,0,0,0.0,,-6.35,False,
rosetta_repack,THSR__7UTZ,9,24,0,0.0,ok,186,186,1.0,8,8,0,0.0,0,0,0.0,,-6.403,False,
rosetta_repack,betaLG,0,16,0,0.0,ok,127,127,1.0,2,2,0,0.0,0,0,0.0,,-4.836,False,
rosetta_repack,betaLG,1,16,0,0.0,ok,127,127,1.0,2,2,0,0.0,0,0,0.0,,-4.866,False,
rosetta_repack,betaLG,2,16,0,0.0,ok,127,127,1.0,2,2,0,0.0,0,0,0.0,,-4.882,False,
rosetta_repack,betaLG,3,16,0,0.0,ok,127,127,1.0,2,2,0,0.0,0,0,0.0,,-4.888,False,
rosetta_repack,betaLG,4,16,0,0.0,ok,127,127,1.0,2,2,0,0.0,0,0,0.0,,-4.926,False,
rosetta_repack,betaLG,5,16,0,0.0,ok,127,127,1.0,2,2,0,0.0,0,0,0.0,,-4.904,False,
rosetta_repack,betaLG,6,16,0,0.0,ok,127,127,1.0,2,2,0,0.0,0,0,0.0,,-4.822,False,
rosetta_repack,betaLG,7,16,0,0.0,ok,127,127,1.0,2,2,0,0.0,0,0,0.0,,-4.823,False,
rosetta_repack,betaLG,8,16,0,0.0,ok,127,127,1.0,2,2,0,0.0,0,0,0.0,,-4.873,False,
rosetta_repack,betaLG,9,16,0,0.0,ok,127,127,1.0,2,2,0,0.0,0,0,0.0,,-4.856,False,
rosetta_repack,cAbl,0,23,0,0.0,ok,179,179,1.0,10,10,0,0.0,0,0,0.0,,-8.364,False,
rosetta_repack,cAbl,1,23,0,0.0,ok,179,179,1.0,10,10,0,0.0,0,0,0.0,,-8.394,False,
rosetta_repack,cAbl,2,23,0,0.0,ok,179,179,1.0,10,10,0,0.0,0,0,0.0,,-8.244,False,
rosetta_repack,cAbl,3,23,0,0.0,ok,179,179,1.0,10,10,0,0.0,0,0,0.0,,-8.204,False,
rosetta_repack,cAbl,4,23,0,0.0,ok,179,179,1.0,10,10,0,0.0,0,0,0.0,,-8.157,False,
rosetta_repack,cAbl,5,23,0,0.0,ok,179,179,1.0,10,10,0,0.0,0,0,0.0,,-8.446,False,
rosetta_repack,cAbl,6,23,0,0.0,ok,179,179,1.0,10,10,0,0.0,0,0,0.0,,-8.461,False,
rosetta_repack,cAbl,7,23,0,0.0,ok,179,179,1.0,10,10,0,0.0,0,0,0.0,,-8.162,False,
rosetta_repack,cAbl,8,23,0,0.0,ok,179,179,1.0,10,10,0,0.0,0,0,0.0,,-8.401,False,
rosetta_repack,cAbl,9,23,0,0.0,ok,179,179,1.0,10,10,0,0.0,0,0,0.0,,-8.413,False,
rosetta_repack,p53_Y220C,0,19,0,0.0,ok,138,138,1.0,11,11,0,0.0,0,0,0.0,,-4.864,False,
rosetta_repack,p53_Y220C,1,19,0,0.0,ok,138,138,1.0,11,11,0,0.0,0,0,0.0,,-4.436,False,
rosetta_repack,p53_Y220C,2,19,0,0.0,ok,138,138,1.0,11,11,0,0.0,0,0,0.0,,-4.471,False,
rosetta_repack,p53_Y220C,3,19,0,0.0,ok,138,138,1.0,11,11,0,0.0,0,0,0.0,,-4.455,False,
rosetta_repack,p53_Y220C,4,19,0,0.0,ok,138,138,1.0,11,11,0,0.0,0,0,0.0,,-4.426,False,
rosetta_repack,p53_Y220C,5,19,0,0.0,ok,138,138,1.0,11,11,0,0.0,0,0,0.0,,-4.475,False,
rosetta_repack,p53_Y220C,6,19,0,0.0,ok,138,138,1.0,11,11,0,0.0,0,0,0.0,,-4.439,False,
rosetta_repack,p53_Y220C,7,19,0,0.0,ok,138,138,1.0,11,11,0,0.0,0,0,0.0,,-4.42,False,
rosetta_repack,p53_Y220C,8,19,0,0.0,ok,138,138,1.0,11,11,0,0.0,0,0,0.0,,-5.487,False,
rosetta_repack,p53_Y220C,9,19,0,0.0,ok,138,138,1.0,11,11,0,0.0,0,0,0.0,,-4.459,False,
rosetta_repack,p53_Y220C__4AGQ,0,17,0,0.0,ok,128,128,1.0,13,13,0,0.0,0,0,0.0,,-5.131,False,
rosetta_repack,p53_Y220C__4AGQ,1,17,0,0.0,ok,128,128,1.0,13,13,0,0.0,0,0,0.0,,-5.179,False,
rosetta_repack,p53_Y220C__4AGQ,2,17,0,0.0,ok,128,128,1.0,13,13,0,0.0,0,0,0.0,,-5.247,False,
rosetta_repack,p53_Y220C__4AGQ,3,17,0,0.0,ok,128,128,1.0,13,13,0,0.0,0,0,0.0,,-5.075,False,
rosetta_repack,p53_Y220C__4AGQ,4,17,0,0.0,ok,128,128,1.0,13,13,0,0.0,0,0,0.0,,-5.127,False,
rosetta_repack,p53_Y220C__4AGQ,5,17,0,0.0,ok,128,128,1.0,13,13,0,0.0,0,0,0.0,,-5.086,False,
rosetta_repack,p53_Y220C__4AGQ,6,17,0,0.0,ok,128,128,1.0,13,13,0,0.0,0,0,0.0,,-5.085,False,
rosetta_repack,p53_Y220C__4AGQ,7,17,0,0.0,ok,128,128,1.0,13,13,0,0.0,0,0,0.0,,-5.168,False,
rosetta_repack,p53_Y220C__4AGQ,8,17,0,0.0,ok,128,128,1.0,13,13,0,0.0,0,0,0.0,,-5.124,False,
rosetta_repack,p53_Y220C__4AGQ,9,17,0,0.0,ok,128,128,1.0,13,13,0,0.0,0,0,0.0,,-5.175,False,
