method,target,sample_idx,vina_score,apo_vina,delta
rfd3_fix7,CB1,0.0,-8.239,-10.51,2.270999999999999
rfd3_fix7,HIF2alpha__6D0B,0.0,3.109,-10.48,13.589
rfd3_fix7,THSR__7UTZ,1.0,-6.187,-6.164,-0.023000000000000576
rfd3_fix7,Menin,2.0,-6.74,-7.089,0.3490000000000002
rfd3_fix7,p53_Y220C,2.0,-5.25,-4.982,-0.2679999999999998
rfd3_fix7,HIV_RT,3.0,-5.498,-6.593,1.0949999999999998
rfd3_fix7,Menin,4.0,-6.825,-7.089,0.26400000000000023
rfd3_fix7,THSR__7UTZ,100.0,-6.652,-6.164,-0.48800000000000043
rfd3_fix7,THSR__7UTZ,101.0,-5.678,-6.164,0.48599999999999977
rfd3_fix7,Menin,101.0,-6.948,-7.089,0.14100000000000001
rfd3_fix7,CB1,102.0,-8.725,-10.51,1.7850000000000001
rfd3_fix7,GCGR,103.0,-3.566,-3.657,0.09100000000000019
rfd3_fix7,KRAS,103.0,-5.936,-5.57,-0.36599999999999966
rfd3_fix7,GCGR,104.0,-4.029,-3.657,-0.3719999999999999
rfd3_fix7,THSR,200.0,-8.34,-9.138,0.798
rfd3_fix7,THSR__7UTZ,200.0,-6.223,-6.164,-0.05900000000000016
rfd3_fix7,KRAS,201.0,-6.698,-5.57,-1.1280000000000001
rfd3_fix7,THSR__7UTZ,202.0,-6.287,-6.164,-0.12300000000000022
rfd3_fix7,Menin,202.0,-6.431,-7.089,0.6580000000000004
rfd3_fix7,HIF2alpha__6D0B,203.0,8.134,-10.48,18.614
rfd3_fix7,HIF2alpha__6D0B,204.0,-1.384,-10.48,9.096
rfd3_fix7,CB1,204.0,-3.946,-10.51,6.564
rfd3_fix7,HIV_RT__3V81,300.0,-6.221,-6.211,-0.009999999999999787
rfd3_fix7,Menin,301.0,-6.608,-7.089,0.48100000000000076
rfd3_fix7,HIV1_CA,301.0,-6.672,-7.011,0.3390000000000004
rfd3_fix7,GCGR,302.0,-3.763,-3.657,-0.10599999999999987
rfd3_fix7,p53_Y220C,303.0,-5.618,-4.982,-0.6360000000000001
rfd3_fix7,HIF2alpha,303.0,-3.914,-8.663,4.7490000000000006
rfd3_fix7,HIF2alpha,304.0,-3.731,-8.663,4.932
rfd3_fix7,HIV1_CA,400.0,-7.201,-7.011,-0.1899999999999995
rfd3_fix7,HIV_RT,400.0,-6.061,-6.593,0.532
rfd3_fix7,p53_Y220C__4AGQ,401.0,-5.308,-5.378,0.07000000000000028
rfd3_fix7,THSR__7UTZ,402.0,-5.907,-6.164,0.2569999999999997
rfd3_fix7,KRAS,402.0,-5.287,-5.57,0.28300000000000036
rfd3_fix7,HIV1_CA,403.0,-7.373,-7.011,-0.3620000000000001
rfd3_fix7,THSR,404.0,-8.869,-9.138,0.26900000000000013
rfd3_fix7,HIF2alpha,500.0,-4.499,-8.663,4.164000000000001
rfd3_fix7,THSR__7UTZ,501.0,-6.473,-6.164,-0.30900000000000016
rfd3_fix7,cAbl,501.0,-8.545,-7.236,-1.3090000000000002
rfd3_fix7,THSR__7UTZ,502.0,-6.036,-6.164,0.1280000000000001
rfd3_fix7,p53_Y220C__4AGQ,503.0,-5.461,-5.378,-0.08300000000000018
rfd3_fix7,cAbl,503.0,-8.286,-7.236,-1.0499999999999998
rfd3_fix7,p53_Y220C,504.0,-5.26,-4.982,-0.2779999999999996
bioemu_refine,CB1,0.0,-8.502,-10.51,2.007999999999999
bioemu_refine,CB1,200.0,-9.431,-10.51,1.0790000000000006
bioemu_refine,HIF2alpha,200.0,-4.788,-8.663,3.875
bioemu_refine,THSR__7UTZ,300.0,-5.208,-6.164,0.9559999999999995
bioemu_refine,HIF2alpha__6D0B,400.0,-3.325,-10.48,7.155
bioemu_refine,p53_Y220C__4AGQ,500.0,-6.103,-5.378,-0.7249999999999996
bioemu_refine,CB1,600.0,-9.357,-10.51,1.1530000000000005
bioemu_refine,THSR__7UTZ,600.0,-3.507,-6.164,2.6569999999999996
bioemu_refine,KRAS,700.0,-5.963,-5.57,-0.3929999999999998
bioemu_refine,THSR__7UTZ,800.0,-3.782,-6.164,2.3819999999999997
bioemu_refine,HIV_RT,800.0,-6.23,-6.593,0.36299999999999955
bioemu_refine,THSR,1000.0,-2.403,-9.138,6.734999999999999
bioemu_refine,HIF2alpha__6D0B,1000.0,-4.322,-10.48,6.158
bioemu_refine,CB1,1100.0,-9.501,-10.51,1.0090000000000003
bioemu_refine,THSR__7UTZ,1200.0,-6.245,-6.164,-0.0810000000000004
bioemu_refine,HIF2alpha,1300.0,-3.788,-8.663,4.875
bioemu_refine,THSR,1400.0,-8.76,-9.138,0.3780000000000001
bioemu_refine,THSR__7UTZ,1400.0,-6.724,-6.164,-0.5600000000000005
bioemu_refine,HIV_RT__3V81,1500.0,-6.069,-6.211,0.14200000000000035
bioemu_refine,Menin,1600.0,-7.035,-7.089,0.05400000000000027
bioemu_refine,HIV_RT__3V81,1800.0,-5.641,-6.211,0.5700000000000003
bioemu_refine,HIV1_CA,1800.0,-5.801,-7.011,1.21
bioemu_refine,CB1,1900.0,-4.041,-10.51,6.468999999999999
bioemu_refine,p53_Y220C__4AGQ,2000.0,-5.281,-5.378,0.09700000000000042
bioemu_refine,KRAS,2000.0,-4.612,-5.57,0.9580000000000002
bioemu_refine,p53_Y220C,2100.0,-5.004,-4.982,-0.021999999999999353
bioemu_refine,CB1,2200.0,-8.532,-10.51,1.9779999999999998
bioemu_refine,HIV_RT,2300.0,-6.522,-6.593,0.07099999999999973
bioemu_refine,CB1,2400.0,-6.491,-10.51,4.019
bioemu_refine,HIF2alpha__6D0B,2500.0,-4.03,-10.48,6.45
bioemu_refine,p53_Y220C,2600.0,-5.233,-4.982,-0.25099999999999945
bioemu_refine,HIF2alpha__6D0B,2700.0,-6.597,-10.48,3.883
molgen_ns1.0,cAbl,0.0,-9.782,-7.236,-2.5460000000000003
molgen_ns1.0,THSR__7UTZ,1.0,-5.438,-6.164,0.726
molgen_ns1.0,HIV1_CA,2.0,-8.136,-7.011,-1.1249999999999991
molgen_ns1.0,HIV_RT__3V81,3.0,-5.255,-6.211,0.9560000000000004
molgen_ns1.0,GCGR,3.0,-3.863,-3.657,-0.20599999999999996
molgen_ns1.0,HIF2alpha__6D0B,4.0,-8.437,-10.48,2.043000000000001
molgen_ns1.0,THSR__7UTZ,5.0,-5.985,-6.164,0.17899999999999938
molgen_ns1.0,p53_Y220C__4AGQ,6.0,-7.453,-5.378,-2.075
molgen_ns1.0,HIV_RT__3V81,7.0,-5.491,-6.211,0.7200000000000006
molgen_ns1.0,THSR__7UTZ,7.0,-5.63,-6.164,0.5339999999999998
molgen_ns1.0,p53_Y220C__4AGQ,8.0,-7.746,-5.378,-2.3680000000000003
molgen_ns1.0,HIV1_CA,9.0,-7.082,-7.011,-0.07099999999999973
molgen_ns1.0,HIV1_CA,10.0,-8.306,-7.011,-1.294999999999999
molgen_ns1.0,THSR,10.0,-9.422,-9.138,-0.2840000000000007
molgen_ns1.0,HIV_RT,11.0,-8.549,-6.593,-1.9559999999999995
molgen_ns1.0,p53_Y220C,12.0,-7.818,-4.982,-2.8359999999999994
molgen_ns1.0,HIV_RT__3V81,12.0,-8.041,-6.211,-1.83
molgen_ns1.0,HIF2alpha,13.0,-7.621,-8.663,1.0419999999999998
molgen_ns1.0,THSR,14.0,-10.37,-9.138,-1.2319999999999993
molgen_ns1.0,HIV_RT__3V81,14.0,-4.957,-6.211,1.2540000000000004
molgen_ns1.0,CB1,16.0,-8.922,-10.51,1.5879999999999992
molgen_ns1.0,Menin,16.0,-7.224,-7.089,-0.1349999999999998
molgen_ns1.0,HIV_RT__3V81,17.0,-4.409,-6.211,1.8020000000000005
molgen_ns1.0,HIV_RT,18.0,-9.25,-6.593,-2.657
molgen_ns1.0,CB1,18.0,-9.258,-10.51,1.2520000000000007
molgen_ns1.0,HIF2alpha,19.0,-7.695,-8.663,0.968
molgen_ns1.0,KRAS,20.0,-7.054,-5.57,-1.484
molgen_ns1.0,HIV1_CA,20.0,-8.306,-7.011,-1.294999999999999
molgen_ns1.0,HIF2alpha__6D0B,22.0,-9.098,-10.48,1.3819999999999997
molgen_ns1.0,HIV1_CA,22.0,-8.1,-7.011,-1.0889999999999995
molgen_ns1.0,HIF2alpha,23.0,-7.67,-8.663,0.9930000000000003
molgen_ns1.0,HIV_RT__3V81,24.0,-6.285,-6.211,-0.07399999999999984
molgen_ns1.0,CB1,25.0,-9.222,-10.51,1.2880000000000003
molgen_ns1.0,Menin,25.0,-7.527,-7.089,-0.4379999999999997
molgen_ns1.0,p53_Y220C,26.0,-7.322,-4.982,-2.34
molgen_ns1.0,KRAS,27.0,-9.212,-5.57,-3.6419999999999995
molgen_ns1.0,THSR__7UTZ,27.0,-5.442,-6.164,0.7219999999999995
molgen_ns1.0,HIF2alpha,28.0,-7.421,-8.663,1.242
molgen_ns1.0,THSR,29.0,-10.3,-9.138,-1.1620000000000008
molgen_ns1.0,cAbl,29.0,-9.747,-7.236,-2.511
rfd3_fix7,HIF2alpha,0.0,-3.812,-8.663,4.851000000000001
rfd3_fix7,THSR__7UTZ,0.0,-6.264,-6.164,-0.10000000000000053
rfd3_fix7,HIF2alpha__6D0B,1.0,0.931,-10.48,11.411000000000001
rfd3_fix7,KRAS,2.0,-5.882,-5.57,-0.3119999999999994
rfd3_fix7,p53_Y220C__4AGQ,2.0,-5.212,-5.378,0.16600000000000037
rfd3_fix7,CB1,3.0,-8.106,-10.51,2.404
rfd3_fix7,KRAS,4.0,-5.772,-5.57,-0.20199999999999996
rfd3_fix7,cAbl,4.0,-8.112,-7.236,-0.8760000000000003
rfd3_fix7,HIV_RT,100.0,-6.511,-6.593,0.08199999999999985
rfd3_fix7,KRAS,101.0,-5.711,-5.57,-0.14100000000000001
rfd3_fix7,HIF2alpha,102.0,-4.298,-8.663,4.365
rfd3_fix7,HIV_RT,103.0,-6.594,-6.593,-0.001000000000000334
rfd3_fix7,HIV_RT__3V81,103.0,-6.468,-6.211,-0.2569999999999997
rfd3_fix7,HIF2alpha__6D0B,104.0,7.879,-10.48,18.359
rfd3_fix7,HIV_RT__3V81,200.0,-6.559,-6.211,-0.34799999999999986
rfd3_fix7,HIV_RT,200.0,-6.481,-6.593,0.1120000000000001
rfd3_fix7,HIV_RT__3V81,201.0,-6.071,-6.211,0.14000000000000057
rfd3_fix7,THSR,202.0,-9.213,-9.138,-0.07499999999999929
rfd3_fix7,HIV_RT,202.0,-5.865,-6.593,0.7279999999999998
rfd3_fix7,Menin,204.0,-6.722,-7.089,0.367
rfd3_fix7,p53_Y220C,204.0,-4.937,-4.982,0.04499999999999993
rfd3_fix7,KRAS,300.0,-5.516,-5.57,0.05400000000000027
rfd3_fix7,HIV_RT__3V81,301.0,-6.198,-6.211,0.0129999999999999
rfd3_fix7,HIF2alpha,301.0,-3.91,-8.663,4.753
rfd3_fix7,HIV_RT,302.0,-5.14,-6.593,1.4530000000000003
rfd3_fix7,CB1,303.0,-4.719,-10.51,5.7909999999999995
rfd3_fix7,cAbl,303.0,-10.42,-7.236,-3.184
rfd3_fix7,HIV1_CA,304.0,-7.468,-7.011,-0.45699999999999985
rfd3_fix7,HIF2alpha,400.0,-4.625,-8.663,4.038
rfd3_fix7,Menin,400.0,-6.735,-7.089,0.3540000000000001
rfd3_fix7,HIF2alpha__6D0B,401.0,-4.482,-10.48,5.998
rfd3_fix7,HIV1_CA,402.0,-6.236,-7.011,0.7750000000000004
rfd3_fix7,HIF2alpha__6D0B,402.0,-4.107,-10.48,6.373
rfd3_fix7,THSR__7UTZ,403.0,-6.261,-6.164,-0.09700000000000042
rfd3_fix7,HIV_RT__3V81,404.0,-6.024,-6.211,0.18700000000000028
rfd3_fix7,cAbl,404.0,-7.667,-7.236,-0.43100000000000005
rfd3_fix7,THSR__7UTZ,500.0,-5.001,-6.164,1.1629999999999994
rfd3_fix7,p53_Y220C,501.0,-4.888,-4.982,0.0940000000000003
rfd3_fix7,p53_Y220C__4AGQ,501.0,-5.505,-5.378,-0.12699999999999978
rfd3_fix7,HIV1_CA,502.0,-6.486,-7.011,0.5250000000000004
rfd3_fix7,p53_Y220C,503.0,-4.571,-4.982,0.4110000000000005
rfd3_fix7,GCGR,503.0,-3.362,-3.657,0.29499999999999993
bioemu_refine,HIF2alpha__6D0B,0.0,-2.799,-10.48,7.681000000000001
bioemu_refine,p53_Y220C,0.0,-5.283,-4.982,-0.30100000000000016
bioemu_refine,HIV_RT,100.0,-6.384,-6.593,0.20899999999999963
bioemu_refine,HIF2alpha__6D0B,200.0,-1.653,-10.48,8.827
bioemu_refine,HIV_RT__3V81,300.0,-5.289,-6.211,0.9220000000000006
bioemu_refine,CB1,400.0,-9.262,-10.51,1.2479999999999993
bioemu_refine,HIV_RT,400.0,-5.547,-6.593,1.0460000000000003
bioemu_refine,HIF2alpha,500.0,-4.801,-8.663,3.862
bioemu_refine,HIV_RT,600.0,-5.913,-6.593,0.6799999999999997
bioemu_refine,HIV_RT,700.0,-6.506,-6.593,0.08699999999999974
bioemu_refine,HIV1_CA,800.0,-7.655,-7.011,-0.6440000000000001
bioemu_refine,CB1,800.0,-10.35,-10.51,0.16000000000000014
bioemu_refine,HIF2alpha,1000.0,-4.934,-8.663,3.729
bioemu_refine,p53_Y220C__4AGQ,1000.0,-6.61,-5.378,-1.2320000000000002
bioemu_refine,HIV_RT,1100.0,-6.467,-6.593,0.12600000000000033
bioemu_refine,p53_Y220C__4AGQ,1300.0,-5.527,-5.378,-0.14900000000000002
bioemu_refine,HIV_RT,1400.0,-4.856,-6.593,1.737
bioemu_refine,THSR__7UTZ,1500.0,-6.125,-6.164,0.0389999999999997
bioemu_refine,THSR__7UTZ,1600.0,-4.85,-6.164,1.314
bioemu_refine,HIF2alpha__6D0B,1600.0,3.313,-10.48,13.793000000000001
bioemu_refine,p53_Y220C__4AGQ,1700.0,-5.705,-5.378,-0.32699999999999996
bioemu_refine,THSR__7UTZ,1800.0,-6.131,-6.164,0.032999999999999474
bioemu_refine,THSR,1800.0,-7.546,-9.138,1.5919999999999996
bioemu_refine,HIV_RT,1900.0,-6.359,-6.593,0.23399999999999999
bioemu_refine,HIF2alpha,2000.0,-4.334,-8.663,4.329000000000001
bioemu_refine,HIV1_CA,2000.0,-6.83,-7.011,0.18100000000000005
bioemu_refine,KRAS,2100.0,-5.43,-5.57,0.14000000000000057
bioemu_refine,HIV1_CA,2200.0,-6.249,-7.011,0.7620000000000005
bioemu_refine,KRAS,2300.0,-5.101,-5.57,0.4690000000000003
bioemu_refine,p53_Y220C__4AGQ,2400.0,-5.159,-5.378,0.2190000000000003
bioemu_refine,HIV1_CA,2500.0,-6.22,-7.011,0.7910000000000004
bioemu_refine,HIF2alpha__6D0B,2600.0,-4.259,-10.48,6.221
bioemu_refine,HIV1_CA,2700.0,-5.613,-7.011,1.3979999999999997
molgen_ns1.0,KRAS,0.0,-8.947,-5.57,-3.376999999999999
molgen_ns1.0,HIV_RT,1.0,-8.979,-6.593,-2.3859999999999992
molgen_ns1.0,CB1,1.0,-9.704,-10.51,0.8059999999999992
molgen_ns1.0,CB1,2.0,-9.33,-10.51,1.1799999999999997
molgen_ns1.0,HIF2alpha__6D0B,3.0,-8.834,-10.48,1.6460000000000008
molgen_ns1.0,HIF2alpha,3.0,-7.134,-8.663,1.529
molgen_ns1.0,HIV1_CA,4.0,-9.278,-7.011,-2.2670000000000003
molgen_ns1.0,p53_Y220C__4AGQ,5.0,-7.094,-5.378,-1.7160000000000002
molgen_ns1.0,HIF2alpha,5.0,-6.648,-8.663,2.0150000000000006
molgen_ns1.0,HIF2alpha,6.0,-7.573,-8.663,1.0899999999999999
molgen_ns1.0,p53_Y220C,7.0,-7.955,-4.982,-2.973
molgen_ns1.0,KRAS,8.0,-7.16,-5.57,-1.5899999999999999
molgen_ns1.0,HIF2alpha__6D0B,9.0,-8.87,-10.48,1.6100000000000012
molgen_ns1.0,HIV_RT,10.0,-8.961,-6.593,-2.3680000000000003
molgen_ns1.0,HIF2alpha__6D0B,10.0,-8.2,-10.48,2.280000000000001
molgen_ns1.0,p53_Y220C,11.0,-7.881,-4.982,-2.899
molgen_ns1.0,HIF2alpha,12.0,-7.479,-8.663,1.1840000000000002
molgen_ns1.0,cAbl,12.0,-9.589,-7.236,-2.3530000000000006
molgen_ns1.0,p53_Y220C,13.0,-6.965,-4.982,-1.9829999999999997
molgen_ns1.0,HIF2alpha__6D0B,14.0,-8.755,-10.48,1.7249999999999996
molgen_ns1.0,HIV_RT,14.0,-10.06,-6.593,-3.4670000000000005
molgen_ns1.0,THSR,15.0,-9.561,-9.138,-0.42300000000000004
molgen_ns1.0,p53_Y220C,16.0,-7.325,-4.982,-2.343
molgen_ns1.0,GCGR,16.0,-4.216,-3.657,-0.5590000000000002
molgen_ns1.0,THSR__7UTZ,17.0,-5.26,-6.164,0.9039999999999999
molgen_ns1.0,THSR,18.0,-10.55,-9.138,-1.4120000000000008
molgen_ns1.0,CB1,19.0,-9.306,-10.51,1.2040000000000006
molgen_ns1.0,THSR,20.0,-9.7,-9.138,-0.5619999999999994
molgen_ns1.0,THSR__7UTZ,20.0,-5.175,-6.164,0.9889999999999999
molgen_ns1.0,Menin,21.0,-8.344,-7.089,-1.254999999999999
molgen_ns1.0,THSR__7UTZ,22.0,-5.954,-6.164,0.20999999999999996
molgen_ns1.0,GCGR,23.0,-4.031,-3.657,-0.37399999999999967
molgen_ns1.0,CB1,23.0,-8.456,-10.51,2.0540000000000003
molgen_ns1.0,KRAS,24.0,-7.239,-5.57,-1.6689999999999996
molgen_ns1.0,HIV_RT,25.0,-6.745,-6.593,-0.15200000000000014
molgen_ns1.0,THSR__7UTZ,25.0,-5.678,-6.164,0.48599999999999977
molgen_ns1.0,HIF2alpha__6D0B,26.0,-9.041,-10.48,1.439
molgen_ns1.0,GCGR,27.0,-4.257,-3.657,-0.5999999999999996
molgen_ns1.0,HIF2alpha__6D0B,27.0,-7.954,-10.48,2.5260000000000007
molgen_ns1.0,HIV_RT,28.0,-8.402,-6.593,-1.8089999999999993
molgen_ns1.0,GCGR,29.0,-3.934,-3.657,-0.27700000000000014
rfd3_fix7,cAbl,0.0,-8.161,-7.236,-0.9249999999999998
rfd3_fix7,GCGR,0.0,-4.067,-3.657,-0.41000000000000014
rfd3_fix7,THSR,1.0,-8.905,-9.138,0.23300000000000054
rfd3_fix7,HIV_RT__3V81,2.0,-6.194,-6.211,0.017000000000000348
rfd3_fix7,CB1,2.0,-8.776,-10.51,1.734
rfd3_fix7,p53_Y220C__4AGQ,3.0,-5.648,-5.378,-0.2699999999999996
rfd3_fix7,HIV_RT__3V81,4.0,-5.66,-6.211,0.5510000000000002
rfd3_fix7,THSR__7UTZ,4.0,-6.318,-6.164,-0.15399999999999991
rfd3_fix7,KRAS,100.0,-5.599,-5.57,-0.028999999999999915
rfd3_fix7,HIV_RT__3V81,101.0,-6.182,-6.211,0.028999999999999915
rfd3_fix7,cAbl,101.0,-8.085,-7.236,-0.8490000000000011
rfd3_fix7,Menin,102.0,-6.936,-7.089,0.15300000000000047
rfd3_fix7,THSR__7UTZ,103.0,-6.032,-6.164,0.13199999999999967
rfd3_fix7,p53_Y220C__4AGQ,103.0,-5.61,-5.378,-0.2320000000000002
rfd3_fix7,Menin,104.0,-7.145,-7.089,-0.05599999999999916
rfd3_fix7,Menin,200.0,-6.877,-7.089,0.21200000000000063
rfd3_fix7,CB1,200.0,-8.876,-10.51,1.6340000000000003
rfd3_fix7,THSR,201.0,-8.355,-9.138,0.7829999999999995
rfd3_fix7,HIV1_CA,202.0,-7.665,-7.011,-0.6539999999999999
rfd3_fix7,p53_Y220C,202.0,-5.17,-4.982,-0.18799999999999972
rfd3_fix7,THSR,203.0,-4.71,-9.138,4.428
rfd3_fix7,cAbl,204.0,-7.956,-7.236,-0.7200000000000006
rfd3_fix7,HIV_RT__3V81,204.0,-5.881,-6.211,0.33000000000000007
rfd3_fix7,THSR,300.0,-8.643,-9.138,0.4949999999999992
rfd3_fix7,KRAS,301.0,-5.757,-5.57,-0.1869999999999994
rfd3_fix7,cAbl,301.0,-8.165,-7.236,-0.9289999999999994
rfd3_fix7,THSR__7UTZ,302.0,-6.293,-6.164,-0.12900000000000045
rfd3_fix7,p53_Y220C__4AGQ,303.0,-5.359,-5.378,0.019000000000000128
rfd3_fix7,CB1,304.0,-7.035,-10.51,3.4749999999999996
rfd3_fix7,p53_Y220C,400.0,-5.268,-4.982,-0.2859999999999996
rfd3_fix7,HIV_RT,401.0,-6.014,-6.593,0.5789999999999997
rfd3_fix7,HIF2alpha,402.0,-4.075,-8.663,4.588
rfd3_fix7,p53_Y220C__4AGQ,402.0,-5.482,-5.378,-0.10400000000000009
rfd3_fix7,HIV1_CA,404.0,-6.083,-7.011,0.9279999999999999
rfd3_fix7,HIF2alpha__6D0B,404.0,-3.54,-10.48,6.94
rfd3_fix7,HIV_RT,500.0,-5.666,-6.593,0.9269999999999996
rfd3_fix7,Menin,501.0,-6.889,-7.089,0.20000000000000018
rfd3_fix7,GCGR,501.0,-3.576,-3.657,0.08099999999999996
rfd3_fix7,HIF2alpha,502.0,-4.206,-8.663,4.457
rfd3_fix7,HIV_RT,503.0,-6.298,-6.593,0.29499999999999993
rfd3_fix7,THSR,503.0,-9.22,-9.138,-0.08200000000000074
rfd3_fix7,HIV_RT__3V81,504.0,-6.257,-6.211,-0.045999999999999375
bioemu_refine,HIF2alpha,0.0,-5.012,-8.663,3.6510000000000007
bioemu_refine,KRAS,0.0,-6.358,-5.57,-0.7879999999999994
bioemu_refine,p53_Y220C,100.0,-5.033,-4.982,-0.051000000000000156
bioemu_refine,KRAS,200.0,-6.682,-5.57,-1.112
bioemu_refine,p53_Y220C__4AGQ,200.0,-5.502,-5.378,-0.12399999999999967
bioemu_refine,p53_Y220C__4AGQ,300.0,-6.873,-5.378,-1.495
bioemu_refine,HIF2alpha,400.0,-5.375,-8.663,3.2880000000000003
bioemu_refine,HIV1_CA,400.0,-7.994,-7.011,-0.9829999999999997
bioemu_refine,THSR__7UTZ,500.0,-6.054,-6.164,0.10999999999999943
bioemu_refine,p53_Y220C,600.0,-5.772,-4.982,-0.79
bioemu_refine,HIV_RT__3V81,800.0,-5.781,-6.211,0.4300000000000006
bioemu_refine,KRAS,800.0,-6.049,-5.57,-0.4790000000000001
bioemu_refine,HIF2alpha__6D0B,900.0,-8.013,-10.48,2.4670000000000005
bioemu_refine,p53_Y220C,1000.0,-6.323,-4.982,-1.3410000000000002
bioemu_refine,HIV_RT__3V81,1200.0,-7.518,-6.211,-1.3069999999999995
bioemu_refine,p53_Y220C,1200.0,-4.574,-4.982,0.40800000000000036
bioemu_refine,HIF2alpha__6D0B,1400.0,-6.632,-10.48,3.8480000000000008
bioemu_refine,Menin,1400.0,-6.803,-7.089,0.2860000000000005
bioemu_refine,Menin,1500.0,-6.134,-7.089,0.9550000000000001
bioemu_refine,HIV_RT__3V81,1600.0,-6.117,-6.211,0.0940000000000003
bioemu_refine,p53_Y220C__4AGQ,1600.0,-6.292,-5.378,-0.9139999999999997
bioemu_refine,HIF2alpha__6D0B,1700.0,-3.914,-10.48,6.566000000000001
bioemu_refine,HIF2alpha__6D0B,1800.0,-7.021,-10.48,3.4590000000000005
bioemu_refine,KRAS,1900.0,-5.236,-5.57,0.3340000000000005
bioemu_refine,THSR,2000.0,-5.684,-9.138,3.4539999999999997
bioemu_refine,THSR__7UTZ,2000.0,-5.833,-6.164,0.3309999999999995
bioemu_refine,HIV_RT,2100.0,-5.446,-6.593,1.1470000000000002
bioemu_refine,CB1,2300.0,-8.41,-10.51,2.0999999999999996
bioemu_refine,KRAS,2400.0,-5.862,-5.57,-0.2919999999999998
bioemu_refine,HIF2alpha,2500.0,-3.804,-8.663,4.859
bioemu_refine,CB1,2600.0,-9.477,-10.51,1.0329999999999995
bioemu_refine,HIF2alpha,2700.0,4.58,-8.663,13.243
molgen_ns1.0,Menin,1.0,-8.362,-7.089,-1.2729999999999997
molgen_ns1.0,p53_Y220C,1.0,-6.84,-4.982,-1.8579999999999997
molgen_ns1.0,Menin,2.0,-8.185,-7.089,-1.096
molgen_ns1.0,THSR__7UTZ,3.0,-5.622,-6.164,0.5419999999999998
molgen_ns1.0,THSR__7UTZ,4.0,-6.111,-6.164,0.052999999999999936
molgen_ns1.0,THSR,4.0,-9.912,-9.138,-0.7740000000000009
molgen_ns1.0,GCGR,5.0,-4.257,-3.657,-0.5999999999999996
molgen_ns1.0,p53_Y220C,6.0,-6.384,-4.982,-1.4020000000000001
molgen_ns1.0,cAbl,6.0,-10.41,-7.236,-3.1740000000000004
molgen_ns1.0,Menin,7.0,-7.808,-7.089,-0.7189999999999994
molgen_ns1.0,HIV_RT,8.0,-9.245,-6.593,-2.6519999999999992
molgen_ns1.0,Menin,8.0,-6.882,-7.089,0.20700000000000074
molgen_ns1.0,THSR__7UTZ,9.0,-5.982,-6.164,0.1819999999999995
molgen_ns1.0,THSR__7UTZ,10.0,-5.787,-6.164,0.3769999999999998
molgen_ns1.0,p53_Y220C,10.0,-7.92,-4.982,-2.9379999999999997
molgen_ns1.0,HIF2alpha__6D0B,11.0,-8.669,-10.48,1.811
molgen_ns1.0,CB1,12.0,-8.972,-10.51,1.5380000000000003
molgen_ns1.0,HIV1_CA,12.0,-8.349,-7.011,-1.338
molgen_ns1.0,HIF2alpha__6D0B,13.0,-8.962,-10.48,1.5180000000000007
molgen_ns1.0,p53_Y220C,14.0,-9.284,-4.982,-4.3020000000000005
molgen_ns1.0,THSR__7UTZ,14.0,-4.85,-6.164,1.314
molgen_ns1.0,HIV_RT,15.0,-9.479,-6.593,-2.8859999999999992
molgen_ns1.0,cAbl,16.0,-8.956,-7.236,-1.7199999999999998
molgen_ns1.0,p53_Y220C__4AGQ,16.0,-8.247,-5.378,-2.8689999999999998
molgen_ns1.0,cAbl,17.0,-11.47,-7.236,-4.234000000000001
molgen_ns1.0,THSR__7UTZ,18.0,-5.975,-6.164,0.18900000000000006
molgen_ns1.0,p53_Y220C,19.0,-8.479,-4.982,-3.496999999999999
molgen_ns1.0,CB1,20.0,-9.297,-10.51,1.2129999999999992
molgen_ns1.0,GCGR,21.0,-3.64,-3.657,0.016999999999999904
molgen_ns1.0,KRAS,21.0,-7.044,-5.57,-1.4739999999999993
molgen_ns1.0,HIV_RT,22.0,-5.174,-6.593,1.4189999999999996
molgen_ns1.0,p53_Y220C__4AGQ,23.0,-7.329,-5.378,-1.9509999999999996
molgen_ns1.0,p53_Y220C,23.0,-6.888,-4.982,-1.9059999999999997
molgen_ns1.0,Menin,24.0,-7.95,-7.089,-0.8609999999999998
molgen_ns1.0,KRAS,25.0,-6.936,-5.57,-1.3659999999999997
molgen_ns1.0,p53_Y220C,25.0,-7.828,-4.982,-2.846
molgen_ns1.0,THSR__7UTZ,26.0,-5.258,-6.164,0.9059999999999997
molgen_ns1.0,HIV_RT__3V81,27.0,-8.503,-6.211,-2.292
molgen_ns1.0,p53_Y220C,27.0,-6.229,-4.982,-1.2469999999999999
molgen_ns1.0,HIV_RT,29.0,-7.178,-6.593,-0.585
rfd3_fix7,p53_Y220C,0.0,-5.177,-4.982,-0.1949999999999994
rfd3_fix7,HIV_RT,1.0,-6.357,-6.593,0.23599999999999977
rfd3_fix7,THSR,2.0,-10.22,-9.138,-1.0820000000000007
rfd3_fix7,HIV1_CA,2.0,-7.341,-7.011,-0.33000000000000007
rfd3_fix7,GCGR,3.0,-3.882,-3.657,-0.2250000000000001
rfd3_fix7,THSR,4.0,-7.529,-9.138,1.609
rfd3_fix7,HIV_RT,4.0,-6.451,-6.593,0.14200000000000035
rfd3_fix7,HIV_RT__3V81,100.0,-5.743,-6.211,0.46799999999999997
rfd3_fix7,GCGR,101.0,-3.898,-3.657,-0.2410000000000001
rfd3_fix7,p53_Y220C,101.0,-5.301,-4.982,-0.31899999999999995
rfd3_fix7,THSR,102.0,-9.873,-9.138,-0.7349999999999994
rfd3_fix7,THSR,103.0,-9.3,-9.138,-0.1620000000000008
rfd3_fix7,p53_Y220C,103.0,-5.378,-4.982,-0.3959999999999999
rfd3_fix7,THSR__7UTZ,104.0,-5.869,-6.164,0.29499999999999993
rfd3_fix7,cAbl,200.0,-7.135,-7.236,0.10099999999999998
rfd3_fix7,p53_Y220C__4AGQ,200.0,-5.372,-5.378,0.006000000000000227
rfd3_fix7,HIV1_CA,201.0,-7.637,-7.011,-0.6259999999999994
rfd3_fix7,KRAS,202.0,-5.142,-5.57,0.42799999999999994
rfd3_fix7,p53_Y220C__4AGQ,202.0,-5.529,-5.378,-0.1509999999999998
rfd3_fix7,KRAS,203.0,-6.326,-5.57,-0.7559999999999993
rfd3_fix7,HIV1_CA,204.0,-7.396,-7.011,-0.3849999999999998
rfd3_fix7,HIF2alpha,204.0,-4.295,-8.663,4.368
rfd3_fix7,THSR__7UTZ,300.0,-6.188,-6.164,-0.02400000000000002
rfd3_fix7,HIV_RT,301.0,-6.46,-6.593,0.133
rfd3_fix7,p53_Y220C__4AGQ,301.0,-5.689,-5.378,-0.31099999999999994
rfd3_fix7,HIV1_CA,302.0,-8.047,-7.011,-1.0360000000000005
rfd3_fix7,Menin,303.0,-7.515,-7.089,-0.42599999999999927
rfd3_fix7,GCGR,303.0,-4.042,-3.657,-0.3849999999999998
rfd3_fix7,p53_Y220C,304.0,-5.088,-4.982,-0.10599999999999987
rfd3_fix7,THSR__7UTZ,400.0,-5.576,-6.164,0.5880000000000001
rfd3_fix7,CB1,400.0,-8.883,-10.51,1.6270000000000007
rfd3_fix7,KRAS,401.0,-5.763,-5.57,-0.19299999999999962
rfd3_fix7,HIV_RT__3V81,402.0,-6.1,-6.211,0.11100000000000065
rfd3_fix7,cAbl,402.0,-9.474,-7.236,-2.2380000000000004
rfd3_fix7,Menin,403.0,-6.979,-7.089,0.11000000000000032
rfd3_fix7,HIF2alpha,404.0,-4.226,-8.663,4.437
rfd3_fix7,p53_Y220C__4AGQ,404.0,-5.548,-5.378,-0.16999999999999993
rfd3_fix7,KRAS,500.0,-5.058,-5.57,0.5120000000000005
rfd3_fix7,CB1,501.0,-7.039,-10.51,3.471
rfd3_fix7,HIF2alpha__6D0B,501.0,6.422,-10.48,16.902
rfd3_fix7,p53_Y220C,502.0,-5.263,-4.982,-0.2809999999999997
rfd3_fix7,KRAS,503.0,-5.285,-5.57,0.28500000000000014
rfd3_fix7,HIV_RT__3V81,503.0,-6.041,-6.211,0.16999999999999993
rfd3_fix7,CB1,504.0,-8.562,-10.51,1.9480000000000004
bioemu_refine,p53_Y220C__4AGQ,0.0,-6.571,-5.378,-1.1929999999999996
bioemu_refine,Menin,200.0,-6.153,-7.089,0.9360000000000008
bioemu_refine,p53_Y220C,200.0,-4.425,-4.982,0.5570000000000004
bioemu_refine,HIF2alpha,300.0,-3.1,-8.663,5.563000000000001
bioemu_refine,p53_Y220C__4AGQ,400.0,-5.84,-5.378,-0.46199999999999974
bioemu_refine,HIV_RT__3V81,500.0,-5.829,-6.211,0.38200000000000056
bioemu_refine,THSR,600.0,-2.638,-9.138,6.5
bioemu_refine,p53_Y220C,700.0,-4.994,-4.982,-0.011999999999999567
bioemu_refine,THSR,800.0,-6.955,-9.138,2.183
bioemu_refine,HIV1_CA,900.0,-5.908,-7.011,1.1029999999999998
bioemu_refine,THSR__7UTZ,1000.0,-6.224,-6.164,-0.0600000000000005
bioemu_refine,HIF2alpha__6D0B,1100.0,-5.206,-10.48,5.274
bioemu_refine,HIV1_CA,1200.0,-6.922,-7.011,0.08900000000000041
bioemu_refine,CB1,1200.0,-8.818,-10.51,1.6920000000000002
bioemu_refine,HIV1_CA,1300.0,-7.402,-7.011,-0.391
bioemu_refine,CB1,1400.0,-8.596,-10.51,1.9139999999999997
bioemu_refine,HIV1_CA,1500.0,-6.746,-7.011,0.2649999999999997
bioemu_refine,HIV_RT,1600.0,-6.156,-6.593,0.4370000000000003
bioemu_refine,HIF2alpha,1800.0,-4.354,-8.663,4.309
bioemu_refine,p53_Y220C__4AGQ,1800.0,-5.384,-5.378,-0.006000000000000227
bioemu_refine,p53_Y220C__4AGQ,1900.0,-5.954,-5.378,-0.5759999999999996
bioemu_refine,HIV_RT__3V81,2000.0,-6.047,-6.211,0.1640000000000006
bioemu_refine,CB1,2100.0,-9.559,-10.51,0.9510000000000005
bioemu_refine,p53_Y220C__4AGQ,2200.0,-5.629,-5.378,-0.25099999999999945
bioemu_refine,p53_Y220C__4AGQ,2300.0,-5.66,-5.378,-0.28200000000000003
bioemu_refine,HIF2alpha__6D0B,2400.0,-7.15,-10.48,3.33
bioemu_refine,KRAS,2600.0,-6.115,-5.57,-0.5449999999999999
bioemu_refine,KRAS,2800.0,-5.884,-5.57,-0.31400000000000006
molgen_ns1.0,CB1,0.0,-8.828,-10.51,1.6820000000000004
molgen_ns1.0,p53_Y220C__4AGQ,0.0,-8.385,-5.378,-3.0069999999999997
molgen_ns1.0,GCGR,1.0,-3.892,-3.657,-0.23499999999999988
molgen_ns1.0,HIF2alpha,2.0,-7.434,-8.663,1.229
molgen_ns1.0,HIV_RT__3V81,2.0,-8.205,-6.211,-1.9939999999999998
molgen_ns1.0,cAbl,3.0,-9.908,-7.236,-2.6719999999999997
molgen_ns1.0,HIF2alpha,4.0,-7.924,-8.663,0.7389999999999999
molgen_ns1.0,Menin,4.0,-6.874,-7.089,0.21500000000000075
molgen_ns1.0,HIV_RT,5.0,-9.447,-6.593,-2.853999999999999
molgen_ns1.0,CB1,6.0,-9.845,-10.51,0.6649999999999991
molgen_ns1.0,HIV1_CA,6.0,-10.76,-7.011,-3.7489999999999997
molgen_ns1.0,THSR,7.0,-10.53,-9.138,-1.3919999999999995
molgen_ns1.0,HIF2alpha__6D0B,8.0,-6.939,-10.48,3.5410000000000004
molgen_ns1.0,p53_Y220C,8.0,-4.961,-4.982,0.020999999999999908
molgen_ns1.0,p53_Y220C,9.0,-7.269,-4.982,-2.287
molgen_ns1.0,cAbl,10.0,-9.273,-7.236,-2.037
molgen_ns1.0,HIF2alpha,10.0,-7.969,-8.663,0.694
molgen_ns1.0,CB1,11.0,-9.24,-10.51,1.2699999999999996
molgen_ns1.0,HIF2alpha__6D0B,12.0,-9.169,-10.48,1.311
molgen_ns1.0,THSR__7UTZ,12.0,-5.267,-6.164,0.8969999999999994
molgen_ns1.0,HIV1_CA,13.0,-7.034,-7.011,-0.022999999999999687
molgen_ns1.0,HIF2alpha,14.0,-7.656,-8.663,1.0070000000000006
molgen_ns1.0,cAbl,14.0,-10.15,-7.236,-2.9140000000000006
molgen_ns1.0,HIV_RT__3V81,15.0,-7.33,-6.211,-1.1189999999999998
molgen_ns1.0,THSR__7UTZ,16.0,-5.827,-6.164,0.33699999999999974
molgen_ns1.0,p53_Y220C__4AGQ,17.0,-7.451,-5.378,-2.0729999999999995
molgen_ns1.0,HIV1_CA,17.0,-9.882,-7.011,-2.8709999999999996
molgen_ns1.0,HIV1_CA,18.0,-7.619,-7.011,-0.6079999999999997
molgen_ns1.0,THSR__7UTZ,19.0,-5.711,-6.164,0.4529999999999994
molgen_ns1.0,HIF2alpha__6D0B,19.0,-8.991,-10.48,1.4890000000000008
molgen_ns1.0,p53_Y220C,20.0,-7.454,-4.982,-2.4719999999999995
molgen_ns1.0,HIV_RT,21.0,-9.391,-6.593,-2.798
molgen_ns1.0,p53_Y220C__4AGQ,21.0,-6.635,-5.378,-1.2569999999999997
molgen_ns1.0,HIV_RT__3V81,23.0,-4.187,-6.211,2.024
molgen_ns1.0,cAbl,23.0,-8.426,-7.236,-1.1900000000000004
molgen_ns1.0,THSR,24.0,-9.851,-9.138,-0.713000000000001
molgen_ns1.0,HIV_RT__3V81,25.0,-8.859,-6.211,-2.6479999999999997
molgen_ns1.0,p53_Y220C__4AGQ,26.0,-7.814,-5.378,-2.436
molgen_ns1.0,HIF2alpha,26.0,-7.611,-8.663,1.0520000000000005
molgen_ns1.0,Menin,27.0,-7.01,-7.089,0.07900000000000063
molgen_ns1.0,p53_Y220C,28.0,-6.776,-4.982,-1.7939999999999996
molgen_ns1.0,HIV_RT__3V81,28.0,-6.867,-6.211,-0.6559999999999997
molgen_ns1.0,CB1,29.0,-9.578,-10.51,0.9320000000000004
rfd3_fix7,HIV1_CA,0.0,-6.945,-7.011,0.06599999999999984
rfd3_fix7,p53_Y220C__4AGQ,0.0,-5.232,-5.378,0.1459999999999999
rfd3_fix7,p53_Y220C__4AGQ,1.0,-5.325,-5.378,0.052999999999999936
rfd3_fix7,HIV_RT,2.0,-6.667,-6.593,-0.07399999999999984
rfd3_fix7,THSR__7UTZ,2.0,-6.896,-6.164,-0.7320000000000002
rfd3_fix7,p53_Y220C,3.0,-5.297,-4.982,-0.3149999999999995
rfd3_fix7,HIF2alpha__6D0B,4.0,5.057,-10.48,15.537
rfd3_fix7,p53_Y220C,4.0,-5.06,-4.982,-0.0779999999999994
rfd3_fix7,THSR,100.0,-6.359,-9.138,2.779
rfd3_fix7,HIF2alpha,101.0,-4.172,-8.663,4.4910000000000005
rfd3_fix7,HIV1_CA,101.0,-7.262,-7.011,-0.25099999999999945
rfd3_fix7,KRAS,102.0,-6.565,-5.57,-0.9950000000000001
rfd3_fix7,HIF2alpha__6D0B,103.0,-4.015,-10.48,6.465000000000001
rfd3_fix7,CB1,103.0,-6.995,-10.51,3.5149999999999997
rfd3_fix7,HIF2alpha,104.0,2.012,-8.663,10.675
rfd3_fix7,GCGR,200.0,-3.745,-3.657,-0.08800000000000008
rfd3_fix7,p53_Y220C,200.0,-4.875,-4.982,0.1070000000000002
rfd3_fix7,Menin,201.0,-7.044,-7.089,0.04500000000000082
rfd3_fix7,HIV_RT__3V81,202.0,-6.376,-6.211,-0.16500000000000004
rfd3_fix7,CB1,202.0,-9.781,-10.51,0.7289999999999992
rfd3_fix7,THSR__7UTZ,203.0,-6.472,-6.164,-0.3080000000000007
rfd3_fix7,KRAS,204.0,-5.454,-5.57,0.11600000000000055
rfd3_fix7,p53_Y220C__4AGQ,300.0,-6.215,-5.378,-0.8369999999999997
rfd3_fix7,THSR__7UTZ,301.0,-6.445,-6.164,-0.2810000000000006
rfd3_fix7,THSR,301.0,-7.537,-9.138,1.601
rfd3_fix7,HIF2alpha__6D0B,302.0,2.255,-10.48,12.735
rfd3_fix7,KRAS,303.0,-4.952,-5.57,0.6180000000000003
rfd3_fix7,HIF2alpha__6D0B,303.0,6.65,-10.48,17.130000000000003
rfd3_fix7,cAbl,304.0,-8.101,-7.236,-0.8650000000000011
rfd3_fix7,HIV_RT__3V81,400.0,-6.271,-6.211,-0.05999999999999961
rfd3_fix7,KRAS,400.0,-5.471,-5.57,0.0990000000000002
rfd3_fix7,HIF2alpha,401.0,-3.946,-8.663,4.7170000000000005
rfd3_fix7,p53_Y220C,402.0,-4.892,-4.982,0.08999999999999986
rfd3_fix7,GCGR,402.0,-3.528,-3.657,0.129
rfd3_fix7,CB1,403.0,-10.17,-10.51,0.33999999999999986
rfd3_fix7,THSR__7UTZ,404.0,-6.136,-6.164,0.02799999999999958
rfd3_fix7,Menin,404.0,-7.143,-7.089,-0.05399999999999938
rfd3_fix7,Menin,500.0,-6.77,-7.089,0.31900000000000084
rfd3_fix7,HIF2alpha,501.0,-4.05,-8.663,4.613
rfd3_fix7,THSR,501.0,-7.402,-9.138,1.7359999999999998
rfd3_fix7,Menin,502.0,-6.993,-7.089,0.09600000000000009
rfd3_fix7,CB1,503.0,-7.297,-10.51,3.213
rfd3_fix7,HIF2alpha__6D0B,503.0,-3.863,-10.48,6.617000000000001
rfd3_fix7,KRAS,504.0,-5.363,-5.57,0.20699999999999985
bioemu_refine,HIV_RT__3V81,0.0,-6.107,-6.211,0.10400000000000009
bioemu_refine,HIV_RT,0.0,-6.056,-6.593,0.5369999999999999
bioemu_refine,Menin,100.0,-6.396,-7.089,0.6930000000000005
bioemu_refine,HIV_RT,200.0,-6.056,-6.593,0.5369999999999999
bioemu_refine,CB1,300.0,-8.671,-10.51,1.8390000000000004
bioemu_refine,HIV_RT__3V81,400.0,-5.715,-6.211,0.49600000000000044
bioemu_refine,THSR,400.0,-8.565,-9.138,0.5730000000000004
bioemu_refine,CB1,500.0,-9.571,-10.51,0.9390000000000001
bioemu_refine,Menin,600.0,-6.693,-7.089,0.3960000000000008
bioemu_refine,HIV1_CA,600.0,-6.443,-7.011,0.5680000000000005
bioemu_refine,CB1,700.0,-8.443,-10.51,2.067
bioemu_refine,Menin,800.0,-6.859,-7.089,0.23000000000000043
bioemu_refine,KRAS,900.0,-5.879,-5.57,-0.3089999999999993
bioemu_refine,Menin,1000.0,-6.982,-7.089,0.1070000000000002
bioemu_refine,HIV_RT__3V81,1000.0,-7.136,-6.211,-0.9249999999999998
bioemu_refine,p53_Y220C__4AGQ,1100.0,-6.695,-5.378,-1.3170000000000002
bioemu_refine,THSR,1200.0,-5.506,-9.138,3.6319999999999997
bioemu_refine,Menin,1200.0,-6.276,-7.089,0.8130000000000006
bioemu_refine,THSR,1300.0,-8.715,-9.138,0.42300000000000004
bioemu_refine,p53_Y220C__4AGQ,1400.0,-5.022,-5.378,0.35599999999999987
bioemu_refine,p53_Y220C,1400.0,-5.016,-4.982,-0.03399999999999981
bioemu_refine,THSR,1500.0,-7.784,-9.138,1.354
bioemu_refine,HIV1_CA,1600.0,-8.295,-7.011,-1.2839999999999998
bioemu_refine,p53_Y220C,1600.0,-6.275,-4.982,-1.2930000000000001
bioemu_refine,THSR__7UTZ,1700.0,-5.986,-6.164,0.17799999999999994
bioemu_refine,KRAS,1800.0,-5.628,-5.57,-0.05799999999999983
bioemu_refine,HIF2alpha,1900.0,-6.167,-8.663,2.4960000000000004
bioemu_refine,HIF2alpha,2100.0,-4.612,-8.663,4.051
bioemu_refine,HIV1_CA,2100.0,-6.762,-7.011,0.24900000000000055
bioemu_refine,p53_Y220C,2200.0,-4.729,-4.982,0.2530000000000001
bioemu_refine,p53_Y220C,2300.0,-4.575,-4.982,0.40700000000000003
bioemu_refine,HIV_RT__3V81,2400.0,-6.989,-6.211,-0.7779999999999996
bioemu_refine,p53_Y220C,2500.0,-4.217,-4.982,0.7650000000000006
bioemu_refine,CB1,2800.0,-9.21,-10.51,1.299999999999999
molgen_ns1.0,HIF2alpha,0.0,-7.688,-8.663,0.9750000000000005
molgen_ns1.0,GCGR,0.0,-3.788,-3.657,-0.13099999999999978
molgen_ns1.0,p53_Y220C__4AGQ,1.0,-7.542,-5.378,-2.1639999999999997
molgen_ns1.0,GCGR,2.0,-4.066,-3.657,-0.4089999999999998
molgen_ns1.0,p53_Y220C__4AGQ,2.0,-6.747,-5.378,-1.3689999999999998
molgen_ns1.0,CB1,3.0,-9.505,-10.51,1.004999999999999
molgen_ns1.0,cAbl,4.0,-9.893,-7.236,-2.657000000000001
molgen_ns1.0,KRAS,4.0,-7.516,-5.57,-1.9459999999999997
molgen_ns1.0,HIV_RT__3V81,5.0,-5.582,-6.211,0.6290000000000004
molgen_ns1.0,Menin,6.0,-6.317,-7.089,0.7720000000000002
molgen_ns1.0,THSR,6.0,-9.546,-9.138,-0.4079999999999995
molgen_ns1.0,CB1,7.0,-9.621,-10.51,0.8889999999999993
molgen_ns1.0,THSR,8.0,-9.257,-9.138,-0.11899999999999977
molgen_ns1.0,CB1,8.0,-9.693,-10.51,0.8170000000000002
molgen_ns1.0,Menin,9.0,-6.881,-7.089,0.20800000000000018
molgen_ns1.0,KRAS,10.0,-7.277,-5.57,-1.7069999999999999
molgen_ns1.0,CB1,10.0,-8.689,-10.51,1.8209999999999997
molgen_ns1.0,HIF2alpha,11.0,-7.433,-8.663,1.2300000000000004
molgen_ns1.0,THSR,12.0,-9.479,-9.138,-0.3409999999999993
molgen_ns1.0,HIV_RT,12.0,-9.154,-6.593,-2.561
molgen_ns1.0,THSR__7UTZ,13.0,-5.313,-6.164,0.851
molgen_ns1.0,CB1,14.0,-9.522,-10.51,0.9879999999999995
molgen_ns1.0,THSR__7UTZ,15.0,-5.912,-6.164,0.2519999999999998
molgen_ns1.0,cAbl,15.0,-7.485,-7.236,-0.24900000000000055
molgen_ns1.0,HIV1_CA,16.0,-7.074,-7.011,-0.06299999999999972
molgen_ns1.0,GCGR,17.0,-4.135,-3.657,-0.47799999999999976
molgen_ns1.0,HIF2alpha__6D0B,17.0,-8.341,-10.48,2.139000000000001
molgen_ns1.0,cAbl,18.0,-10.81,-7.236,-3.5740000000000007
molgen_ns1.0,HIV_RT,19.0,-9.266,-6.593,-2.673
molgen_ns1.0,Menin,19.0,-8.336,-7.089,-1.2469999999999999
molgen_ns1.0,HIF2alpha__6D0B,20.0,-8.704,-10.48,1.7759999999999998
molgen_ns1.0,THSR__7UTZ,21.0,-5.574,-6.164,0.5899999999999999
molgen_ns1.0,CB1,21.0,-9.65,-10.51,0.8599999999999994
molgen_ns1.0,Menin,22.0,-7.184,-7.089,-0.09499999999999975
molgen_ns1.0,HIV1_CA,23.0,-8.353,-7.011,-1.3419999999999996
molgen_ns1.0,THSR__7UTZ,23.0,-5.629,-6.164,0.5350000000000001
molgen_ns1.0,HIV1_CA,24.0,-7.341,-7.011,-0.33000000000000007
molgen_ns1.0,CB1,26.0,-9.349,-10.51,1.1609999999999996
molgen_ns1.0,p53_Y220C__4AGQ,27.0,-6.985,-5.378,-1.6070000000000002
molgen_ns1.0,p53_Y220C__4AGQ,28.0,-7.635,-5.378,-2.2569999999999997
molgen_ns1.0,Menin,28.0,-8.233,-7.089,-1.1440000000000001
molgen_ns1.0,Menin,29.0,-6.986,-7.089,0.10300000000000065
rfd3_fix7,THSR,0.0,-6.667,-9.138,2.471
rfd3_fix7,CB1,1.0,-7.89,-10.51,2.62
rfd3_fix7,HIF2alpha__6D0B,2.0,7.657,-10.48,18.137
rfd3_fix7,HIV_RT__3V81,3.0,-6.081,-6.211,0.1299999999999999
rfd3_fix7,CB1,4.0,-9.439,-10.51,1.0709999999999997
rfd3_fix7,HIV1_CA,100.0,-6.538,-7.011,0.47299999999999986
rfd3_fix7,cAbl,100.0,-8.641,-7.236,-1.4050000000000002
rfd3_fix7,THSR,101.0,-3.157,-9.138,5.981
rfd3_fix7,THSR__7UTZ,102.0,-6.233,-6.164,-0.06899999999999995
rfd3_fix7,HIV_RT__3V81,102.0,-6.53,-6.211,-0.31899999999999995
rfd3_fix7,cAbl,103.0,-8.665,-7.236,-1.4289999999999994
rfd3_fix7,cAbl,104.0,-7.581,-7.236,-0.34500000000000064
rfd3_fix7,KRAS,104.0,-6.225,-5.57,-0.6549999999999994
rfd3_fix7,HIF2alpha__6D0B,200.0,-4.791,-10.48,5.689
rfd3_fix7,p53_Y220C,201.0,-5.205,-4.982,-0.22299999999999986
rfd3_fix7,HIF2alpha__6D0B,201.0,2.533,-10.48,13.013
rfd3_fix7,GCGR,202.0,-3.723,-3.657,-0.06599999999999984
rfd3_fix7,HIV1_CA,203.0,-6.492,-7.011,0.5190000000000001
rfd3_fix7,HIV_RT__3V81,203.0,-6.811,-6.211,-0.5999999999999996
rfd3_fix7,HIV_RT,204.0,-6.532,-6.593,0.06099999999999994
rfd3_fix7,GCGR,300.0,-4.194,-3.657,-0.5369999999999999
rfd3_fix7,HIF2alpha__6D0B,300.0,5.163,-10.48,15.643
rfd3_fix7,GCGR,301.0,-3.618,-3.657,0.039000000000000146
rfd3_fix7,CB1,302.0,-4.196,-10.51,6.314
rfd3_fix7,HIF2alpha,302.0,-4.396,-8.663,4.267
rfd3_fix7,HIV_RT,303.0,-6.097,-6.593,0.49599999999999955
rfd3_fix7,Menin,304.0,-7.018,-7.089,0.07100000000000062
rfd3_fix7,HIF2alpha__6D0B,304.0,-3.727,-10.48,6.753
rfd3_fix7,THSR,400.0,-10.14,-9.138,-1.0020000000000007
rfd3_fix7,CB1,401.0,-6.815,-10.51,3.6949999999999994
rfd3_fix7,HIV1_CA,401.0,-6.519,-7.011,0.492
rfd3_fix7,Menin,402.0,-7.091,-7.089,-0.0019999999999997797
rfd3_fix7,GCGR,403.0,-3.614,-3.657,0.04300000000000015
rfd3_fix7,p53_Y220C,403.0,-5.349,-4.982,-0.367
rfd3_fix7,CB1,404.0,-6.822,-10.51,3.6879999999999997
rfd3_fix7,cAbl,500.0,-8.11,-7.236,-0.8739999999999997
rfd3_fix7,HIV1_CA,500.0,-7.444,-7.011,-0.43299999999999983
rfd3_fix7,HIV1_CA,501.0,-7.48,-7.011,-0.4690000000000003
rfd3_fix7,THSR,502.0,-7.969,-9.138,1.1689999999999996
rfd3_fix7,CB1,502.0,-6.253,-10.51,4.257
rfd3_fix7,Menin,503.0,-7.153,-7.089,-0.06399999999999917
rfd3_fix7,HIF2alpha,504.0,-4.286,-8.663,4.377000000000001
rfd3_fix7,HIV_RT,504.0,-6.354,-6.593,0.23899999999999988
bioemu_refine,HIV1_CA,0.0,-5.675,-7.011,1.3360000000000003
bioemu_refine,THSR,100.0,-7.785,-9.138,1.3529999999999998
bioemu_refine,KRAS,100.0,-6.364,-5.57,-0.7939999999999996
bioemu_refine,HIF2alpha__6D0B,300.0,-4.396,-10.48,6.0840000000000005
bioemu_refine,THSR__7UTZ,400.0,-5.823,-6.164,0.3409999999999993
bioemu_refine,HIV_RT,500.0,-7.493,-6.593,-0.9000000000000004
bioemu_refine,HIF2alpha__6D0B,500.0,-5.119,-10.48,5.361000000000001
bioemu_refine,KRAS,600.0,-5.064,-5.57,0.5060000000000002
bioemu_refine,THSR,700.0,-8.005,-9.138,1.1329999999999991
bioemu_refine,HIF2alpha,800.0,-5.931,-8.663,2.732
bioemu_refine,THSR,900.0,-8.167,-9.138,0.9710000000000001
bioemu_refine,p53_Y220C,900.0,-5.349,-4.982,-0.367
bioemu_refine,CB1,1000.0,-8.754,-10.51,1.7560000000000002
bioemu_refine,Menin,1100.0,-6.884,-7.089,0.20500000000000007
bioemu_refine,HIF2alpha,1200.0,-4.434,-8.663,4.229
bioemu_refine,Menin,1300.0,-5.914,-7.089,1.1750000000000007
bioemu_refine,HIV_RT__3V81,1300.0,-5.98,-6.211,0.23099999999999987
bioemu_refine,HIF2alpha,1400.0,-2.225,-8.663,6.438000000000001
bioemu_refine,p53_Y220C,1500.0,-5.024,-4.982,-0.041999999999999815
bioemu_refine,HIF2alpha,1500.0,-2.75,-8.663,5.913
bioemu_refine,THSR,1600.0,-8.97,-9.138,0.16799999999999926
bioemu_refine,HIV1_CA,1700.0,-7.208,-7.011,-0.19700000000000006
bioemu_refine,p53_Y220C,1700.0,-4.955,-4.982,0.027000000000000135
bioemu_refine,Menin,1800.0,-6.615,-7.089,0.4740000000000002
bioemu_refine,THSR__7UTZ,1900.0,-6.133,-6.164,0.030999999999999694
bioemu_refine,Menin,1900.0,-7.338,-7.089,-0.24899999999999967
bioemu_refine,Menin,2000.0,-6.756,-7.089,0.3330000000000002
bioemu_refine,THSR,2100.0,-3.836,-9.138,5.302
bioemu_refine,HIF2alpha__6D0B,2100.0,-1.531,-10.48,8.949
bioemu_refine,HIV_RT__3V81,2200.0,-5.666,-6.211,0.5449999999999999
bioemu_refine,p53_Y220C__4AGQ,2500.0,-6.177,-5.378,-0.7989999999999995
bioemu_refine,HIV1_CA,2600.0,-7.451,-7.011,-0.4399999999999995
bioemu_refine,HIF2alpha__6D0B,2800.0,3.255,-10.48,13.735
molgen_ns1.0,HIF2alpha__6D0B,0.0,-8.622,-10.48,1.8580000000000005
molgen_ns1.0,THSR,0.0,-10.12,-9.138,-0.9819999999999993
molgen_ns1.0,KRAS,1.0,-8.332,-5.57,-2.7620000000000005
molgen_ns1.0,HIV_RT,2.0,-9.598,-6.593,-3.005000000000001
molgen_ns1.0,p53_Y220C,2.0,-6.951,-4.982,-1.9689999999999994
molgen_ns1.0,GCGR,4.0,-4.518,-3.657,-0.8609999999999998
molgen_ns1.0,CB1,4.0,-9.497,-10.51,1.013
molgen_ns1.0,KRAS,5.0,-8.759,-5.57,-3.189
molgen_ns1.0,HIV_RT,6.0,-9.553,-6.593,-2.960000000000001
molgen_ns1.0,THSR__7UTZ,6.0,-5.141,-6.164,1.0229999999999997
molgen_ns1.0,p53_Y220C__4AGQ,7.0,-6.935,-5.378,-1.5569999999999995
molgen_ns1.0,cAbl,8.0,-11.06,-7.236,-3.8240000000000007
molgen_ns1.0,KRAS,9.0,-7.524,-5.57,-1.9539999999999997
molgen_ns1.0,p53_Y220C__4AGQ,10.0,-8.496,-5.378,-3.1180000000000003
molgen_ns1.0,KRAS,11.0,-7.306,-5.57,-1.7359999999999998
molgen_ns1.0,HIV1_CA,11.0,-8.17,-7.011,-1.1589999999999998
molgen_ns1.0,GCGR,12.0,-4.128,-3.657,-0.4710000000000001
molgen_ns1.0,Menin,13.0,-7.58,-7.089,-0.49099999999999966
molgen_ns1.0,cAbl,13.0,-9.84,-7.236,-2.604
molgen_ns1.0,GCGR,14.0,-4.047,-3.657,-0.3899999999999997
molgen_ns1.0,CB1,15.0,-10.1,-10.51,0.41000000000000014
molgen_ns1.0,p53_Y220C,15.0,-7.181,-4.982,-2.199
molgen_ns1.0,HIV_RT,16.0,-8.36,-6.593,-1.7669999999999995
molgen_ns1.0,HIF2alpha,17.0,-7.804,-8.663,0.859
molgen_ns1.0,GCGR,18.0,-4.337,-3.657,-0.6799999999999997
molgen_ns1.0,HIV1_CA,19.0,-8.883,-7.011,-1.871999999999999
molgen_ns1.0,GCGR,19.0,-4.097,-3.657,-0.4400000000000004
molgen_ns1.0,HIF2alpha,20.0,-7.866,-8.663,0.7970000000000006
molgen_ns1.0,THSR,21.0,-9.978,-9.138,-0.8399999999999999
molgen_ns1.0,HIF2alpha,21.0,-7.714,-8.663,0.9489999999999998
molgen_ns1.0,HIV_RT__3V81,22.0,-7.391,-6.211,-1.1799999999999997
molgen_ns1.0,THSR,23.0,-10.36,-9.138,-1.2219999999999995
molgen_ns1.0,p53_Y220C,24.0,-7.294,-4.982,-2.3119999999999994
molgen_ns1.0,p53_Y220C__4AGQ,24.0,-7.271,-5.378,-1.8929999999999998
molgen_ns1.0,THSR,25.0,-9.451,-9.138,-0.3130000000000006
molgen_ns1.0,KRAS,26.0,-8.84,-5.57,-3.2699999999999996
molgen_ns1.0,HIV1_CA,26.0,-6.217,-7.011,0.7940000000000005
molgen_ns1.0,THSR,27.0,-10.18,-9.138,-1.0419999999999998
molgen_ns1.0,CB1,28.0,-9.022,-10.51,1.4879999999999995
molgen_ns1.0,HIV1_CA,28.0,-9.053,-7.011,-2.0420000000000007
molgen_ns1.0,KRAS,29.0,-7.418,-5.57,-1.8479999999999999
rfd3_fix7,Menin,0.0,-6.625,-7.089,0.4640000000000004
rfd3_fix7,HIV_RT__3V81,1.0,-5.98,-6.211,0.23099999999999987
rfd3_fix7,p53_Y220C,1.0,-4.958,-4.982,0.02400000000000002
rfd3_fix7,HIF2alpha,2.0,-4.211,-8.663,4.452
rfd3_fix7,HIV1_CA,3.0,-6.385,-7.011,0.6260000000000003
rfd3_fix7,KRAS,3.0,-6.028,-5.57,-0.4579999999999993
rfd3_fix7,p53_Y220C__4AGQ,4.0,-5.509,-5.378,-0.13100000000000023
rfd3_fix7,p53_Y220C__4AGQ,100.0,-5.311,-5.378,0.06700000000000017
rfd3_fix7,CB1,101.0,-5.42,-10.51,5.09
rfd3_fix7,HIV1_CA,102.0,-7.497,-7.011,-0.48599999999999977
rfd3_fix7,HIV_RT,102.0,-6.485,-6.593,0.10799999999999965
rfd3_fix7,HIV1_CA,103.0,-6.111,-7.011,0.9000000000000004
rfd3_fix7,p53_Y220C__4AGQ,104.0,-5.361,-5.378,0.017000000000000348
rfd3_fix7,HIV_RT,104.0,-6.118,-6.593,0.47499999999999964
rfd3_fix7,KRAS,200.0,-5.678,-5.57,-0.10799999999999965
rfd3_fix7,CB1,201.0,-6.028,-10.51,4.482
rfd3_fix7,GCGR,201.0,-3.583,-3.657,0.07399999999999984
rfd3_fix7,HIF2alpha,202.0,-4.596,-8.663,4.067
rfd3_fix7,HIV_RT,203.0,-6.068,-6.593,0.5250000000000004
rfd3_fix7,GCGR,203.0,-3.337,-3.657,0.31999999999999984
rfd3_fix7,p53_Y220C__4AGQ,204.0,-5.677,-5.378,-0.2989999999999995
rfd3_fix7,CB1,300.0,-8.433,-10.51,2.077
rfd3_fix7,Menin,300.0,-7.107,-7.089,-0.017999999999999794
rfd3_fix7,KRAS,302.0,-6.55,-5.57,-0.9799999999999995
rfd3_fix7,Menin,302.0,-6.997,-7.089,0.09200000000000053
rfd3_fix7,THSR,303.0,-1.186,-9.138,7.952
rfd3_fix7,THSR__7UTZ,304.0,-5.865,-6.164,0.2989999999999995
rfd3_fix7,GCGR,304.0,-3.864,-3.657,-0.20699999999999985
rfd3_fix7,GCGR,400.0,-3.207,-3.657,0.4500000000000002
rfd3_fix7,Menin,401.0,-7.038,-7.089,0.051000000000000156
rfd3_fix7,THSR,401.0,-8.702,-9.138,0.43599999999999994
rfd3_fix7,CB1,402.0,-7.045,-10.51,3.465
rfd3_fix7,cAbl,403.0,-8.497,-7.236,-1.2610000000000001
rfd3_fix7,KRAS,403.0,-5.62,-5.57,-0.04999999999999982
rfd3_fix7,KRAS,404.0,-7.34,-5.57,-1.7699999999999996
rfd3_fix7,THSR,500.0,-8.033,-9.138,1.1050000000000004
rfd3_fix7,p53_Y220C,500.0,-4.885,-4.982,0.09700000000000042
rfd3_fix7,KRAS,501.0,-5.249,-5.57,0.3210000000000006
rfd3_fix7,HIF2alpha__6D0B,502.0,-4.822,-10.48,5.658
rfd3_fix7,THSR__7UTZ,504.0,-6.338,-6.164,-0.17400000000000038
rfd3_fix7,HIF2alpha__6D0B,504.0,-4.747,-10.48,5.7330000000000005
bioemu_refine,THSR__7UTZ,100.0,-6.097,-6.164,0.06699999999999928
bioemu_refine,HIF2alpha__6D0B,100.0,1.495,-10.48,11.975000000000001
bioemu_refine,HIV_RT__3V81,200.0,-5.21,-6.211,1.0010000000000003
bioemu_refine,p53_Y220C,300.0,-6.335,-4.982,-1.3529999999999998
bioemu_refine,Menin,500.0,-6.637,-7.089,0.45200000000000085
bioemu_refine,p53_Y220C,500.0,-6.129,-4.982,-1.1469999999999994
bioemu_refine,HIF2alpha__6D0B,600.0,-3.765,-10.48,6.715
bioemu_refine,HIF2alpha__6D0B,700.0,-4.877,-10.48,5.603000000000001
bioemu_refine,Menin,700.0,-7.031,-7.089,0.05800000000000072
bioemu_refine,HIV_RT__3V81,900.0,-6.595,-6.211,-0.38399999999999945
bioemu_refine,CB1,900.0,-8.487,-10.51,2.0229999999999997
bioemu_refine,KRAS,1000.0,-7.276,-5.57,-1.7059999999999995
bioemu_refine,THSR__7UTZ,1100.0,-6.242,-6.164,-0.07800000000000029
bioemu_refine,HIF2alpha,1100.0,-4.022,-8.663,4.641
bioemu_refine,HIF2alpha__6D0B,1200.0,-0.487,-10.48,9.993
bioemu_refine,THSR__7UTZ,1300.0,-6.174,-6.164,-0.010000000000000675
bioemu_refine,HIV_RT__3V81,1400.0,-6.111,-6.211,0.10000000000000053
bioemu_refine,CB1,1500.0,-9.238,-10.51,1.2720000000000002
bioemu_refine,KRAS,1600.0,-5.845,-5.57,-0.27499999999999947
bioemu_refine,THSR,1700.0,-4.44,-9.138,4.6979999999999995
bioemu_refine,Menin,1700.0,-6.436,-7.089,0.6530000000000005
bioemu_refine,HIV_RT,1800.0,-6.118,-6.593,0.47499999999999964
bioemu_refine,HIV_RT__3V81,1900.0,-6.298,-6.211,-0.08699999999999974
bioemu_refine,p53_Y220C__4AGQ,2100.0,-6.531,-5.378,-1.1529999999999996
bioemu_refine,HIF2alpha,2200.0,2.764,-8.663,11.427
bioemu_refine,HIF2alpha,2300.0,-4.084,-8.663,4.579000000000001
bioemu_refine,HIV_RT,2400.0,-6.44,-6.593,0.15299999999999958
bioemu_refine,CB1,2500.0,-9.515,-10.51,0.9949999999999992
bioemu_refine,HIF2alpha,2600.0,-5.93,-8.663,2.7330000000000005
molgen_ns1.0,p53_Y220C,0.0,-7.617,-4.982,-2.635
molgen_ns1.0,Menin,0.0,-7.053,-7.089,0.036000000000000476
molgen_ns1.0,HIV_RT__3V81,1.0,-8.965,-6.211,-2.7539999999999996
molgen_ns1.0,cAbl,2.0,-9.344,-7.236,-2.1079999999999997
molgen_ns1.0,HIV_RT,3.0,-9.551,-6.593,-2.958
molgen_ns1.0,p53_Y220C__4AGQ,4.0,-7.045,-5.378,-1.6669999999999998
molgen_ns1.0,p53_Y220C,4.0,-7.53,-4.982,-2.548
molgen_ns1.0,Menin,5.0,-7.476,-7.089,-0.38699999999999957
molgen_ns1.0,KRAS,6.0,-7.486,-5.57,-1.9159999999999995
molgen_ns1.0,HIF2alpha__6D0B,6.0,-8.776,-10.48,1.7040000000000006
molgen_ns1.0,HIF2alpha__6D0B,7.0,-8.265,-10.48,2.215
molgen_ns1.0,THSR__7UTZ,8.0,-6.297,-6.164,-0.133
molgen_ns1.0,HIV_RT__3V81,9.0,-8.615,-6.211,-2.404
molgen_ns1.0,HIF2alpha,9.0,-6.852,-8.663,1.811
molgen_ns1.0,GCGR,10.0,-4.432,-3.657,-0.7750000000000004
molgen_ns1.0,THSR,11.0,-9.339,-9.138,-0.2010000000000005
molgen_ns1.0,cAbl,11.0,-10.56,-7.236,-3.3240000000000007
molgen_ns1.0,p53_Y220C__4AGQ,12.0,-6.915,-5.378,-1.537
molgen_ns1.0,THSR,13.0,-10.02,-9.138,-0.8819999999999997
molgen_ns1.0,p53_Y220C__4AGQ,14.0,-8.331,-5.378,-2.9529999999999994
molgen_ns1.0,HIF2alpha,15.0,-7.415,-8.663,1.2480000000000002
molgen_ns1.0,HIF2alpha__6D0B,15.0,-8.646,-10.48,1.8339999999999996
molgen_ns1.0,THSR,16.0,-9.849,-9.138,-0.7110000000000003
molgen_ns1.0,Menin,17.0,-7.99,-7.089,-0.9009999999999998
molgen_ns1.0,CB1,17.0,-8.664,-10.51,1.846
molgen_ns1.0,p53_Y220C__4AGQ,18.0,-7.367,-5.378,-1.9889999999999999
molgen_ns1.0,THSR,19.0,-9.293,-9.138,-0.15499999999999936
molgen_ns1.0,cAbl,19.0,-9.45,-7.236,-2.2139999999999995
molgen_ns1.0,HIV1_CA,21.0,-7.78,-7.011,-0.7690000000000001
molgen_ns1.0,HIF2alpha__6D0B,21.0,-9.145,-10.48,1.3350000000000009
molgen_ns1.0,KRAS,22.0,-9.274,-5.57,-3.703999999999999
molgen_ns1.0,HIF2alpha__6D0B,24.0,-8.754,-10.48,1.7260000000000009
molgen_ns1.0,GCGR,24.0,-4.238,-3.657,-0.5810000000000004
molgen_ns1.0,HIF2alpha__6D0B,25.0,-8.379,-10.48,2.101000000000001
molgen_ns1.0,Menin,26.0,-6.751,-7.089,0.3380000000000001
molgen_ns1.0,THSR,26.0,-9.819,-9.138,-0.6810000000000009
molgen_ns1.0,HIV1_CA,27.0,-6.301,-7.011,0.71
molgen_ns1.0,cAbl,28.0,-9.98,-7.236,-2.7440000000000007
molgen_ns1.0,THSR,28.0,-9.414,-9.138,-0.2759999999999998
molgen_ns1.0,HIV_RT__3V81,29.0,-6.529,-6.211,-0.3179999999999996
rfd3_fix7,KRAS,0.0,-6.154,-5.57,-0.5839999999999996
rfd3_fix7,HIV1_CA,1.0,-6.717,-7.011,0.2940000000000005
rfd3_fix7,GCGR,1.0,-3.574,-3.657,0.08300000000000018
rfd3_fix7,cAbl,3.0,-8.278,-7.236,-1.0420000000000007
rfd3_fix7,Menin,3.0,-6.793,-7.089,0.29600000000000026
rfd3_fix7,HIF2alpha,4.0,-4.486,-8.663,4.1770000000000005
rfd3_fix7,p53_Y220C,100.0,-5.273,-4.982,-0.2909999999999995
rfd3_fix7,Menin,100.0,-6.888,-7.089,0.2010000000000005
rfd3_fix7,HIF2alpha__6D0B,101.0,-4.513,-10.48,5.9670000000000005
rfd3_fix7,cAbl,102.0,-8.256,-7.236,-1.0200000000000005
rfd3_fix7,Menin,103.0,-6.542,-7.089,0.5470000000000006
rfd3_fix7,p53_Y220C,104.0,-5.321,-4.982,-0.3389999999999995
rfd3_fix7,CB1,104.0,-8.056,-10.51,2.4540000000000006
rfd3_fix7,p53_Y220C__4AGQ,201.0,-5.345,-5.378,0.03300000000000036
rfd3_fix7,cAbl,201.0,-8.179,-7.236,-0.9430000000000005
rfd3_fix7,HIF2alpha__6D0B,202.0,4.997,-10.48,15.477
rfd3_fix7,Menin,203.0,-6.862,-7.089,0.2270000000000003
rfd3_fix7,CB1,203.0,-9.583,-10.51,0.9269999999999996
rfd3_fix7,THSR__7UTZ,204.0,-6.191,-6.164,-0.027000000000000135
rfd3_fix7,HIV1_CA,300.0,-6.084,-7.011,0.9270000000000005
rfd3_fix7,cAbl,300.0,-9.148,-7.236,-1.912
rfd3_fix7,p53_Y220C,301.0,-4.992,-4.982,-0.009999999999999787
rfd3_fix7,THSR,302.0,-7.136,-9.138,2.002
rfd3_fix7,THSR__7UTZ,303.0,-5.598,-6.164,0.5659999999999998
rfd3_fix7,HIV_RT__3V81,304.0,-5.676,-6.211,0.5350000000000001
rfd3_fix7,p53_Y220C__4AGQ,304.0,-5.194,-5.378,0.18400000000000016
rfd3_fix7,cAbl,400.0,-9.376,-7.236,-2.1399999999999997
rfd3_fix7,p53_Y220C,401.0,-5.195,-4.982,-0.21300000000000008
rfd3_fix7,HIV_RT__3V81,401.0,-6.549,-6.211,-0.3380000000000001
rfd3_fix7,HIV_RT,402.0,-6.501,-6.593,0.09199999999999964
rfd3_fix7,HIF2alpha__6D0B,403.0,-4.192,-10.48,6.288
rfd3_fix7,HIV_RT,403.0,-6.632,-6.593,-0.0389999999999997
rfd3_fix7,HIV_RT,404.0,-6.107,-6.593,0.48599999999999977
rfd3_fix7,HIF2alpha__6D0B,500.0,3.318,-10.48,13.798
rfd3_fix7,CB1,500.0,-8.276,-10.51,2.234
rfd3_fix7,HIV_RT,501.0,-6.316,-6.593,0.27700000000000014
rfd3_fix7,GCGR,502.0,-3.578,-3.657,0.07900000000000018
rfd3_fix7,HIV_RT__3V81,502.0,-6.444,-6.211,-0.23299999999999965
rfd3_fix7,THSR__7UTZ,503.0,-6.153,-6.164,0.01100000000000012
rfd3_fix7,HIV1_CA,504.0,-5.971,-7.011,1.04
rfd3_fix7,THSR,504.0,-10.75,-9.138,-1.612
bioemu_refine,THSR,0.0,-7.095,-9.138,2.043
bioemu_refine,HIV_RT__3V81,100.0,-5.442,-6.211,0.7690000000000001
bioemu_refine,CB1,100.0,-7.932,-10.51,2.5779999999999994
bioemu_refine,THSR__7UTZ,200.0,-5.752,-6.164,0.4119999999999999
bioemu_refine,KRAS,300.0,-5.533,-5.57,0.03699999999999992
bioemu_refine,HIV_RT,300.0,-6.333,-6.593,0.2599999999999998
bioemu_refine,p53_Y220C,400.0,-4.34,-4.982,0.6420000000000003
bioemu_refine,THSR,500.0,-8.34,-9.138,0.798
bioemu_refine,p53_Y220C__4AGQ,600.0,-5.609,-5.378,-0.23099999999999987
bioemu_refine,HIV_RT__3V81,700.0,-5.673,-6.211,0.5380000000000003
bioemu_refine,HIF2alpha__6D0B,800.0,-4.044,-10.48,6.436000000000001
bioemu_refine,THSR__7UTZ,900.0,-6.382,-6.164,-0.21799999999999997
bioemu_refine,Menin,900.0,-7.068,-7.089,0.021000000000000796
bioemu_refine,HIV1_CA,1000.0,-6.877,-7.011,0.13400000000000034
bioemu_refine,KRAS,1100.0,-5.625,-5.57,-0.054999999999999716
bioemu_refine,THSR,1100.0,-9.545,-9.138,-0.40700000000000003
bioemu_refine,p53_Y220C__4AGQ,1200.0,-5.38,-5.378,-0.0019999999999997797
bioemu_refine,HIF2alpha__6D0B,1300.0,-3.893,-10.48,6.587000000000001
bioemu_refine,HIV1_CA,1400.0,-7.529,-7.011,-0.5179999999999998
bioemu_refine,CB1,1600.0,-8.882,-10.51,1.6280000000000001
bioemu_refine,HIV_RT,1700.0,-6.462,-6.593,0.13100000000000023
bioemu_refine,HIV_RT__3V81,1700.0,-5.142,-6.211,1.069
bioemu_refine,CB1,1800.0,-10.17,-10.51,0.33999999999999986
bioemu_refine,THSR,1900.0,-8.676,-9.138,0.46199999999999974
bioemu_refine,HIF2alpha__6D0B,1900.0,14.76,-10.48,25.240000000000002
bioemu_refine,CB1,2000.0,-9.828,-10.51,0.6820000000000004
bioemu_refine,Menin,2100.0,-6.451,-7.089,0.6380000000000008
bioemu_refine,HIF2alpha__6D0B,2200.0,-3.378,-10.48,7.102
bioemu_refine,KRAS,2200.0,-4.643,-5.57,0.9270000000000005
bioemu_refine,HIV1_CA,2300.0,-7.445,-7.011,-0.43400000000000016
bioemu_refine,HIV1_CA,2400.0,-7.235,-7.011,-0.2240000000000002
bioemu_refine,KRAS,2500.0,-4.819,-5.57,0.7510000000000003
bioemu_refine,HIF2alpha,2800.0,1.054,-8.663,9.717
molgen_ns1.0,HIV_RT,0.0,-7.943,-6.593,-1.3499999999999996
molgen_ns1.0,HIV_RT__3V81,0.0,-9.145,-6.211,-2.9339999999999993
molgen_ns1.0,HIF2alpha,1.0,-7.621,-8.663,1.0419999999999998
molgen_ns1.0,HIF2alpha__6D0B,2.0,-8.238,-10.48,2.242000000000001
molgen_ns1.0,KRAS,2.0,-10.27,-5.57,-4.699999999999999
molgen_ns1.0,THSR,3.0,-9.575,-9.138,-0.4369999999999994
molgen_ns1.0,HIV_RT__3V81,4.0,-7.935,-6.211,-1.7239999999999993
molgen_ns1.0,THSR,5.0,-10.06,-9.138,-0.9220000000000006
molgen_ns1.0,cAbl,5.0,-10.1,-7.236,-2.864
molgen_ns1.0,HIV_RT__3V81,6.0,-7.747,-6.211,-1.5359999999999996
molgen_ns1.0,HIV_RT,7.0,-9.215,-6.593,-2.622
molgen_ns1.0,cAbl,7.0,-10.02,-7.236,-2.784
molgen_ns1.0,HIV_RT__3V81,8.0,-8.196,-6.211,-1.9849999999999994
molgen_ns1.0,HIV_RT,9.0,-9.591,-6.593,-2.9979999999999993
molgen_ns1.0,p53_Y220C__4AGQ,9.0,-6.74,-5.378,-1.362
molgen_ns1.0,Menin,10.0,-7.326,-7.089,-0.2369999999999992
molgen_ns1.0,GCGR,11.0,-3.563,-3.657,0.09399999999999986
molgen_ns1.0,Menin,11.0,-6.944,-7.089,0.14500000000000046
molgen_ns1.0,GCGR,13.0,-4.087,-3.657,-0.4299999999999997
molgen_ns1.0,HIV_RT__3V81,13.0,-5.933,-6.211,0.27800000000000047
molgen_ns1.0,p53_Y220C__4AGQ,15.0,-7.848,-5.378,-2.4699999999999998
molgen_ns1.0,KRAS,15.0,-8.562,-5.57,-2.991999999999999
molgen_ns1.0,KRAS,16.0,-7.924,-5.57,-2.354
molgen_ns1.0,KRAS,17.0,-7.431,-5.57,-1.8609999999999998
molgen_ns1.0,Menin,18.0,-6.721,-7.089,0.3680000000000003
molgen_ns1.0,HIF2alpha__6D0B,18.0,-7.988,-10.48,2.492
molgen_ns1.0,KRAS,19.0,-7.456,-5.57,-1.8860000000000001
molgen_ns1.0,HIV_RT,20.0,-8.603,-6.593,-2.01
molgen_ns1.0,HIV_RT__3V81,20.0,-8.738,-6.211,-2.5269999999999992
molgen_ns1.0,p53_Y220C,21.0,-6.828,-4.982,-1.846
molgen_ns1.0,HIF2alpha,22.0,-7.275,-8.663,1.388
molgen_ns1.0,GCGR,22.0,-3.652,-3.657,0.004999999999999893
molgen_ns1.0,HIV_RT,23.0,-8.977,-6.593,-2.3840000000000003
molgen_ns1.0,THSR__7UTZ,24.0,-5.791,-6.164,0.37299999999999933
molgen_ns1.0,CB1,24.0,-10.38,-10.51,0.129999999999999
molgen_ns1.0,cAbl,25.0,-9.495,-7.236,-2.2589999999999995
molgen_ns1.0,HIV_RT__3V81,26.0,-7.197,-6.211,-0.9859999999999998
molgen_ns1.0,HIV_RT,26.0,-9.118,-6.593,-2.5250000000000004
molgen_ns1.0,HIF2alpha__6D0B,28.0,-8.498,-10.48,1.982000000000001
molgen_ns1.0,p53_Y220C__4AGQ,29.0,-8.016,-5.378,-2.638
molgen_ns1.0,HIF2alpha__6D0B,29.0,-8.924,-10.48,1.556000000000001
rfd3_fix7,HIV_RT__3V81,0.0,-6.211,-6.211,0.0
rfd3_fix7,KRAS,1.0,-5.704,-5.57,-0.13399999999999945
rfd3_fix7,cAbl,1.0,-8.103,-7.236,-0.867
rfd3_fix7,cAbl,2.0,-8.524,-7.236,-1.2879999999999994
rfd3_fix7,THSR__7UTZ,3.0,-5.728,-6.164,0.43599999999999994
rfd3_fix7,THSR,3.0,-7.949,-9.138,1.189
rfd3_fix7,GCGR,4.0,-3.758,-3.657,-0.10099999999999998
rfd3_fix7,CB1,100.0,-6.576,-10.51,3.934
rfd3_fix7,GCGR,100.0,-3.497,-3.657,0.16000000000000014
rfd3_fix7,p53_Y220C__4AGQ,101.0,-5.45,-5.378,-0.07200000000000006
rfd3_fix7,p53_Y220C__4AGQ,102.0,-5.618,-5.378,-0.2400000000000002
rfd3_fix7,HIF2alpha__6D0B,102.0,8.37,-10.48,18.85
rfd3_fix7,HIF2alpha,103.0,-3.891,-8.663,4.772
rfd3_fix7,HIV1_CA,104.0,-6.213,-7.011,0.798
rfd3_fix7,HIV_RT__3V81,104.0,-5.564,-6.211,0.6470000000000002
rfd3_fix7,HIF2alpha,200.0,-4.479,-8.663,4.184
rfd3_fix7,THSR__7UTZ,201.0,-5.758,-6.164,0.4059999999999997
rfd3_fix7,HIF2alpha,201.0,-4.108,-8.663,4.555000000000001
rfd3_fix7,HIF2alpha,203.0,-4.509,-8.663,4.154
rfd3_fix7,p53_Y220C__4AGQ,203.0,-5.736,-5.378,-0.35799999999999965
rfd3_fix7,THSR,204.0,-8.674,-9.138,0.4640000000000004
rfd3_fix7,HIV_RT,300.0,-6.021,-6.593,0.5720000000000001
rfd3_fix7,p53_Y220C,300.0,-5.138,-4.982,-0.1559999999999997
rfd3_fix7,CB1,301.0,-8.643,-10.51,1.866999999999999
rfd3_fix7,HIV_RT__3V81,302.0,-6.195,-6.211,0.016000000000000014
rfd3_fix7,cAbl,302.0,-7.946,-7.236,-0.71
rfd3_fix7,HIV1_CA,303.0,-6.653,-7.011,0.35800000000000054
rfd3_fix7,THSR,304.0,-8.549,-9.138,0.5890000000000004
rfd3_fix7,KRAS,304.0,-5.922,-5.57,-0.3519999999999994
rfd3_fix7,p53_Y220C__4AGQ,400.0,-5.564,-5.378,-0.18599999999999994
rfd3_fix7,cAbl,401.0,-8.121,-7.236,-0.8850000000000007
rfd3_fix7,THSR,402.0,-7.321,-9.138,1.8170000000000002
rfd3_fix7,p53_Y220C__4AGQ,403.0,-5.604,-5.378,-0.22599999999999998
rfd3_fix7,THSR,403.0,-7.473,-9.138,1.665
rfd3_fix7,p53_Y220C,404.0,-5.596,-4.982,-0.6139999999999999
rfd3_fix7,HIV_RT__3V81,500.0,-5.857,-6.211,0.3540000000000001
rfd3_fix7,GCGR,500.0,-3.883,-3.657,-0.22599999999999998
rfd3_fix7,HIV_RT__3V81,501.0,-5.738,-6.211,0.47299999999999986
rfd3_fix7,cAbl,502.0,-9.619,-7.236,-2.383
rfd3_fix7,KRAS,502.0,-6.577,-5.57,-1.0069999999999997
rfd3_fix7,HIV1_CA,503.0,-7.723,-7.011,-0.7119999999999997
rfd3_fix7,Menin,504.0,-6.791,-7.089,0.29800000000000004
rfd3_fix7,GCGR,504.0,-3.915,-3.657,-0.258
bioemu_refine,THSR__7UTZ,0.0,-5.918,-6.164,0.24599999999999955
bioemu_refine,HIV1_CA,100.0,-7.67,-7.011,-0.6589999999999998
bioemu_refine,p53_Y220C__4AGQ,100.0,-5.36,-5.378,0.017999999999999794
bioemu_refine,THSR,200.0,-5.126,-9.138,4.012
bioemu_refine,Menin,300.0,-6.917,-7.089,0.1720000000000006
bioemu_refine,KRAS,400.0,-5.113,-5.57,0.45699999999999985
bioemu_refine,HIV1_CA,500.0,-7.476,-7.011,-0.46499999999999986
bioemu_refine,KRAS,500.0,-5.524,-5.57,0.04600000000000026
bioemu_refine,HIF2alpha,600.0,-3.813,-8.663,4.85
bioemu_refine,THSR__7UTZ,700.0,-5.253,-6.164,0.9109999999999996
bioemu_refine,p53_Y220C__4AGQ,700.0,-6.277,-5.378,-0.899
bioemu_refine,p53_Y220C,800.0,-5.464,-4.982,-0.4820000000000002
bioemu_refine,p53_Y220C__4AGQ,900.0,-5.707,-5.378,-0.32899999999999974
bioemu_refine,HIV1_CA,1100.0,-6.28,-7.011,0.7309999999999999
bioemu_refine,KRAS,1200.0,-5.503,-5.57,0.06700000000000017
bioemu_refine,HIV_RT,1300.0,-5.144,-6.593,1.4489999999999998
bioemu_refine,p53_Y220C,1300.0,-5.211,-4.982,-0.2290000000000001
bioemu_refine,KRAS,1400.0,-5.711,-5.57,-0.14100000000000001
bioemu_refine,KRAS,1500.0,-5.801,-5.57,-0.23099999999999987
bioemu_refine,p53_Y220C__4AGQ,1500.0,-5.906,-5.378,-0.5279999999999996
bioemu_refine,CB1,1700.0,-9.53,-10.51,0.9800000000000004
bioemu_refine,KRAS,1700.0,-6.642,-5.57,-1.072
bioemu_refine,p53_Y220C,1800.0,-4.848,-4.982,0.13400000000000034
bioemu_refine,HIV1_CA,1900.0,-7.51,-7.011,-0.49899999999999967
bioemu_refine,p53_Y220C,2000.0,-4.142,-4.982,0.8399999999999999
bioemu_refine,HIV_RT__3V81,2100.0,-5.391,-6.211,0.8200000000000003
bioemu_refine,HIF2alpha__6D0B,2300.0,-3.314,-10.48,7.166
bioemu_refine,HIV_RT__3V81,2300.0,-5.848,-6.211,0.36300000000000043
bioemu_refine,HIF2alpha,2400.0,-0.509,-8.663,8.154
bioemu_refine,HIV_RT,2500.0,-6.06,-6.593,0.5330000000000004
bioemu_refine,KRAS,2700.0,-4.821,-5.57,0.7490000000000006
bioemu_refine,KRAS,2900.0,-5.086,-5.57,0.484
molgen_ns1.0,THSR__7UTZ,0.0,-5.745,-6.164,0.4189999999999996
molgen_ns1.0,HIF2alpha__6D0B,1.0,-8.36,-10.48,2.120000000000001
molgen_ns1.0,cAbl,1.0,-11.18,-7.236,-3.944
molgen_ns1.0,THSR__7UTZ,2.0,-5.658,-6.164,0.5059999999999993
molgen_ns1.0,p53_Y220C,3.0,-5.487,-4.982,-0.5049999999999999
molgen_ns1.0,HIV1_CA,3.0,-6.97,-7.011,0.04100000000000037
molgen_ns1.0,HIV_RT,4.0,-9.598,-6.593,-3.005000000000001
molgen_ns1.0,HIV1_CA,5.0,-7.735,-7.011,-0.7240000000000002
molgen_ns1.0,CB1,5.0,-9.231,-10.51,1.279
molgen_ns1.0,HIF2alpha,7.0,-6.866,-8.663,1.7970000000000006
molgen_ns1.0,HIF2alpha,8.0,-6.993,-8.663,1.67
molgen_ns1.0,CB1,9.0,-9.423,-10.51,1.0869999999999997
molgen_ns1.0,GCGR,9.0,-4.276,-3.657,-0.6189999999999998
molgen_ns1.0,HIV_RT__3V81,11.0,-8.018,-6.211,-1.8070000000000004
molgen_ns1.0,Menin,12.0,-8.113,-7.089,-1.0239999999999991
molgen_ns1.0,HIV_RT,13.0,-8.91,-6.593,-2.317
molgen_ns1.0,KRAS,13.0,-8.556,-5.57,-2.985999999999999
molgen_ns1.0,Menin,14.0,-7.674,-7.089,-0.585
molgen_ns1.0,GCGR,15.0,-3.466,-3.657,0.19099999999999984
molgen_ns1.0,HIF2alpha__6D0B,16.0,-7.065,-10.48,3.415
molgen_ns1.0,HIV_RT__3V81,16.0,-7.139,-6.211,-0.9279999999999999
molgen_ns1.0,HIV_RT,17.0,-8.781,-6.593,-2.1880000000000006
molgen_ns1.0,KRAS,18.0,-7.872,-5.57,-2.3019999999999996
molgen_ns1.0,p53_Y220C,18.0,-7.502,-4.982,-2.5199999999999996
molgen_ns1.0,HIV_RT__3V81,19.0,-9.413,-6.211,-3.202
molgen_ns1.0,GCGR,20.0,-3.9,-3.657,-0.24299999999999988
molgen_ns1.0,p53_Y220C__4AGQ,20.0,-7.56,-5.378,-2.1819999999999995
molgen_ns1.0,HIV_RT__3V81,21.0,-5.566,-6.211,0.6450000000000005
molgen_ns1.0,CB1,22.0,-10.49,-10.51,0.019999999999999574
molgen_ns1.0,p53_Y220C__4AGQ,22.0,-8.362,-5.378,-2.984
molgen_ns1.0,KRAS,23.0,-6.96,-5.57,-1.3899999999999997
molgen_ns1.0,HIF2alpha,24.0,-7.072,-8.663,1.5910000000000002
molgen_ns1.0,HIF2alpha,25.0,-6.631,-8.663,2.032
molgen_ns1.0,GCGR,26.0,-4.865,-3.657,-1.2080000000000002
molgen_ns1.0,cAbl,27.0,-9.845,-7.236,-2.609000000000001
molgen_ns1.0,HIV_RT,27.0,-8.718,-6.593,-2.125
molgen_ns1.0,THSR__7UTZ,28.0,-6.173,-6.164,-0.009000000000000341
molgen_ns1.0,p53_Y220C,29.0,-7.281,-4.982,-2.2989999999999995
molgen_ns1.0,HIF2alpha,29.0,-7.691,-8.663,0.9720000000000004
rfd3_fix7,HIV_RT,0.0,-6.327,-6.593,0.266
rfd3_fix7,Menin,1.0,-6.952,-7.089,0.13700000000000045
rfd3_fix7,HIF2alpha,1.0,0.262,-8.663,8.925
rfd3_fix7,GCGR,2.0,-4.121,-3.657,-0.4640000000000004
rfd3_fix7,HIF2alpha__6D0B,3.0,8.972,-10.48,19.451999999999998
rfd3_fix7,HIF2alpha,3.0,5.619,-8.663,14.282
rfd3_fix7,HIV1_CA,4.0,-6.445,-7.011,0.5659999999999998
rfd3_fix7,HIF2alpha__6D0B,100.0,-4.705,-10.48,5.775
rfd3_fix7,HIF2alpha,100.0,-4.214,-8.663,4.449
rfd3_fix7,HIV_RT,101.0,-6.592,-6.593,0.001000000000000334
rfd3_fix7,p53_Y220C,102.0,-5.669,-4.982,-0.6869999999999994
rfd3_fix7,GCGR,102.0,-3.98,-3.657,-0.32299999999999995
rfd3_fix7,THSR,104.0,-9.297,-9.138,-0.1590000000000007
rfd3_fix7,HIV1_CA,200.0,-6.677,-7.011,0.3340000000000005
rfd3_fix7,HIV_RT,201.0,-6.196,-6.593,0.39700000000000024
rfd3_fix7,cAbl,202.0,-8.42,-7.236,-1.1840000000000002
rfd3_fix7,cAbl,203.0,-8.318,-7.236,-1.0819999999999999
rfd3_fix7,p53_Y220C,203.0,-5.395,-4.982,-0.41299999999999937
rfd3_fix7,GCGR,204.0,-4.08,-3.657,-0.42300000000000004
rfd3_fix7,HIF2alpha,300.0,-4.082,-8.663,4.581
rfd3_fix7,HIF2alpha__6D0B,301.0,5.002,-10.48,15.482
rfd3_fix7,p53_Y220C__4AGQ,302.0,-5.456,-5.378,-0.07800000000000029
rfd3_fix7,p53_Y220C,302.0,-5.105,-4.982,-0.12300000000000022
rfd3_fix7,HIV_RT__3V81,303.0,-6.052,-6.211,0.1590000000000007
rfd3_fix7,HIV_RT,304.0,-6.283,-6.593,0.3099999999999996
rfd3_fix7,HIF2alpha__6D0B,400.0,8.81,-10.48,19.29
rfd3_fix7,GCGR,401.0,-3.252,-3.657,0.40500000000000025
rfd3_fix7,THSR__7UTZ,401.0,-5.509,-6.164,0.6549999999999994
rfd3_fix7,HIF2alpha,403.0,-0.503,-8.663,8.16
rfd3_fix7,HIV_RT__3V81,403.0,-6.32,-6.211,-0.10899999999999999
rfd3_fix7,GCGR,404.0,-3.531,-3.657,0.1259999999999999
rfd3_fix7,p53_Y220C__4AGQ,500.0,-5.697,-5.378,-0.31899999999999995
rfd3_fix7,p53_Y220C__4AGQ,502.0,-5.582,-5.378,-0.20399999999999974
rfd3_fix7,HIV_RT,502.0,-7.582,-6.593,-0.9889999999999999
rfd3_fix7,HIF2alpha,503.0,-4.015,-8.663,4.648000000000001
rfd3_fix7,p53_Y220C__4AGQ,504.0,-5.474,-5.378,-0.09600000000000009
rfd3_fix7,cAbl,504.0,-8.543,-7.236,-1.3069999999999995
bioemu_refine,Menin,0.0,-6.194,-7.089,0.8950000000000005
bioemu_refine,HIF2alpha,100.0,-0.409,-8.663,8.254
bioemu_refine,HIV1_CA,200.0,-6.25,-7.011,0.7610000000000001
bioemu_refine,HIV1_CA,300.0,-6.679,-7.011,0.33199999999999985
bioemu_refine,THSR,300.0,-7.509,-9.138,1.6289999999999996
bioemu_refine,Menin,400.0,-6.894,-7.089,0.19500000000000028
bioemu_refine,HIV_RT__3V81,600.0,-6.693,-6.211,-0.4819999999999993
bioemu_refine,HIV1_CA,700.0,-7.024,-7.011,-0.0129999999999999
bioemu_refine,HIF2alpha,700.0,-3.213,-8.663,5.45
bioemu_refine,p53_Y220C__4AGQ,800.0,-6.851,-5.378,-1.4729999999999999
bioemu_refine,HIF2alpha,900.0,-2.555,-8.663,6.1080000000000005
bioemu_refine,HIV_RT,900.0,-6.333,-6.593,0.2599999999999998
bioemu_refine,HIV_RT,1000.0,-5.904,-6.593,0.6890000000000001
bioemu_refine,p53_Y220C,1100.0,-4.816,-4.982,0.16600000000000037
bioemu_refine,HIV_RT__3V81,1100.0,-5.557,-6.211,0.6539999999999999
bioemu_refine,HIV_RT,1200.0,-5.702,-6.593,0.891
bioemu_refine,KRAS,1300.0,-5.989,-5.57,-0.4189999999999996
bioemu_refine,CB1,1300.0,-9.162,-10.51,1.347999999999999
bioemu_refine,HIV_RT,1500.0,-6.558,-6.593,0.03500000000000014
bioemu_refine,HIF2alpha__6D0B,1500.0,-4.737,-10.48,5.743
bioemu_refine,HIF2alpha,1600.0,-6.575,-8.663,2.088
bioemu_refine,HIF2alpha,1700.0,-6.295,-8.663,2.3680000000000003
bioemu_refine,p53_Y220C,1900.0,-4.93,-4.982,0.05200000000000049
bioemu_refine,HIF2alpha__6D0B,2000.0,-5.829,-10.48,4.651000000000001
bioemu_refine,HIV_RT,2000.0,-5.418,-6.593,1.1749999999999998
bioemu_refine,THSR__7UTZ,2100.0,-5.735,-6.164,0.4289999999999994
bioemu_refine,HIV_RT,2200.0,-5.811,-6.593,0.782
bioemu_refine,p53_Y220C,2400.0,-4.432,-4.982,0.5499999999999998
bioemu_refine,HIV_RT__3V81,2500.0,-5.976,-6.211,0.23500000000000032
bioemu_refine,p53_Y220C__4AGQ,2600.0,-6.121,-5.378,-0.7430000000000003
bioemu_refine,CB1,2700.0,-9.208,-10.51,1.3019999999999996
bioemu_refine,CB1,2900.0,-8.565,-10.51,1.9450000000000003
molgen_ns1.0,HIV1_CA,0.0,-8.842,-7.011,-1.8310000000000004
molgen_ns1.0,THSR,1.0,-8.87,-9.138,0.2680000000000007
molgen_ns1.0,HIV1_CA,1.0,-8.057,-7.011,-1.0460000000000003
molgen_ns1.0,THSR,2.0,-9.371,-9.138,-0.23300000000000054
molgen_ns1.0,KRAS,3.0,-7.63,-5.57,-2.0599999999999996
molgen_ns1.0,p53_Y220C__4AGQ,3.0,-8.117,-5.378,-2.7390000000000008
molgen_ns1.0,HIF2alpha__6D0B,5.0,-8.554,-10.48,1.9260000000000002
molgen_ns1.0,p53_Y220C,5.0,-6.968,-4.982,-1.9859999999999998
molgen_ns1.0,GCGR,6.0,-3.629,-3.657,0.028000000000000025
molgen_ns1.0,KRAS,7.0,-4.822,-5.57,0.7480000000000002
molgen_ns1.0,GCGR,7.0,-4.433,-3.657,-0.7759999999999998
molgen_ns1.0,GCGR,8.0,-4.168,-3.657,-0.5110000000000001
molgen_ns1.0,THSR,9.0,-10.02,-9.138,-0.8819999999999997
molgen_ns1.0,cAbl,9.0,-6.382,-7.236,0.8540000000000001
molgen_ns1.0,HIV_RT__3V81,10.0,-7.591,-6.211,-1.38
molgen_ns1.0,THSR__7UTZ,11.0,-5.373,-6.164,0.7909999999999995
molgen_ns1.0,p53_Y220C__4AGQ,11.0,-8.026,-5.378,-2.6479999999999997
molgen_ns1.0,KRAS,12.0,-7.448,-5.57,-1.8780000000000001
molgen_ns1.0,CB1,13.0,-8.423,-10.51,2.0869999999999997
molgen_ns1.0,p53_Y220C__4AGQ,13.0,-6.053,-5.378,-0.6749999999999998
molgen_ns1.0,KRAS,14.0,-6.386,-5.57,-0.8159999999999998
molgen_ns1.0,Menin,15.0,-7.068,-7.089,0.021000000000000796
molgen_ns1.0,HIF2alpha,16.0,-6.978,-8.663,1.6850000000000005
molgen_ns1.0,THSR,17.0,-9.431,-9.138,-0.29299999999999926
molgen_ns1.0,HIV_RT__3V81,18.0,-7.0,-6.211,-0.7889999999999997
molgen_ns1.0,HIF2alpha,18.0,-7.966,-8.663,0.6970000000000001
molgen_ns1.0,p53_Y220C__4AGQ,19.0,-8.645,-5.378,-3.2669999999999995
molgen_ns1.0,Menin,20.0,-7.046,-7.089,0.04300000000000015
molgen_ns1.0,cAbl,20.0,-8.283,-7.236,-1.0469999999999997
molgen_ns1.0,cAbl,21.0,-9.214,-7.236,-1.9780000000000006
molgen_ns1.0,cAbl,22.0,-10.96,-7.236,-3.724000000000001
molgen_ns1.0,THSR,22.0,-9.087,-9.138,0.051000000000000156
molgen_ns1.0,Menin,23.0,-6.855,-7.089,0.23399999999999999
molgen_ns1.0,HIV_RT,24.0,-6.034,-6.593,0.5590000000000002
molgen_ns1.0,cAbl,24.0,-9.279,-7.236,-2.043
molgen_ns1.0,GCGR,25.0,-3.924,-3.657,-0.2669999999999999
molgen_ns1.0,cAbl,26.0,-10.18,-7.236,-2.944
molgen_ns1.0,HIF2alpha,27.0,-7.618,-8.663,1.045
molgen_ns1.0,CB1,27.0,-8.682,-10.51,1.8279999999999994
molgen_ns1.0,GCGR,28.0,-4.064,-3.657,-0.40700000000000003
molgen_ns1.0,HIV1_CA,29.0,-7.783,-7.011,-0.7720000000000002
molgen_ns1.0,THSR__7UTZ,29.0,-6.219,-6.164,-0.055000000000000604
boltz2,CB1,0.0,-8.617,-10.51,1.892999999999999
boltz2,THSR,0.0,-6.324,-9.138,2.814
boltz2,HIV_RT__3V81,1.0,-5.429,-6.211,0.782
boltz2,HIF2alpha__6D0B,2.0,-2.47,-10.48,8.01
boltz2,THSR__7UTZ,10.0,,-6.164,
boltz2,THSR,10.0,,-9.138,
boltz2,KRAS,11.0,,-5.57,
boltz2,HIV_RT__3V81,12.0,,-6.211,
boltz2,HIF2alpha__6D0B,14.0,,-10.48,
boltz2,p53_Y220C__4AGQ,14.0,,-5.378,
boltz2,THSR,15.0,,-9.138,
boltz2,HIF2alpha__6D0B,16.0,,-10.48,
boltz2,Menin,0.0,-7.212,-7.089,-0.12299999999999933
boltz2,HIF2alpha,0.0,-3.794,-8.663,4.869
boltz2,THSR,1.0,-2.428,-9.138,6.71
boltz2,HIV_RT,2.0,-6.502,-6.593,0.09100000000000019
boltz2,HIV1_CA,2.0,-6.744,-7.011,0.26700000000000035
boltz2,p53_Y220C__4AGQ,3.0,-5.602,-5.378,-0.2240000000000002
boltz2,p53_Y220C__4AGQ,4.0,-5.99,-5.378,-0.6120000000000001
boltz2,Menin,6.0,-7.445,-7.089,-0.35599999999999987
boltz2,THSR,6.0,-8.249,-9.138,0.8889999999999993
boltz2,HIV_RT,8.0,-5.388,-6.593,1.205
boltz2,CB1,8.0,-9.36,-10.51,1.1500000000000004
boltz2,THSR,9.0,-5.682,-9.138,3.4559999999999995
boltz2,HIV_RT__3V81,10.0,-4.423,-6.211,1.7880000000000003
boltz2,HIV_RT,11.0,-4.846,-6.593,1.7469999999999999
boltz2,HIV_RT,12.0,-5.76,-6.593,0.8330000000000002
boltz2,THSR__7UTZ,12.0,-5.293,-6.164,0.8709999999999996
boltz2,Menin,13.0,-7.81,-7.089,-0.7209999999999992
boltz2,Menin,14.0,-7.755,-7.089,-0.6659999999999995
boltz2,HIV_RT,15.0,-4.789,-6.593,1.8040000000000003
boltz2,THSR__7UTZ,16.0,-5.797,-6.164,0.367
boltz2,Menin,16.0,-7.563,-7.089,-0.4739999999999993
boltz2,THSR,17.0,0.53,-9.138,9.668
boltz2,CB1,18.0,-8.594,-10.51,1.9160000000000004
boltz2,Menin,19.0,-7.356,-7.089,-0.26699999999999946
boltz2,THSR__7UTZ,20.0,-4.117,-6.164,2.0469999999999997
boltz2,CB1,20.0,-8.785,-10.51,1.7249999999999996
boltz2,KRAS,21.0,-5.158,-5.57,0.4119999999999999
boltz2,HIV_RT,22.0,-4.259,-6.593,2.3339999999999996
boltz2,Menin,22.0,-7.73,-7.089,-0.641
boltz2,Menin,23.0,-7.623,-7.089,-0.5339999999999998
boltz2,CB1,24.0,-8.936,-10.51,1.5739999999999998
boltz2,HIV_RT,24.0,-5.331,-6.593,1.2619999999999996
boltz2,KRAS,25.0,-6.584,-5.57,-1.0139999999999993
boltz2,HIV1_CA,26.0,1.378,-7.011,8.389
boltz2,Menin,26.0,-7.449,-7.089,-0.35999999999999943
boltz2,HIV1_CA,27.0,-6.13,-7.011,0.8810000000000002
boltz2,p53_Y220C__4AGQ,28.0,-5.815,-5.378,-0.4370000000000003
boltz2,p53_Y220C,28.0,-5.258,-4.982,-0.2759999999999998
boltz2,THSR,29.0,-7.705,-9.138,1.4329999999999998
boltz2,p53_Y220C__4AGQ,0.0,-5.751,-5.378,-0.3730000000000002
boltz2,HIF2alpha__6D0B,1.0,-0.494,-10.48,9.986
boltz2,HIV_RT__3V81,2.0,-2.495,-6.211,3.716
boltz2,p53_Y220C,3.0,-4.909,-4.982,0.0730000000000004
boltz2,HIF2alpha__6D0B,4.0,4.31,-10.48,14.79
boltz2,HIV_RT,5.0,-5.896,-6.593,0.6970000000000001
boltz2,HIF2alpha,6.0,-5.339,-8.663,3.324
boltz2,KRAS,6.0,-6.594,-5.57,-1.024
boltz2,KRAS,8.0,-5.602,-5.57,-0.03200000000000003
boltz2,p53_Y220C,8.0,-4.397,-4.982,0.585
boltz2,HIV_RT,9.0,-5.489,-6.593,1.104
boltz2,CB1,10.0,-8.995,-10.51,1.5150000000000006
boltz2,HIF2alpha,10.0,-3.753,-8.663,4.91
boltz2,THSR__7UTZ,11.0,-5.397,-6.164,0.7669999999999995
boltz2,THSR,12.0,0.35,-9.138,9.488
boltz2,CB1,12.0,-9.046,-10.51,1.4640000000000004
boltz2,THSR,13.0,-1.366,-9.138,7.772
boltz2,HIF2alpha,14.0,-4.757,-8.663,3.9060000000000006
boltz2,HIV_RT__3V81,14.0,-7.968,-6.211,-1.7569999999999997
boltz2,HIV1_CA,15.0,-0.042,-7.011,6.969
boltz2,HIV_RT,16.0,-5.985,-6.593,0.6079999999999997
boltz2,HIV_RT,17.0,-7.441,-6.593,-0.8479999999999999
boltz2,p53_Y220C,18.0,-4.891,-4.982,0.09100000000000019
boltz2,CB1,19.0,-8.866,-10.51,1.6440000000000001
boltz2,HIV1_CA,20.0,-5.657,-7.011,1.354
boltz2,KRAS,20.0,-6.669,-5.57,-1.0989999999999993
boltz2,HIV_RT__3V81,21.0,-0.735,-6.211,5.476
boltz2,THSR,22.0,-4.298,-9.138,4.84
boltz2,p53_Y220C,22.0,-4.763,-4.982,0.2190000000000003
boltz2,HIV1_CA,24.0,-6.424,-7.011,0.5869999999999997
boltz2,THSR,24.0,-8.14,-9.138,0.9979999999999993
boltz2,p53_Y220C__4AGQ,25.0,-5.381,-5.378,-0.0030000000000001137
boltz2,THSR,26.0,-6.793,-9.138,2.3449999999999998
boltz2,HIF2alpha,26.0,-5.105,-8.663,3.558
boltz2,THSR__7UTZ,27.0,-4.283,-6.164,1.8809999999999993
boltz2,KRAS,28.0,-5.512,-5.57,0.05800000000000072
boltz2,HIF2alpha__6D0B,0.0,-3.016,-10.48,7.464
boltz2,CB1,1.0,-8.502,-10.51,2.007999999999999
boltz2,HIF2alpha,2.0,-4.469,-8.663,4.194
boltz2,Menin,3.0,-7.449,-7.089,-0.35999999999999943
boltz2,HIV_RT,4.0,-6.089,-6.593,0.5039999999999996
boltz2,HIF2alpha,4.0,-4.475,-8.663,4.188000000000001
boltz2,THSR,5.0,4.692,-9.138,13.83
boltz2,HIV_RT__3V81,6.0,-3.433,-6.211,2.7780000000000005
boltz2,Menin,7.0,-7.2,-7.089,-0.11099999999999977
boltz2,THSR,8.0,-2.648,-9.138,6.49
boltz2,HIF2alpha,8.0,-4.129,-8.663,4.534000000000001
boltz2,HIF2alpha__6D0B,10.0,2.205,-10.48,12.685
boltz2,p53_Y220C,10.0,-4.675,-4.982,0.3070000000000004
boltz2,THSR,11.0,-5.181,-9.138,3.957
boltz2,HIV1_CA,12.0,-7.005,-7.011,0.006000000000000227
boltz2,p53_Y220C__4AGQ,12.0,-5.408,-5.378,-0.03000000000000025
boltz2,KRAS,13.0,-6.187,-5.57,-0.617
boltz2,HIV1_CA,14.0,-5.405,-7.011,1.6059999999999999
boltz2,p53_Y220C,15.0,-4.393,-4.982,0.5890000000000004
boltz2,THSR,16.0,-5.236,-9.138,3.902
boltz2,HIV_RT__3V81,16.0,-2.892,-6.211,3.3190000000000004
boltz2,Menin,17.0,-7.296,-7.089,-0.20699999999999985
boltz2,Menin,18.0,-7.451,-7.089,-0.3619999999999992
boltz2,p53_Y220C,19.0,-5.409,-4.982,-0.4269999999999996
boltz2,THSR,20.0,-2.38,-9.138,6.758
boltz2,Menin,20.0,-7.538,-7.089,-0.44899999999999984
boltz2,THSR__7UTZ,21.0,-5.776,-6.164,0.3879999999999999
boltz2,HIV1_CA,22.0,-5.315,-7.011,1.6959999999999997
boltz2,HIF2alpha,22.0,1.457,-8.663,10.120000000000001
boltz2,HIV_RT__3V81,23.0,-5.643,-6.211,0.5680000000000005
boltz2,HIF2alpha__6D0B,24.0,-4.218,-10.48,6.2620000000000005
boltz2,THSR__7UTZ,24.0,-4.368,-6.164,1.7959999999999994
boltz2,HIV_RT,26.0,-5.63,-6.593,0.9630000000000001
boltz2,HIF2alpha__6D0B,27.0,-4.522,-10.48,5.958
boltz2,Menin,28.0,-7.131,-7.089,-0.041999999999999815
boltz2,THSR,28.0,1.675,-9.138,10.813
boltz2,HIV_RT,29.0,-6.344,-6.593,0.24899999999999967
boltz2,HIV1_CA,0.0,-4.766,-7.011,2.245
boltz2,p53_Y220C,0.0,-5.177,-4.982,-0.1949999999999994
boltz2,p53_Y220C,1.0,-4.7,-4.982,0.28200000000000003
boltz2,KRAS,2.0,-5.259,-5.57,0.31099999999999994
boltz2,HIF2alpha__6D0B,3.0,21.8,-10.48,32.28
boltz2,CB1,4.0,-8.758,-10.51,1.7520000000000007
boltz2,THSR__7UTZ,4.0,-6.238,-6.164,-0.07400000000000073
boltz2,HIV1_CA,5.0,-6.476,-7.011,0.5350000000000001
boltz2,HIF2alpha__6D0B,6.0,-3.452,-10.48,7.0280000000000005
boltz2,CB1,6.0,-9.545,-10.51,0.9649999999999999
boltz2,KRAS,7.0,-6.538,-5.57,-0.968
boltz2,HIV1_CA,8.0,-7.541,-7.011,-0.5300000000000002
boltz2,THSR__7UTZ,8.0,-4.169,-6.164,1.995
boltz2,HIF2alpha__6D0B,9.0,17.51,-10.48,27.990000000000002
boltz2,p53_Y220C__4AGQ,10.0,-5.403,-5.378,-0.024999999999999467
boltz2,Menin,11.0,-7.162,-7.089,-0.07299999999999951
boltz2,KRAS,12.0,-6.366,-5.57,-0.7959999999999994
boltz2,HIF2alpha,12.0,-5.331,-8.663,3.332
boltz2,THSR__7UTZ,13.0,-3.325,-6.164,2.8389999999999995
boltz2,THSR,14.0,-8.04,-9.138,1.0980000000000008
boltz2,p53_Y220C__4AGQ,15.0,-5.61,-5.378,-0.2320000000000002
boltz2,KRAS,16.0,-5.787,-5.57,-0.21699999999999964
boltz2,p53_Y220C,16.0,-4.901,-4.982,0.0810000000000004
boltz2,KRAS,18.0,-5.144,-5.57,0.42600000000000016
boltz2,HIF2alpha,18.0,-4.276,-8.663,4.3870000000000005
boltz2,HIF2alpha__6D0B,19.0,-2.976,-10.48,7.5040000000000004
boltz2,HIF2alpha__6D0B,20.0,15.97,-10.48,26.450000000000003
boltz2,HIV1_CA,21.0,-2.815,-7.011,4.196
boltz2,p53_Y220C__4AGQ,22.0,-5.345,-5.378,0.03300000000000036
boltz2,HIF2alpha__6D0B,22.0,7.345,-10.48,17.825
boltz2,HIV_RT,23.0,-5.147,-6.593,1.4459999999999997
boltz2,Menin,24.0,-7.457,-7.089,-0.36799999999999944
boltz2,p53_Y220C__4AGQ,24.0,-5.605,-5.378,-0.2270000000000003
boltz2,CB1,25.0,-9.592,-10.51,0.9179999999999993
boltz2,p53_Y220C,26.0,-4.861,-4.982,0.12100000000000044
boltz2,THSR,27.0,-0.531,-9.138,8.607
boltz2,CB1,28.0,-6.662,-10.51,3.848
boltz2,HIF2alpha,28.0,-3.959,-8.663,4.704000000000001
boltz2,KRAS,29.0,-6.683,-5.57,-1.1129999999999995
boltz2,p53_Y220C__4AGQ,1.0,-5.307,-5.378,0.07099999999999973
boltz2,THSR,2.0,-6.647,-9.138,2.4909999999999997
boltz2,HIV1_CA,3.0,-6.711,-7.011,0.2999999999999998
boltz2,THSR,3.0,-6.639,-9.138,2.4989999999999997
boltz2,p53_Y220C,4.0,-5.246,-4.982,-0.26400000000000023
boltz2,Menin,5.0,-6.881,-7.089,0.20800000000000018
boltz2,HIV_RT,6.0,-5.171,-6.593,1.4219999999999997
boltz2,CB1,7.0,-8.662,-10.51,1.847999999999999
boltz2,THSR,7.0,9.748,-9.138,18.886
boltz2,HIV_RT__3V81,8.0,-3.485,-6.211,2.7260000000000004
boltz2,p53_Y220C__4AGQ,9.0,-5.561,-5.378,-0.18299999999999983
boltz2,CB1,9.0,-9.413,-10.51,1.0969999999999995
boltz2,HIV_RT,10.0,-5.444,-6.593,1.149
boltz2,HIF2alpha__6D0B,11.0,-2.607,-10.48,7.873
boltz2,p53_Y220C,12.0,-4.779,-4.982,0.2030000000000003
boltz2,HIV1_CA,13.0,-7.042,-7.011,-0.030999999999999694
boltz2,CB1,13.0,-9.008,-10.51,1.5020000000000007
boltz2,KRAS,14.0,-5.789,-5.57,-0.21899999999999942
boltz2,HIV_RT__3V81,15.0,-0.905,-6.211,5.306
boltz2,Menin,15.0,-7.566,-7.089,-0.4769999999999994
boltz2,CB1,16.0,-9.09,-10.51,1.42
boltz2,KRAS,17.0,-5.659,-5.57,-0.08899999999999952
boltz2,HIV1_CA,17.0,2.574,-7.011,9.585
boltz2,HIV_RT,18.0,-5.083,-6.593,1.5099999999999998
boltz2,KRAS,19.0,-6.508,-5.57,-0.9379999999999997
boltz2,HIF2alpha,20.0,-5.262,-8.663,3.4010000000000007
boltz2,CB1,21.0,-8.87,-10.51,1.6400000000000006
boltz2,HIV_RT,21.0,-5.453,-6.593,1.1399999999999997
boltz2,THSR,23.0,1.579,-9.138,10.717
boltz2,HIF2alpha__6D0B,23.0,-3.3,-10.48,7.180000000000001
boltz2,HIV_RT__3V81,24.0,-3.369,-6.211,2.842
boltz2,HIV_RT__3V81,25.0,-6.259,-6.211,-0.04800000000000004
boltz2,Menin,25.0,-7.49,-7.089,-0.4009999999999998
boltz2,p53_Y220C__4AGQ,26.0,-6.069,-5.378,-0.6909999999999998
boltz2,KRAS,27.0,-4.682,-5.57,0.8879999999999999
boltz2,HIV_RT,27.0,-3.602,-6.593,2.991
boltz2,HIV_RT__3V81,28.0,-5.448,-6.211,0.7629999999999999
boltz2,HIF2alpha__6D0B,29.0,-5.086,-10.48,5.394
boltz2,HIV_RT__3V81,29.0,-5.772,-6.211,0.43900000000000006
boltz2,HIV_RT,0.0,-5.953,-6.593,0.6399999999999997
boltz2,KRAS,1.0,-6.088,-5.57,-0.5179999999999998
boltz2,HIF2alpha,1.0,-4.73,-8.663,3.933
boltz2,Menin,2.0,-7.519,-7.089,-0.4299999999999997
boltz2,HIF2alpha,3.0,-4.911,-8.663,3.7520000000000007
boltz2,HIF2alpha__6D0B,5.0,8.986,-10.48,19.466
boltz2,HIV_RT__3V81,5.0,-3.921,-6.211,2.2900000000000005
boltz2,p53_Y220C,6.0,-4.787,-4.982,0.19500000000000028
boltz2,HIF2alpha__6D0B,8.0,-5.185,-10.48,5.295000000000001
boltz2,p53_Y220C,9.0,-5.03,-4.982,-0.04800000000000004
boltz2,KRAS,10.0,-6.556,-5.57,-0.9859999999999998
boltz2,p53_Y220C__4AGQ,11.0,-5.392,-5.378,-0.014000000000000234
boltz2,HIV_RT,13.0,-5.996,-6.593,0.5969999999999995
boltz2,p53_Y220C__4AGQ,13.0,-5.486,-5.378,-0.10799999999999965
boltz2,HIV_RT,14.0,-6.712,-6.593,-0.11899999999999977
boltz2,CB1,15.0,-9.186,-10.51,1.3239999999999998
boltz2,HIF2alpha,16.0,-3.457,-8.663,5.206
boltz2,p53_Y220C__4AGQ,17.0,-5.864,-5.378,-0.48599999999999977
boltz2,HIF2alpha__6D0B,17.0,-2.474,-10.48,8.006
boltz2,HIV_RT__3V81,18.0,-3.45,-6.211,2.761
boltz2,THSR,19.0,-2.42,-9.138,6.718
boltz2,Menin,21.0,-7.718,-7.089,-0.6289999999999996
boltz2,THSR,21.0,-8.088,-9.138,1.0500000000000007
boltz2,CB1,22.0,-9.682,-10.51,0.8279999999999994
boltz2,HIV1_CA,23.0,-5.371,-7.011,1.6399999999999997
boltz2,p53_Y220C,24.0,-4.788,-4.982,0.19399999999999995
boltz2,HIF2alpha__6D0B,25.0,-3.539,-10.48,6.941000000000001
boltz2,CB1,26.0,-8.572,-10.51,1.9380000000000006
boltz2,HIV_RT__3V81,27.0,-0.634,-6.211,5.577
boltz2,HIV_RT,28.0,-5.48,-6.593,1.1129999999999995
boltz2,THSR__7UTZ,29.0,-4.776,-6.164,1.388
boltz2,p53_Y220C,29.0,-5.292,-4.982,-0.3099999999999996
boltz2,KRAS,0.0,-6.17,-5.57,-0.5999999999999996
boltz2,HIV_RT,1.0,-6.492,-6.593,0.10099999999999998
boltz2,CB1,2.0,-7.937,-10.51,2.5729999999999995
boltz2,HIV_RT__3V81,9.0,,-6.211,
boltz2,HIF2alpha,11.0,,-8.663,
boltz2,HIF2alpha,13.0,,-8.663,
boltz2,THSR__7UTZ,14.0,,-6.164,
boltz2,THSR__7UTZ,15.0,,-6.164,
boltz2,p53_Y220C__4AGQ,16.0,,-5.378,
boltz2,CB1,17.0,,-10.51,
boltz2,THSR__7UTZ,0.0,-4.936,-6.164,1.2279999999999998
boltz2,THSR__7UTZ,1.0,-4.908,-6.164,1.2559999999999993
boltz2,Menin,1.0,-7.431,-7.089,-0.34199999999999964
boltz2,p53_Y220C__4AGQ,2.0,-5.532,-5.378,-0.15399999999999991
boltz2,HIV_RT,3.0,-5.851,-6.593,0.742
boltz2,HIV_RT__3V81,3.0,-3.576,-6.211,2.6350000000000002
boltz2,THSR,4.0,0.161,-9.138,9.299
boltz2,p53_Y220C__4AGQ,5.0,-5.366,-5.378,0.012000000000000455
boltz2,THSR__7UTZ,6.0,-4.861,-6.164,1.303
boltz2,p53_Y220C__4AGQ,7.0,-5.54,-5.378,-0.16199999999999992
boltz2,HIV1_CA,7.0,-6.004,-7.011,1.0070000000000006
boltz2,Menin,8.0,-7.76,-7.089,-0.6709999999999994
boltz2,THSR__7UTZ,9.0,-5.989,-6.164,0.17499999999999982
boltz2,HIV1_CA,9.0,-7.281,-7.011,-0.2699999999999996
boltz2,Menin,10.0,-7.203,-7.089,-0.11399999999999988
boltz2,p53_Y220C,11.0,-4.849,-4.982,0.133
boltz2,HIV1_CA,11.0,-7.918,-7.011,-0.907
boltz2,HIF2alpha__6D0B,12.0,-4.363,-10.48,6.117
boltz2,p53_Y220C,13.0,-5.341,-4.982,-0.359
boltz2,p53_Y220C,14.0,-4.78,-4.982,0.20199999999999996
boltz2,KRAS,15.0,-4.912,-5.57,0.6580000000000004
boltz2,HIF2alpha__6D0B,15.0,-3.987,-10.48,6.493
boltz2,HIV1_CA,16.0,-4.803,-7.011,2.208
boltz2,p53_Y220C,17.0,-5.24,-4.982,-0.258
boltz2,THSR__7UTZ,18.0,-5.244,-6.164,0.9199999999999999
boltz2,THSR__7UTZ,19.0,-5.714,-6.164,0.4499999999999993
boltz2,p53_Y220C,20.0,-4.453,-4.982,0.5289999999999999
boltz2,CB1,23.0,-8.82,-10.51,1.6899999999999995
boltz2,HIV_RT,25.0,-5.333,-6.593,1.2599999999999998
boltz2,HIF2alpha,27.0,-3.555,-8.663,5.1080000000000005
boltz2,Menin,27.0,-7.425,-7.089,-0.3359999999999994
boltz2,HIV1_CA,28.0,-6.787,-7.011,0.2240000000000002
boltz2,CB1,29.0,9.022,-10.51,19.532
boltz2,HIV_RT__3V81,0.0,-3.817,-6.211,2.394
boltz2,HIV1_CA,1.0,-6.688,-7.011,0.3230000000000004
boltz2,p53_Y220C,2.0,-4.547,-4.982,0.4350000000000005
boltz2,KRAS,3.0,-6.092,-5.57,-0.5219999999999994
boltz2,HIV_RT__3V81,4.0,-3.78,-6.211,2.4310000000000005
boltz2,p53_Y220C,5.0,-5.498,-4.982,-0.516
boltz2,HIF2alpha,5.0,-4.4,-8.663,4.263
boltz2,p53_Y220C,7.0,-4.908,-4.982,0.07399999999999984
boltz2,HIF2alpha__6D0B,7.0,8.538,-10.48,19.018
boltz2,KRAS,9.0,-5.218,-5.57,0.3520000000000003
boltz2,HIV1_CA,10.0,-5.554,-7.011,1.4569999999999999
boltz2,HIV_RT__3V81,11.0,-4.268,-6.211,1.9430000000000005
boltz2,CB1,11.0,-9.129,-10.51,1.3810000000000002
boltz2,Menin,12.0,-7.494,-7.089,-0.40499999999999936
boltz2,HIF2alpha__6D0B,13.0,11.89,-10.48,22.37
boltz2,HIV_RT__3V81,13.0,-1.635,-6.211,4.5760000000000005
boltz2,CB1,14.0,-8.137,-10.51,2.3729999999999993
boltz2,HIF2alpha,15.0,-1.396,-8.663,7.267
boltz2,HIV_RT__3V81,17.0,-6.518,-6.211,-0.3069999999999995
boltz2,HIF2alpha,17.0,-3.766,-8.663,4.897
boltz2,HIV1_CA,18.0,-5.876,-7.011,1.1349999999999998
boltz2,HIV1_CA,19.0,-5.949,-7.011,1.0620000000000003
boltz2,p53_Y220C__4AGQ,19.0,-5.48,-5.378,-0.10200000000000031
boltz2,HIV_RT,20.0,-5.129,-6.593,1.4640000000000004
boltz2,HIF2alpha__6D0B,21.0,-5.722,-10.48,4.758
boltz2,KRAS,22.0,-6.57,-5.57,-1.0
boltz2,HIF2alpha,23.0,-6.344,-8.663,2.319
boltz2,p53_Y220C__4AGQ,23.0,-5.55,-5.378,-0.1719999999999997
boltz2,THSR__7UTZ,25.0,-5.168,-6.164,0.9959999999999996
boltz2,HIF2alpha,25.0,-4.176,-8.663,4.487
boltz2,KRAS,26.0,-5.849,-5.57,-0.2789999999999999
boltz2,p53_Y220C,27.0,-5.145,-4.982,-0.16299999999999937
boltz2,p53_Y220C__4AGQ,27.0,-5.445,-5.378,-0.06700000000000017
boltz2,THSR__7UTZ,28.0,-3.827,-6.164,2.3369999999999997
boltz2,Menin,29.0,-7.359,-7.089,-0.2699999999999996
esmfold2,CB1,0.0,-7.757,-10.51,2.753
esmfold2,HIF2alpha,0.0,-1.87,-8.663,6.793
esmfold2,THSR,1.0,-6.119,-9.138,3.019
esmfold2,Menin,2.0,-6.984,-7.089,0.10500000000000043
esmfold2,p53_Y220C__4AGQ,2.0,-5.006,-5.378,0.3719999999999999
esmfold2,HIV_RT__3V81,3.0,-4.803,-6.211,1.4080000000000004
esmfold2,Menin,4.0,-6.904,-7.089,0.1850000000000005
esmfold2,THSR,5.0,-9.905,-9.138,-0.7669999999999995
esmfold2,THSR,6.0,-8.493,-9.138,0.6449999999999996
esmfold2,Menin,6.0,-7.063,-7.089,0.02600000000000069
esmfold2,CB1,7.0,-8.208,-10.51,2.3019999999999996
esmfold2,KRAS,8.0,-5.927,-5.57,-0.3569999999999993
esmfold2,THSR__7UTZ,10.0,-6.267,-6.164,-0.10300000000000065
esmfold2,THSR,10.0,-9.085,-9.138,0.05299999999999905
esmfold2,KRAS,11.0,-5.161,-5.57,0.4090000000000007
esmfold2,THSR,12.0,-9.797,-9.138,-0.6590000000000007
esmfold2,Menin,12.0,-7.249,-7.089,-0.15999999999999925
esmfold2,HIF2alpha,13.0,-3.646,-8.663,5.017
esmfold2,HIF2alpha,14.0,-3.814,-8.663,4.849
esmfold2,CB1,14.0,-8.198,-10.51,2.3119999999999994
esmfold2,HIV_RT,15.0,-5.629,-6.593,0.9640000000000004
esmfold2,Menin,16.0,-7.148,-7.089,-0.058999999999999275
esmfold2,HIV1_CA,16.0,-8.906,-7.011,-1.8950000000000005
esmfold2,p53_Y220C__4AGQ,18.0,-4.958,-5.378,0.41999999999999993
esmfold2,HIF2alpha__6D0B,18.0,0.409,-10.48,10.889000000000001
esmfold2,HIF2alpha__6D0B,19.0,-0.648,-10.48,9.832
esmfold2,HIV1_CA,20.0,-6.745,-7.011,0.266
esmfold2,HIV_RT__3V81,20.0,-4.986,-6.211,1.2250000000000005
esmfold2,p53_Y220C,21.0,-5.537,-4.982,-0.5549999999999997
esmfold2,THSR,22.0,-4.288,-9.138,4.85
esmfold2,KRAS,22.0,-5.702,-5.57,-0.13199999999999967
esmfold2,HIV1_CA,23.0,-6.719,-7.011,0.2919999999999998
esmfold2,THSR__7UTZ,24.0,-6.072,-6.164,0.09199999999999964
esmfold2,HIF2alpha__6D0B,25.0,-0.885,-10.48,9.595
esmfold2,THSR,26.0,-8.944,-9.138,0.19399999999999906
esmfold2,THSR,27.0,-9.778,-9.138,-0.6400000000000006
esmfold2,p53_Y220C,28.0,-5.507,-4.982,-0.5249999999999995
esmfold2,p53_Y220C__4AGQ,29.0,-5.428,-5.378,-0.04999999999999982
esmfold2,HIF2alpha__6D0B,0.0,-0.293,-10.48,10.187000000000001
esmfold2,THSR,0.0,-7.885,-9.138,1.2530000000000001
esmfold2,HIF2alpha,1.0,-3.692,-8.663,4.971
esmfold2,KRAS,2.0,-5.564,-5.57,0.006000000000000227
esmfold2,p53_Y220C,2.0,-4.672,-4.982,0.3100000000000005
esmfold2,CB1,3.0,-8.101,-10.51,2.408999999999999
esmfold2,KRAS,4.0,-5.292,-5.57,0.27800000000000047
esmfold2,HIV_RT__3V81,5.0,0.304,-6.211,6.515000000000001
esmfold2,KRAS,6.0,-4.52,-5.57,1.0500000000000007
esmfold2,HIF2alpha__6D0B,7.0,0.116,-10.48,10.596
esmfold2,HIV_RT__3V81,8.0,-4.641,-6.211,1.5700000000000003
esmfold2,HIV_RT,8.0,-5.943,-6.593,0.6500000000000004
esmfold2,HIF2alpha,9.0,-1.754,-8.663,6.909000000000001
esmfold2,HIV_RT,10.0,-5.955,-6.593,0.6379999999999999
esmfold2,HIV_RT__3V81,10.0,-4.52,-6.211,1.6910000000000007
esmfold2,HIV_RT,11.0,-6.032,-6.593,0.5609999999999999
esmfold2,THSR__7UTZ,12.0,-6.264,-6.164,-0.10000000000000053
esmfold2,HIV_RT__3V81,12.0,-4.869,-6.211,1.3420000000000005
esmfold2,Menin,14.0,-7.124,-7.089,-0.034999999999999254
esmfold2,p53_Y220C__4AGQ,14.0,-5.142,-5.378,0.23599999999999977
esmfold2,KRAS,15.0,-5.525,-5.57,0.04499999999999993
esmfold2,HIV_RT,16.0,-5.627,-6.593,0.9660000000000002
esmfold2,HIF2alpha__6D0B,16.0,-0.363,-10.48,10.117
esmfold2,HIV_RT__3V81,17.0,-3.366,-6.211,2.845
esmfold2,CB1,18.0,-8.218,-10.51,2.292
esmfold2,HIV1_CA,19.0,-7.209,-7.011,-0.1979999999999995
esmfold2,HIF2alpha__6D0B,20.0,-0.54,-10.48,9.940000000000001
esmfold2,Menin,20.0,-6.959,-7.089,0.13000000000000078
esmfold2,HIF2alpha,21.0,-2.319,-8.663,6.344
esmfold2,HIV1_CA,22.0,-7.34,-7.011,-0.32899999999999974
esmfold2,HIF2alpha,22.0,-1.953,-8.663,6.71
esmfold2,THSR,23.0,-9.233,-9.138,-0.09500000000000064
esmfold2,HIV_RT,24.0,-5.922,-6.593,0.6710000000000003
esmfold2,THSR,25.0,-9.385,-9.138,-0.2469999999999999
esmfold2,p53_Y220C__4AGQ,26.0,-5.069,-5.378,0.30900000000000016
esmfold2,p53_Y220C,26.0,-4.648,-4.982,0.3340000000000005
esmfold2,HIV1_CA,27.0,-8.094,-7.011,-1.0829999999999993
esmfold2,p53_Y220C__4AGQ,28.0,-5.268,-5.378,0.11000000000000032
esmfold2,THSR__7UTZ,1.0,-6.243,-6.164,-0.07900000000000063
esmfold2,HIV_RT,2.0,-5.563,-6.593,1.0300000000000002
esmfold2,CB1,2.0,-7.56,-10.51,2.95
esmfold2,p53_Y220C,3.0,-4.834,-4.982,0.14800000000000058
esmfold2,HIV_RT,4.0,-5.802,-6.593,0.7910000000000004
esmfold2,THSR,4.0,-9.927,-9.138,-0.7889999999999997
esmfold2,KRAS,5.0,-5.829,-5.57,-0.25899999999999945
esmfold2,HIV_RT,6.0,-6.122,-6.593,0.4710000000000001
esmfold2,Menin,7.0,-7.143,-7.089,-0.05399999999999938
esmfold2,THSR,8.0,-9.605,-9.138,-0.4670000000000005
esmfold2,p53_Y220C,8.0,-4.78,-4.982,0.20199999999999996
esmfold2,Menin,9.0,-7.297,-7.089,-0.2079999999999993
esmfold2,Menin,10.0,-7.43,-7.089,-0.3409999999999993
esmfold2,CB1,10.0,-8.623,-10.51,1.8870000000000005
esmfold2,THSR__7UTZ,11.0,-6.257,-6.164,-0.09299999999999997
esmfold2,HIV1_CA,12.0,-8.107,-7.011,-1.0959999999999992
esmfold2,p53_Y220C__4AGQ,12.0,-5.153,-5.378,0.22500000000000053
esmfold2,THSR__7UTZ,13.0,-5.892,-6.164,0.27199999999999935
esmfold2,HIV_RT,14.0,-6.094,-6.593,0.49899999999999967
esmfold2,THSR__7UTZ,15.0,-5.833,-6.164,0.3309999999999995
esmfold2,KRAS,16.0,-5.619,-5.57,-0.04899999999999949
esmfold2,THSR,17.0,-9.494,-9.138,-0.35599999999999987
esmfold2,p53_Y220C,18.0,-5.597,-4.982,-0.6150000000000002
esmfold2,CB1,19.0,-8.507,-10.51,2.003
esmfold2,p53_Y220C__4AGQ,20.0,-5.603,-5.378,-0.22499999999999964
esmfold2,HIV_RT__3V81,21.0,-5.121,-6.211,1.0899999999999999
esmfold2,HIF2alpha__6D0B,22.0,-0.307,-10.48,10.173
esmfold2,p53_Y220C,22.0,-4.96,-4.982,0.02200000000000024
esmfold2,HIV1_CA,24.0,-6.752,-7.011,0.25900000000000034
esmfold2,HIF2alpha,24.0,-4.029,-8.663,4.634
esmfold2,HIV_RT__3V81,25.0,-4.115,-6.211,2.096
esmfold2,Menin,26.0,-7.096,-7.089,-0.006999999999999673
esmfold2,HIF2alpha__6D0B,27.0,-0.482,-10.48,9.998000000000001
esmfold2,HIV_RT__3V81,28.0,-4.615,-6.211,1.596
esmfold2,THSR__7UTZ,28.0,-6.361,-6.164,-0.19700000000000006
esmfold2,HIV_RT,29.0,-5.984,-6.593,0.609
esmfold2,p53_Y220C__4AGQ,0.0,-5.014,-5.378,0.3639999999999999
esmfold2,HIV_RT__3V81,1.0,-5.835,-6.211,0.37600000000000033
esmfold2,THSR__7UTZ,2.0,-5.763,-6.164,0.4009999999999998
esmfold2,HIV1_CA,2.0,-6.542,-7.011,0.4690000000000003
esmfold2,THSR__7UTZ,4.0,-6.169,-6.164,-0.004999999999999893
esmfold2,HIV_RT__3V81,4.0,-5.764,-6.211,0.44700000000000006
esmfold2,HIV_RT,5.0,-6.046,-6.593,0.5469999999999997
esmfold2,p53_Y220C__4AGQ,6.0,-5.058,-5.378,0.3200000000000003
esmfold2,THSR__7UTZ,7.0,-6.475,-6.164,-0.31099999999999994
esmfold2,THSR__7UTZ,8.0,-6.637,-6.164,-0.47299999999999986
esmfold2,p53_Y220C__4AGQ,8.0,-5.024,-5.378,0.3540000000000001
esmfold2,THSR,9.0,-8.929,-9.138,0.20899999999999963
esmfold2,p53_Y220C,10.0,-5.463,-4.982,-0.48099999999999987
esmfold2,HIV1_CA,11.0,-8.046,-7.011,-1.0349999999999993
esmfold2,KRAS,12.0,-5.371,-5.57,0.19899999999999984
esmfold2,p53_Y220C,12.0,-4.716,-4.982,0.266
esmfold2,KRAS,13.0,-5.32,-5.57,0.25
esmfold2,HIV1_CA,14.0,-8.05,-7.011,-1.0390000000000006
esmfold2,HIF2alpha__6D0B,14.0,-0.569,-10.48,9.911000000000001
esmfold2,THSR,15.0,-6.705,-9.138,2.433
esmfold2,HIV_RT__3V81,16.0,-6.144,-6.211,0.06700000000000017
esmfold2,p53_Y220C,16.0,-4.487,-4.982,0.4950000000000001
esmfold2,HIV1_CA,17.0,-7.125,-7.011,-0.11399999999999988
esmfold2,Menin,18.0,-7.138,-7.089,-0.04899999999999949
esmfold2,p53_Y220C__4AGQ,19.0,-5.15,-5.378,0.22799999999999976
esmfold2,THSR,20.0,-7.735,-9.138,1.4029999999999996
esmfold2,CB1,20.0,-7.602,-10.51,2.9079999999999995
esmfold2,KRAS,21.0,-4.57,-5.57,1.0
esmfold2,HIV_RT,22.0,-6.017,-6.593,0.5759999999999996
esmfold2,Menin,23.0,-7.345,-7.089,-0.25599999999999934
esmfold2,HIF2alpha__6D0B,24.0,-1.587,-10.48,8.893
esmfold2,p53_Y220C,24.0,-4.587,-4.982,0.39500000000000046
esmfold2,KRAS,25.0,-5.889,-5.57,-0.31899999999999995
esmfold2,CB1,26.0,-7.823,-10.51,2.6869999999999994
esmfold2,HIF2alpha,26.0,-3.88,-8.663,4.783
esmfold2,p53_Y220C__4AGQ,27.0,-5.25,-5.378,0.1280000000000001
esmfold2,KRAS,28.0,-5.893,-5.57,-0.3229999999999995
esmfold2,HIV_RT,28.0,-5.848,-6.593,0.7450000000000001
esmfold2,CB1,29.0,-7.671,-10.51,2.8389999999999995
esmfold2,HIV1_CA,0.0,-6.907,-7.011,0.10400000000000009
esmfold2,p53_Y220C,0.0,-4.406,-4.982,0.5760000000000005
esmfold2,p53_Y220C,1.0,-5.014,-4.982,-0.03200000000000003
esmfold2,HIV_RT__3V81,2.0,-5.831,-6.211,0.3799999999999999
esmfold2,THSR,2.0,-9.804,-9.138,-0.6660000000000004
esmfold2,p53_Y220C__4AGQ,3.0,-5.302,-5.378,0.07600000000000051
esmfold2,HIF2alpha,4.0,-2.758,-8.663,5.905
esmfold2,p53_Y220C__4AGQ,4.0,-5.031,-5.378,0.3470000000000004
esmfold2,THSR__7UTZ,5.0,-5.558,-6.164,0.6059999999999999
esmfold2,HIF2alpha__6D0B,6.0,-0.504,-10.48,9.976
esmfold2,HIV1_CA,6.0,-7.806,-7.011,-0.7949999999999999
esmfold2,KRAS,7.0,-5.735,-5.57,-0.16500000000000004
esmfold2,HIF2alpha,8.0,-4.175,-8.663,4.488
esmfold2,CB1,8.0,-7.771,-10.51,2.739
esmfold2,HIF2alpha__6D0B,9.0,0.481,-10.48,10.961
esmfold2,p53_Y220C__4AGQ,10.0,-5.281,-5.378,0.09700000000000042
esmfold2,Menin,11.0,-6.787,-7.089,0.3020000000000005
esmfold2,HIV_RT,12.0,-6.04,-6.593,0.5529999999999999
esmfold2,CB1,12.0,-8.339,-10.51,2.1709999999999994
esmfold2,THSR,13.0,-5.578,-9.138,3.5599999999999996
esmfold2,KRAS,14.0,-5.798,-5.57,-0.22799999999999976
esmfold2,p53_Y220C,15.0,-4.476,-4.982,0.5060000000000002
esmfold2,THSR,16.0,-8.54,-9.138,0.5980000000000008
esmfold2,THSR__7UTZ,16.0,-5.995,-6.164,0.1689999999999996
esmfold2,HIF2alpha,17.0,-2.106,-8.663,6.557
esmfold2,KRAS,18.0,-5.442,-5.57,0.1280000000000001
esmfold2,HIF2alpha,18.0,-2.012,-8.663,6.651
esmfold2,HIV_RT,20.0,-5.917,-6.593,0.6760000000000002
esmfold2,KRAS,20.0,-5.326,-5.57,0.24400000000000066
esmfold2,HIF2alpha__6D0B,21.0,-0.426,-10.48,10.054
esmfold2,p53_Y220C__4AGQ,22.0,-4.89,-5.378,0.48800000000000043
esmfold2,CB1,23.0,-8.739,-10.51,1.770999999999999
esmfold2,THSR,24.0,-9.272,-9.138,-0.13400000000000034
esmfold2,Menin,24.0,-7.131,-7.089,-0.041999999999999815
esmfold2,Menin,25.0,-7.006,-7.089,0.08300000000000018
esmfold2,HIF2alpha__6D0B,26.0,-0.631,-10.48,9.849
esmfold2,THSR__7UTZ,26.0,-6.233,-6.164,-0.06899999999999995
esmfold2,Menin,27.0,-6.985,-7.089,0.10400000000000009
esmfold2,CB1,28.0,-8.459,-10.51,2.051
esmfold2,HIF2alpha,28.0,-1.914,-8.663,6.7490000000000006
esmfold2,KRAS,29.0,-5.6,-5.57,-0.02999999999999936
esmfold2,THSR__7UTZ,0.0,-6.352,-6.164,-0.1880000000000006
esmfold2,CB1,1.0,-9.742,-10.51,0.7679999999999989
esmfold2,HIF2alpha,2.0,-2.026,-8.663,6.6370000000000005
esmfold2,HIV_RT,3.0,-5.548,-6.593,1.045
esmfold2,CB1,4.0,-8.517,-10.51,1.9930000000000003
esmfold2,HIV1_CA,5.0,-8.429,-7.011,-1.4180000000000001
esmfold2,THSR__7UTZ,6.0,-5.918,-6.164,0.24599999999999955
esmfold2,THSR,7.0,-9.242,-9.138,-0.10400000000000098
esmfold2,HIV_RT,7.0,-6.076,-6.593,0.5170000000000003
esmfold2,KRAS,9.0,-5.451,-5.57,0.11900000000000066
esmfold2,HIF2alpha,10.0,-4.135,-8.663,4.5280000000000005
esmfold2,p53_Y220C__4AGQ,11.0,-5.214,-5.378,0.1639999999999997
esmfold2,HIF2alpha,11.0,-3.757,-8.663,4.906000000000001
esmfold2,HIV1_CA,13.0,-7.861,-7.011,-0.8499999999999996
esmfold2,HIV_RT,13.0,-5.587,-6.593,1.0060000000000002
esmfold2,HIV_RT__3V81,14.0,-5.347,-6.211,0.8639999999999999
esmfold2,HIF2alpha,15.0,-2.045,-8.663,6.618
esmfold2,CB1,17.0,-7.722,-10.51,2.7879999999999994
esmfold2,HIF2alpha__6D0B,17.0,-0.15,-10.48,10.33
esmfold2,HIV_RT__3V81,18.0,-3.025,-6.211,3.1860000000000004
esmfold2,Menin,19.0,-7.347,-7.089,-0.258
esmfold2,HIF2alpha,19.0,-3.824,-8.663,4.839
esmfold2,THSR__7UTZ,20.0,-6.458,-6.164,-0.2940000000000005
esmfold2,CB1,21.0,-7.938,-10.51,2.572
esmfold2,HIV1_CA,21.0,-6.717,-7.011,0.2940000000000005
esmfold2,Menin,22.0,-6.995,-7.089,0.0940000000000003
esmfold2,p53_Y220C__4AGQ,23.0,-5.072,-5.378,0.30600000000000005
esmfold2,CB1,24.0,-8.551,-10.51,1.9589999999999996
esmfold2,HIV1_CA,25.0,-7.829,-7.011,-0.8179999999999996
esmfold2,HIV1_CA,26.0,-7.953,-7.011,-0.9420000000000002
esmfold2,Menin,0.0,-6.825,-7.089,0.26400000000000023
esmfold2,HIV_RT,1.0,-5.885,-6.593,0.7080000000000002
esmfold2,p53_Y220C__4AGQ,1.0,-5.211,-5.378,0.16699999999999982
esmfold2,HIF2alpha__6D0B,2.0,0.108,-10.48,10.588000000000001
esmfold2,HIV1_CA,3.0,-8.265,-7.011,-1.2540000000000004
esmfold2,KRAS,3.0,-5.953,-5.57,-0.383
esmfold2,p53_Y220C,4.0,-4.821,-4.982,0.16100000000000048
esmfold2,p53_Y220C,5.0,-4.708,-4.982,0.274
esmfold2,CB1,6.0,-8.369,-10.51,2.141
esmfold2,HIV1_CA,7.0,-8.452,-7.011,-1.4409999999999998
esmfold2,HIV_RT__3V81,7.0,-4.38,-6.211,1.8310000000000004
esmfold2,HIV1_CA,8.0,-8.383,-7.011,-1.371999999999999
esmfold2,p53_Y220C,9.0,-4.616,-4.982,0.36600000000000055
esmfold2,HIV_RT__3V81,9.0,-5.063,-6.211,1.1480000000000006
esmfold2,KRAS,10.0,-5.753,-5.57,-0.18299999999999983
esmfold2,CB1,11.0,-7.877,-10.51,2.633
esmfold2,HIF2alpha__6D0B,12.0,-0.411,-10.48,10.069
esmfold2,HIV_RT__3V81,13.0,-4.93,-6.211,1.2810000000000006
esmfold2,p53_Y220C,14.0,-4.501,-4.982,0.48099999999999987
esmfold2,CB1,15.0,-8.126,-10.51,2.3840000000000003
esmfold2,Menin,15.0,-7.065,-7.089,0.02400000000000002
esmfold2,KRAS,17.0,-5.622,-5.57,-0.0519999999999996
esmfold2,Menin,17.0,-6.722,-7.089,0.367
esmfold2,THSR__7UTZ,18.0,-6.06,-6.164,0.10400000000000009
esmfold2,THSR,19.0,-9.05,-9.138,0.08799999999999919
esmfold2,Menin,21.0,-7.176,-7.089,-0.08699999999999974
esmfold2,THSR__7UTZ,21.0,-5.877,-6.164,0.2869999999999999
esmfold2,CB1,22.0,-8.146,-10.51,2.363999999999999
esmfold2,KRAS,23.0,-5.177,-5.57,0.3930000000000007
esmfold2,KRAS,24.0,-5.176,-5.57,0.39400000000000013
esmfold2,THSR__7UTZ,25.0,-5.525,-6.164,0.6389999999999993
esmfold2,p53_Y220C__4AGQ,25.0,-5.022,-5.378,0.35599999999999987
esmfold2,KRAS,26.0,-5.597,-5.57,-0.027000000000000135
esmfold2,HIF2alpha,27.0,-3.713,-8.663,4.95
esmfold2,THSR,29.0,-9.168,-9.138,-0.02999999999999936
esmfold2,HIF2alpha,29.0,-3.451,-8.663,5.212
esmfold2,KRAS,0.0,-5.533,-5.57,0.03699999999999992
esmfold2,HIV1_CA,1.0,-6.685,-7.011,0.3260000000000005
esmfold2,Menin,3.0,-7.466,-7.089,-0.3769999999999998
esmfold2,HIF2alpha__6D0B,4.0,-0.988,-10.48,9.492
esmfold2,p53_Y220C__4AGQ,5.0,-5.211,-5.378,0.16699999999999982
esmfold2,Menin,5.0,-6.782,-7.089,0.3070000000000004
esmfold2,HIF2alpha,6.0,-3.834,-8.663,4.829000000000001
esmfold2,Menin,8.0,-7.166,-7.089,-0.07699999999999996
esmfold2,p53_Y220C__4AGQ,9.0,-5.01,-5.378,0.3680000000000003
esmfold2,CB1,9.0,-8.191,-10.51,2.318999999999999
esmfold2,p53_Y220C,11.0,-4.611,-4.982,0.37100000000000044
esmfold2,HIF2alpha,12.0,-4.188,-8.663,4.4750000000000005
esmfold2,Menin,13.0,-7.05,-7.089,0.03900000000000059
esmfold2,CB1,13.0,-8.948,-10.51,1.5619999999999994
esmfold2,THSR,14.0,-8.895,-9.138,0.24300000000000033
esmfold2,HIV1_CA,15.0,-6.515,-7.011,0.49600000000000044
esmfold2,p53_Y220C__4AGQ,16.0,-5.271,-5.378,0.1070000000000002
esmfold2,THSR__7UTZ,17.0,-6.042,-6.164,0.12199999999999989
esmfold2,THSR,18.0,-9.284,-9.138,-0.1460000000000008
esmfold2,HIV_RT,19.0,-5.985,-6.593,0.6079999999999997
esmfold2,p53_Y220C,19.0,-4.814,-4.982,0.16800000000000015
esmfold2,p53_Y220C__4AGQ,21.0,-4.957,-5.378,0.42100000000000026
esmfold2,HIV_RT,21.0,-6.085,-6.593,0.508
esmfold2,HIV_RT__3V81,22.0,-6.013,-6.211,0.1980000000000004
esmfold2,HIF2alpha,23.0,-4.093,-8.663,4.57
esmfold2,HIV_RT__3V81,23.0,-4.877,-6.211,1.3340000000000005
esmfold2,HIV_RT__3V81,24.0,-5.581,-6.211,0.6299999999999999
esmfold2,HIF2alpha,25.0,-2.576,-8.663,6.087
esmfold2,CB1,25.0,-8.01,-10.51,2.5
esmfold2,HIV_RT__3V81,26.0,-6.258,-6.211,-0.04699999999999971
esmfold2,HIV_RT,27.0,-5.537,-6.593,1.056
esmfold2,THSR,28.0,-9.865,-9.138,-0.7270000000000003
esmfold2,HIV1_CA,29.0,-8.539,-7.011,-1.5279999999999996
esmfold2,THSR__7UTZ,29.0,-6.162,-6.164,0.0019999999999997797
esmfold2,HIV_RT,0.0,-5.987,-6.593,0.6059999999999999
esmfold2,KRAS,1.0,-5.322,-5.57,0.24800000000000022
esmfold2,THSR,3.0,-0.745,-9.138,8.393
esmfold2,THSR__7UTZ,3.0,-6.158,-6.164,0.005999999999999339
esmfold2,CB1,5.0,-8.063,-10.51,2.446999999999999
esmfold2,p53_Y220C,6.0,-5.58,-4.982,-0.5979999999999999
esmfold2,p53_Y220C,7.0,-5.463,-4.982,-0.48099999999999987
esmfold2,HIF2alpha,7.0,-3.82,-8.663,4.843
esmfold2,HIF2alpha__6D0B,8.0,-0.277,-10.48,10.203000000000001
esmfold2,HIV1_CA,9.0,-6.803,-7.011,0.20800000000000018
esmfold2,HIV_RT,9.0,-6.087,-6.593,0.5060000000000002
esmfold2,HIF2alpha__6D0B,10.0,1.088,-10.48,11.568000000000001
esmfold2,THSR,11.0,-8.518,-9.138,0.6199999999999992
esmfold2,HIF2alpha__6D0B,11.0,-0.066,-10.48,10.414
esmfold2,HIF2alpha__6D0B,13.0,-0.672,-10.48,9.808
esmfold2,p53_Y220C,13.0,-5.605,-4.982,-0.6230000000000002
esmfold2,THSR__7UTZ,14.0,-5.652,-6.164,0.5119999999999996
esmfold2,HIV_RT__3V81,15.0,-5.036,-6.211,1.1750000000000007
esmfold2,p53_Y220C__4AGQ,15.0,-5.144,-5.378,0.23399999999999999
esmfold2,CB1,16.0,-7.886,-10.51,2.6239999999999997
esmfold2,HIV_RT,17.0,-6.048,-6.593,0.5449999999999999
esmfold2,HIV1_CA,18.0,-6.562,-7.011,0.44899999999999984
esmfold2,THSR__7UTZ,19.0,-5.804,-6.164,0.35999999999999943
esmfold2,KRAS,19.0,-5.588,-5.57,-0.017999999999999794
esmfold2,p53_Y220C,20.0,-5.572,-4.982,-0.5899999999999999
esmfold2,THSR__7UTZ,22.0,-5.961,-6.164,0.2029999999999994
esmfold2,p53_Y220C,23.0,-4.596,-4.982,0.3860000000000001
esmfold2,THSR__7UTZ,23.0,-6.113,-6.164,0.05099999999999927
esmfold2,p53_Y220C__4AGQ,24.0,-4.974,-5.378,0.4039999999999999
esmfold2,HIV_RT,25.0,-5.511,-6.593,1.0819999999999999
esmfold2,HIV_RT,26.0,-5.783,-6.593,0.8099999999999996
esmfold2,KRAS,27.0,-5.48,-5.57,0.08999999999999986
esmfold2,HIV1_CA,28.0,-7.991,-7.011,-0.9799999999999995
esmfold2,Menin,29.0,-7.054,-7.089,0.03500000000000014
esmfold2,HIV_RT__3V81,0.0,-5.015,-6.211,1.1960000000000006
esmfold2,Menin,1.0,-7.466,-7.089,-0.3769999999999998
esmfold2,HIF2alpha__6D0B,1.0,0.007,-10.48,10.487
esmfold2,HIF2alpha,3.0,-3.106,-8.663,5.557
esmfold2,HIF2alpha__6D0B,3.0,0.243,-10.48,10.723
esmfold2,HIV1_CA,4.0,-6.814,-7.011,0.19700000000000006
esmfold2,HIF2alpha,5.0,-2.097,-8.663,6.566000000000001
esmfold2,HIF2alpha__6D0B,5.0,0.343,-10.48,10.823
esmfold2,HIV_RT__3V81,6.0,-5.007,-6.211,1.2040000000000006
esmfold2,p53_Y220C__4AGQ,7.0,-5.027,-5.378,0.351
esmfold2,THSR__7UTZ,9.0,-6.145,-6.164,0.019000000000000128
esmfold2,HIV1_CA,10.0,-6.912,-7.011,0.0990000000000002
esmfold2,HIV_RT__3V81,11.0,-0.166,-6.211,6.045
esmfold2,p53_Y220C__4AGQ,13.0,-5.032,-5.378,0.3460000000000001
esmfold2,HIF2alpha__6D0B,15.0,-0.148,-10.48,10.332
esmfold2,HIF2alpha,16.0,-3.879,-8.663,4.784000000000001
esmfold2,p53_Y220C,17.0,-4.551,-4.982,0.43100000000000005
esmfold2,p53_Y220C__4AGQ,17.0,-4.987,-5.378,0.391
esmfold2,HIV_RT,18.0,-6.118,-6.593,0.47499999999999964
esmfold2,HIV_RT__3V81,19.0,-5.442,-6.211,0.7690000000000001
esmfold2,HIF2alpha,20.0,-3.885,-8.663,4.7780000000000005
esmfold2,THSR,21.0,-8.831,-9.138,0.3070000000000004
esmfold2,HIF2alpha__6D0B,23.0,-0.017,-10.48,10.463000000000001
esmfold2,HIV_RT,23.0,-5.723,-6.593,0.8700000000000001
esmfold2,p53_Y220C,25.0,-4.954,-4.982,0.02800000000000047
esmfold2,p53_Y220C,27.0,-4.929,-4.982,0.052999999999999936
esmfold2,HIV_RT__3V81,27.0,-5.945,-6.211,0.266
esmfold2,HIF2alpha__6D0B,28.0,0.547,-10.48,11.027000000000001
esmfold2,p53_Y220C,29.0,-4.998,-4.982,-0.016000000000000014
rfd3_fix7,Bcl-xL,0.0,-7.944,-8.693,0.7489999999999997
rfd3_fix7,Bcl-xL,4.0,-9.382,-8.693,-0.6890000000000001
rfd3_fix7,Bcl-xL,101.0,-8.821,-8.693,-0.1280000000000001
rfd3_fix7,Bcl-xL,103.0,-9.143,-8.693,-0.45000000000000107
esmfold2,Bcl-xL,0.0,-6.867,-8.693,1.8259999999999996
esmfold2,NDPK-A,2.0,-7.263,-6.513,-0.75
esmfold2,Bcl-xL,4.0,-6.727,-8.693,1.9659999999999993
esmfold2,Bcl-xL,6.0,-6.82,-8.693,1.8729999999999993
esmfold2,Bcl-xL,8.0,-7.119,-8.693,1.5739999999999998
boltz2,Bcl-xL,0.0,-5.731,-8.693,2.9619999999999997
boltz2,betaLG,2.0,-6.212,-4.265,-1.947
boltz2,betaLG,4.0,-5.955,-4.265,-1.6900000000000004
boltz2,betaLG,6.0,-5.361,-4.265,-1.096
boltz2,betaLG,8.0,-6.256,-4.265,-1.9910000000000005
bioemu_refine,Bcl-xL,0.0,-8.095,-8.693,0.597999999999999
bioemu_refine,NDPK-A,200.0,-7.497,-6.513,-0.984
bioemu_refine,Bcl-xL,400.0,-6.148,-8.693,2.545
bioemu_refine,GLTP,600.0,-5.522,-5.173,-0.3490000000000002
bioemu_refine,Bcl-xL,800.0,-6.894,-8.693,1.7989999999999995
confornet_nomsa,Bcl-xL,0.0,-4.481,-8.693,4.212
confornet_nomsa,Bcl-xL,2.0,-5.333,-8.693,3.3599999999999994
confornet_nomsa,NDPK-A,4.0,0.0,-6.513,6.513
confornet_nomsa,NDPK-A,101.0,-4.154,-6.513,2.359
confornet_nomsa,Bcl-xL,103.0,-3.783,-8.693,4.91
rfd3_fix7,GLTP,0.0,-5.134,-5.173,0.0389999999999997
rfd3_fix7,betaLG,2.0,-4.905,-4.265,-0.6400000000000006
rfd3_fix7,GLTP,4.0,-5.056,-5.173,0.11699999999999999
rfd3_fix7,GLTP,101.0,-5.265,-5.173,-0.09199999999999964
rfd3_fix7,GLTP,103.0,-5.427,-5.173,-0.25399999999999956
esmfold2,GLTP,0.0,-5.877,-5.173,-0.7039999999999997
esmfold2,betaLG,2.0,-4.677,-4.265,-0.4119999999999999
esmfold2,GLTP,4.0,-5.162,-5.173,0.01100000000000012
esmfold2,GLTP,6.0,-5.579,-5.173,-0.4059999999999997
esmfold2,GLTP,8.0,-5.504,-5.173,-0.3309999999999995
boltz2,GLTP,0.0,-4.702,-5.173,0.4710000000000001
boltz2,NDPK-A,2.0,-4.772,-6.513,1.7409999999999997
boltz2,NDPK-A,4.0,-6.088,-6.513,0.4249999999999998
boltz2,NDPK-A,6.0,-4.186,-6.513,2.327
boltz2,NDPK-A,8.0,20.83,-6.513,27.342999999999996
bioemu_refine,GLTP,0.0,-4.705,-5.173,0.46799999999999997
bioemu_refine,betaLG,200.0,-4.809,-4.265,-0.5440000000000005
bioemu_refine,GLTP,400.0,-4.851,-5.173,0.32200000000000006
bioemu_refine,betaLG,600.0,-6.751,-4.265,-2.4860000000000007
bioemu_refine,GLTP,800.0,-5.812,-5.173,-0.6390000000000002
confornet_nomsa,GLTP,0.0,-4.806,-5.173,0.367
confornet_nomsa,GLTP,2.0,-4.808,-5.173,0.3650000000000002
confornet_nomsa,betaLG,4.0,-4.831,-4.265,-0.5660000000000007
confornet_nomsa,GLTP,101.0,-5.509,-5.173,-0.3360000000000003
confornet_nomsa,NDPK-A,103.0,-7.007,-6.513,-0.4939999999999998
rfd3_fix7,NDPK-A,2.0,-6.188,-6.513,0.3250000000000002
rfd3_fix7,NDPK-A,0.0,-6.623,-6.513,-0.11000000000000032
rfd3_fix7,Bcl-xL,2.0,-8.964,-8.693,-0.2710000000000008
rfd3_fix7,betaLG,4.0,-5.242,-4.265,-0.9770000000000003
rfd3_fix7,betaLG,101.0,-5.128,-4.265,-0.8630000000000004
rfd3_fix7,betaLG,103.0,-5.623,-4.265,-1.3580000000000005
esmfold2,NDPK-A,0.0,-7.366,-6.513,-0.8529999999999998
esmfold2,Bcl-xL,2.0,-7.626,-8.693,1.0669999999999993
esmfold2,betaLG,4.0,-4.728,-4.265,-0.4630000000000001
esmfold2,betaLG,6.0,-4.822,-4.265,-0.5570000000000004
esmfold2,betaLG,8.0,-5.084,-4.265,-0.819
boltz2,NDPK-A,0.0,-1.678,-6.513,4.835
boltz2,Bcl-xL,2.0,-7.352,-8.693,1.3409999999999993
boltz2,Bcl-xL,4.0,-6.48,-8.693,2.212999999999999
boltz2,Bcl-xL,6.0,-7.285,-8.693,1.4079999999999995
boltz2,Bcl-xL,8.0,-6.077,-8.693,2.6159999999999997
bioemu_refine,NDPK-A,0.0,-6.248,-6.513,0.2649999999999997
bioemu_refine,Bcl-xL,200.0,-7.055,-8.693,1.638
bioemu_refine,NDPK-A,400.0,-6.175,-6.513,0.3380000000000001
bioemu_refine,Bcl-xL,600.0,-5.62,-8.693,3.0729999999999995
bioemu_refine,NDPK-A,800.0,-6.427,-6.513,0.0860000000000003
confornet_nomsa,betaLG,0.0,-4.81,-4.265,-0.5449999999999999
confornet_nomsa,NDPK-A,2.0,0.0,-6.513,6.513
confornet_nomsa,GLTP,4.0,-4.956,-5.173,0.21699999999999964
confornet_nomsa,Bcl-xL,101.0,-2.304,-8.693,6.388999999999999
confornet_nomsa,betaLG,103.0,-4.758,-4.265,-0.4930000000000003
rfd3_fix7,betaLG,0.0,-5.054,-4.265,-0.7890000000000006
rfd3_fix7,GLTP,2.0,-5.01,-5.173,0.16300000000000026
rfd3_fix7,NDPK-A,4.0,-6.193,-6.513,0.3200000000000003
rfd3_fix7,NDPK-A,101.0,-6.679,-6.513,-0.16600000000000037
rfd3_fix7,NDPK-A,103.0,-7.11,-6.513,-0.5970000000000004
esmfold2,betaLG,0.0,-4.816,-4.265,-0.5510000000000002
esmfold2,GLTP,2.0,-5.417,-5.173,-0.24399999999999977
esmfold2,NDPK-A,4.0,-7.096,-6.513,-0.5830000000000002
esmfold2,NDPK-A,6.0,-7.475,-6.513,-0.9619999999999997
esmfold2,NDPK-A,8.0,-7.181,-6.513,-0.6680000000000001
boltz2,betaLG,0.0,-4.963,-4.265,-0.6980000000000004
boltz2,GLTP,2.0,-5.154,-5.173,0.019000000000000128
boltz2,GLTP,4.0,-4.967,-5.173,0.2060000000000004
boltz2,GLTP,6.0,-5.494,-5.173,-0.32099999999999973
boltz2,GLTP,8.0,-4.985,-5.173,0.18799999999999972
bioemu_refine,betaLG,0.0,-6.225,-4.265,-1.96
bioemu_refine,GLTP,200.0,-3.931,-5.173,1.242
bioemu_refine,betaLG,400.0,-6.318,-4.265,-2.053
bioemu_refine,NDPK-A,600.0,-5.799,-6.513,0.7139999999999995
bioemu_refine,betaLG,800.0,-4.51,-4.265,-0.2450000000000001
confornet_nomsa,NDPK-A,0.0,-3.851,-6.513,2.662
confornet_nomsa,betaLG,2.0,-4.812,-4.265,-0.5470000000000006
confornet_nomsa,Bcl-xL,4.0,-4.003,-8.693,4.6899999999999995
confornet_nomsa,betaLG,101.0,-4.812,-4.265,-0.5470000000000006
confornet_nomsa,GLTP,103.0,-5.066,-5.173,0.1070000000000002
rfd3_fix7,NDPK-A,100.0,-6.907,-6.513,-0.39400000000000013
rfd3_fix7,NDPK-A,102.0,-6.744,-6.513,-0.23099999999999987
rfd3_fix7,NDPK-A,104.0,-6.313,-6.513,0.20000000000000018
esmfold2,NDPK-A,1.0,-7.034,-6.513,-0.5209999999999999
esmfold2,betaLG,3.0,-4.745,-4.265,-0.4800000000000004
esmfold2,NDPK-A,5.0,-7.064,-6.513,-0.5510000000000002
esmfold2,NDPK-A,7.0,-6.946,-6.513,-0.43299999999999983
esmfold2,NDPK-A,9.0,-7.325,-6.513,-0.8120000000000003
boltz2,NDPK-A,1.0,1.442,-6.513,7.955
boltz2,GLTP,3.0,-4.519,-5.173,0.6539999999999999
boltz2,GLTP,5.0,-5.471,-5.173,-0.29800000000000004
boltz2,GLTP,7.0,-4.546,-5.173,0.6269999999999998
boltz2,GLTP,9.0,-4.535,-5.173,0.6379999999999999
bioemu_refine,NDPK-A,100.0,-7.167,-6.513,-0.6539999999999999
bioemu_refine,betaLG,300.0,-4.899,-4.265,-0.6340000000000003
bioemu_refine,NDPK-A,500.0,-6.717,-6.513,-0.20399999999999974
bioemu_refine,betaLG,700.0,-5.736,-4.265,-1.471
bioemu_refine,GLTP,900.0,-4.535,-5.173,0.6379999999999999
confornet_nomsa,NDPK-A,1.0,-3.711,-6.513,2.802
confornet_nomsa,GLTP,3.0,-6.036,-5.173,-0.8629999999999995
confornet_nomsa,betaLG,100.0,-6.285,-4.265,-2.0200000000000005
confornet_nomsa,GLTP,102.0,-4.817,-5.173,0.35599999999999987
confornet_nomsa,NDPK-A,104.0,-5.382,-6.513,1.1310000000000002
rfd3_fix7,Bcl-xL,1.0,-8.027,-8.693,0.6660000000000004
rfd3_fix7,Bcl-xL,3.0,-8.28,-8.693,0.41300000000000026
rfd3_fix7,betaLG,100.0,-5.328,-4.265,-1.0630000000000006
rfd3_fix7,betaLG,102.0,-4.912,-4.265,-0.6470000000000002
rfd3_fix7,betaLG,104.0,-5.012,-4.265,-0.7469999999999999
esmfold2,Bcl-xL,1.0,-7.478,-8.693,1.2149999999999999
esmfold2,Bcl-xL,3.0,-6.744,-8.693,1.9489999999999998
esmfold2,betaLG,5.0,-5.329,-4.265,-1.064
esmfold2,betaLG,7.0,-4.825,-4.265,-0.5600000000000005
esmfold2,betaLG,9.0,-5.064,-4.265,-0.7990000000000004
boltz2,Bcl-xL,1.0,-5.913,-8.693,2.7799999999999994
boltz2,Bcl-xL,3.0,-7.567,-8.693,1.1259999999999994
boltz2,Bcl-xL,5.0,-7.026,-8.693,1.6669999999999998
boltz2,Bcl-xL,7.0,-5.779,-8.693,2.9139999999999997
boltz2,Bcl-xL,9.0,-6.271,-8.693,2.4219999999999997
bioemu_refine,Bcl-xL,100.0,-8.327,-8.693,0.36599999999999966
bioemu_refine,NDPK-A,300.0,-6.195,-6.513,0.3179999999999996
bioemu_refine,Bcl-xL,500.0,-8.118,-8.693,0.5749999999999993
bioemu_refine,NDPK-A,700.0,-6.14,-6.513,0.3730000000000002
bioemu_refine,NDPK-A,900.0,-6.988,-6.513,-0.47500000000000053
confornet_nomsa,betaLG,1.0,-4.867,-4.265,-0.6020000000000003
confornet_nomsa,Bcl-xL,3.0,-3.725,-8.693,4.968
confornet_nomsa,Bcl-xL,100.0,14.32,-8.693,23.012999999999998
confornet_nomsa,NDPK-A,102.0,3.605,-6.513,10.118
confornet_nomsa,GLTP,104.0,-4.232,-5.173,0.9409999999999998
rfd3_fix7,NDPK-A,1.0,-5.698,-6.513,0.8149999999999995
rfd3_fix7,betaLG,3.0,-5.282,-4.265,-1.0170000000000003
rfd3_fix7,GLTP,3.0,-5.178,-5.173,-0.004999999999999893
rfd3_fix7,GLTP,100.0,-5.174,-5.173,-0.001000000000000334
rfd3_fix7,GLTP,102.0,-5.316,-5.173,-0.1429999999999998
rfd3_fix7,GLTP,104.0,-5.223,-5.173,-0.04999999999999982
esmfold2,GLTP,3.0,-5.673,-5.173,-0.5
esmfold2,GLTP,5.0,-5.338,-5.173,-0.16500000000000004
esmfold2,GLTP,7.0,-5.345,-5.173,-0.1719999999999997
esmfold2,GLTP,9.0,-5.751,-5.173,-0.5780000000000003
boltz2,NDPK-A,3.0,11.3,-6.513,17.813000000000002
boltz2,NDPK-A,5.0,-3.856,-6.513,2.657
boltz2,NDPK-A,7.0,-2.991,-6.513,3.522
boltz2,NDPK-A,9.0,29.62,-6.513,36.133
bioemu_refine,betaLG,100.0,-4.352,-4.265,-0.08700000000000063
bioemu_refine,GLTP,300.0,-5.508,-5.173,-0.33499999999999996
bioemu_refine,betaLG,500.0,-5.794,-4.265,-1.529
bioemu_refine,GLTP,700.0,-5.268,-5.173,-0.09499999999999975
bioemu_refine,betaLG,900.0,-5.566,-4.265,-1.3010000000000002
confornet_nomsa,GLTP,1.0,-5.419,-5.173,-0.24599999999999955
confornet_nomsa,betaLG,3.0,-4.768,-4.265,-0.5030000000000001
confornet_nomsa,GLTP,100.0,-3.482,-5.173,1.6909999999999998
confornet_nomsa,betaLG,102.0,-4.808,-4.265,-0.5430000000000001
confornet_nomsa,Bcl-xL,104.0,10.61,-8.693,19.302999999999997
rfd3_fix7,GLTP,1.0,-4.961,-5.173,0.21199999999999974
rfd3_fix7,NDPK-A,3.0,-7.237,-6.513,-0.7240000000000002
rfd3_fix7,Bcl-xL,100.0,-8.503,-8.693,0.1899999999999995
rfd3_fix7,Bcl-xL,102.0,-8.931,-8.693,-0.23799999999999955
rfd3_fix7,Bcl-xL,104.0,-9.15,-8.693,-0.45700000000000074
esmfold2,GLTP,1.0,-5.602,-5.173,-0.42900000000000027
esmfold2,NDPK-A,3.0,-6.989,-6.513,-0.476
esmfold2,Bcl-xL,5.0,-7.43,-8.693,1.263
esmfold2,Bcl-xL,7.0,-7.145,-8.693,1.548
esmfold2,Bcl-xL,9.0,-6.528,-8.693,2.165
boltz2,GLTP,1.0,-5.002,-5.173,0.17100000000000026
boltz2,betaLG,3.0,-5.298,-4.265,-1.0330000000000004
boltz2,betaLG,5.0,-5.761,-4.265,-1.4960000000000004
boltz2,betaLG,7.0,-4.978,-4.265,-0.7130000000000001
boltz2,betaLG,9.0,-5.26,-4.265,-0.9950000000000001
bioemu_refine,GLTP,100.0,-4.588,-5.173,0.585
bioemu_refine,Bcl-xL,300.0,-5.972,-8.693,2.720999999999999
bioemu_refine,GLTP,500.0,-5.325,-5.173,-0.15200000000000014
bioemu_refine,Bcl-xL,700.0,-6.98,-8.693,1.7129999999999992
bioemu_refine,Bcl-xL,900.0,-6.944,-8.693,1.7489999999999997
confornet_nomsa,Bcl-xL,1.0,-2.708,-8.693,5.984999999999999
confornet_nomsa,NDPK-A,3.0,-4.182,-6.513,2.3309999999999995
confornet_nomsa,NDPK-A,100.0,-6.381,-6.513,0.13199999999999967
confornet_nomsa,Bcl-xL,102.0,-6.999,-8.693,1.694
confornet_nomsa,betaLG,104.0,-6.304,-4.265,-2.0390000000000006
rfd3_fix7,betaLG,1.0,-5.415,-4.265,-1.1500000000000004
esmfold2,betaLG,1.0,-4.693,-4.265,-0.42799999999999994
boltz2,betaLG,1.0,-6.059,-4.265,-1.7940000000000005
rfd3_fix7,FUT8,0.0,-7.867,-8.302,0.4349999999999996
rfd3_fix7,FUT8,3.0,-7.706,-8.302,0.5959999999999992
rfd3_fix7,FUT8,101.0,-6.745,-8.302,1.5569999999999995
rfd3_fix7,FUT8,104.0,-8.2,-8.302,0.10200000000000031
esmfold2,FUT8,2.0,-8.24,-8.302,0.06199999999999939
esmfold2,FUT8,5.0,-7.99,-8.302,0.3119999999999994
esmfold2,FUT8,8.0,-7.651,-8.302,0.6509999999999998
boltz2,FUT8,1.0,-7.434,-8.302,0.8679999999999994
boltz2,FUT8,4.0,-8.177,-8.302,0.125
boltz2,FUT8,7.0,-8.184,-8.302,0.11800000000000033
bioemu_refine,FUT8,0.0,-7.92,-8.302,0.3819999999999997
bioemu_refine,FUT8,300.0,-5.801,-8.302,2.5009999999999994
bioemu_refine,FUT8,600.0,-6.552,-8.302,1.75
bioemu_refine,FUT8,900.0,-8.058,-8.302,0.24399999999999977
confornet_nomsa,FUT8,0.0,0.0,-8.302,8.302
confornet_nomsa,FUT8,3.0,-4.701,-8.302,3.601
confornet_nomsa,FUT8,101.0,-5.741,-8.302,2.561
confornet_nomsa,FUT8,104.0,-6.056,-8.302,2.2459999999999996
rfd3_fix7,FUT8,1.0,-8.186,-8.302,0.11599999999999966
rfd3_fix7,FUT8,4.0,-7.72,-8.302,0.5819999999999999
rfd3_fix7,FUT8,102.0,-8.186,-8.302,0.11599999999999966
esmfold2,FUT8,0.0,-7.394,-8.302,0.9079999999999995
esmfold2,FUT8,3.0,-8.039,-8.302,0.2629999999999999
esmfold2,FUT8,6.0,-7.901,-8.302,0.4009999999999998
esmfold2,FUT8,9.0,-7.844,-8.302,0.4579999999999993
boltz2,FUT8,2.0,-8.132,-8.302,0.16999999999999993
boltz2,FUT8,5.0,-7.641,-8.302,0.6609999999999996
boltz2,FUT8,8.0,-7.447,-8.302,0.8549999999999995
bioemu_refine,FUT8,100.0,-7.211,-8.302,1.0909999999999993
bioemu_refine,FUT8,400.0,-8.311,-8.302,-0.009000000000000341
bioemu_refine,FUT8,700.0,-7.636,-8.302,0.6659999999999995
confornet_nomsa,FUT8,1.0,0.0,-8.302,8.302
confornet_nomsa,FUT8,4.0,0.0,-8.302,8.302
confornet_nomsa,FUT8,102.0,5.85,-8.302,14.152
rfd3_fix7,FUT8,2.0,-7.563,-8.302,0.7389999999999999
rfd3_fix7,FUT8,100.0,-7.411,-8.302,0.891
rfd3_fix7,FUT8,103.0,-7.966,-8.302,0.3359999999999994
esmfold2,FUT8,1.0,-7.854,-8.302,0.4479999999999995
esmfold2,FUT8,4.0,-7.829,-8.302,0.47299999999999986
esmfold2,FUT8,7.0,-8.018,-8.302,0.2839999999999989
boltz2,FUT8,0.0,-8.231,-8.302,0.07099999999999973
boltz2,FUT8,3.0,-7.331,-8.302,0.9709999999999992
boltz2,FUT8,6.0,-8.071,-8.302,0.23099999999999987
boltz2,FUT8,9.0,-7.722,-8.302,0.5799999999999992
bioemu_refine,FUT8,200.0,-7.206,-8.302,1.0959999999999992
bioemu_refine,FUT8,500.0,-7.884,-8.302,0.41799999999999926
bioemu_refine,FUT8,800.0,-7.33,-8.302,0.9719999999999995
confornet_nomsa,FUT8,2.0,-3.669,-8.302,4.632999999999999
confornet_nomsa,FUT8,100.0,-7.278,-8.302,1.024
confornet_nomsa,FUT8,103.0,-7.244,-8.302,1.0579999999999998
rfd3_fix7,METTL14,0.0,-6.972,-7.552,0.5799999999999992
rfd3_fix7,METTL14,3.0,-6.132,-7.552,1.42
rfd3_fix7,METTL14,101.0,-6.563,-7.552,0.9889999999999999
rfd3_fix7,METTL14,104.0,-6.506,-7.552,1.0459999999999994
esmfold2,METTL14,2.0,-7.454,-7.552,0.09799999999999986
esmfold2,METTL14,5.0,-6.347,-7.552,1.2049999999999992
esmfold2,METTL14,8.0,-5.923,-7.552,1.6289999999999996
boltz2,METTL14,1.0,-6.752,-7.552,0.7999999999999998
boltz2,METTL14,4.0,-7.474,-7.552,0.0779999999999994
boltz2,METTL14,7.0,-3.947,-7.552,3.6049999999999995
bioemu_refine,METTL14,0.0,-7.345,-7.552,0.20699999999999985
bioemu_refine,METTL14,300.0,-7.534,-7.552,0.017999999999999794
bioemu_refine,METTL14,600.0,-6.001,-7.552,1.5509999999999993
molgen_ns1.0,METTL14,0.0,-7.159,-7.552,0.3929999999999998
molgen_ns1.0,METTL14,3.0,-6.488,-7.552,1.0639999999999992
molgen_ns1.0,METTL14,6.0,-6.773,-7.552,0.7789999999999999
molgen_ns1.0,METTL14,9.0,-6.712,-7.552,0.8399999999999999
confornet_nomsa,METTL14,0.0,-8.96,-7.552,-1.4080000000000013
confornet_nomsa,METTL14,3.0,-8.93,-7.552,-1.3780000000000001
confornet_nomsa,METTL14,101.0,-8.025,-7.552,-0.47300000000000075
confornet_nomsa,METTL14,104.0,-7.589,-7.552,-0.03700000000000081
rfd3_fix7,METTL14,1.0,-5.873,-7.552,1.6789999999999994
rfd3_fix7,METTL14,4.0,-6.76,-7.552,0.7919999999999998
rfd3_fix7,METTL14,102.0,-7.565,-7.552,-0.013000000000000789
esmfold2,METTL14,0.0,-7.197,-7.552,0.35499999999999954
esmfold2,METTL14,3.0,-6.033,-7.552,1.5189999999999992
esmfold2,METTL14,6.0,-7.269,-7.552,0.2829999999999995
esmfold2,METTL14,9.0,-7.382,-7.552,0.16999999999999993
boltz2,METTL14,2.0,-6.991,-7.552,0.5609999999999999
boltz2,METTL14,5.0,-7.069,-7.552,0.48299999999999965
boltz2,METTL14,8.0,-5.727,-7.552,1.8249999999999993
bioemu_refine,METTL14,100.0,-6.086,-7.552,1.4659999999999993
bioemu_refine,METTL14,400.0,-6.846,-7.552,0.7059999999999995
molgen_ns1.0,METTL14,1.0,-6.656,-7.552,0.8959999999999999
molgen_ns1.0,METTL14,4.0,-6.213,-7.552,1.3389999999999995
molgen_ns1.0,METTL14,7.0,-6.621,-7.552,0.9309999999999992
confornet_nomsa,METTL14,1.0,-8.688,-7.552,-1.136000000000001
confornet_nomsa,METTL14,4.0,-8.017,-7.552,-0.46499999999999986
confornet_nomsa,METTL14,102.0,-8.247,-7.552,-0.6950000000000003
rfd3_fix7,METTL14,2.0,-6.734,-7.552,0.8179999999999996
rfd3_fix7,METTL14,100.0,-5.8,-7.552,1.7519999999999998
rfd3_fix7,METTL14,103.0,-7.26,-7.552,0.2919999999999998
esmfold2,METTL14,1.0,-7.395,-7.552,0.15700000000000003
esmfold2,METTL14,4.0,-7.796,-7.552,-0.24400000000000066
esmfold2,METTL14,7.0,-7.505,-7.552,0.04699999999999971
boltz2,METTL14,0.0,-7.172,-7.552,0.3799999999999999
boltz2,METTL14,3.0,-6.838,-7.552,0.7139999999999995
boltz2,METTL14,6.0,-6.083,-7.552,1.4689999999999994
boltz2,METTL14,9.0,-6.782,-7.552,0.7699999999999996
bioemu_refine,METTL14,200.0,-7.561,-7.552,-0.009000000000000341
bioemu_refine,METTL14,500.0,-6.332,-7.552,1.2199999999999998
molgen_ns1.0,METTL14,2.0,-6.677,-7.552,0.875
molgen_ns1.0,METTL14,5.0,-6.261,-7.552,1.2909999999999995
molgen_ns1.0,METTL14,8.0,-6.245,-7.552,1.3069999999999995
confornet_nomsa,METTL14,2.0,-8.997,-7.552,-1.4450000000000003
confornet_nomsa,METTL14,100.0,-8.608,-7.552,-1.056000000000001
confornet_nomsa,METTL14,103.0,-8.547,-7.552,-0.995000000000001
molgen_ns1.0,Bcl-xL,0.0,-5.389,-8.693,3.3039999999999994
molgen_ns1.0,Bcl-xL,3.0,-6.377,-8.693,2.316
molgen_ns1.0,Bcl-xL,6.0,-6.469,-8.693,2.2239999999999993
molgen_ns1.0,Bcl-xL,9.0,-7.77,-8.693,0.923
molgen_ns1.0,Bcl-xL,1.0,-5.538,-8.693,3.1549999999999994
molgen_ns1.0,Bcl-xL,4.0,-6.587,-8.693,2.106
molgen_ns1.0,Bcl-xL,7.0,-6.279,-8.693,2.4139999999999997
molgen_ns1.0,Bcl-xL,2.0,-6.266,-8.693,2.4269999999999996
molgen_ns1.0,Bcl-xL,5.0,-5.678,-8.693,3.0149999999999997
molgen_ns1.0,Bcl-xL,8.0,-7.305,-8.693,1.388
molgen_ns1.0,FUT8,0.0,-3.884,-8.302,4.417999999999999
molgen_ns1.0,FUT8,4.0,-3.317,-8.302,4.984999999999999
molgen_ns1.0,FUT8,7.0,14.39,-8.302,22.692
molgen_ns1.0,FUT8,10.0,-7.103,-8.302,1.1989999999999998
molgen_ns1.0,FUT8,1.0,0.229,-8.302,8.530999999999999
molgen_ns1.0,FUT8,5.0,-3.344,-8.302,4.958
molgen_ns1.0,FUT8,8.0,-6.411,-8.302,1.891
molgen_ns1.0,FUT8,2.0,-5.505,-8.302,2.7969999999999997
molgen_ns1.0,FUT8,6.0,1.35,-8.302,9.652
molgen_ns1.0,FUT8,9.0,-5.294,-8.302,3.008
molgen_ns1.0,GLTP,0.0,-4.247,-5.173,0.9260000000000002
molgen_ns1.0,GLTP,3.0,-4.621,-5.173,0.5519999999999996
molgen_ns1.0,GLTP,6.0,-4.82,-5.173,0.35299999999999976
molgen_ns1.0,GLTP,9.0,-5.905,-5.173,-0.7320000000000002
molgen_ns1.0,GLTP,1.0,-4.967,-5.173,0.2060000000000004
molgen_ns1.0,GLTP,4.0,-4.46,-5.173,0.7130000000000001
molgen_ns1.0,GLTP,7.0,-4.503,-5.173,0.6699999999999999
molgen_ns1.0,GLTP,2.0,-4.116,-5.173,1.0570000000000004
molgen_ns1.0,GLTP,5.0,-4.084,-5.173,1.0890000000000004
molgen_ns1.0,GLTP,8.0,-4.166,-5.173,1.0069999999999997
molgen_ns1.0,NDPK-A,1.0,-5.786,-6.513,0.7270000000000003
molgen_ns1.0,NDPK-A,4.0,-5.772,-6.513,0.7409999999999997
molgen_ns1.0,NDPK-A,7.0,-4.614,-6.513,1.899
molgen_ns1.0,NDPK-A,10.0,-5.608,-6.513,0.9050000000000002
molgen_ns1.0,NDPK-A,2.0,-5.419,-6.513,1.0940000000000003
molgen_ns1.0,NDPK-A,5.0,-6.021,-6.513,0.492
molgen_ns1.0,NDPK-A,8.0,-6.016,-6.513,0.4969999999999999
molgen_ns1.0,NDPK-A,3.0,-5.735,-6.513,0.7779999999999996
molgen_ns1.0,NDPK-A,6.0,-5.109,-6.513,1.404
molgen_ns1.0,NDPK-A,9.0,-5.422,-6.513,1.0910000000000002
molgen_ns1.0,betaLG,0.0,-4.91,-4.265,-0.6450000000000005
molgen_ns1.0,betaLG,3.0,-5.06,-4.265,-0.7949999999999999
molgen_ns1.0,betaLG,6.0,-5.049,-4.265,-0.7840000000000007
molgen_ns1.0,betaLG,9.0,-4.465,-4.265,-0.20000000000000018
molgen_ns1.0,betaLG,1.0,-5.009,-4.265,-0.7440000000000007
molgen_ns1.0,betaLG,4.0,-4.793,-4.265,-0.5280000000000005
molgen_ns1.0,betaLG,7.0,-5.061,-4.265,-0.7960000000000003
molgen_ns1.0,betaLG,2.0,-5.433,-4.265,-1.1680000000000001
molgen_ns1.0,betaLG,5.0,-4.689,-4.265,-0.4240000000000004
molgen_ns1.0,betaLG,8.0,-5.4,-4.265,-1.1350000000000007
bioemu_refine,SHP2,0.0,-8.911,-8.742,-0.1689999999999987
bioemu_refine,SHP2,300.0,-8.052,-8.742,0.6900000000000013
bioemu_refine,SHP2,600.0,-7.187,-8.742,1.5550000000000006
bioemu_refine,SHP2,900.0,-7.965,-8.742,0.777000000000001
molgen_ns1.0,SHP2,0.0,-5.75,-8.742,2.992000000000001
molgen_ns1.0,SHP2,3.0,-6.33,-8.742,2.412000000000001
molgen_ns1.0,SHP2,6.0,-6.961,-8.742,1.7810000000000006
molgen_ns1.0,SHP2,9.0,-7.322,-8.742,1.4200000000000008
confornet_nomsa,SHP2,0.0,-5.147,-8.742,3.5950000000000006
confornet_nomsa,SHP2,3.0,-5.377,-8.742,3.365000000000001
confornet_nomsa,SHP2,101.0,-8.024,-8.742,0.7180000000000017
confornet_nomsa,SHP2,104.0,-8.08,-8.742,0.6620000000000008
rfd3_fix7,SHP2,0.0,-6.839,-8.742,1.9030000000000005
rfd3_fix7,SHP2,101.0,-6.967,-8.742,1.7750000000000012
esmfold2,SHP2,2.0,-8.826,-8.742,-0.08399999999999963
esmfold2,SHP2,8.0,-8.251,-8.742,0.49100000000000144
boltz2,SHP2,4.0,-6.901,-8.742,1.841000000000001
bioemu_refine,SHP2,100.0,-8.645,-8.742,0.09700000000000131
bioemu_refine,SHP2,400.0,-7.697,-8.742,1.0450000000000008
bioemu_refine,SHP2,700.0,-6.561,-8.742,2.181000000000001
molgen_ns1.0,SHP2,1.0,-7.249,-8.742,1.4930000000000012
molgen_ns1.0,SHP2,4.0,-8.1,-8.742,0.6420000000000012
molgen_ns1.0,SHP2,7.0,-7.457,-8.742,1.285000000000001
confornet_nomsa,SHP2,1.0,-5.133,-8.742,3.609000000000001
confornet_nomsa,SHP2,4.0,-5.847,-8.742,2.8950000000000005
confornet_nomsa,SHP2,102.0,-7.856,-8.742,0.886000000000001
rfd3_fix7,SHP2,1.0,-7.175,-8.742,1.567000000000001
rfd3_fix7,SHP2,102.0,-7.803,-8.742,0.939000000000001
esmfold2,SHP2,3.0,-8.42,-8.742,0.32200000000000095
esmfold2,SHP2,9.0,-8.967,-8.742,-0.22499999999999964
boltz2,SHP2,5.0,-7.031,-8.742,1.7110000000000012
bioemu_refine,SHP2,200.0,-8.759,-8.742,-0.01699999999999946
bioemu_refine,SHP2,500.0,-6.705,-8.742,2.037000000000001
bioemu_refine,SHP2,800.0,-7.911,-8.742,0.8310000000000013
molgen_ns1.0,SHP2,2.0,-6.229,-8.742,2.513000000000001
molgen_ns1.0,SHP2,5.0,-6.555,-8.742,2.187000000000001
molgen_ns1.0,SHP2,8.0,-7.751,-8.742,0.9910000000000005
confornet_nomsa,SHP2,2.0,-4.95,-8.742,3.7920000000000007
confornet_nomsa,SHP2,100.0,-7.795,-8.742,0.947000000000001
confornet_nomsa,SHP2,103.0,-7.295,-8.742,1.447000000000001
rfd3_fix7,SHP2,2.0,-6.533,-8.742,2.2090000000000005
rfd3_fix7,SHP2,103.0,-6.324,-8.742,2.418000000000001
esmfold2,SHP2,4.0,-7.902,-8.742,0.8400000000000007
boltz2,SHP2,0.0,-6.52,-8.742,2.2220000000000013
boltz2,SHP2,6.0,-6.799,-8.742,1.9430000000000005
rfd3_fix7,SHP2,3.0,-7.217,-8.742,1.5250000000000012
rfd3_fix7,SHP2,104.0,-6.886,-8.742,1.8560000000000008
esmfold2,SHP2,5.0,-7.855,-8.742,0.8870000000000005
boltz2,SHP2,1.0,-6.796,-8.742,1.9460000000000006
boltz2,SHP2,7.0,-6.886,-8.742,1.8560000000000008
rfd3_fix7,SHP2,4.0,-7.091,-8.742,1.6510000000000007
esmfold2,SHP2,0.0,-7.938,-8.742,0.8040000000000012
esmfold2,SHP2,6.0,-8.592,-8.742,0.15000000000000036
boltz2,SHP2,2.0,-7.415,-8.742,1.3270000000000008
boltz2,SHP2,8.0,-7.746,-8.742,0.9960000000000004
rfd3_fix7,SHP2,100.0,-7.781,-8.742,0.9610000000000012
esmfold2,SHP2,1.0,-9.208,-8.742,-0.4659999999999993
esmfold2,SHP2,7.0,-8.401,-8.742,0.3410000000000011
boltz2,SHP2,3.0,-6.957,-8.742,1.785000000000001
boltz2,SHP2,9.0,-7.229,-8.742,1.5130000000000008
prody_rfd3,Menin,1.0,-7.202,-7.089,-0.11299999999999955
prody_rfd3,Menin,8.0,-7.498,-7.089,-0.4089999999999998
prody_rfd3,Menin,5.0,-7.232,-7.089,-0.1429999999999998
prody_rfd3,Menin,7.0,-7.357,-7.089,-0.2679999999999998
prody_rfd3,Menin,4.0,-7.387,-7.089,-0.29799999999999915
prody_rfd3,Menin,0.0,-7.318,-7.089,-0.2289999999999992
prody_rfd3,Menin,6.0,-7.321,-7.089,-0.23199999999999932
prody_rfd3,Menin,9.0,-7.352,-7.089,-0.2629999999999999
prody_rfd3,Menin,3.0,-7.316,-7.089,-0.22699999999999942
prody_rfd3,Menin,2.0,-7.161,-7.089,-0.07199999999999918
prody_rfd3,betaLG,1.0,-4.545,-4.265,-0.28000000000000025
prody_rfd3,betaLG,8.0,-4.668,-4.265,-0.40300000000000047
prody_rfd3,betaLG,5.0,-5.211,-4.265,-0.9460000000000006
prody_rfd3,betaLG,7.0,-4.625,-4.265,-0.3600000000000003
prody_rfd3,betaLG,4.0,-4.721,-4.265,-0.4560000000000004
prody_rfd3,betaLG,0.0,-4.946,-4.265,-0.681
prody_rfd3,betaLG,6.0,-4.497,-4.265,-0.2320000000000002
prody_rfd3,betaLG,9.0,-4.754,-4.265,-0.4889999999999999
prody_rfd3,betaLG,3.0,-4.857,-4.265,-0.5920000000000005
prody_rfd3,betaLG,2.0,-4.835,-4.265,-0.5700000000000003
prody_rfd3,FUT8,1.0,-8.13,-8.302,0.17199999999999882
prody_rfd3,FUT8,8.0,-8.042,-8.302,0.2599999999999998
prody_rfd3,FUT8,5.0,-8.057,-8.302,0.24499999999999922
prody_rfd3,FUT8,7.0,-8.296,-8.302,0.006000000000000227
prody_rfd3,FUT8,4.0,-7.43,-8.302,0.8719999999999999
prody_rfd3,FUT8,0.0,-7.962,-8.302,0.33999999999999986
prody_rfd3,FUT8,6.0,-8.106,-8.302,0.19599999999999973
prody_rfd3,FUT8,9.0,-7.87,-8.302,0.4319999999999995
prody_rfd3,FUT8,3.0,-8.078,-8.302,0.2240000000000002
prody_rfd3,FUT8,2.0,-8.383,-8.302,-0.08099999999999952
prody_rfd3,SHP2,1.0,-7.46,-8.742,1.282000000000001
prody_rfd3,SHP2,8.0,-9.1,-8.742,-0.35799999999999876
prody_rfd3,SHP2,5.0,-8.356,-8.742,0.386000000000001
prody_rfd3,SHP2,7.0,-8.432,-8.742,0.3100000000000005
prody_rfd3,SHP2,4.0,-7.171,-8.742,1.5710000000000006
prody_rfd3,SHP2,0.0,-7.595,-8.742,1.1470000000000011
prody_rfd3,SHP2,6.0,-7.294,-8.742,1.4480000000000013
prody_rfd3,SHP2,9.0,-7.407,-8.742,1.3350000000000009
prody_rfd3,SHP2,3.0,-7.262,-8.742,1.4800000000000013
prody_rfd3,SHP2,2.0,-7.852,-8.742,0.8900000000000006
prody_rfd3,GCGR,1.0,-5.007,-3.657,-1.3499999999999996
prody_rfd3,GCGR,8.0,-4.097,-3.657,-0.4400000000000004
prody_rfd3,GCGR,5.0,-3.895,-3.657,-0.238
prody_rfd3,GCGR,7.0,-3.941,-3.657,-0.2839999999999998
prody_rfd3,GCGR,4.0,-4.135,-3.657,-0.47799999999999976
prody_rfd3,GCGR,0.0,-4.055,-3.657,-0.3979999999999997
prody_rfd3,GCGR,6.0,-4.048,-3.657,-0.391
prody_rfd3,GCGR,9.0,-4.349,-3.657,-0.6920000000000002
prody_rfd3,GCGR,3.0,-4.129,-3.657,-0.47199999999999953
prody_rfd3,GCGR,2.0,-4.586,-3.657,-0.9290000000000003
prody_rfd3,GLTP,1.0,-5.417,-5.173,-0.24399999999999977
prody_rfd3,GLTP,8.0,-5.455,-5.173,-0.28200000000000003
prody_rfd3,GLTP,5.0,-5.101,-5.173,0.07200000000000006
prody_rfd3,GLTP,7.0,-5.451,-5.173,-0.2779999999999996
prody_rfd3,GLTP,4.0,-5.096,-5.173,0.07699999999999996
prody_rfd3,GLTP,0.0,-5.452,-5.173,-0.2789999999999999
prody_rfd3,GLTP,6.0,-5.667,-5.173,-0.4939999999999998
prody_rfd3,GLTP,9.0,-5.288,-5.173,-0.11500000000000021
prody_rfd3,GLTP,3.0,-5.293,-5.173,-0.1200000000000001
prody_rfd3,GLTP,2.0,-4.964,-5.173,0.20899999999999963
prody_rfd3,NDPK-A,1.0,-6.677,-6.513,-0.1639999999999997
prody_rfd3,NDPK-A,8.0,-6.536,-6.513,-0.022999999999999687
prody_rfd3,NDPK-A,5.0,-6.466,-6.513,0.04699999999999971
prody_rfd3,NDPK-A,7.0,-5.991,-6.513,0.5220000000000002
prody_rfd3,NDPK-A,4.0,-5.916,-6.513,0.5969999999999995
prody_rfd3,NDPK-A,0.0,-6.256,-6.513,0.2569999999999997
prody_rfd3,NDPK-A,6.0,-5.943,-6.513,0.5700000000000003
prody_rfd3,NDPK-A,9.0,-6.538,-6.513,-0.025000000000000355
prody_rfd3,NDPK-A,3.0,-6.273,-6.513,0.2400000000000002
prody_rfd3,NDPK-A,2.0,-6.133,-6.513,0.3799999999999999
prody_rfd3,THSR,1.0,-10.096,-9.138,-0.9580000000000002
prody_rfd3,THSR__7UTZ,1.0,-6.196,-6.164,-0.03200000000000003
prody_rfd3,THSR,8.0,-9.479,-9.138,-0.3409999999999993
prody_rfd3,THSR__7UTZ,8.0,-6.229,-6.164,-0.06500000000000039
prody_rfd3,THSR,5.0,-10.069,-9.138,-0.9310000000000009
prody_rfd3,THSR__7UTZ,5.0,-6.289,-6.164,-0.125
prody_rfd3,THSR,7.0,-9.219,-9.138,-0.08099999999999952
prody_rfd3,THSR__7UTZ,7.0,-6.359,-6.164,-0.19500000000000028
prody_rfd3,THSR,4.0,-9.576,-9.138,-0.4380000000000006
prody_rfd3,THSR__7UTZ,4.0,-5.896,-6.164,0.2679999999999998
prody_rfd3,THSR,0.0,-9.582,-9.138,-0.44400000000000084
prody_rfd3,THSR__7UTZ,0.0,-5.832,-6.164,0.33199999999999985
prody_rfd3,THSR,6.0,-8.627,-9.138,0.5109999999999992
prody_rfd3,THSR__7UTZ,6.0,-6.274,-6.164,-0.11000000000000032
prody_rfd3,THSR,9.0,-8.727,-9.138,0.4109999999999996
prody_rfd3,THSR__7UTZ,9.0,-6.315,-6.164,-0.1510000000000007
prody_rfd3,THSR,3.0,-9.124,-9.138,0.013999999999999346
prody_rfd3,THSR__7UTZ,3.0,-6.184,-6.164,-0.020000000000000462
prody_rfd3,THSR,2.0,-9.528,-9.138,-0.39000000000000057
prody_rfd3,THSR__7UTZ,2.0,-6.212,-6.164,-0.04800000000000004
prody_rfd3,METTL14,1.0,-7.213,-7.552,0.3389999999999995
prody_rfd3,METTL14,8.0,-7.397,-7.552,0.15499999999999936
prody_rfd3,METTL14,5.0,-7.296,-7.552,0.25599999999999934
prody_rfd3,METTL14,7.0,-7.474,-7.552,0.0779999999999994
prody_rfd3,METTL14,4.0,-7.359,-7.552,0.19299999999999962
prody_rfd3,METTL14,0.0,-6.967,-7.552,0.585
prody_rfd3,METTL14,6.0,-7.29,-7.552,0.26199999999999957
prody_rfd3,METTL14,9.0,-5.939,-7.552,1.6129999999999995
prody_rfd3,METTL14,3.0,-7.008,-7.552,0.5439999999999996
prody_rfd3,METTL14,2.0,-7.355,-7.552,0.19699999999999918
prody_rfd3,HIV1_CA,1.0,-7.353,-7.011,-0.34199999999999964
prody_rfd3,HIV1_CA,8.0,-7.297,-7.011,-0.2859999999999996
prody_rfd3,HIV1_CA,5.0,-6.85,-7.011,0.16100000000000048
prody_rfd3,HIV1_CA,7.0,-6.97,-7.011,0.04100000000000037
prody_rfd3,HIV1_CA,4.0,-6.856,-7.011,0.15500000000000025
prody_rfd3,HIV1_CA,0.0,-6.963,-7.011,0.04800000000000004
prody_rfd3,HIV1_CA,6.0,-7.584,-7.011,-0.5729999999999995
prody_rfd3,HIV1_CA,9.0,-7.532,-7.011,-0.5209999999999999
prody_rfd3,HIV1_CA,3.0,-7.479,-7.011,-0.46799999999999997
prody_rfd3,HIV1_CA,2.0,-7.056,-7.011,-0.04499999999999993
prody_rfd3,p53_Y220C,1.0,-4.351,-4.982,0.6310000000000002
prody_rfd3,p53_Y220C__4AGQ,1.0,-4.853,-5.378,0.5250000000000004
prody_rfd3,p53_Y220C,8.0,-4.884,-4.982,0.09799999999999986
prody_rfd3,p53_Y220C__4AGQ,8.0,-5.248,-5.378,0.1299999999999999
prody_rfd3,p53_Y220C,5.0,-5.515,-4.982,-0.5329999999999995
prody_rfd3,p53_Y220C__4AGQ,5.0,-5.33,-5.378,0.04800000000000004
prody_rfd3,p53_Y220C,7.0,-5.089,-4.982,-0.1070000000000002
prody_rfd3,p53_Y220C__4AGQ,7.0,-5.402,-5.378,-0.02400000000000002
prody_rfd3,p53_Y220C,4.0,-4.646,-4.982,0.3360000000000003
prody_rfd3,p53_Y220C__4AGQ,4.0,-5.612,-5.378,-0.23399999999999999
prody_rfd3,p53_Y220C,0.0,-4.253,-4.982,0.7290000000000001
prody_rfd3,p53_Y220C__4AGQ,0.0,-5.166,-5.378,0.21199999999999974
prody_rfd3,p53_Y220C,6.0,-4.45,-4.982,0.532
prody_rfd3,p53_Y220C__4AGQ,6.0,-4.956,-5.378,0.4219999999999997
prody_rfd3,p53_Y220C,9.0,-4.143,-4.982,0.8390000000000004
prody_rfd3,p53_Y220C__4AGQ,9.0,-5.063,-5.378,0.3150000000000004
prody_rfd3,p53_Y220C,3.0,-4.344,-4.982,0.6379999999999999
prody_rfd3,p53_Y220C__4AGQ,3.0,-5.509,-5.378,-0.13100000000000023
prody_rfd3,p53_Y220C,2.0,-4.412,-4.982,0.5700000000000003
prody_rfd3,p53_Y220C__4AGQ,2.0,-5.297,-5.378,0.0810000000000004
prody_rfd3,Bcl-xL,1.0,-9.248,-8.693,-0.5549999999999997
prody_rfd3,Bcl-xL,8.0,-8.929,-8.693,-0.23600000000000065
prody_rfd3,Bcl-xL,5.0,-9.072,-8.693,-0.37899999999999956
prody_rfd3,Bcl-xL,7.0,-9.152,-8.693,-0.45899999999999963
prody_rfd3,Bcl-xL,4.0,-9.209,-8.693,-0.516
prody_rfd3,Bcl-xL,0.0,-9.005,-8.693,-0.31200000000000117
prody_rfd3,Bcl-xL,6.0,-9.023,-8.693,-0.33000000000000007
prody_rfd3,Bcl-xL,9.0,-9.097,-8.693,-0.4039999999999999
prody_rfd3,Bcl-xL,3.0,-9.298,-8.693,-0.6050000000000004
prody_rfd3,Bcl-xL,2.0,-9.0,-8.693,-0.3070000000000004
prody_rfd3,CB1,1.0,-9.4,-10.51,1.1099999999999994
prody_rfd3,CB1,8.0,-9.089,-10.51,1.4209999999999994
prody_rfd3,CB1,5.0,-8.3,-10.51,2.209999999999999
prody_rfd3,CB1,7.0,-8.31,-10.51,2.1999999999999993
prody_rfd3,CB1,4.0,-9.942,-10.51,0.5679999999999996
prody_rfd3,CB1,0.0,-9.775,-10.51,0.7349999999999994
prody_rfd3,CB1,6.0,-6.286,-10.51,4.224
prody_rfd3,CB1,9.0,-8.782,-10.51,1.7279999999999998
prody_rfd3,CB1,3.0,-9.436,-10.51,1.0739999999999998
prody_rfd3,CB1,2.0,-8.201,-10.51,2.3089999999999993
prody_rfd3,HIF2alpha,1.0,-4.538,-8.663,4.125
prody_rfd3,HIF2alpha__6D0B,1.0,-3.59,-10.48,6.890000000000001
prody_rfd3,HIF2alpha,8.0,-6.85,-8.663,1.8130000000000006
prody_rfd3,HIF2alpha__6D0B,8.0,-6.454,-10.48,4.026000000000001
prody_rfd3,HIF2alpha,5.0,-4.594,-8.663,4.069
prody_rfd3,HIF2alpha__6D0B,5.0,1.899,-10.48,12.379000000000001
prody_rfd3,HIF2alpha,7.0,-4.071,-8.663,4.5920000000000005
prody_rfd3,HIF2alpha__6D0B,7.0,-1.243,-10.48,9.237
prody_rfd3,HIF2alpha,4.0,-5.136,-8.663,3.527
prody_rfd3,HIF2alpha__6D0B,4.0,-5.797,-10.48,4.683000000000001
prody_rfd3,HIF2alpha,0.0,-4.884,-8.663,3.779
prody_rfd3,HIF2alpha__6D0B,0.0,-3.962,-10.48,6.518000000000001
prody_rfd3,HIF2alpha,6.0,-4.127,-8.663,4.5360000000000005
prody_rfd3,HIF2alpha__6D0B,6.0,-4.9,-10.48,5.58
prody_rfd3,HIF2alpha,9.0,-4.62,-8.663,4.043
prody_rfd3,HIF2alpha__6D0B,9.0,0.621,-10.48,11.101
prody_rfd3,HIF2alpha,3.0,-4.379,-8.663,4.284000000000001
prody_rfd3,HIF2alpha__6D0B,3.0,-2.868,-10.48,7.612
prody_rfd3,HIF2alpha,2.0,-2.233,-8.663,6.43
prody_rfd3,HIF2alpha__6D0B,2.0,-0.536,-10.48,9.944
prody_rfd3,HIV_RT__3V81,1.0,-5.969,-6.211,0.242
prody_rfd3,HIV_RT__3V81,8.0,-6.217,-6.211,-0.005999999999999339
prody_rfd3,HIV_RT__3V81,5.0,-6.169,-6.211,0.0420000000000007
prody_rfd3,HIV_RT__3V81,7.0,-6.152,-6.211,0.05900000000000016
prody_rfd3,HIV_RT__3V81,4.0,-6.338,-6.211,-0.12699999999999978
prody_rfd3,HIV_RT__3V81,0.0,-6.416,-6.211,-0.20500000000000007
prody_rfd3,HIV_RT__3V81,6.0,-6.319,-6.211,-0.10799999999999965
prody_rfd3,HIV_RT__3V81,9.0,-6.048,-6.211,0.16300000000000026
prody_rfd3,HIV_RT__3V81,3.0,-5.693,-6.211,0.5180000000000007
prody_rfd3,HIV_RT__3V81,2.0,-5.949,-6.211,0.26200000000000045
prody_rfd3,HIV_RT,1.0,-6.783,-6.593,-0.1900000000000004
prody_rfd3,HIV_RT,8.0,-5.459,-6.593,1.1340000000000003
prody_rfd3,HIV_RT,5.0,-6.736,-6.593,-0.1429999999999998
prody_rfd3,HIV_RT,7.0,-6.72,-6.593,-0.12699999999999978
prody_rfd3,HIV_RT,4.0,-6.402,-6.593,0.19099999999999984
prody_rfd3,HIV_RT,0.0,-7.036,-6.593,-0.4429999999999996
prody_rfd3,HIV_RT,6.0,-6.613,-6.593,-0.020000000000000462
prody_rfd3,HIV_RT,9.0,-6.612,-6.593,-0.019000000000000128
prody_rfd3,HIV_RT,3.0,-6.275,-6.593,0.3179999999999996
prody_rfd3,HIV_RT,2.0,-5.51,-6.593,1.0830000000000002
prody_rfd3,KRAS,1.0,-6.201,-5.57,-0.6309999999999993
prody_rfd3,KRAS,8.0,-5.453,-5.57,0.11699999999999999
prody_rfd3,KRAS,5.0,-6.026,-5.57,-0.4559999999999995
prody_rfd3,KRAS,7.0,-6.722,-5.57,-1.1520000000000001
prody_rfd3,KRAS,4.0,-6.039,-5.57,-0.4689999999999994
prody_rfd3,KRAS,0.0,-5.617,-5.57,-0.04699999999999971
prody_rfd3,KRAS,6.0,-6.134,-5.57,-0.5640000000000001
prody_rfd3,KRAS,9.0,-6.113,-5.57,-0.5430000000000001
prody_rfd3,KRAS,3.0,-5.887,-5.57,-0.3169999999999993
prody_rfd3,KRAS,2.0,-5.98,-5.57,-0.41000000000000014
prody_rfd3,cAbl,1.0,-7.466,-7.236,-0.23000000000000043
prody_rfd3,cAbl,8.0,-7.883,-7.236,-0.6470000000000002
prody_rfd3,cAbl,5.0,-8.335,-7.236,-1.099000000000001
prody_rfd3,cAbl,7.0,-7.692,-7.236,-0.4560000000000004
prody_rfd3,cAbl,4.0,-7.023,-7.236,0.21300000000000008
prody_rfd3,cAbl,0.0,-7.82,-7.236,-0.5840000000000005
prody_rfd3,cAbl,6.0,-8.278,-7.236,-1.0420000000000007
prody_rfd3,cAbl,9.0,-7.678,-7.236,-0.44200000000000017
prody_rfd3,cAbl,3.0,-7.549,-7.236,-0.3130000000000006
prody_rfd3,cAbl,2.0,-8.133,-7.236,-0.8969999999999994
confornet_nomsa,CB1,0.0,0.871,-10.51,11.381
confornet_nomsa,CB1,1.0,1.592,-10.51,12.102
confornet_nomsa,CB1,2.0,2.397,-10.51,12.907
confornet_nomsa,CB1,3.0,-1.015,-10.51,9.495
confornet_nomsa,CB1,4.0,-3.465,-10.51,7.045
confornet_nomsa,CB1,5.0,9.453,-10.51,19.963
confornet_nomsa,CB1,6.0,9.517,-10.51,20.027
confornet_nomsa,CB1,7.0,-0.997,-10.51,9.513
confornet_nomsa,CB1,8.0,4.417,-10.51,14.927
confornet_nomsa,CB1,9.0,21.264,-10.51,31.774
confornet_nomsa,CB1,10.0,14.251,-10.51,24.761
confornet_nomsa,CB1,11.0,6.14,-10.51,16.65
confornet_nomsa,CB1,12.0,-3.413,-10.51,7.0969999999999995
confornet_nomsa,CB1,13.0,11.871,-10.51,22.381
confornet_nomsa,CB1,14.0,4.625,-10.51,15.135
confornet_nomsa,CB1,15.0,11.744,-10.51,22.253999999999998
confornet_nomsa,CB1,16.0,-2.871,-10.51,7.638999999999999
confornet_nomsa,CB1,17.0,12.446,-10.51,22.956
confornet_nomsa,CB1,18.0,-1.632,-10.51,8.878
confornet_nomsa,CB1,19.0,18.285,-10.51,28.795
confornet_nomsa,CB1,20.0,1.056,-10.51,11.565999999999999
confornet_nomsa,CB1,21.0,-0.14,-10.51,10.37
confornet_nomsa,CB1,22.0,2.017,-10.51,12.527
confornet_nomsa,CB1,23.0,0.339,-10.51,10.849
confornet_nomsa,CB1,24.0,7.978,-10.51,18.488
confornet_nomsa,CB1,25.0,13.634,-10.51,24.144
confornet_nomsa,CB1,26.0,1.987,-10.51,12.497
confornet_nomsa,CB1,27.0,12.03,-10.51,22.54
confornet_nomsa,CB1,28.0,11.401,-10.51,21.911
confornet_nomsa,CB1,29.0,7.612,-10.51,18.122
confornet_nomsa,GCGR,0.0,-3.143,-3.657,0.5140000000000002
confornet_nomsa,GCGR,1.0,-3.384,-3.657,0.27300000000000013
confornet_nomsa,GCGR,2.0,-3.475,-3.657,0.18199999999999994
confornet_nomsa,GCGR,3.0,-3.295,-3.657,0.3620000000000001
confornet_nomsa,GCGR,4.0,-3.566,-3.657,0.09100000000000019
confornet_nomsa,GCGR,5.0,-3.112,-3.657,0.5449999999999999
confornet_nomsa,GCGR,6.0,-3.47,-3.657,0.18699999999999983
confornet_nomsa,GCGR,7.0,-3.411,-3.657,0.246
confornet_nomsa,GCGR,8.0,-3.536,-3.657,0.121
confornet_nomsa,GCGR,9.0,-3.548,-3.657,0.10899999999999999
confornet_nomsa,GCGR,10.0,-3.063,-3.657,0.5939999999999999
confornet_nomsa,GCGR,11.0,-3.499,-3.657,0.15799999999999992
confornet_nomsa,GCGR,12.0,-3.354,-3.657,0.30299999999999994
confornet_nomsa,GCGR,13.0,-3.234,-3.657,0.42300000000000004
confornet_nomsa,GCGR,14.0,-3.386,-3.657,0.2709999999999999
confornet_nomsa,GCGR,15.0,-3.598,-3.657,0.05900000000000016
confornet_nomsa,GCGR,16.0,-3.461,-3.657,0.19600000000000017
confornet_nomsa,GCGR,17.0,-3.304,-3.657,0.3530000000000002
confornet_nomsa,GCGR,18.0,-3.712,-3.657,-0.05500000000000016
confornet_nomsa,GCGR,19.0,-2.904,-3.657,0.7530000000000001
confornet_nomsa,GCGR,20.0,-3.508,-3.657,0.14900000000000002
confornet_nomsa,GCGR,21.0,-3.107,-3.657,0.5499999999999998
confornet_nomsa,GCGR,22.0,-3.367,-3.657,0.29000000000000004
confornet_nomsa,GCGR,23.0,-3.389,-3.657,0.26800000000000024
confornet_nomsa,GCGR,24.0,-3.513,-3.657,0.14400000000000013
confornet_nomsa,GCGR,25.0,-3.224,-3.657,0.43299999999999983
confornet_nomsa,GCGR,26.0,-3.389,-3.657,0.26800000000000024
confornet_nomsa,GCGR,27.0,-3.491,-3.657,0.16599999999999993
confornet_nomsa,GCGR,28.0,-3.617,-3.657,0.040000000000000036
confornet_nomsa,GCGR,29.0,-3.455,-3.657,0.20199999999999996
confornet_nomsa,HIF2alpha,0.0,-6.129,-8.663,2.5340000000000007
confornet_nomsa,HIF2alpha,1.0,-6.379,-8.663,2.2840000000000007
confornet_nomsa,HIF2alpha,2.0,-6.001,-8.663,2.662
confornet_nomsa,HIF2alpha,3.0,-4.436,-8.663,4.227
confornet_nomsa,HIF2alpha,4.0,-6.717,-8.663,1.9460000000000006
confornet_nomsa,HIF2alpha,5.0,-6.058,-8.663,2.6050000000000004
confornet_nomsa,HIF2alpha,6.0,-6.202,-8.663,2.4610000000000003
confornet_nomsa,HIF2alpha,7.0,-6.344,-8.663,2.319
confornet_nomsa,HIF2alpha,8.0,-5.622,-8.663,3.0410000000000004
confornet_nomsa,HIF2alpha,9.0,-5.77,-8.663,2.8930000000000007
confornet_nomsa,HIF2alpha,10.0,-6.108,-8.663,2.5550000000000006
confornet_nomsa,HIF2alpha,11.0,-6.1,-8.663,2.5630000000000006
confornet_nomsa,HIF2alpha,12.0,-5.961,-8.663,2.702
confornet_nomsa,HIF2alpha,13.0,-6.136,-8.663,2.527
confornet_nomsa,HIF2alpha,14.0,-7.407,-8.663,1.2560000000000002
confornet_nomsa,HIF2alpha,15.0,-5.768,-8.663,2.8950000000000005
confornet_nomsa,HIF2alpha,16.0,-6.103,-8.663,2.5600000000000005
confornet_nomsa,HIF2alpha,17.0,-5.75,-8.663,2.9130000000000003
confornet_nomsa,HIF2alpha,18.0,-5.574,-8.663,3.0890000000000004
confornet_nomsa,HIF2alpha,19.0,-3.511,-8.663,5.152
confornet_nomsa,HIF2alpha,20.0,-6.057,-8.663,2.606
confornet_nomsa,HIF2alpha,21.0,-5.774,-8.663,2.8890000000000002
confornet_nomsa,HIF2alpha,22.0,-6.001,-8.663,2.662
confornet_nomsa,HIF2alpha,23.0,-5.61,-8.663,3.053
confornet_nomsa,HIF2alpha,24.0,-5.829,-8.663,2.8340000000000005
confornet_nomsa,HIF2alpha,25.0,-6.437,-8.663,2.226
confornet_nomsa,HIF2alpha,26.0,-5.995,-8.663,2.668
confornet_nomsa,HIF2alpha,27.0,-5.93,-8.663,2.7330000000000005
confornet_nomsa,HIF2alpha,28.0,-6.213,-8.663,2.45
confornet_nomsa,HIF2alpha,29.0,0.285,-8.663,8.948
confornet_nomsa,HIF2alpha__6D0B,0.0,3.599,-10.48,14.079
confornet_nomsa,HIF2alpha__6D0B,1.0,-0.139,-10.48,10.341000000000001
confornet_nomsa,HIF2alpha__6D0B,2.0,3.953,-10.48,14.433
confornet_nomsa,HIF2alpha__6D0B,3.0,4.052,-10.48,14.532
confornet_nomsa,HIF2alpha__6D0B,4.0,3.735,-10.48,14.215
confornet_nomsa,HIF2alpha__6D0B,5.0,2.346,-10.48,12.826
confornet_nomsa,HIF2alpha__6D0B,6.0,-0.058,-10.48,10.422
confornet_nomsa,HIF2alpha__6D0B,7.0,3.587,-10.48,14.067
confornet_nomsa,HIF2alpha__6D0B,8.0,2.042,-10.48,12.522
confornet_nomsa,HIF2alpha__6D0B,9.0,2.246,-10.48,12.726
confornet_nomsa,HIF2alpha__6D0B,10.0,-5.615,-10.48,4.865
confornet_nomsa,HIF2alpha__6D0B,11.0,3.78,-10.48,14.26
confornet_nomsa,HIF2alpha__6D0B,12.0,3.501,-10.48,13.981
confornet_nomsa,HIF2alpha__6D0B,13.0,3.14,-10.48,13.620000000000001
confornet_nomsa,HIF2alpha__6D0B,14.0,3.331,-10.48,13.811
confornet_nomsa,HIF2alpha__6D0B,15.0,-4.191,-10.48,6.289000000000001
confornet_nomsa,HIF2alpha__6D0B,16.0,3.322,-10.48,13.802
confornet_nomsa,HIF2alpha__6D0B,17.0,2.493,-10.48,12.973
confornet_nomsa,HIF2alpha__6D0B,18.0,2.956,-10.48,13.436
confornet_nomsa,HIF2alpha__6D0B,19.0,2.254,-10.48,12.734
confornet_nomsa,HIF2alpha__6D0B,20.0,3.598,-10.48,14.078
confornet_nomsa,HIF2alpha__6D0B,21.0,3.644,-10.48,14.124
confornet_nomsa,HIF2alpha__6D0B,22.0,2.371,-10.48,12.851
confornet_nomsa,HIF2alpha__6D0B,23.0,-0.888,-10.48,9.592
confornet_nomsa,HIF2alpha__6D0B,24.0,3.351,-10.48,13.831
confornet_nomsa,HIF2alpha__6D0B,25.0,2.22,-10.48,12.700000000000001
confornet_nomsa,HIF2alpha__6D0B,26.0,-1.019,-10.48,9.461
confornet_nomsa,HIF2alpha__6D0B,27.0,0.799,-10.48,11.279
confornet_nomsa,HIF2alpha__6D0B,28.0,3.248,-10.48,13.728000000000002
confornet_nomsa,HIF2alpha__6D0B,29.0,2.323,-10.48,12.803
confornet_nomsa,HIV1_CA,0.0,-6.626,-7.011,0.3849999999999998
confornet_nomsa,HIV1_CA,1.0,-6.58,-7.011,0.43100000000000005
confornet_nomsa,HIV1_CA,2.0,-5.856,-7.011,1.1550000000000002
confornet_nomsa,HIV1_CA,3.0,-5.955,-7.011,1.056
confornet_nomsa,HIV1_CA,4.0,-6.082,-7.011,0.9290000000000003
confornet_nomsa,HIV1_CA,5.0,-6.661,-7.011,0.35000000000000053
confornet_nomsa,HIV1_CA,6.0,-6.402,-7.011,0.609
confornet_nomsa,HIV1_CA,7.0,-5.754,-7.011,1.2570000000000006
confornet_nomsa,HIV1_CA,8.0,-6.238,-7.011,0.7729999999999997
confornet_nomsa,HIV1_CA,9.0,-7.18,-7.011,-0.1689999999999996
confornet_nomsa,HIV1_CA,10.0,-6.691,-7.011,0.3200000000000003
confornet_nomsa,HIV1_CA,11.0,-6.455,-7.011,0.556
confornet_nomsa,HIV1_CA,12.0,-6.061,-7.011,0.9500000000000002
confornet_nomsa,HIV1_CA,13.0,-5.515,-7.011,1.4960000000000004
confornet_nomsa,HIV1_CA,14.0,-6.468,-7.011,0.5430000000000001
confornet_nomsa,HIV1_CA,15.0,-6.673,-7.011,0.3380000000000001
confornet_nomsa,HIV1_CA,16.0,-6.107,-7.011,0.9039999999999999
confornet_nomsa,HIV1_CA,17.0,-6.207,-7.011,0.8040000000000003
confornet_nomsa,HIV1_CA,18.0,-6.314,-7.011,0.6970000000000001
confornet_nomsa,HIV1_CA,19.0,-5.865,-7.011,1.146
confornet_nomsa,HIV1_CA,20.0,-5.833,-7.011,1.178
confornet_nomsa,HIV1_CA,21.0,-6.63,-7.011,0.3810000000000002
confornet_nomsa,HIV1_CA,22.0,-6.546,-7.011,0.46499999999999986
confornet_nomsa,HIV1_CA,23.0,-6.67,-7.011,0.3410000000000002
confornet_nomsa,HIV1_CA,24.0,-6.666,-7.011,0.34499999999999975
confornet_nomsa,HIV1_CA,25.0,-5.841,-7.011,1.17
confornet_nomsa,HIV1_CA,26.0,-5.695,-7.011,1.3159999999999998
confornet_nomsa,HIV1_CA,27.0,-6.524,-7.011,0.4870000000000001
confornet_nomsa,HIV1_CA,28.0,-5.94,-7.011,1.0709999999999997
confornet_nomsa,HIV1_CA,29.0,-6.658,-7.011,0.35299999999999976
confornet_nomsa,HIV_RT,0.0,-5.06,-6.593,1.5330000000000004
confornet_nomsa,HIV_RT,1.0,-7.434,-6.593,-0.8410000000000002
confornet_nomsa,HIV_RT,2.0,-5.912,-6.593,0.681
confornet_nomsa,HIV_RT,3.0,-5.974,-6.593,0.6189999999999998
confornet_nomsa,HIV_RT,4.0,-5.529,-6.593,1.064
confornet_nomsa,HIV_RT,5.0,-5.877,-6.593,0.7160000000000002
confornet_nomsa,HIV_RT,6.0,-5.093,-6.593,1.5
confornet_nomsa,HIV_RT,7.0,-5.138,-6.593,1.455
confornet_nomsa,HIV_RT,8.0,-5.266,-6.593,1.327
confornet_nomsa,HIV_RT,9.0,-5.804,-6.593,0.7889999999999997
confornet_nomsa,HIV_RT__3V81,0.0,-5.592,-6.211,0.6190000000000007
confornet_nomsa,HIV_RT__3V81,1.0,-4.417,-6.211,1.7940000000000005
confornet_nomsa,HIV_RT__3V81,2.0,-4.096,-6.211,2.115
confornet_nomsa,HIV_RT__3V81,3.0,-4.117,-6.211,2.0940000000000003
confornet_nomsa,HIV_RT__3V81,4.0,-5.31,-6.211,0.9010000000000007
confornet_nomsa,HIV_RT__3V81,5.0,-4.545,-6.211,1.6660000000000004
confornet_nomsa,HIV_RT__3V81,6.0,-6.683,-6.211,-0.47199999999999953
confornet_nomsa,HIV_RT__3V81,7.0,-4.822,-6.211,1.3890000000000002
confornet_nomsa,HIV_RT__3V81,8.0,-4.519,-6.211,1.6920000000000002
confornet_nomsa,HIV_RT__3V81,9.0,-3.753,-6.211,2.458
confornet_nomsa,KRAS,0.0,-6.336,-5.57,-0.766
confornet_nomsa,KRAS,1.0,-6.111,-5.57,-0.5409999999999995
confornet_nomsa,KRAS,2.0,-5.423,-5.57,0.14700000000000024
confornet_nomsa,KRAS,3.0,-5.296,-5.57,0.274
confornet_nomsa,KRAS,4.0,-5.309,-5.57,0.2610000000000001
confornet_nomsa,KRAS,5.0,-6.332,-5.57,-0.7619999999999996
confornet_nomsa,KRAS,6.0,-6.174,-5.57,-0.6040000000000001
confornet_nomsa,KRAS,7.0,-6.026,-5.57,-0.4559999999999995
confornet_nomsa,KRAS,8.0,-5.633,-5.57,-0.06299999999999972
confornet_nomsa,KRAS,9.0,-5.518,-5.57,0.05200000000000049
confornet_nomsa,KRAS,10.0,-6.116,-5.57,-0.5459999999999994
confornet_nomsa,KRAS,11.0,-5.045,-5.57,0.5250000000000004
confornet_nomsa,KRAS,12.0,-6.403,-5.57,-0.8329999999999993
confornet_nomsa,KRAS,13.0,-6.039,-5.57,-0.4689999999999994
confornet_nomsa,KRAS,14.0,-6.11,-5.57,-0.54
confornet_nomsa,KRAS,15.0,-4.847,-5.57,0.7229999999999999
confornet_nomsa,KRAS,16.0,-5.778,-5.57,-0.2079999999999993
confornet_nomsa,KRAS,17.0,-6.849,-5.57,-1.279
confornet_nomsa,KRAS,18.0,-4.835,-5.57,0.7350000000000003
confornet_nomsa,KRAS,19.0,-5.55,-5.57,0.020000000000000462
confornet_nomsa,KRAS,20.0,-6.565,-5.57,-0.9950000000000001
confornet_nomsa,KRAS,21.0,-6.07,-5.57,-0.5
confornet_nomsa,KRAS,22.0,-5.747,-5.57,-0.1769999999999996
confornet_nomsa,KRAS,23.0,-6.746,-5.57,-1.1760000000000002
confornet_nomsa,KRAS,24.0,-7.009,-5.57,-1.439
confornet_nomsa,KRAS,25.0,-6.579,-5.57,-1.0089999999999995
confornet_nomsa,KRAS,26.0,-5.639,-5.57,-0.06899999999999995
confornet_nomsa,KRAS,27.0,-6.244,-5.57,-0.6739999999999995
confornet_nomsa,KRAS,28.0,-5.121,-5.57,0.44899999999999984
confornet_nomsa,KRAS,29.0,-6.704,-5.57,-1.1339999999999995
confornet_nomsa,Menin,0.0,-7.883,-7.089,-0.7939999999999996
confornet_nomsa,Menin,1.0,-7.886,-7.089,-0.7969999999999997
confornet_nomsa,Menin,2.0,-7.785,-7.089,-0.6959999999999997
confornet_nomsa,Menin,3.0,-7.345,-7.089,-0.25599999999999934
confornet_nomsa,Menin,4.0,-8.028,-7.089,-0.9390000000000001
confornet_nomsa,Menin,5.0,-7.642,-7.089,-0.5529999999999999
confornet_nomsa,Menin,6.0,-7.823,-7.089,-0.734
confornet_nomsa,Menin,7.0,-7.563,-7.089,-0.4739999999999993
confornet_nomsa,Menin,8.0,-7.725,-7.089,-0.6359999999999992
confornet_nomsa,Menin,9.0,-8.03,-7.089,-0.940999999999999
confornet_nomsa,THSR,0.0,1.826,-9.138,10.964
confornet_nomsa,THSR,1.0,12.056,-9.138,21.194
confornet_nomsa,THSR,2.0,-7.906,-9.138,1.2320000000000002
confornet_nomsa,THSR,3.0,3.649,-9.138,12.786999999999999
confornet_nomsa,THSR,4.0,-8.015,-9.138,1.1229999999999993
confornet_nomsa,THSR,5.0,-3.439,-9.138,5.699
confornet_nomsa,THSR,6.0,-4.936,-9.138,4.202
confornet_nomsa,THSR,7.0,1.353,-9.138,10.491
confornet_nomsa,THSR,8.0,4.42,-9.138,13.558
confornet_nomsa,THSR,9.0,3.105,-9.138,12.243
confornet_nomsa,THSR__7UTZ,0.0,-2.941,-6.164,3.223
confornet_nomsa,THSR__7UTZ,1.0,-4.842,-6.164,1.322
confornet_nomsa,THSR__7UTZ,2.0,-5.142,-6.164,1.0219999999999994
confornet_nomsa,THSR__7UTZ,3.0,-3.587,-6.164,2.5769999999999995
confornet_nomsa,THSR__7UTZ,4.0,-3.877,-6.164,2.287
confornet_nomsa,THSR__7UTZ,5.0,-3.547,-6.164,2.6169999999999995
confornet_nomsa,THSR__7UTZ,6.0,-3.83,-6.164,2.3339999999999996
confornet_nomsa,THSR__7UTZ,7.0,-3.259,-6.164,2.905
confornet_nomsa,THSR__7UTZ,8.0,-2.968,-6.164,3.1959999999999997
confornet_nomsa,THSR__7UTZ,9.0,-3.977,-6.164,2.187
confornet_nomsa,cAbl,0.0,-8.952,-7.236,-1.7160000000000002
confornet_nomsa,cAbl,1.0,-8.833,-7.236,-1.5970000000000004
confornet_nomsa,cAbl,2.0,-9.043,-7.236,-1.8069999999999995
confornet_nomsa,cAbl,3.0,-8.702,-7.236,-1.4660000000000002
confornet_nomsa,cAbl,4.0,-8.975,-7.236,-1.7389999999999999
confornet_nomsa,cAbl,5.0,-8.865,-7.236,-1.6290000000000004
confornet_nomsa,cAbl,6.0,-8.747,-7.236,-1.5110000000000001
confornet_nomsa,cAbl,7.0,-9.015,-7.236,-1.7790000000000008
confornet_nomsa,cAbl,8.0,-8.839,-7.236,-1.6030000000000006
confornet_nomsa,cAbl,9.0,-9.245,-7.236,-2.0089999999999995
confornet_nomsa,cAbl,10.0,-8.858,-7.236,-1.6220000000000008
confornet_nomsa,cAbl,11.0,-9.278,-7.236,-2.0420000000000007
confornet_nomsa,cAbl,12.0,-9.009,-7.236,-1.7730000000000006
confornet_nomsa,cAbl,13.0,-9.244,-7.236,-2.008
confornet_nomsa,cAbl,14.0,-9.689,-7.236,-2.4530000000000003
confornet_nomsa,cAbl,15.0,-8.837,-7.236,-1.601
confornet_nomsa,cAbl,16.0,-8.746,-7.236,-1.5100000000000007
confornet_nomsa,cAbl,17.0,-8.861,-7.236,-1.6250000000000009
confornet_nomsa,cAbl,18.0,-8.959,-7.236,-1.7229999999999999
confornet_nomsa,cAbl,19.0,-8.743,-7.236,-1.5070000000000006
confornet_nomsa,cAbl,20.0,-8.801,-7.236,-1.5650000000000004
confornet_nomsa,cAbl,21.0,-9.193,-7.236,-1.9569999999999999
confornet_nomsa,cAbl,22.0,-7.826,-7.236,-0.5899999999999999
confornet_nomsa,cAbl,23.0,-8.893,-7.236,-1.657000000000001
confornet_nomsa,cAbl,24.0,-9.174,-7.236,-1.9379999999999997
confornet_nomsa,cAbl,25.0,-8.884,-7.236,-1.6480000000000006
confornet_nomsa,cAbl,26.0,-9.008,-7.236,-1.7719999999999994
confornet_nomsa,cAbl,27.0,-8.858,-7.236,-1.6220000000000008
confornet_nomsa,cAbl,28.0,-8.936,-7.236,-1.7000000000000002
confornet_nomsa,cAbl,29.0,-8.923,-7.236,-1.6870000000000003
confornet_nomsa,p53_Y220C,0.0,-6.153,-4.982,-1.1709999999999994
confornet_nomsa,p53_Y220C,1.0,-6.06,-4.982,-1.0779999999999994
confornet_nomsa,p53_Y220C,2.0,-6.194,-4.982,-1.2119999999999997
confornet_nomsa,p53_Y220C,3.0,-5.628,-4.982,-0.6459999999999999
confornet_nomsa,p53_Y220C,4.0,-5.257,-4.982,-0.27499999999999947
confornet_nomsa,p53_Y220C,5.0,-6.087,-4.982,-1.1049999999999995
confornet_nomsa,p53_Y220C,6.0,-4.581,-4.982,0.4009999999999998
confornet_nomsa,p53_Y220C,7.0,-6.222,-4.982,-1.2400000000000002
confornet_nomsa,p53_Y220C,8.0,-5.911,-4.982,-0.9289999999999994
confornet_nomsa,p53_Y220C,9.0,-4.501,-4.982,0.48099999999999987
confornet_nomsa,p53_Y220C,10.0,-5.106,-4.982,-0.12399999999999967
confornet_nomsa,p53_Y220C,11.0,-5.684,-4.982,-0.702
confornet_nomsa,p53_Y220C,12.0,-6.436,-4.982,-1.4539999999999997
confornet_nomsa,p53_Y220C,13.0,-5.347,-4.982,-0.3650000000000002
confornet_nomsa,p53_Y220C,14.0,-6.318,-4.982,-1.3359999999999994
confornet_nomsa,p53_Y220C,15.0,-5.005,-4.982,-0.022999999999999687
confornet_nomsa,p53_Y220C,16.0,-5.96,-4.982,-0.9779999999999998
confornet_nomsa,p53_Y220C,17.0,-5.78,-4.982,-0.798
confornet_nomsa,p53_Y220C,18.0,-6.409,-4.982,-1.4269999999999996
confornet_nomsa,p53_Y220C,19.0,-6.259,-4.982,-1.2770000000000001
confornet_nomsa,p53_Y220C,20.0,-6.035,-4.982,-1.053
confornet_nomsa,p53_Y220C,21.0,-5.714,-4.982,-0.7320000000000002
confornet_nomsa,p53_Y220C,22.0,-5.581,-4.982,-0.5990000000000002
confornet_nomsa,p53_Y220C,23.0,-6.222,-4.982,-1.2400000000000002
confornet_nomsa,p53_Y220C,24.0,-5.447,-4.982,-0.46499999999999986
confornet_nomsa,p53_Y220C,25.0,-6.152,-4.982,-1.17
confornet_nomsa,p53_Y220C,26.0,-5.483,-4.982,-0.5009999999999994
confornet_nomsa,p53_Y220C,27.0,-5.603,-4.982,-0.6209999999999996
confornet_nomsa,p53_Y220C,28.0,-6.304,-4.982,-1.322
confornet_nomsa,p53_Y220C,29.0,-4.461,-4.982,0.5209999999999999
confornet_nomsa,p53_Y220C__4AGQ,0.0,-5.248,-5.378,0.1299999999999999
confornet_nomsa,p53_Y220C__4AGQ,1.0,-5.455,-5.378,-0.07699999999999996
confornet_nomsa,p53_Y220C__4AGQ,2.0,-5.423,-5.378,-0.04499999999999993
confornet_nomsa,p53_Y220C__4AGQ,3.0,-5.315,-5.378,0.06299999999999972
confornet_nomsa,p53_Y220C__4AGQ,4.0,-4.864,-5.378,0.5140000000000002
confornet_nomsa,p53_Y220C__4AGQ,5.0,-5.519,-5.378,-0.14100000000000001
confornet_nomsa,p53_Y220C__4AGQ,6.0,-5.433,-5.378,-0.054999999999999716
confornet_nomsa,p53_Y220C__4AGQ,7.0,-4.937,-5.378,0.44099999999999984
confornet_nomsa,p53_Y220C__4AGQ,8.0,-5.286,-5.378,0.09200000000000053
confornet_nomsa,p53_Y220C__4AGQ,9.0,-5.512,-5.378,-0.13399999999999945
confornet_nomsa,p53_Y220C__4AGQ,10.0,-5.555,-5.378,-0.1769999999999996
confornet_nomsa,p53_Y220C__4AGQ,11.0,-5.327,-5.378,0.051000000000000156
confornet_nomsa,p53_Y220C__4AGQ,12.0,-5.019,-5.378,0.359
confornet_nomsa,p53_Y220C__4AGQ,13.0,-5.293,-5.378,0.08499999999999996
confornet_nomsa,p53_Y220C__4AGQ,14.0,-5.354,-5.378,0.02400000000000002
confornet_nomsa,p53_Y220C__4AGQ,15.0,-5.326,-5.378,0.05200000000000049
confornet_nomsa,p53_Y220C__4AGQ,16.0,-5.168,-5.378,0.20999999999999996
confornet_nomsa,p53_Y220C__4AGQ,17.0,-5.265,-5.378,0.11300000000000043
confornet_nomsa,p53_Y220C__4AGQ,18.0,-5.765,-5.378,-0.38699999999999957
confornet_nomsa,p53_Y220C__4AGQ,19.0,-5.253,-5.378,0.125
confornet_nomsa,p53_Y220C__4AGQ,20.0,-5.439,-5.378,-0.06099999999999994
confornet_nomsa,p53_Y220C__4AGQ,21.0,-5.72,-5.378,-0.34199999999999964
confornet_nomsa,p53_Y220C__4AGQ,22.0,-5.383,-5.378,-0.004999999999999893
confornet_nomsa,p53_Y220C__4AGQ,23.0,-5.243,-5.378,0.1349999999999998
confornet_nomsa,p53_Y220C__4AGQ,24.0,-5.555,-5.378,-0.1769999999999996
confornet_nomsa,p53_Y220C__4AGQ,25.0,-5.445,-5.378,-0.06700000000000017
confornet_nomsa,p53_Y220C__4AGQ,26.0,-5.188,-5.378,0.1900000000000004
confornet_nomsa,p53_Y220C__4AGQ,27.0,-5.514,-5.378,-0.13600000000000012
confornet_nomsa,p53_Y220C__4AGQ,28.0,-4.95,-5.378,0.42799999999999994
confornet_nomsa,p53_Y220C__4AGQ,29.0,-5.726,-5.378,-0.34799999999999986
bioemu_refine,GCGR,0.0,-3.911,-3.657,-0.254
bioemu_refine,GCGR,100.0,-4.147,-3.657,-0.4900000000000002
bioemu_refine,GCGR,200.0,-4.259,-3.657,-0.6020000000000003
bioemu_refine,GCGR,300.0,-3.67,-3.657,-0.0129999999999999
bioemu_refine,GCGR,400.0,-4.242,-3.657,-0.585
bioemu_refine,GCGR,500.0,-4.119,-3.657,-0.46199999999999974
bioemu_refine,GCGR,600.0,-4.004,-3.657,-0.34699999999999953
bioemu_refine,GCGR,700.0,-3.771,-3.657,-0.11399999999999988
bioemu_refine,GCGR,800.0,-3.509,-3.657,0.14800000000000013
bioemu_refine,GCGR,900.0,-3.938,-3.657,-0.28100000000000014
bioemu_refine,GCGR,1000.0,-3.75,-3.657,-0.09299999999999997
bioemu_refine,GCGR,1100.0,-3.706,-3.657,-0.04899999999999993
bioemu_refine,GCGR,1200.0,-3.45,-3.657,0.20699999999999985
bioemu_refine,GCGR,1300.0,-3.611,-3.657,0.04599999999999982
bioemu_refine,GCGR,1400.0,-4.101,-3.657,-0.44399999999999995
bioemu_refine,GCGR,1500.0,-4.066,-3.657,-0.4089999999999998
bioemu_refine,GCGR,1600.0,-4.4,-3.657,-0.7430000000000003
bioemu_refine,GCGR,1700.0,-4.118,-3.657,-0.4610000000000003
bioemu_refine,GCGR,1800.0,-3.735,-3.657,-0.07799999999999985
bioemu_refine,GCGR,1900.0,-4.182,-3.657,-0.5250000000000004
bioemu_refine,GCGR,2000.0,-4.512,-3.657,-0.8549999999999995
bioemu_refine,GCGR,2100.0,-3.844,-3.657,-0.18699999999999983
bioemu_refine,GCGR,2200.0,-4.09,-3.657,-0.43299999999999983
bioemu_refine,GCGR,2300.0,-4.469,-3.657,-0.8120000000000003
bioemu_refine,cAbl,0.0,-8.712,-7.236,-1.476
bioemu_refine,cAbl,100.0,-9.203,-7.236,-1.9669999999999996
bioemu_refine,cAbl,200.0,-8.231,-7.236,-0.9950000000000001
bioemu_refine,cAbl,300.0,-9.935,-7.236,-2.6990000000000007
bioemu_refine,cAbl,400.0,-8.775,-7.236,-1.5390000000000006
bioemu_refine,cAbl,500.0,-7.899,-7.236,-0.6630000000000003
bioemu_refine,cAbl,600.0,-8.525,-7.236,-1.2890000000000006
bioemu_refine,cAbl,700.0,-8.336,-7.236,-1.1000000000000005
bioemu_refine,cAbl,800.0,-9.333,-7.236,-2.0970000000000004
bioemu_refine,cAbl,900.0,-8.796,-7.236,-1.5599999999999996
bioemu_refine,cAbl,1000.0,-8.266,-7.236,-1.0300000000000002
bioemu_refine,cAbl,1100.0,-8.803,-7.236,-1.567000000000001
bioemu_refine,cAbl,1200.0,-8.267,-7.236,-1.0309999999999997
bioemu_refine,cAbl,1300.0,-8.855,-7.236,-1.6190000000000007
bioemu_refine,cAbl,1400.0,-8.531,-7.236,-1.2950000000000008
bioemu_refine,cAbl,1500.0,-10.468,-7.236,-3.232
bioemu_refine,cAbl,1600.0,-8.29,-7.236,-1.0539999999999994
bioemu_refine,cAbl,1700.0,-7.933,-7.236,-0.6970000000000001
bioemu_refine,cAbl,1800.0,-9.686,-7.236,-2.45
boltz2,GCGR,0.0,-4.737,-3.657,-1.08
boltz2,GCGR,1.0,-4.267,-3.657,-0.6100000000000003
boltz2,GCGR,2.0,-4.683,-3.657,-1.0259999999999998
boltz2,GCGR,3.0,-4.316,-3.657,-0.6589999999999998
boltz2,GCGR,4.0,-4.497,-3.657,-0.8399999999999999
boltz2,GCGR,5.0,-4.393,-3.657,-0.7359999999999998
boltz2,GCGR,6.0,-4.462,-3.657,-0.8049999999999997
boltz2,GCGR,7.0,-4.35,-3.657,-0.6929999999999996
boltz2,GCGR,8.0,-4.364,-3.657,-0.7069999999999999
boltz2,GCGR,9.0,-4.412,-3.657,-0.7549999999999999
boltz2,GCGR,10.0,-4.847,-3.657,-1.1900000000000004
boltz2,GCGR,11.0,-4.275,-3.657,-0.6180000000000003
boltz2,GCGR,12.0,-4.85,-3.657,-1.1929999999999996
boltz2,GCGR,13.0,-4.801,-3.657,-1.1440000000000001
boltz2,GCGR,14.0,-4.463,-3.657,-0.806
boltz2,GCGR,15.0,-4.771,-3.657,-1.1139999999999999
boltz2,GCGR,16.0,-4.587,-3.657,-0.9299999999999997
boltz2,GCGR,17.0,-4.154,-3.657,-0.4969999999999999
boltz2,GCGR,18.0,-4.484,-3.657,-0.827
boltz2,GCGR,19.0,-3.739,-3.657,-0.08199999999999985
boltz2,GCGR,20.0,-4.698,-3.657,-1.0410000000000004
boltz2,GCGR,21.0,1.432,-3.657,5.089
boltz2,GCGR,22.0,-4.848,-3.657,-1.1909999999999998
boltz2,GCGR,23.0,-4.475,-3.657,-0.8179999999999996
boltz2,GCGR,24.0,-4.738,-3.657,-1.0810000000000004
boltz2,GCGR,25.0,-4.774,-3.657,-1.117
boltz2,GCGR,26.0,-4.563,-3.657,-0.9059999999999997
boltz2,GCGR,27.0,-4.168,-3.657,-0.5110000000000001
boltz2,GCGR,28.0,-4.05,-3.657,-0.3929999999999998
boltz2,GCGR,29.0,-2.599,-3.657,1.0579999999999998
boltz2,cAbl,0.0,-9.475,-7.236,-2.239
boltz2,cAbl,1.0,-10.276,-7.236,-3.04
boltz2,cAbl,2.0,-6.238,-7.236,0.9979999999999993
boltz2,cAbl,3.0,-10.641,-7.236,-3.4050000000000002
boltz2,cAbl,4.0,-8.676,-7.236,-1.4400000000000004
boltz2,cAbl,5.0,-9.291,-7.236,-2.0550000000000006
boltz2,cAbl,6.0,-9.155,-7.236,-1.9189999999999996
boltz2,cAbl,7.0,-8.114,-7.236,-0.878000000000001
boltz2,cAbl,8.0,-9.969,-7.236,-2.7329999999999997
boltz2,cAbl,9.0,-7.347,-7.236,-0.11100000000000065
boltz2,cAbl,10.0,-9.629,-7.236,-2.393
boltz2,cAbl,11.0,-6.715,-7.236,0.5209999999999999
boltz2,cAbl,12.0,-9.059,-7.236,-1.8229999999999995
boltz2,cAbl,13.0,-9.41,-7.236,-2.1740000000000004
boltz2,cAbl,14.0,-8.759,-7.236,-1.5230000000000006
boltz2,cAbl,15.0,-9.765,-7.236,-2.529000000000001
boltz2,cAbl,16.0,-7.016,-7.236,0.21999999999999975
boltz2,cAbl,17.0,-7.003,-7.236,0.23299999999999965
boltz2,cAbl,18.0,-6.149,-7.236,1.0869999999999997
boltz2,cAbl,19.0,-8.425,-7.236,-1.189000000000001
boltz2,cAbl,20.0,-7.922,-7.236,-0.6859999999999999
boltz2,cAbl,21.0,-9.334,-7.236,-2.098
boltz2,cAbl,22.0,-7.518,-7.236,-0.28200000000000003
boltz2,cAbl,23.0,-8.516,-7.236,-1.2800000000000002
boltz2,cAbl,24.0,-9.91,-7.236,-2.6740000000000004
boltz2,cAbl,25.0,-8.839,-7.236,-1.6030000000000006
boltz2,cAbl,26.0,-7.061,-7.236,0.17499999999999982
boltz2,cAbl,27.0,-6.931,-7.236,0.3049999999999997
boltz2,cAbl,28.0,-8.125,-7.236,-0.8890000000000002
boltz2,cAbl,29.0,-7.743,-7.236,-0.5070000000000006
esmfold2,GCGR,0.0,-3.567,-3.657,0.08999999999999986
esmfold2,GCGR,1.0,-3.685,-3.657,-0.028000000000000025
esmfold2,GCGR,2.0,-4.179,-3.657,-0.5220000000000002
esmfold2,GCGR,3.0,-4.007,-3.657,-0.34999999999999964
esmfold2,GCGR,4.0,-3.956,-3.657,-0.29899999999999993
esmfold2,GCGR,5.0,-3.827,-3.657,-0.16999999999999993
esmfold2,GCGR,6.0,-3.546,-3.657,0.11100000000000021
esmfold2,GCGR,7.0,-3.673,-3.657,-0.016000000000000014
esmfold2,GCGR,8.0,-3.997,-3.657,-0.33999999999999986
esmfold2,GCGR,9.0,-4.044,-3.657,-0.38699999999999957
esmfold2,GCGR,10.0,-3.91,-3.657,-0.2530000000000001
esmfold2,GCGR,11.0,-3.952,-3.657,-0.29499999999999993
esmfold2,GCGR,12.0,-3.645,-3.657,0.01200000000000001
esmfold2,GCGR,13.0,-3.999,-3.657,-0.3420000000000001
esmfold2,GCGR,14.0,-3.503,-3.657,0.15399999999999991
esmfold2,GCGR,15.0,-4.102,-3.657,-0.4450000000000003
esmfold2,GCGR,16.0,-3.353,-3.657,0.3039999999999998
esmfold2,GCGR,17.0,-4.016,-3.657,-0.359
esmfold2,GCGR,18.0,-3.923,-3.657,-0.266
esmfold2,GCGR,19.0,-3.692,-3.657,-0.03500000000000014
esmfold2,GCGR,20.0,-3.606,-3.657,0.051000000000000156
esmfold2,GCGR,21.0,-3.777,-3.657,-0.1200000000000001
esmfold2,GCGR,22.0,-3.636,-3.657,0.020999999999999908
esmfold2,GCGR,23.0,-3.832,-3.657,-0.17499999999999982
esmfold2,GCGR,24.0,-3.83,-3.657,-0.17300000000000004
esmfold2,GCGR,25.0,-4.143,-3.657,-0.48599999999999977
esmfold2,GCGR,26.0,-3.519,-3.657,0.1379999999999999
esmfold2,GCGR,27.0,-3.863,-3.657,-0.20599999999999996
esmfold2,GCGR,28.0,-3.826,-3.657,-0.16900000000000004
esmfold2,GCGR,29.0,-4.103,-3.657,-0.44599999999999973
esmfold2,cAbl,0.0,-8.498,-7.236,-1.2619999999999996
esmfold2,cAbl,1.0,-9.774,-7.236,-2.5379999999999994
esmfold2,cAbl,2.0,-8.9,-7.236,-1.6640000000000006
esmfold2,cAbl,3.0,-8.805,-7.236,-1.569
esmfold2,cAbl,4.0,-6.733,-7.236,0.5030000000000001
esmfold2,cAbl,5.0,-8.729,-7.236,-1.4929999999999994
esmfold2,cAbl,6.0,-9.313,-7.236,-2.077000000000001
esmfold2,cAbl,7.0,-9.169,-7.236,-1.9330000000000007
esmfold2,cAbl,8.0,-9.209,-7.236,-1.9729999999999999
esmfold2,cAbl,9.0,-9.284,-7.236,-2.048000000000001
esmfold2,cAbl,10.0,-9.193,-7.236,-1.9569999999999999
esmfold2,cAbl,11.0,-8.755,-7.236,-1.519000000000001
esmfold2,cAbl,12.0,-9.025,-7.236,-1.7890000000000006
esmfold2,cAbl,13.0,-9.125,-7.236,-1.8890000000000002
esmfold2,cAbl,14.0,-8.851,-7.236,-1.615000000000001
esmfold2,cAbl,15.0,-8.974,-7.236,-1.7380000000000004
esmfold2,cAbl,16.0,-5.887,-7.236,1.3490000000000002
esmfold2,cAbl,17.0,-7.413,-7.236,-0.1770000000000005
esmfold2,cAbl,18.0,-8.356,-7.236,-1.12
esmfold2,cAbl,19.0,-9.082,-7.236,-1.846000000000001
esmfold2,cAbl,20.0,-8.875,-7.236,-1.6390000000000002
esmfold2,cAbl,21.0,-8.904,-7.236,-1.6680000000000001
esmfold2,cAbl,22.0,-8.446,-7.236,-1.21
esmfold2,cAbl,23.0,-7.232,-7.236,0.0039999999999995595
esmfold2,cAbl,24.0,-8.873,-7.236,-1.6369999999999996
esmfold2,cAbl,25.0,-9.559,-7.236,-2.3229999999999995
esmfold2,cAbl,26.0,-9.086,-7.236,-1.8500000000000005
esmfold2,cAbl,27.0,-8.028,-7.236,-0.7920000000000007
esmfold2,cAbl,28.0,-8.808,-7.236,-1.572
esmfold2,cAbl,29.0,-7.198,-7.236,0.03799999999999937
apo2mol,Bcl-xL,0.0,-10.151,-8.693,-1.4580000000000002
apo2mol,Bcl-xL,1.0,-9.802,-8.693,-1.109
apo2mol,Bcl-xL,2.0,-8.59,-8.693,0.10299999999999976
apo2mol,Bcl-xL,3.0,-9.557,-8.693,-0.8640000000000008
apo2mol,Bcl-xL,4.0,-8.635,-8.693,0.05799999999999983
apo2mol,Bcl-xL,5.0,-9.096,-8.693,-0.40300000000000047
apo2mol,Bcl-xL,6.0,-8.328,-8.693,0.3650000000000002
apo2mol,Bcl-xL,7.0,-9.79,-8.693,-1.0969999999999995
apo2mol,Bcl-xL,8.0,-9.427,-8.693,-0.734
apo2mol,Bcl-xL,9.0,-9.37,-8.693,-0.6769999999999996
apo2mol,CB1,0.0,-10.225,-10.51,0.28500000000000014
apo2mol,CB1,1.0,-10.248,-10.51,0.26200000000000045
apo2mol,CB1,2.0,-10.257,-10.51,0.2530000000000001
apo2mol,CB1,3.0,-9.736,-10.51,0.7739999999999991
apo2mol,CB1,4.0,-10.136,-10.51,0.37400000000000055
apo2mol,CB1,5.0,-10.459,-10.51,0.051000000000000156
apo2mol,CB1,6.0,-9.379,-10.51,1.1310000000000002
apo2mol,CB1,7.0,-10.497,-10.51,0.0129999999999999
apo2mol,CB1,8.0,-10.257,-10.51,0.2530000000000001
apo2mol,CB1,9.0,-10.226,-10.51,0.2839999999999989
apo2mol,FUT8,0.0,-10.713,-8.302,-2.4109999999999996
apo2mol,FUT8,1.0,-9.353,-8.302,-1.0510000000000002
apo2mol,FUT8,2.0,-9.969,-8.302,-1.6669999999999998
apo2mol,FUT8,3.0,-10.983,-8.302,-2.681000000000001
apo2mol,FUT8,4.0,-9.576,-8.302,-1.274000000000001
apo2mol,FUT8,5.0,-8.875,-8.302,-0.5730000000000004
apo2mol,FUT8,6.0,-10.424,-8.302,-2.122
apo2mol,FUT8,7.0,-10.041,-8.302,-1.7390000000000008
apo2mol,FUT8,8.0,-9.73,-8.302,-1.4280000000000008
apo2mol,FUT8,9.0,-10.34,-8.302,-2.0380000000000003
apo2mol,GCGR,0.0,-3.55,-3.657,0.1070000000000002
apo2mol,GCGR,1.0,-3.748,-3.657,-0.09100000000000019
apo2mol,GCGR,2.0,-3.447,-3.657,0.20999999999999996
apo2mol,GCGR,3.0,-3.366,-3.657,0.2909999999999999
apo2mol,GCGR,4.0,-3.896,-3.657,-0.23899999999999988
apo2mol,GCGR,5.0,-3.548,-3.657,0.10899999999999999
apo2mol,GCGR,6.0,-3.526,-3.657,0.13100000000000023
apo2mol,GCGR,7.0,-4.051,-3.657,-0.39400000000000013
apo2mol,GCGR,8.0,-3.526,-3.657,0.13100000000000023
apo2mol,GCGR,9.0,-3.557,-3.657,0.10000000000000009
apo2mol,GLTP,0.0,-4.277,-5.173,0.8959999999999999
apo2mol,GLTP,1.0,-6.603,-5.173,-1.4299999999999997
apo2mol,GLTP,2.0,-6.072,-5.173,-0.899
apo2mol,GLTP,3.0,-5.758,-5.173,-0.585
apo2mol,GLTP,4.0,-5.981,-5.173,-0.8079999999999998
apo2mol,GLTP,5.0,-5.925,-5.173,-0.7519999999999998
apo2mol,GLTP,6.0,-5.405,-5.173,-0.2320000000000002
apo2mol,GLTP,7.0,-4.3,-5.173,0.8730000000000002
apo2mol,GLTP,8.0,-5.041,-5.173,0.13199999999999967
apo2mol,GLTP,9.0,-6.483,-5.173,-1.3099999999999996
apo2mol,HIF2alpha,0.0,-8.198,-8.663,0.46499999999999986
apo2mol,HIF2alpha,1.0,-7.567,-8.663,1.096
apo2mol,HIF2alpha,2.0,-8.026,-8.663,0.6370000000000005
apo2mol,HIF2alpha,3.0,-7.796,-8.663,0.867
apo2mol,HIF2alpha,4.0,-7.408,-8.663,1.255
apo2mol,HIF2alpha,5.0,-8.467,-8.663,0.19599999999999973
apo2mol,HIF2alpha,6.0,-8.148,-8.663,0.5150000000000006
apo2mol,HIF2alpha,7.0,-8.171,-8.663,0.4920000000000009
apo2mol,HIF2alpha,8.0,-8.364,-8.663,0.2989999999999995
apo2mol,HIF2alpha,9.0,-7.982,-8.663,0.681
apo2mol,HIF2alpha__6D0B,0.0,-9.57,-10.48,0.9100000000000001
apo2mol,HIF2alpha__6D0B,1.0,-8.292,-10.48,2.1880000000000006
apo2mol,HIF2alpha__6D0B,2.0,-8.063,-10.48,2.417
apo2mol,HIF2alpha__6D0B,3.0,-9.723,-10.48,0.7569999999999997
apo2mol,HIF2alpha__6D0B,4.0,-9.439,-10.48,1.0410000000000004
apo2mol,HIF2alpha__6D0B,5.0,-6.847,-10.48,3.633
apo2mol,HIF2alpha__6D0B,6.0,-9.451,-10.48,1.029
apo2mol,HIF2alpha__6D0B,7.0,-9.85,-10.48,0.6300000000000008
apo2mol,HIF2alpha__6D0B,8.0,-9.64,-10.48,0.8399999999999999
apo2mol,HIF2alpha__6D0B,9.0,-9.648,-10.48,0.8320000000000007
apo2mol,HIV1_CA,0.0,-7.333,-7.011,-0.32200000000000006
apo2mol,HIV1_CA,1.0,-7.152,-7.011,-0.14100000000000001
apo2mol,HIV1_CA,2.0,-7.016,-7.011,-0.004999999999999893
apo2mol,HIV1_CA,3.0,-5.935,-7.011,1.0760000000000005
apo2mol,HIV1_CA,4.0,-9.176,-7.011,-2.165
apo2mol,HIV1_CA,5.0,-8.798,-7.011,-1.787
apo2mol,HIV1_CA,6.0,-6.818,-7.011,0.1930000000000005
apo2mol,HIV1_CA,7.0,-6.587,-7.011,0.4240000000000004
apo2mol,HIV1_CA,8.0,-7.74,-7.011,-0.7290000000000001
apo2mol,HIV1_CA,9.0,-9.448,-7.011,-2.4370000000000003
apo2mol,HIV_RT,0.0,-9.894,-6.593,-3.301
apo2mol,HIV_RT,1.0,-10.141,-6.593,-3.548
apo2mol,HIV_RT,2.0,-10.351,-6.593,-3.758000000000001
apo2mol,HIV_RT,3.0,-8.378,-6.593,-1.7850000000000001
apo2mol,HIV_RT,4.0,-10.258,-6.593,-3.664999999999999
apo2mol,HIV_RT,5.0,-9.746,-6.593,-3.1530000000000005
apo2mol,HIV_RT,6.0,-11.699,-6.593,-5.106
apo2mol,HIV_RT,7.0,-9.692,-6.593,-3.099
apo2mol,HIV_RT,8.0,-10.054,-6.593,-3.4610000000000003
apo2mol,HIV_RT,9.0,-10.632,-6.593,-4.039
apo2mol,HIV_RT__3V81,0.0,-6.41,-6.211,-0.19899999999999984
apo2mol,HIV_RT__3V81,1.0,-8.168,-6.211,-1.956999999999999
apo2mol,HIV_RT__3V81,2.0,-8.682,-6.211,-2.471
apo2mol,HIV_RT__3V81,3.0,-10.813,-6.211,-4.602
apo2mol,HIV_RT__3V81,4.0,-7.934,-6.211,-1.7229999999999999
apo2mol,HIV_RT__3V81,5.0,-8.524,-6.211,-2.312999999999999
apo2mol,HIV_RT__3V81,6.0,-6.16,-6.211,0.051000000000000156
apo2mol,HIV_RT__3V81,7.0,-8.882,-6.211,-2.6709999999999994
apo2mol,HIV_RT__3V81,8.0,-8.867,-6.211,-2.6560000000000006
apo2mol,HIV_RT__3V81,9.0,-8.901,-6.211,-2.6899999999999995
apo2mol,KRAS,0.0,-8.258,-5.57,-2.687999999999999
apo2mol,KRAS,1.0,-8.157,-5.57,-2.5869999999999997
apo2mol,KRAS,2.0,-7.651,-5.57,-2.0809999999999995
apo2mol,KRAS,3.0,-6.573,-5.57,-1.0030000000000001
apo2mol,KRAS,4.0,-8.084,-5.57,-2.5139999999999993
apo2mol,KRAS,5.0,-8.295,-5.57,-2.7249999999999996
apo2mol,KRAS,6.0,-9.143,-5.57,-3.5730000000000004
apo2mol,KRAS,7.0,-8.202,-5.57,-2.6319999999999997
apo2mol,KRAS,8.0,-9.102,-5.57,-3.532
apo2mol,KRAS,9.0,-9.012,-5.57,-3.442
apo2mol,METTL14,0.0,-10.757,-7.552,-3.205
apo2mol,METTL14,1.0,-9.87,-7.552,-2.3179999999999996
apo2mol,METTL14,2.0,-10.909,-7.552,-3.357000000000001
apo2mol,METTL14,3.0,-9.715,-7.552,-2.1630000000000003
apo2mol,METTL14,4.0,-10.458,-7.552,-2.9060000000000006
apo2mol,METTL14,5.0,-10.041,-7.552,-2.4890000000000008
apo2mol,METTL14,6.0,-10.553,-7.552,-3.0010000000000012
apo2mol,METTL14,7.0,-11.772,-7.552,-4.220000000000001
apo2mol,METTL14,8.0,-8.723,-7.552,-1.1710000000000012
apo2mol,METTL14,9.0,-10.783,-7.552,-3.231
apo2mol,Menin,0.0,-7.556,-7.089,-0.46699999999999964
apo2mol,Menin,1.0,-6.906,-7.089,0.18300000000000072
apo2mol,Menin,2.0,-7.322,-7.089,-0.23299999999999965
apo2mol,Menin,3.0,-8.296,-7.089,-1.206999999999999
apo2mol,Menin,4.0,-7.395,-7.089,-0.30599999999999916
apo2mol,Menin,5.0,-7.619,-7.089,-0.5299999999999994
apo2mol,Menin,6.0,-6.571,-7.089,0.5180000000000007
apo2mol,Menin,7.0,-6.901,-7.089,0.1880000000000006
apo2mol,Menin,8.0,-7.528,-7.089,-0.43899999999999917
apo2mol,Menin,9.0,-7.431,-7.089,-0.34199999999999964
apo2mol,NDPK-A,0.0,-6.452,-6.513,0.06099999999999994
apo2mol,NDPK-A,1.0,-6.194,-6.513,0.31899999999999995
apo2mol,NDPK-A,2.0,-6.79,-6.513,-0.27700000000000014
apo2mol,NDPK-A,3.0,-6.945,-6.513,-0.4320000000000004
apo2mol,NDPK-A,4.0,-6.921,-6.513,-0.40800000000000036
apo2mol,NDPK-A,5.0,-6.786,-6.513,-0.2729999999999997
apo2mol,NDPK-A,6.0,-6.858,-6.513,-0.34499999999999975
apo2mol,NDPK-A,7.0,-6.357,-6.513,0.1559999999999997
apo2mol,NDPK-A,8.0,-6.825,-6.513,-0.3120000000000003
apo2mol,NDPK-A,9.0,-6.453,-6.513,0.05999999999999961
apo2mol,SHP2,0.0,-9.556,-8.742,-0.8139999999999983
apo2mol,SHP2,1.0,-9.204,-8.742,-0.46199999999999974
apo2mol,SHP2,2.0,-9.348,-8.742,-0.6059999999999999
apo2mol,SHP2,3.0,-9.085,-8.742,-0.34299999999999997
apo2mol,SHP2,4.0,-9.111,-8.742,-0.3689999999999998
apo2mol,SHP2,5.0,-9.088,-8.742,-0.3459999999999983
apo2mol,SHP2,6.0,-8.933,-8.742,-0.19099999999999895
apo2mol,SHP2,7.0,-8.6,-8.742,0.14200000000000124
apo2mol,SHP2,8.0,-8.99,-8.742,-0.24799999999999933
apo2mol,SHP2,9.0,-8.975,-8.742,-0.23299999999999876
apo2mol,THSR,0.0,-10.357,-9.138,-1.2189999999999994
apo2mol,THSR,1.0,-10.65,-9.138,-1.5120000000000005
apo2mol,THSR,2.0,-11.2,-9.138,-2.0619999999999994
apo2mol,THSR,3.0,-9.77,-9.138,-0.6319999999999997
apo2mol,THSR,4.0,-9.667,-9.138,-0.5289999999999999
apo2mol,THSR,5.0,-11.632,-9.138,-2.4939999999999998
apo2mol,THSR,6.0,-10.076,-9.138,-0.9380000000000006
apo2mol,THSR,7.0,-10.678,-9.138,-1.540000000000001
apo2mol,THSR,8.0,-9.618,-9.138,-0.4800000000000004
apo2mol,THSR,9.0,-9.077,-9.138,0.06099999999999994
apo2mol,THSR__7UTZ,0.0,-6.483,-6.164,-0.31899999999999995
apo2mol,THSR__7UTZ,1.0,-6.47,-6.164,-0.30600000000000005
apo2mol,THSR__7UTZ,2.0,-6.045,-6.164,0.11899999999999977
apo2mol,THSR__7UTZ,3.0,-6.589,-6.164,-0.4250000000000007
apo2mol,THSR__7UTZ,4.0,-5.326,-6.164,0.8380000000000001
apo2mol,THSR__7UTZ,5.0,-6.588,-6.164,-0.4240000000000004
apo2mol,THSR__7UTZ,6.0,-6.152,-6.164,0.011999999999999567
apo2mol,THSR__7UTZ,7.0,-6.664,-6.164,-0.5
apo2mol,THSR__7UTZ,8.0,-6.708,-6.164,-0.5440000000000005
apo2mol,THSR__7UTZ,9.0,-6.367,-6.164,-0.2030000000000003
apo2mol,betaLG,0.0,-8.552,-4.265,-4.287
apo2mol,betaLG,1.0,-4.874,-4.265,-0.609
apo2mol,betaLG,2.0,-6.205,-4.265,-1.9400000000000004
apo2mol,betaLG,3.0,-5.286,-4.265,-1.021
apo2mol,betaLG,4.0,-4.768,-4.265,-0.5030000000000001
apo2mol,betaLG,5.0,-6.897,-4.265,-2.6320000000000006
apo2mol,betaLG,6.0,-6.976,-4.265,-2.7110000000000003
apo2mol,betaLG,7.0,-5.142,-4.265,-0.8770000000000007
apo2mol,betaLG,8.0,-8.029,-4.265,-3.7640000000000002
apo2mol,betaLG,9.0,-6.152,-4.265,-1.8870000000000005
apo2mol,cAbl,0.0,-10.338,-7.236,-3.1019999999999994
apo2mol,cAbl,1.0,-10.208,-7.236,-2.9720000000000004
apo2mol,cAbl,2.0,-7.064,-7.236,0.1719999999999997
apo2mol,cAbl,3.0,-9.599,-7.236,-2.3630000000000004
apo2mol,cAbl,4.0,-10.894,-7.236,-3.6580000000000004
apo2mol,cAbl,5.0,-9.709,-7.236,-2.473
apo2mol,cAbl,6.0,-8.069,-7.236,-0.8330000000000011
apo2mol,cAbl,7.0,-9.141,-7.236,-1.9050000000000002
apo2mol,cAbl,8.0,-8.893,-7.236,-1.657000000000001
apo2mol,cAbl,9.0,-9.009,-7.236,-1.7730000000000006
apo2mol,p53_Y220C,0.0,-7.326,-4.982,-2.3439999999999994
apo2mol,p53_Y220C,1.0,-7.569,-4.982,-2.5869999999999997
apo2mol,p53_Y220C,2.0,-6.81,-4.982,-1.8279999999999994
apo2mol,p53_Y220C,3.0,-7.537,-4.982,-2.5549999999999997
apo2mol,p53_Y220C,4.0,-6.697,-4.982,-1.7149999999999999
apo2mol,p53_Y220C,5.0,-7.105,-4.982,-2.123
apo2mol,p53_Y220C,6.0,-6.759,-4.982,-1.7770000000000001
apo2mol,p53_Y220C,7.0,-6.798,-4.982,-1.8159999999999998
apo2mol,p53_Y220C,8.0,-7.27,-4.982,-2.2879999999999994
apo2mol,p53_Y220C,9.0,-6.297,-4.982,-1.3149999999999995
apo2mol,p53_Y220C__4AGQ,0.0,-7.014,-5.378,-1.6360000000000001
apo2mol,p53_Y220C__4AGQ,1.0,-7.314,-5.378,-1.936
apo2mol,p53_Y220C__4AGQ,2.0,-7.366,-5.378,-1.9879999999999995
apo2mol,p53_Y220C__4AGQ,3.0,-7.417,-5.378,-2.0389999999999997
apo2mol,p53_Y220C__4AGQ,4.0,-7.033,-5.378,-1.6550000000000002
apo2mol,p53_Y220C__4AGQ,5.0,-7.226,-5.378,-1.8479999999999999
apo2mol,p53_Y220C__4AGQ,6.0,-7.196,-5.378,-1.8179999999999996
apo2mol,p53_Y220C__4AGQ,7.0,-7.632,-5.378,-2.2539999999999996
apo2mol,p53_Y220C__4AGQ,8.0,-6.51,-5.378,-1.1319999999999997
apo2mol,p53_Y220C__4AGQ,9.0,-7.795,-5.378,-2.417
rosetta_fastrelax,Bcl-xL,0.0,-8.508,-8.693,0.1850000000000005
rosetta_fastrelax,Bcl-xL,1.0,-8.182,-8.693,0.5109999999999992
rosetta_fastrelax,Bcl-xL,2.0,-7.746,-8.693,0.9469999999999992
rosetta_fastrelax,Bcl-xL,3.0,-7.141,-8.693,1.5519999999999996
rosetta_fastrelax,Bcl-xL,4.0,-7.711,-8.693,0.9819999999999993
rosetta_fastrelax,Bcl-xL,5.0,-7.054,-8.693,1.6389999999999993
rosetta_fastrelax,Bcl-xL,6.0,-8.157,-8.693,0.5359999999999996
rosetta_fastrelax,Bcl-xL,7.0,-7.356,-8.693,1.3369999999999997
rosetta_fastrelax,Bcl-xL,8.0,-7.895,-8.693,0.798
rosetta_fastrelax,Bcl-xL,9.0,-6.983,-8.693,1.71
rosetta_fastrelax,CB1,0.0,-4.812,-10.51,5.6979999999999995
rosetta_fastrelax,CB1,1.0,-8.299,-10.51,2.2110000000000003
rosetta_fastrelax,CB1,2.0,-5.626,-10.51,4.8839999999999995
rosetta_fastrelax,CB1,3.0,-0.116,-10.51,10.394
rosetta_fastrelax,CB1,4.0,-4.762,-10.51,5.748
rosetta_fastrelax,CB1,5.0,-3.006,-10.51,7.504
rosetta_fastrelax,CB1,6.0,-7.397,-10.51,3.1129999999999995
rosetta_fastrelax,CB1,7.0,-3.772,-10.51,6.7379999999999995
rosetta_fastrelax,CB1,8.0,-9.174,-10.51,1.3360000000000003
rosetta_fastrelax,CB1,9.0,-7.062,-10.51,3.4479999999999995
rosetta_fastrelax,FUT8,0.0,-7.698,-8.302,0.6039999999999992
rosetta_fastrelax,FUT8,1.0,-6.625,-8.302,1.6769999999999996
rosetta_fastrelax,FUT8,2.0,-7.562,-8.302,0.7399999999999993
rosetta_fastrelax,FUT8,3.0,-7.71,-8.302,0.5919999999999996
rosetta_fastrelax,FUT8,4.0,-6.959,-8.302,1.343
rosetta_fastrelax,FUT8,5.0,-7.508,-8.302,0.7939999999999996
rosetta_fastrelax,FUT8,6.0,-6.706,-8.302,1.5959999999999992
rosetta_fastrelax,FUT8,7.0,-7.433,-8.302,0.8689999999999998
rosetta_fastrelax,FUT8,8.0,-7.883,-8.302,0.4189999999999996
rosetta_fastrelax,FUT8,9.0,-7.492,-8.302,0.8099999999999996
rosetta_fastrelax,GCGR,0.0,-4.088,-3.657,-0.43100000000000005
rosetta_fastrelax,GCGR,1.0,-3.82,-3.657,-0.1629999999999998
rosetta_fastrelax,GCGR,2.0,-4.374,-3.657,-0.7169999999999996
rosetta_fastrelax,GCGR,3.0,-3.961,-3.657,-0.3039999999999998
rosetta_fastrelax,GCGR,4.0,-3.698,-3.657,-0.040999999999999925
rosetta_fastrelax,GCGR,5.0,-4.075,-3.657,-0.41800000000000015
rosetta_fastrelax,GCGR,6.0,-4.941,-3.657,-1.2839999999999998
rosetta_fastrelax,GCGR,7.0,-3.576,-3.657,0.08099999999999996
rosetta_fastrelax,GCGR,8.0,-4.27,-3.657,-0.6129999999999995
rosetta_fastrelax,GCGR,9.0,-3.989,-3.657,-0.33199999999999985
rosetta_fastrelax,GLTP,0.0,-5.049,-5.173,0.12399999999999967
rosetta_fastrelax,GLTP,1.0,-5.089,-5.173,0.08399999999999963
rosetta_fastrelax,GLTP,2.0,-5.076,-5.173,0.09700000000000042
rosetta_fastrelax,GLTP,3.0,-5.187,-5.173,-0.014000000000000234
rosetta_fastrelax,GLTP,4.0,-5.296,-5.173,-0.12300000000000022
rosetta_fastrelax,GLTP,5.0,-4.969,-5.173,0.20399999999999974
rosetta_fastrelax,GLTP,6.0,-5.274,-5.173,-0.10099999999999998
rosetta_fastrelax,GLTP,7.0,-5.226,-5.173,-0.052999999999999936
rosetta_fastrelax,GLTP,8.0,-4.686,-5.173,0.4870000000000001
rosetta_fastrelax,GLTP,9.0,-5.263,-5.173,-0.08999999999999986
rosetta_fastrelax,HIF2alpha,0.0,-4.307,-8.663,4.356
rosetta_fastrelax,HIF2alpha,1.0,-4.921,-8.663,3.742
rosetta_fastrelax,HIF2alpha,2.0,-4.359,-8.663,4.304
rosetta_fastrelax,HIF2alpha,3.0,-3.782,-8.663,4.881
rosetta_fastrelax,HIF2alpha,4.0,0.925,-8.663,9.588000000000001
rosetta_fastrelax,HIF2alpha,5.0,-4.245,-8.663,4.418
rosetta_fastrelax,HIF2alpha,6.0,-3.138,-8.663,5.525
rosetta_fastrelax,HIF2alpha,7.0,-4.138,-8.663,4.525
rosetta_fastrelax,HIF2alpha,8.0,1.011,-8.663,9.674
rosetta_fastrelax,HIF2alpha,9.0,-4.809,-8.663,3.854
rosetta_fastrelax,HIF2alpha__6D0B,0.0,3.923,-10.48,14.403
rosetta_fastrelax,HIF2alpha__6D0B,1.0,-4.039,-10.48,6.441000000000001
rosetta_fastrelax,HIF2alpha__6D0B,2.0,2.65,-10.48,13.13
rosetta_fastrelax,HIF2alpha__6D0B,3.0,0.051,-10.48,10.531
rosetta_fastrelax,HIF2alpha__6D0B,4.0,3.637,-10.48,14.117
rosetta_fastrelax,HIF2alpha__6D0B,5.0,2.118,-10.48,12.598
rosetta_fastrelax,HIF2alpha__6D0B,6.0,0.079,-10.48,10.559000000000001
rosetta_fastrelax,HIF2alpha__6D0B,7.0,0.165,-10.48,10.645
rosetta_fastrelax,HIF2alpha__6D0B,8.0,-2.193,-10.48,8.287
rosetta_fastrelax,HIF2alpha__6D0B,9.0,-2.7,-10.48,7.78
rosetta_fastrelax,HIV1_CA,0.0,-6.631,-7.011,0.3799999999999999
rosetta_fastrelax,HIV1_CA,1.0,-7.087,-7.011,-0.07599999999999962
rosetta_fastrelax,HIV1_CA,2.0,-6.295,-7.011,0.7160000000000002
rosetta_fastrelax,HIV1_CA,3.0,-6.062,-7.011,0.9489999999999998
rosetta_fastrelax,HIV1_CA,4.0,-5.83,-7.011,1.181
rosetta_fastrelax,HIV1_CA,5.0,-5.816,-7.011,1.1950000000000003
rosetta_fastrelax,HIV1_CA,6.0,-6.833,-7.011,0.17799999999999994
rosetta_fastrelax,HIV1_CA,7.0,-6.383,-7.011,0.6280000000000001
rosetta_fastrelax,HIV1_CA,8.0,-6.162,-7.011,0.8490000000000002
rosetta_fastrelax,HIV1_CA,9.0,-5.842,-7.011,1.1690000000000005
rosetta_fastrelax,HIV_RT,0.0,-6.684,-6.593,-0.09100000000000019
rosetta_fastrelax,HIV_RT,1.0,-5.612,-6.593,0.9809999999999999
rosetta_fastrelax,HIV_RT,2.0,-5.016,-6.593,1.577
rosetta_fastrelax,HIV_RT,3.0,-5.427,-6.593,1.1660000000000004
rosetta_fastrelax,HIV_RT,4.0,-6.428,-6.593,0.16500000000000004
rosetta_fastrelax,HIV_RT,5.0,-5.885,-6.593,0.7080000000000002
rosetta_fastrelax,HIV_RT,6.0,-4.839,-6.593,1.7539999999999996
rosetta_fastrelax,HIV_RT,7.0,-5.791,-6.593,0.8019999999999996
rosetta_fastrelax,HIV_RT,8.0,-5.924,-6.593,0.6689999999999996
rosetta_fastrelax,HIV_RT,9.0,-6.941,-6.593,-0.34799999999999986
rosetta_fastrelax,HIV_RT__3V81,0.0,-6.448,-6.211,-0.2370000000000001
rosetta_fastrelax,HIV_RT__3V81,1.0,-5.437,-6.211,0.774
rosetta_fastrelax,HIV_RT__3V81,2.0,-4.942,-6.211,1.2690000000000001
rosetta_fastrelax,HIV_RT__3V81,3.0,-6.307,-6.211,-0.09600000000000009
rosetta_fastrelax,HIV_RT__3V81,4.0,-6.715,-6.211,-0.5039999999999996
rosetta_fastrelax,HIV_RT__3V81,5.0,-4.038,-6.211,2.173
rosetta_fastrelax,HIV_RT__3V81,6.0,-5.902,-6.211,0.30900000000000016
rosetta_fastrelax,HIV_RT__3V81,7.0,-5.894,-6.211,0.31700000000000017
rosetta_fastrelax,HIV_RT__3V81,8.0,-5.191,-6.211,1.0200000000000005
rosetta_fastrelax,HIV_RT__3V81,9.0,-6.133,-6.211,0.07800000000000029
rosetta_fastrelax,KRAS,0.0,-5.953,-5.57,-0.383
rosetta_fastrelax,KRAS,1.0,-5.945,-5.57,-0.375
rosetta_fastrelax,KRAS,2.0,-5.684,-5.57,-0.11399999999999988
rosetta_fastrelax,KRAS,3.0,-5.731,-5.57,-0.1609999999999996
rosetta_fastrelax,KRAS,4.0,-5.673,-5.57,-0.10299999999999976
rosetta_fastrelax,KRAS,5.0,-6.064,-5.57,-0.4939999999999998
rosetta_fastrelax,KRAS,6.0,-6.104,-5.57,-0.5339999999999998
rosetta_fastrelax,KRAS,7.0,-6.064,-5.57,-0.4939999999999998
rosetta_fastrelax,KRAS,8.0,-6.079,-5.57,-0.5089999999999995
rosetta_fastrelax,KRAS,9.0,-6.062,-5.57,-0.492
rosetta_fastrelax,METTL14,0.0,-6.492,-7.552,1.0599999999999996
rosetta_fastrelax,METTL14,1.0,-6.322,-7.552,1.2299999999999995
rosetta_fastrelax,METTL14,2.0,-6.021,-7.552,1.5309999999999997
rosetta_fastrelax,METTL14,3.0,-6.58,-7.552,0.9719999999999995
rosetta_fastrelax,METTL14,4.0,-6.811,-7.552,0.7409999999999997
rosetta_fastrelax,METTL14,5.0,-7.091,-7.552,0.4609999999999994
rosetta_fastrelax,METTL14,6.0,-5.664,-7.552,1.888
rosetta_fastrelax,METTL14,7.0,-7.012,-7.552,0.54
rosetta_fastrelax,METTL14,8.0,-6.104,-7.552,1.4479999999999995
rosetta_fastrelax,METTL14,9.0,-5.961,-7.552,1.5909999999999993
rosetta_fastrelax,Menin,0.0,-7.47,-7.089,-0.38099999999999934
rosetta_fastrelax,Menin,1.0,-6.689,-7.089,0.40000000000000036
rosetta_fastrelax,Menin,2.0,-7.373,-7.089,-0.2839999999999998
rosetta_fastrelax,Menin,3.0,-6.811,-7.089,0.27800000000000047
rosetta_fastrelax,Menin,4.0,-7.144,-7.089,-0.054999999999999716
rosetta_fastrelax,Menin,5.0,-7.548,-7.089,-0.45899999999999963
rosetta_fastrelax,Menin,6.0,-7.16,-7.089,-0.07099999999999973
rosetta_fastrelax,Menin,7.0,-6.83,-7.089,0.25900000000000034
rosetta_fastrelax,Menin,8.0,-7.508,-7.089,-0.4189999999999996
rosetta_fastrelax,Menin,9.0,-7.235,-7.089,-0.1459999999999999
rosetta_fastrelax,NDPK-A,0.0,-5.239,-6.513,1.274
rosetta_fastrelax,NDPK-A,1.0,-7.23,-6.513,-0.7170000000000005
rosetta_fastrelax,NDPK-A,2.0,-6.632,-6.513,-0.11899999999999977
rosetta_fastrelax,NDPK-A,3.0,-5.035,-6.513,1.4779999999999998
rosetta_fastrelax,NDPK-A,4.0,-6.941,-6.513,-0.42799999999999994
rosetta_fastrelax,NDPK-A,5.0,-6.784,-6.513,-0.2709999999999999
rosetta_fastrelax,NDPK-A,6.0,-6.556,-6.513,-0.04300000000000015
rosetta_fastrelax,NDPK-A,7.0,-6.559,-6.513,-0.04600000000000026
rosetta_fastrelax,NDPK-A,8.0,-5.851,-6.513,0.6619999999999999
rosetta_fastrelax,NDPK-A,9.0,-6.707,-6.513,-0.19399999999999995
rosetta_fastrelax,SHP2,0.0,-7.224,-8.742,1.5180000000000007
rosetta_fastrelax,SHP2,1.0,-6.854,-8.742,1.8880000000000008
rosetta_fastrelax,SHP2,2.0,-7.666,-8.742,1.0760000000000005
rosetta_fastrelax,SHP2,3.0,-7.904,-8.742,0.838000000000001
rosetta_fastrelax,SHP2,4.0,-7.846,-8.742,0.8960000000000008
rosetta_fastrelax,SHP2,5.0,-6.77,-8.742,1.9720000000000013
rosetta_fastrelax,SHP2,6.0,-8.021,-8.742,0.7210000000000001
rosetta_fastrelax,SHP2,7.0,-7.601,-8.742,1.141000000000001
rosetta_fastrelax,SHP2,8.0,-9.231,-8.742,-0.488999999999999
rosetta_fastrelax,SHP2,9.0,-7.303,-8.742,1.439000000000001
rosetta_fastrelax,THSR,0.0,-8.639,-9.138,0.49900000000000055
rosetta_fastrelax,THSR,1.0,-7.879,-9.138,1.2590000000000003
rosetta_fastrelax,THSR,2.0,-8.538,-9.138,0.5999999999999996
rosetta_fastrelax,THSR,3.0,-5.759,-9.138,3.3789999999999996
rosetta_fastrelax,THSR,4.0,-9.084,-9.138,0.05400000000000027
rosetta_fastrelax,THSR,5.0,-8.421,-9.138,0.7170000000000005
rosetta_fastrelax,THSR,6.0,-9.069,-9.138,0.06899999999999906
rosetta_fastrelax,THSR,7.0,-3.144,-9.138,5.994
rosetta_fastrelax,THSR,8.0,-7.292,-9.138,1.846
rosetta_fastrelax,THSR,9.0,-9.512,-9.138,-0.37400000000000055
rosetta_fastrelax,THSR__7UTZ,0.0,-6.567,-6.164,-0.40300000000000047
rosetta_fastrelax,THSR__7UTZ,1.0,-5.129,-6.164,1.0350000000000001
rosetta_fastrelax,THSR__7UTZ,2.0,-5.914,-6.164,0.25
rosetta_fastrelax,THSR__7UTZ,3.0,-6.044,-6.164,0.1200000000000001
rosetta_fastrelax,THSR__7UTZ,4.0,-6.517,-6.164,-0.35300000000000065
rosetta_fastrelax,THSR__7UTZ,5.0,-6.257,-6.164,-0.09299999999999997
rosetta_fastrelax,THSR__7UTZ,6.0,-6.347,-6.164,-0.18300000000000072
rosetta_fastrelax,THSR__7UTZ,7.0,-3.565,-6.164,2.5989999999999998
rosetta_fastrelax,THSR__7UTZ,8.0,-4.768,-6.164,1.396
rosetta_fastrelax,THSR__7UTZ,9.0,-6.185,-6.164,-0.020999999999999908
rosetta_fastrelax,betaLG,0.0,-4.498,-4.265,-0.23300000000000054
rosetta_fastrelax,betaLG,1.0,-5.09,-4.265,-0.8250000000000002
rosetta_fastrelax,betaLG,2.0,-4.54,-4.265,-0.27500000000000036
rosetta_fastrelax,betaLG,3.0,-4.983,-4.265,-0.718
rosetta_fastrelax,betaLG,4.0,-4.407,-4.265,-0.14200000000000035
rosetta_fastrelax,betaLG,5.0,-5.123,-4.265,-0.8580000000000005
rosetta_fastrelax,betaLG,6.0,-5.183,-4.265,-0.9180000000000001
rosetta_fastrelax,betaLG,7.0,-4.227,-4.265,0.03799999999999937
rosetta_fastrelax,betaLG,8.0,-5.015,-4.265,-0.75
rosetta_fastrelax,betaLG,9.0,-4.683,-4.265,-0.41800000000000015
rosetta_fastrelax,cAbl,0.0,-7.869,-7.236,-0.633
rosetta_fastrelax,cAbl,1.0,-8.868,-7.236,-1.6320000000000006
rosetta_fastrelax,cAbl,2.0,-7.403,-7.236,-0.16699999999999982
rosetta_fastrelax,cAbl,3.0,-8.519,-7.236,-1.2830000000000004
rosetta_fastrelax,cAbl,4.0,-7.513,-7.236,-0.27700000000000014
rosetta_fastrelax,cAbl,5.0,-8.486,-7.236,-1.2500000000000009
rosetta_fastrelax,cAbl,6.0,-8.456,-7.236,-1.2199999999999998
rosetta_fastrelax,cAbl,7.0,-7.189,-7.236,0.04699999999999971
rosetta_fastrelax,cAbl,8.0,-8.005,-7.236,-0.769000000000001
rosetta_fastrelax,cAbl,9.0,-7.893,-7.236,-0.657
rosetta_fastrelax,p53_Y220C,0.0,-4.614,-4.982,0.3680000000000003
rosetta_fastrelax,p53_Y220C,1.0,-4.458,-4.982,0.524
rosetta_fastrelax,p53_Y220C,2.0,-4.538,-4.982,0.44399999999999995
rosetta_fastrelax,p53_Y220C,3.0,-4.354,-4.982,0.6280000000000001
rosetta_fastrelax,p53_Y220C,4.0,-4.468,-4.982,0.5140000000000002
rosetta_fastrelax,p53_Y220C,5.0,-4.432,-4.982,0.5499999999999998
rosetta_fastrelax,p53_Y220C,6.0,-4.741,-4.982,0.24100000000000055
rosetta_fastrelax,p53_Y220C,7.0,-4.164,-4.982,0.8180000000000005
rosetta_fastrelax,p53_Y220C,8.0,-4.672,-4.982,0.3100000000000005
rosetta_fastrelax,p53_Y220C,9.0,-4.366,-4.982,0.6160000000000005
rosetta_fastrelax,p53_Y220C__4AGQ,0.0,-5.275,-5.378,0.10299999999999976
rosetta_fastrelax,p53_Y220C__4AGQ,1.0,-5.351,-5.378,0.027000000000000135
rosetta_fastrelax,p53_Y220C__4AGQ,2.0,-5.208,-5.378,0.16999999999999993
rosetta_fastrelax,p53_Y220C__4AGQ,3.0,-5.394,-5.378,-0.016000000000000014
rosetta_fastrelax,p53_Y220C__4AGQ,4.0,-5.387,-5.378,-0.008999999999999453
rosetta_fastrelax,p53_Y220C__4AGQ,5.0,-5.209,-5.378,0.16900000000000048
rosetta_fastrelax,p53_Y220C__4AGQ,6.0,-5.189,-5.378,0.18900000000000006
rosetta_fastrelax,p53_Y220C__4AGQ,7.0,-5.491,-5.378,-0.11299999999999955
rosetta_fastrelax,p53_Y220C__4AGQ,8.0,-5.266,-5.378,0.1120000000000001
rosetta_fastrelax,p53_Y220C__4AGQ,9.0,-5.289,-5.378,0.08900000000000041
rosetta_repack,Bcl-xL,0.0,-9.459,-8.693,-0.766
rosetta_repack,Bcl-xL,1.0,-9.362,-8.693,-0.6690000000000005
rosetta_repack,Bcl-xL,2.0,-9.425,-8.693,-0.7320000000000011
rosetta_repack,Bcl-xL,3.0,-9.367,-8.693,-0.6740000000000013
rosetta_repack,Bcl-xL,4.0,-9.406,-8.693,-0.713000000000001
rosetta_repack,Bcl-xL,5.0,-9.402,-8.693,-0.7089999999999996
rosetta_repack,Bcl-xL,6.0,-9.43,-8.693,-0.7370000000000001
rosetta_repack,Bcl-xL,7.0,-9.279,-8.693,-0.5860000000000003
rosetta_repack,Bcl-xL,8.0,-9.341,-8.693,-0.6479999999999997
rosetta_repack,Bcl-xL,9.0,-8.341,-8.693,0.3520000000000003
rosetta_repack,CB1,0.0,-9.981,-10.51,0.5289999999999999
rosetta_repack,CB1,1.0,-9.995,-10.51,0.5150000000000006
rosetta_repack,CB1,2.0,-9.543,-10.51,0.9670000000000005
rosetta_repack,CB1,3.0,-9.495,-10.51,1.0150000000000006
rosetta_repack,CB1,4.0,-9.609,-10.51,0.9009999999999998
rosetta_repack,CB1,5.0,-9.601,-10.51,0.9089999999999989
rosetta_repack,CB1,6.0,-9.558,-10.51,0.952
rosetta_repack,CB1,7.0,-9.87,-10.51,0.6400000000000006
rosetta_repack,CB1,8.0,-8.444,-10.51,2.065999999999999
rosetta_repack,CB1,9.0,-9.652,-10.51,0.8580000000000005
rosetta_repack,FUT8,0.0,-7.68,-8.302,0.6219999999999999
rosetta_repack,FUT8,1.0,-6.975,-8.302,1.327
rosetta_repack,FUT8,2.0,-8.161,-8.302,0.14100000000000001
rosetta_repack,FUT8,3.0,-8.237,-8.302,0.0649999999999995
rosetta_repack,FUT8,4.0,-7.071,-8.302,1.2309999999999999
rosetta_repack,FUT8,5.0,-7.86,-8.302,0.4419999999999993
rosetta_repack,FUT8,6.0,-8.203,-8.302,0.0990000000000002
rosetta_repack,FUT8,7.0,-7.51,-8.302,0.7919999999999998
rosetta_repack,FUT8,8.0,-8.194,-8.302,0.10799999999999876
rosetta_repack,FUT8,9.0,-7.854,-8.302,0.4479999999999995
rosetta_repack,GCGR,0.0,-4.344,-3.657,-0.6870000000000003
rosetta_repack,GCGR,1.0,-3.697,-3.657,-0.040000000000000036
rosetta_repack,GCGR,2.0,-3.998,-3.657,-0.3410000000000002
rosetta_repack,GCGR,3.0,-4.095,-3.657,-0.4379999999999997
rosetta_repack,GCGR,4.0,-4.345,-3.657,-0.6879999999999997
rosetta_repack,GCGR,5.0,-3.871,-3.657,-0.21399999999999997
rosetta_repack,GCGR,6.0,-4.319,-3.657,-0.6619999999999999
rosetta_repack,GCGR,7.0,-4.366,-3.657,-0.7089999999999996
rosetta_repack,GCGR,8.0,-4.47,-3.657,-0.8129999999999997
rosetta_repack,GCGR,9.0,-4.25,-3.657,-0.593
rosetta_repack,GLTP,0.0,-5.462,-5.173,-0.2889999999999997
rosetta_repack,GLTP,1.0,-5.681,-5.173,-0.508
rosetta_repack,GLTP,2.0,-5.361,-5.173,-0.18799999999999972
rosetta_repack,GLTP,3.0,-5.382,-5.173,-0.20899999999999963
rosetta_repack,GLTP,4.0,-5.548,-5.173,-0.375
rosetta_repack,GLTP,5.0,-5.214,-5.173,-0.04100000000000037
rosetta_repack,GLTP,6.0,-5.23,-5.173,-0.057000000000000384
rosetta_repack,GLTP,7.0,-5.319,-5.173,-0.1459999999999999
rosetta_repack,GLTP,8.0,-5.244,-5.173,-0.07099999999999973
rosetta_repack,GLTP,9.0,-5.134,-5.173,0.0389999999999997
rosetta_repack,HIF2alpha,0.0,-4.916,-8.663,3.747
rosetta_repack,HIF2alpha,1.0,-6.021,-8.663,2.6420000000000003
rosetta_repack,HIF2alpha,2.0,-6.008,-8.663,2.6550000000000002
rosetta_repack,HIF2alpha,3.0,-4.44,-8.663,4.223
rosetta_repack,HIF2alpha,4.0,-4.943,-8.663,3.7200000000000006
rosetta_repack,HIF2alpha,5.0,-6.058,-8.663,2.6050000000000004
rosetta_repack,HIF2alpha,6.0,-4.941,-8.663,3.7220000000000004
rosetta_repack,HIF2alpha,7.0,-6.015,-8.663,2.6480000000000006
rosetta_repack,HIF2alpha,8.0,-6.056,-8.663,2.607
rosetta_repack,HIF2alpha,9.0,-4.832,-8.663,3.8310000000000004
rosetta_repack,HIF2alpha__6D0B,0.0,-6.945,-10.48,3.535
rosetta_repack,HIF2alpha__6D0B,1.0,-7.031,-10.48,3.4490000000000007
rosetta_repack,HIF2alpha__6D0B,2.0,-7.028,-10.48,3.452000000000001
rosetta_repack,HIF2alpha__6D0B,3.0,-6.353,-10.48,4.127000000000001
rosetta_repack,HIF2alpha__6D0B,4.0,-6.869,-10.48,3.6110000000000007
rosetta_repack,HIF2alpha__6D0B,5.0,-7.057,-10.48,3.423
rosetta_repack,HIF2alpha__6D0B,6.0,-6.913,-10.48,3.567
rosetta_repack,HIF2alpha__6D0B,7.0,-7.015,-10.48,3.4650000000000007
rosetta_repack,HIF2alpha__6D0B,8.0,-7.073,-10.48,3.407
rosetta_repack,HIF2alpha__6D0B,9.0,-6.899,-10.48,3.5810000000000004
rosetta_repack,HIV1_CA,0.0,-6.497,-7.011,0.5140000000000002
rosetta_repack,HIV1_CA,1.0,-6.323,-7.011,0.6879999999999997
rosetta_repack,HIV1_CA,2.0,-6.451,-7.011,0.5600000000000005
rosetta_repack,HIV1_CA,3.0,-6.506,-7.011,0.5049999999999999
rosetta_repack,HIV1_CA,4.0,-6.294,-7.011,0.7170000000000005
rosetta_repack,HIV1_CA,5.0,-6.491,-7.011,0.5200000000000005
rosetta_repack,HIV1_CA,6.0,-6.489,-7.011,0.5220000000000002
rosetta_repack,HIV1_CA,7.0,-6.473,-7.011,0.5380000000000003
rosetta_repack,HIV1_CA,8.0,-6.473,-7.011,0.5380000000000003
rosetta_repack,HIV1_CA,9.0,-6.464,-7.011,0.5469999999999997
rosetta_repack,HIV_RT,0.0,-6.468,-6.593,0.125
rosetta_repack,HIV_RT,1.0,-7.008,-6.593,-0.41500000000000004
rosetta_repack,HIV_RT,2.0,-6.848,-6.593,-0.2549999999999999
rosetta_repack,HIV_RT,3.0,-6.833,-6.593,-0.2400000000000002
rosetta_repack,HIV_RT,4.0,-6.282,-6.593,0.31099999999999994
rosetta_repack,HIV_RT,5.0,-6.884,-6.593,-0.29100000000000037
rosetta_repack,HIV_RT,6.0,-6.948,-6.593,-0.3550000000000004
rosetta_repack,HIV_RT,7.0,-6.977,-6.593,-0.38400000000000034
rosetta_repack,HIV_RT,8.0,-6.98,-6.593,-0.38700000000000045
rosetta_repack,HIV_RT,9.0,-6.98,-6.593,-0.38700000000000045
rosetta_repack,HIV_RT__3V81,0.0,-6.439,-6.211,-0.22799999999999976
rosetta_repack,HIV_RT__3V81,1.0,-6.694,-6.211,-0.48299999999999965
rosetta_repack,HIV_RT__3V81,2.0,-6.426,-6.211,-0.21499999999999986
rosetta_repack,HIV_RT__3V81,3.0,-6.459,-6.211,-0.24799999999999933
rosetta_repack,HIV_RT__3V81,4.0,-6.722,-6.211,-0.5110000000000001
rosetta_repack,HIV_RT__3V81,5.0,-6.65,-6.211,-0.43900000000000006
rosetta_repack,HIV_RT__3V81,6.0,-6.647,-6.211,-0.43599999999999994
rosetta_repack,HIV_RT__3V81,7.0,-6.718,-6.211,-0.5069999999999997
rosetta_repack,HIV_RT__3V81,8.0,-6.658,-6.211,-0.44700000000000006
rosetta_repack,HIV_RT__3V81,9.0,-6.67,-6.211,-0.45899999999999963
rosetta_repack,KRAS,0.0,-6.366,-5.57,-0.7959999999999994
rosetta_repack,KRAS,1.0,-6.328,-5.57,-0.758
rosetta_repack,KRAS,2.0,-6.328,-5.57,-0.758
rosetta_repack,KRAS,3.0,-6.318,-5.57,-0.7479999999999993
rosetta_repack,KRAS,4.0,-6.104,-5.57,-0.5339999999999998
rosetta_repack,KRAS,5.0,-6.323,-5.57,-0.7530000000000001
rosetta_repack,KRAS,6.0,-6.342,-5.57,-0.7719999999999994
rosetta_repack,KRAS,7.0,-6.284,-5.57,-0.7139999999999995
rosetta_repack,KRAS,8.0,-6.291,-5.57,-0.7210000000000001
rosetta_repack,KRAS,9.0,-6.322,-5.57,-0.7519999999999998
rosetta_repack,METTL14,0.0,-6.648,-7.552,0.9039999999999999
rosetta_repack,METTL14,1.0,-7.526,-7.552,0.0259999999999998
rosetta_repack,METTL14,2.0,-7.535,-7.552,0.01699999999999946
rosetta_repack,METTL14,3.0,-7.45,-7.552,0.10199999999999942
rosetta_repack,METTL14,4.0,-7.408,-7.552,0.14399999999999924
rosetta_repack,METTL14,5.0,-7.436,-7.552,0.11599999999999966
rosetta_repack,METTL14,6.0,-7.497,-7.552,0.054999999999999716
rosetta_repack,METTL14,7.0,-7.453,-7.552,0.09899999999999931
rosetta_repack,METTL14,8.0,-7.482,-7.552,0.0699999999999994
rosetta_repack,METTL14,9.0,-7.692,-7.552,-0.14000000000000057
rosetta_repack,Menin,0.0,-7.202,-7.089,-0.11299999999999955
rosetta_repack,Menin,1.0,-7.297,-7.089,-0.2079999999999993
rosetta_repack,Menin,2.0,-7.174,-7.089,-0.08499999999999996
rosetta_repack,Menin,3.0,-6.978,-7.089,0.11100000000000065
rosetta_repack,Menin,4.0,-7.089,-7.089,0.0
rosetta_repack,Menin,5.0,-7.15,-7.089,-0.06099999999999994
rosetta_repack,Menin,6.0,-6.942,-7.089,0.14700000000000024
rosetta_repack,Menin,7.0,-6.806,-7.089,0.28300000000000036
rosetta_repack,Menin,8.0,-7.14,-7.089,-0.05099999999999927
rosetta_repack,Menin,9.0,-7.235,-7.089,-0.1459999999999999
rosetta_repack,NDPK-A,0.0,-6.287,-6.513,0.22599999999999998
rosetta_repack,NDPK-A,1.0,-6.094,-6.513,0.4189999999999996
rosetta_repack,NDPK-A,2.0,-6.118,-6.513,0.3949999999999996
rosetta_repack,NDPK-A,3.0,-6.387,-6.513,0.12600000000000033
rosetta_repack,NDPK-A,4.0,-6.369,-6.513,0.14400000000000013
rosetta_repack,NDPK-A,5.0,-6.37,-6.513,0.1429999999999998
rosetta_repack,NDPK-A,6.0,-6.352,-6.513,0.1609999999999996
rosetta_repack,NDPK-A,7.0,-6.383,-6.513,0.1299999999999999
rosetta_repack,NDPK-A,8.0,-6.163,-6.513,0.34999999999999964
rosetta_repack,NDPK-A,9.0,-6.342,-6.513,0.17100000000000026
rosetta_repack,SHP2,0.0,-6.564,-8.742,2.178000000000001
rosetta_repack,SHP2,1.0,-6.685,-8.742,2.0570000000000013
rosetta_repack,SHP2,2.0,-8.317,-8.742,0.4250000000000007
rosetta_repack,SHP2,3.0,-6.73,-8.742,2.0120000000000005
rosetta_repack,SHP2,4.0,-6.821,-8.742,1.9210000000000012
rosetta_repack,SHP2,5.0,-6.784,-8.742,1.958000000000001
rosetta_repack,SHP2,6.0,-6.82,-8.742,1.9220000000000006
rosetta_repack,SHP2,7.0,-6.787,-8.742,1.955000000000001
rosetta_repack,SHP2,8.0,-6.628,-8.742,2.1140000000000008
rosetta_repack,SHP2,9.0,-6.646,-8.742,2.096000000000001
rosetta_repack,THSR,0.0,-10.219,-9.138,-1.0809999999999995
rosetta_repack,THSR,1.0,-10.201,-9.138,-1.0630000000000006
rosetta_repack,THSR,2.0,-10.211,-9.138,-1.0730000000000004
rosetta_repack,THSR,3.0,-10.174,-9.138,-1.0359999999999996
rosetta_repack,THSR,4.0,-10.221,-9.138,-1.0830000000000002
rosetta_repack,THSR,5.0,-10.175,-9.138,-1.0370000000000008
rosetta_repack,THSR,6.0,-10.174,-9.138,-1.0359999999999996
rosetta_repack,THSR,7.0,-10.195,-9.138,-1.0570000000000004
rosetta_repack,THSR,8.0,-10.146,-9.138,-1.008000000000001
rosetta_repack,THSR,9.0,-10.217,-9.138,-1.0790000000000006
rosetta_repack,THSR__7UTZ,0.0,-6.423,-6.164,-0.25900000000000034
rosetta_repack,THSR__7UTZ,1.0,-6.564,-6.164,-0.40000000000000036
rosetta_repack,THSR__7UTZ,2.0,-6.732,-6.164,-0.5680000000000005
rosetta_repack,THSR__7UTZ,3.0,-6.334,-6.164,-0.16999999999999993
rosetta_repack,THSR__7UTZ,4.0,-6.302,-6.164,-0.1379999999999999
rosetta_repack,THSR__7UTZ,5.0,-6.311,-6.164,-0.14700000000000024
rosetta_repack,THSR__7UTZ,6.0,-6.135,-6.164,0.028999999999999915
rosetta_repack,THSR__7UTZ,7.0,-6.247,-6.164,-0.08300000000000018
rosetta_repack,THSR__7UTZ,8.0,-6.35,-6.164,-0.18599999999999994
rosetta_repack,THSR__7UTZ,9.0,-6.403,-6.164,-0.23899999999999988
rosetta_repack,betaLG,0.0,-4.836,-4.265,-0.5710000000000006
rosetta_repack,betaLG,1.0,-4.866,-4.265,-0.601
rosetta_repack,betaLG,2.0,-4.882,-4.265,-0.617
rosetta_repack,betaLG,3.0,-4.888,-4.265,-0.6230000000000002
rosetta_repack,betaLG,4.0,-4.926,-4.265,-0.6610000000000005
rosetta_repack,betaLG,5.0,-4.904,-4.265,-0.6390000000000002
rosetta_repack,betaLG,6.0,-4.822,-4.265,-0.5570000000000004
rosetta_repack,betaLG,7.0,-4.823,-4.265,-0.5580000000000007
rosetta_repack,betaLG,8.0,-4.873,-4.265,-0.6080000000000005
rosetta_repack,betaLG,9.0,-4.856,-4.265,-0.5910000000000002
rosetta_repack,cAbl,0.0,-8.364,-7.236,-1.128000000000001
rosetta_repack,cAbl,1.0,-8.394,-7.236,-1.1580000000000004
rosetta_repack,cAbl,2.0,-8.244,-7.236,-1.008
rosetta_repack,cAbl,3.0,-8.204,-7.236,-0.9680000000000009
rosetta_repack,cAbl,4.0,-8.157,-7.236,-0.9210000000000003
rosetta_repack,cAbl,5.0,-8.446,-7.236,-1.21
rosetta_repack,cAbl,6.0,-8.461,-7.236,-1.2250000000000005
rosetta_repack,cAbl,7.0,-8.162,-7.236,-0.926000000000001
rosetta_repack,cAbl,8.0,-8.401,-7.236,-1.165
rosetta_repack,cAbl,9.0,-8.413,-7.236,-1.1770000000000005
rosetta_repack,p53_Y220C,0.0,-4.864,-4.982,0.11800000000000033
rosetta_repack,p53_Y220C,1.0,-4.436,-4.982,0.5460000000000003
rosetta_repack,p53_Y220C,2.0,-4.471,-4.982,0.5110000000000001
rosetta_repack,p53_Y220C,3.0,-4.455,-4.982,0.5270000000000001
rosetta_repack,p53_Y220C,4.0,-4.426,-4.982,0.556
rosetta_repack,p53_Y220C,5.0,-4.475,-4.982,0.5070000000000006
rosetta_repack,p53_Y220C,6.0,-4.439,-4.982,0.5430000000000001
rosetta_repack,p53_Y220C,7.0,-4.42,-4.982,0.5620000000000003
rosetta_repack,p53_Y220C,8.0,-5.487,-4.982,-0.5049999999999999
rosetta_repack,p53_Y220C,9.0,-4.459,-4.982,0.5230000000000006
rosetta_repack,p53_Y220C__4AGQ,0.0,-5.131,-5.378,0.2469999999999999
rosetta_repack,p53_Y220C__4AGQ,1.0,-5.179,-5.378,0.19899999999999984
rosetta_repack,p53_Y220C__4AGQ,2.0,-5.247,-5.378,0.13100000000000023
rosetta_repack,p53_Y220C__4AGQ,3.0,-5.075,-5.378,0.30299999999999994
rosetta_repack,p53_Y220C__4AGQ,4.0,-5.127,-5.378,0.25100000000000033
rosetta_repack,p53_Y220C__4AGQ,5.0,-5.086,-5.378,0.2919999999999998
rosetta_repack,p53_Y220C__4AGQ,6.0,-5.085,-5.378,0.29300000000000015
rosetta_repack,p53_Y220C__4AGQ,7.0,-5.168,-5.378,0.20999999999999996
rosetta_repack,p53_Y220C__4AGQ,8.0,-5.124,-5.378,0.25400000000000045
rosetta_repack,p53_Y220C__4AGQ,9.0,-5.175,-5.378,0.2030000000000003
bbflow_refine,p53_Y220C,0.0,-4.33,-4.982,0.6520000000000001
bbflow_refine,p53_Y220C,20.0,-4.527,-4.982,0.45500000000000007
bbflow_refine,CB1,10.0,-8.898,-10.51,1.612
bbflow_refine,KRAS,0.0,-5.657,-5.57,-0.08699999999999974
bbflow_refine,KRAS,20.0,-5.241,-5.57,0.3290000000000006
bbflow_refine,cAbl,10.0,-8.082,-7.236,-0.846000000000001
bbflow_refine,HIF2alpha,0.0,-2.795,-8.663,5.868
bbflow_refine,HIF2alpha,20.0,-3.368,-8.663,5.295
bbflow_refine,HIV_RT,10.0,-6.873,-6.593,-0.28000000000000025
bbflow_refine,HIV1_CA,0.0,-6.838,-7.011,0.17300000000000004
bbflow_refine,HIV1_CA,20.0,-7.046,-7.011,-0.03500000000000014
bbflow_refine,Menin,10.0,-6.214,-7.089,0.875
bbflow_refine,GCGR,0.0,-4.113,-3.657,-0.4560000000000004
bbflow_refine,GCGR,20.0,-3.975,-3.657,-0.31800000000000006
bbflow_refine,THSR,10.0,-10.1,-9.138,-0.9619999999999997
bbflow_refine,p53_Y220C__4AGQ,0.0,-5.097,-5.378,0.2809999999999997
bbflow_refine,p53_Y220C__4AGQ,20.0,-5.148,-5.378,0.23000000000000043
bbflow_refine,HIF2alpha__6D0B,10.0,-2.214,-10.48,8.266
bbflow_refine,HIV_RT__3V81,0.0,-6.286,-6.211,-0.07499999999999929
bbflow_refine,HIV_RT__3V81,20.0,-5.695,-6.211,0.516
bbflow_refine,THSR__7UTZ,10.0,-6.134,-6.164,0.02999999999999936
bbflow_refine,Bcl-xL,10.0,-8.537,-8.693,0.1559999999999988
bbflow_refine,betaLG,0.0,-4.897,-4.265,-0.6320000000000006
bbflow_refine,betaLG,20.0,-6.523,-4.265,-2.258
bbflow_refine,NDPK-A,10.0,-7.116,-6.513,-0.6029999999999998
bbflow_refine,GLTP,0.0,-4.899,-5.173,0.274
bbflow_refine,GLTP,20.0,-3.863,-5.173,1.31
bbflow_refine,SHP2,10.0,-8.912,-8.742,-0.16999999999999993
bbflow_refine,METTL14,0.0,-6.621,-7.552,0.9309999999999992
bbflow_refine,METTL14,20.0,-5.908,-7.552,1.6439999999999992
bbflow_refine,FUT8,10.0,-8.34,-8.302,-0.038000000000000256
bbflow_refine,p53_Y220C,10.0,-4.825,-4.982,0.15700000000000003
bbflow_refine,CB1,0.0,2.514,-10.51,13.024
bbflow_refine,CB1,20.0,-10.15,-10.51,0.35999999999999943
bbflow_refine,KRAS,10.0,-5.045,-5.57,0.5250000000000004
bbflow_refine,cAbl,0.0,-8.703,-7.236,-1.4669999999999996
bbflow_refine,cAbl,20.0,-7.62,-7.236,-0.38400000000000034
bbflow_refine,HIF2alpha,10.0,-4.707,-8.663,3.9560000000000004
bbflow_refine,HIV_RT,0.0,-6.107,-6.593,0.48599999999999977
bbflow_refine,HIV_RT,20.0,-6.726,-6.593,-0.133
bbflow_refine,HIV1_CA,10.0,-6.925,-7.011,0.0860000000000003
bbflow_refine,Menin,0.0,-6.427,-7.089,0.6620000000000008
bbflow_refine,Menin,20.0,-6.296,-7.089,0.7930000000000001
bbflow_refine,GCGR,10.0,-4.172,-3.657,-0.5149999999999997
bbflow_refine,THSR,0.0,-9.889,-9.138,-0.7509999999999994
bbflow_refine,THSR,20.0,-9.342,-9.138,-0.20400000000000063
bbflow_refine,p53_Y220C__4AGQ,10.0,-4.893,-5.378,0.4850000000000003
bbflow_refine,HIF2alpha__6D0B,0.0,0.253,-10.48,10.733
bbflow_refine,HIF2alpha__6D0B,20.0,6.497,-10.48,16.977
bbflow_refine,HIV_RT__3V81,10.0,-6.088,-6.211,0.12300000000000022
bbflow_refine,THSR__7UTZ,0.0,-6.041,-6.164,0.12299999999999933
bbflow_refine,THSR__7UTZ,20.0,-6.538,-6.164,-0.37400000000000055
bbflow_refine,Bcl-xL,0.0,-8.154,-8.693,0.5389999999999997
bbflow_refine,Bcl-xL,20.0,-8.869,-8.693,-0.17600000000000016
bbflow_refine,betaLG,10.0,-4.933,-4.265,-0.6680000000000001
bbflow_refine,NDPK-A,0.0,-6.071,-6.513,0.44200000000000017
bbflow_refine,NDPK-A,20.0,-5.725,-6.513,0.7880000000000003
bbflow_refine,GLTP,10.0,-4.223,-5.173,0.9500000000000002
bbflow_refine,SHP2,0.0,-8.393,-8.742,0.3490000000000002
bbflow_refine,SHP2,20.0,-6.499,-8.742,2.243000000000001
bbflow_refine,METTL14,10.0,-7.688,-7.552,-0.13600000000000012
bbflow_refine,FUT8,0.0,-5.553,-8.302,2.7489999999999997
bbflow_refine,FUT8,20.0,-5.866,-8.302,2.436
bbflow_refine,p53_Y220C,11.0,-4.657,-4.982,0.3250000000000002
bbflow_refine,CB1,1.0,-7.503,-10.51,3.0069999999999997
bbflow_refine,CB1,21.0,-10.26,-10.51,0.25
bbflow_refine,KRAS,11.0,-5.656,-5.57,-0.08599999999999941
bbflow_refine,cAbl,1.0,-9.871,-7.236,-2.6350000000000007
bbflow_refine,cAbl,21.0,-8.437,-7.236,-1.2009999999999996
bbflow_refine,HIF2alpha,11.0,-4.317,-8.663,4.346
bbflow_refine,HIV_RT,1.0,-6.466,-6.593,0.12699999999999978
bbflow_refine,HIV_RT,21.0,-6.94,-6.593,-0.3470000000000004
bbflow_refine,HIV1_CA,11.0,-6.557,-7.011,0.45399999999999974
bbflow_refine,Menin,1.0,-6.849,-7.089,0.2400000000000002
bbflow_refine,Menin,21.0,-6.136,-7.089,0.9530000000000003
bbflow_refine,GCGR,11.0,-3.532,-3.657,0.125
bbflow_refine,THSR,1.0,-8.959,-9.138,0.17900000000000027
bbflow_refine,THSR,21.0,-11.37,-9.138,-2.2319999999999993
bbflow_refine,p53_Y220C__4AGQ,11.0,-5.227,-5.378,0.1509999999999998
bbflow_refine,HIF2alpha__6D0B,1.0,-2.038,-10.48,8.442
bbflow_refine,HIF2alpha__6D0B,21.0,-2.368,-10.48,8.112
bbflow_refine,HIV_RT__3V81,11.0,-6.614,-6.211,-0.4029999999999996
bbflow_refine,THSR__7UTZ,1.0,-5.927,-6.164,0.2370000000000001
bbflow_refine,THSR__7UTZ,21.0,-5.828,-6.164,0.3359999999999994
bbflow_refine,Bcl-xL,1.0,-7.908,-8.693,0.7849999999999993
bbflow_refine,Bcl-xL,21.0,-7.792,-8.693,0.9009999999999998
bbflow_refine,betaLG,11.0,-4.768,-4.265,-0.5030000000000001
bbflow_refine,NDPK-A,1.0,-6.109,-6.513,0.4039999999999999
bbflow_refine,NDPK-A,21.0,-7.194,-6.513,-0.681
bbflow_refine,GLTP,11.0,-4.347,-5.173,0.8259999999999996
bbflow_refine,SHP2,1.0,-7.044,-8.742,1.6980000000000013
bbflow_refine,SHP2,21.0,-7.826,-8.742,0.9160000000000013
bbflow_refine,METTL14,11.0,-6.457,-7.552,1.0949999999999998
bbflow_refine,FUT8,1.0,-6.294,-8.302,2.008
bbflow_refine,FUT8,21.0,-8.139,-8.302,0.16300000000000026
bbflow_refine,p53_Y220C,12.0,-4.527,-4.982,0.45500000000000007
bbflow_refine,CB1,2.0,-8.387,-10.51,2.1229999999999993
bbflow_refine,CB1,22.0,-8.893,-10.51,1.616999999999999
bbflow_refine,KRAS,12.0,-5.575,-5.57,-0.004999999999999893
bbflow_refine,cAbl,2.0,-8.431,-7.236,-1.1949999999999994
bbflow_refine,cAbl,22.0,-7.759,-7.236,-0.5230000000000006
bbflow_refine,HIF2alpha,12.0,-4.775,-8.663,3.888
bbflow_refine,HIV_RT,2.0,-6.901,-6.593,-0.30799999999999983
bbflow_refine,HIV_RT,22.0,-6.106,-6.593,0.4870000000000001
bbflow_refine,HIV1_CA,12.0,-7.362,-7.011,-0.351
bbflow_refine,Menin,2.0,-6.156,-7.089,0.9330000000000007
bbflow_refine,Menin,22.0,-6.801,-7.089,0.28800000000000026
bbflow_refine,GCGR,12.0,-4.017,-3.657,-0.3600000000000003
bbflow_refine,THSR,2.0,-10.42,-9.138,-1.282
bbflow_refine,THSR,22.0,-8.874,-9.138,0.26399999999999935
bbflow_refine,p53_Y220C__4AGQ,12.0,-4.9,-5.378,0.47799999999999976
bbflow_refine,HIF2alpha__6D0B,2.0,4.173,-10.48,14.653
bbflow_refine,HIF2alpha__6D0B,22.0,-1.978,-10.48,8.502
bbflow_refine,HIV_RT__3V81,12.0,-6.126,-6.211,0.08499999999999996
bbflow_refine,THSR__7UTZ,2.0,-6.431,-6.164,-0.26700000000000035
bbflow_refine,THSR__7UTZ,22.0,-5.831,-6.164,0.3329999999999993
bbflow_refine,Bcl-xL,2.0,-7.631,-8.693,1.0619999999999994
bbflow_refine,Bcl-xL,22.0,-8.449,-8.693,0.24399999999999977
bbflow_refine,betaLG,12.0,-4.805,-4.265,-0.54
bbflow_refine,NDPK-A,2.0,-5.318,-6.513,1.1950000000000003
bbflow_refine,NDPK-A,22.0,-7.174,-6.513,-0.6610000000000005
bbflow_refine,GLTP,12.0,-4.787,-5.173,0.3860000000000001
bbflow_refine,SHP2,2.0,-6.361,-8.742,2.381000000000001
bbflow_refine,SHP2,22.0,-7.156,-8.742,1.5860000000000012
bbflow_refine,METTL14,12.0,-6.123,-7.552,1.4289999999999994
bbflow_refine,FUT8,2.0,-8.554,-8.302,-0.25200000000000067
bbflow_refine,FUT8,22.0,-8.198,-8.302,0.1039999999999992
bbflow_refine,p53_Y220C,13.0,-5.294,-4.982,-0.3119999999999994
bbflow_refine,CB1,3.0,-9.82,-10.51,0.6899999999999995
bbflow_refine,CB1,23.0,-9.602,-10.51,0.9079999999999995
bbflow_refine,KRAS,13.0,-7.577,-5.57,-2.0069999999999997
bbflow_refine,cAbl,3.0,-7.937,-7.236,-0.7010000000000005
bbflow_refine,cAbl,23.0,-6.315,-7.236,0.9209999999999994
bbflow_refine,HIF2alpha,13.0,-3.447,-8.663,5.216
bbflow_refine,HIV_RT,3.0,-6.546,-6.593,0.04699999999999971
bbflow_refine,HIV_RT,23.0,-5.708,-6.593,0.8849999999999998
bbflow_refine,HIV1_CA,13.0,-6.422,-7.011,0.5890000000000004
bbflow_refine,Menin,3.0,-5.654,-7.089,1.4350000000000005
bbflow_refine,Menin,23.0,-6.026,-7.089,1.0630000000000006
bbflow_refine,GCGR,13.0,-3.762,-3.657,-0.10499999999999998
bbflow_refine,THSR,3.0,-10.76,-9.138,-1.6219999999999999
bbflow_refine,THSR,23.0,-7.794,-9.138,1.3440000000000003
bbflow_refine,p53_Y220C__4AGQ,13.0,-4.738,-5.378,0.6399999999999997
bbflow_refine,HIF2alpha__6D0B,3.0,-3.803,-10.48,6.6770000000000005
bbflow_refine,HIF2alpha__6D0B,23.0,-0.485,-10.48,9.995000000000001
bbflow_refine,HIV_RT__3V81,13.0,-5.548,-6.211,0.6630000000000003
bbflow_refine,THSR__7UTZ,3.0,-5.914,-6.164,0.25
bbflow_refine,THSR__7UTZ,23.0,-4.231,-6.164,1.9329999999999998
bbflow_refine,Bcl-xL,3.0,-8.322,-8.693,0.37100000000000044
bbflow_refine,Bcl-xL,23.0,-8.101,-8.693,0.5919999999999987
bbflow_refine,betaLG,13.0,-5.196,-4.265,-0.931
bbflow_refine,NDPK-A,3.0,-5.746,-6.513,0.7669999999999995
bbflow_refine,NDPK-A,23.0,-5.939,-6.513,0.5739999999999998
bbflow_refine,GLTP,13.0,-4.68,-5.173,0.4930000000000003
bbflow_refine,SHP2,3.0,-7.798,-8.742,0.9440000000000008
bbflow_refine,SHP2,23.0,-5.973,-8.742,2.769000000000001
bbflow_refine,METTL14,13.0,-7.472,-7.552,0.07999999999999918
bbflow_refine,FUT8,3.0,-8.217,-8.302,0.08499999999999908
bbflow_refine,FUT8,23.0,-8.203,-8.302,0.0990000000000002
bbflow_refine,p53_Y220C,14.0,-4.537,-4.982,0.4450000000000003
bbflow_refine,CB1,4.0,-2.751,-10.51,7.759
bbflow_refine,CB1,24.0,-8.994,-10.51,1.516
bbflow_refine,KRAS,14.0,-6.258,-5.57,-0.6879999999999997
bbflow_refine,cAbl,4.0,-10.26,-7.236,-3.024
bbflow_refine,cAbl,24.0,-9.168,-7.236,-1.9319999999999995
bbflow_refine,HIF2alpha,14.0,-4.861,-8.663,3.8020000000000005
bbflow_refine,HIV_RT,4.0,-6.23,-6.593,0.36299999999999955
bbflow_refine,HIV_RT,24.0,-6.055,-6.593,0.5380000000000003
bbflow_refine,HIV1_CA,14.0,-6.446,-7.011,0.5650000000000004
bbflow_refine,Menin,4.0,-6.607,-7.089,0.4820000000000002
bbflow_refine,Menin,24.0,-6.224,-7.089,0.8650000000000002
bbflow_refine,GCGR,14.0,-3.177,-3.657,0.48
bbflow_refine,THSR,4.0,-10.67,-9.138,-1.532
bbflow_refine,THSR,24.0,-8.214,-9.138,0.9239999999999995
bbflow_refine,p53_Y220C__4AGQ,14.0,-5.045,-5.378,0.3330000000000002
bbflow_refine,HIF2alpha__6D0B,4.0,2.224,-10.48,12.704
bbflow_refine,HIF2alpha__6D0B,24.0,-0.342,-10.48,10.138
bbflow_refine,HIV_RT__3V81,14.0,-7.024,-6.211,-0.8129999999999997
bbflow_refine,THSR__7UTZ,4.0,-5.627,-6.164,0.5369999999999999
bbflow_refine,THSR__7UTZ,24.0,-4.869,-6.164,1.295
bbflow_refine,Bcl-xL,4.0,-7.473,-8.693,1.2199999999999998
bbflow_refine,Bcl-xL,24.0,-7.769,-8.693,0.9239999999999995
bbflow_refine,betaLG,14.0,-4.702,-4.265,-0.4370000000000003
bbflow_refine,NDPK-A,4.0,-7.123,-6.513,-0.6100000000000003
bbflow_refine,NDPK-A,24.0,-6.819,-6.513,-0.30600000000000005
bbflow_refine,GLTP,14.0,-4.231,-5.173,0.9420000000000002
bbflow_refine,SHP2,4.0,-8.392,-8.742,0.3500000000000014
bbflow_refine,SHP2,24.0,-7.605,-8.742,1.1370000000000005
bbflow_refine,METTL14,14.0,-7.257,-7.552,0.29499999999999993
bbflow_refine,FUT8,4.0,-7.299,-8.302,1.0029999999999992
bbflow_refine,FUT8,24.0,-8.398,-8.302,-0.09600000000000009
bbflow_refine,p53_Y220C,15.0,-4.723,-4.982,0.25900000000000034
bbflow_refine,CB1,5.0,-9.364,-10.51,1.145999999999999
bbflow_refine,CB1,25.0,-10.18,-10.51,0.33000000000000007
bbflow_refine,KRAS,15.0,-4.89,-5.57,0.6800000000000006
bbflow_refine,cAbl,5.0,-8.436,-7.236,-1.2000000000000002
bbflow_refine,cAbl,25.0,-7.447,-7.236,-0.2110000000000003
bbflow_refine,HIF2alpha,15.0,-2.975,-8.663,5.688000000000001
bbflow_refine,HIV_RT,5.0,-6.257,-6.593,0.3360000000000003
bbflow_refine,HIV_RT,25.0,-7.12,-6.593,-0.5270000000000001
bbflow_refine,HIV1_CA,15.0,-6.153,-7.011,0.8580000000000005
bbflow_refine,Menin,5.0,-6.281,-7.089,0.8080000000000007
bbflow_refine,Menin,25.0,-6.266,-7.089,0.8230000000000004
bbflow_refine,GCGR,15.0,-3.678,-3.657,-0.020999999999999908
bbflow_refine,THSR,5.0,-10.07,-9.138,-0.9320000000000004
bbflow_refine,THSR,25.0,-10.26,-9.138,-1.1219999999999999
bbflow_refine,p53_Y220C__4AGQ,15.0,-4.914,-5.378,0.4640000000000004
bbflow_refine,HIF2alpha__6D0B,5.0,1.072,-10.48,11.552
bbflow_refine,HIF2alpha__6D0B,25.0,3.572,-10.48,14.052
bbflow_refine,HIV_RT__3V81,15.0,-5.377,-6.211,0.8340000000000005
bbflow_refine,THSR__7UTZ,5.0,-6.405,-6.164,-0.24100000000000055
bbflow_refine,THSR__7UTZ,25.0,-6.126,-6.164,0.03799999999999937
bbflow_refine,Bcl-xL,5.0,-8.016,-8.693,0.6769999999999996
bbflow_refine,Bcl-xL,25.0,-7.898,-8.693,0.7949999999999999
bbflow_refine,betaLG,15.0,-4.532,-4.265,-0.26700000000000035
bbflow_refine,NDPK-A,5.0,-6.571,-6.513,-0.05799999999999983
bbflow_refine,NDPK-A,25.0,-5.742,-6.513,0.7709999999999999
bbflow_refine,GLTP,15.0,-4.432,-5.173,0.7409999999999997
bbflow_refine,SHP2,5.0,-8.925,-8.742,-0.18299999999999983
bbflow_refine,SHP2,25.0,-7.326,-8.742,1.4160000000000013
bbflow_refine,METTL14,15.0,-6.777,-7.552,0.7749999999999995
bbflow_refine,FUT8,5.0,-8.234,-8.302,0.06799999999999962
bbflow_refine,FUT8,25.0,-8.552,-8.302,-0.25
bbflow_refine,p53_Y220C,16.0,-4.088,-4.982,0.8940000000000001
bbflow_refine,CB1,6.0,-7.73,-10.51,2.7799999999999994
bbflow_refine,CB1,26.0,-8.303,-10.51,2.206999999999999
bbflow_refine,KRAS,16.0,-5.592,-5.57,-0.021999999999999353
bbflow_refine,cAbl,6.0,-8.097,-7.236,-0.8609999999999998
bbflow_refine,cAbl,26.0,-7.132,-7.236,0.10400000000000009
bbflow_refine,HIF2alpha,16.0,-3.053,-8.663,5.61
bbflow_refine,HIV_RT,6.0,-6.494,-6.593,0.0990000000000002
bbflow_refine,HIV_RT,26.0,-6.772,-6.593,-0.17900000000000027
bbflow_refine,HIV1_CA,16.0,-7.484,-7.011,-0.47299999999999986
bbflow_refine,Menin,6.0,-6.134,-7.089,0.9550000000000001
bbflow_refine,Menin,26.0,-6.511,-7.089,0.5780000000000003
bbflow_refine,GCGR,16.0,-3.689,-3.657,-0.03200000000000003
bbflow_refine,THSR,6.0,-9.667,-9.138,-0.5289999999999999
bbflow_refine,THSR,26.0,-8.075,-9.138,1.0630000000000006
bbflow_refine,p53_Y220C__4AGQ,16.0,-5.348,-5.378,0.03000000000000025
bbflow_refine,HIF2alpha__6D0B,6.0,-0.948,-10.48,9.532
bbflow_refine,HIF2alpha__6D0B,26.0,6.629,-10.48,17.109
bbflow_refine,HIV_RT__3V81,16.0,-5.781,-6.211,0.4300000000000006
bbflow_refine,THSR__7UTZ,6.0,-6.164,-6.164,0.0
bbflow_refine,THSR__7UTZ,26.0,-6.098,-6.164,0.06599999999999984
bbflow_refine,Bcl-xL,6.0,-7.696,-8.693,0.9969999999999999
bbflow_refine,Bcl-xL,26.0,-8.641,-8.693,0.0519999999999996
bbflow_refine,betaLG,16.0,-5.257,-4.265,-0.992
bbflow_refine,NDPK-A,6.0,-6.856,-6.513,-0.34299999999999997
bbflow_refine,NDPK-A,26.0,-6.079,-6.513,0.43400000000000016
bbflow_refine,GLTP,16.0,-3.747,-5.173,1.4260000000000002
bbflow_refine,SHP2,6.0,-8.36,-8.742,0.38200000000000145
bbflow_refine,SHP2,26.0,-8.09,-8.742,0.652000000000001
bbflow_refine,METTL14,16.0,-6.059,-7.552,1.4929999999999994
bbflow_refine,FUT8,6.0,-8.069,-8.302,0.23299999999999876
bbflow_refine,FUT8,26.0,-8.418,-8.302,-0.11599999999999966
bbflow_refine,p53_Y220C,17.0,-4.785,-4.982,0.19700000000000006
bbflow_refine,CB1,7.0,-8.468,-10.51,2.042
bbflow_refine,CB1,27.0,-8.715,-10.51,1.795
bbflow_refine,KRAS,17.0,-6.078,-5.57,-0.508
bbflow_refine,cAbl,7.0,-7.802,-7.236,-0.5659999999999998
bbflow_refine,cAbl,27.0,-8.767,-7.236,-1.5309999999999997
bbflow_refine,HIF2alpha,17.0,-5.151,-8.663,3.5120000000000005
bbflow_refine,HIV_RT,7.0,-6.864,-6.593,-0.2709999999999999
bbflow_refine,HIV_RT,27.0,-5.762,-6.593,0.8310000000000004
bbflow_refine,HIV1_CA,17.0,-6.885,-7.011,0.12600000000000033
bbflow_refine,Menin,7.0,-6.307,-7.089,0.782
bbflow_refine,Menin,27.0,-6.046,-7.089,1.0430000000000001
bbflow_refine,GCGR,17.0,-4.148,-3.657,-0.49099999999999966
bbflow_refine,THSR,7.0,-8.766,-9.138,0.3719999999999999
bbflow_refine,THSR,27.0,-11.08,-9.138,-1.9420000000000002
bbflow_refine,p53_Y220C__4AGQ,17.0,-5.138,-5.378,0.2400000000000002
bbflow_refine,HIF2alpha__6D0B,7.0,-5.751,-10.48,4.729
bbflow_refine,HIF2alpha__6D0B,27.0,-0.829,-10.48,9.651
bbflow_refine,HIV_RT__3V81,17.0,-5.138,-6.211,1.0730000000000004
bbflow_refine,THSR__7UTZ,7.0,-6.163,-6.164,0.0009999999999994458
bbflow_refine,THSR__7UTZ,27.0,-6.131,-6.164,0.032999999999999474
bbflow_refine,Bcl-xL,7.0,-8.391,-8.693,0.3019999999999996
bbflow_refine,Bcl-xL,27.0,-7.962,-8.693,0.7309999999999999
bbflow_refine,betaLG,17.0,-5.082,-4.265,-0.8170000000000002
bbflow_refine,NDPK-A,7.0,-6.199,-6.513,0.31400000000000006
bbflow_refine,NDPK-A,27.0,-6.547,-6.513,-0.03399999999999981
bbflow_refine,GLTP,17.0,-4.189,-5.173,0.984
bbflow_refine,SHP2,7.0,-7.399,-8.742,1.3430000000000009
bbflow_refine,SHP2,27.0,-8.548,-8.742,0.19400000000000084
bbflow_refine,METTL14,17.0,-7.269,-7.552,0.2829999999999995
bbflow_refine,FUT8,7.0,-5.689,-8.302,2.6129999999999995
bbflow_refine,FUT8,27.0,-7.709,-8.302,0.593
bbflow_refine,p53_Y220C,18.0,-4.487,-4.982,0.4950000000000001
bbflow_refine,CB1,8.0,-8.557,-10.51,1.9529999999999994
bbflow_refine,CB1,28.0,-8.637,-10.51,1.8729999999999993
bbflow_refine,KRAS,18.0,-6.224,-5.57,-0.6539999999999999
bbflow_refine,cAbl,8.0,-8.323,-7.236,-1.0870000000000006
bbflow_refine,cAbl,28.0,-8.014,-7.236,-0.7779999999999996
bbflow_refine,HIF2alpha,18.0,-3.22,-8.663,5.443
bbflow_refine,HIV_RT,8.0,-6.952,-6.593,-0.359
bbflow_refine,HIV_RT,28.0,-7.493,-6.593,-0.9000000000000004
bbflow_refine,HIV1_CA,18.0,-4.847,-7.011,2.1639999999999997
bbflow_refine,Menin,8.0,-6.664,-7.089,0.4250000000000007
bbflow_refine,Menin,28.0,-5.742,-7.089,1.3470000000000004
bbflow_refine,GCGR,18.0,-3.94,-3.657,-0.2829999999999999
bbflow_refine,THSR,8.0,-10.09,-9.138,-0.952
bbflow_refine,THSR,28.0,-11.0,-9.138,-1.862
bbflow_refine,p53_Y220C__4AGQ,18.0,-5.645,-5.378,-0.26699999999999946
bbflow_refine,HIF2alpha__6D0B,8.0,3.318,-10.48,13.798
bbflow_refine,HIF2alpha__6D0B,28.0,-2.27,-10.48,8.21
bbflow_refine,HIV_RT__3V81,18.0,-3.78,-6.211,2.4310000000000005
bbflow_refine,THSR__7UTZ,8.0,-6.362,-6.164,-0.1980000000000004
bbflow_refine,THSR__7UTZ,28.0,-5.345,-6.164,0.819
bbflow_refine,Bcl-xL,8.0,-6.918,-8.693,1.7749999999999995
bbflow_refine,Bcl-xL,28.0,-7.956,-8.693,0.7369999999999992
bbflow_refine,betaLG,18.0,-4.823,-4.265,-0.5580000000000007
bbflow_refine,NDPK-A,8.0,-5.237,-6.513,1.2759999999999998
bbflow_refine,NDPK-A,28.0,-5.943,-6.513,0.5700000000000003
bbflow_refine,GLTP,18.0,-4.637,-5.173,0.5360000000000005
bbflow_refine,SHP2,8.0,-6.705,-8.742,2.037000000000001
bbflow_refine,SHP2,28.0,-6.221,-8.742,2.521000000000001
bbflow_refine,METTL14,18.0,-7.097,-7.552,0.4549999999999992
bbflow_refine,FUT8,8.0,-6.058,-8.302,2.2439999999999998
bbflow_refine,FUT8,28.0,-8.028,-8.302,0.27399999999999913
bbflow_refine,p53_Y220C,19.0,-4.288,-4.982,0.694
bbflow_refine,CB1,9.0,-7.172,-10.51,3.338
bbflow_refine,CB1,29.0,-9.661,-10.51,0.8490000000000002
bbflow_refine,KRAS,19.0,-6.887,-5.57,-1.3169999999999993
bbflow_refine,cAbl,9.0,-9.105,-7.236,-1.8690000000000007
bbflow_refine,cAbl,29.0,-8.401,-7.236,-1.165
bbflow_refine,HIF2alpha,19.0,-3.216,-8.663,5.447
bbflow_refine,HIV_RT,9.0,-6.534,-6.593,0.05900000000000016
bbflow_refine,HIV_RT,29.0,-7.259,-6.593,-0.6660000000000004
bbflow_refine,HIV1_CA,19.0,-6.435,-7.011,0.5760000000000005
bbflow_refine,Menin,9.0,-6.487,-7.089,0.6020000000000003
bbflow_refine,Menin,29.0,-6.061,-7.089,1.0280000000000005
bbflow_refine,GCGR,19.0,-3.485,-3.657,0.17200000000000015
bbflow_refine,THSR,9.0,-9.14,-9.138,-0.002000000000000668
bbflow_refine,THSR,29.0,-10.55,-9.138,-1.4120000000000008
bbflow_refine,p53_Y220C__4AGQ,19.0,-4.902,-5.378,0.476
bbflow_refine,HIF2alpha__6D0B,9.0,-2.693,-10.48,7.787000000000001
bbflow_refine,HIF2alpha__6D0B,29.0,0.215,-10.48,10.695
bbflow_refine,HIV_RT__3V81,19.0,-6.979,-6.211,-0.7679999999999998
bbflow_refine,THSR__7UTZ,9.0,-6.493,-6.164,-0.3290000000000006
bbflow_refine,THSR__7UTZ,29.0,-6.43,-6.164,-0.266
bbflow_refine,Bcl-xL,9.0,-7.974,-8.693,0.7189999999999994
bbflow_refine,Bcl-xL,29.0,-8.066,-8.693,0.6269999999999989
bbflow_refine,betaLG,19.0,-5.897,-4.265,-1.6320000000000006
bbflow_refine,NDPK-A,9.0,-6.98,-6.513,-0.4670000000000005
bbflow_refine,NDPK-A,29.0,-5.849,-6.513,0.6639999999999997
bbflow_refine,GLTP,19.0,-3.987,-5.173,1.186
bbflow_refine,SHP2,9.0,-6.846,-8.742,1.8960000000000008
bbflow_refine,SHP2,29.0,-8.048,-8.742,0.6940000000000008
bbflow_refine,METTL14,19.0,-6.089,-7.552,1.4629999999999992
bbflow_refine,FUT8,9.0,-8.299,-8.302,0.0030000000000001137
bbflow_refine,FUT8,29.0,-8.492,-8.302,-0.19000000000000128
bbflow_refine,p53_Y220C,1.0,-4.625,-4.982,0.3570000000000002
bbflow_refine,p53_Y220C,21.0,-5.067,-4.982,-0.08499999999999996
bbflow_refine,CB1,11.0,-10.12,-10.51,0.39000000000000057
bbflow_refine,KRAS,1.0,-5.713,-5.57,-0.1429999999999998
bbflow_refine,KRAS,21.0,-6.453,-5.57,-0.883
bbflow_refine,cAbl,11.0,-8.044,-7.236,-0.8080000000000007
bbflow_refine,HIF2alpha,1.0,-4.006,-8.663,4.657
bbflow_refine,HIF2alpha,21.0,-3.369,-8.663,5.2940000000000005
bbflow_refine,HIV_RT,11.0,-6.311,-6.593,0.28200000000000003
bbflow_refine,HIV1_CA,1.0,-6.757,-7.011,0.25400000000000045
bbflow_refine,HIV1_CA,21.0,-7.062,-7.011,-0.051000000000000156
bbflow_refine,Menin,11.0,-6.356,-7.089,0.7330000000000005
bbflow_refine,GCGR,1.0,-4.495,-3.657,-0.8380000000000001
bbflow_refine,GCGR,21.0,-3.512,-3.657,0.14500000000000002
bbflow_refine,THSR,11.0,-3.897,-9.138,5.241
bbflow_refine,p53_Y220C__4AGQ,1.0,-5.169,-5.378,0.20900000000000052
bbflow_refine,p53_Y220C__4AGQ,21.0,-7.064,-5.378,-1.686
bbflow_refine,HIF2alpha__6D0B,11.0,-3.437,-10.48,7.043000000000001
bbflow_refine,HIV_RT__3V81,1.0,-6.096,-6.211,0.11500000000000021
bbflow_refine,HIV_RT__3V81,21.0,-7.314,-6.211,-1.1029999999999998
bbflow_refine,THSR__7UTZ,11.0,-3.988,-6.164,2.1759999999999997
bbflow_refine,Bcl-xL,11.0,-7.852,-8.693,0.8409999999999993
bbflow_refine,betaLG,1.0,-4.559,-4.265,-0.2940000000000005
bbflow_refine,betaLG,21.0,-4.477,-4.265,-0.21200000000000063
bbflow_refine,NDPK-A,11.0,-6.458,-6.513,0.054999999999999716
bbflow_refine,GLTP,1.0,-4.801,-5.173,0.3719999999999999
bbflow_refine,GLTP,21.0,-5.198,-5.173,-0.025000000000000355
bbflow_refine,SHP2,11.0,-7.744,-8.742,0.9980000000000011
bbflow_refine,METTL14,1.0,-7.181,-7.552,0.37099999999999955
bbflow_refine,METTL14,21.0,-7.489,-7.552,0.06299999999999972
bbflow_refine,FUT8,11.0,-8.026,-8.302,0.2759999999999998
bbflow_refine,p53_Y220C,2.0,-4.778,-4.982,0.20400000000000063
bbflow_refine,p53_Y220C,22.0,-5.595,-4.982,-0.6129999999999995
bbflow_refine,CB1,12.0,-8.637,-10.51,1.8729999999999993
bbflow_refine,KRAS,2.0,-5.035,-5.57,0.5350000000000001
bbflow_refine,KRAS,22.0,-7.593,-5.57,-2.0229999999999997
bbflow_refine,cAbl,12.0,-9.689,-7.236,-2.4530000000000003
bbflow_refine,HIF2alpha,2.0,1.405,-8.663,10.068
bbflow_refine,HIF2alpha,22.0,-3.843,-8.663,4.82
bbflow_refine,HIV_RT,12.0,-6.898,-6.593,-0.3049999999999997
bbflow_refine,HIV1_CA,2.0,-6.84,-7.011,0.17100000000000026
bbflow_refine,HIV1_CA,22.0,-7.201,-7.011,-0.1899999999999995
bbflow_refine,Menin,12.0,-6.015,-7.089,1.0740000000000007
bbflow_refine,GCGR,2.0,-3.496,-3.657,0.16100000000000003
bbflow_refine,GCGR,22.0,-3.835,-3.657,-0.17799999999999994
bbflow_refine,THSR,12.0,-10.59,-9.138,-1.452
bbflow_refine,p53_Y220C__4AGQ,2.0,-5.206,-5.378,0.1719999999999997
bbflow_refine,p53_Y220C__4AGQ,22.0,-5.433,-5.378,-0.054999999999999716
bbflow_refine,HIF2alpha__6D0B,12.0,-5.4,-10.48,5.08
bbflow_refine,HIV_RT__3V81,2.0,-6.291,-6.211,-0.08000000000000007
bbflow_refine,HIV_RT__3V81,22.0,-5.927,-6.211,0.2840000000000007
bbflow_refine,THSR__7UTZ,12.0,-6.095,-6.164,0.06899999999999995
bbflow_refine,Bcl-xL,12.0,-6.57,-8.693,2.1229999999999993
bbflow_refine,betaLG,2.0,-5.253,-4.265,-0.9880000000000004
bbflow_refine,betaLG,22.0,-5.025,-4.265,-0.7600000000000007
bbflow_refine,NDPK-A,12.0,-6.26,-6.513,0.2530000000000001
bbflow_refine,GLTP,2.0,-5.58,-5.173,-0.40700000000000003
bbflow_refine,GLTP,22.0,-4.18,-5.173,0.9930000000000003
bbflow_refine,SHP2,12.0,-6.792,-8.742,1.950000000000001
bbflow_refine,METTL14,2.0,-5.895,-7.552,1.657
bbflow_refine,METTL14,22.0,-5.921,-7.552,1.6309999999999993
bbflow_refine,FUT8,12.0,-7.93,-8.302,0.3719999999999999
bbflow_refine,p53_Y220C,3.0,-5.227,-4.982,-0.2450000000000001
bbflow_refine,p53_Y220C,23.0,-4.213,-4.982,0.7690000000000001
bbflow_refine,CB1,13.0,-9.522,-10.51,0.9879999999999995
bbflow_refine,KRAS,3.0,-6.019,-5.57,-0.44899999999999984
bbflow_refine,KRAS,23.0,-5.323,-5.57,0.2469999999999999
bbflow_refine,cAbl,13.0,-9.463,-7.236,-2.2269999999999994
bbflow_refine,HIF2alpha,3.0,-3.661,-8.663,5.002000000000001
bbflow_refine,HIF2alpha,23.0,-3.247,-8.663,5.416
bbflow_refine,HIV_RT,13.0,-6.441,-6.593,0.15200000000000014
bbflow_refine,HIV1_CA,3.0,-6.875,-7.011,0.13600000000000012
bbflow_refine,HIV1_CA,23.0,-7.15,-7.011,-0.13900000000000023
bbflow_refine,Menin,13.0,-6.056,-7.089,1.0330000000000004
bbflow_refine,GCGR,3.0,-4.382,-3.657,-0.7249999999999996
bbflow_refine,GCGR,23.0,-3.989,-3.657,-0.33199999999999985
bbflow_refine,THSR,13.0,-6.824,-9.138,2.314
bbflow_refine,p53_Y220C__4AGQ,3.0,-5.351,-5.378,0.027000000000000135
bbflow_refine,p53_Y220C__4AGQ,23.0,-5.252,-5.378,0.12600000000000033
bbflow_refine,HIF2alpha__6D0B,13.0,-0.361,-10.48,10.119
bbflow_refine,HIV_RT__3V81,3.0,-6.122,-6.211,0.08900000000000041
bbflow_refine,HIV_RT__3V81,23.0,-6.303,-6.211,-0.09199999999999964
bbflow_refine,THSR__7UTZ,13.0,-4.693,-6.164,1.471
bbflow_refine,Bcl-xL,13.0,-8.194,-8.693,0.4989999999999988
bbflow_refine,betaLG,3.0,-4.711,-4.265,-0.4460000000000006
bbflow_refine,betaLG,23.0,-4.891,-4.265,-0.6260000000000003
bbflow_refine,NDPK-A,13.0,-7.902,-6.513,-1.3890000000000002
bbflow_refine,GLTP,3.0,-4.606,-5.173,0.5670000000000002
bbflow_refine,GLTP,23.0,-5.244,-5.173,-0.07099999999999973
bbflow_refine,SHP2,13.0,-8.306,-8.742,0.4360000000000017
bbflow_refine,METTL14,3.0,-6.998,-7.552,0.5539999999999994
bbflow_refine,METTL14,23.0,-6.081,-7.552,1.4709999999999992
bbflow_refine,FUT8,13.0,-8.114,-8.302,0.18799999999999883
bbflow_refine,p53_Y220C,4.0,-4.271,-4.982,0.7110000000000003
bbflow_refine,p53_Y220C,24.0,-4.281,-4.982,0.7010000000000005
bbflow_refine,CB1,14.0,-7.385,-10.51,3.125
bbflow_refine,KRAS,4.0,-6.354,-5.57,-0.7839999999999998
bbflow_refine,KRAS,24.0,-6.158,-5.57,-0.5880000000000001
bbflow_refine,cAbl,14.0,-8.961,-7.236,-1.7250000000000005
bbflow_refine,HIF2alpha,4.0,-4.15,-8.663,4.513
bbflow_refine,HIF2alpha,24.0,-4.563,-8.663,4.1000000000000005
bbflow_refine,HIV_RT,14.0,-6.482,-6.593,0.11099999999999977
bbflow_refine,HIV1_CA,4.0,-6.57,-7.011,0.44099999999999984
bbflow_refine,HIV1_CA,24.0,-7.063,-7.011,-0.0519999999999996
bbflow_refine,Menin,14.0,-6.211,-7.089,0.8780000000000001
bbflow_refine,GCGR,4.0,-4.198,-3.657,-0.5410000000000004
bbflow_refine,GCGR,24.0,-3.881,-3.657,-0.22399999999999975
bbflow_refine,THSR,14.0,-10.48,-9.138,-1.3420000000000005
bbflow_refine,p53_Y220C__4AGQ,4.0,-5.031,-5.378,0.3470000000000004
bbflow_refine,p53_Y220C__4AGQ,24.0,-5.176,-5.378,0.20199999999999996
bbflow_refine,HIF2alpha__6D0B,14.0,-5.358,-10.48,5.122000000000001
bbflow_refine,HIV_RT__3V81,4.0,-5.024,-6.211,1.1870000000000003
bbflow_refine,HIV_RT__3V81,24.0,-8.895,-6.211,-2.6839999999999993
bbflow_refine,THSR__7UTZ,14.0,-6.079,-6.164,0.08499999999999996
bbflow_refine,Bcl-xL,14.0,-8.27,-8.693,0.42300000000000004
bbflow_refine,betaLG,4.0,-4.677,-4.265,-0.4119999999999999
bbflow_refine,betaLG,24.0,-4.865,-4.265,-0.6000000000000005
bbflow_refine,NDPK-A,14.0,-5.538,-6.513,0.9749999999999996
bbflow_refine,GLTP,4.0,-4.325,-5.173,0.8479999999999999
bbflow_refine,GLTP,24.0,-4.875,-5.173,0.29800000000000004
bbflow_refine,SHP2,14.0,-6.995,-8.742,1.7470000000000008
bbflow_refine,METTL14,4.0,-5.794,-7.552,1.758
bbflow_refine,METTL14,24.0,-6.619,-7.552,0.9329999999999998
bbflow_refine,FUT8,14.0,-6.018,-8.302,2.284
bbflow_refine,p53_Y220C,5.0,-4.367,-4.982,0.6150000000000002
bbflow_refine,p53_Y220C,25.0,-4.938,-4.982,0.04400000000000048
bbflow_refine,CB1,15.0,-9.623,-10.51,0.8870000000000005
bbflow_refine,KRAS,5.0,-6.037,-5.57,-0.46699999999999964
bbflow_refine,KRAS,25.0,-5.929,-5.57,-0.359
bbflow_refine,cAbl,15.0,-7.984,-7.236,-0.7480000000000002
bbflow_refine,HIF2alpha,5.0,-4.026,-8.663,4.6370000000000005
bbflow_refine,HIF2alpha,25.0,1.278,-8.663,9.941
bbflow_refine,HIV_RT,15.0,-5.721,-6.593,0.8719999999999999
bbflow_refine,HIV1_CA,5.0,-6.763,-7.011,0.24800000000000022
bbflow_refine,HIV1_CA,25.0,-7.591,-7.011,-0.5800000000000001
bbflow_refine,Menin,15.0,-5.917,-7.089,1.1720000000000006
bbflow_refine,GCGR,5.0,-4.7,-3.657,-1.0430000000000001
bbflow_refine,GCGR,25.0,-4.035,-3.657,-0.3780000000000001
bbflow_refine,THSR,15.0,-9.063,-9.138,0.07499999999999929
bbflow_refine,p53_Y220C__4AGQ,5.0,-5.132,-5.378,0.24600000000000044
bbflow_refine,p53_Y220C__4AGQ,25.0,-5.043,-5.378,0.33499999999999996
bbflow_refine,HIF2alpha__6D0B,15.0,-1.433,-10.48,9.047
bbflow_refine,HIV_RT__3V81,5.0,-6.02,-6.211,0.19100000000000072
bbflow_refine,HIV_RT__3V81,25.0,-6.804,-6.211,-0.593
bbflow_refine,THSR__7UTZ,15.0,-6.248,-6.164,-0.08400000000000052
bbflow_refine,Bcl-xL,15.0,-8.007,-8.693,0.6859999999999999
bbflow_refine,betaLG,5.0,-4.629,-4.265,-0.3639999999999999
bbflow_refine,betaLG,25.0,-4.657,-4.265,-0.39200000000000035
bbflow_refine,NDPK-A,15.0,-6.531,-6.513,-0.017999999999999794
bbflow_refine,GLTP,5.0,-4.301,-5.173,0.8719999999999999
bbflow_refine,GLTP,25.0,-5.239,-5.173,-0.06599999999999984
bbflow_refine,SHP2,15.0,-7.047,-8.742,1.6950000000000012
bbflow_refine,METTL14,5.0,-6.213,-7.552,1.3389999999999995
bbflow_refine,METTL14,25.0,-7.082,-7.552,0.46999999999999975
bbflow_refine,FUT8,15.0,-8.337,-8.302,-0.03500000000000014
bbflow_refine,p53_Y220C,6.0,-4.38,-4.982,0.6020000000000003
bbflow_refine,p53_Y220C,26.0,-4.779,-4.982,0.2030000000000003
bbflow_refine,CB1,16.0,-8.387,-10.51,2.1229999999999993
bbflow_refine,KRAS,6.0,-5.85,-5.57,-0.27999999999999936
bbflow_refine,KRAS,26.0,-6.281,-5.57,-0.7109999999999994
bbflow_refine,cAbl,16.0,-8.044,-7.236,-0.8080000000000007
bbflow_refine,HIF2alpha,6.0,-3.483,-8.663,5.18
bbflow_refine,HIF2alpha,26.0,-3.873,-8.663,4.79
bbflow_refine,HIV_RT,16.0,-6.956,-6.593,-0.36300000000000043
bbflow_refine,HIV1_CA,6.0,-6.622,-7.011,0.38900000000000023
bbflow_refine,HIV1_CA,26.0,-7.141,-7.011,-0.1299999999999999
bbflow_refine,Menin,16.0,-6.304,-7.089,0.7850000000000001
bbflow_refine,GCGR,6.0,-4.116,-3.657,-0.45899999999999963
bbflow_refine,GCGR,26.0,-3.897,-3.657,-0.23999999999999977
bbflow_refine,THSR,16.0,-10.48,-9.138,-1.3420000000000005
bbflow_refine,p53_Y220C__4AGQ,6.0,-5.733,-5.378,-0.35499999999999954
bbflow_refine,p53_Y220C__4AGQ,26.0,-5.14,-5.378,0.23800000000000043
bbflow_refine,HIF2alpha__6D0B,16.0,-1.596,-10.48,8.884
bbflow_refine,HIV_RT__3V81,6.0,-5.982,-6.211,0.2290000000000001
bbflow_refine,HIV_RT__3V81,26.0,-5.951,-6.211,0.2600000000000007
bbflow_refine,THSR__7UTZ,16.0,-6.093,-6.164,0.07099999999999973
bbflow_refine,Bcl-xL,16.0,-8.171,-8.693,0.5220000000000002
bbflow_refine,betaLG,6.0,-5.839,-4.265,-1.5740000000000007
bbflow_refine,betaLG,26.0,-4.907,-4.265,-0.6420000000000003
bbflow_refine,NDPK-A,16.0,-5.921,-6.513,0.5919999999999996
bbflow_refine,GLTP,6.0,-4.499,-5.173,0.6740000000000004
bbflow_refine,GLTP,26.0,-5.168,-5.173,0.004999999999999893
bbflow_refine,SHP2,16.0,-8.531,-8.742,0.2110000000000003
bbflow_refine,METTL14,6.0,-7.247,-7.552,0.3049999999999997
bbflow_refine,METTL14,26.0,-6.244,-7.552,1.3079999999999998
bbflow_refine,FUT8,16.0,-7.992,-8.302,0.3099999999999996
bbflow_refine,p53_Y220C,7.0,-4.188,-4.982,0.7940000000000005
bbflow_refine,p53_Y220C,27.0,-6.105,-4.982,-1.1230000000000002
bbflow_refine,CB1,17.0,-9.685,-10.51,0.8249999999999993
bbflow_refine,KRAS,7.0,-5.863,-5.57,-0.29300000000000015
bbflow_refine,KRAS,27.0,-7.013,-5.57,-1.4429999999999996
bbflow_refine,cAbl,17.0,-9.543,-7.236,-2.3069999999999995
bbflow_refine,HIF2alpha,7.0,-4.613,-8.663,4.05
bbflow_refine,HIF2alpha,27.0,-3.637,-8.663,5.026
bbflow_refine,HIV_RT,17.0,-8.23,-6.593,-1.6370000000000005
bbflow_refine,HIV1_CA,7.0,-6.323,-7.011,0.6879999999999997
bbflow_refine,HIV1_CA,27.0,-6.668,-7.011,0.34299999999999997
bbflow_refine,Menin,17.0,-6.079,-7.089,1.0100000000000007
bbflow_refine,GCGR,7.0,-3.719,-3.657,-0.06199999999999983
bbflow_refine,GCGR,27.0,-4.274,-3.657,-0.617
bbflow_refine,THSR,17.0,-9.731,-9.138,-0.593
bbflow_refine,p53_Y220C__4AGQ,7.0,-4.911,-5.378,0.4670000000000005
bbflow_refine,p53_Y220C__4AGQ,27.0,-4.782,-5.378,0.5960000000000001
bbflow_refine,HIF2alpha__6D0B,17.0,-4.304,-10.48,6.176
bbflow_refine,HIV_RT__3V81,7.0,-5.161,-6.211,1.0500000000000007
bbflow_refine,HIV_RT__3V81,27.0,-4.282,-6.211,1.9290000000000003
bbflow_refine,THSR__7UTZ,17.0,-5.986,-6.164,0.17799999999999994
bbflow_refine,Bcl-xL,17.0,-8.036,-8.693,0.657
bbflow_refine,betaLG,7.0,-4.643,-4.265,-0.3780000000000001
bbflow_refine,betaLG,27.0,-4.45,-4.265,-0.1850000000000005
bbflow_refine,NDPK-A,17.0,-6.877,-6.513,-0.3639999999999999
bbflow_refine,GLTP,7.0,-4.275,-5.173,0.8979999999999997
bbflow_refine,GLTP,27.0,-4.264,-5.173,0.9089999999999998
bbflow_refine,SHP2,17.0,-8.357,-8.742,0.38500000000000156
bbflow_refine,METTL14,7.0,-6.732,-7.552,0.8199999999999994
bbflow_refine,METTL14,27.0,-6.722,-7.552,0.8299999999999992
bbflow_refine,FUT8,17.0,-7.989,-8.302,0.3129999999999997
bbflow_refine,p53_Y220C,8.0,-4.485,-4.982,0.4969999999999999
bbflow_refine,p53_Y220C,28.0,-4.388,-4.982,0.5940000000000003
bbflow_refine,CB1,18.0,-9.526,-10.51,0.984
bbflow_refine,KRAS,8.0,-6.01,-5.57,-0.4399999999999995
bbflow_refine,KRAS,28.0,-5.676,-5.57,-0.10599999999999987
bbflow_refine,cAbl,18.0,-8.894,-7.236,-1.6580000000000004
bbflow_refine,HIF2alpha,8.0,-3.793,-8.663,4.87
bbflow_refine,HIF2alpha,28.0,-3.761,-8.663,4.902
bbflow_refine,HIV_RT,18.0,-7.725,-6.593,-1.1319999999999997
bbflow_refine,HIV1_CA,8.0,-6.818,-7.011,0.1930000000000005
bbflow_refine,HIV1_CA,28.0,-7.131,-7.011,-0.1200000000000001
bbflow_refine,Menin,18.0,-6.084,-7.089,1.0050000000000008
bbflow_refine,GCGR,8.0,-4.229,-3.657,-0.5720000000000001
bbflow_refine,GCGR,28.0,-4.752,-3.657,-1.0949999999999998
bbflow_refine,THSR,18.0,-8.634,-9.138,0.5039999999999996
bbflow_refine,p53_Y220C__4AGQ,8.0,-5.092,-5.378,0.2860000000000005
bbflow_refine,p53_Y220C__4AGQ,28.0,-5.198,-5.378,0.17999999999999972
bbflow_refine,HIF2alpha__6D0B,18.0,-2.859,-10.48,7.621
bbflow_refine,HIV_RT__3V81,8.0,-6.487,-6.211,-0.2759999999999998
bbflow_refine,HIV_RT__3V81,28.0,-5.514,-6.211,0.6970000000000001
bbflow_refine,THSR__7UTZ,18.0,-5.944,-6.164,0.21999999999999975
bbflow_refine,Bcl-xL,18.0,-6.216,-8.693,2.4769999999999994
bbflow_refine,betaLG,8.0,-4.618,-4.265,-0.35300000000000065
bbflow_refine,betaLG,28.0,-4.804,-4.265,-0.5390000000000006
bbflow_refine,NDPK-A,18.0,-6.333,-6.513,0.17999999999999972
bbflow_refine,GLTP,8.0,-4.283,-5.173,0.8899999999999997
bbflow_refine,GLTP,28.0,-4.997,-5.173,0.17600000000000016
bbflow_refine,SHP2,18.0,-7.082,-8.742,1.660000000000001
bbflow_refine,METTL14,8.0,-5.787,-7.552,1.7649999999999997
bbflow_refine,METTL14,28.0,-7.201,-7.552,0.351
bbflow_refine,FUT8,18.0,-7.66,-8.302,0.6419999999999995
bbflow_refine,p53_Y220C,9.0,-4.856,-4.982,0.12600000000000033
bbflow_refine,p53_Y220C,29.0,-4.196,-4.982,0.7860000000000005
bbflow_refine,CB1,19.0,-9.153,-10.51,1.3569999999999993
bbflow_refine,KRAS,9.0,-6.224,-5.57,-0.6539999999999999
bbflow_refine,KRAS,29.0,-5.37,-5.57,0.20000000000000018
bbflow_refine,cAbl,19.0,-8.799,-7.236,-1.5629999999999997
bbflow_refine,HIF2alpha,9.0,-4.713,-8.663,3.95
bbflow_refine,HIF2alpha,29.0,-3.463,-8.663,5.2
bbflow_refine,HIV_RT,19.0,-6.8,-6.593,-0.20699999999999985
bbflow_refine,HIV1_CA,9.0,-6.444,-7.011,0.5670000000000002
bbflow_refine,HIV1_CA,29.0,-6.991,-7.011,0.020000000000000462
bbflow_refine,Menin,19.0,-5.906,-7.089,1.1830000000000007
bbflow_refine,GCGR,9.0,-4.306,-3.657,-0.649
bbflow_refine,GCGR,29.0,-4.779,-3.657,-1.1219999999999999
bbflow_refine,THSR,19.0,-8.39,-9.138,0.7479999999999993
bbflow_refine,p53_Y220C__4AGQ,9.0,-5.653,-5.378,-0.27499999999999947
bbflow_refine,p53_Y220C__4AGQ,29.0,-5.001,-5.378,0.3769999999999998
bbflow_refine,HIF2alpha__6D0B,19.0,2.036,-10.48,12.516
bbflow_refine,HIV_RT__3V81,9.0,-5.652,-6.211,0.5590000000000002
bbflow_refine,HIV_RT__3V81,29.0,-5.851,-6.211,0.3600000000000003
bbflow_refine,THSR__7UTZ,19.0,-6.201,-6.164,-0.03699999999999992
bbflow_refine,Bcl-xL,19.0,-7.994,-8.693,0.6989999999999998
bbflow_refine,betaLG,9.0,-5.052,-4.265,-0.7869999999999999
bbflow_refine,betaLG,29.0,-4.79,-4.265,-0.5250000000000004
bbflow_refine,NDPK-A,19.0,-6.844,-6.513,-0.3310000000000004
bbflow_refine,GLTP,9.0,-4.309,-5.173,0.8639999999999999
bbflow_refine,GLTP,29.0,-3.958,-5.173,1.2149999999999999
bbflow_refine,SHP2,19.0,-8.463,-8.742,0.2790000000000017
bbflow_refine,METTL14,9.0,-6.973,-7.552,0.5789999999999997
bbflow_refine,METTL14,29.0,-6.696,-7.552,0.8559999999999999
bbflow_refine,FUT8,19.0,-8.288,-8.302,0.013999999999999346
apo2mol,HIF2alpha,28.0,-7.533,-8.663,1.13
apo2mol,HIF2alpha,18.0,-7.551,-8.663,1.112
apo2mol,p53_Y220C,20.0,-6.668,-4.982,-1.686
bioemu_refine,betaLG,1000.0,-5.666,-4.265,-1.4010000000000007
apo2mol,betaLG,19.0,-4.427,-4.265,-0.16199999999999992
boltz2,HIV_RT__3V81,7.0,-3.912,-6.211,2.2990000000000004
bioemu_refine,betaLG,1100.0,-4.87,-4.265,-0.6050000000000004
boltz2,HIV_RT,7.0,-4.836,-6.593,1.7569999999999997
boltz2,HIF2alpha,7.0,-3.67,-8.663,4.993
apo2mol,betaLG,15.0,-4.3,-4.265,-0.03500000000000014
boltz2,HIF2alpha,9.0,-3.197,-8.663,5.466
bioemu_refine,SHP2,1700.0,-9.148,-8.742,-0.4059999999999988
bioemu_refine,SHP2,1200.0,-7.759,-8.742,0.9830000000000005
bioemu_refine,SHP2,1800.0,-7.503,-8.742,1.2390000000000008
apo2mol,cAbl,25.0,-9.338,-7.236,-2.1019999999999994
bioemu_refine,SHP2,1100.0,-6.992,-8.742,1.7500000000000009
boltz2,Menin,9.0,-7.033,-7.089,0.05600000000000005
boltz2,Menin,4.0,-7.305,-7.089,-0.2159999999999993
apo2mol,NDPK-A,16.0,-6.347,-6.513,0.16599999999999948
bioemu_refine,NDPK-A,1300.0,-6.571,-6.513,-0.05799999999999983
bioemu_refine,NDPK-A,2200.0,-6.182,-6.513,0.3309999999999995
bioemu_refine,NDPK-A,1500.0,-6.566,-6.513,-0.052999999999999936
apo2mol,NDPK-A,13.0,-6.684,-6.513,-0.17100000000000026
bioemu_refine,NDPK-A,1800.0,-6.968,-6.513,-0.45500000000000007
bioemu_refine,NDPK-A,1100.0,-6.096,-6.513,0.4169999999999998
bioemu_refine,NDPK-A,1400.0,-6.289,-6.513,0.2240000000000002
apo2mol,NDPK-A,19.0,-6.49,-6.513,0.022999999999999687
apo2mol,GLTP,12.0,-5.267,-5.173,-0.0940000000000003
apo2mol,NDPK-A,11.0,-6.867,-6.513,-0.3540000000000001
apo2mol,GLTP,11.0,-5.712,-5.173,-0.5389999999999997
apo2mol,GLTP,14.0,-5.198,-5.173,-0.025000000000000355
prody_rfd3,HIF2alpha,10.0,-1.598,-8.663,7.065
prody_rfd3,HIF2alpha,14.0,-4.918,-8.663,3.745
prody_rfd3,HIF2alpha,17.0,-4.625,-8.663,4.038
prody_rfd3,HIF2alpha,12.0,-5.291,-8.663,3.372
prody_rfd3,HIF2alpha,13.0,-4.699,-8.663,3.9640000000000004
boltz2,SHP2,10.0,-7.466,-8.742,1.2760000000000007
boltz2,p53_Y220C__4AGQ,6.0,-5.214,-5.378,0.1639999999999997
prody_rfd3,HIF2alpha__6D0B,10.0,-0.475,-10.48,10.005
boltz2,p53_Y220C__4AGQ,8.0,-5.726,-5.378,-0.34799999999999986
prody_rfd3,HIF2alpha__6D0B,12.0,-5.541,-10.48,4.939
prody_rfd3,HIF2alpha__6D0B,14.0,-4.767,-10.48,5.713
prody_rfd3,betaLG,10.0,-4.796,-4.265,-0.5310000000000006
prody_rfd3,HIF2alpha__6D0B,17.0,-0.822,-10.48,9.658000000000001
prody_rfd3,HIF2alpha__6D0B,13.0,-2.626,-10.48,7.854000000000001
boltz2,NDPK-A,10.0,-4.371,-6.513,2.1419999999999995
prody_rfd3,betaLG,11.0,-4.603,-4.265,-0.3380000000000001
prody_rfd3,betaLG,14.0,-4.832,-4.265,-0.5670000000000002
boltz2,KRAS,4.0,-6.267,-5.57,-0.6970000000000001
boltz2,KRAS,5.0,-6.456,-5.57,-0.8860000000000001
prody_rfd3,betaLG,17.0,-4.505,-4.265,-0.2400000000000002
prody_rfd3,betaLG,16.0,-5.116,-4.265,-0.851
prody_rfd3,SHP2,10.0,-7.131,-8.742,1.6110000000000007
prody_rfd3,SHP2,16.0,-8.226,-8.742,0.516
prody_rfd3,GLTP,10.0,-4.981,-5.173,0.19200000000000017
prody_rfd3,NDPK-A,10.0,-6.161,-6.513,0.3520000000000003
prody_rfd3,cAbl,10.0,-8.334,-7.236,-1.0979999999999999
prody_rfd3,CB1,14.0,-7.301,-10.51,3.2089999999999996
prody_rfd3,CB1,12.0,-9.607,-10.51,0.9030000000000005
boltz2,CB1,5.0,-8.135,-10.51,2.375
prody_rfd3,CB1,20.0,-10.189,-10.51,0.32099999999999973
bioemu_refine,FUT8,2000.0,-8.234,-8.302,0.06799999999999962
bioemu_refine,FUT8,1400.0,-8.036,-8.302,0.266
bioemu_refine,FUT8,1300.0,-7.807,-8.302,0.4949999999999992
bioemu_refine,FUT8,1100.0,-6.987,-8.302,1.3149999999999995
prody_rfd3,CB1,21.0,-7.989,-10.51,2.521
prody_rfd3,CB1,13.0,-8.821,-10.51,1.689
bioemu_refine,FUT8,1000.0,-6.971,-8.302,1.3309999999999995
bioemu_refine,FUT8,1900.0,-6.924,-8.302,1.3779999999999992
rfd3_fix7,betaLG,200.0,-4.919,-4.265,-0.6539999999999999
boltz2,CB1,3.0,-9.149,-10.51,1.3610000000000007
prody_rfd3,CB1,15.0,-9.07,-10.51,1.4399999999999995
rfd3_fix7,NDPK-A,200.0,-6.492,-6.513,0.020999999999999908
rfd3_fix7,NDPK-A,201.0,-6.73,-6.513,-0.21700000000000053
boltz2,METTL14,11.0,-6.409,-7.552,1.1429999999999998
rfd3_fix7,SHP2,200.0,-7.295,-8.742,1.447000000000001
rfd3_fix7,NDPK-A,202.0,-6.576,-6.513,-0.06299999999999972
rfd3_fix7,NDPK-A,203.0,-6.807,-6.513,-0.2940000000000005
rfd3_fix7,NDPK-A,204.0,-6.366,-6.513,0.14700000000000024
rfd3_fix7,FUT8,301.0,-7.898,-8.302,0.4039999999999999
rfd3_fix7,FUT8,204.0,-8.642,-8.302,-0.33999999999999986
rfd3_fix7,FUT8,303.0,-8.312,-8.302,-0.009999999999999787
boltz2,METTL14,10.0,-5.146,-7.552,2.4059999999999997
rfd3_fix7,FUT8,401.0,-7.943,-8.302,0.359
rfd3_fix7,METTL14,203.0,-6.045,-7.552,1.5069999999999997
rfd3_fix7,METTL14,200.0,-5.889,-7.552,1.6629999999999994
rfd3_fix7,METTL14,201.0,-6.378,-7.552,1.1739999999999995
rfd3_fix7,METTL14,204.0,-5.904,-7.552,1.6479999999999997
rfd3_fix7,METTL14,202.0,-5.802,-7.552,1.75
boltz2,HIV1_CA,4.0,-6.813,-7.011,0.1980000000000004
boltz2,HIV1_CA,6.0,-7.046,-7.011,-0.03500000000000014
bioemu_refine,Bcl-xL,1100.0,-7.384,-8.693,1.3089999999999993
esmfold2,Bcl-xL,10.0,-7.445,-8.693,1.2479999999999993
bioemu_refine,Bcl-xL,1200.0,-7.276,-8.693,1.4169999999999998
apo2mol,THSR__7UTZ,20.0,-6.458,-6.164,-0.2940000000000005
bioemu_refine,Bcl-xL,1500.0,-6.388,-8.693,2.3049999999999997
boltz2,THSR__7UTZ,5.0,-5.722,-6.164,0.4419999999999993
rfd3_fix7,Bcl-xL,200.0,-9.156,-8.693,-0.46300000000000097
bioemu_refine,Bcl-xL,1400.0,-6.532,-8.693,2.1609999999999996
apo2mol,THSR__7UTZ,24.0,-6.379,-6.164,-0.21499999999999986
boltz2,Bcl-xL,16.0,-6.391,-8.693,2.3019999999999996
boltz2,Bcl-xL,11.0,-6.608,-8.693,2.085
apo2mol,HIV1_CA,10.0,-7.586,-7.011,-0.5750000000000002
boltz2,Bcl-xL,10.0,-7.625,-8.693,1.0679999999999996
prody_rfd3,HIV1_CA,10.0,-6.782,-7.011,0.2290000000000001
boltz2,THSR__7UTZ,2.0,-4.585,-6.164,1.5789999999999997
boltz2,THSR__7UTZ,7.0,-5.83,-6.164,0.33399999999999963
boltz2,THSR__7UTZ,3.0,-4.85,-6.164,1.314
