method,target,sample_idx,vina_score,apo_vina,delta
apo2mol,GLTP,0,-4.277,-5.173,0.8959999999999999
apo2mol,GLTP,2,-6.072,-5.173,-0.899
apo2mol,GLTP,3,-5.758,-5.173,-0.585
apo2mol,GLTP,4,-5.981,-5.173,-0.8079999999999998
apo2mol,GLTP,6,-5.405,-5.173,-0.2320000000000002
apo2mol,GLTP,7,-4.3,-5.173,0.8730000000000002
apo2mol,GLTP,8,-5.041,-5.173,0.13199999999999967
apo2mol,GLTP,11,-5.712,-5.173,-0.5389999999999997
apo2mol,GLTP,12,-5.267,-5.173,-0.0940000000000003
apo2mol,GLTP,14,-5.198,-5.173,-0.025000000000000355
apo2mol,HIF2alpha,18,-7.551,-8.663,1.112
apo2mol,HIF2alpha,28,-7.533,-8.663,1.13
apo2mol,HIV1_CA,10,-7.586,-7.011,-0.5750000000000002
apo2mol,NDPK-A,0,-6.452,-6.513,0.06099999999999994
apo2mol,NDPK-A,3,-6.945,-6.513,-0.4320000000000004
apo2mol,NDPK-A,5,-6.786,-6.513,-0.2729999999999997
apo2mol,NDPK-A,11,-6.867,-6.513,-0.3540000000000001
apo2mol,NDPK-A,13,-6.684,-6.513,-0.17100000000000026
apo2mol,NDPK-A,16,-6.347,-6.513,0.16599999999999948
apo2mol,NDPK-A,19,-6.49,-6.513,0.022999999999999687
apo2mol,SHP2,5,-9.088,-8.742,-0.3459999999999983
apo2mol,THSR__7UTZ,20,-6.458,-6.164,-0.2940000000000005
apo2mol,THSR__7UTZ,24,-6.379,-6.164,-0.21499999999999986
apo2mol,betaLG,5,-6.897,-4.265,-2.6320000000000006
apo2mol,betaLG,7,-5.142,-4.265,-0.8770000000000007
apo2mol,betaLG,15,-4.3,-4.265,-0.03500000000000014
apo2mol,betaLG,19,-4.427,-4.265,-0.16199999999999992
apo2mol,cAbl,25,-9.338,-7.236,-2.1019999999999994
apo2mol,p53_Y220C,20,-6.668,-4.982,-1.686
apo2mol,p53_Y220C__4AGQ,6,-7.196,-5.378,-1.8179999999999996
bbflow_refine,Bcl-xL,0,-8.154,-8.693,0.5389999999999997
bbflow_refine,Bcl-xL,1,-7.908,-8.693,0.7849999999999993
bbflow_refine,Bcl-xL,2,-7.631,-8.693,1.0619999999999994
bbflow_refine,Bcl-xL,3,-8.322,-8.693,0.37100000000000044
bbflow_refine,Bcl-xL,4,-7.473,-8.693,1.2199999999999998
bbflow_refine,Bcl-xL,5,-8.016,-8.693,0.6769999999999996
bbflow_refine,Bcl-xL,6,-7.696,-8.693,0.9969999999999999
bbflow_refine,Bcl-xL,8,-6.918,-8.693,1.7749999999999995
bbflow_refine,Bcl-xL,9,-7.974,-8.693,0.7189999999999994
bbflow_refine,Bcl-xL,10,-8.537,-8.693,0.1559999999999988
bbflow_refine,CB1,1,-7.503,-10.51,3.0069999999999997
bbflow_refine,CB1,2,-8.387,-10.51,2.1229999999999993
bbflow_refine,CB1,4,-2.751,-10.51,7.759
bbflow_refine,CB1,6,-7.73,-10.51,2.7799999999999994
bbflow_refine,CB1,8,-8.557,-10.51,1.9529999999999994
bbflow_refine,CB1,12,-8.637,-10.51,1.8729999999999993
bbflow_refine,CB1,14,-7.385,-10.51,3.125
bbflow_refine,CB1,16,-8.387,-10.51,2.1229999999999993
bbflow_refine,CB1,17,-9.685,-10.51,0.8249999999999993
bbflow_refine,CB1,18,-9.526,-10.51,0.984
bbflow_refine,FUT8,0,-5.553,-8.302,2.7489999999999997
bbflow_refine,FUT8,2,-8.554,-8.302,-0.25200000000000067
bbflow_refine,FUT8,3,-8.217,-8.302,0.08499999999999908
bbflow_refine,FUT8,5,-8.234,-8.302,0.06799999999999962
bbflow_refine,FUT8,6,-8.069,-8.302,0.23299999999999876
bbflow_refine,FUT8,7,-5.689,-8.302,2.6129999999999995
bbflow_refine,FUT8,8,-6.058,-8.302,2.2439999999999998
bbflow_refine,FUT8,10,-8.34,-8.302,-0.038000000000000256
bbflow_refine,FUT8,13,-8.114,-8.302,0.18799999999999883
bbflow_refine,FUT8,15,-8.337,-8.302,-0.03500000000000014
bbflow_refine,GCGR,0,-4.113,-3.657,-0.4560000000000004
bbflow_refine,GCGR,7,-3.719,-3.657,-0.06199999999999983
bbflow_refine,GCGR,11,-3.532,-3.657,0.125
bbflow_refine,GCGR,12,-4.017,-3.657,-0.3600000000000003
bbflow_refine,GCGR,16,-3.689,-3.657,-0.03200000000000003
bbflow_refine,GCGR,20,-3.975,-3.657,-0.31800000000000006
bbflow_refine,GCGR,22,-3.835,-3.657,-0.17799999999999994
bbflow_refine,GCGR,24,-3.881,-3.657,-0.22399999999999975
bbflow_refine,GCGR,28,-4.752,-3.657,-1.0949999999999998
bbflow_refine,GLTP,0,-4.899,-5.173,0.274
bbflow_refine,GLTP,1,-4.801,-5.173,0.3719999999999999
bbflow_refine,GLTP,3,-4.606,-5.173,0.5670000000000002
bbflow_refine,GLTP,4,-4.325,-5.173,0.8479999999999999
bbflow_refine,GLTP,5,-4.301,-5.173,0.8719999999999999
bbflow_refine,GLTP,6,-4.499,-5.173,0.6740000000000004
bbflow_refine,GLTP,7,-4.275,-5.173,0.8979999999999997
bbflow_refine,GLTP,8,-4.283,-5.173,0.8899999999999997
bbflow_refine,GLTP,9,-4.309,-5.173,0.8639999999999999
bbflow_refine,GLTP,10,-4.223,-5.173,0.9500000000000002
bbflow_refine,HIF2alpha,0,-2.795,-8.663,5.868
bbflow_refine,HIF2alpha,1,-4.006,-8.663,4.657
bbflow_refine,HIF2alpha,2,1.405,-8.663,10.068
bbflow_refine,HIF2alpha,3,-3.661,-8.663,5.002000000000001
bbflow_refine,HIF2alpha,4,-4.15,-8.663,4.513
bbflow_refine,HIF2alpha,5,-4.026,-8.663,4.6370000000000005
bbflow_refine,HIF2alpha,6,-3.483,-8.663,5.18
bbflow_refine,HIF2alpha,7,-4.613,-8.663,4.05
bbflow_refine,HIF2alpha,8,-3.793,-8.663,4.87
bbflow_refine,HIF2alpha,9,-4.713,-8.663,3.95
bbflow_refine,HIF2alpha__6D0B,0,0.253,-10.48,10.733
bbflow_refine,HIF2alpha__6D0B,1,-2.038,-10.48,8.442
bbflow_refine,HIF2alpha__6D0B,3,-3.803,-10.48,6.6770000000000005
bbflow_refine,HIF2alpha__6D0B,4,2.224,-10.48,12.704
bbflow_refine,HIF2alpha__6D0B,5,1.072,-10.48,11.552
bbflow_refine,HIF2alpha__6D0B,6,-0.948,-10.48,9.532
bbflow_refine,HIF2alpha__6D0B,7,-5.751,-10.48,4.729
bbflow_refine,HIF2alpha__6D0B,8,3.318,-10.48,13.798
bbflow_refine,HIF2alpha__6D0B,9,-2.693,-10.48,7.787000000000001
bbflow_refine,HIF2alpha__6D0B,11,-3.437,-10.48,7.043000000000001
bbflow_refine,HIV1_CA,0,-6.838,-7.011,0.17300000000000004
bbflow_refine,HIV1_CA,1,-6.757,-7.011,0.25400000000000045
bbflow_refine,HIV1_CA,2,-6.84,-7.011,0.17100000000000026
bbflow_refine,HIV1_CA,3,-6.875,-7.011,0.13600000000000012
bbflow_refine,HIV1_CA,4,-6.57,-7.011,0.44099999999999984
bbflow_refine,HIV1_CA,5,-6.763,-7.011,0.24800000000000022
bbflow_refine,HIV1_CA,6,-6.622,-7.011,0.38900000000000023
bbflow_refine,HIV1_CA,7,-6.323,-7.011,0.6879999999999997
bbflow_refine,HIV1_CA,8,-6.818,-7.011,0.1930000000000005
bbflow_refine,HIV1_CA,9,-6.444,-7.011,0.5670000000000002
bbflow_refine,HIV_RT,0,-6.107,-6.593,0.48599999999999977
bbflow_refine,HIV_RT,1,-6.466,-6.593,0.12699999999999978
bbflow_refine,HIV_RT,2,-6.901,-6.593,-0.30799999999999983
bbflow_refine,HIV_RT,3,-6.546,-6.593,0.04699999999999971
bbflow_refine,HIV_RT,5,-6.257,-6.593,0.3360000000000003
bbflow_refine,HIV_RT,6,-6.494,-6.593,0.0990000000000002
bbflow_refine,HIV_RT,7,-6.864,-6.593,-0.2709999999999999
bbflow_refine,HIV_RT,8,-6.952,-6.593,-0.359
bbflow_refine,HIV_RT,10,-6.873,-6.593,-0.28000000000000025
bbflow_refine,HIV_RT,13,-6.441,-6.593,0.15200000000000014
bbflow_refine,HIV_RT__3V81,0,-6.286,-6.211,-0.07499999999999929
bbflow_refine,HIV_RT__3V81,1,-6.096,-6.211,0.11500000000000021
bbflow_refine,HIV_RT__3V81,2,-6.291,-6.211,-0.08000000000000007
bbflow_refine,HIV_RT__3V81,3,-6.122,-6.211,0.08900000000000041
bbflow_refine,HIV_RT__3V81,4,-5.024,-6.211,1.1870000000000003
bbflow_refine,HIV_RT__3V81,5,-6.02,-6.211,0.19100000000000072
bbflow_refine,HIV_RT__3V81,7,-5.161,-6.211,1.0500000000000007
bbflow_refine,HIV_RT__3V81,9,-5.652,-6.211,0.5590000000000002
bbflow_refine,HIV_RT__3V81,10,-6.088,-6.211,0.12300000000000022
bbflow_refine,HIV_RT__3V81,12,-6.126,-6.211,0.08499999999999996
bbflow_refine,KRAS,0,-5.657,-5.57,-0.08699999999999974
bbflow_refine,KRAS,2,-5.035,-5.57,0.5350000000000001
bbflow_refine,KRAS,3,-6.019,-5.57,-0.44899999999999984
bbflow_refine,KRAS,4,-6.354,-5.57,-0.7839999999999998
bbflow_refine,KRAS,6,-5.85,-5.57,-0.27999999999999936
bbflow_refine,KRAS,7,-5.863,-5.57,-0.29300000000000015
bbflow_refine,KRAS,8,-6.01,-5.57,-0.4399999999999995
bbflow_refine,KRAS,9,-6.224,-5.57,-0.6539999999999999
bbflow_refine,KRAS,12,-5.575,-5.57,-0.004999999999999893
bbflow_refine,KRAS,13,-7.577,-5.57,-2.0069999999999997
bbflow_refine,METTL14,0,-6.621,-7.552,0.9309999999999992
bbflow_refine,METTL14,2,-5.895,-7.552,1.657
bbflow_refine,METTL14,3,-6.998,-7.552,0.5539999999999994
bbflow_refine,METTL14,5,-6.213,-7.552,1.3389999999999995
bbflow_refine,METTL14,7,-6.732,-7.552,0.8199999999999994
bbflow_refine,METTL14,8,-5.787,-7.552,1.7649999999999997
bbflow_refine,METTL14,10,-7.688,-7.552,-0.13600000000000012
bbflow_refine,METTL14,11,-6.457,-7.552,1.0949999999999998
bbflow_refine,METTL14,14,-7.257,-7.552,0.29499999999999993
bbflow_refine,METTL14,18,-7.097,-7.552,0.4549999999999992
bbflow_refine,Menin,0,-6.427,-7.089,0.6620000000000008
bbflow_refine,Menin,2,-6.156,-7.089,0.9330000000000007
bbflow_refine,Menin,3,-5.654,-7.089,1.4350000000000005
bbflow_refine,Menin,5,-6.281,-7.089,0.8080000000000007
bbflow_refine,Menin,6,-6.134,-7.089,0.9550000000000001
bbflow_refine,Menin,7,-6.307,-7.089,0.782
bbflow_refine,Menin,9,-6.487,-7.089,0.6020000000000003
bbflow_refine,Menin,10,-6.214,-7.089,0.875
bbflow_refine,Menin,11,-6.356,-7.089,0.7330000000000005
bbflow_refine,Menin,12,-6.015,-7.089,1.0740000000000007
bbflow_refine,NDPK-A,0,-6.071,-6.513,0.44200000000000017
bbflow_refine,NDPK-A,1,-6.109,-6.513,0.4039999999999999
bbflow_refine,NDPK-A,2,-5.318,-6.513,1.1950000000000003
bbflow_refine,NDPK-A,3,-5.746,-6.513,0.7669999999999995
bbflow_refine,NDPK-A,4,-7.123,-6.513,-0.6100000000000003
bbflow_refine,NDPK-A,5,-6.571,-6.513,-0.05799999999999983
bbflow_refine,NDPK-A,6,-6.856,-6.513,-0.34299999999999997
bbflow_refine,NDPK-A,7,-6.199,-6.513,0.31400000000000006
bbflow_refine,NDPK-A,8,-5.237,-6.513,1.2759999999999998
bbflow_refine,NDPK-A,9,-6.98,-6.513,-0.4670000000000005
bbflow_refine,SHP2,0,-8.393,-8.742,0.3490000000000002
bbflow_refine,SHP2,2,-6.361,-8.742,2.381000000000001
bbflow_refine,SHP2,3,-7.798,-8.742,0.9440000000000008
bbflow_refine,SHP2,6,-8.36,-8.742,0.38200000000000145
bbflow_refine,SHP2,8,-6.705,-8.742,2.037000000000001
bbflow_refine,SHP2,10,-8.912,-8.742,-0.16999999999999993
bbflow_refine,SHP2,11,-7.744,-8.742,0.9980000000000011
bbflow_refine,SHP2,13,-8.306,-8.742,0.4360000000000017
bbflow_refine,SHP2,14,-6.995,-8.742,1.7470000000000008
bbflow_refine,SHP2,15,-7.047,-8.742,1.6950000000000012
bbflow_refine,THSR,0,-9.889,-9.138,-0.7509999999999994
bbflow_refine,THSR,1,-8.959,-9.138,0.17900000000000027
bbflow_refine,THSR,3,-10.76,-9.138,-1.6219999999999999
bbflow_refine,THSR,4,-10.67,-9.138,-1.532
bbflow_refine,THSR,5,-10.07,-9.138,-0.9320000000000004
bbflow_refine,THSR,6,-9.667,-9.138,-0.5289999999999999
bbflow_refine,THSR,7,-8.766,-9.138,0.3719999999999999
bbflow_refine,THSR,8,-10.09,-9.138,-0.952
bbflow_refine,THSR,9,-9.14,-9.138,-0.002000000000000668
bbflow_refine,THSR,10,-10.1,-9.138,-0.9619999999999997
bbflow_refine,THSR__7UTZ,0,-6.041,-6.164,0.12299999999999933
bbflow_refine,THSR__7UTZ,3,-5.914,-6.164,0.25
bbflow_refine,THSR__7UTZ,4,-5.627,-6.164,0.5369999999999999
bbflow_refine,THSR__7UTZ,5,-6.405,-6.164,-0.24100000000000055
bbflow_refine,THSR__7UTZ,7,-6.163,-6.164,0.0009999999999994458
bbflow_refine,THSR__7UTZ,8,-6.362,-6.164,-0.1980000000000004
bbflow_refine,THSR__7UTZ,10,-6.134,-6.164,0.02999999999999936
bbflow_refine,THSR__7UTZ,11,-3.988,-6.164,2.1759999999999997
bbflow_refine,THSR__7UTZ,12,-6.095,-6.164,0.06899999999999995
bbflow_refine,THSR__7UTZ,13,-4.693,-6.164,1.471
bbflow_refine,betaLG,1,-4.559,-4.265,-0.2940000000000005
bbflow_refine,betaLG,2,-5.253,-4.265,-0.9880000000000004
bbflow_refine,betaLG,4,-4.677,-4.265,-0.4119999999999999
bbflow_refine,betaLG,5,-4.629,-4.265,-0.3639999999999999
bbflow_refine,betaLG,6,-5.839,-4.265,-1.5740000000000007
bbflow_refine,betaLG,7,-4.643,-4.265,-0.3780000000000001
bbflow_refine,betaLG,8,-4.618,-4.265,-0.35300000000000065
bbflow_refine,betaLG,9,-5.052,-4.265,-0.7869999999999999
bbflow_refine,betaLG,10,-4.933,-4.265,-0.6680000000000001
bbflow_refine,betaLG,11,-4.768,-4.265,-0.5030000000000001
bbflow_refine,cAbl,0,-8.703,-7.236,-1.4669999999999996
bbflow_refine,cAbl,4,-10.26,-7.236,-3.024
bbflow_refine,cAbl,6,-8.097,-7.236,-0.8609999999999998
bbflow_refine,cAbl,8,-8.323,-7.236,-1.0870000000000006
bbflow_refine,cAbl,9,-9.105,-7.236,-1.8690000000000007
bbflow_refine,cAbl,10,-8.082,-7.236,-0.846000000000001
bbflow_refine,cAbl,11,-8.044,-7.236,-0.8080000000000007
bbflow_refine,cAbl,13,-9.463,-7.236,-2.2269999999999994
bbflow_refine,cAbl,14,-8.961,-7.236,-1.7250000000000005
bbflow_refine,cAbl,15,-7.984,-7.236,-0.7480000000000002
bbflow_refine,p53_Y220C,0,-4.33,-4.982,0.6520000000000001
bbflow_refine,p53_Y220C,1,-4.625,-4.982,0.3570000000000002
bbflow_refine,p53_Y220C,2,-4.778,-4.982,0.20400000000000063
bbflow_refine,p53_Y220C,3,-5.227,-4.982,-0.2450000000000001
bbflow_refine,p53_Y220C,4,-4.271,-4.982,0.7110000000000003
bbflow_refine,p53_Y220C,5,-4.367,-4.982,0.6150000000000002
bbflow_refine,p53_Y220C,6,-4.38,-4.982,0.6020000000000003
bbflow_refine,p53_Y220C,7,-4.188,-4.982,0.7940000000000005
bbflow_refine,p53_Y220C,8,-4.485,-4.982,0.4969999999999999
bbflow_refine,p53_Y220C,9,-4.856,-4.982,0.12600000000000033
bbflow_refine,p53_Y220C__4AGQ,0,-5.097,-5.378,0.2809999999999997
bbflow_refine,p53_Y220C__4AGQ,1,-5.169,-5.378,0.20900000000000052
bbflow_refine,p53_Y220C__4AGQ,2,-5.206,-5.378,0.1719999999999997
bbflow_refine,p53_Y220C__4AGQ,3,-5.351,-5.378,0.027000000000000135
bbflow_refine,p53_Y220C__4AGQ,4,-5.031,-5.378,0.3470000000000004
bbflow_refine,p53_Y220C__4AGQ,5,-5.132,-5.378,0.24600000000000044
bbflow_refine,p53_Y220C__4AGQ,6,-5.733,-5.378,-0.35499999999999954
bbflow_refine,p53_Y220C__4AGQ,7,-4.911,-5.378,0.4670000000000005
bbflow_refine,p53_Y220C__4AGQ,8,-5.092,-5.378,0.2860000000000005
bbflow_refine,p53_Y220C__4AGQ,9,-5.653,-5.378,-0.27499999999999947
bioemu_refine,Bcl-xL,0,-8.095,-8.693,0.597999999999999
bioemu_refine,Bcl-xL,200,-7.055,-8.693,1.638
bioemu_refine,Bcl-xL,300,-5.972,-8.693,2.720999999999999
bioemu_refine,Bcl-xL,500,-8.118,-8.693,0.5749999999999993
bioemu_refine,Bcl-xL,600,-5.62,-8.693,3.0729999999999995
bioemu_refine,Bcl-xL,700,-6.98,-8.693,1.7129999999999992
bioemu_refine,Bcl-xL,1100,-7.384,-8.693,1.3089999999999993
bioemu_refine,Bcl-xL,1200,-7.276,-8.693,1.4169999999999998
bioemu_refine,Bcl-xL,1400,-6.532,-8.693,2.1609999999999996
bioemu_refine,Bcl-xL,1500,-6.388,-8.693,2.3049999999999997
bioemu_refine,CB1,100,-7.932,-10.51,2.5779999999999994
bioemu_refine,CB1,300,-8.671,-10.51,1.8390000000000004
bioemu_refine,CB1,400,-9.262,-10.51,1.2479999999999993
bioemu_refine,CB1,500,-9.571,-10.51,0.9390000000000001
bioemu_refine,CB1,600,-9.357,-10.51,1.1530000000000005
bioemu_refine,CB1,700,-8.443,-10.51,2.067
bioemu_refine,CB1,900,-8.487,-10.51,2.0229999999999997
bioemu_refine,CB1,1000,-8.754,-10.51,1.7560000000000002
bioemu_refine,CB1,1100,-9.501,-10.51,1.0090000000000003
bioemu_refine,CB1,1200,-8.818,-10.51,1.6920000000000002
bioemu_refine,FUT8,0,-7.92,-8.302,0.3819999999999997
bioemu_refine,FUT8,300,-5.801,-8.302,2.5009999999999994
bioemu_refine,FUT8,400,-8.311,-8.302,-0.009000000000000341
bioemu_refine,FUT8,500,-7.884,-8.302,0.41799999999999926
bioemu_refine,FUT8,1000,-6.971,-8.302,1.3309999999999995
bioemu_refine,FUT8,1100,-6.987,-8.302,1.3149999999999995
bioemu_refine,FUT8,1300,-7.807,-8.302,0.4949999999999992
bioemu_refine,FUT8,1400,-8.036,-8.302,0.266
bioemu_refine,FUT8,1900,-6.924,-8.302,1.3779999999999992
bioemu_refine,FUT8,2000,-8.234,-8.302,0.06799999999999962
bioemu_refine,GLTP,0,-4.705,-5.173,0.46799999999999997
bioemu_refine,GLTP,100,-4.588,-5.173,0.585
bioemu_refine,GLTP,200,-3.931,-5.173,1.242
bioemu_refine,GLTP,300,-5.508,-5.173,-0.33499999999999996
bioemu_refine,GLTP,400,-4.851,-5.173,0.32200000000000006
bioemu_refine,GLTP,500,-5.325,-5.173,-0.15200000000000014
bioemu_refine,GLTP,600,-5.522,-5.173,-0.3490000000000002
bioemu_refine,GLTP,700,-5.268,-5.173,-0.09499999999999975
bioemu_refine,GLTP,800,-5.812,-5.173,-0.6390000000000002
bioemu_refine,GLTP,900,-4.535,-5.173,0.6379999999999999
bioemu_refine,HIF2alpha,0,-5.012,-8.663,3.6510000000000007
bioemu_refine,HIF2alpha,400,-5.375,-8.663,3.2880000000000003
bioemu_refine,HIF2alpha,700,-3.213,-8.663,5.45
bioemu_refine,HIF2alpha,800,-5.931,-8.663,2.732
bioemu_refine,HIF2alpha,1100,-4.022,-8.663,4.641
bioemu_refine,HIF2alpha,1400,-2.225,-8.663,6.438000000000001
bioemu_refine,HIF2alpha,1500,-2.75,-8.663,5.913
bioemu_refine,HIF2alpha,1600,-6.575,-8.663,2.088
bioemu_refine,HIF2alpha,1700,-6.295,-8.663,2.3680000000000003
bioemu_refine,HIF2alpha,1900,-6.167,-8.663,2.4960000000000004
bioemu_refine,HIF2alpha__6D0B,0,-2.799,-10.48,7.681000000000001
bioemu_refine,HIF2alpha__6D0B,100,1.495,-10.48,11.975000000000001
bioemu_refine,HIF2alpha__6D0B,200,-1.653,-10.48,8.827
bioemu_refine,HIF2alpha__6D0B,400,-3.325,-10.48,7.155
bioemu_refine,HIF2alpha__6D0B,500,-5.119,-10.48,5.361000000000001
bioemu_refine,HIF2alpha__6D0B,600,-3.765,-10.48,6.715
bioemu_refine,HIF2alpha__6D0B,700,-4.877,-10.48,5.603000000000001
bioemu_refine,HIF2alpha__6D0B,800,-4.044,-10.48,6.436000000000001
bioemu_refine,HIF2alpha__6D0B,1000,-4.322,-10.48,6.158
bioemu_refine,HIF2alpha__6D0B,1100,-5.206,-10.48,5.274
bioemu_refine,HIV1_CA,0,-5.675,-7.011,1.3360000000000003
bioemu_refine,HIV1_CA,100,-7.67,-7.011,-0.6589999999999998
bioemu_refine,HIV1_CA,200,-6.25,-7.011,0.7610000000000001
bioemu_refine,HIV1_CA,300,-6.679,-7.011,0.33199999999999985
bioemu_refine,HIV1_CA,400,-7.994,-7.011,-0.9829999999999997
bioemu_refine,HIV1_CA,500,-7.476,-7.011,-0.46499999999999986
bioemu_refine,HIV1_CA,600,-6.443,-7.011,0.5680000000000005
bioemu_refine,HIV1_CA,700,-7.024,-7.011,-0.0129999999999999
bioemu_refine,HIV1_CA,800,-7.655,-7.011,-0.6440000000000001
bioemu_refine,HIV1_CA,900,-5.908,-7.011,1.1029999999999998
bioemu_refine,HIV_RT,0,-6.056,-6.593,0.5369999999999999
bioemu_refine,HIV_RT,100,-6.384,-6.593,0.20899999999999963
bioemu_refine,HIV_RT,200,-6.056,-6.593,0.5369999999999999
bioemu_refine,HIV_RT,300,-6.333,-6.593,0.2599999999999998
bioemu_refine,HIV_RT,400,-5.547,-6.593,1.0460000000000003
bioemu_refine,HIV_RT,500,-7.493,-6.593,-0.9000000000000004
bioemu_refine,HIV_RT,600,-5.913,-6.593,0.6799999999999997
bioemu_refine,HIV_RT,700,-6.506,-6.593,0.08699999999999974
bioemu_refine,HIV_RT,1100,-6.467,-6.593,0.12600000000000033
bioemu_refine,HIV_RT,1300,-5.144,-6.593,1.4489999999999998
bioemu_refine,HIV_RT__3V81,0,-6.107,-6.211,0.10400000000000009
bioemu_refine,HIV_RT__3V81,200,-5.21,-6.211,1.0010000000000003
bioemu_refine,HIV_RT__3V81,300,-5.289,-6.211,0.9220000000000006
bioemu_refine,HIV_RT__3V81,400,-5.715,-6.211,0.49600000000000044
bioemu_refine,HIV_RT__3V81,500,-5.829,-6.211,0.38200000000000056
bioemu_refine,HIV_RT__3V81,600,-6.693,-6.211,-0.4819999999999993
bioemu_refine,HIV_RT__3V81,700,-5.673,-6.211,0.5380000000000003
bioemu_refine,HIV_RT__3V81,900,-6.595,-6.211,-0.38399999999999945
bioemu_refine,HIV_RT__3V81,1000,-7.136,-6.211,-0.9249999999999998
bioemu_refine,HIV_RT__3V81,1100,-5.557,-6.211,0.6539999999999999
bioemu_refine,KRAS,100,-6.364,-5.57,-0.7939999999999996
bioemu_refine,KRAS,200,-6.682,-5.57,-1.112
bioemu_refine,KRAS,400,-5.113,-5.57,0.45699999999999985
bioemu_refine,KRAS,600,-5.064,-5.57,0.5060000000000002
bioemu_refine,KRAS,1200,-5.503,-5.57,0.06700000000000017
bioemu_refine,KRAS,1300,-5.989,-5.57,-0.4189999999999996
bioemu_refine,KRAS,1400,-5.711,-5.57,-0.14100000000000001
bioemu_refine,KRAS,1500,-5.801,-5.57,-0.23099999999999987
bioemu_refine,KRAS,1700,-6.642,-5.57,-1.072
bioemu_refine,KRAS,1800,-5.628,-5.57,-0.05799999999999983
bioemu_refine,METTL14,0,-7.345,-7.552,0.20699999999999985
bioemu_refine,METTL14,100,-6.086,-7.552,1.4659999999999993
bioemu_refine,METTL14,200,-7.561,-7.552,-0.009000000000000341
bioemu_refine,METTL14,300,-7.534,-7.552,0.017999999999999794
bioemu_refine,METTL14,400,-6.846,-7.552,0.7059999999999995
bioemu_refine,METTL14,500,-6.332,-7.552,1.2199999999999998
bioemu_refine,METTL14,600,-6.001,-7.552,1.5509999999999993
bioemu_refine,Menin,0,-6.194,-7.089,0.8950000000000005
bioemu_refine,Menin,100,-6.396,-7.089,0.6930000000000005
bioemu_refine,Menin,200,-6.153,-7.089,0.9360000000000008
bioemu_refine,Menin,300,-6.917,-7.089,0.1720000000000006
bioemu_refine,Menin,500,-6.637,-7.089,0.45200000000000085
bioemu_refine,Menin,600,-6.693,-7.089,0.3960000000000008
bioemu_refine,Menin,700,-7.031,-7.089,0.05800000000000072
bioemu_refine,Menin,800,-6.859,-7.089,0.23000000000000043
bioemu_refine,Menin,900,-7.068,-7.089,0.021000000000000796
bioemu_refine,Menin,1000,-6.982,-7.089,0.1070000000000002
bioemu_refine,NDPK-A,0,-6.248,-6.513,0.2649999999999997
bioemu_refine,NDPK-A,200,-7.497,-6.513,-0.984
bioemu_refine,NDPK-A,300,-6.195,-6.513,0.3179999999999996
bioemu_refine,NDPK-A,900,-6.988,-6.513,-0.47500000000000053
bioemu_refine,NDPK-A,1100,-6.096,-6.513,0.4169999999999998
bioemu_refine,NDPK-A,1300,-6.571,-6.513,-0.05799999999999983
bioemu_refine,NDPK-A,1400,-6.289,-6.513,0.2240000000000002
bioemu_refine,NDPK-A,1500,-6.566,-6.513,-0.052999999999999936
bioemu_refine,NDPK-A,1800,-6.968,-6.513,-0.45500000000000007
bioemu_refine,NDPK-A,2200,-6.182,-6.513,0.3309999999999995
bioemu_refine,SHP2,0,-8.911,-8.742,-0.1689999999999987
bioemu_refine,SHP2,200,-8.759,-8.742,-0.01699999999999946
bioemu_refine,SHP2,400,-7.697,-8.742,1.0450000000000008
bioemu_refine,SHP2,500,-6.705,-8.742,2.037000000000001
bioemu_refine,SHP2,800,-7.911,-8.742,0.8310000000000013
bioemu_refine,SHP2,900,-7.965,-8.742,0.777000000000001
bioemu_refine,SHP2,1100,-6.992,-8.742,1.7500000000000009
bioemu_refine,SHP2,1200,-7.759,-8.742,0.9830000000000005
bioemu_refine,SHP2,1700,-9.148,-8.742,-0.4059999999999988
bioemu_refine,SHP2,1800,-7.503,-8.742,1.2390000000000008
bioemu_refine,THSR,0,-7.095,-9.138,2.043
bioemu_refine,THSR,100,-7.785,-9.138,1.3529999999999998
bioemu_refine,THSR,400,-8.565,-9.138,0.5730000000000004
bioemu_refine,THSR,500,-8.34,-9.138,0.798
bioemu_refine,THSR,600,-2.638,-9.138,6.5
bioemu_refine,THSR,800,-6.955,-9.138,2.183
bioemu_refine,THSR,900,-8.167,-9.138,0.9710000000000001
bioemu_refine,THSR,1000,-2.403,-9.138,6.734999999999999
bioemu_refine,THSR,1100,-9.545,-9.138,-0.40700000000000003
bioemu_refine,THSR,1200,-5.506,-9.138,3.6319999999999997
bioemu_refine,THSR__7UTZ,0,-5.918,-6.164,0.24599999999999955
bioemu_refine,THSR__7UTZ,100,-6.097,-6.164,0.06699999999999928
bioemu_refine,THSR__7UTZ,200,-5.752,-6.164,0.4119999999999999
bioemu_refine,THSR__7UTZ,300,-5.208,-6.164,0.9559999999999995
bioemu_refine,THSR__7UTZ,600,-3.507,-6.164,2.6569999999999996
bioemu_refine,THSR__7UTZ,700,-5.253,-6.164,0.9109999999999996
bioemu_refine,THSR__7UTZ,800,-3.782,-6.164,2.3819999999999997
bioemu_refine,THSR__7UTZ,1000,-6.224,-6.164,-0.0600000000000005
bioemu_refine,THSR__7UTZ,1100,-6.242,-6.164,-0.07800000000000029
bioemu_refine,THSR__7UTZ,1200,-6.245,-6.164,-0.0810000000000004
bioemu_refine,betaLG,100,-4.352,-4.265,-0.08700000000000063
bioemu_refine,betaLG,200,-4.809,-4.265,-0.5440000000000005
bioemu_refine,betaLG,400,-6.318,-4.265,-2.053
bioemu_refine,betaLG,500,-5.794,-4.265,-1.529
bioemu_refine,betaLG,600,-6.751,-4.265,-2.4860000000000007
bioemu_refine,betaLG,700,-5.736,-4.265,-1.471
bioemu_refine,betaLG,800,-4.51,-4.265,-0.2450000000000001
bioemu_refine,betaLG,900,-5.566,-4.265,-1.3010000000000002
bioemu_refine,betaLG,1000,-5.666,-4.265,-1.4010000000000007
bioemu_refine,betaLG,1100,-4.87,-4.265,-0.6050000000000004
bioemu_refine,cAbl,0,-8.712,-7.236,-1.476
bioemu_refine,cAbl,100,-9.203,-7.236,-1.9669999999999996
bioemu_refine,cAbl,200,-8.231,-7.236,-0.9950000000000001
bioemu_refine,cAbl,300,-9.935,-7.236,-2.6990000000000007
bioemu_refine,cAbl,400,-8.775,-7.236,-1.5390000000000006
bioemu_refine,cAbl,500,-7.899,-7.236,-0.6630000000000003
bioemu_refine,cAbl,600,-8.525,-7.236,-1.2890000000000006
bioemu_refine,cAbl,800,-9.333,-7.236,-2.0970000000000004
bioemu_refine,cAbl,900,-8.796,-7.236,-1.5599999999999996
bioemu_refine,cAbl,1000,-8.266,-7.236,-1.0300000000000002
bioemu_refine,p53_Y220C,0,-5.283,-4.982,-0.30100000000000016
bioemu_refine,p53_Y220C,100,-5.033,-4.982,-0.051000000000000156
bioemu_refine,p53_Y220C,200,-4.425,-4.982,0.5570000000000004
bioemu_refine,p53_Y220C,300,-6.335,-4.982,-1.3529999999999998
bioemu_refine,p53_Y220C,400,-4.34,-4.982,0.6420000000000003
bioemu_refine,p53_Y220C,500,-6.129,-4.982,-1.1469999999999994
bioemu_refine,p53_Y220C,600,-5.772,-4.982,-0.79
bioemu_refine,p53_Y220C,800,-5.464,-4.982,-0.4820000000000002
bioemu_refine,p53_Y220C,900,-5.349,-4.982,-0.367
bioemu_refine,p53_Y220C,1100,-4.816,-4.982,0.16600000000000037
bioemu_refine,p53_Y220C__4AGQ,0,-6.571,-5.378,-1.1929999999999996
bioemu_refine,p53_Y220C__4AGQ,100,-5.36,-5.378,0.017999999999999794
bioemu_refine,p53_Y220C__4AGQ,200,-5.502,-5.378,-0.12399999999999967
bioemu_refine,p53_Y220C__4AGQ,400,-5.84,-5.378,-0.46199999999999974
bioemu_refine,p53_Y220C__4AGQ,500,-6.103,-5.378,-0.7249999999999996
bioemu_refine,p53_Y220C__4AGQ,600,-5.609,-5.378,-0.23099999999999987
bioemu_refine,p53_Y220C__4AGQ,700,-6.277,-5.378,-0.899
bioemu_refine,p53_Y220C__4AGQ,800,-6.851,-5.378,-1.4729999999999999
bioemu_refine,p53_Y220C__4AGQ,1100,-6.695,-5.378,-1.3170000000000002
bioemu_refine,p53_Y220C__4AGQ,1300,-5.527,-5.378,-0.14900000000000002
boltz2,Bcl-xL,0,-5.731,-8.693,2.9619999999999997
boltz2,Bcl-xL,1,-5.913,-8.693,2.7799999999999994
boltz2,Bcl-xL,2,-7.352,-8.693,1.3409999999999993
boltz2,Bcl-xL,3,-7.567,-8.693,1.1259999999999994
boltz2,Bcl-xL,4,-6.48,-8.693,2.212999999999999
boltz2,Bcl-xL,6,-7.285,-8.693,1.4079999999999995
boltz2,Bcl-xL,8,-6.077,-8.693,2.6159999999999997
boltz2,Bcl-xL,10,-7.625,-8.693,1.0679999999999996
boltz2,Bcl-xL,11,-6.608,-8.693,2.085
boltz2,Bcl-xL,16,-6.391,-8.693,2.3019999999999996
boltz2,CB1,0,-8.617,-10.51,1.892999999999999
boltz2,CB1,1,-8.502,-10.51,2.007999999999999
boltz2,CB1,2,-7.937,-10.51,2.5729999999999995
boltz2,CB1,3,-9.149,-10.51,1.3610000000000007
boltz2,CB1,4,-8.758,-10.51,1.7520000000000007
boltz2,CB1,5,-8.135,-10.51,2.375
boltz2,CB1,6,-9.545,-10.51,0.9649999999999999
boltz2,CB1,7,-8.662,-10.51,1.847999999999999
boltz2,CB1,8,-9.36,-10.51,1.1500000000000004
boltz2,CB1,9,-9.413,-10.51,1.0969999999999995
boltz2,FUT8,0,-8.231,-8.302,0.07099999999999973
boltz2,FUT8,1,-7.434,-8.302,0.8679999999999994
boltz2,FUT8,2,-8.132,-8.302,0.16999999999999993
boltz2,FUT8,3,-7.331,-8.302,0.9709999999999992
boltz2,FUT8,4,-8.177,-8.302,0.125
boltz2,FUT8,5,-7.641,-8.302,0.6609999999999996
boltz2,FUT8,6,-8.071,-8.302,0.23099999999999987
boltz2,FUT8,7,-8.184,-8.302,0.11800000000000033
boltz2,FUT8,8,-7.447,-8.302,0.8549999999999995
boltz2,FUT8,9,-7.722,-8.302,0.5799999999999992
boltz2,GLTP,0,-4.702,-5.173,0.4710000000000001
boltz2,GLTP,1,-5.002,-5.173,0.17100000000000026
boltz2,GLTP,2,-5.154,-5.173,0.019000000000000128
boltz2,GLTP,3,-4.519,-5.173,0.6539999999999999
boltz2,GLTP,4,-4.967,-5.173,0.2060000000000004
boltz2,GLTP,5,-5.471,-5.173,-0.29800000000000004
boltz2,GLTP,6,-5.494,-5.173,-0.32099999999999973
boltz2,GLTP,7,-4.546,-5.173,0.6269999999999998
boltz2,GLTP,8,-4.985,-5.173,0.18799999999999972
boltz2,GLTP,9,-4.535,-5.173,0.6379999999999999
boltz2,HIF2alpha,0,-3.794,-8.663,4.869
boltz2,HIF2alpha,1,-4.73,-8.663,3.933
boltz2,HIF2alpha,2,-4.469,-8.663,4.194
boltz2,HIF2alpha,3,-4.911,-8.663,3.7520000000000007
boltz2,HIF2alpha,4,-4.475,-8.663,4.188000000000001
boltz2,HIF2alpha,5,-4.4,-8.663,4.263
boltz2,HIF2alpha,6,-5.339,-8.663,3.324
boltz2,HIF2alpha,7,-3.67,-8.663,4.993
boltz2,HIF2alpha,8,-4.129,-8.663,4.534000000000001
boltz2,HIF2alpha,9,-3.197,-8.663,5.466
boltz2,HIF2alpha__6D0B,0,-3.016,-10.48,7.464
boltz2,HIF2alpha__6D0B,1,-0.494,-10.48,9.986
boltz2,HIF2alpha__6D0B,2,-2.47,-10.48,8.01
boltz2,HIF2alpha__6D0B,3,21.8,-10.48,32.28
boltz2,HIF2alpha__6D0B,4,4.31,-10.48,14.79
boltz2,HIF2alpha__6D0B,6,-3.452,-10.48,7.0280000000000005
boltz2,HIF2alpha__6D0B,7,8.538,-10.48,19.018
boltz2,HIF2alpha__6D0B,8,-5.185,-10.48,5.295000000000001
boltz2,HIF2alpha__6D0B,9,17.51,-10.48,27.990000000000002
boltz2,HIF2alpha__6D0B,10,2.205,-10.48,12.685
boltz2,HIV1_CA,0,-4.766,-7.011,2.245
boltz2,HIV1_CA,1,-6.688,-7.011,0.3230000000000004
boltz2,HIV1_CA,2,-6.744,-7.011,0.26700000000000035
boltz2,HIV1_CA,3,-6.711,-7.011,0.2999999999999998
boltz2,HIV1_CA,4,-6.813,-7.011,0.1980000000000004
boltz2,HIV1_CA,5,-6.476,-7.011,0.5350000000000001
boltz2,HIV1_CA,6,-7.046,-7.011,-0.03500000000000014
boltz2,HIV1_CA,7,-6.004,-7.011,1.0070000000000006
boltz2,HIV1_CA,8,-7.541,-7.011,-0.5300000000000002
boltz2,HIV1_CA,9,-7.281,-7.011,-0.2699999999999996
boltz2,HIV_RT,0,-5.953,-6.593,0.6399999999999997
boltz2,HIV_RT,1,-6.492,-6.593,0.10099999999999998
boltz2,HIV_RT,2,-6.502,-6.593,0.09100000000000019
boltz2,HIV_RT,3,-5.851,-6.593,0.742
boltz2,HIV_RT,4,-6.089,-6.593,0.5039999999999996
boltz2,HIV_RT,5,-5.896,-6.593,0.6970000000000001
boltz2,HIV_RT,6,-5.171,-6.593,1.4219999999999997
boltz2,HIV_RT,7,-4.836,-6.593,1.7569999999999997
boltz2,HIV_RT,8,-5.388,-6.593,1.205
boltz2,HIV_RT,9,-5.489,-6.593,1.104
boltz2,HIV_RT__3V81,0,-3.817,-6.211,2.394
boltz2,HIV_RT__3V81,1,-5.429,-6.211,0.782
boltz2,HIV_RT__3V81,2,-2.495,-6.211,3.716
boltz2,HIV_RT__3V81,3,-3.576,-6.211,2.6350000000000002
boltz2,HIV_RT__3V81,4,-3.78,-6.211,2.4310000000000005
boltz2,HIV_RT__3V81,6,-3.433,-6.211,2.7780000000000005
boltz2,HIV_RT__3V81,7,-3.912,-6.211,2.2990000000000004
boltz2,HIV_RT__3V81,8,-3.485,-6.211,2.7260000000000004
boltz2,HIV_RT__3V81,10,-4.423,-6.211,1.7880000000000003
boltz2,HIV_RT__3V81,11,-4.268,-6.211,1.9430000000000005
boltz2,KRAS,0,-6.17,-5.57,-0.5999999999999996
boltz2,KRAS,1,-6.088,-5.57,-0.5179999999999998
boltz2,KRAS,2,-5.259,-5.57,0.31099999999999994
boltz2,KRAS,3,-6.092,-5.57,-0.5219999999999994
boltz2,KRAS,4,-6.267,-5.57,-0.6970000000000001
boltz2,KRAS,5,-6.456,-5.57,-0.8860000000000001
boltz2,KRAS,6,-6.594,-5.57,-1.024
boltz2,KRAS,7,-6.538,-5.57,-0.968
boltz2,KRAS,8,-5.602,-5.57,-0.03200000000000003
boltz2,KRAS,9,-5.218,-5.57,0.3520000000000003
boltz2,METTL14,0,-7.172,-7.552,0.3799999999999999
boltz2,METTL14,1,-6.752,-7.552,0.7999999999999998
boltz2,METTL14,2,-6.991,-7.552,0.5609999999999999
boltz2,METTL14,4,-7.474,-7.552,0.0779999999999994
boltz2,METTL14,5,-7.069,-7.552,0.48299999999999965
boltz2,METTL14,6,-6.083,-7.552,1.4689999999999994
boltz2,METTL14,7,-3.947,-7.552,3.6049999999999995
boltz2,METTL14,9,-6.782,-7.552,0.7699999999999996
boltz2,METTL14,10,-5.146,-7.552,2.4059999999999997
boltz2,METTL14,11,-6.409,-7.552,1.1429999999999998
boltz2,Menin,0,-7.212,-7.089,-0.12299999999999933
boltz2,Menin,1,-7.431,-7.089,-0.34199999999999964
boltz2,Menin,2,-7.519,-7.089,-0.4299999999999997
boltz2,Menin,3,-7.449,-7.089,-0.35999999999999943
boltz2,Menin,4,-7.305,-7.089,-0.2159999999999993
boltz2,Menin,5,-6.881,-7.089,0.20800000000000018
boltz2,Menin,6,-7.445,-7.089,-0.35599999999999987
boltz2,Menin,7,-7.2,-7.089,-0.11099999999999977
boltz2,Menin,8,-7.76,-7.089,-0.6709999999999994
boltz2,Menin,9,-7.033,-7.089,0.05600000000000005
boltz2,NDPK-A,0,-1.678,-6.513,4.835
boltz2,NDPK-A,2,-4.772,-6.513,1.7409999999999997
boltz2,NDPK-A,3,11.3,-6.513,17.813000000000002
boltz2,NDPK-A,4,-6.088,-6.513,0.4249999999999998
boltz2,NDPK-A,5,-3.856,-6.513,2.657
boltz2,NDPK-A,6,-4.186,-6.513,2.327
boltz2,NDPK-A,7,-2.991,-6.513,3.522
boltz2,NDPK-A,8,20.83,-6.513,27.342999999999996
boltz2,NDPK-A,9,29.62,-6.513,36.133
boltz2,NDPK-A,10,-4.371,-6.513,2.1419999999999995
boltz2,SHP2,0,-6.52,-8.742,2.2220000000000013
boltz2,SHP2,1,-6.796,-8.742,1.9460000000000006
boltz2,SHP2,3,-6.957,-8.742,1.785000000000001
boltz2,SHP2,4,-6.901,-8.742,1.841000000000001
boltz2,SHP2,5,-7.031,-8.742,1.7110000000000012
boltz2,SHP2,6,-6.799,-8.742,1.9430000000000005
boltz2,SHP2,7,-6.886,-8.742,1.8560000000000008
boltz2,SHP2,8,-7.746,-8.742,0.9960000000000004
boltz2,SHP2,9,-7.229,-8.742,1.5130000000000008
boltz2,SHP2,10,-7.466,-8.742,1.2760000000000007
boltz2,THSR,0,-6.324,-9.138,2.814
boltz2,THSR,1,-2.428,-9.138,6.71
boltz2,THSR,2,-6.647,-9.138,2.4909999999999997
boltz2,THSR,3,-6.639,-9.138,2.4989999999999997
boltz2,THSR,4,0.161,-9.138,9.299
boltz2,THSR,5,4.692,-9.138,13.83
boltz2,THSR,6,-8.249,-9.138,0.8889999999999993
boltz2,THSR,7,9.748,-9.138,18.886
boltz2,THSR,8,-2.648,-9.138,6.49
boltz2,THSR,9,-5.682,-9.138,3.4559999999999995
boltz2,THSR__7UTZ,0,-4.936,-6.164,1.2279999999999998
boltz2,THSR__7UTZ,1,-4.908,-6.164,1.2559999999999993
boltz2,THSR__7UTZ,2,-4.585,-6.164,1.5789999999999997
boltz2,THSR__7UTZ,3,-4.85,-6.164,1.314
boltz2,THSR__7UTZ,4,-6.238,-6.164,-0.07400000000000073
boltz2,THSR__7UTZ,5,-5.722,-6.164,0.4419999999999993
boltz2,THSR__7UTZ,6,-4.861,-6.164,1.303
boltz2,THSR__7UTZ,7,-5.83,-6.164,0.33399999999999963
boltz2,THSR__7UTZ,8,-4.169,-6.164,1.995
boltz2,THSR__7UTZ,9,-5.989,-6.164,0.17499999999999982
boltz2,betaLG,0,-4.963,-4.265,-0.6980000000000004
boltz2,betaLG,1,-6.059,-4.265,-1.7940000000000005
boltz2,betaLG,2,-6.212,-4.265,-1.947
boltz2,betaLG,3,-5.298,-4.265,-1.0330000000000004
boltz2,betaLG,4,-5.955,-4.265,-1.6900000000000004
boltz2,betaLG,5,-5.761,-4.265,-1.4960000000000004
boltz2,betaLG,6,-5.361,-4.265,-1.096
boltz2,betaLG,7,-4.978,-4.265,-0.7130000000000001
boltz2,betaLG,8,-6.256,-4.265,-1.9910000000000005
boltz2,betaLG,9,-5.26,-4.265,-0.9950000000000001
boltz2,cAbl,1,-10.276,-7.236,-3.04
boltz2,cAbl,2,-6.238,-7.236,0.9979999999999993
boltz2,cAbl,3,-10.641,-7.236,-3.4050000000000002
boltz2,cAbl,6,-9.155,-7.236,-1.9189999999999996
boltz2,cAbl,8,-9.969,-7.236,-2.7329999999999997
boltz2,cAbl,9,-7.347,-7.236,-0.11100000000000065
boltz2,cAbl,10,-9.629,-7.236,-2.393
boltz2,cAbl,11,-6.715,-7.236,0.5209999999999999
boltz2,cAbl,13,-9.41,-7.236,-2.1740000000000004
boltz2,cAbl,14,-8.759,-7.236,-1.5230000000000006
boltz2,p53_Y220C,0,-5.177,-4.982,-0.1949999999999994
boltz2,p53_Y220C,1,-4.7,-4.982,0.28200000000000003
boltz2,p53_Y220C,2,-4.547,-4.982,0.4350000000000005
boltz2,p53_Y220C,3,-4.909,-4.982,0.0730000000000004
boltz2,p53_Y220C,4,-5.246,-4.982,-0.26400000000000023
boltz2,p53_Y220C,5,-5.498,-4.982,-0.516
boltz2,p53_Y220C,6,-4.787,-4.982,0.19500000000000028
boltz2,p53_Y220C,7,-4.908,-4.982,0.07399999999999984
boltz2,p53_Y220C,8,-4.397,-4.982,0.585
boltz2,p53_Y220C,9,-5.03,-4.982,-0.04800000000000004
boltz2,p53_Y220C__4AGQ,0,-5.751,-5.378,-0.3730000000000002
boltz2,p53_Y220C__4AGQ,1,-5.307,-5.378,0.07099999999999973
boltz2,p53_Y220C__4AGQ,2,-5.532,-5.378,-0.15399999999999991
boltz2,p53_Y220C__4AGQ,3,-5.602,-5.378,-0.2240000000000002
boltz2,p53_Y220C__4AGQ,4,-5.99,-5.378,-0.6120000000000001
boltz2,p53_Y220C__4AGQ,5,-5.366,-5.378,0.012000000000000455
boltz2,p53_Y220C__4AGQ,6,-5.214,-5.378,0.1639999999999997
boltz2,p53_Y220C__4AGQ,7,-5.54,-5.378,-0.16199999999999992
boltz2,p53_Y220C__4AGQ,8,-5.726,-5.378,-0.34799999999999986
boltz2,p53_Y220C__4AGQ,9,-5.561,-5.378,-0.18299999999999983
confornet_nomsa,Bcl-xL,0,-4.481,-8.693,4.212
confornet_nomsa,Bcl-xL,1,-2.708,-8.693,5.984999999999999
confornet_nomsa,Bcl-xL,2,-5.333,-8.693,3.3599999999999994
confornet_nomsa,Bcl-xL,3,-3.725,-8.693,4.968
confornet_nomsa,Bcl-xL,4,-4.003,-8.693,4.6899999999999995
confornet_nomsa,Bcl-xL,100,14.32,-8.693,23.012999999999998
confornet_nomsa,Bcl-xL,101,-2.304,-8.693,6.388999999999999
confornet_nomsa,Bcl-xL,102,-6.999,-8.693,1.694
confornet_nomsa,Bcl-xL,103,-3.783,-8.693,4.91
confornet_nomsa,Bcl-xL,104,10.61,-8.693,19.302999999999997
confornet_nomsa,CB1,0,0.871,-10.51,11.381
confornet_nomsa,CB1,1,1.592,-10.51,12.102
confornet_nomsa,CB1,2,2.397,-10.51,12.907
confornet_nomsa,CB1,3,-1.015,-10.51,9.495
confornet_nomsa,CB1,4,-3.465,-10.51,7.045
confornet_nomsa,CB1,5,9.453,-10.51,19.963
confornet_nomsa,CB1,6,9.517,-10.51,20.027
confornet_nomsa,CB1,7,-0.997,-10.51,9.513
confornet_nomsa,CB1,8,4.417,-10.51,14.927
confornet_nomsa,CB1,9,21.264,-10.51,31.774
confornet_nomsa,FUT8,0,0.0,-8.302,8.302
confornet_nomsa,FUT8,1,0.0,-8.302,8.302
confornet_nomsa,FUT8,2,-3.669,-8.302,4.632999999999999
confornet_nomsa,FUT8,3,-4.701,-8.302,3.601
confornet_nomsa,FUT8,4,0.0,-8.302,8.302
confornet_nomsa,FUT8,100,-7.278,-8.302,1.024
confornet_nomsa,FUT8,101,-5.741,-8.302,2.561
confornet_nomsa,FUT8,102,5.85,-8.302,14.152
confornet_nomsa,FUT8,103,-7.244,-8.302,1.0579999999999998
confornet_nomsa,FUT8,104,-6.056,-8.302,2.2459999999999996
confornet_nomsa,GCGR,0,-3.143,-3.657,0.5140000000000002
confornet_nomsa,GCGR,1,-3.384,-3.657,0.27300000000000013
confornet_nomsa,GCGR,2,-3.475,-3.657,0.18199999999999994
confornet_nomsa,GCGR,3,-3.295,-3.657,0.3620000000000001
confornet_nomsa,GCGR,4,-3.566,-3.657,0.09100000000000019
confornet_nomsa,GCGR,5,-3.112,-3.657,0.5449999999999999
confornet_nomsa,GCGR,6,-3.47,-3.657,0.18699999999999983
confornet_nomsa,GCGR,7,-3.411,-3.657,0.246
confornet_nomsa,GCGR,8,-3.536,-3.657,0.121
confornet_nomsa,GCGR,9,-3.548,-3.657,0.10899999999999999
confornet_nomsa,GLTP,0,-4.806,-5.173,0.367
confornet_nomsa,GLTP,1,-5.419,-5.173,-0.24599999999999955
confornet_nomsa,GLTP,2,-4.808,-5.173,0.3650000000000002
confornet_nomsa,GLTP,3,-6.036,-5.173,-0.8629999999999995
confornet_nomsa,GLTP,4,-4.956,-5.173,0.21699999999999964
confornet_nomsa,GLTP,100,-3.482,-5.173,1.6909999999999998
confornet_nomsa,GLTP,101,-5.509,-5.173,-0.3360000000000003
confornet_nomsa,GLTP,102,-4.817,-5.173,0.35599999999999987
confornet_nomsa,GLTP,103,-5.066,-5.173,0.1070000000000002
confornet_nomsa,GLTP,104,-4.232,-5.173,0.9409999999999998
confornet_nomsa,HIF2alpha,0,-6.129,-8.663,2.5340000000000007
confornet_nomsa,HIF2alpha,1,-6.379,-8.663,2.2840000000000007
confornet_nomsa,HIF2alpha,2,-6.001,-8.663,2.662
confornet_nomsa,HIF2alpha,3,-4.436,-8.663,4.227
confornet_nomsa,HIF2alpha,4,-6.717,-8.663,1.9460000000000006
confornet_nomsa,HIF2alpha,5,-6.058,-8.663,2.6050000000000004
confornet_nomsa,HIF2alpha,6,-6.202,-8.663,2.4610000000000003
confornet_nomsa,HIF2alpha,7,-6.344,-8.663,2.319
confornet_nomsa,HIF2alpha,8,-5.622,-8.663,3.0410000000000004
confornet_nomsa,HIF2alpha,9,-5.77,-8.663,2.8930000000000007
confornet_nomsa,HIF2alpha__6D0B,0,3.599,-10.48,14.079
confornet_nomsa,HIF2alpha__6D0B,1,-0.139,-10.48,10.341000000000001
confornet_nomsa,HIF2alpha__6D0B,2,3.953,-10.48,14.433
confornet_nomsa,HIF2alpha__6D0B,3,4.052,-10.48,14.532
confornet_nomsa,HIF2alpha__6D0B,4,3.735,-10.48,14.215
confornet_nomsa,HIF2alpha__6D0B,5,2.346,-10.48,12.826
confornet_nomsa,HIF2alpha__6D0B,6,-0.058,-10.48,10.422
confornet_nomsa,HIF2alpha__6D0B,7,3.587,-10.48,14.067
confornet_nomsa,HIF2alpha__6D0B,8,2.042,-10.48,12.522
confornet_nomsa,HIF2alpha__6D0B,9,2.246,-10.48,12.726
confornet_nomsa,HIV1_CA,0,-6.626,-7.011,0.3849999999999998
confornet_nomsa,HIV1_CA,1,-6.58,-7.011,0.43100000000000005
confornet_nomsa,HIV1_CA,2,-5.856,-7.011,1.1550000000000002
confornet_nomsa,HIV1_CA,3,-5.955,-7.011,1.056
confornet_nomsa,HIV1_CA,4,-6.082,-7.011,0.9290000000000003
confornet_nomsa,HIV1_CA,5,-6.661,-7.011,0.35000000000000053
confornet_nomsa,HIV1_CA,6,-6.402,-7.011,0.609
confornet_nomsa,HIV1_CA,7,-5.754,-7.011,1.2570000000000006
confornet_nomsa,HIV1_CA,8,-6.238,-7.011,0.7729999999999997
confornet_nomsa,HIV1_CA,9,-7.18,-7.011,-0.1689999999999996
confornet_nomsa,HIV_RT,0,-5.06,-6.593,1.5330000000000004
confornet_nomsa,HIV_RT,1,-7.434,-6.593,-0.8410000000000002
confornet_nomsa,HIV_RT,2,-5.912,-6.593,0.681
confornet_nomsa,HIV_RT,3,-5.974,-6.593,0.6189999999999998
confornet_nomsa,HIV_RT,4,-5.529,-6.593,1.064
confornet_nomsa,HIV_RT,5,-5.877,-6.593,0.7160000000000002
confornet_nomsa,HIV_RT,6,-5.093,-6.593,1.5
confornet_nomsa,HIV_RT,7,-5.138,-6.593,1.455
confornet_nomsa,HIV_RT,9,-5.804,-6.593,0.7889999999999997
confornet_nomsa,HIV_RT__3V81,0,-5.592,-6.211,0.6190000000000007
confornet_nomsa,HIV_RT__3V81,1,-4.417,-6.211,1.7940000000000005
confornet_nomsa,HIV_RT__3V81,2,-4.096,-6.211,2.115
confornet_nomsa,HIV_RT__3V81,3,-4.117,-6.211,2.0940000000000003
confornet_nomsa,HIV_RT__3V81,4,-5.31,-6.211,0.9010000000000007
confornet_nomsa,HIV_RT__3V81,5,-4.545,-6.211,1.6660000000000004
confornet_nomsa,HIV_RT__3V81,6,-6.683,-6.211,-0.47199999999999953
confornet_nomsa,HIV_RT__3V81,7,-4.822,-6.211,1.3890000000000002
confornet_nomsa,HIV_RT__3V81,8,-4.519,-6.211,1.6920000000000002
confornet_nomsa,HIV_RT__3V81,9,-3.753,-6.211,2.458
confornet_nomsa,KRAS,0,-6.336,-5.57,-0.766
confornet_nomsa,KRAS,1,-6.111,-5.57,-0.5409999999999995
confornet_nomsa,KRAS,2,-5.423,-5.57,0.14700000000000024
confornet_nomsa,KRAS,3,-5.296,-5.57,0.274
confornet_nomsa,KRAS,4,-5.309,-5.57,0.2610000000000001
confornet_nomsa,KRAS,5,-6.332,-5.57,-0.7619999999999996
confornet_nomsa,KRAS,6,-6.174,-5.57,-0.6040000000000001
confornet_nomsa,KRAS,7,-6.026,-5.57,-0.4559999999999995
confornet_nomsa,KRAS,8,-5.633,-5.57,-0.06299999999999972
confornet_nomsa,KRAS,9,-5.518,-5.57,0.05200000000000049
confornet_nomsa,METTL14,0,-8.96,-7.552,-1.4080000000000013
confornet_nomsa,METTL14,1,-8.688,-7.552,-1.136000000000001
confornet_nomsa,METTL14,2,-8.997,-7.552,-1.4450000000000003
confornet_nomsa,METTL14,3,-8.93,-7.552,-1.3780000000000001
confornet_nomsa,METTL14,4,-8.017,-7.552,-0.46499999999999986
confornet_nomsa,METTL14,100,-8.608,-7.552,-1.056000000000001
confornet_nomsa,METTL14,101,-8.025,-7.552,-0.47300000000000075
confornet_nomsa,METTL14,102,-8.247,-7.552,-0.6950000000000003
confornet_nomsa,METTL14,103,-8.547,-7.552,-0.995000000000001
confornet_nomsa,METTL14,104,-7.589,-7.552,-0.03700000000000081
confornet_nomsa,Menin,0,-7.883,-7.089,-0.7939999999999996
confornet_nomsa,Menin,1,-7.886,-7.089,-0.7969999999999997
confornet_nomsa,Menin,2,-7.785,-7.089,-0.6959999999999997
confornet_nomsa,Menin,3,-7.345,-7.089,-0.25599999999999934
confornet_nomsa,Menin,4,-8.028,-7.089,-0.9390000000000001
confornet_nomsa,Menin,5,-7.642,-7.089,-0.5529999999999999
confornet_nomsa,Menin,6,-7.823,-7.089,-0.734
confornet_nomsa,Menin,7,-7.563,-7.089,-0.4739999999999993
confornet_nomsa,Menin,8,-7.725,-7.089,-0.6359999999999992
confornet_nomsa,Menin,9,-8.03,-7.089,-0.940999999999999
confornet_nomsa,NDPK-A,0,-3.851,-6.513,2.662
confornet_nomsa,NDPK-A,1,-3.711,-6.513,2.802
confornet_nomsa,NDPK-A,2,0.0,-6.513,6.513
confornet_nomsa,NDPK-A,3,-4.182,-6.513,2.3309999999999995
confornet_nomsa,NDPK-A,4,0.0,-6.513,6.513
confornet_nomsa,NDPK-A,100,-6.381,-6.513,0.13199999999999967
confornet_nomsa,NDPK-A,101,-4.154,-6.513,2.359
confornet_nomsa,NDPK-A,102,3.605,-6.513,10.118
confornet_nomsa,NDPK-A,103,-7.007,-6.513,-0.4939999999999998
confornet_nomsa,NDPK-A,104,-5.382,-6.513,1.1310000000000002
confornet_nomsa,SHP2,0,-5.147,-8.742,3.5950000000000006
confornet_nomsa,SHP2,1,-5.133,-8.742,3.609000000000001
confornet_nomsa,SHP2,2,-4.95,-8.742,3.7920000000000007
confornet_nomsa,SHP2,3,-5.377,-8.742,3.365000000000001
confornet_nomsa,SHP2,4,-5.847,-8.742,2.8950000000000005
confornet_nomsa,SHP2,100,-7.795,-8.742,0.947000000000001
confornet_nomsa,SHP2,101,-8.024,-8.742,0.7180000000000017
confornet_nomsa,SHP2,102,-7.856,-8.742,0.886000000000001
confornet_nomsa,SHP2,103,-7.295,-8.742,1.447000000000001
confornet_nomsa,SHP2,104,-8.08,-8.742,0.6620000000000008
confornet_nomsa,THSR,0,1.826,-9.138,10.964
confornet_nomsa,THSR,1,12.056,-9.138,21.194
confornet_nomsa,THSR,2,-7.906,-9.138,1.2320000000000002
confornet_nomsa,THSR,3,3.649,-9.138,12.786999999999999
confornet_nomsa,THSR,4,-8.015,-9.138,1.1229999999999993
confornet_nomsa,THSR,5,-3.439,-9.138,5.699
confornet_nomsa,THSR,6,-4.936,-9.138,4.202
confornet_nomsa,THSR,8,4.42,-9.138,13.558
confornet_nomsa,THSR,9,3.105,-9.138,12.243
confornet_nomsa,THSR__7UTZ,0,-2.941,-6.164,3.223
confornet_nomsa,THSR__7UTZ,1,-4.842,-6.164,1.322
confornet_nomsa,THSR__7UTZ,2,-5.142,-6.164,1.0219999999999994
confornet_nomsa,THSR__7UTZ,3,-3.587,-6.164,2.5769999999999995
confornet_nomsa,THSR__7UTZ,4,-3.877,-6.164,2.287
confornet_nomsa,THSR__7UTZ,5,-3.547,-6.164,2.6169999999999995
confornet_nomsa,THSR__7UTZ,6,-3.83,-6.164,2.3339999999999996
confornet_nomsa,THSR__7UTZ,8,-2.968,-6.164,3.1959999999999997
confornet_nomsa,THSR__7UTZ,9,-3.977,-6.164,2.187
confornet_nomsa,betaLG,0,-4.81,-4.265,-0.5449999999999999
confornet_nomsa,betaLG,1,-4.867,-4.265,-0.6020000000000003
confornet_nomsa,betaLG,2,-4.812,-4.265,-0.5470000000000006
confornet_nomsa,betaLG,3,-4.768,-4.265,-0.5030000000000001
confornet_nomsa,betaLG,4,-4.831,-4.265,-0.5660000000000007
confornet_nomsa,betaLG,100,-6.285,-4.265,-2.0200000000000005
confornet_nomsa,betaLG,101,-4.812,-4.265,-0.5470000000000006
confornet_nomsa,betaLG,102,-4.808,-4.265,-0.5430000000000001
confornet_nomsa,betaLG,103,-4.758,-4.265,-0.4930000000000003
confornet_nomsa,betaLG,104,-6.304,-4.265,-2.0390000000000006
confornet_nomsa,cAbl,0,-8.952,-7.236,-1.7160000000000002
confornet_nomsa,cAbl,1,-8.833,-7.236,-1.5970000000000004
confornet_nomsa,cAbl,2,-9.043,-7.236,-1.8069999999999995
confornet_nomsa,cAbl,3,-8.702,-7.236,-1.4660000000000002
confornet_nomsa,cAbl,4,-8.975,-7.236,-1.7389999999999999
confornet_nomsa,cAbl,5,-8.865,-7.236,-1.6290000000000004
confornet_nomsa,cAbl,6,-8.747,-7.236,-1.5110000000000001
confornet_nomsa,cAbl,7,-9.015,-7.236,-1.7790000000000008
confornet_nomsa,cAbl,8,-8.839,-7.236,-1.6030000000000006
confornet_nomsa,cAbl,9,-9.245,-7.236,-2.0089999999999995
confornet_nomsa,p53_Y220C,0,-6.153,-4.982,-1.1709999999999994
confornet_nomsa,p53_Y220C,1,-6.06,-4.982,-1.0779999999999994
confornet_nomsa,p53_Y220C,2,-6.194,-4.982,-1.2119999999999997
confornet_nomsa,p53_Y220C,3,-5.628,-4.982,-0.6459999999999999
confornet_nomsa,p53_Y220C,4,-5.257,-4.982,-0.27499999999999947
confornet_nomsa,p53_Y220C,5,-6.087,-4.982,-1.1049999999999995
confornet_nomsa,p53_Y220C,6,-4.581,-4.982,0.4009999999999998
confornet_nomsa,p53_Y220C,7,-6.222,-4.982,-1.2400000000000002
confornet_nomsa,p53_Y220C,8,-5.911,-4.982,-0.9289999999999994
confornet_nomsa,p53_Y220C,9,-4.501,-4.982,0.48099999999999987
confornet_nomsa,p53_Y220C__4AGQ,0,-5.248,-5.378,0.1299999999999999
confornet_nomsa,p53_Y220C__4AGQ,1,-5.455,-5.378,-0.07699999999999996
confornet_nomsa,p53_Y220C__4AGQ,2,-5.423,-5.378,-0.04499999999999993
confornet_nomsa,p53_Y220C__4AGQ,3,-5.315,-5.378,0.06299999999999972
confornet_nomsa,p53_Y220C__4AGQ,4,-4.864,-5.378,0.5140000000000002
confornet_nomsa,p53_Y220C__4AGQ,5,-5.519,-5.378,-0.14100000000000001
confornet_nomsa,p53_Y220C__4AGQ,6,-5.433,-5.378,-0.054999999999999716
confornet_nomsa,p53_Y220C__4AGQ,7,-4.937,-5.378,0.44099999999999984
confornet_nomsa,p53_Y220C__4AGQ,8,-5.286,-5.378,0.09200000000000053
confornet_nomsa,p53_Y220C__4AGQ,9,-5.512,-5.378,-0.13399999999999945
esmfold2,Bcl-xL,0,-6.867,-8.693,1.8259999999999996
esmfold2,Bcl-xL,1,-7.478,-8.693,1.2149999999999999
esmfold2,Bcl-xL,2,-7.626,-8.693,1.0669999999999993
esmfold2,Bcl-xL,3,-6.744,-8.693,1.9489999999999998
esmfold2,Bcl-xL,4,-6.727,-8.693,1.9659999999999993
esmfold2,Bcl-xL,5,-7.43,-8.693,1.263
esmfold2,Bcl-xL,7,-7.145,-8.693,1.548
esmfold2,Bcl-xL,8,-7.119,-8.693,1.5739999999999998
esmfold2,Bcl-xL,9,-6.528,-8.693,2.165
esmfold2,Bcl-xL,10,-7.445,-8.693,1.2479999999999993
esmfold2,CB1,0,-7.757,-10.51,2.753
esmfold2,CB1,2,-7.56,-10.51,2.95
esmfold2,CB1,3,-8.101,-10.51,2.408999999999999
esmfold2,CB1,4,-8.517,-10.51,1.9930000000000003
esmfold2,CB1,5,-8.063,-10.51,2.446999999999999
esmfold2,CB1,6,-8.369,-10.51,2.141
esmfold2,CB1,7,-8.208,-10.51,2.3019999999999996
esmfold2,CB1,8,-7.771,-10.51,2.739
esmfold2,CB1,9,-8.191,-10.51,2.318999999999999
esmfold2,CB1,10,-8.623,-10.51,1.8870000000000005
esmfold2,FUT8,0,-7.394,-8.302,0.9079999999999995
esmfold2,FUT8,1,-7.854,-8.302,0.4479999999999995
esmfold2,FUT8,2,-8.24,-8.302,0.06199999999999939
esmfold2,FUT8,3,-8.039,-8.302,0.2629999999999999
esmfold2,FUT8,4,-7.829,-8.302,0.47299999999999986
esmfold2,FUT8,5,-7.99,-8.302,0.3119999999999994
esmfold2,FUT8,6,-7.901,-8.302,0.4009999999999998
esmfold2,FUT8,7,-8.018,-8.302,0.2839999999999989
esmfold2,FUT8,8,-7.651,-8.302,0.6509999999999998
esmfold2,FUT8,9,-7.844,-8.302,0.4579999999999993
esmfold2,GLTP,0,-5.877,-5.173,-0.7039999999999997
esmfold2,GLTP,1,-5.602,-5.173,-0.42900000000000027
esmfold2,GLTP,2,-5.417,-5.173,-0.24399999999999977
esmfold2,GLTP,3,-5.673,-5.173,-0.5
esmfold2,GLTP,4,-5.162,-5.173,0.01100000000000012
esmfold2,GLTP,5,-5.338,-5.173,-0.16500000000000004
esmfold2,GLTP,6,-5.579,-5.173,-0.4059999999999997
esmfold2,GLTP,7,-5.345,-5.173,-0.1719999999999997
esmfold2,GLTP,8,-5.504,-5.173,-0.3309999999999995
esmfold2,GLTP,9,-5.751,-5.173,-0.5780000000000003
esmfold2,HIF2alpha,0,-1.87,-8.663,6.793
esmfold2,HIF2alpha,1,-3.692,-8.663,4.971
esmfold2,HIF2alpha,2,-2.026,-8.663,6.6370000000000005
esmfold2,HIF2alpha,3,-3.106,-8.663,5.557
esmfold2,HIF2alpha,4,-2.758,-8.663,5.905
esmfold2,HIF2alpha,5,-2.097,-8.663,6.566000000000001
esmfold2,HIF2alpha,6,-3.834,-8.663,4.829000000000001
esmfold2,HIF2alpha,7,-3.82,-8.663,4.843
esmfold2,HIF2alpha,8,-4.175,-8.663,4.488
esmfold2,HIF2alpha,9,-1.754,-8.663,6.909000000000001
esmfold2,HIF2alpha__6D0B,0,-0.293,-10.48,10.187000000000001
esmfold2,HIF2alpha__6D0B,1,0.007,-10.48,10.487
esmfold2,HIF2alpha__6D0B,2,0.108,-10.48,10.588000000000001
esmfold2,HIF2alpha__6D0B,3,0.243,-10.48,10.723
esmfold2,HIF2alpha__6D0B,4,-0.988,-10.48,9.492
esmfold2,HIF2alpha__6D0B,5,0.343,-10.48,10.823
esmfold2,HIF2alpha__6D0B,6,-0.504,-10.48,9.976
esmfold2,HIF2alpha__6D0B,7,0.116,-10.48,10.596
esmfold2,HIF2alpha__6D0B,8,-0.277,-10.48,10.203000000000001
esmfold2,HIF2alpha__6D0B,9,0.481,-10.48,10.961
esmfold2,HIV1_CA,0,-6.907,-7.011,0.10400000000000009
esmfold2,HIV1_CA,1,-6.685,-7.011,0.3260000000000005
esmfold2,HIV1_CA,2,-6.542,-7.011,0.4690000000000003
esmfold2,HIV1_CA,3,-8.265,-7.011,-1.2540000000000004
esmfold2,HIV1_CA,4,-6.814,-7.011,0.19700000000000006
esmfold2,HIV1_CA,5,-8.429,-7.011,-1.4180000000000001
esmfold2,HIV1_CA,6,-7.806,-7.011,-0.7949999999999999
esmfold2,HIV1_CA,7,-8.452,-7.011,-1.4409999999999998
esmfold2,HIV1_CA,8,-8.383,-7.011,-1.371999999999999
esmfold2,HIV1_CA,9,-6.803,-7.011,0.20800000000000018
esmfold2,HIV_RT,1,-5.885,-6.593,0.7080000000000002
esmfold2,HIV_RT,4,-5.802,-6.593,0.7910000000000004
esmfold2,HIV_RT,5,-6.046,-6.593,0.5469999999999997
esmfold2,HIV_RT,6,-6.122,-6.593,0.4710000000000001
esmfold2,HIV_RT,7,-6.076,-6.593,0.5170000000000003
esmfold2,HIV_RT,8,-5.943,-6.593,0.6500000000000004
esmfold2,HIV_RT,10,-5.955,-6.593,0.6379999999999999
esmfold2,HIV_RT,12,-6.04,-6.593,0.5529999999999999
esmfold2,HIV_RT,13,-5.587,-6.593,1.0060000000000002
esmfold2,HIV_RT,16,-5.627,-6.593,0.9660000000000002
esmfold2,HIV_RT__3V81,0,-5.015,-6.211,1.1960000000000006
esmfold2,HIV_RT__3V81,1,-5.835,-6.211,0.37600000000000033
esmfold2,HIV_RT__3V81,2,-5.831,-6.211,0.3799999999999999
esmfold2,HIV_RT__3V81,3,-4.803,-6.211,1.4080000000000004
esmfold2,HIV_RT__3V81,4,-5.764,-6.211,0.44700000000000006
esmfold2,HIV_RT__3V81,5,0.304,-6.211,6.515000000000001
esmfold2,HIV_RT__3V81,6,-5.007,-6.211,1.2040000000000006
esmfold2,HIV_RT__3V81,7,-4.38,-6.211,1.8310000000000004
esmfold2,HIV_RT__3V81,8,-4.641,-6.211,1.5700000000000003
esmfold2,HIV_RT__3V81,9,-5.063,-6.211,1.1480000000000006
esmfold2,KRAS,0,-5.533,-5.57,0.03699999999999992
esmfold2,KRAS,1,-5.322,-5.57,0.24800000000000022
esmfold2,KRAS,2,-5.564,-5.57,0.006000000000000227
esmfold2,KRAS,3,-5.953,-5.57,-0.383
esmfold2,KRAS,4,-5.292,-5.57,0.27800000000000047
esmfold2,KRAS,5,-5.829,-5.57,-0.25899999999999945
esmfold2,KRAS,6,-4.52,-5.57,1.0500000000000007
esmfold2,KRAS,7,-5.735,-5.57,-0.16500000000000004
esmfold2,KRAS,8,-5.927,-5.57,-0.3569999999999993
esmfold2,KRAS,9,-5.451,-5.57,0.11900000000000066
esmfold2,METTL14,0,-7.197,-7.552,0.35499999999999954
esmfold2,METTL14,1,-7.395,-7.552,0.15700000000000003
esmfold2,METTL14,2,-7.454,-7.552,0.09799999999999986
esmfold2,METTL14,3,-6.033,-7.552,1.5189999999999992
esmfold2,METTL14,4,-7.796,-7.552,-0.24400000000000066
esmfold2,METTL14,5,-6.347,-7.552,1.2049999999999992
esmfold2,METTL14,6,-7.269,-7.552,0.2829999999999995
esmfold2,METTL14,7,-7.505,-7.552,0.04699999999999971
esmfold2,METTL14,8,-5.923,-7.552,1.6289999999999996
esmfold2,METTL14,9,-7.382,-7.552,0.16999999999999993
esmfold2,Menin,0,-6.825,-7.089,0.26400000000000023
esmfold2,Menin,1,-7.466,-7.089,-0.3769999999999998
esmfold2,Menin,2,-6.984,-7.089,0.10500000000000043
esmfold2,Menin,3,-7.466,-7.089,-0.3769999999999998
esmfold2,Menin,4,-6.904,-7.089,0.1850000000000005
esmfold2,Menin,5,-6.782,-7.089,0.3070000000000004
esmfold2,Menin,6,-7.063,-7.089,0.02600000000000069
esmfold2,Menin,7,-7.143,-7.089,-0.05399999999999938
esmfold2,Menin,8,-7.166,-7.089,-0.07699999999999996
esmfold2,Menin,9,-7.297,-7.089,-0.2079999999999993
esmfold2,NDPK-A,0,-7.366,-6.513,-0.8529999999999998
esmfold2,NDPK-A,1,-7.034,-6.513,-0.5209999999999999
esmfold2,NDPK-A,2,-7.263,-6.513,-0.75
esmfold2,NDPK-A,3,-6.989,-6.513,-0.476
esmfold2,NDPK-A,4,-7.096,-6.513,-0.5830000000000002
esmfold2,NDPK-A,5,-7.064,-6.513,-0.5510000000000002
esmfold2,NDPK-A,6,-7.475,-6.513,-0.9619999999999997
esmfold2,NDPK-A,7,-6.946,-6.513,-0.43299999999999983
esmfold2,NDPK-A,8,-7.181,-6.513,-0.6680000000000001
esmfold2,NDPK-A,9,-7.325,-6.513,-0.8120000000000003
esmfold2,SHP2,0,-7.938,-8.742,0.8040000000000012
esmfold2,SHP2,1,-9.208,-8.742,-0.4659999999999993
esmfold2,SHP2,2,-8.826,-8.742,-0.08399999999999963
esmfold2,SHP2,3,-8.42,-8.742,0.32200000000000095
esmfold2,SHP2,4,-7.902,-8.742,0.8400000000000007
esmfold2,SHP2,5,-7.855,-8.742,0.8870000000000005
esmfold2,SHP2,6,-8.592,-8.742,0.15000000000000036
esmfold2,SHP2,7,-8.401,-8.742,0.3410000000000011
esmfold2,SHP2,8,-8.251,-8.742,0.49100000000000144
esmfold2,SHP2,9,-8.967,-8.742,-0.22499999999999964
esmfold2,THSR,0,-7.885,-9.138,1.2530000000000001
esmfold2,THSR,1,-6.119,-9.138,3.019
esmfold2,THSR,2,-9.804,-9.138,-0.6660000000000004
esmfold2,THSR,3,-0.745,-9.138,8.393
esmfold2,THSR,4,-9.927,-9.138,-0.7889999999999997
esmfold2,THSR,5,-9.905,-9.138,-0.7669999999999995
esmfold2,THSR,6,-8.493,-9.138,0.6449999999999996
esmfold2,THSR,7,-9.242,-9.138,-0.10400000000000098
esmfold2,THSR,8,-9.605,-9.138,-0.4670000000000005
esmfold2,THSR,9,-8.929,-9.138,0.20899999999999963
esmfold2,THSR__7UTZ,0,-6.352,-6.164,-0.1880000000000006
esmfold2,THSR__7UTZ,2,-5.763,-6.164,0.4009999999999998
esmfold2,THSR__7UTZ,3,-6.158,-6.164,0.005999999999999339
esmfold2,THSR__7UTZ,4,-6.169,-6.164,-0.004999999999999893
esmfold2,THSR__7UTZ,5,-5.558,-6.164,0.6059999999999999
esmfold2,THSR__7UTZ,6,-5.918,-6.164,0.24599999999999955
esmfold2,THSR__7UTZ,7,-6.475,-6.164,-0.31099999999999994
esmfold2,THSR__7UTZ,8,-6.637,-6.164,-0.47299999999999986
esmfold2,THSR__7UTZ,9,-6.145,-6.164,0.019000000000000128
esmfold2,THSR__7UTZ,10,-6.267,-6.164,-0.10300000000000065
esmfold2,betaLG,0,-4.816,-4.265,-0.5510000000000002
esmfold2,betaLG,1,-4.693,-4.265,-0.42799999999999994
esmfold2,betaLG,2,-4.677,-4.265,-0.4119999999999999
esmfold2,betaLG,3,-4.745,-4.265,-0.4800000000000004
esmfold2,betaLG,4,-4.728,-4.265,-0.4630000000000001
esmfold2,betaLG,5,-5.329,-4.265,-1.064
esmfold2,betaLG,6,-4.822,-4.265,-0.5570000000000004
esmfold2,betaLG,7,-4.825,-4.265,-0.5600000000000005
esmfold2,betaLG,8,-5.084,-4.265,-0.819
esmfold2,betaLG,9,-5.064,-4.265,-0.7990000000000004
esmfold2,cAbl,0,-8.498,-7.236,-1.2619999999999996
esmfold2,cAbl,1,-9.774,-7.236,-2.5379999999999994
esmfold2,cAbl,2,-8.9,-7.236,-1.6640000000000006
esmfold2,cAbl,3,-8.805,-7.236,-1.569
esmfold2,cAbl,4,-6.733,-7.236,0.5030000000000001
esmfold2,cAbl,5,-8.729,-7.236,-1.4929999999999994
esmfold2,cAbl,6,-9.313,-7.236,-2.077000000000001
esmfold2,cAbl,7,-9.169,-7.236,-1.9330000000000007
esmfold2,cAbl,8,-9.209,-7.236,-1.9729999999999999
esmfold2,cAbl,9,-9.284,-7.236,-2.048000000000001
esmfold2,p53_Y220C,0,-4.406,-4.982,0.5760000000000005
esmfold2,p53_Y220C,1,-5.014,-4.982,-0.03200000000000003
esmfold2,p53_Y220C,2,-4.672,-4.982,0.3100000000000005
esmfold2,p53_Y220C,3,-4.834,-4.982,0.14800000000000058
esmfold2,p53_Y220C,4,-4.821,-4.982,0.16100000000000048
esmfold2,p53_Y220C,5,-4.708,-4.982,0.274
esmfold2,p53_Y220C,6,-5.58,-4.982,-0.5979999999999999
esmfold2,p53_Y220C,7,-5.463,-4.982,-0.48099999999999987
esmfold2,p53_Y220C,8,-4.78,-4.982,0.20199999999999996
esmfold2,p53_Y220C,9,-4.616,-4.982,0.36600000000000055
esmfold2,p53_Y220C__4AGQ,0,-5.014,-5.378,0.3639999999999999
esmfold2,p53_Y220C__4AGQ,1,-5.211,-5.378,0.16699999999999982
esmfold2,p53_Y220C__4AGQ,2,-5.006,-5.378,0.3719999999999999
esmfold2,p53_Y220C__4AGQ,3,-5.302,-5.378,0.07600000000000051
esmfold2,p53_Y220C__4AGQ,4,-5.031,-5.378,0.3470000000000004
esmfold2,p53_Y220C__4AGQ,5,-5.211,-5.378,0.16699999999999982
esmfold2,p53_Y220C__4AGQ,6,-5.058,-5.378,0.3200000000000003
esmfold2,p53_Y220C__4AGQ,7,-5.027,-5.378,0.351
esmfold2,p53_Y220C__4AGQ,8,-5.024,-5.378,0.3540000000000001
esmfold2,p53_Y220C__4AGQ,9,-5.01,-5.378,0.3680000000000003
molgen_ns1.0,Bcl-xL,0,-5.389,-8.693,3.3039999999999994
molgen_ns1.0,Bcl-xL,1,-5.538,-8.693,3.1549999999999994
molgen_ns1.0,Bcl-xL,2,-6.266,-8.693,2.4269999999999996
molgen_ns1.0,Bcl-xL,3,-6.377,-8.693,2.316
molgen_ns1.0,Bcl-xL,4,-6.587,-8.693,2.106
molgen_ns1.0,Bcl-xL,5,-5.678,-8.693,3.0149999999999997
molgen_ns1.0,Bcl-xL,6,-6.469,-8.693,2.2239999999999993
molgen_ns1.0,Bcl-xL,7,-6.279,-8.693,2.4139999999999997
molgen_ns1.0,Bcl-xL,8,-7.305,-8.693,1.388
molgen_ns1.0,Bcl-xL,9,-7.77,-8.693,0.923
molgen_ns1.0,CB1,0,-8.828,-10.51,1.6820000000000004
molgen_ns1.0,CB1,1,-9.704,-10.51,0.8059999999999992
molgen_ns1.0,CB1,2,-9.33,-10.51,1.1799999999999997
molgen_ns1.0,CB1,3,-9.505,-10.51,1.004999999999999
molgen_ns1.0,CB1,4,-9.497,-10.51,1.013
molgen_ns1.0,CB1,5,-9.231,-10.51,1.279
molgen_ns1.0,CB1,6,-9.845,-10.51,0.6649999999999991
molgen_ns1.0,CB1,7,-9.621,-10.51,0.8889999999999993
molgen_ns1.0,CB1,8,-9.693,-10.51,0.8170000000000002
molgen_ns1.0,CB1,9,-9.423,-10.51,1.0869999999999997
molgen_ns1.0,FUT8,0,-3.884,-8.302,4.417999999999999
molgen_ns1.0,FUT8,1,0.229,-8.302,8.530999999999999
molgen_ns1.0,FUT8,2,-5.505,-8.302,2.7969999999999997
molgen_ns1.0,FUT8,4,-3.317,-8.302,4.984999999999999
molgen_ns1.0,FUT8,5,-3.344,-8.302,4.958
molgen_ns1.0,FUT8,6,1.35,-8.302,9.652
molgen_ns1.0,FUT8,7,14.39,-8.302,22.692
molgen_ns1.0,FUT8,8,-6.411,-8.302,1.891
molgen_ns1.0,FUT8,9,-5.294,-8.302,3.008
molgen_ns1.0,FUT8,10,-7.103,-8.302,1.1989999999999998
molgen_ns1.0,GCGR,0,-3.788,-3.657,-0.13099999999999978
molgen_ns1.0,GCGR,1,-3.892,-3.657,-0.23499999999999988
molgen_ns1.0,GCGR,2,-4.066,-3.657,-0.4089999999999998
molgen_ns1.0,GCGR,3,-3.863,-3.657,-0.20599999999999996
molgen_ns1.0,GCGR,4,-4.518,-3.657,-0.8609999999999998
molgen_ns1.0,GCGR,5,-4.257,-3.657,-0.5999999999999996
molgen_ns1.0,GCGR,6,-3.629,-3.657,0.028000000000000025
molgen_ns1.0,GCGR,7,-4.433,-3.657,-0.7759999999999998
molgen_ns1.0,GCGR,8,-4.168,-3.657,-0.5110000000000001
molgen_ns1.0,GCGR,9,-4.276,-3.657,-0.6189999999999998
molgen_ns1.0,GLTP,0,-4.247,-5.173,0.9260000000000002
molgen_ns1.0,GLTP,1,-4.967,-5.173,0.2060000000000004
molgen_ns1.0,GLTP,2,-4.116,-5.173,1.0570000000000004
molgen_ns1.0,GLTP,3,-4.621,-5.173,0.5519999999999996
molgen_ns1.0,GLTP,4,-4.46,-5.173,0.7130000000000001
molgen_ns1.0,GLTP,5,-4.084,-5.173,1.0890000000000004
molgen_ns1.0,GLTP,6,-4.82,-5.173,0.35299999999999976
molgen_ns1.0,GLTP,7,-4.503,-5.173,0.6699999999999999
molgen_ns1.0,GLTP,8,-4.166,-5.173,1.0069999999999997
molgen_ns1.0,GLTP,9,-5.905,-5.173,-0.7320000000000002
molgen_ns1.0,HIF2alpha,0,-7.688,-8.663,0.9750000000000005
molgen_ns1.0,HIF2alpha,1,-7.621,-8.663,1.0419999999999998
molgen_ns1.0,HIF2alpha,2,-7.434,-8.663,1.229
molgen_ns1.0,HIF2alpha,3,-7.134,-8.663,1.529
molgen_ns1.0,HIF2alpha,4,-7.924,-8.663,0.7389999999999999
molgen_ns1.0,HIF2alpha,5,-6.648,-8.663,2.0150000000000006
molgen_ns1.0,HIF2alpha,6,-7.573,-8.663,1.0899999999999999
molgen_ns1.0,HIF2alpha,7,-6.866,-8.663,1.7970000000000006
molgen_ns1.0,HIF2alpha,8,-6.993,-8.663,1.67
molgen_ns1.0,HIF2alpha,9,-6.852,-8.663,1.811
molgen_ns1.0,HIF2alpha__6D0B,0,-8.622,-10.48,1.8580000000000005
molgen_ns1.0,HIF2alpha__6D0B,1,-8.36,-10.48,2.120000000000001
molgen_ns1.0,HIF2alpha__6D0B,2,-8.238,-10.48,2.242000000000001
molgen_ns1.0,HIF2alpha__6D0B,3,-8.834,-10.48,1.6460000000000008
molgen_ns1.0,HIF2alpha__6D0B,4,-8.437,-10.48,2.043000000000001
molgen_ns1.0,HIF2alpha__6D0B,5,-8.554,-10.48,1.9260000000000002
molgen_ns1.0,HIF2alpha__6D0B,6,-8.776,-10.48,1.7040000000000006
molgen_ns1.0,HIF2alpha__6D0B,7,-8.265,-10.48,2.215
molgen_ns1.0,HIF2alpha__6D0B,8,-6.939,-10.48,3.5410000000000004
molgen_ns1.0,HIF2alpha__6D0B,9,-8.87,-10.48,1.6100000000000012
molgen_ns1.0,HIV1_CA,0,-8.842,-7.011,-1.8310000000000004
molgen_ns1.0,HIV1_CA,1,-8.057,-7.011,-1.0460000000000003
molgen_ns1.0,HIV1_CA,2,-8.136,-7.011,-1.1249999999999991
molgen_ns1.0,HIV1_CA,3,-6.97,-7.011,0.04100000000000037
molgen_ns1.0,HIV1_CA,4,-9.278,-7.011,-2.2670000000000003
molgen_ns1.0,HIV1_CA,5,-7.735,-7.011,-0.7240000000000002
molgen_ns1.0,HIV1_CA,6,-10.76,-7.011,-3.7489999999999997
molgen_ns1.0,HIV1_CA,9,-7.082,-7.011,-0.07099999999999973
molgen_ns1.0,HIV1_CA,10,-8.306,-7.011,-1.294999999999999
molgen_ns1.0,HIV1_CA,11,-8.17,-7.011,-1.1589999999999998
molgen_ns1.0,HIV_RT,0,-7.943,-6.593,-1.3499999999999996
molgen_ns1.0,HIV_RT,1,-8.979,-6.593,-2.3859999999999992
molgen_ns1.0,HIV_RT,2,-9.598,-6.593,-3.005000000000001
molgen_ns1.0,HIV_RT,3,-9.551,-6.593,-2.958
molgen_ns1.0,HIV_RT,4,-9.598,-6.593,-3.005000000000001
molgen_ns1.0,HIV_RT,5,-9.447,-6.593,-2.853999999999999
molgen_ns1.0,HIV_RT,6,-9.553,-6.593,-2.960000000000001
molgen_ns1.0,HIV_RT,7,-9.215,-6.593,-2.622
molgen_ns1.0,HIV_RT,8,-9.245,-6.593,-2.6519999999999992
molgen_ns1.0,HIV_RT,9,-9.591,-6.593,-2.9979999999999993
molgen_ns1.0,HIV_RT__3V81,0,-9.145,-6.211,-2.9339999999999993
molgen_ns1.0,HIV_RT__3V81,1,-8.965,-6.211,-2.7539999999999996
molgen_ns1.0,HIV_RT__3V81,2,-8.205,-6.211,-1.9939999999999998
molgen_ns1.0,HIV_RT__3V81,3,-5.255,-6.211,0.9560000000000004
molgen_ns1.0,HIV_RT__3V81,4,-7.935,-6.211,-1.7239999999999993
molgen_ns1.0,HIV_RT__3V81,5,-5.582,-6.211,0.6290000000000004
molgen_ns1.0,HIV_RT__3V81,6,-7.747,-6.211,-1.5359999999999996
molgen_ns1.0,HIV_RT__3V81,7,-5.491,-6.211,0.7200000000000006
molgen_ns1.0,HIV_RT__3V81,8,-8.196,-6.211,-1.9849999999999994
molgen_ns1.0,HIV_RT__3V81,9,-8.615,-6.211,-2.404
molgen_ns1.0,KRAS,0,-8.947,-5.57,-3.376999999999999
molgen_ns1.0,KRAS,1,-8.332,-5.57,-2.7620000000000005
molgen_ns1.0,KRAS,2,-10.27,-5.57,-4.699999999999999
molgen_ns1.0,KRAS,3,-7.63,-5.57,-2.0599999999999996
molgen_ns1.0,KRAS,4,-7.516,-5.57,-1.9459999999999997
molgen_ns1.0,KRAS,5,-8.759,-5.57,-3.189
molgen_ns1.0,KRAS,6,-7.486,-5.57,-1.9159999999999995
molgen_ns1.0,KRAS,7,-4.822,-5.57,0.7480000000000002
molgen_ns1.0,KRAS,8,-7.16,-5.57,-1.5899999999999999
molgen_ns1.0,KRAS,9,-7.524,-5.57,-1.9539999999999997
molgen_ns1.0,METTL14,0,-7.159,-7.552,0.3929999999999998
molgen_ns1.0,METTL14,1,-6.656,-7.552,0.8959999999999999
molgen_ns1.0,METTL14,2,-6.677,-7.552,0.875
molgen_ns1.0,METTL14,3,-6.488,-7.552,1.0639999999999992
molgen_ns1.0,METTL14,4,-6.213,-7.552,1.3389999999999995
molgen_ns1.0,METTL14,5,-6.261,-7.552,1.2909999999999995
molgen_ns1.0,METTL14,6,-6.773,-7.552,0.7789999999999999
molgen_ns1.0,METTL14,7,-6.621,-7.552,0.9309999999999992
molgen_ns1.0,METTL14,8,-6.245,-7.552,1.3069999999999995
molgen_ns1.0,METTL14,9,-6.712,-7.552,0.8399999999999999
molgen_ns1.0,Menin,0,-7.053,-7.089,0.036000000000000476
molgen_ns1.0,Menin,1,-8.362,-7.089,-1.2729999999999997
molgen_ns1.0,Menin,2,-8.185,-7.089,-1.096
molgen_ns1.0,Menin,4,-6.874,-7.089,0.21500000000000075
molgen_ns1.0,Menin,5,-7.476,-7.089,-0.38699999999999957
molgen_ns1.0,Menin,6,-6.317,-7.089,0.7720000000000002
molgen_ns1.0,Menin,7,-7.808,-7.089,-0.7189999999999994
molgen_ns1.0,Menin,8,-6.882,-7.089,0.20700000000000074
molgen_ns1.0,Menin,9,-6.881,-7.089,0.20800000000000018
molgen_ns1.0,Menin,10,-7.326,-7.089,-0.2369999999999992
molgen_ns1.0,NDPK-A,1,-5.786,-6.513,0.7270000000000003
molgen_ns1.0,NDPK-A,2,-5.419,-6.513,1.0940000000000003
molgen_ns1.0,NDPK-A,3,-5.735,-6.513,0.7779999999999996
molgen_ns1.0,NDPK-A,4,-5.772,-6.513,0.7409999999999997
molgen_ns1.0,NDPK-A,5,-6.021,-6.513,0.492
molgen_ns1.0,NDPK-A,6,-5.109,-6.513,1.404
molgen_ns1.0,NDPK-A,7,-4.614,-6.513,1.899
molgen_ns1.0,NDPK-A,8,-6.016,-6.513,0.4969999999999999
molgen_ns1.0,NDPK-A,9,-5.422,-6.513,1.0910000000000002
molgen_ns1.0,NDPK-A,10,-5.608,-6.513,0.9050000000000002
molgen_ns1.0,SHP2,0,-5.75,-8.742,2.992000000000001
molgen_ns1.0,SHP2,1,-7.249,-8.742,1.4930000000000012
molgen_ns1.0,SHP2,2,-6.229,-8.742,2.513000000000001
molgen_ns1.0,SHP2,3,-6.33,-8.742,2.412000000000001
molgen_ns1.0,SHP2,4,-8.1,-8.742,0.6420000000000012
molgen_ns1.0,SHP2,5,-6.555,-8.742,2.187000000000001
molgen_ns1.0,SHP2,6,-6.961,-8.742,1.7810000000000006
molgen_ns1.0,SHP2,7,-7.457,-8.742,1.285000000000001
molgen_ns1.0,SHP2,8,-7.751,-8.742,0.9910000000000005
molgen_ns1.0,SHP2,9,-7.322,-8.742,1.4200000000000008
molgen_ns1.0,THSR,0,-10.12,-9.138,-0.9819999999999993
molgen_ns1.0,THSR,1,-8.87,-9.138,0.2680000000000007
molgen_ns1.0,THSR,2,-9.371,-9.138,-0.23300000000000054
molgen_ns1.0,THSR,3,-9.575,-9.138,-0.4369999999999994
molgen_ns1.0,THSR,4,-9.912,-9.138,-0.7740000000000009
molgen_ns1.0,THSR,5,-10.06,-9.138,-0.9220000000000006
molgen_ns1.0,THSR,6,-9.546,-9.138,-0.4079999999999995
molgen_ns1.0,THSR,7,-10.53,-9.138,-1.3919999999999995
molgen_ns1.0,THSR,8,-9.257,-9.138,-0.11899999999999977
molgen_ns1.0,THSR,9,-10.02,-9.138,-0.8819999999999997
molgen_ns1.0,THSR__7UTZ,0,-5.745,-6.164,0.4189999999999996
molgen_ns1.0,THSR__7UTZ,1,-5.438,-6.164,0.726
molgen_ns1.0,THSR__7UTZ,2,-5.658,-6.164,0.5059999999999993
molgen_ns1.0,THSR__7UTZ,3,-5.622,-6.164,0.5419999999999998
molgen_ns1.0,THSR__7UTZ,4,-6.111,-6.164,0.052999999999999936
molgen_ns1.0,THSR__7UTZ,5,-5.985,-6.164,0.17899999999999938
molgen_ns1.0,THSR__7UTZ,6,-5.141,-6.164,1.0229999999999997
molgen_ns1.0,THSR__7UTZ,7,-5.63,-6.164,0.5339999999999998
molgen_ns1.0,THSR__7UTZ,8,-6.297,-6.164,-0.133
molgen_ns1.0,THSR__7UTZ,9,-5.982,-6.164,0.1819999999999995
molgen_ns1.0,betaLG,0,-4.91,-4.265,-0.6450000000000005
molgen_ns1.0,betaLG,1,-5.009,-4.265,-0.7440000000000007
molgen_ns1.0,betaLG,2,-5.433,-4.265,-1.1680000000000001
molgen_ns1.0,betaLG,3,-5.06,-4.265,-0.7949999999999999
molgen_ns1.0,betaLG,4,-4.793,-4.265,-0.5280000000000005
molgen_ns1.0,betaLG,5,-4.689,-4.265,-0.4240000000000004
molgen_ns1.0,betaLG,6,-5.049,-4.265,-0.7840000000000007
molgen_ns1.0,betaLG,7,-5.061,-4.265,-0.7960000000000003
molgen_ns1.0,betaLG,8,-5.4,-4.265,-1.1350000000000007
molgen_ns1.0,betaLG,9,-4.465,-4.265,-0.20000000000000018
molgen_ns1.0,cAbl,0,-9.782,-7.236,-2.5460000000000003
molgen_ns1.0,cAbl,1,-11.18,-7.236,-3.944
molgen_ns1.0,cAbl,2,-9.344,-7.236,-2.1079999999999997
molgen_ns1.0,cAbl,3,-9.908,-7.236,-2.6719999999999997
molgen_ns1.0,cAbl,4,-9.893,-7.236,-2.657000000000001
molgen_ns1.0,cAbl,5,-10.1,-7.236,-2.864
molgen_ns1.0,cAbl,6,-10.41,-7.236,-3.1740000000000004
molgen_ns1.0,cAbl,7,-10.02,-7.236,-2.784
molgen_ns1.0,cAbl,8,-11.06,-7.236,-3.8240000000000007
molgen_ns1.0,cAbl,9,-6.382,-7.236,0.8540000000000001
molgen_ns1.0,p53_Y220C,0,-7.617,-4.982,-2.635
molgen_ns1.0,p53_Y220C,1,-6.84,-4.982,-1.8579999999999997
molgen_ns1.0,p53_Y220C,2,-6.951,-4.982,-1.9689999999999994
molgen_ns1.0,p53_Y220C,3,-5.487,-4.982,-0.5049999999999999
molgen_ns1.0,p53_Y220C,4,-7.53,-4.982,-2.548
molgen_ns1.0,p53_Y220C,5,-6.968,-4.982,-1.9859999999999998
molgen_ns1.0,p53_Y220C,6,-6.384,-4.982,-1.4020000000000001
molgen_ns1.0,p53_Y220C,7,-7.955,-4.982,-2.973
molgen_ns1.0,p53_Y220C,9,-7.269,-4.982,-2.287
molgen_ns1.0,p53_Y220C,10,-7.92,-4.982,-2.9379999999999997
molgen_ns1.0,p53_Y220C__4AGQ,0,-8.385,-5.378,-3.0069999999999997
molgen_ns1.0,p53_Y220C__4AGQ,1,-7.542,-5.378,-2.1639999999999997
molgen_ns1.0,p53_Y220C__4AGQ,2,-6.747,-5.378,-1.3689999999999998
molgen_ns1.0,p53_Y220C__4AGQ,3,-8.117,-5.378,-2.7390000000000008
molgen_ns1.0,p53_Y220C__4AGQ,4,-7.045,-5.378,-1.6669999999999998
molgen_ns1.0,p53_Y220C__4AGQ,5,-7.094,-5.378,-1.7160000000000002
molgen_ns1.0,p53_Y220C__4AGQ,6,-7.453,-5.378,-2.075
molgen_ns1.0,p53_Y220C__4AGQ,7,-6.935,-5.378,-1.5569999999999995
molgen_ns1.0,p53_Y220C__4AGQ,8,-7.746,-5.378,-2.3680000000000003
molgen_ns1.0,p53_Y220C__4AGQ,9,-6.74,-5.378,-1.362
prody_rfd3,Bcl-xL,0,-9.005,-8.693,-0.31200000000000117
prody_rfd3,Bcl-xL,1,-9.248,-8.693,-0.5549999999999997
prody_rfd3,Bcl-xL,2,-9.0,-8.693,-0.3070000000000004
prody_rfd3,Bcl-xL,3,-9.298,-8.693,-0.6050000000000004
prody_rfd3,Bcl-xL,4,-9.209,-8.693,-0.516
prody_rfd3,Bcl-xL,5,-9.072,-8.693,-0.37899999999999956
prody_rfd3,Bcl-xL,6,-9.023,-8.693,-0.33000000000000007
prody_rfd3,Bcl-xL,7,-9.152,-8.693,-0.45899999999999963
prody_rfd3,Bcl-xL,8,-8.929,-8.693,-0.23600000000000065
prody_rfd3,Bcl-xL,9,-9.097,-8.693,-0.4039999999999999
prody_rfd3,CB1,2,-8.201,-10.51,2.3089999999999993
prody_rfd3,CB1,4,-9.942,-10.51,0.5679999999999996
prody_rfd3,CB1,5,-8.3,-10.51,2.209999999999999
prody_rfd3,CB1,6,-6.286,-10.51,4.224
prody_rfd3,CB1,12,-9.607,-10.51,0.9030000000000005
prody_rfd3,CB1,13,-8.821,-10.51,1.689
prody_rfd3,CB1,14,-7.301,-10.51,3.2089999999999996
prody_rfd3,CB1,15,-9.07,-10.51,1.4399999999999995
prody_rfd3,CB1,20,-10.189,-10.51,0.32099999999999973
prody_rfd3,CB1,21,-7.989,-10.51,2.521
prody_rfd3,GLTP,0,-5.452,-5.173,-0.2789999999999999
prody_rfd3,GLTP,1,-5.417,-5.173,-0.24399999999999977
prody_rfd3,GLTP,2,-4.964,-5.173,0.20899999999999963
prody_rfd3,GLTP,3,-5.293,-5.173,-0.1200000000000001
prody_rfd3,GLTP,4,-5.096,-5.173,0.07699999999999996
prody_rfd3,GLTP,5,-5.101,-5.173,0.07200000000000006
prody_rfd3,GLTP,7,-5.451,-5.173,-0.2779999999999996
prody_rfd3,GLTP,8,-5.455,-5.173,-0.28200000000000003
prody_rfd3,GLTP,9,-5.288,-5.173,-0.11500000000000021
prody_rfd3,GLTP,10,-4.981,-5.173,0.19200000000000017
prody_rfd3,HIF2alpha,1,-4.538,-8.663,4.125
prody_rfd3,HIF2alpha,2,-2.233,-8.663,6.43
prody_rfd3,HIF2alpha,4,-5.136,-8.663,3.527
prody_rfd3,HIF2alpha,5,-4.594,-8.663,4.069
prody_rfd3,HIF2alpha,9,-4.62,-8.663,4.043
prody_rfd3,HIF2alpha,10,-1.598,-8.663,7.065
prody_rfd3,HIF2alpha,12,-5.291,-8.663,3.372
prody_rfd3,HIF2alpha,13,-4.699,-8.663,3.9640000000000004
prody_rfd3,HIF2alpha,14,-4.918,-8.663,3.745
prody_rfd3,HIF2alpha,17,-4.625,-8.663,4.038
prody_rfd3,HIF2alpha__6D0B,1,-3.59,-10.48,6.890000000000001
prody_rfd3,HIF2alpha__6D0B,2,-0.536,-10.48,9.944
prody_rfd3,HIF2alpha__6D0B,4,-5.797,-10.48,4.683000000000001
prody_rfd3,HIF2alpha__6D0B,5,1.899,-10.48,12.379000000000001
prody_rfd3,HIF2alpha__6D0B,9,0.621,-10.48,11.101
prody_rfd3,HIF2alpha__6D0B,10,-0.475,-10.48,10.005
prody_rfd3,HIF2alpha__6D0B,12,-5.541,-10.48,4.939
prody_rfd3,HIF2alpha__6D0B,13,-2.626,-10.48,7.854000000000001
prody_rfd3,HIF2alpha__6D0B,14,-4.767,-10.48,5.713
prody_rfd3,HIF2alpha__6D0B,17,-0.822,-10.48,9.658000000000001
prody_rfd3,HIV1_CA,0,-6.963,-7.011,0.04800000000000004
prody_rfd3,HIV1_CA,1,-7.353,-7.011,-0.34199999999999964
prody_rfd3,HIV1_CA,2,-7.056,-7.011,-0.04499999999999993
prody_rfd3,HIV1_CA,3,-7.479,-7.011,-0.46799999999999997
prody_rfd3,HIV1_CA,5,-6.85,-7.011,0.16100000000000048
prody_rfd3,HIV1_CA,6,-7.584,-7.011,-0.5729999999999995
prody_rfd3,HIV1_CA,7,-6.97,-7.011,0.04100000000000037
prody_rfd3,HIV1_CA,8,-7.297,-7.011,-0.2859999999999996
prody_rfd3,HIV1_CA,9,-7.532,-7.011,-0.5209999999999999
prody_rfd3,HIV1_CA,10,-6.782,-7.011,0.2290000000000001
prody_rfd3,HIV_RT,2,-5.51,-6.593,1.0830000000000002
prody_rfd3,HIV_RT,4,-6.402,-6.593,0.19099999999999984
prody_rfd3,HIV_RT,6,-6.613,-6.593,-0.020000000000000462
prody_rfd3,HIV_RT,8,-5.459,-6.593,1.1340000000000003
prody_rfd3,HIV_RT__3V81,0,-6.416,-6.211,-0.20500000000000007
prody_rfd3,HIV_RT__3V81,1,-5.969,-6.211,0.242
prody_rfd3,HIV_RT__3V81,2,-5.949,-6.211,0.26200000000000045
prody_rfd3,HIV_RT__3V81,3,-5.693,-6.211,0.5180000000000007
prody_rfd3,HIV_RT__3V81,4,-6.338,-6.211,-0.12699999999999978
prody_rfd3,HIV_RT__3V81,5,-6.169,-6.211,0.0420000000000007
prody_rfd3,HIV_RT__3V81,6,-6.319,-6.211,-0.10799999999999965
prody_rfd3,HIV_RT__3V81,7,-6.152,-6.211,0.05900000000000016
prody_rfd3,HIV_RT__3V81,8,-6.217,-6.211,-0.005999999999999339
prody_rfd3,HIV_RT__3V81,9,-6.048,-6.211,0.16300000000000026
prody_rfd3,KRAS,0,-5.617,-5.57,-0.04699999999999971
prody_rfd3,KRAS,1,-6.201,-5.57,-0.6309999999999993
prody_rfd3,KRAS,2,-5.98,-5.57,-0.41000000000000014
prody_rfd3,KRAS,3,-5.887,-5.57,-0.3169999999999993
prody_rfd3,KRAS,4,-6.039,-5.57,-0.4689999999999994
prody_rfd3,KRAS,5,-6.026,-5.57,-0.4559999999999995
prody_rfd3,KRAS,6,-6.134,-5.57,-0.5640000000000001
prody_rfd3,KRAS,7,-6.722,-5.57,-1.1520000000000001
prody_rfd3,KRAS,8,-5.453,-5.57,0.11699999999999999
prody_rfd3,KRAS,9,-6.113,-5.57,-0.5430000000000001
prody_rfd3,METTL14,0,-6.967,-7.552,0.585
prody_rfd3,METTL14,1,-7.213,-7.552,0.3389999999999995
prody_rfd3,METTL14,2,-7.355,-7.552,0.19699999999999918
prody_rfd3,METTL14,3,-7.008,-7.552,0.5439999999999996
prody_rfd3,METTL14,4,-7.359,-7.552,0.19299999999999962
prody_rfd3,METTL14,5,-7.296,-7.552,0.25599999999999934
prody_rfd3,METTL14,6,-7.29,-7.552,0.26199999999999957
prody_rfd3,METTL14,7,-7.474,-7.552,0.0779999999999994
prody_rfd3,METTL14,8,-7.397,-7.552,0.15499999999999936
prody_rfd3,METTL14,9,-5.939,-7.552,1.6129999999999995
prody_rfd3,Menin,0,-7.318,-7.089,-0.2289999999999992
prody_rfd3,Menin,1,-7.202,-7.089,-0.11299999999999955
prody_rfd3,Menin,2,-7.161,-7.089,-0.07199999999999918
prody_rfd3,Menin,3,-7.316,-7.089,-0.22699999999999942
prody_rfd3,Menin,4,-7.387,-7.089,-0.29799999999999915
prody_rfd3,Menin,5,-7.232,-7.089,-0.1429999999999998
prody_rfd3,Menin,6,-7.321,-7.089,-0.23199999999999932
prody_rfd3,Menin,7,-7.357,-7.089,-0.2679999999999998
prody_rfd3,Menin,8,-7.498,-7.089,-0.4089999999999998
prody_rfd3,Menin,9,-7.352,-7.089,-0.2629999999999999
prody_rfd3,NDPK-A,0,-6.256,-6.513,0.2569999999999997
prody_rfd3,NDPK-A,1,-6.677,-6.513,-0.1639999999999997
prody_rfd3,NDPK-A,2,-6.133,-6.513,0.3799999999999999
prody_rfd3,NDPK-A,4,-5.916,-6.513,0.5969999999999995
prody_rfd3,NDPK-A,5,-6.466,-6.513,0.04699999999999971
prody_rfd3,NDPK-A,6,-5.943,-6.513,0.5700000000000003
prody_rfd3,NDPK-A,7,-5.991,-6.513,0.5220000000000002
prody_rfd3,NDPK-A,8,-6.536,-6.513,-0.022999999999999687
prody_rfd3,NDPK-A,9,-6.538,-6.513,-0.025000000000000355
prody_rfd3,NDPK-A,10,-6.161,-6.513,0.3520000000000003
prody_rfd3,SHP2,10,-7.131,-8.742,1.6110000000000007
prody_rfd3,SHP2,16,-8.226,-8.742,0.516
prody_rfd3,THSR,0,-9.582,-9.138,-0.44400000000000084
prody_rfd3,THSR,1,-10.096,-9.138,-0.9580000000000002
prody_rfd3,THSR,2,-9.528,-9.138,-0.39000000000000057
prody_rfd3,THSR,3,-9.124,-9.138,0.013999999999999346
prody_rfd3,THSR,4,-9.576,-9.138,-0.4380000000000006
prody_rfd3,THSR,5,-10.069,-9.138,-0.9310000000000009
prody_rfd3,THSR,6,-8.627,-9.138,0.5109999999999992
prody_rfd3,THSR,7,-9.219,-9.138,-0.08099999999999952
prody_rfd3,THSR,8,-9.479,-9.138,-0.3409999999999993
prody_rfd3,THSR,9,-8.727,-9.138,0.4109999999999996
prody_rfd3,THSR__7UTZ,0,-5.832,-6.164,0.33199999999999985
prody_rfd3,THSR__7UTZ,1,-6.196,-6.164,-0.03200000000000003
prody_rfd3,THSR__7UTZ,2,-6.212,-6.164,-0.04800000000000004
prody_rfd3,THSR__7UTZ,3,-6.184,-6.164,-0.020000000000000462
prody_rfd3,THSR__7UTZ,4,-5.896,-6.164,0.2679999999999998
prody_rfd3,THSR__7UTZ,5,-6.289,-6.164,-0.125
prody_rfd3,THSR__7UTZ,6,-6.274,-6.164,-0.11000000000000032
prody_rfd3,THSR__7UTZ,7,-6.359,-6.164,-0.19500000000000028
prody_rfd3,THSR__7UTZ,8,-6.229,-6.164,-0.06500000000000039
prody_rfd3,THSR__7UTZ,9,-6.315,-6.164,-0.1510000000000007
prody_rfd3,betaLG,1,-4.545,-4.265,-0.28000000000000025
prody_rfd3,betaLG,3,-4.857,-4.265,-0.5920000000000005
prody_rfd3,betaLG,4,-4.721,-4.265,-0.4560000000000004
prody_rfd3,betaLG,7,-4.625,-4.265,-0.3600000000000003
prody_rfd3,betaLG,9,-4.754,-4.265,-0.4889999999999999
prody_rfd3,betaLG,10,-4.796,-4.265,-0.5310000000000006
prody_rfd3,betaLG,11,-4.603,-4.265,-0.3380000000000001
prody_rfd3,betaLG,14,-4.832,-4.265,-0.5670000000000002
prody_rfd3,betaLG,16,-5.116,-4.265,-0.851
prody_rfd3,betaLG,17,-4.505,-4.265,-0.2400000000000002
prody_rfd3,cAbl,0,-7.82,-7.236,-0.5840000000000005
prody_rfd3,cAbl,1,-7.466,-7.236,-0.23000000000000043
prody_rfd3,cAbl,2,-8.133,-7.236,-0.8969999999999994
prody_rfd3,cAbl,3,-7.549,-7.236,-0.3130000000000006
prody_rfd3,cAbl,5,-8.335,-7.236,-1.099000000000001
prody_rfd3,cAbl,6,-8.278,-7.236,-1.0420000000000007
prody_rfd3,cAbl,7,-7.692,-7.236,-0.4560000000000004
prody_rfd3,cAbl,8,-7.883,-7.236,-0.6470000000000002
prody_rfd3,cAbl,9,-7.678,-7.236,-0.44200000000000017
prody_rfd3,cAbl,10,-8.334,-7.236,-1.0979999999999999
prody_rfd3,p53_Y220C,0,-4.253,-4.982,0.7290000000000001
prody_rfd3,p53_Y220C,1,-4.351,-4.982,0.6310000000000002
prody_rfd3,p53_Y220C,2,-4.412,-4.982,0.5700000000000003
prody_rfd3,p53_Y220C,3,-4.344,-4.982,0.6379999999999999
prody_rfd3,p53_Y220C,4,-4.646,-4.982,0.3360000000000003
prody_rfd3,p53_Y220C,5,-5.515,-4.982,-0.5329999999999995
prody_rfd3,p53_Y220C,6,-4.45,-4.982,0.532
prody_rfd3,p53_Y220C,7,-5.089,-4.982,-0.1070000000000002
prody_rfd3,p53_Y220C,8,-4.884,-4.982,0.09799999999999986
prody_rfd3,p53_Y220C,9,-4.143,-4.982,0.8390000000000004
prody_rfd3,p53_Y220C__4AGQ,0,-5.166,-5.378,0.21199999999999974
prody_rfd3,p53_Y220C__4AGQ,1,-4.853,-5.378,0.5250000000000004
prody_rfd3,p53_Y220C__4AGQ,2,-5.297,-5.378,0.0810000000000004
prody_rfd3,p53_Y220C__4AGQ,3,-5.509,-5.378,-0.13100000000000023
prody_rfd3,p53_Y220C__4AGQ,4,-5.612,-5.378,-0.23399999999999999
prody_rfd3,p53_Y220C__4AGQ,5,-5.33,-5.378,0.04800000000000004
prody_rfd3,p53_Y220C__4AGQ,6,-4.956,-5.378,0.4219999999999997
prody_rfd3,p53_Y220C__4AGQ,7,-5.402,-5.378,-0.02400000000000002
prody_rfd3,p53_Y220C__4AGQ,8,-5.248,-5.378,0.1299999999999999
prody_rfd3,p53_Y220C__4AGQ,9,-5.063,-5.378,0.3150000000000004
rfd3_fix7,Bcl-xL,0,-7.944,-8.693,0.7489999999999997
rfd3_fix7,Bcl-xL,1,-8.027,-8.693,0.6660000000000004
rfd3_fix7,Bcl-xL,2,-8.964,-8.693,-0.2710000000000008
rfd3_fix7,Bcl-xL,3,-8.28,-8.693,0.41300000000000026
rfd3_fix7,Bcl-xL,4,-9.382,-8.693,-0.6890000000000001
rfd3_fix7,Bcl-xL,100,-8.503,-8.693,0.1899999999999995
rfd3_fix7,Bcl-xL,101,-8.821,-8.693,-0.1280000000000001
rfd3_fix7,Bcl-xL,102,-8.931,-8.693,-0.23799999999999955
rfd3_fix7,Bcl-xL,104,-9.15,-8.693,-0.45700000000000074
rfd3_fix7,Bcl-xL,200,-9.156,-8.693,-0.46300000000000097
rfd3_fix7,CB1,0,-8.239,-10.51,2.270999999999999
rfd3_fix7,CB1,1,-7.89,-10.51,2.62
rfd3_fix7,CB1,2,-8.776,-10.51,1.734
rfd3_fix7,CB1,3,-8.106,-10.51,2.404
rfd3_fix7,CB1,4,-9.439,-10.51,1.0709999999999997
rfd3_fix7,CB1,100,-6.576,-10.51,3.934
rfd3_fix7,CB1,101,-5.42,-10.51,5.09
rfd3_fix7,CB1,102,-8.725,-10.51,1.7850000000000001
rfd3_fix7,CB1,103,-6.995,-10.51,3.5149999999999997
rfd3_fix7,CB1,104,-8.056,-10.51,2.4540000000000006
rfd3_fix7,FUT8,0,-7.867,-8.302,0.4349999999999996
rfd3_fix7,FUT8,3,-7.706,-8.302,0.5959999999999992
rfd3_fix7,FUT8,4,-7.72,-8.302,0.5819999999999999
rfd3_fix7,FUT8,100,-7.411,-8.302,0.891
rfd3_fix7,FUT8,102,-8.186,-8.302,0.11599999999999966
rfd3_fix7,FUT8,104,-8.2,-8.302,0.10200000000000031
rfd3_fix7,FUT8,204,-8.642,-8.302,-0.33999999999999986
rfd3_fix7,FUT8,301,-7.898,-8.302,0.4039999999999999
rfd3_fix7,FUT8,303,-8.312,-8.302,-0.009999999999999787
rfd3_fix7,FUT8,401,-7.943,-8.302,0.359
rfd3_fix7,GCGR,1,-3.574,-3.657,0.08300000000000018
rfd3_fix7,GCGR,2,-4.121,-3.657,-0.4640000000000004
rfd3_fix7,GCGR,4,-3.758,-3.657,-0.10099999999999998
rfd3_fix7,GCGR,100,-3.497,-3.657,0.16000000000000014
rfd3_fix7,GCGR,102,-3.98,-3.657,-0.32299999999999995
rfd3_fix7,GCGR,103,-3.566,-3.657,0.09100000000000019
rfd3_fix7,GCGR,104,-4.029,-3.657,-0.3719999999999999
rfd3_fix7,GCGR,200,-3.745,-3.657,-0.08800000000000008
rfd3_fix7,GCGR,201,-3.583,-3.657,0.07399999999999984
rfd3_fix7,GCGR,202,-3.723,-3.657,-0.06599999999999984
rfd3_fix7,GLTP,0,-5.134,-5.173,0.0389999999999997
rfd3_fix7,GLTP,1,-4.961,-5.173,0.21199999999999974
rfd3_fix7,GLTP,2,-5.01,-5.173,0.16300000000000026
rfd3_fix7,GLTP,3,-5.178,-5.173,-0.004999999999999893
rfd3_fix7,GLTP,4,-5.056,-5.173,0.11699999999999999
rfd3_fix7,GLTP,100,-5.174,-5.173,-0.001000000000000334
rfd3_fix7,GLTP,101,-5.265,-5.173,-0.09199999999999964
rfd3_fix7,GLTP,102,-5.316,-5.173,-0.1429999999999998
rfd3_fix7,GLTP,103,-5.427,-5.173,-0.25399999999999956
rfd3_fix7,GLTP,104,-5.223,-5.173,-0.04999999999999982
rfd3_fix7,HIF2alpha,0,-3.812,-8.663,4.851000000000001
rfd3_fix7,HIF2alpha,1,0.262,-8.663,8.925
rfd3_fix7,HIF2alpha,2,-4.211,-8.663,4.452
rfd3_fix7,HIF2alpha,3,5.619,-8.663,14.282
rfd3_fix7,HIF2alpha,4,-4.486,-8.663,4.1770000000000005
rfd3_fix7,HIF2alpha,100,-4.214,-8.663,4.449
rfd3_fix7,HIF2alpha,101,-4.172,-8.663,4.4910000000000005
rfd3_fix7,HIF2alpha,103,-3.891,-8.663,4.772
rfd3_fix7,HIF2alpha,104,2.012,-8.663,10.675
rfd3_fix7,HIF2alpha,201,-4.108,-8.663,4.555000000000001
rfd3_fix7,HIF2alpha__6D0B,0,3.109,-10.48,13.589
rfd3_fix7,HIF2alpha__6D0B,3,8.972,-10.48,19.451999999999998
rfd3_fix7,HIF2alpha__6D0B,100,-4.705,-10.48,5.775
rfd3_fix7,HIF2alpha__6D0B,101,-4.513,-10.48,5.9670000000000005
rfd3_fix7,HIF2alpha__6D0B,102,8.37,-10.48,18.85
rfd3_fix7,HIF2alpha__6D0B,104,7.879,-10.48,18.359
rfd3_fix7,HIF2alpha__6D0B,200,-4.791,-10.48,5.689
rfd3_fix7,HIF2alpha__6D0B,201,2.533,-10.48,13.013
rfd3_fix7,HIF2alpha__6D0B,202,4.997,-10.48,15.477
rfd3_fix7,HIF2alpha__6D0B,300,5.163,-10.48,15.643
rfd3_fix7,HIV1_CA,0,-6.945,-7.011,0.06599999999999984
rfd3_fix7,HIV1_CA,1,-6.717,-7.011,0.2940000000000005
rfd3_fix7,HIV1_CA,2,-7.341,-7.011,-0.33000000000000007
rfd3_fix7,HIV1_CA,3,-6.385,-7.011,0.6260000000000003
rfd3_fix7,HIV1_CA,4,-6.445,-7.011,0.5659999999999998
rfd3_fix7,HIV1_CA,100,-6.538,-7.011,0.47299999999999986
rfd3_fix7,HIV1_CA,101,-7.262,-7.011,-0.25099999999999945
rfd3_fix7,HIV1_CA,102,-7.497,-7.011,-0.48599999999999977
rfd3_fix7,HIV1_CA,103,-6.111,-7.011,0.9000000000000004
rfd3_fix7,HIV1_CA,104,-6.213,-7.011,0.798
rfd3_fix7,HIV_RT,0,-6.327,-6.593,0.266
rfd3_fix7,HIV_RT,1,-6.357,-6.593,0.23599999999999977
rfd3_fix7,HIV_RT,3,-5.498,-6.593,1.0949999999999998
rfd3_fix7,HIV_RT,100,-6.511,-6.593,0.08199999999999985
rfd3_fix7,HIV_RT,101,-6.592,-6.593,0.001000000000000334
rfd3_fix7,HIV_RT,102,-6.485,-6.593,0.10799999999999965
rfd3_fix7,HIV_RT,103,-6.594,-6.593,-0.001000000000000334
rfd3_fix7,HIV_RT,203,-6.068,-6.593,0.5250000000000004
rfd3_fix7,HIV_RT,300,-6.021,-6.593,0.5720000000000001
rfd3_fix7,HIV_RT,302,-5.14,-6.593,1.4530000000000003
rfd3_fix7,HIV_RT__3V81,0,-6.211,-6.211,0.0
rfd3_fix7,HIV_RT__3V81,1,-5.98,-6.211,0.23099999999999987
rfd3_fix7,HIV_RT__3V81,2,-6.194,-6.211,0.017000000000000348
rfd3_fix7,HIV_RT__3V81,3,-6.081,-6.211,0.1299999999999999
rfd3_fix7,HIV_RT__3V81,4,-5.66,-6.211,0.5510000000000002
rfd3_fix7,HIV_RT__3V81,100,-5.743,-6.211,0.46799999999999997
rfd3_fix7,HIV_RT__3V81,101,-6.182,-6.211,0.028999999999999915
rfd3_fix7,HIV_RT__3V81,102,-6.53,-6.211,-0.31899999999999995
rfd3_fix7,HIV_RT__3V81,103,-6.468,-6.211,-0.2569999999999997
rfd3_fix7,HIV_RT__3V81,104,-5.564,-6.211,0.6470000000000002
rfd3_fix7,KRAS,1,-5.704,-5.57,-0.13399999999999945
rfd3_fix7,KRAS,2,-5.882,-5.57,-0.3119999999999994
rfd3_fix7,KRAS,3,-6.028,-5.57,-0.4579999999999993
rfd3_fix7,KRAS,4,-5.772,-5.57,-0.20199999999999996
rfd3_fix7,KRAS,100,-5.599,-5.57,-0.028999999999999915
rfd3_fix7,KRAS,101,-5.711,-5.57,-0.14100000000000001
rfd3_fix7,KRAS,102,-6.565,-5.57,-0.9950000000000001
rfd3_fix7,KRAS,103,-5.936,-5.57,-0.36599999999999966
rfd3_fix7,KRAS,104,-6.225,-5.57,-0.6549999999999994
rfd3_fix7,KRAS,200,-5.678,-5.57,-0.10799999999999965
rfd3_fix7,METTL14,1,-5.873,-7.552,1.6789999999999994
rfd3_fix7,METTL14,3,-6.132,-7.552,1.42
rfd3_fix7,METTL14,4,-6.76,-7.552,0.7919999999999998
rfd3_fix7,METTL14,100,-5.8,-7.552,1.7519999999999998
rfd3_fix7,METTL14,104,-6.506,-7.552,1.0459999999999994
rfd3_fix7,METTL14,200,-5.889,-7.552,1.6629999999999994
rfd3_fix7,METTL14,201,-6.378,-7.552,1.1739999999999995
rfd3_fix7,METTL14,202,-5.802,-7.552,1.75
rfd3_fix7,METTL14,203,-6.045,-7.552,1.5069999999999997
rfd3_fix7,METTL14,204,-5.904,-7.552,1.6479999999999997
rfd3_fix7,Menin,0,-6.625,-7.089,0.4640000000000004
rfd3_fix7,Menin,2,-6.74,-7.089,0.3490000000000002
rfd3_fix7,Menin,3,-6.793,-7.089,0.29600000000000026
rfd3_fix7,Menin,4,-6.825,-7.089,0.26400000000000023
rfd3_fix7,Menin,100,-6.888,-7.089,0.2010000000000005
rfd3_fix7,Menin,102,-6.936,-7.089,0.15300000000000047
rfd3_fix7,Menin,103,-6.542,-7.089,0.5470000000000006
rfd3_fix7,Menin,104,-7.145,-7.089,-0.05599999999999916
rfd3_fix7,Menin,200,-6.877,-7.089,0.21200000000000063
rfd3_fix7,Menin,201,-7.044,-7.089,0.04500000000000082
rfd3_fix7,NDPK-A,0,-6.623,-6.513,-0.11000000000000032
rfd3_fix7,NDPK-A,2,-6.188,-6.513,0.3250000000000002
rfd3_fix7,NDPK-A,4,-6.193,-6.513,0.3200000000000003
rfd3_fix7,NDPK-A,100,-6.907,-6.513,-0.39400000000000013
rfd3_fix7,NDPK-A,101,-6.679,-6.513,-0.16600000000000037
rfd3_fix7,NDPK-A,200,-6.492,-6.513,0.020999999999999908
rfd3_fix7,NDPK-A,201,-6.73,-6.513,-0.21700000000000053
rfd3_fix7,NDPK-A,202,-6.576,-6.513,-0.06299999999999972
rfd3_fix7,NDPK-A,203,-6.807,-6.513,-0.2940000000000005
rfd3_fix7,NDPK-A,204,-6.366,-6.513,0.14700000000000024
rfd3_fix7,SHP2,0,-6.839,-8.742,1.9030000000000005
rfd3_fix7,SHP2,2,-6.533,-8.742,2.2090000000000005
rfd3_fix7,SHP2,3,-7.217,-8.742,1.5250000000000012
rfd3_fix7,SHP2,4,-7.091,-8.742,1.6510000000000007
rfd3_fix7,SHP2,100,-7.781,-8.742,0.9610000000000012
rfd3_fix7,SHP2,101,-6.967,-8.742,1.7750000000000012
rfd3_fix7,SHP2,102,-7.803,-8.742,0.939000000000001
rfd3_fix7,SHP2,103,-6.324,-8.742,2.418000000000001
rfd3_fix7,SHP2,104,-6.886,-8.742,1.8560000000000008
rfd3_fix7,SHP2,200,-7.295,-8.742,1.447000000000001
rfd3_fix7,THSR,0,-6.667,-9.138,2.471
rfd3_fix7,THSR,1,-8.905,-9.138,0.23300000000000054
rfd3_fix7,THSR,2,-10.22,-9.138,-1.0820000000000007
rfd3_fix7,THSR,3,-7.949,-9.138,1.189
rfd3_fix7,THSR,4,-7.529,-9.138,1.609
rfd3_fix7,THSR,100,-6.359,-9.138,2.779
rfd3_fix7,THSR,101,-3.157,-9.138,5.981
rfd3_fix7,THSR,102,-9.873,-9.138,-0.7349999999999994
rfd3_fix7,THSR,103,-9.3,-9.138,-0.1620000000000008
rfd3_fix7,THSR,104,-9.297,-9.138,-0.1590000000000007
rfd3_fix7,THSR__7UTZ,0,-6.264,-6.164,-0.10000000000000053
rfd3_fix7,THSR__7UTZ,1,-6.187,-6.164,-0.023000000000000576
rfd3_fix7,THSR__7UTZ,2,-6.896,-6.164,-0.7320000000000002
rfd3_fix7,THSR__7UTZ,3,-5.728,-6.164,0.43599999999999994
rfd3_fix7,THSR__7UTZ,4,-6.318,-6.164,-0.15399999999999991
rfd3_fix7,THSR__7UTZ,100,-6.652,-6.164,-0.48800000000000043
rfd3_fix7,THSR__7UTZ,101,-5.678,-6.164,0.48599999999999977
rfd3_fix7,THSR__7UTZ,102,-6.233,-6.164,-0.06899999999999995
rfd3_fix7,THSR__7UTZ,103,-6.032,-6.164,0.13199999999999967
rfd3_fix7,THSR__7UTZ,104,-5.869,-6.164,0.29499999999999993
rfd3_fix7,betaLG,0,-5.054,-4.265,-0.7890000000000006
rfd3_fix7,betaLG,1,-5.415,-4.265,-1.1500000000000004
rfd3_fix7,betaLG,2,-4.905,-4.265,-0.6400000000000006
rfd3_fix7,betaLG,3,-5.282,-4.265,-1.0170000000000003
rfd3_fix7,betaLG,4,-5.242,-4.265,-0.9770000000000003
rfd3_fix7,betaLG,101,-5.128,-4.265,-0.8630000000000004
rfd3_fix7,betaLG,102,-4.912,-4.265,-0.6470000000000002
rfd3_fix7,betaLG,103,-5.623,-4.265,-1.3580000000000005
rfd3_fix7,betaLG,104,-5.012,-4.265,-0.7469999999999999
rfd3_fix7,betaLG,200,-4.919,-4.265,-0.6539999999999999
rfd3_fix7,cAbl,0,-8.161,-7.236,-0.9249999999999998
rfd3_fix7,cAbl,1,-8.103,-7.236,-0.867
rfd3_fix7,cAbl,2,-8.524,-7.236,-1.2879999999999994
rfd3_fix7,cAbl,3,-8.278,-7.236,-1.0420000000000007
rfd3_fix7,cAbl,4,-8.112,-7.236,-0.8760000000000003
rfd3_fix7,cAbl,100,-8.641,-7.236,-1.4050000000000002
rfd3_fix7,cAbl,101,-8.085,-7.236,-0.8490000000000011
rfd3_fix7,cAbl,102,-8.256,-7.236,-1.0200000000000005
rfd3_fix7,cAbl,103,-8.665,-7.236,-1.4289999999999994
rfd3_fix7,cAbl,104,-7.581,-7.236,-0.34500000000000064
rfd3_fix7,p53_Y220C,0,-5.177,-4.982,-0.1949999999999994
rfd3_fix7,p53_Y220C,1,-4.958,-4.982,0.02400000000000002
rfd3_fix7,p53_Y220C,2,-5.25,-4.982,-0.2679999999999998
rfd3_fix7,p53_Y220C,3,-5.297,-4.982,-0.3149999999999995
rfd3_fix7,p53_Y220C,4,-5.06,-4.982,-0.0779999999999994
rfd3_fix7,p53_Y220C,100,-5.273,-4.982,-0.2909999999999995
rfd3_fix7,p53_Y220C,101,-5.301,-4.982,-0.31899999999999995
rfd3_fix7,p53_Y220C,102,-5.669,-4.982,-0.6869999999999994
rfd3_fix7,p53_Y220C,103,-5.378,-4.982,-0.3959999999999999
rfd3_fix7,p53_Y220C,104,-5.321,-4.982,-0.3389999999999995
rfd3_fix7,p53_Y220C__4AGQ,0,-5.232,-5.378,0.1459999999999999
rfd3_fix7,p53_Y220C__4AGQ,1,-5.325,-5.378,0.052999999999999936
rfd3_fix7,p53_Y220C__4AGQ,2,-5.212,-5.378,0.16600000000000037
rfd3_fix7,p53_Y220C__4AGQ,3,-5.648,-5.378,-0.2699999999999996
rfd3_fix7,p53_Y220C__4AGQ,4,-5.509,-5.378,-0.13100000000000023
rfd3_fix7,p53_Y220C__4AGQ,100,-5.311,-5.378,0.06700000000000017
rfd3_fix7,p53_Y220C__4AGQ,101,-5.45,-5.378,-0.07200000000000006
rfd3_fix7,p53_Y220C__4AGQ,102,-5.618,-5.378,-0.2400000000000002
rfd3_fix7,p53_Y220C__4AGQ,103,-5.61,-5.378,-0.2320000000000002
rfd3_fix7,p53_Y220C__4AGQ,104,-5.361,-5.378,0.017000000000000348
rosetta_fastrelax,Bcl-xL,0,-8.508,-8.693,0.1850000000000005
rosetta_fastrelax,Bcl-xL,1,-8.182,-8.693,0.5109999999999992
rosetta_fastrelax,Bcl-xL,2,-7.746,-8.693,0.9469999999999992
rosetta_fastrelax,Bcl-xL,3,-7.141,-8.693,1.5519999999999996
rosetta_fastrelax,Bcl-xL,4,-7.711,-8.693,0.9819999999999993
rosetta_fastrelax,Bcl-xL,5,-7.054,-8.693,1.6389999999999993
rosetta_fastrelax,Bcl-xL,6,-8.157,-8.693,0.5359999999999996
rosetta_fastrelax,Bcl-xL,7,-7.356,-8.693,1.3369999999999997
rosetta_fastrelax,Bcl-xL,8,-7.895,-8.693,0.798
rosetta_fastrelax,Bcl-xL,9,-6.983,-8.693,1.71
rosetta_fastrelax,CB1,0,-4.812,-10.51,5.6979999999999995
rosetta_fastrelax,CB1,1,-8.299,-10.51,2.2110000000000003
rosetta_fastrelax,CB1,2,-5.626,-10.51,4.8839999999999995
rosetta_fastrelax,CB1,3,-0.116,-10.51,10.394
rosetta_fastrelax,CB1,4,-4.762,-10.51,5.748
rosetta_fastrelax,CB1,5,-3.006,-10.51,7.504
rosetta_fastrelax,CB1,6,-7.397,-10.51,3.1129999999999995
rosetta_fastrelax,CB1,7,-3.772,-10.51,6.7379999999999995
rosetta_fastrelax,CB1,8,-9.174,-10.51,1.3360000000000003
rosetta_fastrelax,CB1,9,-7.062,-10.51,3.4479999999999995
rosetta_fastrelax,FUT8,0,-7.698,-8.302,0.6039999999999992
rosetta_fastrelax,FUT8,1,-6.625,-8.302,1.6769999999999996
rosetta_fastrelax,FUT8,2,-7.562,-8.302,0.7399999999999993
rosetta_fastrelax,FUT8,3,-7.71,-8.302,0.5919999999999996
rosetta_fastrelax,FUT8,4,-6.959,-8.302,1.343
rosetta_fastrelax,FUT8,5,-7.508,-8.302,0.7939999999999996
rosetta_fastrelax,FUT8,6,-6.706,-8.302,1.5959999999999992
rosetta_fastrelax,FUT8,7,-7.433,-8.302,0.8689999999999998
rosetta_fastrelax,FUT8,8,-7.883,-8.302,0.4189999999999996
rosetta_fastrelax,FUT8,9,-7.492,-8.302,0.8099999999999996
rosetta_fastrelax,GCGR,0,-4.088,-3.657,-0.43100000000000005
rosetta_fastrelax,GCGR,1,-3.82,-3.657,-0.1629999999999998
rosetta_fastrelax,GCGR,2,-4.374,-3.657,-0.7169999999999996
rosetta_fastrelax,GCGR,3,-3.961,-3.657,-0.3039999999999998
rosetta_fastrelax,GCGR,4,-3.698,-3.657,-0.040999999999999925
rosetta_fastrelax,GCGR,5,-4.075,-3.657,-0.41800000000000015
rosetta_fastrelax,GCGR,6,-4.941,-3.657,-1.2839999999999998
rosetta_fastrelax,GCGR,7,-3.576,-3.657,0.08099999999999996
rosetta_fastrelax,GCGR,8,-4.27,-3.657,-0.6129999999999995
rosetta_fastrelax,GCGR,9,-3.989,-3.657,-0.33199999999999985
rosetta_fastrelax,GLTP,0,-5.049,-5.173,0.12399999999999967
rosetta_fastrelax,GLTP,1,-5.089,-5.173,0.08399999999999963
rosetta_fastrelax,GLTP,2,-5.076,-5.173,0.09700000000000042
rosetta_fastrelax,GLTP,3,-5.187,-5.173,-0.014000000000000234
rosetta_fastrelax,GLTP,4,-5.296,-5.173,-0.12300000000000022
rosetta_fastrelax,GLTP,5,-4.969,-5.173,0.20399999999999974
rosetta_fastrelax,GLTP,6,-5.274,-5.173,-0.10099999999999998
rosetta_fastrelax,GLTP,7,-5.226,-5.173,-0.052999999999999936
rosetta_fastrelax,GLTP,8,-4.686,-5.173,0.4870000000000001
rosetta_fastrelax,GLTP,9,-5.263,-5.173,-0.08999999999999986
rosetta_fastrelax,HIF2alpha,0,-4.307,-8.663,4.356
rosetta_fastrelax,HIF2alpha,1,-4.921,-8.663,3.742
rosetta_fastrelax,HIF2alpha,2,-4.359,-8.663,4.304
rosetta_fastrelax,HIF2alpha,3,-3.782,-8.663,4.881
rosetta_fastrelax,HIF2alpha,4,0.925,-8.663,9.588000000000001
rosetta_fastrelax,HIF2alpha,5,-4.245,-8.663,4.418
rosetta_fastrelax,HIF2alpha,6,-3.138,-8.663,5.525
rosetta_fastrelax,HIF2alpha,7,-4.138,-8.663,4.525
rosetta_fastrelax,HIF2alpha,8,1.011,-8.663,9.674
rosetta_fastrelax,HIF2alpha,9,-4.809,-8.663,3.854
rosetta_fastrelax,HIF2alpha__6D0B,0,3.923,-10.48,14.403
rosetta_fastrelax,HIF2alpha__6D0B,1,-4.039,-10.48,6.441000000000001
rosetta_fastrelax,HIF2alpha__6D0B,2,2.65,-10.48,13.13
rosetta_fastrelax,HIF2alpha__6D0B,3,0.051,-10.48,10.531
rosetta_fastrelax,HIF2alpha__6D0B,4,3.637,-10.48,14.117
rosetta_fastrelax,HIF2alpha__6D0B,5,2.118,-10.48,12.598
rosetta_fastrelax,HIF2alpha__6D0B,6,0.079,-10.48,10.559000000000001
rosetta_fastrelax,HIF2alpha__6D0B,7,0.165,-10.48,10.645
rosetta_fastrelax,HIF2alpha__6D0B,8,-2.193,-10.48,8.287
rosetta_fastrelax,HIF2alpha__6D0B,9,-2.7,-10.48,7.78
rosetta_fastrelax,HIV1_CA,0,-6.631,-7.011,0.3799999999999999
rosetta_fastrelax,HIV1_CA,1,-7.087,-7.011,-0.07599999999999962
rosetta_fastrelax,HIV1_CA,2,-6.295,-7.011,0.7160000000000002
rosetta_fastrelax,HIV1_CA,3,-6.062,-7.011,0.9489999999999998
rosetta_fastrelax,HIV1_CA,4,-5.83,-7.011,1.181
rosetta_fastrelax,HIV1_CA,5,-5.816,-7.011,1.1950000000000003
rosetta_fastrelax,HIV1_CA,6,-6.833,-7.011,0.17799999999999994
rosetta_fastrelax,HIV1_CA,7,-6.383,-7.011,0.6280000000000001
rosetta_fastrelax,HIV1_CA,8,-6.162,-7.011,0.8490000000000002
rosetta_fastrelax,HIV1_CA,9,-5.842,-7.011,1.1690000000000005
rosetta_fastrelax,HIV_RT,0,-6.684,-6.593,-0.09100000000000019
rosetta_fastrelax,HIV_RT,1,-5.612,-6.593,0.9809999999999999
rosetta_fastrelax,HIV_RT,2,-5.016,-6.593,1.577
rosetta_fastrelax,HIV_RT,3,-5.427,-6.593,1.1660000000000004
rosetta_fastrelax,HIV_RT,4,-6.428,-6.593,0.16500000000000004
rosetta_fastrelax,HIV_RT,5,-5.885,-6.593,0.7080000000000002
rosetta_fastrelax,HIV_RT,6,-4.839,-6.593,1.7539999999999996
rosetta_fastrelax,HIV_RT,7,-5.791,-6.593,0.8019999999999996
rosetta_fastrelax,HIV_RT,8,-5.924,-6.593,0.6689999999999996
rosetta_fastrelax,HIV_RT,9,-6.941,-6.593,-0.34799999999999986
rosetta_fastrelax,HIV_RT__3V81,0,-6.448,-6.211,-0.2370000000000001
rosetta_fastrelax,HIV_RT__3V81,1,-5.437,-6.211,0.774
rosetta_fastrelax,HIV_RT__3V81,2,-4.942,-6.211,1.2690000000000001
rosetta_fastrelax,HIV_RT__3V81,3,-6.307,-6.211,-0.09600000000000009
rosetta_fastrelax,HIV_RT__3V81,4,-6.715,-6.211,-0.5039999999999996
rosetta_fastrelax,HIV_RT__3V81,5,-4.038,-6.211,2.173
rosetta_fastrelax,HIV_RT__3V81,6,-5.902,-6.211,0.30900000000000016
rosetta_fastrelax,HIV_RT__3V81,7,-5.894,-6.211,0.31700000000000017
rosetta_fastrelax,HIV_RT__3V81,8,-5.191,-6.211,1.0200000000000005
rosetta_fastrelax,HIV_RT__3V81,9,-6.133,-6.211,0.07800000000000029
rosetta_fastrelax,KRAS,0,-5.953,-5.57,-0.383
rosetta_fastrelax,KRAS,1,-5.945,-5.57,-0.375
rosetta_fastrelax,KRAS,2,-5.684,-5.57,-0.11399999999999988
rosetta_fastrelax,KRAS,3,-5.731,-5.57,-0.1609999999999996
rosetta_fastrelax,KRAS,4,-5.673,-5.57,-0.10299999999999976
rosetta_fastrelax,KRAS,5,-6.064,-5.57,-0.4939999999999998
rosetta_fastrelax,KRAS,6,-6.104,-5.57,-0.5339999999999998
rosetta_fastrelax,KRAS,7,-6.064,-5.57,-0.4939999999999998
rosetta_fastrelax,KRAS,8,-6.079,-5.57,-0.5089999999999995
rosetta_fastrelax,KRAS,9,-6.062,-5.57,-0.492
rosetta_fastrelax,METTL14,0,-6.492,-7.552,1.0599999999999996
rosetta_fastrelax,METTL14,1,-6.322,-7.552,1.2299999999999995
rosetta_fastrelax,METTL14,2,-6.021,-7.552,1.5309999999999997
rosetta_fastrelax,METTL14,3,-6.58,-7.552,0.9719999999999995
rosetta_fastrelax,METTL14,4,-6.811,-7.552,0.7409999999999997
rosetta_fastrelax,METTL14,5,-7.091,-7.552,0.4609999999999994
rosetta_fastrelax,METTL14,6,-5.664,-7.552,1.888
rosetta_fastrelax,METTL14,7,-7.012,-7.552,0.54
rosetta_fastrelax,METTL14,8,-6.104,-7.552,1.4479999999999995
rosetta_fastrelax,METTL14,9,-5.961,-7.552,1.5909999999999993
rosetta_fastrelax,Menin,0,-7.47,-7.089,-0.38099999999999934
rosetta_fastrelax,Menin,1,-6.689,-7.089,0.40000000000000036
rosetta_fastrelax,Menin,2,-7.373,-7.089,-0.2839999999999998
rosetta_fastrelax,Menin,3,-6.811,-7.089,0.27800000000000047
rosetta_fastrelax,Menin,4,-7.144,-7.089,-0.054999999999999716
rosetta_fastrelax,Menin,5,-7.548,-7.089,-0.45899999999999963
rosetta_fastrelax,Menin,6,-7.16,-7.089,-0.07099999999999973
rosetta_fastrelax,Menin,7,-6.83,-7.089,0.25900000000000034
rosetta_fastrelax,Menin,8,-7.508,-7.089,-0.4189999999999996
rosetta_fastrelax,Menin,9,-7.235,-7.089,-0.1459999999999999
rosetta_fastrelax,NDPK-A,0,-5.239,-6.513,1.274
rosetta_fastrelax,NDPK-A,1,-7.23,-6.513,-0.7170000000000005
rosetta_fastrelax,NDPK-A,2,-6.632,-6.513,-0.11899999999999977
rosetta_fastrelax,NDPK-A,3,-5.035,-6.513,1.4779999999999998
rosetta_fastrelax,NDPK-A,4,-6.941,-6.513,-0.42799999999999994
rosetta_fastrelax,NDPK-A,5,-6.784,-6.513,-0.2709999999999999
rosetta_fastrelax,NDPK-A,6,-6.556,-6.513,-0.04300000000000015
rosetta_fastrelax,NDPK-A,7,-6.559,-6.513,-0.04600000000000026
rosetta_fastrelax,NDPK-A,8,-5.851,-6.513,0.6619999999999999
rosetta_fastrelax,NDPK-A,9,-6.707,-6.513,-0.19399999999999995
rosetta_fastrelax,SHP2,0,-7.224,-8.742,1.5180000000000007
rosetta_fastrelax,SHP2,1,-6.854,-8.742,1.8880000000000008
rosetta_fastrelax,SHP2,2,-7.666,-8.742,1.0760000000000005
rosetta_fastrelax,SHP2,3,-7.904,-8.742,0.838000000000001
rosetta_fastrelax,SHP2,4,-7.846,-8.742,0.8960000000000008
rosetta_fastrelax,SHP2,5,-6.77,-8.742,1.9720000000000013
rosetta_fastrelax,SHP2,6,-8.021,-8.742,0.7210000000000001
rosetta_fastrelax,SHP2,7,-7.601,-8.742,1.141000000000001
rosetta_fastrelax,SHP2,8,-9.231,-8.742,-0.488999999999999
rosetta_fastrelax,SHP2,9,-7.303,-8.742,1.439000000000001
rosetta_fastrelax,THSR,0,-8.639,-9.138,0.49900000000000055
rosetta_fastrelax,THSR,1,-7.879,-9.138,1.2590000000000003
rosetta_fastrelax,THSR,2,-8.538,-9.138,0.5999999999999996
rosetta_fastrelax,THSR,3,-5.759,-9.138,3.3789999999999996
rosetta_fastrelax,THSR,4,-9.084,-9.138,0.05400000000000027
rosetta_fastrelax,THSR,5,-8.421,-9.138,0.7170000000000005
rosetta_fastrelax,THSR,6,-9.069,-9.138,0.06899999999999906
rosetta_fastrelax,THSR,7,-3.144,-9.138,5.994
rosetta_fastrelax,THSR,8,-7.292,-9.138,1.846
rosetta_fastrelax,THSR,9,-9.512,-9.138,-0.37400000000000055
rosetta_fastrelax,THSR__7UTZ,0,-6.567,-6.164,-0.40300000000000047
rosetta_fastrelax,THSR__7UTZ,1,-5.129,-6.164,1.0350000000000001
rosetta_fastrelax,THSR__7UTZ,2,-5.914,-6.164,0.25
rosetta_fastrelax,THSR__7UTZ,3,-6.044,-6.164,0.1200000000000001
rosetta_fastrelax,THSR__7UTZ,4,-6.517,-6.164,-0.35300000000000065
rosetta_fastrelax,THSR__7UTZ,5,-6.257,-6.164,-0.09299999999999997
rosetta_fastrelax,THSR__7UTZ,6,-6.347,-6.164,-0.18300000000000072
rosetta_fastrelax,THSR__7UTZ,7,-3.565,-6.164,2.5989999999999998
rosetta_fastrelax,THSR__7UTZ,8,-4.768,-6.164,1.396
rosetta_fastrelax,THSR__7UTZ,9,-6.185,-6.164,-0.020999999999999908
rosetta_fastrelax,betaLG,0,-4.498,-4.265,-0.23300000000000054
rosetta_fastrelax,betaLG,1,-5.09,-4.265,-0.8250000000000002
rosetta_fastrelax,betaLG,2,-4.54,-4.265,-0.27500000000000036
rosetta_fastrelax,betaLG,3,-4.983,-4.265,-0.718
rosetta_fastrelax,betaLG,4,-4.407,-4.265,-0.14200000000000035
rosetta_fastrelax,betaLG,5,-5.123,-4.265,-0.8580000000000005
rosetta_fastrelax,betaLG,6,-5.183,-4.265,-0.9180000000000001
rosetta_fastrelax,betaLG,7,-4.227,-4.265,0.03799999999999937
rosetta_fastrelax,betaLG,8,-5.015,-4.265,-0.75
rosetta_fastrelax,betaLG,9,-4.683,-4.265,-0.41800000000000015
rosetta_fastrelax,cAbl,0,-7.869,-7.236,-0.633
rosetta_fastrelax,cAbl,1,-8.868,-7.236,-1.6320000000000006
rosetta_fastrelax,cAbl,2,-7.403,-7.236,-0.16699999999999982
rosetta_fastrelax,cAbl,3,-8.519,-7.236,-1.2830000000000004
rosetta_fastrelax,cAbl,4,-7.513,-7.236,-0.27700000000000014
rosetta_fastrelax,cAbl,5,-8.486,-7.236,-1.2500000000000009
rosetta_fastrelax,cAbl,6,-8.456,-7.236,-1.2199999999999998
rosetta_fastrelax,cAbl,7,-7.189,-7.236,0.04699999999999971
rosetta_fastrelax,cAbl,8,-8.005,-7.236,-0.769000000000001
rosetta_fastrelax,cAbl,9,-7.893,-7.236,-0.657
rosetta_fastrelax,p53_Y220C,0,-4.614,-4.982,0.3680000000000003
rosetta_fastrelax,p53_Y220C,1,-4.458,-4.982,0.524
rosetta_fastrelax,p53_Y220C,2,-4.538,-4.982,0.44399999999999995
rosetta_fastrelax,p53_Y220C,3,-4.354,-4.982,0.6280000000000001
rosetta_fastrelax,p53_Y220C,4,-4.468,-4.982,0.5140000000000002
rosetta_fastrelax,p53_Y220C,5,-4.432,-4.982,0.5499999999999998
rosetta_fastrelax,p53_Y220C,6,-4.741,-4.982,0.24100000000000055
rosetta_fastrelax,p53_Y220C,7,-4.164,-4.982,0.8180000000000005
rosetta_fastrelax,p53_Y220C,8,-4.672,-4.982,0.3100000000000005
rosetta_fastrelax,p53_Y220C,9,-4.366,-4.982,0.6160000000000005
rosetta_fastrelax,p53_Y220C__4AGQ,0,-5.275,-5.378,0.10299999999999976
rosetta_fastrelax,p53_Y220C__4AGQ,1,-5.351,-5.378,0.027000000000000135
rosetta_fastrelax,p53_Y220C__4AGQ,2,-5.208,-5.378,0.16999999999999993
rosetta_fastrelax,p53_Y220C__4AGQ,3,-5.394,-5.378,-0.016000000000000014
rosetta_fastrelax,p53_Y220C__4AGQ,4,-5.387,-5.378,-0.008999999999999453
rosetta_fastrelax,p53_Y220C__4AGQ,5,-5.209,-5.378,0.16900000000000048
rosetta_fastrelax,p53_Y220C__4AGQ,6,-5.189,-5.378,0.18900000000000006
rosetta_fastrelax,p53_Y220C__4AGQ,7,-5.491,-5.378,-0.11299999999999955
rosetta_fastrelax,p53_Y220C__4AGQ,8,-5.266,-5.378,0.1120000000000001
rosetta_fastrelax,p53_Y220C__4AGQ,9,-5.289,-5.378,0.08900000000000041
rosetta_repack,Bcl-xL,0,-9.459,-8.693,-0.766
rosetta_repack,Bcl-xL,1,-9.362,-8.693,-0.6690000000000005
rosetta_repack,Bcl-xL,2,-9.425,-8.693,-0.7320000000000011
rosetta_repack,Bcl-xL,3,-9.367,-8.693,-0.6740000000000013
rosetta_repack,Bcl-xL,4,-9.406,-8.693,-0.713000000000001
rosetta_repack,Bcl-xL,5,-9.402,-8.693,-0.7089999999999996
rosetta_repack,Bcl-xL,6,-9.43,-8.693,-0.7370000000000001
rosetta_repack,Bcl-xL,7,-9.279,-8.693,-0.5860000000000003
rosetta_repack,Bcl-xL,8,-9.341,-8.693,-0.6479999999999997
rosetta_repack,Bcl-xL,9,-8.341,-8.693,0.3520000000000003
rosetta_repack,CB1,0,-9.981,-10.51,0.5289999999999999
rosetta_repack,CB1,1,-9.995,-10.51,0.5150000000000006
rosetta_repack,CB1,2,-9.543,-10.51,0.9670000000000005
rosetta_repack,CB1,3,-9.495,-10.51,1.0150000000000006
rosetta_repack,CB1,4,-9.609,-10.51,0.9009999999999998
rosetta_repack,CB1,5,-9.601,-10.51,0.9089999999999989
rosetta_repack,CB1,6,-9.558,-10.51,0.952
rosetta_repack,CB1,7,-9.87,-10.51,0.6400000000000006
rosetta_repack,CB1,8,-8.444,-10.51,2.065999999999999
rosetta_repack,CB1,9,-9.652,-10.51,0.8580000000000005
rosetta_repack,FUT8,0,-7.68,-8.302,0.6219999999999999
rosetta_repack,FUT8,1,-6.975,-8.302,1.327
rosetta_repack,FUT8,2,-8.161,-8.302,0.14100000000000001
rosetta_repack,FUT8,3,-8.237,-8.302,0.0649999999999995
rosetta_repack,FUT8,4,-7.071,-8.302,1.2309999999999999
rosetta_repack,FUT8,5,-7.86,-8.302,0.4419999999999993
rosetta_repack,FUT8,6,-8.203,-8.302,0.0990000000000002
rosetta_repack,FUT8,7,-7.51,-8.302,0.7919999999999998
rosetta_repack,FUT8,8,-8.194,-8.302,0.10799999999999876
rosetta_repack,FUT8,9,-7.854,-8.302,0.4479999999999995
rosetta_repack,GCGR,0,-4.344,-3.657,-0.6870000000000003
rosetta_repack,GCGR,1,-3.697,-3.657,-0.040000000000000036
rosetta_repack,GCGR,2,-3.998,-3.657,-0.3410000000000002
rosetta_repack,GCGR,3,-4.095,-3.657,-0.4379999999999997
rosetta_repack,GCGR,4,-4.345,-3.657,-0.6879999999999997
rosetta_repack,GCGR,5,-3.871,-3.657,-0.21399999999999997
rosetta_repack,GCGR,6,-4.319,-3.657,-0.6619999999999999
rosetta_repack,GCGR,7,-4.366,-3.657,-0.7089999999999996
rosetta_repack,GCGR,8,-4.47,-3.657,-0.8129999999999997
rosetta_repack,GCGR,9,-4.25,-3.657,-0.593
rosetta_repack,GLTP,0,-5.462,-5.173,-0.2889999999999997
rosetta_repack,GLTP,1,-5.681,-5.173,-0.508
rosetta_repack,GLTP,2,-5.361,-5.173,-0.18799999999999972
rosetta_repack,GLTP,3,-5.382,-5.173,-0.20899999999999963
rosetta_repack,GLTP,4,-5.548,-5.173,-0.375
rosetta_repack,GLTP,5,-5.214,-5.173,-0.04100000000000037
rosetta_repack,GLTP,6,-5.23,-5.173,-0.057000000000000384
rosetta_repack,GLTP,7,-5.319,-5.173,-0.1459999999999999
rosetta_repack,GLTP,8,-5.244,-5.173,-0.07099999999999973
rosetta_repack,GLTP,9,-5.134,-5.173,0.0389999999999997
rosetta_repack,HIF2alpha,0,-4.916,-8.663,3.747
rosetta_repack,HIF2alpha,1,-6.021,-8.663,2.6420000000000003
rosetta_repack,HIF2alpha,2,-6.008,-8.663,2.6550000000000002
rosetta_repack,HIF2alpha,3,-4.44,-8.663,4.223
rosetta_repack,HIF2alpha,4,-4.943,-8.663,3.7200000000000006
rosetta_repack,HIF2alpha,5,-6.058,-8.663,2.6050000000000004
rosetta_repack,HIF2alpha,6,-4.941,-8.663,3.7220000000000004
rosetta_repack,HIF2alpha,7,-6.015,-8.663,2.6480000000000006
rosetta_repack,HIF2alpha,8,-6.056,-8.663,2.607
rosetta_repack,HIF2alpha,9,-4.832,-8.663,3.8310000000000004
rosetta_repack,HIF2alpha__6D0B,0,-6.945,-10.48,3.535
rosetta_repack,HIF2alpha__6D0B,1,-7.031,-10.48,3.4490000000000007
rosetta_repack,HIF2alpha__6D0B,2,-7.028,-10.48,3.452000000000001
rosetta_repack,HIF2alpha__6D0B,3,-6.353,-10.48,4.127000000000001
rosetta_repack,HIF2alpha__6D0B,4,-6.869,-10.48,3.6110000000000007
rosetta_repack,HIF2alpha__6D0B,5,-7.057,-10.48,3.423
rosetta_repack,HIF2alpha__6D0B,6,-6.913,-10.48,3.567
rosetta_repack,HIF2alpha__6D0B,7,-7.015,-10.48,3.4650000000000007
rosetta_repack,HIF2alpha__6D0B,8,-7.073,-10.48,3.407
rosetta_repack,HIF2alpha__6D0B,9,-6.899,-10.48,3.5810000000000004
rosetta_repack,HIV1_CA,0,-6.497,-7.011,0.5140000000000002
rosetta_repack,HIV1_CA,1,-6.323,-7.011,0.6879999999999997
rosetta_repack,HIV1_CA,2,-6.451,-7.011,0.5600000000000005
rosetta_repack,HIV1_CA,3,-6.506,-7.011,0.5049999999999999
rosetta_repack,HIV1_CA,4,-6.294,-7.011,0.7170000000000005
rosetta_repack,HIV1_CA,5,-6.491,-7.011,0.5200000000000005
rosetta_repack,HIV1_CA,6,-6.489,-7.011,0.5220000000000002
rosetta_repack,HIV1_CA,7,-6.473,-7.011,0.5380000000000003
rosetta_repack,HIV1_CA,8,-6.473,-7.011,0.5380000000000003
rosetta_repack,HIV1_CA,9,-6.464,-7.011,0.5469999999999997
rosetta_repack,HIV_RT,0,-6.468,-6.593,0.125
rosetta_repack,HIV_RT,1,-7.008,-6.593,-0.41500000000000004
rosetta_repack,HIV_RT,2,-6.848,-6.593,-0.2549999999999999
rosetta_repack,HIV_RT,3,-6.833,-6.593,-0.2400000000000002
rosetta_repack,HIV_RT,4,-6.282,-6.593,0.31099999999999994
rosetta_repack,HIV_RT,5,-6.884,-6.593,-0.29100000000000037
rosetta_repack,HIV_RT,6,-6.948,-6.593,-0.3550000000000004
rosetta_repack,HIV_RT,7,-6.977,-6.593,-0.38400000000000034
rosetta_repack,HIV_RT,8,-6.98,-6.593,-0.38700000000000045
rosetta_repack,HIV_RT,9,-6.98,-6.593,-0.38700000000000045
rosetta_repack,HIV_RT__3V81,0,-6.439,-6.211,-0.22799999999999976
rosetta_repack,HIV_RT__3V81,1,-6.694,-6.211,-0.48299999999999965
rosetta_repack,HIV_RT__3V81,2,-6.426,-6.211,-0.21499999999999986
rosetta_repack,HIV_RT__3V81,3,-6.459,-6.211,-0.24799999999999933
rosetta_repack,HIV_RT__3V81,4,-6.722,-6.211,-0.5110000000000001
rosetta_repack,HIV_RT__3V81,5,-6.65,-6.211,-0.43900000000000006
rosetta_repack,HIV_RT__3V81,6,-6.647,-6.211,-0.43599999999999994
rosetta_repack,HIV_RT__3V81,7,-6.718,-6.211,-0.5069999999999997
rosetta_repack,HIV_RT__3V81,8,-6.658,-6.211,-0.44700000000000006
rosetta_repack,HIV_RT__3V81,9,-6.67,-6.211,-0.45899999999999963
rosetta_repack,KRAS,0,-6.366,-5.57,-0.7959999999999994
rosetta_repack,KRAS,1,-6.328,-5.57,-0.758
rosetta_repack,KRAS,2,-6.328,-5.57,-0.758
rosetta_repack,KRAS,3,-6.318,-5.57,-0.7479999999999993
rosetta_repack,KRAS,4,-6.104,-5.57,-0.5339999999999998
rosetta_repack,KRAS,5,-6.323,-5.57,-0.7530000000000001
rosetta_repack,KRAS,6,-6.342,-5.57,-0.7719999999999994
rosetta_repack,KRAS,7,-6.284,-5.57,-0.7139999999999995
rosetta_repack,KRAS,8,-6.291,-5.57,-0.7210000000000001
rosetta_repack,KRAS,9,-6.322,-5.57,-0.7519999999999998
rosetta_repack,METTL14,0,-6.648,-7.552,0.9039999999999999
rosetta_repack,METTL14,1,-7.526,-7.552,0.0259999999999998
rosetta_repack,METTL14,2,-7.535,-7.552,0.01699999999999946
rosetta_repack,METTL14,3,-7.45,-7.552,0.10199999999999942
rosetta_repack,METTL14,4,-7.408,-7.552,0.14399999999999924
rosetta_repack,METTL14,5,-7.436,-7.552,0.11599999999999966
rosetta_repack,METTL14,6,-7.497,-7.552,0.054999999999999716
rosetta_repack,METTL14,7,-7.453,-7.552,0.09899999999999931
rosetta_repack,METTL14,8,-7.482,-7.552,0.0699999999999994
rosetta_repack,METTL14,9,-7.692,-7.552,-0.14000000000000057
rosetta_repack,Menin,0,-7.202,-7.089,-0.11299999999999955
rosetta_repack,Menin,1,-7.297,-7.089,-0.2079999999999993
rosetta_repack,Menin,2,-7.174,-7.089,-0.08499999999999996
rosetta_repack,Menin,3,-6.978,-7.089,0.11100000000000065
rosetta_repack,Menin,4,-7.089,-7.089,0.0
rosetta_repack,Menin,5,-7.15,-7.089,-0.06099999999999994
rosetta_repack,Menin,6,-6.942,-7.089,0.14700000000000024
rosetta_repack,Menin,7,-6.806,-7.089,0.28300000000000036
rosetta_repack,Menin,8,-7.14,-7.089,-0.05099999999999927
rosetta_repack,Menin,9,-7.235,-7.089,-0.1459999999999999
rosetta_repack,NDPK-A,0,-6.287,-6.513,0.22599999999999998
rosetta_repack,NDPK-A,1,-6.094,-6.513,0.4189999999999996
rosetta_repack,NDPK-A,2,-6.118,-6.513,0.3949999999999996
rosetta_repack,NDPK-A,3,-6.387,-6.513,0.12600000000000033
rosetta_repack,NDPK-A,4,-6.369,-6.513,0.14400000000000013
rosetta_repack,NDPK-A,5,-6.37,-6.513,0.1429999999999998
rosetta_repack,NDPK-A,6,-6.352,-6.513,0.1609999999999996
rosetta_repack,NDPK-A,7,-6.383,-6.513,0.1299999999999999
rosetta_repack,NDPK-A,8,-6.163,-6.513,0.34999999999999964
rosetta_repack,NDPK-A,9,-6.342,-6.513,0.17100000000000026
rosetta_repack,SHP2,0,-6.564,-8.742,2.178000000000001
rosetta_repack,SHP2,1,-6.685,-8.742,2.0570000000000013
rosetta_repack,SHP2,2,-8.317,-8.742,0.4250000000000007
rosetta_repack,SHP2,3,-6.73,-8.742,2.0120000000000005
rosetta_repack,SHP2,4,-6.821,-8.742,1.9210000000000012
rosetta_repack,SHP2,5,-6.784,-8.742,1.958000000000001
rosetta_repack,SHP2,6,-6.82,-8.742,1.9220000000000006
rosetta_repack,SHP2,7,-6.787,-8.742,1.955000000000001
rosetta_repack,SHP2,8,-6.628,-8.742,2.1140000000000008
rosetta_repack,SHP2,9,-6.646,-8.742,2.096000000000001
rosetta_repack,THSR,0,-10.219,-9.138,-1.0809999999999995
rosetta_repack,THSR,1,-10.201,-9.138,-1.0630000000000006
rosetta_repack,THSR,2,-10.211,-9.138,-1.0730000000000004
rosetta_repack,THSR,3,-10.174,-9.138,-1.0359999999999996
rosetta_repack,THSR,4,-10.221,-9.138,-1.0830000000000002
rosetta_repack,THSR,5,-10.175,-9.138,-1.0370000000000008
rosetta_repack,THSR,6,-10.174,-9.138,-1.0359999999999996
rosetta_repack,THSR,7,-10.195,-9.138,-1.0570000000000004
rosetta_repack,THSR,8,-10.146,-9.138,-1.008000000000001
rosetta_repack,THSR,9,-10.217,-9.138,-1.0790000000000006
rosetta_repack,THSR__7UTZ,0,-6.423,-6.164,-0.25900000000000034
rosetta_repack,THSR__7UTZ,1,-6.564,-6.164,-0.40000000000000036
rosetta_repack,THSR__7UTZ,2,-6.732,-6.164,-0.5680000000000005
rosetta_repack,THSR__7UTZ,3,-6.334,-6.164,-0.16999999999999993
rosetta_repack,THSR__7UTZ,4,-6.302,-6.164,-0.1379999999999999
rosetta_repack,THSR__7UTZ,5,-6.311,-6.164,-0.14700000000000024
rosetta_repack,THSR__7UTZ,6,-6.135,-6.164,0.028999999999999915
rosetta_repack,THSR__7UTZ,7,-6.247,-6.164,-0.08300000000000018
rosetta_repack,THSR__7UTZ,8,-6.35,-6.164,-0.18599999999999994
rosetta_repack,THSR__7UTZ,9,-6.403,-6.164,-0.23899999999999988
rosetta_repack,betaLG,0,-4.836,-4.265,-0.5710000000000006
rosetta_repack,betaLG,1,-4.866,-4.265,-0.601
rosetta_repack,betaLG,2,-4.882,-4.265,-0.617
rosetta_repack,betaLG,3,-4.888,-4.265,-0.6230000000000002
rosetta_repack,betaLG,4,-4.926,-4.265,-0.6610000000000005
rosetta_repack,betaLG,5,-4.904,-4.265,-0.6390000000000002
rosetta_repack,betaLG,6,-4.822,-4.265,-0.5570000000000004
rosetta_repack,betaLG,7,-4.823,-4.265,-0.5580000000000007
rosetta_repack,betaLG,8,-4.873,-4.265,-0.6080000000000005
rosetta_repack,betaLG,9,-4.856,-4.265,-0.5910000000000002
rosetta_repack,cAbl,0,-8.364,-7.236,-1.128000000000001
rosetta_repack,cAbl,1,-8.394,-7.236,-1.1580000000000004
rosetta_repack,cAbl,2,-8.244,-7.236,-1.008
rosetta_repack,cAbl,3,-8.204,-7.236,-0.9680000000000009
rosetta_repack,cAbl,4,-8.157,-7.236,-0.9210000000000003
rosetta_repack,cAbl,5,-8.446,-7.236,-1.21
rosetta_repack,cAbl,6,-8.461,-7.236,-1.2250000000000005
rosetta_repack,cAbl,7,-8.162,-7.236,-0.926000000000001
rosetta_repack,cAbl,8,-8.401,-7.236,-1.165
rosetta_repack,cAbl,9,-8.413,-7.236,-1.1770000000000005
rosetta_repack,p53_Y220C,0,-4.864,-4.982,0.11800000000000033
rosetta_repack,p53_Y220C,1,-4.436,-4.982,0.5460000000000003
rosetta_repack,p53_Y220C,2,-4.471,-4.982,0.5110000000000001
rosetta_repack,p53_Y220C,3,-4.455,-4.982,0.5270000000000001
rosetta_repack,p53_Y220C,4,-4.426,-4.982,0.556
rosetta_repack,p53_Y220C,5,-4.475,-4.982,0.5070000000000006
rosetta_repack,p53_Y220C,6,-4.439,-4.982,0.5430000000000001
rosetta_repack,p53_Y220C,7,-4.42,-4.982,0.5620000000000003
rosetta_repack,p53_Y220C,8,-5.487,-4.982,-0.5049999999999999
rosetta_repack,p53_Y220C,9,-4.459,-4.982,0.5230000000000006
rosetta_repack,p53_Y220C__4AGQ,0,-5.131,-5.378,0.2469999999999999
rosetta_repack,p53_Y220C__4AGQ,1,-5.179,-5.378,0.19899999999999984
rosetta_repack,p53_Y220C__4AGQ,2,-5.247,-5.378,0.13100000000000023
rosetta_repack,p53_Y220C__4AGQ,3,-5.075,-5.378,0.30299999999999994
rosetta_repack,p53_Y220C__4AGQ,4,-5.127,-5.378,0.25100000000000033
rosetta_repack,p53_Y220C__4AGQ,5,-5.086,-5.378,0.2919999999999998
rosetta_repack,p53_Y220C__4AGQ,6,-5.085,-5.378,0.29300000000000015
rosetta_repack,p53_Y220C__4AGQ,7,-5.168,-5.378,0.20999999999999996
rosetta_repack,p53_Y220C__4AGQ,8,-5.124,-5.378,0.25400000000000045
rosetta_repack,p53_Y220C__4AGQ,9,-5.175,-5.378,0.2030000000000003
