target,method,sample_idx,has_coordinates,chemical_valid,graph_source,error,heavy_atoms,heavy_atom_ratio,ligand_rg,rg_ratio,fragments,molecular_weight,mw_ratio,tanimoto,smiles,Dsa,Dsh,tier1
p53_Y220C,apo2mol,0,True,True,Apo2Mol official reconstruction,,22.0,1.0,2.7132548954517848,0.7066343491352697,1.0,300.53,1.0072562130276674,0.02631578947368421,CCC[C@H]1C[C@@H]2C[C@H]3C[C@](C)(CC)[C@@H]4C[C@@H]5[C@H]3[C@H]1[C@]5(C4)[C@@H]2C,2.62647823309761,2.1147788071757345,False
p53_Y220C,apo2mol,1,True,True,Apo2Mol official reconstruction,,22.0,1.0,3.1242039371566244,0.8136610457790839,1.0,306.53400000000005,1.027379216731185,0.04,CCCCC(=O)C[C@H]1CCC[C@@]2(CC)CCC[C@H](C(C)C)[C@@H]12,2.515795589373224,2.2245503574901244,False
p53_Y220C,apo2mol,2,True,True,Apo2Mol official reconstruction,,22.0,1.0,3.6973715670746023,0.9629356074103661,1.0,301.5180000000001,1.0105675933839426,0.13432835820895522,C=C1C(C)=CC=CC=C1N(C)CCCCC[C@H](C)CCCC,1.9149330702490697,1.5419444100320707,False
p53_Y220C,apo2mol,3,True,True,Apo2Mol official reconstruction,,22.0,1.0,3.3953505286448338,0.8842778888621641,1.0,303.49000000000007,1.0171769476982893,0.075,CC[C@H](C)CCN1C[C@@H]2C3=C(C=CCC3)C[C@@H]2C[C@H](O)[C@@H]1C,2.053173517885794,1.80593903536604,False
p53_Y220C,apo2mol,4,True,True,Apo2Mol official reconstruction,,22.0,1.0,2.9389853673383115,0.7654231143739935,1.0,302.54600000000005,1.0140130377222532,0.02857142857142857,CC[C@]1(C)CCC2CC[C@H]3CC[C@H]1[C@@](C)([C@@H]1CC[C@H](C)C1)[C@@H]23,2.395318371258976,1.863893889363469,False
p53_Y220C,apo2mol,5,True,True,Apo2Mol official reconstruction,,22.0,1.0,3.318342532811805,0.8642220897903916,1.0,304.518,1.0206223920365993,0.029850746268656716,CC(=O)C[C@H]1C[C@H]2C[C@H](C)[C@@H]3CC[C@H]2[C@@H](C1)[C@H](C)CC[C@H]3C,2.60000823582054,1.9781312609950612,False
p53_Y220C,apo2mol,6,True,True,Apo2Mol official reconstruction,,22.0,1.0,3.356256330215185,0.8740962787566748,1.0,304.56200000000007,1.0207698624168386,0.02702702702702703,CC[C@H]1CCC[C@@H](CCC(C)C)[C@]2(C)C[C@@H]3CCCC3C[C@H]12,1.0810990156477442,1.0731371433916612,True
p53_Y220C,apo2mol,7,True,True,Apo2Mol official reconstruction,,22.0,1.0,2.9435836683345697,0.7666206861307295,1.0,304.562,1.0207698624168384,0.02857142857142857,CC[C@H]1CC[C@H]2C[C@H]1C[C@@H](C)CC[C@@H](C)C21CCCCCC1,1.72937868342842,1.3478646379872223,False
p53_Y220C,apo2mol,8,True,True,Apo2Mol official reconstruction,,22.0,1.0,3.046984612421252,0.7935502086562934,1.0,303.53400000000005,1.0173244180785281,0.02631578947368421,CCN[C@H]1CC[C@H]2[C@@H](C)C[C@@]3(C)[C@]2(C1)C[C@@H]1CCCC[C@@]13C,1.8216140307156805,1.7610377132284598,False
p53_Y220C,apo2mol,9,True,True,Apo2Mol official reconstruction,,22.0,1.0,3.4665117793427163,0.9028109740340889,1.0,309.4500000000001,1.0371524810215678,0.0379746835443038,C[C@@H]1CCC(O[C@@]2(C)CCC[C@](C)(O)[C@H]3CCC(=O)N3C2)C1,2.387969759384874,1.8377896104457576,False
p53_Y220C,apo2mol,10,True,True,Apo2Mol official reconstruction,,22.0,1.0,3.7433179178192435,0.9749017775287744,1.0,303.33399999999995,1.0166540981683507,0.1,N=c1[nH]cnc2c1NC=NN2CCCN1CN2NNCC2=N1,1.581924899572856,1.2728686476087578,False
p53_Y220C,apo2mol,11,True,True,Apo2Mol official reconstruction,,22.0,1.0,3.4799359957281486,0.9063071484716887,2.0,299.502,1.003810768689357,0.05333333333333334,C[C@@H]1C[C@H]2CC[C@]3(CCC[C@H]13)CC2.NCC1=CC=CC=CC1,1.5812446302641914,1.4180151000911476,False
p53_Y220C,apo2mol,12,True,True,Apo2Mol official reconstruction,,22.0,1.0,3.6756129020603368,0.9572688268523796,2.0,310.56600000000003,1.040892866120356,0.058823529411764705,CC(=O)C1CCCCC1.CC(C)CCCCC(C)(C)C(C)C,1.5244261052635302,1.3863244010880291,False
p53_Y220C,apo2mol,13,True,True,Apo2Mol official reconstruction,,22.0,1.0,2.9337826562683573,0.7640681313398455,1.0,304.56200000000007,1.0207698624168386,0.043478260869565216,CC(C)(C)CC(C)(C)C[C@]1(C)C[C@@H]2CCC[C@H]3CC[C@]1(C)[C@@H]32,0.8792771750567423,0.9601945356780722,False
p53_Y220C,apo2mol,14,True,True,Apo2Mol official reconstruction,,22.0,1.0,3.037122228061357,0.7909816701954364,1.0,304.562,1.0207698624168384,0.029850746268656716,CC[C@H]1C[C@H]2CC[C@@H]1[C@H](C)[C@@H]1[C@@H](C)[C@H](C)C[C@@H]1[C@@H](C)[C@@H]2CC,3.560639726687464,2.907812648679581,False
p53_Y220C,apo2mol,15,True,True,Apo2Mol official reconstruction,,22.0,1.0,3.01012855357185,0.7839514948751461,1.0,302.50200000000007,1.0138655673420143,0.0273972602739726,C[C@@H]1C[C@@H](C)[C@H]2C[C@@H]3C[C@@H]4[C@H]5CCC(C)(C)[C@H](O)[C@H]5[C@H]1[C@@]42C3,3.29231455418493,2.842676428176313,False
p53_Y220C,apo2mol,16,True,True,Apo2Mol official reconstruction,,22.0,1.0,2.968590335952411,0.7731333695965538,1.0,304.56200000000007,1.0207698624168386,0.030303030303030304,CC[C@@H]1CC[C@H]2[C@@H]([C@@H]1C)[C@@H]1C[C@@H](C)[C@H](C)[C@H](CC)[C@H]2[C@H]1CC,1.3242917861227086,1.2112853504293672,False
p53_Y220C,apo2mol,17,True,True,Apo2Mol official reconstruction,,22.0,1.0,2.976990255120094,0.7753210267251909,1.0,300.53000000000003,1.0072562130276674,0.04225352112676056,C[C@H]1CCC2CCCCCC[C@]2(C)CCCCC2=CCC=C21,4.034185400461439,3.484760531093314,False
p53_Y220C,apo2mol,18,True,True,Apo2Mol official reconstruction,,22.0,1.0,2.6830298220032245,0.6987625951250985,1.0,306.57800000000003,1.027526687111424,0.016129032258064516,CC(C)[C@@]1(C)C[C@@H]2C[C@@]1(C)[C@@H](C)[C@@](C)(C(C)C)[C@]2(C)C(C)C,2.554011730910972,2.125159089360213,False
p53_Y220C,apo2mol,19,True,True,Apo2Mol official reconstruction,,22.0,1.0,3.011626710662562,0.7843416717296953,1.0,324.5300000000001,1.0876946022489236,0.06493506493506493,CC(C)(C)[C@@H]1CC[C@@H](O)[C@H](CO)CCCC2=C(C=CCS2)C1,2.400519081777765,1.989098481489369,False
p53_Y220C,apo2mol,20,True,True,Apo2Mol official reconstruction,,22.0,1.0,3.4126478630355215,0.8887827699367096,1.0,299.5020000000001,1.0038107686893574,0.07692307692307693,CC(C)[C@H]1C(C2=NCC=CC2)=CCC[C@H]1CCC1(C)CCC1,1.6922717974263903,1.3522233762155411,False
p53_Y220C,apo2mol,21,True,True,Apo2Mol official reconstruction,,22.0,1.0,2.795790131870675,0.7281296510198635,1.0,301.518,1.0105675933839424,0.02857142857142857,C[C@@H]1[C@H]2C[C@H]3CC[C@@]4(C)CC[C@H]5C[C@@H]([C@@H]1C)[C@@H]([C@H]3[C@@H](N)C2)[C@H]54,2.0286627308864484,1.5577156569906634,False
p53_Y220C,apo2mol,22,True,True,Apo2Mol official reconstruction,,22.0,1.0,2.872973415940106,0.7482311017880721,1.0,303.53400000000005,1.0173244180785281,0.038461538461538464,CCC(N)CC1CC[C@H](C)[C@@H](C)[C@@]23C=C[C@H](C)[C@@H]1[C@@H]2CCC3,2.3221530999336046,2.061463837490152,False
p53_Y220C,apo2mol,23,True,True,Apo2Mol official reconstruction,,22.0,1.0,3.3260538835060642,0.8662304176065235,1.0,319.558,1.0710304492819198,0.036585365853658534,CC[C@@]12CNC(C)(C)C[C@@H]1[C@@]1(CC=C3CCCS3)CC[C@@H]2C1,3.410058741506382,2.9257649521825777,False
p53_Y220C,apo2mol,24,True,True,Apo2Mol official reconstruction,,22.0,1.0,3.0648420314249707,0.7982009569793062,1.0,306.49000000000007,1.0272317463509462,0.0410958904109589,C[C@]12CCCCCC[C@@H]3CC[C@@H](C31)[C@@H](C=O)[C@](C)(CO)CC2,1.4076085063154438,1.4075527232330685,False
p53_Y220C,apo2mol,25,True,True,Apo2Mol official reconstruction,,22.0,1.0,3.5841657977661177,0.9334525370037655,1.0,299.4620000000001,1.0036767047073218,0.04054054054054054,C1=CCC[C@H](CNC2CCCCCC2)C[C@@H]2N=CC=N[C@@H]2C=1,1.5315576361092682,1.1651617061826065,False
p53_Y220C,apo2mol,26,True,True,Apo2Mol official reconstruction,,22.0,1.0,3.216476826466656,0.8376924013254149,1.0,301.4740000000001,1.0104201230037038,0.025974025974025976,CC1(C)CC[C@@H]2[C@@H]3[C@H](C[C@H]4NC(=O)C[C@@H]34)[C@H]3CCCC[C@@]32C1,2.719704646736207,2.1676542769998037,False
p53_Y220C,apo2mol,27,True,True,Apo2Mol official reconstruction,,22.0,1.0,2.791694771292514,0.7270630639986905,1.0,304.56200000000007,1.0207698624168386,0.04411764705882353,CCCC[C@@]12CC[C@H](C)[C@@H]1C1(CCCCC1)CCCC[C@@H]2C,2.759093882957289,2.2106893195696915,False
p53_Y220C,apo2mol,28,True,True,Apo2Mol official reconstruction,,22.0,1.0,3.140389583720712,0.8178764012343785,1.0,297.442,0.9969064736145326,0.0379746835443038,O[C@@H]1CC[C@]23CCC4=C(CCC4)[C@H]2[C@H]2CC[C@H]4CC=C1[C@@H]3N42,2.081753576870625,2.1618289736968785,False
p53_Y220C,apo2mol,29,True,True,Apo2Mol official reconstruction,,22.0,1.0,3.2155995791835013,0.8374639329039621,1.0,304.493,1.0205386020478273,0.0410958904109589,CC[C@@H](F)C[C@@H]1[C@H]2C[C@H](C[C@@]34[C@@H]5C[C@@H](C[C@H]3C5)C[C@H]24)C1(C)C,0.8756740335426382,1.0772359379596936,False
p53_Y220C,molgen_ns1.0,0,True,True,native Maestro bonds,,23.0,1.0454545454545454,3.42066811977328,0.8908715485875042,1.0,324.81100000000004,1.0886364017227224,0.1,Cc1cncc(-c2cccc(C)c2-c2ccc(C)c(O)c2Cl)n1,3.450431037550138,3.36740878647386,False
p53_Y220C,molgen_ns1.0,1,True,True,native Maestro bonds,,21.0,0.9545454545454546,4.372144015527966,1.1386719124388915,1.0,279.339,0.9362324669448494,0.0821917808219178,CC#CCOc1cc(C(=O)Nc2ccccc2)ccc1C,3.271132987969722,2.5957403551067197,False
p53_Y220C,molgen_ns1.0,2,True,True,native Maestro bonds,,25.0,1.1363636363636365,3.878316330780665,1.0100604778179356,1.0,337.3590000000001,1.1306922728872357,0.13924050632911392,CCOc1cccc(C(=O)[O-])c1-c1cncc(-n2ccc(CC)n2)n1,1.3646778724283637,0.4909426776330478,True
p53_Y220C,molgen_ns1.0,3,True,True,native Maestro bonds,,19.0,0.8636363636363636,3.5530633725898966,0.9253522873708361,1.0,257.337,0.862490573626263,0.13846153846153847,CNC(=O)c1cc(-c2nc(C)c(C)n2C)ccc1C,2.438238700374028,2.2988113925598213,False
p53_Y220C,molgen_ns1.0,4,True,True,native Maestro bonds,,20.0,0.9090909090909091,3.221265660419829,0.8389395950812576,1.0,271.316,0.9093425837480936,0.09230769230769231,Cc1ccc(NC(=O)O)c(C)c1-c1cccc(O)c1C,3.679995384213414,2.8856402332349163,False
p53_Y220C,molgen_ns1.0,5,True,True,native Maestro bonds,,19.0,0.8636363636363636,3.247504959170008,0.8457733023843127,1.0,287.738,0.9643825515727381,0.08823529411764706,C[C@H](C(=O)[O-])[C@@H](C)C(C)(C)c1ccc(O)c(Cl)c1F,2.9362259936065205,2.7958200407967664,False
p53_Y220C,molgen_ns1.0,6,True,True,native Maestro bonds,,17.0,0.7727272727272727,2.928036758566322,0.762571681931542,1.0,233.35499999999993,0.782112513196923,0.1111111111111111,CCCC(C)(C)N(C=O)c1cccc(C)c1C,4.09094235185145,3.673868620191492,False
p53_Y220C,molgen_ns1.0,7,True,True,native Maestro bonds,,23.0,1.0454545454545454,3.99694781519963,1.040956609957923,1.0,329.473,1.104261558828951,0.0945945945945946,CC[C@@]1(CCc2cncc(-c3cncc(C)n3)n2)SCCN1C,4.809959104156589,4.519948190037691,False
p53_Y220C,molgen_ns1.0,8,True,True,native Maestro bonds,,28.0,1.2727272727272727,4.792591384211719,1.2481723332115628,1.0,390.91800000000006,1.3102005932331207,0.1125,CC[C@H](Cc1ccccc1C)c1cc(-n2ncc3cnc(C)nc32)ccc1Cl,3.183181530060815,2.780100609950756,False
p53_Y220C,molgen_ns1.0,9,True,True,native Maestro bonds,,25.0,1.1363636363636365,4.082215755983507,1.063163611570238,1.0,334.42300000000006,1.1208519766058354,0.10256410256410256,CCc1cc[nH]c1-c1ncc(N(C=O)c2cccc(C)c2C)nc1C,2.3951536679594585,2.4988494768771474,False
p53_Y220C,molgen_ns1.0,10,True,True,native Maestro bonds,,22.0,1.0,3.172421696993279,0.8262187768629016,1.0,313.78800000000007,1.0516917198733098,0.1,CC(C)(c1ccccc1-c1c[nH]nn1)c1cccc(O)c1Cl,1.8449223126576428,1.910126210648044,False
p53_Y220C,molgen_ns1.0,11,True,True,native Maestro bonds,,23.0,1.0454545454545454,3.6357073807981535,0.9468759175495065,1.0,306.45300000000003,1.0271077371675632,0.13043478260869565,CCCc1c(C)n(C)c2ncc(-c3c(C)ccc(C)c3C)cc12,4.141973849187155,3.861105671123328,False
p53_Y220C,molgen_ns1.0,12,True,True,native Maestro bonds,,22.0,1.0,3.425118538697929,0.892030606251224,1.0,299.38900000000007,1.0034320379401072,0.13043478260869565,CCCNC(=O)c1cccc(F)c1-c1cccc(C)c1CC,4.248866509769228,3.743454200466841,False
p53_Y220C,molgen_ns1.0,13,True,True,native Maestro bonds,,21.0,0.9545454545454546,3.3678085926241823,0.8771049254717718,1.0,286.41900000000004,0.95996179176512,0.12857142857142856,CCCN(CC)C(=O)n1ccc2c(C)c(CC)c(C)cc21,4.221106805757078,3.5594219272769854,False
p53_Y220C,molgen_ns1.0,14,True,True,native Maestro bonds,,18.0,0.8181818181818182,3.1767169232548604,0.8273374164786741,1.0,253.38599999999997,0.8492484038007138,0.06060606060606061,CCC(CC)C[C@H](CC)c1nc(C)oc1[C@H](C)O,3.102058531126364,2.797428012497805,False
p53_Y220C,molgen_ns1.0,15,True,True,native Maestro bonds,,28.0,1.2727272727272727,3.6974428917158404,0.9629541830486237,1.0,371.44000000000005,1.2449181371809697,0.09876543209876543,Cc1cccc(-c2c(C)cc(C(=O)Nc3cnc4[nH]ccc4c3)cc2O)c1C,3.179130486665358,2.8431559071370693,False
p53_Y220C,molgen_ns1.0,16,True,True,native Maestro bonds,,28.0,1.2727272727272727,3.7542638239332464,0.9777525060967133,1.0,364.4920000000001,1.2216312235014162,0.12857142857142856,CCc1cccc(-c2c(C)cccc2-c2cncc(C)n2)c1-c1ccccc1,4.433010929019902,3.8968250555953903,False
p53_Y220C,molgen_ns1.0,17,False,False,native Maestro bonds,File error: Bad input file external_inputs/ligand_export_20260917/bundle/p53_Y220C/sage-flex/sample_017.mae,,,,,,,,,,,,
p53_Y220C,molgen_ns1.0,18,True,True,native Maestro bonds,,18.0,0.8181818181818182,3.063100372494395,0.797747363022142,1.0,249.35799999999998,0.8357481608097463,0.05970149253731343,CC[C@@H](C)c1nc(C)c(C(=O)NC)nc1C(C)C,2.6157066900637025,2.1775359880208587,False
p53_Y220C,molgen_ns1.0,19,True,True,native Maestro bonds,,24.0,1.0909090909090908,3.56791481202996,0.929220164753106,1.0,340.49600000000004,1.1412062406783638,0.08,CCC[C@H](C)[C@H](C)c1nc(C)nc2scc(-c3cncc(C)n3)c12,2.520691124133644,2.627619329634975,False
p53_Y220C,molgen_ns1.0,20,True,True,native Maestro bonds,,23.0,1.0454545454545454,3.62293316556036,0.9435490280319004,1.0,307.39700000000005,1.0302716471435993,0.09210526315789473,CCc1cc(C)ccc1Cc1cc(CC(N)=O)nc2[nH]ccc12,2.419462187514981,1.9142602935111717,False
p53_Y220C,molgen_ns1.0,21,True,True,native Maestro bonds,,18.0,0.8181818181818182,2.970486899960932,0.7736273067036059,1.0,262.736,0.8805858596014947,0.0967741935483871,Cc1ccc(C)c(Oc2cccc(O)c2Cl)c1C,2.9616627471789125,2.981734300858809,False
p53_Y220C,molgen_ns1.0,22,False,False,native Maestro bonds,File error: Bad input file external_inputs/ligand_export_20260917/bundle/p53_Y220C/sage-flex/sample_022.mae,,,,,,,,,,,,
p53_Y220C,molgen_ns1.0,23,True,True,native Maestro bonds,,18.0,0.8181818181818182,3.020173548381894,0.7865675920142542,1.0,240.34599999999995,0.8055435456571647,0.09090909090909091,Cc1ccc(-c2c(O)ccc(C)c2C)c(C)c1C,2.659671748661525,2.131245355237447,False
p53_Y220C,molgen_ns1.0,24,True,True,native Maestro bonds,,24.0,1.0909090909090908,3.6525764458404337,0.9512692610634735,1.0,327.32000000000005,1.0970455649958943,0.09090909090909091,Cc1ccccc1CCC(=O)Nc1cc(C(=O)[O-])c(C(N)=O)nn1,2.2448550847441053,1.7757567534216478,False
p53_Y220C,molgen_ns1.0,25,True,True,native Maestro bonds,,17.0,0.7727272727272727,2.7945654526606014,0.727810698164398,1.0,239.247,0.8018601377507416,0.09090909090909091,CC[C@H](c1c(O)cccc1CC(=O)[O-])C(O)O,1.4041821570442845,1.1446109609436887,True
p53_Y220C,molgen_ns1.0,26,True,True,native Maestro bonds,,25.0,1.1363636363636365,3.431811610680284,0.8937737357197804,1.0,345.3590000000001,1.157505069294321,0.05747126436781609,Cc1cncc(-c2ncc(O)nc2N(C=O)[C@@]2(O)CCC[C@@H](C)O2)n1,4.924110252189338,4.583644971945487,False
p53_Y220C,molgen_ns1.0,27,True,True,native Maestro bonds,,19.0,0.8636363636363636,2.718504328474303,0.7080015003356285,1.0,278.7540000000001,0.9342717812075816,0.12698412698412698,CCc1ccc(C)c(-c2ccc(C)c(F)c2Cl)c1O,3.431738446599499,3.1506487304504134,False
p53_Y220C,molgen_ns1.0,28,True,True,native Maestro bonds,,25.0,1.1363636363636365,3.9379242211093906,1.0255846303243485,1.0,362.34200000000016,1.2144252844670123,0.0945945945945946,Cc1ccc(C)c([C@H](C)c2cccc(O[P@@](=O)([O-])O)c2C)c1C(N)=O,4.627621294489734,3.9370971150634255,False
p53_Y220C,molgen_ns1.0,29,True,True,native Maestro bonds,,27.0,1.2272727272727273,3.1801571041590164,0.8282333698954323,1.0,382.9390000000002,1.2834581804166045,0.09411764705882353,CCc1c(Cl)ccc(C)c1-c1c([C@H]2CCCNC2)cc(C)c2nnn(C)c12,4.668120203261304,4.270441300922236,False
CB1,apo2mol,0,True,True,Apo2Mol official reconstruction,,39.0,1.0263157894736843,4.8146662389645085,0.8754284102688455,2.0,538.9890000000004,1.0235011289125036,0.05737704918032787,CCC.CC[C@](C)(CC[C@H](C)C1=C[C@H](C)C(C)=C1)C[C@@H](CC[C@H]1CC[C@@H](C(C)C)CC1)[C@H]1CC=CCC[C@@H]1C,1.210743630407532,2.591765993537938,False
CB1,apo2mol,1,True,True,Apo2Mol official reconstruction,,39.0,1.0263157894736843,4.442871117551642,0.8078266293914698,1.0,539.9330000000004,1.025293716638215,0.05511811023622047,CCC[C@H]1CC[C@@H]2C(=C3CCCN3)C[C@H]3CCCC[C@@H]3C[C@]3(C)CCCC[C@H]1[C@@H]([C@@H](C[C@H](C)O)C(C)C)C[C@@H]23,1.4149332474238945,2.321067484578609,False
CB1,apo2mol,2,True,True,Apo2Mol official reconstruction,,39.0,1.0263157894736843,5.175871214898361,0.9411046341582457,1.0,535.9010000000005,1.0176372402504312,0.12396694214876033,CCCc1cccc(C[C@H]2C[C@@H](N3CCCCCC3=O)C[C@@H]2CCCC(CC(C)C)=C(CC)CC(C)(C)C)c1,1.321359731137629,2.378994447376647,False
CB1,apo2mol,3,True,False,Apo2Mol official reconstruction,no sanitizable molecular graph,39.0,1.0263157894736843,3.878833367074744,0.7052702637527577,,,,,,1.090897981367889,2.1120783914111168,False
CB1,apo2mol,4,True,True,Apo2Mol official reconstruction,,39.0,1.0263157894736843,4.864857762411468,0.8845545019643716,1.0,529.8970000000004,1.006236078486479,0.045112781954887216,CCCCN(CC=C[C@@H](CC)CCC)C1=CCC2=C(C1)[C@H]1C[C@H]3[C@@H](CC1CC2)CC1CCC=C2CCC[C@H]3[C@@H]21,1.195060557064774,2.6055055897722283,False
CB1,apo2mol,5,True,True,Apo2Mol official reconstruction,,39.0,1.0263157894736843,4.513701633400897,0.8207054132595227,1.0,535.8650000000002,1.0175688788541113,0.06153846153846154,CCCC1=CC=C2C(=N[C@@H]3CN(CCN4CCC(CC)CC4)[C@@]2(C[C@H]2CNC(C)=C(C)C2)C[C@H](C)C[C@@H]3C)N1,1.6793878437503809,2.831757425100261,False
CB1,apo2mol,6,True,True,Apo2Mol official reconstruction,,39.0,1.0263157894736843,5.262365776651886,0.9568315387731487,1.0,533.9290000000003,1.0138925548742628,0.05343511450381679,CCCCC=C/C1=C/[C@@H](CCC)C2=C[C@@H](C)C[C@@H](C)[C@H]2CCC1=C=CC[C@H](C)C[C@@H](C=CC(C)C)NC(C)C,1.138603342644048,2.315223228311859,False
CB1,apo2mol,7,True,True,Apo2Mol official reconstruction,,39.0,1.0263157894736843,4.442422717900694,0.8077450989646215,1.0,535.7360000000001,1.017323917183966,0.10852713178294573,[CH]=Nc1c(C=C2C=N[C@@H](N3CC(C(CC)CC)C3)N=C2C2=N[C@@H](F)[C@H](C(C)(C)CC(C)C)N2)cc(=N)[nH]c1C,1.3936575764700212,2.565664603021943,False
CB1,apo2mol,8,True,True,Apo2Mol official reconstruction,,39.0,1.0263157894736843,4.330984064715859,0.7874827260070554,1.0,532.9410000000004,1.0120164143308277,0.024793388429752067,CC[C@@H]1[C@@H](C=C[C@@H]2CCCC[C@@H]2C)C[C@H]2C[C@]1(C)C[C@@H]1[C@@H](C[C@@H]3CC[C@@]4(CC[C@H](C5CCCC5)C4)C3)CC[C@@H]21,2.424741762415404,3.39263947844864,False
CB1,apo2mol,9,True,True,Apo2Mol official reconstruction,,39.0,1.0263157894736843,4.8981265628089306,0.8906036134911066,1.0,528.8650000000004,1.00427638512532,0.08264462809917356,CC[C@H]1C[C@@H]2C[C@H](CC(=O)[C@@H](c3ccc(C)cc3)[C@H](C)C=C3CCCC3)C3CC[C@]4(CC[C@@H](C)C4)CC[C@@H]3[C@H]12,1.3773897304991276,2.823609533360054,False
CB1,apo2mol,10,True,True,Apo2Mol official reconstruction,,39.0,1.0263157894736843,4.801826952873149,0.8730939024849036,1.0,544.9490000000003,1.0348187378587315,0.06666666666666667,CCC(CC)C1=C(C(C)(C)CC=CCC(C)(C)[C@H](C)[C@@H](C)[C@@]2(CC(C)C)C(O)C[C@H](C)[C@H]2C(C)CC)CCO1,1.6198435179168484,2.819900197639611,False
CB1,apo2mol,11,True,True,Apo2Mol official reconstruction,,39.0,1.0263157894736843,5.4993192097464405,0.9999156814626168,1.0,553.9410000000004,1.0518938955172017,0.043478260869565216,CCCN(CC)C[C@H]1CCC[C@@H](C)[C@@H](C)/C=C2\CCC=CC2=C=C[C@@H]2C[C@@H]1C[C@H]2C[C@@H]1COC(CC(C)C)S1,1.9583566260699867,2.5899797176612656,False
CB1,apo2mol,12,True,True,Apo2Mol official reconstruction,,39.0,1.0263157894736843,4.664082003298039,0.8480483777809864,2.0,580.5400000000003,1.1024034727589334,0.112,CCCNC(C=CCN(CC(=O)C[C@@H](C)NC)C(F)(F)F)=NC1=CCC=CC=N1.FC(F)(F)CNC(F)(F)F,1.005203154819043,2.3184837615744023,False
CB1,apo2mol,13,True,True,Apo2Mol official reconstruction,,39.0,1.0263157894736843,4.371565549534751,0.7948614689931928,1.0,529.8170000000003,1.0060841642724356,0.05970149253731343,CCN1CCC[C@H]1CC=C1[C@H](C)C[C@H]2C[C@@H](C)CN2/C=C(\C)N/C=N/[C@H](N=Cc2ccccc2)[C@H]2CCC[C@@H]12,2.0587155421823424,3.0493215680718517,False
CB1,apo2mol,14,True,True,Apo2Mol official reconstruction,,39.0,1.0263157894736843,4.7447116034179615,0.8627088836499825,2.0,533.7090000000002,1.0134747907856434,0.06722689075630252,CC(=O)C(O)=C1C=C=C2C=CC(O)=CC2[C@H](C(=O)Nc2ccccc2)CC[C@H](C)[C@@H](C)CC1.OC1CCCC1,1.3429506373766709,2.633159520251708,False
CB1,apo2mol,15,True,True,Apo2Mol official reconstruction,,39.0,1.0263157894736843,3.9218380825454724,0.7130896115185336,1.0,532.7810000000005,1.0117125859027414,0.058823529411764705,C/C1=N/C2=NC[C@H]3CCC4=C/C(=N/C[C@@H]5C[C@H]6CCCCC[C@H](CNC[C@H]23)/N=C/N1CC[C@](C)(C5)N6)N=CC4,2.1024169403427724,2.847572654516922,False
CB1,apo2mol,16,True,True,Apo2Mol official reconstruction,,39.0,1.0263157894736843,5.017720815959532,0.9123488813282885,1.0,541.7960000000004,1.0288314188977488,0.08396946564885496,CC(C)N1C=C[C@H]2CC3=C(/C=C/C/C=C4/CC(C)(C)CN(CCC(=O)N2C1)[C@@H](C)[C@H]4F)OC(CC(C)(C)C)C3,1.5738443680228875,2.406515792104789,False
CB1,apo2mol,17,True,True,Apo2Mol official reconstruction,,39.0,1.0263157894736843,4.9967165331118855,0.9085297700899346,1.0,536.8010000000004,1.0193462751584184,0.07575757575757576,CCC=C[C@H](NC1=NCC2=C(C1)[C@H]1C[C@H]3CC[C@H](CC3)[C@@H](O)[C@@H]1C2)[C@@](C)(C=O)CCC(=CO)[C@@H]1CC[C@H](C)C1,1.780629010734357,2.534025511655395,False
CB1,apo2mol,18,True,True,Apo2Mol official reconstruction,,39.0,1.0263157894736843,4.999565267852437,0.9090477423026326,1.0,535.9010000000004,1.017637240250431,0.09448818897637795,CCCCC(=O)CC[C@@H](CCC[C@H](C)CCNC1=CC=CC=CC1)C[C@H]1CC(C)=C(CCCCC=C(C)C)C1,2.5646973986118518,3.324196856218636,False
CB1,apo2mol,19,True,True,Apo2Mol official reconstruction,,39.0,1.0263157894736843,4.459561412512219,0.8108613482398936,1.0,532.8530000000003,1.01184930869538,0.08396946564885496,CC[C@@H]1C[C@H]2/C=C/[C@H]3C[C@H](C(C)=O)C[C@@H]3C/C=C/C=C(/C)C#C[C@H]1CCC[C@]1(C(C)C)C[C@@](O)(C2)C[C@H]1CC,1.4399925220848704,2.660210901247635,False
CB1,apo2mol,20,True,True,Apo2Mol official reconstruction,,39.0,1.0263157894736843,5.274554042387919,0.9590476745482268,2.0,534.9570000000003,1.0158446525247196,0.056910569105691054,CC=CC[C@H](C)C=CCC1CCCC1.CCC(C)=C=C[C@@H](C)C1=C(C)[C@H]([C@H]2CCCC[C@@H](C)CC2C)CC1C,1.7796241300183802,2.552477152707585,False
CB1,apo2mol,21,True,True,Apo2Mol official reconstruction,,39.0,1.0263157894736843,4.495178979929587,0.8173375251697687,1.0,529.8530000000003,1.0061525256687551,0.128,CC=CC[C@@H](C(=C=C(C)C)CCC(=O)CCC[C@@H](C1=C[C@H](C)CC(C(C)(C)C)=C1)c1cc(C)ccn1)C(C)C,2.2876660327455025,3.293664368973356,False
CB1,apo2mol,22,True,True,Apo2Mol official reconstruction,,39.0,1.0263157894736843,4.537452463824953,0.8250239164929198,1.0,551.8450000000003,1.0479137431092664,0.06766917293233082,CCC1=CC=C(N2CCNC[C@@H]3C[C@@](c4ccccc4)(C2)NN2SCC[C@H]32)CN([C@H]2CC[C@](C)(CO)CC2)C1,1.6593300658923926,2.6064743362859835,False
CB1,apo2mol,23,True,True,Apo2Mol official reconstruction,,39.0,1.0263157894736843,4.644137371798253,0.8444219380278105,1.0,534.8730000000004,1.0156851425999742,0.07086614173228346,CC[C@@H](C)[C@H]1N[C@H](C(=O)N[C@H]2C=C(C)C=C(CC[C@H]3CC[C@@H]4C3CC[C@H]4C)C2=C(C)[C@@H]2CCC[C@@H]2C)C[C@@H]1C,1.4871968271310465,2.579626621789642,False
CB1,apo2mol,24,True,True,Apo2Mol official reconstruction,,39.0,1.0263157894736843,4.809454424598558,0.8744807702583967,1.0,532.9010000000003,1.011940457223806,0.07142857142857142,CCC1=C[C@@H](C2=CC[C@@H](CC)[C@@H](N(C)[C@@H]3CCN(C)C4C=CC([C@@H](C)CC(C)C)C=C4C3)C2)C=C(C(C)C)C1,1.5806464945754544,2.963727483751008,False
CB1,apo2mol,25,True,True,Apo2Mol official reconstruction,,39.0,1.0263157894736843,4.579615048681876,0.8326901435587568,1.0,527.7930000000002,1.0022407346571391,0.08130081300813008,COC1=C[C@H]([C@H]2CC[C@@H](c3ccccc3)CC2)C(CCCCN(C)[C@@H]2CCC[C@@H]2c2ccccc2CO)C=C1,2.529399495420731,3.480044043007693,False
CB1,apo2mol,26,True,True,Apo2Mol official reconstruction,,39.0,1.0263157894736843,4.624966785986933,0.8409362394086812,1.0,556.9410000000005,1.057590678543827,0.04580152671755725,CC[C@H](C)[C@@H]1C[C@H]2CCC[C@H](C)[C@H]3C[C@@H]4CC5=C(O)CC[C@H](CC[C@H]1C1SC(CC(C)C)CC1O2)C[C@@H]5[C@@]43C,2.0817924963278616,3.137381973061766,False
CB1,apo2mol,27,True,True,Apo2Mol official reconstruction,,39.0,1.0263157894736843,4.6218285714451905,0.8403656324276352,1.0,530.9250000000004,1.008188176136936,0.104,CC=CCCc1ccc([C@H]2C[C@@H]3CCC[C@@H]3C2CC(C)(C)[C@H](C)CCCCC[C@@H]2C=CCC(C)(C)[C@H]2C)cc1,1.6166532640458726,2.8861354601259945,False
CB1,apo2mol,28,True,True,Apo2Mol official reconstruction,,39.0,1.0263157894736843,5.4695590588600975,0.994504531387675,2.0,544.7770000000002,1.034492122298538,0.13821138211382114,CC(C)CC(=O)O.CCCC[C@@H](CCc1cccc(NC(C)(C)O)c1)[C@H](C)OCC1=CC(C(C)=O)C=C(N)C1,1.6241034428170575,2.4732995460038416,False
CB1,apo2mol,29,True,True,Apo2Mol official reconstruction,,39.0,1.0263157894736843,4.741290148355798,0.862086776360045,1.0,531.7490000000003,1.009752892541582,0.07575757575757576,COC(C)[C@H]1C/C=N/C2=NC(c3ccccc3)C(=NN2)CC/N=C/CC(C)C2C=CC(CCN(C)C1)C(C)=N2,2.0814211334955632,2.744127724485089,False
CB1,molgen_ns1.0,0,True,True,native Maestro bonds,,46.0,1.2105263157894737,6.531445044012003,1.187582330289937,1.0,649.6530000000002,1.2336440611986412,0.13114754098360656,CC[C@@H](C)[C@@H](C)CCc1ccc2c(c1)C(=O)c1cc(O[C@H](CCOP(=O)([O-])[O-])CC(=O)[O-])cc(-c3ccccc3CCO)c1C2=O,2.3846817217067136,2.666921921275478,False
CB1,molgen_ns1.0,1,True,True,native Maestro bonds,,40.0,1.0526315789473684,4.975721374710404,0.904712317907267,1.0,548.7240000000002,1.0419871898339008,0.16216216216216217,CCCCCNC(=O)[C@H](c1ccc2c(c1)C(=O)c1c(CO)cc(C)cc1C2=O)[C@H](C)C(C)(C)NC(=O)[C@H](C)CC,1.4024052938488687,2.518295896436112,False
CB1,molgen_ns1.0,2,True,True,native Maestro bonds,,55.0,1.4473684210526316,5.815617672019668,1.0574267624504203,1.0,772.7760000000002,1.467445733394352,0.11594202898550725,Cc1ccccc1-c1ccccc1Cc1cn(-c2cccc(-c3n[nH]c(-c4ccccc4C(=O)[O-])c3C)c2)c2ccc([C@@H](COP(=O)([O-])[O-])[N-][SH](=O)=O)cc12,3.6723298761269714,3.5625064931142245,False
CB1,molgen_ns1.0,3,True,True,native Maestro bonds,,40.0,1.0526315789473684,5.241631882045419,0.9530615909734181,1.0,554.6960000000003,1.0533275859122355,0.13675213675213677,CCc1cc(NC(=O)[C@](C)(Sc2ccc(C)nn2)[C@@H](C)C(=O)Nc2cc3ccccc3cc2C)ccc1C([NH-])=O,2.414226269919478,2.5700334174136987,False
CB1,molgen_ns1.0,4,True,True,native Maestro bonds,,43.0,1.131578947368421,6.170162729647406,1.1218920443127163,1.0,605.6280000000002,1.1500437702829212,0.1450381679389313,CCC[C@H](C)c1ccc2[nH]c3c(OCCOCCO[P@@H](=O)[O-])cc(Cc4cccc5oc(C(=O)[N-]CC)nc45)cc3c2c1,1.831324254366362,2.501941683243828,False
CB1,molgen_ns1.0,5,True,True,native Maestro bonds,,55.0,1.4473684210526316,5.738147988954321,1.0433408096296255,1.0,783.6680000000005,1.488128853636352,0.11347517730496454,CC[N-]C(=O)c1cccc(Cc2cc([C@@H](OP(=O)([O-])[O-])S([NH-])(=O)=O)cc3c2C(=O)c2cc(Cc4ccc(CC([NH-])=O)c5oc([N-]C=O)nc45)ccc2C3=O)c1,2.16344599505399,2.448289082279797,False
CB1,molgen_ns1.0,6,True,True,native Maestro bonds,,41.0,1.0789473684210527,4.692115224775484,0.8531455282987329,1.0,577.7310000000002,1.0970693849183366,0.11538461538461539,C/C=C1\N=CN([C@@H](C)Cc2c([C@H](C)[C@H](O)CCCC(=O)[O-])nc3ncnn3c2-c2cccc([C@@H](C)[C@@H](C)S)c2)C1=O,2.658161633991152,2.623696314321419,False
CB1,molgen_ns1.0,7,True,True,native Maestro bonds,,44.0,1.1578947368421053,5.722183977839201,1.0404381476010673,1.0,642.6950000000004,1.220431322432223,0.09923664122137404,Cc1cccc([C@H](C)c2cc(CCc3ccccc3COC(C)C)nc3[nH]c(C[C@@H](CS([NH-])(=O)=O)OP(=O)([O-])[O-])nc23)c1N,2.031047434908901,2.7256158746427355,False
CB1,molgen_ns1.0,8,True,True,native Maestro bonds,,45.0,1.1842105263157894,5.260336466823915,0.9564625587881467,1.0,611.6910000000004,1.1615569687797305,0.1206896551724138,Cc1cccc(C[C@@H](O)NC(=O)c2cccc3c2C(=O)c2cc([C@@H](C)[C@H](C)[C@@H](C)C(=O)[O-])cc([C@@H](C)[C@@H](C)C(=O)[O-])c2C3=O)c1,2.2035377061775883,2.650743066294499,False
CB1,molgen_ns1.0,9,True,True,native Maestro bonds,,53.0,1.394736842105263,5.620955656785596,1.022032271933723,1.0,707.8030000000003,1.3440667055313866,0.11450381679389313,Cc1ccccc1-c1ccccc1Cc1ccc2c(c1)C(=O)c1c([C@@H](C)C(=O)N[C@@]3(CCC(=O)[O-])CCCN3)ccc(-c3cc(O)ccc3O)c1C2=O,1.8924741083252787,2.442552400513682,False
CB1,molgen_ns1.0,10,True,True,native Maestro bonds,,52.0,1.368421052631579,6.632731052393693,1.2059986949763353,1.0,701.912,1.3328801225947704,0.11627906976744186,CCc1cc2c(-c3ccc(Cc4ccccc4[C@@H](C)C(=O)[O-])cc3)ccc([C@@H](C)Cc3nc(-c4ccc(-c5ccccc5O)cc4)cnc3C)c2s1,4.102571623924689,3.8424481303896743,False
CB1,molgen_ns1.0,11,True,True,native Maestro bonds,,39.0,1.0263157894736843,4.64628671910528,0.8448127438703585,1.0,536.6050000000002,1.0189740853340121,0.14655172413793102,C[C@H]([C@H](C)C(=O)[O-])[C@@H](C)c1c(-c2cnccc2C(C)(C)C(=O)[O-])[nH]c2ncc([C@@H](C)OC[C@H](C)C(=O)[O-])cc12,2.636864024740198,2.8180644124632184,False
CB1,molgen_ns1.0,12,True,True,native Maestro bonds,,49.0,1.2894736842105263,5.662254246206899,1.0295414027205774,1.0,691.5900000000001,1.31327939112783,0.12878787878787878,C[C@@H](CCO)c1cccc2c1C(=O)c1ccc(CCC[C@@H](CO)C(=O)[O-])c(-c3ncnc4c3cnn4[C@@H](C)[N-]C(=O)OP(=O)([O-])[O-])c1C2=O,2.025826979689558,2.612730979055008,False
CB1,molgen_ns1.0,13,True,True,native Maestro bonds,,42.0,1.105263157894737,4.8399131629196805,0.8800189412434305,1.0,629.5640000000002,1.1954965031246854,0.12,CCc1c(C)cc2ncsc2c1Cc1c(-c2ccccc2[P@](=O)([O-])OCOP(=O)([O-])[O-])cccc1[C@H](C)CCC(=O)[O-],1.81318175257317,2.671084198308148,False
CB1,molgen_ns1.0,14,True,True,native Maestro bonds,,43.0,1.131578947368421,4.965717692022289,0.9028933947259222,1.0,580.8330000000003,1.102959858567867,0.1440677966101695,CCC[C@@H](C)[C@H](C)[C@@H](CC)[C@H](C)[C@H](CCc1ccccc1C)Oc1cc2c(-c3ccccc3)cccc2n1[C@@H](C)C(=O)[O-],1.5704283551182932,2.834830191782065,False
CB1,molgen_ns1.0,15,True,True,native Maestro bonds,,40.0,1.0526315789473684,5.965113833888672,1.0846089555310405,1.0,545.7080000000003,1.0362600239644675,0.12403100775193798,CCCC[C@@H](C)N1C[C@H](NC(=O)CCc2cc(C)ccc2C(=O)[O-])[C@@H](c2ccn([C@H](C)c3cncc(C)n3)n2)C1,1.7252721873267725,2.332952732997483,False
CB1,molgen_ns1.0,16,True,True,native Maestro bonds,,46.0,1.2105263157894737,5.539821959640759,1.0072801084429437,1.0,669.6479999999999,1.2716131200710952,0.16535433070866143,CCCCCCc1cccc2c3ccc(-c4ccccc4[C@](C)(O[P@H](=O)[O-])OP(=O)([O-])[O-])cc3n([C@H](C)[C@H](CC)CCC(=O)[O-])c12,1.9965843211105312,2.2925213620072022,False
CB1,molgen_ns1.0,17,True,True,native Maestro bonds,,45.0,1.1842105263157894,5.643085893986868,1.0260561102249828,1.0,663.6460000000001,1.2602157561624947,0.14615384615384616,Cc1nc2cccc(C(=O)N[C@H](c3ccc(CC[C@@](C)([N-][SH](=O)=O)OP(=O)([O-])[O-])cc3)[C@H](C)CCN[C@@H](C)C(=O)[O-])c2c(=O)[nH]1,3.4781644510907803,3.748558854921665,False
CB1,molgen_ns1.0,18,True,True,native Maestro bonds,,37.0,0.9736842105263158,4.51839954454227,0.821559612632429,1.0,517.6030000000004,0.9828906616433705,0.06504065040650407,C=C([C@@H](C)c1[nH]c(=O)[nH]c(=O)c1C)N1CCC[C@@]1(CC[C@H](C)[N-]C(=O)[C@@H](C)C(=O)[O-])[C@@H](C)CCC(=O)[O-],1.755765833296244,2.4485331523349845,False
CB1,molgen_ns1.0,19,True,True,native Maestro bonds,,45.0,1.1842105263157894,6.616016137290544,1.202959499561686,1.0,641.5460000000002,1.2182494545330251,0.13675213675213677,C[C@H](CCc1cc2c(cc1OCCC(=O)[O-])C(=O)c1ccc([C@H](C)[N-]C(=O)CC[C@H](C)C(=O)[O-])cc1C2=O)[N-]C(=O)O[P@H](=O)[O-],3.070226854879349,2.969804269897578,False
CB1,molgen_ns1.0,20,True,True,native Maestro bonds,,45.0,1.1842105263157894,5.0037470290637405,0.909808092529967,1.0,607.7270000000001,1.1540296194738828,0.09022556390977443,Cc1ccc([C@H](C)c2cc3c(cc2CNC(=O)[C@H](C)C(=O)[O-])C(=O)c2cccc([C@H](C)/C=C\[C@H]4CCNC4)c2C3=O)cc1CO,1.846728054033151,2.616520444919385,False
CB1,molgen_ns1.0,21,True,True,native Maestro bonds,,43.0,1.131578947368421,4.464966412334752,0.8118441142650544,1.0,618.5080000000002,1.1745019587438972,0.1322314049586777,C[C@@H](O)CC(=O)Nc1c2c(cc([C@@H](C)CCC(=O)[O-])c1[C@@H](CCCO[P@@](=O)([O-])O)OC(=O)[O-])C(=O)c1ccccc1C2=O,2.0657196966256017,2.4718336364220086,False
CB1,molgen_ns1.0,22,True,True,native Maestro bonds,,38.0,1.0,5.119238902458374,0.930807443701312,1.0,536.7380000000003,1.019226642714859,0.12612612612612611,CCN(CCc1cc2c(cc1C(=O)NC[C@H](C)[C@H](C)S)C(=O)c1ccc([C@H](C)C(C)C)cc1C2=O)C(C)=O,1.5754325614280276,2.4774193270685143,False
CB1,molgen_ns1.0,23,True,True,native Maestro bonds,,45.0,1.1842105263157894,5.356836531451315,0.974008717540321,1.0,607.7710000000003,1.1541131722916071,0.136,CCC(C)(CC)[C@@](C)(O)c1cc(COC(C)C)cc2c1C(=O)c1c(cccc1[C@H](C)Cc1ccc3[nH]ccc3c1C([NH-])=O)C2=O,2.834077583063752,3.10654190439801,False
CB1,molgen_ns1.0,24,True,True,native Maestro bonds,,39.0,1.0263157894736843,5.089416777856232,0.9253850252333379,1.0,532.5690000000004,1.0113100132355264,0.13559322033898305,CCOCCOc1ccc([C@@](C)(O)[N-]C=O)c2c1C(=O)c1ccc(-c3ccccc3[C@H](O)CCO)cc1C2=O,2.3615458505854514,2.1710299714865413,False
CB1,molgen_ns1.0,25,True,True,native Maestro bonds,,43.0,1.131578947368421,5.8768648720823995,1.0685630564993027,1.0,593.8970000000002,1.1277674497211425,0.1076923076923077,CCC[C@H](CC)c1ccc2cc([C@@H]3C[C@@H]([C@H](C)OC(C)C)NC[C@H]3NC(=O)[C@@H](C)O[C@H]3C[C@H](C)CN3)cc(C(C)C)c2c1,3.44287305454836,3.5301681062550743,False
CB1,molgen_ns1.0,26,True,True,native Maestro bonds,,41.0,1.0789473684210527,6.0010767793455395,1.0911479309464291,1.0,573.6950000000002,1.0894053128198506,0.11811023622047244,CCN(CCc1ccc2c(c1)C(=O)c1cc(SC[C@@H](C)CCC(=O)[O-])cc(Nc3cnc(C)cn3)c1C2=O)C(C)=O,1.9197892337635776,2.775727249559579,False
CB1,molgen_ns1.0,27,True,True,native Maestro bonds,,50.0,1.3157894736842106,5.6173963741576936,1.0213851040973678,1.0,671.7660000000002,1.275635048887893,0.09016393442622951,CC[C@@H](C(=O)[O-])c1ccccc1Cc1ccccc1[C@@H](Cc1ccc2c(c1CCC(=O)[O-])C(=O)c1ccc(C)cc1C2=O)[C@H](C)CCC(=O)[O-],2.182176981977344,2.8373131939842544,False
CB1,molgen_ns1.0,28,True,True,native Maestro bonds,,47.0,1.236842105263158,5.883586416537891,1.0697852037230504,1.0,694.6280000000002,1.3190483334061254,0.12,CC[C@H](Oc1ccc2c(c1)C(=O)c1cc([C@@H](CO)C(=O)[O-])cc(CC[C@@H](C(=O)[O-])[C@@H](C[N-][SH](=O)=O)OP(=O)([O-])[O-])c1C2=O)[C@@H](C)CC,2.482094184026829,3.058267756859444,False
CB1,molgen_ns1.0,29,True,True,native Maestro bonds,,40.0,1.0526315789473684,4.590898983246635,0.834741848995296,1.0,571.4990000000003,1.0852352676443613,0.11016949152542373,C=C(Nc1c([C@@H](O)CC(=O)[O-])cc2c(c1NC(=O)[C@@H](CC)[C@@H](C)[P@](=O)([O-])O)C(=O)c1ccccc1C2=O)[C@@H](C)[O-],2.6183988181427416,2.7206233431437865,False
KRAS,apo2mol,0,True,True,Apo2Mol official reconstruction,,41.0,1.0,4.483585921358733,0.9489840374655346,3.0,556.9230000000005,0.9898724007813433,0.09230769230769231,C[C@@]12CCC[C@@H](CC1)C2.C[C@@]12C[C@H]3CC/C(=C/CC4=N[C@@H](C1)c1cccnc1C4)[C@@H]2C3.C[C@H]1CC[C@H](C)C(C)(C)C1,1.9780760616065336,3.625515190224005,False
KRAS,apo2mol,1,True,True,Apo2Mol official reconstruction,,41.0,1.0,4.454455343468707,0.9428183357471646,1.0,565.0270000000004,1.0042764134292892,0.042735042735042736,C[C@H]1C[C@H]2C[C@H]([C@H]3C[C@H](C[C@H]4CC[C@H](C)CC4)C3)C[C@@H]2[C@H](C)[C@H]([C@@H]2C[C@@H]([C@@H]3[C@H](C)CC[C@H](C)C[C@@H]3C)C(C)(C)C2)C1,2.9544008919888847,3.6975645477194505,False
KRAS,apo2mol,2,True,True,Apo2Mol official reconstruction,,41.0,1.0,4.212799265726193,0.8916700440992419,1.0,560.9510000000002,0.9970317496147494,0.07874015748031496,CC1=CC2C/C3=C/C=C(/C)[C@H](C)CC[C@H](C)/C=C(/C)[C@@H](C)CC[C@H]4CC[C@@H](/C=C/[C@@H](C)[C@]1(C)C[C@H]2C[C@H]3CCO)C4,2.584995118026744,4.20950281060496,False
KRAS,apo2mol,3,True,False,Apo2Mol official reconstruction,no sanitizable molecular graph,41.0,1.0,5.0397684262759554,1.0667041678124713,,,,,,1.0967741331807015,4.007395856385151,False
KRAS,apo2mol,4,True,True,Apo2Mol official reconstruction,,41.0,1.0,4.173219706288205,0.8832927383499221,1.0,559.9670000000003,0.9952827925015241,0.096,CC1=NC[C@H]2[C@H]3[C@H](C)[C@H](CC[C@H]2C)C[C@H]2CC[C@@H](C)C[C@@H](C)[C@@H]2[C@H]2C/C4=C\C[C@@H](C/C=C/CCC[C@H](C)[C@@H]2C4)[C@@]13C,2.7816903064161207,4.76077630534678,False
KRAS,apo2mol,5,True,True,Apo2Mol official reconstruction,,41.0,1.0,4.706937359504678,0.9962580171021822,1.0,570.0470000000003,1.0131989385394429,0.07142857142857142,CCCCN(C)[C@H]1CCC[C@H]([C@@]2(C)C[C@H]3[C@H](C)[C@H]([C@@H](C[C@H]4CC[C@H](C)CC4)[C@@H](C)CC(C)C)C(C)(C)[C@@H](C)[C@H]3C2)C1,2.386986799451893,4.221588125719081,False
KRAS,apo2mol,6,True,True,Apo2Mol official reconstruction,,41.0,1.0,4.492474447588469,0.9508653596162779,1.0,560.9550000000004,0.9970388591965107,0.10218978102189781,C=CN(CCCC)CC[C@H]1CC[C@@H]([C@@H]2CC=C(C)C3=C[C@@H]4CCCC[C@]4(C)[C@@H]4CC[C@H]2[C@H]34)[C@@H]2C[C@@H](C)C[C@@H](C)N2C1,1.924348724982828,4.416348311120095,False
KRAS,apo2mol,7,True,False,Apo2Mol official reconstruction,no sanitizable molecular graph,41.0,1.0,5.495906812763544,1.1632492224282256,,,,,,1.62345208581361,4.138304046877312,False
KRAS,apo2mol,8,True,False,Apo2Mol official reconstruction,no sanitizable molecular graph,41.0,1.0,4.433285530956647,0.9383375887507973,,,,,,2.144460363319194,4.271879566204768,False
KRAS,apo2mol,9,True,True,Apo2Mol official reconstruction,,41.0,1.0,4.435979415364062,0.9389077692594914,1.0,563.8860000000004,1.0022484052319414,0.12213740458015267,C[C@@H]1CCCC(c2cccc(F)c2)[C@@H](C[C@H](O)[C@H]2C[C@@H]3C=C(CCCC[C@@H]2[C@@H]2CCC=C(N)CC2)[C@@H](C)CCC3)C1,2.121966857637364,4.009449234486572,False
KRAS,apo2mol,10,True,True,Apo2Mol official reconstruction,,41.0,1.0,4.317303267385684,0.9137890870183694,1.0,568.0310000000004,1.0096157093318594,0.09649122807017543,C[C@H]1CC[C@H]2C[C@@H](CC[C@H]3CC[C@H](C)C3)CC[C@H](C)N(C(C)(C)C)/C=C/[C@]3(C)C[C@@H](CC[C@H]3C)C[C@@H](C[C@@H](C)C1)C2,2.5655083840352417,4.007727204376018,False
KRAS,apo2mol,11,True,True,Apo2Mol official reconstruction,,41.0,1.0,5.994161911572975,1.2687085899187613,1.0,574.8560000000003,1.0217464332117003,0.10526315789473684,C=C(F)CCCC=CC1=C[C@@H]2C[C@@H]3[C@@H]([C@H]2C1)[C@@](C)(F)CC[C@@H]1C=C(C[C@@H](C)[C@@H]1C)[C@H](C)CC[C@H]([C@@H](C)O)CC[C@@H]3F,2.2123243124799457,3.862640442014808,False
KRAS,apo2mol,12,True,False,Apo2Mol official reconstruction,no sanitizable molecular graph,41.0,1.0,5.499879497245099,1.1640900704068322,,,,,,1.5322354296362448,4.045239410886484,False
KRAS,apo2mol,13,True,False,Apo2Mol official reconstruction,no sanitizable molecular graph,41.0,1.0,4.655795439813486,0.9854334525051068,,,,,,1.3301861297786104,4.230094065672152,False
KRAS,apo2mol,14,True,True,Apo2Mol official reconstruction,,41.0,1.0,4.464237940130391,0.9448888945007455,1.0,554.9470000000001,0.9863602673913697,0.07633587786259542,C/C1=C/[C@H]([C@H](C)C(C)C)[C@H]2CC[C@H]3CC[C@H]4CC(C)(C)C[C@H]4/C(=C/[C@H](C)[C@@H](C)C2)C=C=C[C@@H]2C=CC=C2C[C@@H](C1)C3,1.8958290295674307,4.3203360540373,False
KRAS,apo2mol,15,True,True,Apo2Mol official reconstruction,,41.0,1.0,4.8906133193387875,1.035134389052228,1.0,560.9510000000004,0.9970317496147496,0.06666666666666667,C[C@H]1[C@H]2CC[C@@H](C=C[C@@H]3C[C@H]4C[C@H](C)[C@@]4(C)C3)C[C@H]3CC[C@@H]4CCC([C@@H]43)[C@@H]3[C@@H]1CC[C@H]1CC[C@@](C)(O)[C@@]13[C@H](C)CC2,3.2763170542706543,3.594183472971294,False
KRAS,apo2mol,16,True,True,Apo2Mol official reconstruction,,41.0,1.0,4.28916945822712,0.9078343587555755,2.0,567.9220000000003,1.0094219732288698,0.1111111111111111,CCC(C)C.CC[C@H](C)[C@H]1CCC[C@@]12C=C(C)[C@](C)(F)[C@@](C)([C@@H](C)C[C@@H]1CC3=C4C(=C[C@@H](C(=N)NC)CN41)CC3)C2,3.0682768037045856,4.662544064694739,False
KRAS,apo2mol,17,True,True,Apo2Mol official reconstruction,,41.0,1.0,4.556579343561585,0.9644336337764929,1.0,562.9670000000002,1.000614978822333,0.11023622047244094,CC(C)C(C)(C)[C@H](C)[C@H]1C=CC[C@H](C)[C@@H]1[C@@H]1C=CC=C2C[C@H]3C[C@H]([C@H](O)C[C@@H](C)[C@@H]4CC[C@@H](C)[C@@H](C)C4)[C@H](C3)[C@H]2C1,3.0008774535308,4.56769550195134,False
KRAS,apo2mol,18,True,False,Apo2Mol official reconstruction,no sanitizable molecular graph,41.0,1.0,5.086250641590315,1.0765424716016836,,,,,,1.754180254985738,3.6558318959276903,False
KRAS,apo2mol,19,True,True,Apo2Mol official reconstruction,,41.0,1.0,5.484185874629434,1.1607683994020839,1.0,569.0590000000003,1.0114428718444566,0.07874015748031496,CCCCCCC[C@@H](C)CCCC(C)=CCC[C@@]1(C[C@@]2(C)CC[C@H]3[C@H](CC[C@@H](C)CC[C@@H]3C)C2)[C@H](C)CCC[C@@H]1C,3.099592279453941,4.456973393139326,False
KRAS,apo2mol,20,True,False,Apo2Mol official reconstruction,no sanitizable molecular graph,41.0,1.0,5.386131742586279,1.1400145189705269,,,,,,1.8466197919657927,4.246464704047478,False
KRAS,apo2mol,21,True,True,Apo2Mol official reconstruction,,41.0,1.0,4.106260189038783,0.8691202625368917,1.0,558.9790000000004,0.9935267258065378,0.06870229007633588,CC(C)C[C@@H]1CC[C@@]23CC[C@H]4C[C@@H](C)[C@H](C[C@]5(C)CC[C@H](C[C@@H]6C[C@@H](C2)[C@@H](C)[C@H](C)C6)C5)[C@@H]2CCC(=C=C1C3)C[C@@H]42,2.5223075230680205,3.932526218518899,False
KRAS,apo2mol,22,True,True,Apo2Mol official reconstruction,,41.0,1.0,4.1750695635184085,0.8836842742798325,1.0,563.9550000000005,1.00237104551732,0.07692307692307693,C[C@H]1C[C@H]2CC[C@H]3CC/C(=C/C([C@H](C)C(C)(C)C)=C=C(C[C@@H]4CC[C@@H]1C[C@H]4C(C)(C)C)[C@H](C)[C@H]1CCC[C@H](C2)N1)O3,2.530671892926886,4.554385494764173,False
KRAS,apo2mol,23,True,False,Apo2Mol official reconstruction,no sanitizable molecular graph,41.0,1.0,4.811444704654492,1.0183777676957027,,,,,,1.229835906628503,4.205926282917611,False
KRAS,apo2mol,24,True,False,Apo2Mol official reconstruction,no sanitizable molecular graph,41.0,1.0,5.060625872946294,1.0711188002739902,,,,,,0.9343096009449332,3.772981786742836,False
KRAS,apo2mol,25,True,True,Apo2Mol official reconstruction,,41.0,1.0,4.349640396129234,0.9206334788808983,1.0,556.9190000000003,0.989865291199582,0.11764705882352941,CCC[C@@H]1C[C@H]2CCC(=C=C3CC[C@H]4C[C@]3(C[C@@H](C)C[C@@H]3CC[C@@H](C)C/C=C/C(C)(C)C3=C=O)C4)[C@@H]3CCC[C@@H]1[C@@H]23,2.78675662505307,3.735408440562196,False
KRAS,apo2mol,26,True,True,Apo2Mol official reconstruction,,41.0,1.0,4.389818954978506,0.9291375672746752,2.0,582.9450000000003,1.036123784928042,0.12,CC[C@H](F)C[C@](F)(CC)[C@H]([C@@H](C)[C@@H](C)[C@@H]1[C@H]2CCC[C@@H]2C[C@@H](C)C1(C)C)[C@@H](C)C(O)C(C)C.C[C@@H]1CCCCC1=O,2.479818819476149,4.118826805301485,False
KRAS,apo2mol,27,True,True,Apo2Mol official reconstruction,,41.0,1.0,4.107465836016558,0.8693754466142786,1.0,563.9550000000003,1.0023710455173198,0.128,CC[C@@H](C)[C@@H]1CC[C@@]2(CC[C@H](C)C2)CC(=CC(C)C)C[C@@H]2C[C@@H]3[C@H](CC(=O)N(C2)[C@@H]3C)C[C@@H]2[C@H]3C[C@@H](C)[C@]21[C@@H](C)C3,2.8054701333396754,4.3019826996714485,False
KRAS,apo2mol,28,True,True,Apo2Mol official reconstruction,,41.0,1.0,4.411189683011398,0.933660839523261,1.0,565.902,1.0058316344395246,0.12213740458015267,C=C1CC/C=C/[C@H]2CCC(C)(C)[C@@H]3C[C@@H](C)[C@H](CC=C32)[C@@]2(F)CC[C@@]3(CC[C@@H](C(C)[C@@H]3C)[C@@H]2C)CC(=O)CN(C)C1,2.4163855589425838,4.303402444900984,False
KRAS,apo2mol,29,True,True,Apo2Mol official reconstruction,,41.0,1.0,4.41578738700343,0.9346339774922793,1.0,553.8310000000004,0.984376694080029,0.11029411764705882,CC(=O)[C@H]1CCC2=C=C3[C@H]4CCC[C@]3(C)[C@H]3/C(=C5/C=C(O)C[C@@H]6C[C@H](/C=C/[C@H]([C@@H]7CCC[C@@H]7C)[C@H]21)C[C@H]5N6C)C[C@@H]43,2.59211200991233,4.452126348642855,False
KRAS,molgen_ns1.0,0,True,True,native Maestro bonds,,42.0,1.024390243902439,4.774341850916254,1.010524674979385,1.0,587.7700000000002,1.0446997179273434,0.17829457364341086,CC[C@H](CCCC(C)C)c1c(N2CS[C@@](O)(C(=O)[O-])C2)c(Cc2ccccc2Cc2nccnc2C)cc2nn[nH]c12,3.819007191047927,3.485852760513524,True
KRAS,molgen_ns1.0,1,True,True,native Maestro bonds,,26.0,0.6341463414634146,3.197238910973992,0.6767192028202567,1.0,381.45000000000016,0.6779874906908913,0.13761467889908258,CCc1ccc(C)cc1[C@]1([C@@H](C)[C@H](O)C(=O)[O-])CSCN1[C@H](O)C(=O)[O-],2.3031049178098675,3.4064865138634777,False
KRAS,molgen_ns1.0,2,True,True,native Maestro bonds,,38.0,0.926829268292683,4.926346814454712,1.0426976469138256,1.0,516.4860000000003,0.9179998613631557,0.1349206349206349,CC[C@@](OCc1cncc(C)n1)(C(=O)[O-])c1c(C(=O)[O-])cc(-c2cccc(CC(=O)[O-])c2C)c2ncoc12,3.2968664630728184,3.502473574968384,False
KRAS,molgen_ns1.0,3,True,True,native Maestro bonds,,25.0,0.6097560975609756,3.575414629046539,0.7567628835041222,1.0,372.48700000000014,0.6620566953597535,0.09821428571428571,CC[C@H](CN1CCS[C@]1(CC)[C@H](CC(=O)[O-])C(=O)[O-])[C@@H](C)NC(C)=O,2.957598847348096,2.8853066172016613,True
KRAS,molgen_ns1.0,4,True,True,native Maestro bonds,,26.0,0.6341463414634146,4.220095395070013,0.8932143237013312,1.0,369.45800000000014,0.6566729645711765,0.10810810810810811,CC[C@H](CC(=O)[O-])O[C@]1(C)CCCC[C@@H]1NC(=O)C[C@H](C)CCC(=O)[O-],3.3458226558796462,3.4488045334491555,False
KRAS,molgen_ns1.0,5,True,True,native Maestro bonds,,34.0,0.8292682926829268,4.751073724755519,1.005599804419175,1.0,527.3650000000002,0.93733614635785,0.12195121951219512,C[C@@H](Oc1c(-c2ccc(C(N)=O)cc2Cl)cccc1[P@H](=O)[C@@H](C)N1CCNCC1)[C@H](Cl)C(=O)[O-],3.28925185545282,3.7013342096678894,False
KRAS,molgen_ns1.0,6,True,True,native Maestro bonds,,26.0,0.6341463414634146,3.6258849801190953,0.7674453056486326,1.0,359.4420000000002,0.6388705718414349,0.1574074074074074,CC[C@@H](O)[C@](C)(CC[C@H](CO)C(=O)[O-])c1c(C)ccc2cc(O)ccc12,3.6408675017959578,4.345182256330276,False
KRAS,molgen_ns1.0,7,True,True,native Maestro bonds,,22.0,0.5365853658536586,3.9979138033386388,0.8461879506887534,1.0,339.3250000000001,0.6031147077695286,0.08181818181818182,CCC[C@@H](OC[C@H](C)C(=O)[O-])[C@@H](CC)NCCO[P@@](=O)([O-])O,3.691020008566903,3.09619723738622,True
KRAS,molgen_ns1.0,8,True,True,native Maestro bonds,,35.0,0.8536585365853658,5.17614261876505,1.0955687717398526,1.0,480.60900000000026,0.8542322451525982,0.14728682170542637,CC[C@@]1(O[C@@H](Cc2cnc(-c3ccoc3)cn2)[C@H](C)CC(=O)NC)C[C@@H]([C@H]2CC=CCC2)NC1=O,3.653996601957851,3.0220965949996,True
KRAS,molgen_ns1.0,9,True,True,native Maestro bonds,,25.0,0.6097560975609756,3.615425341505478,0.765231445971115,1.0,374.56700000000006,0.6657536778755145,0.10619469026548672,CC[C@H](C[C@](CC)(CC[C@@H]1CS[C@H](C)N1C)C[C@H](O)CCO)C(=O)[O-],3.1944755357370145,3.2735886143804493,False
KRAS,molgen_ns1.0,10,True,True,native Maestro bonds,,28.0,0.6829268292682927,4.039958343326862,0.8550869877566801,1.0,391.44800000000026,0.6957578903027083,0.14285714285714285,Cc1nc(C[C@]2(CCO)CCC[C@@H]([C@H](C)OC(=O)[O-])C2)nc2c1cnn2CO,2.8703670525392453,3.9235306996153207,False
KRAS,molgen_ns1.0,11,True,True,native Maestro bonds,,34.0,0.8292682926829268,4.492234231634467,0.950814516137444,1.0,458.47800000000024,0.8148967066639887,0.16806722689075632,CCCCc1c(CC(C(=O)[O-])C(=O)[O-])cccc1-n1ncc2c(Cc3cnccn3)ncnc21,2.8905428505541058,2.91278472451328,False
KRAS,molgen_ns1.0,12,True,True,native Maestro bonds,,33.0,0.8048780487804879,3.7521439390803755,0.794168945775721,1.0,451.4380000000002,0.8023838427644897,0.16101694915254236,Cc1ccc(O)cc1-c1c(-c2cnc(C)c(C)n2)c(OCCCC(=O)[O-])nc2nc(F)nn12,2.452993175687633,3.627514598311736,False
KRAS,molgen_ns1.0,13,True,True,native Maestro bonds,,31.0,0.7560975609756098,3.9975087114380243,0.8461022099994631,1.0,425.44100000000014,0.7561768935037972,0.14912280701754385,CCOc1cc2nnn([C@H](C)C(C(=O)[O-])C(=O)[O-])c2c(-c2ccc(COC)cc2)c1C,2.769387072378805,3.1606887418961938,False
KRAS,molgen_ns1.0,14,True,True,native Maestro bonds,,20.0,0.4878048780487805,3.4752618973251495,0.735564818968456,1.0,288.38800000000003,0.5125795162285088,0.0761904761904762,CC[C@@H](C[C@H](O)C(C)(C)N(CC)C(=O)O)[C@@H](C)NC=O,3.495128084550684,3.527820186739187,False
KRAS,molgen_ns1.0,15,True,True,native Maestro bonds,,35.0,0.8536585365853658,4.763251701370844,1.008177363011622,1.0,525.4360000000004,0.93390755055357,0.128,Cc1nc2nc(Cc3ccc(C[C@H](OP(=O)([O-])[O-])S(=O)(=O)[N-]C(=O)[O-])cc3CCO)c(C)cn2n1,2.740695412573483,3.5791772484365576,False
KRAS,molgen_ns1.0,16,True,True,native Maestro bonds,,37.0,0.9024390243902439,4.543121788977418,0.9615852430669812,1.0,528.4620000000002,0.9392859491558259,0.1774193548387097,CCCc1cc(C)c(-n2c(-c3nc(C)cnc3C)nc3c(=O)n(C)c([C@H](CC(=O)[O-])O[P@@H](=O)[O-])nc32)o1,3.4519067046726457,2.861643285292029,True
KRAS,molgen_ns1.0,17,True,True,native Maestro bonds,,20.0,0.4878048780487805,3.37717829778056,0.7148047015228267,1.0,283.388,0.50369253902716,0.07476635514018691,CC#CO[C@H](C)[C@@H](C[C@@H](CC)C(=O)[O-])OCCCCC,3.689735222795052,3.4682788487757605,True
KRAS,molgen_ns1.0,18,True,True,native Maestro bonds,,26.0,0.6341463414634146,4.111459672915671,0.8702207716581111,1.0,363.37000000000006,0.6458521811308142,0.10619469026548672,CC[C@H](C[C@@H](CC(=O)[O-])C[C@@H](O)[C@@H](O)C(=O)[O-])c1cnc2[nH]cnc2c1,3.360377925998585,4.177903813057384,False
KRAS,molgen_ns1.0,19,True,True,native Maestro bonds,,27.0,0.6585365853658537,4.293757700827521,0.9088054941512547,1.0,402.3640000000001,0.7151599389286925,0.06504065040650407,CN(C=O)C/C(CCO[P@@](C)(=O)O)=C1\N=C(CCC(C)(C)C(=O)[O-])NC1=O,3.232706524555618,3.7452102051917215,False
KRAS,molgen_ns1.0,20,True,True,native Maestro bonds,,29.0,0.7073170731707317,4.226671267366096,0.8946061555856423,1.0,438.2390000000002,0.7789240003483694,0.11711711711711711,Cc1c(-c2cccc(Cl)c2Cl)ccc(C[C@@H](CC(=O)[O-])C(=O)[O-])c1OCC(=O)[O-],3.477336677453955,4.601427846760209,False
KRAS,molgen_ns1.0,21,True,True,native Maestro bonds,,25.0,0.6097560975609756,3.757416710879963,0.7952849668264541,1.0,353.5670000000002,0.6284283736298503,0.09821428571428571,CCCC[C@@H](CC)C[C@H]1CCOC[C@@]1(C[C@H](C)CC)C[C@H](C)C(=O)[O-],3.7078865855925818,3.5883913116729893,True
KRAS,molgen_ns1.0,22,True,True,native Maestro bonds,,28.0,0.6829268292682927,4.150841055356942,0.8785561317840449,1.0,432.4990000000003,0.7687217505212213,0.08064516129032258,C#C[C@](CC)(C[C@@H](CCCCC(=O)[O-])C[C@@]1(CCC)NCCS1)OP(=O)([O-])[O-],2.730671146742921,3.5881239817584767,False
KRAS,molgen_ns1.0,23,True,True,native Maestro bonds,,25.0,0.6097560975609756,4.756977116783305,1.0068493008935444,1.0,348.57500000000016,0.6195556155920237,0.1111111111111111,CC[C@@H](CC1=CCCCC1)[C@]1(CC)C[C@@H](CC[C@@H](C)CC(N)=O)CN1,3.6295520386739866,3.9227045054358007,False
KRAS,molgen_ns1.0,24,True,True,native Maestro bonds,,30.0,0.7317073170731707,3.631260906351952,0.7685831600961787,1.0,466.2960000000002,0.8287923842160174,0.14049586776859505,Cc1cccc([C@@]2(O[C@@H](CO[P@@H](=O)[O-])C[P@](=O)([O-])O)CCCN2[C@H](O)C(=O)[O-])c1O,3.873197119673376,4.058604059168906,False
KRAS,molgen_ns1.0,25,True,True,native Maestro bonds,,25.0,0.6097560975609756,3.999271887731566,0.8464753992696492,1.0,351.4430000000001,0.6246531857147172,0.11711711711711711,Cc1c(C(C)(O)O)ccc(O[C@@H](C)C[C@@H]2CCC(=O)N2)c1OC(C)C,4.695055792311858,4.976077496064711,False
KRAS,molgen_ns1.0,26,True,True,native Maestro bonds,,28.0,0.6829268292682927,4.299215609223599,0.9099607007284618,1.0,388.46000000000015,0.6904470327271821,0.10526315789473684,C#C[C@@](C)(Cc1ccc([C@H](C)O[C@@H](C)C(C)C)cc1[C@H](CO)C(=O)[O-])C(=O)[O-],2.69521572408836,3.643161213325477,False
KRAS,molgen_ns1.0,27,True,True,native Maestro bonds,,28.0,0.6829268292682927,3.7623736271068267,0.796334134715027,1.0,414.8620000000001,0.7373738271411836,0.1206896551724138,C[C@]1(c2ccccc2CCl)OC(=O)N([C@@H](O)CC(=O)[O-])[C@@H]1CCC(CO)CO,2.336545787116909,3.2792332633485253,False
KRAS,molgen_ns1.0,28,False,False,native Maestro bonds,File error: Bad input file external_inputs/ligand_export_20260917/bundle/KRAS/sage-flex/sample_028.mae,,,,,,,,,,,,
KRAS,molgen_ns1.0,29,True,True,native Maestro bonds,,32.0,0.7804878048780488,4.613755451496203,0.9765353788319142,1.0,466.8680000000003,0.8298090544078518,0.13114754098360656,COc1c([C@@]2(C)CNCCN2[C@@H](CC(=O)[O-])C(=O)[O-])ccc(-c2ccc(F)c(Cl)c2)c1F,2.624197119621321,3.2542511278794755,False
cAbl,apo2mol,0,True,True,Apo2Mol official reconstruction,,29.0,1.0,3.9513404820777884,0.8203165136846285,2.0,400.56700000000023,0.9374571427902766,0.08421052631578947,CC1=NC2=C(C)N(CO)C(C)=N[C@@H]2C(C(C)(C)O)=N1.C[C@H]1CCCC2=C1CCC2,1.303519430299758,3.6058274596200657,False
cAbl,apo2mol,1,True,True,Apo2Mol official reconstruction,,29.0,1.0,3.754045309482256,0.7793571256277256,1.0,400.6110000000002,0.9375601171098854,0.08,CN=C1CC[C@@H]2CCN=C2NC2=C(CC=CC2)N[C@@H](CO)[C@H]1CC[C@@H](C)C(C)C,1.677776996849099,3.6957177298570416,False
cAbl,apo2mol,2,True,True,Apo2Mol official reconstruction,,29.0,1.0,4.180135986271112,0.8678155159087778,1.0,398.5870000000002,0.9328232984078767,0.08333333333333333,CC(=O)[C@H]1CCCC2=C3[C@@H](C1)C[C@@H]1CC[C@H]4C(=O)CC[C@H](C)[C@H]4[C@@H]1C[C@@H]3[C@@H](O)C2,1.1738792809608758,3.424215210788292,False
cAbl,apo2mol,3,True,True,Apo2Mol official reconstruction,,29.0,1.0,3.7063256624234446,0.7694503067425656,2.0,403.5630000000001,0.944468757825463,0.12631578947368421,CCC(=O)[C@@H]1CC[C@@H](C)C1.C[C@@H]1CC(=O)NC[C@@H](C[C@@H](O)c2cccc(O)c2)C1,1.7382125805281103,3.665328288293436,False
cAbl,apo2mol,4,True,True,Apo2Mol official reconstruction,,29.0,1.0,4.71226073029381,0.9782870677383202,1.0,398.6750000000003,0.9330292470470947,0.061224489795918366,C[C@@H](C=O)CCCC[C@H]1CCC[C@]2(C=C3[C@](C)(CC[C@@H]4CCC[C@@]3(C)C4)CC2)C1,1.2853912898104085,3.630187570176816,False
cAbl,apo2mol,5,True,True,Apo2Mol official reconstruction,,29.0,1.0,4.1445468453847,0.8604270460693929,1.0,401.5910000000002,0.9398536360466287,0.08,CCC(=O)CC[C@@H](C)CCNC(=O)[C@@H](C)C(C)=C1CCCC2C=C(C)CC(O)=C12,1.3888985197805577,3.4750576662014563,False
cAbl,apo2mol,6,True,True,Apo2Mol official reconstruction,,29.0,1.0,4.037148691383042,0.8381306938146568,1.0,405.71100000000024,0.9494957768827335,0.07291666666666667,CC(C)CCC[C@@]1(C)CC[C@@H]([C@H]2CCC(=O)N2C[C@H](C)CC(C)(C)C)[C@H](C)CC1,1.9024604176668356,3.734654255929973,False
cAbl,apo2mol,7,True,True,Apo2Mol official reconstruction,,29.0,1.0,4.593495823558656,0.9536309251753206,1.0,408.5770000000002,0.9562031496099849,0.07,CCCCCC[C@H](CC1=CCNC(C(F)F)=C1)C(=O)NC1C[C@H]2CCCC[C@@H]2C1,2.157277771359176,3.927464046585257,False
cAbl,apo2mol,8,True,True,Apo2Mol official reconstruction,,29.0,1.0,4.204683164937354,0.8729116234488946,1.0,403.495,0.9443096156951583,0.0625,CN1CN([C@@H](CON2CC=NC=NC2=NCC=N)C[C@H]2CNCC=CN2)C=NN1,1.0900587840873932,3.505087753460084,False
cAbl,apo2mol,9,True,True,Apo2Mol official reconstruction,,29.0,1.0,4.653574056323563,0.9661034434697011,2.0,404.6790000000002,0.9470805610228159,0.041666666666666664,C=C1[C@@H]([C@@H](C)[C@@]2(O)CC[C@@H](CC)C2)CC[C@@H]1[C@@](C)(O)C(C)C.CC1=C(C)CCC1,1.1392581082930586,3.608408526411843,False
cAbl,apo2mol,10,True,True,Apo2Mol official reconstruction,,29.0,1.0,4.782908888205789,0.9929539512578394,1.0,400.69100000000014,0.9377473431455378,0.023529411764705882,C[C@@H]1CC[C@H]2[C@@H](C1)C[C@@H]1C[C@H]([C@@H]3C[C@@H]4CCCC[C@@H](C)[C@@H]4C3)CC(O)C[C@H]1[C@@H]2C,1.3395300754206116,3.6044560591352695,False
cAbl,apo2mol,11,True,True,Apo2Mol official reconstruction,,29.0,1.0,4.534586482006021,0.9414010740893155,1.0,402.6190000000002,0.9422594906047635,0.07142857142857142,CCC(C)(C)[C@H](C)CC(=O)C[C@@H](C)C(CC1=CC=CCC=C1)[C@H](O)CCC(C)=O,1.9290554207045791,3.8168607136359785,False
cAbl,apo2mol,12,True,True,Apo2Mol official reconstruction,,29.0,1.0,4.436542520903716,0.9210466954362813,1.0,406.65500000000026,0.9517050441034333,0.06060606060606061,CC(C)C(=O)N[C@H](C)[C@H](C)[C@@H]1[C@@H](CN)C[C@@H]2C[C@H]3CCCC[C@H](CO)[C@@]3(C)C[C@H]21,1.2213219927220955,3.640724074119087,False
cAbl,apo2mol,13,True,True,Apo2Mol official reconstruction,,29.0,1.0,4.110225617462787,0.8533018008109853,1.0,398.6310000000001,0.9329262727274853,0.06,CCC[C@@H](CC)[C@H]1C=C2C[C@H]3C4C5=C(CC[C@H]5CC[C@@H](O)[C@H]4[C@@H]2[C@H](C)C1)C[C@H]3O,1.144922659982217,3.657896409941449,False
cAbl,apo2mol,14,True,True,Apo2Mol official reconstruction,,29.0,1.0,5.371031995414754,1.1150510216346592,1.0,400.73500000000024,0.9378503174651469,0.06315789473684211,CC[C@H]([C@H]1CCC(C)(C)C1)C(C)(C)C[C@@H]1CCC=C(CC2CCCCCC2)CC1,1.581168349583906,3.972655061585904,False
cAbl,apo2mol,15,True,True,Apo2Mol official reconstruction,,29.0,1.0,3.6234300878849868,0.7522408030276354,1.0,400.69100000000014,0.9377473431455378,0.042105263157894736,CC1=CC[C@@H]2[C@@H](C1)[C@H](C)C/C=C(/[C@@H](C)C(C)C)[C@@H](C)[C@H](C)C[C@@](C)(O)[C@H]1CC[C@H]21,2.016015476036374,3.922134402271433,False
cAbl,apo2mol,16,True,True,Apo2Mol official reconstruction,,29.0,1.0,4.69658165259683,0.9750320188726214,2.0,408.6670000000002,0.9564137789000939,0.0594059405940594,CCCCC[C@H]1C[C@@H]([C@@H](C)O)[C@@H](C)[C@@H]1CO.CC[C@]12CCC[C@](C)(C=C[C@H]1O)C2,1.8508491676698244,3.622499564736262,False
cAbl,apo2mol,17,True,True,Apo2Mol official reconstruction,,29.0,1.0,4.258219172181121,0.8840259455423704,1.0,401.48300000000023,0.9396008808984979,0.07272727272727272,CN1CC=NN2C1=NCN=C1[C@@H](C[C@@H](NCN)C3=C4NNC[C@H]4NC3)NN=CN12,1.174856271103668,3.621091118291034,False
cAbl,apo2mol,18,True,True,Apo2Mol official reconstruction,,29.0,1.0,5.288953621758916,1.098011172593137,1.0,395.4590000000002,0.9255027604138631,0.06796116504854369,CCCCCC1CC(=O)N(C2=CC=C3OC4=CNCC=C4NC(=O)C3=CC2)C1=O,1.4302858086139714,3.5562569424249584,False
cAbl,apo2mol,19,True,True,Apo2Mol official reconstruction,,29.0,1.0,4.69309948783215,0.9743091054024221,1.0,400.69500000000016,0.9377567044473205,0.0673076923076923,CCN(C)[C@H](C)C[C@@]1(C)CC=CC(=CCCC(C)(C)C)[C@@H]1C=C[C@H]1CC(C)CN1,2.111639104620225,3.609612613597063,False
cAbl,apo2mol,20,True,True,Apo2Mol official reconstruction,,29.0,1.0,3.785149737507032,0.7858145483867032,1.0,404.63500000000033,0.9469775867032073,0.08421052631578947,CCC[C@]1(C(=O)C2CCCC2)CC(=O)C[C@H]([C@](C)(C(=O)CC)[C@@H](C)CC(C)C)C1,1.6531047541426296,3.827153674116959,False
cAbl,apo2mol,21,True,True,Apo2Mol official reconstruction,,29.0,1.0,4.324725287092653,0.8978329218255807,1.0,416.63100000000014,0.975052130749302,0.06862745098039216,C=C(CC)C1=C[C@@H]([S@@](C)(O)N=C(C)NC)CC=C1OC(=C=C(C)C=CC)C=CC,1.8117274089588704,3.9124947063120743,False
cAbl,apo2mol,22,True,True,Apo2Mol official reconstruction,,29.0,1.0,4.072736976695821,0.8455189860330085,1.0,391.36300000000017,0.9159167873884543,0.08571428571428572,Cc1nc2c3c(ncnc3n1)N(NNCC1=Nc3nnnc4c3N(C1)NN4)C=N2,1.0245321176417277,3.453269604436207,False
cAbl,apo2mol,23,True,True,Apo2Mol official reconstruction,,29.0,1.0,4.0960025723008435,0.8503490310170014,2.0,404.5550000000002,0.9467903606675545,0.14736842105263157,CC(C)NCC(=O)C(C)C.CCC=C1[C@H](O)CN(c2cc(C)ncn2)C(=O)[C@@H]1C,1.3783129340938136,3.717740980262691,False
cAbl,apo2mol,24,True,True,Apo2Mol official reconstruction,,29.0,1.0,3.8841946613123386,0.8063767315148463,2.0,405.57900000000024,0.9491868539239068,0.07291666666666667,CC(O)=C(O)/C1=C2\CCC3C=CC=C[C@H]3[C@@H](C2)NCC(O)[C@H](C)CC1.CCCO,1.720578051921286,3.830371588881413,False
cAbl,apo2mol,25,True,True,Apo2Mol official reconstruction,,29.0,1.0,4.837960828231623,1.0043829879906647,1.0,402.75100000000015,0.9425684135635901,0.0425531914893617,CC[C@H](C)[C@H](C)C[C@H](C)CC(C)(C)C[C@@H](C)[C@H]1CC[C@@]2(C)CC[C@@H](C)C=C2[C@H]1C,1.7371273500878093,3.8401294254376,False
cAbl,apo2mol,26,True,True,Apo2Mol official reconstruction,,29.0,1.0,4.615958764382049,0.95829433532358,1.0,401.7230000000002,0.9401625590054553,0.02040816326530612,CC[C@]1(C)C[C@@H]2[C@@H](CC3CCCC[C@H]32)[C@@H]2C[C@@](C)(C[C@@H](C)CC[C@H](C)N)CC[C@H]21,2.125562194679788,3.5545390017033585,False
cAbl,apo2mol,27,True,True,Apo2Mol official reconstruction,,29.0,1.0,4.642444771002933,0.9637929524919102,1.0,400.69100000000026,0.9377473431455381,0.0625,C=C1C[C@H](CC(C)(C)[C@@H]2CC[C@H](O)[C@@H]3[C@H](CC[C@@H]3C)C[C@H]2C)C[C@H]2CCC[C@]12C,1.3724554053272404,3.7488200040222335,False
cAbl,apo2mol,28,True,True,Apo2Mol official reconstruction,,29.0,1.0,4.623353504073414,0.9598295173993185,1.0,407.46700000000016,0.9536053883653061,0.05454545454545454,C=N[C@H]1C=C=C/C(Sc2nc3c([nH]2)N=CNC=N3)=C\n2c3c(n2C1)CNC(=N)N3,1.3122147650804885,3.4869371659966704,False
cAbl,apo2mol,29,True,True,Apo2Mol official reconstruction,,29.0,1.0,4.586672428259887,0.9522143568313962,1.0,410.77100000000036,0.9613378236377556,0.04878048780487805,CCCCCCC[C@H](C)[C@@](C)(O)C[C@H](CCCCC(C)(C)C)[C@H](C)CCCCC,1.980207456357349,4.012926983769865,False
cAbl,molgen_ns1.0,0,True,True,native Maestro bonds,,29.0,1.0,4.929344607230975,1.0233546821122141,1.0,387.4430000000001,0.9067427116414808,0.17777777777777778,Cc1ccccc1C(=O)NCc1nc2nc(C)c(Cc3cccc(O)c3)cn2n1,2.398153393230305,3.8484652781669264,False
cAbl,molgen_ns1.0,1,True,True,native Maestro bonds,,31.0,1.0689655172413792,4.58962577124576,0.9528274844605831,1.0,435.5050000000001,1.019223433210622,0.16304347826086957,Cc1ccccc1S(=O)(=O)Cc1cc2c(=O)[nH]cnc2cc1CNc1ccccc1O,2.875530119738719,3.8780789711911288,False
cAbl,molgen_ns1.0,2,True,True,native Maestro bonds,,27.0,0.9310344827586207,4.7679606232435585,0.9898506224874969,1.0,359.4290000000001,0.8411808346068603,0.12643678160919541,Cc1nc(C)c2c(Cc3cccc(Oc4ccccc4C)c3O)c[nH]c2n1,3.542575206393418,3.4622125524497576,False
cAbl,molgen_ns1.0,3,True,True,native Maestro bonds,,27.0,0.9310344827586207,4.800173849732353,0.9965382369230733,1.0,380.51700000000005,0.8905336176048639,0.1276595744680851,Cc1ncc2c(Cc3ccc4c([C@H](C)[C@H](C)CO)csc4c3C)n[nH]c2n1,2.4610946180662814,3.6934636501355538,False
cAbl,molgen_ns1.0,4,True,True,native Maestro bonds,,32.0,1.103448275862069,4.531431889776088,0.9407461661885935,1.0,433.46700000000016,1.0144538499523743,0.15306122448979592,Cc1cnc(-c2cc(C[C@@H](C)[C@@H](C)c3ccccc3F)n3nc(C(=O)[O-])nc3n2)c(C)n1,2.9416092846221336,4.400516634790478,False
cAbl,molgen_ns1.0,5,True,True,native Maestro bonds,,36.0,1.2413793103448276,4.601244911471189,0.9552396715765676,1.0,478.6120000000003,1.120107842196536,0.102803738317757,CCC[C@]1(c2c[nH]c3ccc(CCOc4ccccc4C(=O)[O-])c(-c4ccccc4)c23)CC=CCC1,2.5817349216245824,3.647540916971501,False
cAbl,molgen_ns1.0,6,True,True,native Maestro bonds,,27.0,0.9310344827586207,3.7013015573048076,0.7684072793411056,1.0,362.4490000000002,0.848248617452743,0.10204081632653061,Cc1cc2cc[nH]c2c(-c2ccccc2[C@H]([O-])OC2=CCCC[C@H]2C)c1O,1.6682096231286023,3.214917705346044,False
cAbl,molgen_ns1.0,7,True,True,native Maestro bonds,,28.0,0.9655172413793104,4.806035858529292,0.9977552169938377,1.0,379.4100000000001,0.8879428773365222,0.1276595744680851,Cc1cncc([C@@H](C)Oc2cccc(-c3cc(F)c4c(C)c[nH]c4c3)c2F)n1,3.0898048490203243,2.898241626171936,True
cAbl,molgen_ns1.0,8,True,True,native Maestro bonds,,27.0,0.9310344827586207,5.536123295843076,1.149324737256303,1.0,363.4650000000001,0.8506263881055298,0.16666666666666666,Cc1c[nH]c(C(=O)N[C@H](C)CCc2cnc(-c3ccccc3C)c(C)n2)n1,1.858465594869176,3.512679725775586,False
cAbl,molgen_ns1.0,9,True,True,native Maestro bonds,,26.0,0.896551724137931,4.003655407781788,0.8311773336169592,1.0,351.4540000000001,0.82251673917775,0.14606741573033707,CCC(=O)NCCCc1ccc(-c2cc(C)nc3nc(C)nn23)cc1C,2.931076954115042,4.07839523964972,False
cAbl,molgen_ns1.0,10,True,True,native Maestro bonds,,25.0,0.8620689655172413,3.9250883347002525,0.8148664467741327,1.0,354.45000000000005,0.8295283542129366,0.125,Cc1cccc(F)c1Cc1cncc([C@H](C)c2cccc(S)c2O)n1,1.6577167789599956,3.5118989570207617,False
cAbl,molgen_ns1.0,11,True,True,native Maestro bonds,,27.0,0.9310344827586207,4.416306674046972,0.9168456402702503,1.0,377.8750000000001,0.8843504777774397,0.1839080459770115,Cc1cc2cc[nH]c2c(Cc2cccc(-c3cnc(C)c(C)n3)c2Cl)c1O,1.843164624070713,3.557096178709968,False
cAbl,molgen_ns1.0,12,True,True,native Maestro bonds,,24.0,0.8275862068965517,4.339144509537886,0.900826418928644,1.0,324.42400000000004,0.7592577423816553,0.17073170731707318,CCC(O)(O)Cc1ccc(-c2cc3ccn(C)c3nc2C)cc1C,2.2349627827762726,3.2960092416399243,False
cAbl,molgen_ns1.0,13,True,True,native Maestro bonds,,42.0,1.4482758620689655,4.295195247516196,0.8917023493719535,1.0,553.5930000000002,1.2955877844373038,0.16326530612244897,CCc1nc(-c2cccc(F)c2Cc2c3c(cc(O)c2-c2ccccc2)C(=O)c2ccccc2C3=O)c2cc[nH]c2n1,3.33000090500031,4.53808778410612,False
cAbl,molgen_ns1.0,14,True,True,native Maestro bonds,,27.0,0.9310344827586207,4.070535368542684,0.8450619220232445,1.0,371.5450000000002,0.8695362177064343,0.11827956989247312,CCCCc1c(C[C@@H](CC)[C@](CC)(CCC)C(=O)[O-])[nH]c2nc(C)ccc12,2.7730396620041278,3.89439912907536,False
cAbl,molgen_ns1.0,15,True,True,native Maestro bonds,,26.0,0.896551724137931,3.581343181713685,0.7435033671375094,1.0,352.3940000000001,0.8247166450966671,0.15384615384615385,Cc1nc(Cc2coc(Cc3ccccc3[C@@H](C)O)n2)cnc1NC=O,2.0504080503779267,3.473067383827481,False
cAbl,molgen_ns1.0,16,True,True,native Maestro bonds,,24.0,0.8275862068965517,4.048482410714058,0.8404836262361652,1.0,321.38800000000003,0.7521525143286423,0.11627906976744186,CCc1cncc(Nc2nncc(C)c2Cc2cnc(C)cn2)n1,2.2477630961939057,3.7189972580509103,False
cAbl,molgen_ns1.0,17,True,True,native Maestro bonds,,27.0,0.9310344827586207,4.361381099765725,0.9054428376489926,1.0,367.5010000000001,0.8600719416041993,0.1,CC[C@@H]([C@H](C)CC)[C@H](C)Cc1cnc(-c2c(N)cnc3nc(C)nn23)cn1,2.618777850193236,3.789859267354234,False
cAbl,molgen_ns1.0,18,True,True,native Maestro bonds,,36.0,1.2413793103448276,4.281719551163389,0.8889047326386584,1.0,488.58400000000034,1.1434455675406225,0.11458333333333333,CCCO[C@@H](CC)[C@@H](C)Cc1c(-c2cc(CC)c3c(c2)C(=O)c2ccccc2C3=O)[nH]c(=O)[nH]c1=O,2.3130100005330694,3.831284838471799,False
cAbl,molgen_ns1.0,19,True,True,native Maestro bonds,,25.0,0.8620689655172413,4.312827330649814,0.8953628511765362,1.0,336.439,0.7873767526112179,0.12643678160919541,C=C(c1ccc(-n2ncc3c(C)nc(C)nc32)cc1C)[C@H](C)[C@H](C)O,2.779913279007961,4.02184114947356,False
cAbl,molgen_ns1.0,20,True,True,native Maestro bonds,,26.0,0.896551724137931,4.073444501827349,0.845665871514498,1.0,346.47400000000005,0.8108619184583806,0.14285714285714285,CC[C@@H](O)c1cccc(C)c1Cc1cc(-c2cccc(C)c2)c(C)nn1,2.7756464691669755,3.776953667796348,False
cAbl,molgen_ns1.0,21,True,True,native Maestro bonds,,25.0,0.8620689655172413,4.358943898514868,0.9049368634252274,1.0,334.463,0.7827522695306006,0.11494252873563218,CCc1ccc(-c2cc(Cc3ccccc3[C@H](C)CC)nnc2C)o1,2.1838656851250717,3.627237350372139,False
cAbl,molgen_ns1.0,22,True,True,native Maestro bonds,,29.0,1.0,4.5197752732639875,0.9383261988225982,1.0,410.47000000000014,0.9606333856786125,0.12371134020618557,CC[C@H](O)Oc1nccnc1Cc1cccc2sc(-c3cc(O)ccc3F)cc12,2.2389130528785888,3.767306606841836,False
cAbl,molgen_ns1.0,23,True,True,native Maestro bonds,,24.0,0.8275862068965517,4.13391933954967,0.8582207268277844,1.0,316.44800000000004,0.7405913066270994,0.16666666666666666,CCc1c(CCc2cnccn2)cccc1-c1c(C)cccc1C,1.7430556695488897,3.468070374927476,False
cAbl,molgen_ns1.0,24,True,True,native Maestro bonds,,28.0,0.9655172413793104,5.011280776576351,1.0403650088828214,1.0,377.40400000000017,0.8832481844925356,0.14285714285714285,Cc1onc(-c2ccc(NC(=O)c3nc(CO)nc4[nH]cc(C)c34)cc2)c1C,3.5751308118508938,3.02921619348386,True
cAbl,molgen_ns1.0,25,True,True,native Maestro bonds,,34.0,1.1724137931034482,4.965612735514153,1.0308841128676924,1.0,451.6580000000003,1.0570267101343116,0.12121212121212122,CCCc1cccc(-c2ccc(-c3nc(C)nc4[nH]cc([C@@H]5CCC[C@@H](CC)C5)c34)cc2)c1C,2.763054012194623,4.20884112873905,False
cAbl,molgen_ns1.0,26,True,True,native Maestro bonds,,27.0,0.9310344827586207,4.237405976232088,0.8797050300411661,1.0,374.5090000000001,0.87647294232736,0.1348314606741573,CCOc1cccc(-c2ncnc3sc(-c4ccccc4CC)c(C)c23)c1,1.8770538613374528,3.551249292965392,False
cAbl,molgen_ns1.0,27,True,True,native Maestro bonds,,34.0,1.1724137931034482,4.7314736018112455,0.9822757485043891,1.0,453.59400000000016,1.0615575801971022,0.11650485436893204,CCCc1c(C)cc2nn[nH]c2c1C[C@H](C)n1ncc2c(Cc3ccccc3C)nc(C)nc21,3.2055256694324044,4.502898091924435,False
cAbl,molgen_ns1.0,28,True,True,native Maestro bonds,,24.0,0.8275862068965517,4.191165441164109,0.870105281629222,1.0,327.38000000000005,0.7661757443990159,0.1686746987951807,Cc1cc(CO)ccc1Cc1ccc2oc(CCCO)nc2c1O,2.474529531541004,3.884786032282664,False
cAbl,molgen_ns1.0,29,True,True,native Maestro bonds,,28.0,0.9655172413793104,4.338549036232727,0.9007027959232624,1.0,372.4720000000001,0.8717056993945577,0.21686746987951808,CCc1c[nH]c2nc(C)nc(Cc3cccc(-c4c[nH]c(=O)c(C)c4C)c3)c12,2.7609109697385703,3.378372555260952,False
HIF2alpha,apo2mol,0,True,True,Apo2Mol official reconstruction,,20.0,1.0,3.7090287031553197,1.0835946084057315,1.0,279.51199999999994,0.9246882826017194,0.02631578947368421,CCC=C(CC=CCC(C)C)CC[C@H](C)NCCCC,1.0544733026206996,2.113252894598546,False
HIF2alpha,apo2mol,1,True,True,Apo2Mol official reconstruction,,20.0,1.0,3.58149016948453,1.0463341613964992,1.0,284.528,0.9412823337534779,0.03225806451612903,CC(C)[C@H](C)CC[C@@H](O)[C@@H](C[C@H](C)C(C)C)C(C)(C)C,1.0748367905243958,2.27911423292176,False
HIF2alpha,apo2mol,2,True,True,Apo2Mol official reconstruction,,20.0,1.0,3.703498622378146,1.0819789925144079,1.0,281.4839999999999,0.931212100159787,0.06756756756756757,CCC[C@@H](C)C(=O)NC[C@@H]1C[C@@H](CC)CC[C@H]1C(C)C,0.8915599355071319,2.051759568442186,False
HIF2alpha,apo2mol,3,True,True,Apo2Mol official reconstruction,,20.0,1.0,4.061287218467805,1.1865071115181758,1.0,283.54400000000004,0.9380270414222718,0.014705882352941176,CC[C@H](C)C[C@@H](CCCC[C@@H](C)[C@@H](C)[C@H](C)N)C(C)C,0.9111712921110768,1.9401057778848876,False
HIF2alpha,apo2mol,4,True,True,Apo2Mol official reconstruction,,20.0,1.0,3.687238851792094,1.0772286923277385,1.0,281.4839999999999,0.931212100159787,0.05194805194805195,CCCC[C@H](C)NCC1=C(O)[C@H](C)[C@@H](CC(C)C)CC1,1.083225318218812,2.2991988809395107,False
HIF2alpha,apo2mol,5,True,True,Apo2Mol official reconstruction,,20.0,1.0,3.3328295095698897,0.973687824047615,1.0,278.48,0.9212741955226499,0.029411764705882353,CC[C@@H]1CCC[C@@H](C[C@H]2CCC[C@H](C(C)=O)[C@@H]2C)[C@@H]1C,1.2778256045710996,2.290293889258613,False
HIF2alpha,apo2mol,6,True,True,Apo2Mol official reconstruction,,20.0,1.0,3.402397165802578,0.9940120499423984,1.0,268.44399999999996,0.888072860323478,0.037037037037037035,CCC[C@H]1C[C@H](C)[C@H]2C[C@H]3C[C@@]12CC3=C1C=CC=C1C,1.066895325808565,2.096787863151222,False
HIF2alpha,apo2mol,7,True,True,Apo2Mol official reconstruction,,20.0,1.0,3.806444145843703,1.1120545791745717,2.0,280.456,0.9278112459763728,0.039473684210526314,CC(C)C.C[C@@H]1CC[C@@H](C(=O)N[C@H]2C=CCN[C@@H]2C)C1,1.3791687751208397,2.011199693268643,False
HIF2alpha,apo2mol,8,True,True,Apo2Mol official reconstruction,,20.0,1.0,3.6285505518849748,1.060082875876722,1.0,279.51199999999994,0.9246882826017194,0.041666666666666664,CN[C@@H]1C[C@@H](C)C[C@H]1CCC[C@H]1CCC[C@H](C)[C@@H](C)C1,1.5306454111544068,2.526590399115284,False
HIF2alpha,apo2mol,9,True,True,Apo2Mol official reconstruction,,20.0,1.0,3.297356778991468,0.9633244478980837,1.0,276.50800000000004,0.9147503779645824,0.0136986301369863,CC(C)[C@]1(C)C[C@@H]2CC[C@H](C)[C@@H](CC3CCCC3)[C@@H]2C1,1.33311448685398,2.4837636775302685,False
HIF2alpha,apo2mol,10,True,True,Apo2Mol official reconstruction,,20.0,1.0,3.347997054058885,0.9781190298285375,1.0,274.44800000000004,0.9079354367020979,0.039473684210526314,CC[C@H](C)[C@@H]1CC(O)=CC=C2CCC(=CC(C)C)C[C@@H]21,1.7766992091955394,2.39952110969832,False
HIF2alpha,apo2mol,11,True,True,Apo2Mol official reconstruction,,20.0,1.0,3.443840983053141,1.006119882078143,1.0,273.46399999999994,0.9046801443708914,0.0375,CCC[C@@H]1CC2=C(CC(C)(C)C2)N1C1=CCC(C)CC1,0.4608471848393397,1.7612703950626267,False
HIF2alpha,apo2mol,12,True,True,Apo2Mol official reconstruction,,20.0,1.0,3.9209967656732254,1.1455211848981737,1.0,284.52799999999996,0.9412823337534777,0.03125,CCCC[C@H](CCC[C@@H](O)[C@@H](C)[C@H](C)C(C)C)C(C)C,0.3709991111319154,1.864804927793124,False
HIF2alpha,apo2mol,13,True,True,Apo2Mol official reconstruction,,20.0,1.0,3.8288223969890183,1.1185923965459994,1.0,277.4959999999999,0.9180189031914434,0.04225352112676056,C[C@H]1CNCCC2=C(C[C@H](CCC(C)(C)C)C2)C[C@@H]1C,2.789536721654684,3.082741207968322,False
HIF2alpha,apo2mol,14,True,True,Apo2Mol official reconstruction,,20.0,1.0,3.7987765989263447,1.1098145014711343,1.0,281.484,0.9312121001597872,0.025974025974025976,CC[C@@H](C)CCCCN(C(C)=O)[C@H]1CCCC[C@@H]1CC,0.7100355787421967,2.183946272059135,False
HIF2alpha,apo2mol,15,True,True,Apo2Mol official reconstruction,,20.0,1.0,3.8322065807949137,1.1195810875536487,1.0,277.4959999999999,0.9180189031914434,0.0547945205479452,CC[C@@H](C)CCC1=N[C@H](CC[C@@H](C)CC)CC=C[C@@H]1C,1.7786699389289866,2.1672188470931464,False
HIF2alpha,apo2mol,16,True,True,Apo2Mol official reconstruction,,20.0,1.0,3.24735380240307,0.9487160530400629,1.0,278.48,0.9212741955226499,0.0410958904109589,CC(=O)[C@@H](C)[C@@H](C)[C@@H](C)C1=C[C@@H](C(C)C)CC[C@@H](C)C1,1.081385273149309,1.8778416328683525,False
HIF2alpha,apo2mol,17,True,True,Apo2Mol official reconstruction,,20.0,1.0,3.686434372479491,1.0769936632903605,1.0,278.524,0.9214197573748582,0.02666666666666667,CC[C@](C)(CC[C@@H]1C[C@@H]2CCCC[C@@H]2[C@@H](C)C1)C(C)C,0.6917978292600193,2.070827332148309,False
HIF2alpha,apo2mol,18,True,True,Apo2Mol official reconstruction,,20.0,1.0,3.4356451062549147,1.0037254525332433,1.0,276.4639999999999,0.9146048161123734,0.03896103896103896,CCCC[C@H](C)[C@H]1C[C@H]2CC[C@H]3CCCC(=O)[C@@H]3[C@@H]2C1,1.3873170138219078,2.470915240537868,False
HIF2alpha,apo2mol,19,True,True,Apo2Mol official reconstruction,,20.0,1.0,3.4031012062176726,0.9942177357051556,1.0,270.4599999999999,0.8947422397337539,0.02631578947368421,CC1=CC2=C([C@H]3CCC(C)(C)C3)C(C)=C(C)[C@H]2CCC1,0.7608927973628796,2.1008572125669733,False
HIF2alpha,apo2mol,20,True,True,Apo2Mol official reconstruction,,20.0,1.0,3.6448563441119712,1.0648466213090306,1.0,278.48,0.9212741955226499,0.04054054054054054,CC(C)[C@H]1CC[C@@H](CC[C@H]2C(=O)CCCC[C@H]2C)[C@@H]1C,1.686533741544313,2.358821576623946,False
HIF2alpha,apo2mol,21,True,True,Apo2Mol official reconstruction,,20.0,1.0,3.329970946019885,0.9728526932631228,1.0,283.50000000000006,0.9378814795700634,0.02666666666666667,CCC[C@@H](O)CCN1[C@@H](C)[C@H](C)CC(C)(C)[C@H]1C(C)C,1.3540507242501791,2.087122205708736,False
HIF2alpha,apo2mol,22,True,True,Apo2Mol official reconstruction,,20.0,1.0,3.9059302101609243,1.1411194830977842,1.0,279.51199999999994,0.9246882826017194,0.0136986301369863,C=C(C[C@@H](C)C[C@@H]1CC[C@@H](C)[C@@H](C)CC1)N(C)CCC,1.783757803511575,2.4803063260196336,False
HIF2alpha,apo2mol,23,True,True,Apo2Mol official reconstruction,,20.0,1.0,3.743923692220704,1.0937891970805131,1.0,281.484,0.9312121001597872,0.0410958904109589,CC(C)[C@H](C)CC[C@H](C)C[C@@H](C)C1NC(=O)CC[C@@H]1C,1.5158171865083163,2.2450609982290715,False
HIF2alpha,apo2mol,24,True,True,Apo2Mol official reconstruction,,20.0,1.0,3.466708559213658,1.0128006559998342,1.0,276.424,0.9144724871558206,0.05063291139240506,CCCN(C)[C@H](C)C1=CCC(C(=O)C2CCCC2)=NC1,0.743812130310658,2.085449644292293,False
HIF2alpha,apo2mol,25,True,True,Apo2Mol official reconstruction,,20.0,1.0,3.7528343887957227,1.0963924615841325,1.0,279.51199999999994,0.9246882826017194,0.0410958904109589,CCCCC[C@H](C)C(C)(C)C(C)=CCCCN=C(C)C,1.507769525296566,2.2095772700544574,False
HIF2alpha,apo2mol,26,True,True,Apo2Mol official reconstruction,,20.0,1.0,3.350521966600193,0.9788566843023705,1.0,278.44,0.9211418665660966,0.03896103896103896,CC1CC(C(=O)C(C)(C)C(C)C)=C2CC[C@@H](C)CNN21,0.8735018044360726,2.062980210628937,False
HIF2alpha,apo2mol,27,True,True,Apo2Mol official reconstruction,,20.0,1.0,3.299329699317939,0.9639008375676377,1.0,280.5,0.9279568078285811,0.027777777777777776,CC(C)N(CC1CCCC1)NC[C@H](C)C1(C)CCCC1,0.7312207852837519,2.006338816439908,False
HIF2alpha,apo2mol,28,True,True,Apo2Mol official reconstruction,,20.0,1.0,3.476767776619712,1.0157394614441564,1.0,289.372,0.9573073703920577,0.03896103896103896,C[C@@H]1C[C@@H](O)C(=O)N(CC[C@@H]([C@@H](C)O)[C@@H](O)CO)[C@@H]1C,1.075880358490915,1.780271503063571,False
HIF2alpha,apo2mol,29,True,True,Apo2Mol official reconstruction,,20.0,1.0,4.0095653019837165,1.1713965275016942,1.0,278.484,0.921287428418305,0.02631578947368421,CC[C@@H]1C[C@H](CCN2CCCCCN3CC[C@@H]23)C[C@@H]1C,0.8647250629981151,1.8483581285157933,False
HIF2alpha,molgen_ns1.0,0,True,True,native Maestro bonds,,18.0,0.9,3.4857562962419104,1.0183654619903042,1.0,263.34200000000004,0.871194301915131,0.07792207792207792,CC[C@H](CO)c1ccc2sc([N-]C=O)nc2c1C,1.9598260155267675,1.7221085842474002,True
HIF2alpha,molgen_ns1.0,1,True,True,native Maestro bonds,,27.0,1.35,3.562924776495143,1.0409102724605308,1.0,355.41300000000007,1.1757857858851322,0.0641025641025641,Cc1cccc2oc(C(=O)[O-])c(-c3ccccc3[C@H](C)c3ccccc3)c12,2.732383521132517,2.731968419505772,False
HIF2alpha,molgen_ns1.0,2,True,True,native Maestro bonds,,22.0,1.1,3.8595453276731493,1.1275681162581241,1.0,344.32900000000024,1.1391174320242698,0.08641975308641975,CCc1csc2nc([C@@H](C)O)nc(CCCOP(=O)([O-])[O-])c12,2.5011994769265846,2.261004088876364,False
HIF2alpha,molgen_ns1.0,3,True,True,native Maestro bonds,,23.0,1.15,2.9401065281678864,0.8589536067356239,1.0,336.7710000000001,1.114113875683562,0.09090909090909091,C[C@]1(C(=O)[O-])CCCC[C@@]1(C(=O)[O-])c1c(Cl)ccc2c1CCO2,0.9527696318752392,1.989339230993152,False
HIF2alpha,molgen_ns1.0,4,True,True,native Maestro bonds,,17.0,0.85,2.778586760845026,0.8117655251569867,1.0,234.231,0.7748885955597019,0.10294117647058823,C[C@@](O)(CO)c1[nH]c2ccccc2c1C(=O)[O-],1.6199414346519454,1.1280516455305274,True
HIF2alpha,molgen_ns1.0,5,True,True,native Maestro bonds,,32.0,1.6,4.3167867957816,1.261151442038359,1.0,430.4160000000003,1.423912504093928,0.07777777777777778,Cc1cc2c(c(NC=O)c1C1=C(C(=O)[O-])CCCC1)C(=O)c1cc([N-]C=O)ccc1C2=O,2.1718305770758564,2.01443743488102,False
HIF2alpha,molgen_ns1.0,6,True,True,native Maestro bonds,,23.0,1.15,3.487585489734146,1.018899861792665,1.0,315.281,1.0430201437754114,0.10126582278481013,CN1C[C@@H](c2cc3cccc(C(=O)[O-])c3o2)[C@](C)(C(=O)[O-])C1=O,2.5444712356571,2.334258826952642,False
HIF2alpha,molgen_ns1.0,7,True,True,native Maestro bonds,,22.0,1.1,3.130561217937799,0.9145950405171143,1.0,334.2850000000002,1.1058896310337876,0.07407407407407407,CC[C@H]([C@]1(C)CCCNC1=O)[C@](CC)(OP(=O)([O-])[O-])C(=O)[O-],1.079071710402825,2.026380443606239,False
HIF2alpha,molgen_ns1.0,8,True,True,native Maestro bonds,,21.0,1.05,3.6440916843682234,1.0646232255787993,1.0,318.222,1.0527496303059776,0.07407407407407407,C[C@@H](O[P@@H](=O)[O-])C(=O)N[C@@H]1CC[C@@H](NC=O)C=C1C(=O)[O-],2.47609334273089,2.2378213738079067,False
HIF2alpha,molgen_ns1.0,9,True,True,native Maestro bonds,,23.0,1.15,3.523948977098662,1.0295234729870186,1.0,324.3810000000001,1.073124981391241,0.14666666666666667,CCc1cccc(-c2ccc(NC=O)c3ccsc23)c1C(=O)[O-],2.09351895450887,2.0566642222912903,False
HIF2alpha,molgen_ns1.0,10,True,True,native Maestro bonds,,28.0,1.4,3.5975413957851483,1.0510235352648798,1.0,405.41500000000013,1.341203598024329,0.07446808510638298,CN1C(=O)CC[C@H](c2cc3cncnc3[nH]2)[C@@H]1CC1(O[P@@H](=O)[O-])CCCCC1,2.8191362618657827,2.8369337654998046,False
HIF2alpha,molgen_ns1.0,11,True,True,native Maestro bonds,,27.0,1.35,3.485531816902441,1.018299880237933,1.0,355.4410000000001,1.1758784161547193,0.06172839506172839,CCc1ccc2nc[nH]c(=O)c2c1-c1ccccc1-c1ccc(C)c(C)n1,2.230415921124712,1.9132561124665808,False
HIF2alpha,molgen_ns1.0,12,True,True,native Maestro bonds,,19.0,0.95,3.262296765833183,0.9530816473512365,1.0,320.0830000000001,1.0589062350096108,0.056338028169014086,C[C@@H](O)[C@@](CCOP(=O)([O-])[O-])(O[P@](=O)([O-])O)C(=O)[O-],2.364895792971216,2.546800858056182,False
HIF2alpha,molgen_ns1.0,13,True,True,native Maestro bonds,,25.0,1.25,3.338844226375349,0.975445026599307,1.0,359.4310000000001,1.1890782295708906,0.06666666666666667,Cc1cc2cn[nH]c2c(C)c1[C@@H]1SC[C@H]2NC(=O)N([C@H](C)C(=O)[O-])[C@@H]21,1.024897943238578,1.4106445406396628,False
HIF2alpha,molgen_ns1.0,14,True,True,native Maestro bonds,,24.0,1.2,3.4644649704175103,1.0121451904001968,1.0,337.46800000000013,1.1164197077515,0.08536585365853659,CCC[C@](C)([N-]C=O)c1ccccc1-c1ccc2scnc2c1C,0.7523157739769019,1.6001069523245075,False
HIF2alpha,molgen_ns1.0,15,True,True,native Maestro bonds,,26.0,1.3,4.024971217141381,1.1758973733938276,1.0,349.40600000000006,1.155913284834771,0.1111111111111111,CC[C@@](C)(C(=O)[O-])[C@H](C)c1ccc2c(c1)C(=O)c1cc(C)ccc1C2=O,2.1270849434014885,2.321185277875232,False
HIF2alpha,molgen_ns1.0,16,True,True,native Maestro bonds,,22.0,1.1,3.359314977764769,0.9814255669539068,1.0,302.3699999999999,1.0003076648239857,0.08450704225352113,O=C([O-])Cc1ccccc1[C@@H](CC1CCCCCC1)C(=O)[O-],2.110094602311166,1.4817524368583326,True
HIF2alpha,molgen_ns1.0,17,True,True,native Maestro bonds,,18.0,0.9,3.208206591051174,0.9372791754772262,1.0,246.43799999999993,0.8152720848757925,0.09523809523809523,CCC(CC)[C@H](C)C[C@](C)(CC)c1ccccc1,2.184929393924312,2.5181792608324005,False
HIF2alpha,molgen_ns1.0,18,True,True,native Maestro bonds,,22.0,1.1,3.6627108082506377,1.0700628120222957,1.0,317.37000000000006,1.049931023531397,0.1,CC[C@H](C)NC(=O)c1csc2c(C([NH-])=O)ccc([N-]C=O)c12,2.5783246203889534,2.387201743500328,False
HIF2alpha,molgen_ns1.0,19,True,True,native Maestro bonds,,14.0,0.7,2.9427255873854534,0.8597187662084629,1.0,223.338,0.7388521124663802,0.0625,CCCC[C@](C)(O)[C@@H](CC)N[SH](=O)=O,1.8390833243191544,2.7457075237806308,False
HIF2alpha,molgen_ns1.0,20,True,True,native Maestro bonds,,19.0,0.95,3.097293769167009,0.9048759385611829,1.0,294.24,0.9734118044045694,0.0410958904109589,C[C@@H](C1(C(=O)[O-])CCCCC1)[C@](C)(O)O[P@@](=O)([O-])O,1.4284282945649591,1.539034271411668,False
HIF2alpha,molgen_ns1.0,21,True,True,native Maestro bonds,,26.0,1.3,3.869522770943734,1.1304830313474794,1.0,344.36600000000004,1.139239836309081,0.06944444444444445,Cc1ccc2c(c1)C(=O)c1c(cc(-c3ccccc3O)c(O)c1C)C2=O,2.4819016530534985,1.9300632016688604,False
HIF2alpha,molgen_ns1.0,22,True,True,native Maestro bonds,,27.0,1.35,4.443761507714895,1.298247168242295,1.0,366.35700000000014,1.2119909883980593,0.08888888888888889,O=C([O-])[C@@H]1CCCN1c1ccc(Cc2cc3c(=O)[nH]cnc3cc2O)nn1,2.30737387207183,2.164940244042373,False
HIF2alpha,molgen_ns1.0,23,True,True,native Maestro bonds,,17.0,0.85,3.276897433385326,0.9573472397488275,1.0,225.267,0.7452336763961532,0.1,C#C[C@](C#Cc1ccccc1C)(CC)C(=O)[O-],1.0442743023872625,1.4665803508212698,False
HIF2alpha,molgen_ns1.0,24,True,True,native Maestro bonds,,16.0,0.8,3.0010680546682043,0.8767635474836509,1.0,227.34799999999998,0.752118090360828,0.04225352112676056,CCC[C@H](C)[C@H](C)[C@@H]1OC(=O)N[C@]1(C)CC,2.8523843588286715,2.464241492973997,False
HIF2alpha,molgen_ns1.0,25,True,True,native Maestro bonds,,25.0,1.25,4.377434344453381,1.2788696540052438,1.0,337.355,1.116045878449237,0.1111111111111111,C[C@](O)(Cc1ccc2c(=O)[nH]cnc2c1)Cc1ccccc1C(=O)[O-],1.9301938359195965,1.726774360926364,True
HIF2alpha,molgen_ns1.0,26,True,True,native Maestro bonds,,17.0,0.85,3.0021674765231574,0.8770847441337003,1.0,236.35899999999995,0.7819284960483264,0.05714285714285714,CC[C@@H](CCCc1cc(C)nnc1O)C(C)C,2.2073173585062307,2.199894983501684,False
HIF2alpha,molgen_ns1.0,27,True,True,native Maestro bonds,,27.0,1.35,3.8084254165777116,1.112633408419904,1.0,409.7860000000003,1.3556638447516691,0.08333333333333333,CCO[P@@](=O)([O-])O[C@H](CC)n1c(=O)n(-c2ccccc2)c2cc(Cl)ccc21,2.7132623666641424,2.2926250881141925,False
HIF2alpha,molgen_ns1.0,28,True,True,native Maestro bonds,,23.0,1.15,3.2094449372583114,0.9376409589469126,1.0,312.32499999999993,1.0332410338861373,0.07792207792207792,Cc1cc2c(c(-c3cc4[nH]c(=O)[nH]c4cc3CO)c1C)OCO2,2.9680755027473986,2.5558400018847767,False
HIF2alpha,molgen_ns1.0,29,True,True,native Maestro bonds,,22.0,1.1,3.4351945254506258,1.0035938151237611,1.0,302.33000000000004,1.000175335867433,0.06666666666666667,COc1ccc2c(c1)C(=O)N([C@H]1CC[C@H](C)C(=O)N1C)C2=O,2.9296045271815285,2.59042371850672,False
HIV_RT,apo2mol,0,True,True,Apo2Mol official reconstruction,,21.0,1.0,3.4654904318565767,1.1191179065252936,1.0,276.339,0.8753825100260388,0.0875,O=C=NC1CC2=C(C1)N1CC=CC=C1Cc1ccccc12,2.055791649058469,3.2070680771018107,False
HIV_RT,apo2mol,1,True,True,Apo2Mol official reconstruction,,21.0,1.0,4.075936424786407,1.3162504784044187,1.0,279.383,0.8850252472456107,0.13043478260869565,Oc1cc(C2CCCC2)cc(C2Cc3ccccc3N2)c1,2.404970576142443,3.635499564141665,False
HIV_RT,apo2mol,2,True,True,Apo2Mol official reconstruction,,21.0,1.0,3.2197920446152044,1.0397740242745792,1.0,278.355,0.8817687643738237,0.14084507042253522,C=CN[C@@H]1CNC(=O)c2ccccc2Cc2ccccc21,1.8819222311156727,3.0441216542204046,False
HIV_RT,apo2mol,3,True,True,Apo2Mol official reconstruction,,21.0,1.0,3.4260142161818568,1.1063697715319543,1.0,278.355,0.8817687643738237,0.13432835820895522,O=C1C/C=C\Nc2ccccc2N[C@@H]1Cc1ccccc1,1.7291064786618884,3.2105660066556383,False
HIV_RT,apo2mol,4,True,True,Apo2Mol official reconstruction,,21.0,1.0,3.9982799881493674,1.2911727266384443,1.0,282.343,0.894401890534025,0.05263157894736842,OC1=CCC=C(NCNc2cccc3cccc(O)c23)C1,2.218479117065496,3.568919239927092,False
HIV_RT,apo2mol,5,True,True,Apo2Mol official reconstruction,,21.0,1.0,3.6976163263395856,1.1940787959555859,1.0,289.419,0.9168171364491662,0.1038961038961039,CC(C)CC[C@H]1C[C@@H](c2ccccc2)O[C@H]1CCC(N)=O,1.950099433481652,3.083714829066478,False
HIV_RT,apo2mol,6,True,True,Apo2Mol official reconstruction,,21.0,1.0,3.5292300621456154,1.1397014755797752,1.0,282.339,0.8943892193944459,0.1125,O=C1CC=C(O)CC1=C=CC1C=CC=CC2=C1[C@@H](O)CC2,1.8224200906717627,3.1384125881485336,False
HIV_RT,apo2mol,7,True,True,Apo2Mol official reconstruction,,21.0,1.0,3.43560917657461,1.1094682916978802,1.0,281.359,0.8912847901976061,0.10126582278481013,CC(=O)[C@@H](C#CN)C1C=CCC=C1Nc1ccc(N)cc1,1.7837127542975866,3.175071876911157,False
HIV_RT,apo2mol,8,True,False,Apo2Mol official reconstruction,no sanitizable molecular graph,21.0,1.0,3.5958473651298233,1.16121433735793,,,,,,2.044960460534048,3.465984114674894,False
HIV_RT,apo2mol,9,True,True,Apo2Mol official reconstruction,,21.0,1.0,3.2229137775336127,1.0407821318648545,1.0,285.431,0.904184010288965,0.10126582278481013,CC(C)C1=C2CCCC2C=C2C(=O)N3CC[C@@H](C)C3C[C@H]21,1.7067283968212903,3.051176216319576,False
HIV_RT,apo2mol,10,True,True,Apo2Mol official reconstruction,,21.0,1.0,3.2801150996021473,1.0592542716853421,1.0,281.35499999999996,0.8912721190580271,0.07317073170731707,COC1=CC=C[C@H](N2C(C=O)=C(C)Cc3ccccc32)C1,1.9343996835623372,3.3702695291847853,False
HIV_RT,apo2mol,11,True,True,Apo2Mol official reconstruction,,21.0,1.0,4.045369376176283,1.3063793989361967,3.0,279.38300000000004,0.8850252472456108,0.08,C#C.C#C.CC1=CCC=CC1CC(=O)Nc1ccccc1,1.7320232789393952,3.090668534097912,False
HIV_RT,apo2mol,12,True,True,Apo2Mol official reconstruction,,21.0,1.0,3.8451073456612606,1.2417083722075468,1.0,281.4429999999999,0.8915508841287636,0.08108108108108109,CC[C@H]1CC[C@@H](C=CCC=CCC=Nc2ccccc2)C1,2.4617798667625763,3.240184826045532,False
HIV_RT,apo2mol,13,True,True,Apo2Mol official reconstruction,,21.0,1.0,3.9367562565544034,1.2713047422771966,1.0,282.3430000000001,0.8944018905340251,0.1,O=C(NN1C[C@H](O)C[C@H]1c1ccccc1)c1ccccc1,1.887336247922799,3.089495208964784,False
HIV_RT,apo2mol,14,True,True,Apo2Mol official reconstruction,,21.0,1.0,4.064452518371882,1.3125419570398187,1.0,279.38300000000004,0.8850252472456108,0.0821917808219178,CNCCC=C=C(O)c1cccc(Cc2ccccc2)c1,1.5428967587477662,3.171353552975218,False
HIV_RT,apo2mol,15,True,True,Apo2Mol official reconstruction,,21.0,1.0,4.253532126601323,1.37360182128968,1.0,283.459,0.8979371384765485,0.07142857142857142,C=CCNCC=CC1=C2CC(CC)CCC(=C)C2C=CC1,2.837758478134379,3.622301314761125,False
HIV_RT,apo2mol,16,True,True,Apo2Mol official reconstruction,,21.0,1.0,3.2594034995991135,1.0525658323743825,1.0,281.443,0.8915508841287637,0.07228915662650602,C=CN1CCC2=CCC(CC)=C([C@H]3C=C4CCCC4C3)[C@H]21,1.9412167290187263,3.241343888863728,False
HIV_RT,apo2mol,17,True,True,Apo2Mol official reconstruction,,21.0,1.0,3.8563217125438314,1.2453298506203168,1.0,271.38300000000004,0.8596829680877348,0.0641025641025641,[C](=C1CCC1)C(=C=Cc1ccccc1)C1=CCC=CC=C1,1.8020391287362905,2.685039530263804,False
HIV_RT,apo2mol,18,True,True,Apo2Mol official reconstruction,,21.0,1.0,4.27756396083131,1.3813624706240997,1.0,303.47500000000014,0.9613435209295549,0.07142857142857142,C[C@@H]1C[C@H](c2ccc(C(=N)C3CCCS3)cn2)CN(C)C1,2.640261659584457,3.590090143735872,False
HIV_RT,apo2mol,19,True,True,Apo2Mol official reconstruction,,21.0,1.0,3.5057694761076847,1.132125300591302,1.0,285.362,0.9039654331312285,0.13333333333333333,O=C[C@@H]1CC[C@@H](C2=CCC(F)=CC2Nc2ccccc2)C1,1.7208162744291458,3.033285633689636,False
HIV_RT,apo2mol,20,True,True,Apo2Mol official reconstruction,,21.0,1.0,3.885417088267863,1.2547256797562238,1.0,284.31500000000005,0.9006487623464415,0.07692307692307693,CC(=NC(=O)[C@@H]1C=CCC=C1Oc1ccccc1)C(N)=O,1.6613930714911798,3.055839158082832,False
HIV_RT,apo2mol,21,True,True,Apo2Mol official reconstruction,,21.0,1.0,3.8138360556864765,1.231609870636392,1.0,281.31100000000004,0.891132736522659,0.1038961038961039,O=C(O)c1ccccc1N[C@H]1C=CC2=CC=C(O)CC2=C1,1.7832052793516588,3.420985397231487,False
HIV_RT,apo2mol,22,True,True,Apo2Mol official reconstruction,,21.0,1.0,3.4063863484056434,1.1000313040834946,1.0,279.387,0.8850379183851896,0.07894736842105263,C=C1C(C2CCCC2)=CN2CC(N)=Cc3cc(N)cc1c32,1.8995015920056544,3.37326542851246,False
HIV_RT,apo2mol,23,True,True,Apo2Mol official reconstruction,,21.0,1.0,4.625559870841333,1.4937415009367419,1.0,280.37100000000004,0.8881550187216085,0.06097560975609756,N=C1CCCN1COC1C=CC(=C=C2C=CC=CC2)C=C1,1.832678951800768,3.1844666548029625,False
HIV_RT,apo2mol,24,True,True,Apo2Mol official reconstruction,,21.0,1.0,3.6125804242553596,1.1666179783335888,1.0,281.355,0.8912721190580273,0.08860759493670886,CC1=C[C@@H](C=O)C(=NC(=O)[C@@H](C)c2ccccc2)CC=C1,1.904103086275532,2.947190778737449,False
HIV_RT,apo2mol,25,True,True,Apo2Mol official reconstruction,,21.0,1.0,3.336417980737293,1.077436276139341,1.0,290.407,0.9199469079251639,0.07792207792207792,CC1=CC(N(C(=O)O)[C@H]2CCCCC[C@@H]2C)=NC(C)=CC1,1.8754816945845325,3.1200227564574,False
HIV_RT,apo2mol,26,True,True,Apo2Mol official reconstruction,,21.0,1.0,3.6672205412042693,1.1842630229512425,1.0,272.3910000000001,0.8628760952616273,0.05084745762711865,c1ccc(CCC(c2ccccc2)c2ccccc2)cc1,1.744541806932356,3.106602709356783,False
HIV_RT,apo2mol,27,True,True,Apo2Mol official reconstruction,,21.0,1.0,3.706003922788013,1.1967874196158492,1.0,281.40299999999996,0.8914241727329744,0.08974358974358974,Cc1ccc(C2C=CC=CC2)c2[nH]c(=NCC(C)C)[nH]c12,1.9200330411272508,3.130958389810276,False
HIV_RT,apo2mol,28,True,True,Apo2Mol official reconstruction,,21.0,1.0,3.620124836600806,1.1690543108285183,1.0,282.34299999999996,0.8944018905340247,0.10126582278481013,CCN=C1C=C2C(=CC1)OC(=O)CN2Cc1ccccc1,2.108127006372752,3.2277771890239704,False
HIV_RT,apo2mol,29,True,True,Apo2Mol official reconstruction,,21.0,1.0,3.5442992211758986,1.144567789897669,1.0,278.351,0.8817560932342448,0.1,C=C1c2cccc3c2C(=C[C@H]1C1=CCC(OC)=CC1)CO3,1.8565233729852189,2.8010475313856964,False
HIV_RT,molgen_ns1.0,0,True,True,native Maestro bonds,,25.0,1.1904761904761905,4.056593345949284,1.3100039784299955,1.0,328.3670000000001,1.0401960225292861,0.08333333333333333,Cc1cccc(O)c1Cc1ccc2c(c1)C(=O)c1ccccc1C2=O,2.7090456363771245,2.733338828568448,False
HIV_RT,molgen_ns1.0,1,True,True,native Maestro bonds,,26.0,1.2380952380952381,3.950506822589406,1.275745240664718,1.0,362.8120000000001,1.1493103732284162,0.1095890410958904,CCc1ccc2c(c1)C(=O)c1cc(Oc3ccccc3)c(Cl)cc1C2=O,4.200640545250398,3.883284063656056,False
HIV_RT,molgen_ns1.0,2,True,True,native Maestro bonds,,19.0,0.9047619047619048,3.0304503116554713,0.9786295115499407,1.0,272.70599999999996,0.8638739475034682,0.12121212121212122,Oc1cc(Cl)cc2cccc(-c3ccccc3F)c12,3.92916646716996,4.072789884454986,False
HIV_RT,molgen_ns1.0,3,True,True,native Maestro bonds,,18.0,0.8571428571428571,3.2228663762266563,1.0407668244639394,1.0,259.78,0.8229271599541301,0.12,C[C@@H]1CC=C[C@@H](c2cc3[nH]ccc3cc2CCl)C1,3.6220611807184553,3.978783451033444,False
HIV_RT,molgen_ns1.0,4,True,True,native Maestro bonds,,17.0,0.8095238095238095,3.00781605696325,0.9713201854314587,1.0,229.21899999999997,0.7261164857861488,0.08955223880597014,Cc1ccc(-c2nnc(C)cc2C(=O)[O-])nn1,4.800701423202936,4.607278114304941,False
HIV_RT,molgen_ns1.0,5,True,True,native Maestro bonds,,26.0,1.2380952380952381,3.8864644590069597,1.2550639093291924,1.0,342.362,1.0845291721310952,0.058823529411764705,Cc1ccccc1-n1ncc2c(O)cc(-n3ncc4cncnc43)cc21,2.743922211119242,3.312046240879793,False
HIV_RT,molgen_ns1.0,6,True,True,native Maestro bonds,,18.0,0.8571428571428571,2.7997114781904058,0.9041165485684867,1.0,237.34599999999998,0.7518610736256561,0.07352941176470588,Cc1ccccc1N1c2c(C)cccc2C[C@H]1C,3.771742253839356,4.045675092458038,False
HIV_RT,molgen_ns1.0,7,True,True,native Maestro bonds,,24.0,1.1428571428571428,4.497953692529403,1.4525333770246422,1.0,327.28700000000003,1.0367748148429727,0.08974358974358974,C[C@@H](CO)c1cc(F)c2c(c1)C(=O)c1cc(C(=O)[O-])ccc1C2=O,3.083995411290082,3.0286673808033395,True
HIV_RT,molgen_ns1.0,8,True,True,native Maestro bonds,,23.0,1.0952380952380953,3.3312769079482285,1.075776058998326,1.0,310.39300000000014,0.9832582568313283,0.1282051282051282,Cc1c2c(cc(O)c1-c1ccccc1[C@@H]1CCCCO1)OCC2,4.603441744970795,4.041016259118118,False
HIV_RT,molgen_ns1.0,9,True,True,native Maestro bonds,,22.0,1.0476190476190477,3.100916564381602,1.0013853225331792,1.0,299.2660000000001,0.9480103143076172,0.10588235294117647,N#Cc1cc2ocnc2c(N2CCC[C@@H]2C(N)=O)c1C(=O)[O-],3.307883025307915,3.471218575816165,False
HIV_RT,molgen_ns1.0,10,True,True,native Maestro bonds,,21.0,1.0,3.2193182078440157,1.0396210071978236,1.0,280.3469999999999,0.8880789918841345,0.06756756756756757,Cc1c(C(=O)[O-])c(N)c2c(c1-c1ccccc1)CCCC2,3.53155637309567,4.015324714596448,False
HIV_RT,molgen_ns1.0,11,True,True,native Maestro bonds,,24.0,1.1428571428571428,3.99003655628443,1.2885106583417125,1.0,323.36400000000003,1.024347594700929,0.034482758620689655,CC(C)[C@@H](C)n1ncc2c(-c3nc4ncccn4n3)nc(N)nc21,3.613303372343412,3.207218786613962,False
HIV_RT,molgen_ns1.0,12,True,True,native Maestro bonds,,19.0,0.9047619047619048,3.120852347350195,1.0078232256639064,1.0,250.34499999999997,0.79303910947231,0.06756756756756757,CCc1ccccc1-c1cnc2[nH]cc(C)c2c1C,3.3622281847737403,3.5829621231048456,False
HIV_RT,molgen_ns1.0,13,True,True,native Maestro bonds,,23.0,1.0952380952380953,3.9535900700937683,1.2767409200815942,1.0,303.4090000000001,0.9611344471265023,0.05128205128205128,CCc1c(-c2cncc(N3CCCC3)n2)ccc2ccccc12,3.091625492369112,2.767696293701184,True
HIV_RT,molgen_ns1.0,14,True,True,native Maestro bonds,,17.0,0.8095238095238095,2.8472010598889086,0.9194524562263583,1.0,244.765,0.7753628697596915,0.09230769230769231,CC[C@H](c1ccccc1)c1c(C)cccc1Cl,3.346044108233397,3.745311701121448,False
HIV_RT,molgen_ns1.0,15,True,True,native Maestro bonds,,19.0,0.9047619047619048,3.2561313644575027,1.0515091550868374,1.0,252.35699999999994,0.7994126926805157,0.07142857142857142,Cc1cc2c(c(-c3ccc(O)c(C)c3)c1)CCCC2,2.3424077745618788,2.7868477667975777,False
HIV_RT,molgen_ns1.0,16,True,True,native Maestro bonds,,14.0,0.6666666666666666,2.881159511837736,0.9304187285047243,1.0,187.20199999999997,0.5930156678640891,0.07042253521126761,Cc1nc(C#CCO)c2cc[nH]c2n1,3.1964888099197104,3.6922293620029913,False
HIV_RT,molgen_ns1.0,17,True,True,native Maestro bonds,,19.0,0.9047619047619048,3.423592615790022,1.105587759169133,1.0,250.345,0.7930391094723102,0.0945945945945946,CCc1cccc(C)c1Cc1ccc2[nH]ncc2c1,3.669114685581382,4.173975860966968,False
HIV_RT,molgen_ns1.0,18,True,True,native Maestro bonds,,20.0,0.9523809523809523,3.221609812655778,1.04036103982234,1.0,267.26800000000003,0.8466475332459023,0.05063291139240506,Cc1nc(-c2ccccc2C(=O)[O-])nc2c1cnn2C,3.222693920131448,3.9843673068571497,False
HIV_RT,molgen_ns1.0,19,True,True,native Maestro bonds,,20.0,0.9523809523809523,3.240330302608053,1.0464064858959838,1.0,268.252,0.8497646335823209,0.06329113924050633,Cc1ncc2ccn(-c3cccc(C(=O)[O-])c3O)c2n1,3.838416364017405,3.835250220295872,False
HIV_RT,molgen_ns1.0,20,True,True,native Maestro bonds,,17.0,0.8095238095238095,2.826409200533096,0.9127380985986041,1.0,226.319,0.7169299095914188,0.06153846153846154,CC[C@@](C)(c1ccccc1)c1ccccc1O,4.369564845658406,4.451891136761655,False
HIV_RT,molgen_ns1.0,21,True,True,native Maestro bonds,,20.0,0.9523809523809523,3.199377658232926,1.033181564765495,1.0,266.3,0.8435811174677992,0.09333333333333334,Cc1cc2nc[nH]c(=O)c2cc1-c1c(C)cccc1O,4.2631006719607125,4.483060480293469,False
HIV_RT,molgen_ns1.0,22,True,True,native Maestro bonds,,15.0,0.7142857142857143,2.560778421582868,0.8269574083635993,1.0,206.24499999999998,0.6533397956145183,0.05405405405405406,CC[C@H](O)Oc1c(C)ccc2[nH]cnc12,1.8085176370026244,3.1216232286605003,False
HIV_RT,molgen_ns1.0,23,True,True,native Maestro bonds,,22.0,1.0476190476190477,3.497718452348735,1.1295253670374026,1.0,294.3580000000001,0.9324628260442603,0.058823529411764705,CCCNC(=O)c1ncc2ccn(-c3cccc(C)c3)c2n1,3.96433412689776,4.0045388706467016,False
HIV_RT,molgen_ns1.0,24,True,True,native Maestro bonds,,18.0,0.8571428571428571,3.2516589313080724,1.0500648631109444,1.0,255.34199999999996,0.8088685305912983,0.04225352112676056,Cc1ccc(C)c2sc(-c3ccccc3O)nc12,4.5803443412190346,4.8759535521402455,False
HIV_RT,molgen_ns1.0,25,True,True,native Maestro bonds,,12.0,0.5714285714285714,2.443781081075435,0.7891752181217523,1.0,166.21999999999997,0.5265492052027696,0.045454545454545456,CCCc1cccc(O)c1OC,4.469236996524995,4.495300000186284,False
HIV_RT,molgen_ns1.0,26,True,True,native Maestro bonds,,30.0,1.4285714285714286,4.496667851247682,1.4521181376720544,1.0,408.88400000000007,1.2952565588986242,0.11428571428571428,Cc1ccccc1-c1cc2c(cc1Cl)C(=O)c1ccc(-c3ccccc3)cc1C2=O,4.206704826514841,3.5819182126466305,False
HIV_RT,molgen_ns1.0,27,True,True,native Maestro bonds,,20.0,0.9523809523809523,3.1343282190925703,1.0121750164622005,1.0,281.38,0.8913513136803956,0.06756756756756757,Cc1cc2cccc(-c3c(C)cccc3C(N)=O)c2s1,2.565499353162921,3.204098781489805,False
HIV_RT,molgen_ns1.0,28,True,True,native Maestro bonds,,24.0,1.1428571428571428,3.380795667257931,1.0917672531285938,1.0,322.40400000000005,1.021306521201984,0.08695652173913043,Cc1ccc2c(c1)C(=O)c1cc([C@H](C)CO)c(C(C)C)cc1C2=O,3.1135415769817625,3.5894625171710204,False
HIV_RT,molgen_ns1.0,29,True,True,native Maestro bonds,,15.0,0.7142857142857143,2.683935715408334,0.8667288449176564,1.0,204.273,0.6470929238021019,0.05405405405405406,CC[C@H](C)n1c(OC)cc2cccnc21,4.361524477923307,4.54695968423679,False
HIV1_CA,apo2mol,0,True,True,Apo2Mol official reconstruction,,64.0,1.0,9.328436417817517,1.6759157720106044,2.0,920.2959999999996,0.9504283814040324,0.0918918918918919,C=C(CCCF)CC[C@@H](C)CC1=CC[C@@H]([C@@H](F)CC(=O)N(C)CCCC=C2C[C@H](C(F)(F)F)[C@@H](F)C[C@H]2F)CC1.CC(=CCC(C)C)CCCC[C@@H](C)CC[C@@H]1CCC[C@H](C)[C@H](F)C1,1.1807598211557695,1.85506297532148,False
HIV1_CA,apo2mol,1,True,False,Apo2Mol official reconstruction,no sanitizable molecular graph,64.0,1.0,11.779593547241868,2.1162824860970364,,,,,,1.2362847128891927,1.6339109580137614,False
HIV1_CA,apo2mol,2,True,False,Apo2Mol official reconstruction,no sanitizable molecular graph,64.0,1.0,11.439763602576907,2.055229771734564,,,,,,1.3702757624214743,1.7629895491573673,False
HIV1_CA,apo2mol,3,True,False,Apo2Mol official reconstruction,no sanitizable molecular graph,64.0,1.0,7.055843244129762,1.2676292626152792,,,,,,0.8900996512203069,1.590787640183978,False
HIV1_CA,apo2mol,4,True,False,Apo2Mol official reconstruction,no sanitizable molecular graph,64.0,1.0,9.919325282210153,1.7820728944893078,,,,,,2.326725242427561,2.710425405173029,False
HIV1_CA,apo2mol,5,True,False,Apo2Mol official reconstruction,no sanitizable molecular graph,64.0,1.0,10.703310382278412,1.922921042600833,,,,,,0.6537821350239158,1.3372078668633585,False
HIV1_CA,apo2mol,6,True,False,Apo2Mol official reconstruction,no sanitizable molecular graph,64.0,1.0,11.553075049060054,2.0755869282616457,,,,,,0.7780347869680018,1.43844252936941,False
HIV1_CA,apo2mol,7,True,True,Apo2Mol official reconstruction,,64.0,1.0,8.423719143321753,1.5133772841412045,1.0,922.1490000000003,0.9523420524302484,0.07777777777777778,C=C1CCC2=C(CC[C@@H](F)C1=C(C)C[C@H](F)[C@@H]1C[C@H](CCC[C@@H]3CN[C@H]4C=C(C3)C[C@H]([C@H](C)F)/C=C/CC[C@@H](C)[C@H](C(F)F)CC4)C=C[C@H](C[C@H](F)C(F)(F)F)C1)C[C@H](CC(F)F)C2,0.9433923421135996,1.4763947783518458,False
HIV1_CA,apo2mol,8,True,False,Apo2Mol official reconstruction,no sanitizable molecular graph,64.0,1.0,9.894509266523379,1.7776145318843497,,,,,,2.144441764491663,2.7780044802239066,False
HIV1_CA,apo2mol,9,True,False,Apo2Mol official reconstruction,no sanitizable molecular graph,64.0,1.0,11.605691661514651,2.0850398533535723,,,,,,2.1795814941102902,2.352980143093502,False
HIV1_CA,apo2mol,10,True,False,Apo2Mol official reconstruction,no sanitizable molecular graph,64.0,1.0,5.711448999512501,1.0260998768276572,,,,,,0.820456678849423,1.5955930869299677,False
HIV1_CA,apo2mol,11,True,False,Apo2Mol official reconstruction,no sanitizable molecular graph,64.0,1.0,9.667880942829225,1.736899243163733,,,,,,0.9453737853810488,1.6579356063242874,False
HIV1_CA,apo2mol,12,True,True,Apo2Mol official reconstruction,,64.0,1.0,9.45225812902779,1.698161167641782,1.0,897.2739999999994,0.9266525938349418,0.0967741935483871,C=C(C)[C@@H](C=C=C1CC[C@H]2CC[C@@H](CCN[C@@H]3CC4=C(C3)C3=C(CCC3)C4)CC[C@H]3CC[C@@H](C)C(=C23)C1)[C@@H](F)CC[C@@H]1CCN([C@H]([C@H]2CC[C@@H](CC(F)(F)CCF)C2)[C@@H](C)F)C[C@@H]1F,0.9874883862978098,1.625247414819158,False
HIV1_CA,apo2mol,13,True,False,Apo2Mol official reconstruction,no sanitizable molecular graph,64.0,1.0,8.792541920909418,1.5796387541615515,,,,,,1.444090290342885,1.620470695820983,False
HIV1_CA,apo2mol,14,True,False,Apo2Mol official reconstruction,no sanitizable molecular graph,64.0,1.0,9.333862391293907,1.6768905843071458,,,,,,0.8470871397284109,1.3573524365857623,False
HIV1_CA,apo2mol,15,True,False,Apo2Mol official reconstruction,no sanitizable molecular graph,64.0,1.0,10.93384617546219,1.9643383342566687,,,,,,1.1985886168085096,1.8120716217216903,False
HIV1_CA,apo2mol,16,True,False,Apo2Mol official reconstruction,no sanitizable molecular graph,64.0,1.0,5.104950940464394,0.9171384585013106,,,,,,1.70057644638716,2.5666281676604625,False
HIV1_CA,apo2mol,17,True,False,Apo2Mol official reconstruction,no sanitizable molecular graph,64.0,1.0,12.526417159278662,2.2504543252202343,,,,,,1.642474977266231,2.227522460542643,False
HIV1_CA,apo2mol,18,True,False,Apo2Mol official reconstruction,no sanitizable molecular graph,64.0,1.0,9.86183350273265,1.7717441131510687,,,,,,1.4485176357801717,1.5707628607014237,False
HIV1_CA,apo2mol,19,True,False,Apo2Mol official reconstruction,no sanitizable molecular graph,64.0,1.0,10.097119899380242,1.81401488237967,,,,,,1.178892090621597,1.6644119269931388,False
HIV1_CA,apo2mol,20,True,True,Apo2Mol official reconstruction,,64.0,1.0,8.907505561825593,1.6002927384296093,2.0,917.1289999999995,0.9471576873187526,0.0893854748603352,CCCCCC(F)=C(F)F.CCC[C@@H](C(C)=CC[C@@H](F)CC(C)=C(F)CCCC[C@@H](F)[C@H](C=C=CF)CC(C)(F)F)[C@H](F)C(F)=C[C@H]1CCC(=CC2=C(c3ccccc3CC)CC2)C1,1.4116788084310417,2.009565024770044,False
HIV1_CA,apo2mol,21,True,False,Apo2Mol official reconstruction,no sanitizable molecular graph,64.0,1.0,11.237000315172557,2.018801995832418,,,,,,1.177710352073265,1.547837562644802,False
HIV1_CA,apo2mol,22,True,False,Apo2Mol official reconstruction,no sanitizable molecular graph,64.0,1.0,13.233948580833276,2.3775670604597248,,,,,,1.0477319249943131,1.6971119414922418,False
HIV1_CA,apo2mol,23,True,False,Apo2Mol official reconstruction,no sanitizable molecular graph,64.0,1.0,9.460816029751651,1.699698651541123,,,,,,0.7909697928841155,1.4745541324330906,False
HIV1_CA,apo2mol,24,True,True,Apo2Mol official reconstruction,,64.0,1.0,10.86883175539445,1.9526580604016062,15.0,986.93,1.0192441154357752,0.06779661016949153,CC#CC(F)=CF.CC=C1CC[C@@H](C2=CCC(CCC(F)=C(F)F)=C2)C1.CC=C=CC[C@H](F)CCCCCF.CCC#CC=C(F)CCF.F.F.F.F.F.F.F.F.F.FCCF.FF,1.6308540308617945,1.8062157556909495,False
HIV1_CA,apo2mol,25,True,False,Apo2Mol official reconstruction,no sanitizable molecular graph,64.0,1.0,9.016701094455051,1.6199104436022864,,,,,,1.0083397562962615,1.8164876283853817,False
HIV1_CA,apo2mol,26,True,False,Apo2Mol official reconstruction,no sanitizable molecular graph,64.0,1.0,9.898556740178087,1.7783416875008866,,,,,,1.1618566699557469,1.7089949466438896,False
HIV1_CA,apo2mol,27,True,False,Apo2Mol official reconstruction,no sanitizable molecular graph,64.0,1.0,10.132250142378027,1.8203262646604237,,,,,,1.1876784073510485,1.942187391973172,False
HIV1_CA,apo2mol,28,True,False,Apo2Mol official reconstruction,no sanitizable molecular graph,64.0,1.0,11.94484881499427,2.1459716962957676,,,,,,1.513196487429269,1.8644397190131607,False
HIV1_CA,apo2mol,29,True,False,Apo2Mol official reconstruction,no sanitizable molecular graph,64.0,1.0,10.708492910932115,1.923852118412536,,,,,,0.9162816915427792,1.577680938656149,False
HIV1_CA,molgen_ns1.0,0,True,True,native Maestro bonds,,46.0,0.71875,5.616638085775017,1.0090664643055016,1.0,664.7730000000003,0.686539033518676,0.0650887573964497,CCc1c(C(C)C)ccc(C)c1OC#CO[C@H](C)C#CCCC[C@@](O[P@@](C)(=O)[O-])([C@H](OC)C(=O)[O-])[C@H](CC)[C@H](CCO)CCOC,2.2720969414573107,2.4512784775125827,False
HIV1_CA,molgen_ns1.0,1,True,True,native Maestro bonds,,50.0,0.78125,5.500772021307554,0.9882503536322351,1.0,710.7810000000003,0.7340534299429099,0.12025316455696203,CCOCc1cccc(-c2c(CC)cccc2-c2cccc(O[C@@H](C)C(C)(C)NC(=O)O)c2C#CCOC[C@](C)(O[P@](=O)([O-])O)[C@H](C)O)c1C,1.4670203374937882,1.7656031994519334,False
HIV1_CA,molgen_ns1.0,2,True,True,native Maestro bonds,,51.0,0.796875,5.670833483902787,1.0188030287654621,1.0,747.8240000000002,0.7723092938522927,0.10843373493975904,CCC[C@H](CO[C@@H](C)[C@@H](Cc1cccc(C)c1COCOP(=O)([O-])[O-])c1c(CCO)cccc1C(=O)NCCc1cc(O)ccc1C)S([NH-])(=O)=O,1.6171470387219824,2.1568365850239126,False
HIV1_CA,molgen_ns1.0,3,True,True,native Maestro bonds,,49.0,0.765625,6.422199438872408,1.1537909300690767,1.0,705.7180000000003,0.7288246569230895,0.11834319526627218,COc1ccc([C@@H](O)c2ccc(C)c(CO[C@@](C)(O)[C@@H](CO)Cc3cncc([C@]4(CO)CC[C@H](O)C[C@@H]4O[P@@](=O)([O-])OC)n3)c2O)c(C)c1,2.600641514627581,2.8888795915682257,False
HIV1_CA,molgen_ns1.0,4,True,True,native Maestro bonds,,44.0,0.6875,5.6774005709730515,1.0199828497241172,1.0,637.6870000000001,0.6585661822417935,0.08383233532934131,CC[C@H](O[P@@](=O)([O-])O)[C@H](C)[C@](O)(OC)[C@@](C)(CCc1ncc(-c2c(C)cc(C)cc2O)nc1CC#CCCO)C[C@@H](O)CO,2.644462520696085,2.245776840188292,False
HIV1_CA,molgen_ns1.0,5,True,True,native Maestro bonds,,45.0,0.703125,6.087932614039549,1.0937376672599641,1.0,663.2360000000001,0.6849517089815508,0.10365853658536585,CCC#CCO[C@@H](C)[C@](CC)(CC[C@H](C)OP(=O)([O-])[O-])[C@@H](C)[C@H](CCCC)CCN1C(=O)/C(=C(/C)Cl)N=C1c1ccccc1C,2.9660919961573198,2.307290908893722,False
HIV1_CA,molgen_ns1.0,6,True,True,native Maestro bonds,,38.0,0.59375,4.475923141137922,0.8041294221840543,1.0,554.6170000000003,0.5727762998091492,0.09933774834437085,CC[C@H](OC)[C@H](C)[C@](C)(C[C@](C#C[C@@H](C)c1cc(C)c(C)cc1C(=O)[O-])(CCO)O[P@@](=O)([O-])OC)[C@H](C)O,3.3016544869827467,2.961622138317443,False
HIV1_CA,molgen_ns1.0,7,False,False,native Maestro bonds,File error: Bad input file external_inputs/ligand_export_20260917/bundle/HIV1_CA/sage-flex/sample_007.mae,,,,,,,,,,,,
HIV1_CA,molgen_ns1.0,8,False,False,native Maestro bonds,File error: Bad input file external_inputs/ligand_export_20260917/bundle/HIV1_CA/sage-flex/sample_008.mae,,,,,,,,,,,,
HIV1_CA,molgen_ns1.0,9,True,True,native Maestro bonds,,39.0,0.609375,5.433871915562631,0.9762313037780769,1.0,552.7330000000003,0.5708306137792575,0.07096774193548387,C=C(C#CN(C[C@@H](C)C[C@@H](C)CCO[C@H](C)NC(=O)[C@H](CC)CO)C(=O)OC)C[C@@H](C)NC[C@H](C)CC(=O)[O-],1.4537348043125564,1.4234223010557607,False
HIV1_CA,molgen_ns1.0,10,True,True,native Maestro bonds,,56.0,0.875,6.349947761490698,1.1408104347047145,1.0,791.9469999999998,0.8178769715045805,0.11827956989247312,CC[C@@]1(OC)Nc2c(cc([O-])c(Cc3cc(C)cc(C)c3C)c2C)[C@]1(C[C@@]1(F)C[C@H](N(C)C=O)CO1)C(=O)Nc1nc(C)c2ccn(CCC[N-][SH](=O)=O)c2n1,2.172584033741156,2.176837864715819,False
HIV1_CA,molgen_ns1.0,11,True,True,native Maestro bonds,,53.0,0.828125,5.887235393048057,1.0576810739582292,1.0,748.8339999999998,0.7733523633269159,0.10112359550561797,CCOCC[C@H](C)[C@](C)(CCCO)c1cccc(-c2cc(OCc3cc(C)ccc3O[P@](=O)([O-])O)cnn2)c1C(=O)N(C)c1cccc(CO)c1CC,1.8848742412571768,1.7795961372369198,False
HIV1_CA,molgen_ns1.0,12,True,True,native Maestro bonds,,48.0,0.75,5.891865391325273,1.0585128840054463,1.0,686.7830000000005,0.709269686129035,0.07428571428571429,CCC[C@H](CC[C@H](C)/C=C/CO[C@H](O)CO[P@](=O)([O-])O)c1ccc(CC[C@@H](CC)C(=O)[O-])cc1-n1ccc2c(COC)c(CC)cnc21,1.7332229071679348,2.058725132892706,False
HIV1_CA,molgen_ns1.0,13,True,True,native Maestro bonds,,51.0,0.796875,5.8662570791277115,1.0539121800520495,1.0,707.2909999999999,0.7304491601741611,0.10303030303030303,CCc1cccc(Cc2cc(Cc3[nH]ncc3-c3ccc(-c4ccc(Cl)cc4C)c(CN(C)C(=O)COC)c3)ccc2CCCC(=O)[O-])c1CO,1.4792161315384036,1.6992538273139517,False
HIV1_CA,molgen_ns1.0,14,False,False,native Maestro bonds,File error: Bad input file external_inputs/ligand_export_20260917/bundle/HIV1_CA/sage-flex/sample_014.mae,,,,,,,,,,,,
HIV1_CA,molgen_ns1.0,15,False,False,native Maestro bonds,File error: Bad input file external_inputs/ligand_export_20260917/bundle/HIV1_CA/sage-flex/sample_015.mae,,,,,,,,,,,,
HIV1_CA,molgen_ns1.0,16,True,True,native Maestro bonds,,53.0,0.828125,5.696717306652289,1.0234532300256607,1.0,719.8389999999999,0.74340800746879,0.09411764705882353,CCc1cc(CCC(=O)[O-])nc2c1ccn2-c1ccc(N(CCC(=O)[O-])C(=O)CO)c(C[C@H](C)c2cncc([C@H](C)OCc3cccc(C)c3C)n2)c1,1.42828500464872,1.7715156138379786,False
HIV1_CA,molgen_ns1.0,17,True,True,native Maestro bonds,,38.0,0.59375,5.627747733502192,1.0110623865601562,1.0,539.7580000000003,0.5574307856275353,0.09722222222222222,CCC#CC[C@@H](C[C@H](C)[C@H](CC(N)=O)NC(=O)[C@](C)(O)CCCC)C(=O)N(C)[C@@H](C)[C@H](C)C(O)(O)CCC,1.7985368350814812,1.6728000636653684,False
HIV1_CA,molgen_ns1.0,18,True,True,native Maestro bonds,,46.0,0.71875,5.384950855264195,0.9674423092600853,1.0,660.9810000000002,0.6826228756495946,0.10909090909090909,CCc1cc([C@](C)(O)[C@@H](C)[C@](CCCCN)(CC[C@@H](CC[C@H]2[C@@H](CC)CCO[C@@H]2CC)C(C)=O)C(=O)NC)c2sc(F)cc2c1C,1.9667942889340828,2.183926864203709,False
HIV1_CA,molgen_ns1.0,19,True,True,native Maestro bonds,,42.0,0.65625,4.873910482181838,0.8756305003971288,1.0,625.099,0.6455660252650013,0.09696969696969697,C#CCOCCC#CC[C@@H](NC(=O)[C@H](OCCO)[C@@H](C)C[C@@H](CC)O[P@@H](=O)[O-])c1c([N-]C(=O)CC)ccc(CC)c1Cl,2.5124163333759704,2.203621930772857,False
HIV1_CA,molgen_ns1.0,20,True,True,native Maestro bonds,,39.0,0.609375,5.641876273976706,1.0136006730163412,1.0,568.6870000000001,0.5873069805100917,0.09615384615384616,CCCCC(=O)N([C@@H](F)CCCO[P@@H](=O)[O-])[C@@H](CCC)c1ccc(C#C[C@H](C)OCCC(C)C)c(COC)c1,1.6336222561757667,1.9911877086831715,False
HIV1_CA,molgen_ns1.0,21,True,True,native Maestro bonds,,49.0,0.765625,5.368860813119846,0.9645516259564477,1.0,669.8630000000002,0.6917956905739565,0.13496932515337423,CCCc1cccc(-c2ccc([C@H]([N-]C=O)NCOc3ccccc3[N-]C=O)cc2[C@@H](C)C#C[C@](C)(O)CCC)c1C[C@@H](O)C[C@H](C)OC,2.2963063753697592,2.387761170203432,False
HIV1_CA,molgen_ns1.0,22,True,True,native Maestro bonds,,45.0,0.703125,5.886599251071542,1.0575667868125673,1.0,659.7780000000002,0.6813804869585331,0.09090909090909091,CCNC(=O)[C@](C)(N)OCC[C@H](C[C@](C)(CO)CCCO[P@@](=O)([O-])OC(C)C)c1cc(C/C=C/[C@](C)(O)CO)ccc1[C@@H](C)O,2.4369594702808244,2.0341183486361203,False
HIV1_CA,molgen_ns1.0,23,True,True,native Maestro bonds,,54.0,0.84375,6.417881975606288,1.1530152690194988,1.0,792.82,0.8187785553177949,0.10559006211180125,CCc1cc(C)c2c(c1)C(=O)c1cc(C(=O)N[C@H](C)[C@@H](CCOCC[C@H](CC)O[P@@](=O)([O-])[C@H](O)C[C@@H](C)CC)C[C@H](C)CCOP(=O)([O-])[O-])ccc1C2=O,2.283036924182684,2.2260448426631725,False
HIV1_CA,molgen_ns1.0,24,True,True,native Maestro bonds,,42.0,0.65625,5.55109059564158,0.9972904208604804,1.0,603.8009999999999,0.6235706849971492,0.0784313725490196,CCC[C@H](CCO[C@@H](C)C[C@H](C)O[P@@H](=O)[O-])[C@H](CC)Cc1ccccc1-c1cccc(CCO)c1CCCCCOC,1.4670595762623757,1.6214624682644976,False
HIV1_CA,molgen_ns1.0,25,False,False,native Maestro bonds,File error: Bad input file external_inputs/ligand_export_20260917/bundle/HIV1_CA/sage-flex/sample_025.mae,,,,,,,,,,,,
HIV1_CA,molgen_ns1.0,26,True,True,native Maestro bonds,,55.0,0.859375,6.4245796076121175,1.1542185432458476,1.0,774.8079999999999,0.8001768054396583,0.11363636363636363,CCC[C@H](CO)Cc1cc(OCC)c(-c2cc3c(cc2Cc2c(C)ccc(O)c2CC(=O)[O-])nnn3CCc2cc(CO[P@@](=O)([O-])O)cc(O)c2C)cc1N,1.117888520415251,1.687271322446512,False
HIV1_CA,molgen_ns1.0,27,True,True,native Maestro bonds,,42.0,0.65625,5.439294225832068,0.9772054579550756,1.0,585.9340000000002,0.605118682716855,0.12337662337662338,CC[C@](C)(CCCCCO)[C@H](CCC[C@@H](O)C(C)(C)CC(C)C)[C@@H](C)[C@H]1C[C@H](C)CC[C@H]1Cc1cccc(C(=O)[O-])c1,1.8648834555275744,2.2961521525016915,False
HIV1_CA,molgen_ns1.0,28,True,True,native Maestro bonds,,39.0,0.609375,5.953505229312422,1.0695868916997617,1.0,573.7280000000002,0.5925130332047224,0.07006369426751592,CCC[C@@H](C)O[C@@H](C)Cc1cccc(COCC[C@@H](CO)CCC[C@H](O)[C@H](CC)CO[P@@](=O)([O-])OC)c1CC,2.438875380903224,1.9274479151713133,False
HIV1_CA,molgen_ns1.0,29,True,True,native Maestro bonds,,45.0,0.703125,4.998753797586843,0.8980594340303916,1.0,683.0710000000001,0.7054361476242799,0.12422360248447205,CC[C@H](CC#Cc1c([C@](C)(O)[C@@H](C)O)ccc(C#C[C@H](C)CCCO)c1-c1ccc([C@H](C)O)c(Cl)c1CO[P@@H](=O)[O-])[P@](=O)([O-])O,1.1300187076344117,1.5343656437336726,False
Menin,apo2mol,0,True,True,Apo2Mol official reconstruction,,24.0,1.0,4.307581428531242,0.8622262358680154,1.0,330.47200000000004,1.0156743665711863,0.10112359550561797,CC=Nc1ccc(C[C@@H](CC)NC(=O)C[C@H](CC)C(=O)CC)cc1,2.0459410406101437,2.152738396879984,False
Menin,apo2mol,1,True,True,Apo2Mol official reconstruction,,24.0,1.0,4.757884543408016,0.9523610751465451,1.0,327.472,1.0064541509410765,0.09574468085106383,CCN=C1NC(C=CCCC=C(C)C)O[C@H]1c1ccc(NC)cc1,1.3616774840208277,1.8271392404139235,False
Menin,apo2mol,2,True,True,Apo2Mol official reconstruction,,24.0,1.0,3.7780965040576846,0.7562419843913436,1.0,324.47200000000004,0.9972339353109672,0.0891089108910891,CCC1=CNC(N(c2cccnc2)[C@H]2CC[C@@H](C)C2)=CC1=CNC,1.2535746991803345,1.608701674272605,False
Menin,apo2mol,3,True,True,Apo2Mol official reconstruction,,24.0,1.0,4.219419903223372,0.8445794005438816,1.0,321.468,0.9880014260600175,0.10526315789473684,CCCC[C@@H](C)N(Cc1ccccc1)c1nc2c([nH]1)=CC=CCC=2,1.651408886883281,2.0195009947689497,False
Menin,apo2mol,4,True,True,Apo2Mol official reconstruction,,24.0,1.0,4.501503179780589,0.9010425471570325,1.0,333.51600000000013,1.0250298120305377,0.08333333333333333,CC(=O)CC[C@@]1(C)C[C@@H](C)C[C@@H](C(=O)CCN[C@@H]2C=CCCC2)C1,1.576799778555043,1.769844997804812,False
Menin,apo2mol,5,True,True,Apo2Mol official reconstruction,,24.0,1.0,4.5674988459633035,0.9142525574099847,1.0,322.496,0.9911608866159349,0.10989010989010989,CCNCc1cccc(N2CCCCC(c3ccc(C)cc3)C2)c1,1.266881936514432,1.4983671552818627,False
Menin,apo2mol,6,True,True,Apo2Mol official reconstruction,,24.0,1.0,4.515507079402443,0.9038456351215337,1.0,325.49600000000004,1.0003811022460447,0.06818181818181818,CCCCCN(COc1cccc(CCC)c1)Cc1ccccc1,1.3535597826700911,1.3982844040192628,False
Menin,apo2mol,7,True,True,Apo2Mol official reconstruction,,24.0,1.0,4.224647887426165,0.8456258590299579,1.0,331.4560000000002,1.0186985972978626,0.125,CC=C(C)CCC(=O)C[C@](CO)(CCO)N=Cc1ccccc1C,1.4523985690896029,1.8529631369031352,False
Menin,apo2mol,8,True,True,Apo2Mol official reconstruction,,24.0,1.0,4.132897791176879,0.8272607180704467,2.0,333.48000000000013,1.0249191694429765,0.10309278350515463,CCC[C@@H](C)c1cnc(C(=N)NC(=O)CC)cn1.C[C@@H]1CCNC1,1.7202675269641248,1.8919272146633752,False
Menin,apo2mol,9,True,True,Apo2Mol official reconstruction,,24.0,1.0,4.975763994485905,0.9959728749680363,1.0,317.38800000000003,0.9754619328030686,0.13186813186813187,O=C(CN1C=CCC(c2ccc3c(c2)CCO3)=C1)c1ccccc1,2.032728601095511,2.1950455289209985,False
Menin,apo2mol,10,True,True,Apo2Mol official reconstruction,,24.0,1.0,4.225470061679758,0.8457904293865872,1.0,334.46000000000004,1.027931106548812,0.10752688172043011,C=C(C)CC(=CC1=CCC=C(N[C@@H](C)OC)C1)N1C[C@@H](O)[C@@H](O)C1,1.2167212535137293,1.4181384810056803,False
Menin,apo2mol,11,True,True,Apo2Mol official reconstruction,,24.0,1.0,4.095271685739614,0.8197292956702418,1.0,336.43600000000004,1.034004155243844,0.125,CCCC(=CCC(=O)NC1CCCC1)OC1=NCC(=N)OC1CN,1.9126476709709832,1.8788231381354392,False
Menin,apo2mol,12,True,True,Apo2Mol official reconstruction,,24.0,1.0,3.921836579195377,0.7850136898101816,1.0,331.456,1.0186985972978622,0.09782608695652174,CC(CCCO)[C@H]1C[C@H](C)CC(=O)N1CC(=O)C1C=CC=CC=C1,1.7359090646852526,1.8453627844851563,False
Menin,apo2mol,13,True,True,Apo2Mol official reconstruction,,24.0,1.0,4.643826376123766,0.9295306432953622,1.0,339.43600000000015,1.043224370873954,0.10309278350515463,CCN(C)C[C@H](OC)O[C@@H](NC(=O)N=CC1=CCC=CC1)[C@@H](C)O,1.772453877886221,1.8951034142978944,False
Menin,apo2mol,14,True,True,Apo2Mol official reconstruction,,24.0,1.0,4.575755455298075,0.9159052400825859,1.0,330.5560000000001,1.0159325326088295,0.042105263157894736,CC[C@H]1CC[C@@](O)(C[C@@H]2CC[C@@H]3CC[C@@H](C)CC=C=C[C@H]3CC2)C1,2.2273286418669773,2.305307542342186,False
Menin,apo2mol,15,True,True,Apo2Mol official reconstruction,,24.0,1.0,3.787034834814436,0.7580311237056444,1.0,325.45200000000006,1.000245872416803,0.07368421052631578,CC(=O)C1=CN(C2=CC=CCC=C2)[C@H]2CC[C@@H](C(C)=O)[C@H](C)[C@H]2C1,1.512494490910496,1.584387110677025,False
Menin,apo2mol,16,True,True,Apo2Mol official reconstruction,,24.0,1.0,5.2143244785839435,1.043724289919428,1.0,331.5440000000001,1.0189690569563457,0.06593406593406594,CC(C)=CC[C@H]1CC2CC[C@@H](C(O)=CCCC3CCCCC3)N2C1,2.366684168663975,2.4820521823078683,False
Menin,apo2mol,17,True,True,Apo2Mol official reconstruction,,24.0,1.0,4.7734664734826975,0.9554800292832827,1.0,332.40400000000017,1.0216121854369773,0.1348314606741573,O=C(O)[C@@H](CCO)CCCc1n[nH]c(CNCc2ccccc2)n1,1.3812366739107291,1.863959859600147,False
Menin,apo2mol,18,True,True,Apo2Mol official reconstruction,,24.0,1.0,5.409013151355857,1.0826941119124398,1.0,334.5080000000001,1.0280786299988938,0.15217391304347827,C=C(N)[C@H](C)CCCOCC1=C(C)N=CN(CCN2CCCC2)C1,1.9069613115627555,2.0418456229790896,False
Menin,apo2mol,19,True,True,Apo2Mol official reconstruction,,24.0,1.0,4.495633022022105,0.8998675481205604,1.0,330.47600000000006,1.0156866601920265,0.09278350515463918,CCOCCCc1[nH]c2c([nH][nH]c1C)CC1=C2C[C@H]2[C@@H](C)CCN12,2.0659645343997224,2.036855169415812,False
Menin,apo2mol,20,True,True,Apo2Mol official reconstruction,,24.0,1.0,4.566626261792914,0.9140778967617309,2.0,324.392,0.9969880628941642,0.07954545454545454,C1CCCC1.N=c1ncc(N=c2cc3[nH]cncc-3[nH]c2=N)c[nH]1,1.2006170062293555,1.5846274868438488,False
Menin,apo2mol,21,True,True,Apo2Mol official reconstruction,,24.0,1.0,4.998526276505959,1.000529082917101,1.0,322.4960000000001,0.9911608866159353,0.10204081632653061,CC=CCCNCc1cccc([C@H]2CC=N[C@@H]3C[C@@H](C)CC=C32)c1,1.7203308154195107,2.237402071175726,False
Menin,apo2mol,22,True,True,Apo2Mol official reconstruction,,24.0,1.0,4.752329704975117,0.9512491919442613,1.0,320.43600000000004,0.9848296718832599,0.15217391304347827,CC1=CCC=CC1C1=CN=CN(CCc2ccc3c(c2)COC3)C1,1.2523083518137796,1.383267982924562,False
Menin,apo2mol,23,True,True,Apo2Mol official reconstruction,,24.0,1.0,4.126718513920593,0.8260238441871618,1.0,320.44,0.9848419655040999,0.12631578947368421,C=CN(C)c1cc(C)ccc1C1=NC=C2CN(C)CCC=C2C=N1,1.9292945488351907,1.8982584048592157,False
Menin,apo2mol,24,True,True,Apo2Mol official reconstruction,,24.0,1.0,3.9085484314349803,0.7823538701839716,1.0,325.45600000000013,1.0002581660376435,0.10309278350515463,CCN1CC=C=CC[C@@H]([C@@H]2CCC[C@@H](C)C2=O)c2nccc(n2)C1,1.4672598608836074,1.7782078107314634,False
Menin,apo2mol,25,True,True,Apo2Mol official reconstruction,,24.0,1.0,4.669482436482694,0.9346660838476779,1.0,329.5320000000001,1.0127853656737522,0.08695652173913043,CCCCCN1N[C@@H](c2ccccc2)CC1=NCCCCC(C)C,1.456590355649921,1.8991213482096891,False
Menin,apo2mol,26,True,True,Apo2Mol official reconstruction,,24.0,1.0,4.927027744791573,0.9862175926079776,1.0,331.5440000000001,1.0189690569563457,0.09183673469387756,CC[C@@H](C)C[C@@H]1CC[C@@H](NC(=O)C2=C3C[C@@H](C)C[C@]3(C)CCC2)C1,2.377064480898412,2.423743516507949,False
Menin,apo2mol,27,True,True,Apo2Mol official reconstruction,,24.0,1.0,4.936878858876464,0.9881894390274701,1.0,314.38800000000003,0.966241717172959,0.10638297872340426,N#CC1C=CCC(N=CC(O)=C2C=CC=C(c3ccccc3)C2)=C1,1.5854876816519865,1.825703234140818,False
Menin,apo2mol,28,True,True,Apo2Mol official reconstruction,,24.0,1.0,4.203648653360099,0.8414225512468549,2.0,318.4200000000001,0.9786336869798263,0.07954545454545454,C=C(C)C.Cc1ccc([C@@H]2C(=O)Nc3c2[nH]c2ccccc32)cc1,0.8848945713619402,1.3112845469561278,False
Menin,apo2mol,29,True,True,Apo2Mol official reconstruction,,24.0,1.0,4.147705810787518,0.830224762563018,1.0,324.43200000000013,0.9971109991025661,0.08163265306122448,CN=C1N=CC=CC1C1=CNC(N2C=CC=C(CN(C)C)C2)=NC1,2.06907554311987,2.295952192998862,False
Menin,molgen_ns1.0,0,True,True,native Maestro bonds,,19.0,0.7916666666666666,3.5220718067118324,0.7049948484417786,1.0,284.36100000000005,0.8739565789311927,0.11956521739130435,C[C@@](O)(C(=O)[O-])N1CCNC[C@H]1CCc1cscn1,2.307105385601804,2.858863377951132,False
Menin,molgen_ns1.0,1,True,True,native Maestro bonds,,19.0,0.7916666666666666,3.578133575435175,0.7162164419564745,1.0,254.37300000000002,0.7817913034926177,0.0759493670886076,CCCc1ccccc1C[C@H](O)c1ccccc1C,3.041626128856231,3.399826601725334,False
Menin,molgen_ns1.0,2,True,True,native Maestro bonds,,15.0,0.625,2.750391243279965,0.5505315519168799,1.0,213.25699999999998,0.6554251748767563,0.1125,CNC(=O)[C@@H](C[C@@H]1CCCN1C)C(=O)[O-],2.190872404040216,1.918238290498028,False
Menin,molgen_ns1.0,3,False,False,native Maestro bonds,File error: Bad input file external_inputs/ligand_export_20260917/bundle/Menin/sage-flex/sample_003.mae,,,,,,,,,,,,
Menin,molgen_ns1.0,4,True,True,native Maestro bonds,,17.0,0.7083333333333334,2.7657451350855045,0.5536048608158666,1.0,233.33099999999996,0.7171207110630292,0.10256410256410256,CCc1ccccc1C(C)(C)[C@H](CC)C(=O)[O-],2.4615757106813554,2.0930726373636097,False
Menin,molgen_ns1.0,5,True,True,native Maestro bonds,,23.0,0.9583333333333334,4.2685762792523505,0.8544187774136139,1.0,305.38500000000005,0.9385718500670004,0.11363636363636363,Cc1nc2cnc([C@@H](C)[C@H](C)c3ccc4[nH]ccc4c3)nc2[nH]1,2.7868517420207897,3.352735978886811,False
Menin,molgen_ns1.0,6,True,True,native Maestro bonds,,16.0,0.6666666666666666,2.871397554844809,0.5747527577763366,1.0,222.34699999999995,0.6833624282359881,0.09090909090909091,CCc1ccc([C@H](CC)C(C)C)c(F)c1C,2.5671493150503344,2.758430288789736,False
Menin,molgen_ns1.0,7,True,True,native Maestro bonds,,18.0,0.75,3.4109937900562746,0.6827609378871817,1.0,250.338,0.7693901134701203,0.1038961038961039,CC(C)O[C@H](C)[C@H](C)c1ccc2c(c1)OCCO2,2.445707465148429,2.1518708484292546,False
Menin,molgen_ns1.0,8,True,True,native Maestro bonds,,23.0,0.9583333333333334,3.914610740727329,0.783567331196499,1.0,362.70600000000013,1.1147425101115036,0.11458333333333333,C[C@@H](c1cccc(C(=O)[O-])c1Cl)N1CCNC[C@H]1O[P@@](=O)([O-])O,3.147937929888099,2.842606974292288,False
Menin,molgen_ns1.0,9,True,True,native Maestro bonds,,22.0,0.9166666666666666,3.4841461749160034,0.6974034714036935,1.0,294.3740000000001,0.9047305852992884,0.12643678160919541,CCc1c(-c2ccccc2)cccc1[C@H]1CCCN1C(=O)[O-],1.5640081927172975,1.6740274689354928,False
Menin,molgen_ns1.0,10,True,True,native Maestro bonds,,24.0,1.0,3.9916006690351264,0.798978005883899,1.0,317.3880000000001,0.9754619328030687,0.09411764705882353,CC[C@](O)(Oc1ccc2[nH]c3ccccc3c2c1)c1ccccc1,2.8680729723190583,2.661911520289966,False
Menin,molgen_ns1.0,11,True,True,native Maestro bonds,,24.0,1.0,4.344237065818091,0.8695634046913008,1.0,321.42800000000005,0.9878784898516161,0.14772727272727273,CCc1nc2ccc(-c3cccc(N4CCNCC4)c3)nc2n1C,1.8906117979922088,1.1699909191807911,True
Menin,molgen_ns1.0,12,True,True,native Maestro bonds,,26.0,1.0833333333333333,4.325664391285517,0.8658458087461247,1.0,349.4300000000001,1.0739399825430587,0.12658227848101267,CCC(CC)C(=O)Nc1ccc2c(c1)C(=O)c1cc(C)c(C)cc1C2=O,3.649154203982067,3.493468941962298,False
Menin,molgen_ns1.0,13,True,True,native Maestro bonds,,36.0,1.5,6.5270767069749205,1.3064910956763285,1.0,484.53500000000025,1.489172393445042,0.10714285714285714,CCCc1ccc(F)c2c1C(=O)N(c1cccc([C@H]3NCCC[C@@H]3c3ncc4cn[nH]c4n3)c1)C2=O,2.9199572161899416,2.813527284289241,False
Menin,molgen_ns1.0,14,True,True,native Maestro bonds,,24.0,1.0,4.732264312599789,0.947232806409585,1.0,322.384,0.9908166652324109,0.13636363636363635,C[C@@H](Cc1ccc([C@@](C)(O)C(=O)[O-])cc1)c1ccc2cc[nH]c2c1,2.2854138027660813,2.201643880895007,False
Menin,molgen_ns1.0,15,True,True,native Maestro bonds,,10.0,0.4166666666666667,2.4034947930045525,0.4810950884351134,1.0,145.202,0.4462645833077216,0.06944444444444445,CO[C@H](C)[C@H](C)CNC=O,3.2130441323314045,2.912313470517147,False
Menin,molgen_ns1.0,16,True,True,native Maestro bonds,,35.0,1.4583333333333333,4.833086478575337,0.9674138565193673,1.0,462.4810000000002,1.4213915149428968,0.11578947368421053,Cc1cc(-c2ccc([C@@H](C)c3c[nH]c(=O)cc3C(=O)[O-])cc2)cc2c1C(=O)c1ccccc1C2=O,2.637554283225601,2.805125323162024,False
Menin,molgen_ns1.0,17,True,True,native Maestro bonds,,23.0,0.9583333333333334,4.451372409172453,0.8910081307775018,1.0,315.39700000000016,0.9693427830298863,0.15217391304347827,CCCn1ccc2c(N3CCC[C@@H]3[C@H](C)C(=O)[O-])nc(C)nc21,3.880911017751653,4.083408251224336,False
Menin,molgen_ns1.0,18,True,True,native Maestro bonds,,19.0,0.7916666666666666,3.3660903046499175,0.6737728400783194,1.0,249.35699999999997,0.7663751029590744,0.08860759493670886,Cc1ccc2c(c1)c(-c1ccc(C)c(C)c1)cn2C,2.357182074484081,2.6784675009223284,False
Menin,molgen_ns1.0,19,True,True,native Maestro bonds,,16.0,0.6666666666666666,2.9830842012190164,0.5971084945854235,1.0,218.38399999999996,0.6711825233886135,0.07792207792207792,CCC[C@H](CC)[C@@H](C)c1ccccc1CC,2.2203837378403124,2.380090074108661,False
Menin,molgen_ns1.0,20,True,True,native Maestro bonds,,11.0,0.4583333333333333,2.9217136542936495,0.5848242704688145,1.0,158.285,0.4864739436706293,0.028169014084507043,CCC(CC)CC[C@@H](C)CO,4.317762238372142,4.574637721819848,False
Menin,molgen_ns1.0,21,True,True,native Maestro bonds,,28.0,1.1666666666666667,4.407186453969359,0.8821636572683877,1.0,379.44000000000005,1.1661728728962542,0.1414141414141414,CCC[C@](C)(C(=O)[O-])[C@H]1CC[C@@H](n2cnc3cnc(-c4ccccc4)nc32)O1,3.538196717708331,3.867025072067541,False
Menin,molgen_ns1.0,22,True,True,native Maestro bonds,,24.0,1.0,4.205996626428483,0.8418925328396029,1.0,346.81800000000015,1.0659122481344434,0.08421052631578947,C[C@H](Cc1ccccc1Cl)C[C@@H](C)n1c(=O)[nH]c(=O)c2[nH]cnc21,1.8612344486843733,1.9644091627567195,False
Menin,molgen_ns1.0,23,True,True,native Maestro bonds,,20.0,0.8333333333333334,2.8863351334347853,0.5777427354179222,1.0,265.4,0.8156817427436902,0.08433734939759036,CC[C@@]1(c2ccccc2-c2ccccc2)CCN[C@@H]1C,2.94301843096757,3.014418013700946,False
Menin,molgen_ns1.0,24,True,True,native Maestro bonds,,20.0,0.8333333333333334,3.445294670634139,0.6896267672715596,1.0,275.39599999999996,0.8464035012232151,0.10975609756097561,CCCc1ccc([C@@]2(C(N)=O)NCCNC2(C)C)cc1,2.7082566929234413,3.3435100404162124,False
Menin,molgen_ns1.0,25,True,True,native Maestro bonds,,16.0,0.6666666666666666,2.9701422919407414,0.594517979720622,1.0,222.22,0.6829721057743137,0.11538461538461539,Cc1cccc(C(=O)N[C@H](C)O)c1C(=O)[O-],3.3995627797255623,3.579430147811712,False
Menin,molgen_ns1.0,26,True,True,native Maestro bonds,,28.0,1.1666666666666667,3.928164788207889,0.786280374590765,1.0,368.4120000000002,1.132279360239972,0.11764705882352941,Cc1ccc(Cc2ccc3c(c2)C(=O)c2ccccc2C3=O)c(C)c1C([NH-])=O,3.713406659437496,4.166405500799181,False
Menin,molgen_ns1.0,27,True,True,native Maestro bonds,,20.0,0.8333333333333334,4.170325490294492,0.8347524265065617,1.0,274.3,0.8430350491130153,0.12087912087912088,C[C@@H](CCc1cccc2oc([N-]C=O)nc12)CC(N)=O,4.015312859336909,4.16661791893516,False
Menin,molgen_ns1.0,28,True,True,native Maestro bonds,,26.0,1.0833333333333333,3.3545227345521473,0.6714574195600959,1.0,352.4050000000002,1.0830833630429175,0.09090909090909091,CCc1c(C)c(O)c2c(c1C1(F)CCCC1)C(=O)c1ccccc1C2=O,3.757244338716221,4.065938199929389,False
Menin,molgen_ns1.0,29,True,True,native Maestro bonds,,28.0,1.1666666666666667,3.7312387741259356,0.7468627155903479,1.0,369.4680000000001,1.1355248761417702,0.09574468085106383,Oc1cccc(-c2ccccc2N2CCCC2)c1Cc1ccc2nccn2c1,2.661873024869964,2.7131986849643543,False
GCGR,apo2mol,0,True,True,Apo2Mol official reconstruction,,24.0,0.8888888888888888,4.908210420931049,0.9273297967953539,1.0,337.42000000000013,0.8467400933015133,0.07017543859649122,CCNCCNCc1ccc(C[C@@]2(O)NC[C@@H](CC(=O)O)O2)cc1,1.2562564680077812,5.865130930669354,False
GCGR,apo2mol,1,True,True,Apo2Mol official reconstruction,,24.0,0.8888888888888888,4.411855688989386,0.8335513127379075,1.0,337.59200000000004,0.8471717194530389,0.08928571428571429,CCCCCCN[C@@]1(O)C[C@H](C[C@@H](C)[C@@H]2CC[C@H](C)C2)[C@H](C)[C@@H]1C,1.4074721872559046,5.757781551111596,False
GCGR,apo2mol,2,True,True,Apo2Mol official reconstruction,,24.0,0.8888888888888888,4.218978166052234,0.7971101134386787,2.0,343.5520000000001,0.8621280674942844,0.07407407407407407,CC(C)[C@H](C)CC=CCC=O.CCCNC[C@@H](O)CCC(C)(C)O,1.2387599148153423,5.700659517070652,False
GCGR,apo2mol,3,True,True,Apo2Mol official reconstruction,,24.0,0.8888888888888888,4.407158464639064,0.8326638454680222,1.0,325.38000000000005,0.816526262694702,0.030303030303030304,CN1CNC2=C(NNCNc3ncnc4ccccc34)N=CCN21,1.4019057531515655,5.97694211960416,False
GCGR,apo2mol,4,True,True,Apo2Mol official reconstruction,,24.0,0.8888888888888888,4.399091240309453,0.831139669270038,1.0,331.4120000000001,0.8316632914505396,0.09836065573770492,CCCCOC=C1CC(OC)=C(CC2=CC(C(=O)O)=CC=CC2)N1,1.1472558669570447,5.6962213835062325,False
GCGR,apo2mol,5,True,True,Apo2Mol official reconstruction,,24.0,0.8888888888888888,3.8721088885836252,0.7315745742087816,1.0,340.50400000000013,0.854479250576547,0.10526315789473684,C[C@@H]1[C@@H](O)[C@H](C)C[C@](C)(OC=C2CCC(C)(C)C2)O[C@@H]1CCCO,1.207878701913533,5.878472238154064,False
GCGR,apo2mol,6,True,True,Apo2Mol official reconstruction,,24.0,0.8888888888888888,4.6964487136968565,0.8873207254439935,1.0,336.60400000000004,0.8446923785361345,0.05555555555555555,CC(=O)C[C@@H](C)CC[C@@H](C)C(C)(C)[C@@H]1CC[C@H](CC(C)C)CC1C,1.3198362347272514,5.907626739952954,False
GCGR,apo2mol,7,True,True,Apo2Mol official reconstruction,,24.0,0.8888888888888888,3.6393652643806607,0.6876012969390984,2.0,333.4280000000001,0.8367223514591221,0.03508771929824561,CN1CC(O)=C2C=C(O)CC=C21.O=C1C[C@@H](O)CC[C@H]2CC[C@H]2C1,1.2509278798324146,5.892945150071571,False
GCGR,apo2mol,8,True,True,Apo2Mol official reconstruction,,24.0,0.8888888888888888,4.42667135657002,0.8363505020204915,1.0,339.5640000000001,0.8521203634693706,0.05454545454545454,CC(C)C[C@@H](C)C[C@@H](C)N(CC[C@@H]1CCC[C@H](C)C1(C)C)C(=O)O,1.5905041196409029,5.894990487638569,False
GCGR,apo2mol,9,True,True,Apo2Mol official reconstruction,,24.0,0.8888888888888888,4.045719506303155,0.7643755923079258,2.0,336.6040000000001,0.8446923785361347,0.07142857142857142,CCCC[C@@H](C)CC(C)=O.C[C@H]1CC[C@]2(C)C[C@H]1CCCC2(C)C,1.1751784625425363,5.845938984340874,False
GCGR,apo2mol,10,True,True,Apo2Mol official reconstruction,,24.0,0.8888888888888888,4.320924715879935,0.8163713237838081,1.0,333.56,0.8370535994358742,0.09433962264150944,CCCC[C@H]1C[C@H](C[C@@H]2C[C@H]3CC[C@]2(CC(=O)NCCC)CC3)C1,1.3820587623384828,5.8887487123181,False
GCGR,apo2mol,11,True,True,Apo2Mol official reconstruction,,24.0,0.8888888888888888,3.486437434615936,0.6587079689971446,1.0,334.5440000000002,0.8395229025353018,0.058823529411764705,C[C@@H]1CC[C@]2(C)CC[C@H]1[C@@]1(O)C[C@@H](CC3(O)CCCC3)C[C@@H](C)[C@@H]21,1.405714326894739,5.932517305468813,False
GCGR,apo2mol,12,True,True,Apo2Mol official reconstruction,,24.0,0.8888888888888888,3.997663516059614,0.7552961625676481,1.0,338.53200000000015,0.8495306065602155,0.05454545454545454,C[C@@H]1[C@H](CC(=O)O)CCC[C@H]1[C@@H](O)[C@@H](C)CCCC1CCCCC1,0.9897696518908572,5.815811186927198,False
GCGR,apo2mol,13,True,True,Apo2Mol official reconstruction,,24.0,0.8888888888888888,4.13327833327126,0.7809184668500834,1.0,332.57200000000006,0.8345742585189699,0.05172413793103448,CCC[C@H](C)[C@@]1(C(C)C)CC(=O)C[C@@H](C[C@]2(C)CCC(C)=C2C)C1,1.4926377669736042,5.849454510534666,False
GCGR,apo2mol,14,True,True,Apo2Mol official reconstruction,,24.0,0.8888888888888888,4.380742232502361,0.8276729104675662,1.0,342.5200000000001,0.8595383105851292,0.09090909090909091,CCC=C[C@H]1CC[C@H](O)C[C@@H]1[C@H](O)[C@H](CO)CC[C@@H](C)[C@H](O)CC,1.3558588743265114,5.747806045490231,False
GCGR,apo2mol,15,True,True,Apo2Mol official reconstruction,,24.0,0.8888888888888888,4.083413553578251,0.7714972945582907,1.0,336.56000000000006,0.8445819625438837,0.05555555555555555,CC(=O)CC[C@@H]1CC[C@]2(CC[C@@H]2C)[C@H]1C(O)[C@@H](C)C[C@@H](C)C(C)C,1.3100779550586177,5.7611012490728015,False
GCGR,apo2mol,16,True,True,Apo2Mol official reconstruction,,24.0,0.8888888888888888,4.935976223519054,0.9325757120808911,1.0,336.5280000000001,0.844501660004065,0.029411764705882353,CNC1=CN=C(CN[C@H](C)[C@H](CN)CN2CCC[C@@H](C)C2)CN1C,1.3481193610105775,5.882625154940146,False
GCGR,apo2mol,17,True,True,Apo2Mol official reconstruction,,24.0,0.8888888888888888,4.3715129197958875,0.8259291757979692,1.0,338.6200000000001,0.849751438544717,0.08888888888888889,CC[C@H](C)[C@H](C)[C@@](C)(CC)[C@H](C)C(C)(C)CCC(O)=C(C)C(C)C,1.3113491676747715,5.579454069003859,False
GCGR,apo2mol,18,True,True,Apo2Mol official reconstruction,,24.0,0.8888888888888888,3.5357954951346753,0.6680334046051747,1.0,330.4680000000001,0.829294366525886,0.03278688524590164,CC1CCC[C@]23C[C@@H]4C[C@@H]5CC(O)=C(O)[C@@H]5C[C@@H](C2=O)[C@]4(C)C[C@@H]13,1.210173545688085,5.70817645143608,False
GCGR,apo2mol,19,True,True,Apo2Mol official reconstruction,,24.0,0.8888888888888888,3.927806943668235,0.7420978528936653,2.0,339.47600000000017,0.8518995314848692,0.08196721311475409,CC1=CC(C(=O)O)CCC1.COC(=O)[C@H](C)CCCCC=C(C)N,1.5830909137122804,5.871940778783974,False
GCGR,apo2mol,20,True,True,Apo2Mol official reconstruction,,24.0,0.8888888888888888,4.442293085861335,0.8393019840897055,1.0,322.36800000000005,0.8089677861342605,0.015151515151515152,CN1OCC2=C1C[C@@H](N(C=O)c1ccc(-c3cccnc3)cn1)C2,1.6219243597951911,5.80646086850129,False
GCGR,apo2mol,21,True,True,Apo2Mol official reconstruction,,24.0,0.8888888888888888,4.684798900584924,0.8851196749797099,3.0,340.59200000000004,0.8547000825610483,0.08333333333333333,CC(C)O.CCC(C)C.CCCC[C@@H]1C=C(CC)CC(O)=C1CC,1.2008884578946284,5.824634910801528,False
GCGR,apo2mol,22,True,True,Apo2Mol official reconstruction,,24.0,0.8888888888888888,3.7046300502278675,0.6999320601719637,1.0,330.55600000000004,0.8295151985103876,0.0425531914893617,CC1CC[C@H](C)C[C@H]1[C@H]1C[C@H]2C[C@@H]1[C@H](C)[C@H]1C[C@@H]3CC[C@H](O)[C@@H]3[C@H]21,1.4069984922979168,5.968606543548176,False
GCGR,apo2mol,23,True,True,Apo2Mol official reconstruction,,24.0,0.8888888888888888,4.519722250807601,0.8539310170035052,1.0,332.57200000000006,0.8345742585189699,0.07272727272727272,CCC(C)=CCC[C@@H]1CCCC[C@@H](C2CCC(C)(C)CC2)C(=O)C1,1.654927659075024,5.786791752802851,False
GCGR,apo2mol,24,True,True,Apo2Mol official reconstruction,,24.0,0.8888888888888888,3.7242724842660486,0.7036431916848904,1.0,335.57600000000014,0.8421126594444569,0.03508771929824561,CC(C)CCN1C(C)C[C@H](C)C[C@H]1C[C@@H](CC=O)CC1CCCC1,1.2096302865928708,6.016785498420399,False
GCGR,apo2mol,25,True,True,Apo2Mol official reconstruction,,24.0,0.8888888888888888,4.207124443375937,0.7948705374429548,1.0,338.5800000000002,0.8496510603699439,0.07547169811320754,CCC[C@@H](C)C[C@H](CCC)[C@@H]1C[C@@H](NC(=O)NC(C)C)C[C@H]1CC,1.3281441717186386,5.9744148524411065,False
GCGR,apo2mol,26,True,True,Apo2Mol official reconstruction,,24.0,0.8888888888888888,3.796634724287978,0.7173149081722336,1.0,332.4000000000001,0.8341426323674441,0.05084745762711865,CC(=O)CC(=O)[C@@H]1NCN(C(=O)c2ccc(C)cc2O)[C@H](C)[C@H]1C,1.5528440482897503,5.9136550828343655,False
GCGR,apo2mol,27,True,True,Apo2Mol official reconstruction,,24.0,0.8888888888888888,3.9451446782300277,0.7453735473910966,1.0,326.52400000000017,0.8193970784932232,0.016666666666666666,C[C@@H]1CCC[C@@H]2CCC3=C4C[C@@H](C)[C@@H](C)CC4C=CC=C3OC[C@@H]21,1.3162120584045167,5.747994089361941,False
GCGR,apo2mol,28,True,True,Apo2Mol official reconstruction,,24.0,0.8888888888888888,4.03751459950067,0.7628254031543749,1.0,338.532,0.8495306065602151,0.09433962264150944,C[C@H]1CC[C@@H](C(=O)[C@@H](CCO)[C@H]2C[C@H]([C@H](C)O)C(C)(C)C2)[C@@H](C)C1,1.4181210622133296,5.930900239844122,False
GCGR,apo2mol,29,True,True,Apo2Mol official reconstruction,,24.0,0.8888888888888888,4.407581278316246,0.8327437295169358,1.0,335.57600000000014,0.8421126594444569,0.07142857142857142,CCCCC[C@@H]1CC[C@H]([C@H]2C[C@@H](NC(=O)CC)C[C@@H]2CC(C)C)C1,1.3536753435625497,5.852945906194064,False
GCGR,molgen_ns1.0,0,True,True,native Maestro bonds,,38.0,1.4074074074074074,6.262756599981305,1.1832501680190315,1.0,523.7620000000003,1.314356839392411,0.09210526315789473,CCNC[C@H](CC)C(=O)N[C@@H](C)COCC[C@H](C)[C@H](C)N(C=O)c1cccc(-c2cc(C)ccc2CC)c1,3.016399763205174,6.209381678871921,False
GCGR,molgen_ns1.0,1,True,True,native Maestro bonds,,49.0,1.8148148148148149,5.776118179148681,1.0913074293827516,1.0,671.8149999999998,1.6858890871357828,0.061855670103092786,CCCCOc1cccc(C[C@@H](C)C[C@H](C)c2ccc(O[C@@H](C)NC(=O)[C@@H]3CCN(c4ccc(C(N)=O)c(C(=O)[O-])c4)C3)cc2NC=O)c1,3.0622125129111923,6.380305339142792,False
GCGR,molgen_ns1.0,2,True,True,native Maestro bonds,,28.0,1.037037037037037,4.814210215733783,0.9095699243146287,1.0,403.60400000000027,1.0128258212816788,0.1206896551724138,CC[C@H](C)O[C@H](C)[C@](C)(NC=O)[C@H](C)[C@@H](CO)C[C@H](O)CCC[C@H](C)CCO,2.7309166780036147,6.403949649588092,False
GCGR,molgen_ns1.0,3,True,True,native Maestro bonds,,35.0,1.2962962962962963,5.986813278722306,1.1311149818544575,1.0,495.72500000000036,1.2439992672393243,0.06896551724137931,C=C(C[C@@H](O)[C@H](C)CCC)[C@@H](C)CC[C@@H](C)NC(=O)[C@H](C)[C@@H](C)[C@H](C)NC(=O)[C@@H](C)[C@@H](C)C(=O)[O-],2.2350771976833803,5.945369858668666,False
GCGR,molgen_ns1.0,4,True,True,native Maestro bonds,,31.0,1.1481481481481481,5.553790880341088,1.049302154314248,1.0,436.68100000000044,1.0958310434562217,0.05970149253731343,C#C[C@H](C)[C@](C)(NC(=O)CC)[C@@H](CC)[C@H](C)C[C@@H](O)CCCN(C=O)CCCCCC,3.1545809055000924,6.514921179309506,False
GCGR,molgen_ns1.0,5,True,True,native Maestro bonds,,36.0,1.3333333333333333,5.354053790206625,1.0115649467941694,1.0,489.7040000000003,1.2288898424815493,0.0547945205479452,C/C=C(\C)CN(C(C)=O)c1c([C@@H](C)CCC[C@H](C)[C@H](CC)Nc2ccccc2O)[nH]c2ccccc12,2.612789040323637,6.558843540155262,False
GCGR,molgen_ns1.0,6,True,True,native Maestro bonds,,43.0,1.5925925925925926,7.1484114758768476,1.3505808416577618,1.0,594.7730000000001,1.4925557036133628,0.03296703296703297,Cc1ccc(C[C@H]2CC[C@H]([C@@H](C)n3ccc([C@@H](C)NC(=O)CC[C@H](C)[C@](C)(O)[C@@H](C)[C@@H](C)C(=O)[O-])cc3=O)N2)c(C=O)c1,2.7002547316324668,6.217758868409396,False
GCGR,molgen_ns1.0,7,True,True,native Maestro bonds,,49.0,1.8148148148148149,6.199951580536705,1.1713841392785114,1.0,700.9339999999997,1.7589618889164913,0.053763440860215055,CCCC[C@@H]1CN([P@@H](=O)c2ccccc2-n2ccc(Cc3ccc([C@H](C)[C@H](C)N(CC)C(=O)Cc4ccc(CC)nn4)cc3)n2)[C@H](CC)S1,3.88318278013288,6.856395429968771,False
GCGR,molgen_ns1.0,8,True,True,native Maestro bonds,,43.0,1.5925925925925926,5.667611200531437,1.0708067283527172,1.0,583.7490000000001,1.4648914786457976,0.045454545454545456,C=C[C@@H](c1ccccc1NC(=O)N1CC[C@@](C)(Cc2ccccc2C(=O)[O-])C1)[C@@H](C)[C@@H](C)O[C@@H](C)c1cccc(OC)c1,2.35196542931471,5.715980611940713,False
GCGR,molgen_ns1.0,9,True,True,native Maestro bonds,,37.0,1.3703703703703705,6.940464505561452,1.3112925053418534,1.0,511.6630000000003,1.283994950977809,0.0625,C[C@H](C(=O)N[C@H](C)[C@H](C)C(=O)NCNC(=O)C[C@H](C)[C@@H](C)Cc1ccc(CO)cc1)c1ccccc1O,2.2527383406675474,6.322758611215808,False
GCGR,molgen_ns1.0,10,True,True,native Maestro bonds,,33.0,1.2222222222222223,5.761265409638221,1.088501230269273,1.0,471.76700000000034,1.183877759458761,0.0967741935483871,CC[C@@H](C)[C@H](O)CN(C=O)CCCCO[C@@H](C)C[C@H](C)C[C@H](C)C(C)(C)[C@@](C)(CC)[C@H](C)O,2.871182634749943,6.1951362896072,False
GCGR,molgen_ns1.0,11,True,True,native Maestro bonds,,47.0,1.7407407407407407,6.293049704840745,1.1889735776458494,1.0,642.9290000000001,1.61340098822313,0.054945054945054944,CC[C@@H](c1cncc(C)n1)C(C)(C)NC(=O)CCN1c2ccccc2C[C@H]1[C@@H](CO[C@@H](C)[C@H](C)[C@@H](C)[C@@](C)(O)CC)c1ccccc1,3.291222618109598,6.612403642776639,False
GCGR,molgen_ns1.0,12,True,True,native Maestro bonds,,28.0,1.037037037037037,5.601899163544486,1.0583914639935825,1.0,401.6320000000003,1.0078771772653474,0.1509433962264151,CCC[C@H](CCCO)CCO[C@@H](C)CC[C@H](C)[C@H](C(N)=O)[C@H](C)[C@@H](C)COC,3.268459344007141,7.1754221628056,False
GCGR,molgen_ns1.0,13,True,True,native Maestro bonds,,28.0,1.037037037037037,5.721171234069193,1.0809260612169138,1.0,401.6320000000002,1.007877177265347,0.11320754716981132,CC[C@H](CNC(=O)[C@H](C)OCCC(C)C)C[C@H](O)[C@@H](C)CCC[C@@H](C)[C@@H](C)O,2.666812524732746,6.303745424617525,False
GCGR,molgen_ns1.0,14,True,True,native Maestro bonds,,37.0,1.3703703703703705,5.576033712024463,1.0535045903991265,1.0,516.8110000000004,1.2969136220711532,0.056338028169014086,CCCc1ccc([C@H](O)CC[C@H](CCC)NC(=O)C[C@H](CC)[C@@H](C)[C@@H](C)C(C)(C)C(N)=O)c(CCC)c1,2.404493556101768,5.821383612963289,False
GCGR,molgen_ns1.0,15,True,True,native Maestro bonds,,47.0,1.7407407407407407,7.154610963682638,1.3517521381740363,1.0,647.905,1.625888033164948,0.04819277108433735,CCCc1ccccc1CC[C@@H](C)[C@@H](C)C(=O)N[C@H](C)N1CCC[C@@H]1NC(=O)[C@H](C)C(=O)N[C@@H](CCc1ccc(C)cc1)CNC=O,3.07710506091144,6.670535401731641,False
GCGR,molgen_ns1.0,16,True,True,native Maestro bonds,,37.0,1.3703703703703705,5.546584590882302,1.0479406383305472,1.0,515.7390000000003,1.2942234869872242,0.06578947368421052,CC[C@@H](CO)[C@H](C)N(C=O)[C@@H](C)[C@H](C)CCC(=O)[C@H](C)[C@H]1NCC[C@H]1NC(=O)[C@@H](C)c1ccc(C)cc1,2.703518381599656,6.369844098267807,False
GCGR,molgen_ns1.0,17,True,True,native Maestro bonds,,39.0,1.4444444444444444,6.31881575708551,1.193841671297756,1.0,537.7490000000001,1.3494565776563199,0.07042253521126761,CC[C@@H](C)[C@H](C)CCc1cncc(CCc2cccc([C@H](C)NC(=O)[C@@H](C)[C@H](C)NC(=O)C(=O)N(C)C)c2)n1,2.9079705577024715,6.192739961645046,False
GCGR,molgen_ns1.0,18,True,True,native Maestro bonds,,29.0,1.0740740740740742,5.334112925681636,1.0077974314959206,1.0,411.5430000000002,1.0327483795198409,0.07692307692307693,CC[C@](C)(O)c1cnc([C@@H](C)COC(=O)NCC[C@@H](C)[C@@H](C)C[C@@H](C)O)c(O)n1,2.8802191339516297,6.30381778451683,False
GCGR,molgen_ns1.0,19,True,True,native Maestro bonds,,33.0,1.2222222222222223,5.9650245180098915,1.1269983353965753,1.0,462.76300000000026,1.1612826323172554,0.07936507936507936,CC[C@@H](O)[C@@H](CC)[C@](C)(CC)CC[C@@H](C)CCCCCC[C@@H](CO)CCc1nccnc1C,3.374823887941214,6.776962391663317,False
GCGR,molgen_ns1.0,20,True,True,native Maestro bonds,,37.0,1.3703703703703705,5.282961320795347,0.9981331336567989,1.0,503.68300000000033,1.263969505110504,0.07246376811594203,Cc1cccc(C[C@H](C)c2cccc([C@@H](C)COC(=O)NCCOc3cccc(C(C)C)c3)c2O)c1C,3.229248726367973,6.669751600554817,False
GCGR,molgen_ns1.0,21,True,True,native Maestro bonds,,36.0,1.3333333333333333,4.702710675015127,0.8885038253559387,1.0,513.7400000000006,1.2892070877029216,0.078125,CCC[C@H](CCCCC[C@@H](C)O)N(C=O)CCCC[C@@H](CO)[C@@H](C)[C@@H](C)NC(=O)[C@@H](C)[C@@H](C)C(=O)[O-],3.8966129513550856,7.27462337534005,False
GCGR,molgen_ns1.0,22,True,True,native Maestro bonds,,39.0,1.4444444444444444,4.943976661233794,0.934087269989787,1.0,545.7850000000003,1.3696225529683081,0.0625,CC[C@H]([C@H](C)C(N)=O)[C@@H](C)C[C@H](C)[C@H](C)C(=O)N[C@@H](C)c1ccc([C@H](O)[C@H](C)CCCC[C@H](C)C(=O)[O-])cc1,3.282038599182574,6.48840551328104,False
GCGR,molgen_ns1.0,23,True,True,native Maestro bonds,,30.0,1.1111111111111112,5.937749075009634,1.1218450659061174,1.0,430.6300000000003,1.0806463350673663,0.12280701754385964,CC(C)[C@H](C)OCCC[C@H](C)CC[C@H](C)N(CCC[C@@H](C)C(=O)NCCO)C(=O)O,3.287346674314901,6.349517859014558,False
GCGR,molgen_ns1.0,24,True,True,native Maestro bonds,,45.0,1.6666666666666667,5.333634857402479,1.0077071079518698,1.0,610.7590000000001,1.5326718411615756,0.06593406593406594,CC[C@@H](COc1cnncc1C)N(C=O)CC[C@H](NC=O)[C@H](C)C1(c2ccccc2-c2cccc3nc(C)nc(O)c23)CCC1,3.181749073614756,6.270538810930469,False
GCGR,molgen_ns1.0,25,True,True,native Maestro bonds,,33.0,1.2222222222222223,5.516733020998664,1.042300649849987,1.0,464.77900000000034,1.1663416923258378,0.06557377049180328,CC[C@@H](/C=C/[C@@](C)(CC)C(=O)NC[C@H](C)C(C)C)CCN(CC)C(=O)[C@H](C)[C@@H](C)[C@@H](C)CC,2.240704292472925,5.844774243178508,False
GCGR,molgen_ns1.0,26,True,True,native Maestro bonds,,46.0,1.7037037037037037,5.6812887698137065,1.0733908917148038,1.0,634.9700000000001,1.593428240897581,0.05128205128205128,CC[C@@H](CCCc1ccc(C)cc1)[C@@H](CC)CCC[C@@H](C)c1nccnc1CC[C@H](C)NC(=O)[C@@](C)(CC)[C@H](C)[C@@H](CC)C(=O)[O-],2.557643342259266,5.689376423914959,False
GCGR,molgen_ns1.0,27,True,True,native Maestro bonds,,32.0,1.1851851851851851,5.729185532876134,1.0824402379629645,1.0,458.68400000000014,1.1510465679447315,0.1076923076923077,CCC(=O)N([C@@H](C)O)[C@H]1CCN[C@@H]1[C@@H](C)OCCCC[C@](C)(CC)O[C@@H](C)[C@](C)(O)CC,3.539817356938538,6.663978883664434,False
GCGR,molgen_ns1.0,28,True,True,native Maestro bonds,,36.0,1.3333333333333333,6.323606026183376,1.1947467179213027,1.0,501.7560000000004,1.2591337865407928,0.05555555555555555,CCCCC[C@@H](C)CCN(C=O)CCNC(=O)C[C@@H](C)C(=O)N(CCC)[C@H](C)c1cccc(C)c1C,3.020485839221896,6.057646220670214,False
GCGR,molgen_ns1.0,29,True,True,native Maestro bonds,,39.0,1.4444444444444444,5.691134776248066,1.0752511410445968,1.0,538.6890000000002,1.3518154647634961,0.06172839506172839,CC(=O)NC[C@@H](O)Cc1cc2ccc([C@H](CC[C@H](C)O[C@H](C)[C@H](C)[C@@](C)(O)c3ccccc3)NC=O)nc2[nH]1,2.618410664490796,6.514285819666404,False
THSR,apo2mol,0,True,True,Apo2Mol official reconstruction,,39.0,1.0,4.158284990525214,0.8752206821933776,2.0,565.9970000000002,1.0809948260945128,0.07086614173228346,C=C(CC)CN(CO)C[C@@H](CC)N(C(C)C)[C@@H](C)[C@@H](C)CCC.CCC=CCN[C@H](CC1=CCCS1)C(C)C,1.697911544391226,1.885672120053082,False
THSR,apo2mol,1,True,True,Apo2Mol official reconstruction,,39.0,1.0,4.599656040279542,0.9681188534698968,2.0,542.6960000000004,1.0364923632849432,0.11811023622047244,CCCN(C[C@H](N=C1C=CC(N)=C(O)C1)C(=O)O)C(=O)[C@@H]1CC[C@H](C)C1.Fc1ccc([C@@H]2CCCCN2)cc1,1.2831710908499512,1.9875921475635956,False
THSR,apo2mol,2,True,True,Apo2Mol official reconstruction,,39.0,1.0,4.186268117914302,0.8811104689442104,2.0,539.9330000000006,1.0312153234693628,0.056,CC(C)(C)O.CC1=C([C@H]2CC=C=C3[C@@H](CC(C)C)CCC[C@@H]3C[C@@H]([C@H](C)C(C)(C)C)C/C=C/C2(C)C)NCC1,1.897560540987376,2.531736959221198,False
THSR,apo2mol,3,True,True,Apo2Mol official reconstruction,,39.0,1.0,4.444174188347514,0.9353935994705427,2.0,537.9170000000003,1.0273649752000138,0.072,C=C1C=C[C@H]([C@H](O)C(C)=C=C(C)[C@H](C)CCCCCC)CC[C@H]1C(C)C.CC1CC2=C(CC(C)(C)C[C@H]2C)N1,1.568850463805251,2.3036978920036386,False
THSR,apo2mol,4,True,True,Apo2Mol official reconstruction,,39.0,1.0,4.420777036991541,0.9304690522550884,1.0,529.8530000000003,1.0119635821226192,0.08264462809917356,CC[C@H]1[C@@H]2CC/C=C/CCC[C@H](C)C[C@H](C)[C@@]3(C)C[C@H](C)CC3=C=C(C)c3ccc(cc3)N1C(=O)C[C@@H](C)C2,1.6466395221503587,2.6770737088458687,False
THSR,apo2mol,5,True,True,Apo2Mol official reconstruction,,39.0,1.0,4.145453209483984,0.8725198956474216,1.0,553.8250000000002,1.0577475844603303,0.06474820143884892,CN1C[C@@H]2C/C(=N\C3=NC(=NC[C@@H]3C[C@@H]3CC=CCC3)N3CNCN(C[C@@H]4C=CC[C@H](CS)[C@H]4CN2)C3)CN1,1.9556083596302287,2.9342787708424667,False
THSR,apo2mol,6,True,True,Apo2Mol official reconstruction,,39.0,1.0,4.3435448876208405,0.9142135107004563,1.0,536.8930000000001,1.025409242745741,0.06015037593984962,CC[C@@H]1C[C@H]([C@@H](C)CC(C)(C)C)N([C@H](CNN(C2=CC=CC=CC2)[C@H](CC)CC2CCC2)C2=CNCCC2)C1,1.7165071877246842,2.3944115203706557,False
THSR,apo2mol,7,True,True,Apo2Mol official reconstruction,,39.0,1.0,4.801514065711656,1.0106051955862865,1.0,536.9730000000004,1.0255620343437317,0.08333333333333333,CCC(C)(C)[C@H](C)[C@@H](C)[C@H](C)CCCCC[C@@H](C)[C@@H]1C=C([C@H](C)Cc2ccc(C)c(CCC(C)C)c2)CCC1,1.3495172189368216,2.0839613941021824,False
THSR,apo2mol,8,True,True,Apo2Mol official reconstruction,,39.0,1.0,4.894330800878887,1.0301409240072876,1.0,530.8010000000004,1.013774162558801,0.08029197080291971,Cc1ccccc1C=CN(CCC(C)C)CC1=C(CC[C@]23/C=C\CCCCO[C@H]2[C@@H](C)NN3C)C(=N)C=CC1,1.6718534243791476,2.308588898747289,False
THSR,apo2mol,9,True,True,Apo2Mol official reconstruction,,39.0,1.0,4.542614234056741,0.9561129018168435,1.0,537.7890000000004,1.02712050864323,0.07575757575757576,CCN1CC[C@]2(O)C[C@](C)(CC[C@@H](C)O)C(=CC[C@H]3C[C@@]4(O)CCC[C@H]4C34CCCC4)Nc3nc(C)cc1c32,1.533214117867714,2.172453417138324,False
THSR,apo2mol,10,True,True,Apo2Mol official reconstruction,,39.0,1.0,4.3571003730577225,0.9170666199122017,1.0,558.7640000000001,1.0671805557412395,0.05042016806722689,C=CCN(CC=C(F)N[C@@H](C[C@@H](C(=C)C)C(C)C)C(C)(F)F)[C@H](C=CC(=C)CC(=C)CC(C)(C)C)C(C)(F)F,1.3975167165855025,1.8741755572183167,False
THSR,apo2mol,11,True,True,Apo2Mol official reconstruction,,39.0,1.0,4.5874357362652525,0.9655467683818456,2.0,532.7810000000002,1.017555754609054,0.08088235294117647,C=C(NCC)[C@@H](C)CC.CC(C)[C@@H]1CNc2[nH]c(=NC3=CC4=C(NCN4)N[C@H]3C=C=C3C=CCCCC3)[nH]c21,1.6211154713558658,1.8802075963506928,False
THSR,apo2mol,12,True,True,Apo2Mol official reconstruction,,39.0,1.0,4.181364445942633,0.8800783619245915,2.0,536.9290000000003,1.025477998964837,0.10256410256410256,CC=C(C)C=C1C[C@H](O)[C@@H](C)[C@@H](C[C@H]2CCC[C@@H]2[C@@H](C)CC)[C@H]1CC(CC)(CC)C(C)C.Cc1ccccc1,2.282108219815555,2.5542111774947336,False
THSR,apo2mol,13,True,True,Apo2Mol official reconstruction,,39.0,1.0,4.101142441566005,0.8631935265760253,1.0,558.6270000000003,1.066918900129682,0.09375,CC[C@@H]1[C@@H](C(F)(F)F)C[C@@H](F)C(F)(F)[C@H]1/C=[C]/C(=O)N1C[C@H](O)C[C@@H](C)CC(C2=CC=CCC=C2)/C=C\[C@@H]1C,1.9223729503030145,2.7388349598568564,False
THSR,apo2mol,14,True,True,Apo2Mol official reconstruction,,39.0,1.0,4.404085850791644,0.9269559521655619,1.0,531.8330000000003,1.0157451741728722,0.096,CC[C@@H]1CC[C@H]2C=C(CCc3ccnc(c3)C(C)(C)Nc3cc(nc(N(C)C(C)C)n3)[C@H](CC)[C@@H](C)[C@H]2C)C1,1.2590455458690275,2.040899676625027,False
THSR,apo2mol,15,True,True,Apo2Mol official reconstruction,,39.0,1.0,4.397822590455464,0.925637683937993,1.0,525.8250000000004,1.0042705251638215,0.08130081300813008,CCC1=CC2=C[C@@H]([C@@H]3N=C(c4cnc(c(C)c4)N[C@H](C)CC[C@H](C)[C@H]4CC[C@@H]5[C@H](CC[C@@H]54)C2)[C@@H]2CC[C@H]32)[C@@H]1C,1.538377587843089,2.0485820301240407,False
THSR,apo2mol,16,True,True,Apo2Mol official reconstruction,,39.0,1.0,4.751323096846494,1.0000411832325866,1.0,524.7170000000003,1.0021543615316595,0.058394160583941604,C1=NNC=NC1=CC[C@H]1CC[C@@H]2[C@@H](C3=c4[nH]c5c(c4CN3)CC=NC=5NCC3=C4CCC[C@H]4CCC3)CCN12,1.8344391264513007,2.639389714546901,False
THSR,apo2mol,17,True,True,Apo2Mol official reconstruction,,39.0,1.0,4.841863282503972,1.0190977518029491,1.0,536.9290000000003,1.025477998964837,0.058333333333333334,CC1=C(C[C@H](O)[C@@H](C)C(C)C)[C@@H]([C@@H]2C[C@H]([C@H]3CC[C@H]([C@H](C)[C@@H]4C=CC[C@H](C5CCCC5)C4)CC3)C[C@@H]2C)CC1,1.361257956225744,1.6977982118940245,False
THSR,apo2mol,18,True,True,Apo2Mol official reconstruction,,39.0,1.0,4.44510023941192,0.9355885113263154,1.0,554.9330000000006,1.0598637480924928,0.11290322580645161,CCC=C1C[C@@H](CCCCC)CN(CCC)CN[C@@H]2C[C@H](CC[C@@H]3CC[C@@H](CN3)[C@H](c3ccccc3)N1)CS2,1.6216784549669894,1.874276447071621,False
THSR,apo2mol,19,True,True,Apo2Mol official reconstruction,,39.0,1.0,4.522249413513582,0.9518265885484791,1.0,553.0390000000002,1.0562464070100783,0.07801418439716312,CC1C(c2nc3c(Cl)nn[nH]n2-3)=NC(CCNC2=CNN=CN2CCCC2CN=CNNC2)c2nncnc21,1.1163428254527457,1.4916075328236185,False
THSR,apo2mol,20,True,False,Apo2Mol official reconstruction,no sanitizable molecular graph,39.0,1.0,4.21527008973699,0.8872146983612518,,,,,,0.9347364988603044,1.9631344950920169,False
THSR,apo2mol,21,True,True,Apo2Mol official reconstruction,,39.0,1.0,4.727453680796915,0.9950172354641987,2.0,546.9250000000004,1.044569309133691,0.0873015873015873,CC(=O)NCCC[C@@H](C)C1CCNO1.CC(C)C[C@@H](C)C[C@@H]1C[C@H]2C[C@H]3CC[C@H](C)[C@@H](C)CC[C@@](C)(C3)[C@@H]2C1,1.617413464743514,2.2584090830211454,False
THSR,apo2mol,22,True,True,Apo2Mol official reconstruction,,39.0,1.0,4.652202506086071,0.9791786422421503,1.0,541.7600000000002,1.0347047015884596,0.06428571428571428,CC[C@@H](C)N1C[C@H]2COC3=C(F)C=NC(C3)C(=N)N[C@]3(C)CC[C@H](/C=N/C/N=C/C[C@]4(C)CCC[C@@]14C2)N3C,2.803730229882874,2.7787269747462,False
THSR,apo2mol,23,True,True,Apo2Mol official reconstruction,,39.0,1.0,4.524040887595574,0.9522036514895102,1.0,540.8730000000002,1.033010624745745,0.0847457627118644,CC[C@@H](C)C[C@]1(C[C@@H](C)C=CCC=C(C)O)C[C@H](C(C)=CC(=O)[C@H](C=CC=C[C@H](C)[C@H](C)CC)CC)C[C@H]1O,2.061207604246086,1.8933798057636104,False
THSR,apo2mol,24,True,True,Apo2Mol official reconstruction,,39.0,1.0,4.671511198836925,0.9832426655787352,1.0,528.7490000000003,1.0098550580703567,0.06766917293233082,CC[C@H]1C[C@H](C)[C@H](C2N=C(NN(C)c3ccncc3)[C@@H]([C@H]3CCNC3=C=C3CC=CC=N3)C[C@H]3NCN[C@H]23)C1,1.005175798157456,2.0421094030106914,False
THSR,apo2mol,25,True,True,Apo2Mol official reconstruction,,39.0,1.0,4.699394164776494,0.9891113707124162,1.0,539.8890000000004,1.031131288090468,0.05982905982905983,C[C@@H]1[C@@H](C)C[C@@H](C)[C@H]2C[C@@H](C[C@@H]2C(C)(C)[C@H]2CCC[C@@H]2C)CN2C(=O)[C@@H](CCCC(=O)[C@@H]1C)C[C@@H]1CCC[C@@H]12,1.347165230132014,1.7788222461344256,False
THSR,apo2mol,26,True,True,Apo2Mol official reconstruction,,39.0,1.0,4.470131006021392,0.9408568959314307,2.0,563.7000000000002,1.0766077973372241,0.0625,C=C1N=CC=C(NC[C@@H](F)C(F)F)N1.CC(C)CC1=C(C[C@@H](CC(F)F)[C@H]2C[C@@](C)(O)CC[C@H]2C)NCCN1,1.4138474901475662,2.390760292302383,False
THSR,apo2mol,27,True,True,Apo2Mol official reconstruction,,39.0,1.0,4.624422988470817,0.9733317105350586,1.0,536.9730000000004,1.0255620343437317,0.056,CC(CC[C@@H](C)CCC(C)C)=C(CC(C)(C)C)[C@@H](C)[C@H](CC1=CCC=CC=C1)C[C@@H]1CC(C)(C)C[C@H]1C(C)C,1.4111855776001416,1.7255716460403387,False
THSR,apo2mol,28,True,True,Apo2Mol official reconstruction,,39.0,1.0,4.564524781184474,0.960724553987885,1.0,529.8530000000003,1.0119635821226192,0.13934426229508196,CCCCN[C@H]1CCC[C@H](C=Cc2ccccc2)C[C@H]2CC[C@H](C)C[C@]2(C)CC[C@@H]1c1cccc(OC)c1C,1.3620498038753948,2.1675679816971014,False
THSR,apo2mol,29,True,True,Apo2Mol official reconstruction,,39.0,1.0,3.9523642654048556,0.8318792378411396,1.0,530.8850000000004,1.0139345937366908,0.088,CCN1C[C@@H]2C(C)=CCC[C@@H]3[C@@H]4C[C@@]5(C(C)(C)C[C@@H](C)Nc6cccc(C)c6C)C[C@@H]4C([C@H]32)[C@H]([C@@H](C)C5)[C@@H]1C,1.5437395375098302,2.2394269384780983,False
THSR,molgen_ns1.0,0,True,True,native Maestro bonds,,37.0,0.9487179487179487,5.656406181334542,1.1905397749482214,1.0,501.56300000000033,0.957932653283396,0.10743801652892562,CCc1ccc(CC[C@@](C)(C(=O)[O-])c2ccn3nc([C@H]4Oc5cc(C)c(CO)cc5O4)nc3n2)c(C)c1,1.7852458245410876,2.292796497109483,False
THSR,molgen_ns1.0,1,True,True,native Maestro bonds,,45.0,1.1538461538461537,5.900578424544285,1.2419322595330087,1.0,600.7630000000001,1.1473942347910284,0.10852713178294573,COCCC[C@@H]1CN[C@H]([C@H](C)c2c(-c3nccnc3C)ccc3oc(Cc4ccccc4Cc4cc5ccccc5o4)nc23)C1,2.076950132387588,2.5123408971223165,False
THSR,molgen_ns1.0,2,True,True,native Maestro bonds,,39.0,1.0,5.330024737790335,1.121844197246141,1.0,545.7050000000004,1.042239237264343,0.13333333333333333,CC[C@H](C)C[C@@H](C)CNC(=O)Cc1nc2c(O)cc(-n3c4ccccc4c4cc(O)c([C@@H](C)O)cc43)cc2s1,2.309527755910183,2.473943277948982,False
THSR,molgen_ns1.0,3,True,True,native Maestro bonds,,49.0,1.2564102564102564,6.054167663887191,1.274259163326652,1.0,657.8309999999998,1.2563881212172132,0.144,CCCCCOc1cccc(-c2ccc(CC3CCCCC3)c3c2C(=O)c2cc(-c4cnc(C(CC)CC)c(C(=O)[O-])n4)ccc2C3=O)c1,1.8464040441495728,2.1946556179961645,False
THSR,molgen_ns1.0,4,True,True,native Maestro bonds,,34.0,0.8717948717948718,3.986398418415555,0.8390426224296826,1.0,458.5780000000002,0.8758358177883797,0.11214953271028037,Cc1ccccc1N(Cc1ccc2cccc(C)c2c1C(C)C)C(=O)[C@H](C)C(=O)CCC(=O)[O-],1.8800235649105448,2.319758875700765,False
THSR,molgen_ns1.0,5,True,True,native Maestro bonds,,39.0,1.0,5.028333049537163,1.0583452293286817,1.0,529.7690000000003,1.0118031509447296,0.1322314049586777,CCCc1cccc(CC2(c3cc4c(=O)[nH]cnc4cc3C)CCCCC2)c1CCCCN(CC)C(=O)CC,1.574208144440847,2.4711370420945493,False
THSR,molgen_ns1.0,6,True,True,native Maestro bonds,,43.0,1.1025641025641026,4.880761090673187,1.0272848208180017,1.0,596.9250000000002,1.140064057877457,0.13934426229508196,CCc1sc2ccccc2c1N1[C@@H](CC)CCC[C@H]1c1cc([C@](C)(C(=O)NC(C)(C)CC)[C@@H](C)CC)cc2ccccc12,2.110632627483002,2.4912754999803832,False
THSR,molgen_ns1.0,7,True,True,native Maestro bonds,,36.0,0.9230769230769231,4.6912340085683395,0.9873938507493597,1.0,492.62000000000046,0.9408524625230862,0.11290322580645161,CCc1ccc(C)cc1CCCC[C@@]1(n2c(C)c(Cc3cnccn3)c(=O)[nH]c2=O)CC[C@H](CO)O1,1.4361936529821515,2.2721541787002715,False
THSR,molgen_ns1.0,8,True,True,native Maestro bonds,,40.0,1.0256410256410255,6.313629853242108,1.3288698200969364,1.0,549.6680000000005,1.049808151049774,0.15966386554621848,C[C@@H](Cc1ccccc1O)[C@H]1CC[C@H](CC(=O)[O-])C[C@@H]1NC(=O)c1ccc(CC[C@]2(C(=O)[O-])CNCCN2)cc1,2.451815624385428,3.143403432228168,False
THSR,molgen_ns1.0,9,True,True,native Maestro bonds,,46.0,1.1794871794871795,4.964597126699687,1.0449303243875476,1.0,646.6570000000004,1.2350469547679575,0.14754098360655737,C[C@H](C[P@@](=O)([O-])O)c1c2c(cc(CCN(C(=O)[C@H]3CCCN3)c3ccccc3)c1[C@H](C)N(C)C(=O)O)C(=O)c1ccccc1C2=O,2.160522584818541,2.724978524901688,False
THSR,molgen_ns1.0,10,True,True,native Maestro bonds,,35.0,0.8974358974358975,4.191300603558249,0.8821696881964884,1.0,477.6210000000002,0.9122059477949307,0.11711711711711711,CCC[C@H](CC)OCc1c([C@@H](C)C(C)(C)C(=O)[O-])ccc2c1C(=O)c1cc(C(C)C)ccc1C2=O,1.9829896272642804,2.9233077906610867,False
THSR,molgen_ns1.0,11,True,True,native Maestro bonds,,36.0,0.9230769230769231,5.21579535284971,1.0978016122761205,1.0,497.70000000000033,0.9505547289954527,0.10743801652892562,CCc1ccc2c([C@@H]3CNCCN3CCC[C@@H](C)[C@H](C)O)cc(CCC[C@H](O)CCC(=O)[O-])cc2c1,1.6960089135597831,2.2207488936692696,False
THSR,molgen_ns1.0,12,True,True,native Maestro bonds,,39.0,1.0,4.432341876501705,0.9329031775612195,1.0,527.6850000000003,1.0078229298170893,0.1440677966101695,CC[C@H](C)[C@H]1CCN[C@@H]1Cc1cccc(C(=O)Nc2ccccc2[C@](C)(O)C(=O)[O-])c1[C@H](C)c1ccccc1,2.477203790911608,2.4448868418630285,False
THSR,molgen_ns1.0,13,True,True,native Maestro bonds,,44.0,1.1282051282051282,5.4631554357424825,1.1498650617487065,1.0,591.6280000000004,1.1299473441955428,0.152,Cc1cccc(CN(C(=O)CC/C(N)=C2\N=C(c3n[nH]c4cc(CO)c(C)cc34)NC2=O)c2cccc3c2C(=O)NC3=O)c1,1.998639389757652,2.6529009032066964,False
THSR,molgen_ns1.0,14,True,True,native Maestro bonds,,49.0,1.2564102564102564,5.381678228003874,1.1327160357673995,1.0,650.887,1.2431258105116791,0.13178294573643412,CCc1ccccc1/C=C(\[C@@H]1CCNC1)[C@H]1CCN[C@H]1c1ccc([C@@H](C)CC)c2c(-c3cccc(-c4ccccc4C(=O)[O-])c3C)c[nH]c12,1.5087885945181467,1.9954937824662449,False
THSR,molgen_ns1.0,15,True,True,native Maestro bonds,,37.0,0.9487179487179487,4.965333891100331,1.045085395875629,1.0,496.69100000000043,0.9486276449658037,0.12264150943396226,CCC[C@H](C)C[C@@H](Cc1ccc2c(c1)C(=O)c1cc(O)c(C(C)C)cc1C2=O)Cc1cc(C)ccc1C,2.422119466529451,2.884132149478307,False
THSR,molgen_ns1.0,16,True,True,native Maestro bonds,,36.0,0.9230769230769231,4.207385001876146,0.8855550737822613,1.0,480.6920000000003,0.918071235262773,0.17142857142857143,CCOc1ccc(CCc2cccc3ccc([C@@H](C)[C@@H](C)O)c(-c4ccc(C)c(C(C)C)c4)c23)cc1,1.6306454595967137,1.9449603107917173,False
THSR,molgen_ns1.0,17,True,True,native Maestro bonds,,46.0,1.1794871794871795,5.244195837408862,1.10377924284428,1.0,639.8660000000003,1.2220768579935788,0.13970588235294118,C[C@H](CCC(=O)Nc1nc2c([C@H]3CCN[C@@H]3n3nc(Cc4ccccc4)ccc3=O)c([C@H](C)O)ccc2s1)CC[C@@H]1CC=CCC1,2.0666505034014224,2.617745546628374,False
THSR,molgen_ns1.0,18,True,True,native Maestro bonds,,42.0,1.0769230769230769,6.125559138021717,1.2892853808266986,1.0,561.6500000000001,1.0726925126387297,0.18487394957983194,CCNC(=O)OCCc1nc2nc(-c3nccnc3Cc3ccc4c(Cc5ccccc5)n[nH]c4c3)nn2cc1CC,3.4086486511753757,3.880488223680072,False
THSR,molgen_ns1.0,19,True,True,native Maestro bonds,,40.0,1.0256410256410255,5.378066437101255,1.1319558391707418,1.0,537.8360000000002,1.0272102737070488,0.13675213675213677,CCC[C@](C)(CC)C[C@@H](CC)c1c[nH]c2nc(CC[C@@H](C)c3cccc(CCc4ccccc4)c3)nc(CC)c12,3.249692366221229,3.653197133187433,False
THSR,molgen_ns1.0,20,True,True,native Maestro bonds,,44.0,1.1282051282051282,4.791135776884364,1.0084208111469999,1.0,602.8520000000002,1.1513840053935431,0.09701492537313433,CCC[C@H](CC)Cc1cc2scnc2cc1CCc1c(C)cccc1-c1cc(N[C@@H](C)c2cncc(C)n2)nc2[nH]ccc12,2.64471465656162,2.9987154680367,False
THSR,molgen_ns1.0,21,True,True,native Maestro bonds,,45.0,1.1538461538461537,4.8982571748644546,1.0309673329056737,1.0,627.9830000000001,1.199381576007135,0.12030075187969924,CCCNC(=O)c1cc2ccncc2cc1-c1cccc(CCC)c1[C@@H](C)[C@@H](CCC)C[C@H]1CC[C@@H]([C@@H](C)[C@@H]2NCCS2)CC1,3.544654743325541,3.888557624098965,False
THSR,molgen_ns1.0,22,True,True,native Maestro bonds,,43.0,1.1025641025641026,5.111960485403484,1.0759468274961417,1.0,574.7650000000001,1.0977407852342196,0.11538461538461539,CC[C@H](O)c1oc2cc(-c3c(C(C)(C)C)ncc4cc(/C=C\[C@H]5CN[C@H](c6ccc(CO)cc6)C5)ccc34)ccc2c1C,1.7644540094678385,2.573014635953088,False
THSR,molgen_ns1.0,23,True,True,native Maestro bonds,,34.0,0.8717948717948718,5.653240870200488,1.189873551787372,1.0,495.4690000000003,0.9462937533065057,0.1322314049586777,CCc1cccc([C@@H](C)[C@](C)(CC)OC/C=C2\N=C(CC[N-]C(=O)O[P@@](=O)([O-])O)NC2=O)c1O,1.620873641755723,2.518215740288333,False
THSR,molgen_ns1.0,24,True,True,native Maestro bonds,,47.0,1.205128205128205,5.7457014800205375,1.2093343242421475,1.0,637.8650000000002,1.2182551581488532,0.12857142857142856,CCC[C@@H](C)Cc1cc(-c2ccccc2[C@@H](C)O[C@H]2CCC[C@@H](O)[C@@H]2[C@@H]2Cc3ccc(CCCC(N)=O)c(C)c3O2)cc2nc[nH]c12,1.425740893763911,1.4638531055283062,False
THSR,molgen_ns1.0,25,True,True,native Maestro bonds,,45.0,1.1538461538461537,5.790380096012378,1.2187381166365923,1.0,605.7590000000004,1.156936070085506,0.16153846153846155,CCc1c(CCc2c(CNC(=O)[C@H]3C[C@H](CCc4ccccc4)CN3)cc3nc[nH]c3c2[C@@H](CC)C(=O)[O-])oc2ccccc12,1.5546858298095256,2.23763027208095,False
THSR,molgen_ns1.0,26,True,True,native Maestro bonds,,34.0,0.8717948717948718,4.754988691183942,1.000812704180279,1.0,488.58500000000026,0.9331460362994639,0.10526315789473684,CCCCc1cccc(C[C@@H](CC)[C@@H](O)CC)c1Cc1cccc(CCO[P@@H](=O)[O-])c1NC=O,1.4050225011244002,2.230270147357265,False
THSR,molgen_ns1.0,27,True,True,native Maestro bonds,,47.0,1.205128205128205,6.116736241499714,1.2874283696957867,1.0,619.8130000000002,1.1837777340624036,0.1171875,Cc1cccc(CCCCCCCc2cc3ccc(-c4ccc(Cc5ccc6[nH]nnc6c5)c(C)c4)c(-c4cncc(C)n4)c3o2)c1,1.617614349542956,2.4231129955297317,False
THSR,molgen_ns1.0,28,True,True,native Maestro bonds,,52.0,1.3333333333333333,5.296092023373876,1.1147021630835197,1.0,708.844,1.353817593570529,0.11678832116788321,CC[C@@H](c1c(C)cnc2ncnn12)[C@H](C)c1ccc2c(c1)C(=O)c1c(CO)cc(-c3cccc([C@@H](CO)c4ncnc5sc(C)cc45)c3)cc1C2=O,1.6957162581123415,2.017936289750295,False
THSR,molgen_ns1.0,29,True,True,native Maestro bonds,,32.0,0.8205128205128205,4.249954852471598,0.8945150209152537,1.0,436.6160000000002,0.8338907043501678,0.13333333333333333,CCC[C@@H](C)[C@H](C)NC(=O)Cc1c(-c2cccc(CC(=O)[O-])c2C)cccc1[C@@H](C)CC,1.734233622209207,2.331392022095164,False
p53_Y220C__4AGQ,apo2mol,0,True,True,Apo2Mol official reconstruction,,30.0,1.0,3.6184091577115454,0.6773718015005697,1.0,412.6620000000002,0.7974838391744213,0.06862745098039216,CC1=C=C2CCC(=N)NC2[C@@H]2[C@H]3C[C@H]([C@@H](CC(C)C)[C@H](C3)[C@@H](C)C2(C)C)[C@@H](O)CC1,0.5784411946477747,1.3087994574457418,False
p53_Y220C__4AGQ,apo2mol,1,True,True,Apo2Mol official reconstruction,,30.0,1.0,3.563217959707663,0.6670399237085877,1.0,412.70200000000017,0.7975611405822731,0.09375,CC[C@H](C)O[C@@H]1C=C=C[C@@H](C)CC[C@@H]2CC[C@@H](C)[C@@H]([C@H](C)[C@@H]3CCCC=C1C3)[C@H]2C,1.760259256341557,2.1108616025772684,False
p53_Y220C__4AGQ,apo2mol,2,True,True,Apo2Mol official reconstruction,,30.0,1.0,3.3728330783156344,0.6313995788868451,1.0,410.7300000000002,0.7937501811751749,0.09375,CC[C@@H](C)[C@]12CCC[C@H](C)CC(C)CC[C@@H]3C=C4C[C@H](CC1)[C@H]2[C@@H]1C[C@H](C)[C@H](C3)[C@H]41,2.282556924624921,2.5162467560514736,False
p53_Y220C__4AGQ,apo2mol,3,True,True,Apo2Mol official reconstruction,,30.0,1.0,3.476375998841123,0.6507829740619056,1.0,410.73000000000036,0.7937501811751753,0.05434782608695652,C[C@H]1CC[C@H]2C[C@]3(CCCC[C@H](C3)C[C@@]3(C)CC[C@]45CC[C@H]3[C@]4(C2)[C@H](C)C[C@H]5C)C1,1.3650000936606956,1.8875244370018147,False
p53_Y220C__4AGQ,apo2mol,4,True,True,Apo2Mol official reconstruction,,30.0,1.0,3.942790141197472,0.7380964242779878,1.0,402.66600000000017,0.7781662173522338,0.0989010989010989,C[C@H]1C[C@@H]2C[C@H]3CC[C@@H]4CC[C@H](CC[C@H]5C=CC=C5/C=C/[C@@]56CC[C@@H]([C@H]2C5)[C@@H]1C6)[C@@H]43,1.1040350809032409,1.5512121918889072,False
p53_Y220C__4AGQ,apo2mol,5,True,True,Apo2Mol official reconstruction,,30.0,1.0,3.4365999628189097,0.643336838480611,1.0,418.7940000000003,0.8093341449981163,0.06315789473684211,CC(C)[C@H](C)CCC[C@H](C)CC[C@@H]1[C@@H](C)CCCC[C@H](C)C[C@H]2CC[C@](C)(C2)[C@H]1C,1.4176965277297626,1.898465918272749,False
p53_Y220C__4AGQ,apo2mol,6,True,True,Apo2Mol official reconstruction,,30.0,1.0,3.515274141536949,0.6580647666520951,1.0,408.71400000000017,0.7898541902194396,0.07216494845360824,CC1=C[C@@H]([C@@H]2CCC=C([C@@H]3CCCC[C@@H]3C)[C@@H]2C)[C@H]2[C@H]3CCC[C@H]3CC[C@@]2(C)[C@@H]1C,0.8235056484166675,1.3521195641030537,False
p53_Y220C__4AGQ,apo2mol,7,True,True,Apo2Mol official reconstruction,,30.0,1.0,3.66907865975667,0.6868572108021397,1.0,407.64200000000017,0.787782512489009,0.12,C[C@@H]1[C@H]2[C@H]3[C@@H]4CC[C@@]5(C)C[C@H](C[C@H]5[C@H]3C(=O)[C@@H]2C)N2CCCCC2=C=C[C@H]4C1(C)C,1.1918680836986044,1.7083180301703014,False
p53_Y220C__4AGQ,apo2mol,8,True,True,Apo2Mol official reconstruction,,30.0,1.0,3.6133535845571556,0.6764253903718259,1.0,412.70200000000034,0.7975611405822735,0.0784313725490196,CC(C)CC[C@H]1CCC2=CCC[C@H]3CC(=O)C=C[C@@H]3[C@@]2(C[C@H](C)C(C)C)CC[C@H]1C,0.6606667254794673,1.4331915125172,False
p53_Y220C__4AGQ,apo2mol,9,True,True,Apo2Mol official reconstruction,,30.0,1.0,3.6108751247190325,0.6759614188494462,1.0,420.76600000000025,0.8131451044052144,0.07777777777777778,CC[C@]1(C)CC[C@@H](O)CCC(C)(C)CCC[C@H]([C@@H]2CCC(C)[C@@H]2C)C[C@@H](C)[C@H](C)C1,1.3228783846888448,1.707544993334582,False
p53_Y220C__4AGQ,apo2mol,10,True,True,Apo2Mol official reconstruction,,30.0,1.0,3.362058824757936,0.6293826219247922,1.0,410.73000000000025,0.793750181175175,0.06315789473684211,CC(C)[C@H]1CCCC[C@]2(C)[C@H]3[C@@H]1[C@@H]1CCC[C@@]3(CC[C@@H]3[C@H]4CCC[C@@]42[C@H]3C)C[C@@H]1C,1.5531087227034457,2.0486066808439705,False
p53_Y220C__4AGQ,apo2mol,11,True,True,Apo2Mol official reconstruction,,30.0,1.0,3.898573965638039,0.7298190876947749,1.0,413.69000000000034,0.7994704853562151,0.08737864077669903,CCCCC(O)=C=CC[C@H](C)[C@@]12CC[C@@H](CCN)[C@@H]3C[C@@]4(C)C[C@@H]([C@@H](C)C1)[C@]32[C@H]4C,0.8492825084489649,1.4251079126479598,False
p53_Y220C__4AGQ,apo2mol,12,True,True,Apo2Mol official reconstruction,,30.0,1.0,3.675698180885162,0.6880963954151682,1.0,404.63800000000015,0.781977176759332,0.0660377358490566,CC[C@H](C)C[C@H]1CC2=CC[C@H]3C[C@H](C)/C=C4\[C@@H]5C[C@H]3[C@@H]2C/C1=C\C/C=C/[C@H]4CC5=O,0.8638720275599407,1.3782523691666524,False
p53_Y220C__4AGQ,apo2mol,13,True,True,Apo2Mol official reconstruction,,30.0,1.0,3.3645411041642714,0.6298473084762602,1.0,408.67000000000024,0.7897691586708027,0.09278350515463918,CC(O)=CC[C@@H]1CCC[C@H]2CC[C@H](CC1)/C1=C/[C@H]3CC[C@H](CC3)C[C@H](C)C(=C=C1)C2,1.1349651460475538,1.585033011176503,False
p53_Y220C__4AGQ,apo2mol,14,True,True,Apo2Mol official reconstruction,,30.0,1.0,3.7030235957452553,0.6932117554211212,1.0,412.74600000000015,0.7976461721309102,0.05555555555555555,CC(C)[C@H]1C[C@@H]2[C@@H]3C[C@@H]4[C@@H](CC[C@H]4C)C[C@@H]3C[C@@H]3[C@H]2[C@@](C)(CC[C@@H]3C)[C@H](C)[C@H](C)C1,1.0693413522163953,1.4913484758147144,False
p53_Y220C__4AGQ,apo2mol,15,True,True,Apo2Mol official reconstruction,,30.0,1.0,3.8181091313051057,0.714755946017338,1.0,416.7340000000003,0.805353122493744,0.08421052631578947,C[C@@H](O)C(C)(C)CC(C)(C)C[C@H]1CC[C@@]2(C)CC(C)(C)[C@H](C[C@@H]3CC[C@H]4C[C@@H]3C4)[C@@H]12,1.46977193696273,1.984481619855197,False
p53_Y220C__4AGQ,apo2mol,16,True,True,Apo2Mol official reconstruction,,30.0,1.0,3.7159034515250853,0.6956228843820508,1.0,406.6980000000003,0.7859581992637047,0.07368421052631578,C[C@@H]1C[C@H]2C[C@]3(CCCCC[C@@H]3C)C[C@H]3[C@@H](C4=CC=CCC4)[C@H]4CCCC[C@H]1[C@H]4[C@@H]23,1.96040030314742,2.26042894866935,False
p53_Y220C__4AGQ,apo2mol,17,True,True,Apo2Mol official reconstruction,,30.0,1.0,3.491673500625728,0.6536466901013734,1.0,418.79400000000027,0.8093341449981162,0.05263157894736842,CCC[C@H]1[C@H]2C[C@@H](CC)[C@H](C)[C@H](C)[C@@](C)([C@H](C)CC)C[C@H](C2)C(C)(C)[C@H](C)C[C@H]1C,0.7604031446515009,1.42087480228563,False
p53_Y220C__4AGQ,apo2mol,18,True,True,Apo2Mol official reconstruction,,30.0,1.0,3.505539695802784,0.6562424633259197,1.0,415.7060000000003,0.8033664763119504,0.08823529411764706,CCC[C@@](C)(N)C[C@H]1C[C@H]2C[C@](C)([C@@H](C)[C@H]2O)[C@H]1C1=CCC[C@H]2CCC[C@H](C)C[C@@H]12,1.1725007048879847,1.7536756877965636,False
p53_Y220C__4AGQ,apo2mol,19,True,True,Apo2Mol official reconstruction,,30.0,1.0,3.6908147675420007,0.6909262438623677,1.0,410.7300000000001,0.7937501811751747,0.044444444444444446,C[C@@H]1[C@@H]2CCC[C@H](C)[C@H]([C@@H]3CC[C@H]4CC[C@@H]5[C@H]6[C@@H](C[C@H]5C)C[C@H]3[C@]46C)[C@@H](C2)C[C@H]1C,1.116094429869008,1.6576283932164078,False
p53_Y220C__4AGQ,apo2mol,20,True,True,Apo2Mol official reconstruction,,30.0,1.0,3.8614829391780767,0.7228755900642914,1.0,408.7140000000003,0.7898541902194398,0.08602150537634409,CC(C)C[C@@H]1CCC[C@@H]2C1=C=C[C@@H]1[C@H]3CC[C@H]2CC[C@@H]2CCC[C@H]2C[C@@H]3CC1(C)C,1.7408047650033585,2.250756514994002,False
p53_Y220C__4AGQ,apo2mol,21,True,True,Apo2Mol official reconstruction,,30.0,1.0,4.057361625704335,0.759544383720499,1.0,410.68600000000015,0.7936651496265378,0.06382978723404255,CC(C)=C[C@@H]1C[C@@H]2C[C@@]3(C)C[C@H]4[C@H](CC[C@@H]5[C@H]4[C@H]3[C@H](C)CC5(C)C)[C@H]3C[C@H](O)[C@H]1[C@H]23,1.1301552260082437,1.5956814386421971,False
p53_Y220C__4AGQ,apo2mol,22,True,True,Apo2Mol official reconstruction,,30.0,1.0,3.3868530287814456,0.6340241353397095,1.0,410.73000000000025,0.793750181175175,0.05555555555555555,C[C@@H]1CCC[C@@H]2C=CC[C@@H](C1)[C@@H]2[C@@H]1C[C@@H](C)[C@H]2CC[C@H](C2)[C@@H]2CCCC[C@@H]2C[C@@H]1C,3.080276014314019,3.3375773886764897,False
p53_Y220C__4AGQ,apo2mol,23,True,True,Apo2Mol official reconstruction,,30.0,1.0,3.6322340682648377,0.6799598461795718,1.0,418.70600000000013,0.8091640819008418,0.09278350515463918,CC=C(O)CC(C)=C1CCC[C@@H]([C@H](C[C@H](O)[C@H](C)C(C)C)[C@H](C)[C@@H]2CC[C@@H](C)C2)C1,2.153486736108089,2.5194013627580523,False
p53_Y220C__4AGQ,apo2mol,24,True,True,Apo2Mol official reconstruction,,30.0,1.0,3.87580274609461,0.7255562801093959,1.0,410.6860000000001,0.7936651496265377,0.07526881720430108,C[C@@H]1[C@@H]2C[C@H](O)C[C@@H]3CCC4C[C@H]5[C@H]6C[C@H](C)[C@@](C)(C15[C@@H]4[C@H]32)[C@@]61CC[C@H](C)[C@@H](C)C1,1.0058562258857604,1.4560951080369733,False
p53_Y220C__4AGQ,apo2mol,25,True,True,Apo2Mol official reconstruction,,30.0,1.0,3.609435536610989,0.6756919257247987,1.0,410.73000000000025,0.793750181175175,0.07777777777777778,C[C@H]1CC[C@H]2[C@H](C)[C@@H]3CCC[C@@H]3[C@]3(C)CC[C@@H]4CC[C@]5(CC[C@@H]4[C@H]5C3)C[C@@H](C)[C@@H]2C1,1.9274682719750704,2.326765912739899,False
p53_Y220C__4AGQ,apo2mol,26,True,True,Apo2Mol official reconstruction,,30.0,1.0,3.5505398559346215,0.6646665630359689,1.0,418.7500000000002,0.809249113449479,0.07291666666666667,CC(C)[C@H]1[C@@H](C[C@H](C[C@H]2CCC[C@@]3(C)CC[C@H]3CC2)[C@H](C)CC(C)(C)O)CC1(C)C,2.075257253539869,2.489118272294906,False
p53_Y220C__4AGQ,apo2mol,27,True,True,Apo2Mol official reconstruction,,30.0,1.0,3.8632354307032903,0.7232036591935159,1.0,412.7460000000003,0.7976461721309105,0.07,CCCCCC=CC1(C[C@@H](C)[C@H]2C=C[C@@H]3CC[C@@H](C)C(C)(C)[C@@H]3[C@H](C)C2)CCCC1,1.8218719519786208,2.2243558193015724,False
p53_Y220C__4AGQ,apo2mol,28,True,True,Apo2Mol official reconstruction,,30.0,1.0,3.754833594146578,0.702910667407913,1.0,412.7020000000003,0.7975611405822733,0.08602150537634409,CC[C@@H](C)CC[C@@H]1C(=O)CCC2[C@H]3CCC[C@H]4[C@@H](CCC[C@@H]5[C@@H]4[C@@H](CC[C@@H]5C)C3)[C@@H]21,1.5437064699176992,1.964524143165093,False
p53_Y220C__4AGQ,apo2mol,29,True,True,Apo2Mol official reconstruction,,30.0,1.0,3.384451030997012,0.6335744776322678,1.0,410.68600000000015,0.7936651496265378,0.061224489795918366,C[C@@H]1C[C@@H]2CC[C@@H]3C[C@](C)(C1)[C@@H]1C[C@H](O)CCC[C@H]4[C@H]5C/C(=C/2[C@@H]3C1)C[C@H](C5)[C@H]4C,1.961407799901019,2.2364860264747706,False
p53_Y220C__4AGQ,molgen_ns1.0,0,True,True,native Maestro bonds,,27.0,0.9,5.008811526509386,0.9376572795416723,1.0,378.51300000000015,0.731489694756066,0.10227272727272728,Cc1cccc(C)c1CC(=O)N[C@H](CCCO)C[C@@H](C)NC(=O)CCCO,1.3926520353777074,0.819193506291316,True
p53_Y220C__4AGQ,molgen_ns1.0,1,True,True,native Maestro bonds,,18.0,0.6,3.0544849973056727,0.5718043248016635,1.0,260.378,0.5031896493414886,0.07317073170731707,CCC[C@@H](COCN)N(CC(CC)CC)C(=O)O,0.9969507116052188,0.7824988710159382,True
p53_Y220C__4AGQ,molgen_ns1.0,2,True,True,native Maestro bonds,,27.0,0.9,4.259239808973303,0.7973362924639116,1.0,368.4530000000001,0.7120483906813154,0.1111111111111111,CC[C@@H](Oc1c(C(=O)NCc2cccc(C)c2C)ccc(C)c1C)C(=O)[O-],1.919424517308168,1.527745811050907,False
p53_Y220C__4AGQ,molgen_ns1.0,3,True,True,native Maestro bonds,,34.0,1.1333333333333333,5.54828818452563,1.0386481459087813,1.0,461.5660000000002,0.8919925404141427,0.125,Cc1ccccc1C(=O)N(C)c1cncc(OCc2ccccc2OC[C@@H]2CN[C@H](C)CN2)n1,2.0118652967600683,1.5476775846484625,False
p53_Y220C__4AGQ,molgen_ns1.0,4,True,True,native Maestro bonds,,28.0,0.9333333333333333,4.52166212370732,0.8464621564382757,1.0,424.36800000000017,0.8201060961822769,0.13186813186813187,CCC(CC)O[C@@H](C)C(=O)Nc1c(Cl)cc(Oc2ccccc2C)c(C)c1Cl,1.6043209551405533,1.5623542063677922,False
p53_Y220C__4AGQ,molgen_ns1.0,5,True,True,native Maestro bonds,,29.0,0.9666666666666667,3.83869203565352,0.7186090976071425,1.0,416.92500000000024,0.8057222367162366,0.11702127659574468,CCC(CC)CCOc1cccc(N(Cc2ccccc2C)C(=O)Cl)c1C(=O)[O-],1.3034000620022126,1.73200306166753,False
p53_Y220C__4AGQ,molgen_ns1.0,6,True,True,native Maestro bonds,,32.0,1.0666666666666667,4.638184061955512,0.8682752438436353,1.0,439.5960000000003,0.8495347421514919,0.1875,CCc1ccc(N(CC)C(=O)[C@@H]2CCCC[C@H]2[C@@H](C)OCc2cccc(C)c2O)c(O)c1,1.7251791661572986,1.5710136187730508,False
p53_Y220C__4AGQ,molgen_ns1.0,7,True,True,native Maestro bonds,,26.0,0.8666666666666667,4.226761955177938,0.791256387904928,1.0,396.3140000000002,0.7658907537853537,0.12903225806451613,CC[C@@H](C)Oc1cc(C)c(Cl)c(CC(=O)Nc2cccc(OC)c2)c1Cl,1.0796268341200808,0.9230136443550911,True
p53_Y220C__4AGQ,molgen_ns1.0,8,True,True,native Maestro bonds,,34.0,1.1333333333333333,4.59839406194836,0.8608264941827214,1.0,457.6580000000003,0.8844401928670131,0.14583333333333334,CCc1c(-c2c(-c3cccc(C(C)C)c3)ccc(C)c2O)ccc(CC(=O)N[C@@H](C)CC)c1C,2.040604599654817,2.386586886445313,False
p53_Y220C__4AGQ,molgen_ns1.0,9,True,True,native Maestro bonds,,19.0,0.6333333333333333,3.6617886430652975,0.6854925083807233,1.0,264.4529999999999,0.5110647302663998,0.08139534883720931,CCCCC#C[C@H](C)[C@@H](CC)[C@]1(C)CCOC[C@H]1C,2.1618092902556936,1.9487168446470229,False
p53_Y220C__4AGQ,molgen_ns1.0,10,True,True,native Maestro bonds,,28.0,0.9333333333333333,4.018381681157128,0.7522472776969688,1.0,410.4720000000001,0.79325158709453,0.1414141414141414,CC[C@]1(CN(C=O)Cc2ccccc2)SCN[C@H]1NC(=O)OC[C@H](O)C(=O)[O-],2.024830224726222,1.721473181326861,False
p53_Y220C__4AGQ,molgen_ns1.0,11,True,True,native Maestro bonds,,28.0,0.9333333333333333,4.030741111211714,0.7545609821556681,1.0,385.4800000000002,0.7449536674686691,0.1276595744680851,CC[C@H](Oc1ccc(CC(=O)[O-])cc1Cc1cccc(C)c1O)[C@](C)(O)CC,1.9029765913043115,1.551730990381671,False
p53_Y220C__4AGQ,molgen_ns1.0,12,True,True,native Maestro bonds,,31.0,1.0333333333333334,3.940558450944101,0.737678648404274,1.0,426.5970000000003,0.8244137171348239,0.14606741573033707,CC[C@@](O)(c1ccccc1)c1ccccc1[C@@]1(C)CC[C@H](C)C[C@H]1CC(O)(CO)CO,1.8163705473641747,2.2637509567645093,False
p53_Y220C__4AGQ,molgen_ns1.0,13,True,True,native Maestro bonds,,25.0,0.8333333333333334,4.42692086073379,0.8287264451962096,1.0,384.97300000000007,0.7439738721241461,0.07291666666666667,Cc1ccc(Cl)c(O[C@]2(C)S[C@H](NC(=O)[C@H](C)C(C)C)N[C@@H]2C)c1C,0.9844742290282033,1.5039108247988164,False
p53_Y220C__4AGQ,molgen_ns1.0,14,True,True,native Maestro bonds,,27.0,0.9,4.355799636647991,0.8154124418361276,1.0,374.4570000000001,0.7236513319998842,0.08163265306122448,Cc1nc(CCC[C@@H](C)[C@@H](C)O)c(CCCc2ccc(C(=O)[O-])c(O)c2)o1,1.7435944549831428,1.5539133481756289,False
p53_Y220C__4AGQ,molgen_ns1.0,15,True,True,native Maestro bonds,,21.0,0.7,4.39626991809463,0.8229885412366946,1.0,297.4150000000001,0.5747649554067504,0.07954545454545454,CC[C@@H](C)C[C@H](C)[C@@H](CO)CC#C[C@@H](O)CCCC(=O)[O-],1.4033811825077755,1.892243216350061,False
p53_Y220C__4AGQ,molgen_ns1.0,16,True,True,native Maestro bonds,,28.0,0.9333333333333333,4.276537960464739,0.8005745332287549,1.0,382.5040000000001,0.7392024427244882,0.14285714285714285,CCOC(=O)N(C)c1cccc(CNC(=O)c2ccccc2C)c1[C@H](C)CC,2.659117002525353,2.459435438354192,False
p53_Y220C__4AGQ,molgen_ns1.0,17,True,True,native Maestro bonds,,23.0,0.7666666666666667,4.145716376238457,0.776084529937209,1.0,343.8510000000001,0.6645041597820102,0.12941176470588237,CC[C@H](O)[C@@H](O)C[C@](C)(O)[C@H](C)CNC(=O)c1ccccc1Cl,1.5071996294614125,1.6894782041645988,False
p53_Y220C__4AGQ,molgen_ns1.0,18,True,True,native Maestro bonds,,29.0,0.9666666666666667,5.30323637148964,0.99277406677005,1.0,400.49500000000023,0.7739706834410726,0.13,CC[C@@H](O)C#COC[C@@H]1CCCC[C@H]1[C@@H](C)C(=O)Nc1cc(C(=O)[O-])ccc1C,0.834048940304045,0.7050892595409033,True
p53_Y220C__4AGQ,molgen_ns1.0,19,True,True,native Maestro bonds,,28.0,0.9333333333333333,3.5624079411664384,0.6668882869824455,1.0,380.4590000000001,0.7352504082480604,0.10869565217391304,COc1cccc([C@@](C)(c2ccccc2CCO)[C@H](O)c2ccccc2F)c1,2.622484623883272,2.373571439486964,False
p53_Y220C__4AGQ,molgen_ns1.0,20,True,True,native Maestro bonds,,29.0,0.9666666666666667,3.957056769650921,0.7407671592323963,1.0,420.9370000000002,0.8134755679237811,0.1348314606741573,CC(C)[C@H](N)[C@@H](C)[C@@H](C)N(C(=O)O)c1ccccc1[C@H](Cl)Oc1ccccc1O,1.9985916083388404,2.054827070494735,False
p53_Y220C__4AGQ,molgen_ns1.0,21,True,True,native Maestro bonds,,22.0,0.7333333333333333,3.248246164413666,0.6080767155414113,1.0,308.418,0.5960286401716091,0.12345679012345678,C=C([C@H](O)CC)[C@@](CC)(Cc1ccccc1CO)[C@H](O)CO,1.7730554225522182,1.8959499704521716,False
p53_Y220C__4AGQ,molgen_ns1.0,22,True,True,native Maestro bonds,,28.0,0.9333333333333333,4.327230639673436,0.8100642813312615,1.0,379.46000000000015,0.7333198055869595,0.09278350515463918,COc1ccc(C)c([C@@H](C)c2c(C#N)ccc(NC(=O)N(C)C(C)=O)c2C)c1,2.4440654045167296,2.653451577039543,False
p53_Y220C__4AGQ,molgen_ns1.0,23,True,True,native Maestro bonds,,31.0,1.0333333333333334,4.153509424202706,0.7775434005924179,1.0,427.4530000000002,0.8260679672628541,0.0673076923076923,Cc1ccc(O[C@H](C)OC(=O)[O-])c(C(=O)[O-])c1-c1ccc(C(C)C)c2c1[C@@H](O)NCC2,1.3413088095901524,1.6185192787466345,False
p53_Y220C__4AGQ,molgen_ns1.0,24,True,True,native Maestro bonds,,21.0,0.7,3.669224854036402,0.6868845785978518,1.0,298.511,0.5768830139818921,0.07954545454545454,CCCC[C@H](C)C[C@@]1(OCCC(C)C)CCCC[C@@H]1CO,1.982763333211868,2.192463378202711,False
p53_Y220C__4AGQ,molgen_ns1.0,25,False,False,native Maestro bonds,File error: Bad input file external_inputs/ligand_export_20260917/bundle/p53_Y220C__4AGQ/sage-flex/sample_025.mae,,,,,,,,,,,,
p53_Y220C__4AGQ,molgen_ns1.0,26,True,True,native Maestro bonds,,28.0,0.9333333333333333,4.142604426097482,0.7755019680484632,1.0,383.53200000000004,0.7411890889062818,0.1111111111111111,CCCCc1cccc(CCc2ccc(C)cc2)c1NC(=O)O[C@@](C)(O)CC,1.6890810064484374,1.4151915128029346,False
p53_Y220C__4AGQ,molgen_ns1.0,27,True,True,native Maestro bonds,,22.0,0.7333333333333333,4.0246645407150705,0.7534234387422913,1.0,332.5100000000001,0.642587278120803,0.07368421052631578,CCC[C@@H](C)OC(=O)NC[C@@H]1CN[C@@](CC)(C[C@H](O)CC)S1,1.713083254205657,2.051218597073435,False
p53_Y220C__4AGQ,molgen_ns1.0,28,True,True,native Maestro bonds,,33.0,1.1,5.370023276219961,1.0052766788302174,1.0,450.6030000000003,0.8708061570571359,0.10091743119266056,CCC(=O)N(C)c1ccc([C@@]2(CC(=O)[O-])CCC=C(/N=C/[C@@H](C)C3=C[C@H](C)[C@H](C)N3)C2)cc1,2.5311225441897034,2.7724847458077395,False
p53_Y220C__4AGQ,molgen_ns1.0,29,True,True,native Maestro bonds,,33.0,1.1,4.912356377262017,0.9196007261332628,1.0,465.65500000000026,0.8998946768318022,0.10377358490566038,CCCC[C@H](C)[C@H](CCO)[C@]1(O)CCC[C@@H](c2cc([C@H](CCO)CC(C)C)n[nH]2)[C@@H]1C(=O)[O-],1.6014372773345222,2.006385554855681,False
HIF2alpha__6D0B,apo2mol,0,True,True,Apo2Mol official reconstruction,,25.0,1.0,4.347229849907239,1.0986138041574023,1.0,351.579,0.881766949822056,0.03614457831325301,CC[C@H](C)CCN[C@H](CCCCCC(C)C)[C@H](O)c1nc(C)[nH]c1C,0.8818919445253534,1.9284327001310504,False
HIF2alpha__6D0B,apo2mol,1,True,True,Apo2Mol official reconstruction,,25.0,1.0,4.650135572127268,1.1751628754691692,1.0,335.49100000000016,0.8414179338434647,0.06741573033707865,C#CCCC(=O)CC1=NCC(=C(CC)c2ccc(CC)cc2C)CC1,1.3318159973064674,2.1495836799796657,False
HIF2alpha__6D0B,apo2mol,2,True,True,Apo2Mol official reconstruction,,25.0,1.0,4.524567052637918,1.1434297227163763,1.0,340.55100000000004,0.8541085119670145,0.03409090909090909,CCC[C@H](O)[C@H](c1ccccc1)[C@@H](C)C=C=C1CCC(C)(C)[C@H](C)C1,0.8645031805861294,2.039364882578268,False
HIF2alpha__6D0B,apo2mol,3,True,True,Apo2Mol official reconstruction,,25.0,1.0,4.096286025270112,1.035196326974712,1.0,336.51900000000006,0.8439961777784466,0.05194805194805195,CC(C)C1=C(c2ccccc2)C[C@@H]([C@H]2CC[C@H](C)[C@H]3CC(=O)C[C@@H]23)C1,1.089790254259631,2.0510420164749106,False
HIF2alpha__6D0B,apo2mol,4,True,True,Apo2Mol official reconstruction,,25.0,1.0,4.234136550644715,1.0700333370513981,1.0,345.52700000000016,0.8665884164616363,0.03296703296703297,CCC[C@]1(O)CCCC[C@H]2O[C@H](CN(C)Cc3ccccc3C)C[C@H]21,0.7523347464971358,1.99970349368068,False
HIF2alpha__6D0B,apo2mol,5,True,True,Apo2Mol official reconstruction,,25.0,1.0,4.313294830120609,1.0900378874313192,1.0,348.6150000000001,0.8743331803441506,0.023255813953488372,C[C@H]1CC[C@H](C=C2CCC[C@@H]2CC(C)(C)[C@@H](C)C(C)(C)C)[C@@](C)(O)C1,1.2301127980856956,2.0181328565004506,False
HIF2alpha__6D0B,apo2mol,6,True,True,Apo2Mol official reconstruction,,25.0,1.0,4.433451917923289,1.1204034857284038,1.0,342.5270000000002,0.8590643582856187,0.058823529411764705,CC[C@H](C)[C@@H]1CCC(CNC(=O)c2ccccc2N(C)CC)C=C1C,1.207649152856156,1.8019502757362116,False
HIF2alpha__6D0B,apo2mol,7,True,True,Apo2Mol official reconstruction,,25.0,1.0,4.53260862909038,1.145461956392277,1.0,345.57100000000014,0.8666987693148845,0.033707865168539325,CC(C)[C@@]1(C)CCCCCN(CC=C2CC[C@H]3C[C@@H](C)C[C@@H]3C2)C1=O,0.8290428235851124,2.0151213002454806,False
HIF2alpha__6D0B,apo2mol,8,True,True,Apo2Mol official reconstruction,,25.0,1.0,4.918522743789081,1.242988562590986,2.0,345.5710000000002,0.8666987693148847,0.011904761904761904,C1CCC2(CC1)CCCCC2.C[C@H]1CCC2=C(C1)C(=CCCO)NC2,1.506026432171682,2.330459538316607,False
HIF2alpha__6D0B,apo2mol,9,True,True,Apo2Mol official reconstruction,,25.0,1.0,4.4772735928259255,1.1314779167181435,1.0,351.61900000000014,0.8818672705977365,0.023529411764705882,CC(=O)CCCCC[C@H](C)[C@H](C)CCNC[C@H]1C[C@H](C)CCC[C@@H]1C,1.2137585896433094,2.155209802648042,False
HIF2alpha__6D0B,apo2mol,10,True,True,Apo2Mol official reconstruction,,25.0,1.0,4.057802476793772,1.0254709250408875,1.0,339.52300000000014,0.8515302680320327,0.045454545454545456,CC1CCCC2=CC[C@@H]3C(=O)N([C@H](C)[C@@H]4C=C[C@@H](C)CC4)CC=C3[C@H]21,0.8143930412325164,1.543606577194158,False
HIF2alpha__6D0B,apo2mol,11,True,True,Apo2Mol official reconstruction,,25.0,1.0,3.7179916797622345,0.9395953570792481,1.0,339.52300000000014,0.8515302680320327,0.06818181818181818,CC=C1NC(=O)C(CC(C)(C)C)=C=C2C=CCC[C@H]2C[C@@H]2CCC[C@H]12,1.4095104195274668,2.040309424209031,False
HIF2alpha__6D0B,apo2mol,12,True,True,Apo2Mol official reconstruction,,25.0,1.0,4.0989940572878965,1.0358806895365171,1.0,344.5430000000002,0.8641205253799026,0.043478260869565216,CCC[C@@H](C(=O)NC[C@@H]1C[C@H](C)[C@H]2[C@@H](C)CC[C@@]12C)C1C=CCC=N1,0.9340857245420836,1.9857938550411056,False
HIF2alpha__6D0B,apo2mol,13,True,True,Apo2Mol official reconstruction,,25.0,1.0,4.004672798289061,1.0120442141857056,1.0,349.6030000000001,0.8768111035034525,0.03409090909090909,CC(C)C/C1=C/[C@@H]([C@H](C)CCCCC=O)[C@H](C)C[C@@H](C)C(C)(C)CN1,0.7372530893685815,1.8323447317959265,False
HIF2alpha__6D0B,apo2mol,14,True,True,Apo2Mol official reconstruction,,25.0,1.0,4.050239556685995,1.0235596554009072,1.0,365.0450000000002,0.9155399389548083,0.03571428571428571,CC1=C(C)[C@H]([C@@H]2CC[C@H]3[C@@H](CC(C)(C)CC(C)C)CC[C@]32C)[C@@H](Cl)C1,1.4714574203209163,2.0849835651294137,False
HIF2alpha__6D0B,apo2mol,15,True,True,Apo2Mol official reconstruction,,25.0,1.0,3.970037044841449,1.0032912109701633,1.0,341.53900000000004,0.8565864351263164,0.045454545454545456,CC[C@@H](C)C[C@@H](CC(=O)C1=C(c2ccccn2)[C@@H](C)[C@@H](C)C1)C(C)C,1.0687363166548298,1.850213569479358,False
HIF2alpha__6D0B,apo2mol,16,True,True,Apo2Mol official reconstruction,,25.0,1.0,4.153496819510281,1.0496544003844719,1.0,341.58300000000014,0.8566967879795648,0.04878048780487805,CC(=C1C2=NCC(C(C)(C)C)=C[C@@H]2[C@H](C)[C@@H]1C)[C@H]1CC[C@H](C)C[C@@H]1C,1.5150050069316294,1.7528664162857983,False
HIF2alpha__6D0B,apo2mol,17,True,True,Apo2Mol official reconstruction,,25.0,1.0,5.297000011642774,1.3386357598590846,1.0,344.5830000000002,0.8642208461555828,0.011904761904761904,C=C(C)CCCCCCCCC1CCC2=C3[C@@H](CCC[C@H]3O)C[C@H]2C1,1.1326482735500747,1.8848418134281155,False
HIF2alpha__6D0B,apo2mol,18,True,True,Apo2Mol official reconstruction,,25.0,1.0,4.579290031684063,1.1572590858419523,1.0,352.6910000000001,0.8845558673859667,0.029850746268656716,CC(C)[C@@H](CC[C@@H](C)[C@@H](C)[C@H](C(C)C)C(C)(C)C)C[C@H](C)C(C)(C)C,0.6942388553413997,1.6282507120195877,False
HIF2alpha__6D0B,apo2mol,19,True,True,Apo2Mol official reconstruction,,25.0,1.0,4.1892184787018865,1.0586818291725175,1.0,343.5550000000001,0.8616426022206005,0.03409090909090909,CCCCC1=CN(C=O)[C@H](C)[C@H]2C1=CC([C@@H](C)CC(C)C)=C[C@H]2CC,1.5775185291534095,1.97016225623383,False
HIF2alpha__6D0B,apo2mol,20,True,True,Apo2Mol official reconstruction,,25.0,1.0,4.105307297965985,1.037476145400914,1.0,341.543,0.8565964672038843,0.021739130434782608,CC[C@@]1(C)CC[C@@H](C)C(C)=C1C=NC1=NC(CC(C)C)=CC=C(C)N1,0.985627035482418,1.977148640086303,False
HIF2alpha__6D0B,apo2mol,21,True,True,Apo2Mol official reconstruction,,25.0,1.0,4.0505567932986155,1.0236398261150959,1.0,346.59900000000005,0.8692770132498664,0.022988505747126436,CCCC[C@H]1C[C@H]2[C@@H]3[C@H](C[C@H]2C=C1C(C)C)C(CCC)[C@@H](C)[C@]3(C)O,1.491953440917899,1.6726894161403625,False
HIF2alpha__6D0B,apo2mol,22,True,True,Apo2Mol official reconstruction,,25.0,1.0,4.405482792790989,1.113335245027672,1.0,361.6390000000001,0.906997624905636,0.031914893617021274,CC[C@@H](C)CN(CC[C@H]1CC=CCC1)CS[C@H]1CC2=C(C)CC[C@@H]2C1,1.8388353843911904,2.188236287705932,False
HIF2alpha__6D0B,apo2mol,23,True,True,Apo2Mol official reconstruction,,25.0,1.0,4.979801147221461,1.2584745852380228,1.0,352.6470000000001,0.8844455145327185,0.012195121951219513,CC[C@@H](CCCC(C)C)CC[C@H](C[C@H](C)O)C(C)=CCCC(C)(C)C,1.1164173431042734,1.755474511170647,False
HIF2alpha__6D0B,apo2mol,24,True,True,Apo2Mol official reconstruction,,25.0,1.0,4.09474894774568,1.0348078831507819,1.0,344.58300000000014,0.8642208461555827,0.03488372093023256,CC1=C[C@@]2(C)C3=C[C@@](C)(CC[C@H](O)C(C)C)C[C@H](C)[C@H]3C[C@@H]2C[C@H]1C,1.5298273582353774,1.7349376801926462,False
HIF2alpha__6D0B,apo2mol,25,True,True,Apo2Mol official reconstruction,,25.0,1.0,4.99709060639675,1.2628439052814049,2.0,352.64700000000016,0.8844455145327187,0.0,CC1CCCC1.CCC[C@@H](CC)[C@@H](C)CCC1CC[C@H](CC)[C@H](O)C1,0.9908165750380128,1.8939560402803317,False
HIF2alpha__6D0B,apo2mol,26,True,True,Apo2Mol official reconstruction,,25.0,1.0,5.26508416849818,1.3305701210360716,1.0,346.60300000000024,0.869287045327435,0.010869565217391304,CCCC1=C(CCCCC=C2CC[C@H](CCCCC(C)C)C2)NNC1,1.0955698174017612,1.9797056836078717,False
HIF2alpha__6D0B,apo2mol,27,True,True,Apo2Mol official reconstruction,,25.0,1.0,4.088485321464568,1.0332249656299475,1.0,337.5070000000001,0.8464741009377487,0.03296703296703297,CC[C@H]1C=C=C2[C@@H](C#C[C@@H](C)CCC1)C=C1[C@H](CCN1C=O)C2(C)C,0.6804353618270916,1.7876316197514828,False
HIF2alpha__6D0B,apo2mol,28,True,True,Apo2Mol official reconstruction,,25.0,1.0,4.45934517402941,1.1269471214630944,1.0,343.59900000000005,0.8617529550738486,0.022222222222222223,CC[C@@H]1CCN(CCCC(C)=C(C)C)CC2=C1CC(CC(C)C)=CC2,0.7515437909997985,1.582787297897862,False
HIF2alpha__6D0B,apo2mol,29,True,True,Apo2Mol official reconstruction,,25.0,1.0,3.9330106678709273,0.9939340593443714,1.0,342.52300000000014,0.8590543262080504,0.03225806451612903,CC[C@@H](CC=C(C)C)[C@@H]1C[C@H]2C=C(O)C=C[C@@H]3CCC[C@H](C=O)[C@]32C1,1.0677167682074875,2.117869949104381,False
HIF2alpha__6D0B,molgen_ns1.0,0,True,True,native Maestro bonds,,17.0,0.68,2.8787031477991594,0.7274938582580367,1.0,241.39499999999995,0.6054233411332735,0.04411764705882353,CCCC[C@@](C)([C@H](C)C(=O)[O-])[C@@H](C)C(C)(C)C,1.9012869113373565,2.1906826497999834,False
HIF2alpha__6D0B,molgen_ns1.0,1,True,True,native Maestro bonds,,23.0,0.92,3.2884176025746026,0.8310351871778153,1.0,353.2440000000001,0.885942802109746,0.045454545454545456,CC[C@]1(OP(=O)([O-])[O-])CN[C@@H]([C@@](C)(O)[C@@H](C)O)C(=O)N1C(=O)[O-],2.026162676649353,1.943345533995223,False
HIF2alpha__6D0B,molgen_ns1.0,2,True,True,native Maestro bonds,,20.0,0.8,3.6887689159121906,0.9322103020281619,1.0,293.344,0.7357124405285901,0.03614457831325301,C#C[C@@](C)(C(=O)[O-])[C@@H](C)C#CN1CCS[C@H]1CC(=O)[O-],1.233653552391204,2.2316644633181246,False
HIF2alpha__6D0B,molgen_ns1.0,3,True,True,native Maestro bonds,,23.0,0.92,3.3964586154779015,0.8583388615379932,1.0,324.461,0.8137544799496389,0.03896103896103896,CCC(CC)[C@H]1C[C@H]([C@](CC)(C(=O)[O-])C(C)C)CC[C@H]1C(=O)[O-],1.19426068278453,1.5505703589859563,False
HIF2alpha__6D0B,molgen_ns1.0,4,True,True,native Maestro bonds,,18.0,0.72,2.841785763226016,0.7181642507365231,1.0,260.1979999999999,0.652581629761161,0.045454545454545456,CC[C@@H](O[C@@](C)([O-])C(=O)[O-])C(C)(C(=O)[O-])C(=O)[O-],1.408268835086395,2.5336361308647875,False
HIF2alpha__6D0B,molgen_ns1.0,5,True,True,native Maestro bonds,,37.0,1.48,4.457539881206819,1.1264908953871977,1.0,491.54700000000025,1.2328094080823437,0.06521739130434782,C[C@H](C(=O)[O-])c1nc([C@@H]2CN[C@H](C)c3ccccc32)cnc1-c1ccccc1-c1ccccc1C(=O)[O-],1.611175952518049,2.114718111591514,False
HIF2alpha__6D0B,molgen_ns1.0,6,True,True,native Maestro bonds,,24.0,0.96,3.4242089584777746,0.8653518125303163,1.0,375.29500000000013,0.941247137722869,0.06818181818181818,CC[C@@H](OC)Oc1ccc2sc(CC(=O)[O-])nc2c1O[P@](=O)([O-])O,1.9265368962350853,2.211099065050082,False
HIF2alpha__6D0B,molgen_ns1.0,7,True,True,native Maestro bonds,,25.0,1.0,5.199748373296538,1.3140587312562888,1.0,323.4390000000001,0.8111912841310089,0.05,Cc1ccc(-c2cc3cc(C#CC#CC(C)C)c(C)cc3cn2)cc1,1.873239064310808,2.355557759838116,False
HIF2alpha__6D0B,molgen_ns1.0,8,True,True,native Maestro bonds,,17.0,0.68,3.233843041430582,0.8172433316057129,1.0,251.267,0.6301825085711562,0.05333333333333334,CN(C#CC(O)(O)O)c1ncc2ccsc2n1,2.4229046583965226,1.9210499084660717,False
HIF2alpha__6D0B,molgen_ns1.0,9,True,True,native Maestro bonds,,25.0,1.0,3.577118392002143,0.9039944470943352,1.0,337.50700000000006,0.8464741009377484,0.0684931506849315,CCCC(C)(CCC)C(=O)N(c1ccccc1)[C@H](C)c1ccccc1,2.3474052086094237,2.403456771009255,False
HIF2alpha__6D0B,molgen_ns1.0,10,True,True,native Maestro bonds,,26.0,1.04,3.9120019841084743,0.9886248323686916,1.0,355.32600000000014,0.8911644984839024,0.0759493670886076,C[C@@H](c1cccc(-c2ccc(C(=O)[O-])nn2)c1C(=O)[O-])C(C)(C)C(=O)[O-],2.038934600656147,2.2682929295971723,False
HIF2alpha__6D0B,molgen_ns1.0,11,True,True,native Maestro bonds,,18.0,0.72,2.7921794791573054,0.7056279574342489,1.0,252.30999999999995,0.6327983727970182,0.05555555555555555,CC#C[C@H](C(=O)[O-])[C@@H](CC)[C@](C)(CCC)C(=O)[O-],1.8240316863286388,1.7583350641082394,False
HIF2alpha__6D0B,molgen_ns1.0,12,True,True,native Maestro bonds,,24.0,0.96,3.7172306798318733,0.9394030403494401,1.0,320.43600000000004,0.803659701896815,0.05128205128205128,CCCc1cc(-c2ncc3ccccc3n2)c(CCC)cc1CO,1.2035995742417849,2.0499903637080874,False
HIF2alpha__6D0B,molgen_ns1.0,13,True,True,native Maestro bonds,,24.0,0.96,3.532899560392206,0.8928196483172645,1.0,332.3800000000001,0.8336154855149341,0.08235294117647059,CC[C@H](C(=O)[O-])c1c([C@@](C)(O)C(C)C)ccc2c(=O)[nH]c(N)nc12,1.692479946850419,2.081675772890077,False
HIF2alpha__6D0B,molgen_ns1.0,14,True,True,native Maestro bonds,,22.0,0.88,3.4757522510593017,0.8783776185486012,1.0,358.1120000000001,0.8981518405100309,0.039473684210526314,C[C@H](OP(=O)([O-])[O-])[C@](C)(C#N)O[C@@](C)(OP(=O)([O-])[O-])C(=O)[O-],1.116884498062238,1.5789527404730272,False
HIF2alpha__6D0B,molgen_ns1.0,15,True,True,native Maestro bonds,,23.0,0.92,3.7788322998109503,0.9549707449346754,1.0,341.4280000000001,0.8563080449738039,0.05747126436781609,CC[C@H](C(=O)[O-])[C@@](C)(C#CN1C(=O)N(CF)[C@@H]2CSC[C@@H]21)CC,1.9124662614287973,2.1293475781979785,False
HIF2alpha__6D0B,molgen_ns1.0,16,True,True,native Maestro bonds,,17.0,0.68,2.9112667524303277,0.7357231966634327,1.0,244.28699999999998,0.6126765332149546,0.045454545454545456,CC[C@H]([C@H](O)CC)[C@@H](C)C(C)(C(=O)[O-])C(=O)[O-],1.370606330599265,1.6372927779684854,False
HIF2alpha__6D0B,molgen_ns1.0,17,True,True,native Maestro bonds,,20.0,0.8,3.2039022753511066,0.8096768260245413,1.0,309.2750000000001,0.7756676974626369,0.038461538461538464,CCC[C@H](CC)C[C@](C)(OP(=O)([O-])[O-])[C@@H](CO)C(=O)[O-],1.7769752519309217,2.2463101723281733,False
HIF2alpha__6D0B,molgen_ns1.0,18,True,True,native Maestro bonds,,23.0,0.92,3.7790635746101415,0.9550291917377471,1.0,348.332,0.8736234108562126,0.05813953488372093,CC[C@@](C)(O)[C@H](C)[C@](C)(C(=O)[O-])C1=C[C@@H](O[P@@](=O)([O-])O)CCC1,1.9986335785458385,2.5898663573745324,False
HIF2alpha__6D0B,molgen_ns1.0,19,True,True,native Maestro bonds,,25.0,1.0,3.400778337263398,0.8594305236187934,1.0,341.45500000000015,0.8563757614973881,0.06521739130434782,CC[C@@H](O)c1c(C)[nH]c2nccc([C@]3(C)CCC(C)=C[C@H]3C(N)=O)c12,2.232015953254719,2.6072295701060164,False
HIF2alpha__6D0B,molgen_ns1.0,20,True,True,native Maestro bonds,,28.0,1.12,3.8826164345130745,0.9811986387826894,1.0,510.09600000000023,1.2793306597846619,0.05,CC(O[P@@H](=O)[O-])(O[P@@H](=O)[O-])C(=O)NC[C@]([N-][SH](=O)=O)(O[P@H](=O)[O-])OP(=O)([O-])[O-],1.8722048298809104,1.6009671770375695,True
HIF2alpha__6D0B,molgen_ns1.0,21,True,True,native Maestro bonds,,26.0,1.04,3.7581336859903147,0.9497398775420165,1.0,358.4620000000002,0.8990296472972333,0.06451612903225806,CC[C@@H]1CCN([C@H](C)c2cccc([C@@H]3CNCCN3C)c2C(=O)[O-])C1=O,2.468065154413109,2.541482447823804,False
HIF2alpha__6D0B,molgen_ns1.0,22,True,True,native Maestro bonds,,21.0,0.84,2.964656944434877,0.7492157434042184,1.0,300.35100000000006,0.7532861324083758,0.0379746835443038,CC[C@@](O)([C@@H](C)O)[C@H](C)[C@]1(C(=O)[O-])CCCC[C@H]1C(=O)[O-],2.0042025743429406,2.2172467312165742,False
HIF2alpha__6D0B,molgen_ns1.0,23,False,False,native Maestro bonds,File error: Bad input file external_inputs/ligand_export_20260917/bundle/HIF2alpha__6D0B/sage-flex/sample_023.mae,,,,,,,,,,,,
HIF2alpha__6D0B,molgen_ns1.0,24,True,True,native Maestro bonds,,23.0,0.92,3.2653687448276867,0.8252103759382251,1.0,318.41700000000003,0.798596010744355,0.11392405063291139,CC[C@H](O)c1c([C@](O)(CC)C(C)C)ccc2c(=O)[nH]c(C)nc12,1.686613018892896,1.9023264621340503,False
HIF2alpha__6D0B,molgen_ns1.0,25,True,True,native Maestro bonds,,33.0,1.32,4.901685965456026,1.238733642162836,1.0,447.47900000000016,1.122286009515426,0.057692307692307696,Cc1nc2c(cc1C(=O)[O-])ncn2[C@H]1CC[C@](C)(c2ccn3nc(C(N)=O)nc3n2)[C@@H](C)C1,1.542465243697613,1.7009905711975162,False
HIF2alpha__6D0B,molgen_ns1.0,26,True,True,native Maestro bonds,,18.0,0.72,3.6750586263905243,0.9287454948181593,1.0,251.36999999999992,0.6304408345685326,0.012048192771084338,CC[C@@]1(OCC#C[C@@H](C)C(N)=O)CCCC[C@@H]1C,2.2207746072563204,1.966613784886288,False
HIF2alpha__6D0B,molgen_ns1.0,27,True,True,native Maestro bonds,,21.0,0.84,3.2241752806512882,0.8148001354062642,1.0,293.30300000000005,0.7356096117335179,0.0625,CCc1nc2nc(C(=O)[O-])nn2c([C@H](C)C(C)(O)O)c1C,1.0946965799073978,1.7344469893311212,False
HIF2alpha__6D0B,molgen_ns1.0,28,True,True,native Maestro bonds,,23.0,0.92,3.8237191630904666,0.966314365890272,1.0,349.36400000000015,0.876211686868763,0.04819277108433735,CCO[C@H](C)N1C[C@@H]([C@H](C)[C@@H](C)[C@@H](CC)OP(=O)([O-])[O-])CC1=O,2.336457369884877,2.502394396558172,False
HIF2alpha__6D0B,molgen_ns1.0,29,True,True,native Maestro bonds,,20.0,0.8,2.9307141288430025,0.7406378565547346,1.0,285.316,0.7155780608495663,0.045454545454545456,CCC(CC)([C@H](C)C(C)(C(=O)[O-])C(=O)[O-])[C@@H](C)C(=O)[O-],1.637671600146418,2.151613030138628,False
HIV_RT__3V81,apo2mol,0,True,True,Apo2Mol official reconstruction,,20.0,1.0,5.22764991126186,1.8007363347146488,1.0,275.4359999999999,1.0342916366258108,0.08823529411764706,CCCCCCCC(=O)NCCCCc1ccccc1,2.388222153574458,3.4418676107543487,False
HIV_RT__3V81,apo2mol,1,True,True,Apo2Mol official reconstruction,,20.0,1.0,3.7124957862986654,1.2788205347227133,1.0,273.41999999999996,1.0267213410237923,0.1323529411764706,CCC[C@H]1CC(=O)N(Cc2ccc(CC(C)C)cc2)C1,2.219367045274033,3.137411786771376,False
HIV_RT__3V81,apo2mol,2,True,True,Apo2Mol official reconstruction,,20.0,1.0,3.5760724421294543,1.231827626452488,1.0,272.348,1.0226958663782746,0.09210526315789473,CC1=CCC=C(NC=C2CCC3=C2CCN3C(=O)O)C1,1.829710074696986,3.480214094930798,False
HIV_RT__3V81,apo2mol,3,True,True,Apo2Mol official reconstruction,,20.0,1.0,3.423509520535885,1.1792752174528103,1.0,270.41999999999996,1.015456020187455,0.12162162162162163,CC1(C)CC2C=CC=CC2=C=C([C@@H]2CCCCN2)CN1,2.206827407805485,3.877880243336271,False
HIV_RT__3V81,apo2mol,4,True,True,Apo2Mol official reconstruction,,20.0,1.0,3.2658458964352004,1.1249658009080508,1.0,267.37199999999996,1.0040104542177362,0.16417910447761194,C[C@@H]1NC(=O)C2=c3c1ccc(C1CCCC1)c3=CCC2,2.1469308157107947,3.003622445320497,False
HIV_RT__3V81,apo2mol,5,True,True,Apo2Mol official reconstruction,,20.0,1.0,3.3200649981801007,1.1436423206071415,1.0,263.3,0.988719658735881,0.12857142857142856,N=C1NC(=O)NC2=CCC=CC2=C=C1c1ccccc1,2.579565377362808,3.241683108484279,False
HIV_RT__3V81,apo2mol,6,True,True,Apo2Mol official reconstruction,,20.0,1.0,3.9194135074584073,1.3500962064133528,1.0,281.39599999999996,1.056672074020668,0.09210526315789473,C[C@H]1OC(=C2CC[C@H](N)C2)C=C(CCC(C)(C)O)[C@H]1O,2.085064458550182,3.573375976830432,False
HIV_RT__3V81,apo2mol,7,True,True,Apo2Mol official reconstruction,,20.0,1.0,3.819015955351927,1.315512880623867,1.0,273.42,1.0267213410237925,0.1111111111111111,CCNCC1=CCC(=O)C2CC(C3CCCC3)CC2=C1,2.3259151134466878,3.402528126297764,False
HIV_RT__3V81,apo2mol,8,True,False,Apo2Mol official reconstruction,no sanitizable molecular graph,20.0,1.0,3.933028429540792,1.354786054682504,,,,,,2.475875091169036,3.390006774685026,False
HIV_RT__3V81,apo2mol,9,True,True,Apo2Mol official reconstruction,,20.0,1.0,3.675463754203127,1.2660643389416806,2.0,281.39599999999996,1.056672074020668,0.09210526315789473,C[C@H]1CCCNC1.O=CC(=C1CCCO1)[C@H]1CCCO1,2.6188148100611044,3.261663583200331,False
HIV_RT__3V81,apo2mol,10,True,True,Apo2Mol official reconstruction,,20.0,1.0,3.1444579551094307,1.0831520451569967,1.0,270.328,1.0151105503484739,0.15492957746478872,O=C(O)c1ccccc1C1=C=CCCC[C@H]2OCC[C@H]12,3.2777433631511554,3.459876817607905,False
HIV_RT__3V81,apo2mol,11,True,True,Apo2Mol official reconstruction,,20.0,1.0,3.824291836365597,1.317330230829067,1.0,271.408,1.0191660658495556,0.0641025641025641,CC=NC1=CC=C2C=C(NCN(C)C)[C@@H](C)CC2=CC1,1.9088292148947748,3.333221933904656,False
HIV_RT__3V81,apo2mol,12,True,True,Apo2Mol official reconstruction,,20.0,1.0,3.176920144031004,1.094334095234512,1.0,273.376,1.0265561163181927,0.0875,CCC[C@@H]1N=C2C=CCC=C2C=C1C[C@@H](O)CC=CO,1.86082906487506,3.229112332825196,False
HIV_RT__3V81,apo2mol,13,True,True,Apo2Mol official reconstruction,,20.0,1.0,3.738876469089223,1.2879077258778056,1.0,269.35200000000003,1.011445565969719,0.0759493670886076,C=C(CC)C1=NC(=N)CC(NC2=CCN=C(C=N)C2)=C1,1.93286820347744,3.181421827425176,False
HIV_RT__3V81,apo2mol,14,True,True,Apo2Mol official reconstruction,,20.0,1.0,3.3769560946495285,1.1632392458552454,1.0,271.408,1.0191660658495556,0.07142857142857142,CCNc1nc2c(nc1[C@@H](C)CC(C)C)C=CCC=C2,2.5783027432889054,3.1740984418816707,False
HIV_RT__3V81,apo2mol,15,True,True,Apo2Mol official reconstruction,,20.0,1.0,3.8319498167884296,1.3199681281312985,1.0,280.368,1.0528118240807498,0.08450704225352113,CCCCNC[C@@H](CNc1ccccc1)[C@@H](O)C(=O)O,1.9930803230995853,2.9001200895973023,False
HIV_RT__3V81,apo2mol,16,True,True,Apo2Mol official reconstruction,,20.0,1.0,4.0279554888232205,1.3874849935363145,1.0,268.31199999999995,1.0075402547464551,0.08450704225352113,C=CCCc1ccc(Oc2cccc(C(=O)O)c2)cc1,1.925275274085606,3.045309790557446,False
HIV_RT__3V81,apo2mol,17,True,True,Apo2Mol official reconstruction,,20.0,1.0,3.2281023251171748,1.1119645055979261,1.0,262.352,0.9851598173515982,0.06329113924050633,OC1=CC2C3=C=C/C=C\C4=C=C3/C(=C\CCC4)[C@H]2CC1,2.3902247729604893,3.486227789485316,False
HIV_RT__3V81,apo2mol,18,True,True,Apo2Mol official reconstruction,,20.0,1.0,3.624002821975422,1.2483379088911364,1.0,266.42800000000005,1.0004656332612356,0.06578947368421052,CC=CC1=CC(C2=CC(C=CC(C)C)=CCCC2)C=C1,1.9773098352691127,3.1325428511486204,False
HIV_RT__3V81,apo2mol,19,True,True,Apo2Mol official reconstruction,,20.0,1.0,3.4674603422346224,1.194414686031795,1.0,276.34,1.0376862533044942,0.125,CC[C@H](C)Cn1c(=O)[nH]c2cc(=O)nc(N(C)C)cc21,3.4850494401585776,3.602574162168984,False
HIV_RT__3V81,apo2mol,20,True,True,Apo2Mol official reconstruction,,20.0,1.0,3.392742028120068,1.1686769290322596,1.0,275.35200000000003,1.033976207642394,0.0759493670886076,CC(C)NCC1=NC2=CC=CCC(N(C=O)CO)=C2C1,1.572025975211919,3.094770252940113,False
HIV_RT__3V81,apo2mol,21,True,True,Apo2Mol official reconstruction,,20.0,1.0,3.381380989184608,1.164763461994783,1.0,269.304,1.0112653208363374,0.07792207792207792,[O]N([O])C1=CC=C2C(C=C1)N/C=C\C=C=C1CNCC12,1.2858175456256786,3.179569611608509,False
HIV_RT__3V81,apo2mol,22,True,True,Apo2Mol official reconstruction,,20.0,1.0,3.5029382559147892,1.2066355442239467,1.0,276.3880000000001,1.037866498437876,0.0958904109589041,CCCC[C@H](C)CC1=C2NC(=N)NC(=N)C2N=C(C)N1,1.9059965833231365,3.193777472463986,False
HIV_RT__3V81,apo2mol,23,True,True,Apo2Mol official reconstruction,,20.0,1.0,3.706593511587918,1.2767874145426084,1.0,268.40399999999994,1.007885724585436,0.22857142857142856,Cc1ncccc1C1=CCC=CC1C[C@@H]1C[C@H](C)CN1,1.8812464301580625,3.306003429666573,False
HIV_RT__3V81,apo2mol,24,True,True,Apo2Mol official reconstruction,,20.0,1.0,3.135033235141142,1.0799055699760847,1.0,275.39199999999994,1.0341264119202114,0.0821917808219178,C[C@H]1C[C@@H](O)[C@H](O)CN1C[C@H]1C=CC2=CCC=CC2C1,2.2586911146884243,3.21512036526768,False
HIV_RT__3V81,apo2mol,25,True,True,Apo2Mol official reconstruction,,20.0,1.0,3.7778435534398445,1.3013304771788998,1.0,269.388,1.0115807498197549,0.12162162162162163,CCCCC1C=CC=CC=C1NC1=CCC(C)=CC1=O,2.0421418650714376,2.891779739374237,False
HIV_RT__3V81,apo2mol,26,True,True,Apo2Mol official reconstruction,,20.0,1.0,3.4398310039046827,1.1848973782014325,1.0,264.372,0.9927451333813988,0.1076923076923077,N=Cc1ccc([C@@H](NC2CCC2)c2ccccc2)cc1,1.8678758584992872,3.1252132008864004,False
HIV_RT__3V81,apo2mol,27,True,True,Apo2Mol official reconstruction,,20.0,1.0,3.374527227359416,1.162402588914603,1.0,267.37199999999996,1.0040104542177362,0.08695652173913043,CC(=O)Cc1cccc(C(C)C)c1Nc1ccccc1,2.109905063058777,3.2029038657234854,False
HIV_RT__3V81,apo2mol,28,True,True,Apo2Mol official reconstruction,,20.0,1.0,3.3561997748053805,1.1560894443282157,1.0,271.276,1.0186703917327566,0.18181818181818182,O=C1CC2=C3[C@H](CN2c2ccccc2)OCN3C(=O)N1,1.8947508577496104,2.9776593128740787,False
HIV_RT__3V81,apo2mol,29,True,True,Apo2Mol official reconstruction,,20.0,1.0,3.4515588427566652,1.1889371945447087,1.0,272.476,1.0231765200672915,0.08450704225352113,CCC1=CC(C[C@@H]2[C@H](C)C[C@@H](C)CC[C@@H]2C)=CCC=C1,2.3546387902469346,3.6221669895677584,False
HIV_RT__3V81,molgen_ns1.0,0,True,True,native Maestro bonds,,18.0,0.9,3.6218589733504953,1.2475994305728548,1.0,240.26999999999998,0.902239545782264,0.12857142857142856,CCCc1cncc(-c2nc3ncccn3n2)n1,2.923465778057646,2.7496607920193,True
HIV_RT__3V81,molgen_ns1.0,1,True,True,native Maestro bonds,,23.0,1.15,3.8753732381990926,1.3349259263846502,1.0,298.34100000000007,1.1203023612112477,0.22641509433962265,Cc1ccccc1-c1ccc2c(c1)C(=O)c1ccccc1C2=O,3.263472668108691,3.6569945018023353,False
HIV_RT__3V81,molgen_ns1.0,2,True,True,native Maestro bonds,,18.0,0.9,3.077025651682337,1.0599240553382674,1.0,238.242,0.8946241888968999,0.16363636363636364,COc1ccc2c(c1)C(=O)c1ccccc1C2=O,3.538489451877612,3.793049916003519,False
HIV_RT__3V81,molgen_ns1.0,3,True,True,native Maestro bonds,,16.0,0.8,3.0096193838984853,1.0367050338570474,1.0,210.23600000000002,0.7894586637827447,0.11290322580645161,Oc1cc2[nH]ncc2cc1-c1ccccc1,2.143904328531788,2.973382999919357,False
HIV_RT__3V81,molgen_ns1.0,4,True,True,native Maestro bonds,,13.0,0.65,2.5581966466322004,0.881206226723743,1.0,170.215,0.639175528719058,0.22641509433962265,Cc1ccccc1-c1cnccn1,3.184165078531327,3.009948900667322,True
HIV_RT__3V81,molgen_ns1.0,5,True,True,native Maestro bonds,,13.0,0.65,2.419434407474401,0.833407653716872,1.0,176.15099999999995,0.6614658435472242,0.13114754098360656,Cc1nc2c(C(=O)[O-])cccc2o1,2.8209460683826544,3.465893988995688,False
HIV_RT__3V81,molgen_ns1.0,6,True,True,native Maestro bonds,,12.0,0.6,2.49852307345982,0.8606508388806767,1.0,164.14,0.6163632540254746,0.10909090909090909,O=C([O-])C(=O)Nc1ccccc1,3.4723121990319235,3.824254463378183,False
HIV_RT__3V81,molgen_ns1.0,7,True,True,native Maestro bonds,,16.0,0.8,2.9838854061755624,1.0278406092094492,1.0,207.276,0.778343547224225,0.15517241379310345,Cc1ccc(-c2cccc3[nH]ccc23)cc1,3.34270122070784,3.612295731427684,False
HIV_RT__3V81,molgen_ns1.0,8,True,True,native Maestro bonds,,11.0,0.55,2.244556242840158,0.7731684505279426,1.0,163.24499999999995,0.6130024333093005,0.14545454545454545,Cc1nc2c(C)cccc2s1,3.395898119580472,3.5246761300909744,False
HIV_RT__3V81,molgen_ns1.0,9,True,True,native Maestro bonds,,21.0,1.05,3.4357078797419076,1.1834771110415268,1.0,278.27500000000003,1.044952385243932,0.17391304347826086,Cc1ncc2cnn(-c3nc4ccccc4c(=O)[nH]3)c2n1,2.3191931332450526,2.667185370548986,False
HIV_RT__3V81,molgen_ns1.0,10,True,True,native Maestro bonds,,13.0,0.65,2.6251148005327942,0.9042571106249833,1.0,174.28699999999992,0.654466324200913,0.19230769230769232,Cc1ccccc1C1CCCCC1,3.4020081480968623,4.038480257555564,False
HIV_RT__3V81,molgen_ns1.0,11,True,True,native Maestro bonds,,23.0,1.15,3.7309057101150893,1.2851620876763923,1.0,298.34100000000007,1.1203023612112477,0.22641509433962265,Cc1ccccc1-c1ccc2c(c1)C(=O)c1ccccc1C2=O,3.771536008104087,3.70990806607425,False
HIV_RT__3V81,molgen_ns1.0,12,True,True,native Maestro bonds,,18.0,0.9,3.0834064696030787,1.0621220163475396,1.0,277.106,1.0405626652247058,0.1568627450980392,O=C1c2ccccc2C(=O)c2cc(Cl)c(Cl)cc21,2.2201605722099487,2.732080716795401,False
HIV_RT__3V81,molgen_ns1.0,13,True,True,native Maestro bonds,,16.0,0.8,3.0940279060787006,1.0657807170855733,1.0,208.26,0.7820385724585437,0.15789473684210525,Cc1ccccc1-c1cc2ccccc2o1,2.1664535215932306,3.194120362352278,False
HIV_RT__3V81,molgen_ns1.0,14,True,True,native Maestro bonds,,22.0,1.1,4.078468301198907,1.404884830586911,1.0,290.28200000000004,1.0900399543378998,0.13636363636363635,O=c1[nH]c(-c2nc(-c3ccccc3)no2)nc2ccccc12,2.615521227026688,3.563119736779292,False
HIV_RT__3V81,molgen_ns1.0,15,True,True,native Maestro bonds,,23.0,1.15,3.8383109854690014,1.3221593206879534,1.0,298.34100000000007,1.1203023612112477,0.22641509433962265,Cc1ccccc1-c1ccc2c(c1)C(=O)c1ccccc1C2=O,4.408800911058508,4.697935415460992,False
HIV_RT__3V81,molgen_ns1.0,16,True,True,native Maestro bonds,,21.0,1.05,3.46954436551954,1.195132556684047,1.0,278.351,1.0452377733717857,0.15254237288135594,CCC[C@@H](C)c1ccc2c(c1)C(=O)c1ccccc1C2=O,3.9385808924587,3.623726267423873,False
HIV_RT__3V81,molgen_ns1.0,17,True,True,native Maestro bonds,,11.0,0.55,2.2442066646632637,0.7730480334886147,1.0,150.141,0.5637955118961788,0.1206896551724138,Cc1ccn2nc(O)nc2n1,2.728210009283373,3.160855338809292,False
HIV_RT__3V81,molgen_ns1.0,18,True,True,native Maestro bonds,,19.0,0.95,3.42917922470154,1.1812282254911226,1.0,250.261,0.939756819274213,0.17647058823529413,Cc1nc2ncc(-c3cccc4occc34)cn2n1,3.6972193329284506,3.5862076065769424,False
HIV_RT__3V81,molgen_ns1.0,19,True,True,native Maestro bonds,,25.0,1.25,3.7570935477307454,1.2941828506430417,1.0,326.395,1.225648131458784,0.14754098360655737,CCCc1cc2c(cc1-c1ccccc1)C(=O)c1ccccc1C2=O,2.150801003640332,3.35571002805662,False
HIV_RT__3V81,molgen_ns1.0,20,True,True,native Maestro bonds,,19.0,0.95,3.187459271805411,1.0979644436016989,1.0,246.265,0.9247514119202115,0.19642857142857142,C#Cc1cc2c(cc1C)C(=O)c1ccccc1C2=O,3.4266624466613007,3.580580829974661,False
HIV_RT__3V81,molgen_ns1.0,21,True,True,native Maestro bonds,,16.0,0.8,2.995463169789023,1.0318287300605762,1.0,208.264,0.7820535928863255,0.1694915254237288,Cc1cc2[nH]ncc2cc1-c1ccccc1,2.562600597305499,3.487862700847633,False
HIV_RT__3V81,molgen_ns1.0,22,True,True,native Maestro bonds,,23.0,1.15,3.779418876425087,1.3018731189752308,1.0,302.3730000000001,1.1354429524152854,0.1935483870967742,C[C@]1(c2ccc3c(c2)C(=O)c2ccccc2C3=O)CC=CCC1,3.4475757273187777,3.0798031117868128,True
HIV_RT__3V81,molgen_ns1.0,23,True,True,native Maestro bonds,,13.0,0.65,2.127102104024803,0.7327097474744371,1.0,195.581,0.7344275714972363,0.078125,O=C([O-])c1cc2cccc(Cl)c2o1,3.211500156403924,3.970277940080216,False
HIV_RT__3V81,molgen_ns1.0,24,True,True,native Maestro bonds,,12.0,0.6,2.380044088060368,0.8198391132428708,1.0,163.17599999999996,0.6127433309300648,0.0967741935483871,CCc1nc2c(O)cccc2o1,2.5814987489932,3.5900718110109344,False
HIV_RT__3V81,molgen_ns1.0,25,True,True,native Maestro bonds,,16.0,0.8,2.908263154224314,1.0017914783163882,1.0,210.24,0.7894736842105264,0.1746031746031746,Cc1cncc(-c2ccnc3[nH]ccc23)n1,3.029076657670211,3.4316037815557374,False
HIV_RT__3V81,molgen_ns1.0,26,True,True,native Maestro bonds,,16.0,0.8,3.001912264889456,1.0340502100889848,1.0,209.252,0.785763638548426,0.2033898305084746,Cc1ccccc1-c1ncc2cc[nH]c2n1,2.666004013273204,2.891827188939873,False
HIV_RT__3V81,molgen_ns1.0,27,True,True,native Maestro bonds,,15.0,0.75,2.777913088793258,0.9568905949292916,1.0,203.22099999999998,0.7631165885604422,0.10294117647058823,CCCc1cc2[nH]cnc2cc1C(=O)[O-],2.965991567476737,3.595280302337206,False
HIV_RT__3V81,molgen_ns1.0,28,True,True,native Maestro bonds,,16.0,0.8,3.1038360577578024,1.0691592706239237,1.0,208.26,0.7820385724585437,0.15789473684210525,Cc1ccccc1-c1cc2ccccc2o1,4.121052347439707,3.848651806191447,False
HIV_RT__3V81,molgen_ns1.0,29,True,True,native Maestro bonds,,10.0,0.5,2.0800765707059905,0.716511151940315,1.0,135.14199999999997,0.5074726628214371,0.15384615384615385,Cc1ccccc1C(=O)[O-],2.797086614258316,3.2598323423144318,False
THSR__7UTZ,apo2mol,0,True,True,Apo2Mol official reconstruction,,40.0,1.0,4.801345202904805,0.7414035941663012,1.0,553.8470000000002,0.9734990965401349,0.07291666666666667,CC1=C([C@H](C)C(C)(C)Oc2ccnc(F)c2)C[C@H](C)[C@H](C)[C@@H]1C=CC1=C(CCC(C)(C)C)CC[C@@H]1CCCCO,1.3547727094629562,2.167775343701462,False
THSR__7UTZ,apo2mol,1,True,True,Apo2Mol official reconstruction,,40.0,1.0,4.5127305298826155,0.6968369265210909,1.0,555.9760000000003,0.9772412483917005,0.0625,CCC1=CC(NCCCC(C)C)CCC1CCC=C[C@@H](C)C[C@H]1C[C@@](CC)([C@@H](CC(C)C)[C@H](CC)CC=O)[C@@H]1C,0.9803536443415364,2.149397502345706,False
THSR__7UTZ,apo2mol,2,True,True,Apo2Mol official reconstruction,,40.0,1.0,4.475533720357023,0.6910931511605714,1.0,548.9000000000003,0.9648037347694943,0.08080808080808081,CCCC1=CC=CC(NCC=C[C@@H](C)CC(=O)N2CC[C@H]3C[C@@H](C)CC[C@@H]3[C@H](CC[C@H]3CCC[C@@H](C)C3)C2)=CC1,1.976707384005277,2.983366236242532,False
THSR__7UTZ,apo2mol,3,True,True,Apo2Mol official reconstruction,,40.0,1.0,4.279671983933716,0.6608490030713985,3.0,615.3810000000004,1.081657655504074,0.03409090909090909,FC1=CC=NC=CC1.FC[C@@](F)(C(F)F)C(F)(F)C(F)(F)F.OC(F)(F)NC[C@@H]1C=CC=NC=C1CC(F)(F)F,0.901633165226629,2.204679638468547,False
THSR__7UTZ,apo2mol,4,True,False,Apo2Mol official reconstruction,no sanitizable molecular graph,40.0,1.0,4.476607209325157,0.6912589148258855,,,,,,1.506322215506695,2.370684029644414,False
THSR__7UTZ,apo2mol,5,True,True,Apo2Mol official reconstruction,,40.0,1.0,4.704430978729597,0.7264385060310288,1.0,538.8640000000001,0.9471634172578405,0.0425531914893617,C[C@@H]1[C@@H]2CCC[C@H]2C(=C=C(CC2=C3CC(C4CCC4)=CC=C3NC2)NC2=C[C@H](C(C)(C)C)C=C[C@H](C)C2)C[C@H]1C,1.8994501091723603,2.9347402430276244,False
THSR__7UTZ,apo2mol,6,True,True,Apo2Mol official reconstruction,,40.0,1.0,4.436175423035266,0.6850156079176979,1.0,547.9560000000001,0.9631444621777243,0.041666666666666664,CC=C[C@@H](C)C[C@H]1CC[C@H](C[C@H](C[C@@H](C)CC)[C@@H](c2ccccn2)[C@H]2CC[C@@H](CC)C2)[C@H]2C[C@@H](C)C[C@@]2(C)[C@H]1C,2.106363447999001,2.549050807618097,False
THSR__7UTZ,apo2mol,7,True,True,Apo2Mol official reconstruction,,40.0,1.0,4.58781944856283,0.7084318424954498,1.0,553.7780000000004,0.9733778149629825,0.07216494845360824,COc1cccc(C[C@H](C)[C@H]2C=C[C@H]3CC[C@@H]([C@H]4[C@H](C)[C@H]([C@@H](O)[C@@H](C)C5=CCC(F)=C(F)C5)NC[C@@H]4C)[C@H]3C2)c1,2.224894295707261,2.5075993991744383,False
THSR__7UTZ,apo2mol,8,True,True,Apo2Mol official reconstruction,,40.0,1.0,4.764183644423582,0.7356652621242453,2.0,548.9840000000003,0.9649513819068974,0.056179775280898875,CCC[C@@H]1CCC([C@H](C)c2ccc(C)c([C@@H]3CC[C@H]4CC(C)(C)[C@@H](C)C[C@H]43)c2)C1.C[C@@H]1CCC(C)(C)C[C@@H](C)C1,2.715196746852368,2.5424095056595544,False
THSR__7UTZ,apo2mol,9,True,True,Apo2Mol official reconstruction,,40.0,1.0,5.365414603853577,0.8285048259147787,1.0,549.8840000000004,0.9665333155219323,0.08888888888888889,CC(=O)CN(C)CC1=CCC=C(C[C@H](C)[C@H]2C[C@](C)(CC(C)=C3CCCC3)C[C@@H]3CC[C@H](C(C)=O)CC[C@H]2C3)C1,1.013979160808932,2.636269876007618,False
THSR__7UTZ,apo2mol,10,True,False,Apo2Mol official reconstruction,no sanitizable molecular graph,40.0,1.0,3.9881779839348903,0.6158377218274895,,,,,,2.3750073813686874,3.903267315418872,False
THSR__7UTZ,apo2mol,11,True,True,Apo2Mol official reconstruction,,40.0,1.0,4.401896023463428,0.6797223267695215,1.0,545.8710000000001,0.9594796493028939,0.04081632653061224,CC[C@H](C)/C1=C/CCCC[C@H]2C[C@H]3C[C@@H]2[C@@H]2[C@H]4[C@@H]1[C@@H](CC(C)C)C(Cc1cccc(F)c1)[C@@H]1[C@@H]4[C@@H](NC[C@@H]1C)[C@H]32,1.2498028319194534,3.041246096675223,False
THSR__7UTZ,apo2mol,12,True,True,Apo2Mol official reconstruction,,40.0,1.0,4.673856206313622,0.721717277874739,1.0,545.9000000000002,0.9595306227193785,0.07368421052631578,CCC[C@H]1CC2=CC(C(C)C)N=C(C2)NCC[C@H]2CC3=C(C2)C[C@@H]2[C@H](CCC[C@H]2C[C@H](C)CN2C=CC[C@H]1C2)C3,2.023053183220323,2.3790026497540446,False
THSR__7UTZ,apo2mol,13,True,True,Apo2Mol official reconstruction,,40.0,1.0,4.378290366025323,0.6760772401265779,1.0,529.5720000000002,0.9308308315346158,0.00909090909090909,CN1Nc2nc3nnc4c5c6[nH]c4c3c(c2N1)NCCC1N=C(/C=C\[C@@H]6C=C2C=NN=C[C@H]25)N=C2C=NC=CC21,0.9716754007766438,2.0485871052965097,False
THSR__7UTZ,apo2mol,14,True,True,Apo2Mol official reconstruction,,40.0,1.0,4.968767551678379,0.7672562512611076,1.0,571.3740000000003,1.0043063748409273,0.05128205128205128,C[C@H]1C/C=C2\C[C@@H]([C@@H]3CC[C@H](Cl)C3)CC[C@H]2C[C@@H]2CC[C@@H](C)[C@@H](C)C[C@H]2[C@H]2C[C@H](C[C@@H](C)[C@H](C)C1)[C@@H](C)CC2=O,1.8399185731436751,2.3530697296591434,False
THSR__7UTZ,apo2mol,15,True,False,Apo2Mol official reconstruction,no sanitizable molecular graph,40.0,1.0,4.420469192081522,0.6825903175901317,,,,,,1.8182356769379804,2.860964826960169,False
THSR__7UTZ,apo2mol,16,True,True,Apo2Mol official reconstruction,,40.0,1.0,4.476703382705326,0.6912737655159957,2.0,551.9880000000003,0.97023152477308,0.07777777777777778,CC(C)CCC1CCCC1.CCCC[C@@H]1CCC2=C1C=C[C@@H](CCNC(C)(C)[C@@H]1CC[C@@H]3CCC(C)(C)[C@@H]31)C2C,1.6922015349446489,2.477253372797257,False
THSR__7UTZ,apo2mol,17,True,True,Apo2Mol official reconstruction,,40.0,1.0,4.644734097780105,0.717220363984151,1.0,546.8840000000004,0.9612602034718166,0.07446808510638298,CCC[C@H]1CCC[C@@H]2C[C@@H]1[C@H]1CC[C@H]([C@@H]1C)[C@H](C)[C@@H]1C=C(C=C3CCN(C)C=C31)C/C=N/[C@]1(O)CCCC[C@H]1C2,1.9466325880007644,2.438760652964242,False
THSR__7UTZ,apo2mol,18,True,True,Apo2Mol official reconstruction,,40.0,1.0,6.184938442904133,0.9550522608731007,2.0,549.8840000000002,0.9665333155219321,0.09090909090909091,C=C(NCC(=O)[C@@H]1CC[C@H](C)C[C@H]1C)C(C)=C1CCC[C@@H](C2CCCC2)CC1.CC[C@H](C)c1ccc(O)c(C)c1,1.7745345361060727,2.595010452534813,False
THSR__7UTZ,apo2mol,19,True,True,Apo2Mol official reconstruction,,40.0,1.0,4.395558257035194,0.6787436754519623,1.0,547.9560000000002,0.9631444621777244,0.01098901098901099,C/C1=C/[C@H]2/C=C/CC(C)(C)[C@@H]3CN[C@@](C4CCCC4)(CC[C@H]4C[C@H](C)[C@@H](CC[C@@H]1C)[C@H]42)C[C@@H]1CC[C@H]1CC[C@H]3C,2.0384383244651305,3.424558216133355,False
THSR__7UTZ,apo2mol,20,True,True,Apo2Mol official reconstruction,,40.0,1.0,4.888270688638887,0.7548262631943289,1.0,545.8960000000003,0.9595235919033118,0.07526881720430108,CCC[C@H](C)C1=C(CC2CC[C@H]3CC[C@@H]2C3)CC(=C[C@@H](C)C[C@H]2C=C3C[C@H](C)CC[C@@H]4CC(=O)CC[C@H](C2)[C@H]34)N1,0.976437334005393,2.356548403877626,False
THSR__7UTZ,apo2mol,21,True,True,Apo2Mol official reconstruction,,40.0,1.0,4.456703874673385,0.6881855253437482,1.0,543.8000000000002,0.9558394442842975,0.09,C=C1CC[C@@H](C(=N[C@@H]2CC=C[C@@H]3C=C[C@@H]([C@H](CCC)NC(=O)N=C[C@H](C)C(C)C)CC32)Nc2cccc(N)c2)C1,0.912784901421506,2.250078187469108,False
THSR__7UTZ,apo2mol,22,True,True,Apo2Mol official reconstruction,,40.0,1.0,4.174615362603568,0.6446266001085752,2.0,551.9000000000004,0.9700768468196102,0.0625,CC=C[C@H](CC[C@@H](CC1=CCCC(=O)N1)c1cccc(CC)c1)[C@@H](O)[C@H](C)CC.CC[C@@H]1C[C@@H](C)C(C)(C)[C@@H]1C,1.7950056884590482,2.6487769790180637,False
THSR__7UTZ,apo2mol,23,True,True,Apo2Mol official reconstruction,,40.0,1.0,4.32965305523078,0.6685668705301904,1.0,553.9640000000003,0.9737047479100895,0.04,CC[C@@H](CC1C[C@H]2NCC(C[C@@H](C)[C@H](N)C3=CC(C)C(C)[C@H](CN)C3)=CC[C@]2(C)C1)[C@@H]1CCCCC[C@H](C)CC1,1.5851938498857905,2.417808613689603,False
THSR__7UTZ,apo2mol,24,True,True,Apo2Mol official reconstruction,,40.0,1.0,4.349060989174506,0.671563762312209,1.0,550.76,0.9680730642405655,0.028037383177570093,CC(=N)CN=C1N[C@@H](C)C[C@@H](C)c2cc(nnn2)N2C[C@H]3C[C@H](CCN3)CC3=C=C(NN2)[C@H](N1)[C@H](C)[C@@H](C)NC3,1.0034655378309574,2.359826051152758,False
THSR__7UTZ,apo2mol,25,True,True,Apo2Mol official reconstruction,,40.0,1.0,4.4401905362729845,0.6856356048684751,1.0,558.9320000000004,0.9824370214650812,0.09302325581395349,CCC1/C=C/[C@H](C(C)=O)C(C)(C)[C@@H](C)/C([C@H](C)[C@@H](C)C(C)C)=C/[C@@H](C)[C@@H]([C@@]2(C)C[C@H](O)C[C@](C)(CCO)C2)CC1,1.9247274079031929,2.289399547074991,False
THSR__7UTZ,apo2mol,26,True,True,Apo2Mol official reconstruction,,40.0,1.0,4.6477730241635955,0.717689622254055,1.0,543.8400000000004,0.955909752444966,0.0594059405940594,CCC=C[C@]1(OC2C=C(C(C)C)C=C3N[C@@H](Cc4ccccn4)[C@H](CC(C)C)N32)C=CC[C@@H](CC2CCCC2)C1,1.0748920798761548,2.099212968093832,False
THSR__7UTZ,apo2mol,27,True,True,Apo2Mol official reconstruction,,40.0,1.0,5.482058030155198,0.8465164147177611,1.0,543.8800000000006,0.9559800606056346,0.07692307692307693,C=C1C([C@H]2CC3=C(C2)N(C=C(C)[C@H](C)C(C)(C)C)C(=O)[C@H](C2CCCCC2)C3)=CC(CC2CCCC2)=CC1CC,1.0553749121487657,2.169065798503956,False
THSR__7UTZ,apo2mol,28,True,True,Apo2Mol official reconstruction,,40.0,1.0,4.938878779274823,0.7626409523503339,1.0,555.9320000000001,0.9771639094149651,0.056818181818181816,CC(C)C=CCC=CC[C@@H](CC(C)(C)CC(C)(C)C)[C@@H](C)NCC1=CC[C@@H]([C@@H](C)O)C([C@H](C)C2CCCC2)C1=O,1.1267590452385865,2.4768719489560134,False
THSR__7UTZ,apo2mol,29,True,True,Apo2Mol official reconstruction,,40.0,1.0,4.888073822830474,0.7547958640016532,1.0,543.7200000000003,0.9556988279629612,0.045454545454545456,C=C1C=CC(Nc2nccc(CCN[C@H](C)[C@@H](C#CN=C3CN(CC)CCC=N3)[C@@H]3CCN(C)N3)c2O)=CC=N1,1.3429888488646098,2.3484098896169585,False
THSR__7UTZ,molgen_ns1.0,0,True,True,native Maestro bonds,,34.0,0.85,5.629445403658176,0.8692753549380412,1.0,474.62200000000036,0.8342449958166642,0.0958904109589041,CC[C@@H](CNC(=O)C[C@H](C)c1ccccc1[C@@H](CC)C(N)=O)NC(=O)C[C@H](C)[C@H](C)CC(=O)[O-],1.9140936547865912,3.010644764446765,False
THSR__7UTZ,molgen_ns1.0,1,True,True,native Maestro bonds,,39.0,0.975,4.914652117752311,0.7588999728605497,1.0,548.7690000000005,0.9645734755433062,0.08888888888888889,CC[C@H](CCC(=O)[O-])CC1(N(C=O)[C@@H]2CCC[C@H]([N-]C=O)N2C[C@@H](C)N(CC)C(=O)[C@H](C)CC)CCCCC1,1.5674577932404303,2.163086326517028,False
THSR__7UTZ,molgen_ns1.0,2,True,True,native Maestro bonds,,37.0,0.925,5.641599214677555,0.8711520954746588,1.0,521.6590000000003,0.9169221196504276,0.10465116279069768,CCN(CCC(=O)NC)C(=O)NC(=O)n1c(=O)cc(C)n(CC[C@@H](C)C2(C(C)(C)O)CCCCC2)c1=O,2.5247756836151303,2.093223472081136,True
THSR__7UTZ,molgen_ns1.0,3,True,True,native Maestro bonds,,45.0,1.125,5.80728164545423,0.8967360817278696,1.0,611.7390000000004,1.0752560974752337,0.07692307692307693,CC(=O)N[C@@H](C)C(=O)N(C[C@@H](CCC(=O)N[C@@H](C)c1ccccc1)Cc1ccc2c(c1)C(=O)c1cccc(C)c1C2=O)[C@H](C)O,1.4084610056717697,2.255703472737008,False
THSR__7UTZ,molgen_ns1.0,4,True,True,native Maestro bonds,,31.0,0.775,4.361900969847853,0.6735464582896793,1.0,433.54900000000026,0.7620508187385308,0.09523809523809523,CO[C@H](C)C(=O)N[C@@H]1CC(=O)N[C@H]1[C@@H](C)COCCNC(=O)Cc1cccc(C)c1C,1.5055791283103857,2.895253484344948,False
THSR__7UTZ,molgen_ns1.0,5,True,True,native Maestro bonds,,41.0,1.025,4.585389356452481,0.7080565978611589,1.0,563.7230000000004,0.990858181409116,0.0851063829787234,Cc1ccccc1Cn1cnc2c(CCCC[C@H](C)C(=O)[O-])nc([C@@](C)(C(=O)N[C@@H](C)C(C)C)[C@@H](C)C(N)=O)nc21,1.855213163269424,2.028965282188393,False
THSR__7UTZ,molgen_ns1.0,6,True,True,native Maestro bonds,,30.0,0.75,4.859095340355718,0.7503211282448342,1.0,417.63800000000026,0.734083990128734,0.09722222222222222,CC(C)[C@H](C)[C@@H](C)[C@H](C)C(=O)NC(C)(C)CCCCNC(=O)c1ccccc1CN,1.5751184028977363,2.254818612173748,False
THSR__7UTZ,molgen_ns1.0,7,True,True,native Maestro bonds,,40.0,1.0,4.917162152476771,0.7592875618981116,1.0,555.7400000000005,0.9768264302437583,0.08695652173913043,CC[C@H](C)C(=O)NC[C@@H](C)n1ccc2c(CN(C=O)C[C@H](C)CNC(=O)CC[C@H](C)[C@@H](CC)C(=O)[O-])cccc21,1.315114705290325,2.0254889906900706,False
THSR__7UTZ,molgen_ns1.0,8,True,True,native Maestro bonds,,38.0,0.95,5.567591740926127,0.8597241716916987,1.0,538.7980000000002,0.9470474087927381,0.10112359550561797,CCCc1cccc([C@H](C[C@@H](C)[C@H](C)NCO)[C@H](C)CCN(C=O)[C@@H](C)[C@@H](O)c2ccc3sccc3c2)c1,3.0272367524379025,1.6870512188980946,True
THSR__7UTZ,molgen_ns1.0,9,True,True,native Maestro bonds,,33.0,0.825,5.090218801685818,0.7860102440415119,1.0,452.63900000000024,0.7956053884174332,0.1111111111111111,CCC[C@@H](CC)C(=O)NCc1ccccc1CCc1cccc([C@@H](C)O)c1CNC(=O)CC,2.410346825308177,2.249211042120627,True
THSR__7UTZ,molgen_ns1.0,10,True,True,native Maestro bonds,,44.0,1.1,4.723566080794057,0.7293932682582367,1.0,592.7360000000001,1.0418544480457839,0.09411764705882353,C[C@H](O[C@H](C)c1ccc(-c2ccc3nc[nH]c(=O)c3c2)cc1[C@H](C[C@@H](C)O)c1ccccc1CCO)c1ccccc1CO,1.9946947698700328,1.6699308948253566,True
THSR__7UTZ,molgen_ns1.0,11,True,True,native Maestro bonds,,41.0,1.025,5.606120318931721,0.8656735931567877,1.0,560.7790000000001,0.9856835007839352,0.07446808510638298,CCC[C@H](C)[C@@H](C)N(C=O)[C@H](C)CN1CCC[C@@H]1Cc1ccc2c(c1)C(=O)c1c(ccc(C[C@H](C)OC)c1C)C2=O,3.233118670177329,1.861426767194004,True
THSR__7UTZ,molgen_ns1.0,12,True,True,native Maestro bonds,,49.0,1.225,5.266403250590884,0.8132159078990904,1.0,675.8510000000002,1.1879460173942382,0.09090909090909091,CCc1nc2c(ccn2Sc2ccccc2O[C@@H](C)NC(=O)[C@H](C)[C@@H](C)O)cc1[C@H](C)c1ccc2c(c1)C(=O)c1c(ccc(C)c1C)C2=O,2.3824482388298414,2.614025351148829,False
THSR__7UTZ,molgen_ns1.0,13,True,True,native Maestro bonds,,33.0,0.825,4.995722793507305,0.7714185666808564,1.0,450.7070000000004,0.7922095042571591,0.0945945945945946,CCC[C@@](C)(/C=C/[C@H](C)[C@H](C)c1ccccc1-c1ccccc1C)[C@@H](O)C[C@@H](CC)CCO,1.6372568471551463,1.6289119324845338,True
THSR__7UTZ,molgen_ns1.0,14,True,True,native Maestro bonds,,48.0,1.2,4.893286546541345,0.7556007909401073,1.0,653.9280000000002,1.1494118722360098,0.0784313725490196,CCC(=O)N(c1ccccc1NC=O)[C@@H](C)c1ccc2cc(CC[C@H](C)[C@@](C)(CC)[C@@H](C)C(=O)[O-])c([C@H](CC)C3CCCCC3)cc2c1,1.8528186194799168,1.8032246122982911,True
THSR__7UTZ,molgen_ns1.0,15,True,True,native Maestro bonds,,41.0,1.025,5.9268426176704,0.915198185737691,1.0,556.7070000000001,0.9785261300279116,0.07317073170731707,Cc1cccc(CN(C=O)CCN(C=O)CC[C@H](C)NC(=O)[C@@H](C)N(C=O)c2ccccc2Cc2ccccc2)c1,1.843517589278436,1.9834725544003229,False
THSR__7UTZ,molgen_ns1.0,16,True,True,native Maestro bonds,,28.0,0.7,4.5428808026675,0.7014926052242768,1.0,402.55200000000025,0.707567267332719,0.14925373134328357,CC[C@@H](C)C(=O)N[C@H](C)[C@H](C)OC[C@@H](CCO)C[C@H](CC[C@H](C)O)CC(=O)[O-],1.6185394212521105,2.223667160573441,False
THSR__7UTZ,molgen_ns1.0,17,True,True,native Maestro bonds,,46.0,1.15,5.262784416024118,0.8126571026390831,1.0,624.8660000000001,1.0983294781025226,0.08737864077669903,CC[C@H](c1ccccc1)[C@]1(C(=O)N(CC)c2ccccc2-c2ccc(OCCCC[C@H](C=O)C(C)C)c3c2[C@H](C)CO3)CCNC1,2.196955094478567,2.1701583115450283,True
THSR__7UTZ,molgen_ns1.0,18,True,True,native Maestro bonds,,35.0,0.875,5.530346720945944,0.8539729518749278,1.0,487.68500000000046,0.8572058833868847,0.11538461538461539,CCCN(C[C@@H](CC)CCCc1ccccc1C)C(=O)[C@@H](C)NC(=O)[C@H](C)NC(=O)[C@@H](C)CC=O,1.0792513441078406,2.1472783157082524,False
THSR__7UTZ,molgen_ns1.0,19,True,True,native Maestro bonds,,33.0,0.825,4.613882933352487,0.7124564565323367,1.0,467.7390000000002,0.822146719069682,0.12307692307692308,CCC[C@@H](C)N(C(=O)N[C@@H](C)[C@H](C)NC(=O)C[C@H](C)CC)C(=O)[C@@H](C)CC[C@H](C)[C@@H](C)CC,3.5080998724178465,2.409562362774847,True
THSR__7UTZ,molgen_ns1.0,20,True,True,native Maestro bonds,,45.0,1.125,6.679218152663094,1.031376861136598,1.0,612.7990000000002,1.0771192637329408,0.09183673469387756,CC[C@@H](C)C(C)(C)c1nccnc1CCc1cn2nc(CCc3ccc([C@@H](C)CC[C@H](C)CNC=O)cc3)nc2nc1C(=O)[O-],2.70240136363384,2.3928624366827047,True
THSR__7UTZ,molgen_ns1.0,21,True,True,native Maestro bonds,,32.0,0.8,4.385839822567483,0.6772429955509064,1.0,440.6680000000001,0.7745639136334549,0.11594202898550725,CCOc1ccccc1[C@@H](C)[C@H](CC)C[C@H](CC)[C@@H](OC)c1ccccc1CCCCO,2.1244976149421757,1.8714616786899416,True
THSR__7UTZ,molgen_ns1.0,22,True,True,native Maestro bonds,,41.0,1.025,5.7457876915451465,0.8872404432097083,1.0,563.8710000000001,0.9911183216035877,0.08247422680412371,CCC(CC)c1cnc2[nH]c(C3(C[C@@H]4C=C[C@@H]([C@@H](CC)CNC=O)[C@H](C[C@@H](C)[C@H](C)OC)C4)CCCCC3)cc2c1,3.118695782351267,1.5544373493975163,True
THSR__7UTZ,molgen_ns1.0,23,True,True,native Maestro bonds,,37.0,0.925,5.464143933921054,0.8437501950911865,1.0,513.7270000000003,0.9029800113899217,0.10344827586206896,CC1=C(C(=O)N[C@](C)(O)CCc2nc3ncnn3c(C)c2[C@H](C)CCCC(C)(C)[C@@H](C)CO)CCCC1,1.9711597842910216,2.67918847464602,False
THSR__7UTZ,molgen_ns1.0,24,True,True,native Maestro bonds,,29.0,0.725,4.2651821622911665,0.658611545569256,1.0,411.5630000000002,0.7234059382272497,0.1323529411764706,C/C=C\C(=O)N[C@@H](C)[C@@H](CO)[C@H](C)C(=O)N(C(=O)[O-])[C@H](C)CC[C@@H](C)[C@@H](C)CC,1.7506763529662444,1.9724871216901552,False
THSR__7UTZ,molgen_ns1.0,25,True,True,native Maestro bonds,,44.0,1.1,6.236929407521046,0.9630804876308502,1.0,611.788,1.0753422249720515,0.056074766355140186,CC(=O)N(CC[C@@H](C)C[C@@H](C)c1cnc(C)c([C@]2(NC(=O)[C@H]3NCC[C@@H]3[C@@H](C)C(C)C)CCCO2)n1)c1cc(=O)[nH]c(=O)[nH]1,1.9990563129723269,2.1308008762761914,False
THSR__7UTZ,molgen_ns1.0,26,True,True,native Maestro bonds,,44.0,1.1,6.410210376724279,0.9898378083271775,1.0,624.5910000000003,1.097846109497929,0.0707070707070707,C[C@H](NC(=O)c1nc2ncccn2n1)O[C@@H](C)[C@H](C)c1ccccc1O[C@@](C)(O)[C@H](Cc1ccccc1)[N-]C(=O)[P@@](=O)([O-])O,1.7127684602664357,1.6291002611920875,True
THSR__7UTZ,molgen_ns1.0,27,True,True,native Maestro bonds,,33.0,0.825,5.386239832017077,0.8317205703274926,1.0,466.73100000000034,0.8203749534208433,0.11842105263157894,CCC[C@@H](CCCc1ccccc1C[C@@H](O)COCC)[C@@H](C)Cc1cccc2cc(C)sc12,1.5833558985437717,2.1760389115210463,False
THSR__7UTZ,molgen_ns1.0,28,True,True,native Maestro bonds,,39.0,0.975,4.795250525012548,0.740462479561196,1.0,538.7570000000004,0.9469753429280534,0.125,CCCCCCc1cc2cc[nH]c2c(C)c1[C@](C)(C[C@@H](CC)[C@@H](C)[N-]C=O)C(=O)N[C@H]1CC[C@@H](CC(N)=O)N1,1.753718520664827,1.418502872688368,True
THSR__7UTZ,molgen_ns1.0,29,True,True,native Maestro bonds,,39.0,0.975,5.848193461909057,0.9030535128813575,1.0,533.6930000000003,0.9380743297874581,0.0967741935483871,CCCc1ccc2c(ccn2[C@@H](C)CCCN(C=O)c2cccc([C@H](C)C(=O)NC[C@@H](O)[C@H](C)[N-]C=O)c2)c1,1.931791143237136,2.180308778431573,False
Bcl-xL,apo2mol,0,True,True,Apo2Mol official reconstruction,,56.0,1.0,6.447337669318595,0.9419332786025533,1.0,781.3079999999994,0.960491538467212,0.05521472392638037,CC[C@H]1CNC[C@@H]2C[C@@H](CCCC[C@@H]3CC[C@@]4(C)CC[C@H]([C@H]5CCCC[C@H](CCCOC1)CC5)[C@@H]34)[C@@H](CC[C@@H]1CC[C@H](C[C@H](C)O)C/C=C(/NC(C)(C)O)C1)C2,1.2901210446598992,2.700903728830049,False
Bcl-xL,apo2mol,1,True,False,Apo2Mol official reconstruction,no sanitizable molecular graph,56.0,1.0,6.169308242140677,0.9013141605538837,,,,,,1.751184640029032,3.0409824904626688,False
Bcl-xL,apo2mol,2,True,False,Apo2Mol official reconstruction,no sanitizable molecular graph,56.0,1.0,5.423089936655676,0.7922942997850564,,,,,,1.2876029306904089,2.835504669716112,False
Bcl-xL,apo2mol,3,True,True,Apo2Mol official reconstruction,,56.0,1.0,5.7718525994329575,0.8432472939127366,1.0,835.5490000000002,1.0271720556742556,0.08974358974358974,FC1=C2C(=C(F)C[C@H](F)C(F)(F)F)N=C(C(F)F)C[C@@H]2C2=C1C[C@H](C(F)=C1CN=C(C[C@@H](F)C(F)(F)C(F)(F)c3ccc(F)c([C@@H](F)[C@H](F)C(F)F)c3)C=N1)C2,1.5945614877509664,3.0505002236246983,False
Bcl-xL,apo2mol,4,True,True,Apo2Mol official reconstruction,,56.0,1.0,5.63310477947716,0.8229767271062467,1.0,775.3879999999999,0.9532138580803153,0.03597122302158273,C[C@H]1[C@H]2CC[C@@H](C)[C@@H]([C@@H](C)CCCC[C@@H](C)[C@H]3CC[C@H]4[C@H]5C[C@H]6[C@H](CCCCCC(C)(C)[C@@]7(CC[C@@H]1C[C@@H]7O)[C@H](C)C[C@H]56)C[C@@H](C)C(C)(C)[C@@H]4CC3)[C@@H](C)CC2,1.8618469418545067,3.2720486571992087,False
Bcl-xL,apo2mol,5,True,True,Apo2Mol official reconstruction,,56.0,1.0,6.7301450086626415,0.9832504327557894,1.0,799.1759999999999,0.982457348121449,0.08433734939759036,CCC[C@H](O)CCCCN1CC[C@H](C[C@@H](C)[C@H](C(C)C)[C@H]2CC[C@@H](CCC(=O)NCC[C@H](F)C(F)F)[C@@H](C(O)=C[C@H]3C[C@H]4CC[C@@H](F)[C@H](C)[C@@H]4CC[C@@H]3C)C2)C1,1.6421553078585336,3.025030933568755,False
Bcl-xL,apo2mol,6,True,True,Apo2Mol official reconstruction,,56.0,1.0,6.106732997051168,0.8921721380959923,1.0,770.2840000000001,0.9469393174224231,0.04666666666666667,C[C@@H]1[C@@H]2/C=C/C[C@@H]3CCCCC[C@H](CC[C@H]4CC[C@@H]5CC[C@@H]4CC[C@@H](O)CC[C@H]2C[C@@H]1[C@@H]1C/C=C\[C@@H](C)/C(=C\CCCN[C@@H]2CO[C@H](C2)[C@@H]2CC[C@@H]5C2)CC1)C3,1.5254923076019264,3.163815727050768,False
Bcl-xL,apo2mol,7,True,False,Apo2Mol official reconstruction,no sanitizable molecular graph,56.0,1.0,5.899019321252188,0.8618259031551755,,,,,,1.9116794537352773,3.134363059425892,False
Bcl-xL,apo2mol,8,True,True,Apo2Mol official reconstruction,,56.0,1.0,6.848094749345433,1.0004824735841094,1.0,773.2839999999998,0.950627331131999,0.057692307692307696,CC[C@@H]1CCC([C@@H]2CCC[C@@H]3CCCC[C@@H]4C=C(CC[C@H]5C[C@@H](CC[C@@H](C)C[C@@H]6C[C@@H](C)[C@@H](C6)C(=O)CC(C)C[C@H]3C2)C[C@@H]2[C@@H](C)C[C@]52C)C[C@@H](C)[C@@H]4O)C1=O,1.6147082307885166,2.7841252113878165,False
Bcl-xL,apo2mol,9,True,True,Apo2Mol official reconstruction,,56.0,1.0,6.711555469047318,0.9805345666269064,1.0,785.2459999999998,0.9653326711299829,0.05202312138728324,CC1=C[C@](O)([C@H](C)[C@H](C)CCCC(F)F)CN[C@@H]2C[C@H]3CC[C@@H](CC[C@H](C(C)C)C[C@@H](C)C/C=C(\C)[C@H]4CCC[C@@H]5CC/C(=N/CCC[C@@H]12)C[C@@]5(C)C4)O[C@H]3C,1.459683985346529,2.7900073067815274,False
Bcl-xL,apo2mol,10,True,True,Apo2Mol official reconstruction,,56.0,1.0,6.610962728963517,0.9658383223272398,1.0,783.0689999999998,0.9626564025147338,0.08235294117647059,CC=C1C[C@H](C)O[C@H]1C[C@H]1CCC2=C3C(=C(O)[C@H](C[C@@H]4C(=C=CCCC[C@H](CCCC(C)C)[C@@H](C)C(=O)O)OC5=C(CCCC(F)(F)C[C@@H]5F)[C@H]4C)C2)CCC31,1.6260024049151844,3.113399443292641,False
Bcl-xL,apo2mol,11,True,True,Apo2Mol official reconstruction,,56.0,1.0,6.269038197677985,0.9158843550763728,1.0,772.2999999999998,0.9494176626352581,0.06578947368421052,C[C@@H]1CCN2C[C@H](C2)C[C@H]2CC[C@]3(CC2)C[C@@H]2C[C@@H]4CCCC(=O)CC[C@H]4[C@H](CCCC[C@H]4C[C@@]5(C)C[C@@H]4[C@@H](C[C@@H]5C)[C@@H]4CC[C@@](C)(CC[C@H]1[C@@H](C)O)C4)C[C@@H]23,1.1975256259130307,2.9772600175674238,False
Bcl-xL,apo2mol,12,True,True,Apo2Mol official reconstruction,,56.0,1.0,6.624359563682293,0.967795552597589,1.0,798.2109999999997,0.9812710370448684,0.061224489795918366,C[C@@H](F)[C@@H]1C[C@@H]2CCCCC[C@H](C)N(C)C[C@@H]3C[C@H](CCC[C@H]4CCC[C@@H](CCC[C@H]2C1)C[C@@H](N[C@H](F)C(F)(F)F)CCCC[C@H]1C=CCC[C@@H]1CC4)CCN3,1.7079419211988498,3.218369075985401,False
Bcl-xL,apo2mol,13,True,True,Apo2Mol official reconstruction,,56.0,1.0,5.191666675514185,0.7584841781050269,1.0,777.4039999999994,0.9556922032931501,0.06535947712418301,CC[C@@H]1C[C@H](C)C[C@@]2(O)C[C@H](CC[C@H](CCCC(C)C)CCCCC[C@@H](C)C[C@H]([C@@H]3[C@H](C)[C@@H](CC)[C@@H]4CC[C@]34CC)C1)[C@H]1[C@H]3CC[C@@H](CC[C@H](C)[C@H]1[C@@H]2C)[C@@H]3C,1.6311172460127907,2.8398677785204938,False
Bcl-xL,apo2mol,14,True,True,Apo2Mol official reconstruction,,56.0,1.0,6.492681368604833,0.9485578330346726,1.0,800.1789999999999,0.9836903740383506,0.0759493670886076,CC1=C=C(C(F)F)CCCC[C@H](O)[C@H](F)[C@@H]([C@@H](C)C[C@@H](C)F)[C@H](C)CCCO[C@H](C)[C@H]2C[C@H](C2)[C@H](N)C(C)CC(F)C[C@H](C)CCC2=C[C@@H](CCC2)CC[C@H]1C,1.4102202235470702,2.9892116927115224,False
Bcl-xL,apo2mol,15,True,False,Apo2Mol official reconstruction,no sanitizable molecular graph,56.0,1.0,5.1728517790951445,0.755735388142483,,,,,,1.8729606108539567,3.630119478229379,False
Bcl-xL,apo2mol,16,True,False,Apo2Mol official reconstruction,no sanitizable molecular graph,56.0,1.0,5.98203535202389,0.8739542522586317,,,,,,1.5028395819847042,2.84304413897015,False
Bcl-xL,apo2mol,17,True,True,Apo2Mol official reconstruction,,56.0,1.0,6.049453011988278,0.8838037344391856,1.0,778.3519999999997,0.9568576156253765,0.05555555555555555,C=C(N)CCCC[C@](C)(CCCC[C@H]1C=C[C@@H](CCCN[C@@H]2C[C@@H]3CC[C@H](C)[C@@H](C3)C2)CCC1)CCC[C@H]1CCC(C)(C)[C@@H](CCC)C[C@H]1NOC1CCCC1,1.7507479234557943,3.2736170718838213,False
Bcl-xL,apo2mol,18,True,True,Apo2Mol official reconstruction,,56.0,1.0,7.185585035785191,1.0497886133129928,1.0,795.1,0.9774465668280382,0.06134969325153374,C[C@@H]1CCC[C@H]2OC(=O)C3C[C@@H](CCCCOCNC(F)F)C[C@H](CC[C@@H]4C[C@@H]([C@@H](C)CC[C@@H]5CC6=C(C5)C[C@H](F)[C@H](C6)[C@@H](C)N1C)[C@@H](F)C4)[C@@]3(C)CCC2=O,1.1099217294367576,2.882811675434005,False
Bcl-xL,apo2mol,19,True,True,Apo2Mol official reconstruction,,56.0,1.0,6.392140959269026,0.9338692340725947,1.0,779.3549999999996,0.958090641542278,0.060240963855421686,CC[C@@H]1CC[C@@H](C)C[C@H]2C(=C=C(C(C)C)CCCCC[C@H](C)C(C)(C)[C@H]3CC[C@H](CCCNCC[C@H](C)C1)C3)CCN2CCCC=C1C[C@H](F)CC(C)(C)[C@@H]1C,1.3751483200595005,3.0653407632232503,False
Bcl-xL,apo2mol,20,True,True,Apo2Mol official reconstruction,,56.0,1.0,6.180302117897324,0.9029203270007393,1.0,779.2629999999998,0.9579775424551846,0.043478260869565216,C[C@@H]1CC[C@@H](O)CCC[C@]2(C)CC[C@H](C)[C@H](C2)[C@H]2C[C@H](C[C@@H](C)C[C@@H](C)CC[C@H]3C=C=C(CCC[C@@H]([C@@H](C)F)[C@@H](C)C=C=C(O)[C@@H]4C[C@@H](C)C[C@@]4(C)[C@H]3O)C1)C2,1.4687470708329038,2.7338679135059354,False
Bcl-xL,apo2mol,21,True,True,Apo2Mol official reconstruction,,56.0,1.0,7.328637344289502,1.0706880507043912,1.0,778.3919999999996,0.9569067891415041,0.060810810810810814,CC(C)[C@@H]1CC[C@H](CCNC(=O)CCCC[C@H]2CC[C@@H]3CC[C@H](C)C(C)(C)C[C@@H]4CC[C@@H](CC[C@H](C)[C@H](C)CCCCC[C@H]5C[C@@H](C)CC[C@H]5CC[C@@H]2C3)C4)C1,1.621719519998451,3.195914388981945,False
Bcl-xL,apo2mol,22,True,True,Apo2Mol official reconstruction,,56.0,1.0,6.062885547133119,0.8857661804157838,1.0,780.2759999999997,0.9592228617511181,0.04697986577181208,CCN1C(=O)[C@@H]2CCCCCC(C)[C@@H]3CCC[C@@H]4CC[C@](C)(C[C@@H](CC[C@@H]5C[C@@H](O)C[C@@H](CC[C@@H]6CC[C@@H]2[C@@H]1C6)C5)O4)[C@@H](O)CCC[C@H]1CCC[C@H](C1)[C@H](C)C3,1.5776393115373892,2.7729767341851823,False
Bcl-xL,apo2mol,23,True,True,Apo2Mol official reconstruction,,56.0,1.0,6.8206971736071385,0.9964797844642665,1.0,796.285,0.9789033322433207,0.09554140127388536,CCCC1=CC[C@@H](CCN(C)C(=O)CCCCCC(C)(C)CCCC[C@H](C)CCCC[C@@H](C)[C@H](F)[C@H]2[C@H](CCC)C[C@@H]([C@H](CC)CCC(F)F)[C@H]2C)[C@@H](O)CC1,1.755416853113115,2.856867656081572,False
Bcl-xL,apo2mol,24,True,True,Apo2Mol official reconstruction,,56.0,1.0,5.942547522504008,0.8681852197319869,1.0,780.937,0.9600354541051285,0.05142857142857143,C[C@@H]1Cc2nc3n4c2N1CCCNC(=O)/C=C1\C[C@H](C(F)(F)F)C[C@@H]1N(C)[C@@]1(O)CCCC[C@H]2C[C@@H](CC1)[C@H](Cc1cnc(c(cc1=O)N4)[C@]1(O)CCCN31)C2,1.223242065784878,2.9793430506153693,False
Bcl-xL,apo2mol,25,True,True,Apo2Mol official reconstruction,,56.0,1.0,6.494060916187412,0.9487593800675868,1.0,781.1449999999999,0.9602911563889922,0.08139534883720931,C=CCCCCC(=O)[C@@H](C)[C@H]([C@H]1C[C@@H](F)[C@](C)(O)C1)[C@@H](C)C[C@@H]1C=C[C@H]2[C@H](CCN3[C@H]2[C@@H](C)[C@@H]2[C@@H](C)Cc4nc(CCCCCCC(F)F)ccc4[C@@H]23)[C@H](C)C1,1.2430751339497743,2.5942981554384845,False
Bcl-xL,apo2mol,26,True,True,Apo2Mol official reconstruction,,56.0,1.0,6.693691393909105,0.9779246882977142,1.0,786.2299999999998,0.966542339626724,0.0783132530120482,CC(C)CC[C@H](C)[C@@H]1[C@@H](C[C@H]2CC[C@@](C)(CC[C@@H]3C=C(CCC=CNC(=O)C[C@H](C)C[C@H]4[C@H](O)[C@H]([C@@H]5CCC(F)(F)C5)CC[C@H]4C)CCC3)CC2)[C@H](C)C[C@H]1O,1.2966903681315327,2.7639902940081997,False
Bcl-xL,apo2mol,27,True,True,Apo2Mol official reconstruction,,56.0,1.0,5.029936660819796,0.7348559937593441,1.0,771.2679999999998,0.9481489859191637,0.049689440993788817,CC1=C=C[C@@H]2CC[C@@H]([C@@H](C)CC2)[C@@H](C)C[C@@H](C)C[C@@H]2CC(=C3CC[C@@H](C)[C@@H]4[C@H]5CCC[C@@]4(C5)[C@H]32)[C@H]2[C@@H](CCO)C[C@H](C)[C@@H]2[C@H]([C@H]2CCCC[C@H](C)[C@@H]2O)[C@H](O)C1,1.3184126233027649,3.1667479352069505,False
Bcl-xL,apo2mol,28,True,True,Apo2Mol official reconstruction,,56.0,1.0,6.888332953135481,1.006361133143295,1.0,775.2999999999996,0.9531056763448341,0.039735099337748346,CCCC[C@H]1C[C@@H](OC2/C=C/C(C)(C)CCCC[C@@H]3CCC[C@@H](CC3)CC(C)C[C@H]3CC[C@@H](CC3)C[C@H]3C[C@H](CCC(=O)CC2)[C@H](C)C3)CC[C@@H]2CC(=O)C[C@H]21,1.417976567276742,2.62994489997101,False
Bcl-xL,apo2mol,29,True,True,Apo2Mol official reconstruction,,56.0,1.0,6.537740132679891,0.9551407594380735,1.0,776.3759999999997,0.954428443928669,0.05806451612903226,CCC[C@H](C)C[C@H]1CCC[C@@H]([C@H]2CC[C@H](CCC[C@@H]3CCC[C@@H](CC[C@H](C)[C@@H]4C/C=C(/CC[C@H]5CCCNC5)C[C@@H]5C[C@H]([C@@H](O)C(C)C)CC[C@H]5C4)[C@@H]3C)C2)C1,1.1239838035623366,2.7692281121351807,False
Bcl-xL,molgen_ns1.0,0,True,True,native Maestro bonds,,55.0,0.9821428571428571,7.3885998704056695,1.0794483641414665,1.0,774.0449999999998,0.9515628572763283,0.12650602409638553,CCO[C@@H](C(=O)NC(=O)N(C)CCCCC[C@]1(CCNC(=O)[C@@H](C)Cc2cccc(CO)c2)CSCN1CC)c1cc(C)nn1-c1cc2cc[nH]c2cc1C,2.6302873478851585,3.5130645831502307,False
Bcl-xL,molgen_ns1.0,1,True,True,native Maestro bonds,,44.0,0.7857142857142857,6.14260353961044,0.897412697764349,1.0,653.888,0.8038493028424755,0.08496732026143791,CCS[C@@](C)([C@H]([C@H](C)OC#CS[C@@H](CCn1cnc2cnc(O)nc21)COC)[C@@H](O)C(=O)[O-])[C@H](O)CC[C@@H](C)C(CC)CC,2.861329542758869,3.0075559024161422,False
Bcl-xL,molgen_ns1.0,2,True,True,native Maestro bonds,,52.0,0.9285714285714286,6.847526218514219,1.0003994132362108,1.0,723.96,0.8899914683949522,0.12101910828025478,CC[C@@H](CC(=O)N(CC)[C@H](CC)C[C@H](CCCO)CCc1cn2nc(OCCO)nc2nc1-c1cccc(C)c1C)[C@H](C)C(=O)NCCC(=O)NC,2.9643615873096385,3.8730811587440312,False
Bcl-xL,molgen_ns1.0,3,True,True,native Maestro bonds,,48.0,0.8571428571428571,7.989652913430179,1.1672600924032426,1.0,670.848,0.8246988736806133,0.12337662337662338,CCCc1n[nH]c2c(C(O)(O)CC)cc(CCCOCCC[C@H](OC(=O)[O-])C(=O)Nc3c(C)cccc3C[C@H](C)CCOCC[NH3+])cc12,3.2968884918634087,3.9088524009616674,False
Bcl-xL,molgen_ns1.0,4,True,True,native Maestro bonds,,46.0,0.8214285714285714,7.453869040819926,1.0889839595815092,1.0,631.8300000000003,0.7767325673738644,0.09655172413793103,C/C(=C\[C@H](C)c1cccc(COCCc2ccc([C@@H](O)CC[C@H](C)CO)cc2)c1)[C@](C)(C(=O)[O-])[C@H](C)c1c(O)cccc1[C@@H](C)O,3.4087284311232757,4.004960663571533,False
Bcl-xL,molgen_ns1.0,5,True,True,native Maestro bonds,,41.0,0.7321428571428571,6.9955857193101805,1.0220303837493059,1.0,576.9070000000004,0.7092136417168449,0.12318840579710146,C=C(CCCO[C@H](C)C[C@H](O)[C@@H](CC)CNCc1ccccc1N[C@@H](C)CC)C[C@H](C)C[C@H](CO)CC[C@H](C)CO,2.80475899900956,3.368665309930841,False
Bcl-xL,molgen_ns1.0,6,True,True,native Maestro bonds,,52.0,0.9285714285714286,7.662937169276613,1.119528075275285,1.0,723.9999999999998,0.8900406419110796,0.16778523489932887,CCCc1oc(C(=O)[C@@H](C)[C@H](NC(=O)C(C)C)[C@@H](C)O)cc1CN1CCN[C@@H](Cc2cccc(CC[C@H](C)CN(C=O)CCCCN(C)C=O)c2)C1,2.1453001181364413,2.6752117637730866,False
Bcl-xL,molgen_ns1.0,7,True,True,native Maestro bonds,,40.0,0.7142857142857143,6.357178636883661,0.9287613621662225,1.0,572.7840000000003,0.7041450815419839,0.06944444444444445,CC[C@@H](C)[C@H](C)NC(=O)CCO[C@@](C)([NH3+])[C@@H](CO)CC#C[C@H](C)CCCCC[C@@](C)(O[C@H](C)C(=O)[O-])C(C)(O)O,2.258981443976039,2.741589239857813,False
Bcl-xL,molgen_ns1.0,8,True,True,native Maestro bonds,,42.0,0.75,6.092925306844372,0.8901548832888946,1.0,599.8980000000003,0.7374773494491342,0.06474820143884892,CCC[C@@H](C(N)=O)[C@H](CC)CCCC[C@H](C)N(C=O)[C@H](CCC[C@H](O)[C@H](C)CN(CC)C(=O)[C@H](C)CO)CC[C@H](C)O,2.3463922195963027,3.274473774802497,False
Bcl-xL,molgen_ns1.0,9,True,True,native Maestro bonds,,49.0,0.875,6.67407010315102,0.9750580869682803,1.0,688.879,0.8468650654130702,0.09333333333333334,CC(C)[C@H](CCC(C)(C)OC[C@H]([N-]C(=O)O[C@H](C)C#CCCOCC[C@@H](C)CC[C@H](C)CO)C(=O)[O-])C[C@@H](C)Oc1ccccc1C(=O)[O-],2.9197359053948104,3.057665184986036,False
Bcl-xL,molgen_ns1.0,10,False,False,native Maestro bonds,File error: Bad input file external_inputs/ligand_export_20260917/bundle/Bcl-xL/sage-flex/sample_010.mae,,,,,,,,,,,,
Bcl-xL,molgen_ns1.0,11,True,True,native Maestro bonds,,49.0,0.875,6.6001669340139655,0.9642610947872052,1.0,677.8990000000002,0.8333669352360212,0.11409395973154363,CC[C@H]([C@H](CO)OC[C@@H](CO)C[C@@H](O)[C@](C)(CCc1cc(C)ccc1-c1ccccc1C)C(=O)[O-])[C@H](C)c1cccc(C)c1COCCO,2.7141148990823334,3.522867455779864,False
Bcl-xL,molgen_ns1.0,12,True,True,native Maestro bonds,,47.0,0.8392857142857143,6.67256174981659,0.9748377218696209,1.0,708.8070000000001,0.8713633111478825,0.09333333333333334,CCCC[C@H](CC)c1cccc(OC[C@H]([C@H](C)[C@@H](O)[C@H](C)OCC[C@@H](C)CC[C@H](C)C[C@](C)(O[C@@H](O)CC)O[P@H](=O)[O-])[P@](=O)([O-])O)c1,2.6196701121063297,3.0796203148848944,False
Bcl-xL,molgen_ns1.0,13,True,True,native Maestro bonds,,50.0,0.8928571428571429,5.920826576889413,0.8650118662384252,1.0,700.9380000000001,0.8616896511876638,0.08695652173913043,CC[C@H](O)[C@@H](C#C[C@@H](C)C[C@@](C)(O)OCC(N)=O)CC[C@@H](C)[C@@](C)(O)[C@@H](C)[C@H](CC(=O)[O-])C[C@@H](NC=O)[C@@H]1CCCN[C@H]1c1ccc(C)cc1,3.664694326338393,4.079533420417441,False
Bcl-xL,molgen_ns1.0,14,True,True,native Maestro bonds,,35.0,0.625,5.949495970145329,0.8692003634089085,1.0,517.7290000000005,0.636463883281743,0.10687022900763359,COC[C@@H](C[C@@H](C)[C@H](C)O[C@H](O)COCCCCOCCO)Sc1ccccc1CCN[C@@H](C)O,1.6532453689211577,2.650802768731169,False
Bcl-xL,molgen_ns1.0,15,True,True,native Maestro bonds,,54.0,0.9642857142857143,7.20677366380334,1.0528841970844465,1.0,768.842,0.9451666121660199,0.1337579617834395,CCc1noc(C[C@H](O)c2ccccc2Oc2cc(OC[C@H](O)[N-]S(=O)(=O)C(=O)N(CCC(=O)[O-])[C@@H](O)c3ccc([C@@H](C)CC)cc3)ccc2CCO)n1,3.1580239653771867,3.580968037988716,False
Bcl-xL,molgen_ns1.0,16,True,True,native Maestro bonds,,38.0,0.6785714285714286,6.012437930064715,0.8783959616091814,1.0,544.8130000000004,0.6697592710517978,0.06153846153846154,CCC[C@@H](C)CCCCCOCCCCCOC[C@@](C)(F)CC[C@H](C)[C@@H](C)[C@H](C(N)=O)[C@H](C)[C@H](C)C(=O)[O-],2.6042545791894,2.805656363773166,False
Bcl-xL,molgen_ns1.0,17,True,True,native Maestro bonds,,34.0,0.6071428571428571,4.672373729227034,0.682617311416915,1.0,483.82200000000046,0.5947807229982084,0.07751937984496124,CC[C@H](C)CCC[C@H](CC)C[C@H](CC)[C@@H](O)[C@H](CC)O[C@@H](C)C[C@H](CCN(C)C=O)C(C)(C)C,3.3596792648003704,3.2077914723965777,False
Bcl-xL,molgen_ns1.0,18,False,False,native Maestro bonds,File error: Bad input file external_inputs/ligand_export_20260917/bundle/Bcl-xL/sage-flex/sample_018.mae,,,,,,,,,,,,
Bcl-xL,molgen_ns1.0,19,True,True,native Maestro bonds,,36.0,0.6428571428571429,5.6341077161974855,0.8231232526213756,1.0,511.79200000000026,0.6291653041504912,0.06666666666666667,CCCN(C=O)C[C@@H](NC=O)C(=N)[C@H](O)[C@@H](C[C@H](C)[C@@H](C)C(C)C)[C@H](C)CCO[C@@H](C)CCC(C)C,2.5474692452090584,2.7706500502819256,False
Bcl-xL,molgen_ns1.0,20,True,True,native Maestro bonds,,38.0,0.6785714285714286,6.675534853866022,0.9752720818781303,1.0,538.9220000000005,0.6625172414640931,0.06504065040650407,CCC(CC)O[C@@H](C)CCCCC[C@@H](C)C[C@H](C)C[C@@H](CCCC[C@@H](C)CC[C@@H](C)CCCCO)[N-]C=O,1.994456570910208,2.0700996962043896,False
Bcl-xL,molgen_ns1.0,21,False,False,native Maestro bonds,File error: Bad input file external_inputs/ligand_export_20260917/bundle/Bcl-xL/sage-flex/sample_021.mae,,,,,,,,,,,,
Bcl-xL,molgen_ns1.0,22,True,True,native Maestro bonds,,47.0,0.8392857142857143,6.357980108082748,0.92887845427974,1.0,648.9290000000001,0.797753016180546,0.10666666666666667,CCC[C@H](O)CC[C@H](C#CCc1ccc(C(C)C)c(CCc2cccc([C@](C)(O)CC)c2COC)c1)CC(=O)NC(=O)N[C@H](C)CC,2.4161543451147764,3.177859026289338,False
Bcl-xL,molgen_ns1.0,23,True,True,native Maestro bonds,,52.0,0.9285714285714286,6.674310423403948,0.9750931969090598,1.0,731.9559999999999,0.899821254268876,0.10559006211180125,CC/C=C(\CC)[C@@](C)(CC[C@H](C[C@@H](CO)CCCc1c(C)c(C[C@@](C)(CCO)N(C=O)CCO)nc2ncnn12)C[C@H](C)O)NC(=O)[C@@H](C)C(=O)[O-],2.966962491051742,3.550549195979207,False
Bcl-xL,molgen_ns1.0,24,True,True,native Maestro bonds,,41.0,0.7321428571428571,4.961885083913244,0.7249138985508521,1.0,572.8510000000002,0.7042274471814975,0.08955223880597014,CC[C@H](C)C[C@H](O)OC[C@H](O)[C@H](C)[C@H](CCC[C@@H]([NH3+])CC)c1ccccc1CCc1ccccc1C[C@H](O)COC,2.720708351315388,3.2220962834327795,False
Bcl-xL,molgen_ns1.0,25,True,True,native Maestro bonds,,46.0,0.8214285714285714,6.098443974507591,0.8909611411572036,1.0,653.9620000000003,0.803940273847312,0.06153846153846154,CC[C@H](CCC[C@H](CCC(=O)[O-])CO[C@@H](C)CCC[C@@H](C)CCC[C@@H](C)OCCC(=O)[O-])[C@@H](CC)C[C@H](C)C[C@@H](C)[C@@H](C)C(=O)[O-],3.958239470090928,4.5489650981525145,False
Bcl-xL,molgen_ns1.0,26,True,True,native Maestro bonds,,43.0,0.7678571428571429,6.2038132900676946,0.9063552262757708,1.0,605.9210000000003,0.7448816516400604,0.1037037037037037,CCCCC[C@@H](CC[C@@H](C)O[C@@H](C)C[C@@H](C)[C@@H](C)C[C@@H](C)c1ccc(CCO)cc1)[C@H](O)[C@](C)([C@H](C)C(=O)[O-])[C@@H](C)OC,3.138870495862806,3.5647719521078454,False
Bcl-xL,molgen_ns1.0,27,True,True,native Maestro bonds,,45.0,0.8035714285714286,6.985762794586015,1.0205952891156047,1.0,629.0030000000003,0.7732572291215404,0.1259259259259259,CCCC(=O)N[C@@H](C)C[C@H](CCCCCC[C@@H](CC)CCc1ccccc1[C@H](C)[C@H](CCC)C(C)C)[C@@H](CC[C@@H](C)O)C(=O)[O-],3.22520157522699,3.707261836937477,False
Bcl-xL,molgen_ns1.0,28,True,True,native Maestro bonds,,40.0,0.7142857142857143,6.039303417872379,0.8823209145602814,1.0,562.9200000000001,0.6920188924648966,0.060810810810810814,C#CC[C@H](OC[C@H](C)C[C@H](O)O[C@@H](C)C[C@H](C)[C@H]1CCCC=C1CC(C)(C)C)[C@@H](CC)C[C@@H](O)[C@@H](C)CCCC,2.9220344855551077,3.948266055222319,False
Bcl-xL,molgen_ns1.0,29,True,True,native Maestro bonds,,40.0,0.7142857142857143,5.782696558537808,0.8448315580658724,1.0,563.8190000000003,0.6931240672398666,0.11510791366906475,CC[C@@H](C)CCNC(=O)c1cccc([C@H](C)[C@@H](O)[C@@H](C)C[C@H](C)[O-])c1CCCC[C@H](F)C[C@@H](C)CCCNC=O,1.8647538003847497,3.108106163867693,False
betaLG,apo2mol,0,True,True,Apo2Mol official reconstruction,,21.0,1.0,3.217893954346963,0.6730288982031714,1.0,288.519,1.0071912559912588,0.06666666666666667,CCC(C)C[C@@H]1C=C=C(C)C[C@@H]2C[C@@H](CC[C@@H]1C)[C@@H](C)C2,2.470394219319639,2.676478466201176,False
betaLG,apo2mol,1,True,True,Apo2Mol official reconstruction,,21.0,1.0,3.215309263263078,0.6724883049402912,2.0,292.4670000000001,1.0209733330075161,0.11764705882352941,CC1=CCC=C(NC(=O)N[C@H](C)C(C)C)C1.CC=C(C)C,1.720055302191703,2.104452053574286,False
betaLG,apo2mol,2,True,True,Apo2Mol official reconstruction,,21.0,1.0,3.6401455875496027,0.7613436641621183,1.0,289.37500000000006,1.0101794672186946,0.08974358974358974,COC1=CC=C2[C@@H](C3C=CCC(O)=C3)CC(CO)N2C1C,1.420446746166225,1.9801062894203416,False
betaLG,apo2mol,3,True,True,Apo2Mol official reconstruction,,21.0,1.0,3.017099783280756,0.6310323993640001,1.0,290.49100000000004,1.0140753126974542,0.08450704225352113,C[C@H]1CC[C@H]2CC[C@@]34C[C@@H](CC[C@H]3[C@H]2C1)CC[C@](C)(O)C4,1.4028879521359356,1.884715860536376,False
betaLG,apo2mol,4,True,True,Apo2Mol official reconstruction,,21.0,1.0,3.307734158874424,0.6918191550373918,1.0,285.38699999999994,0.9962577541637719,0.1111111111111111,CC[C@@H]1CCCC2=C(O)CCC(c3ccc(N)c(O)c3)=C21,1.4318418329818026,1.836740906362006,False
betaLG,apo2mol,5,True,True,Apo2Mol official reconstruction,,21.0,1.0,3.4558891682299473,0.7228060688774609,1.0,277.367,0.9682607284113958,0.03076923076923077,C1=CCN(C(Oc2ccccc2)c2ccccc2)CC=C1,1.198562264871016,1.9516530970226211,False
betaLG,apo2mol,6,True,True,Apo2Mol official reconstruction,,21.0,1.0,2.95312887729883,0.6176527575918052,1.0,280.411,0.9788870309538189,0.09210526315789473,C=C1C(=O)C=C2CC[C@@H]3CCCC[C@@]4(CC=CC1=C24)[C@H]3C,1.8383832570213088,2.432401847347043,False
betaLG,apo2mol,7,True,True,Apo2Mol official reconstruction,,21.0,1.0,3.4243917565639475,0.7162183228017448,1.0,283.303,0.9889827165493142,0.07792207792207792,CC(=O)CC1C=CCC(=O)C=C1C1=C=CC(O)=CC(O)=[C]1,1.0403785775103558,1.5813752976573707,False
betaLG,apo2mol,8,True,True,Apo2Mol official reconstruction,,21.0,1.0,3.4871230068271384,0.7293386881234513,1.0,282.38300000000004,0.9857710876600143,0.0410958904109589,COC1=CC=C([C@H]2CC(=O)C[C@@H]2C2=CCC=CC2)CC=C1,1.5689464182936477,2.1722703090206763,False
betaLG,apo2mol,9,True,True,Apo2Mol official reconstruction,,21.0,1.0,3.7165499739647325,0.777323793009248,1.0,290.40700000000004,1.0137820770162573,0.0945945945945946,CNC(=O)N(C=C[C@H](C)C(C)C)c1cc(CO)ccc1C,0.6823507569023884,1.4625896957853035,False
betaLG,apo2mol,10,True,True,Apo2Mol official reconstruction,,21.0,1.0,3.503803688714491,0.7328274858001917,1.0,287.35900000000004,1.0031418108699675,0.07894736842105263,COC1=CC=C(CCCO)C(Nc2ccccc2O)=CC1,1.0231838718620885,1.69128809108226,False
betaLG,apo2mol,11,True,True,Apo2Mol official reconstruction,,21.0,1.0,3.201371066954928,0.6695731035578648,1.0,289.41900000000004,1.0103330668612263,0.1095890410958904,CC(O)=C[C@H]1[C@H]2C(=CC=C3C[C@](N)(O)C[C@H]32)[C@@H](C)C1(C)C,1.352147479854954,2.025253024730949,False
betaLG,apo2mol,12,True,True,Apo2Mol official reconstruction,,21.0,1.0,3.4776111394680735,0.7273492622134152,1.0,277.371,0.9682746920152622,0.05555555555555555,Cc1cccc2c1N=C(N(C)C)CC2=Nc1ccccc1,1.381614251423056,1.965126362761268,False
betaLG,apo2mol,13,True,True,Apo2Mol official reconstruction,,21.0,1.0,3.6807969286408833,0.7698459727196103,1.0,276.403,0.964895499879564,0.0641025641025641,C=CC(=C)N(CCCC1=C=CC=CC=[C]1)C1=CCC=CC1,1.3635633310996782,1.879217452566388,False
betaLG,apo2mol,14,True,True,Apo2Mol official reconstruction,,21.0,1.0,3.633486160976767,0.7599508318958698,1.0,292.379,1.0206661337224525,0.0641025641025641,CNC1=C2C(=CC=C(OCCO)C2O)[C@@H](C)C(C(C)C)=N1,1.4604658611027743,1.832150469902575,False
betaLG,apo2mol,15,True,True,Apo2Mol official reconstruction,,21.0,1.0,3.2786576896432686,0.6857377538700702,1.0,289.28700000000003,1.0098722679336312,0.05128205128205128,O=C(O)COC1C=CC=CC1=NC(=O)[C@@H]1C=C(O)C=CC1,1.019056183872807,1.7497397075673553,False
betaLG,apo2mol,16,True,True,Apo2Mol official reconstruction,,21.0,1.0,3.5009183589060764,0.7322240133522302,1.0,287.31500000000005,1.002988211227436,0.07792207792207792,COC1=CC(=CO)CC(Oc2ccc(N)cc2C(C)=O)=C1,1.1435988149598475,1.8934161508095737,False
betaLG,apo2mol,17,True,True,Apo2Mol official reconstruction,,21.0,1.0,3.2695359529080426,0.683829924553223,1.0,284.399,0.9928087440087412,0.08571428571428572,O=C1/C=C/CCCCCC2=CC=C(C=C[C@@H]2O)C/C=C/C1,1.104791983420464,1.74840557791582,False
betaLG,apo2mol,18,True,True,Apo2Mol official reconstruction,,21.0,1.0,3.4665949411882613,0.7250452025098212,1.0,293.49500000000006,1.0245619792012122,0.1044776119402985,CC(=O)N[C@@H]1[C@@H]([C@@H](C)C[C@H](C)[C@@H]2CCC[C@H]2C)CC[C@H]1C,1.8496910112109948,2.230455298573156,False
betaLG,apo2mol,19,True,True,Apo2Mol official reconstruction,,21.0,1.0,3.4020360587152036,0.7115425842891758,1.0,287.44700000000006,1.003449010155031,0.06756756756756757,CC(C)=C=C1CC=CC(=O)N[C@@H]1[C@H](C)C1C[C@H](C)[C@@H](C)C1,1.0733886263585073,1.7485693492168637,False
betaLG,apo2mol,20,True,True,Apo2Mol official reconstruction,,21.0,1.0,3.2407326432242893,0.6778056552466245,1.0,284.4030000000001,0.992822707612608,0.06329113924050633,CCC1C2=C(C(=O)C3=C(CC=CC3)C2)[C@H]2[C@H](N)CCCN12,1.4796032520320344,1.967016308779696,False
betaLG,apo2mol,21,True,True,Apo2Mol official reconstruction,,21.0,1.0,3.224724939260431,0.6744576122363803,1.0,287.41100000000006,1.0033233377202324,0.05405405405405406,CN1C2=C(NCN2)N2C1CNCCC2[C@H]1C=C[C@@H](C)C=C1,1.0731369459074471,1.7701399570332568,False
betaLG,apo2mol,22,True,True,Apo2Mol official reconstruction,,21.0,1.0,3.1434752720439283,0.6574640833066197,1.0,282.38300000000004,0.9857710876600143,0.05128205128205128,Oc1cccc2c1OC1=CCC=C[C@@H]1C[C@H]1CCCC[C@H]21,1.447995773407447,2.089625270567379,False
betaLG,apo2mol,23,True,True,Apo2Mol official reconstruction,,21.0,1.0,3.6926176132029975,0.7723182923235861,1.0,282.47100000000006,0.9860782869450778,0.08,CCCCc1cc(C2=CCCC[C@@H]2C)cc2c1C[C@H](C)C2,1.497008393199342,2.188035673610316,False
betaLG,apo2mol,24,True,True,Apo2Mol official reconstruction,,21.0,1.0,3.4008763054286177,0.7113000195907326,1.0,285.343,0.9961041545212405,0.08,CCN1CC(CCO)c2cc3cc(O)ccc3cc2C1=O,1.579567592362395,2.2141726836592404,False
betaLG,apo2mol,25,True,True,Apo2Mol official reconstruction,,21.0,1.0,3.7170787451481155,0.7774343865502419,1.0,291.479,1.0175243228524848,0.09333333333333334,C[C@H]1CCCC2=CCC[C@H](C(=O)CCC(C)(C)C)N2CC1,1.592416717921176,2.143635817239098,False
betaLG,apo2mol,26,True,True,Apo2Mol official reconstruction,,21.0,1.0,3.35060792748144,0.7007862887145032,1.0,289.46299999999997,1.0104866665037577,0.09090909090909091,CC(C)C[C@H]1CCC(C)(C)COC2=CC=CC(N)=CC2C1,1.6616364705445454,2.315415497282214,False
betaLG,apo2mol,27,True,True,Apo2Mol official reconstruction,,21.0,1.0,3.8665625230536103,0.8086992149660682,1.0,292.50700000000006,1.0211129690461813,0.1076923076923077,CCCCCC=CCCC[C@H]1CCC[C@@H]1CCCC(C)=O,1.5133994699312152,1.973454688782553,False
betaLG,apo2mol,28,True,True,Apo2Mol official reconstruction,,21.0,1.0,3.4385629201722243,0.7191822497567184,1.0,284.399,0.9928087440087412,0.04054054054054054,COC1=CC=C(CCc2ccccc2)C(OC(C)C)C=C1,0.837904093411081,1.519771605950358,False
betaLG,apo2mol,29,True,True,Apo2Mol official reconstruction,,21.0,1.0,3.4963753915292743,0.7312738427215133,1.0,344.6690000000001,1.2032053452675604,0.08,CC=C(CCc1ccc(Cl)nc1)C1=C(O)CC(Cl)=C[C@H]1Cl,1.1629066991625376,1.796174568257427,False
betaLG,molgen_ns1.0,0,True,True,native Maestro bonds,,22.0,1.0476190476190477,3.9688893876088778,0.8301010814928329,1.0,306.406,1.0696330015813782,0.06756756756756757,CCc1ccccc1C(=O)NCCC(=O)N[C@H](O)CC(C)C,3.6242502091669535,3.614802507142486,False
betaLG,molgen_ns1.0,1,True,True,native Maestro bonds,,38.0,1.8095238095238095,4.854453584338105,1.0153185883680098,1.0,519.6500000000003,1.814046687309529,0.06422018348623854,CCCc1nn(C)c2c(-n3cnc4c(=O)n([C@@H]5CC[C@@H](O[C@@H](C)CCC)C[C@@H]5NC=O)cnc43)cccc12,3.5712500544240395,3.4524651650241203,False
betaLG,molgen_ns1.0,2,True,True,native Maestro bonds,,26.0,1.2380952380952381,3.517197805618296,0.7356288918968701,1.0,374.996,1.3090738988825625,0.14102564102564102,CC[C@]1(c2ccccc2CO)CCCC[C@H]1C[C@H]1C=CC[C@@H](C)[C@@]1(C)Cl,3.3734431547341903,3.2970928813750184,False
betaLG,molgen_ns1.0,3,True,True,native Maestro bonds,,20.0,0.9523809523809523,2.8605610454943977,0.5982920121066306,1.0,276.32599999999996,0.9646267005051332,0.05970149253731343,Cc1ccccc1-c1ccccc1[C@@H](C)[C@@H](F)OCF,3.802640582690468,3.691030613759572,False
betaLG,molgen_ns1.0,4,True,True,native Maestro bonds,,20.0,0.9523809523809523,3.2222077520699997,0.6739311375466043,1.0,283.4559999999999,0.9895168243972083,0.08333333333333333,CCC[C@@H](C)C(=O)N[C@H](C)OC[C@@H]1CCC[C@@H](CC)C1,3.7003068269877297,3.565910113709666,False
betaLG,molgen_ns1.0,5,True,True,native Maestro bonds,,37.0,1.7619047619047619,5.0715644277026515,1.0607277515569364,1.0,501.47100000000034,1.7505855986371535,0.04819277108433735,Cc1cc2c(cc1O)C(=O)c1cc(O)c(-c3cccc(C)c3NC(=O)NC(=O)[C@H](C)C(=O)[O-])cc1C2=O,2.012924288839335,2.064838817300436,False
betaLG,molgen_ns1.0,6,True,True,native Maestro bonds,,26.0,1.2380952380952381,3.6159322531225047,0.7562793972774745,1.0,353.4120000000001,1.2337262924188106,0.0684931506849315,CC(C)(O)c1ccccc1Cc1cccc(Cc2ccc(F)cc2F)n1,2.849157362785541,2.619390758725862,False
betaLG,molgen_ns1.0,7,True,True,native Maestro bonds,,20.0,0.9523809523809523,3.039925208783927,0.6358063823464615,1.0,276.46400000000006,0.9651084448385285,0.058823529411764705,CCc1ccccc1[C@H](OC)[C@H](CC)C(C)(CC)CC,3.66151039041568,3.838541623287024,False
betaLG,molgen_ns1.0,8,True,True,native Maestro bonds,,26.0,1.2380952380952381,4.364208754884786,0.9127829106552466,1.0,368.59000000000026,1.2867111872903287,0.10126582278481013,CC[C@H]1CC[C@](C)(Cc2nccnc2[C@@H](C)Sc2ccccc2C)CC1,2.6043742157108767,2.5525447446883867,False
betaLG,molgen_ns1.0,9,True,True,native Maestro bonds,,19.0,0.9047619047619048,3.377446633445575,0.7063996572594298,1.0,271.401,0.9474340132444783,0.0684931506849315,CO[C@@H](C)C(=O)N[C@@](C)(O)C[C@H]1CCC[C@H](C)[C@@H]1C,1.7811845806179492,1.7668936986272905,False
betaLG,molgen_ns1.0,10,False,False,native Maestro bonds,File error: Bad input file external_inputs/ligand_export_20260917/bundle/betaLG/sage-flex/sample_010.mae,,,,,,,,,,,,
betaLG,molgen_ns1.0,11,True,True,native Maestro bonds,,22.0,1.0476190476190477,4.22438090750028,0.8835376392452963,1.0,301.34200000000004,1.0519550790863614,0.09333333333333334,Cc1ccc(NC(=O)c2cccc(OCCO)c2)c(CO)c1,3.967804373552028,3.912290228625196,False
betaLG,molgen_ns1.0,12,True,True,native Maestro bonds,,19.0,0.9047619047619048,3.806696781700854,0.7961781765122269,1.0,267.325,0.9332051009044924,0.06944444444444445,C[C@@H](CCO)c1cccc(NC(=O)CCC(O)O)c1,3.636688146962732,3.3652052048044268,False
betaLG,molgen_ns1.0,13,True,True,native Maestro bonds,,30.0,1.4285714285714286,4.650402872989728,0.9726409776745767,1.0,408.49800000000016,1.4260260630666175,0.08888888888888889,CC[C@H]1OC(=O)N[C@]1(C)[C@@H](C)Cc1cccc2c1ccn2[C@@H](O)c1ccccc1O,2.674410199475201,2.5707626180542245,False
betaLG,molgen_ns1.0,14,False,False,native Maestro bonds,File error: Bad input file external_inputs/ligand_export_20260917/bundle/betaLG/sage-flex/sample_014.mae,,,,,,,,,,,,
betaLG,molgen_ns1.0,15,True,True,native Maestro bonds,,30.0,1.4285714285714286,4.382900951931773,0.9166924207143134,1.0,404.55400000000014,1.4122579496542267,0.06097560975609756,CCc1ccccc1CC(=O)N[C@H]([C@@H](C)CC)[C@@H](C)c1nc(O)cc2ccccc12,3.053661738060299,2.7668844151559555,False
betaLG,molgen_ns1.0,16,True,True,native Maestro bonds,,25.0,1.1904761904761905,4.073929343717193,0.8520703964950843,1.0,339.4390000000001,1.184947933212083,0.0759493670886076,COCc1ccccc1CCc1nc([C@H](C)[C@H](C)O)nc2[nH]ccc12,3.5104892072881237,3.3144240879157376,False
betaLG,molgen_ns1.0,17,True,True,native Maestro bonds,,30.0,1.4285714285714286,4.116201316343343,0.860911663350078,1.0,427.61400000000026,1.492758125944726,0.0851063829787234,C=CC[C@@]1(C)SCCN1C[C@@H](C)[C@@H](CC)c1cn(-c2cccc(C)c2)c(=O)[nH]c1=O,2.342638282913473,2.090437694037449,False
betaLG,molgen_ns1.0,18,True,True,native Maestro bonds,,34.0,1.619047619047619,4.236451888527266,0.8860623088509708,1.0,470.6420000000003,1.6429646127369022,0.08421052631578947,Cc1ccccc1-c1ccccc1Cc1c(CN2CCS[C@@H]2CN(C)C=O)ccc2[nH]ncc12,2.822242089139519,2.661657305851522,False
betaLG,molgen_ns1.0,19,True,True,native Maestro bonds,,22.0,1.0476190476190477,3.5776826855885826,0.7482794244196593,1.0,306.3820000000001,1.0695492199581793,0.0641025641025641,CC[C@@H](O)CCCN(C=O)[C@@](C)(Cc1ccccc1)C(=O)[O-],2.3844222369579344,2.283140324565398,False
betaLG,molgen_ns1.0,20,True,True,native Maestro bonds,,28.0,1.3333333333333333,3.9508055157416044,0.8263188038507631,1.0,391.46400000000017,1.3665620560010339,0.07228915662650602,CCc1c(O)ccc2c([C@H](CC)N(C(=O)O)[C@H](CC)[C@@H](O)CC)cc(=O)oc12,2.127491641572247,1.9553877177056151,False
betaLG,molgen_ns1.0,21,True,True,native Maestro bonds,,24.0,1.1428571428571428,3.7343945559692506,0.781056022702266,1.0,326.52800000000013,1.1398769108319171,0.0625,C#CCC[C@@H]([C@@H](C)[C@@H](C)c1cnc(CC)cn1)[C@H]1CCCC[C@H]1C,2.611403265180852,2.392670201493712,False
betaLG,molgen_ns1.0,22,True,True,native Maestro bonds,,24.0,1.1428571428571428,4.023678183146334,0.8415602666672357,1.0,330.42800000000005,1.1534914246017756,0.05263157894736842,CCC(C)(C)c1cncc(-c2cc(O)cc(C(C)(C)C(O)O)c2)n1,2.320303321956008,2.15682726447888,False
betaLG,molgen_ns1.0,23,True,True,native Maestro bonds,,23.0,1.0952380952380953,3.609004370765455,0.7548304169518961,1.0,348.74300000000005,1.2174272758056128,0.047619047619047616,CCNC(=O)O[C@@H](C)C(=O)N(COCCl)c1c[nH]c(=O)[nH]c1=O,4.697177144439511,4.523970913338599,False
betaLG,molgen_ns1.0,24,True,True,native Maestro bonds,,32.0,1.5238095238095237,4.566803521213409,0.955156007562212,1.0,435.45900000000023,1.520144244027942,0.06451612903225806,CCCOc1nc2nc(Cc3c(C)cccc3F)cc(NC(=O)c3ccccc3O)n2n1,3.4773678302167497,3.225093941759566,False
betaLG,molgen_ns1.0,25,True,True,native Maestro bonds,,25.0,1.1904761904761905,3.7310178853497873,0.780349785349869,1.0,340.39900000000006,1.1882991981400481,0.0641025641025641,Cc1c(O)c([C@H](C)c2ccccc2[C@H](C)O)cc2c1N[C@@H](C(=O)[O-])C2,2.245700641611085,2.154436242399079,False
betaLG,molgen_ns1.0,26,True,True,native Maestro bonds,,22.0,1.0476190476190477,3.420217092633712,0.7153451835668302,1.0,306.40600000000006,1.0696330015813784,0.07894736842105263,CC[C@@](NC(=O)[C@H](C)NC(C)=O)(OC)c1cc(C)ccc1C,2.569226961329393,2.263557360029207,False
betaLG,molgen_ns1.0,27,True,True,native Maestro bonds,,26.0,1.2380952380952381,4.108880334177636,0.8593804654204213,1.0,387.31000000000006,1.3520608533856504,0.07692307692307693,CCc1cc(-c2cccc(C)c2O)nnc1-c1c(C)c(C)cc(Cl)c1Cl,3.263021604594195,3.017978232254537,False
betaLG,molgen_ns1.0,28,True,True,native Maestro bonds,,17.0,0.8095238095238095,2.892075911794981,0.6048834088537637,1.0,252.74099999999996,0.8822938012071534,0.07352941176470588,C#CO[C@](C)(O)Cc1c(Cl)cc(C)c(C)c1C,4.051762124399962,3.918760747656516,False
betaLG,molgen_ns1.0,29,True,True,native Maestro bonds,,26.0,1.2380952380952381,3.6460961968016368,0.7625882458808925,1.0,350.43300000000005,1.2233268984392183,0.058823529411764705,Cc1ccc(C)c(-c2ccccc2[C@@H](O)c2ccccc2[C@H](C)O)c1F,3.505930143438924,3.508403134306944,False
NDPK-A,apo2mol,0,True,True,Apo2Mol official reconstruction,,27.0,1.0,3.7201355222120975,0.9512053521325762,1.0,372.5930000000003,0.8721685006893682,0.061224489795918366,CC(C)C=C=C(CC[C@@H](C)C(C)C)C1=C[C@](C)(O)[C@H](C)C(=C2CCOC2)C1,1.5621685290555831,3.602092127766898,False
NDPK-A,apo2mol,1,True,True,Apo2Mol official reconstruction,,27.0,1.0,3.5110072920064113,0.8977331356861773,1.0,377.61300000000017,0.8839193544989151,0.08139534883720931,C[C@H]1C[C@@H](O)CC(=O)NC[C@@H]2C[C@@H]3CC(C)(C)C[C@H]3CC(C)(C)CC[C@H]2C1,1.691639286959255,3.6718764569883913,False
NDPK-A,apo2mol,2,True,True,Apo2Mol official reconstruction,,27.0,1.0,3.5636123726808213,0.9111837839187747,1.0,366.58900000000017,0.858114292268547,0.052083333333333336,C[C@@H]1CC[C@]2(C)/C=C\[C@@]34CC[C@H](C1=C=C(O)C[C@H]3[C@H]1CCCC[C@@H]1C4)[C@@H]2C,1.3572971086515735,3.668225440943601,False
NDPK-A,apo2mol,3,True,True,Apo2Mol official reconstruction,,27.0,1.0,3.063637946130845,0.783344798584993,1.0,372.59300000000013,0.8721685006893678,0.022988505747126436,CC1(C)C[C@@H]2[C@@]3(C)[C@H]4[C@H](CC[C@@H]5CC[C@H]6C[C@@H](C[C@@H]13)C[C@@]6(O)[C@@H]54)C[C@@]2(C)O,1.4418208494032745,3.807732152190884,False
NDPK-A,apo2mol,4,True,True,Apo2Mol official reconstruction,,27.0,1.0,3.486806489815253,0.891545207200055,1.0,370.62100000000015,0.8675524282366932,0.04040404040404041,CC[C@H]1CC2=C=C(CC[C@@H](C)[C@@]3(CCC[C@H](C(C)C)CC3=O)C2)[C@@H](CC)C1,2.909861467561392,4.6662789681069405,False
NDPK-A,apo2mol,5,True,True,Apo2Mol official reconstruction,,27.0,1.0,3.1641103671729276,0.8090346972637695,1.0,372.5930000000002,0.8721685006893679,0.044444444444444446,C[C@@H]1C[C@H]2CC[C@@]3(O)CC(=O)[C@@]4(CC(C[C@@H](C)C4)[C@H]4CC[C@@H](C1)C4(C)C)[C@@H]23,1.074280070311891,3.159911628834804,False
NDPK-A,apo2mol,6,True,True,Apo2Mol official reconstruction,,27.0,1.0,3.338706147031241,0.8536772752745392,1.0,370.66500000000025,0.8676554237680918,0.022988505747126436,C[C@H]1CCC[C@H]2[C@H]1[C@H]1CCC[C@]2(C)[C@@H](C[C@H]2CC[C@@H]3CCC[C@H]2CC3)CC1,1.057129549847013,3.3429020366654973,False
NDPK-A,apo2mol,7,True,True,Apo2Mol official reconstruction,,27.0,1.0,4.010331403157587,1.0254058411938023,1.0,376.6730000000001,0.8817189954190396,0.05263157894736842,CCCNCC[C@H]1[C@H]([C@H](C)[C@@H]2C[C@H](C)C[C@]3(C)CC[C@H]2C3)[C@@H](C)N(C)[C@H]1C,1.599361166283527,4.072711973623004,False
NDPK-A,apo2mol,8,True,True,Apo2Mol official reconstruction,,27.0,1.0,3.980925219468664,1.0178869432548197,1.0,374.6090000000002,0.8768875686734412,0.05747126436781609,CCC(=O)CC[C@@H](CC1CCCC1)C(=O)[C@@H]1CC[C@@H](C2C[C@@H](C)[C@H](C)C2)C1,0.963691719020802,3.3368725417627902,False
NDPK-A,apo2mol,9,True,True,Apo2Mol official reconstruction,,27.0,1.0,3.6474794562158355,0.9326278464401365,1.0,374.6530000000002,0.8769905642048396,0.06382978723404255,CCC(C)=C1C(=O)[C@H]2C[C@H](CC(C)(C)C2)[C@@H](CC[C@H](CC)C(C)(C)C)[C@H]1C,0.9795063616002552,3.445872812600639,False
NDPK-A,apo2mol,10,True,True,Apo2Mol official reconstruction,,27.0,1.0,3.4306111857694614,0.8771765709893803,1.0,372.63700000000017,0.8722714962207664,0.054945054945054944,CC(C)[C@H]1CC[C@@H]2C[C@H]3CC[C@@H]4[C@@H]5CCCCC[C@H]5C[C@H]([C@@H](O)[C@@H]1C)[C@]34C2,1.3385396808166534,3.5439860152237634,False
NDPK-A,apo2mol,11,True,True,Apo2Mol official reconstruction,,27.0,1.0,3.109929539032092,0.7951811445093546,1.0,373.6250000000001,0.8745842140621671,0.054945054945054944,C[C@H]1NC(=O)[C@@H]2CC[C@H]3CCC[C@H](CC[C@]1(C)C[C@@H]1CCCC1(C)C)[C@@H]3C2,1.4448148792376174,3.853237445610621,False
NDPK-A,apo2mol,12,True,True,Apo2Mol official reconstruction,,27.0,1.0,3.400859091380494,0.8695692267808254,1.0,378.59700000000004,0.8862227091101886,0.07865168539325842,CC1C[C@H]2[C@H](O)[C@@H]3CC[C@H](C)[C@](C)([C@@H](C)[C@H]3C)[C@@H](C)[C@H]2[C@@H]1C[C@H](C)C(=O)O,1.038209975015354,3.721346827870055,False
NDPK-A,apo2mol,13,True,True,Apo2Mol official reconstruction,,27.0,1.0,3.5805601032941863,0.915517166928528,1.0,374.5250000000001,0.8766909408407711,0.058823529411764705,CCC(=O)CC[C@]12C=C[C@@H]3CC[C@H](CCC1)[C@H](N2)[C@H]3C(=O)N[C@@H]1CCCO1,2.1536241645168035,3.263368277102451,False
NDPK-A,apo2mol,14,True,True,Apo2Mol official reconstruction,,27.0,1.0,3.7103781294523444,0.9487104741474812,1.0,374.65300000000013,0.8769905642048395,0.04395604395604396,CC[C@@H](C)[C@@]1(C(C)C)C[C@@H](C)C[C@H]1C[C@H]1CCC[C@H](C(=O)C2CCCC2)C1,0.9730212206648928,3.415300222721158,False
NDPK-A,apo2mol,15,True,True,Apo2Mol official reconstruction,,27.0,1.0,3.4719285805478126,0.887741058980391,1.0,363.54500000000013,0.8509888741418015,0.0851063829787234,C[C@@H]1CCC[C@@H]2CC[C@@H](C[C@H]3CCCC(=C3O)C1)C2=C=Cc1ccccn1,2.177996769642687,3.9062008202410983,False
NDPK-A,apo2mol,16,True,True,Apo2Mol official reconstruction,,27.0,1.0,3.445373565597997,0.8809511793656813,1.0,360.50100000000015,0.8438634560150561,0.04854368932038835,CN/C1=N\C=C/CC(=O)C2=C=C[C@@H]3C(=C=C/C=C(/C)C2)[C@H]1C[C@@H]1CCC[C@H]13,1.414174169940685,3.327036962918104,False
NDPK-A,apo2mol,17,True,True,Apo2Mol official reconstruction,,27.0,1.0,3.6736511206607583,0.9393197067623179,2.0,375.3770000000001,0.8786853088578498,0.07777777777777778,Cc1ccc(NC2=CCC=CC2[C@@H](O)C(=O)O)cc1.O=C1CCC(=O)OO1,1.8795275694052824,3.427339251908921,False
NDPK-A,apo2mol,18,True,True,Apo2Mol official reconstruction,,27.0,1.0,3.335844467691034,0.8529455694836509,1.0,366.58900000000017,0.858114292268547,0.053763440860215055,CC[C@@H]1C[C@@H]2[C@@H]3C(=O)[C@H]4[C@@H]5CC[C@@]4(C)[C@@H]4C[C@H]6CC[C@@](C)([C@@H]3[C@@H]6[C@H]5C4)[C@@H]2C1,2.561326195482183,4.42951773672924,False
NDPK-A,apo2mol,19,True,True,Apo2Mol official reconstruction,,27.0,1.0,3.289912330745786,0.8412011332295579,1.0,374.65300000000013,0.8769905642048395,0.042105263157894736,CC[C@H]1[C@H]2CC[C@H](CC[C@@H](C)[C@@H](CC)C(C)=O)C[C@@H]3[C@@H]1[C@H](CCC[C@@H]3C)C2,0.895214381057968,3.3685489674134343,False
NDPK-A,apo2mol,20,True,True,Apo2Mol official reconstruction,,27.0,1.0,3.577722935820465,0.9147917286024815,1.0,369.54900000000015,0.8650430825626225,0.061855670103092786,CC[C@@H]1[C@@H](NC(=O)O)[C@@H](Cc2ccccc2)CC2[C@H]1[C@@H](C)[C@@H]1CC[C@@]2(C)C1,1.0964432523578174,3.4911094754625838,False
NDPK-A,apo2mol,21,True,True,Apo2Mol official reconstruction,,27.0,1.0,3.537230700104221,0.904438226397217,1.0,376.62500000000017,0.8816066366575143,0.041237113402061855,C=C(O)[C@H]([C@H]1CC[C@@H](C)[C@H](C)[C@@H]2[C@H](CCC)CC[C@@H]12)[C@H](CC)C1CCCO1,1.4281660666197968,3.4875360323790896,False
NDPK-A,apo2mol,22,True,True,Apo2Mol official reconstruction,,27.0,1.0,3.4040121197933493,0.8703754279215706,1.0,372.60100000000006,0.8721872271496219,0.07291666666666667,CCCC[C@H]1[C@H]2[C@H](N(C)CC)CC[C@H]2N[C@@H]1N(CCCC)c1ccccn1,1.0423656394933427,3.211396199806243,False
NDPK-A,apo2mol,23,True,True,Apo2Mol official reconstruction,,27.0,1.0,3.5158609119077284,0.89897416284763,1.0,378.6850000000002,0.8864287001729858,0.031914893617021274,CCCC[C@@H]1CC[C@H](CC)[C@H]2C[C@@H](C(C)C)[C@@](C)(O)[C@@H](C[C@H](C)CC)[C@H]2C1,2.1483954435237163,4.348297277193131,False
NDPK-A,apo2mol,24,True,True,Apo2Mol official reconstruction,,27.0,1.0,3.685077448282773,0.942241316452176,1.0,392.6090000000002,0.9190221042455228,0.08,CC[C@@H](O)[C@]1(C)C[C@@H]([C@H]2CCC[C@@H]2C(=O)NC2=NC(C)SC2)C=C(C)[C@H]1C,1.1492025644527182,3.507507798364424,False
NDPK-A,apo2mol,25,True,True,Apo2Mol official reconstruction,,27.0,1.0,3.592548686728389,0.9185825403965142,1.0,374.60900000000015,0.876887568673441,0.061224489795918366,C=C(C)[C@H]([C@H]1CC[C@](C)(O)C1)[C@H](C)CC1CCC[C@H]2CC[C@H](C)C=C(O)[C@@H]12,1.1575606178527875,3.2025685550377463,False
NDPK-A,apo2mol,26,True,True,Apo2Mol official reconstruction,,27.0,1.0,3.07758908879326,0.7869119808797291,1.0,374.6530000000002,0.8769905642048396,0.04395604395604396,CC[C@@H]1[C@@H]2[C@@H](C)CC[C@H](C)[C@H](C)[C@]23[C@@H]2CC[C@H](C)C[C@](C)(CC[C@H]1O)[C@H]3C2,1.1053373453817033,3.280820166671385,False
NDPK-A,apo2mol,27,True,True,Apo2Mol official reconstruction,,27.0,1.0,3.6204313143068534,0.9257118786762077,1.0,377.6130000000002,0.8839193544989152,0.07608695652173914,C=C(N)[C@H]1C[C@@]2(C)CCC(C)(C)C[C@H](C)CCCC[C@H](CO)[C@H]2CCC1=O,1.1684794909862517,3.428618338144368,False
NDPK-A,apo2mol,28,True,True,Apo2Mol official reconstruction,,27.0,1.0,3.8869288771738164,0.9938529199409111,1.0,367.5370000000002,0.8603333778086766,0.0891089108910891,CCCC1C=CN=C([C@]2(C)CC[C@@H]2CN2C=C3C=CC=N[C@@H]3[C@H](O)[C@@H]2C)C1,1.893477524235888,4.039441656309416,False
NDPK-A,apo2mol,29,True,True,Apo2Mol official reconstruction,,27.0,1.0,3.4813625031479645,0.8901532285412281,1.0,371.6090000000001,0.869865146078094,0.06666666666666667,C[C@H]1CCC[C@H]2C[C@H]3C[C@H](CCC[C@H]4N=CC=C[C@H]4CC[C@H](CO)C1)[C@@H]2C3,1.916333383296072,3.6303857524894414,False
NDPK-A,molgen_ns1.0,0,False,False,native Maestro bonds,File error: Bad input file external_inputs/ligand_export_20260917/bundle/NDPK-A/sage-flex/sample_000.mae,,,,,,,,,,,,
NDPK-A,molgen_ns1.0,1,True,True,native Maestro bonds,,20.0,0.7407407407407407,3.2616405588292534,0.8339722942260567,1.0,296.3790000000001,0.6937661954621105,0.03896103896103896,C[C@@H](O)[C@H](F)[C@](C)(O)[C@@H](CCC(C)(C)O)CC(C)(O)O,4.069737601433942,5.221148869286894,False
NDPK-A,molgen_ns1.0,2,True,True,native Maestro bonds,,31.0,1.1481481481481481,4.597090133568173,1.1754347961726215,1.0,435.5690000000002,1.019583195810891,0.07920792079207921,Cc1nc2nc(C[C@H](C[C@@H](C)CC[C@H](C)C[NH2+][C@H](C)O)C(=O)[O-])c(CCCO)cn2n1,3.917338444484792,5.445701870598139,False
NDPK-A,molgen_ns1.0,3,True,True,native Maestro bonds,,29.0,1.0740740740740742,4.7438955124012026,1.2129716174077771,1.0,417.54700000000025,0.9773971624731103,0.08247422680412371,C[C@H](C[C@](C)(O)[C@H](C)N)[C@@H](NC=O)[C@H]1CC[C@H](CC[C@@](C)(O)NC(=O)O)[C@H](C)O1,2.310354405467048,3.86775046811524,False
NDPK-A,molgen_ns1.0,4,True,True,native Maestro bonds,,26.0,0.9629629629629629,4.201553122773902,1.0742995231731287,1.0,369.5660000000002,0.8650828762906629,0.06382978723404255,CC[C@H](C)O[C@H](CCCCCC[C@@H]1C[C@@H](C)CCO1)CC[C@@H](C)C(=O)[O-],3.778700661399193,5.319915141288099,False
NDPK-A,molgen_ns1.0,5,True,True,native Maestro bonds,,29.0,1.0740740740740742,4.402491851686011,1.1256777574473094,1.0,409.4830000000003,0.9585208905368178,0.08080808080808081,CC[C@@](O)(CC(=O)N[C@H](C)CO)OCc1c(C)cc(NC=O)c(CNC=O)c1C,3.174870241083966,5.016008169834635,False
NDPK-A,molgen_ns1.0,6,True,True,native Maestro bonds,,23.0,0.8518518518518519,3.856343147671094,0.986032422696077,1.0,331.49700000000007,0.7759706743632417,0.056818181818181816,CCCCC[C@H](OCCC)[C@@H](C)CCNC(=O)O[C@@](C)(O)CC,3.412109456803998,4.231789244458464,False
NDPK-A,molgen_ns1.0,7,True,True,native Maestro bonds,,29.0,1.0740740740740742,3.6097475351523753,0.9229801319825554,1.0,417.5470000000002,0.9773971624731101,0.042105263157894736,CCC(=O)N(C)CCN(C(=O)[C@H](CC)[C@H](O)CC)[C@](C)(O)C(=O)N[C@H](C)CCO,2.6413981984422827,3.4322019632344,False
NDPK-A,molgen_ns1.0,8,True,True,native Maestro bonds,,25.0,0.9259259259259259,3.227195080809339,0.8251648938360233,1.0,391.33000000000015,0.9160282114123731,0.08139534883720931,CCOC[C@@](O)([C@H](O)[C@@H]([C@H](C)CC)[C@H](O)O[P@](=O)([O-])O)C(O)(O)CO,3.426338718027504,4.26303368412878,False
NDPK-A,molgen_ns1.0,9,True,True,native Maestro bonds,,26.0,0.9629629629629629,3.492673101435506,0.893045247276216,1.0,425.3490000000003,0.9956601428360758,0.07608695652173914,CC[C@@](CCOC)(O[C@@H](O)OC[N-][SH](=O)=O)O[C@H](O[P@@](=O)([O-])O)[C@H](C)O,3.1908890400482712,3.9495443634274014,False
NDPK-A,molgen_ns1.0,10,True,True,native Maestro bonds,,32.0,1.1851851851851851,4.0874422309325595,1.0451223895961337,1.0,493.7160000000004,1.1556941313614377,0.05555555555555555,CCC(CC)O[C@H](O)C[C@@]1(NC(=O)[C@@H](C)C[C@]2([C@H](C)[N-][SH](=O)=O)SCCN2C)CCNC1,2.758916052751215,3.7805473106857392,False
NDPK-A,molgen_ns1.0,11,True,True,native Maestro bonds,,25.0,0.9259259259259259,4.626591182976945,1.1829779504269766,1.0,361.5670000000002,0.8463587568439361,0.0449438202247191,CCC[C@@H](C)C[C@H](C)C[C@H](C)O[C@@H](CO)OCCOC[C@](C)(N)CC,2.7288175520698337,3.4213446484302548,False
NDPK-A,molgen_ns1.0,12,True,True,native Maestro bonds,,27.0,1.0,3.7840923554707957,0.9675585418854457,1.0,386.5770000000003,0.9049023532138121,0.053763440860215055,CCCCC[C@@H](C)CC(=O)NCCCO[C@@H](C)N(C)C(=O)OC(C)(C)CC,3.1160314867063965,4.065504246521831,False
NDPK-A,molgen_ns1.0,13,True,True,native Maestro bonds,,23.0,0.8518518518518519,3.3353781753766443,0.85282634271289,1.0,338.3370000000001,0.7919817978806328,0.0449438202247191,CC(=O)NCC[C@@H](O)CN(C(N)=O)[C@@](C)(C(O)O)[C@@]([O-])(O)CO,4.416355055940287,6.433374953588282,False
NDPK-A,molgen_ns1.0,14,True,True,native Maestro bonds,,32.0,1.1851851851851851,3.7697318723814344,0.9638866949077615,1.0,481.50300000000027,1.12710584897578,0.06930693069306931,CCC[C@@H](C(=O)N(C(=O)NC=O)[C@@](C)(CCC)[C@@H](C)CO)[C@@](CC)(O[P@@](=O)([O-])O)[C@@H](C)O,3.113816625568785,3.969802227574613,False
NDPK-A,molgen_ns1.0,15,True,True,native Maestro bonds,,29.0,1.0740740740740742,5.153455944434253,1.3176925536869788,1.0,460.4660000000002,1.0778622809296752,0.08695652173913043,C[C@H](CC[C@@H](N)[C@@H](OP(=O)([O-])[O-])S([NH-])(=O)=O)O[C@H](C)[C@H](C)N(C(=O)O)C(C)(C)C,2.527861834226785,4.05386780956656,False
NDPK-A,molgen_ns1.0,16,True,True,native Maestro bonds,,24.0,0.8888888888888888,4.486959414011466,1.1472753570201843,1.0,347.3880000000001,0.8131684468507945,0.047058823529411764,C[C@H](O)COC(=O)N(C)CCCCN(CCCCO)C(=O)C(=O)[O-],2.7998550492160192,4.378717832553063,False
NDPK-A,molgen_ns1.0,17,True,True,native Maestro bonds,,30.0,1.1111111111111112,4.265157000366783,1.0905624653217414,1.0,423.5540000000002,0.9914583933165265,0.09278350515463918,C[C@@H]1CNC[C@H](C)N1[C@H](OC[C@](C)(CO)CCc1ccccc1)C(=O)N[C@H](O)CO,3.272435409351148,4.238717832285961,False
NDPK-A,molgen_ns1.0,18,True,True,native Maestro bonds,,26.0,0.9629629629629629,3.7506770278390755,0.9590145417282536,1.0,405.0040000000001,0.9480364136019642,0.07368421052631578,C#C[C@H]([C@@H](C)[C@H](C)[C@@H](O)Cl)[C@H](C[C@H]1CN(C)[C@H](CCC(N)=O)S1)[C@@H](C)O,3.784495908429092,5.514950297379071,False
NDPK-A,molgen_ns1.0,19,True,True,native Maestro bonds,,22.0,0.8148148148148148,3.2337824771471766,0.8268492321123462,1.0,317.38200000000006,0.7429301760521344,0.0449438202247191,CC[C@@H](C)CN(C(=O)O)[C@@](O)(CO)OCCCC#CCCO,2.46651852776254,3.173922569830713,False
NDPK-A,molgen_ns1.0,20,False,False,native Maestro bonds,File error: Bad input file external_inputs/ligand_export_20260917/bundle/NDPK-A/sage-flex/sample_020.mae,,,,,,,,,,,,
NDPK-A,molgen_ns1.0,21,True,True,native Maestro bonds,,24.0,0.8888888888888888,3.750313867420522,0.95892168486007,1.0,342.5240000000001,0.8017827590162054,0.05319148936170213,CCCN(C)C(=O)N[C@](C)(O)O[C@@H](C)[C@]1(C)C[C@H](C)C[C@@H](C)[C@@H]1C,3.552939576963754,4.529614547871088,False
NDPK-A,molgen_ns1.0,22,True,True,native Maestro bonds,,21.0,0.7777777777777778,4.1080802999170904,1.0503993590932272,1.0,325.27400000000006,0.7614038290929603,0.09302325581395349,C[C@](O)(CC#CC[P@](=O)([O-])O)CCC[C@H](O)OCOCO,2.7599837343876743,3.446854922029876,False
NDPK-A,molgen_ns1.0,23,True,True,native Maestro bonds,,27.0,1.0,3.7602514541754064,0.9614626368367085,1.0,400.47200000000015,0.937427873867927,0.041666666666666664,C=C(c1sc2nc(F)nc(C)c2c1C)[C@@](O)([C@@H](C)CCO)[C@@H](CO)C(O)O,3.2846350458445883,3.388156070440358,False
NDPK-A,molgen_ns1.0,24,True,True,native Maestro bonds,,31.0,1.1481481481481481,4.6616951046480155,1.1919537089645338,1.0,461.54100000000034,1.0803786490263416,0.10784313725490197,C[C@@H](O)CCN1CCS[C@]1(O)CCC(=O)NC(=O)N(C(CO)CO)[C@@H](C)c1ncon1,2.4225166917342174,3.680520626752233,False
NDPK-A,molgen_ns1.0,25,True,True,native Maestro bonds,,31.0,1.1481481481481481,3.9124047628147753,1.000366875851202,1.0,447.0150000000002,1.0463760788196714,0.06666666666666667,CC[C@H](C)CCc1cccc(C)c1[C@H](Cl)c1ccccc1O[C@]1(O)CO[C@@H](CCO)C1,2.7342187540425877,3.208294953326235,False
NDPK-A,molgen_ns1.0,26,True,True,native Maestro bonds,,22.0,0.8148148148148148,3.097302959667805,0.7919526411930843,1.0,318.41,0.7453365261948065,0.05,CCC#C[C@@](C)(O)[C@H](CC)O[C@H]([C@@H](O)C(C)(O)O)C(C)(C)O,3.334524240431943,3.956119325271693,False
NDPK-A,molgen_ns1.0,27,True,True,native Maestro bonds,,21.0,0.7777777777777778,3.377773570680039,0.8636664657884027,1.0,311.3310000000001,0.7287659496773196,0.047619047619047616,CC[C@@](O)(CN(C(=O)O)[C@@H](O)[C@H](O)C(C)C)O[C@H](O)CO,3.378819056286326,4.699073598848268,False
NDPK-A,molgen_ns1.0,28,True,True,native Maestro bonds,,33.0,1.2222222222222223,5.0068117997914365,1.2801969585909683,1.0,484.74700000000036,1.1346994286088818,0.05454545454545454,CC[C@@H](O)[C@@](O)(CC)CC[C@@H]1CN(CC(=O)N[C@H](C)C[C@@H]2C=CC[C@@H](CCO)[C@H]2C)[C@@H](C)S1,2.8828990024909618,3.466520574967347,False
NDPK-A,molgen_ns1.0,29,True,True,native Maestro bonds,,27.0,1.0,3.9069825859987732,0.9989804737761177,1.0,403.56500000000017,0.9446679915637297,0.039603960396039604,CCCC[C@]1(C)SCCN1[C@@H](C[C@H](C)NC(=O)C[C@@H](C)O)[C@](C)(O)C(=O)[O-],3.186630495297397,5.014326078253081,False
GLTP,apo2mol,0,True,True,Apo2Mol official reconstruction,,20.0,0.9523809523809523,3.261753340188254,0.5650270319933888,1.0,276.37999999999994,0.9228077556185496,0.058823529411764705,CC(C)N(C)CC(=O)C1=C([C@H]2C=CC=C(O)C2)NCC1,1.006743807855262,2.308507195469918,False
GLTP,apo2mol,1,True,True,Apo2Mol official reconstruction,,20.0,0.9523809523809523,3.0329363668911378,0.5253895236328338,1.0,277.41200000000003,0.9262535100284144,0.02857142857142857,C[C@@H]1[C@H]2CCN(CC[C@@H]1C)[C@H]2OCC1=CC=NCNC1,1.013973779452357,2.340864675519085,False
GLTP,apo2mol,2,True,True,Apo2Mol official reconstruction,,20.0,0.9523809523809523,4.109402098972447,0.7118635375156211,2.0,277.364,0.9260932423814437,0.045454545454545456,C[C@@H]1Cc2cccc(O)c2O1.O=C1CCCCCCN1,0.939783560424712,2.1670357082614444,False
GLTP,apo2mol,3,True,True,Apo2Mol official reconstruction,,20.0,0.9523809523809523,3.6740708067239707,0.6364519651682141,1.0,277.32,0.9259463303717208,0.05714285714285714,Cc1cc(C=O)cc(OC[C@@H]2CC=CC2CNO)c1O,0.9611517464076546,1.816416088646508,False
GLTP,apo2mol,4,True,True,Apo2Mol official reconstruction,,20.0,0.9523809523809523,3.5791984653557543,0.6200174185085783,1.0,271.27599999999995,0.9057659624906927,0.028169014084507043,O=C(NC=Cc1cccc(O)c(=O)c1)C1=CC=NNC1,0.6439253420532013,2.2902091194709224,False
GLTP,apo2mol,5,True,True,Apo2Mol official reconstruction,,20.0,0.9523809523809523,3.453625477464829,0.5982646600236414,1.0,281.38,0.9395023021779706,0.029850746268656716,CC1=CCC=c2sc3c(c2=C1O)Nc1ccccc1C3,0.8965273708863505,2.052932461426345,False
GLTP,apo2mol,6,True,True,Apo2Mol official reconstruction,,20.0,0.9523809523809523,3.8477280514896197,0.6665342636624408,1.0,268.335,0.8959462302044414,0.06060606060606061,CCC1C=CC=C(F)C2=C1CC(Nc1ccccc1)=N2,1.0311162004884575,1.7838624350936156,False
GLTP,apo2mol,7,True,True,Apo2Mol official reconstruction,,20.0,0.9523809523809523,3.571698228073552,0.6187181673485981,1.0,270.33599999999996,0.9026273877375216,0.02857142857142857,CNC(=O)N[C@H]1C=C(N=C2NC3=C2CC=CC3)C=CC1,1.0895344070907258,2.2742751861029014,False
GLTP,apo2mol,8,True,True,Apo2Mol official reconstruction,,20.0,0.9523809523809523,3.36407987314193,0.5827528534087053,1.0,269.256,0.8990213656806868,0.046153846153846156,COc1cccc2c(=O)c3ccc(C(N)=O)cc3oc12,1.095270959305003,2.2046160832155484,False
GLTP,apo2mol,9,True,True,Apo2Mol official reconstruction,,20.0,0.9523809523809523,3.3395807506904256,0.5785089192415628,1.0,274.368,0.9160898700830388,0.09523809523809523,C[C@@H](N)CCn1c(CN(C)C)nc2ccccc2c1=O,1.273908078927939,2.1090812638301264,False
GLTP,apo2mol,10,True,True,Apo2Mol official reconstruction,,20.0,0.9523809523809523,3.883328051356221,0.6727011807054168,1.0,270.328,0.9026006764630266,0.031746031746031744,C[C@@]1(O)COc2cc(-c3ccccc3)ccc2[C@@H](O)C1,0.9734321484940096,2.101743062390288,False
GLTP,apo2mol,11,True,True,Apo2Mol official reconstruction,,20.0,0.9523809523809523,3.0892146425479834,0.5351384971889573,1.0,271.364,0.9060597865101386,0.04225352112676056,C=CN=C1CCC2=NCC=C(OC)N2[C@@H]2CCC(=C)[C@H]12,0.8848104556187898,2.216604621703091,False
GLTP,apo2mol,12,True,True,Apo2Mol official reconstruction,,20.0,0.9523809523809523,3.2742950850166976,0.5671996134602709,1.0,272.26,0.9090514492535869,0.045454545454545456,CN(C)C1=c2oc(=O)nc3c2=C(C=C(C(=O)O)C=C3)C1,1.1029846910314018,2.538261559761856,False
GLTP,apo2mol,13,True,True,Apo2Mol official reconstruction,,20.0,0.9523809523809523,3.122094710430748,0.5408342458339078,1.0,257.33599999999996,0.8592215666830273,0.02127659574468085,CNc1ccc2c3ccccc3c3ccccc3c2c1,1.0106275410522902,2.8142858170709784,False
GLTP,apo2mol,14,True,True,Apo2Mol official reconstruction,,20.0,0.9523809523809523,3.806546410240692,0.6594004500043684,1.0,277.318,0.9259396525530971,0.043478260869565216,CC(C)NC1=C=C[C@H]([C@H]2C=CN=C(F)[C@H]2F)C=C=CN1,0.9649958531771198,2.638956031750172,False
GLTP,apo2mol,15,True,True,Apo2Mol official reconstruction,,20.0,0.9523809523809523,3.5620618308885605,0.6170488734650111,1.0,277.364,0.9260932423814437,0.07575757575757576,CCC(=O)N1CCOO[C@H]1C[C@@H](C)Cc1ccccc1,1.194033824195693,2.174844315126634,False
GLTP,apo2mol,16,True,True,Apo2Mol official reconstruction,,20.0,0.9523809523809523,3.89355495550284,0.674472766933366,1.0,277.324,0.9259596860089685,0.04285714285714286,C[C@H](C(=O)NC1=CC=C[C@@]2(C=NC=NC2)C1)C(C)(O)O,1.512106600229689,1.7981495712166513,False
GLTP,apo2mol,17,True,True,Apo2Mol official reconstruction,,20.0,0.9523809523809523,4.323210565652884,0.7489011521798042,1.0,268.3599999999999,0.8960297029372383,0.030303030303030304,N=C1CCN(C(=O)C=C2CCC(=C3C=CCC=C3)C2)C1,0.8772724951958007,2.1453844800364177,False
GLTP,apo2mol,18,True,True,Apo2Mol official reconstruction,,20.0,0.9523809523809523,3.324793093926241,0.5759472829250896,1.0,263.3,0.8791348218191047,0.014492753623188406,CNC1=CC=CC2=C3C(=O)c4ccccc4N=C3N[C@@H]12,1.8172820174944115,2.34655037143526,False
GLTP,apo2mol,19,True,True,Apo2Mol official reconstruction,,20.0,0.9523809523809523,3.426612537451715,0.5935852622491474,1.0,268.316,0.8958827909275157,0.07462686567164178,CCC(=O)N=C1C=CC=C2OC3=C(CC=CC3)CN=C21,1.5379202566691768,2.6998511864629324,False
GLTP,apo2mol,20,True,True,Apo2Mol official reconstruction,,20.0,0.9523809523809523,3.2920589370098576,0.570276810146114,1.0,286.4,0.9562636269236292,0.04838709677419355,OC[C@H]1CN2C3=C(CC=CC3)N(c3ccccc3)[C@@H]2S1,1.3646401428220862,2.399956527260951,False
GLTP,apo2mol,21,True,True,Apo2Mol official reconstruction,,20.0,0.9523809523809523,3.1614765812010477,0.5476562888380564,1.0,273.37999999999994,0.912791027682897,0.046153846153846156,NC(=O)NCc1c(C2CCCCC2)[nH]c2c1CC=CC2,0.8463726808017809,2.4227279723283197,False
GLTP,apo2mol,22,True,True,Apo2Mol official reconstruction,,20.0,0.9523809523809523,3.3596111736952254,0.5819787495075512,1.0,281.30599999999987,0.9392552228888907,0.02857142857142857,CC(=O)[C@H]1CCCN1C1=C2CC=C(F)C=C(F)C2NN1,0.865053856480027,2.1944399478884717,False
GLTP,apo2mol,23,True,True,Apo2Mol official reconstruction,,20.0,0.9523809523809523,3.053376405345899,0.5289303107670498,1.0,286.7660000000001,0.9574856677317791,0.0,ClC1C=C2C=NC=NC3=C2C(=CC1)N[C@H]1CNCC=C31,1.0593527892953407,2.7458785161048054,False
GLTP,apo2mol,24,True,True,Apo2Mol official reconstruction,,20.0,0.9523809523809523,4.012771249647549,0.6951243680265216,1.0,271.368,0.9060731421473862,0.04285714285714286,CC[C@H]1CCN[C@@H](c2cncc(C3=NCC=NC3)n2)C1,1.515417012058976,2.0272593206219507,False
GLTP,apo2mol,25,True,True,Apo2Mol official reconstruction,,20.0,0.9523809523809523,3.4694869339820187,0.601012308531754,1.0,284.428,0.9496792977605936,0.09375,CCCC(=S)NC=C1C=CCC=C1Nc1ccccc1,1.9692000249249664,2.223773639574841,False
GLTP,apo2mol,26,True,True,Apo2Mol official reconstruction,,20.0,0.9523809523809523,3.8206972690889764,0.6618517750867066,1.0,274.3639999999999,0.916076514445791,0.04285714285714286,CC1(C)C(=O)CC[C@H]1CCNC(=O)C1=CNC=CC=C1,1.5893264742385913,2.067963251304675,False
GLTP,apo2mol,27,True,True,Apo2Mol official reconstruction,,20.0,0.9523809523809523,3.6373164363775743,0.630085078827136,1.0,274.3639999999999,0.916076514445791,0.014492753623188406,O=C(O)[C@H]1CCCNCC2=CC(C3=CCC=CC3)N[C@H]21,0.9515452381408552,2.1684133215037966,False
GLTP,apo2mol,28,True,True,Apo2Mol official reconstruction,,20.0,0.9523809523809523,4.201039696393026,0.7277377359265181,2.0,267.416,0.89287777254682,0.015384615384615385,C1=CC[C@H](c2ccccc2)C=C1.CNC1=CCCCC1,1.077396047836864,2.720161616750828,False
GLTP,apo2mol,29,True,True,Apo2Mol official reconstruction,,20.0,0.9523809523809523,3.5153533777733053,0.6089576611996497,1.0,269.352,0.8993419009746276,0.045454545454545456,NCNNC=C1CC/C2=N/C/N=C3/CC=CCC3=C=C12,1.124724084770698,1.6279547120241855,False
GLTP,molgen_ns1.0,0,True,True,native Maestro bonds,,18.0,0.8571428571428571,3.271137904196582,0.5666527013175663,1.0,281.18199999999996,0.9388411981342174,0.05357142857142857,Cc1cccc(Cc2ccc(Cl)c(Cl)c2O)c1C,0.5986453492729383,2.0701807119405933,False
GLTP,molgen_ns1.0,1,True,True,native Maestro bonds,,21.0,1.0,3.2849675231450783,0.5690483786521428,1.0,287.295,0.9592519507577656,0.09090909090909091,Cc1cccc([C@@H](C)c2ncc(CO)nc2O)c1C(=O)[O-],1.6519749759522084,2.567178542971421,False
GLTP,molgen_ns1.0,2,True,True,native Maestro bonds,,20.0,0.9523809523809523,3.4737571036271375,0.6017520215109552,1.0,267.372,0.892730860537097,0.07142857142857142,Cc1ccccc1[C@@H](C)NC(=O)c1cccc(C)c1C,1.3939388876771093,2.3068650440576715,False
GLTP,molgen_ns1.0,3,True,True,native Maestro bonds,,20.0,0.9523809523809523,3.7608193555394283,0.6514792434308011,1.0,280.32800000000003,0.9359897695818686,0.04918032786885246,C[C@H](NC(=O)c1cnccn1)C(=O)N[C@H](C)C(C)(C)O,1.2853623874313045,2.5510334408620943,False
GLTP,molgen_ns1.0,4,True,True,native Maestro bonds,,19.0,0.9047619047619048,3.091733876016952,0.5355748989831494,1.0,286.691,0.9572352495333875,0.047619047619047616,C[C@H](O[C@H](C)c1c(Cl)cccc1NC(=O)O)C(=O)[O-],0.5894651617654032,2.269171998864368,False
GLTP,molgen_ns1.0,5,True,True,native Maestro bonds,,21.0,1.0,3.467514186039545,0.6006705733364304,1.0,304.8169999999999,1.0177563197205999,0.06896551724137931,CCCOc1ccccc1Oc1ccc(Cl)c(C)c1CC,2.583420517044605,1.6680331554200094,True
GLTP,molgen_ns1.0,6,True,True,native Maestro bonds,,18.0,0.8571428571428571,3.029456742440959,0.5247867552225705,1.0,242.31799999999996,0.8090778266371507,0.09615384615384616,CC(C)c1ccccc1-c1cccc(CO)c1O,1.0234332459643374,2.287705829592745,False
GLTP,molgen_ns1.0,7,True,True,native Maestro bonds,,20.0,0.9523809523809523,3.3667409352369244,0.5832138238931865,1.0,277.364,0.9260932423814437,0.12698412698412698,CC[C@H](CO)N1C[C@](C)(c2cccc(C)c2C)OC1=O,1.1103145314137124,2.088928989690483,False
GLTP,molgen_ns1.0,8,True,True,native Maestro bonds,,24.0,1.1428571428571428,4.374350367245023,0.7577599981122404,1.0,326.4440000000001,1.0899669114087196,0.027777777777777776,Cc1c(N)cccc1-c1cc(N2CCN[C@H](C)[C@H]2C)c(C)c(=O)[nH]1,1.6481609132094972,2.196340913511003,False
GLTP,molgen_ns1.0,9,True,True,native Maestro bonds,,19.0,0.9047619047619048,3.254860043116602,0.5638329198767382,1.0,256.34499999999997,0.8559127075549501,0.0392156862745098,Cc1cccc(-c2cccc(C(C)(O)O)c2C)c1C,1.1506250190126752,2.561662684803483,False
GLTP,molgen_ns1.0,10,True,True,native Maestro bonds,,19.0,0.9047619047619048,2.908278605765525,0.503795308056839,1.0,269.4049999999999,0.8995188631681573,0.09836065573770492,CCC[C@H]1CCCC[C@@]1(CC)[C@@H](C)[C@@](C)(O)C(=O)[O-],0.9452217763063064,1.792839170635216,False
GLTP,molgen_ns1.0,11,True,True,native Maestro bonds,,15.0,0.7142857142857143,3.075937428925801,0.5328385119283763,1.0,218.337,0.7290074424288563,0.1590909090909091,CCC[C@@H](CC)[C@H](CC)CC(O)(O)CO,1.157377085941229,2.587901327910599,False
GLTP,molgen_ns1.0,12,True,True,native Maestro bonds,,19.0,0.9047619047619048,3.5655256301687954,0.6176489005126171,1.0,265.35699999999997,0.8860029582736503,0.11864406779661017,CCNC(=O)c1cnc([C@H](CC)[C@@H](O)CC)c(C)n1,0.9802564572526552,1.990762441211358,False
GLTP,molgen_ns1.0,13,True,True,native Maestro bonds,,22.0,1.0476190476190477,3.3340014591086855,0.5775424296777399,1.0,317.7919999999999,1.0610786680422972,0.07936507936507936,CCOc1c(C)ccc(-c2ccc(Cl)cc2C(=O)[O-])c1CC,1.8382347675527613,2.306892400658898,False
GLTP,molgen_ns1.0,14,True,True,native Maestro bonds,,20.0,0.9523809523809523,3.1203328772744747,0.5405290469867444,1.0,269.344,0.8993151897001327,0.09433962264150944,Cc1cccc([C@H](O)c2cccc(C)c2C(N)=O)c1C,0.8643440220451859,1.9855087264731488,False
GLTP,molgen_ns1.0,15,True,True,native Maestro bonds,,25.0,1.1904761904761905,3.4879776659835424,0.6042154211931189,1.0,331.3910000000001,1.1064844957746107,0.06557377049180328,CCc1cc(C(=O)[O-])ccc1-c1ccccc1-c1cccc(C)c1O,1.074805800868169,2.009829250957613,False
GLTP,molgen_ns1.0,16,True,True,native Maestro bonds,,18.0,0.8571428571428571,3.3386954773894457,0.5783555651115638,1.0,250.31799999999996,0.835789101132224,0.1016949152542373,CCCOc1ccccc1CN[C@H](CC)C(=O)[O-],1.5029384055511052,2.030564678005286,False
GLTP,molgen_ns1.0,17,True,True,native Maestro bonds,,15.0,0.7142857142857143,2.814990282990926,0.4876351577819778,1.0,208.301,0.6954981485747866,0.07692307692307693,Cc1cccc(OC(C)(C)[C@H](C)O)c1C,0.6810994350482558,2.2857060854332296,False
GLTP,molgen_ns1.0,18,True,True,native Maestro bonds,,20.0,0.9523809523809523,3.3738272217913,0.5844413671933928,1.0,289.762,0.9674890400301839,0.04838709677419355,CC(=O)Nc1ccccc1Cc1ccc(C)c(Cl)c1O,1.530298758387492,2.1590740169073057,False
GLTP,molgen_ns1.0,19,True,True,native Maestro bonds,,20.0,0.9523809523809523,3.138957206621333,0.5437553024500454,1.0,269.344,0.8993151897001327,0.05357142857142857,Cc1ccc(-c2ccc(O)c(C)c2C)c(NC=O)c1C,1.1375750900103547,2.293202987177071,False
GLTP,molgen_ns1.0,20,True,True,native Maestro bonds,,21.0,1.0,3.5016955795689597,0.6065917480302251,1.0,287.359,0.9594656409537261,0.06060606060606061,CCC(C)(C)Oc1cccn(-c2cc(C)ccc2O)c1=O,1.314916995508385,2.2906754552700237,False
GLTP,molgen_ns1.0,21,True,True,native Maestro bonds,,14.0,0.6666666666666666,2.4494177327666744,0.4243077533193395,1.0,204.30999999999997,0.6821725615110568,0.16666666666666666,CC[C@H](O)[C@@](C)(O)[C@@](O)(CC)C(C)C,0.915442913905857,2.6716840507505086,False
GLTP,molgen_ns1.0,22,True,True,native Maestro bonds,,17.0,0.8095238095238095,2.8313981360529805,0.4904774574748483,1.0,253.77299999999994,0.8473250328047839,0.06557377049180328,C[C@@H]1CCN(Cc2ccccc2Cl)[C@@]1(C)CO,1.6581678356956218,2.5276166031481497,False
GLTP,molgen_ns1.0,23,True,True,native Maestro bonds,,18.0,0.8571428571428571,2.8987993491558997,0.5021532353220163,1.0,248.36599999999999,0.8292715501554263,0.07142857142857142,Cc1ccc(CC2(CO)CCCCC2)c(O)c1C,1.167051930916844,2.377233018525394,False
GLTP,molgen_ns1.0,24,True,True,native Maestro bonds,,25.0,1.1904761904761905,4.35740179024152,0.7548240298883991,1.0,364.793,1.2180107446101658,0.0375,NC(=O)N(C(=O)c1cncc(CCl)n1)c1c[nH]c([C@H]2CN[C@H](O)C2)c1,1.1421153888958104,2.729659550765031,False
GLTP,molgen_ns1.0,25,True,True,native Maestro bonds,,19.0,0.9047619047619048,3.189018199194267,0.5524272684456396,1.0,264.409,0.8828376722459842,0.14814814814814814,CCC[C@@](O)(CC)c1ccccc1[C@@H](C)[C@H](O)CC,1.0216119071242382,1.8669290403622865,False
GLTP,molgen_ns1.0,26,True,True,native Maestro bonds,,27.0,1.2857142857142858,3.760968195399137,0.6515050266631311,1.0,366.5050000000001,1.223726957352112,0.11290322580645161,CC[C@H](c1ccccc1C(N)=O)[C@H](C)C(=O)N(C)[C@@H](CC)c1ccccc1,1.0943179391586355,2.2932310130272646,False
GLTP,molgen_ns1.0,27,True,True,native Maestro bonds,,25.0,1.1904761904761905,4.666969919937347,0.8084499001731468,1.0,372.2750000000001,1.2429924640816836,0.045454545454545456,Cc1c(Cl)cccc1-c1ccc(C(=[NH2+])Nc2ccc(O)cc2Cl)cc1,1.9383635235118768,2.2241967663854094,False
GLTP,molgen_ns1.0,28,True,True,native Maestro bonds,,25.0,1.1904761904761905,4.116163147787026,0.713034740530207,1.0,343.34700000000004,1.1464044955074977,0.0958904109589041,CC[C@@H](CO)C(=O)Nc1nc2nc(O)c(C)c(-c3cnccn3)n2n1,1.6305741612665117,1.6536696551908945,False
GLTP,molgen_ns1.0,29,True,True,native Maestro bonds,,23.0,1.0952380952380953,3.8265289705152914,0.662861989104972,1.0,309.3290000000001,1.032821478535822,0.07142857142857142,CCc1nc2nc(C#N)nn2cc1-c1ccc(C)c(CO)c1O,1.632278091462981,1.8276213735785172,False
SHP2,apo2mol,0,True,True,Apo2Mol official reconstruction,,26.0,1.0,4.732679431066651,1.1551958104240718,1.0,356.5740000000002,0.9121965944906065,0.07291666666666667,CCCC[C@H]1CCC[C@@H](/C(C)=[C]/C(=O)N2C=C3CC[C@H](C)[C@H]3CC2)CC1,1.8521384774026264,2.75416361980386,False
SHP2,apo2mol,1,True,True,Apo2Mol official reconstruction,,26.0,1.0,3.7515928370569385,0.9157231946319204,2.0,371.54100000000017,0.9504855511440385,0.061855670103092786,CCC[C@H]1C[C@@H](C)N2[C@@H](C(=O)NCC)CC[C@@H]2[C@@H]1CO.FC1CCNC1,2.3622218953198946,3.133107068299489,False
SHP2,apo2mol,2,True,True,Apo2Mol official reconstruction,,26.0,1.0,3.685642392737605,0.8996254051908703,2.0,354.5380000000002,0.9069880479718394,0.08333333333333333,C1=CC2=CCCCCN2C=C1.CC[C@@]12CCO[C@@H](C3=CCCC[C@@H]31)N2C,1.4250026696771805,2.3195005623393405,False
SHP2,apo2mol,3,True,True,Apo2Mol official reconstruction,,26.0,1.0,4.120257350247969,1.00571021092859,1.0,357.58200000000016,0.9147752854979332,0.08433734939759036,C[C@H]1[C@H]2C[C@@H]3CC(=O)N4CCCC[C@H]4[C@@H]3CC[C@@H]2CC[C@@H]2[C@H]1CC[C@H]2C,1.3218857444000227,2.2462383537938115,False
SHP2,apo2mol,4,True,True,Apo2Mol official reconstruction,,26.0,1.0,3.8104737754829405,0.9300953942229299,1.0,355.5660000000003,0.9096179034832801,0.07526881720430108,CC[C@@H](CCCCCCc1ccncc1)C[C@H]1CC[C@H]2C=C[C@@H](O)C[C@H]12,1.2319709387031952,2.2849360689379306,False
SHP2,apo2mol,5,True,True,Apo2Mol official reconstruction,,26.0,1.0,4.424181793479489,1.0798948770612362,1.0,363.6740000000001,0.9303599934509436,0.044444444444444446,CCN(C)CCCC[C@@H]1[C@@H](C)[C@@H]2CC[C@@H](C(C)C)CC[C@@H]2C(C)(C)[C@H]1C,0.920824097880356,2.034530035833361,False
SHP2,apo2mol,6,True,True,Apo2Mol official reconstruction,,26.0,1.0,3.870428547984523,0.9447297050858456,1.0,358.61000000000007,0.9174051410093733,0.041666666666666664,CCC[C@H]1C[C@H]2[C@H](C(C)=O)[C@H](C=CC(C)C)C[C@H]3[C@H]2[C@H]1CCCC3(C)C,1.394269105243008,2.415239091034287,False
SHP2,apo2mol,7,True,True,Apo2Mol official reconstruction,,26.0,1.0,3.468360435091356,0.8465892317483946,1.0,364.65800000000013,0.9328772870533341,0.044444444444444446,CC[C@@H]1CC(C)(C)CC[C@]2(C)CCCC[C@H](C)[C@H]2[C@@H](C)C[C@@H]1C[C@@H](C)O,2.268234034524651,3.135796620827552,False
SHP2,apo2mol,8,True,True,Apo2Mol official reconstruction,,26.0,1.0,3.5707607368679284,0.8715840367677146,1.0,369.59400000000016,0.945504686668577,0.07368421052631578,CCN1CCC[C@@](C)(C[C@@H](CO)C[C@@](C)(CC(N)=O)N(C)C(C)C)CC1,2.3452646768724006,2.966914504060137,False
SHP2,apo2mol,9,True,True,Apo2Mol official reconstruction,,26.0,1.0,4.187555974825897,1.0221370765745912,1.0,356.59400000000016,0.9122477589947201,0.07368421052631578,CC(C)CC[C@@H]1CC[C@]2(C)C[C@H]1[C@@H](CCCC1=CC=CCC1=O)C[C@@H]2C,1.5451557494037955,2.276791977879841,False
SHP2,apo2mol,10,True,True,Apo2Mol official reconstruction,,26.0,1.0,3.833093868621263,0.935616714059905,1.0,356.5500000000002,0.9121351970856701,0.07446808510638298,CC[C@]1(CO)C=C=C[C@H](c2ccccc2C)C[C@H]([C@@H](CO)CC(C)C)C1,1.5168680486703054,2.4088586135810712,False
SHP2,apo2mol,11,True,True,Apo2Mol official reconstruction,,26.0,1.0,4.750211380368609,1.159475169437751,2.0,369.6780000000001,0.9457195775858541,0.04395604395604396,CCC(C)C.CCCC[C@H](C)C[C@@H]1CCC[C@H](N[C@@](O)(CC)CCC)C1,1.3343916723238378,2.400718006467564,False
SHP2,apo2mol,12,True,True,Apo2Mol official reconstruction,,26.0,1.0,4.005049634404147,0.9775892547958577,1.0,357.62600000000015,0.9148878474069831,0.053763440860215055,CC[C@H]1C[C@H]2[C@@H]3[C@@H](CC[C@H]3[C@H](C)C1(C)C)C[C@]2(C)C=CC1CCC(N)C1,1.884109655751952,2.453856959257388,False
SHP2,apo2mol,13,True,True,Apo2Mol official reconstruction,,26.0,1.0,3.550808376684466,0.8667138816626152,1.0,358.61000000000007,0.9174051410093733,0.06315789473684211,CC[C@H]1CC2=C=C(C[C@@H](CC(C)C)C1)[C@H](C)C[C@@H]1CCC[C@](O)(C2)[C@H]1C,1.4604809423652108,2.427980463705498,False
SHP2,apo2mol,14,True,True,Apo2Mol official reconstruction,,26.0,1.0,4.352095219315164,1.062299324758281,1.0,362.6460000000002,0.9277301379395034,0.08045977011494253,CCN[C@]1(C)CCCC[C@@]1(C)C[C@H](C)[C@@H](CN)[C@H]1C[C@H]2C[C@@H](C)C[C@@H]2C1,1.4863807378171672,2.342886330275026,False
SHP2,apo2mol,15,True,True,Apo2Mol official reconstruction,,26.0,1.0,3.9940557807399704,0.9749057741421914,1.0,376.6500000000002,0.9635555237198644,0.04395604395604396,C[C@@H]1CC(=C2OCCS2)[C@@H]([C@@H]2C[C@H](C)[C@H]3[C@H](C)[C@@H](C)[C@@H](C)C[C@@]3(C)C2)C1,2.4604293038698977,3.0515657581613285,False
SHP2,apo2mol,16,True,True,Apo2Mol official reconstruction,,26.0,1.0,4.509100321461162,1.100622570364921,1.0,360.6700000000002,0.9226750849330771,0.05813953488372093,CC[C@]1(C)CC[C@@H]([C@H]2CC[C@@](CC)(CCC3CCCC3)[C@H](C)C2(C)C)C1,1.2262664243198973,2.164725904747961,False
SHP2,apo2mol,17,True,True,Apo2Mol official reconstruction,,26.0,1.0,3.9973194767363673,0.975702407000269,1.0,358.43800000000005,0.9169651262739961,0.12222222222222222,CC1=CC=CC(NC(=O)C[C@@H](CCO)N(Cc2ccccc2)C(=O)O)C1,1.622800717927183,2.546504541060384,False
SHP2,apo2mol,18,True,True,Apo2Mol official reconstruction,,26.0,1.0,3.587754321033473,0.8757319866802448,1.0,366.67400000000015,0.9380346690679876,0.04597701149425287,CCCC[C@@H]1CCCC[C@@H]([C@@H](C)CC(C)(C)C)[C@@H]([C@H](C)[C@@](C)(O)CC)C1,1.965669956787564,2.665226404708955,False
SHP2,apo2mol,19,True,True,Apo2Mol official reconstruction,,26.0,1.0,4.005236644340365,0.9776349018966118,2.0,363.586,0.9301348696328434,0.06666666666666667,CCC(O)=C[C@H]1C[C@@H](C)[C@H]2[C@@H](C)[C@H](O)CC[C@H]2[C@@H]1C.NC=C1CCCC1,1.5735107957188783,2.4677021362003586,False
SHP2,apo2mol,20,True,True,Apo2Mol official reconstruction,,26.0,1.0,3.998985200812618,0.9761089922131985,1.0,357.58200000000016,0.9147752854979332,0.06,CCNC[C@@H](C)C1=C=C[C@H](C)C[C@H]2C=C(C[C@@H](OC)C2)C[C@H]2CC[C@@]12C,1.6764751778414606,2.5291020588747157,False
SHP2,apo2mol,21,True,True,Apo2Mol official reconstruction,,26.0,1.0,3.843195164648551,0.9380823310577473,1.0,357.5420000000001,0.9146729564897057,0.09782608695652174,CCN(C)C1=C[C@@H]2C[C@@H]3C(=O)N(C)CCCN3[C@@H]3CC(C)CC(=C23)CC1,1.2461071971429736,2.22428167747267,False
SHP2,apo2mol,22,True,True,Apo2Mol official reconstruction,,26.0,1.0,3.9933358077266567,0.9747300365244819,1.0,361.5700000000002,0.9249774876181904,0.06666666666666667,CCCC[C@H]1C=C=C[C@@H](CC(C)=O)[C@H](CCC)N(C(C)=O)CC[C@@H]1CC,1.3834017563457996,2.29913121879534,False
SHP2,apo2mol,23,True,True,Apo2Mol official reconstruction,,26.0,1.0,3.834886230753862,0.936054210251333,1.0,366.50600000000014,0.9376048872334332,0.11702127659574468,C[C@H]1[C@H](C)C2CCCN(C=O)C[C@@H](C=C(O)CCN)CNC(=O)N[C@@H]1C2,1.3813836896464904,2.43138248361676,False
SHP2,apo2mol,24,True,True,Apo2Mol official reconstruction,,26.0,1.0,3.821373711694074,0.9327559506431126,1.0,359.5730000000002,0.9198687118824448,0.11627906976744186,CC[C@@H](C)C[C@H](C)[C@H]1Cc2cc(F)ccc2N(C2CCCCCCC2)C1,1.7007934378718803,2.43257295470784,False
SHP2,apo2mol,25,True,True,Apo2Mol official reconstruction,,26.0,1.0,4.127727919389563,1.007533695975391,1.0,358.6540000000001,0.9175177029184234,0.05747126436781609,CC[C@H](C)[C@H](C)C(C)[C@@H]1C[C@@]23C[C@]4(C[C@H](C)C[C@@H]4C[C@@H]2C[C@H]1C)C[C@H]3C,1.7124624377297104,2.3625296616079847,False
SHP2,apo2mol,26,True,True,Apo2Mol official reconstruction,,26.0,1.0,4.39905592828267,1.073761925393706,2.0,365.6460000000002,0.9354048135565474,0.07954545454545454,CC=CCC[C@H](C)CC.C[C@@H](CCC1CCCCC1)C[C@@H](C)CC(N)=O,2.38631209280653,2.9973987312283805,False
SHP2,apo2mol,27,True,True,Apo2Mol official reconstruction,,26.0,1.0,4.07835648960297,0.995482664487872,2.0,362.55800000000016,0.9275050141214034,0.10112359550561797,CCO.CCOC1=CCC2=C(C1)[C@@H](C)CN2N1CC[C@H]2CCCC[C@H]2C1,0.9952598456588964,2.123281932840373,False
SHP2,apo2mol,28,True,True,Apo2Mol official reconstruction,,26.0,1.0,4.401560448718604,1.0743732517167444,1.0,367.5340000000001,0.9402347427448734,0.0625,CC=C[C@@H]1C[C@@H](C(C)(C)CO)[C@H](C(=O)NC[C@H]2CC[C@@H](NCCO)C2)N1,1.3224376236201212,2.3237303204439748,False
SHP2,apo2mol,29,True,True,Apo2Mol official reconstruction,,26.0,1.0,4.230713035524785,1.0326712478481221,1.0,360.542,0.9223476321067494,0.06451612903225806,CC(C)CC(=O)N[C@@H]1CNC(=O)[C@H]2C[C@H]3[C@@H](CC[C@H]3C)[C@@H]2[C@@H]2[C@H]1C[C@H]2C,1.1921154766309447,2.3369183845539467,False
SHP2,molgen_ns1.0,0,True,True,native Maestro bonds,,26.0,1.0,3.398873988839809,0.8296283425184742,1.0,356.3540000000001,0.9116337849453564,0.09782608695652174,CC[C@@H](Oc1ccccc1)[C@@]1(c2c(O)cccc2C(=O)[O-])CNC(=O)O1,1.9444642896313828,2.460951503697305,False
SHP2,molgen_ns1.0,1,True,True,native Maestro bonds,,28.0,1.0769230769230769,3.5004229002889558,0.854415332376509,1.0,378.42800000000017,0.9681040481355657,0.11235955056179775,CCCC[C@@H](CC)c1ccc2[nH]ncc2c1-c1c(C(=O)[O-])cccc1C(=O)[O-],3.397645932990095,3.2818807680977464,False
SHP2,molgen_ns1.0,2,True,True,native Maestro bonds,,19.0,0.7307692307692307,2.8557430234645556,0.6970559541174144,1.0,261.385,0.6686816953870082,0.09210526315789473,CCc1ccccc1C(CC)(CC)[C@H](CC)C(=O)[O-],3.202859731038721,3.092949696304128,False
SHP2,molgen_ns1.0,3,True,True,native Maestro bonds,,22.0,0.8461538461538461,3.7927002989758156,0.9257570810333814,1.0,304.3300000000001,0.7785446768449922,0.09782608695652174,CO[C@H]1CC[C@H](C)[C@@H](Oc2nc3ncc([N-]C=O)cn3n2)C1,2.921802789503304,3.0701038043473377,False
SHP2,molgen_ns1.0,4,True,True,native Maestro bonds,,19.0,0.7307692307692307,3.4028489790931413,0.8305985946037905,1.0,264.301,0.6761414800867749,0.12,C[C@H]([C@@H](C)O)[C@@H](C)C(=O)Nc1ccccc1C(=O)[O-],2.9001613912846,2.543919057129824,False
SHP2,molgen_ns1.0,5,True,True,native Maestro bonds,,25.0,0.9615384615384616,3.916419296449245,0.9559555488638891,1.0,359.42600000000004,0.9194926527772093,0.11392405063291139,CCCc1ccccc1O[P@@](=O)([O-])Cc1cccc(CCC)c1CC,2.8593443640078244,2.7224594273940648,False
SHP2,molgen_ns1.0,6,True,True,native Maestro bonds,,28.0,1.0769230769230769,3.987609732512264,0.9733323635584199,1.0,379.4320000000002,0.9706725062420698,0.10344827586206896,CC[C@@H](C[C@@H](C)CO)c1ccc2c(c1)C(=O)c1c(ccc(C)c1C(=O)[O-])C2=O,3.999312298352344,3.668841142306567,False
SHP2,molgen_ns1.0,7,True,True,native Maestro bonds,,17.0,0.6538461538461539,3.174685361082026,0.7749063256773412,1.0,252.785,0.6466809586181489,0.16666666666666666,Cc1cccc(Cl)c1CCC1(O)CCCCC1,3.064216220644996,3.405933284590979,False
SHP2,molgen_ns1.0,8,True,True,native Maestro bonds,,22.0,0.8461538461538461,2.9010244261423206,0.7081086542686457,1.0,318.40200000000004,0.8145440219393393,0.09090909090909091,Cc1[nH]c(=O)cc(O)c1-c1nccnc1[C@]1(C)SCCN1C,2.958155695636879,2.935069381983196,False
SHP2,molgen_ns1.0,9,True,True,native Maestro bonds,,24.0,0.9230769230769231,3.6789806464864996,0.8979993450548575,1.0,327.32000000000005,0.8373582743236052,0.08791208791208792,CCCc1ccccc1-c1nc2nc(OC)c(O)c(C(=O)[O-])n2n1,4.087985679993644,3.6681681083654194,False
SHP2,molgen_ns1.0,10,True,True,native Maestro bonds,,18.0,0.6923076923076923,3.6798617920571384,0.8982144231488635,1.0,247.33799999999997,0.6327463059228028,0.07142857142857142,CCCc1[nH]c(=O)ccc1CC#C[C@H](CC)CO,2.7280518661527293,2.738888320642984,False
SHP2,molgen_ns1.0,11,True,True,native Maestro bonds,,19.0,0.7307692307692307,3.1132000442045893,0.7598984255028299,1.0,273.763,0.7003474069829313,0.1527777777777778,Cc1cccc(C)c1Cc1cccc(C(N)=O)c1Cl,2.360175751194599,2.3783911017838744,False
SHP2,molgen_ns1.0,12,True,True,native Maestro bonds,,24.0,0.9230769230769231,3.1140424480176176,0.7601040471532438,1.0,315.39200000000005,0.8068437640702386,0.1232876712328767,Cc1cccc(-c2ccccc2-c2c(C)cccc2C(=O)[O-])c1C,3.1367461155073757,3.4102589385312125,False
SHP2,molgen_ns1.0,13,True,True,native Maestro bonds,,21.0,0.8076923076923077,3.274082000782174,0.7991679693031727,1.0,290.33900000000006,0.7427525479923048,0.09195402298850575,CCCc1ccc(C)c(N2C[C@@H](CC)OC2=O)c1C(=O)[O-],2.5537414818430157,2.653341619886131,False
SHP2,molgen_ns1.0,14,True,True,native Maestro bonds,,27.0,1.0384615384615385,4.483896999155955,1.0944707122558286,1.0,359.5130000000001,0.9197152183701036,0.13186813186813187,CCCC#C[C@H](C)NC(=O)[C@@H]1Cc2cc(C)ccc2C[C@H]1c1ccccc1,3.5469668033132726,3.553069803918344,False
SHP2,molgen_ns1.0,15,True,True,native Maestro bonds,,23.0,0.8846153846153846,3.6814253521996783,0.8985960712516595,1.0,309.4170000000001,0.7915583684662929,0.0967741935483871,C=Nc1c(-c2cncc(C)n2)cccc1N1CCNC[C@H]1CC,1.8244475064011243,1.5348613168915823,True
SHP2,molgen_ns1.0,16,True,True,native Maestro bonds,,26.0,1.0,3.71211894743173,0.9060880455413542,1.0,357.33700000000005,0.914148520322541,0.10869565217391304,CCCc1ccc(O)c(N(C=O)c2c(F)ccc3c(=O)cc(O)oc23)c1,3.468661617868293,3.1261283474294963,False
SHP2,molgen_ns1.0,17,True,True,native Maestro bonds,,29.0,1.1153846153846154,4.183984186657185,1.021265241752834,1.0,394.43100000000027,1.009043326102084,0.10204081632653061,CCc1c(C(N)=O)c(NC(=O)c2c(C)cc3c(c2C)OCCO3)cc2cn[nH]c12,2.712757991032975,2.732298527974511,False
SHP2,molgen_ns1.0,18,True,True,native Maestro bonds,,24.0,0.9230769230769231,3.286575429239885,0.8022174799286849,1.0,338.40400000000017,0.8657136425033771,0.06818181818181818,CCC(=O)N([C@@H](C)C1CCCCC1)[C@]1(C(=O)[O-])CCCN1C(=O)[O-],2.90858913342368,3.2550149013315104,False
SHP2,molgen_ns1.0,19,True,True,native Maestro bonds,,28.0,1.0769230769230769,4.020625661250767,0.9813911943141261,1.0,377.3840000000002,0.9654332610208345,0.09183673469387756,Cc1nnc(-c2ccccc2C(=O)[O-])n1-c1cncc(CN2CCCC2=O)n1,3.6117218710695873,4.113534829741805,False
SHP2,molgen_ns1.0,20,True,True,native Maestro bonds,,24.0,0.9230769230769231,4.017889658858725,0.9807233657517583,1.0,323.3960000000001,0.8273197986165118,0.12790697674418605,CCCOc1cc2ccc(-c3ccccc3CC)nc2n1C(N)=O,2.4997323915997782,2.095818091127443,False
SHP2,molgen_ns1.0,21,True,True,native Maestro bonds,,21.0,0.8076923076923077,3.8110673212348436,0.930240272314903,1.0,288.435,0.7378816872006875,0.10714285714285714,CCC[C@H](CC)[C@@](C)(O)Cn1ncc2cc(CC)ccc21,2.6945880222807514,3.181681624120222,False
SHP2,molgen_ns1.0,22,True,True,native Maestro bonds,,32.0,1.2307692307692308,5.786242867988152,1.4123592388951611,1.0,429.4590000000002,1.0986528386066885,0.07407407407407407,Cc1ccc(-n2ccc3cc(-c4nc(-c5cn([C@@H]6CCCN6)nn5)no4)ccc32)cc1F,3.290506176638024,3.0950053194728344,False
SHP2,molgen_ns1.0,23,True,True,native Maestro bonds,,23.0,0.8846153846153846,3.796382875530094,0.926655958100597,1.0,310.3730000000001,0.7940040317629242,0.14102564102564102,CCCCc1ccccc1C(=O)Nc1ccccc1CC(=O)[O-],3.4608756351245344,3.684060051909517,False
SHP2,molgen_ns1.0,24,True,True,native Maestro bonds,,21.0,0.8076923076923077,3.57849126926032,0.8734709760295242,1.0,282.319,0.7222355818427407,0.10256410256410256,Cc1ccccc1N(C)C(=O)c1ccccc1CC(=O)[O-],2.2654655797470613,2.0279073199501805,False
SHP2,molgen_ns1.0,25,True,True,native Maestro bonds,,22.0,0.8461538461538461,3.2531194492097035,0.7940512374169273,1.0,314.82000000000005,0.8053804592525889,0.13095238095238096,CC[C@](C)(c1c(Cl)ccc(C)c1C)c1n[nH]c2ncncc12,2.7132057221168,3.1329818109056777,False
SHP2,molgen_ns1.0,26,True,True,native Maestro bonds,,20.0,0.7692307692307693,3.0984980470382744,0.7563098271667779,1.0,296.842,0.7593886865048503,0.09523809523809523,CCCCC[C@H](O)C1(c2nc(Cl)cnc2C)CCCC1,2.8398431943716638,2.792164661946523,False
SHP2,molgen_ns1.0,27,True,True,native Maestro bonds,,26.0,1.0,4.302328318659382,1.0501517631131871,1.0,350.4620000000001,0.8965607220334821,0.10752688172043011,Cc1c(O[C@H]2CC[C@@H](C)[C@H](n3ccc4c(C)cccc43)C2)cc[nH]c1=O,2.299146722749416,2.668403462323852,False
SHP2,molgen_ns1.0,28,True,True,native Maestro bonds,,19.0,0.7307692307692307,3.2802139912290555,0.8006647217828143,1.0,265.32800000000003,0.6787687773730097,0.11904761904761904,Cc1cccc(F)c1CC(=O)N[C@]1(C)CCCCO1,3.498478387789404,3.7556220295270353,False
SHP2,molgen_ns1.0,29,True,True,native Maestro bonds,,22.0,0.8461538461538461,3.6478853998578225,0.8904093320077546,1.0,304.394,0.7787084032581555,0.11363636363636363,CCC[C@@H](O)[C@@H](C)n1cc(C(=O)NC)c2cnc(CC)nc21,3.0492063453359264,2.8559942370386464,False
METTL14,apo2mol,0,True,True,Apo2Mol official reconstruction,,39.0,1.0,4.4823755209182625,0.7035788246524145,2.0,532.9410000000004,1.0041981259173982,0.09090909090909091,CC=CCC.CC[C@H](C)C(=C[C@@]12CC[C@@H]1C[C@H](C(C)C)C1=C(C(C)=CCC=C1)C(C)C2)[C@@]1(C)CCCC[C@H]1C,2.295192154961811,2.412721439931287,False
METTL14,apo2mol,1,True,True,Apo2Mol official reconstruction,,39.0,1.0,3.9960743382930475,0.6272462610593413,1.0,536.9730000000005,1.0117954525327255,0.056074766355140186,C[C@@H]1CC[C@@H]2C[C@H]3C[C@H](C)[C@@H](C)[C@@H](C[C@H]3[C@@]23CC[C@@H](C)[C@H]3C)C[C@@]2(C)CCC[C@H]2C[C@H]2CCC[C@H]2[C@@H](C)CC1,2.023295560004482,2.541845094848633,False
METTL14,apo2mol,2,True,True,Apo2Mol official reconstruction,,39.0,1.0,4.42969474164826,0.6953097538020168,1.0,536.9730000000002,1.0117954525327248,0.045454545454545456,CC[C@]1(C)C[C@@H]2[C@H](C)C[C@H](C)[C@H]([C@H]3C[C@H](C)[C@]4(C)C[C@@H]5[C@H](C[C@H]6CCCC[C@@H]65)C[C@@H]4[C@H]3C)[C@@H](C)[C@@H](C)[C@]2(C)C1,1.901466295728511,2.890851580013408,False
METTL14,apo2mol,3,True,True,Apo2Mol official reconstruction,,39.0,1.0,4.012833128348505,0.6298768148259297,1.0,526.8530000000003,0.9927267656906842,0.12698412698412698,C=C1/C=C\[C@](C)(CC)C[C@H]2C[C@@H]3C[C@]4(CCC[C@H]34)[C@@H]2N1C=Cc1cccnc1[C@H](C)CC[C@H]1C[C@@H](C)C[C@@H]1C,2.016209456999299,2.913636224162675,False
METTL14,apo2mol,4,True,True,Apo2Mol official reconstruction,,39.0,1.0,4.31161039968336,0.6767745725924563,1.0,532.9410000000006,1.0041981259173987,0.07627118644067797,C=C1CCC[C@H]2CC[C@H](C)C[C@@](C)(C[C@H]3C[C@H](C)[C@H]4CCC[C@@H]4CCC3CC=CC)[C@H]3CC=CC[C@@H]([C@H]3C)[C@H]12,2.6709825437368817,3.056738360807661,False
METTL14,apo2mol,5,True,False,Apo2Mol official reconstruction,no sanitizable molecular graph,39.0,1.0,4.575075541691201,0.718129540306715,,,,,,1.2349258777444698,2.452247499616921,False
METTL14,apo2mol,6,True,True,Apo2Mol official reconstruction,,39.0,1.0,4.431717781287556,0.6956273014606185,1.0,536.9290000000005,1.0117125451986297,0.049586776859504134,CC[C@@H](C)C[C@@H]1CCC[C@H](C)[C@]1(C=C1CC[C@H]2C[C@H](C)[C@H](C)[C@H]3C[C@H]4[C@H](C[C@@]45[C@@H](C)CCC[C@@H]5O)[C@H]1[C@H]23)CC,2.1354997701213825,2.633774444799767,False
METTL14,apo2mol,7,True,True,Apo2Mol official reconstruction,,39.0,1.0,4.431373499432465,0.6955732610479347,1.0,522.8610000000004,0.9852048093790811,0.07563025210084033,CC(C)(C)C[C@@H]1C[C@H]2CCC[C@H]2CC[C@H]1CC1=C2C[C@@H]3CC[C@]4(C)[C@H]5CCCC5C5=CC=CC=C(C1)C5=C2[C@@H]34,1.8979184895690584,2.60061555874923,False
METTL14,apo2mol,8,True,False,Apo2Mol official reconstruction,no sanitizable molecular graph,39.0,1.0,4.762419691473115,0.7475361297577616,,,,,,1.562581781154467,2.443471021411305,False
METTL14,apo2mol,9,True,True,Apo2Mol official reconstruction,,39.0,1.0,4.071266749125138,0.6390488839741626,1.0,532.9410000000004,1.0041981259173982,0.08108108108108109,CC[C@@](C)(C(C)C)[C@H]1C[C@@H]2[C@H]3[C@H]4C[C@@]2(C)[C@H](C)[C@H]2C[C@H]5[C@@H](C)[C@H]6CC(CC[C@@]6(C)C[C@@H]52)[C@H]4[C@H](C)[C@H]2CCC1[C@H]23,1.6918609839522205,2.2031122475112968,False
METTL14,apo2mol,10,True,True,Apo2Mol official reconstruction,,39.0,1.0,3.9601071576635833,0.6216006504773535,2.0,536.9730000000004,1.0117954525327253,0.07692307692307693,CCCC.CCCC[C@@H](C)CCC1=C=C(C(C)(C)[C@H]2C=C[C@@](C)(C(C)C)CC2)[C@@]2(C)CC(=C(CC)[C@H]2C)CC1,2.823924654979437,3.0872563872194427,False
METTL14,apo2mol,11,True,True,Apo2Mol official reconstruction,,39.0,1.0,4.189737089961106,0.6576446537334231,1.0,528.9090000000003,0.9966007993020712,0.0603448275862069,CC(C)[C@@H]1CC2=C=C[C@]3(CC[C@H]4[C@@H](C[C@@H]([C@@H]5C[C@@H]6C[C@@H](C)C[C@@H]4[C@H]6C5)[C@H]4C=C(C2)[C@@H](C)[C@@H](C)C4)C3)CC[C@H]1C,1.7120267617905855,2.986021865299651,False
METTL14,apo2mol,12,True,True,Apo2Mol official reconstruction,,39.0,1.0,4.009798889819444,0.6294005437129833,1.0,526.8930000000005,0.992802135994408,0.07894736842105263,Cc1c2c3c4c5c1[C@@H](C)C[C@@H]1CCCC[C@H]6CCC(C)(C)[C@@H](C6)[C@@H]1CCC[C@@H]5[C@@H](C)[C@H](C)[C@H]4C=C3CCCC2,2.2970014015761446,2.7278826174386475,False
METTL14,apo2mol,13,True,True,Apo2Mol official reconstruction,,39.0,1.0,4.386575429245408,0.6885415044666724,1.0,523.8490000000005,0.9870664558810511,0.11016949152542373,CC1=CC[C@H]2C(=C=C[C@]3(C)C=C4[C@@H]5C[C@H]6C/C(=C7/C[C@@H]8CCC[C@H]8CC[C@@H]72)C[C@@H]6C[C@@H](C)[C@]5(C)CN4CC3)C1,2.3214227371980902,2.5159895619720185,False
METTL14,apo2mol,14,True,False,Apo2Mol official reconstruction,no sanitizable molecular graph,39.0,1.0,5.033894186244413,0.7901482904441935,,,,,,1.7270647987441812,2.790758272856736,False
METTL14,apo2mol,15,True,True,Apo2Mol official reconstruction,,39.0,1.0,4.14495468646296,0.6506153562836009,1.0,536.9290000000004,1.0117125451986295,0.05504587155963303,CO[C@@H]1CC[C@@H]2CC[C@@](C)(C[C@H]3[C@H]4[C@H]5[C@@H](C2)C[C@H]2[C@H]5[C@@H](CCC2(C)C)[C@@H](C[C@@H]3C)C4(C)C)[C@]2(C)CC[C@@H](C1)C2,2.9965719728144085,3.3207930144028603,False
METTL14,apo2mol,16,True,True,Apo2Mol official reconstruction,,39.0,1.0,4.01576194927434,0.630336539000087,1.0,528.9090000000006,0.9966007993020717,0.08130081300813008,CCCC[C@H]1CCCCC[C@]1(C)C[C@H]1/C=C(\C)CCCC2=CCC/C3=C/C(CC)=C=C(CCC/C=C/[C@H]23)CC1,2.074549655992115,2.5488783370293566,False
METTL14,apo2mol,17,True,False,Apo2Mol official reconstruction,no sanitizable molecular graph,39.0,1.0,5.54591163811569,0.8705174240225685,,,,,,3.360175893549208,3.7747569580660767,False
METTL14,apo2mol,18,True,True,Apo2Mol official reconstruction,,39.0,1.0,4.506584043862846,0.7073787303141409,1.0,536.9730000000004,1.0117954525327253,0.07017543859649122,CCCC1=CC=CC(CCC(C)(C)[C@H](C[C@H](C)[C@H](C)CC(C)C)C2CCCCC2)=CC1=C[C@H](C)[C@H](C)CCC,2.4657093011927333,2.78051586963314,False
METTL14,apo2mol,19,True,True,Apo2Mol official reconstruction,,39.0,1.0,4.18339084918982,0.6566485121558187,1.0,534.8440000000003,1.0077838681170428,0.09345794392523364,C[C@@H]1[C@H]2C[C@H](O)C[C@H]([C@@H]2C)[C@H]2[C@@H](C[C@H]3CC(C)(C)C[C@H]31)[C@@H](c1ccc(F)cc1)C[C@@H]1C[C@@H]3CCCCC[C@@H]3[C@@H]12,1.843429582846868,3.0438321143633544,False
METTL14,apo2mol,20,True,True,Apo2Mol official reconstruction,,39.0,1.0,4.083199019404714,0.6409218401019033,1.0,532.9410000000004,1.0041981259173982,0.07692307692307693,CC[C@@H]1C=C=C[C@@H](C)[C@@H]2[C@H](CC[C@@H](C[C@@]3(C)CCC[C@]4(CC[C@H](C)C4)C3)CCC1)CCC(C)(C)CC#C[C@@H]2C,1.426987687221516,2.5539416497718683,False
METTL14,apo2mol,21,True,True,Apo2Mol official reconstruction,,39.0,1.0,3.9787082089099033,0.6245203759024344,1.0,536.9730000000005,1.0117954525327255,0.0625,C=C[C@H]1C[C@H](C)CC[C@H]2C[C@@H]([C@H]3C[C@@H](CCC(C)(C)C3)C[C@H]3C[C@@H]1C[C@H](C)C[C@@H]3CC)[C@H]1CC[C@H]1C(C)(C)C2,2.1985012367840207,3.111876309577098,False
METTL14,apo2mol,22,True,True,Apo2Mol official reconstruction,,39.0,1.0,4.128494550205255,0.6480316808936724,1.0,536.9040000000003,1.0116654387588022,0.10344827586206896,CC[C@H]1C[C@@H]2C[C@H](C(C)CCC[C@@H]3CC[C@@H](c4cccc(F)c4)CC[C@@H]4CC(C)(C)CC[C@@H]34)[C@@]1(C)CC[C@@H]2C,2.385057706074795,2.9111483339384105,False
METTL14,apo2mol,23,True,True,Apo2Mol official reconstruction,,39.0,1.0,4.8317245608155845,0.758414611109247,1.0,534.9570000000003,1.0079967892250616,0.05217391304347826,CC[C@@H]1[C@@H]2C[C@@H]3C[C@H](CC4CCCCC4)C[C@H]3CCC3=C[C@H](C=C3C)CC[C@H]([C@H](C)[C@H](C)CC)C[C@@H](C2)[C@H]1C,2.175852510939254,3.365959594302718,False
METTL14,apo2mol,24,True,True,Apo2Mol official reconstruction,,39.0,1.0,4.19955473243512,0.6591856860098328,1.0,532.9010000000004,1.004122755613675,0.08064516129032258,CC[C@@H](CCCc1cccc(C[C@H](C)[C@H]2CN3C[C@@H]2C[C@H]3CCC=C2CCC[C@H](C)CC2)n1)[C@H]1CC[C@H](C)C1,1.6817911858231396,2.019892531642708,False
METTL14,apo2mol,25,True,True,Apo2Mol official reconstruction,,39.0,1.0,3.780495057167375,0.5934077268879026,1.0,538.9200000000004,1.0154641020664656,0.07894736842105263,C[C@@H]1C[C@H](CC[C@]2(C)CC[C@@](C)(F)C2)C[C@@]2(C1)C[C@@H](C)CC[C@@]1(C)CC[C@H]3[C@@H](C[C@@H]12)[C@H]1C=CC[C@@H](C[C@H]3C)C1,2.078642128297745,2.7029730393578406,False
METTL14,apo2mol,26,True,True,Apo2Mol official reconstruction,,39.0,1.0,4.074614950519658,0.6395744364609772,1.0,537.9210000000004,1.0135817287309716,0.07627118644067797,CC[C@@H]1CCCC[C@H]2CC3=NC(=NCN3[C@H]3CCC[C@H]3C2)[C@]2(C(C)C)CCC[C@@H](C)C[C@H](C2)C(C)(C)CCC1,2.1419084964088744,2.9810694993755886,False
METTL14,apo2mol,27,True,True,Apo2Mol official reconstruction,,39.0,1.0,3.944045162071743,0.619079469481397,1.0,530.8810000000003,1.0003165552756388,0.07563025210084033,C[C@@H]1C[C@H]2CC1=C=C[C@H]1[C@@H](C[C@H](C)[C@H]1C[C@@H]1CC[C@@]3(C)CC[C@@H]1C3)[C@H](C)C[C@H]1C[C@H]3CC[C@@](C)([C@@H]2C=O)[C@H]3C1,2.175110838247304,2.605130986821218,False
METTL14,apo2mol,28,True,False,Apo2Mol official reconstruction,no sanitizable molecular graph,39.0,1.0,4.859509178001322,0.7627758405983269,,,,,,1.4578924747948163,2.4050076019420747,False
METTL14,apo2mol,29,True,True,Apo2Mol official reconstruction,,39.0,1.0,4.210128676011705,0.6608454315529798,1.0,538.9450000000004,1.015511208506293,0.10576923076923077,CC[C@@H]1CC[C@]2(C)C[C@H]3C[C@H]4CC[C@](C)(CC[C@]5(C)CCC(C5)C(C)(C)[C@H](C)/C=C/[C@]4(C)O)C[C@H]2C(C)[C@@]13C,1.6771226500015417,2.4936333076881354,False
METTL14,molgen_ns1.0,0,True,True,native Maestro bonds,,36.0,0.9230769230769231,4.685337751587459,0.7354369157553686,1.0,486.6960000000003,0.9170606335250882,0.09565217391304348,Cc1c(OCCc2cccc3c(C)ccc(C[C@@H]4C[C@H](O)C=C[C@H]4C)c23)cccc1[C@@H](C)C[C@@H](C)O,3.560958493440625,3.4293295539248785,False
METTL14,molgen_ns1.0,1,True,True,native Maestro bonds,,36.0,0.9230769230769231,6.193646820657698,0.9721895744910238,1.0,511.1060000000003,0.9630553613723427,0.125,CCC(CC)[C@@H](C)Oc1ccc(C(=O)N[C@H](C)Cc2onc(Cc3ccc(C)c(Cl)c3)c2C)cc1C,1.6934845939864676,3.08619709400611,False
METTL14,molgen_ns1.0,2,True,True,native Maestro bonds,,32.0,0.8205128205128205,4.660874215753749,0.731596981838989,1.0,441.5720000000002,0.8320353938946285,0.12844036697247707,CCC[C@H](C=O)[C@@H](OCc1cncc(Cc2ccccc2NC(=O)CC)n1)[C@H](C)CCO,1.7220972827432044,2.4644355641487787,False
METTL14,molgen_ns1.0,3,True,True,native Maestro bonds,,38.0,0.9743589743589743,4.812443630709192,0.7553881680816262,1.0,518.6660000000004,0.9773003487760809,0.09821428571428571,CC[C@H](CCc1cc(N(C=O)[C@H](c2cncc(C)n2)N(C=O)c2ncc(C)nc2C)c(C)nn1)[C@H](C)CC,1.9695311873262813,2.635328995725287,False
METTL14,molgen_ns1.0,4,True,True,native Maestro bonds,,29.0,0.7435897435897436,4.805987457694789,0.7543747709220113,1.0,401.50300000000016,0.7565350763972242,0.11538461538461539,CC[C@@H](Cc1ccc(O[C@H](O)CC)cc1C(N)=O)c1cccc(OCCO)c1C,2.021060159796678,2.6072935764022787,False
METTL14,molgen_ns1.0,5,True,True,native Maestro bonds,,40.0,1.0256410256410255,5.3626318299646485,0.8417487964500591,1.0,534.7000000000003,1.0075125350236382,0.12727272727272726,CCC(=O)NC(=O)N(CC)c1ccccc1Oc1ccc(-c2cc(C)cc(Cc3cccc(C)c3C)c2)cc1C,2.033713365460578,2.523719574365585,False
METTL14,molgen_ns1.0,6,True,True,native Maestro bonds,,35.0,0.8974358974358975,4.90976503831177,0.7706642825559693,1.0,466.6690000000003,0.8793246067083341,0.09259259259259259,CCc1ccccc1[C@@H](C)c1c(C)cnnc1C[C@H](C)c1cc(Cc2cccc(C)c2C)oc1C,2.614441956404062,2.759023420631964,False
METTL14,molgen_ns1.0,7,True,True,native Maestro bonds,,32.0,0.8205128205128205,4.84967089512429,0.7612315684883895,1.0,433.59600000000023,0.8170065553321665,0.10091743119266056,C#Cc1cc2nn[nH]c2c(Cc2ccc(CC)cc2)c1CC[C@H](C)[C@](C)(O)[C@@H](C)[C@H](C)O,3.0541870667434017,3.0190381499006302,False
METTL14,molgen_ns1.0,8,True,True,native Maestro bonds,,31.0,0.7948717948717948,5.131403992924901,0.8054539770954288,1.0,429.56500000000017,0.8094111129744326,0.08181818181818182,CCC[C@H](CC)[C@@H](CC)c1cnc(CC(=O)Nc2cnc(O)c(CCCO)n2)c(C)n1,1.8628431002478845,2.6074947321281727,False
METTL14,molgen_ns1.0,9,True,True,native Maestro bonds,,32.0,0.8205128205128205,5.833981231523258,0.9157344445515121,1.0,442.55600000000027,0.8338895033662264,0.11009174311926606,Cc1ccccc1O[C@H](C)c1cccc(CCN(C=O)C[C@H](C)NC(=O)O[C@H](C)O)c1C,1.8067622598322215,2.5826984802667003,False
METTL14,molgen_ns1.0,10,True,True,native Maestro bonds,,32.0,0.8205128205128205,4.293553528074094,0.6739402646580902,1.0,451.5140000000003,0.8507686828851001,0.10619469026548672,CCCOCCOC(=O)N[C@H](CC)[C@](C)(O)c1cnnc(C)c1Cc1ccc(F)c(F)c1,1.5822463270810194,2.227936472146294,False
METTL14,molgen_ns1.0,11,True,True,native Maestro bonds,,35.0,0.8974358974358975,6.078816365855767,0.9541651416770383,1.0,490.6690000000002,0.9245467889424228,0.11016949152542373,CCc1ccc(C(=O)N[C@H](C)c2cccc(/C=C/N(C=O)c3cccc(CCCOC)c3)c2C)s1,1.8244725297003592,2.9898099611803737,False
METTL14,molgen_ns1.0,12,True,True,native Maestro bonds,,45.0,1.1538461538461537,5.986795942842429,0.9397210995021696,1.0,604.6709999999999,1.1393559230695305,0.11904761904761904,Cc1ccccc1-c1cn(C(=O)Nc2c[nH]cc2-c2ccccc2Cc2cnc(-c3c(C)noc3COCCCO)cn2)nn1,2.685139659440599,2.601605818104309,False
METTL14,molgen_ns1.0,13,True,True,native Maestro bonds,,29.0,0.7435897435897436,4.682932536509384,0.7350593796944628,1.0,403.4790000000002,0.7602583694011642,0.1388888888888889,CC[C@@](O)(OCc1cc(Cc2ncc(NC=O)nc2C)ccc1C)O[C@H](C)OC,2.3069341383000657,2.704630543832483,False
METTL14,molgen_ns1.0,14,True,True,native Maestro bonds,,38.0,0.9743589743589743,5.54249326708215,0.869980857315299,1.0,529.7020000000002,0.9980950155733891,0.1,C=CC[C@H](O)Oc1cccc(C)c1CC(=O)Nc1cc(Cc2ccccc2OCC)c2sc(CC)cc2c1,1.513559946575932,2.743284984624539,False
METTL14,molgen_ns1.0,15,True,True,native Maestro bonds,,32.0,0.8205128205128205,5.313038324471666,0.8339643214228536,1.0,439.6000000000003,0.8283196379210612,0.1262135922330097,CCCCOc1ccc(N(C=O)Cc2ccc(CN(C)C(=O)NCC)cc2)cc1C(C)C,2.398792472446168,2.4724698157632856,False
METTL14,molgen_ns1.0,16,True,True,native Maestro bonds,,26.0,0.6666666666666666,4.269006310454252,0.6700871955787915,1.0,360.4580000000002,0.6791957234889668,0.09615384615384616,Cc1ncc(O[C@](C)(N)O)nc1Cc1cccc(CC[C@@H](C)N)c1CO,1.7915483466070912,2.5821911183783968,False
METTL14,molgen_ns1.0,17,True,True,native Maestro bonds,,36.0,0.9230769230769231,5.296040392694279,0.8312962306291117,1.0,482.6240000000003,0.9093879366060378,0.102803738317757,Cc1ccc(C)c(N(C=O)c2ccc(O)cc2CCc2cn(CCc3cccc(C)c3O)cc2C)c1,1.5200966235015727,2.2574735414764686,False
METTL14,molgen_ns1.0,18,True,True,native Maestro bonds,,32.0,0.8205128205128205,5.062884224038274,0.7946987295188419,1.0,439.6400000000002,0.8283950082247845,0.08333333333333333,CCC[C@@H](O)[C@H](C)c1cccc(CCNC(=O)c2cccc(C)c2[C@H](C)C[C@@H](C)O)c1C,2.620427820471937,3.2018100626055186,False
METTL14,molgen_ns1.0,19,True,True,native Maestro bonds,,27.0,0.6923076923076923,4.138718884568867,0.6496365498121359,1.0,382.6290000000003,0.7209715985852997,0.09278350515463918,C=C(OC[C@@H](C)CCC1(C[C@@H](CC)C(CC)CC)CCCCC1)[C@H](O)CO,2.1063192929502685,2.703001642664877,False
METTL14,molgen_ns1.0,20,True,True,native Maestro bonds,,33.0,0.8461538461538461,4.256995875100706,0.6682019702222421,1.0,442.5990000000001,0.8339705264427288,0.13,C#Cc1c(-c2ccccc2[C@@H](OC)[C@H](C)[C@H](CC)CO)cccc1[C@H](O)Cc1ccccc1,2.737438992033872,2.9123051524985377,False
METTL14,molgen_ns1.0,21,True,True,native Maestro bonds,,29.0,0.7435897435897436,5.599665939585895,0.878955000943984,1.0,400.5870000000002,0.7548090964419565,0.11650485436893204,Cc1nc(Cc2ccccc2C[NH3+])cnc1[C@H](C)CCCCC[C@H](C)OCCO,1.271826386270932,2.304553578769262,False
METTL14,molgen_ns1.0,22,True,True,native Maestro bonds,,34.0,0.8717948717948718,4.920126768030963,0.7722907178207467,1.0,455.6020000000002,0.8584715279256397,0.09821428571428571,CCCC(=O)Nc1ccc(C)c([C@H](O)c2cc(C)nc3[nH]cc(Cc4cccc(C)c4C)c23)c1,1.895606403134666,2.4944520731665114,False
METTL14,molgen_ns1.0,23,True,True,native Maestro bonds,,27.0,0.6923076923076923,4.13025745568067,0.648308396433586,1.0,373.4530000000001,0.7036816509111327,0.1485148514851485,CC[C@@H](OC(C)C)OC(C)(C)Oc1ccccc1NC(=O)c1cnccn1,1.9669529109494288,2.841778471267728,False
METTL14,molgen_ns1.0,24,True,True,native Maestro bonds,,28.0,0.717948717948718,4.48261903147898,0.7036170474370296,1.0,386.53200000000015,0.7283258559711181,0.09803921568627451,CCC[C@](C)(O)Oc1cccc(OCCc2cccc(C)c2C[C@H](C)O)c1C,2.8985879266645465,3.525275026238395,False
METTL14,molgen_ns1.0,25,True,True,native Maestro bonds,,29.0,0.7435897435897436,5.136126544034687,0.806195255228793,1.0,401.5070000000001,0.7565426134275964,0.11214953271028037,CC[C@@](C)(O)Cc1cncc(CC(=O)NCc2cc(CCC(O)O)ccc2C)n1,1.6665083264164364,2.3202116603324527,False
METTL14,molgen_ns1.0,26,True,True,native Maestro bonds,,41.0,1.0512820512820513,4.87961077528351,0.7659311001528724,1.0,541.6710000000003,1.0206476947050478,0.14736842105263157,Cc1cc(O)cc(Cc2ccc(Cc3ccccc3Cc3cccc(Cc4ccccc4CC(=O)[O-])c3C)nn2)c1,2.6447888852144503,3.09184216792077,False
METTL14,molgen_ns1.0,27,True,True,native Maestro bonds,,37.0,0.9487179487179487,5.799035634545036,0.9102491874743278,1.0,488.7150000000003,0.9208649496055309,0.14432989690721648,C=C(Cc1cccc(Cc2c(C)cccc2C)c1)C[C@@H](C)c1cccc(C)c1COc1ccccc1C,1.859596627537366,2.334349401045111,False
METTL14,molgen_ns1.0,28,True,True,native Maestro bonds,,36.0,0.9230769230769231,5.550647712802155,0.871260824892446,1.0,488.6320000000003,0.9207085562253047,0.11504424778761062,Cc1ccc(C(=O)NCc2cnnc(-c3cccnc3)c2)cc1C[C@@H](C)[C@@H](C)C[C@@H](C)C(=O)[C@@H](C)O,2.088448038127839,2.5264295147852027,False
METTL14,molgen_ns1.0,29,True,True,native Maestro bonds,,39.0,1.0,6.346683800094553,0.9962111178931885,1.0,516.7250000000003,0.9736430047878987,0.12962962962962962,CCOc1ccccc1Cc1cccc([C@H](CC)[C@@H](C)c2ccc(C#Cc3cc(C)ccc3O)cc2C)c1C,2.079058552870705,2.561281865574712,False
FUT8,apo2mol,0,True,True,Apo2Mol official reconstruction,,34.0,1.0,4.473467474205302,0.6289767222785118,1.0,472.7540000000003,0.9352982839325921,0.037037037037037035,CC[C@H]1C[C@H]2C[C@]3(C[C@H](O)[C@H]2C(C)C1=O)C(=C[C@H]1[C@H](C)CC[C@@H](O)C[C@@H]1C)CC[C@H](C)[C@@H]3CC,1.887195789660863,4.037929178727988,False
FUT8,apo2mol,1,True,True,Apo2Mol official reconstruction,,34.0,1.0,5.517417614372828,0.7757577911408511,2.0,472.8420000000002,0.9354723834621275,0.025,CC(C)=C(C)C.CC[C@@H]([C@H]1CC[C@H](CC=C(O)C=CCC(C)(C)C)[C@@H]1C)[C@@H]1CCC(C)(C)[C@H]1C,1.2568472080948283,3.896928465775237,False
FUT8,apo2mol,2,True,True,Apo2Mol official reconstruction,,34.0,1.0,4.587287235827428,0.6449799638374154,1.0,461.6980000000002,0.9134250521309387,0.043478260869565216,CCCCN1CCC[C@@H](C)N2C3=CC=CC=C[C@H]3CN=C3N=C(N=C32)[C@H]2C[C@@H](CC)[C@@H](C2)[C@@H]1C,3.029457245618304,2.8315930402834053,True
FUT8,apo2mol,3,True,True,Apo2Mol official reconstruction,,34.0,1.0,4.447140814122652,0.6252751515254423,1.0,481.5380000000003,0.9526765824262354,0.05154639175257732,CON1C=C(F)C=C2CN3[C@@H](CC4=C(CNCC(F)(F)C(C)F)CN5CCCC5=C4[C@@H]3C)N=C21,2.4494007711993726,4.832351998471214,False
FUT8,apo2mol,4,True,True,Apo2Mol official reconstruction,,34.0,1.0,4.207775955041168,0.5916200673291555,1.0,468.7660000000003,0.9274084097986383,0.022727272727272728,C[C@H](C=C1C[C@H]2C[C@]3(C)CC(C)(C)C[C@@H]3C[C@H](C)[C@@H]2[C@H](O)C2=C1CCC2)[C@H]1[C@H](O)CCC1(C)C,3.5182672362546774,4.41940864655733,False
FUT8,apo2mol,5,True,True,Apo2Mol official reconstruction,,34.0,1.0,4.3987585061307515,0.6184725212006469,1.0,469.8420000000003,0.9295371722279598,0.0759493670886076,C=C(CC1=C(CC(C)N[C@@H](C)C[C@H](C)[C@H](C)[C@@H](C)C2CCCC2)C[C@H](C)C(=CC)C1)C(C)(C)C,2.298188319291649,4.440336620443572,False
FUT8,apo2mol,6,True,False,Apo2Mol official reconstruction,no sanitizable molecular graph,34.0,1.0,6.303277343512367,0.8862509330838747,,,,,,2.6882815108041904,3.580874541932028,False
FUT8,apo2mol,7,True,True,Apo2Mol official reconstruction,,34.0,1.0,4.27873261281874,0.6015966875438145,1.0,453.55400000000026,0.8973129320339179,0.020618556701030927,CC1NC2=NN=N/C3=C/[C@]4(N=CNC=CN4)C4=CC5=C(C(=C6CCCC6)N=CC5)/C(=C/[C@H]1[C@H]23)N4,1.8510514365336348,3.754822762687679,False
FUT8,apo2mol,8,True,True,Apo2Mol official reconstruction,,34.0,1.0,4.947823853233626,0.6956719921544017,1.0,475.7370000000003,0.9411998623030996,0.09411764705882353,CCCCCCCC(=O)N(CC(C)NC(C)C)[C@H]1CC=C=CCCCN1C[C@H]1CC(C)=C(F)C1,2.430153625124675,4.632217137387901,False
FUT8,apo2mol,9,True,True,Apo2Mol official reconstruction,,34.0,1.0,5.76687983605162,0.8108325807595497,2.0,464.8220000000004,0.9196055854294526,0.05813953488372093,C.CC[C@@H](CC=C1CC(=CCCc2cccc(C)c2)[C@@H](CCC=C(C)CC(C)C)C1)[C@@H](C)CC,2.0926472129863645,4.294628249979869,False
FUT8,apo2mol,10,True,True,Apo2Mol official reconstruction,,34.0,1.0,4.6716095688128725,0.6568358194844902,1.0,456.6740000000003,0.9034855517174526,0.058823529411764705,CC=C(C)[C@@H]1C[C@@H](C2=C(C)CCC2)CN(C2=CN(C(C)c3ccccc3)C3=C(CCC3)C2)C1=O,1.618731421185124,4.132795678595541,False
FUT8,apo2mol,11,True,True,Apo2Mol official reconstruction,,34.0,1.0,5.382003267692748,0.756718316188716,2.0,454.69800000000026,0.8995762259178806,0.08333333333333333,C#C.CCCCCC1=C[C@H](CC)C=C(CC=C2Cc3cc(C)ccc3[C@@H]2C2CCCC2=O)C=C1,2.7189018458094583,2.9196003608957173,False
FUT8,apo2mol,12,True,True,Apo2Mol official reconstruction,,34.0,1.0,4.063333443980482,0.5713112179436423,2.0,468.8100000000003,0.9274954595634061,0.047058823529411764,CCC(C)(C)C.CC[C@@]1(C)C[C@H]2CCC(O)=C[C@]2(C)[C@H]2[C@@H]3C1=C=CCC[C@H](C)C[C@H]3CC[C@H]2C,2.787147379571525,3.625781234762638,False
FUT8,apo2mol,13,True,True,Apo2Mol official reconstruction,,34.0,1.0,4.403685699282813,0.6191652924830328,1.0,496.1590000000003,0.9816028235778246,0.13253012048192772,CC(C)N1C[C@@H](C)CC[C@@H]1[C@@](C)(C[C@@H](C)NC(=N)C1N=C[C@H]([C@@H](C)CF)N=C1Cl)C1CCCC1,2.6020809911882696,3.4306405726583384,False
FUT8,apo2mol,14,True,True,Apo2Mol official reconstruction,,34.0,1.0,4.636480954661329,0.6518966798317202,3.0,476.75400000000025,0.9432118989114824,0.044444444444444446,CC(C)(C)C.CC1[C@H](C[C@H]2CC[C@@H](C)C2)CNN1N(C=O)c1ccncn1.CCCN(C)CC,2.022050248173069,2.9184723149119987,False
FUT8,apo2mol,15,True,True,Apo2Mol official reconstruction,,34.0,1.0,5.1619637287353,0.7257804030859238,1.0,457.74600000000027,0.9056064005317951,0.043010752688172046,CC=CC=C1CC[C@H](C=CCN2CCC(C=CC=C(C)C)=C2C)[C@]2(C)C1=C[C@]1(C)CCC[C@H]2C1,1.6781230477988178,3.994292412911293,False
FUT8,apo2mol,16,True,True,Apo2Mol official reconstruction,,34.0,1.0,4.31200437986429,0.6062747515068125,1.0,462.80600000000027,0.9156171234800915,0.03614457831325301,CC1=CC[C@@H]2[C@@H](C)[C@](C)(C(C)C)[C@@H]3C[C@](C)(CC/C4=C/C[C@@H](C)CC=C=C4)[C@H](C(C)C)C[C@@]12C3,3.4743414824355225,4.276260214229721,False
FUT8,apo2mol,17,True,True,Apo2Mol official reconstruction,,34.0,1.0,4.0502145726277705,0.5694666835302368,1.0,464.7340000000003,0.9194314858999167,0.056818181818181816,CCC(=O)C=C1C[C@H](C=C2CCC(=O)[C@@H]2C)CC[C@H]2C[C@H]1[C@H]1CCC[C@@H](CC)/C1=C/CC2(C)C,1.889307684529387,3.383998795599073,False
FUT8,apo2mol,18,True,True,Apo2Mol official reconstruction,,34.0,1.0,4.811613473756362,0.6765205937105936,1.0,464.7020000000002,0.9193681769800854,0.05319148936170213,CC=CN1[C@H]2C[C@H](CN(C)CCCC3=CCC=CC3CN/C(C=NCCC)=N\2)N1C1=CCCC1,2.071863331957559,3.972910109067229,False
FUT8,apo2mol,19,True,False,Apo2Mol official reconstruction,no sanitizable molecular graph,34.0,1.0,4.604134300009647,0.6473486881593086,,,,,,0.9956645254872328,3.324523568036462,False
FUT8,apo2mol,20,True,False,Apo2Mol official reconstruction,no sanitizable molecular graph,34.0,1.0,5.4001647579101375,0.7592718509253592,,,,,,2.2674535097180586,3.041204889869258,False
FUT8,apo2mol,21,True,True,Apo2Mol official reconstruction,,34.0,1.0,5.7023575660192485,0.8017606458113382,1.0,468.81000000000046,0.9274954595634064,0.05747126436781609,CC1=C2[C@@H](CC[C@@H]2C)C(CCCCC(C)C)=CC=C1C[C@@H](O)C(C)(C)C[C@@]1(C)CCC[C@H](C)C1,1.5878259513211737,3.1989328117607414,False
FUT8,apo2mol,22,True,True,Apo2Mol official reconstruction,,34.0,1.0,5.4667942287586655,0.768640061697676,1.0,471.7740000000002,0.9333594482627637,0.06818181818181818,CCC1=C(NC[C@H](C)CCC(N)=O)C(=C[C@@H]2CC[C@@H](C[C@@H](C)NC[C@@H](C)C(C)C)C2)CC(C)=C1,2.654279529690732,3.6152072496781806,False
FUT8,apo2mol,23,True,True,Apo2Mol official reconstruction,,34.0,1.0,5.266130815861195,0.7404264630846913,1.0,474.85800000000023,0.9394608454114883,0.03896103896103896,CC(C)[C@@H](O)C[C@@H](C[C@]1(C)CCC(C[C@]2(C)CC[C@H](C)[C@H](C)C2)C1)[C@@H](C)[C@H]1C[C@H](C)C(C)(C)C1,1.7613235708241954,4.196263259879754,False
FUT8,apo2mol,24,True,True,Apo2Mol official reconstruction,,34.0,1.0,4.460104024311665,0.6270977997288567,1.0,465.76600000000025,0.9214731985644704,0.058823529411764705,CC=C(C)[C@H]1C[C@H](C)CCC[C@@H](C)[C@H]2CC[C@@H]3C(=CC[C@H](C)[C@@H]3C=C=C2C(C)=CCN)C[C@@H]1O,2.317922245260195,3.956212878334914,False
FUT8,apo2mol,25,True,True,Apo2Mol official reconstruction,,34.0,1.0,4.273676578718592,0.6008858010168917,1.0,467.7820000000003,0.9254616605138313,0.06976744186046512,CCCCC(=O)[C@H](CC[C@H](N)C1=CC=CC=CC1)C[C@@H]1C[C@@H](C)C[C@H]2CC[C@@H](C(C)C)CC[C@@H]21,1.818771231453136,4.454414970085841,False
FUT8,apo2mol,26,True,True,Apo2Mol official reconstruction,,34.0,1.0,4.199065138127519,0.590395312460073,1.0,459.67800000000034,0.9094286765665993,0.03125,C[C@H]1CN(CC2=C=C3CCCC[C@@H]3/C=C/CC[C@@H]3CCCC[C@@]3(C)CC3=C/C(=N\2)N=CC3)C1=O,2.9165613816274085,3.1914379975002864,False
FUT8,apo2mol,27,True,True,Apo2Mol official reconstruction,,34.0,1.0,4.836894476659785,0.6800751433823632,1.0,459.67400000000026,0.9094207629516203,0.06741573033707865,C[C@H]1[C@@H]2CC[C@H]3[C@H](CCC([C@H](CO)CCCC(=O)[C@@H]4CCC(=Cc5ccccc5)N4)=C=C[C@@H]13)C2,3.404364687139906,3.381218142836253,True
FUT8,apo2mol,28,True,True,Apo2Mol official reconstruction,,34.0,1.0,4.327490237884518,0.6084520880528805,1.0,461.65000000000026,0.9133300887511921,0.05319148936170213,CC=C1/C=C/[C@@H]2N[C@@H]3CCC[C@@H]3C[C@@H]2Nc2ncccc2C/C=C/C(=O)[C@H](C)/C=C\1C(C)(C)O,3.4267974511442425,3.005760067296344,True
FUT8,apo2mol,29,True,True,Apo2Mol official reconstruction,,34.0,1.0,4.648338844306961,0.6535639181888684,1.0,461.6900000000003,0.9134092249009811,0.03571428571428571,C=C(O)[C@H]1C[C@@H]2C[C@@H]3[C@@H](C)CC4=C5C(=O)N=C(C6CCCC6)C[C@@]5(C)[C@@H](C)[C@@]4(C)[C@H]3C=C2[C@H]1C,1.139785362963086,3.8590285419833057,False
FUT8,molgen_ns1.0,0,True,True,native Maestro bonds,,42.0,1.2352941176470589,5.965952028185251,0.8388224511737193,1.0,592.7540000000004,1.172706733299305,0.10588235294117647,C[C@@H](C(=O)N(C)[C@@H](C)[C@@H](C)C(=O)NC[C@H](O)[C@@H](C)CCc1ccccc1[C@@H](C)O)C(=O)N(CCC(=O)[O-])C(C)(C)CO,1.3762783219020858,3.612389901634885,False
FUT8,molgen_ns1.0,1,True,True,native Maestro bonds,,36.0,1.0588235294117647,5.457487116126358,0.7673314666914307,1.0,497.72000000000025,0.9846911118233366,0.06593406593406594,C=C(C[C@](N)(CC)CC[C@@H](O)CCO)c1ccccc1[C@H](C)Cc1cc(COCCOC)ccc1C,2.4114723779999463,4.310878725332167,False
FUT8,molgen_ns1.0,2,True,True,native Maestro bonds,,42.0,1.2352941176470589,6.129107645262146,0.8617623933644433,1.0,575.8980000000001,1.1393587597782604,0.06315789473684211,CCCc1ccc(C(=O)[O-])cc1C[C@@H]1CCc2ccc(CC(C)(C)O[C@](C)(CCC)CCC[C@@H](C)CCC)cc2[C@@H]1C,3.741008040742387,1.9588499407021749,True
FUT8,molgen_ns1.0,3,False,False,native Maestro bonds,File error: Bad input file external_inputs/ligand_export_20260917/bundle/FUT8/sage-flex/sample_003.mae,,,,,,,,,,,,
FUT8,molgen_ns1.0,4,True,True,native Maestro bonds,,41.0,1.2058823529411764,6.623771622844513,0.931312944261045,1.0,578.8830000000002,1.1452642949562573,0.08139534883720931,CCCC[C@H](CC)C(=O)N(C)[C@@](C)(CC)[C@@H](C)[C@H](C)NC(=O)[C@H](C)C/C=C(\C)[C@@H](CCC)CC(=O)NC(=O)NCC,3.698985198645997,3.03207096681588,True
FUT8,molgen_ns1.0,5,True,True,native Maestro bonds,,48.0,1.411764705882353,5.824047655220361,0.8188704680869753,1.0,687.7270000000002,1.360601672146845,0.0660377358490566,CC[C@@](CC1=C(C)CCC[C@@H]1NC(=O)c1ccccc1CC(=O)N[C@@H](C)CN(C)C(C)=O)(O[C@@H](O)c1ccccc1CO)OP(=O)([O-])[O-],4.218177228414207,3.606447669627872,False
FUT8,molgen_ns1.0,6,True,True,native Maestro bonds,,45.0,1.3235294117647058,6.189584615831922,0.8702655527015007,1.0,624.847,1.236199644678687,0.07368421052631578,CCCC#C[C@](C)(CC)c1cc(C(=O)[O-])cc2nnn(C(C)(C)CCC[C@@H](C)NC(=O)C(C)(C)C(=O)N[C@H](C)C[C@@H](C)OC)c12,3.3626379983528647,2.577980067724495,True
FUT8,molgen_ns1.0,7,True,True,native Maestro bonds,,47.0,1.3823529411764706,6.909193055366462,0.9714436567633382,1.0,646.8249999999998,1.2796810021802,0.06796116504854369,CCc1ccc(CC[C@H]2[C@H]([C@@H](C)O[C@H](C)Oc3cccc(C)c3[C@H](C)CC#CCCCC(=O)[O-])CN[C@@H]2N(C=O)CCC(=O)[O-])cc1,3.777275320705909,2.225955152438785,True
FUT8,molgen_ns1.0,8,True,True,native Maestro bonds,,44.0,1.2941176470588236,5.566354039436889,0.7826383312172688,1.0,604.8960000000003,1.1967285115677269,0.05263157894736842,CCC[C@H](C)[C@@H](C)CN(C(C)=O)[C@@H](C)[C@H](/C=C\[C@H](C)[C@H](CCc1ccccc1C(=O)[O-])Cc1ccc(COC)c(C)c1)CC,3.146137974006393,2.107520555717489,True
FUT8,molgen_ns1.0,9,True,True,native Maestro bonds,,37.0,1.088235294117647,6.2259773037181425,0.8753824231545817,1.0,526.6710000000005,1.0419678786368012,0.06818181818181818,C=C(CCNC(=O)C(C)(C)[C@H](C)CC[C@@H](CO)C(=O)[O-])CN(CCO[C@@H](C)CC(=O)[O-])C(=O)CCCC,1.7885932370121274,3.553923615789917,False
FUT8,molgen_ns1.0,10,True,True,native Maestro bonds,,48.0,1.411764705882353,6.619080342617941,0.9306533427154402,1.0,665.0399999999998,1.3157176263903225,0.044642857142857144,CCCCC[C@@H]1C=C[C@H]([C@H](CC)C2=CCCC[C@@H]2Cc2cnc([C@H](C)[C@@H](CO)CCC(=O)[N-]CCCC[C@H](C)[C@H](CC)OC)cn2)CC1,3.8786105885002313,2.6929074348675823,True
FUT8,molgen_ns1.0,11,True,True,native Maestro bonds,,40.0,1.1764705882352942,5.8760217087647835,0.8261781036136437,1.0,552.7960000000003,1.093653676467679,0.06451612903225806,C#Cc1cccc([C@H](C)[C@@H](C)[C@H](C)O[C@@H](CCC)CO[C@H](O)CCCCO)c1[C@H](COC)c1ccc(C)c(C)c1,3.6833962235379336,2.21760651893954,True
FUT8,molgen_ns1.0,12,True,True,native Maestro bonds,,43.0,1.2647058823529411,4.89345993121754,0.6880283372766033,1.0,595.8250000000002,1.1787824111993477,0.10344827586206896,CCC[C@@H](C)C(=O)NC(=O)NC(=O)N(CC)C[C@@H](C)c1ccccc1-c1ccccc1CC(C)(C)OCCC[C@@H](O)CC,4.645774394598835,4.272554828863645,False
FUT8,molgen_ns1.0,13,True,True,native Maestro bonds,,39.0,1.1470588235294117,6.040607383762003,0.8493191142481601,1.0,555.7370000000004,1.0994721618809085,0.03409090909090909,CC[C@H](CCC(C)(C)C(=O)N(CC)[C@H](C)CCCN(C=O)C[C@@H](C)N(CC(=O)[O-])C(=O)C(N)=O)C[C@@H](C)OC,1.726367650768134,2.87196695685017,False
FUT8,molgen_ns1.0,14,True,True,native Maestro bonds,,43.0,1.2647058823529411,7.145226411349254,1.0046303262653506,1.0,625.7640000000001,1.2380138409125978,0.06,CCC[C@H](C([NH-])=O)[C@H](CC)CN(C=O)CCCOCc1ccccc1[C@@H](C)[C@@H](CO)[C@H](C)[C@H](C)CCCCOP(=O)([O-])[O-],4.755398626494408,3.9199588212139593,False
FUT8,molgen_ns1.0,15,False,False,native Maestro bonds,File error: Bad input file external_inputs/ligand_export_20260917/bundle/FUT8/sage-flex/sample_015.mae,,,,,,,,,,,,
FUT8,molgen_ns1.0,16,True,True,native Maestro bonds,,41.0,1.2058823529411764,5.487656276904046,0.7715732992227412,1.0,562.7710000000003,1.113388253821287,0.07368421052631578,C=C(c1c(C)cccc1CCCc1ccccc1[C@H](CC=O)C[C@H](C)CC(=O)N(C)CCC)[C@H](C)OCCC(=O)[O-],2.5526596045100702,3.671148883003512,False
FUT8,molgen_ns1.0,17,True,True,native Maestro bonds,,44.0,1.2941176470588236,6.464337770047957,0.9088962881144556,1.0,606.8920000000002,1.200677405442193,0.04716981132075472,Cc1cc(Cc2nc([C@@H]3CCC[C@@H](OC[C@@H](C)[C@@H](CO)CCO)C3)cnc2C)ccc1[C@@H](C)[C@H](O)CC[C@H]1C=C[C@@H](C)CC1,2.972265194386805,2.278028055366418,True
FUT8,molgen_ns1.0,18,True,True,native Maestro bonds,,37.0,1.088235294117647,5.499645683122062,0.7732590290215061,1.0,511.7470000000003,1.0124421811505606,0.06097560975609756,Cc1cccc([C@@H](C)O)c1CCc1ccccc1[C@@H](C)[C@@H](C)N(C=O)C[C@@H](C)C[C@@H](C)COC[C@@H](C)O,2.721122175519118,3.4044557580709998,False
FUT8,molgen_ns1.0,19,True,True,native Maestro bonds,,38.0,1.1176470588235294,6.475970191649294,0.9105318253019189,1.0,533.7540000000001,1.0559809123606707,0.11627906976744186,CCCOC[C@H](C)CCNC(=O)CC[C@@H](C)NC(=O)[C@H](CC)CNC(=O)c1cc([C@@H](C)CCO)ccc1C,3.586453677851309,2.2232563486421246,True
FUT8,molgen_ns1.0,20,True,True,native Maestro bonds,,35.0,1.0294117647058822,5.33074791888473,0.7495117317039955,1.0,490.81300000000033,0.9710262771585377,0.06097560975609756,CCC[C@@H](C)C[C@@H](C)[C@](CC)(CO)[C@H](C)[C@@H](C)CCOc1cc(CC[C@@H](C)[C@H](C)OC)ccc1C,3.1589400268595464,2.211833740132628,True
FUT8,molgen_ns1.0,21,True,True,native Maestro bonds,,45.0,1.3235294117647058,6.228345822681459,0.8757154407304982,1.0,652.8550000000001,1.291610776760878,0.1348314606741573,CCNC(=O)NC(=O)CCCCCCCC[C@@H](C)NC(=O)C[C@@H](C)c1cccc(C)c1[C@@H](CC)C[C@@H](CO)[N-]S(=O)(=O)C(=O)[O-],1.9795116059354891,2.231894553819944,False
FUT8,molgen_ns1.0,22,True,True,native Maestro bonds,,38.0,1.1176470588235294,5.758801700314546,0.8096967818815376,1.0,533.8420000000003,1.0561550118902068,0.058823529411764705,CC[C@@H](C[C@@H](C)[C@H](C)C[C@H](C)C[C@@H](O)CCCO)c1nc(C)cnc1C[C@H](C)CC[C@@H](C)N(CC)C(C)=O,3.0095924396415947,3.466544790343215,False
FUT8,molgen_ns1.0,23,True,True,native Maestro bonds,,39.0,1.1470588235294117,6.600163566100221,0.9279936135101207,1.0,530.7490000000003,1.0500358091077795,0.08139534883720931,C/C=C/Cc1cc(C)cc(Cc2ccc(O[C@@H](C)[C@H](C)Cc3cccc(C[C@@H](O)CCOC)c3C)c(O)c2)c1,2.310520060436995,2.686109450773313,False
FUT8,molgen_ns1.0,24,True,True,native Maestro bonds,,42.0,1.2352941176470589,5.8487248408667964,0.822340120081195,1.0,585.8210000000004,1.1589904601371432,0.054945054945054944,CC[C@@H](CCc1cccc(CCO[C@@H](C)[C@@H](C)C(=O)[O-])c1F)[C@](C)(O)c1c(C)cccc1[C@H](C)[C@H](C)C[C@H](C)[C@H](C)O,4.277760033523939,3.037162918175465,True
FUT8,molgen_ns1.0,25,False,False,native Maestro bonds,File error: Bad input file external_inputs/ligand_export_20260917/bundle/FUT8/sage-flex/sample_025.mae,,,,,,,,,,,,
FUT8,molgen_ns1.0,26,True,True,native Maestro bonds,,49.0,1.4411764705882353,6.821608144294303,0.9591290773895366,1.0,671.823,1.329137138990776,0.0603448275862069,CCCN(C=O)[C@]1(NC(=O)c2cnnc(CCc3cncc(Cc4cccc(C)c4C[C@H](C(=O)[O-])C(=O)N(C)CC)n3)c2C)C[C@H](C)CN1,3.851450170109095,3.020516386274789,True
FUT8,molgen_ns1.0,27,True,True,native Maestro bonds,,36.0,1.0588235294117647,5.3824511835274045,0.7567812938755245,1.0,508.70000000000033,1.006413984940391,0.06818181818181818,CCCC(=O)N(C)C[C@@H](C)C(C)(C)[C@@H](CC)O[C@H](C)Oc1ccc(O)cc1[C@@H](O)CCCN(C)C=O,1.7702270589362163,3.245077011858991,False
FUT8,molgen_ns1.0,28,True,True,native Maestro bonds,,47.0,1.3823529411764706,6.5156158657840795,0.916106070853855,1.0,649.7410000000001,1.2854500274998117,0.09900990099009901,C=C(c1ccccc1O[C@H](C)c1ccc(C[C@H](C(=O)[O-])N(C=O)CC)cc1)[C@H](C)NC(=O)[C@](C)(/C=C/OCCCNC(C)=O)C(=O)[O-],3.901518467251965,2.5464438954598583,True
FUT8,molgen_ns1.0,29,True,True,native Maestro bonds,,43.0,1.2647058823529411,5.838786658648664,0.8209427956761308,1.0,595.9089999999999,1.178948597113904,0.11764705882352941,CCCCCCCCCCCOCc1cccc([C@H](C)c2cccc(NC(=O)C[C@H](C)CC[C@@](O)(CC)C(C)C)c2)c1O,3.192513088909933,3.164303835600493,True
