method,target,sample_idx,n_atoms,protein_ligand_clash_percent,protein_ligand_clash_pairs,min_protein_distance,protein_path,n_bonds,n_stretched_bonds,stretched_bond_percent,intraligand_clash_percent,n_internal_clash_pairs,fragments,graph_status,bond_issue_percent
apo2mol,p53_Y220C,0,22,9.090909090909092,2,2.5086722006891784,external_inputs/apo2mol_aligned_1000/structures/p53_Y220C/sample_0_protein.pdb,26.0,0.0,0.0,0.0,0.0,1.0,ok,0.0
apo2mol,p53_Y220C,1,22,0.0,0,2.7877036650957887,external_inputs/apo2mol_aligned_1000/structures/p53_Y220C/sample_1_protein.pdb,23.0,0.0,0.0,0.0,0.0,1.0,ok,0.0
apo2mol,p53_Y220C,2,22,13.636363636363637,3,2.341269268737172,external_inputs/apo2mol_aligned_1000/structures/p53_Y220C/sample_2_protein.pdb,22.0,0.0,0.0,0.0,0.0,1.0,ok,0.0
apo2mol,p53_Y220C,3,22,9.090909090909092,2,2.41528630456105,external_inputs/apo2mol_aligned_1000/structures/p53_Y220C/sample_3_protein.pdb,24.0,0.0,0.0,0.0,0.0,1.0,ok,0.0
apo2mol,p53_Y220C,4,22,4.545454545454546,1,2.409692970178152,external_inputs/apo2mol_aligned_1000/structures/p53_Y220C/sample_4_protein.pdb,25.0,0.0,0.0,0.0,0.0,1.0,ok,0.0
apo2mol,p53_Y220C,5,22,9.090909090909092,2,2.1481031574815783,external_inputs/apo2mol_aligned_1000/structures/p53_Y220C/sample_5_protein.pdb,24.0,0.0,0.0,0.0,0.0,1.0,ok,0.0
apo2mol,p53_Y220C,6,22,13.636363636363637,3,2.4180567956806995,external_inputs/apo2mol_aligned_1000/structures/p53_Y220C/sample_6_protein.pdb,24.0,0.0,0.0,0.0,0.0,1.0,ok,0.0
apo2mol,p53_Y220C,7,22,0.0,0,2.5699417265916544,external_inputs/apo2mol_aligned_1000/structures/p53_Y220C/sample_7_protein.pdb,24.0,0.0,0.0,0.0,0.0,1.0,ok,0.0
apo2mol,p53_Y220C,8,22,4.545454545454546,1,2.4534757017562687,external_inputs/apo2mol_aligned_1000/structures/p53_Y220C/sample_8_protein.pdb,25.0,0.0,0.0,0.0,0.0,1.0,ok,0.0
apo2mol,p53_Y220C,9,22,0.0,0,2.4773863537752714,external_inputs/apo2mol_aligned_1000/structures/p53_Y220C/sample_9_protein.pdb,24.0,0.0,0.0,0.0,0.0,1.0,ok,0.0
apo2mol,p53_Y220C,10,22,13.636363636363637,3,1.9878671279106468,external_inputs/apo2mol_aligned_1000/structures/p53_Y220C/sample_10_protein.pdb,25.0,0.0,0.0,0.0,0.0,1.0,ok,0.0
apo2mol,p53_Y220C,11,22,0.0,0,2.652898191822368,external_inputs/apo2mol_aligned_1000/structures/p53_Y220C/sample_11_protein.pdb,24.0,0.0,0.0,0.0,0.0,2.0,ok,100.0
apo2mol,p53_Y220C,12,22,13.636363636363637,3,1.9414849900998588,external_inputs/apo2mol_aligned_1000/structures/p53_Y220C/sample_12_protein.pdb,21.0,0.0,0.0,0.0,0.0,2.0,ok,100.0
apo2mol,p53_Y220C,13,22,4.545454545454546,1,2.2611469128150783,external_inputs/apo2mol_aligned_1000/structures/p53_Y220C/sample_13_protein.pdb,24.0,0.0,0.0,0.0,0.0,1.0,ok,0.0
apo2mol,p53_Y220C,14,22,0.0,0,2.6891913321975407,external_inputs/apo2mol_aligned_1000/structures/p53_Y220C/sample_14_protein.pdb,24.0,0.0,0.0,0.0,0.0,1.0,ok,0.0
apo2mol,p53_Y220C,15,22,0.0,0,2.4858788917844428,external_inputs/apo2mol_aligned_1000/structures/p53_Y220C/sample_15_protein.pdb,26.0,0.0,0.0,0.0,0.0,1.0,ok,0.0
apo2mol,p53_Y220C,16,22,13.636363636363637,3,2.186834203833915,external_inputs/apo2mol_aligned_1000/structures/p53_Y220C/sample_16_protein.pdb,24.0,0.0,0.0,0.0,0.0,1.0,ok,0.0
apo2mol,p53_Y220C,17,22,4.545454545454546,1,1.656653696893107,external_inputs/apo2mol_aligned_1000/structures/p53_Y220C/sample_17_protein.pdb,24.0,0.0,0.0,0.0,0.0,1.0,ok,0.0
apo2mol,p53_Y220C,18,22,13.636363636363637,3,1.8585200704358973,external_inputs/apo2mol_aligned_1000/structures/p53_Y220C/sample_18_protein.pdb,23.0,0.0,0.0,0.0,0.0,1.0,ok,0.0
apo2mol,p53_Y220C,19,22,9.090909090909092,2,1.9052019039752552,external_inputs/apo2mol_aligned_1000/structures/p53_Y220C/sample_19_protein.pdb,23.0,0.0,0.0,0.0,0.0,1.0,ok,0.0
apo2mol,p53_Y220C,20,22,13.636363636363637,3,2.113058113790842,external_inputs/apo2mol_aligned_1000/structures/p53_Y220C/sample_20_protein.pdb,24.0,0.0,0.0,0.0,0.0,1.0,ok,0.0
apo2mol,p53_Y220C,21,22,27.27272727272727,6,1.6937252286823905,external_inputs/apo2mol_aligned_1000/structures/p53_Y220C/sample_21_protein.pdb,26.0,0.0,0.0,0.0,0.0,1.0,ok,0.0
apo2mol,p53_Y220C,22,22,0.0,0,2.5868363785609216,external_inputs/apo2mol_aligned_1000/structures/p53_Y220C/sample_22_protein.pdb,24.0,0.0,0.0,0.0,0.0,1.0,ok,0.0
apo2mol,p53_Y220C,23,22,4.545454545454546,1,2.3897248230511114,external_inputs/apo2mol_aligned_1000/structures/p53_Y220C/sample_23_protein.pdb,25.0,0.0,0.0,0.0,0.0,1.0,ok,0.0
apo2mol,p53_Y220C,24,22,9.090909090909092,3,1.1700376424963543,external_inputs/apo2mol_aligned_1000/structures/p53_Y220C/sample_24_protein.pdb,24.0,0.0,0.0,0.0,0.0,1.0,ok,0.0
apo2mol,p53_Y220C,25,22,4.545454545454546,1,2.511052878557358,external_inputs/apo2mol_aligned_1000/structures/p53_Y220C/sample_25_protein.pdb,24.0,0.0,0.0,0.0,0.0,1.0,ok,0.0
apo2mol,p53_Y220C,26,22,9.090909090909092,2,2.170481832263031,external_inputs/apo2mol_aligned_1000/structures/p53_Y220C/sample_26_protein.pdb,26.0,0.0,0.0,0.0,0.0,1.0,ok,0.0
apo2mol,p53_Y220C,27,22,13.636363636363637,3,1.9499697471259676,external_inputs/apo2mol_aligned_1000/structures/p53_Y220C/sample_27_protein.pdb,24.0,0.0,0.0,0.0,0.0,1.0,ok,0.0
apo2mol,p53_Y220C,28,22,0.0,0,2.553618412278509,external_inputs/apo2mol_aligned_1000/structures/p53_Y220C/sample_28_protein.pdb,27.0,0.0,0.0,0.0,0.0,1.0,ok,0.0
apo2mol,p53_Y220C,29,22,9.090909090909092,2,1.7250183111616726,external_inputs/apo2mol_aligned_1000/structures/p53_Y220C/sample_29_protein.pdb,26.0,0.0,0.0,0.0,0.0,1.0,ok,0.0
molgen_ns1.0,p53_Y220C,0,23,0.0,0,2.849986842074902,external_inputs/rescore/structures/molgen_ns1.0/p53_Y220C/0.pdb,25.0,0.0,0.0,0.0,0.0,1.0,ok,0.0
molgen_ns1.0,p53_Y220C,1,21,0.0,0,3.3324749061320835,external_inputs/rescore/structures/molgen_ns1.0/p53_Y220C/1.pdb,22.0,0.0,0.0,0.0,0.0,1.0,ok,0.0
molgen_ns1.0,p53_Y220C,2,25,0.0,0,3.005065889460657,external_inputs/rescore/structures/molgen_ns1.0/p53_Y220C/2.pdb,27.0,0.0,0.0,0.0,0.0,1.0,ok,0.0
molgen_ns1.0,p53_Y220C,3,19,0.0,0,2.689055038484715,external_inputs/rescore/structures/molgen_ns1.0/p53_Y220C/3.pdb,20.0,0.0,0.0,26.31578947368421,3.0,1.0,ok,0.0
molgen_ns1.0,p53_Y220C,4,20,0.0,0,3.0665829517559016,external_inputs/rescore/structures/molgen_ns1.0/p53_Y220C/4.pdb,21.0,0.0,0.0,0.0,0.0,1.0,ok,0.0
molgen_ns1.0,p53_Y220C,5,19,0.0,0,2.8775689392263057,external_inputs/rescore/structures/molgen_ns1.0/p53_Y220C/5.pdb,19.0,0.0,0.0,0.0,0.0,1.0,ok,0.0
molgen_ns1.0,p53_Y220C,6,17,0.0,0,3.2034347191725296,external_inputs/rescore/structures/molgen_ns1.0/p53_Y220C/6.pdb,17.0,0.0,0.0,0.0,0.0,1.0,ok,0.0
molgen_ns1.0,p53_Y220C,7,23,0.0,0,3.3598773787148883,external_inputs/rescore/structures/molgen_ns1.0/p53_Y220C/7.pdb,25.0,0.0,0.0,0.0,0.0,1.0,ok,0.0
molgen_ns1.0,p53_Y220C,8,28,32.142857142857146,10,1.0734123159345617,external_inputs/rescore/structures/molgen_ns1.0/p53_Y220C/8.pdb,31.0,6.0,19.35483870967742,64.28571428571429,11.0,1.0,ok,100.0
molgen_ns1.0,p53_Y220C,9,25,0.0,0,3.0540995399626376,external_inputs/rescore/structures/molgen_ns1.0/p53_Y220C/9.pdb,27.0,0.0,0.0,0.0,0.0,1.0,ok,0.0
molgen_ns1.0,p53_Y220C,10,22,0.0,0,3.1428588896099177,external_inputs/rescore/structures/molgen_ns1.0/p53_Y220C/10.pdb,24.0,0.0,0.0,0.0,0.0,1.0,ok,0.0
molgen_ns1.0,p53_Y220C,11,23,0.0,0,3.056595164558102,external_inputs/rescore/structures/molgen_ns1.0/p53_Y220C/11.pdb,25.0,0.0,0.0,0.0,0.0,1.0,ok,0.0
molgen_ns1.0,p53_Y220C,12,22,0.0,0,3.0833450990766567,external_inputs/rescore/structures/molgen_ns1.0/p53_Y220C/12.pdb,23.0,0.0,0.0,0.0,0.0,1.0,ok,0.0
molgen_ns1.0,p53_Y220C,13,21,0.0,0,3.235556366376575,external_inputs/rescore/structures/molgen_ns1.0/p53_Y220C/13.pdb,22.0,0.0,0.0,0.0,0.0,1.0,ok,0.0
molgen_ns1.0,p53_Y220C,14,18,0.0,0,3.0526804614960974,external_inputs/rescore/structures/molgen_ns1.0/p53_Y220C/14.pdb,18.0,0.0,0.0,0.0,0.0,1.0,ok,0.0
molgen_ns1.0,p53_Y220C,15,28,0.0,0,3.0562135069395957,external_inputs/rescore/structures/molgen_ns1.0/p53_Y220C/15.pdb,31.0,0.0,0.0,0.0,0.0,1.0,ok,0.0
molgen_ns1.0,p53_Y220C,16,28,0.0,0,3.1671011982568444,external_inputs/rescore/structures/molgen_ns1.0/p53_Y220C/16.pdb,31.0,0.0,0.0,0.0,0.0,1.0,ok,0.0
molgen_ns1.0,p53_Y220C,18,18,0.0,0,3.2196456326744896,external_inputs/rescore/structures/molgen_ns1.0/p53_Y220C/18.pdb,18.0,0.0,0.0,0.0,0.0,1.0,ok,0.0
molgen_ns1.0,p53_Y220C,19,24,0.0,0,3.000584276436841,external_inputs/rescore/structures/molgen_ns1.0/p53_Y220C/19.pdb,26.0,0.0,0.0,0.0,0.0,1.0,ok,0.0
molgen_ns1.0,p53_Y220C,20,23,0.0,0,2.909150563308816,external_inputs/rescore/structures/molgen_ns1.0/p53_Y220C/20.pdb,25.0,0.0,0.0,0.0,0.0,1.0,ok,0.0
molgen_ns1.0,p53_Y220C,21,18,0.0,0,3.0324279051611365,external_inputs/rescore/structures/molgen_ns1.0/p53_Y220C/21.pdb,19.0,0.0,0.0,0.0,0.0,1.0,ok,0.0
molgen_ns1.0,p53_Y220C,23,18,0.0,0,3.3047052818670557,external_inputs/rescore/structures/molgen_ns1.0/p53_Y220C/23.pdb,19.0,0.0,0.0,0.0,0.0,1.0,ok,0.0
molgen_ns1.0,p53_Y220C,24,24,0.0,0,2.796438627969509,external_inputs/rescore/structures/molgen_ns1.0/p53_Y220C/24.pdb,25.0,0.0,0.0,0.0,0.0,1.0,ok,0.0
molgen_ns1.0,p53_Y220C,25,17,0.0,0,3.2059377723218545,external_inputs/rescore/structures/molgen_ns1.0/p53_Y220C/25.pdb,17.0,0.0,0.0,0.0,0.0,1.0,ok,0.0
molgen_ns1.0,p53_Y220C,26,25,0.0,0,2.988049029048888,external_inputs/rescore/structures/molgen_ns1.0/p53_Y220C/26.pdb,27.0,0.0,0.0,0.0,0.0,1.0,ok,0.0
molgen_ns1.0,p53_Y220C,27,19,5.263157894736842,1,2.3492801024994816,external_inputs/rescore/structures/molgen_ns1.0/p53_Y220C/27.pdb,20.0,0.0,0.0,31.57894736842105,3.0,1.0,ok,0.0
molgen_ns1.0,p53_Y220C,28,25,0.0,0,3.0730977856228328,external_inputs/rescore/structures/molgen_ns1.0/p53_Y220C/28.pdb,26.0,0.0,0.0,0.0,0.0,1.0,ok,0.0
molgen_ns1.0,p53_Y220C,29,27,0.0,0,3.0905213152476456,external_inputs/rescore/structures/molgen_ns1.0/p53_Y220C/29.pdb,30.0,0.0,0.0,0.0,0.0,1.0,ok,0.0
apo2mol,CB1,0,39,0.0,0,2.695231007372441,external_inputs/apo2mol_aligned_1000/structures/CB1/sample_0_protein.pdb,40.0,0.0,0.0,0.0,0.0,2.0,ok,100.0
apo2mol,CB1,1,39,20.51282051282051,14,1.424914561944706,external_inputs/apo2mol_aligned_1000/structures/CB1/sample_1_protein.pdb,43.0,0.0,0.0,0.0,0.0,1.0,ok,0.0
apo2mol,CB1,2,39,23.07692307692308,25,0.5111263074264738,external_inputs/apo2mol_aligned_1000/structures/CB1/sample_2_protein.pdb,41.0,0.0,0.0,0.0,0.0,1.0,ok,0.0
apo2mol,CB1,3,39,5.128205128205128,3,1.695601160499676,external_inputs/apo2mol_aligned_1000/structures/CB1/sample_3_protein.pdb,,,,,,,unparseable,
apo2mol,CB1,4,39,7.6923076923076925,4,2.234489829462837,external_inputs/apo2mol_aligned_1000/structures/CB1/sample_4_protein.pdb,44.0,0.0,0.0,0.0,0.0,1.0,ok,0.0
apo2mol,CB1,5,39,25.64102564102564,17,1.032500334284096,external_inputs/apo2mol_aligned_1000/structures/CB1/sample_5_protein.pdb,43.0,0.0,0.0,5.128205128205129,1.0,1.0,ok,0.0
apo2mol,CB1,6,39,17.94871794871795,12,1.2691046068249208,external_inputs/apo2mol_aligned_1000/structures/CB1/sample_6_protein.pdb,40.0,0.0,0.0,0.0,0.0,1.0,ok,0.0
apo2mol,CB1,7,39,2.564102564102564,1,2.2999963449206007,external_inputs/apo2mol_aligned_1000/structures/CB1/sample_7_protein.pdb,42.0,0.0,0.0,5.128205128205129,1.0,1.0,ok,0.0
apo2mol,CB1,8,39,5.128205128205128,4,2.3451714303792643,external_inputs/apo2mol_aligned_1000/structures/CB1/sample_8_protein.pdb,45.0,0.0,0.0,0.0,0.0,1.0,ok,0.0
apo2mol,CB1,9,39,20.51282051282051,15,0.8433841471381017,external_inputs/apo2mol_aligned_1000/structures/CB1/sample_9_protein.pdb,44.0,0.0,0.0,0.0,0.0,1.0,ok,0.0
apo2mol,CB1,10,39,28.205128205128204,28,0.6192290528643002,external_inputs/apo2mol_aligned_1000/structures/CB1/sample_10_protein.pdb,40.0,0.0,0.0,0.0,0.0,1.0,ok,0.0
apo2mol,CB1,11,39,23.07692307692308,25,0.8435474926250747,external_inputs/apo2mol_aligned_1000/structures/CB1/sample_11_protein.pdb,42.0,0.0,0.0,5.128205128205129,1.0,1.0,ok,0.0
apo2mol,CB1,12,39,28.205128205128204,21,0.4654641610519843,external_inputs/apo2mol_aligned_1000/structures/CB1/sample_12_protein.pdb,38.0,0.0,0.0,12.82051282051282,5.0,2.0,ok,100.0
apo2mol,CB1,13,39,15.384615384615383,8,2.0111719672846173,external_inputs/apo2mol_aligned_1000/structures/CB1/sample_13_protein.pdb,43.0,0.0,0.0,5.128205128205129,1.0,1.0,ok,0.0
apo2mol,CB1,14,39,20.51282051282051,16,1.849422531025786,external_inputs/apo2mol_aligned_1000/structures/CB1/sample_14_protein.pdb,41.0,0.0,0.0,0.0,0.0,2.0,ok,100.0
apo2mol,CB1,15,39,17.94871794871795,14,1.0324440619301083,external_inputs/apo2mol_aligned_1000/structures/CB1/sample_15_protein.pdb,44.0,0.0,0.0,0.0,0.0,1.0,ok,0.0
apo2mol,CB1,16,39,30.76923076923077,39,0.6075921051508398,external_inputs/apo2mol_aligned_1000/structures/CB1/sample_16_protein.pdb,42.0,0.0,0.0,0.0,0.0,1.0,ok,0.0
apo2mol,CB1,17,39,30.76923076923077,30,0.4634329109298789,external_inputs/apo2mol_aligned_1000/structures/CB1/sample_17_protein.pdb,43.0,0.0,0.0,0.0,0.0,1.0,ok,0.0
apo2mol,CB1,18,39,30.76923076923077,35,0.7803365896169095,external_inputs/apo2mol_aligned_1000/structures/CB1/sample_18_protein.pdb,40.0,0.0,0.0,0.0,0.0,1.0,ok,0.0
apo2mol,CB1,19,39,0.0,0,2.5678154655893453,external_inputs/apo2mol_aligned_1000/structures/CB1/sample_19_protein.pdb,42.0,0.0,0.0,0.0,0.0,1.0,ok,0.0
apo2mol,CB1,20,39,17.94871794871795,13,1.4344535144252095,external_inputs/apo2mol_aligned_1000/structures/CB1/sample_20_protein.pdb,40.0,0.0,0.0,0.0,0.0,2.0,ok,100.0
apo2mol,CB1,21,39,15.384615384615383,19,1.2659017272893736,external_inputs/apo2mol_aligned_1000/structures/CB1/sample_21_protein.pdb,40.0,0.0,0.0,0.0,0.0,1.0,ok,0.0
apo2mol,CB1,22,39,12.82051282051282,5,2.1932549680491222,external_inputs/apo2mol_aligned_1000/structures/CB1/sample_22_protein.pdb,44.0,0.0,0.0,0.0,0.0,1.0,ok,0.0
apo2mol,CB1,23,39,10.256410256410255,4,2.222592033800716,external_inputs/apo2mol_aligned_1000/structures/CB1/sample_23_protein.pdb,43.0,0.0,0.0,0.0,0.0,1.0,ok,0.0
apo2mol,CB1,24,39,23.07692307692308,23,1.0522921759598725,external_inputs/apo2mol_aligned_1000/structures/CB1/sample_24_protein.pdb,42.0,0.0,0.0,0.0,0.0,1.0,ok,0.0
apo2mol,CB1,25,39,10.256410256410255,17,1.0585630333983542,external_inputs/apo2mol_aligned_1000/structures/CB1/sample_25_protein.pdb,43.0,0.0,0.0,5.128205128205129,1.0,1.0,ok,0.0
apo2mol,CB1,26,39,15.384615384615383,9,1.5507005742495856,external_inputs/apo2mol_aligned_1000/structures/CB1/sample_26_protein.pdb,44.0,0.0,0.0,0.0,0.0,1.0,ok,0.0
apo2mol,CB1,27,39,10.256410256410255,7,1.7818832779835978,external_inputs/apo2mol_aligned_1000/structures/CB1/sample_27_protein.pdb,42.0,0.0,0.0,0.0,0.0,1.0,ok,0.0
apo2mol,CB1,28,39,28.205128205128204,27,0.7651317531168068,external_inputs/apo2mol_aligned_1000/structures/CB1/sample_28_protein.pdb,39.0,0.0,0.0,0.0,0.0,2.0,ok,100.0
apo2mol,CB1,29,39,35.8974358974359,39,0.4904194223079197,external_inputs/apo2mol_aligned_1000/structures/CB1/sample_29_protein.pdb,42.0,0.0,0.0,5.128205128205129,1.0,1.0,ok,0.0
molgen_ns1.0,CB1,0,46,4.3478260869565215,12,2.1838099734180254,external_inputs/rescore/structures/molgen_ns1.0/CB1/0.pdb,49.0,1.0,2.0408163265306123,0.0,0.0,1.0,ok,100.0
molgen_ns1.0,CB1,1,40,0.0,0,2.8647574068322155,external_inputs/rescore/structures/molgen_ns1.0/CB1/1.pdb,42.0,0.0,0.0,0.0,0.0,1.0,ok,0.0
molgen_ns1.0,CB1,2,55,0.0,0,2.590754523300102,external_inputs/rescore/structures/molgen_ns1.0/CB1/2.pdb,61.0,0.0,0.0,0.0,0.0,1.0,ok,0.0
molgen_ns1.0,CB1,3,40,0.0,0,3.256192561873462,external_inputs/rescore/structures/molgen_ns1.0/CB1/3.pdb,43.0,0.0,0.0,0.0,0.0,1.0,ok,0.0
molgen_ns1.0,CB1,4,43,0.0,0,2.835860539589364,external_inputs/rescore/structures/molgen_ns1.0/CB1/4.pdb,47.0,0.0,0.0,0.0,0.0,1.0,ok,0.0
molgen_ns1.0,CB1,5,55,0.0,0,2.652157800735088,external_inputs/rescore/structures/molgen_ns1.0/CB1/5.pdb,60.0,0.0,0.0,0.0,0.0,1.0,ok,0.0
molgen_ns1.0,CB1,6,41,0.0,0,2.872738240773073,external_inputs/rescore/structures/molgen_ns1.0/CB1/6.pdb,44.0,0.0,0.0,0.0,0.0,1.0,ok,0.0
molgen_ns1.0,CB1,7,44,0.0,0,2.907013243863869,external_inputs/rescore/structures/molgen_ns1.0/CB1/7.pdb,47.0,0.0,0.0,0.0,0.0,1.0,ok,0.0
molgen_ns1.0,CB1,8,45,0.0,0,2.7457161178825378,external_inputs/rescore/structures/molgen_ns1.0/CB1/8.pdb,48.0,0.0,0.0,0.0,0.0,1.0,ok,0.0
molgen_ns1.0,CB1,9,53,0.0,0,2.7435221887201946,external_inputs/rescore/structures/molgen_ns1.0/CB1/9.pdb,59.0,0.0,0.0,0.0,0.0,1.0,ok,0.0
molgen_ns1.0,CB1,10,52,0.0,0,3.2332574905194225,external_inputs/rescore/structures/molgen_ns1.0/CB1/10.pdb,58.0,0.0,0.0,0.0,0.0,1.0,ok,0.0
molgen_ns1.0,CB1,11,39,0.0,0,2.855204020731269,external_inputs/rescore/structures/molgen_ns1.0/CB1/11.pdb,41.0,0.0,0.0,0.0,0.0,1.0,ok,0.0
molgen_ns1.0,CB1,12,49,0.0,0,3.2167912583815523,external_inputs/rescore/structures/molgen_ns1.0/CB1/12.pdb,53.0,0.0,0.0,0.0,0.0,1.0,ok,0.0
molgen_ns1.0,CB1,13,42,0.0,0,3.1070379785255366,external_inputs/rescore/structures/molgen_ns1.0/CB1/13.pdb,45.0,0.0,0.0,0.0,0.0,1.0,ok,0.0
molgen_ns1.0,CB1,14,43,0.0,0,3.5151211927897843,external_inputs/rescore/structures/molgen_ns1.0/CB1/14.pdb,46.0,0.0,0.0,0.0,0.0,1.0,ok,0.0
molgen_ns1.0,CB1,15,40,0.0,0,3.068841149359159,external_inputs/rescore/structures/molgen_ns1.0/CB1/15.pdb,43.0,0.0,0.0,0.0,0.0,1.0,ok,0.0
molgen_ns1.0,CB1,16,46,0.0,0,3.0857172585964547,external_inputs/rescore/structures/molgen_ns1.0/CB1/16.pdb,49.0,0.0,0.0,0.0,0.0,1.0,ok,0.0
molgen_ns1.0,CB1,17,45,0.0,0,2.89468944793737,external_inputs/rescore/structures/molgen_ns1.0/CB1/17.pdb,47.0,0.0,0.0,0.0,0.0,1.0,ok,0.0
molgen_ns1.0,CB1,18,37,0.0,0,3.3060703259307607,external_inputs/rescore/structures/molgen_ns1.0/CB1/18.pdb,38.0,0.0,0.0,0.0,0.0,1.0,ok,0.0
molgen_ns1.0,CB1,19,45,0.0,0,3.168499487139006,external_inputs/rescore/structures/molgen_ns1.0/CB1/19.pdb,47.0,0.0,0.0,0.0,0.0,1.0,ok,0.0
molgen_ns1.0,CB1,20,45,0.0,0,2.74558882573485,external_inputs/rescore/structures/molgen_ns1.0/CB1/20.pdb,49.0,0.0,0.0,0.0,0.0,1.0,ok,0.0
molgen_ns1.0,CB1,21,43,0.0,0,2.696338443148432,external_inputs/rescore/structures/molgen_ns1.0/CB1/21.pdb,45.0,2.0,4.444444444444445,20.930232558139537,10.0,1.0,ok,100.0
molgen_ns1.0,CB1,22,38,0.0,0,3.0735648683572583,external_inputs/rescore/structures/molgen_ns1.0/CB1/22.pdb,40.0,0.0,0.0,0.0,0.0,1.0,ok,0.0
molgen_ns1.0,CB1,23,45,0.0,0,3.219481169381188,external_inputs/rescore/structures/molgen_ns1.0/CB1/23.pdb,49.0,0.0,0.0,0.0,0.0,1.0,ok,0.0
molgen_ns1.0,CB1,24,39,0.0,0,3.1229324360286763,external_inputs/rescore/structures/molgen_ns1.0/CB1/24.pdb,42.0,0.0,0.0,0.0,0.0,1.0,ok,0.0
molgen_ns1.0,CB1,25,43,0.0,0,2.902876159948945,external_inputs/rescore/structures/molgen_ns1.0/CB1/25.pdb,46.0,0.0,0.0,0.0,0.0,1.0,ok,0.0
molgen_ns1.0,CB1,26,41,0.0,0,2.9444561467272687,external_inputs/rescore/structures/molgen_ns1.0/CB1/26.pdb,44.0,0.0,0.0,0.0,0.0,1.0,ok,0.0
molgen_ns1.0,CB1,27,50,0.0,0,3.152955121786542,external_inputs/rescore/structures/molgen_ns1.0/CB1/27.pdb,54.0,0.0,0.0,0.0,0.0,1.0,ok,0.0
molgen_ns1.0,CB1,28,47,0.0,0,2.7380659232385085,external_inputs/rescore/structures/molgen_ns1.0/CB1/28.pdb,49.0,0.0,0.0,0.0,0.0,1.0,ok,0.0
molgen_ns1.0,CB1,29,40,0.0,0,3.155289368663364,external_inputs/rescore/structures/molgen_ns1.0/CB1/29.pdb,42.0,0.0,0.0,0.0,0.0,1.0,ok,0.0
apo2mol,KRAS,0,41,7.317073170731707,3,2.138040359050127,external_inputs/apo2mol_aligned_1000/structures/KRAS/sample_0_protein.pdb,46.0,0.0,0.0,0.0,0.0,3.0,ok,100.0
apo2mol,KRAS,1,41,12.195121951219512,6,1.215210563881992,external_inputs/apo2mol_aligned_1000/structures/KRAS/sample_1_protein.pdb,46.0,0.0,0.0,0.0,0.0,1.0,ok,0.0
apo2mol,KRAS,2,41,17.073170731707318,13,0.4244152298404312,external_inputs/apo2mol_aligned_1000/structures/KRAS/sample_2_protein.pdb,44.0,0.0,0.0,0.0,0.0,1.0,ok,0.0
apo2mol,KRAS,3,41,9.75609756097561,5,1.5849960609231577,external_inputs/apo2mol_aligned_1000/structures/KRAS/sample_3_protein.pdb,,,,,,,unparseable,
apo2mol,KRAS,4,41,14.634146341463412,8,0.7310990656760967,external_inputs/apo2mol_aligned_1000/structures/KRAS/sample_4_protein.pdb,46.0,0.0,0.0,0.0,0.0,1.0,ok,0.0
apo2mol,KRAS,5,41,12.195121951219512,6,1.235709049651673,external_inputs/apo2mol_aligned_1000/structures/KRAS/sample_5_protein.pdb,44.0,0.0,0.0,0.0,0.0,1.0,ok,0.0
apo2mol,KRAS,6,41,14.634146341463412,9,0.8437910809858187,external_inputs/apo2mol_aligned_1000/structures/KRAS/sample_6_protein.pdb,46.0,0.0,0.0,0.0,0.0,1.0,ok,0.0
apo2mol,KRAS,7,41,0.0,0,2.6775270058279244,external_inputs/apo2mol_aligned_1000/structures/KRAS/sample_7_protein.pdb,,,,,,,unparseable,
apo2mol,KRAS,8,41,2.4390243902439024,2,1.315476114386082,external_inputs/apo2mol_aligned_1000/structures/KRAS/sample_8_protein.pdb,,,,,,,unparseable,
apo2mol,KRAS,9,41,9.75609756097561,5,1.6046340995098225,external_inputs/apo2mol_aligned_1000/structures/KRAS/sample_9_protein.pdb,45.0,0.0,0.0,0.0,0.0,1.0,ok,0.0
apo2mol,KRAS,10,41,9.75609756097561,6,1.0479245550813543,external_inputs/apo2mol_aligned_1000/structures/KRAS/sample_10_protein.pdb,44.0,0.0,0.0,0.0,0.0,1.0,ok,0.0
apo2mol,KRAS,11,41,4.878048780487805,2,2.285256217525662,external_inputs/apo2mol_aligned_1000/structures/KRAS/sample_11_protein.pdb,44.0,0.0,0.0,0.0,0.0,1.0,ok,0.0
apo2mol,KRAS,12,41,2.4390243902439024,1,1.5603926477440662,external_inputs/apo2mol_aligned_1000/structures/KRAS/sample_12_protein.pdb,,,,,,,unparseable,
apo2mol,KRAS,13,41,17.073170731707318,9,1.25416132286185,external_inputs/apo2mol_aligned_1000/structures/KRAS/sample_13_protein.pdb,,,,,,,unparseable,
apo2mol,KRAS,14,41,12.195121951219512,10,0.8696576277490435,external_inputs/apo2mol_aligned_1000/structures/KRAS/sample_14_protein.pdb,45.0,0.0,0.0,0.0,0.0,1.0,ok,0.0
apo2mol,KRAS,15,41,0.0,0,2.796419415739273,external_inputs/apo2mol_aligned_1000/structures/KRAS/sample_15_protein.pdb,48.0,0.0,0.0,0.0,0.0,1.0,ok,0.0
apo2mol,KRAS,16,41,9.75609756097561,7,0.6057727340385227,external_inputs/apo2mol_aligned_1000/structures/KRAS/sample_16_protein.pdb,44.0,0.0,0.0,0.0,0.0,2.0,ok,100.0
apo2mol,KRAS,17,41,9.75609756097561,4,1.6506765527458171,external_inputs/apo2mol_aligned_1000/structures/KRAS/sample_17_protein.pdb,45.0,0.0,0.0,0.0,0.0,1.0,ok,0.0
apo2mol,KRAS,18,41,9.75609756097561,5,1.3806591033656153,external_inputs/apo2mol_aligned_1000/structures/KRAS/sample_18_protein.pdb,,,,,,,unparseable,
apo2mol,KRAS,19,41,0.0,0,2.834820860080562,external_inputs/apo2mol_aligned_1000/structures/KRAS/sample_19_protein.pdb,43.0,0.0,0.0,0.0,0.0,1.0,ok,0.0
apo2mol,KRAS,20,41,4.878048780487805,2,1.732973621748144,external_inputs/apo2mol_aligned_1000/structures/KRAS/sample_20_protein.pdb,,,,,,,unparseable,
apo2mol,KRAS,21,41,7.317073170731707,6,1.1531564468132456,external_inputs/apo2mol_aligned_1000/structures/KRAS/sample_21_protein.pdb,47.0,0.0,0.0,0.0,0.0,1.0,ok,0.0
apo2mol,KRAS,22,41,17.073170731707318,13,0.799333277944575,external_inputs/apo2mol_aligned_1000/structures/KRAS/sample_22_protein.pdb,45.0,0.0,0.0,0.0,0.0,1.0,ok,0.0
apo2mol,KRAS,23,41,17.073170731707318,7,1.6012171812853375,external_inputs/apo2mol_aligned_1000/structures/KRAS/sample_23_protein.pdb,,,,,,,unparseable,
apo2mol,KRAS,24,41,19.51219512195122,12,1.115612650019008,external_inputs/apo2mol_aligned_1000/structures/KRAS/sample_24_protein.pdb,,,,,,,unparseable,
apo2mol,KRAS,25,41,0.0,0,2.5087014416184266,external_inputs/apo2mol_aligned_1000/structures/KRAS/sample_25_protein.pdb,46.0,0.0,0.0,0.0,0.0,1.0,ok,0.0
apo2mol,KRAS,26,41,2.4390243902439024,1,2.279390346768769,external_inputs/apo2mol_aligned_1000/structures/KRAS/sample_26_protein.pdb,42.0,0.0,0.0,4.878048780487805,1.0,2.0,ok,100.0
apo2mol,KRAS,27,41,4.878048780487805,2,2.500458204684627,external_inputs/apo2mol_aligned_1000/structures/KRAS/sample_27_protein.pdb,46.0,0.0,0.0,0.0,0.0,1.0,ok,0.0
apo2mol,KRAS,28,41,12.195121951219512,9,0.8412199023054446,external_inputs/apo2mol_aligned_1000/structures/KRAS/sample_28_protein.pdb,45.0,0.0,0.0,0.0,0.0,1.0,ok,0.0
apo2mol,KRAS,29,41,17.073170731707318,10,0.8789952920672688,external_inputs/apo2mol_aligned_1000/structures/KRAS/sample_29_protein.pdb,48.0,0.0,0.0,0.0,0.0,1.0,ok,0.0
molgen_ns1.0,KRAS,0,42,0.0,0,2.984571996116026,external_inputs/rescore/structures/molgen_ns1.0/KRAS/0.pdb,46.0,0.0,0.0,0.0,0.0,1.0,ok,0.0
molgen_ns1.0,KRAS,1,26,0.0,0,2.8005060257032124,external_inputs/rescore/structures/molgen_ns1.0/KRAS/1.pdb,27.0,0.0,0.0,0.0,0.0,1.0,ok,0.0
molgen_ns1.0,KRAS,2,38,0.0,0,2.87552447390037,external_inputs/rescore/structures/molgen_ns1.0/KRAS/2.pdb,41.0,0.0,0.0,0.0,0.0,1.0,ok,0.0
molgen_ns1.0,KRAS,3,25,0.0,0,3.037692545337661,external_inputs/rescore/structures/molgen_ns1.0/KRAS/3.pdb,25.0,0.0,0.0,0.0,0.0,1.0,ok,0.0
molgen_ns1.0,KRAS,4,26,0.0,0,2.826591763944698,external_inputs/rescore/structures/molgen_ns1.0/KRAS/4.pdb,26.0,0.0,0.0,0.0,0.0,1.0,ok,0.0
molgen_ns1.0,KRAS,5,34,0.0,0,2.8607820609057235,external_inputs/rescore/structures/molgen_ns1.0/KRAS/5.pdb,36.0,0.0,0.0,0.0,0.0,1.0,ok,0.0
molgen_ns1.0,KRAS,6,26,0.0,0,2.916554302597502,external_inputs/rescore/structures/molgen_ns1.0/KRAS/6.pdb,27.0,0.0,0.0,0.0,0.0,1.0,ok,0.0
molgen_ns1.0,KRAS,7,22,0.0,0,2.920524096801805,external_inputs/rescore/structures/molgen_ns1.0/KRAS/7.pdb,21.0,0.0,0.0,0.0,0.0,1.0,ok,0.0
molgen_ns1.0,KRAS,8,35,0.0,0,3.14675674306102,external_inputs/rescore/structures/molgen_ns1.0/KRAS/8.pdb,38.0,0.0,0.0,0.0,0.0,1.0,ok,0.0
molgen_ns1.0,KRAS,9,25,0.0,0,3.241119713926037,external_inputs/rescore/structures/molgen_ns1.0/KRAS/9.pdb,25.0,0.0,0.0,0.0,0.0,1.0,ok,0.0
molgen_ns1.0,KRAS,10,28,0.0,0,3.2907786312664657,external_inputs/rescore/structures/molgen_ns1.0/KRAS/10.pdb,30.0,0.0,0.0,0.0,0.0,1.0,ok,0.0
molgen_ns1.0,KRAS,11,34,0.0,0,2.88187248156472,external_inputs/rescore/structures/molgen_ns1.0/KRAS/11.pdb,37.0,0.0,0.0,0.0,0.0,1.0,ok,0.0
molgen_ns1.0,KRAS,12,33,0.0,0,2.910354789368472,external_inputs/rescore/structures/molgen_ns1.0/KRAS/12.pdb,36.0,0.0,0.0,0.0,0.0,1.0,ok,0.0
molgen_ns1.0,KRAS,13,31,0.0,0,2.902365586896316,external_inputs/rescore/structures/molgen_ns1.0/KRAS/13.pdb,33.0,0.0,0.0,0.0,0.0,1.0,ok,0.0
molgen_ns1.0,KRAS,14,20,0.0,0,3.41464463744033,external_inputs/rescore/structures/molgen_ns1.0/KRAS/14.pdb,19.0,0.0,0.0,0.0,0.0,1.0,ok,0.0
molgen_ns1.0,KRAS,15,35,0.0,0,2.933538818560273,external_inputs/rescore/structures/molgen_ns1.0/KRAS/15.pdb,37.0,0.0,0.0,0.0,0.0,1.0,ok,0.0
molgen_ns1.0,KRAS,16,37,0.0,0,2.82258268257991,external_inputs/rescore/structures/molgen_ns1.0/KRAS/16.pdb,40.0,0.0,0.0,0.0,0.0,1.0,ok,0.0
molgen_ns1.0,KRAS,17,20,0.0,0,3.4290380575315877,external_inputs/rescore/structures/molgen_ns1.0/KRAS/17.pdb,19.0,0.0,0.0,0.0,0.0,1.0,ok,0.0
molgen_ns1.0,KRAS,18,26,0.0,0,2.906231064454442,external_inputs/rescore/structures/molgen_ns1.0/KRAS/18.pdb,27.0,0.0,0.0,0.0,0.0,1.0,ok,0.0
molgen_ns1.0,KRAS,19,27,0.0,0,2.8721988092748734,external_inputs/rescore/structures/molgen_ns1.0/KRAS/19.pdb,27.0,0.0,0.0,0.0,0.0,1.0,ok,0.0
molgen_ns1.0,KRAS,20,29,0.0,0,2.812027382512482,external_inputs/rescore/structures/molgen_ns1.0/KRAS/20.pdb,30.0,0.0,0.0,0.0,0.0,1.0,ok,0.0
molgen_ns1.0,KRAS,21,25,0.0,0,3.2859525255243724,external_inputs/rescore/structures/molgen_ns1.0/KRAS/21.pdb,25.0,0.0,0.0,0.0,0.0,1.0,ok,0.0
molgen_ns1.0,KRAS,22,28,0.0,0,2.7018610252934923,external_inputs/rescore/structures/molgen_ns1.0/KRAS/22.pdb,28.0,0.0,0.0,0.0,0.0,1.0,ok,0.0
molgen_ns1.0,KRAS,23,25,0.0,0,3.360075743193894,external_inputs/rescore/structures/molgen_ns1.0/KRAS/23.pdb,26.0,0.0,0.0,0.0,0.0,1.0,ok,0.0
molgen_ns1.0,KRAS,24,30,0.0,0,2.792760999441234,external_inputs/rescore/structures/molgen_ns1.0/KRAS/24.pdb,31.0,0.0,0.0,0.0,0.0,1.0,ok,0.0
molgen_ns1.0,KRAS,25,25,0.0,0,3.1368342321519,external_inputs/rescore/structures/molgen_ns1.0/KRAS/25.pdb,26.0,0.0,0.0,0.0,0.0,1.0,ok,0.0
molgen_ns1.0,KRAS,26,28,0.0,0,2.758855016125349,external_inputs/rescore/structures/molgen_ns1.0/KRAS/26.pdb,28.0,0.0,0.0,0.0,0.0,1.0,ok,0.0
molgen_ns1.0,KRAS,27,28,0.0,0,2.807333432280533,external_inputs/rescore/structures/molgen_ns1.0/KRAS/27.pdb,29.0,0.0,0.0,0.0,0.0,1.0,ok,0.0
molgen_ns1.0,KRAS,29,32,0.0,0,2.8323285473263864,external_inputs/rescore/structures/molgen_ns1.0/KRAS/29.pdb,34.0,0.0,0.0,0.0,0.0,1.0,ok,0.0
apo2mol,cAbl,0,29,31.03448275862069,20,0.7314738409310363,external_inputs/apo2mol_aligned_1000/structures/cAbl/sample_0_protein.pdb,31.0,0.0,0.0,0.0,0.0,2.0,ok,100.0
apo2mol,cAbl,1,29,10.344827586206897,8,0.7946223928113433,external_inputs/apo2mol_aligned_1000/structures/cAbl/sample_1_protein.pdb,31.0,0.0,0.0,0.0,0.0,1.0,ok,0.0
apo2mol,cAbl,2,29,20.689655172413797,10,1.397582295868622,external_inputs/apo2mol_aligned_1000/structures/cAbl/sample_2_protein.pdb,33.0,0.0,0.0,0.0,0.0,1.0,ok,0.0
apo2mol,cAbl,3,29,10.344827586206897,4,1.786612127676341,external_inputs/apo2mol_aligned_1000/structures/cAbl/sample_3_protein.pdb,30.0,0.0,0.0,0.0,0.0,2.0,ok,100.0
apo2mol,cAbl,4,29,17.24137931034483,9,0.7892855568694017,external_inputs/apo2mol_aligned_1000/structures/cAbl/sample_4_protein.pdb,32.0,0.0,0.0,0.0,0.0,1.0,ok,0.0
apo2mol,cAbl,5,29,27.58620689655172,14,0.4379866760951006,external_inputs/apo2mol_aligned_1000/structures/cAbl/sample_5_protein.pdb,30.0,1.0,3.333333333333333,0.0,0.0,1.0,ok,100.0
apo2mol,cAbl,6,29,17.24137931034483,11,1.0339249497263854,external_inputs/apo2mol_aligned_1000/structures/cAbl/sample_6_protein.pdb,30.0,0.0,0.0,0.0,0.0,1.0,ok,0.0
apo2mol,cAbl,7,29,24.13793103448276,17,0.6551371743246898,external_inputs/apo2mol_aligned_1000/structures/cAbl/sample_7_protein.pdb,31.0,0.0,0.0,0.0,0.0,1.0,ok,0.0
apo2mol,cAbl,8,29,6.896551724137931,2,1.94416145492546,external_inputs/apo2mol_aligned_1000/structures/cAbl/sample_8_protein.pdb,31.0,0.0,0.0,6.896551724137931,1.0,1.0,ok,0.0
apo2mol,cAbl,9,29,17.24137931034483,10,1.2087550994510992,external_inputs/apo2mol_aligned_1000/structures/cAbl/sample_9_protein.pdb,30.0,0.0,0.0,0.0,0.0,2.0,ok,100.0
apo2mol,cAbl,10,29,13.79310344827586,7,0.9945082440080308,external_inputs/apo2mol_aligned_1000/structures/cAbl/sample_10_protein.pdb,33.0,0.0,0.0,0.0,0.0,1.0,ok,0.0
apo2mol,cAbl,11,29,34.48275862068966,14,0.8657211441331676,external_inputs/apo2mol_aligned_1000/structures/cAbl/sample_11_protein.pdb,29.0,0.0,0.0,6.896551724137931,1.0,1.0,ok,0.0
apo2mol,cAbl,12,29,13.79310344827586,6,0.9002408420533409,external_inputs/apo2mol_aligned_1000/structures/cAbl/sample_12_protein.pdb,31.0,0.0,0.0,0.0,0.0,1.0,ok,0.0
apo2mol,cAbl,13,29,17.24137931034483,6,1.7823988671658406,external_inputs/apo2mol_aligned_1000/structures/cAbl/sample_13_protein.pdb,33.0,0.0,0.0,0.0,0.0,1.0,ok,0.0
apo2mol,cAbl,14,29,13.79310344827586,6,1.082435935443968,external_inputs/apo2mol_aligned_1000/structures/cAbl/sample_14_protein.pdb,31.0,0.0,0.0,0.0,0.0,1.0,ok,0.0
apo2mol,cAbl,15,29,13.79310344827586,5,1.7679525644529688,external_inputs/apo2mol_aligned_1000/structures/cAbl/sample_15_protein.pdb,31.0,0.0,0.0,0.0,0.0,1.0,ok,0.0
apo2mol,cAbl,16,29,20.689655172413797,7,0.9972579145420052,external_inputs/apo2mol_aligned_1000/structures/cAbl/sample_16_protein.pdb,30.0,0.0,0.0,0.0,0.0,2.0,ok,100.0
apo2mol,cAbl,17,29,6.896551724137931,4,1.2814476585249697,external_inputs/apo2mol_aligned_1000/structures/cAbl/sample_17_protein.pdb,33.0,0.0,0.0,0.0,0.0,1.0,ok,0.0
apo2mol,cAbl,18,29,10.344827586206897,3,1.6779195572205678,external_inputs/apo2mol_aligned_1000/structures/cAbl/sample_18_protein.pdb,32.0,0.0,0.0,0.0,0.0,1.0,ok,0.0
apo2mol,cAbl,19,29,41.37931034482759,31,0.5473759727165722,external_inputs/apo2mol_aligned_1000/structures/cAbl/sample_19_protein.pdb,30.0,0.0,0.0,0.0,0.0,1.0,ok,0.0
apo2mol,cAbl,20,29,17.24137931034483,6,1.83798845661843,external_inputs/apo2mol_aligned_1000/structures/cAbl/sample_20_protein.pdb,30.0,0.0,0.0,0.0,0.0,1.0,ok,0.0
apo2mol,cAbl,21,29,24.13793103448276,11,1.4857015610144353,external_inputs/apo2mol_aligned_1000/structures/cAbl/sample_21_protein.pdb,29.0,0.0,0.0,0.0,0.0,1.0,ok,0.0
apo2mol,cAbl,22,29,6.896551724137931,4,1.7311119962617325,external_inputs/apo2mol_aligned_1000/structures/cAbl/sample_22_protein.pdb,34.0,0.0,0.0,6.896551724137931,1.0,1.0,ok,0.0
apo2mol,cAbl,23,29,20.689655172413797,9,0.7275620675284307,external_inputs/apo2mol_aligned_1000/structures/cAbl/sample_23_protein.pdb,29.0,0.0,0.0,0.0,0.0,2.0,ok,100.0
apo2mol,cAbl,24,29,20.689655172413797,11,1.2949307468299542,external_inputs/apo2mol_aligned_1000/structures/cAbl/sample_24_protein.pdb,30.0,0.0,0.0,0.0,0.0,2.0,ok,100.0
apo2mol,cAbl,25,29,24.13793103448276,9,0.5357072893092749,external_inputs/apo2mol_aligned_1000/structures/cAbl/sample_25_protein.pdb,30.0,0.0,0.0,0.0,0.0,1.0,ok,0.0
apo2mol,cAbl,26,29,6.896551724137931,2,1.6638583182039326,external_inputs/apo2mol_aligned_1000/structures/cAbl/sample_26_protein.pdb,32.0,0.0,0.0,0.0,0.0,1.0,ok,0.0
apo2mol,cAbl,27,29,24.13793103448276,10,0.9832701101164136,external_inputs/apo2mol_aligned_1000/structures/cAbl/sample_27_protein.pdb,32.0,0.0,0.0,0.0,0.0,1.0,ok,0.0
apo2mol,cAbl,28,29,27.58620689655172,9,1.6220110118339195,external_inputs/apo2mol_aligned_1000/structures/cAbl/sample_28_protein.pdb,33.0,0.0,0.0,0.0,0.0,1.0,ok,0.0
apo2mol,cAbl,29,29,17.24137931034483,8,1.5986939429081626,external_inputs/apo2mol_aligned_1000/structures/cAbl/sample_29_protein.pdb,28.0,0.0,0.0,0.0,0.0,1.0,ok,0.0
molgen_ns1.0,cAbl,0,29,0.0,0,3.0304945141016173,external_inputs/rescore/structures/molgen_ns1.0/cAbl/0.pdb,32.0,0.0,0.0,0.0,0.0,1.0,ok,0.0
molgen_ns1.0,cAbl,1,31,0.0,0,2.648932237713904,external_inputs/rescore/structures/molgen_ns1.0/cAbl/1.pdb,34.0,0.0,0.0,0.0,0.0,1.0,ok,0.0
molgen_ns1.0,cAbl,2,27,0.0,0,3.181568795421531,external_inputs/rescore/structures/molgen_ns1.0/cAbl/2.pdb,30.0,0.0,0.0,0.0,0.0,1.0,ok,0.0
molgen_ns1.0,cAbl,3,27,0.0,0,3.2764795131360107,external_inputs/rescore/structures/molgen_ns1.0/cAbl/3.pdb,30.0,0.0,0.0,0.0,0.0,1.0,ok,0.0
molgen_ns1.0,cAbl,4,32,0.0,0,2.905514412285714,external_inputs/rescore/structures/molgen_ns1.0/cAbl/4.pdb,35.0,0.0,0.0,0.0,0.0,1.0,ok,0.0
molgen_ns1.0,cAbl,5,36,0.0,0,3.076596333612844,external_inputs/rescore/structures/molgen_ns1.0/cAbl/5.pdb,40.0,0.0,0.0,0.0,0.0,1.0,ok,0.0
molgen_ns1.0,cAbl,6,27,0.0,0,2.803261850059677,external_inputs/rescore/structures/molgen_ns1.0/cAbl/6.pdb,30.0,0.0,0.0,0.0,0.0,1.0,ok,0.0
molgen_ns1.0,cAbl,7,28,0.0,0,3.198386780863127,external_inputs/rescore/structures/molgen_ns1.0/cAbl/7.pdb,31.0,0.0,0.0,0.0,0.0,1.0,ok,0.0
molgen_ns1.0,cAbl,8,27,0.0,0,3.2392619529763254,external_inputs/rescore/structures/molgen_ns1.0/cAbl/8.pdb,29.0,0.0,0.0,0.0,0.0,1.0,ok,0.0
molgen_ns1.0,cAbl,9,26,0.0,0,2.623577900501528,external_inputs/rescore/structures/molgen_ns1.0/cAbl/9.pdb,28.0,0.0,0.0,0.0,0.0,1.0,ok,0.0
molgen_ns1.0,cAbl,10,25,0.0,0,3.05575735293233,external_inputs/rescore/structures/molgen_ns1.0/cAbl/10.pdb,27.0,0.0,0.0,0.0,0.0,1.0,ok,0.0
molgen_ns1.0,cAbl,11,27,0.0,0,3.108641664779009,external_inputs/rescore/structures/molgen_ns1.0/cAbl/11.pdb,30.0,0.0,0.0,0.0,0.0,1.0,ok,0.0
molgen_ns1.0,cAbl,12,24,0.0,0,2.9666454119088765,external_inputs/rescore/structures/molgen_ns1.0/cAbl/12.pdb,26.0,0.0,0.0,0.0,0.0,1.0,ok,0.0
molgen_ns1.0,cAbl,13,42,0.0,0,2.829695036571963,external_inputs/rescore/structures/molgen_ns1.0/cAbl/13.pdb,48.0,0.0,0.0,0.0,0.0,1.0,ok,0.0
molgen_ns1.0,cAbl,14,27,0.0,0,2.7089230332366405,external_inputs/rescore/structures/molgen_ns1.0/cAbl/14.pdb,28.0,0.0,0.0,0.0,0.0,1.0,ok,0.0
molgen_ns1.0,cAbl,15,26,0.0,0,2.8344331002865464,external_inputs/rescore/structures/molgen_ns1.0/cAbl/15.pdb,28.0,0.0,0.0,0.0,0.0,1.0,ok,0.0
molgen_ns1.0,cAbl,16,24,0.0,0,3.110932979027352,external_inputs/rescore/structures/molgen_ns1.0/cAbl/16.pdb,26.0,0.0,0.0,0.0,0.0,1.0,ok,0.0
molgen_ns1.0,cAbl,17,27,0.0,0,3.206959463417023,external_inputs/rescore/structures/molgen_ns1.0/cAbl/17.pdb,29.0,0.0,0.0,0.0,0.0,1.0,ok,0.0
molgen_ns1.0,cAbl,18,36,0.0,0,3.0461380467733234,external_inputs/rescore/structures/molgen_ns1.0/cAbl/18.pdb,39.0,0.0,0.0,0.0,0.0,1.0,ok,0.0
molgen_ns1.0,cAbl,19,25,0.0,0,3.1253591793584303,external_inputs/rescore/structures/molgen_ns1.0/cAbl/19.pdb,27.0,0.0,0.0,0.0,0.0,1.0,ok,0.0
molgen_ns1.0,cAbl,20,26,0.0,0,2.837629644615376,external_inputs/rescore/structures/molgen_ns1.0/cAbl/20.pdb,28.0,0.0,0.0,0.0,0.0,1.0,ok,0.0
molgen_ns1.0,cAbl,21,25,0.0,0,3.096477030433134,external_inputs/rescore/structures/molgen_ns1.0/cAbl/21.pdb,27.0,0.0,0.0,0.0,0.0,1.0,ok,0.0
molgen_ns1.0,cAbl,22,29,0.0,0,2.855387014049059,external_inputs/rescore/structures/molgen_ns1.0/cAbl/22.pdb,32.0,0.0,0.0,0.0,0.0,1.0,ok,0.0
molgen_ns1.0,cAbl,23,24,0.0,0,3.221859090649371,external_inputs/rescore/structures/molgen_ns1.0/cAbl/23.pdb,26.0,0.0,0.0,0.0,0.0,1.0,ok,0.0
molgen_ns1.0,cAbl,24,28,0.0,0,3.1598262610466428,external_inputs/rescore/structures/molgen_ns1.0/cAbl/24.pdb,31.0,0.0,0.0,0.0,0.0,1.0,ok,0.0
molgen_ns1.0,cAbl,25,34,0.0,0,3.0676906623712896,external_inputs/rescore/structures/molgen_ns1.0/cAbl/25.pdb,38.0,0.0,0.0,0.0,0.0,1.0,ok,0.0
molgen_ns1.0,cAbl,26,27,0.0,0,3.0362122784812,external_inputs/rescore/structures/molgen_ns1.0/cAbl/26.pdb,30.0,0.0,0.0,0.0,0.0,1.0,ok,0.0
molgen_ns1.0,cAbl,27,34,0.0,0,3.333686247984354,external_inputs/rescore/structures/molgen_ns1.0/cAbl/27.pdb,38.0,0.0,0.0,0.0,0.0,1.0,ok,0.0
molgen_ns1.0,cAbl,28,24,0.0,0,2.943118584087294,external_inputs/rescore/structures/molgen_ns1.0/cAbl/28.pdb,26.0,0.0,0.0,0.0,0.0,1.0,ok,0.0
molgen_ns1.0,cAbl,29,28,0.0,0,2.9454517480345874,external_inputs/rescore/structures/molgen_ns1.0/cAbl/29.pdb,31.0,0.0,0.0,0.0,0.0,1.0,ok,0.0
apo2mol,HIF2alpha,0,20,0.0,0,2.5523515484538266,external_inputs/apo2mol_aligned_1000/structures/HIF2alpha/sample_0_protein.pdb,19.0,0.0,0.0,0.0,0.0,1.0,ok,0.0
apo2mol,HIF2alpha,1,20,15.0,3,1.382938107559395,external_inputs/apo2mol_aligned_1000/structures/HIF2alpha/sample_1_protein.pdb,19.0,0.0,0.0,0.0,0.0,1.0,ok,0.0
apo2mol,HIF2alpha,2,20,0.0,0,2.91512944233438,external_inputs/apo2mol_aligned_1000/structures/HIF2alpha/sample_2_protein.pdb,20.0,0.0,0.0,0.0,0.0,1.0,ok,0.0
apo2mol,HIF2alpha,3,20,15.0,4,1.328418960526203,external_inputs/apo2mol_aligned_1000/structures/HIF2alpha/sample_3_protein.pdb,19.0,0.0,0.0,0.0,0.0,1.0,ok,0.0
apo2mol,HIF2alpha,4,20,0.0,0,2.6161518466665323,external_inputs/apo2mol_aligned_1000/structures/HIF2alpha/sample_4_protein.pdb,20.0,0.0,0.0,0.0,0.0,1.0,ok,0.0
apo2mol,HIF2alpha,5,20,5.0,1,2.492414810080747,external_inputs/apo2mol_aligned_1000/structures/HIF2alpha/sample_5_protein.pdb,21.0,0.0,0.0,0.0,0.0,1.0,ok,0.0
apo2mol,HIF2alpha,6,20,15.0,5,2.254350032356114,external_inputs/apo2mol_aligned_1000/structures/HIF2alpha/sample_6_protein.pdb,23.0,0.0,0.0,0.0,0.0,1.0,ok,0.0
apo2mol,HIF2alpha,7,20,0.0,0,2.7487242595362376,external_inputs/apo2mol_aligned_1000/structures/HIF2alpha/sample_7_protein.pdb,20.0,0.0,0.0,10.0,1.0,2.0,ok,100.0
apo2mol,HIF2alpha,8,20,0.0,0,2.7646406079661947,external_inputs/apo2mol_aligned_1000/structures/HIF2alpha/sample_8_protein.pdb,21.0,0.0,0.0,0.0,0.0,1.0,ok,0.0
apo2mol,HIF2alpha,9,20,15.0,3,2.2880782402419952,external_inputs/apo2mol_aligned_1000/structures/HIF2alpha/sample_9_protein.pdb,22.0,0.0,0.0,0.0,0.0,1.0,ok,0.0
apo2mol,HIF2alpha,10,20,10.0,2,2.1795770446503555,external_inputs/apo2mol_aligned_1000/structures/HIF2alpha/sample_10_protein.pdb,21.0,0.0,0.0,0.0,0.0,1.0,ok,0.0
apo2mol,HIF2alpha,11,20,0.0,0,2.875826542975329,external_inputs/apo2mol_aligned_1000/structures/HIF2alpha/sample_11_protein.pdb,22.0,0.0,0.0,0.0,0.0,1.0,ok,0.0
apo2mol,HIF2alpha,12,20,0.0,0,2.357251811884166,external_inputs/apo2mol_aligned_1000/structures/HIF2alpha/sample_12_protein.pdb,19.0,0.0,0.0,0.0,0.0,1.0,ok,0.0
apo2mol,HIF2alpha,13,20,10.0,3,1.6978764386162566,external_inputs/apo2mol_aligned_1000/structures/HIF2alpha/sample_13_protein.pdb,21.0,0.0,0.0,0.0,0.0,1.0,ok,0.0
apo2mol,HIF2alpha,14,20,5.0,1,2.223274867304656,external_inputs/apo2mol_aligned_1000/structures/HIF2alpha/sample_14_protein.pdb,20.0,0.0,0.0,0.0,0.0,1.0,ok,0.0
apo2mol,HIF2alpha,15,20,20.0,4,1.2020290542515355,external_inputs/apo2mol_aligned_1000/structures/HIF2alpha/sample_15_protein.pdb,20.0,0.0,0.0,0.0,0.0,1.0,ok,0.0
apo2mol,HIF2alpha,16,20,5.0,1,2.042050402071361,external_inputs/apo2mol_aligned_1000/structures/HIF2alpha/sample_16_protein.pdb,20.0,0.0,0.0,0.0,0.0,1.0,ok,0.0
apo2mol,HIF2alpha,17,20,10.0,4,1.9992819070771928,external_inputs/apo2mol_aligned_1000/structures/HIF2alpha/sample_17_protein.pdb,21.0,0.0,0.0,0.0,0.0,1.0,ok,0.0
apo2mol,HIF2alpha,18,20,15.0,3,2.1310473990466376,external_inputs/apo2mol_aligned_1000/structures/HIF2alpha/sample_18_protein.pdb,22.0,0.0,0.0,0.0,0.0,1.0,ok,0.0
apo2mol,HIF2alpha,19,20,25.0,5,1.8567982309608728,external_inputs/apo2mol_aligned_1000/structures/HIF2alpha/sample_19_protein.pdb,22.0,0.0,0.0,0.0,0.0,1.0,ok,0.0
apo2mol,HIF2alpha,20,20,15.0,4,1.212378804512813,external_inputs/apo2mol_aligned_1000/structures/HIF2alpha/sample_20_protein.pdb,21.0,0.0,0.0,0.0,0.0,1.0,ok,0.0
apo2mol,HIF2alpha,21,20,10.0,2,1.429542558304191,external_inputs/apo2mol_aligned_1000/structures/HIF2alpha/sample_21_protein.pdb,20.0,0.0,0.0,0.0,0.0,1.0,ok,0.0
apo2mol,HIF2alpha,22,20,5.0,1,2.3234778777164955,external_inputs/apo2mol_aligned_1000/structures/HIF2alpha/sample_22_protein.pdb,20.0,0.0,0.0,0.0,0.0,1.0,ok,0.0
apo2mol,HIF2alpha,23,20,5.0,3,1.5929507592571928,external_inputs/apo2mol_aligned_1000/structures/HIF2alpha/sample_23_protein.pdb,20.0,0.0,0.0,0.0,0.0,1.0,ok,0.0
apo2mol,HIF2alpha,24,20,0.0,0,2.6345311214751117,external_inputs/apo2mol_aligned_1000/structures/HIF2alpha/sample_24_protein.pdb,21.0,0.0,0.0,0.0,0.0,1.0,ok,0.0
apo2mol,HIF2alpha,25,20,25.0,8,1.340449686462138,external_inputs/apo2mol_aligned_1000/structures/HIF2alpha/sample_25_protein.pdb,19.0,0.0,0.0,0.0,0.0,1.0,ok,0.0
apo2mol,HIF2alpha,26,20,0.0,0,2.7735110129364555,external_inputs/apo2mol_aligned_1000/structures/HIF2alpha/sample_26_protein.pdb,21.0,0.0,0.0,10.0,1.0,1.0,ok,0.0
apo2mol,HIF2alpha,27,20,5.0,1,1.3851743643616938,external_inputs/apo2mol_aligned_1000/structures/HIF2alpha/sample_27_protein.pdb,21.0,0.0,0.0,0.0,0.0,1.0,ok,0.0
apo2mol,HIF2alpha,28,20,5.0,1,2.014155132273775,external_inputs/apo2mol_aligned_1000/structures/HIF2alpha/sample_28_protein.pdb,20.0,0.0,0.0,0.0,0.0,1.0,ok,0.0
apo2mol,HIF2alpha,29,20,0.0,0,2.812340208242757,external_inputs/apo2mol_aligned_1000/structures/HIF2alpha/sample_29_protein.pdb,22.0,0.0,0.0,0.0,0.0,1.0,ok,0.0
molgen_ns1.0,HIF2alpha,0,18,0.0,0,2.7997415952191043,external_inputs/rescore/structures/molgen_ns1.0/HIF2alpha/0.pdb,19.0,0.0,0.0,0.0,0.0,1.0,ok,0.0
molgen_ns1.0,HIF2alpha,1,27,0.0,0,2.731071950718253,external_inputs/rescore/structures/molgen_ns1.0/HIF2alpha/1.pdb,30.0,0.0,0.0,0.0,0.0,1.0,ok,0.0
molgen_ns1.0,HIF2alpha,2,22,0.0,0,2.777220552998993,external_inputs/rescore/structures/molgen_ns1.0/HIF2alpha/2.pdb,23.0,0.0,0.0,0.0,0.0,1.0,ok,0.0
molgen_ns1.0,HIF2alpha,3,23,0.0,0,2.8163992969747724,external_inputs/rescore/structures/molgen_ns1.0/HIF2alpha/3.pdb,25.0,0.0,0.0,0.0,0.0,1.0,ok,0.0
molgen_ns1.0,HIF2alpha,4,17,0.0,0,2.705985217993621,external_inputs/rescore/structures/molgen_ns1.0/HIF2alpha/4.pdb,18.0,0.0,0.0,0.0,0.0,1.0,ok,0.0
molgen_ns1.0,HIF2alpha,5,32,0.0,0,2.7883260211101577,external_inputs/rescore/structures/molgen_ns1.0/HIF2alpha/5.pdb,35.0,0.0,0.0,0.0,0.0,1.0,ok,0.0
molgen_ns1.0,HIF2alpha,6,23,0.0,0,2.7065620258918885,external_inputs/rescore/structures/molgen_ns1.0/HIF2alpha/6.pdb,25.0,0.0,0.0,0.0,0.0,1.0,ok,0.0
molgen_ns1.0,HIF2alpha,7,22,0.0,0,2.7395840925220765,external_inputs/rescore/structures/molgen_ns1.0/HIF2alpha/7.pdb,22.0,0.0,0.0,0.0,0.0,1.0,ok,0.0
molgen_ns1.0,HIF2alpha,8,21,0.0,0,2.7135742112571744,external_inputs/rescore/structures/molgen_ns1.0/HIF2alpha/8.pdb,21.0,0.0,0.0,0.0,0.0,1.0,ok,0.0
molgen_ns1.0,HIF2alpha,9,23,0.0,0,2.775732335798969,external_inputs/rescore/structures/molgen_ns1.0/HIF2alpha/9.pdb,25.0,0.0,0.0,0.0,0.0,1.0,ok,0.0
molgen_ns1.0,HIF2alpha,10,28,0.0,0,2.757815258497205,external_inputs/rescore/structures/molgen_ns1.0/HIF2alpha/10.pdb,31.0,0.0,0.0,0.0,0.0,1.0,ok,0.0
molgen_ns1.0,HIF2alpha,11,27,0.0,0,3.2005616694574104,external_inputs/rescore/structures/molgen_ns1.0/HIF2alpha/11.pdb,30.0,0.0,0.0,0.0,0.0,1.0,ok,0.0
molgen_ns1.0,HIF2alpha,12,19,0.0,0,2.647447261042229,external_inputs/rescore/structures/molgen_ns1.0/HIF2alpha/12.pdb,18.0,0.0,0.0,0.0,0.0,1.0,ok,0.0
molgen_ns1.0,HIF2alpha,13,25,0.0,0,2.905144746824158,external_inputs/rescore/structures/molgen_ns1.0/HIF2alpha/13.pdb,28.0,0.0,0.0,0.0,0.0,1.0,ok,0.0
molgen_ns1.0,HIF2alpha,14,24,0.0,0,3.3383531868272995,external_inputs/rescore/structures/molgen_ns1.0/HIF2alpha/14.pdb,26.0,0.0,0.0,0.0,0.0,1.0,ok,0.0
molgen_ns1.0,HIF2alpha,15,26,0.0,0,3.3560162395316238,external_inputs/rescore/structures/molgen_ns1.0/HIF2alpha/15.pdb,28.0,0.0,0.0,0.0,0.0,1.0,ok,0.0
molgen_ns1.0,HIF2alpha,16,22,0.0,0,2.8552703899981173,external_inputs/rescore/structures/molgen_ns1.0/HIF2alpha/16.pdb,23.0,0.0,0.0,0.0,0.0,1.0,ok,0.0
molgen_ns1.0,HIF2alpha,17,18,0.0,0,3.159724988032978,external_inputs/rescore/structures/molgen_ns1.0/HIF2alpha/17.pdb,18.0,0.0,0.0,0.0,0.0,1.0,ok,0.0
molgen_ns1.0,HIF2alpha,18,22,0.0,0,2.766642188646737,external_inputs/rescore/structures/molgen_ns1.0/HIF2alpha/18.pdb,23.0,0.0,0.0,0.0,0.0,1.0,ok,0.0
molgen_ns1.0,HIF2alpha,19,14,0.0,0,3.320937969911512,external_inputs/rescore/structures/molgen_ns1.0/HIF2alpha/19.pdb,13.0,0.0,0.0,0.0,0.0,1.0,ok,0.0
molgen_ns1.0,HIF2alpha,20,19,0.0,0,2.739324551782797,external_inputs/rescore/structures/molgen_ns1.0/HIF2alpha/20.pdb,19.0,0.0,0.0,0.0,0.0,1.0,ok,0.0
molgen_ns1.0,HIF2alpha,21,26,0.0,0,2.7932441712102425,external_inputs/rescore/structures/molgen_ns1.0/HIF2alpha/21.pdb,29.0,0.0,0.0,0.0,0.0,1.0,ok,0.0
molgen_ns1.0,HIF2alpha,22,27,0.0,0,2.685005772805713,external_inputs/rescore/structures/molgen_ns1.0/HIF2alpha/22.pdb,30.0,0.0,0.0,0.0,0.0,1.0,ok,0.0
molgen_ns1.0,HIF2alpha,23,17,0.0,0,2.858944735387512,external_inputs/rescore/structures/molgen_ns1.0/HIF2alpha/23.pdb,17.0,0.0,0.0,0.0,0.0,1.0,ok,0.0
molgen_ns1.0,HIF2alpha,24,16,0.0,0,3.197260858922837,external_inputs/rescore/structures/molgen_ns1.0/HIF2alpha/24.pdb,16.0,0.0,0.0,0.0,0.0,1.0,ok,0.0
molgen_ns1.0,HIF2alpha,25,25,0.0,0,3.200340294406207,external_inputs/rescore/structures/molgen_ns1.0/HIF2alpha/25.pdb,27.0,0.0,0.0,0.0,0.0,1.0,ok,0.0
molgen_ns1.0,HIF2alpha,26,17,0.0,0,3.0975101291198373,external_inputs/rescore/structures/molgen_ns1.0/HIF2alpha/26.pdb,17.0,0.0,0.0,0.0,0.0,1.0,ok,0.0
molgen_ns1.0,HIF2alpha,27,27,0.0,0,2.824249634858789,external_inputs/rescore/structures/molgen_ns1.0/HIF2alpha/27.pdb,29.0,0.0,0.0,0.0,0.0,1.0,ok,0.0
molgen_ns1.0,HIF2alpha,28,23,0.0,0,2.712797817752,external_inputs/rescore/structures/molgen_ns1.0/HIF2alpha/28.pdb,26.0,0.0,0.0,26.08695652173913,3.0,1.0,ok,0.0
molgen_ns1.0,HIF2alpha,29,22,0.0,0,2.946147484427761,external_inputs/rescore/structures/molgen_ns1.0/HIF2alpha/29.pdb,24.0,0.0,0.0,0.0,0.0,1.0,ok,0.0
apo2mol,HIV_RT,0,21,33.33333333333333,13,1.54899197300126,external_inputs/apo2mol_aligned_1000/structures/HIV_RT/sample_0_protein.pdb,24.0,0.0,0.0,0.0,0.0,1.0,ok,0.0
apo2mol,HIV_RT,1,21,42.85714285714285,14,1.9643395435977988,external_inputs/apo2mol_aligned_1000/structures/HIV_RT/sample_1_protein.pdb,24.0,0.0,0.0,0.0,0.0,1.0,ok,0.0
apo2mol,HIV_RT,2,21,9.523809523809524,3,1.7584465068067343,external_inputs/apo2mol_aligned_1000/structures/HIV_RT/sample_2_protein.pdb,23.0,0.0,0.0,0.0,0.0,1.0,ok,0.0
apo2mol,HIV_RT,3,21,33.33333333333333,14,2.098208869018389,external_inputs/apo2mol_aligned_1000/structures/HIV_RT/sample_3_protein.pdb,23.0,0.0,0.0,0.0,0.0,1.0,ok,0.0
apo2mol,HIV_RT,4,21,23.809523809523807,6,1.6239231102170395,external_inputs/apo2mol_aligned_1000/structures/HIV_RT/sample_4_protein.pdb,23.0,0.0,0.0,0.0,0.0,1.0,ok,0.0
apo2mol,HIV_RT,5,21,19.047619047619047,5,1.510302254843252,external_inputs/apo2mol_aligned_1000/structures/HIV_RT/sample_5_protein.pdb,22.0,0.0,0.0,0.0,0.0,1.0,ok,0.0
apo2mol,HIV_RT,6,21,14.285714285714285,8,1.1490103760770451,external_inputs/apo2mol_aligned_1000/structures/HIV_RT/sample_6_protein.pdb,23.0,0.0,0.0,0.0,0.0,1.0,ok,0.0
apo2mol,HIV_RT,7,21,23.809523809523807,14,1.05338446027686,external_inputs/apo2mol_aligned_1000/structures/HIV_RT/sample_7_protein.pdb,22.0,0.0,0.0,0.0,0.0,1.0,ok,0.0
apo2mol,HIV_RT,8,21,4.761904761904762,1,2.2969034455199164,external_inputs/apo2mol_aligned_1000/structures/HIV_RT/sample_8_protein.pdb,,,,,,,unparseable,
apo2mol,HIV_RT,9,21,19.047619047619047,10,1.6183405851977135,external_inputs/apo2mol_aligned_1000/structures/HIV_RT/sample_9_protein.pdb,24.0,0.0,0.0,0.0,0.0,1.0,ok,0.0
apo2mol,HIV_RT,10,21,47.61904761904761,23,0.8592512545592195,external_inputs/apo2mol_aligned_1000/structures/HIV_RT/sample_10_protein.pdb,23.0,0.0,0.0,0.0,0.0,1.0,ok,0.0
apo2mol,HIV_RT,11,21,33.33333333333333,16,0.7646207670497583,external_inputs/apo2mol_aligned_1000/structures/HIV_RT/sample_11_protein.pdb,20.0,0.0,0.0,9.523809523809524,1.0,3.0,ok,100.0
apo2mol,HIV_RT,12,21,28.57142857142857,14,1.2613784497991831,external_inputs/apo2mol_aligned_1000/structures/HIV_RT/sample_12_protein.pdb,22.0,0.0,0.0,0.0,0.0,1.0,ok,0.0
apo2mol,HIV_RT,13,21,38.095238095238095,26,0.8344407289079434,external_inputs/apo2mol_aligned_1000/structures/HIV_RT/sample_13_protein.pdb,23.0,0.0,0.0,0.0,0.0,1.0,ok,0.0
apo2mol,HIV_RT,14,21,47.61904761904761,27,0.6369729870182514,external_inputs/apo2mol_aligned_1000/structures/HIV_RT/sample_14_protein.pdb,22.0,0.0,0.0,0.0,0.0,1.0,ok,0.0
apo2mol,HIV_RT,15,21,42.85714285714285,14,1.3416406036964386,external_inputs/apo2mol_aligned_1000/structures/HIV_RT/sample_15_protein.pdb,22.0,0.0,0.0,0.0,0.0,1.0,ok,0.0
apo2mol,HIV_RT,16,21,47.61904761904761,27,0.4016092358498868,external_inputs/apo2mol_aligned_1000/structures/HIV_RT/sample_16_protein.pdb,24.0,0.0,0.0,0.0,0.0,1.0,ok,0.0
apo2mol,HIV_RT,17,21,23.809523809523807,10,1.472536502113667,external_inputs/apo2mol_aligned_1000/structures/HIV_RT/sample_17_protein.pdb,23.0,0.0,0.0,9.523809523809524,1.0,1.0,ok,0.0
apo2mol,HIV_RT,18,21,42.85714285714285,13,2.12440290045577,external_inputs/apo2mol_aligned_1000/structures/HIV_RT/sample_18_protein.pdb,23.0,0.0,0.0,0.0,0.0,1.0,ok,0.0
apo2mol,HIV_RT,19,21,19.047619047619047,5,1.7700168318087597,external_inputs/apo2mol_aligned_1000/structures/HIV_RT/sample_19_protein.pdb,23.0,0.0,0.0,0.0,0.0,1.0,ok,0.0
apo2mol,HIV_RT,20,21,47.61904761904761,27,0.4880399908283075,external_inputs/apo2mol_aligned_1000/structures/HIV_RT/sample_20_protein.pdb,22.0,0.0,0.0,0.0,0.0,1.0,ok,0.0
apo2mol,HIV_RT,21,21,38.095238095238095,20,0.5961139743914037,external_inputs/apo2mol_aligned_1000/structures/HIV_RT/sample_21_protein.pdb,23.0,0.0,0.0,0.0,0.0,1.0,ok,0.0
apo2mol,HIV_RT,22,21,23.809523809523807,12,1.3687543955352477,external_inputs/apo2mol_aligned_1000/structures/HIV_RT/sample_22_protein.pdb,24.0,0.0,0.0,0.0,0.0,1.0,ok,0.0
apo2mol,HIV_RT,23,21,57.14285714285714,38,0.3791796747746887,external_inputs/apo2mol_aligned_1000/structures/HIV_RT/sample_23_protein.pdb,23.0,0.0,0.0,0.0,0.0,1.0,ok,0.0
apo2mol,HIV_RT,24,21,14.285714285714285,3,1.8659252848925976,external_inputs/apo2mol_aligned_1000/structures/HIV_RT/sample_24_protein.pdb,22.0,0.0,0.0,0.0,0.0,1.0,ok,0.0
apo2mol,HIV_RT,25,21,0.0,0,2.7100254444760323,external_inputs/apo2mol_aligned_1000/structures/HIV_RT/sample_25_protein.pdb,22.0,0.0,0.0,0.0,0.0,1.0,ok,0.0
apo2mol,HIV_RT,26,21,9.523809523809524,2,2.3166330564870448,external_inputs/apo2mol_aligned_1000/structures/HIV_RT/sample_26_protein.pdb,23.0,0.0,0.0,0.0,0.0,1.0,ok,0.0
apo2mol,HIV_RT,27,21,23.809523809523807,20,0.6703920876960137,external_inputs/apo2mol_aligned_1000/structures/HIV_RT/sample_27_protein.pdb,23.0,0.0,0.0,0.0,0.0,1.0,ok,0.0
apo2mol,HIV_RT,28,21,14.285714285714285,4,1.2715948024229746,external_inputs/apo2mol_aligned_1000/structures/HIV_RT/sample_28_protein.pdb,23.0,0.0,0.0,0.0,0.0,1.0,ok,0.0
apo2mol,HIV_RT,29,21,0.0,0,2.7352282975927373,external_inputs/apo2mol_aligned_1000/structures/HIV_RT/sample_29_protein.pdb,24.0,0.0,0.0,0.0,0.0,1.0,ok,0.0
molgen_ns1.0,HIV_RT,0,25,0.0,0,3.3309309509505005,external_inputs/rescore/structures/molgen_ns1.0/HIV_RT/0.pdb,28.0,0.0,0.0,0.0,0.0,1.0,ok,0.0
molgen_ns1.0,HIV_RT,1,26,0.0,0,3.037471810568784,external_inputs/rescore/structures/molgen_ns1.0/HIV_RT/1.pdb,29.0,0.0,0.0,0.0,0.0,1.0,ok,0.0
molgen_ns1.0,HIV_RT,2,19,0.0,0,3.146320708383048,external_inputs/rescore/structures/molgen_ns1.0/HIV_RT/2.pdb,21.0,0.0,0.0,0.0,0.0,1.0,ok,0.0
molgen_ns1.0,HIV_RT,3,18,0.0,0,3.17349980305656,external_inputs/rescore/structures/molgen_ns1.0/HIV_RT/3.pdb,20.0,0.0,0.0,0.0,0.0,1.0,ok,0.0
molgen_ns1.0,HIV_RT,4,17,0.0,0,3.090006310673166,external_inputs/rescore/structures/molgen_ns1.0/HIV_RT/4.pdb,18.0,0.0,0.0,0.0,0.0,1.0,ok,0.0
molgen_ns1.0,HIV_RT,5,26,0.0,0,2.934431120336615,external_inputs/rescore/structures/molgen_ns1.0/HIV_RT/5.pdb,30.0,0.0,0.0,0.0,0.0,1.0,ok,0.0
molgen_ns1.0,HIV_RT,6,18,0.0,0,3.2863208912095003,external_inputs/rescore/structures/molgen_ns1.0/HIV_RT/6.pdb,20.0,0.0,0.0,0.0,0.0,1.0,ok,0.0
molgen_ns1.0,HIV_RT,7,24,25.0,20,2.186835842032957,external_inputs/rescore/structures/molgen_ns1.0/HIV_RT/7.pdb,26.0,4.0,15.384615384615383,0.0,0.0,1.0,ok,100.0
molgen_ns1.0,HIV_RT,8,23,0.0,0,3.3683659243021684,external_inputs/rescore/structures/molgen_ns1.0/HIV_RT/8.pdb,26.0,0.0,0.0,0.0,0.0,1.0,ok,0.0
molgen_ns1.0,HIV_RT,9,22,0.0,0,3.0854066182595776,external_inputs/rescore/structures/molgen_ns1.0/HIV_RT/9.pdb,24.0,0.0,0.0,0.0,0.0,1.0,ok,0.0
molgen_ns1.0,HIV_RT,10,21,0.0,0,3.2062018027566537,external_inputs/rescore/structures/molgen_ns1.0/HIV_RT/10.pdb,23.0,0.0,0.0,0.0,0.0,1.0,ok,0.0
molgen_ns1.0,HIV_RT,11,24,0.0,0,3.206604122744181,external_inputs/rescore/structures/molgen_ns1.0/HIV_RT/11.pdb,27.0,0.0,0.0,0.0,0.0,1.0,ok,0.0
molgen_ns1.0,HIV_RT,12,19,0.0,0,3.125412292802343,external_inputs/rescore/structures/molgen_ns1.0/HIV_RT/12.pdb,21.0,0.0,0.0,0.0,0.0,1.0,ok,0.0
molgen_ns1.0,HIV_RT,13,23,0.0,0,3.318026069819222,external_inputs/rescore/structures/molgen_ns1.0/HIV_RT/13.pdb,26.0,0.0,0.0,0.0,0.0,1.0,ok,0.0
molgen_ns1.0,HIV_RT,14,17,0.0,0,3.4680377737273886,external_inputs/rescore/structures/molgen_ns1.0/HIV_RT/14.pdb,18.0,0.0,0.0,0.0,0.0,1.0,ok,0.0
molgen_ns1.0,HIV_RT,15,19,0.0,0,3.333153761829778,external_inputs/rescore/structures/molgen_ns1.0/HIV_RT/15.pdb,21.0,0.0,0.0,0.0,0.0,1.0,ok,0.0
molgen_ns1.0,HIV_RT,16,14,0.0,0,3.2382271384200365,external_inputs/rescore/structures/molgen_ns1.0/HIV_RT/16.pdb,15.0,0.0,0.0,0.0,0.0,1.0,ok,0.0
molgen_ns1.0,HIV_RT,17,19,0.0,0,3.0770402987286336,external_inputs/rescore/structures/molgen_ns1.0/HIV_RT/17.pdb,21.0,0.0,0.0,0.0,0.0,1.0,ok,0.0
molgen_ns1.0,HIV_RT,18,20,0.0,0,2.8947112118482545,external_inputs/rescore/structures/molgen_ns1.0/HIV_RT/18.pdb,22.0,0.0,0.0,0.0,0.0,1.0,ok,0.0
molgen_ns1.0,HIV_RT,19,20,0.0,0,3.2215136194031517,external_inputs/rescore/structures/molgen_ns1.0/HIV_RT/19.pdb,22.0,0.0,0.0,0.0,0.0,1.0,ok,0.0
molgen_ns1.0,HIV_RT,20,17,0.0,0,3.233996134815256,external_inputs/rescore/structures/molgen_ns1.0/HIV_RT/20.pdb,18.0,0.0,0.0,0.0,0.0,1.0,ok,0.0
molgen_ns1.0,HIV_RT,21,20,0.0,0,2.7439134461567827,external_inputs/rescore/structures/molgen_ns1.0/HIV_RT/21.pdb,22.0,0.0,0.0,0.0,0.0,1.0,ok,0.0
molgen_ns1.0,HIV_RT,22,15,0.0,0,3.2729631834165183,external_inputs/rescore/structures/molgen_ns1.0/HIV_RT/22.pdb,16.0,0.0,0.0,0.0,0.0,1.0,ok,0.0
molgen_ns1.0,HIV_RT,23,22,0.0,0,3.057403146462696,external_inputs/rescore/structures/molgen_ns1.0/HIV_RT/23.pdb,24.0,0.0,0.0,0.0,0.0,1.0,ok,0.0
molgen_ns1.0,HIV_RT,24,18,0.0,0,3.1702282252229117,external_inputs/rescore/structures/molgen_ns1.0/HIV_RT/24.pdb,20.0,0.0,0.0,0.0,0.0,1.0,ok,0.0
molgen_ns1.0,HIV_RT,25,12,0.0,0,3.133065112633312,external_inputs/rescore/structures/molgen_ns1.0/HIV_RT/25.pdb,12.0,0.0,0.0,0.0,0.0,1.0,ok,0.0
molgen_ns1.0,HIV_RT,26,30,0.0,0,3.216141943384963,external_inputs/rescore/structures/molgen_ns1.0/HIV_RT/26.pdb,34.0,0.0,0.0,0.0,0.0,1.0,ok,0.0
molgen_ns1.0,HIV_RT,27,20,0.0,0,3.089280984306868,external_inputs/rescore/structures/molgen_ns1.0/HIV_RT/27.pdb,22.0,0.0,0.0,0.0,0.0,1.0,ok,0.0
molgen_ns1.0,HIV_RT,28,24,0.0,0,2.938593881433769,external_inputs/rescore/structures/molgen_ns1.0/HIV_RT/28.pdb,26.0,0.0,0.0,0.0,0.0,1.0,ok,0.0
molgen_ns1.0,HIV_RT,29,15,0.0,0,3.2101728925402138,external_inputs/rescore/structures/molgen_ns1.0/HIV_RT/29.pdb,16.0,0.0,0.0,0.0,0.0,1.0,ok,0.0
apo2mol,HIV1_CA,0,64,4.6875,4,1.551332092012159,external_inputs/apo2mol_aligned_1000/structures/HIV1_CA/sample_0_protein.pdb,65.0,0.0,0.0,6.25,2.0,2.0,ok,100.0
apo2mol,HIV1_CA,1,64,1.5625,1,2.2811486414292963,external_inputs/apo2mol_aligned_1000/structures/HIV1_CA/sample_1_protein.pdb,,,,,,,unparseable,
apo2mol,HIV1_CA,2,64,10.9375,10,1.7576573029584852,external_inputs/apo2mol_aligned_1000/structures/HIV1_CA/sample_2_protein.pdb,,,,,,,unparseable,
apo2mol,HIV1_CA,3,64,14.0625,12,0.984992213100664,external_inputs/apo2mol_aligned_1000/structures/HIV1_CA/sample_3_protein.pdb,,,,,,,unparseable,
apo2mol,HIV1_CA,4,64,20.3125,27,0.8879403293915664,external_inputs/apo2mol_aligned_1000/structures/HIV1_CA/sample_4_protein.pdb,,,,,,,unparseable,
apo2mol,HIV1_CA,5,64,6.25,4,1.912036389768,external_inputs/apo2mol_aligned_1000/structures/HIV1_CA/sample_5_protein.pdb,,,,,,,unparseable,
apo2mol,HIV1_CA,6,64,14.0625,14,0.4332093217225999,external_inputs/apo2mol_aligned_1000/structures/HIV1_CA/sample_6_protein.pdb,,,,,,,unparseable,
apo2mol,HIV1_CA,7,64,1.5625,1,2.470378138585517,external_inputs/apo2mol_aligned_1000/structures/HIV1_CA/sample_7_protein.pdb,68.0,0.0,0.0,3.125,1.0,1.0,ok,0.0
apo2mol,HIV1_CA,8,64,4.6875,3,1.6582870141998118,external_inputs/apo2mol_aligned_1000/structures/HIV1_CA/sample_8_protein.pdb,,,,,,,unparseable,
apo2mol,HIV1_CA,9,64,3.125,2,2.322483768196284,external_inputs/apo2mol_aligned_1000/structures/HIV1_CA/sample_9_protein.pdb,,,,,,,unparseable,
apo2mol,HIV1_CA,10,64,6.25,4,2.2139230143189987,external_inputs/apo2mol_aligned_1000/structures/HIV1_CA/sample_10_protein.pdb,,,,,,,unparseable,
apo2mol,HIV1_CA,11,64,9.375,8,1.3840849129795083,external_inputs/apo2mol_aligned_1000/structures/HIV1_CA/sample_11_protein.pdb,,,,,,,unparseable,
apo2mol,HIV1_CA,12,64,4.6875,3,1.9089084555288296,external_inputs/apo2mol_aligned_1000/structures/HIV1_CA/sample_12_protein.pdb,71.0,0.0,0.0,0.0,0.0,1.0,ok,0.0
apo2mol,HIV1_CA,13,64,14.0625,13,0.2465553029902014,external_inputs/apo2mol_aligned_1000/structures/HIV1_CA/sample_13_protein.pdb,,,,,,,unparseable,
apo2mol,HIV1_CA,14,64,6.25,4,1.9636521907429183,external_inputs/apo2mol_aligned_1000/structures/HIV1_CA/sample_14_protein.pdb,,,,,,,unparseable,
apo2mol,HIV1_CA,15,64,10.9375,7,1.635394929940016,external_inputs/apo2mol_aligned_1000/structures/HIV1_CA/sample_15_protein.pdb,,,,,,,unparseable,
apo2mol,HIV1_CA,16,64,12.5,9,1.9704465342560484,external_inputs/apo2mol_aligned_1000/structures/HIV1_CA/sample_16_protein.pdb,,,,,,,unparseable,
apo2mol,HIV1_CA,17,64,4.6875,4,1.7913309602232217,external_inputs/apo2mol_aligned_1000/structures/HIV1_CA/sample_17_protein.pdb,,,,,,,unparseable,
apo2mol,HIV1_CA,18,64,4.6875,3,2.127025177567739,external_inputs/apo2mol_aligned_1000/structures/HIV1_CA/sample_18_protein.pdb,,,,,,,unparseable,
apo2mol,HIV1_CA,19,64,10.9375,7,1.4086119017460212,external_inputs/apo2mol_aligned_1000/structures/HIV1_CA/sample_19_protein.pdb,,,,,,,unparseable,
apo2mol,HIV1_CA,20,64,1.5625,1,2.0671116114072268,external_inputs/apo2mol_aligned_1000/structures/HIV1_CA/sample_20_protein.pdb,65.0,0.0,0.0,6.25,2.0,2.0,ok,100.0
apo2mol,HIV1_CA,21,64,9.375,10,1.409328378723563,external_inputs/apo2mol_aligned_1000/structures/HIV1_CA/sample_21_protein.pdb,,,,,,,unparseable,
apo2mol,HIV1_CA,22,64,7.8125,6,1.773703913043564,external_inputs/apo2mol_aligned_1000/structures/HIV1_CA/sample_22_protein.pdb,,,,,,,unparseable,
apo2mol,HIV1_CA,23,64,15.625,15,1.1533666029852838,external_inputs/apo2mol_aligned_1000/structures/HIV1_CA/sample_23_protein.pdb,,,,,,,unparseable,
apo2mol,HIV1_CA,24,64,0.0,0,2.522428634870238,external_inputs/apo2mol_aligned_1000/structures/HIV1_CA/sample_24_protein.pdb,51.0,0.0,0.0,39.0625,23.0,15.0,ok,100.0
apo2mol,HIV1_CA,25,64,4.6875,4,2.206798818709728,external_inputs/apo2mol_aligned_1000/structures/HIV1_CA/sample_25_protein.pdb,,,,,,,unparseable,
apo2mol,HIV1_CA,26,64,14.0625,10,1.7483309661812048,external_inputs/apo2mol_aligned_1000/structures/HIV1_CA/sample_26_protein.pdb,,,,,,,unparseable,
apo2mol,HIV1_CA,27,64,25.0,23,1.271812989731258,external_inputs/apo2mol_aligned_1000/structures/HIV1_CA/sample_27_protein.pdb,,,,,,,unparseable,
apo2mol,HIV1_CA,28,64,6.25,4,2.3606947868152197,external_inputs/apo2mol_aligned_1000/structures/HIV1_CA/sample_28_protein.pdb,,,,,,,unparseable,
apo2mol,HIV1_CA,29,64,6.25,4,1.608198365848701,external_inputs/apo2mol_aligned_1000/structures/HIV1_CA/sample_29_protein.pdb,,,,,,,unparseable,
molgen_ns1.0,HIV1_CA,0,46,0.0,0,2.6804512679770927,external_inputs/rescore/structures/molgen_ns1.0/HIV1_CA/0.pdb,46.0,0.0,0.0,0.0,0.0,1.0,ok,0.0
molgen_ns1.0,HIV1_CA,1,50,0.0,0,3.023469695565021,external_inputs/rescore/structures/molgen_ns1.0/HIV1_CA/1.pdb,52.0,0.0,0.0,0.0,0.0,1.0,ok,0.0
molgen_ns1.0,HIV1_CA,2,51,0.0,0,3.008009807164858,external_inputs/rescore/structures/molgen_ns1.0/HIV1_CA/2.pdb,53.0,0.0,0.0,0.0,0.0,1.0,ok,0.0
molgen_ns1.0,HIV1_CA,3,49,4.081632653061225,12,2.24114992805033,external_inputs/rescore/structures/molgen_ns1.0/HIV1_CA/3.pdb,52.0,1.0,1.9230769230769231,0.0,0.0,1.0,ok,100.0
molgen_ns1.0,HIV1_CA,4,44,0.0,0,2.7151561649378486,external_inputs/rescore/structures/molgen_ns1.0/HIV1_CA/4.pdb,45.0,0.0,0.0,0.0,0.0,1.0,ok,0.0
molgen_ns1.0,HIV1_CA,5,45,4.444444444444445,12,2.3085055772079075,external_inputs/rescore/structures/molgen_ns1.0/HIV1_CA/5.pdb,46.0,1.0,2.1739130434782608,0.0,0.0,1.0,ok,100.0
molgen_ns1.0,HIV1_CA,6,38,0.0,0,3.330528336465562,external_inputs/rescore/structures/molgen_ns1.0/HIV1_CA/6.pdb,38.0,0.0,0.0,0.0,0.0,1.0,ok,0.0
molgen_ns1.0,HIV1_CA,9,39,0.0,0,2.987597027713076,external_inputs/rescore/structures/molgen_ns1.0/HIV1_CA/9.pdb,38.0,0.0,0.0,0.0,0.0,1.0,ok,0.0
molgen_ns1.0,HIV1_CA,10,56,0.0,0,2.811121662255123,external_inputs/rescore/structures/molgen_ns1.0/HIV1_CA/10.pdb,61.0,0.0,0.0,0.0,0.0,1.0,ok,0.0
molgen_ns1.0,HIV1_CA,11,53,0.0,0,2.7897385182127707,external_inputs/rescore/structures/molgen_ns1.0/HIV1_CA/11.pdb,56.0,0.0,0.0,0.0,0.0,1.0,ok,0.0
molgen_ns1.0,HIV1_CA,12,48,0.0,0,2.664727565812309,external_inputs/rescore/structures/molgen_ns1.0/HIV1_CA/12.pdb,50.0,0.0,0.0,0.0,0.0,1.0,ok,0.0
molgen_ns1.0,HIV1_CA,13,51,0.0,0,3.0579870830335447,external_inputs/rescore/structures/molgen_ns1.0/HIV1_CA/13.pdb,55.0,0.0,0.0,0.0,0.0,1.0,ok,0.0
molgen_ns1.0,HIV1_CA,16,53,0.0,0,2.7952278976856286,external_inputs/rescore/structures/molgen_ns1.0/HIV1_CA/16.pdb,57.0,0.0,0.0,0.0,0.0,1.0,ok,0.0
molgen_ns1.0,HIV1_CA,17,38,0.0,0,2.9939854709066323,external_inputs/rescore/structures/molgen_ns1.0/HIV1_CA/17.pdb,37.0,0.0,0.0,0.0,0.0,1.0,ok,0.0
molgen_ns1.0,HIV1_CA,18,46,0.0,0,3.064839636914139,external_inputs/rescore/structures/molgen_ns1.0/HIV1_CA/18.pdb,48.0,0.0,0.0,0.0,0.0,1.0,ok,0.0
molgen_ns1.0,HIV1_CA,19,42,0.0,0,3.2499841538075227,external_inputs/rescore/structures/molgen_ns1.0/HIV1_CA/19.pdb,42.0,0.0,0.0,0.0,0.0,1.0,ok,0.0
molgen_ns1.0,HIV1_CA,20,39,0.0,0,2.750405424660153,external_inputs/rescore/structures/molgen_ns1.0/HIV1_CA/20.pdb,39.0,0.0,0.0,0.0,0.0,1.0,ok,0.0
molgen_ns1.0,HIV1_CA,21,49,0.0,0,2.8924878565000016,external_inputs/rescore/structures/molgen_ns1.0/HIV1_CA/21.pdb,51.0,0.0,0.0,0.0,0.0,1.0,ok,0.0
molgen_ns1.0,HIV1_CA,22,45,0.0,0,2.76448204913688,external_inputs/rescore/structures/molgen_ns1.0/HIV1_CA/22.pdb,45.0,0.0,0.0,0.0,0.0,1.0,ok,0.0
molgen_ns1.0,HIV1_CA,23,54,0.0,0,2.788527030530633,external_inputs/rescore/structures/molgen_ns1.0/HIV1_CA/23.pdb,56.0,0.0,0.0,0.0,0.0,1.0,ok,0.0
molgen_ns1.0,HIV1_CA,24,42,0.0,0,3.172119480725774,external_inputs/rescore/structures/molgen_ns1.0/HIV1_CA/24.pdb,43.0,0.0,0.0,0.0,0.0,1.0,ok,0.0
molgen_ns1.0,HIV1_CA,26,55,3.636363636363636,12,2.3147038687486536,external_inputs/rescore/structures/molgen_ns1.0/HIV1_CA/26.pdb,59.0,1.0,1.694915254237288,0.0,0.0,1.0,ok,100.0
molgen_ns1.0,HIV1_CA,27,42,0.0,0,2.9698649800958967,external_inputs/rescore/structures/molgen_ns1.0/HIV1_CA/27.pdb,43.0,0.0,0.0,0.0,0.0,1.0,ok,0.0
molgen_ns1.0,HIV1_CA,28,39,0.0,0,2.7420286285886952,external_inputs/rescore/structures/molgen_ns1.0/HIV1_CA/28.pdb,39.0,0.0,0.0,0.0,0.0,1.0,ok,0.0
molgen_ns1.0,HIV1_CA,29,45,0.0,0,3.19630943433204,external_inputs/rescore/structures/molgen_ns1.0/HIV1_CA/29.pdb,46.0,0.0,0.0,0.0,0.0,1.0,ok,0.0
apo2mol,Menin,0,24,20.833333333333336,17,1.4617686246158534,external_inputs/apo2mol_aligned_1000/structures/Menin/sample_0_protein.pdb,24.0,0.0,0.0,0.0,0.0,1.0,ok,0.0
apo2mol,Menin,1,24,29.166666666666668,10,0.8690611380654233,external_inputs/apo2mol_aligned_1000/structures/Menin/sample_1_protein.pdb,25.0,0.0,0.0,0.0,0.0,1.0,ok,0.0
apo2mol,Menin,2,24,45.83333333333333,14,1.2450874406255232,external_inputs/apo2mol_aligned_1000/structures/Menin/sample_2_protein.pdb,26.0,0.0,0.0,0.0,0.0,1.0,ok,0.0
apo2mol,Menin,3,24,37.5,14,0.5394254171824823,external_inputs/apo2mol_aligned_1000/structures/Menin/sample_3_protein.pdb,26.0,0.0,0.0,0.0,0.0,1.0,ok,0.0
apo2mol,Menin,4,24,29.166666666666668,8,1.1937696055749052,external_inputs/apo2mol_aligned_1000/structures/Menin/sample_4_protein.pdb,25.0,0.0,0.0,0.0,0.0,1.0,ok,0.0
apo2mol,Menin,5,24,16.666666666666664,6,0.7567665864937747,external_inputs/apo2mol_aligned_1000/structures/Menin/sample_5_protein.pdb,26.0,0.0,0.0,0.0,0.0,1.0,ok,0.0
apo2mol,Menin,6,24,45.83333333333333,19,1.0393349887682692,external_inputs/apo2mol_aligned_1000/structures/Menin/sample_6_protein.pdb,25.0,0.0,0.0,0.0,0.0,1.0,ok,0.0
apo2mol,Menin,7,24,29.166666666666668,9,1.5876979331439869,external_inputs/apo2mol_aligned_1000/structures/Menin/sample_7_protein.pdb,24.0,0.0,0.0,0.0,0.0,1.0,ok,0.0
apo2mol,Menin,8,24,20.833333333333336,7,0.8268746886790208,external_inputs/apo2mol_aligned_1000/structures/Menin/sample_8_protein.pdb,24.0,0.0,0.0,0.0,0.0,2.0,ok,100.0
apo2mol,Menin,9,24,45.83333333333333,15,1.1933534308308844,external_inputs/apo2mol_aligned_1000/structures/Menin/sample_9_protein.pdb,27.0,0.0,0.0,0.0,0.0,1.0,ok,0.0
apo2mol,Menin,10,24,45.83333333333333,17,0.725129456828252,external_inputs/apo2mol_aligned_1000/structures/Menin/sample_10_protein.pdb,25.0,0.0,0.0,0.0,0.0,1.0,ok,0.0
apo2mol,Menin,11,24,25.0,6,1.5518280165003937,external_inputs/apo2mol_aligned_1000/structures/Menin/sample_11_protein.pdb,25.0,0.0,0.0,8.333333333333334,1.0,1.0,ok,0.0
apo2mol,Menin,12,24,25.0,14,0.832454467908194,external_inputs/apo2mol_aligned_1000/structures/Menin/sample_12_protein.pdb,25.0,0.0,0.0,0.0,0.0,1.0,ok,0.0
apo2mol,Menin,13,24,37.5,19,1.415734319055149,external_inputs/apo2mol_aligned_1000/structures/Menin/sample_13_protein.pdb,24.0,0.0,0.0,0.0,0.0,1.0,ok,0.0
apo2mol,Menin,14,24,16.666666666666664,6,2.2387949198570785,external_inputs/apo2mol_aligned_1000/structures/Menin/sample_14_protein.pdb,26.0,0.0,0.0,0.0,0.0,1.0,ok,0.0
apo2mol,Menin,15,24,58.333333333333336,36,0.3265566831914024,external_inputs/apo2mol_aligned_1000/structures/Menin/sample_15_protein.pdb,26.0,0.0,0.0,0.0,0.0,1.0,ok,0.0
apo2mol,Menin,16,24,50.0,35,1.086282867865484,external_inputs/apo2mol_aligned_1000/structures/Menin/sample_16_protein.pdb,26.0,0.0,0.0,0.0,0.0,1.0,ok,0.0
apo2mol,Menin,17,24,50.0,16,0.6276413844082251,external_inputs/apo2mol_aligned_1000/structures/Menin/sample_17_protein.pdb,25.0,0.0,0.0,8.333333333333334,1.0,1.0,ok,0.0
apo2mol,Menin,18,24,25.0,7,1.8588230959116008,external_inputs/apo2mol_aligned_1000/structures/Menin/sample_18_protein.pdb,25.0,0.0,0.0,0.0,0.0,1.0,ok,0.0
apo2mol,Menin,19,24,16.666666666666664,6,1.7158808316584475,external_inputs/apo2mol_aligned_1000/structures/Menin/sample_19_protein.pdb,27.0,0.0,0.0,0.0,0.0,1.0,ok,0.0
apo2mol,Menin,20,24,41.66666666666667,19,0.6786301296954934,external_inputs/apo2mol_aligned_1000/structures/Menin/sample_20_protein.pdb,26.0,0.0,0.0,0.0,0.0,2.0,ok,100.0
apo2mol,Menin,21,24,25.0,6,1.9635202737864752,external_inputs/apo2mol_aligned_1000/structures/Menin/sample_21_protein.pdb,26.0,0.0,0.0,0.0,0.0,1.0,ok,0.0
apo2mol,Menin,22,24,41.66666666666667,14,1.4793038766898003,external_inputs/apo2mol_aligned_1000/structures/Menin/sample_22_protein.pdb,27.0,0.0,0.0,0.0,0.0,1.0,ok,0.0
apo2mol,Menin,23,24,54.16666666666666,21,1.0153504638084043,external_inputs/apo2mol_aligned_1000/structures/Menin/sample_23_protein.pdb,26.0,0.0,0.0,0.0,0.0,1.0,ok,0.0
apo2mol,Menin,24,24,41.66666666666667,23,0.8274290534110009,external_inputs/apo2mol_aligned_1000/structures/Menin/sample_24_protein.pdb,26.0,0.0,0.0,0.0,0.0,1.0,ok,0.0
apo2mol,Menin,25,24,54.16666666666666,27,0.8315775148443956,external_inputs/apo2mol_aligned_1000/structures/Menin/sample_25_protein.pdb,25.0,0.0,0.0,0.0,0.0,1.0,ok,0.0
apo2mol,Menin,26,24,20.833333333333336,11,1.5391591402251212,external_inputs/apo2mol_aligned_1000/structures/Menin/sample_26_protein.pdb,26.0,0.0,0.0,0.0,0.0,1.0,ok,0.0
apo2mol,Menin,27,24,37.5,15,1.3796556320903015,external_inputs/apo2mol_aligned_1000/structures/Menin/sample_27_protein.pdb,26.0,0.0,0.0,0.0,0.0,1.0,ok,0.0
apo2mol,Menin,28,24,50.0,22,0.987465853910761,external_inputs/apo2mol_aligned_1000/structures/Menin/sample_28_protein.pdb,26.0,0.0,0.0,0.0,0.0,2.0,ok,100.0
apo2mol,Menin,29,24,33.33333333333333,10,1.674782789771014,external_inputs/apo2mol_aligned_1000/structures/Menin/sample_29_protein.pdb,26.0,0.0,0.0,0.0,0.0,1.0,ok,0.0
molgen_ns1.0,Menin,0,19,0.0,0,3.29566579009462,external_inputs/rescore/structures/molgen_ns1.0/Menin/0.pdb,20.0,0.0,0.0,0.0,0.0,1.0,ok,0.0
molgen_ns1.0,Menin,1,19,0.0,0,3.0473723106965447,external_inputs/rescore/structures/molgen_ns1.0/Menin/1.pdb,20.0,0.0,0.0,0.0,0.0,1.0,ok,0.0
molgen_ns1.0,Menin,2,15,0.0,0,2.4478966481450963,external_inputs/rescore/structures/molgen_ns1.0/Menin/2.pdb,15.0,3.0,20.0,0.0,0.0,1.0,ok,100.0
molgen_ns1.0,Menin,4,17,0.0,0,3.294061019471254,external_inputs/rescore/structures/molgen_ns1.0/Menin/4.pdb,17.0,0.0,0.0,0.0,0.0,1.0,ok,0.0
molgen_ns1.0,Menin,5,23,0.0,0,3.3873595911860326,external_inputs/rescore/structures/molgen_ns1.0/Menin/5.pdb,26.0,0.0,0.0,0.0,0.0,1.0,ok,0.0
molgen_ns1.0,Menin,6,16,0.0,0,3.16350612453967,external_inputs/rescore/structures/molgen_ns1.0/Menin/6.pdb,16.0,0.0,0.0,0.0,0.0,1.0,ok,0.0
molgen_ns1.0,Menin,7,18,0.0,0,3.248652182059508,external_inputs/rescore/structures/molgen_ns1.0/Menin/7.pdb,19.0,0.0,0.0,0.0,0.0,1.0,ok,0.0
molgen_ns1.0,Menin,8,23,0.0,0,2.910032817684369,external_inputs/rescore/structures/molgen_ns1.0/Menin/8.pdb,24.0,0.0,0.0,0.0,0.0,1.0,ok,0.0
molgen_ns1.0,Menin,9,22,0.0,0,2.8235180183593664,external_inputs/rescore/structures/molgen_ns1.0/Menin/9.pdb,24.0,0.0,0.0,0.0,0.0,1.0,ok,0.0
molgen_ns1.0,Menin,10,24,0.0,0,3.1777674553056894,external_inputs/rescore/structures/molgen_ns1.0/Menin/10.pdb,27.0,0.0,0.0,0.0,0.0,1.0,ok,0.0
molgen_ns1.0,Menin,11,24,0.0,0,3.1799061306900267,external_inputs/rescore/structures/molgen_ns1.0/Menin/11.pdb,27.0,0.0,0.0,0.0,0.0,1.0,ok,0.0
molgen_ns1.0,Menin,12,26,0.0,0,3.152599879464565,external_inputs/rescore/structures/molgen_ns1.0/Menin/12.pdb,28.0,0.0,0.0,0.0,0.0,1.0,ok,0.0
molgen_ns1.0,Menin,13,36,13.88888888888889,7,1.7612739707382237,external_inputs/rescore/structures/molgen_ns1.0/Menin/13.pdb,41.0,5.0,12.195121951219512,27.77777777777778,6.0,1.0,ok,100.0
molgen_ns1.0,Menin,14,24,0.0,0,3.442534676659045,external_inputs/rescore/structures/molgen_ns1.0/Menin/14.pdb,26.0,0.0,0.0,0.0,0.0,1.0,ok,0.0
molgen_ns1.0,Menin,15,10,0.0,0,2.952968845077783,external_inputs/rescore/structures/molgen_ns1.0/Menin/15.pdb,9.0,0.0,0.0,0.0,0.0,1.0,ok,0.0
molgen_ns1.0,Menin,16,35,0.0,0,2.7233822721021013,external_inputs/rescore/structures/molgen_ns1.0/Menin/16.pdb,39.0,0.0,0.0,0.0,0.0,1.0,ok,0.0
molgen_ns1.0,Menin,17,23,0.0,0,2.7935928479289904,external_inputs/rescore/structures/molgen_ns1.0/Menin/17.pdb,25.0,4.0,16.0,30.43478260869565,4.0,1.0,ok,100.0
molgen_ns1.0,Menin,18,19,0.0,0,3.19242008513917,external_inputs/rescore/structures/molgen_ns1.0/Menin/18.pdb,21.0,0.0,0.0,0.0,0.0,1.0,ok,0.0
molgen_ns1.0,Menin,19,16,0.0,0,2.861476891397171,external_inputs/rescore/structures/molgen_ns1.0/Menin/19.pdb,16.0,0.0,0.0,0.0,0.0,1.0,ok,0.0
molgen_ns1.0,Menin,20,11,0.0,0,2.5431106936191354,external_inputs/rescore/structures/molgen_ns1.0/Menin/20.pdb,10.0,0.0,0.0,0.0,0.0,1.0,ok,0.0
molgen_ns1.0,Menin,21,28,0.0,0,2.9028926952266065,external_inputs/rescore/structures/molgen_ns1.0/Menin/21.pdb,31.0,0.0,0.0,0.0,0.0,1.0,ok,0.0
molgen_ns1.0,Menin,22,24,0.0,0,2.7864166953275284,external_inputs/rescore/structures/molgen_ns1.0/Menin/22.pdb,26.0,0.0,0.0,0.0,0.0,1.0,ok,0.0
molgen_ns1.0,Menin,23,20,0.0,0,3.491623118264624,external_inputs/rescore/structures/molgen_ns1.0/Menin/23.pdb,22.0,0.0,0.0,0.0,0.0,1.0,ok,0.0
molgen_ns1.0,Menin,24,20,0.0,0,2.828626698594217,external_inputs/rescore/structures/molgen_ns1.0/Menin/24.pdb,21.0,1.0,4.761904761904762,0.0,0.0,1.0,ok,100.0
molgen_ns1.0,Menin,25,16,0.0,0,2.7388568783344622,external_inputs/rescore/structures/molgen_ns1.0/Menin/25.pdb,16.0,0.0,0.0,12.5,1.0,1.0,ok,0.0
molgen_ns1.0,Menin,26,28,0.0,0,2.836600958894289,external_inputs/rescore/structures/molgen_ns1.0/Menin/26.pdb,31.0,0.0,0.0,7.142857142857143,1.0,1.0,ok,0.0
molgen_ns1.0,Menin,27,20,0.0,0,3.3733099472180146,external_inputs/rescore/structures/molgen_ns1.0/Menin/27.pdb,21.0,0.0,0.0,0.0,0.0,1.0,ok,0.0
molgen_ns1.0,Menin,28,26,0.0,0,3.173975110173359,external_inputs/rescore/structures/molgen_ns1.0/Menin/28.pdb,29.0,0.0,0.0,0.0,0.0,1.0,ok,0.0
molgen_ns1.0,Menin,29,28,0.0,0,3.288360989915794,external_inputs/rescore/structures/molgen_ns1.0/Menin/29.pdb,32.0,0.0,0.0,0.0,0.0,1.0,ok,0.0
apo2mol,GCGR,0,24,0.0,0,2.747576478853297,external_inputs/apo2mol_aligned_1000/structures/GCGR/sample_0_protein.pdb,25.0,0.0,0.0,0.0,0.0,1.0,ok,0.0
apo2mol,GCGR,1,24,12.5,5,2.032803481514254,external_inputs/apo2mol_aligned_1000/structures/GCGR/sample_1_protein.pdb,25.0,0.0,0.0,0.0,0.0,1.0,ok,0.0
apo2mol,GCGR,2,24,12.5,4,1.2330680085930854,external_inputs/apo2mol_aligned_1000/structures/GCGR/sample_2_protein.pdb,22.0,0.0,0.0,0.0,0.0,2.0,ok,100.0
apo2mol,GCGR,3,24,12.5,3,2.2095905937854123,external_inputs/apo2mol_aligned_1000/structures/GCGR/sample_3_protein.pdb,27.0,0.0,0.0,0.0,0.0,1.0,ok,0.0
apo2mol,GCGR,4,24,4.166666666666666,1,1.3752651781039515,external_inputs/apo2mol_aligned_1000/structures/GCGR/sample_4_protein.pdb,25.0,0.0,0.0,8.333333333333334,1.0,1.0,ok,0.0
apo2mol,GCGR,5,24,4.166666666666666,1,2.084677337185848,external_inputs/apo2mol_aligned_1000/structures/GCGR/sample_5_protein.pdb,25.0,0.0,0.0,0.0,0.0,1.0,ok,0.0
apo2mol,GCGR,6,24,8.333333333333332,2,1.8261213845296875,external_inputs/apo2mol_aligned_1000/structures/GCGR/sample_6_protein.pdb,24.0,0.0,0.0,0.0,0.0,1.0,ok,0.0
apo2mol,GCGR,7,24,20.833333333333336,9,1.3538299699171823,external_inputs/apo2mol_aligned_1000/structures/GCGR/sample_7_protein.pdb,26.0,0.0,0.0,0.0,0.0,2.0,ok,100.0
apo2mol,GCGR,8,24,20.833333333333336,8,1.6178781247387646,external_inputs/apo2mol_aligned_1000/structures/GCGR/sample_8_protein.pdb,24.0,0.0,0.0,0.0,0.0,1.0,ok,0.0
apo2mol,GCGR,9,24,16.666666666666664,5,2.1240807696433843,external_inputs/apo2mol_aligned_1000/structures/GCGR/sample_9_protein.pdb,24.0,0.0,0.0,0.0,0.0,2.0,ok,100.0
apo2mol,GCGR,10,24,8.333333333333332,3,2.316487091041215,external_inputs/apo2mol_aligned_1000/structures/GCGR/sample_10_protein.pdb,26.0,0.0,0.0,0.0,0.0,1.0,ok,0.0
apo2mol,GCGR,11,24,4.166666666666666,1,2.0034883534507766,external_inputs/apo2mol_aligned_1000/structures/GCGR/sample_11_protein.pdb,27.0,0.0,0.0,0.0,0.0,1.0,ok,0.0
apo2mol,GCGR,12,24,4.166666666666666,1,2.1403680971123427,external_inputs/apo2mol_aligned_1000/structures/GCGR/sample_12_protein.pdb,25.0,0.0,0.0,0.0,0.0,1.0,ok,0.0
apo2mol,GCGR,13,24,16.666666666666664,5,1.3588568207997065,external_inputs/apo2mol_aligned_1000/structures/GCGR/sample_13_protein.pdb,25.0,0.0,0.0,0.0,0.0,1.0,ok,0.0
apo2mol,GCGR,14,24,16.666666666666664,4,1.2930037483437715,external_inputs/apo2mol_aligned_1000/structures/GCGR/sample_14_protein.pdb,24.0,0.0,0.0,0.0,0.0,1.0,ok,0.0
apo2mol,GCGR,15,24,20.833333333333336,5,1.7479490764564691,external_inputs/apo2mol_aligned_1000/structures/GCGR/sample_15_protein.pdb,25.0,0.0,0.0,0.0,0.0,1.0,ok,0.0
apo2mol,GCGR,16,24,12.5,3,2.1753575432916348,external_inputs/apo2mol_aligned_1000/structures/GCGR/sample_16_protein.pdb,25.0,0.0,0.0,0.0,0.0,1.0,ok,0.0
apo2mol,GCGR,17,24,8.333333333333332,2,1.6268010240822146,external_inputs/apo2mol_aligned_1000/structures/GCGR/sample_17_protein.pdb,23.0,0.0,0.0,0.0,0.0,1.0,ok,0.0
apo2mol,GCGR,18,24,12.5,3,2.0667324082092806,external_inputs/apo2mol_aligned_1000/structures/GCGR/sample_18_protein.pdb,28.0,0.0,0.0,0.0,0.0,1.0,ok,0.0
apo2mol,GCGR,19,24,25.0,11,0.964835495898332,external_inputs/apo2mol_aligned_1000/structures/GCGR/sample_19_protein.pdb,23.0,0.0,0.0,0.0,0.0,2.0,ok,100.0
apo2mol,GCGR,20,24,4.166666666666666,1,1.9328729990296205,external_inputs/apo2mol_aligned_1000/structures/GCGR/sample_20_protein.pdb,27.0,0.0,0.0,0.0,0.0,1.0,ok,0.0
apo2mol,GCGR,21,24,20.833333333333336,6,0.8438814893609269,external_inputs/apo2mol_aligned_1000/structures/GCGR/sample_21_protein.pdb,22.0,0.0,0.0,0.0,0.0,3.0,ok,100.0
apo2mol,GCGR,22,24,8.333333333333332,2,1.8175019787469904,external_inputs/apo2mol_aligned_1000/structures/GCGR/sample_22_protein.pdb,28.0,0.0,0.0,0.0,0.0,1.0,ok,0.0
apo2mol,GCGR,23,24,29.166666666666668,8,1.2648641815382315,external_inputs/apo2mol_aligned_1000/structures/GCGR/sample_23_protein.pdb,25.0,0.0,0.0,0.0,0.0,1.0,ok,0.0
apo2mol,GCGR,24,24,20.833333333333336,6,1.2202098748661807,external_inputs/apo2mol_aligned_1000/structures/GCGR/sample_24_protein.pdb,25.0,0.0,0.0,8.333333333333334,1.0,1.0,ok,0.0
apo2mol,GCGR,25,24,8.333333333333332,2,1.726881514941283,external_inputs/apo2mol_aligned_1000/structures/GCGR/sample_25_protein.pdb,24.0,0.0,0.0,0.0,0.0,1.0,ok,0.0
apo2mol,GCGR,26,24,12.5,4,1.110815742086925,external_inputs/apo2mol_aligned_1000/structures/GCGR/sample_26_protein.pdb,25.0,0.0,0.0,8.333333333333334,1.0,1.0,ok,0.0
apo2mol,GCGR,27,24,16.666666666666664,9,0.6053617840436879,external_inputs/apo2mol_aligned_1000/structures/GCGR/sample_27_protein.pdb,27.0,0.0,0.0,0.0,0.0,1.0,ok,0.0
apo2mol,GCGR,28,24,12.5,3,2.181227606251455,external_inputs/apo2mol_aligned_1000/structures/GCGR/sample_28_protein.pdb,25.0,0.0,0.0,0.0,0.0,1.0,ok,0.0
apo2mol,GCGR,29,24,20.833333333333336,8,1.240580669869889,external_inputs/apo2mol_aligned_1000/structures/GCGR/sample_29_protein.pdb,25.0,0.0,0.0,0.0,0.0,1.0,ok,0.0
molgen_ns1.0,GCGR,0,38,0.0,0,3.025471202969879,external_inputs/rescore/structures/molgen_ns1.0/GCGR/0.pdb,39.0,0.0,0.0,0.0,0.0,1.0,ok,0.0
molgen_ns1.0,GCGR,1,49,0.0,0,3.296731411565098,external_inputs/rescore/structures/molgen_ns1.0/GCGR/1.pdb,52.0,0.0,0.0,0.0,0.0,1.0,ok,0.0
molgen_ns1.0,GCGR,2,28,0.0,0,2.9243277860048438,external_inputs/rescore/structures/molgen_ns1.0/GCGR/2.pdb,27.0,0.0,0.0,0.0,0.0,1.0,ok,0.0
molgen_ns1.0,GCGR,3,35,0.0,0,2.902878226863813,external_inputs/rescore/structures/molgen_ns1.0/GCGR/3.pdb,34.0,0.0,0.0,0.0,0.0,1.0,ok,0.0
molgen_ns1.0,GCGR,4,31,0.0,0,3.3414505832048462,external_inputs/rescore/structures/molgen_ns1.0/GCGR/4.pdb,30.0,0.0,0.0,0.0,0.0,1.0,ok,0.0
molgen_ns1.0,GCGR,5,36,0.0,0,2.6748491546253605,external_inputs/rescore/structures/molgen_ns1.0/GCGR/5.pdb,38.0,0.0,0.0,0.0,0.0,1.0,ok,0.0
molgen_ns1.0,GCGR,6,43,0.0,0,2.6554717095085016,external_inputs/rescore/structures/molgen_ns1.0/GCGR/6.pdb,45.0,0.0,0.0,0.0,0.0,1.0,ok,0.0
molgen_ns1.0,GCGR,7,49,0.0,0,3.1386082903095764,external_inputs/rescore/structures/molgen_ns1.0/GCGR/7.pdb,53.0,0.0,0.0,0.0,0.0,1.0,ok,0.0
molgen_ns1.0,GCGR,8,43,0.0,0,3.10471947202964,external_inputs/rescore/structures/molgen_ns1.0/GCGR/8.pdb,46.0,0.0,0.0,0.0,0.0,1.0,ok,0.0
molgen_ns1.0,GCGR,9,37,0.0,0,2.81522396977576,external_inputs/rescore/structures/molgen_ns1.0/GCGR/9.pdb,38.0,0.0,0.0,0.0,0.0,1.0,ok,0.0
molgen_ns1.0,GCGR,10,33,0.0,0,3.3113756959910177,external_inputs/rescore/structures/molgen_ns1.0/GCGR/10.pdb,32.0,0.0,0.0,0.0,0.0,1.0,ok,0.0
molgen_ns1.0,GCGR,11,47,0.0,0,3.034854362238817,external_inputs/rescore/structures/molgen_ns1.0/GCGR/11.pdb,50.0,0.0,0.0,0.0,0.0,1.0,ok,0.0
molgen_ns1.0,GCGR,12,28,0.0,0,3.114516655919504,external_inputs/rescore/structures/molgen_ns1.0/GCGR/12.pdb,27.0,0.0,0.0,0.0,0.0,1.0,ok,0.0
molgen_ns1.0,GCGR,13,28,0.0,0,2.988587626287708,external_inputs/rescore/structures/molgen_ns1.0/GCGR/13.pdb,27.0,0.0,0.0,0.0,0.0,1.0,ok,0.0
molgen_ns1.0,GCGR,14,37,0.0,0,3.1793774547857616,external_inputs/rescore/structures/molgen_ns1.0/GCGR/14.pdb,37.0,0.0,0.0,0.0,0.0,1.0,ok,0.0
molgen_ns1.0,GCGR,15,47,0.0,0,3.076799310972358,external_inputs/rescore/structures/molgen_ns1.0/GCGR/15.pdb,49.0,0.0,0.0,0.0,0.0,1.0,ok,0.0
molgen_ns1.0,GCGR,16,37,0.0,0,3.062137978602532,external_inputs/rescore/structures/molgen_ns1.0/GCGR/16.pdb,38.0,0.0,0.0,0.0,0.0,1.0,ok,0.0
molgen_ns1.0,GCGR,17,39,0.0,0,2.899176607245581,external_inputs/rescore/structures/molgen_ns1.0/GCGR/17.pdb,40.0,0.0,0.0,0.0,0.0,1.0,ok,0.0
molgen_ns1.0,GCGR,18,29,0.0,0,2.691211808832591,external_inputs/rescore/structures/molgen_ns1.0/GCGR/18.pdb,29.0,0.0,0.0,0.0,0.0,1.0,ok,0.0
molgen_ns1.0,GCGR,19,33,0.0,0,3.011136994558698,external_inputs/rescore/structures/molgen_ns1.0/GCGR/19.pdb,33.0,0.0,0.0,0.0,0.0,1.0,ok,0.0
molgen_ns1.0,GCGR,20,37,0.0,0,3.333069156198233,external_inputs/rescore/structures/molgen_ns1.0/GCGR/20.pdb,39.0,0.0,0.0,0.0,0.0,1.0,ok,0.0
molgen_ns1.0,GCGR,21,36,0.0,0,2.709246758787392,external_inputs/rescore/structures/molgen_ns1.0/GCGR/21.pdb,35.0,0.0,0.0,0.0,0.0,1.0,ok,0.0
molgen_ns1.0,GCGR,22,39,0.0,0,2.9654249273923625,external_inputs/rescore/structures/molgen_ns1.0/GCGR/22.pdb,39.0,0.0,0.0,0.0,0.0,1.0,ok,0.0
molgen_ns1.0,GCGR,23,30,0.0,0,2.962225852294184,external_inputs/rescore/structures/molgen_ns1.0/GCGR/23.pdb,29.0,0.0,0.0,0.0,0.0,1.0,ok,0.0
molgen_ns1.0,GCGR,24,45,0.0,0,3.044333917296199,external_inputs/rescore/structures/molgen_ns1.0/GCGR/24.pdb,49.0,0.0,0.0,0.0,0.0,1.0,ok,0.0
molgen_ns1.0,GCGR,25,33,0.0,0,3.1416511582287416,external_inputs/rescore/structures/molgen_ns1.0/GCGR/25.pdb,32.0,0.0,0.0,0.0,0.0,1.0,ok,0.0
molgen_ns1.0,GCGR,26,46,0.0,0,2.8158959497822376,external_inputs/rescore/structures/molgen_ns1.0/GCGR/26.pdb,47.0,0.0,0.0,0.0,0.0,1.0,ok,0.0
molgen_ns1.0,GCGR,27,32,0.0,0,2.907405372492802,external_inputs/rescore/structures/molgen_ns1.0/GCGR/27.pdb,32.0,0.0,0.0,0.0,0.0,1.0,ok,0.0
molgen_ns1.0,GCGR,28,36,0.0,0,2.935760378505031,external_inputs/rescore/structures/molgen_ns1.0/GCGR/28.pdb,36.0,0.0,0.0,0.0,0.0,1.0,ok,0.0
molgen_ns1.0,GCGR,29,39,0.0,0,3.021965254598406,external_inputs/rescore/structures/molgen_ns1.0/GCGR/29.pdb,41.0,0.0,0.0,0.0,0.0,1.0,ok,0.0
apo2mol,THSR,0,39,7.6923076923076925,4,2.339474902791693,external_inputs/apo2mol_aligned_1000/structures/THSR/sample_0_protein.pdb,38.0,0.0,0.0,0.0,0.0,2.0,ok,100.0
apo2mol,THSR,1,39,2.564102564102564,1,2.2807581050673,external_inputs/apo2mol_aligned_1000/structures/THSR/sample_1_protein.pdb,41.0,0.0,0.0,0.0,0.0,2.0,ok,100.0
apo2mol,THSR,2,39,2.564102564102564,1,2.420143403753941,external_inputs/apo2mol_aligned_1000/structures/THSR/sample_2_protein.pdb,40.0,0.0,0.0,0.0,0.0,2.0,ok,100.0
apo2mol,THSR,3,39,15.384615384615383,9,1.104213922317494,external_inputs/apo2mol_aligned_1000/structures/THSR/sample_3_protein.pdb,40.0,0.0,0.0,0.0,0.0,2.0,ok,100.0
apo2mol,THSR,4,39,10.256410256410255,5,1.0598660763162782,external_inputs/apo2mol_aligned_1000/structures/THSR/sample_4_protein.pdb,42.0,0.0,0.0,0.0,0.0,1.0,ok,0.0
apo2mol,THSR,5,39,0.0,0,2.6987388843611004,external_inputs/apo2mol_aligned_1000/structures/THSR/sample_5_protein.pdb,44.0,1.0,2.272727272727273,0.0,0.0,1.0,ok,100.0
apo2mol,THSR,6,39,10.256410256410255,5,2.1268588598409486,external_inputs/apo2mol_aligned_1000/structures/THSR/sample_6_protein.pdb,42.0,0.0,0.0,0.0,0.0,1.0,ok,0.0
apo2mol,THSR,7,39,15.384615384615383,11,1.220452701935169,external_inputs/apo2mol_aligned_1000/structures/THSR/sample_7_protein.pdb,40.0,0.0,0.0,0.0,0.0,1.0,ok,0.0
apo2mol,THSR,8,39,30.76923076923077,18,1.2768934224131352,external_inputs/apo2mol_aligned_1000/structures/THSR/sample_8_protein.pdb,42.0,0.0,0.0,0.0,0.0,1.0,ok,0.0
apo2mol,THSR,9,39,5.128205128205128,2,1.7385263175546812,external_inputs/apo2mol_aligned_1000/structures/THSR/sample_9_protein.pdb,44.0,0.0,0.0,0.0,0.0,1.0,ok,0.0
apo2mol,THSR,10,39,33.33333333333333,19,1.0000682623546062,external_inputs/apo2mol_aligned_1000/structures/THSR/sample_10_protein.pdb,38.0,1.0,2.631578947368421,15.384615384615383,4.0,1.0,ok,100.0
apo2mol,THSR,11,39,23.07692307692308,9,2.000766236909584,external_inputs/apo2mol_aligned_1000/structures/THSR/sample_11_protein.pdb,42.0,1.0,2.380952380952381,0.0,0.0,2.0,ok,100.0
apo2mol,THSR,12,39,15.384615384615383,7,1.981096646940817,external_inputs/apo2mol_aligned_1000/structures/THSR/sample_12_protein.pdb,40.0,0.0,0.0,0.0,0.0,2.0,ok,100.0
apo2mol,THSR,13,39,12.82051282051282,8,2.3304648281126825,external_inputs/apo2mol_aligned_1000/structures/THSR/sample_13_protein.pdb,41.0,0.0,0.0,5.128205128205129,1.0,1.0,ok,0.0
apo2mol,THSR,14,39,28.205128205128204,14,1.1980291093598037,external_inputs/apo2mol_aligned_1000/structures/THSR/sample_14_protein.pdb,42.0,0.0,0.0,0.0,0.0,1.0,ok,0.0
apo2mol,THSR,15,39,15.384615384615383,10,1.2857391443435957,external_inputs/apo2mol_aligned_1000/structures/THSR/sample_15_protein.pdb,45.0,0.0,0.0,5.128205128205129,1.0,1.0,ok,0.0
apo2mol,THSR,16,39,28.205128205128204,18,1.461706795740626,external_inputs/apo2mol_aligned_1000/structures/THSR/sample_16_protein.pdb,46.0,0.0,0.0,0.0,0.0,1.0,ok,0.0
apo2mol,THSR,17,39,17.94871794871795,10,1.4671995088701724,external_inputs/apo2mol_aligned_1000/structures/THSR/sample_17_protein.pdb,43.0,0.0,0.0,0.0,0.0,1.0,ok,0.0
apo2mol,THSR,18,39,10.256410256410255,6,1.744266014403946,external_inputs/apo2mol_aligned_1000/structures/THSR/sample_18_protein.pdb,42.0,0.0,0.0,0.0,0.0,1.0,ok,0.0
apo2mol,THSR,19,39,5.128205128205128,2,2.2791699581373384,external_inputs/apo2mol_aligned_1000/structures/THSR/sample_19_protein.pdb,44.0,0.0,0.0,0.0,0.0,1.0,ok,0.0
apo2mol,THSR,20,39,2.564102564102564,2,1.5053869095552277,external_inputs/apo2mol_aligned_1000/structures/THSR/sample_20_protein.pdb,,,,,,,unparseable,
apo2mol,THSR,21,39,20.51282051282051,10,1.0306981257598766,external_inputs/apo2mol_aligned_1000/structures/THSR/sample_21_protein.pdb,41.0,0.0,0.0,0.0,0.0,2.0,ok,100.0
apo2mol,THSR,22,39,20.51282051282051,10,0.5080591609515255,external_inputs/apo2mol_aligned_1000/structures/THSR/sample_22_protein.pdb,43.0,0.0,0.0,0.0,0.0,1.0,ok,0.0
apo2mol,THSR,23,39,20.51282051282051,17,0.7729339323378639,external_inputs/apo2mol_aligned_1000/structures/THSR/sample_23_protein.pdb,39.0,0.0,0.0,0.0,0.0,1.0,ok,0.0
apo2mol,THSR,24,39,38.46153846153847,22,1.2394892845510803,external_inputs/apo2mol_aligned_1000/structures/THSR/sample_24_protein.pdb,44.0,0.0,0.0,5.128205128205129,1.0,1.0,ok,0.0
apo2mol,THSR,25,39,17.94871794871795,15,0.6623281714054375,external_inputs/apo2mol_aligned_1000/structures/THSR/sample_25_protein.pdb,43.0,0.0,0.0,0.0,0.0,1.0,ok,0.0
apo2mol,THSR,26,39,10.256410256410255,6,2.00182595628313,external_inputs/apo2mol_aligned_1000/structures/THSR/sample_26_protein.pdb,40.0,0.0,0.0,0.0,0.0,2.0,ok,100.0
apo2mol,THSR,27,39,17.94871794871795,13,1.3275109352318966,external_inputs/apo2mol_aligned_1000/structures/THSR/sample_27_protein.pdb,40.0,0.0,0.0,0.0,0.0,1.0,ok,0.0
apo2mol,THSR,28,39,5.128205128205128,2,2.2782925437620696,external_inputs/apo2mol_aligned_1000/structures/THSR/sample_28_protein.pdb,42.0,0.0,0.0,0.0,0.0,1.0,ok,0.0
apo2mol,THSR,29,39,12.82051282051282,5,2.2622454010472866,external_inputs/apo2mol_aligned_1000/structures/THSR/sample_29_protein.pdb,44.0,0.0,0.0,0.0,0.0,1.0,ok,0.0
molgen_ns1.0,THSR,0,37,0.0,0,3.1902891718463438,external_inputs/rescore/structures/molgen_ns1.0/THSR/0.pdb,41.0,0.0,0.0,0.0,0.0,1.0,ok,0.0
molgen_ns1.0,THSR,1,45,0.0,0,3.1618523052160423,external_inputs/rescore/structures/molgen_ns1.0/THSR/1.pdb,51.0,0.0,0.0,0.0,0.0,1.0,ok,0.0
molgen_ns1.0,THSR,2,39,0.0,0,2.972716602705366,external_inputs/rescore/structures/molgen_ns1.0/THSR/2.pdb,43.0,0.0,0.0,0.0,0.0,1.0,ok,0.0
molgen_ns1.0,THSR,3,49,0.0,0,2.719391476047538,external_inputs/rescore/structures/molgen_ns1.0/THSR/3.pdb,54.0,0.0,0.0,0.0,0.0,1.0,ok,0.0
molgen_ns1.0,THSR,4,34,0.0,0,3.322650297578723,external_inputs/rescore/structures/molgen_ns1.0/THSR/4.pdb,36.0,0.0,0.0,0.0,0.0,1.0,ok,0.0
molgen_ns1.0,THSR,5,39,0.0,0,3.2417701954333653,external_inputs/rescore/structures/molgen_ns1.0/THSR/5.pdb,42.0,0.0,0.0,0.0,0.0,1.0,ok,0.0
molgen_ns1.0,THSR,6,43,0.0,0,3.407972564443583,external_inputs/rescore/structures/molgen_ns1.0/THSR/6.pdb,47.0,0.0,0.0,0.0,0.0,1.0,ok,0.0
molgen_ns1.0,THSR,7,36,0.0,0,3.3130206760598613,external_inputs/rescore/structures/molgen_ns1.0/THSR/7.pdb,39.0,0.0,0.0,0.0,0.0,1.0,ok,0.0
molgen_ns1.0,THSR,8,40,0.0,0,2.6762753968902544,external_inputs/rescore/structures/molgen_ns1.0/THSR/8.pdb,43.0,0.0,0.0,0.0,0.0,1.0,ok,0.0
molgen_ns1.0,THSR,9,46,0.0,0,3.157260363036278,external_inputs/rescore/structures/molgen_ns1.0/THSR/9.pdb,50.0,2.0,4.0,32.608695652173914,15.0,1.0,ok,100.0
molgen_ns1.0,THSR,10,35,0.0,0,3.1380906615329027,external_inputs/rescore/structures/molgen_ns1.0/THSR/10.pdb,37.0,0.0,0.0,0.0,0.0,1.0,ok,0.0
molgen_ns1.0,THSR,11,36,0.0,0,2.732594737607465,external_inputs/rescore/structures/molgen_ns1.0/THSR/11.pdb,38.0,0.0,0.0,0.0,0.0,1.0,ok,0.0
molgen_ns1.0,THSR,12,39,0.0,0,3.1399839171562847,external_inputs/rescore/structures/molgen_ns1.0/THSR/12.pdb,42.0,0.0,0.0,0.0,0.0,1.0,ok,0.0
molgen_ns1.0,THSR,13,44,0.0,0,2.9497857549320385,external_inputs/rescore/structures/molgen_ns1.0/THSR/13.pdb,49.0,0.0,0.0,0.0,0.0,1.0,ok,0.0
molgen_ns1.0,THSR,14,49,0.0,0,2.923803515970261,external_inputs/rescore/structures/molgen_ns1.0/THSR/14.pdb,55.0,0.0,0.0,0.0,0.0,1.0,ok,0.0
molgen_ns1.0,THSR,15,37,0.0,0,3.021694888634522,external_inputs/rescore/structures/molgen_ns1.0/THSR/15.pdb,40.0,0.0,0.0,0.0,0.0,1.0,ok,0.0
molgen_ns1.0,THSR,16,36,0.0,0,3.180765473907191,external_inputs/rescore/structures/molgen_ns1.0/THSR/16.pdb,39.0,0.0,0.0,0.0,0.0,1.0,ok,0.0
molgen_ns1.0,THSR,17,46,0.0,0,3.0262523027665544,external_inputs/rescore/structures/molgen_ns1.0/THSR/17.pdb,51.0,0.0,0.0,0.0,0.0,1.0,ok,0.0
molgen_ns1.0,THSR,18,42,0.0,0,3.1725122537194497,external_inputs/rescore/structures/molgen_ns1.0/THSR/18.pdb,47.0,0.0,0.0,0.0,0.0,1.0,ok,0.0
molgen_ns1.0,THSR,19,40,0.0,0,3.2066582293721395,external_inputs/rescore/structures/molgen_ns1.0/THSR/19.pdb,43.0,0.0,0.0,0.0,0.0,1.0,ok,0.0
molgen_ns1.0,THSR,20,44,0.0,0,3.118930105020011,external_inputs/rescore/structures/molgen_ns1.0/THSR/20.pdb,49.0,0.0,0.0,0.0,0.0,1.0,ok,0.0
molgen_ns1.0,THSR,21,45,0.0,0,3.1083469883524963,external_inputs/rescore/structures/molgen_ns1.0/THSR/21.pdb,49.0,0.0,0.0,0.0,0.0,1.0,ok,0.0
molgen_ns1.0,THSR,22,43,0.0,0,2.8356856313773835,external_inputs/rescore/structures/molgen_ns1.0/THSR/22.pdb,48.0,0.0,0.0,0.0,0.0,1.0,ok,0.0
molgen_ns1.0,THSR,23,34,0.0,0,2.760543787010084,external_inputs/rescore/structures/molgen_ns1.0/THSR/23.pdb,35.0,0.0,0.0,0.0,0.0,1.0,ok,0.0
molgen_ns1.0,THSR,24,47,0.0,0,3.198903093249337,external_inputs/rescore/structures/molgen_ns1.0/THSR/24.pdb,52.0,0.0,0.0,0.0,0.0,1.0,ok,0.0
molgen_ns1.0,THSR,25,45,0.0,0,3.015605080245098,external_inputs/rescore/structures/molgen_ns1.0/THSR/25.pdb,50.0,0.0,0.0,0.0,0.0,1.0,ok,0.0
molgen_ns1.0,THSR,26,34,0.0,0,3.296420786246807,external_inputs/rescore/structures/molgen_ns1.0/THSR/26.pdb,35.0,0.0,0.0,0.0,0.0,1.0,ok,0.0
molgen_ns1.0,THSR,27,47,0.0,0,3.1758806652643625,external_inputs/rescore/structures/molgen_ns1.0/THSR/27.pdb,53.0,0.0,0.0,0.0,0.0,1.0,ok,0.0
molgen_ns1.0,THSR,28,52,0.0,0,3.2193853450619967,external_inputs/rescore/structures/molgen_ns1.0/THSR/28.pdb,59.0,0.0,0.0,0.0,0.0,1.0,ok,0.0
molgen_ns1.0,THSR,29,32,0.0,0,3.1453244665693907,external_inputs/rescore/structures/molgen_ns1.0/THSR/29.pdb,33.0,0.0,0.0,0.0,0.0,1.0,ok,0.0
apo2mol,p53_Y220C__4AGQ,0,30,6.666666666666667,2,2.4777904787808223,external_inputs/apo2mol_aligned_1000/structures/p53_Y220C__4AGQ/sample_0_protein.pdb,33.0,0.0,0.0,0.0,0.0,1.0,ok,0.0
apo2mol,p53_Y220C__4AGQ,1,30,16.666666666666664,5,2.0425943661925463,external_inputs/apo2mol_aligned_1000/structures/p53_Y220C__4AGQ/sample_1_protein.pdb,32.0,0.0,0.0,0.0,0.0,1.0,ok,0.0
apo2mol,p53_Y220C__4AGQ,2,30,13.333333333333334,4,1.8498009044546464,external_inputs/apo2mol_aligned_1000/structures/p53_Y220C__4AGQ/sample_2_protein.pdb,34.0,0.0,0.0,0.0,0.0,1.0,ok,0.0
apo2mol,p53_Y220C__4AGQ,3,30,3.333333333333333,1,2.4060574701441566,external_inputs/apo2mol_aligned_1000/structures/p53_Y220C__4AGQ/sample_3_protein.pdb,35.0,0.0,0.0,0.0,0.0,1.0,ok,0.0
apo2mol,p53_Y220C__4AGQ,4,30,3.333333333333333,1,2.477126179015768,external_inputs/apo2mol_aligned_1000/structures/p53_Y220C__4AGQ/sample_4_protein.pdb,36.0,0.0,0.0,0.0,0.0,1.0,ok,0.0
apo2mol,p53_Y220C__4AGQ,5,30,0.0,0,2.631634533803619,external_inputs/apo2mol_aligned_1000/structures/p53_Y220C__4AGQ/sample_5_protein.pdb,31.0,0.0,0.0,10.0,2.0,1.0,ok,0.0
apo2mol,p53_Y220C__4AGQ,6,30,3.333333333333333,1,2.0564047366033957,external_inputs/apo2mol_aligned_1000/structures/p53_Y220C__4AGQ/sample_6_protein.pdb,34.0,0.0,0.0,0.0,0.0,1.0,ok,0.0
apo2mol,p53_Y220C__4AGQ,7,30,3.333333333333333,1,2.1177195119416585,external_inputs/apo2mol_aligned_1000/structures/p53_Y220C__4AGQ/sample_7_protein.pdb,35.0,1.0,2.857142857142857,0.0,0.0,1.0,ok,100.0
apo2mol,p53_Y220C__4AGQ,8,30,13.333333333333334,5,2.2453373059445574,external_inputs/apo2mol_aligned_1000/structures/p53_Y220C__4AGQ/sample_8_protein.pdb,32.0,0.0,0.0,0.0,0.0,1.0,ok,0.0
apo2mol,p53_Y220C__4AGQ,9,30,0.0,0,2.530843577760027,external_inputs/apo2mol_aligned_1000/structures/p53_Y220C__4AGQ/sample_9_protein.pdb,31.0,0.0,0.0,0.0,0.0,1.0,ok,0.0
apo2mol,p53_Y220C__4AGQ,10,30,0.0,0,2.7907906609664512,external_inputs/apo2mol_aligned_1000/structures/p53_Y220C__4AGQ/sample_10_protein.pdb,35.0,0.0,0.0,0.0,0.0,1.0,ok,0.0
apo2mol,p53_Y220C__4AGQ,11,30,3.333333333333333,1,2.002570360447586,external_inputs/apo2mol_aligned_1000/structures/p53_Y220C__4AGQ/sample_11_protein.pdb,33.0,1.0,3.0303030303030303,0.0,0.0,1.0,ok,100.0
apo2mol,p53_Y220C__4AGQ,12,30,10.0,3,1.6874041102559618,external_inputs/apo2mol_aligned_1000/structures/p53_Y220C__4AGQ/sample_12_protein.pdb,34.0,0.0,0.0,0.0,0.0,1.0,ok,0.0
apo2mol,p53_Y220C__4AGQ,13,30,13.333333333333334,6,1.202002672476093,external_inputs/apo2mol_aligned_1000/structures/p53_Y220C__4AGQ/sample_13_protein.pdb,33.0,0.0,0.0,0.0,0.0,1.0,ok,0.0
apo2mol,p53_Y220C__4AGQ,14,30,0.0,0,2.743802478631228,external_inputs/apo2mol_aligned_1000/structures/p53_Y220C__4AGQ/sample_14_protein.pdb,34.0,0.0,0.0,0.0,0.0,1.0,ok,0.0
apo2mol,p53_Y220C__4AGQ,15,30,0.0,0,2.470949119837201,external_inputs/apo2mol_aligned_1000/structures/p53_Y220C__4AGQ/sample_15_protein.pdb,33.0,0.0,0.0,0.0,0.0,1.0,ok,0.0
apo2mol,p53_Y220C__4AGQ,16,30,26.666666666666668,10,1.4614921479079477,external_inputs/apo2mol_aligned_1000/structures/p53_Y220C__4AGQ/sample_16_protein.pdb,35.0,0.0,0.0,0.0,0.0,1.0,ok,0.0
apo2mol,p53_Y220C__4AGQ,17,30,10.0,3,1.2861642709596852,external_inputs/apo2mol_aligned_1000/structures/p53_Y220C__4AGQ/sample_17_protein.pdb,31.0,0.0,0.0,0.0,0.0,1.0,ok,0.0
apo2mol,p53_Y220C__4AGQ,18,30,10.0,3,1.9394737486301752,external_inputs/apo2mol_aligned_1000/structures/p53_Y220C__4AGQ/sample_18_protein.pdb,33.0,0.0,0.0,10.0,2.0,1.0,ok,0.0
apo2mol,p53_Y220C__4AGQ,19,30,3.333333333333333,1,2.4644611016554148,external_inputs/apo2mol_aligned_1000/structures/p53_Y220C__4AGQ/sample_19_protein.pdb,35.0,0.0,0.0,0.0,0.0,1.0,ok,0.0
apo2mol,p53_Y220C__4AGQ,20,30,13.333333333333334,4,1.764773578018521,external_inputs/apo2mol_aligned_1000/structures/p53_Y220C__4AGQ/sample_20_protein.pdb,34.0,0.0,0.0,0.0,0.0,1.0,ok,0.0
apo2mol,p53_Y220C__4AGQ,21,30,3.333333333333333,1,2.5163200341720118,external_inputs/apo2mol_aligned_1000/structures/p53_Y220C__4AGQ/sample_21_protein.pdb,35.0,0.0,0.0,0.0,0.0,1.0,ok,0.0
apo2mol,p53_Y220C__4AGQ,22,30,6.666666666666667,2,1.3349545054144316,external_inputs/apo2mol_aligned_1000/structures/p53_Y220C__4AGQ/sample_22_protein.pdb,34.0,0.0,0.0,6.666666666666667,1.0,1.0,ok,0.0
apo2mol,p53_Y220C__4AGQ,23,30,6.666666666666667,2,2.468694970493852,external_inputs/apo2mol_aligned_1000/structures/p53_Y220C__4AGQ/sample_23_protein.pdb,31.0,0.0,0.0,0.0,0.0,1.0,ok,0.0
apo2mol,p53_Y220C__4AGQ,24,30,3.333333333333333,1,2.0931637717642686,external_inputs/apo2mol_aligned_1000/structures/p53_Y220C__4AGQ/sample_24_protein.pdb,36.0,0.0,0.0,0.0,0.0,1.0,ok,0.0
apo2mol,p53_Y220C__4AGQ,25,30,3.333333333333333,1,2.288844484345716,external_inputs/apo2mol_aligned_1000/structures/p53_Y220C__4AGQ/sample_25_protein.pdb,35.0,0.0,0.0,0.0,0.0,1.0,ok,0.0
apo2mol,p53_Y220C__4AGQ,26,30,10.0,3,2.0866189042168126,external_inputs/apo2mol_aligned_1000/structures/p53_Y220C__4AGQ/sample_26_protein.pdb,32.0,0.0,0.0,0.0,0.0,1.0,ok,0.0
apo2mol,p53_Y220C__4AGQ,27,30,6.666666666666667,2,2.347317601522759,external_inputs/apo2mol_aligned_1000/structures/p53_Y220C__4AGQ/sample_27_protein.pdb,32.0,0.0,0.0,0.0,0.0,1.0,ok,0.0
apo2mol,p53_Y220C__4AGQ,28,30,6.666666666666667,2,2.132419913367174,external_inputs/apo2mol_aligned_1000/structures/p53_Y220C__4AGQ/sample_28_protein.pdb,34.0,0.0,0.0,0.0,0.0,1.0,ok,0.0
apo2mol,p53_Y220C__4AGQ,29,30,10.0,3,1.3515293622856246,external_inputs/apo2mol_aligned_1000/structures/p53_Y220C__4AGQ/sample_29_protein.pdb,35.0,0.0,0.0,0.0,0.0,1.0,ok,0.0
molgen_ns1.0,p53_Y220C__4AGQ,0,27,0.0,0,3.0000116666439878,external_inputs/rescore/structures/molgen_ns1.0/p53_Y220C__4AGQ/0.pdb,27.0,0.0,0.0,0.0,0.0,1.0,ok,0.0
molgen_ns1.0,p53_Y220C__4AGQ,1,18,0.0,0,3.104089238407941,external_inputs/rescore/structures/molgen_ns1.0/p53_Y220C__4AGQ/1.pdb,17.0,0.0,0.0,0.0,0.0,1.0,ok,0.0
molgen_ns1.0,p53_Y220C__4AGQ,2,27,0.0,0,2.870206612771976,external_inputs/rescore/structures/molgen_ns1.0/p53_Y220C__4AGQ/2.pdb,28.0,0.0,0.0,0.0,0.0,1.0,ok,0.0
molgen_ns1.0,p53_Y220C__4AGQ,3,34,0.0,0,3.262566627672151,external_inputs/rescore/structures/molgen_ns1.0/p53_Y220C__4AGQ/3.pdb,37.0,0.0,0.0,0.0,0.0,1.0,ok,0.0
molgen_ns1.0,p53_Y220C__4AGQ,4,28,0.0,0,3.096788659240395,external_inputs/rescore/structures/molgen_ns1.0/p53_Y220C__4AGQ/4.pdb,29.0,0.0,0.0,0.0,0.0,1.0,ok,0.0
molgen_ns1.0,p53_Y220C__4AGQ,5,29,0.0,0,3.106572709594933,external_inputs/rescore/structures/molgen_ns1.0/p53_Y220C__4AGQ/5.pdb,30.0,0.0,0.0,0.0,0.0,1.0,ok,0.0
molgen_ns1.0,p53_Y220C__4AGQ,6,32,0.0,0,2.755769402544413,external_inputs/rescore/structures/molgen_ns1.0/p53_Y220C__4AGQ/6.pdb,34.0,0.0,0.0,0.0,0.0,1.0,ok,0.0
molgen_ns1.0,p53_Y220C__4AGQ,7,26,0.0,0,2.961865965907306,external_inputs/rescore/structures/molgen_ns1.0/p53_Y220C__4AGQ/7.pdb,27.0,0.0,0.0,0.0,0.0,1.0,ok,0.0
molgen_ns1.0,p53_Y220C__4AGQ,8,34,0.0,0,3.1957714248675577,external_inputs/rescore/structures/molgen_ns1.0/p53_Y220C__4AGQ/8.pdb,36.0,0.0,0.0,0.0,0.0,1.0,ok,0.0
molgen_ns1.0,p53_Y220C__4AGQ,9,19,0.0,0,3.199988906230772,external_inputs/rescore/structures/molgen_ns1.0/p53_Y220C__4AGQ/9.pdb,19.0,0.0,0.0,0.0,0.0,1.0,ok,0.0
molgen_ns1.0,p53_Y220C__4AGQ,10,28,0.0,0,3.258985118100419,external_inputs/rescore/structures/molgen_ns1.0/p53_Y220C__4AGQ/10.pdb,29.0,0.0,0.0,0.0,0.0,1.0,ok,0.0
molgen_ns1.0,p53_Y220C__4AGQ,11,28,0.0,0,2.9378776353007003,external_inputs/rescore/structures/molgen_ns1.0/p53_Y220C__4AGQ/11.pdb,29.0,0.0,0.0,0.0,0.0,1.0,ok,0.0
molgen_ns1.0,p53_Y220C__4AGQ,12,31,0.0,0,2.982805558530436,external_inputs/rescore/structures/molgen_ns1.0/p53_Y220C__4AGQ/12.pdb,33.0,0.0,0.0,0.0,0.0,1.0,ok,0.0
molgen_ns1.0,p53_Y220C__4AGQ,13,25,4.0,1,2.283963659956075,external_inputs/rescore/structures/molgen_ns1.0/p53_Y220C__4AGQ/13.pdb,26.0,8.0,30.76923076923077,60.0,9.0,1.0,ok,100.0
molgen_ns1.0,p53_Y220C__4AGQ,14,27,0.0,0,3.066260752121383,external_inputs/rescore/structures/molgen_ns1.0/p53_Y220C__4AGQ/14.pdb,28.0,0.0,0.0,0.0,0.0,1.0,ok,0.0
molgen_ns1.0,p53_Y220C__4AGQ,15,21,0.0,0,2.6967322818552035,external_inputs/rescore/structures/molgen_ns1.0/p53_Y220C__4AGQ/15.pdb,20.0,0.0,0.0,0.0,0.0,1.0,ok,0.0
molgen_ns1.0,p53_Y220C__4AGQ,16,28,0.0,0,3.124671342717509,external_inputs/rescore/structures/molgen_ns1.0/p53_Y220C__4AGQ/16.pdb,29.0,0.0,0.0,0.0,0.0,1.0,ok,0.0
molgen_ns1.0,p53_Y220C__4AGQ,17,23,0.0,0,2.7793295954240427,external_inputs/rescore/structures/molgen_ns1.0/p53_Y220C__4AGQ/17.pdb,23.0,0.0,0.0,0.0,0.0,1.0,ok,0.0
molgen_ns1.0,p53_Y220C__4AGQ,18,29,0.0,0,2.840429192921384,external_inputs/rescore/structures/molgen_ns1.0/p53_Y220C__4AGQ/18.pdb,30.0,0.0,0.0,0.0,0.0,1.0,ok,0.0
molgen_ns1.0,p53_Y220C__4AGQ,19,28,0.0,0,2.760183327244771,external_inputs/rescore/structures/molgen_ns1.0/p53_Y220C__4AGQ/19.pdb,30.0,0.0,0.0,0.0,0.0,1.0,ok,0.0
molgen_ns1.0,p53_Y220C__4AGQ,20,29,0.0,0,3.3106124810977176,external_inputs/rescore/structures/molgen_ns1.0/p53_Y220C__4AGQ/20.pdb,30.0,0.0,0.0,0.0,0.0,1.0,ok,0.0
molgen_ns1.0,p53_Y220C__4AGQ,21,22,0.0,0,3.3334795634591883,external_inputs/rescore/structures/molgen_ns1.0/p53_Y220C__4AGQ/21.pdb,22.0,0.0,0.0,0.0,0.0,1.0,ok,0.0
molgen_ns1.0,p53_Y220C__4AGQ,22,28,0.0,0,3.0229750247066187,external_inputs/rescore/structures/molgen_ns1.0/p53_Y220C__4AGQ/22.pdb,29.0,0.0,0.0,0.0,0.0,1.0,ok,0.0
molgen_ns1.0,p53_Y220C__4AGQ,23,31,0.0,0,3.230685066669292,external_inputs/rescore/structures/molgen_ns1.0/p53_Y220C__4AGQ/23.pdb,33.0,0.0,0.0,0.0,0.0,1.0,ok,0.0
molgen_ns1.0,p53_Y220C__4AGQ,24,21,0.0,0,3.27216289325578,external_inputs/rescore/structures/molgen_ns1.0/p53_Y220C__4AGQ/24.pdb,21.0,0.0,0.0,0.0,0.0,1.0,ok,0.0
molgen_ns1.0,p53_Y220C__4AGQ,26,28,0.0,0,2.944439335425337,external_inputs/rescore/structures/molgen_ns1.0/p53_Y220C__4AGQ/26.pdb,29.0,0.0,0.0,0.0,0.0,1.0,ok,0.0
molgen_ns1.0,p53_Y220C__4AGQ,27,22,0.0,0,2.930361069902478,external_inputs/rescore/structures/molgen_ns1.0/p53_Y220C__4AGQ/27.pdb,22.0,0.0,0.0,9.090909090909092,1.0,1.0,ok,0.0
molgen_ns1.0,p53_Y220C__4AGQ,28,33,0.0,0,2.802603254119286,external_inputs/rescore/structures/molgen_ns1.0/p53_Y220C__4AGQ/28.pdb,35.0,0.0,0.0,0.0,0.0,1.0,ok,0.0
molgen_ns1.0,p53_Y220C__4AGQ,29,33,0.0,0,2.9271998565181714,external_inputs/rescore/structures/molgen_ns1.0/p53_Y220C__4AGQ/29.pdb,34.0,0.0,0.0,0.0,0.0,1.0,ok,0.0
apo2mol,HIF2alpha__6D0B,0,25,20.0,6,1.4068085217274582,external_inputs/apo2mol_aligned_1000/structures/HIF2alpha__6D0B/sample_0_protein.pdb,25.0,0.0,0.0,0.0,0.0,1.0,ok,0.0
apo2mol,HIF2alpha__6D0B,1,25,44.0,13,1.3974403447179888,external_inputs/apo2mol_aligned_1000/structures/HIF2alpha__6D0B/sample_1_protein.pdb,26.0,0.0,0.0,0.0,0.0,1.0,ok,0.0
apo2mol,HIF2alpha__6D0B,2,25,20.0,6,1.1363639135895365,external_inputs/apo2mol_aligned_1000/structures/HIF2alpha__6D0B/sample_2_protein.pdb,26.0,0.0,0.0,0.0,0.0,1.0,ok,0.0
apo2mol,HIF2alpha__6D0B,3,25,8.0,2,2.234733575112396,external_inputs/apo2mol_aligned_1000/structures/HIF2alpha__6D0B/sample_3_protein.pdb,28.0,0.0,0.0,0.0,0.0,1.0,ok,0.0
apo2mol,HIF2alpha__6D0B,4,25,0.0,0,2.394769024346865,external_inputs/apo2mol_aligned_1000/structures/HIF2alpha__6D0B/sample_4_protein.pdb,27.0,0.0,0.0,0.0,0.0,1.0,ok,0.0
apo2mol,HIF2alpha__6D0B,5,25,32.0,9,1.948638575997314,external_inputs/apo2mol_aligned_1000/structures/HIF2alpha__6D0B/sample_5_protein.pdb,26.0,0.0,0.0,0.0,0.0,1.0,ok,0.0
apo2mol,HIF2alpha__6D0B,6,25,20.0,6,1.2627713804256897,external_inputs/apo2mol_aligned_1000/structures/HIF2alpha__6D0B/sample_6_protein.pdb,26.0,0.0,0.0,0.0,0.0,1.0,ok,0.0
apo2mol,HIF2alpha__6D0B,7,25,4.0,1,2.3770968075667405,external_inputs/apo2mol_aligned_1000/structures/HIF2alpha__6D0B/sample_7_protein.pdb,27.0,0.0,0.0,0.0,0.0,1.0,ok,0.0
apo2mol,HIF2alpha__6D0B,8,25,16.0,4,1.2960228777690976,external_inputs/apo2mol_aligned_1000/structures/HIF2alpha__6D0B/sample_8_protein.pdb,27.0,0.0,0.0,8.0,1.0,2.0,ok,100.0
apo2mol,HIF2alpha__6D0B,9,25,8.0,3,2.281644644296672,external_inputs/apo2mol_aligned_1000/structures/HIF2alpha__6D0B/sample_9_protein.pdb,25.0,0.0,0.0,0.0,0.0,1.0,ok,0.0
apo2mol,HIF2alpha__6D0B,10,25,20.0,6,1.7435529561135654,external_inputs/apo2mol_aligned_1000/structures/HIF2alpha__6D0B/sample_10_protein.pdb,28.0,0.0,0.0,0.0,0.0,1.0,ok,0.0
apo2mol,HIF2alpha__6D0B,11,25,16.0,4,1.827760096191661,external_inputs/apo2mol_aligned_1000/structures/HIF2alpha__6D0B/sample_11_protein.pdb,27.0,1.0,3.7037037037037033,0.0,0.0,1.0,ok,100.0
apo2mol,HIF2alpha__6D0B,12,25,8.0,3,1.2572760057263728,external_inputs/apo2mol_aligned_1000/structures/HIF2alpha__6D0B/sample_12_protein.pdb,27.0,0.0,0.0,0.0,0.0,1.0,ok,0.0
apo2mol,HIF2alpha__6D0B,13,25,4.0,1,2.429048144741739,external_inputs/apo2mol_aligned_1000/structures/HIF2alpha__6D0B/sample_13_protein.pdb,25.0,0.0,0.0,0.0,0.0,1.0,ok,0.0
apo2mol,HIF2alpha__6D0B,14,25,12.0,4,1.5848490734827072,external_inputs/apo2mol_aligned_1000/structures/HIF2alpha__6D0B/sample_14_protein.pdb,27.0,0.0,0.0,0.0,0.0,1.0,ok,0.0
apo2mol,HIF2alpha__6D0B,15,25,4.0,1,2.544823472119369,external_inputs/apo2mol_aligned_1000/structures/HIF2alpha__6D0B/sample_15_protein.pdb,26.0,0.0,0.0,0.0,0.0,1.0,ok,0.0
apo2mol,HIF2alpha__6D0B,16,25,12.0,4,1.9379664534610423,external_inputs/apo2mol_aligned_1000/structures/HIF2alpha__6D0B/sample_16_protein.pdb,27.0,0.0,0.0,0.0,0.0,1.0,ok,0.0
apo2mol,HIF2alpha__6D0B,17,25,4.0,1,2.1266647501561886,external_inputs/apo2mol_aligned_1000/structures/HIF2alpha__6D0B/sample_17_protein.pdb,27.0,0.0,0.0,0.0,0.0,1.0,ok,0.0
apo2mol,HIF2alpha__6D0B,18,25,0.0,0,2.694282816453018,external_inputs/apo2mol_aligned_1000/structures/HIF2alpha__6D0B/sample_18_protein.pdb,24.0,0.0,0.0,0.0,0.0,1.0,ok,0.0
apo2mol,HIF2alpha__6D0B,19,25,32.0,15,0.7641865807265087,external_inputs/apo2mol_aligned_1000/structures/HIF2alpha__6D0B/sample_19_protein.pdb,26.0,0.0,0.0,0.0,0.0,1.0,ok,0.0
apo2mol,HIF2alpha__6D0B,20,25,4.0,1,2.177747589186571,external_inputs/apo2mol_aligned_1000/structures/HIF2alpha__6D0B/sample_20_protein.pdb,26.0,0.0,0.0,0.0,0.0,1.0,ok,0.0
apo2mol,HIF2alpha__6D0B,21,25,36.0,11,1.4409780522728373,external_inputs/apo2mol_aligned_1000/structures/HIF2alpha__6D0B/sample_21_protein.pdb,27.0,0.0,0.0,0.0,0.0,1.0,ok,0.0
apo2mol,HIF2alpha__6D0B,22,25,16.0,6,1.403129008909049,external_inputs/apo2mol_aligned_1000/structures/HIF2alpha__6D0B/sample_22_protein.pdb,27.0,0.0,0.0,0.0,0.0,1.0,ok,0.0
apo2mol,HIF2alpha__6D0B,23,25,20.0,6,1.8364685269512424,external_inputs/apo2mol_aligned_1000/structures/HIF2alpha__6D0B/sample_23_protein.pdb,24.0,0.0,0.0,0.0,0.0,1.0,ok,0.0
apo2mol,HIF2alpha__6D0B,24,25,12.0,4,1.679007527277942,external_inputs/apo2mol_aligned_1000/structures/HIF2alpha__6D0B/sample_24_protein.pdb,27.0,0.0,0.0,0.0,0.0,1.0,ok,0.0
apo2mol,HIF2alpha__6D0B,25,25,12.0,4,1.7770732181866724,external_inputs/apo2mol_aligned_1000/structures/HIF2alpha__6D0B/sample_25_protein.pdb,25.0,0.0,0.0,0.0,0.0,2.0,ok,100.0
apo2mol,HIF2alpha__6D0B,26,25,16.0,4,2.1421347887900875,external_inputs/apo2mol_aligned_1000/structures/HIF2alpha__6D0B/sample_26_protein.pdb,26.0,0.0,0.0,0.0,0.0,1.0,ok,0.0
apo2mol,HIF2alpha__6D0B,27,25,4.0,3,1.1151490942598197,external_inputs/apo2mol_aligned_1000/structures/HIF2alpha__6D0B/sample_27_protein.pdb,27.0,1.0,3.7037037037037033,0.0,0.0,1.0,ok,100.0
apo2mol,HIF2alpha__6D0B,28,25,16.0,5,2.186319268170788,external_inputs/apo2mol_aligned_1000/structures/HIF2alpha__6D0B/sample_28_protein.pdb,26.0,0.0,0.0,0.0,0.0,1.0,ok,0.0
apo2mol,HIF2alpha__6D0B,29,25,28.000000000000004,12,0.9386128159832235,external_inputs/apo2mol_aligned_1000/structures/HIF2alpha__6D0B/sample_29_protein.pdb,27.0,0.0,0.0,0.0,0.0,1.0,ok,0.0
molgen_ns1.0,HIF2alpha__6D0B,0,17,0.0,0,3.3548582682432357,external_inputs/rescore/structures/molgen_ns1.0/HIF2alpha__6D0B/0.pdb,16.0,0.0,0.0,0.0,0.0,1.0,ok,0.0
molgen_ns1.0,HIF2alpha__6D0B,1,23,0.0,0,2.6972144890608902,external_inputs/rescore/structures/molgen_ns1.0/HIF2alpha__6D0B/1.pdb,23.0,0.0,0.0,0.0,0.0,1.0,ok,0.0
molgen_ns1.0,HIF2alpha__6D0B,2,20,0.0,0,3.394883503155888,external_inputs/rescore/structures/molgen_ns1.0/HIF2alpha__6D0B/2.pdb,20.0,0.0,0.0,0.0,0.0,1.0,ok,0.0
molgen_ns1.0,HIF2alpha__6D0B,3,23,0.0,0,2.7166131487571064,external_inputs/rescore/structures/molgen_ns1.0/HIF2alpha__6D0B/3.pdb,23.0,0.0,0.0,0.0,0.0,1.0,ok,0.0
molgen_ns1.0,HIF2alpha__6D0B,4,18,0.0,0,2.7706715792385066,external_inputs/rescore/structures/molgen_ns1.0/HIF2alpha__6D0B/4.pdb,17.0,0.0,0.0,0.0,0.0,1.0,ok,0.0
molgen_ns1.0,HIF2alpha__6D0B,5,37,0.0,0,2.839469844883019,external_inputs/rescore/structures/molgen_ns1.0/HIF2alpha__6D0B/5.pdb,41.0,0.0,0.0,0.0,0.0,1.0,ok,0.0
molgen_ns1.0,HIF2alpha__6D0B,6,24,0.0,0,2.762818488428074,external_inputs/rescore/structures/molgen_ns1.0/HIF2alpha__6D0B/6.pdb,25.0,0.0,0.0,0.0,0.0,1.0,ok,0.0
molgen_ns1.0,HIF2alpha__6D0B,7,25,0.0,0,3.203604220249435,external_inputs/rescore/structures/molgen_ns1.0/HIF2alpha__6D0B/7.pdb,27.0,0.0,0.0,0.0,0.0,1.0,ok,0.0
molgen_ns1.0,HIF2alpha__6D0B,8,17,0.0,0,2.837638807177545,external_inputs/rescore/structures/molgen_ns1.0/HIF2alpha__6D0B/8.pdb,18.0,0.0,0.0,0.0,0.0,1.0,ok,0.0
molgen_ns1.0,HIF2alpha__6D0B,9,25,0.0,0,3.146686193442238,external_inputs/rescore/structures/molgen_ns1.0/HIF2alpha__6D0B/9.pdb,26.0,0.0,0.0,0.0,0.0,1.0,ok,0.0
molgen_ns1.0,HIF2alpha__6D0B,10,26,0.0,0,2.8072288827240293,external_inputs/rescore/structures/molgen_ns1.0/HIF2alpha__6D0B/10.pdb,27.0,0.0,0.0,0.0,0.0,1.0,ok,0.0
molgen_ns1.0,HIF2alpha__6D0B,11,18,0.0,0,2.777794268839937,external_inputs/rescore/structures/molgen_ns1.0/HIF2alpha__6D0B/11.pdb,17.0,0.0,0.0,0.0,0.0,1.0,ok,0.0
molgen_ns1.0,HIF2alpha__6D0B,12,24,0.0,0,3.172497596531792,external_inputs/rescore/structures/molgen_ns1.0/HIF2alpha__6D0B/12.pdb,26.0,0.0,0.0,0.0,0.0,1.0,ok,0.0
molgen_ns1.0,HIF2alpha__6D0B,13,24,0.0,0,2.604315073104634,external_inputs/rescore/structures/molgen_ns1.0/HIF2alpha__6D0B/13.pdb,25.0,0.0,0.0,0.0,0.0,1.0,ok,0.0
molgen_ns1.0,HIF2alpha__6D0B,14,22,0.0,0,2.608248646122528,external_inputs/rescore/structures/molgen_ns1.0/HIF2alpha__6D0B/14.pdb,21.0,0.0,0.0,0.0,0.0,1.0,ok,0.0
molgen_ns1.0,HIF2alpha__6D0B,15,23,0.0,0,2.6884266774453787,external_inputs/rescore/structures/molgen_ns1.0/HIF2alpha__6D0B/15.pdb,24.0,0.0,0.0,0.0,0.0,1.0,ok,0.0
molgen_ns1.0,HIF2alpha__6D0B,16,17,0.0,0,2.778956818664155,external_inputs/rescore/structures/molgen_ns1.0/HIF2alpha__6D0B/16.pdb,16.0,0.0,0.0,0.0,0.0,1.0,ok,0.0
molgen_ns1.0,HIF2alpha__6D0B,17,20,0.0,0,2.8486105384906515,external_inputs/rescore/structures/molgen_ns1.0/HIF2alpha__6D0B/17.pdb,19.0,0.0,0.0,0.0,0.0,1.0,ok,0.0
molgen_ns1.0,HIF2alpha__6D0B,18,23,0.0,0,2.81556548494259,external_inputs/rescore/structures/molgen_ns1.0/HIF2alpha__6D0B/18.pdb,23.0,0.0,0.0,0.0,0.0,1.0,ok,0.0
molgen_ns1.0,HIF2alpha__6D0B,19,25,0.0,0,2.693287025179456,external_inputs/rescore/structures/molgen_ns1.0/HIF2alpha__6D0B/19.pdb,27.0,0.0,0.0,0.0,0.0,1.0,ok,0.0
molgen_ns1.0,HIF2alpha__6D0B,20,28,0.0,0,2.5828805624728366,external_inputs/rescore/structures/molgen_ns1.0/HIF2alpha__6D0B/20.pdb,27.0,0.0,0.0,0.0,0.0,1.0,ok,0.0
molgen_ns1.0,HIF2alpha__6D0B,21,26,0.0,0,2.901941419119275,external_inputs/rescore/structures/molgen_ns1.0/HIF2alpha__6D0B/21.pdb,28.0,0.0,0.0,0.0,0.0,1.0,ok,0.0
molgen_ns1.0,HIF2alpha__6D0B,22,21,0.0,0,3.163578511748997,external_inputs/rescore/structures/molgen_ns1.0/HIF2alpha__6D0B/22.pdb,21.0,0.0,0.0,0.0,0.0,1.0,ok,0.0
molgen_ns1.0,HIF2alpha__6D0B,24,23,0.0,0,2.877333835341324,external_inputs/rescore/structures/molgen_ns1.0/HIF2alpha__6D0B/24.pdb,24.0,0.0,0.0,0.0,0.0,1.0,ok,0.0
molgen_ns1.0,HIF2alpha__6D0B,25,33,0.0,0,2.7643534506281924,external_inputs/rescore/structures/molgen_ns1.0/HIF2alpha__6D0B/25.pdb,37.0,0.0,0.0,0.0,0.0,1.0,ok,0.0
molgen_ns1.0,HIF2alpha__6D0B,26,18,0.0,0,3.2394439337639422,external_inputs/rescore/structures/molgen_ns1.0/HIF2alpha__6D0B/26.pdb,18.0,0.0,0.0,0.0,0.0,1.0,ok,0.0
molgen_ns1.0,HIF2alpha__6D0B,27,21,0.0,0,2.719565590310334,external_inputs/rescore/structures/molgen_ns1.0/HIF2alpha__6D0B/27.pdb,22.0,0.0,0.0,0.0,0.0,1.0,ok,0.0
molgen_ns1.0,HIF2alpha__6D0B,28,23,0.0,0,2.6476453690024275,external_inputs/rescore/structures/molgen_ns1.0/HIF2alpha__6D0B/28.pdb,23.0,0.0,0.0,0.0,0.0,1.0,ok,0.0
molgen_ns1.0,HIF2alpha__6D0B,29,20,0.0,0,2.819197226162085,external_inputs/rescore/structures/molgen_ns1.0/HIF2alpha__6D0B/29.pdb,19.0,0.0,0.0,0.0,0.0,1.0,ok,0.0
apo2mol,HIV_RT__3V81,0,20,30.0,14,1.250982665390316,external_inputs/apo2mol_aligned_1000/structures/HIV_RT__3V81/sample_0_protein.pdb,20.0,0.0,0.0,0.0,0.0,1.0,ok,0.0
apo2mol,HIV_RT__3V81,1,20,5.0,2,2.0399162328626868,external_inputs/apo2mol_aligned_1000/structures/HIV_RT__3V81/sample_1_protein.pdb,21.0,0.0,0.0,0.0,0.0,1.0,ok,0.0
apo2mol,HIV_RT__3V81,2,20,15.0,4,2.0524191950965607,external_inputs/apo2mol_aligned_1000/structures/HIV_RT__3V81/sample_2_protein.pdb,22.0,0.0,0.0,0.0,0.0,1.0,ok,0.0
apo2mol,HIV_RT__3V81,3,20,15.0,5,1.976482262000632,external_inputs/apo2mol_aligned_1000/structures/HIV_RT__3V81/sample_3_protein.pdb,22.0,0.0,0.0,0.0,0.0,1.0,ok,0.0
apo2mol,HIV_RT__3V81,4,20,25.0,9,1.9127170056119875,external_inputs/apo2mol_aligned_1000/structures/HIV_RT__3V81/sample_4_protein.pdb,23.0,0.0,0.0,0.0,0.0,1.0,ok,0.0
apo2mol,HIV_RT__3V81,5,20,0.0,0,2.5613895521151,external_inputs/apo2mol_aligned_1000/structures/HIV_RT__3V81/sample_5_protein.pdb,22.0,0.0,0.0,0.0,0.0,1.0,ok,0.0
apo2mol,HIV_RT__3V81,6,20,35.0,18,1.542323227675453,external_inputs/apo2mol_aligned_1000/structures/HIV_RT__3V81/sample_6_protein.pdb,21.0,0.0,0.0,0.0,0.0,1.0,ok,0.0
apo2mol,HIV_RT__3V81,7,20,25.0,6,1.9774053173057808,external_inputs/apo2mol_aligned_1000/structures/HIV_RT__3V81/sample_7_protein.pdb,22.0,0.0,0.0,0.0,0.0,1.0,ok,0.0
apo2mol,HIV_RT__3V81,8,20,0.0,0,2.588361889392083,external_inputs/apo2mol_aligned_1000/structures/HIV_RT__3V81/sample_8_protein.pdb,,,,,,,unparseable,
apo2mol,HIV_RT__3V81,9,20,0.0,0,2.5929729909680432,external_inputs/apo2mol_aligned_1000/structures/HIV_RT__3V81/sample_9_protein.pdb,21.0,0.0,0.0,0.0,0.0,2.0,ok,100.0
apo2mol,HIV_RT__3V81,10,20,5.0,1,2.4002697453758204,external_inputs/apo2mol_aligned_1000/structures/HIV_RT__3V81/sample_10_protein.pdb,22.0,0.0,0.0,0.0,0.0,1.0,ok,0.0
apo2mol,HIV_RT__3V81,11,20,15.0,4,1.271708894403333,external_inputs/apo2mol_aligned_1000/structures/HIV_RT__3V81/sample_11_protein.pdb,21.0,0.0,0.0,0.0,0.0,1.0,ok,0.0
apo2mol,HIV_RT__3V81,12,20,10.0,2,2.239283640132071,external_inputs/apo2mol_aligned_1000/structures/HIV_RT__3V81/sample_12_protein.pdb,21.0,0.0,0.0,0.0,0.0,1.0,ok,0.0
apo2mol,HIV_RT__3V81,13,20,55.00000000000001,22,1.0281726687654849,external_inputs/apo2mol_aligned_1000/structures/HIV_RT__3V81/sample_13_protein.pdb,21.0,0.0,0.0,0.0,0.0,1.0,ok,0.0
apo2mol,HIV_RT__3V81,14,20,5.0,1,2.5367152757455766,external_inputs/apo2mol_aligned_1000/structures/HIV_RT__3V81/sample_14_protein.pdb,21.0,0.0,0.0,0.0,0.0,1.0,ok,0.0
apo2mol,HIV_RT__3V81,15,20,25.0,11,1.2510701983817818,external_inputs/apo2mol_aligned_1000/structures/HIV_RT__3V81/sample_15_protein.pdb,20.0,0.0,0.0,0.0,0.0,1.0,ok,0.0
apo2mol,HIV_RT__3V81,16,20,50.0,21,0.3267406426664581,external_inputs/apo2mol_aligned_1000/structures/HIV_RT__3V81/sample_16_protein.pdb,21.0,0.0,0.0,0.0,0.0,1.0,ok,0.0
apo2mol,HIV_RT__3V81,17,20,0.0,0,2.5634564066499226,external_inputs/apo2mol_aligned_1000/structures/HIV_RT__3V81/sample_17_protein.pdb,23.0,0.0,0.0,0.0,0.0,1.0,ok,0.0
apo2mol,HIV_RT__3V81,18,20,5.0,2,2.48718417657664,external_inputs/apo2mol_aligned_1000/structures/HIV_RT__3V81/sample_18_protein.pdb,21.0,0.0,0.0,0.0,0.0,1.0,ok,0.0
apo2mol,HIV_RT__3V81,19,20,0.0,0,2.7352535867362278,external_inputs/apo2mol_aligned_1000/structures/HIV_RT__3V81/sample_19_protein.pdb,21.0,0.0,0.0,0.0,0.0,1.0,ok,0.0
apo2mol,HIV_RT__3V81,20,20,10.0,4,1.4564375716556004,external_inputs/apo2mol_aligned_1000/structures/HIV_RT__3V81/sample_20_protein.pdb,21.0,0.0,0.0,0.0,0.0,1.0,ok,0.0
apo2mol,HIV_RT__3V81,21,20,25.0,20,1.0477728755089588,external_inputs/apo2mol_aligned_1000/structures/HIV_RT__3V81/sample_21_protein.pdb,22.0,0.0,0.0,0.0,0.0,1.0,ok,0.0
apo2mol,HIV_RT__3V81,22,20,5.0,2,2.2153794665604627,external_inputs/apo2mol_aligned_1000/structures/HIV_RT__3V81/sample_22_protein.pdb,21.0,0.0,0.0,0.0,0.0,1.0,ok,0.0
apo2mol,HIV_RT__3V81,23,20,35.0,20,0.6985402474623197,external_inputs/apo2mol_aligned_1000/structures/HIV_RT__3V81/sample_23_protein.pdb,22.0,1.0,4.545454545454546,0.0,0.0,1.0,ok,100.0
apo2mol,HIV_RT__3V81,24,20,15.0,4,0.9045076475379528,external_inputs/apo2mol_aligned_1000/structures/HIV_RT__3V81/sample_24_protein.pdb,22.0,0.0,0.0,0.0,0.0,1.0,ok,0.0
apo2mol,HIV_RT__3V81,25,20,20.0,7,1.857907061749179,external_inputs/apo2mol_aligned_1000/structures/HIV_RT__3V81/sample_25_protein.pdb,21.0,0.0,0.0,0.0,0.0,1.0,ok,0.0
apo2mol,HIV_RT__3V81,26,20,35.0,11,1.5693845112574636,external_inputs/apo2mol_aligned_1000/structures/HIV_RT__3V81/sample_26_protein.pdb,22.0,0.0,0.0,0.0,0.0,1.0,ok,0.0
apo2mol,HIV_RT__3V81,27,20,10.0,2,2.088411220708124,external_inputs/apo2mol_aligned_1000/structures/HIV_RT__3V81/sample_27_protein.pdb,21.0,0.0,0.0,0.0,0.0,1.0,ok,0.0
apo2mol,HIV_RT__3V81,28,20,5.0,1,2.198404673989985,external_inputs/apo2mol_aligned_1000/structures/HIV_RT__3V81/sample_28_protein.pdb,23.0,0.0,0.0,0.0,0.0,1.0,ok,0.0
apo2mol,HIV_RT__3V81,29,20,5.0,1,2.420054580785865,external_inputs/apo2mol_aligned_1000/structures/HIV_RT__3V81/sample_29_protein.pdb,21.0,0.0,0.0,0.0,0.0,1.0,ok,0.0
molgen_ns1.0,HIV_RT__3V81,0,18,0.0,0,3.2041674425660087,external_inputs/rescore/structures/molgen_ns1.0/HIV_RT__3V81/0.pdb,20.0,0.0,0.0,0.0,0.0,1.0,ok,0.0
molgen_ns1.0,HIV_RT__3V81,1,23,0.0,0,3.1928116136095457,external_inputs/rescore/structures/molgen_ns1.0/HIV_RT__3V81/1.pdb,26.0,0.0,0.0,0.0,0.0,1.0,ok,0.0
molgen_ns1.0,HIV_RT__3V81,2,18,0.0,0,3.1393384653458454,external_inputs/rescore/structures/molgen_ns1.0/HIV_RT__3V81/2.pdb,20.0,0.0,0.0,0.0,0.0,1.0,ok,0.0
molgen_ns1.0,HIV_RT__3V81,3,16,0.0,0,3.262215351567089,external_inputs/rescore/structures/molgen_ns1.0/HIV_RT__3V81/3.pdb,18.0,0.0,0.0,0.0,0.0,1.0,ok,0.0
molgen_ns1.0,HIV_RT__3V81,4,13,0.0,0,3.169945109934877,external_inputs/rescore/structures/molgen_ns1.0/HIV_RT__3V81/4.pdb,14.0,0.0,0.0,0.0,0.0,1.0,ok,0.0
molgen_ns1.0,HIV_RT__3V81,5,13,0.0,0,2.9209842519260514,external_inputs/rescore/structures/molgen_ns1.0/HIV_RT__3V81/5.pdb,14.0,0.0,0.0,0.0,0.0,1.0,ok,0.0
molgen_ns1.0,HIV_RT__3V81,6,12,0.0,0,3.1178348256442305,external_inputs/rescore/structures/molgen_ns1.0/HIV_RT__3V81/6.pdb,12.0,0.0,0.0,0.0,0.0,1.0,ok,0.0
molgen_ns1.0,HIV_RT__3V81,7,16,0.0,0,3.3804320729752835,external_inputs/rescore/structures/molgen_ns1.0/HIV_RT__3V81/7.pdb,18.0,0.0,0.0,0.0,0.0,1.0,ok,0.0
molgen_ns1.0,HIV_RT__3V81,8,11,0.0,0,3.192966019236662,external_inputs/rescore/structures/molgen_ns1.0/HIV_RT__3V81/8.pdb,12.0,0.0,0.0,0.0,0.0,1.0,ok,0.0
molgen_ns1.0,HIV_RT__3V81,9,21,0.0,0,3.108070301650207,external_inputs/rescore/structures/molgen_ns1.0/HIV_RT__3V81/9.pdb,24.0,0.0,0.0,0.0,0.0,1.0,ok,0.0
molgen_ns1.0,HIV_RT__3V81,10,13,0.0,0,3.4551811819353238,external_inputs/rescore/structures/molgen_ns1.0/HIV_RT__3V81/10.pdb,14.0,0.0,0.0,0.0,0.0,1.0,ok,0.0
molgen_ns1.0,HIV_RT__3V81,11,23,0.0,0,3.1615897899632666,external_inputs/rescore/structures/molgen_ns1.0/HIV_RT__3V81/11.pdb,26.0,0.0,0.0,0.0,0.0,1.0,ok,0.0
molgen_ns1.0,HIV_RT__3V81,12,18,0.0,0,3.243077704896998,external_inputs/rescore/structures/molgen_ns1.0/HIV_RT__3V81/12.pdb,20.0,0.0,0.0,0.0,0.0,1.0,ok,0.0
molgen_ns1.0,HIV_RT__3V81,13,16,0.0,0,3.145925936826866,external_inputs/rescore/structures/molgen_ns1.0/HIV_RT__3V81/13.pdb,18.0,0.0,0.0,0.0,0.0,1.0,ok,0.0
molgen_ns1.0,HIV_RT__3V81,14,22,0.0,0,3.152589253296411,external_inputs/rescore/structures/molgen_ns1.0/HIV_RT__3V81/14.pdb,25.0,0.0,0.0,0.0,0.0,1.0,ok,0.0
molgen_ns1.0,HIV_RT__3V81,15,23,0.0,0,3.071053565146654,external_inputs/rescore/structures/molgen_ns1.0/HIV_RT__3V81/15.pdb,26.0,0.0,0.0,0.0,0.0,1.0,ok,0.0
molgen_ns1.0,HIV_RT__3V81,16,21,0.0,0,3.0740504224882206,external_inputs/rescore/structures/molgen_ns1.0/HIV_RT__3V81/16.pdb,23.0,0.0,0.0,0.0,0.0,1.0,ok,0.0
molgen_ns1.0,HIV_RT__3V81,17,11,0.0,0,3.111579823819411,external_inputs/rescore/structures/molgen_ns1.0/HIV_RT__3V81/17.pdb,12.0,0.0,0.0,0.0,0.0,1.0,ok,0.0
molgen_ns1.0,HIV_RT__3V81,18,19,0.0,0,3.0874555867250977,external_inputs/rescore/structures/molgen_ns1.0/HIV_RT__3V81/18.pdb,22.0,0.0,0.0,0.0,0.0,1.0,ok,0.0
molgen_ns1.0,HIV_RT__3V81,19,25,0.0,0,3.1090955276414367,external_inputs/rescore/structures/molgen_ns1.0/HIV_RT__3V81/19.pdb,28.0,0.0,0.0,0.0,0.0,1.0,ok,0.0
molgen_ns1.0,HIV_RT__3V81,20,19,0.0,0,3.1839079760571,external_inputs/rescore/structures/molgen_ns1.0/HIV_RT__3V81/20.pdb,21.0,0.0,0.0,0.0,0.0,1.0,ok,0.0
molgen_ns1.0,HIV_RT__3V81,21,16,0.0,0,3.1241019509612715,external_inputs/rescore/structures/molgen_ns1.0/HIV_RT__3V81/21.pdb,18.0,0.0,0.0,0.0,0.0,1.0,ok,0.0
molgen_ns1.0,HIV_RT__3V81,22,23,0.0,0,3.17258412024016,external_inputs/rescore/structures/molgen_ns1.0/HIV_RT__3V81/22.pdb,26.0,0.0,0.0,0.0,0.0,1.0,ok,0.0
molgen_ns1.0,HIV_RT__3V81,23,13,0.0,0,2.691814629576119,external_inputs/rescore/structures/molgen_ns1.0/HIV_RT__3V81/23.pdb,14.0,0.0,0.0,0.0,0.0,1.0,ok,0.0
molgen_ns1.0,HIV_RT__3V81,24,12,0.0,0,3.1299346638548267,external_inputs/rescore/structures/molgen_ns1.0/HIV_RT__3V81/24.pdb,13.0,0.0,0.0,0.0,0.0,1.0,ok,0.0
molgen_ns1.0,HIV_RT__3V81,25,16,0.0,0,2.960550117799052,external_inputs/rescore/structures/molgen_ns1.0/HIV_RT__3V81/25.pdb,18.0,0.0,0.0,0.0,0.0,1.0,ok,0.0
molgen_ns1.0,HIV_RT__3V81,26,16,0.0,0,3.2238027234928626,external_inputs/rescore/structures/molgen_ns1.0/HIV_RT__3V81/26.pdb,18.0,0.0,0.0,0.0,0.0,1.0,ok,0.0
molgen_ns1.0,HIV_RT__3V81,27,15,0.0,0,3.3091178582818697,external_inputs/rescore/structures/molgen_ns1.0/HIV_RT__3V81/27.pdb,16.0,0.0,0.0,0.0,0.0,1.0,ok,0.0
molgen_ns1.0,HIV_RT__3V81,28,16,0.0,0,3.209282941717665,external_inputs/rescore/structures/molgen_ns1.0/HIV_RT__3V81/28.pdb,18.0,0.0,0.0,0.0,0.0,1.0,ok,0.0
molgen_ns1.0,HIV_RT__3V81,29,10,0.0,0,2.822200028346679,external_inputs/rescore/structures/molgen_ns1.0/HIV_RT__3V81/29.pdb,10.0,0.0,0.0,0.0,0.0,1.0,ok,0.0
apo2mol,THSR__7UTZ,0,40,0.0,0,2.5536639043414264,external_inputs/apo2mol_aligned_1000/structures/THSR__7UTZ/sample_0_protein.pdb,42.0,0.0,0.0,0.0,0.0,1.0,ok,0.0
apo2mol,THSR__7UTZ,1,40,7.5,4,1.7124440591969496,external_inputs/apo2mol_aligned_1000/structures/THSR__7UTZ/sample_1_protein.pdb,41.0,0.0,0.0,0.0,0.0,1.0,ok,0.0
apo2mol,THSR__7UTZ,2,40,7.5,3,2.3575294049646907,external_inputs/apo2mol_aligned_1000/structures/THSR__7UTZ/sample_2_protein.pdb,43.0,0.0,0.0,0.0,0.0,1.0,ok,0.0
apo2mol,THSR__7UTZ,3,40,2.5,2,2.400064022280288,external_inputs/apo2mol_aligned_1000/structures/THSR__7UTZ/sample_3_protein.pdb,39.0,0.0,0.0,5.0,1.0,3.0,ok,100.0
apo2mol,THSR__7UTZ,4,40,15.0,10,0.8562406684649129,external_inputs/apo2mol_aligned_1000/structures/THSR__7UTZ/sample_4_protein.pdb,,,,,,,unparseable,
apo2mol,THSR__7UTZ,5,40,0.0,0,2.5794308352424893,external_inputs/apo2mol_aligned_1000/structures/THSR__7UTZ/sample_5_protein.pdb,45.0,0.0,0.0,0.0,0.0,1.0,ok,0.0
apo2mol,THSR__7UTZ,6,40,2.5,1,2.468462889611988,external_inputs/apo2mol_aligned_1000/structures/THSR__7UTZ/sample_6_protein.pdb,43.0,0.0,0.0,0.0,0.0,1.0,ok,0.0
apo2mol,THSR__7UTZ,7,40,10.0,5,1.7043056313831415,external_inputs/apo2mol_aligned_1000/structures/THSR__7UTZ/sample_7_protein.pdb,44.0,0.0,0.0,0.0,0.0,1.0,ok,0.0
apo2mol,THSR__7UTZ,8,40,2.5,1,2.2896836145785087,external_inputs/apo2mol_aligned_1000/structures/THSR__7UTZ/sample_8_protein.pdb,43.0,0.0,0.0,0.0,0.0,2.0,ok,100.0
apo2mol,THSR__7UTZ,9,40,7.5,3,2.010892380870908,external_inputs/apo2mol_aligned_1000/structures/THSR__7UTZ/sample_9_protein.pdb,43.0,0.0,0.0,0.0,0.0,1.0,ok,0.0
apo2mol,THSR__7UTZ,10,40,17.5,8,1.5400717807818942,external_inputs/apo2mol_aligned_1000/structures/THSR__7UTZ/sample_10_protein.pdb,,,,,,,unparseable,
apo2mol,THSR__7UTZ,11,40,7.5,3,1.7657782159517,external_inputs/apo2mol_aligned_1000/structures/THSR__7UTZ/sample_11_protein.pdb,46.0,0.0,0.0,0.0,0.0,1.0,ok,0.0
apo2mol,THSR__7UTZ,12,40,15.0,7,1.0596258343750036,external_inputs/apo2mol_aligned_1000/structures/THSR__7UTZ/sample_12_protein.pdb,45.0,0.0,0.0,0.0,0.0,1.0,ok,0.0
apo2mol,THSR__7UTZ,13,40,20.0,10,1.4492415543788866,external_inputs/apo2mol_aligned_1000/structures/THSR__7UTZ/sample_13_protein.pdb,48.0,0.0,0.0,0.0,0.0,1.0,ok,0.0
apo2mol,THSR__7UTZ,14,40,7.5,4,2.2153636205924023,external_inputs/apo2mol_aligned_1000/structures/THSR__7UTZ/sample_14_protein.pdb,44.0,0.0,0.0,0.0,0.0,1.0,ok,0.0
apo2mol,THSR__7UTZ,15,40,10.0,5,2.0090239664731597,external_inputs/apo2mol_aligned_1000/structures/THSR__7UTZ/sample_15_protein.pdb,,,,,,,unparseable,
apo2mol,THSR__7UTZ,16,40,15.0,18,0.6910621979850345,external_inputs/apo2mol_aligned_1000/structures/THSR__7UTZ/sample_16_protein.pdb,43.0,0.0,0.0,0.0,0.0,2.0,ok,100.0
apo2mol,THSR__7UTZ,17,40,0.0,0,2.4462741138282618,external_inputs/apo2mol_aligned_1000/structures/THSR__7UTZ/sample_17_protein.pdb,45.0,0.0,0.0,0.0,0.0,1.0,ok,0.0
apo2mol,THSR__7UTZ,18,40,5.0,2,2.394259004016218,external_inputs/apo2mol_aligned_1000/structures/THSR__7UTZ/sample_18_protein.pdb,42.0,0.0,0.0,0.0,0.0,2.0,ok,100.0
apo2mol,THSR__7UTZ,19,40,20.0,9,0.8873033276802484,external_inputs/apo2mol_aligned_1000/structures/THSR__7UTZ/sample_19_protein.pdb,45.0,0.0,0.0,0.0,0.0,1.0,ok,0.0
apo2mol,THSR__7UTZ,20,40,20.0,10,0.6670821970553363,external_inputs/apo2mol_aligned_1000/structures/THSR__7UTZ/sample_20_protein.pdb,45.0,0.0,0.0,0.0,0.0,1.0,ok,0.0
apo2mol,THSR__7UTZ,21,40,10.0,4,2.1039060983594378,external_inputs/apo2mol_aligned_1000/structures/THSR__7UTZ/sample_21_protein.pdb,43.0,0.0,0.0,0.0,0.0,1.0,ok,0.0
apo2mol,THSR__7UTZ,22,40,7.5,6,1.5000809051275743,external_inputs/apo2mol_aligned_1000/structures/THSR__7UTZ/sample_22_protein.pdb,41.0,0.0,0.0,0.0,0.0,2.0,ok,100.0
apo2mol,THSR__7UTZ,23,40,20.0,14,0.5734863035492795,external_inputs/apo2mol_aligned_1000/structures/THSR__7UTZ/sample_23_protein.pdb,43.0,0.0,0.0,0.0,0.0,1.0,ok,0.0
apo2mol,THSR__7UTZ,24,40,5.0,3,2.249639980873521,external_inputs/apo2mol_aligned_1000/structures/THSR__7UTZ/sample_24_protein.pdb,44.0,0.0,0.0,0.0,0.0,1.0,ok,0.0
apo2mol,THSR__7UTZ,25,40,5.0,3,2.401778023845458,external_inputs/apo2mol_aligned_1000/structures/THSR__7UTZ/sample_25_protein.pdb,41.0,0.0,0.0,12.5,3.0,1.0,ok,0.0
apo2mol,THSR__7UTZ,26,40,7.5,3,2.3859750418562173,external_inputs/apo2mol_aligned_1000/structures/THSR__7UTZ/sample_26_protein.pdb,44.0,0.0,0.0,0.0,0.0,1.0,ok,0.0
apo2mol,THSR__7UTZ,27,40,2.5,1,2.536968112837371,external_inputs/apo2mol_aligned_1000/structures/THSR__7UTZ/sample_27_protein.pdb,44.0,0.0,0.0,0.0,0.0,1.0,ok,0.0
apo2mol,THSR__7UTZ,28,40,5.0,2,2.145226209578888,external_inputs/apo2mol_aligned_1000/structures/THSR__7UTZ/sample_28_protein.pdb,41.0,0.0,0.0,0.0,0.0,1.0,ok,0.0
apo2mol,THSR__7UTZ,29,40,2.5,1,2.0470982085001705,external_inputs/apo2mol_aligned_1000/structures/THSR__7UTZ/sample_29_protein.pdb,43.0,0.0,0.0,0.0,0.0,1.0,ok,0.0
molgen_ns1.0,THSR__7UTZ,0,34,0.0,0,3.0191942633755806,external_inputs/rescore/structures/molgen_ns1.0/THSR__7UTZ/0.pdb,34.0,0.0,0.0,0.0,0.0,1.0,ok,0.0
molgen_ns1.0,THSR__7UTZ,1,39,0.0,0,2.7674172074336734,external_inputs/rescore/structures/molgen_ns1.0/THSR__7UTZ/1.pdb,40.0,0.0,0.0,0.0,0.0,1.0,ok,0.0
molgen_ns1.0,THSR__7UTZ,2,37,0.0,0,2.9929206471271343,external_inputs/rescore/structures/molgen_ns1.0/THSR__7UTZ/2.pdb,38.0,0.0,0.0,0.0,0.0,1.0,ok,0.0
molgen_ns1.0,THSR__7UTZ,3,45,0.0,0,2.925624890514856,external_inputs/rescore/structures/molgen_ns1.0/THSR__7UTZ/3.pdb,48.0,0.0,0.0,0.0,0.0,1.0,ok,0.0
molgen_ns1.0,THSR__7UTZ,4,31,0.0,0,2.8453223016031224,external_inputs/rescore/structures/molgen_ns1.0/THSR__7UTZ/4.pdb,32.0,0.0,0.0,0.0,0.0,1.0,ok,0.0
molgen_ns1.0,THSR__7UTZ,5,41,0.0,0,2.7908543494779368,external_inputs/rescore/structures/molgen_ns1.0/THSR__7UTZ/5.pdb,43.0,0.0,0.0,0.0,0.0,1.0,ok,0.0
molgen_ns1.0,THSR__7UTZ,6,30,0.0,0,3.3806687208302404,external_inputs/rescore/structures/molgen_ns1.0/THSR__7UTZ/6.pdb,30.0,0.0,0.0,0.0,0.0,1.0,ok,0.0
molgen_ns1.0,THSR__7UTZ,7,40,0.0,0,3.132818858472349,external_inputs/rescore/structures/molgen_ns1.0/THSR__7UTZ/7.pdb,41.0,0.0,0.0,0.0,0.0,1.0,ok,0.0
molgen_ns1.0,THSR__7UTZ,8,38,0.0,0,3.3487264743481244,external_inputs/rescore/structures/molgen_ns1.0/THSR__7UTZ/8.pdb,40.0,0.0,0.0,0.0,0.0,1.0,ok,0.0
molgen_ns1.0,THSR__7UTZ,9,33,0.0,0,3.2466082301380417,external_inputs/rescore/structures/molgen_ns1.0/THSR__7UTZ/9.pdb,34.0,0.0,0.0,0.0,0.0,1.0,ok,0.0
molgen_ns1.0,THSR__7UTZ,10,44,0.0,0,3.2675688210043856,external_inputs/rescore/structures/molgen_ns1.0/THSR__7UTZ/10.pdb,48.0,0.0,0.0,0.0,0.0,1.0,ok,0.0
molgen_ns1.0,THSR__7UTZ,11,41,0.0,0,2.9677011305049037,external_inputs/rescore/structures/molgen_ns1.0/THSR__7UTZ/11.pdb,44.0,0.0,0.0,0.0,0.0,1.0,ok,0.0
molgen_ns1.0,THSR__7UTZ,12,49,0.0,0,2.9402391059231787,external_inputs/rescore/structures/molgen_ns1.0/THSR__7UTZ/12.pdb,54.0,0.0,0.0,0.0,0.0,1.0,ok,0.0
molgen_ns1.0,THSR__7UTZ,13,33,0.0,0,3.2198517046597024,external_inputs/rescore/structures/molgen_ns1.0/THSR__7UTZ/13.pdb,34.0,0.0,0.0,0.0,0.0,1.0,ok,0.0
molgen_ns1.0,THSR__7UTZ,14,48,0.0,0,2.7362406692394647,external_inputs/rescore/structures/molgen_ns1.0/THSR__7UTZ/14.pdb,51.0,0.0,0.0,0.0,0.0,1.0,ok,0.0
molgen_ns1.0,THSR__7UTZ,15,41,0.0,0,2.9733129670453518,external_inputs/rescore/structures/molgen_ns1.0/THSR__7UTZ/15.pdb,43.0,0.0,0.0,0.0,0.0,1.0,ok,0.0
molgen_ns1.0,THSR__7UTZ,16,28,0.0,0,3.0493999409719925,external_inputs/rescore/structures/molgen_ns1.0/THSR__7UTZ/16.pdb,27.0,0.0,0.0,0.0,0.0,1.0,ok,0.0
molgen_ns1.0,THSR__7UTZ,17,46,0.0,0,3.202436884623958,external_inputs/rescore/structures/molgen_ns1.0/THSR__7UTZ/17.pdb,50.0,0.0,0.0,0.0,0.0,1.0,ok,0.0
molgen_ns1.0,THSR__7UTZ,18,35,0.0,0,2.888870021305922,external_inputs/rescore/structures/molgen_ns1.0/THSR__7UTZ/18.pdb,35.0,0.0,0.0,0.0,0.0,1.0,ok,0.0
molgen_ns1.0,THSR__7UTZ,19,33,0.0,0,3.1810347373142527,external_inputs/rescore/structures/molgen_ns1.0/THSR__7UTZ/19.pdb,32.0,0.0,0.0,0.0,0.0,1.0,ok,0.0
molgen_ns1.0,THSR__7UTZ,20,45,0.0,0,3.3348446740440583,external_inputs/rescore/structures/molgen_ns1.0/THSR__7UTZ/20.pdb,48.0,0.0,0.0,0.0,0.0,1.0,ok,0.0
molgen_ns1.0,THSR__7UTZ,21,32,0.0,0,3.3788252396358045,external_inputs/rescore/structures/molgen_ns1.0/THSR__7UTZ/21.pdb,33.0,0.0,0.0,0.0,0.0,1.0,ok,0.0
molgen_ns1.0,THSR__7UTZ,22,41,0.0,0,3.3554589849974525,external_inputs/rescore/structures/molgen_ns1.0/THSR__7UTZ/22.pdb,44.0,0.0,0.0,0.0,0.0,1.0,ok,0.0
molgen_ns1.0,THSR__7UTZ,23,37,0.0,0,3.250184763978801,external_inputs/rescore/structures/molgen_ns1.0/THSR__7UTZ/23.pdb,39.0,0.0,0.0,0.0,0.0,1.0,ok,0.0
molgen_ns1.0,THSR__7UTZ,24,29,0.0,0,2.726276031512592,external_inputs/rescore/structures/molgen_ns1.0/THSR__7UTZ/24.pdb,28.0,0.0,0.0,0.0,0.0,1.0,ok,0.0
molgen_ns1.0,THSR__7UTZ,25,44,0.0,0,2.7330658608968763,external_inputs/rescore/structures/molgen_ns1.0/THSR__7UTZ/25.pdb,47.0,0.0,0.0,0.0,0.0,1.0,ok,0.0
molgen_ns1.0,THSR__7UTZ,26,44,0.0,0,2.92936068110433,external_inputs/rescore/structures/molgen_ns1.0/THSR__7UTZ/26.pdb,47.0,0.0,0.0,0.0,0.0,1.0,ok,0.0
molgen_ns1.0,THSR__7UTZ,27,33,0.0,0,3.526962574227291,external_inputs/rescore/structures/molgen_ns1.0/THSR__7UTZ/27.pdb,35.0,0.0,0.0,0.0,0.0,1.0,ok,0.0
molgen_ns1.0,THSR__7UTZ,28,39,0.0,0,2.830699736814213,external_inputs/rescore/structures/molgen_ns1.0/THSR__7UTZ/28.pdb,41.0,0.0,0.0,0.0,0.0,1.0,ok,0.0
molgen_ns1.0,THSR__7UTZ,29,39,0.0,0,2.6434632586816806,external_inputs/rescore/structures/molgen_ns1.0/THSR__7UTZ/29.pdb,41.0,0.0,0.0,0.0,0.0,1.0,ok,0.0
apo2mol,Bcl-xL,0,56,1.7857142857142856,1,1.9376320160033864,external_inputs/apo2mol_1000/structures/Bcl-xL/sample_0_protein.pdb,61.0,0.0,0.0,3.571428571428572,1.0,1.0,ok,0.0
apo2mol,Bcl-xL,1,56,17.857142857142858,21,0.5851924171570352,external_inputs/apo2mol_1000/structures/Bcl-xL/sample_1_protein.pdb,,,,,,,unparseable,
apo2mol,Bcl-xL,2,56,12.5,16,0.7890996761419723,external_inputs/apo2mol_1000/structures/Bcl-xL/sample_2_protein.pdb,,,,,,,unparseable,
apo2mol,Bcl-xL,3,56,1.7857142857142856,1,2.2324285825468846,external_inputs/apo2mol_1000/structures/Bcl-xL/sample_3_protein.pdb,60.0,0.0,0.0,7.142857142857143,2.0,1.0,ok,0.0
apo2mol,Bcl-xL,4,56,5.357142857142857,4,2.1137063083759613,external_inputs/apo2mol_1000/structures/Bcl-xL/sample_4_protein.pdb,62.0,0.0,0.0,0.0,0.0,1.0,ok,0.0
apo2mol,Bcl-xL,5,56,8.928571428571429,13,1.1816401561266787,external_inputs/apo2mol_1000/structures/Bcl-xL/sample_5_protein.pdb,59.0,0.0,0.0,0.0,0.0,1.0,ok,0.0
apo2mol,Bcl-xL,6,56,8.928571428571429,14,1.0813242543105877,external_inputs/apo2mol_1000/structures/Bcl-xL/sample_6_protein.pdb,63.0,0.0,0.0,0.0,0.0,1.0,ok,0.0
apo2mol,Bcl-xL,7,56,10.714285714285714,10,1.158463085297168,external_inputs/apo2mol_1000/structures/Bcl-xL/sample_7_protein.pdb,,,,,,,unparseable,
apo2mol,Bcl-xL,8,56,0.0,0,2.708095745045445,external_inputs/apo2mol_1000/structures/Bcl-xL/sample_8_protein.pdb,62.0,1.0,1.6129032258064515,0.0,0.0,1.0,ok,100.0
apo2mol,Bcl-xL,9,56,0.0,0,2.787607662291685,external_inputs/apo2mol_1000/structures/Bcl-xL/sample_9_protein.pdb,60.0,0.0,0.0,0.0,0.0,1.0,ok,0.0
apo2mol,Bcl-xL,10,56,8.928571428571429,6,1.8013738312573313,external_inputs/apo2mol_1000/structures/Bcl-xL/sample_10_protein.pdb,61.0,0.0,0.0,10.714285714285714,3.0,1.0,ok,0.0
apo2mol,Bcl-xL,11,56,8.928571428571429,6,1.408106281477918,external_inputs/apo2mol_1000/structures/Bcl-xL/sample_11_protein.pdb,64.0,0.0,0.0,0.0,0.0,1.0,ok,0.0
apo2mol,Bcl-xL,12,56,1.7857142857142856,1,2.252549586736747,external_inputs/apo2mol_1000/structures/Bcl-xL/sample_12_protein.pdb,60.0,0.0,0.0,0.0,0.0,1.0,ok,0.0
apo2mol,Bcl-xL,13,56,1.7857142857142856,1,2.061755675837832,external_inputs/apo2mol_1000/structures/Bcl-xL/sample_13_protein.pdb,61.0,0.0,0.0,0.0,0.0,1.0,ok,0.0
apo2mol,Bcl-xL,14,56,8.928571428571429,7,1.4686119820122645,external_inputs/apo2mol_1000/structures/Bcl-xL/sample_14_protein.pdb,58.0,0.0,0.0,0.0,0.0,1.0,ok,0.0
apo2mol,Bcl-xL,15,56,16.071428571428573,16,0.7803361431933031,external_inputs/apo2mol_1000/structures/Bcl-xL/sample_15_protein.pdb,,,,,,,unparseable,
apo2mol,Bcl-xL,16,56,5.357142857142857,4,1.86105884759211,external_inputs/apo2mol_1000/structures/Bcl-xL/sample_16_protein.pdb,,,,,,,unparseable,
apo2mol,Bcl-xL,17,56,1.7857142857142856,1,1.950907218059223,external_inputs/apo2mol_1000/structures/Bcl-xL/sample_17_protein.pdb,60.0,0.0,0.0,0.0,0.0,1.0,ok,0.0
apo2mol,Bcl-xL,18,56,10.714285714285714,8,1.922065313645739,external_inputs/apo2mol_1000/structures/Bcl-xL/sample_18_protein.pdb,61.0,0.0,0.0,0.0,0.0,1.0,ok,0.0
apo2mol,Bcl-xL,19,56,0.0,0,2.548450521770886,external_inputs/apo2mol_1000/structures/Bcl-xL/sample_19_protein.pdb,59.0,0.0,0.0,5.357142857142857,2.0,1.0,ok,0.0
apo2mol,Bcl-xL,20,56,5.357142857142857,3,2.2410279069799373,external_inputs/apo2mol_1000/structures/Bcl-xL/sample_20_protein.pdb,60.0,0.0,0.0,0.0,0.0,1.0,ok,0.0
apo2mol,Bcl-xL,21,56,7.142857142857142,5,1.9748932008125248,external_inputs/apo2mol_1000/structures/Bcl-xL/sample_21_protein.pdb,60.0,0.0,0.0,0.0,0.0,1.0,ok,0.0
apo2mol,Bcl-xL,22,56,0.0,0,2.467302925324084,external_inputs/apo2mol_1000/structures/Bcl-xL/sample_22_protein.pdb,62.0,0.0,0.0,0.0,0.0,1.0,ok,0.0
apo2mol,Bcl-xL,23,56,0.0,0,2.4970753212671437,external_inputs/apo2mol_1000/structures/Bcl-xL/sample_23_protein.pdb,57.0,0.0,0.0,8.928571428571429,3.0,1.0,ok,0.0
apo2mol,Bcl-xL,24,56,5.357142857142857,4,1.619088851777593,external_inputs/apo2mol_1000/structures/Bcl-xL/sample_24_protein.pdb,64.0,0.0,0.0,7.142857142857143,2.0,1.0,ok,0.0
apo2mol,Bcl-xL,25,56,7.142857142857142,9,1.1656785860361036,external_inputs/apo2mol_1000/structures/Bcl-xL/sample_25_protein.pdb,61.0,0.0,0.0,0.0,0.0,1.0,ok,0.0
apo2mol,Bcl-xL,26,56,1.7857142857142856,1,2.1352776947382983,external_inputs/apo2mol_1000/structures/Bcl-xL/sample_26_protein.pdb,60.0,0.0,0.0,3.571428571428572,1.0,1.0,ok,0.0
apo2mol,Bcl-xL,27,56,7.142857142857142,7,1.1391976970540425,external_inputs/apo2mol_1000/structures/Bcl-xL/sample_27_protein.pdb,63.0,0.0,0.0,0.0,0.0,1.0,ok,0.0
apo2mol,Bcl-xL,28,56,0.0,0,2.434033453156012,external_inputs/apo2mol_1000/structures/Bcl-xL/sample_28_protein.pdb,61.0,0.0,0.0,0.0,0.0,1.0,ok,0.0
apo2mol,Bcl-xL,29,56,0.0,0,2.7349260612333017,external_inputs/apo2mol_1000/structures/Bcl-xL/sample_29_protein.pdb,61.0,0.0,0.0,3.571428571428572,1.0,1.0,ok,0.0
molgen_ns1.0,Bcl-xL,0,55,0.0,0,3.1599015807458293,external_inputs/rescore/structures/molgen_ns1.0/Bcl-xL/0.pdb,59.0,0.0,0.0,0.0,0.0,1.0,ok,0.0
molgen_ns1.0,Bcl-xL,1,44,0.0,0,2.726142696191817,external_inputs/rescore/structures/molgen_ns1.0/Bcl-xL/1.pdb,45.0,0.0,0.0,0.0,0.0,1.0,ok,0.0
molgen_ns1.0,Bcl-xL,2,52,0.0,0,3.0367044637237903,external_inputs/rescore/structures/molgen_ns1.0/Bcl-xL/2.pdb,54.0,0.0,0.0,0.0,0.0,1.0,ok,0.0
molgen_ns1.0,Bcl-xL,3,48,0.0,0,2.7270251190629,external_inputs/rescore/structures/molgen_ns1.0/Bcl-xL/3.pdb,50.0,0.0,0.0,0.0,0.0,1.0,ok,0.0
molgen_ns1.0,Bcl-xL,4,46,0.0,0,3.3367010654237528,external_inputs/rescore/structures/molgen_ns1.0/Bcl-xL/4.pdb,48.0,0.0,0.0,0.0,0.0,1.0,ok,0.0
molgen_ns1.0,Bcl-xL,5,41,0.0,0,3.0205828907679377,external_inputs/rescore/structures/molgen_ns1.0/Bcl-xL/5.pdb,41.0,0.0,0.0,0.0,0.0,1.0,ok,0.0
molgen_ns1.0,Bcl-xL,6,52,0.0,0,3.003332981871972,external_inputs/rescore/structures/molgen_ns1.0/Bcl-xL/6.pdb,54.0,0.0,0.0,0.0,0.0,1.0,ok,0.0
molgen_ns1.0,Bcl-xL,7,40,0.0,0,3.123645946646324,external_inputs/rescore/structures/molgen_ns1.0/Bcl-xL/7.pdb,39.0,0.0,0.0,0.0,0.0,1.0,ok,0.0
molgen_ns1.0,Bcl-xL,8,42,0.0,0,3.040394875669934,external_inputs/rescore/structures/molgen_ns1.0/Bcl-xL/8.pdb,41.0,0.0,0.0,0.0,0.0,1.0,ok,0.0
molgen_ns1.0,Bcl-xL,9,49,0.0,0,3.153848442775905,external_inputs/rescore/structures/molgen_ns1.0/Bcl-xL/9.pdb,49.0,0.0,0.0,0.0,0.0,1.0,ok,0.0
molgen_ns1.0,Bcl-xL,11,49,0.0,0,3.121582611432862,external_inputs/rescore/structures/molgen_ns1.0/Bcl-xL/11.pdb,51.0,0.0,0.0,0.0,0.0,1.0,ok,0.0
molgen_ns1.0,Bcl-xL,12,47,0.0,0,2.920275500701948,external_inputs/rescore/structures/molgen_ns1.0/Bcl-xL/12.pdb,47.0,0.0,0.0,0.0,0.0,1.0,ok,0.0
molgen_ns1.0,Bcl-xL,13,50,0.0,0,2.9703026781794466,external_inputs/rescore/structures/molgen_ns1.0/Bcl-xL/13.pdb,51.0,0.0,0.0,0.0,0.0,1.0,ok,0.0
molgen_ns1.0,Bcl-xL,14,35,0.0,0,3.290720741722095,external_inputs/rescore/structures/molgen_ns1.0/Bcl-xL/14.pdb,35.0,0.0,0.0,0.0,0.0,1.0,ok,0.0
molgen_ns1.0,Bcl-xL,15,54,0.0,0,2.8689421395350623,external_inputs/rescore/structures/molgen_ns1.0/Bcl-xL/15.pdb,57.0,0.0,0.0,0.0,0.0,1.0,ok,0.0
molgen_ns1.0,Bcl-xL,16,38,0.0,0,2.8300137808851757,external_inputs/rescore/structures/molgen_ns1.0/Bcl-xL/16.pdb,37.0,0.0,0.0,0.0,0.0,1.0,ok,0.0
molgen_ns1.0,Bcl-xL,17,34,0.0,0,2.560687602969174,external_inputs/rescore/structures/molgen_ns1.0/Bcl-xL/17.pdb,33.0,4.0,12.12121212121212,0.0,0.0,1.0,ok,100.0
molgen_ns1.0,Bcl-xL,19,36,0.0,0,3.124352092834608,external_inputs/rescore/structures/molgen_ns1.0/Bcl-xL/19.pdb,35.0,0.0,0.0,0.0,0.0,1.0,ok,0.0
molgen_ns1.0,Bcl-xL,20,38,0.0,0,2.842629240685459,external_inputs/rescore/structures/molgen_ns1.0/Bcl-xL/20.pdb,37.0,0.0,0.0,0.0,0.0,1.0,ok,0.0
molgen_ns1.0,Bcl-xL,22,47,0.0,0,3.2376066777791297,external_inputs/rescore/structures/molgen_ns1.0/Bcl-xL/22.pdb,48.0,0.0,0.0,0.0,0.0,1.0,ok,0.0
molgen_ns1.0,Bcl-xL,23,52,0.0,0,3.0843968616246515,external_inputs/rescore/structures/molgen_ns1.0/Bcl-xL/23.pdb,53.0,0.0,0.0,0.0,0.0,1.0,ok,0.0
molgen_ns1.0,Bcl-xL,24,41,0.0,0,3.117368441490358,external_inputs/rescore/structures/molgen_ns1.0/Bcl-xL/24.pdb,42.0,0.0,0.0,0.0,0.0,1.0,ok,0.0
molgen_ns1.0,Bcl-xL,25,46,0.0,0,2.8771001025338,external_inputs/rescore/structures/molgen_ns1.0/Bcl-xL/25.pdb,45.0,0.0,0.0,0.0,0.0,1.0,ok,0.0
molgen_ns1.0,Bcl-xL,26,43,0.0,0,3.317068133156149,external_inputs/rescore/structures/molgen_ns1.0/Bcl-xL/26.pdb,43.0,0.0,0.0,0.0,0.0,1.0,ok,0.0
molgen_ns1.0,Bcl-xL,27,45,0.0,0,3.1865143966409413,external_inputs/rescore/structures/molgen_ns1.0/Bcl-xL/27.pdb,45.0,0.0,0.0,0.0,0.0,1.0,ok,0.0
molgen_ns1.0,Bcl-xL,28,40,0.0,0,3.161480982071539,external_inputs/rescore/structures/molgen_ns1.0/Bcl-xL/28.pdb,40.0,0.0,0.0,0.0,0.0,1.0,ok,0.0
molgen_ns1.0,Bcl-xL,29,40,0.0,0,3.305512668255865,external_inputs/rescore/structures/molgen_ns1.0/Bcl-xL/29.pdb,40.0,0.0,0.0,0.0,0.0,1.0,ok,0.0
apo2mol,betaLG,0,21,52.38095238095239,24,0.5462718554842361,external_inputs/apo2mol_1000/structures/betaLG/sample_0_protein.pdb,22.0,0.0,0.0,0.0,0.0,1.0,ok,0.0
apo2mol,betaLG,1,21,61.90476190476191,36,0.3813493553844176,external_inputs/apo2mol_1000/structures/betaLG/sample_1_protein.pdb,20.0,0.0,0.0,0.0,0.0,2.0,ok,100.0
apo2mol,betaLG,2,21,57.14285714285714,32,0.7487108840499513,external_inputs/apo2mol_1000/structures/betaLG/sample_2_protein.pdb,23.0,0.0,0.0,0.0,0.0,1.0,ok,0.0
apo2mol,betaLG,3,21,47.61904761904761,20,0.6506954374520837,external_inputs/apo2mol_1000/structures/betaLG/sample_3_protein.pdb,24.0,0.0,0.0,0.0,0.0,1.0,ok,0.0
apo2mol,betaLG,4,21,71.42857142857143,34,0.2502648279695462,external_inputs/apo2mol_1000/structures/betaLG/sample_4_protein.pdb,23.0,0.0,0.0,0.0,0.0,1.0,ok,0.0
apo2mol,betaLG,5,21,47.61904761904761,13,1.4174831833413115,external_inputs/apo2mol_1000/structures/betaLG/sample_5_protein.pdb,23.0,0.0,0.0,0.0,0.0,1.0,ok,0.0
apo2mol,betaLG,6,21,57.14285714285714,18,1.3094604828237488,external_inputs/apo2mol_1000/structures/betaLG/sample_6_protein.pdb,24.0,0.0,0.0,0.0,0.0,1.0,ok,0.0
apo2mol,betaLG,7,21,47.61904761904761,20,1.0749239528338723,external_inputs/apo2mol_1000/structures/betaLG/sample_7_protein.pdb,22.0,0.0,0.0,0.0,0.0,1.0,ok,0.0
apo2mol,betaLG,8,21,42.85714285714285,11,1.7718867166973746,external_inputs/apo2mol_1000/structures/betaLG/sample_8_protein.pdb,23.0,0.0,0.0,0.0,0.0,1.0,ok,0.0
apo2mol,betaLG,9,21,61.90476190476191,34,0.3282974793682887,external_inputs/apo2mol_1000/structures/betaLG/sample_9_protein.pdb,21.0,0.0,0.0,0.0,0.0,1.0,ok,0.0
apo2mol,betaLG,10,21,42.85714285714285,9,1.8499855420462383,external_inputs/apo2mol_1000/structures/betaLG/sample_10_protein.pdb,22.0,0.0,0.0,0.0,0.0,1.0,ok,0.0
apo2mol,betaLG,11,21,47.61904761904761,16,0.8481788322066146,external_inputs/apo2mol_1000/structures/betaLG/sample_11_protein.pdb,23.0,0.0,0.0,0.0,0.0,1.0,ok,0.0
apo2mol,betaLG,12,21,47.61904761904761,22,0.5444392477263926,external_inputs/apo2mol_1000/structures/betaLG/sample_12_protein.pdb,23.0,0.0,0.0,0.0,0.0,1.0,ok,0.0
apo2mol,betaLG,13,21,42.85714285714285,19,0.957629115808978,external_inputs/apo2mol_1000/structures/betaLG/sample_13_protein.pdb,22.0,0.0,0.0,0.0,0.0,1.0,ok,0.0
apo2mol,betaLG,14,21,57.14285714285714,22,1.1084639753841738,external_inputs/apo2mol_1000/structures/betaLG/sample_14_protein.pdb,22.0,0.0,0.0,0.0,0.0,1.0,ok,0.0
apo2mol,betaLG,15,21,61.90476190476191,20,1.504430215933922,external_inputs/apo2mol_1000/structures/betaLG/sample_15_protein.pdb,22.0,0.0,0.0,0.0,0.0,1.0,ok,0.0
apo2mol,betaLG,16,21,52.38095238095239,17,1.560206856213501,external_inputs/apo2mol_1000/structures/betaLG/sample_16_protein.pdb,22.0,0.0,0.0,0.0,0.0,1.0,ok,0.0
apo2mol,betaLG,17,21,61.90476190476191,27,0.5537007743554936,external_inputs/apo2mol_1000/structures/betaLG/sample_17_protein.pdb,22.0,0.0,0.0,0.0,0.0,1.0,ok,0.0
apo2mol,betaLG,18,21,57.14285714285714,22,0.7696138261458537,external_inputs/apo2mol_1000/structures/betaLG/sample_18_protein.pdb,22.0,0.0,0.0,0.0,0.0,1.0,ok,0.0
apo2mol,betaLG,19,21,57.14285714285714,21,1.1590664766694383,external_inputs/apo2mol_1000/structures/betaLG/sample_19_protein.pdb,22.0,0.0,0.0,0.0,0.0,1.0,ok,0.0
apo2mol,betaLG,20,21,66.66666666666666,20,0.8913485823771213,external_inputs/apo2mol_1000/structures/betaLG/sample_20_protein.pdb,24.0,0.0,0.0,0.0,0.0,1.0,ok,0.0
apo2mol,betaLG,21,21,57.14285714285714,23,0.2699184119240336,external_inputs/apo2mol_1000/structures/betaLG/sample_21_protein.pdb,24.0,0.0,0.0,0.0,0.0,1.0,ok,0.0
apo2mol,betaLG,22,21,57.14285714285714,18,0.6404187530839969,external_inputs/apo2mol_1000/structures/betaLG/sample_22_protein.pdb,24.0,0.0,0.0,0.0,0.0,1.0,ok,0.0
apo2mol,betaLG,23,21,33.33333333333333,9,1.5609147357940871,external_inputs/apo2mol_1000/structures/betaLG/sample_23_protein.pdb,23.0,0.0,0.0,0.0,0.0,1.0,ok,0.0
apo2mol,betaLG,24,21,52.38095238095239,22,0.957065237575026,external_inputs/apo2mol_1000/structures/betaLG/sample_24_protein.pdb,23.0,0.0,0.0,0.0,0.0,1.0,ok,0.0
apo2mol,betaLG,25,21,76.19047619047619,34,0.9526001401106658,external_inputs/apo2mol_1000/structures/betaLG/sample_25_protein.pdb,22.0,0.0,0.0,0.0,0.0,1.0,ok,0.0
apo2mol,betaLG,26,21,23.809523809523807,5,1.7437911453722692,external_inputs/apo2mol_1000/structures/betaLG/sample_26_protein.pdb,22.0,0.0,0.0,0.0,0.0,1.0,ok,0.0
apo2mol,betaLG,27,21,42.85714285714285,9,1.7911724783000706,external_inputs/apo2mol_1000/structures/betaLG/sample_27_protein.pdb,21.0,0.0,0.0,0.0,0.0,1.0,ok,0.0
apo2mol,betaLG,28,21,61.90476190476191,25,0.5074671619330191,external_inputs/apo2mol_1000/structures/betaLG/sample_28_protein.pdb,22.0,0.0,0.0,9.523809523809524,1.0,1.0,ok,0.0
apo2mol,betaLG,29,21,42.85714285714285,17,0.913591415418484,external_inputs/apo2mol_1000/structures/betaLG/sample_29_protein.pdb,22.0,0.0,0.0,0.0,0.0,1.0,ok,0.0
molgen_ns1.0,betaLG,0,22,0.0,0,3.097067322484292,external_inputs/rescore/structures/molgen_ns1.0/betaLG/0.pdb,22.0,0.0,0.0,0.0,0.0,1.0,ok,0.0
molgen_ns1.0,betaLG,1,38,0.0,0,3.194148556344864,external_inputs/rescore/structures/molgen_ns1.0/betaLG/1.pdb,42.0,0.0,0.0,0.0,0.0,1.0,ok,0.0
molgen_ns1.0,betaLG,2,26,0.0,0,3.1704047060272917,external_inputs/rescore/structures/molgen_ns1.0/betaLG/2.pdb,28.0,0.0,0.0,0.0,0.0,1.0,ok,0.0
molgen_ns1.0,betaLG,3,20,0.0,0,3.2342558649556485,external_inputs/rescore/structures/molgen_ns1.0/betaLG/3.pdb,21.0,0.0,0.0,0.0,0.0,1.0,ok,0.0
molgen_ns1.0,betaLG,4,20,0.0,0,3.2364556230543315,external_inputs/rescore/structures/molgen_ns1.0/betaLG/4.pdb,20.0,0.0,0.0,0.0,0.0,1.0,ok,0.0
molgen_ns1.0,betaLG,5,37,0.0,0,2.934945655374218,external_inputs/rescore/structures/molgen_ns1.0/betaLG/5.pdb,40.0,0.0,0.0,5.405405405405405,1.0,1.0,ok,0.0
molgen_ns1.0,betaLG,6,26,0.0,0,3.125223032041075,external_inputs/rescore/structures/molgen_ns1.0/betaLG/6.pdb,28.0,0.0,0.0,0.0,0.0,1.0,ok,0.0
molgen_ns1.0,betaLG,7,20,0.0,0,3.454820689992461,external_inputs/rescore/structures/molgen_ns1.0/betaLG/7.pdb,20.0,0.0,0.0,0.0,0.0,1.0,ok,0.0
molgen_ns1.0,betaLG,8,26,0.0,0,3.120042307405462,external_inputs/rescore/structures/molgen_ns1.0/betaLG/8.pdb,28.0,0.0,0.0,0.0,0.0,1.0,ok,0.0
molgen_ns1.0,betaLG,9,19,0.0,0,2.8665343186503103,external_inputs/rescore/structures/molgen_ns1.0/betaLG/9.pdb,19.0,0.0,0.0,0.0,0.0,1.0,ok,0.0
molgen_ns1.0,betaLG,11,22,0.0,0,2.898553604817412,external_inputs/rescore/structures/molgen_ns1.0/betaLG/11.pdb,23.0,0.0,0.0,0.0,0.0,1.0,ok,0.0
molgen_ns1.0,betaLG,12,19,0.0,0,2.881699672068551,external_inputs/rescore/structures/molgen_ns1.0/betaLG/12.pdb,19.0,0.0,0.0,0.0,0.0,1.0,ok,0.0
molgen_ns1.0,betaLG,13,30,0.0,0,2.903326540367098,external_inputs/rescore/structures/molgen_ns1.0/betaLG/13.pdb,33.0,0.0,0.0,0.0,0.0,1.0,ok,0.0
molgen_ns1.0,betaLG,15,30,0.0,0,2.726686450620972,external_inputs/rescore/structures/molgen_ns1.0/betaLG/15.pdb,32.0,0.0,0.0,0.0,0.0,1.0,ok,0.0
molgen_ns1.0,betaLG,16,25,0.0,0,3.209116077676218,external_inputs/rescore/structures/molgen_ns1.0/betaLG/16.pdb,27.0,0.0,0.0,0.0,0.0,1.0,ok,0.0
molgen_ns1.0,betaLG,17,30,0.0,0,3.0592334007067845,external_inputs/rescore/structures/molgen_ns1.0/betaLG/17.pdb,32.0,0.0,0.0,0.0,0.0,1.0,ok,0.0
molgen_ns1.0,betaLG,18,34,0.0,0,3.2760827217883253,external_inputs/rescore/structures/molgen_ns1.0/betaLG/18.pdb,38.0,0.0,0.0,0.0,0.0,1.0,ok,0.0
molgen_ns1.0,betaLG,19,22,0.0,0,2.812136198693087,external_inputs/rescore/structures/molgen_ns1.0/betaLG/19.pdb,22.0,0.0,0.0,0.0,0.0,1.0,ok,0.0
molgen_ns1.0,betaLG,20,28,0.0,0,3.2455623549702444,external_inputs/rescore/structures/molgen_ns1.0/betaLG/20.pdb,29.0,0.0,0.0,0.0,0.0,1.0,ok,0.0
molgen_ns1.0,betaLG,21,24,0.0,0,3.2297040112059823,external_inputs/rescore/structures/molgen_ns1.0/betaLG/21.pdb,25.0,0.0,0.0,0.0,0.0,1.0,ok,0.0
molgen_ns1.0,betaLG,22,24,0.0,0,2.9808310921620507,external_inputs/rescore/structures/molgen_ns1.0/betaLG/22.pdb,25.0,0.0,0.0,0.0,0.0,1.0,ok,0.0
molgen_ns1.0,betaLG,23,23,0.0,0,2.9705740186031395,external_inputs/rescore/structures/molgen_ns1.0/betaLG/23.pdb,23.0,0.0,0.0,0.0,0.0,1.0,ok,0.0
molgen_ns1.0,betaLG,24,32,0.0,0,3.157361873463352,external_inputs/rescore/structures/molgen_ns1.0/betaLG/24.pdb,35.0,0.0,0.0,0.0,0.0,1.0,ok,0.0
molgen_ns1.0,betaLG,25,25,0.0,0,3.0540265224781526,external_inputs/rescore/structures/molgen_ns1.0/betaLG/25.pdb,27.0,0.0,0.0,0.0,0.0,1.0,ok,0.0
molgen_ns1.0,betaLG,26,22,0.0,0,3.273865757785434,external_inputs/rescore/structures/molgen_ns1.0/betaLG/26.pdb,22.0,0.0,0.0,0.0,0.0,1.0,ok,0.0
molgen_ns1.0,betaLG,27,26,0.0,0,3.10058526733261,external_inputs/rescore/structures/molgen_ns1.0/betaLG/27.pdb,28.0,0.0,0.0,0.0,0.0,1.0,ok,0.0
molgen_ns1.0,betaLG,28,17,0.0,0,3.0068792792528263,external_inputs/rescore/structures/molgen_ns1.0/betaLG/28.pdb,17.0,0.0,0.0,0.0,0.0,1.0,ok,0.0
molgen_ns1.0,betaLG,29,26,0.0,0,3.025572012033423,external_inputs/rescore/structures/molgen_ns1.0/betaLG/29.pdb,28.0,0.0,0.0,15.384615384615383,2.0,1.0,ok,0.0
apo2mol,NDPK-A,0,27,33.33333333333333,13,1.4055456932978516,external_inputs/apo2mol_1000/structures/NDPK-A/sample_0_protein.pdb,28.0,0.0,0.0,0.0,0.0,1.0,ok,0.0
apo2mol,NDPK-A,1,27,18.51851851851852,6,1.0955425434782404,external_inputs/apo2mol_1000/structures/NDPK-A/sample_1_protein.pdb,29.0,0.0,0.0,0.0,0.0,1.0,ok,0.0
apo2mol,NDPK-A,2,27,0.0,0,2.53970743317986,external_inputs/apo2mol_1000/structures/NDPK-A/sample_2_protein.pdb,31.0,1.0,3.225806451612903,0.0,0.0,1.0,ok,100.0
apo2mol,NDPK-A,3,27,3.7037037037037033,1,2.313824225317456,external_inputs/apo2mol_1000/structures/NDPK-A/sample_3_protein.pdb,32.0,0.0,0.0,0.0,0.0,1.0,ok,0.0
apo2mol,NDPK-A,4,27,3.7037037037037033,1,2.01560662073939,external_inputs/apo2mol_1000/structures/NDPK-A/sample_4_protein.pdb,29.0,0.0,0.0,0.0,0.0,1.0,ok,0.0
apo2mol,NDPK-A,5,27,11.11111111111111,4,1.5719272755094793,external_inputs/apo2mol_1000/structures/NDPK-A/sample_5_protein.pdb,31.0,0.0,0.0,0.0,0.0,1.0,ok,0.0
apo2mol,NDPK-A,6,27,3.7037037037037033,1,1.5904719174157618,external_inputs/apo2mol_1000/structures/NDPK-A/sample_6_protein.pdb,31.0,0.0,0.0,0.0,0.0,1.0,ok,0.0
apo2mol,NDPK-A,7,27,14.814814814814811,5,0.8967690205373152,external_inputs/apo2mol_1000/structures/NDPK-A/sample_7_protein.pdb,29.0,0.0,0.0,0.0,0.0,1.0,ok,0.0
apo2mol,NDPK-A,8,27,3.7037037037037033,1,1.767902265890071,external_inputs/apo2mol_1000/structures/NDPK-A/sample_8_protein.pdb,29.0,0.0,0.0,0.0,0.0,1.0,ok,0.0
apo2mol,NDPK-A,9,27,11.11111111111111,7,0.7389748047693705,external_inputs/apo2mol_1000/structures/NDPK-A/sample_9_protein.pdb,28.0,0.0,0.0,0.0,0.0,1.0,ok,0.0
apo2mol,NDPK-A,10,27,0.0,0,2.3995065350299347,external_inputs/apo2mol_1000/structures/NDPK-A/sample_10_protein.pdb,31.0,0.0,0.0,0.0,0.0,1.0,ok,0.0
apo2mol,NDPK-A,11,27,11.11111111111111,4,2.24016684425583,external_inputs/apo2mol_1000/structures/NDPK-A/sample_11_protein.pdb,30.0,0.0,0.0,0.0,0.0,1.0,ok,0.0
apo2mol,NDPK-A,12,27,11.11111111111111,3,1.9416142720264504,external_inputs/apo2mol_1000/structures/NDPK-A/sample_12_protein.pdb,29.0,0.0,0.0,0.0,0.0,1.0,ok,0.0
apo2mol,NDPK-A,13,27,7.4074074074074066,2,1.640497861421966,external_inputs/apo2mol_1000/structures/NDPK-A/sample_13_protein.pdb,30.0,0.0,0.0,0.0,0.0,1.0,ok,0.0
apo2mol,NDPK-A,14,27,14.814814814814811,5,1.17671985436627,external_inputs/apo2mol_1000/structures/NDPK-A/sample_14_protein.pdb,29.0,0.0,0.0,0.0,0.0,1.0,ok,0.0
apo2mol,NDPK-A,15,27,11.11111111111111,3,2.1917360151056746,external_inputs/apo2mol_1000/structures/NDPK-A/sample_15_protein.pdb,30.0,0.0,0.0,0.0,0.0,1.0,ok,0.0
apo2mol,NDPK-A,16,27,11.11111111111111,3,1.9040632560249884,external_inputs/apo2mol_1000/structures/NDPK-A/sample_16_protein.pdb,30.0,0.0,0.0,11.11111111111111,2.0,1.0,ok,0.0
apo2mol,NDPK-A,17,27,22.22222222222222,8,0.8525883730254499,external_inputs/apo2mol_1000/structures/NDPK-A/sample_17_protein.pdb,28.0,0.0,0.0,0.0,0.0,2.0,ok,100.0
apo2mol,NDPK-A,18,27,14.814814814814811,6,1.4815316269919152,external_inputs/apo2mol_1000/structures/NDPK-A/sample_18_protein.pdb,33.0,0.0,0.0,0.0,0.0,1.0,ok,0.0
apo2mol,NDPK-A,19,27,7.4074074074074066,2,1.6192083477818011,external_inputs/apo2mol_1000/structures/NDPK-A/sample_19_protein.pdb,29.0,0.0,0.0,0.0,0.0,1.0,ok,0.0
apo2mol,NDPK-A,20,27,7.4074074074074066,4,0.8691859688712587,external_inputs/apo2mol_1000/structures/NDPK-A/sample_20_protein.pdb,30.0,0.0,0.0,0.0,0.0,1.0,ok,0.0
apo2mol,NDPK-A,21,27,18.51851851851852,6,1.1559054267435345,external_inputs/apo2mol_1000/structures/NDPK-A/sample_21_protein.pdb,29.0,0.0,0.0,0.0,0.0,1.0,ok,0.0
apo2mol,NDPK-A,22,27,3.7037037037037033,1,2.1873778660564143,external_inputs/apo2mol_1000/structures/NDPK-A/sample_22_protein.pdb,29.0,0.0,0.0,18.51851851851852,3.0,1.0,ok,0.0
apo2mol,NDPK-A,23,27,14.814814814814811,6,1.028217872441513,external_inputs/apo2mol_1000/structures/NDPK-A/sample_23_protein.pdb,28.0,0.0,0.0,0.0,0.0,1.0,ok,0.0
apo2mol,NDPK-A,24,27,3.7037037037037033,1,2.441242398020554,external_inputs/apo2mol_1000/structures/NDPK-A/sample_24_protein.pdb,29.0,0.0,0.0,7.407407407407407,1.0,1.0,ok,0.0
apo2mol,NDPK-A,25,27,11.11111111111111,3,2.224085923910522,external_inputs/apo2mol_1000/structures/NDPK-A/sample_25_protein.pdb,29.0,0.0,0.0,0.0,0.0,1.0,ok,0.0
apo2mol,NDPK-A,26,27,3.7037037037037033,1,2.303448754649296,external_inputs/apo2mol_1000/structures/NDPK-A/sample_26_protein.pdb,30.0,0.0,0.0,0.0,0.0,1.0,ok,0.0
apo2mol,NDPK-A,27,27,11.11111111111111,5,1.349905044458706,external_inputs/apo2mol_1000/structures/NDPK-A/sample_27_protein.pdb,28.0,0.0,0.0,0.0,0.0,1.0,ok,0.0
apo2mol,NDPK-A,28,27,7.4074074074074066,3,0.9907965626956496,external_inputs/apo2mol_1000/structures/NDPK-A/sample_28_protein.pdb,30.0,0.0,0.0,0.0,0.0,1.0,ok,0.0
apo2mol,NDPK-A,29,27,14.814814814814811,5,1.3855992540382005,external_inputs/apo2mol_1000/structures/NDPK-A/sample_29_protein.pdb,30.0,0.0,0.0,0.0,0.0,1.0,ok,0.0
molgen_ns1.0,NDPK-A,1,20,0.0,0,2.874616670097073,external_inputs/rescore/structures/molgen_ns1.0/NDPK-A/1.pdb,19.0,0.0,0.0,0.0,0.0,1.0,ok,0.0
molgen_ns1.0,NDPK-A,2,31,0.0,0,2.661657566254533,external_inputs/rescore/structures/molgen_ns1.0/NDPK-A/2.pdb,32.0,0.0,0.0,6.451612903225806,1.0,1.0,ok,0.0
molgen_ns1.0,NDPK-A,3,29,0.0,0,2.8921955328089437,external_inputs/rescore/structures/molgen_ns1.0/NDPK-A/3.pdb,29.0,0.0,0.0,0.0,0.0,1.0,ok,0.0
molgen_ns1.0,NDPK-A,4,26,0.0,0,2.806137024451947,external_inputs/rescore/structures/molgen_ns1.0/NDPK-A/4.pdb,26.0,0.0,0.0,0.0,0.0,1.0,ok,0.0
molgen_ns1.0,NDPK-A,5,29,0.0,0,3.0473675524951016,external_inputs/rescore/structures/molgen_ns1.0/NDPK-A/5.pdb,29.0,0.0,0.0,0.0,0.0,1.0,ok,0.0
molgen_ns1.0,NDPK-A,6,23,0.0,0,2.8751551262497195,external_inputs/rescore/structures/molgen_ns1.0/NDPK-A/6.pdb,22.0,0.0,0.0,0.0,0.0,1.0,ok,0.0
molgen_ns1.0,NDPK-A,7,29,0.0,0,2.716497929320021,external_inputs/rescore/structures/molgen_ns1.0/NDPK-A/7.pdb,28.0,0.0,0.0,0.0,0.0,1.0,ok,0.0
molgen_ns1.0,NDPK-A,8,25,0.0,0,3.378869633472113,external_inputs/rescore/structures/molgen_ns1.0/NDPK-A/8.pdb,24.0,0.0,0.0,0.0,0.0,1.0,ok,0.0
molgen_ns1.0,NDPK-A,9,26,0.0,0,2.80459801041076,external_inputs/rescore/structures/molgen_ns1.0/NDPK-A/9.pdb,25.0,0.0,0.0,0.0,0.0,1.0,ok,0.0
molgen_ns1.0,NDPK-A,10,32,0.0,0,2.791646109377047,external_inputs/rescore/structures/molgen_ns1.0/NDPK-A/10.pdb,33.0,0.0,0.0,0.0,0.0,1.0,ok,0.0
molgen_ns1.0,NDPK-A,11,25,0.0,0,2.930368748127095,external_inputs/rescore/structures/molgen_ns1.0/NDPK-A/11.pdb,24.0,0.0,0.0,0.0,0.0,1.0,ok,0.0
molgen_ns1.0,NDPK-A,12,27,0.0,0,3.344763818268792,external_inputs/rescore/structures/molgen_ns1.0/NDPK-A/12.pdb,26.0,0.0,0.0,0.0,0.0,1.0,ok,0.0
molgen_ns1.0,NDPK-A,13,23,0.0,0,3.129680654635552,external_inputs/rescore/structures/molgen_ns1.0/NDPK-A/13.pdb,22.0,0.0,0.0,0.0,0.0,1.0,ok,0.0
molgen_ns1.0,NDPK-A,14,32,0.0,0,2.618551889881118,external_inputs/rescore/structures/molgen_ns1.0/NDPK-A/14.pdb,31.0,0.0,0.0,0.0,0.0,1.0,ok,0.0
molgen_ns1.0,NDPK-A,15,29,0.0,0,2.6140304129829843,external_inputs/rescore/structures/molgen_ns1.0/NDPK-A/15.pdb,28.0,0.0,0.0,0.0,0.0,1.0,ok,0.0
molgen_ns1.0,NDPK-A,16,24,0.0,0,3.021176260995048,external_inputs/rescore/structures/molgen_ns1.0/NDPK-A/16.pdb,23.0,0.0,0.0,0.0,0.0,1.0,ok,0.0
molgen_ns1.0,NDPK-A,17,30,0.0,0,3.3273148333153006,external_inputs/rescore/structures/molgen_ns1.0/NDPK-A/17.pdb,31.0,0.0,0.0,0.0,0.0,1.0,ok,0.0
molgen_ns1.0,NDPK-A,18,26,0.0,0,3.234613114423423,external_inputs/rescore/structures/molgen_ns1.0/NDPK-A/18.pdb,26.0,0.0,0.0,0.0,0.0,1.0,ok,0.0
molgen_ns1.0,NDPK-A,19,22,0.0,0,3.0716923674092165,external_inputs/rescore/structures/molgen_ns1.0/NDPK-A/19.pdb,21.0,0.0,0.0,0.0,0.0,1.0,ok,0.0
molgen_ns1.0,NDPK-A,21,24,0.0,0,3.0102174340070555,external_inputs/rescore/structures/molgen_ns1.0/NDPK-A/21.pdb,24.0,0.0,0.0,0.0,0.0,1.0,ok,0.0
molgen_ns1.0,NDPK-A,22,21,0.0,0,2.904335035769807,external_inputs/rescore/structures/molgen_ns1.0/NDPK-A/22.pdb,20.0,0.0,0.0,0.0,0.0,1.0,ok,0.0
molgen_ns1.0,NDPK-A,23,27,0.0,0,2.9627873700284337,external_inputs/rescore/structures/molgen_ns1.0/NDPK-A/23.pdb,28.0,0.0,0.0,0.0,0.0,1.0,ok,0.0
molgen_ns1.0,NDPK-A,24,31,0.0,0,2.8447555255241177,external_inputs/rescore/structures/molgen_ns1.0/NDPK-A/24.pdb,32.0,0.0,0.0,0.0,0.0,1.0,ok,0.0
molgen_ns1.0,NDPK-A,25,31,0.0,0,3.1897492064424138,external_inputs/rescore/structures/molgen_ns1.0/NDPK-A/25.pdb,33.0,0.0,0.0,0.0,0.0,1.0,ok,0.0
molgen_ns1.0,NDPK-A,26,22,0.0,0,2.963102934425324,external_inputs/rescore/structures/molgen_ns1.0/NDPK-A/26.pdb,21.0,0.0,0.0,0.0,0.0,1.0,ok,0.0
molgen_ns1.0,NDPK-A,27,21,0.0,0,2.8841855002756014,external_inputs/rescore/structures/molgen_ns1.0/NDPK-A/27.pdb,20.0,0.0,0.0,0.0,0.0,1.0,ok,0.0
molgen_ns1.0,NDPK-A,28,33,0.0,0,2.664647256204844,external_inputs/rescore/structures/molgen_ns1.0/NDPK-A/28.pdb,34.0,0.0,0.0,0.0,0.0,1.0,ok,0.0
molgen_ns1.0,NDPK-A,29,27,0.0,0,3.1141758139193096,external_inputs/rescore/structures/molgen_ns1.0/NDPK-A/29.pdb,27.0,0.0,0.0,0.0,0.0,1.0,ok,0.0
apo2mol,GLTP,0,20,50.0,13,1.8869864289688092,external_inputs/apo2mol_1000/structures/GLTP/sample_0_protein.pdb,21.0,0.0,0.0,0.0,0.0,1.0,ok,0.0
apo2mol,GLTP,1,20,10.0,5,2.0990295934342087,external_inputs/apo2mol_1000/structures/GLTP/sample_1_protein.pdb,22.0,0.0,0.0,0.0,0.0,1.0,ok,0.0
apo2mol,GLTP,2,20,65.0,32,0.2889902005584056,external_inputs/apo2mol_1000/structures/GLTP/sample_2_protein.pdb,21.0,0.0,0.0,10.0,1.0,2.0,ok,100.0
apo2mol,GLTP,3,20,50.0,31,0.8591632969075992,external_inputs/apo2mol_1000/structures/GLTP/sample_3_protein.pdb,21.0,0.0,0.0,0.0,0.0,1.0,ok,0.0
apo2mol,GLTP,4,20,30.0,8,1.7519412899088225,external_inputs/apo2mol_1000/structures/GLTP/sample_4_protein.pdb,21.0,0.0,0.0,10.0,1.0,1.0,ok,0.0
apo2mol,GLTP,5,20,50.0,30,0.6940155339037783,external_inputs/apo2mol_1000/structures/GLTP/sample_5_protein.pdb,23.0,0.0,0.0,0.0,0.0,1.0,ok,0.0
apo2mol,GLTP,6,20,40.0,14,1.308671766623264,external_inputs/apo2mol_1000/structures/GLTP/sample_6_protein.pdb,22.0,0.0,0.0,0.0,0.0,1.0,ok,0.0
apo2mol,GLTP,7,20,60.0,25,1.0618067071958668,external_inputs/apo2mol_1000/structures/GLTP/sample_7_protein.pdb,22.0,0.0,0.0,0.0,0.0,1.0,ok,0.0
apo2mol,GLTP,8,20,55.00000000000001,23,0.8509971899825542,external_inputs/apo2mol_1000/structures/GLTP/sample_8_protein.pdb,22.0,0.0,0.0,0.0,0.0,1.0,ok,0.0
apo2mol,GLTP,9,20,20.0,13,0.4542920899571531,external_inputs/apo2mol_1000/structures/GLTP/sample_9_protein.pdb,21.0,0.0,0.0,0.0,0.0,1.0,ok,0.0
apo2mol,GLTP,10,20,50.0,50,0.7046716881699588,external_inputs/apo2mol_1000/structures/GLTP/sample_10_protein.pdb,22.0,1.0,4.545454545454546,0.0,0.0,1.0,ok,100.0
apo2mol,GLTP,11,20,45.0,18,0.9108748141325592,external_inputs/apo2mol_1000/structures/GLTP/sample_11_protein.pdb,22.0,0.0,0.0,0.0,0.0,1.0,ok,0.0
apo2mol,GLTP,12,20,55.00000000000001,19,1.4010206503748686,external_inputs/apo2mol_1000/structures/GLTP/sample_12_protein.pdb,22.0,0.0,0.0,0.0,0.0,1.0,ok,0.0
apo2mol,GLTP,13,20,45.0,21,0.9730446426669463,external_inputs/apo2mol_1000/structures/GLTP/sample_13_protein.pdb,23.0,0.0,0.0,0.0,0.0,1.0,ok,0.0
apo2mol,GLTP,14,20,40.0,17,0.8203769937633247,external_inputs/apo2mol_1000/structures/GLTP/sample_14_protein.pdb,21.0,0.0,0.0,0.0,0.0,1.0,ok,0.0
apo2mol,GLTP,15,20,55.00000000000001,20,1.2258850280174218,external_inputs/apo2mol_1000/structures/GLTP/sample_15_protein.pdb,21.0,0.0,0.0,10.0,1.0,1.0,ok,0.0
apo2mol,GLTP,16,20,50.0,37,0.5108059838383565,external_inputs/apo2mol_1000/structures/GLTP/sample_16_protein.pdb,21.0,0.0,0.0,0.0,0.0,1.0,ok,0.0
apo2mol,GLTP,17,20,35.0,13,1.370911667687805,external_inputs/apo2mol_1000/structures/GLTP/sample_17_protein.pdb,22.0,0.0,0.0,0.0,0.0,1.0,ok,0.0
apo2mol,GLTP,18,20,30.0,10,2.0000633892367827,external_inputs/apo2mol_1000/structures/GLTP/sample_18_protein.pdb,23.0,0.0,0.0,0.0,0.0,1.0,ok,0.0
apo2mol,GLTP,19,20,60.0,35,0.6090090477386182,external_inputs/apo2mol_1000/structures/GLTP/sample_19_protein.pdb,22.0,0.0,0.0,0.0,0.0,1.0,ok,0.0
apo2mol,GLTP,20,20,55.00000000000001,38,0.4918889379379298,external_inputs/apo2mol_1000/structures/GLTP/sample_20_protein.pdb,23.0,0.0,0.0,0.0,0.0,1.0,ok,0.0
apo2mol,GLTP,21,20,25.0,9,0.695441822389431,external_inputs/apo2mol_1000/structures/GLTP/sample_21_protein.pdb,22.0,0.0,0.0,0.0,0.0,1.0,ok,0.0
apo2mol,GLTP,22,20,60.0,32,0.4358437857539197,external_inputs/apo2mol_1000/structures/GLTP/sample_22_protein.pdb,22.0,0.0,0.0,0.0,0.0,1.0,ok,0.0
apo2mol,GLTP,23,20,20.0,5,1.9850808973445733,external_inputs/apo2mol_1000/structures/GLTP/sample_23_protein.pdb,23.0,0.0,0.0,0.0,0.0,1.0,ok,0.0
apo2mol,GLTP,24,20,35.0,24,0.6439087877837536,external_inputs/apo2mol_1000/structures/GLTP/sample_24_protein.pdb,22.0,0.0,0.0,0.0,0.0,1.0,ok,0.0
apo2mol,GLTP,25,20,40.0,22,0.5395887027684224,external_inputs/apo2mol_1000/structures/GLTP/sample_25_protein.pdb,21.0,0.0,0.0,0.0,0.0,1.0,ok,0.0
apo2mol,GLTP,26,20,50.0,31,0.3595938468979792,external_inputs/apo2mol_1000/structures/GLTP/sample_26_protein.pdb,21.0,0.0,0.0,0.0,0.0,1.0,ok,0.0
apo2mol,GLTP,27,20,35.0,17,0.9554794403133544,external_inputs/apo2mol_1000/structures/GLTP/sample_27_protein.pdb,22.0,0.0,0.0,0.0,0.0,1.0,ok,0.0
apo2mol,GLTP,28,20,60.0,33,0.5275525656399346,external_inputs/apo2mol_1000/structures/GLTP/sample_28_protein.pdb,21.0,0.0,0.0,0.0,0.0,2.0,ok,100.0
apo2mol,GLTP,29,20,60.0,36,0.7420856927510706,external_inputs/apo2mol_1000/structures/GLTP/sample_29_protein.pdb,22.0,0.0,0.0,10.0,1.0,1.0,ok,0.0
molgen_ns1.0,GLTP,0,18,0.0,0,3.2160811556924367,external_inputs/rescore/structures/molgen_ns1.0/GLTP/0.pdb,19.0,0.0,0.0,0.0,0.0,1.0,ok,0.0
molgen_ns1.0,GLTP,1,21,0.0,0,3.309466724413467,external_inputs/rescore/structures/molgen_ns1.0/GLTP/1.pdb,22.0,0.0,0.0,0.0,0.0,1.0,ok,0.0
molgen_ns1.0,GLTP,2,20,0.0,0,3.058373914353835,external_inputs/rescore/structures/molgen_ns1.0/GLTP/2.pdb,21.0,0.0,0.0,0.0,0.0,1.0,ok,0.0
molgen_ns1.0,GLTP,3,20,0.0,0,3.0335527026903617,external_inputs/rescore/structures/molgen_ns1.0/GLTP/3.pdb,20.0,0.0,0.0,0.0,0.0,1.0,ok,0.0
molgen_ns1.0,GLTP,4,19,0.0,0,2.9334094497700094,external_inputs/rescore/structures/molgen_ns1.0/GLTP/4.pdb,19.0,0.0,0.0,0.0,0.0,1.0,ok,0.0
molgen_ns1.0,GLTP,5,21,0.0,0,3.29284527422714,external_inputs/rescore/structures/molgen_ns1.0/GLTP/5.pdb,22.0,0.0,0.0,0.0,0.0,1.0,ok,0.0
molgen_ns1.0,GLTP,6,18,0.0,0,3.211320289226846,external_inputs/rescore/structures/molgen_ns1.0/GLTP/6.pdb,19.0,0.0,0.0,0.0,0.0,1.0,ok,0.0
molgen_ns1.0,GLTP,7,20,0.0,0,3.140353642505889,external_inputs/rescore/structures/molgen_ns1.0/GLTP/7.pdb,21.0,0.0,0.0,0.0,0.0,1.0,ok,0.0
molgen_ns1.0,GLTP,8,24,25.0,7,1.724349442543476,external_inputs/rescore/structures/molgen_ns1.0/GLTP/8.pdb,26.0,6.0,23.07692307692308,33.333333333333336,6.0,1.0,ok,100.0
molgen_ns1.0,GLTP,9,19,0.0,0,2.9794893857840794,external_inputs/rescore/structures/molgen_ns1.0/GLTP/9.pdb,20.0,0.0,0.0,0.0,0.0,1.0,ok,0.0
molgen_ns1.0,GLTP,10,19,0.0,0,3.19724694072885,external_inputs/rescore/structures/molgen_ns1.0/GLTP/10.pdb,19.0,0.0,0.0,0.0,0.0,1.0,ok,0.0
molgen_ns1.0,GLTP,11,15,0.0,0,3.338783461082793,external_inputs/rescore/structures/molgen_ns1.0/GLTP/11.pdb,14.0,0.0,0.0,0.0,0.0,1.0,ok,0.0
molgen_ns1.0,GLTP,12,19,0.0,0,2.9983999066168607,external_inputs/rescore/structures/molgen_ns1.0/GLTP/12.pdb,19.0,0.0,0.0,0.0,0.0,1.0,ok,0.0
molgen_ns1.0,GLTP,13,22,0.0,0,2.868718529239142,external_inputs/rescore/structures/molgen_ns1.0/GLTP/13.pdb,23.0,0.0,0.0,0.0,0.0,1.0,ok,0.0
molgen_ns1.0,GLTP,14,20,0.0,0,3.142775524914242,external_inputs/rescore/structures/molgen_ns1.0/GLTP/14.pdb,21.0,0.0,0.0,0.0,0.0,1.0,ok,0.0
molgen_ns1.0,GLTP,15,25,0.0,0,2.961317443301207,external_inputs/rescore/structures/molgen_ns1.0/GLTP/15.pdb,27.0,0.0,0.0,0.0,0.0,1.0,ok,0.0
molgen_ns1.0,GLTP,16,18,0.0,0,3.3568345207948505,external_inputs/rescore/structures/molgen_ns1.0/GLTP/16.pdb,18.0,0.0,0.0,0.0,0.0,1.0,ok,0.0
molgen_ns1.0,GLTP,17,15,0.0,0,3.4173300981906927,external_inputs/rescore/structures/molgen_ns1.0/GLTP/17.pdb,15.0,0.0,0.0,0.0,0.0,1.0,ok,0.0
molgen_ns1.0,GLTP,18,20,0.0,0,3.150989368436524,external_inputs/rescore/structures/molgen_ns1.0/GLTP/18.pdb,21.0,0.0,0.0,0.0,0.0,1.0,ok,0.0
molgen_ns1.0,GLTP,19,20,0.0,0,3.364821837779828,external_inputs/rescore/structures/molgen_ns1.0/GLTP/19.pdb,21.0,0.0,0.0,0.0,0.0,1.0,ok,0.0
molgen_ns1.0,GLTP,20,21,0.0,0,3.461424417779478,external_inputs/rescore/structures/molgen_ns1.0/GLTP/20.pdb,22.0,0.0,0.0,0.0,0.0,1.0,ok,0.0
molgen_ns1.0,GLTP,21,14,0.0,0,2.989802334603408,external_inputs/rescore/structures/molgen_ns1.0/GLTP/21.pdb,13.0,0.0,0.0,0.0,0.0,1.0,ok,0.0
molgen_ns1.0,GLTP,22,17,0.0,0,3.079029392519662,external_inputs/rescore/structures/molgen_ns1.0/GLTP/22.pdb,18.0,0.0,0.0,0.0,0.0,1.0,ok,0.0
molgen_ns1.0,GLTP,23,18,0.0,0,3.101714042267599,external_inputs/rescore/structures/molgen_ns1.0/GLTP/23.pdb,19.0,0.0,0.0,0.0,0.0,1.0,ok,0.0
molgen_ns1.0,GLTP,24,25,0.0,0,3.0527754584967424,external_inputs/rescore/structures/molgen_ns1.0/GLTP/24.pdb,27.0,0.0,0.0,0.0,0.0,1.0,ok,0.0
molgen_ns1.0,GLTP,25,19,0.0,0,2.9450380303147194,external_inputs/rescore/structures/molgen_ns1.0/GLTP/25.pdb,19.0,0.0,0.0,0.0,0.0,1.0,ok,0.0
molgen_ns1.0,GLTP,26,27,0.0,0,3.0899755662464394,external_inputs/rescore/structures/molgen_ns1.0/GLTP/26.pdb,28.0,0.0,0.0,0.0,0.0,1.0,ok,0.0
molgen_ns1.0,GLTP,27,25,0.0,0,2.870697127876781,external_inputs/rescore/structures/molgen_ns1.0/GLTP/27.pdb,27.0,0.0,0.0,0.0,0.0,1.0,ok,0.0
molgen_ns1.0,GLTP,28,25,0.0,0,3.0379099723329537,external_inputs/rescore/structures/molgen_ns1.0/GLTP/28.pdb,27.0,0.0,0.0,0.0,0.0,1.0,ok,0.0
molgen_ns1.0,GLTP,29,23,0.0,0,3.0814817864138044,external_inputs/rescore/structures/molgen_ns1.0/GLTP/29.pdb,25.0,0.0,0.0,0.0,0.0,1.0,ok,0.0
apo2mol,SHP2,0,26,7.6923076923076925,2,1.7691690143780512,external_inputs/apo2mol_1000/structures/SHP2/sample_0_protein.pdb,28.0,0.0,0.0,0.0,0.0,1.0,ok,0.0
apo2mol,SHP2,1,26,3.8461538461538463,1,2.319667672524901,external_inputs/apo2mol_1000/structures/SHP2/sample_1_protein.pdb,27.0,0.0,0.0,0.0,0.0,2.0,ok,100.0
apo2mol,SHP2,2,26,0.0,0,2.551246948902961,external_inputs/apo2mol_1000/structures/SHP2/sample_2_protein.pdb,29.0,0.0,0.0,0.0,0.0,2.0,ok,100.0
apo2mol,SHP2,3,26,11.538461538461538,7,1.183365688837197,external_inputs/apo2mol_1000/structures/SHP2/sample_3_protein.pdb,30.0,0.0,0.0,0.0,0.0,1.0,ok,0.0
apo2mol,SHP2,4,26,11.538461538461538,5,1.2509000367051435,external_inputs/apo2mol_1000/structures/SHP2/sample_4_protein.pdb,28.0,0.0,0.0,0.0,0.0,1.0,ok,0.0
apo2mol,SHP2,5,26,7.6923076923076925,2,2.249375435023459,external_inputs/apo2mol_1000/structures/SHP2/sample_5_protein.pdb,27.0,0.0,0.0,0.0,0.0,1.0,ok,0.0
apo2mol,SHP2,6,26,3.8461538461538463,1,1.7827774101672804,external_inputs/apo2mol_1000/structures/SHP2/sample_6_protein.pdb,28.0,0.0,0.0,0.0,0.0,1.0,ok,0.0
apo2mol,SHP2,7,26,3.8461538461538463,1,2.1551216656242107,external_inputs/apo2mol_1000/structures/SHP2/sample_7_protein.pdb,27.0,0.0,0.0,0.0,0.0,1.0,ok,0.0
apo2mol,SHP2,8,26,19.230769230769237,11,0.7182349990453015,external_inputs/apo2mol_1000/structures/SHP2/sample_8_protein.pdb,26.0,0.0,0.0,0.0,0.0,1.0,ok,0.0
apo2mol,SHP2,9,26,15.384615384615383,9,1.2799878605135055,external_inputs/apo2mol_1000/structures/SHP2/sample_9_protein.pdb,28.0,0.0,0.0,0.0,0.0,1.0,ok,0.0
apo2mol,SHP2,10,26,19.230769230769237,10,0.5941101077755182,external_inputs/apo2mol_1000/structures/SHP2/sample_10_protein.pdb,27.0,0.0,0.0,0.0,0.0,1.0,ok,0.0
apo2mol,SHP2,11,26,11.538461538461538,5,1.7903061831130436,external_inputs/apo2mol_1000/structures/SHP2/sample_11_protein.pdb,25.0,0.0,0.0,0.0,0.0,2.0,ok,100.0
apo2mol,SHP2,12,26,19.230769230769237,13,1.184535645444669,external_inputs/apo2mol_1000/structures/SHP2/sample_12_protein.pdb,29.0,0.0,0.0,0.0,0.0,1.0,ok,0.0
apo2mol,SHP2,13,26,15.384615384615383,8,1.368049477108857,external_inputs/apo2mol_1000/structures/SHP2/sample_13_protein.pdb,28.0,0.0,0.0,0.0,0.0,1.0,ok,0.0
apo2mol,SHP2,14,26,0.0,0,2.63055065190927,external_inputs/apo2mol_1000/structures/SHP2/sample_14_protein.pdb,28.0,0.0,0.0,0.0,0.0,1.0,ok,0.0
apo2mol,SHP2,15,26,26.923076923076923,13,0.4378966044914943,external_inputs/apo2mol_1000/structures/SHP2/sample_15_protein.pdb,29.0,0.0,0.0,0.0,0.0,1.0,ok,0.0
apo2mol,SHP2,16,26,11.538461538461538,3,1.880602819665099,external_inputs/apo2mol_1000/structures/SHP2/sample_16_protein.pdb,28.0,0.0,0.0,0.0,0.0,1.0,ok,0.0
apo2mol,SHP2,17,26,7.6923076923076925,3,1.9027405747534356,external_inputs/apo2mol_1000/structures/SHP2/sample_17_protein.pdb,27.0,0.0,0.0,0.0,0.0,1.0,ok,0.0
apo2mol,SHP2,18,26,7.6923076923076925,2,1.5996554562830565,external_inputs/apo2mol_1000/structures/SHP2/sample_18_protein.pdb,26.0,0.0,0.0,0.0,0.0,1.0,ok,0.0
apo2mol,SHP2,19,26,0.0,0,2.618887461296023,external_inputs/apo2mol_1000/structures/SHP2/sample_19_protein.pdb,27.0,0.0,0.0,0.0,0.0,2.0,ok,100.0
apo2mol,SHP2,20,26,19.230769230769237,5,1.3575051268813934,external_inputs/apo2mol_1000/structures/SHP2/sample_20_protein.pdb,28.0,0.0,0.0,0.0,0.0,1.0,ok,0.0
apo2mol,SHP2,21,26,11.538461538461538,4,1.013156752941242,external_inputs/apo2mol_1000/structures/SHP2/sample_21_protein.pdb,29.0,0.0,0.0,0.0,0.0,1.0,ok,0.0
apo2mol,SHP2,22,26,0.0,0,2.4235239043306325,external_inputs/apo2mol_1000/structures/SHP2/sample_22_protein.pdb,26.0,0.0,0.0,0.0,0.0,1.0,ok,0.0
apo2mol,SHP2,23,26,7.6923076923076925,4,0.973844136840826,external_inputs/apo2mol_1000/structures/SHP2/sample_23_protein.pdb,27.0,0.0,0.0,0.0,0.0,1.0,ok,0.0
apo2mol,SHP2,24,26,7.6923076923076925,2,2.253945753128884,external_inputs/apo2mol_1000/structures/SHP2/sample_24_protein.pdb,28.0,0.0,0.0,0.0,0.0,1.0,ok,0.0
apo2mol,SHP2,25,26,7.6923076923076925,2,1.6353421967558588,external_inputs/apo2mol_1000/structures/SHP2/sample_25_protein.pdb,29.0,0.0,0.0,0.0,0.0,1.0,ok,0.0
apo2mol,SHP2,26,26,19.230769230769237,8,1.496234512781656,external_inputs/apo2mol_1000/structures/SHP2/sample_26_protein.pdb,25.0,0.0,0.0,0.0,0.0,2.0,ok,100.0
apo2mol,SHP2,27,26,7.6923076923076925,2,1.9570093450934825,external_inputs/apo2mol_1000/structures/SHP2/sample_27_protein.pdb,28.0,0.0,0.0,0.0,0.0,2.0,ok,100.0
apo2mol,SHP2,28,26,0.0,0,2.514413181439429,external_inputs/apo2mol_1000/structures/SHP2/sample_28_protein.pdb,27.0,0.0,0.0,0.0,0.0,1.0,ok,0.0
apo2mol,SHP2,29,26,7.6923076923076925,2,2.157059923810272,external_inputs/apo2mol_1000/structures/SHP2/sample_29_protein.pdb,29.0,0.0,0.0,0.0,0.0,1.0,ok,0.0
molgen_ns1.0,SHP2,0,26,0.0,0,2.8619647097754366,external_inputs/rescore/structures/molgen_ns1.0/SHP2/0.pdb,28.0,0.0,0.0,0.0,0.0,1.0,ok,0.0
molgen_ns1.0,SHP2,1,28,0.0,0,2.7290762173306926,external_inputs/rescore/structures/molgen_ns1.0/SHP2/1.pdb,30.0,0.0,0.0,0.0,0.0,1.0,ok,0.0
molgen_ns1.0,SHP2,2,19,0.0,0,3.462794969385279,external_inputs/rescore/structures/molgen_ns1.0/SHP2/2.pdb,19.0,0.0,0.0,0.0,0.0,1.0,ok,0.0
molgen_ns1.0,SHP2,3,22,0.0,0,2.834365890283045,external_inputs/rescore/structures/molgen_ns1.0/SHP2/3.pdb,24.0,0.0,0.0,0.0,0.0,1.0,ok,0.0
molgen_ns1.0,SHP2,4,19,0.0,0,2.8468751289791427,external_inputs/rescore/structures/molgen_ns1.0/SHP2/4.pdb,19.0,0.0,0.0,0.0,0.0,1.0,ok,0.0
molgen_ns1.0,SHP2,5,25,0.0,0,2.75609814774438,external_inputs/rescore/structures/molgen_ns1.0/SHP2/5.pdb,26.0,0.0,0.0,0.0,0.0,1.0,ok,0.0
molgen_ns1.0,SHP2,6,28,0.0,0,2.7779946004267173,external_inputs/rescore/structures/molgen_ns1.0/SHP2/6.pdb,30.0,0.0,0.0,0.0,0.0,1.0,ok,0.0
molgen_ns1.0,SHP2,7,17,0.0,0,3.001621062026317,external_inputs/rescore/structures/molgen_ns1.0/SHP2/7.pdb,18.0,0.0,0.0,0.0,0.0,1.0,ok,0.0
molgen_ns1.0,SHP2,8,22,0.0,0,2.893457965825665,external_inputs/rescore/structures/molgen_ns1.0/SHP2/8.pdb,24.0,0.0,0.0,0.0,0.0,1.0,ok,0.0
molgen_ns1.0,SHP2,9,24,0.0,0,2.781010607674844,external_inputs/rescore/structures/molgen_ns1.0/SHP2/9.pdb,26.0,0.0,0.0,0.0,0.0,1.0,ok,0.0
molgen_ns1.0,SHP2,10,18,0.0,0,3.2802050240800504,external_inputs/rescore/structures/molgen_ns1.0/SHP2/10.pdb,18.0,0.0,0.0,0.0,0.0,1.0,ok,0.0
molgen_ns1.0,SHP2,11,19,0.0,0,3.016675488016568,external_inputs/rescore/structures/molgen_ns1.0/SHP2/11.pdb,20.0,0.0,0.0,0.0,0.0,1.0,ok,0.0
molgen_ns1.0,SHP2,12,24,0.0,0,3.1233675736294617,external_inputs/rescore/structures/molgen_ns1.0/SHP2/12.pdb,26.0,0.0,0.0,0.0,0.0,1.0,ok,0.0
molgen_ns1.0,SHP2,13,21,0.0,0,2.7463535824798675,external_inputs/rescore/structures/molgen_ns1.0/SHP2/13.pdb,22.0,0.0,0.0,0.0,0.0,1.0,ok,0.0
molgen_ns1.0,SHP2,14,27,0.0,0,2.8673383127911496,external_inputs/rescore/structures/molgen_ns1.0/SHP2/14.pdb,29.0,0.0,0.0,0.0,0.0,1.0,ok,0.0
molgen_ns1.0,SHP2,15,23,0.0,0,3.026532339163088,external_inputs/rescore/structures/molgen_ns1.0/SHP2/15.pdb,25.0,0.0,0.0,0.0,0.0,1.0,ok,0.0
molgen_ns1.0,SHP2,16,26,0.0,0,2.748651487548033,external_inputs/rescore/structures/molgen_ns1.0/SHP2/16.pdb,28.0,0.0,0.0,0.0,0.0,1.0,ok,0.0
molgen_ns1.0,SHP2,17,29,0.0,0,2.722707843305999,external_inputs/rescore/structures/molgen_ns1.0/SHP2/17.pdb,32.0,0.0,0.0,0.0,0.0,1.0,ok,0.0
molgen_ns1.0,SHP2,18,24,0.0,0,2.8242829178395006,external_inputs/rescore/structures/molgen_ns1.0/SHP2/18.pdb,25.0,0.0,0.0,0.0,0.0,1.0,ok,0.0
molgen_ns1.0,SHP2,19,28,0.0,0,2.956148507771556,external_inputs/rescore/structures/molgen_ns1.0/SHP2/19.pdb,31.0,0.0,0.0,0.0,0.0,1.0,ok,0.0
molgen_ns1.0,SHP2,20,24,0.0,0,2.8692871937120543,external_inputs/rescore/structures/molgen_ns1.0/SHP2/20.pdb,26.0,0.0,0.0,0.0,0.0,1.0,ok,0.0
molgen_ns1.0,SHP2,21,21,0.0,0,2.8041645814752023,external_inputs/rescore/structures/molgen_ns1.0/SHP2/21.pdb,22.0,0.0,0.0,0.0,0.0,1.0,ok,0.0
molgen_ns1.0,SHP2,22,32,0.0,0,3.1142867562252525,external_inputs/rescore/structures/molgen_ns1.0/SHP2/22.pdb,37.0,0.0,0.0,0.0,0.0,1.0,ok,0.0
molgen_ns1.0,SHP2,23,23,0.0,0,2.7315411400892344,external_inputs/rescore/structures/molgen_ns1.0/SHP2/23.pdb,24.0,0.0,0.0,0.0,0.0,1.0,ok,0.0
molgen_ns1.0,SHP2,24,21,0.0,0,2.8527160742001643,external_inputs/rescore/structures/molgen_ns1.0/SHP2/24.pdb,22.0,0.0,0.0,0.0,0.0,1.0,ok,0.0
molgen_ns1.0,SHP2,25,22,0.0,0,3.0922863709559625,external_inputs/rescore/structures/molgen_ns1.0/SHP2/25.pdb,24.0,0.0,0.0,0.0,0.0,1.0,ok,0.0
molgen_ns1.0,SHP2,26,20,0.0,0,2.9303866639063187,external_inputs/rescore/structures/molgen_ns1.0/SHP2/26.pdb,21.0,0.0,0.0,0.0,0.0,1.0,ok,0.0
molgen_ns1.0,SHP2,27,26,0.0,0,3.0402753164803995,external_inputs/rescore/structures/molgen_ns1.0/SHP2/27.pdb,29.0,0.0,0.0,0.0,0.0,1.0,ok,0.0
molgen_ns1.0,SHP2,28,19,0.0,0,2.95689059655578,external_inputs/rescore/structures/molgen_ns1.0/SHP2/28.pdb,20.0,0.0,0.0,0.0,0.0,1.0,ok,0.0
molgen_ns1.0,SHP2,29,22,0.0,0,2.9174989288772677,external_inputs/rescore/structures/molgen_ns1.0/SHP2/29.pdb,23.0,0.0,0.0,0.0,0.0,1.0,ok,0.0
apo2mol,METTL14,0,39,2.564102564102564,1,2.5041907965153065,external_inputs/apo2mol_1000/structures/METTL14/sample_0_protein.pdb,41.0,0.0,0.0,0.0,0.0,2.0,ok,100.0
apo2mol,METTL14,1,39,7.6923076923076925,6,1.6592274549046035,external_inputs/apo2mol_1000/structures/METTL14/sample_1_protein.pdb,44.0,0.0,0.0,0.0,0.0,1.0,ok,0.0
apo2mol,METTL14,2,39,0.0,0,3.220499106818421,external_inputs/apo2mol_1000/structures/METTL14/sample_2_protein.pdb,44.0,0.0,0.0,0.0,0.0,1.0,ok,0.0
apo2mol,METTL14,3,39,5.128205128205128,2,1.4191373927915836,external_inputs/apo2mol_1000/structures/METTL14/sample_3_protein.pdb,44.0,0.0,0.0,7.6923076923076925,2.0,1.0,ok,0.0
apo2mol,METTL14,4,39,0.0,0,2.8823678243458906,external_inputs/apo2mol_1000/structures/METTL14/sample_4_protein.pdb,43.0,0.0,0.0,0.0,0.0,1.0,ok,0.0
apo2mol,METTL14,5,39,10.256410256410255,5,2.1122972990401907,external_inputs/apo2mol_1000/structures/METTL14/sample_5_protein.pdb,,,,,,,unparseable,
apo2mol,METTL14,6,39,0.0,0,2.5644517445077613,external_inputs/apo2mol_1000/structures/METTL14/sample_6_protein.pdb,44.0,0.0,0.0,0.0,0.0,1.0,ok,0.0
apo2mol,METTL14,7,39,0.0,0,2.7707106831776294,external_inputs/apo2mol_1000/structures/METTL14/sample_7_protein.pdb,46.0,0.0,0.0,0.0,0.0,1.0,ok,0.0
apo2mol,METTL14,8,39,0.0,0,2.4653092893954427,external_inputs/apo2mol_1000/structures/METTL14/sample_8_protein.pdb,,,,,,,unparseable,
apo2mol,METTL14,9,39,0.0,0,2.7951326529105662,external_inputs/apo2mol_1000/structures/METTL14/sample_9_protein.pdb,46.0,0.0,0.0,0.0,0.0,1.0,ok,0.0
apo2mol,METTL14,10,39,2.564102564102564,1,2.5198072841392745,external_inputs/apo2mol_1000/structures/METTL14/sample_10_protein.pdb,40.0,0.0,0.0,5.128205128205129,1.0,2.0,ok,100.0
apo2mol,METTL14,11,39,2.564102564102564,1,2.4000317629299115,external_inputs/apo2mol_1000/structures/METTL14/sample_11_protein.pdb,45.0,0.0,0.0,0.0,0.0,1.0,ok,0.0
apo2mol,METTL14,12,39,0.0,0,2.7574656391665124,external_inputs/apo2mol_1000/structures/METTL14/sample_12_protein.pdb,45.0,0.0,0.0,0.0,0.0,1.0,ok,0.0
apo2mol,METTL14,13,39,5.128205128205128,3,0.8422809559857548,external_inputs/apo2mol_1000/structures/METTL14/sample_13_protein.pdb,46.0,0.0,0.0,0.0,0.0,1.0,ok,0.0
apo2mol,METTL14,14,39,0.0,0,2.55481005061464,external_inputs/apo2mol_1000/structures/METTL14/sample_14_protein.pdb,,,,,,,unparseable,
apo2mol,METTL14,15,39,0.0,0,2.601207318821685,external_inputs/apo2mol_1000/structures/METTL14/sample_15_protein.pdb,45.0,0.0,0.0,0.0,0.0,1.0,ok,0.0
apo2mol,METTL14,16,39,0.0,0,2.706293239603257,external_inputs/apo2mol_1000/structures/METTL14/sample_16_protein.pdb,42.0,0.0,0.0,0.0,0.0,1.0,ok,0.0
apo2mol,METTL14,17,39,10.256410256410255,12,1.209779610822245,external_inputs/apo2mol_1000/structures/METTL14/sample_17_protein.pdb,,,,,,,unparseable,
apo2mol,METTL14,18,39,2.564102564102564,1,2.4349046310796894,external_inputs/apo2mol_1000/structures/METTL14/sample_18_protein.pdb,40.0,0.0,0.0,0.0,0.0,1.0,ok,0.0
apo2mol,METTL14,19,39,2.564102564102564,1,2.258016479894728,external_inputs/apo2mol_1000/structures/METTL14/sample_19_protein.pdb,45.0,0.0,0.0,0.0,0.0,1.0,ok,0.0
apo2mol,METTL14,20,39,0.0,0,2.8335311860474577,external_inputs/apo2mol_1000/structures/METTL14/sample_20_protein.pdb,42.0,1.0,2.380952380952381,0.0,0.0,1.0,ok,100.0
apo2mol,METTL14,21,39,0.0,0,2.8970965950016088,external_inputs/apo2mol_1000/structures/METTL14/sample_21_protein.pdb,43.0,0.0,0.0,0.0,0.0,1.0,ok,0.0
apo2mol,METTL14,22,39,0.0,0,2.509167433735693,external_inputs/apo2mol_1000/structures/METTL14/sample_22_protein.pdb,43.0,0.0,0.0,0.0,0.0,1.0,ok,0.0
apo2mol,METTL14,23,39,10.256410256410255,10,1.356246108890739,external_inputs/apo2mol_1000/structures/METTL14/sample_23_protein.pdb,43.0,0.0,0.0,0.0,0.0,1.0,ok,0.0
apo2mol,METTL14,24,39,2.564102564102564,1,2.2126632211090387,external_inputs/apo2mol_1000/structures/METTL14/sample_24_protein.pdb,43.0,0.0,0.0,0.0,0.0,1.0,ok,0.0
apo2mol,METTL14,25,39,0.0,0,2.768782199669844,external_inputs/apo2mol_1000/structures/METTL14/sample_25_protein.pdb,44.0,0.0,0.0,0.0,0.0,1.0,ok,0.0
apo2mol,METTL14,26,39,0.0,0,2.9533856031441927,external_inputs/apo2mol_1000/structures/METTL14/sample_26_protein.pdb,43.0,0.0,0.0,0.0,0.0,1.0,ok,0.0
apo2mol,METTL14,27,39,0.0,0,2.8899723143509264,external_inputs/apo2mol_1000/structures/METTL14/sample_27_protein.pdb,45.0,0.0,0.0,0.0,0.0,1.0,ok,0.0
apo2mol,METTL14,28,39,7.6923076923076925,3,2.273005360373129,external_inputs/apo2mol_1000/structures/METTL14/sample_28_protein.pdb,,,,,,,unparseable,
apo2mol,METTL14,29,39,0.0,0,2.798905529218205,external_inputs/apo2mol_1000/structures/METTL14/sample_29_protein.pdb,43.0,0.0,0.0,0.0,0.0,1.0,ok,0.0
molgen_ns1.0,METTL14,0,36,0.0,0,3.3751029613924377,external_inputs/rescore/structures/molgen_ns1.0/METTL14/0.pdb,39.0,0.0,0.0,0.0,0.0,1.0,ok,0.0
molgen_ns1.0,METTL14,1,36,0.0,0,3.0434069724570185,external_inputs/rescore/structures/molgen_ns1.0/METTL14/1.pdb,38.0,0.0,0.0,0.0,0.0,1.0,ok,0.0
molgen_ns1.0,METTL14,2,32,0.0,0,3.2991426158928023,external_inputs/rescore/structures/molgen_ns1.0/METTL14/2.pdb,33.0,0.0,0.0,0.0,0.0,1.0,ok,0.0
molgen_ns1.0,METTL14,3,38,0.0,0,3.282759357613653,external_inputs/rescore/structures/molgen_ns1.0/METTL14/3.pdb,40.0,0.0,0.0,0.0,0.0,1.0,ok,0.0
molgen_ns1.0,METTL14,4,29,0.0,0,2.9780881451024928,external_inputs/rescore/structures/molgen_ns1.0/METTL14/4.pdb,30.0,0.0,0.0,0.0,0.0,1.0,ok,0.0
molgen_ns1.0,METTL14,5,40,0.0,0,3.153828150042422,external_inputs/rescore/structures/molgen_ns1.0/METTL14/5.pdb,43.0,0.0,0.0,0.0,0.0,1.0,ok,0.0
molgen_ns1.0,METTL14,6,35,0.0,0,3.0372772346297263,external_inputs/rescore/structures/molgen_ns1.0/METTL14/6.pdb,38.0,0.0,0.0,0.0,0.0,1.0,ok,0.0
molgen_ns1.0,METTL14,7,32,0.0,0,2.9621993518330254,external_inputs/rescore/structures/molgen_ns1.0/METTL14/7.pdb,34.0,0.0,0.0,0.0,0.0,1.0,ok,0.0
molgen_ns1.0,METTL14,8,31,0.0,0,3.20567450000776,external_inputs/rescore/structures/molgen_ns1.0/METTL14/8.pdb,32.0,0.0,0.0,0.0,0.0,1.0,ok,0.0
molgen_ns1.0,METTL14,9,32,0.0,0,3.109134123835765,external_inputs/rescore/structures/molgen_ns1.0/METTL14/9.pdb,33.0,0.0,0.0,0.0,0.0,1.0,ok,0.0
molgen_ns1.0,METTL14,10,32,0.0,0,2.962329657549949,external_inputs/rescore/structures/molgen_ns1.0/METTL14/10.pdb,33.0,0.0,0.0,0.0,0.0,1.0,ok,0.0
molgen_ns1.0,METTL14,11,35,0.0,0,3.037295672139939,external_inputs/rescore/structures/molgen_ns1.0/METTL14/11.pdb,37.0,0.0,0.0,0.0,0.0,1.0,ok,0.0
molgen_ns1.0,METTL14,12,45,0.0,0,3.256051750202996,external_inputs/rescore/structures/molgen_ns1.0/METTL14/12.pdb,50.0,0.0,0.0,0.0,0.0,1.0,ok,0.0
molgen_ns1.0,METTL14,13,29,0.0,0,3.251641124109487,external_inputs/rescore/structures/molgen_ns1.0/METTL14/13.pdb,30.0,0.0,0.0,0.0,0.0,1.0,ok,0.0
molgen_ns1.0,METTL14,14,38,0.0,0,3.1822415056057576,external_inputs/rescore/structures/molgen_ns1.0/METTL14/14.pdb,41.0,0.0,0.0,0.0,0.0,1.0,ok,0.0
molgen_ns1.0,METTL14,15,32,0.0,0,3.105211103934804,external_inputs/rescore/structures/molgen_ns1.0/METTL14/15.pdb,33.0,0.0,0.0,0.0,0.0,1.0,ok,0.0
molgen_ns1.0,METTL14,16,26,0.0,0,2.9142281997125754,external_inputs/rescore/structures/molgen_ns1.0/METTL14/16.pdb,27.0,0.0,0.0,0.0,0.0,1.0,ok,0.0
molgen_ns1.0,METTL14,17,36,0.0,0,2.8630619972330336,external_inputs/rescore/structures/molgen_ns1.0/METTL14/17.pdb,39.0,0.0,0.0,0.0,0.0,1.0,ok,0.0
molgen_ns1.0,METTL14,18,32,0.0,0,3.040424148042505,external_inputs/rescore/structures/molgen_ns1.0/METTL14/18.pdb,33.0,0.0,0.0,0.0,0.0,1.0,ok,0.0
molgen_ns1.0,METTL14,19,27,0.0,0,3.228127166020571,external_inputs/rescore/structures/molgen_ns1.0/METTL14/19.pdb,27.0,0.0,0.0,0.0,0.0,1.0,ok,0.0
molgen_ns1.0,METTL14,20,33,0.0,0,2.9630143435359875,external_inputs/rescore/structures/molgen_ns1.0/METTL14/20.pdb,35.0,0.0,0.0,0.0,0.0,1.0,ok,0.0
molgen_ns1.0,METTL14,21,29,0.0,0,2.730906259833903,external_inputs/rescore/structures/molgen_ns1.0/METTL14/21.pdb,30.0,0.0,0.0,0.0,0.0,1.0,ok,0.0
molgen_ns1.0,METTL14,22,34,0.0,0,3.1726799397354903,external_inputs/rescore/structures/molgen_ns1.0/METTL14/22.pdb,37.0,0.0,0.0,0.0,0.0,1.0,ok,0.0
molgen_ns1.0,METTL14,23,27,0.0,0,3.3041210631573428,external_inputs/rescore/structures/molgen_ns1.0/METTL14/23.pdb,28.0,0.0,0.0,0.0,0.0,1.0,ok,0.0
molgen_ns1.0,METTL14,24,28,0.0,0,3.1377581168726185,external_inputs/rescore/structures/molgen_ns1.0/METTL14/24.pdb,29.0,0.0,0.0,0.0,0.0,1.0,ok,0.0
molgen_ns1.0,METTL14,25,29,0.0,0,3.084639687224425,external_inputs/rescore/structures/molgen_ns1.0/METTL14/25.pdb,30.0,0.0,0.0,0.0,0.0,1.0,ok,0.0
molgen_ns1.0,METTL14,26,41,0.0,0,3.277889259874409,external_inputs/rescore/structures/molgen_ns1.0/METTL14/26.pdb,45.0,0.0,0.0,0.0,0.0,1.0,ok,0.0
molgen_ns1.0,METTL14,27,37,0.0,0,3.27312725081076,external_inputs/rescore/structures/molgen_ns1.0/METTL14/27.pdb,40.0,0.0,0.0,0.0,0.0,1.0,ok,0.0
molgen_ns1.0,METTL14,28,36,0.0,0,3.064706674381744,external_inputs/rescore/structures/molgen_ns1.0/METTL14/28.pdb,38.0,0.0,0.0,0.0,0.0,1.0,ok,0.0
molgen_ns1.0,METTL14,29,39,0.0,0,3.2798149338034306,external_inputs/rescore/structures/molgen_ns1.0/METTL14/29.pdb,42.0,0.0,0.0,0.0,0.0,1.0,ok,0.0
apo2mol,FUT8,0,34,2.941176470588235,1,1.8162402314965425,external_inputs/apo2mol_1000/structures/FUT8/sample_0_protein.pdb,37.0,0.0,0.0,0.0,0.0,1.0,ok,0.0
apo2mol,FUT8,1,34,14.705882352941178,11,1.953030791346484,external_inputs/apo2mol_1000/structures/FUT8/sample_1_protein.pdb,34.0,0.0,0.0,0.0,0.0,2.0,ok,100.0
apo2mol,FUT8,2,34,0.0,0,2.61622131842839,external_inputs/apo2mol_1000/structures/FUT8/sample_2_protein.pdb,38.0,0.0,0.0,0.0,0.0,1.0,ok,0.0
apo2mol,FUT8,3,34,20.588235294117645,19,0.4171088233879256,external_inputs/apo2mol_1000/structures/FUT8/sample_3_protein.pdb,38.0,0.0,0.0,0.0,0.0,1.0,ok,0.0
apo2mol,FUT8,4,34,14.705882352941178,6,1.3333196377217242,external_inputs/apo2mol_1000/structures/FUT8/sample_4_protein.pdb,38.0,0.0,0.0,0.0,0.0,1.0,ok,0.0
apo2mol,FUT8,5,34,29.411764705882355,22,0.8760263516497612,external_inputs/apo2mol_1000/structures/FUT8/sample_5_protein.pdb,35.0,0.0,0.0,0.0,0.0,1.0,ok,0.0
apo2mol,FUT8,6,34,26.47058823529412,14,1.3961010590192813,external_inputs/apo2mol_1000/structures/FUT8/sample_6_protein.pdb,,,,,,,unparseable,
apo2mol,FUT8,7,34,14.705882352941178,6,1.7090131698285675,external_inputs/apo2mol_1000/structures/FUT8/sample_7_protein.pdb,40.0,0.0,0.0,0.0,0.0,1.0,ok,0.0
apo2mol,FUT8,8,34,8.823529411764707,7,1.54825961183741,external_inputs/apo2mol_1000/structures/FUT8/sample_8_protein.pdb,35.0,0.0,0.0,0.0,0.0,1.0,ok,0.0
apo2mol,FUT8,9,34,5.88235294117647,3,1.8008287599426318,external_inputs/apo2mol_1000/structures/FUT8/sample_9_protein.pdb,34.0,0.0,0.0,8.823529411764707,2.0,2.0,ok,100.0
apo2mol,FUT8,10,34,23.52941176470588,11,1.3472216021579235,external_inputs/apo2mol_1000/structures/FUT8/sample_10_protein.pdb,38.0,0.0,0.0,0.0,0.0,1.0,ok,0.0
apo2mol,FUT8,11,34,5.88235294117647,2,1.885047197324958,external_inputs/apo2mol_1000/structures/FUT8/sample_11_protein.pdb,36.0,0.0,0.0,0.0,0.0,2.0,ok,100.0
apo2mol,FUT8,12,34,2.941176470588235,1,2.486664389348477,external_inputs/apo2mol_1000/structures/FUT8/sample_12_protein.pdb,36.0,0.0,0.0,0.0,0.0,2.0,ok,100.0
apo2mol,FUT8,13,34,23.52941176470588,15,1.2131132318112856,external_inputs/apo2mol_1000/structures/FUT8/sample_13_protein.pdb,36.0,0.0,0.0,0.0,0.0,1.0,ok,0.0
apo2mol,FUT8,14,34,5.88235294117647,2,1.866659021820038,external_inputs/apo2mol_1000/structures/FUT8/sample_14_protein.pdb,34.0,0.0,0.0,0.0,0.0,3.0,ok,100.0
apo2mol,FUT8,15,34,14.705882352941178,8,0.727741491139324,external_inputs/apo2mol_1000/structures/FUT8/sample_15_protein.pdb,37.0,0.0,0.0,0.0,0.0,1.0,ok,0.0
apo2mol,FUT8,16,34,14.705882352941178,17,0.440466023144468,external_inputs/apo2mol_1000/structures/FUT8/sample_16_protein.pdb,37.0,0.0,0.0,0.0,0.0,1.0,ok,0.0
apo2mol,FUT8,17,34,8.823529411764707,4,1.869434778930113,external_inputs/apo2mol_1000/structures/FUT8/sample_17_protein.pdb,37.0,0.0,0.0,0.0,0.0,1.0,ok,0.0
apo2mol,FUT8,18,34,23.52941176470588,13,1.2196726278935095,external_inputs/apo2mol_1000/structures/FUT8/sample_18_protein.pdb,37.0,0.0,0.0,5.882352941176471,1.0,1.0,ok,0.0
apo2mol,FUT8,19,34,32.35294117647059,15,0.9447217204536852,external_inputs/apo2mol_1000/structures/FUT8/sample_19_protein.pdb,,,,,,,unparseable,
apo2mol,FUT8,20,34,20.588235294117645,8,1.4159828122950482,external_inputs/apo2mol_1000/structures/FUT8/sample_20_protein.pdb,,,,,,,unparseable,
apo2mol,FUT8,21,34,17.647058823529413,10,0.665700953626141,external_inputs/apo2mol_1000/structures/FUT8/sample_21_protein.pdb,36.0,0.0,0.0,0.0,0.0,1.0,ok,0.0
apo2mol,FUT8,22,34,23.52941176470588,11,0.6089537366657682,external_inputs/apo2mol_1000/structures/FUT8/sample_22_protein.pdb,35.0,0.0,0.0,0.0,0.0,1.0,ok,0.0
apo2mol,FUT8,23,34,5.88235294117647,2,1.766708343528637,external_inputs/apo2mol_1000/structures/FUT8/sample_23_protein.pdb,36.0,0.0,0.0,0.0,0.0,1.0,ok,0.0
apo2mol,FUT8,24,34,23.52941176470588,15,0.8400953179932987,external_inputs/apo2mol_1000/structures/FUT8/sample_24_protein.pdb,36.0,0.0,0.0,0.0,0.0,1.0,ok,0.0
apo2mol,FUT8,25,34,14.705882352941178,12,1.0888682781732033,external_inputs/apo2mol_1000/structures/FUT8/sample_25_protein.pdb,36.0,0.0,0.0,0.0,0.0,1.0,ok,0.0
apo2mol,FUT8,26,34,5.88235294117647,2,2.2914818507970582,external_inputs/apo2mol_1000/structures/FUT8/sample_26_protein.pdb,38.0,0.0,0.0,8.823529411764707,2.0,1.0,ok,0.0
apo2mol,FUT8,27,34,8.823529411764707,3,1.4558119165881482,external_inputs/apo2mol_1000/structures/FUT8/sample_27_protein.pdb,38.0,0.0,0.0,0.0,0.0,1.0,ok,0.0
apo2mol,FUT8,28,34,14.705882352941178,8,1.740443651771529,external_inputs/apo2mol_1000/structures/FUT8/sample_28_protein.pdb,37.0,0.0,0.0,0.0,0.0,1.0,ok,0.0
apo2mol,FUT8,29,34,17.647058823529413,10,0.9901906183476726,external_inputs/apo2mol_1000/structures/FUT8/sample_29_protein.pdb,39.0,2.0,5.128205128205128,0.0,0.0,1.0,ok,100.0
molgen_ns1.0,FUT8,0,42,0.0,0,2.921284135444548,external_inputs/rescore/structures/molgen_ns1.0/FUT8/0.pdb,42.0,0.0,0.0,0.0,0.0,1.0,ok,0.0
molgen_ns1.0,FUT8,1,36,0.0,0,2.953183028530399,external_inputs/rescore/structures/molgen_ns1.0/FUT8/1.pdb,37.0,0.0,0.0,0.0,0.0,1.0,ok,0.0
molgen_ns1.0,FUT8,2,42,0.0,0,3.267878363709397,external_inputs/rescore/structures/molgen_ns1.0/FUT8/2.pdb,44.0,0.0,0.0,0.0,0.0,1.0,ok,0.0
molgen_ns1.0,FUT8,4,41,0.0,0,3.0599042468678643,external_inputs/rescore/structures/molgen_ns1.0/FUT8/4.pdb,40.0,0.0,0.0,4.878048780487805,1.0,1.0,ok,0.0
molgen_ns1.0,FUT8,5,48,0.0,0,3.1047597330550385,external_inputs/rescore/structures/molgen_ns1.0/FUT8/5.pdb,50.0,0.0,0.0,0.0,0.0,1.0,ok,0.0
molgen_ns1.0,FUT8,6,45,0.0,0,3.2091745044481463,external_inputs/rescore/structures/molgen_ns1.0/FUT8/6.pdb,46.0,0.0,0.0,0.0,0.0,1.0,ok,0.0
molgen_ns1.0,FUT8,7,47,0.0,0,2.860121326097897,external_inputs/rescore/structures/molgen_ns1.0/FUT8/7.pdb,49.0,0.0,0.0,0.0,0.0,1.0,ok,0.0
molgen_ns1.0,FUT8,8,44,0.0,0,2.755451505652019,external_inputs/rescore/structures/molgen_ns1.0/FUT8/8.pdb,45.0,0.0,0.0,0.0,0.0,1.0,ok,0.0
molgen_ns1.0,FUT8,9,37,0.0,0,2.753975490087012,external_inputs/rescore/structures/molgen_ns1.0/FUT8/9.pdb,36.0,0.0,0.0,0.0,0.0,1.0,ok,0.0
molgen_ns1.0,FUT8,10,48,0.0,0,2.751408730087188,external_inputs/rescore/structures/molgen_ns1.0/FUT8/10.pdb,50.0,0.0,0.0,0.0,0.0,1.0,ok,0.0
molgen_ns1.0,FUT8,11,40,0.0,0,3.178894461915964,external_inputs/rescore/structures/molgen_ns1.0/FUT8/11.pdb,41.0,0.0,0.0,0.0,0.0,1.0,ok,0.0
molgen_ns1.0,FUT8,12,43,0.0,0,2.8487718406358877,external_inputs/rescore/structures/molgen_ns1.0/FUT8/12.pdb,44.0,0.0,0.0,4.651162790697675,1.0,1.0,ok,0.0
molgen_ns1.0,FUT8,13,39,0.0,0,3.1018944211562087,external_inputs/rescore/structures/molgen_ns1.0/FUT8/13.pdb,38.0,0.0,0.0,0.0,0.0,1.0,ok,0.0
molgen_ns1.0,FUT8,14,43,0.0,0,3.0112246678054424,external_inputs/rescore/structures/molgen_ns1.0/FUT8/14.pdb,43.0,0.0,0.0,0.0,0.0,1.0,ok,0.0
molgen_ns1.0,FUT8,16,41,0.0,0,3.177795619608032,external_inputs/rescore/structures/molgen_ns1.0/FUT8/16.pdb,42.0,0.0,0.0,0.0,0.0,1.0,ok,0.0
molgen_ns1.0,FUT8,17,44,0.0,0,3.073269594422201,external_inputs/rescore/structures/molgen_ns1.0/FUT8/17.pdb,47.0,0.0,0.0,0.0,0.0,1.0,ok,0.0
molgen_ns1.0,FUT8,18,37,0.0,0,3.156028516981425,external_inputs/rescore/structures/molgen_ns1.0/FUT8/18.pdb,38.0,0.0,0.0,0.0,0.0,1.0,ok,0.0
molgen_ns1.0,FUT8,19,38,0.0,0,2.824944955215944,external_inputs/rescore/structures/molgen_ns1.0/FUT8/19.pdb,38.0,0.0,0.0,0.0,0.0,1.0,ok,0.0
molgen_ns1.0,FUT8,20,35,0.0,0,2.919241339800457,external_inputs/rescore/structures/molgen_ns1.0/FUT8/20.pdb,35.0,0.0,0.0,0.0,0.0,1.0,ok,0.0
molgen_ns1.0,FUT8,21,45,0.0,0,2.7786379756996062,external_inputs/rescore/structures/molgen_ns1.0/FUT8/21.pdb,45.0,0.0,0.0,0.0,0.0,1.0,ok,0.0
molgen_ns1.0,FUT8,22,38,0.0,0,3.125275987812919,external_inputs/rescore/structures/molgen_ns1.0/FUT8/22.pdb,38.0,0.0,0.0,0.0,0.0,1.0,ok,0.0
molgen_ns1.0,FUT8,23,39,0.0,0,3.118889225349307,external_inputs/rescore/structures/molgen_ns1.0/FUT8/23.pdb,41.0,0.0,0.0,0.0,0.0,1.0,ok,0.0
molgen_ns1.0,FUT8,24,42,0.0,0,3.1238895627086407,external_inputs/rescore/structures/molgen_ns1.0/FUT8/24.pdb,43.0,0.0,0.0,0.0,0.0,1.0,ok,0.0
molgen_ns1.0,FUT8,26,49,0.0,0,2.988330804981273,external_inputs/rescore/structures/molgen_ns1.0/FUT8/26.pdb,52.0,0.0,0.0,0.0,0.0,1.0,ok,0.0
molgen_ns1.0,FUT8,27,36,0.0,0,2.9463390843553645,external_inputs/rescore/structures/molgen_ns1.0/FUT8/27.pdb,36.0,0.0,0.0,0.0,0.0,1.0,ok,0.0
molgen_ns1.0,FUT8,28,47,0.0,0,2.7968743268155625,external_inputs/rescore/structures/molgen_ns1.0/FUT8/28.pdb,48.0,0.0,0.0,0.0,0.0,1.0,ok,0.0
molgen_ns1.0,FUT8,29,43,0.0,0,2.952134312662619,external_inputs/rescore/structures/molgen_ns1.0/FUT8/29.pdb,44.0,0.0,0.0,0.0,0.0,1.0,ok,0.0
