target,method,sample_idx,res_id,res_name,bb_sum,bb_n,sc_sum,sc_n
cAbl,boltz2,0,267,LEU,29.94312286376953,4,13.22668719291687,4
cAbl,boltz2,0,269,GLY,78.93272399902344,4,0.0,0
cAbl,boltz2,0,272,TYR,120.9733657836914,4,1018.0546607971191,8
cAbl,boltz2,0,275,VAL,17.441059112548828,4,12.12911605834961,3
cAbl,boltz2,0,290,LYS,10.331976890563965,4,18.631078839302063,5
cAbl,boltz2,0,305,GLU,10.385056495666504,4,15.229686737060547,5
cAbl,boltz2,0,309,MET,2.539649248123169,4,2.9461910128593445,4
cAbl,boltz2,0,335,GLU,0.33275362849235535,4,0.8124778270721436,5
cAbl,boltz2,0,341,ASN,1.1750963926315308,4,1.029480516910553,4
cAbl,boltz2,0,389,LEU,0.9403689503669739,4,1.819290578365326,4
cAbl,boltz2,0,400,ASP,5.0201921463012695,4,12.838686168193817,4
cAbl,boltz2,0,401,PHE,8.756368637084961,4,57.625046372413635,7
cAbl,boltz2,1,267,LEU,4.530296325683594,4,4.926022052764893,4
cAbl,boltz2,1,269,GLY,2.292412042617798,4,0.0,0
cAbl,boltz2,1,272,TYR,4.009636878967285,4,13.298506259918213,8
cAbl,boltz2,1,275,VAL,2.864701747894287,4,2.6010265946388245,3
cAbl,boltz2,1,290,LYS,1.1153991222381592,4,4.165661662817001,5
cAbl,boltz2,1,305,GLU,1.9983558654785156,4,7.462709367275238,5
cAbl,boltz2,1,309,MET,0.19625279307365417,4,1.2732947375625372,4
cAbl,boltz2,1,335,GLU,0.3888314366340637,4,0.8305580094456673,5
cAbl,boltz2,1,341,ASN,2.527832269668579,4,2.0910859405994415,4
cAbl,boltz2,1,389,LEU,0.8894572854042053,4,1.6314331889152527,4
cAbl,boltz2,1,400,ASP,2.4338016510009766,4,13.182960748672485,4
cAbl,boltz2,1,401,PHE,11.719293594360352,4,67.82341480255127,7
cAbl,boltz2,2,267,LEU,23.199453353881836,4,5.053830921649933,4
cAbl,boltz2,2,269,GLY,40.03973388671875,4,0.0,0
cAbl,boltz2,2,272,TYR,6.0580034255981445,4,530.0694217681885,8
cAbl,boltz2,2,275,VAL,3.956146240234375,4,4.174799084663391,3
cAbl,boltz2,2,290,LYS,1.5399785041809082,4,10.628848999738693,5
cAbl,boltz2,2,305,GLU,2.733736038208008,4,6.688333868980408,5
cAbl,boltz2,2,309,MET,1.4689861536026,4,2.0032704323530197,4
cAbl,boltz2,2,335,GLU,0.42346325516700745,4,0.8679740726947784,5
cAbl,boltz2,2,341,ASN,7.200733184814453,4,9.482444286346436,4
cAbl,boltz2,2,389,LEU,2.221442699432373,4,2.8294310569763184,4
cAbl,boltz2,2,400,ASP,2.8774075508117676,4,11.945308327674866,4
cAbl,boltz2,2,401,PHE,1.0388643741607666,4,2.2631806433200836,7
cAbl,boltz2,3,267,LEU,3.595568895339966,4,1.2112193144857883,4
cAbl,boltz2,3,269,GLY,6.188571929931641,4,0.0,0
cAbl,boltz2,3,272,TYR,2.5572121143341064,4,23.606236696243286,8
cAbl,boltz2,3,275,VAL,1.7078438997268677,4,1.734483540058136,3
cAbl,boltz2,3,290,LYS,1.160548210144043,4,5.090301305055618,5
cAbl,boltz2,3,305,GLU,1.1627345085144043,4,5.319371163845062,5
cAbl,boltz2,3,309,MET,0.22424453496932983,4,1.755212739109993,4
cAbl,boltz2,3,335,GLU,0.6312735676765442,4,0.8656334578990936,5
cAbl,boltz2,3,341,ASN,4.7313947677612305,4,4.926677823066711,4
cAbl,boltz2,3,389,LEU,1.2565734386444092,4,1.9625489711761475,4
cAbl,boltz2,3,400,ASP,3.523710250854492,4,16.07343065738678,4
cAbl,boltz2,3,401,PHE,2.979783773422241,4,54.68117010593414,7
cAbl,boltz2,4,267,LEU,26.538232803344727,4,12.602498054504395,4
cAbl,boltz2,4,269,GLY,80.83232879638672,4,0.0,0
cAbl,boltz2,4,272,TYR,127.87885284423828,4,1028.1852340698242,8
cAbl,boltz2,4,275,VAL,16.81781578063965,4,12.942591905593872,3
cAbl,boltz2,4,290,LYS,9.972379684448242,4,61.199777126312256,5
cAbl,boltz2,4,305,GLU,9.074227333068848,4,42.63254642486572,5
cAbl,boltz2,4,309,MET,4.645895957946777,4,5.159302234649658,4
cAbl,boltz2,4,335,GLU,0.7851963043212891,4,0.8590608388185501,5
cAbl,boltz2,4,341,ASN,1.6136723756790161,4,2.080190509557724,4
cAbl,boltz2,4,389,LEU,1.845677137374878,4,2.3333418369293213,4
cAbl,boltz2,4,400,ASP,9.250493049621582,4,13.834908962249756,4
cAbl,boltz2,4,401,PHE,5.636710166931152,4,12.453054010868073,7
cAbl,boltz2,5,267,LEU,0.8482764959335327,4,0.6755619570612907,4
cAbl,boltz2,5,269,GLY,2.0408310890197754,4,0.0,0
cAbl,boltz2,5,272,TYR,2.381225347518921,4,11.536110192537308,8
cAbl,boltz2,5,275,VAL,0.21497894823551178,4,0.23421232774853706,3
cAbl,boltz2,5,290,LYS,0.5130385756492615,4,11.564559049904346,5
cAbl,boltz2,5,305,GLU,1.2380738258361816,4,6.64083206653595,5
cAbl,boltz2,5,309,MET,0.2460056096315384,4,2.1030998826026917,4
cAbl,boltz2,5,335,GLU,0.669394850730896,4,0.8474475666880608,5
cAbl,boltz2,5,341,ASN,4.006196975708008,4,4.798734962940216,4
cAbl,boltz2,5,389,LEU,1.3568421602249146,4,1.4289193898439407,4
cAbl,boltz2,5,400,ASP,4.443853378295898,4,11.33104944229126,4
cAbl,boltz2,5,401,PHE,2.1446950435638428,4,73.31669360399246,7
cAbl,boltz2,6,267,LEU,2.6379759311676025,4,1.8171523809432983,4
cAbl,boltz2,6,269,GLY,3.426995277404785,4,0.0,0
cAbl,boltz2,6,272,TYR,3.635669231414795,4,4.448756352066994,8
cAbl,boltz2,6,275,VAL,1.5030633211135864,4,1.2371269464492798,3
cAbl,boltz2,6,290,LYS,1.080953598022461,4,5.614172697067261,5
cAbl,boltz2,6,305,GLU,3.4303503036499023,4,9.97145676612854,5
cAbl,boltz2,6,309,MET,2.0052945613861084,4,3.2718025147914886,4
cAbl,boltz2,6,335,GLU,0.09562854468822479,4,0.6061543561518192,5
cAbl,boltz2,6,341,ASN,6.079607009887695,4,6.910753607749939,4
cAbl,boltz2,6,389,LEU,1.899776577949524,4,3.1538518369197845,4
cAbl,boltz2,6,400,ASP,26.173927307128906,4,210.43777084350586,4
cAbl,boltz2,6,401,PHE,26.408559799194336,4,443.1982841491699,7
cAbl,boltz2,7,267,LEU,2.2562177181243896,4,1.6351626515388489,4
cAbl,boltz2,7,269,GLY,4.9502458572387695,4,0.0,0
cAbl,boltz2,7,272,TYR,1.8260605335235596,4,14.88250520825386,8
cAbl,boltz2,7,275,VAL,0.9328716993331909,4,0.8161260932683945,3
cAbl,boltz2,7,290,LYS,0.9466607570648193,4,5.505413353443146,5
cAbl,boltz2,7,305,GLU,1.7671737670898438,4,6.767742872238159,5
cAbl,boltz2,7,309,MET,0.47982510924339294,4,11.764026790857315,4
cAbl,boltz2,7,335,GLU,0.81861412525177,4,1.139429286122322,5
cAbl,boltz2,7,341,ASN,8.814549446105957,4,11.961431503295898,4
cAbl,boltz2,7,389,LEU,3.035741090774536,4,2.547364354133606,4
cAbl,boltz2,7,400,ASP,9.308609962463379,4,21.305789709091187,4
cAbl,boltz2,7,401,PHE,2.2965524196624756,4,140.5041227079928,7
cAbl,boltz2,8,267,LEU,2.7074084281921387,4,2.2429571747779846,4
cAbl,boltz2,8,269,GLY,0.19242039322853088,4,0.0,0
cAbl,boltz2,8,272,TYR,1.5133442878723145,4,11.291763335466385,8
cAbl,boltz2,8,275,VAL,2.3640894889831543,4,1.8059067130088806,3
cAbl,boltz2,8,290,LYS,1.0780833959579468,4,6.089044362306595,5
cAbl,boltz2,8,305,GLU,6.4810285568237305,4,40.31914138793945,5
cAbl,boltz2,8,309,MET,1.6886377334594727,4,2.9201357662677765,4
cAbl,boltz2,8,335,GLU,0.7643718719482422,4,1.7801831737160683,5
cAbl,boltz2,8,341,ASN,3.809682607650757,4,4.930391848087311,4
cAbl,boltz2,8,389,LEU,1.2651939392089844,4,2.0219675302505493,4
cAbl,boltz2,8,400,ASP,3.3963003158569336,4,12.905960977077484,4
cAbl,boltz2,8,401,PHE,1.8283915519714355,4,68.48083454370499,7
cAbl,boltz2,9,267,LEU,6.643925189971924,4,1.590943917632103,4
cAbl,boltz2,9,269,GLY,14.887774467468262,4,0.0,0
cAbl,boltz2,9,272,TYR,13.388503074645996,4,12.878600001335144,8
cAbl,boltz2,9,275,VAL,2.352888822555542,4,2.6424241065979004,3
cAbl,boltz2,9,290,LYS,1.8382664918899536,4,24.520568311214447,5
cAbl,boltz2,9,305,GLU,40.08069610595703,4,187.52030181884766,5
cAbl,boltz2,9,309,MET,3.7106504440307617,4,15.446401596069336,4
cAbl,boltz2,9,335,GLU,0.27820950746536255,4,1.0067742727696896,5
cAbl,boltz2,9,341,ASN,7.553590297698975,4,8.690618395805359,4
cAbl,boltz2,9,389,LEU,1.6031861305236816,4,2.1503058075904846,4
cAbl,boltz2,9,400,ASP,21.986709594726562,4,180.53517150878906,4
cAbl,boltz2,9,401,PHE,38.089019775390625,4,538.8843002319336,7
cAbl,boltz2,10,267,LEU,4.190005302429199,4,1.4687896370887756,4
cAbl,boltz2,10,269,GLY,3.5718135833740234,4,0.0,0
cAbl,boltz2,10,272,TYR,4.009458541870117,4,13.857571363449097,8
cAbl,boltz2,10,275,VAL,3.249021530151367,4,2.208208680152893,3
cAbl,boltz2,10,290,LYS,1.5846142768859863,4,5.269942551851273,5
cAbl,boltz2,10,305,GLU,2.695617914199829,4,7.043123513460159,5
cAbl,boltz2,10,309,MET,1.19084632396698,4,1.8652547970414162,4
cAbl,boltz2,10,335,GLU,0.31124281883239746,4,0.6724298261106014,5
cAbl,boltz2,10,341,ASN,8.255575180053711,4,9.846127152442932,4
cAbl,boltz2,10,389,LEU,2.1938045024871826,4,3.0167234539985657,4
cAbl,boltz2,10,400,ASP,2.961707353591919,4,14.218458116054535,4
cAbl,boltz2,10,401,PHE,2.5911831855773926,4,75.25136303901672,7
cAbl,boltz2,11,267,LEU,3.3213346004486084,4,3.4823924005031586,4
cAbl,boltz2,11,269,GLY,6.881792068481445,4,0.0,0
cAbl,boltz2,11,272,TYR,1.7934482097625732,4,16.778950035572052,8
cAbl,boltz2,11,275,VAL,0.8848811388015747,4,1.3831543922424316,3
cAbl,boltz2,11,290,LYS,0.630119264125824,4,4.645436272025108,5
cAbl,boltz2,11,305,GLU,1.1429294347763062,4,5.069275438785553,5
cAbl,boltz2,11,309,MET,0.8878000378608704,4,1.6977111622691154,4
cAbl,boltz2,11,335,GLU,0.4065293073654175,4,1.1802424639463425,5
cAbl,boltz2,11,341,ASN,8.151312828063965,4,9.681267142295837,4
cAbl,boltz2,11,389,LEU,2.762932300567627,4,4.250924527645111,4
cAbl,boltz2,11,400,ASP,2.4535152912139893,4,9.249508738517761,4
cAbl,boltz2,11,401,PHE,1.4670960903167725,4,74.35517263412476,7
cAbl,boltz2,12,267,LEU,2.243332862854004,4,0.7520795557647943,4
cAbl,boltz2,12,269,GLY,5.263763427734375,4,0.0,0
cAbl,boltz2,12,272,TYR,4.9215850830078125,4,7.84470009803772,8
cAbl,boltz2,12,275,VAL,1.0106968879699707,4,1.3665600419044495,3
cAbl,boltz2,12,290,LYS,1.513453722000122,4,17.64039197564125,5
cAbl,boltz2,12,305,GLU,14.926264762878418,4,34.24305486679077,5
cAbl,boltz2,12,309,MET,2.816817045211792,4,8.69674026966095,4
cAbl,boltz2,12,335,GLU,1.449552297592163,4,1.8666944354772568,5
cAbl,boltz2,12,341,ASN,5.0480756759643555,4,8.001531600952148,4
cAbl,boltz2,12,389,LEU,1.7443583011627197,4,1.8454745411872864,4
cAbl,boltz2,12,400,ASP,19.049678802490234,4,24.43876314163208,4
cAbl,boltz2,12,401,PHE,5.916921138763428,4,228.49103999137878,7
cAbl,boltz2,13,267,LEU,1.474318504333496,4,0.9872584044933319,4
cAbl,boltz2,13,269,GLY,0.9478885531425476,4,0.0,0
cAbl,boltz2,13,272,TYR,1.7442879676818848,4,7.698995649814606,8
cAbl,boltz2,13,275,VAL,1.1289464235305786,4,1.464987576007843,3
cAbl,boltz2,13,290,LYS,1.3858344554901123,4,5.573306813836098,5
cAbl,boltz2,13,305,GLU,1.5376648902893066,4,5.563359916210175,5
cAbl,boltz2,13,309,MET,1.0526893138885498,4,1.7877241224050522,4
cAbl,boltz2,13,335,GLU,0.3081103265285492,4,0.9430192373692989,5
cAbl,boltz2,13,341,ASN,7.465696811676025,4,9.7022944688797,4
cAbl,boltz2,13,389,LEU,1.9167612791061401,4,3.0338334441184998,4
cAbl,boltz2,13,400,ASP,3.8238296508789062,4,14.38470458984375,4
cAbl,boltz2,13,401,PHE,1.0312957763671875,4,86.99967408180237,7
cAbl,boltz2,14,267,LEU,2.9028539657592773,4,2.508395254611969,4
cAbl,boltz2,14,269,GLY,2.002289295196533,4,0.0,0
cAbl,boltz2,14,272,TYR,1.5761804580688477,4,20.704338759183884,8
cAbl,boltz2,14,275,VAL,1.9393022060394287,4,1.6988970637321472,3
cAbl,boltz2,14,290,LYS,1.1191785335540771,4,5.5667725801467896,5
cAbl,boltz2,14,305,GLU,5.310776710510254,4,12.48248302936554,5
cAbl,boltz2,14,309,MET,2.111971378326416,4,4.014019787311554,4
cAbl,boltz2,14,335,GLU,0.19020655751228333,4,0.5080185006372631,5
cAbl,boltz2,14,341,ASN,8.285296440124512,4,9.83276891708374,4
cAbl,boltz2,14,389,LEU,2.477416515350342,4,3.5610572695732117,4
cAbl,boltz2,14,400,ASP,27.732269287109375,4,205.43471145629883,4
cAbl,boltz2,14,401,PHE,27.875164031982422,4,421.5481662750244,7
cAbl,boltz2,15,267,LEU,23.447032928466797,4,10.688796758651733,4
cAbl,boltz2,15,269,GLY,50.3939208984375,4,0.0,0
cAbl,boltz2,15,272,TYR,133.46463012695312,4,1003.7197036743164,8
cAbl,boltz2,15,275,VAL,12.714311599731445,4,10.330426216125488,3
cAbl,boltz2,15,290,LYS,7.408197402954102,4,10.078753113746643,5
cAbl,boltz2,15,305,GLU,10.376179695129395,4,14.298507690429688,5
cAbl,boltz2,15,309,MET,1.8283967971801758,4,2.5058345794677734,4
cAbl,boltz2,15,335,GLU,0.1695214807987213,4,0.8501778226345778,5
cAbl,boltz2,15,341,ASN,4.344232082366943,4,4.788139641284943,4
cAbl,boltz2,15,389,LEU,3.3392388820648193,4,3.2377888560295105,4
cAbl,boltz2,15,400,ASP,3.452829360961914,4,10.865278005599976,4
cAbl,boltz2,15,401,PHE,8.423797607421875,4,60.93217754364014,7
cAbl,boltz2,16,267,LEU,4.665468215942383,4,3.2139747738838196,4
cAbl,boltz2,16,269,GLY,7.817266464233398,4,0.0,0
cAbl,boltz2,16,272,TYR,3.047952175140381,4,20.459640383720398,8
cAbl,boltz2,16,275,VAL,2.21237850189209,4,1.994227111339569,3
cAbl,boltz2,16,290,LYS,1.9835870265960693,4,15.4570152759552,5
cAbl,boltz2,16,305,GLU,3.387763023376465,4,9.453790068626404,5
cAbl,boltz2,16,309,MET,0.9012104868888855,4,1.822701871395111,4
cAbl,boltz2,16,335,GLU,0.20815932750701904,4,0.8510375954210758,5
cAbl,boltz2,16,341,ASN,12.575551986694336,4,14.713635683059692,4
cAbl,boltz2,16,389,LEU,4.5384521484375,4,4.472990095615387,4
cAbl,boltz2,16,400,ASP,4.828414440155029,4,13.363269627094269,4
cAbl,boltz2,16,401,PHE,0.669724702835083,4,90.46922898292542,7
cAbl,boltz2,17,267,LEU,3.7983741760253906,4,1.5291087627410889,4
cAbl,boltz2,17,269,GLY,4.3257012367248535,4,0.0,0
cAbl,boltz2,17,272,TYR,6.074306488037109,4,20.259721517562866,8
cAbl,boltz2,17,275,VAL,1.0717512369155884,4,0.9212090373039246,3
cAbl,boltz2,17,290,LYS,0.7645496129989624,4,5.125766023993492,5
cAbl,boltz2,17,305,GLU,2.174327850341797,4,13.340392112731934,5
cAbl,boltz2,17,309,MET,0.7353148460388184,4,1.8200342506170273,4
cAbl,boltz2,17,335,GLU,0.6309208273887634,4,1.2436561658978462,5
cAbl,boltz2,17,341,ASN,6.046490669250488,4,6.005119204521179,4
cAbl,boltz2,17,389,LEU,1.4192802906036377,4,2.055308610200882,4
cAbl,boltz2,17,400,ASP,3.390561580657959,4,18.123865604400635,4
cAbl,boltz2,17,401,PHE,5.402521133422852,4,71.57059490680695,7
cAbl,boltz2,18,267,LEU,0.6898863315582275,4,9.26017564535141,4
cAbl,boltz2,18,269,GLY,3.3667469024658203,4,0.0,0
cAbl,boltz2,18,272,TYR,1.3533086776733398,4,6.305575281381607,8
cAbl,boltz2,18,275,VAL,1.853032112121582,4,1.45435032248497,3
cAbl,boltz2,18,290,LYS,1.2478326559066772,4,7.946722149848938,5
cAbl,boltz2,18,305,GLU,3.7607460021972656,4,9.42733347415924,5
cAbl,boltz2,18,309,MET,2.281580686569214,4,2.5131528973579407,4
cAbl,boltz2,18,335,GLU,1.3129830360412598,4,1.2447076253592968,5
cAbl,boltz2,18,341,ASN,2.766873836517334,4,2.5353527814149857,4
cAbl,boltz2,18,389,LEU,1.0227432250976562,4,0.8283558785915375,4
cAbl,boltz2,18,400,ASP,32.79991149902344,4,128.92387199401855,4
cAbl,boltz2,18,401,PHE,30.85898208618164,4,113.86574935913086,7
cAbl,boltz2,19,267,LEU,0.9109369516372681,4,0.6083480380475521,4
cAbl,boltz2,19,269,GLY,1.0015618801116943,4,0.0,0
cAbl,boltz2,19,272,TYR,1.7387396097183228,4,16.186528891324997,8
cAbl,boltz2,19,275,VAL,0.4212888181209564,4,0.3004118278622627,3
cAbl,boltz2,19,290,LYS,0.3438281714916229,4,4.98337485268712,5
cAbl,boltz2,19,305,GLU,1.4361101388931274,4,1.0400390550494194,5
cAbl,boltz2,19,309,MET,0.4761158227920532,4,1.714988425374031,4
cAbl,boltz2,19,335,GLU,0.5343411564826965,4,0.7657475173473358,5
cAbl,boltz2,19,341,ASN,5.375452995300293,4,6.366104006767273,4
cAbl,boltz2,19,389,LEU,1.3049542903900146,4,2.0870825946331024,4
cAbl,boltz2,19,400,ASP,2.839658260345459,4,13.163786470890045,4
cAbl,boltz2,19,401,PHE,1.4754180908203125,4,155.64748199284077,7
cAbl,boltz2,20,267,LEU,1.1605064868927002,4,0.8859863616526127,4
cAbl,boltz2,20,269,GLY,6.886061191558838,4,0.0,0
cAbl,boltz2,20,272,TYR,2.6764895915985107,4,4.040586829185486,8
cAbl,boltz2,20,275,VAL,0.470062792301178,4,0.43780161440372467,3
cAbl,boltz2,20,290,LYS,0.5351900458335876,4,12.883284851908684,5
cAbl,boltz2,20,305,GLU,2.0535225868225098,4,8.171553790569305,5
cAbl,boltz2,20,309,MET,0.564940333366394,4,2.4497228264808655,4
cAbl,boltz2,20,335,GLU,1.363797664642334,4,2.0765687823295593,5
cAbl,boltz2,20,341,ASN,5.150672435760498,4,7.496199727058411,4
cAbl,boltz2,20,389,LEU,1.4672861099243164,4,1.52529776096344,4
cAbl,boltz2,20,400,ASP,6.711544036865234,4,17.576565980911255,4
cAbl,boltz2,20,401,PHE,4.304558277130127,4,182.88985788822174,7
cAbl,boltz2,21,267,LEU,11.478297233581543,4,4.2883608639240265,4
cAbl,boltz2,21,269,GLY,118.06434631347656,4,0.0,0
cAbl,boltz2,21,272,TYR,36.84182357788086,4,419.4078674316406,8
cAbl,boltz2,21,275,VAL,2.8299341201782227,4,2.8694332242012024,3
cAbl,boltz2,21,290,LYS,0.7970861196517944,4,4.372713044285774,5
cAbl,boltz2,21,305,GLU,0.8139587640762329,4,3.825681507587433,5
cAbl,boltz2,21,309,MET,0.6171919703483582,4,1.4493550956249237,4
cAbl,boltz2,21,335,GLU,0.8401963710784912,4,1.7800877541303635,5
cAbl,boltz2,21,341,ASN,7.122794151306152,4,9.99376916885376,4
cAbl,boltz2,21,389,LEU,2.574660539627075,4,2.833548754453659,4
cAbl,boltz2,21,400,ASP,5.071138858795166,4,10.695470720529556,4
cAbl,boltz2,21,401,PHE,2.0464956760406494,4,68.11557972431183,7
cAbl,boltz2,22,267,LEU,19.82971954345703,4,8.16337239742279,4
cAbl,boltz2,22,269,GLY,79.71952819824219,4,0.0,0
cAbl,boltz2,22,272,TYR,114.34529876708984,4,842.7273368835449,8
cAbl,boltz2,22,275,VAL,12.06583309173584,4,9.457651138305664,3
cAbl,boltz2,22,290,LYS,7.6059064865112305,4,65.47239315509796,5
cAbl,boltz2,22,305,GLU,4.124408721923828,4,49.06034862995148,5
cAbl,boltz2,22,309,MET,1.4539449214935303,4,2.114056169986725,4
cAbl,boltz2,22,335,GLU,0.7860593199729919,4,0.7694403454661369,5
cAbl,boltz2,22,341,ASN,4.605777740478516,4,7.746121644973755,4
cAbl,boltz2,22,389,LEU,1.591735601425171,4,4.934147894382477,4
cAbl,boltz2,22,400,ASP,7.503654479980469,4,12.824438214302063,4
cAbl,boltz2,22,401,PHE,9.453934669494629,4,69.01041531562805,7
cAbl,boltz2,23,267,LEU,4.882716178894043,4,1.603738695383072,4
cAbl,boltz2,23,269,GLY,14.969633102416992,4,0.0,0
cAbl,boltz2,23,272,TYR,10.190227508544922,4,42.311230182647705,8
cAbl,boltz2,23,275,VAL,0.13228879868984222,4,0.1563934050500393,3
cAbl,boltz2,23,290,LYS,0.2237618863582611,4,5.638058841228485,5
cAbl,boltz2,23,305,GLU,3.7799220085144043,4,9.640628099441528,5
cAbl,boltz2,23,309,MET,3.6416637897491455,4,4.31207549571991,4
cAbl,boltz2,23,335,GLU,0.31561100482940674,4,0.47972353524528444,5
cAbl,boltz2,23,341,ASN,8.867840766906738,4,10.520070552825928,4
cAbl,boltz2,23,389,LEU,2.1359708309173584,4,3.2231138944625854,4
cAbl,boltz2,23,400,ASP,24.691255569458008,4,229.24442672729492,4
cAbl,boltz2,23,401,PHE,30.656265258789062,4,436.37186431884766,7
cAbl,boltz2,24,267,LEU,1.5783627033233643,4,1.817141592502594,4
cAbl,boltz2,24,269,GLY,4.6898627281188965,4,0.0,0
cAbl,boltz2,24,272,TYR,2.6995718479156494,4,14.401934325695038,8
cAbl,boltz2,24,275,VAL,1.0295559167861938,4,0.9655384719371796,3
cAbl,boltz2,24,290,LYS,0.7395193576812744,4,16.05071648955345,5
cAbl,boltz2,24,305,GLU,13.411015510559082,4,36.096375465393066,5
cAbl,boltz2,24,309,MET,1.7056912183761597,4,6.076047420501709,4
cAbl,boltz2,24,335,GLU,1.0072472095489502,4,1.7041386850178242,5
cAbl,boltz2,24,341,ASN,6.503096580505371,4,10.638809442520142,4
cAbl,boltz2,24,389,LEU,1.2446051836013794,4,2.765859216451645,4
cAbl,boltz2,24,400,ASP,14.952016830444336,4,16.324193954467773,4
cAbl,boltz2,24,401,PHE,1.5757650136947632,4,71.85318851470947,7
cAbl,boltz2,25,267,LEU,0.43789464235305786,4,0.41678764042444527,4
cAbl,boltz2,25,269,GLY,2.53587007522583,4,0.0,0
cAbl,boltz2,25,272,TYR,2.361084461212158,4,8.272444158792496,8
cAbl,boltz2,25,275,VAL,0.22189852595329285,4,0.25179703161120415,3
cAbl,boltz2,25,290,LYS,0.4486321210861206,4,4.060334324836731,5
cAbl,boltz2,25,305,GLU,0.970583975315094,4,4.213660791516304,5
cAbl,boltz2,25,309,MET,0.5532341003417969,4,1.7369253188371658,4
cAbl,boltz2,25,335,GLU,0.7283304929733276,4,1.086090661585331,5
cAbl,boltz2,25,341,ASN,5.641755104064941,4,7.553390026092529,4
cAbl,boltz2,25,389,LEU,1.3764890432357788,4,2.303862050175667,4
cAbl,boltz2,25,400,ASP,4.4357500076293945,4,14.82912003993988,4
cAbl,boltz2,25,401,PHE,1.4149575233459473,4,85.77018290758133,7
cAbl,boltz2,26,267,LEU,1.2357255220413208,4,0.8956471681594849,4
cAbl,boltz2,26,269,GLY,3.668266534805298,4,0.0,0
cAbl,boltz2,26,272,TYR,6.778519630432129,4,29.072308897972107,8
cAbl,boltz2,26,275,VAL,0.9291253089904785,4,0.7571272850036621,3
cAbl,boltz2,26,290,LYS,0.5573917627334595,4,5.093271121382713,5
cAbl,boltz2,26,305,GLU,5.28746223449707,4,13.717441320419312,5
cAbl,boltz2,26,309,MET,2.7979018688201904,4,5.291409432888031,4
cAbl,boltz2,26,335,GLU,0.5287024974822998,4,0.865780733525753,5
cAbl,boltz2,26,341,ASN,5.630733966827393,4,6.136520326137543,4
cAbl,boltz2,26,389,LEU,2.1736679077148438,4,3.1702425479888916,4
cAbl,boltz2,26,400,ASP,28.90081024169922,4,225.33657836914062,4
cAbl,boltz2,26,401,PHE,26.6462345123291,4,418.55504035949707,7
cAbl,boltz2,27,267,LEU,5.790454864501953,4,2.407197952270508,4
cAbl,boltz2,27,269,GLY,46.006591796875,4,0.0,0
cAbl,boltz2,27,272,TYR,35.84213638305664,4,44.18458557128906,8
cAbl,boltz2,27,275,VAL,2.56600022315979,4,3.1188493967056274,3
cAbl,boltz2,27,290,LYS,4.096874237060547,4,16.296621799468994,5
cAbl,boltz2,27,305,GLU,25.092533111572266,4,137.32137870788574,5
cAbl,boltz2,27,309,MET,6.902181625366211,4,7.473349094390869,4
cAbl,boltz2,27,335,GLU,0.5086202025413513,4,1.6388958171010017,5
cAbl,boltz2,27,341,ASN,10.129528045654297,4,12.007670164108276,4
cAbl,boltz2,27,389,LEU,2.94704008102417,4,2.73764431476593,4
cAbl,boltz2,27,400,ASP,19.17557144165039,4,150.40483474731445,4
cAbl,boltz2,27,401,PHE,35.81951904296875,4,553.0428771972656,7
cAbl,boltz2,28,267,LEU,2.4755702018737793,4,0.6588281448930502,4
cAbl,boltz2,28,269,GLY,3.572681188583374,4,0.0,0
cAbl,boltz2,28,272,TYR,6.5575761795043945,4,26.217598915100098,8
cAbl,boltz2,28,275,VAL,1.1783723831176758,4,1.4377169013023376,3
cAbl,boltz2,28,290,LYS,1.230711817741394,4,10.784847795963287,5
cAbl,boltz2,28,305,GLU,10.464900970458984,4,89.95110130310059,5
cAbl,boltz2,28,309,MET,2.2515206336975098,4,3.3005638122558594,4
cAbl,boltz2,28,335,GLU,0.359186589717865,4,1.318545050919056,5
cAbl,boltz2,28,341,ASN,7.052732467651367,4,8.90704607963562,4
cAbl,boltz2,28,389,LEU,2.509481430053711,4,3.1190806925296783,4
cAbl,boltz2,28,400,ASP,44.164886474609375,4,209.29621505737305,4
cAbl,boltz2,28,401,PHE,15.47705078125,4,420.491455078125,7
cAbl,boltz2,29,267,LEU,4.042569160461426,4,1.9560312926769257,4
cAbl,boltz2,29,269,GLY,2.017061233520508,4,0.0,0
cAbl,boltz2,29,272,TYR,4.39486026763916,4,14.478516042232513,8
cAbl,boltz2,29,275,VAL,2.2424237728118896,4,2.5888328552246094,3
cAbl,boltz2,29,290,LYS,1.8684592247009277,4,17.75534936785698,5
cAbl,boltz2,29,305,GLU,19.822214126586914,4,53.13593912124634,5
cAbl,boltz2,29,309,MET,2.241548538208008,4,6.617140114307404,4
cAbl,boltz2,29,335,GLU,0.32287001609802246,4,1.015788370743394,5
cAbl,boltz2,29,341,ASN,4.875687599182129,4,5.99778813123703,4
cAbl,boltz2,29,389,LEU,1.332175612449646,4,2.253949463367462,4
cAbl,boltz2,29,400,ASP,36.246124267578125,4,206.43693923950195,4
cAbl,boltz2,29,401,PHE,17.69779396057129,4,417.16673469543457,7
cAbl,esmfold2,0,267,LEU,22.941862106323242,4,12.756489753723145,4
cAbl,esmfold2,0,269,GLY,44.98945617675781,4,0.0,0
cAbl,esmfold2,0,272,TYR,184.34439086914062,4,1382.3725204467773,8
cAbl,esmfold2,0,275,VAL,15.632682800292969,4,11.705999851226807,3
cAbl,esmfold2,0,290,LYS,11.012983322143555,4,17.849785327911377,5
cAbl,esmfold2,0,305,GLU,7.788210868835449,4,14.524163961410522,5
cAbl,esmfold2,0,309,MET,0.617224931716919,4,1.1513623148202896,4
cAbl,esmfold2,0,335,GLU,0.3836778998374939,4,3.0862985253334045,5
cAbl,esmfold2,0,341,ASN,5.725947380065918,4,5.5777411460876465,4
cAbl,esmfold2,0,389,LEU,6.087278366088867,4,6.2055946588516235,4
cAbl,esmfold2,0,400,ASP,39.62494659423828,4,252.80159378051758,4
cAbl,esmfold2,0,401,PHE,15.019350051879883,4,429.1774101257324,7
cAbl,esmfold2,1,267,LEU,5.586381912231445,4,2.1451470404863358,4
cAbl,esmfold2,1,269,GLY,34.7015495300293,4,0.0,0
cAbl,esmfold2,1,272,TYR,26.726295471191406,4,71.78220081329346,8
cAbl,esmfold2,1,275,VAL,1.183292031288147,4,1.2416578829288483,3
cAbl,esmfold2,1,290,LYS,2.492504358291626,4,9.524707615375519,5
cAbl,esmfold2,1,305,GLU,4.359559059143066,4,8.641802847385406,5
cAbl,esmfold2,1,309,MET,3.5097692012786865,4,2.970319002866745,4
cAbl,esmfold2,1,335,GLU,0.3233370780944824,4,1.792843446135521,5
cAbl,esmfold2,1,341,ASN,10.033610343933105,4,14.065319538116455,4
cAbl,esmfold2,1,389,LEU,3.175004005432129,4,3.9289371371269226,4
cAbl,esmfold2,1,400,ASP,17.14719581604004,4,204.12717056274414,4
cAbl,esmfold2,1,401,PHE,43.506996154785156,4,512.9222984313965,7
cAbl,esmfold2,2,267,LEU,21.936038970947266,4,11.377974033355713,4
cAbl,esmfold2,2,269,GLY,43.20088577270508,4,0.0,0
cAbl,esmfold2,2,272,TYR,119.00350189208984,4,942.657958984375,8
cAbl,esmfold2,2,275,VAL,13.15751838684082,4,9.871249914169312,3
cAbl,esmfold2,2,290,LYS,8.789138793945312,4,15.233903765678406,5
cAbl,esmfold2,2,305,GLU,11.988181114196777,4,17.780192613601685,5
cAbl,esmfold2,2,309,MET,1.6082159280776978,4,2.595738798379898,4
cAbl,esmfold2,2,335,GLU,0.4088340401649475,4,2.0887429118156433,5
cAbl,esmfold2,2,341,ASN,4.0594305992126465,4,4.3581055998802185,4
cAbl,esmfold2,2,389,LEU,4.060914039611816,4,5.267067074775696,4
cAbl,esmfold2,2,400,ASP,36.1401481628418,4,252.69280242919922,4
cAbl,esmfold2,2,401,PHE,13.386711120605469,4,384.4760093688965,7
cAbl,esmfold2,3,267,LEU,25.412044525146484,4,14.385597229003906,4
cAbl,esmfold2,3,269,GLY,64.02586364746094,4,0.0,0
cAbl,esmfold2,3,272,TYR,133.13833618164062,4,1095.9182739257812,8
cAbl,esmfold2,3,275,VAL,15.118943214416504,4,11.915278911590576,3
cAbl,esmfold2,3,290,LYS,10.17627239227295,4,17.455787539482117,5
cAbl,esmfold2,3,305,GLU,15.161849975585938,4,20.683271169662476,5
cAbl,esmfold2,3,309,MET,2.3031060695648193,4,2.9963350892066956,4
cAbl,esmfold2,3,335,GLU,0.2225147783756256,4,2.0011190697550774,5
cAbl,esmfold2,3,341,ASN,4.235580921173096,4,4.215908706188202,4
cAbl,esmfold2,3,389,LEU,4.566539287567139,4,4.52399468421936,4
cAbl,esmfold2,3,400,ASP,34.91644287109375,4,247.7753448486328,4
cAbl,esmfold2,3,401,PHE,14.498481750488281,4,398.14587020874023,7
cAbl,esmfold2,4,267,LEU,4.197237014770508,4,1.1662663221359253,4
cAbl,esmfold2,4,269,GLY,11.752646446228027,4,0.0,0
cAbl,esmfold2,4,272,TYR,16.303281784057617,4,66.93614768981934,8
cAbl,esmfold2,4,275,VAL,0.34161055088043213,4,0.12965540401637554,3
cAbl,esmfold2,4,290,LYS,0.1571325957775116,4,5.843436159193516,5
cAbl,esmfold2,4,305,GLU,0.8909912109375,4,5.029830425977707,5
cAbl,esmfold2,4,309,MET,0.42440560460090637,4,1.9032446425408125,4
cAbl,esmfold2,4,335,GLU,1.134285569190979,4,0.7142715193331242,5
cAbl,esmfold2,4,341,ASN,1.1961978673934937,4,1.8116433918476105,4
cAbl,esmfold2,4,389,LEU,0.372729629278183,4,0.6177287809550762,4
cAbl,esmfold2,4,400,ASP,6.492369651794434,4,50.665995597839355,4
cAbl,esmfold2,4,401,PHE,28.46023178100586,4,574.9929809570312,7
cAbl,esmfold2,5,267,LEU,17.31964874267578,4,8.23170518875122,4
cAbl,esmfold2,5,269,GLY,74.82582092285156,4,0.0,0
cAbl,esmfold2,5,272,TYR,131.5340576171875,4,1137.1497230529785,8
cAbl,esmfold2,5,275,VAL,10.050944328308105,4,8.221966743469238,3
cAbl,esmfold2,5,290,LYS,7.207718849182129,4,12.233741998672485,5
cAbl,esmfold2,5,305,GLU,6.42982292175293,4,10.06323504447937,5
cAbl,esmfold2,5,309,MET,2.4120755195617676,4,1.2422583997249603,4
cAbl,esmfold2,5,335,GLU,0.4092334508895874,4,1.4891062080860138,5
cAbl,esmfold2,5,341,ASN,5.132575988769531,4,7.1849464774131775,4
cAbl,esmfold2,5,389,LEU,3.1016323566436768,4,5.284724950790405,4
cAbl,esmfold2,5,400,ASP,65.28794860839844,4,312.2501449584961,4
cAbl,esmfold2,5,401,PHE,10.541361808776855,4,331.52197456359863,7
cAbl,esmfold2,6,267,LEU,3.2067599296569824,4,1.0566256865859032,4
cAbl,esmfold2,6,269,GLY,14.591667175292969,4,0.0,0
cAbl,esmfold2,6,272,TYR,18.573322296142578,4,73.28723001480103,8
cAbl,esmfold2,6,275,VAL,1.255707859992981,4,0.6700093522667885,3
cAbl,esmfold2,6,290,LYS,1.8887605667114258,4,9.53782307356596,5
cAbl,esmfold2,6,305,GLU,3.3493123054504395,4,7.552755415439606,5
cAbl,esmfold2,6,309,MET,3.6485137939453125,4,2.822052776813507,4
cAbl,esmfold2,6,335,GLU,0.29536008834838867,4,0.692081905901432,5
cAbl,esmfold2,6,341,ASN,7.025788307189941,4,8.998814284801483,4
cAbl,esmfold2,6,389,LEU,2.288983106613159,4,2.676975429058075,4
cAbl,esmfold2,6,400,ASP,26.75010108947754,4,235.81900024414062,4
cAbl,esmfold2,6,401,PHE,28.0279541015625,4,440.65463638305664,7
cAbl,esmfold2,7,267,LEU,20.791677474975586,4,11.468908786773682,4
cAbl,esmfold2,7,269,GLY,49.315834045410156,4,0.0,0
cAbl,esmfold2,7,272,TYR,269.62115478515625,4,1863.837661743164,8
cAbl,esmfold2,7,275,VAL,14.22945499420166,4,10.711021184921265,3
cAbl,esmfold2,7,290,LYS,11.11849594116211,4,18.048890233039856,5
cAbl,esmfold2,7,305,GLU,14.754390716552734,4,22.476752042770386,5
cAbl,esmfold2,7,309,MET,1.1398448944091797,4,2.9461559653282166,4
cAbl,esmfold2,7,335,GLU,0.4441119432449341,4,4.135684549808502,5
cAbl,esmfold2,7,341,ASN,9.841045379638672,4,10.163628578186035,4
cAbl,esmfold2,7,389,LEU,9.863800048828125,4,7.614922881126404,4
cAbl,esmfold2,7,400,ASP,30.72769546508789,4,229.83818817138672,4
cAbl,esmfold2,7,401,PHE,18.87611198425293,4,444.6773910522461,7
cAbl,esmfold2,8,267,LEU,26.598094940185547,4,13.827750444412231,4
cAbl,esmfold2,8,269,GLY,49.71530532836914,4,0.0,0
cAbl,esmfold2,8,272,TYR,96.00587463378906,4,910.4517555236816,8
cAbl,esmfold2,8,275,VAL,15.962508201599121,4,11.788563966751099,3
cAbl,esmfold2,8,290,LYS,10.798249244689941,4,18.914074897766113,5
cAbl,esmfold2,8,305,GLU,13.46589469909668,4,20.110796213150024,5
cAbl,esmfold2,8,309,MET,1.9918313026428223,4,3.3362740874290466,4
cAbl,esmfold2,8,335,GLU,0.35451215505599976,4,2.094189092516899,5
cAbl,esmfold2,8,341,ASN,3.1222338676452637,4,4.0352455377578735,4
cAbl,esmfold2,8,389,LEU,2.581639289855957,4,4.167137324810028,4
cAbl,esmfold2,8,400,ASP,35.20848083496094,4,252.47434616088867,4
cAbl,esmfold2,8,401,PHE,15.809337615966797,4,392.7949275970459,7
cAbl,esmfold2,9,267,LEU,27.046436309814453,4,14.077276945114136,4
cAbl,esmfold2,9,269,GLY,62.0343132019043,4,0.0,0
cAbl,esmfold2,9,272,TYR,119.89246368408203,4,993.8050537109375,8
cAbl,esmfold2,9,275,VAL,15.949427604675293,4,11.535070896148682,3
cAbl,esmfold2,9,290,LYS,11.285670280456543,4,15.620656549930573,5
cAbl,esmfold2,9,305,GLU,6.219287872314453,4,8.037121951580048,5
cAbl,esmfold2,9,309,MET,2.0932669639587402,4,2.376370817422867,4
cAbl,esmfold2,9,335,GLU,0.27808886766433716,4,1.3664597943425179,5
cAbl,esmfold2,9,341,ASN,3.299877882003784,4,4.182462930679321,4
cAbl,esmfold2,9,389,LEU,2.6130881309509277,4,4.18814617395401,4
cAbl,esmfold2,9,400,ASP,35.83188247680664,4,254.35797119140625,4
cAbl,esmfold2,9,401,PHE,14.751526832580566,4,384.87255096435547,7
cAbl,esmfold2,10,267,LEU,20.457191467285156,4,11.023882627487183,4
cAbl,esmfold2,10,269,GLY,85.5487060546875,4,0.0,0
cAbl,esmfold2,10,272,TYR,153.8004150390625,4,1213.0731048583984,8
cAbl,esmfold2,10,275,VAL,12.66188907623291,4,9.632671594619751,3
cAbl,esmfold2,10,290,LYS,8.10452938079834,4,17.52202582359314,5
cAbl,esmfold2,10,305,GLU,11.590839385986328,4,16.333343267440796,5
cAbl,esmfold2,10,309,MET,2.93916916847229,4,3.0238070487976074,4
cAbl,esmfold2,10,335,GLU,0.235650435090065,4,1.4788089841604233,5
cAbl,esmfold2,10,341,ASN,4.979637145996094,4,5.5848623514175415,4
cAbl,esmfold2,10,389,LEU,4.095966815948486,4,4.552356839179993,4
cAbl,esmfold2,10,400,ASP,43.890708923339844,4,271.20401763916016,4
cAbl,esmfold2,10,401,PHE,10.157196998596191,4,357.6126022338867,7
cAbl,esmfold2,11,267,LEU,23.377655029296875,4,12.174049377441406,4
cAbl,esmfold2,11,269,GLY,46.09642791748047,4,0.0,0
cAbl,esmfold2,11,272,TYR,113.93727111816406,4,936.9705963134766,8
cAbl,esmfold2,11,275,VAL,13.57305908203125,4,10.077213764190674,3
cAbl,esmfold2,11,290,LYS,8.777445793151855,4,15.313652396202087,5
cAbl,esmfold2,11,305,GLU,12.638771057128906,4,18.369782209396362,5
cAbl,esmfold2,11,309,MET,1.876352310180664,4,2.5645723044872284,4
cAbl,esmfold2,11,335,GLU,0.2715349793434143,4,1.8008883595466614,5
cAbl,esmfold2,11,341,ASN,4.00461483001709,4,4.071875095367432,4
cAbl,esmfold2,11,389,LEU,4.256809711456299,4,4.5655198097229,4
cAbl,esmfold2,11,400,ASP,34.92003631591797,4,249.12589263916016,4
cAbl,esmfold2,11,401,PHE,14.254426956176758,4,393.6455707550049,7
cAbl,esmfold2,12,267,LEU,20.686058044433594,4,10.341715812683105,4
cAbl,esmfold2,12,269,GLY,50.971073150634766,4,0.0,0
cAbl,esmfold2,12,272,TYR,119.54966735839844,4,1053.940658569336,8
cAbl,esmfold2,12,275,VAL,11.652042388916016,4,9.092475414276123,3
cAbl,esmfold2,12,290,LYS,7.257319450378418,4,12.295344114303589,5
cAbl,esmfold2,12,305,GLU,5.818321228027344,4,8.929353475570679,5
cAbl,esmfold2,12,309,MET,0.8540233373641968,4,1.3096185773611069,4
cAbl,esmfold2,12,335,GLU,0.3511863350868225,4,1.5524564161896706,5
cAbl,esmfold2,12,341,ASN,4.591823101043701,4,5.35234272480011,4
cAbl,esmfold2,12,389,LEU,4.166392803192139,4,5.931342244148254,4
cAbl,esmfold2,12,400,ASP,45.44498062133789,4,269.6184539794922,4
cAbl,esmfold2,12,401,PHE,10.530288696289062,4,356.2552318572998,7
cAbl,esmfold2,13,267,LEU,2.0834271907806396,4,1.6520479172468185,4
cAbl,esmfold2,13,269,GLY,15.166064262390137,4,0.0,0
cAbl,esmfold2,13,272,TYR,6.728692054748535,4,43.30078411102295,8
cAbl,esmfold2,13,275,VAL,1.0036131143569946,4,1.0801291465759277,3
cAbl,esmfold2,13,290,LYS,0.9626878499984741,4,4.740595251321793,5
cAbl,esmfold2,13,305,GLU,2.785095453262329,4,7.023660987615585,5
cAbl,esmfold2,13,309,MET,0.9678561091423035,4,1.7131626456975937,4
cAbl,esmfold2,13,335,GLU,0.09530027210712433,4,0.390253690071404,5
cAbl,esmfold2,13,341,ASN,6.96281623840332,4,9.844382524490356,4
cAbl,esmfold2,13,389,LEU,1.7582225799560547,4,3.481101781129837,4
cAbl,esmfold2,13,400,ASP,29.383453369140625,4,245.46587753295898,4
cAbl,esmfold2,13,401,PHE,26.137222290039062,4,409.82039642333984,7
cAbl,esmfold2,14,267,LEU,20.18577766418457,4,11.291320085525513,4
cAbl,esmfold2,14,269,GLY,63.90119171142578,4,0.0,0
cAbl,esmfold2,14,272,TYR,126.98394775390625,4,1001.3433799743652,8
cAbl,esmfold2,14,275,VAL,11.361737251281738,4,9.71785831451416,3
cAbl,esmfold2,14,290,LYS,8.356494903564453,4,15.347097158432007,5
cAbl,esmfold2,14,305,GLU,13.822169303894043,4,18.824565410614014,5
cAbl,esmfold2,14,309,MET,2.819129467010498,4,2.817173182964325,4
cAbl,esmfold2,14,335,GLU,0.4504937529563904,4,1.7775990962982178,5
cAbl,esmfold2,14,341,ASN,5.361125946044922,4,5.868812680244446,4
cAbl,esmfold2,14,389,LEU,4.604745864868164,4,6.142029762268066,4
cAbl,esmfold2,14,400,ASP,41.844703674316406,4,266.8371353149414,4
cAbl,esmfold2,14,401,PHE,10.59885311126709,4,359.5935173034668,7
cAbl,esmfold2,15,267,LEU,19.794506072998047,4,9.828736782073975,4
cAbl,esmfold2,15,269,GLY,57.72099304199219,4,0.0,0
cAbl,esmfold2,15,272,TYR,135.07786560058594,4,1293.1502532958984,8
cAbl,esmfold2,15,275,VAL,10.871072769165039,4,8.855435609817505,3
cAbl,esmfold2,15,290,LYS,7.210433006286621,4,11.76463758945465,5
cAbl,esmfold2,15,305,GLU,5.159045219421387,4,8.08795940876007,5
cAbl,esmfold2,15,309,MET,1.2487268447875977,4,1.106305330991745,4
cAbl,esmfold2,15,335,GLU,0.3890186846256256,4,2.0210659354925156,5
cAbl,esmfold2,15,341,ASN,5.201668739318848,4,5.771988213062286,4
cAbl,esmfold2,15,389,LEU,4.549864292144775,4,5.687066197395325,4
cAbl,esmfold2,15,400,ASP,54.714088439941406,4,284.5351791381836,4
cAbl,esmfold2,15,401,PHE,8.39659309387207,4,360.2336025238037,7
cAbl,esmfold2,16,267,LEU,15.896350860595703,4,8.533856868743896,4
cAbl,esmfold2,16,269,GLY,57.925071716308594,4,0.0,0
cAbl,esmfold2,16,272,TYR,84.5678482055664,4,702.8296813964844,8
cAbl,esmfold2,16,275,VAL,10.047163963317871,4,7.1252806186676025,3
cAbl,esmfold2,16,290,LYS,7.1351494789123535,4,10.835562109947205,5
cAbl,esmfold2,16,305,GLU,9.39127254486084,4,13.74966025352478,5
cAbl,esmfold2,16,309,MET,1.0550349950790405,4,1.677693784236908,4
cAbl,esmfold2,16,335,GLU,0.5247066020965576,4,1.8037262260913849,5
cAbl,esmfold2,16,341,ASN,3.4031083583831787,4,4.254464089870453,4
cAbl,esmfold2,16,389,LEU,3.2607462406158447,4,5.116712808609009,4
cAbl,esmfold2,16,400,ASP,13.649295806884766,4,27.3579683303833,4
cAbl,esmfold2,16,401,PHE,87.12328338623047,4,316.46158361434937,7
cAbl,esmfold2,17,267,LEU,7.661025047302246,4,1.391798511147499,4
cAbl,esmfold2,17,269,GLY,30.623085021972656,4,0.0,0
cAbl,esmfold2,17,272,TYR,20.08146858215332,4,79.4229416847229,8
cAbl,esmfold2,17,275,VAL,0.7775417566299438,4,0.4759538322687149,3
cAbl,esmfold2,17,290,LYS,0.5728664398193359,4,5.033232137560844,5
cAbl,esmfold2,17,305,GLU,3.7198503017425537,4,7.013019442558289,5
cAbl,esmfold2,17,309,MET,2.715543031692505,4,2.846897214651108,4
cAbl,esmfold2,17,335,GLU,0.1379833072423935,4,0.43695656582713127,5
cAbl,esmfold2,17,341,ASN,11.907360076904297,4,16.658889770507812,4
cAbl,esmfold2,17,389,LEU,2.6773085594177246,4,5.022878170013428,4
cAbl,esmfold2,17,400,ASP,24.488422393798828,4,230.3831329345703,4
cAbl,esmfold2,17,401,PHE,32.78449630737305,4,439.75264739990234,7
cAbl,esmfold2,18,267,LEU,2.385364055633545,4,1.1704966574907303,4
cAbl,esmfold2,18,269,GLY,7.029211044311523,4,0.0,0
cAbl,esmfold2,18,272,TYR,16.772907257080078,4,76.8850884437561,8
cAbl,esmfold2,18,275,VAL,1.0515925884246826,4,1.2431454956531525,3
cAbl,esmfold2,18,290,LYS,2.169055461883545,4,8.390505194664001,5
cAbl,esmfold2,18,305,GLU,2.0574443340301514,4,5.43220978975296,5
cAbl,esmfold2,18,309,MET,1.0755410194396973,4,1.511561781167984,4
cAbl,esmfold2,18,335,GLU,0.06899286061525345,4,0.8512594625353813,5
cAbl,esmfold2,18,341,ASN,6.669991493225098,4,8.775436639785767,4
cAbl,esmfold2,18,389,LEU,2.2589738368988037,4,3.2894833087921143,4
cAbl,esmfold2,18,400,ASP,23.868303298950195,4,228.2408218383789,4
cAbl,esmfold2,18,401,PHE,30.75595474243164,4,446.6652297973633,7
cAbl,esmfold2,19,267,LEU,13.957242965698242,4,7.219687819480896,4
cAbl,esmfold2,19,269,GLY,52.4661865234375,4,0.0,0
cAbl,esmfold2,19,272,TYR,42.92601776123047,4,449.86119842529297,8
cAbl,esmfold2,19,275,VAL,6.941239356994629,4,5.79076361656189,3
cAbl,esmfold2,19,290,LYS,5.056988716125488,4,8.076919734477997,5
cAbl,esmfold2,19,305,GLU,2.569408893585205,4,5.26450252532959,5
cAbl,esmfold2,19,309,MET,0.7916430234909058,4,0.5957015454769135,4
cAbl,esmfold2,19,335,GLU,0.4005931615829468,4,1.4738958179950714,5
cAbl,esmfold2,19,341,ASN,3.646209955215454,4,4.281229674816132,4
cAbl,esmfold2,19,389,LEU,3.3686087131500244,4,4.789760410785675,4
cAbl,esmfold2,19,400,ASP,39.437442779541016,4,263.33935928344727,4
cAbl,esmfold2,19,401,PHE,17.817556381225586,4,286.96965408325195,7
cAbl,esmfold2,20,267,LEU,19.451148986816406,4,10.784170866012573,4
cAbl,esmfold2,20,269,GLY,81.98583984375,4,0.0,0
cAbl,esmfold2,20,272,TYR,138.4294891357422,4,1199.8898086547852,8
cAbl,esmfold2,20,275,VAL,11.699409484863281,4,9.976808786392212,3
cAbl,esmfold2,20,290,LYS,8.746965408325195,4,15.685577154159546,5
cAbl,esmfold2,20,305,GLU,10.870321273803711,4,15.658350944519043,5
cAbl,esmfold2,20,309,MET,2.4505200386047363,4,2.4580753445625305,4
cAbl,esmfold2,20,335,GLU,0.45986443758010864,4,1.82317553460598,5
cAbl,esmfold2,20,341,ASN,4.7835693359375,4,6.4206154346466064,4
cAbl,esmfold2,20,389,LEU,3.35070538520813,4,5.644959449768066,4
cAbl,esmfold2,20,400,ASP,44.62693786621094,4,271.55949783325195,4
cAbl,esmfold2,20,401,PHE,10.414663314819336,4,347.18492317199707,7
cAbl,esmfold2,21,267,LEU,28.081775665283203,4,15.057404279708862,4
cAbl,esmfold2,21,269,GLY,61.19493865966797,4,0.0,0
cAbl,esmfold2,21,272,TYR,95.99308776855469,4,911.9091186523438,8
cAbl,esmfold2,21,275,VAL,16.151634216308594,4,12.19220781326294,3
cAbl,esmfold2,21,290,LYS,9.868825912475586,4,18.372573375701904,5
cAbl,esmfold2,21,305,GLU,11.290509223937988,4,16.22466468811035,5
cAbl,esmfold2,21,309,MET,1.8884528875350952,4,2.84947669506073,4
cAbl,esmfold2,21,335,GLU,0.2870240807533264,4,1.4782409965991974,5
cAbl,esmfold2,21,341,ASN,2.3555965423583984,4,3.372998297214508,4
cAbl,esmfold2,21,389,LEU,1.6503840684890747,4,3.8286996483802795,4
cAbl,esmfold2,21,400,ASP,39.67714309692383,4,265.188289642334,4
cAbl,esmfold2,21,401,PHE,13.521744728088379,4,370.0798759460449,7
cAbl,esmfold2,22,267,LEU,4.638355255126953,4,1.824994519352913,4
cAbl,esmfold2,22,269,GLY,20.7850341796875,4,0.0,0
cAbl,esmfold2,22,272,TYR,23.38313102722168,4,74.70832824707031,8
cAbl,esmfold2,22,275,VAL,1.6311911344528198,4,1.2194180488586426,3
cAbl,esmfold2,22,290,LYS,2.389434337615967,4,10.252852112054825,5
cAbl,esmfold2,22,305,GLU,4.81866979598999,4,8.718147039413452,5
cAbl,esmfold2,22,309,MET,4.638594627380371,4,3.4794533252716064,4
cAbl,esmfold2,22,335,GLU,0.22286033630371094,4,1.379010621458292,5
cAbl,esmfold2,22,341,ASN,10.489480972290039,4,14.30426549911499,4
cAbl,esmfold2,22,389,LEU,2.7493104934692383,4,3.889922857284546,4
cAbl,esmfold2,22,400,ASP,24.915727615356445,4,225.22847366333008,4
cAbl,esmfold2,22,401,PHE,29.666364669799805,4,472.3539066314697,7
cAbl,esmfold2,23,267,LEU,2.0836703777313232,4,0.6955003887414932,4
cAbl,esmfold2,23,269,GLY,7.565045356750488,4,0.0,0
cAbl,esmfold2,23,272,TYR,10.76370620727539,4,50.17723870277405,8
cAbl,esmfold2,23,275,VAL,0.8669725060462952,4,0.536940410733223,3
cAbl,esmfold2,23,290,LYS,1.6019642353057861,4,7.940433248877525,5
cAbl,esmfold2,23,305,GLU,2.7551159858703613,4,6.892003566026688,5
cAbl,esmfold2,23,309,MET,1.9556496143341064,4,2.1959477365016937,4
cAbl,esmfold2,23,335,GLU,0.17564520239830017,4,0.7812498733401299,5
cAbl,esmfold2,23,341,ASN,9.888555526733398,4,13.384394884109497,4
cAbl,esmfold2,23,389,LEU,2.574063301086426,4,4.454118847846985,4
cAbl,esmfold2,23,400,ASP,23.249656677246094,4,227.8676872253418,4
cAbl,esmfold2,23,401,PHE,34.84827423095703,4,446.323486328125,7
cAbl,esmfold2,24,267,LEU,25.05765151977539,4,14.64103078842163,4
cAbl,esmfold2,24,269,GLY,51.97534942626953,4,0.0,0
cAbl,esmfold2,24,272,TYR,130.8981475830078,4,1075.400032043457,8
cAbl,esmfold2,24,275,VAL,16.11589813232422,4,12.636807918548584,3
cAbl,esmfold2,24,290,LYS,11.158226013183594,4,18.330628991127014,5
cAbl,esmfold2,24,305,GLU,13.173702239990234,4,19.919330596923828,5
cAbl,esmfold2,24,309,MET,1.9324785470962524,4,3.3248291015625,4
cAbl,esmfold2,24,335,GLU,0.47918134927749634,4,2.233248621225357,5
cAbl,esmfold2,24,341,ASN,3.737147331237793,4,4.223818361759186,4
cAbl,esmfold2,24,389,LEU,3.6536777019500732,4,4.848241806030273,4
cAbl,esmfold2,24,400,ASP,35.96648406982422,4,252.44366455078125,4
cAbl,esmfold2,24,401,PHE,14.161836624145508,4,389.36623764038086,7
cAbl,esmfold2,25,267,LEU,25.993375778198242,4,14.313305139541626,4
cAbl,esmfold2,25,269,GLY,76.86659240722656,4,0.0,0
cAbl,esmfold2,25,272,TYR,131.89564514160156,4,1122.076026916504,8
cAbl,esmfold2,25,275,VAL,15.353516578674316,4,12.80051326751709,3
cAbl,esmfold2,25,290,LYS,10.816125869750977,4,21.051913022994995,5
cAbl,esmfold2,25,305,GLU,14.13156795501709,4,19.61746597290039,5
cAbl,esmfold2,25,309,MET,2.4701638221740723,4,2.715054750442505,4
cAbl,esmfold2,25,335,GLU,0.30937230587005615,4,1.7286910265684128,5
cAbl,esmfold2,25,341,ASN,2.609421730041504,4,2.7608901858329773,4
cAbl,esmfold2,25,389,LEU,2.8328466415405273,4,3.437037706375122,4
cAbl,esmfold2,25,400,ASP,40.237701416015625,4,258.7870445251465,4
cAbl,esmfold2,25,401,PHE,12.676851272583008,4,376.17210388183594,7
cAbl,esmfold2,26,267,LEU,27.497896194458008,4,15.228584289550781,4
cAbl,esmfold2,26,269,GLY,24.931150436401367,4,0.0,0
cAbl,esmfold2,26,272,TYR,72.51908874511719,4,753.1969833374023,8
cAbl,esmfold2,26,275,VAL,14.244194030761719,4,11.90891432762146,3
cAbl,esmfold2,26,290,LYS,9.82370662689209,4,20.522454500198364,5
cAbl,esmfold2,26,305,GLU,8.426258087158203,4,14.788562059402466,5
cAbl,esmfold2,26,309,MET,0.5366179943084717,4,1.4233895987272263,4
cAbl,esmfold2,26,335,GLU,0.3719492256641388,4,2.149083286523819,5
cAbl,esmfold2,26,341,ASN,3.250901937484741,4,3.5849056243896484,4
cAbl,esmfold2,26,389,LEU,3.295297861099243,4,4.184044361114502,4
cAbl,esmfold2,26,400,ASP,34.64079284667969,4,213.3558349609375,4
cAbl,esmfold2,26,401,PHE,14.970064163208008,4,434.91104316711426,7
cAbl,esmfold2,27,267,LEU,2.1321966648101807,4,0.7867373153567314,4
cAbl,esmfold2,27,269,GLY,11.293146133422852,4,0.0,0
cAbl,esmfold2,27,272,TYR,21.412723541259766,4,106.54610919952393,8
cAbl,esmfold2,27,275,VAL,1.20103919506073,4,1.2529854476451874,3
cAbl,esmfold2,27,290,LYS,1.968652367591858,4,8.91147929430008,5
cAbl,esmfold2,27,305,GLU,3.90436053276062,4,9.026312291622162,5
cAbl,esmfold2,27,309,MET,3.2376744747161865,4,2.9269461631774902,4
cAbl,esmfold2,27,335,GLU,0.08389982581138611,4,0.4581865016371012,5
cAbl,esmfold2,27,341,ASN,8.11031723022461,4,11.3246591091156,4
cAbl,esmfold2,27,389,LEU,2.757284641265869,4,3.9442026019096375,4
cAbl,esmfold2,27,400,ASP,32.49756622314453,4,247.1443862915039,4
cAbl,esmfold2,27,401,PHE,24.70667839050293,4,425.3197612762451,7
cAbl,esmfold2,28,267,LEU,19.181894302368164,4,10.89094877243042,4
cAbl,esmfold2,28,269,GLY,54.56412887573242,4,0.0,0
cAbl,esmfold2,28,272,TYR,107.83582305908203,4,922.6256408691406,8
cAbl,esmfold2,28,275,VAL,12.395441055297852,4,9.528798818588257,3
cAbl,esmfold2,28,290,LYS,8.964802742004395,4,14.984629034996033,5
cAbl,esmfold2,28,305,GLU,11.812284469604492,4,17.86958932876587,5
cAbl,esmfold2,28,309,MET,2.111628770828247,4,2.7812018990516663,4
cAbl,esmfold2,28,335,GLU,0.44987741112709045,4,1.960556909441948,5
cAbl,esmfold2,28,341,ASN,4.3382673263549805,4,4.846427083015442,4
cAbl,esmfold2,28,389,LEU,3.8632218837738037,4,5.731136202812195,4
cAbl,esmfold2,28,400,ASP,38.95039749145508,4,259.5338363647461,4
cAbl,esmfold2,28,401,PHE,12.102985382080078,4,369.9445343017578,7
cAbl,esmfold2,29,267,LEU,3.18597674369812,4,1.0606255233287811,4
cAbl,esmfold2,29,269,GLY,15.08533763885498,4,0.0,0
cAbl,esmfold2,29,272,TYR,18.42936134338379,4,60.65113115310669,8
cAbl,esmfold2,29,275,VAL,0.765957236289978,4,0.40091734007000923,3
cAbl,esmfold2,29,290,LYS,0.5226567387580872,4,34.93929146230221,5
cAbl,esmfold2,29,305,GLU,4.253018379211426,4,9.88327431678772,5
cAbl,esmfold2,29,309,MET,4.083614349365234,4,3.3598506152629852,4
cAbl,esmfold2,29,335,GLU,0.3760485053062439,4,0.7555209323763847,5
cAbl,esmfold2,29,341,ASN,7.751603126525879,4,10.701655387878418,4
cAbl,esmfold2,29,389,LEU,2.171292781829834,4,3.0849637389183044,4
cAbl,esmfold2,29,400,ASP,26.293407440185547,4,227.46245574951172,4
cAbl,esmfold2,29,401,PHE,29.554866790771484,4,457.94507598876953,7
cAbl,bioemu_refine,0,267,LEU,18.950708389282227,4,13.018120050430298,4
cAbl,bioemu_refine,0,269,GLY,56.3861083984375,4,0.0,0
cAbl,bioemu_refine,0,272,TYR,140.95809936523438,4,1083.1328163146973,8
cAbl,bioemu_refine,0,275,VAL,14.958904266357422,4,12.116167068481445,3
cAbl,bioemu_refine,0,290,LYS,10.213010787963867,4,51.93705940246582,5
cAbl,bioemu_refine,0,305,GLU,9.990853309631348,4,78.68007445335388,5
cAbl,bioemu_refine,0,309,MET,5.189218044281006,4,14.722465753555298,4
cAbl,bioemu_refine,0,335,GLU,2.5779378414154053,4,6.08041524887085,5
cAbl,bioemu_refine,0,341,ASN,10.253644943237305,4,16.39279079437256,4
cAbl,bioemu_refine,0,389,LEU,3.2639691829681396,4,11.069760084152222,4
cAbl,bioemu_refine,0,400,ASP,55.40880584716797,4,264.0654830932617,4
cAbl,bioemu_refine,0,401,PHE,20.529682159423828,4,419.7591381072998,7
cAbl,bioemu_refine,100,267,LEU,20.500455856323242,4,8.600359201431274,4
cAbl,bioemu_refine,100,269,GLY,66.38440704345703,4,0.0,0
cAbl,bioemu_refine,100,272,TYR,118.08141326904297,4,1099.2811431884766,8
cAbl,bioemu_refine,100,275,VAL,11.441987991333008,4,8.736582279205322,3
cAbl,bioemu_refine,100,290,LYS,11.260940551757812,4,13.633246421813965,5
cAbl,bioemu_refine,100,305,GLU,2.3337621688842773,4,7.3280466347932816,5
cAbl,bioemu_refine,100,309,MET,1.9299561977386475,4,6.601800113916397,4
cAbl,bioemu_refine,100,335,GLU,0.8291281461715698,4,1.478518307209015,5
cAbl,bioemu_refine,100,341,ASN,4.8196024894714355,4,8.042020559310913,4
cAbl,bioemu_refine,100,389,LEU,4.838007926940918,4,5.185915291309357,4
cAbl,bioemu_refine,100,400,ASP,46.05827713012695,4,275.4888572692871,4
cAbl,bioemu_refine,100,401,PHE,14.050959587097168,4,387.2241897583008,7
cAbl,bioemu_refine,200,267,LEU,26.280168533325195,4,14.989581823348999,4
cAbl,bioemu_refine,200,269,GLY,67.3795394897461,4,0.0,0
cAbl,bioemu_refine,200,272,TYR,135.8916015625,4,981.3964920043945,8
cAbl,bioemu_refine,200,275,VAL,17.021831512451172,4,12.620816230773926,3
cAbl,bioemu_refine,200,290,LYS,12.29889965057373,4,12.317311108112335,5
cAbl,bioemu_refine,200,305,GLU,4.984284400939941,4,9.269871711730957,5
cAbl,bioemu_refine,200,309,MET,1.0978773832321167,4,2.4139281511306763,4
cAbl,bioemu_refine,200,335,GLU,0.4869323968887329,4,35.08061635494232,5
cAbl,bioemu_refine,200,341,ASN,4.823346138000488,4,5.412678360939026,4
cAbl,bioemu_refine,200,389,LEU,2.286590337753296,4,4.091704487800598,4
cAbl,bioemu_refine,200,400,ASP,42.80654525756836,4,247.65730667114258,4
cAbl,bioemu_refine,200,401,PHE,41.93172073364258,4,596.8026885986328,7
cAbl,bioemu_refine,300,267,LEU,31.871803283691406,4,15.522022008895874,4
cAbl,bioemu_refine,300,269,GLY,46.751853942871094,4,0.0,0
cAbl,bioemu_refine,300,272,TYR,102.82294464111328,4,1043.1284141540527,8
cAbl,bioemu_refine,300,275,VAL,14.019925117492676,4,11.552716255187988,3
cAbl,bioemu_refine,300,290,LYS,9.031643867492676,4,7.354171633720398,5
cAbl,bioemu_refine,300,305,GLU,1.2417107820510864,4,3.252516321837902,5
cAbl,bioemu_refine,300,309,MET,0.6954854130744934,4,1.9218187928199768,4
cAbl,bioemu_refine,300,335,GLU,0.23526141047477722,4,0.41569790430366993,5
cAbl,bioemu_refine,300,341,ASN,3.1034317016601562,4,36.774145781993866,4
cAbl,bioemu_refine,300,389,LEU,2.797334909439087,4,5.328884124755859,4
cAbl,bioemu_refine,300,400,ASP,46.47029495239258,4,271.6273002624512,4
cAbl,bioemu_refine,300,401,PHE,8.99448013305664,4,375.6763553619385,7
cAbl,bioemu_refine,400,267,LEU,19.74261474609375,4,14.810575723648071,4
cAbl,bioemu_refine,400,269,GLY,29.651220321655273,4,0.0,0
cAbl,bioemu_refine,400,272,TYR,304.0686340332031,4,2324.327102661133,8
cAbl,bioemu_refine,400,275,VAL,14.162307739257812,4,15.718622207641602,3
cAbl,bioemu_refine,400,290,LYS,13.476078987121582,4,34.74128866195679,5
cAbl,bioemu_refine,400,305,GLU,16.785865783691406,4,63.70871925354004,5
cAbl,bioemu_refine,400,309,MET,2.7599432468414307,4,12.398861095309258,4
cAbl,bioemu_refine,400,335,GLU,1.614850640296936,4,19.862494349479675,5
cAbl,bioemu_refine,400,341,ASN,14.31810188293457,4,32.80640912055969,4
cAbl,bioemu_refine,400,389,LEU,12.654780387878418,4,14.934975862503052,4
cAbl,bioemu_refine,400,400,ASP,34.48094940185547,4,220.47904205322266,4
cAbl,bioemu_refine,400,401,PHE,46.328330993652344,4,556.6422653198242,7
cAbl,bioemu_refine,500,267,LEU,29.251903533935547,4,14.485190868377686,4
cAbl,bioemu_refine,500,269,GLY,93.86430358886719,4,0.0,0
cAbl,bioemu_refine,500,272,TYR,133.84153747558594,4,1101.3843078613281,8
cAbl,bioemu_refine,500,275,VAL,12.924498558044434,4,10.075934886932373,3
cAbl,bioemu_refine,500,290,LYS,6.574547290802002,4,37.66743206977844,5
cAbl,bioemu_refine,500,305,GLU,6.124401092529297,4,103.19134044647217,5
cAbl,bioemu_refine,500,309,MET,1.7551262378692627,4,7.844119012355804,4
cAbl,bioemu_refine,500,335,GLU,0.8684425354003906,4,21.486559242010117,5
cAbl,bioemu_refine,500,341,ASN,11.011600494384766,4,13.059807538986206,4
cAbl,bioemu_refine,500,389,LEU,3.2818169593811035,4,3.6682373881340027,4
cAbl,bioemu_refine,500,400,ASP,65.23857116699219,4,314.57638931274414,4
cAbl,bioemu_refine,500,401,PHE,20.732393264770508,4,344.3177261352539,7
cAbl,bioemu_refine,600,267,LEU,33.278961181640625,4,19.48615837097168,4
cAbl,bioemu_refine,600,269,GLY,84.9547119140625,4,0.0,0
cAbl,bioemu_refine,600,272,TYR,103.70450592041016,4,1024.7317810058594,8
cAbl,bioemu_refine,600,275,VAL,17.910085678100586,4,14.11943006515503,3
cAbl,bioemu_refine,600,290,LYS,10.48422622680664,4,12.698419988155365,5
cAbl,bioemu_refine,600,305,GLU,8.833885192871094,4,70.58838224411011,5
cAbl,bioemu_refine,600,309,MET,2.6627159118652344,4,10.146500617265701,4
cAbl,bioemu_refine,600,335,GLU,0.49924248456954956,4,1.6986647062003613,5
cAbl,bioemu_refine,600,341,ASN,3.3071651458740234,4,5.547441482543945,4
cAbl,bioemu_refine,600,389,LEU,1.7986507415771484,4,3.738769233226776,4
cAbl,bioemu_refine,600,400,ASP,75.12979125976562,4,317.6835708618164,4
cAbl,bioemu_refine,600,401,PHE,11.726886749267578,4,314.14630126953125,7
cAbl,bioemu_refine,700,267,LEU,41.28327178955078,4,7.8406394720077515,4
cAbl,bioemu_refine,700,269,GLY,25.100324630737305,4,0.0,0
cAbl,bioemu_refine,700,272,TYR,32.278114318847656,4,338.5449848175049,8
cAbl,bioemu_refine,700,275,VAL,10.438119888305664,4,4.250851511955261,3
cAbl,bioemu_refine,700,290,LYS,0.6115068793296814,4,4.088985480368137,5
cAbl,bioemu_refine,700,305,GLU,2.2972302436828613,4,7.804821789264679,5
cAbl,bioemu_refine,700,309,MET,0.891029417514801,4,7.15131750702858,4
cAbl,bioemu_refine,700,335,GLU,1.6534907817840576,4,12.54872065782547,5
cAbl,bioemu_refine,700,341,ASN,12.481595993041992,4,30.692050218582153,4
cAbl,bioemu_refine,700,389,LEU,5.754606246948242,4,6.340107858181,4
cAbl,bioemu_refine,700,400,ASP,38.7962760925293,4,242.32299423217773,4
cAbl,bioemu_refine,700,401,PHE,13.12307357788086,4,375.81175804138184,7
cAbl,bioemu_refine,800,267,LEU,34.768348693847656,4,15.85016918182373,4
cAbl,bioemu_refine,800,269,GLY,43.59968566894531,4,0.0,0
cAbl,bioemu_refine,800,272,TYR,98.1956787109375,4,809.756046295166,8
cAbl,bioemu_refine,800,275,VAL,18.666385650634766,4,13.711247205734253,3
cAbl,bioemu_refine,800,290,LYS,13.595224380493164,4,22.56708025932312,5
cAbl,bioemu_refine,800,305,GLU,8.715163230895996,4,72.2685706615448,5
cAbl,bioemu_refine,800,309,MET,3.0768990516662598,4,7.795483946800232,4
cAbl,bioemu_refine,800,335,GLU,1.369888186454773,4,22.253422439098358,5
cAbl,bioemu_refine,800,341,ASN,1.9429082870483398,4,3.2044383883476257,4
cAbl,bioemu_refine,800,389,LEU,1.1951053142547607,4,3.1216745376586914,4
cAbl,bioemu_refine,800,400,ASP,25.05217742919922,4,231.61624908447266,4
cAbl,bioemu_refine,800,401,PHE,54.61870574951172,4,661.2207679748535,7
cAbl,bioemu_refine,900,267,LEU,26.49604034423828,4,11.719106674194336,4
cAbl,bioemu_refine,900,269,GLY,100.1362075805664,4,0.0,0
cAbl,bioemu_refine,900,272,TYR,135.5303497314453,4,1143.997817993164,8
cAbl,bioemu_refine,900,275,VAL,15.343477249145508,4,9.308973789215088,3
cAbl,bioemu_refine,900,290,LYS,8.404708862304688,4,7.467227533459663,5
cAbl,bioemu_refine,900,305,GLU,1.2840569019317627,4,5.064182266592979,5
cAbl,bioemu_refine,900,309,MET,1.8349175453186035,4,11.97289890050888,4
cAbl,bioemu_refine,900,335,GLU,1.3083770275115967,4,12.853328883647919,5
cAbl,bioemu_refine,900,341,ASN,4.3690900802612305,4,7.399779438972473,4
cAbl,bioemu_refine,900,389,LEU,2.192622661590576,4,4.298426151275635,4
cAbl,bioemu_refine,900,400,ASP,69.54425048828125,4,304.90416717529297,4
cAbl,bioemu_refine,900,401,PHE,6.651882171630859,4,338.531081199646,7
cAbl,bioemu_refine,1000,267,LEU,18.917423248291016,4,10.771275043487549,4
cAbl,bioemu_refine,1000,269,GLY,57.61622619628906,4,0.0,0
cAbl,bioemu_refine,1000,272,TYR,164.8530731201172,4,1014.5725402832031,8
cAbl,bioemu_refine,1000,275,VAL,10.413541793823242,4,7.227867841720581,3
cAbl,bioemu_refine,1000,290,LYS,7.4565935134887695,4,15.4402916431427,5
cAbl,bioemu_refine,1000,305,GLU,2.4104599952697754,4,7.121410667896271,5
cAbl,bioemu_refine,1000,309,MET,3.3568663597106934,4,4.05089071393013,4
cAbl,bioemu_refine,1000,335,GLU,1.2176315784454346,4,24.90786385536194,5
cAbl,bioemu_refine,1000,341,ASN,8.197912216186523,4,9.533046007156372,4
cAbl,bioemu_refine,1000,389,LEU,4.252668857574463,4,6.150958895683289,4
cAbl,bioemu_refine,1000,400,ASP,76.13247680664062,4,280.76989364624023,4
cAbl,bioemu_refine,1000,401,PHE,31.13361930847168,4,363.54141426086426,7
cAbl,bioemu_refine,1100,267,LEU,32.1378173828125,4,17.58224868774414,4
cAbl,bioemu_refine,1100,269,GLY,72.24131774902344,4,0.0,0
cAbl,bioemu_refine,1100,272,TYR,90.6600112915039,4,869.2471618652344,8
cAbl,bioemu_refine,1100,275,VAL,12.260615348815918,4,10.954362869262695,3
cAbl,bioemu_refine,1100,290,LYS,7.377182960510254,4,15.875388503074646,5
cAbl,bioemu_refine,1100,305,GLU,5.366882801055908,4,14.3385568857193,5
cAbl,bioemu_refine,1100,309,MET,2.507307529449463,4,6.012867987155914,4
cAbl,bioemu_refine,1100,335,GLU,0.330221951007843,4,0.7973468545824289,5
cAbl,bioemu_refine,1100,341,ASN,2.885690689086914,4,2.405780553817749,4
cAbl,bioemu_refine,1100,389,LEU,3.5673136711120605,4,3.276840090751648,4
cAbl,bioemu_refine,1100,400,ASP,13.063338279724121,4,147.2958059310913,4
cAbl,bioemu_refine,1100,401,PHE,20.409345626831055,4,116.0478036403656,7
cAbl,bioemu_refine,1200,267,LEU,20.270353317260742,4,11.2827787399292,4
cAbl,bioemu_refine,1200,269,GLY,62.44005584716797,4,0.0,0
cAbl,bioemu_refine,1200,272,TYR,157.19622802734375,4,1178.2389526367188,8
cAbl,bioemu_refine,1200,275,VAL,13.857669830322266,4,10.59584355354309,3
cAbl,bioemu_refine,1200,290,LYS,13.172161102294922,4,17.62365162372589,5
cAbl,bioemu_refine,1200,305,GLU,7.139039039611816,4,18.591880083084106,5
cAbl,bioemu_refine,1200,309,MET,1.5133715867996216,4,5.821011185646057,4
cAbl,bioemu_refine,1200,335,GLU,0.5854330062866211,4,2.3481275588274,5
cAbl,bioemu_refine,1200,341,ASN,8.026954650878906,4,8.112500071525574,4
cAbl,bioemu_refine,1200,389,LEU,1.900281548500061,4,4.88355278968811,4
cAbl,bioemu_refine,1200,400,ASP,44.15890121459961,4,262.57762145996094,4
cAbl,bioemu_refine,1200,401,PHE,31.233396530151367,4,452.0964813232422,7
cAbl,bioemu_refine,1300,267,LEU,21.447025299072266,4,9.922104835510254,4
cAbl,bioemu_refine,1300,269,GLY,74.66035461425781,4,0.0,0
cAbl,bioemu_refine,1300,272,TYR,112.95342254638672,4,997.8169441223145,8
cAbl,bioemu_refine,1300,275,VAL,11.241730690002441,4,8.942936420440674,3
cAbl,bioemu_refine,1300,290,LYS,7.971386909484863,4,11.55370968580246,5
cAbl,bioemu_refine,1300,305,GLU,3.561522960662842,4,9.78469830751419,5
cAbl,bioemu_refine,1300,309,MET,3.9638423919677734,4,15.10149472951889,4
cAbl,bioemu_refine,1300,335,GLU,0.28116318583488464,4,0.3558352831751108,5
cAbl,bioemu_refine,1300,341,ASN,5.207450866699219,4,6.19582724571228,4
cAbl,bioemu_refine,1300,389,LEU,1.4738516807556152,4,2.5710192918777466,4
cAbl,bioemu_refine,1300,400,ASP,54.09242248535156,4,269.2067985534668,4
cAbl,bioemu_refine,1300,401,PHE,10.052898406982422,4,393.117733001709,7
cAbl,bioemu_refine,1400,267,LEU,22.711687088012695,4,14.528748512268066,4
cAbl,bioemu_refine,1400,269,GLY,42.23833084106445,4,0.0,0
cAbl,bioemu_refine,1400,272,TYR,114.34896850585938,4,897.4175071716309,8
cAbl,bioemu_refine,1400,275,VAL,13.607996940612793,4,12.804505825042725,3
cAbl,bioemu_refine,1400,290,LYS,8.235153198242188,4,12.719717502593994,5
cAbl,bioemu_refine,1400,305,GLU,2.2298173904418945,4,5.285216689109802,5
cAbl,bioemu_refine,1400,309,MET,1.9492931365966797,4,4.0787264704704285,4
cAbl,bioemu_refine,1400,335,GLU,0.37241330742836,4,14.506398186087608,5
cAbl,bioemu_refine,1400,341,ASN,7.574624061584473,4,8.966430187225342,4
cAbl,bioemu_refine,1400,389,LEU,2.0888707637786865,4,2.4180265069007874,4
cAbl,bioemu_refine,1400,400,ASP,31.355499267578125,4,219.2390480041504,4
cAbl,bioemu_refine,1400,401,PHE,27.214405059814453,4,475.5935573577881,7
cAbl,bioemu_refine,1500,267,LEU,20.799076080322266,4,8.266473054885864,4
cAbl,bioemu_refine,1500,269,GLY,67.27342224121094,4,0.0,0
cAbl,bioemu_refine,1500,272,TYR,130.95091247558594,4,1019.9350814819336,8
cAbl,bioemu_refine,1500,275,VAL,11.88766098022461,4,7.26498556137085,3
cAbl,bioemu_refine,1500,290,LYS,8.522505760192871,4,10.78590077161789,5
cAbl,bioemu_refine,1500,305,GLU,6.214094638824463,4,6.9495128989219666,5
cAbl,bioemu_refine,1500,309,MET,2.856959342956543,4,38.5866425037384,4
cAbl,bioemu_refine,1500,335,GLU,0.2425023466348648,4,0.38051758147776127,5
cAbl,bioemu_refine,1500,341,ASN,8.741050720214844,4,8.477973580360413,4
cAbl,bioemu_refine,1500,389,LEU,3.1976161003112793,4,3.988550841808319,4
cAbl,bioemu_refine,1500,400,ASP,24.17117691040039,4,212.8759536743164,4
cAbl,bioemu_refine,1500,401,PHE,20.295169830322266,4,359.4313163757324,7
cAbl,bioemu_refine,1600,267,LEU,33.42036437988281,4,19.479639053344727,4
cAbl,bioemu_refine,1600,269,GLY,76.96045684814453,4,0.0,0
cAbl,bioemu_refine,1600,272,TYR,130.8419189453125,4,1177.517692565918,8
cAbl,bioemu_refine,1600,275,VAL,15.257003784179688,4,12.270100593566895,3
cAbl,bioemu_refine,1600,290,LYS,10.027082443237305,4,18.065226078033447,5
cAbl,bioemu_refine,1600,305,GLU,4.1526947021484375,4,8.080544829368591,5
cAbl,bioemu_refine,1600,309,MET,2.642563819885254,4,6.8391032218933105,4
cAbl,bioemu_refine,1600,335,GLU,0.6514319181442261,4,18.568350076675415,5
cAbl,bioemu_refine,1600,341,ASN,3.0126407146453857,4,2.6612412333488464,4
cAbl,bioemu_refine,1600,389,LEU,1.649787425994873,4,3.702091634273529,4
cAbl,bioemu_refine,1600,400,ASP,50.05138397216797,4,277.5840950012207,4
cAbl,bioemu_refine,1600,401,PHE,7.697834491729736,4,374.00919246673584,7
cAbl,bioemu_refine,1700,267,LEU,26.2376766204834,4,13.854511976242065,4
cAbl,bioemu_refine,1700,269,GLY,51.42683792114258,4,0.0,0
cAbl,bioemu_refine,1700,272,TYR,59.642539978027344,4,829.6399307250977,8
cAbl,bioemu_refine,1700,275,VAL,16.202312469482422,4,10.881000518798828,3
cAbl,bioemu_refine,1700,290,LYS,6.797272205352783,4,14.886926293373108,5
cAbl,bioemu_refine,1700,305,GLU,2.0183305740356445,4,5.951571971178055,5
cAbl,bioemu_refine,1700,309,MET,0.5950523018836975,4,9.946361094713211,4
cAbl,bioemu_refine,1700,335,GLU,0.405036598443985,4,15.397592812776566,5
cAbl,bioemu_refine,1700,341,ASN,1.9174727201461792,4,1.875405639410019,4
cAbl,bioemu_refine,1700,389,LEU,0.6588912010192871,4,1.1909809857606888,4
cAbl,bioemu_refine,1700,400,ASP,42.45195770263672,4,218.23971939086914,4
cAbl,bioemu_refine,1700,401,PHE,14.159407615661621,4,406.5183582305908,7
cAbl,bioemu_refine,1800,267,LEU,25.19603729248047,4,14.707901954650879,4
cAbl,bioemu_refine,1800,269,GLY,65.95360565185547,4,0.0,0
cAbl,bioemu_refine,1800,272,TYR,72.6217269897461,4,630.8750801086426,8
cAbl,bioemu_refine,1800,275,VAL,15.995698928833008,4,15.757950782775879,3
cAbl,bioemu_refine,1800,290,LYS,6.7287983894348145,4,12.703419923782349,5
cAbl,bioemu_refine,1800,305,GLU,7.0246968269348145,4,15.468199968338013,5
cAbl,bioemu_refine,1800,309,MET,4.880923748016357,4,13.546812534332275,4
cAbl,bioemu_refine,1800,335,GLU,0.17528274655342102,4,24.48708039522171,5
cAbl,bioemu_refine,1800,341,ASN,1.977043628692627,4,3.554562270641327,4
cAbl,bioemu_refine,1800,389,LEU,1.6033686399459839,4,3.5395638942718506,4
cAbl,bioemu_refine,1800,400,ASP,65.57608795166016,4,299.89236068725586,4
cAbl,bioemu_refine,1800,401,PHE,12.648144721984863,4,374.04065704345703,7
cAbl,prody_rfd3,1,267,LEU,19.776342391967773,4,14.908382415771484,4
cAbl,prody_rfd3,1,269,GLY,63.2283821105957,4,0.0,0
cAbl,prody_rfd3,1,272,TYR,9.263615608215332,4,110.694484770298,8
cAbl,prody_rfd3,1,275,VAL,6.580208778381348,4,10.605940580368042,3
cAbl,prody_rfd3,1,290,LYS,8.641843795776367,4,29.553135633468628,5
cAbl,prody_rfd3,1,305,GLU,8.618778228759766,4,27.878570079803467,5
cAbl,prody_rfd3,1,309,MET,6.024130821228027,4,12.239113330841064,4
cAbl,prody_rfd3,1,335,GLU,1.294996976852417,4,9.561873942613602,5
cAbl,prody_rfd3,1,341,ASN,17.269502639770508,4,44.66433906555176,4
cAbl,prody_rfd3,1,389,LEU,7.415322780609131,4,9.424856662750244,4
cAbl,prody_rfd3,1,400,ASP,48.92078399658203,4,292.11196517944336,4
cAbl,prody_rfd3,1,401,PHE,24.130094528198242,4,383.3003387451172,7
cAbl,prody_rfd3,10,267,LEU,20.08758544921875,4,15.04122281074524,4
cAbl,prody_rfd3,10,269,GLY,60.65821838378906,4,0.0,0
cAbl,prody_rfd3,10,272,TYR,8.784486770629883,4,118.12945353984833,8
cAbl,prody_rfd3,10,275,VAL,6.4837541580200195,4,10.149108171463013,3
cAbl,prody_rfd3,10,290,LYS,8.792850494384766,4,26.54875636100769,5
cAbl,prody_rfd3,10,305,GLU,8.501976013183594,4,16.833131700754166,5
cAbl,prody_rfd3,10,309,MET,6.1721649169921875,4,13.725735664367676,4
cAbl,prody_rfd3,10,335,GLU,1.4621336460113525,4,11.692361444234848,5
cAbl,prody_rfd3,10,341,ASN,17.5936279296875,4,44.744990825653076,4
cAbl,prody_rfd3,10,389,LEU,7.73636531829834,4,9.358266353607178,4
cAbl,prody_rfd3,10,400,ASP,49.7506103515625,4,293.29420471191406,4
cAbl,prody_rfd3,10,401,PHE,25.149337768554688,4,389.18775939941406,7
cAbl,prody_rfd3,16,267,LEU,19.627058029174805,4,14.407189846038818,4
cAbl,prody_rfd3,16,269,GLY,64.036376953125,4,0.0,0
cAbl,prody_rfd3,16,272,TYR,10.100773811340332,4,116.50152742862701,8
cAbl,prody_rfd3,16,275,VAL,6.734373092651367,4,11.0506751537323,3
cAbl,prody_rfd3,16,290,LYS,9.258696556091309,4,25.78235650062561,5
cAbl,prody_rfd3,16,305,GLU,8.391109466552734,4,18.389567136764526,5
cAbl,prody_rfd3,16,309,MET,5.639593601226807,4,10.238714933395386,4
cAbl,prody_rfd3,16,335,GLU,1.012310266494751,4,8.031285405158997,5
cAbl,prody_rfd3,16,341,ASN,17.465473175048828,4,45.02164649963379,4
cAbl,prody_rfd3,16,389,LEU,7.293877601623535,4,8.824324131011963,4
cAbl,prody_rfd3,16,400,ASP,47.29369354248047,4,290.5337715148926,4
cAbl,prody_rfd3,16,401,PHE,24.092018127441406,4,372.5750370025635,7
cAbl,prody_rfd3,23,267,LEU,19.991167068481445,4,14.186958074569702,4
cAbl,prody_rfd3,23,269,GLY,62.366764068603516,4,0.0,0
cAbl,prody_rfd3,23,272,TYR,9.543829917907715,4,132.5609238743782,8
cAbl,prody_rfd3,23,275,VAL,6.626397609710693,4,10.333101749420166,3
cAbl,prody_rfd3,23,290,LYS,9.164772033691406,4,27.94758176803589,5
cAbl,prody_rfd3,23,305,GLU,8.584968566894531,4,30.398839950561523,5
cAbl,prody_rfd3,23,309,MET,5.766251564025879,4,10.077329874038696,4
cAbl,prody_rfd3,23,335,GLU,1.2088850736618042,4,7.922845512628555,5
cAbl,prody_rfd3,23,341,ASN,18.266719818115234,4,46.15700149536133,4
cAbl,prody_rfd3,23,389,LEU,7.517039775848389,4,11.128132343292236,4
cAbl,prody_rfd3,23,400,ASP,48.17388916015625,4,290.6002769470215,4
cAbl,prody_rfd3,23,401,PHE,24.437746047973633,4,372.17699241638184,7
cAbl,prody_rfd3,19,267,LEU,20.461788177490234,4,14.809263944625854,4
cAbl,prody_rfd3,19,269,GLY,61.80415725708008,4,0.0,0
cAbl,prody_rfd3,19,272,TYR,8.761956214904785,4,130.88288569450378,8
cAbl,prody_rfd3,19,275,VAL,6.158257484436035,4,9.634323120117188,3
cAbl,prody_rfd3,19,290,LYS,8.411286354064941,4,28.421666145324707,5
cAbl,prody_rfd3,19,305,GLU,8.91753101348877,4,29.862831592559814,5
cAbl,prody_rfd3,19,309,MET,7.37062406539917,4,30.361770153045654,4
cAbl,prody_rfd3,19,335,GLU,1.6676392555236816,4,17.307179808616638,5
cAbl,prody_rfd3,19,341,ASN,18.173477172851562,4,95.10112428665161,4
cAbl,prody_rfd3,19,389,LEU,8.143976211547852,4,11.612349510192871,4
cAbl,prody_rfd3,19,400,ASP,49.07878494262695,4,292.181209564209,4
cAbl,prody_rfd3,19,401,PHE,25.311538696289062,4,371.8906059265137,7
cAbl,prody_rfd3,14,267,LEU,19.962169647216797,4,13.086668014526367,4
cAbl,prody_rfd3,14,269,GLY,62.42749786376953,4,0.0,0
cAbl,prody_rfd3,14,272,TYR,9.187601089477539,4,109.90742111206055,8
cAbl,prody_rfd3,14,275,VAL,6.332842826843262,4,10.302169799804688,3
cAbl,prody_rfd3,14,290,LYS,8.718485832214355,4,29.186264276504517,5
cAbl,prody_rfd3,14,305,GLU,8.735567092895508,4,29.04701566696167,5
cAbl,prody_rfd3,14,309,MET,6.027342319488525,4,13.15540337562561,4
cAbl,prody_rfd3,14,335,GLU,1.3585538864135742,4,6.633913159370422,5
cAbl,prody_rfd3,14,341,ASN,17.748451232910156,4,46.02857494354248,4
cAbl,prody_rfd3,14,389,LEU,7.603522300720215,4,10.40695071220398,4
cAbl,prody_rfd3,14,400,ASP,49.07221984863281,4,292.50882720947266,4
cAbl,prody_rfd3,14,401,PHE,24.620769500732422,4,372.585750579834,7
cAbl,prody_rfd3,17,267,LEU,20.45270538330078,4,14.422480583190918,4
cAbl,prody_rfd3,17,269,GLY,60.77470397949219,4,0.0,0
cAbl,prody_rfd3,17,272,TYR,8.777020454406738,4,106.65924406051636,8
cAbl,prody_rfd3,17,275,VAL,6.5643205642700195,4,11.005302429199219,3
cAbl,prody_rfd3,17,290,LYS,8.796722412109375,4,29.166618824005127,5
cAbl,prody_rfd3,17,305,GLU,9.204319953918457,4,23.49747347831726,5
cAbl,prody_rfd3,17,309,MET,7.333430767059326,4,11.675318002700806,4
cAbl,prody_rfd3,17,335,GLU,1.4426953792572021,4,9.360760688781738,5
cAbl,prody_rfd3,17,341,ASN,18.31111717224121,4,47.1630277633667,4
cAbl,prody_rfd3,17,389,LEU,8.000875473022461,4,9.932445764541626,4
cAbl,prody_rfd3,17,400,ASP,48.362159729003906,4,290.93952560424805,4
cAbl,prody_rfd3,17,401,PHE,25.97089385986328,4,380.0178470611572,7
cAbl,prody_rfd3,27,267,LEU,20.075044631958008,4,13.708216428756714,4
cAbl,prody_rfd3,27,269,GLY,61.034332275390625,4,0.0,0
cAbl,prody_rfd3,27,272,TYR,9.075517654418945,4,130.18223530054092,8
cAbl,prody_rfd3,27,275,VAL,6.803431510925293,4,10.0441734790802,3
cAbl,prody_rfd3,27,290,LYS,8.817407608032227,4,30.54444122314453,5
cAbl,prody_rfd3,27,305,GLU,9.156279563903809,4,33.05104160308838,5
cAbl,prody_rfd3,27,309,MET,6.289553165435791,4,29.90710997581482,4
cAbl,prody_rfd3,27,335,GLU,1.4771393537521362,4,16.9151753783226,5
cAbl,prody_rfd3,27,341,ASN,17.271900177001953,4,88.98515892028809,4
cAbl,prody_rfd3,27,389,LEU,7.772998809814453,4,10.127565383911133,4
cAbl,prody_rfd3,27,400,ASP,49.19245910644531,4,290.84313201904297,4
cAbl,prody_rfd3,27,401,PHE,24.56547737121582,4,384.2872734069824,7
cAbl,prody_rfd3,8,267,LEU,19.253204345703125,4,13.80207633972168,4
cAbl,prody_rfd3,8,269,GLY,62.74464416503906,4,0.0,0
cAbl,prody_rfd3,8,272,TYR,9.03082275390625,4,117.39664226770401,8
cAbl,prody_rfd3,8,275,VAL,6.0947465896606445,4,9.89946460723877,3
cAbl,prody_rfd3,8,290,LYS,8.416143417358398,4,23.844462871551514,5
cAbl,prody_rfd3,8,305,GLU,8.596535682678223,4,16.586633920669556,5
cAbl,prody_rfd3,8,309,MET,5.946033477783203,4,10.443303108215332,4
cAbl,prody_rfd3,8,335,GLU,1.4589282274246216,4,8.395896509289742,5
cAbl,prody_rfd3,8,341,ASN,17.432279586791992,4,45.00490999221802,4
cAbl,prody_rfd3,8,389,LEU,7.746654510498047,4,9.467162370681763,4
cAbl,prody_rfd3,8,400,ASP,49.68779373168945,4,293.99681854248047,4
cAbl,prody_rfd3,8,401,PHE,23.916000366210938,4,371.26106452941895,7
cAbl,prody_rfd3,5,267,LEU,19.823532104492188,4,15.66419768333435,4
cAbl,prody_rfd3,5,269,GLY,62.4239501953125,4,0.0,0
cAbl,prody_rfd3,5,272,TYR,9.1447114944458,4,113.68862691521645,8
cAbl,prody_rfd3,5,275,VAL,6.159810543060303,4,10.079386472702026,3
cAbl,prody_rfd3,5,290,LYS,8.520480155944824,4,26.883078575134277,5
cAbl,prody_rfd3,5,305,GLU,8.780561447143555,4,31.78139066696167,5
cAbl,prody_rfd3,5,309,MET,6.451568603515625,4,11.685553073883057,4
cAbl,prody_rfd3,5,335,GLU,1.3709235191345215,4,11.452817738056183,5
cAbl,prody_rfd3,5,341,ASN,17.333072662353516,4,27.54364776611328,4
cAbl,prody_rfd3,5,389,LEU,7.6297101974487305,4,10.360596179962158,4
cAbl,prody_rfd3,5,400,ASP,48.66661071777344,4,292.1506996154785,4
cAbl,prody_rfd3,5,401,PHE,25.00653839111328,4,370.59481048583984,7
cAbl,prody_rfd3,7,267,LEU,20.21860122680664,4,16.758668184280396,4
cAbl,prody_rfd3,7,269,GLY,64.34352111816406,4,0.0,0
cAbl,prody_rfd3,7,272,TYR,9.816617965698242,4,129.1574644446373,8
cAbl,prody_rfd3,7,275,VAL,6.737218379974365,4,11.099720239639282,3
cAbl,prody_rfd3,7,290,LYS,8.676016807556152,4,26.73085904121399,5
cAbl,prody_rfd3,7,305,GLU,8.275274276733398,4,28.079330921173096,5
cAbl,prody_rfd3,7,309,MET,6.517783164978027,4,10.898702144622803,4
cAbl,prody_rfd3,7,335,GLU,1.169609785079956,4,8.587287932634354,5
cAbl,prody_rfd3,7,341,ASN,17.59775733947754,4,46.67126178741455,4
cAbl,prody_rfd3,7,389,LEU,7.469147682189941,4,9.881991863250732,4
cAbl,prody_rfd3,7,400,ASP,47.17562484741211,4,290.62440490722656,4
cAbl,prody_rfd3,7,401,PHE,25.264923095703125,4,370.2585639953613,7
cAbl,prody_rfd3,4,267,LEU,19.420269012451172,4,13.790501356124878,4
cAbl,prody_rfd3,4,269,GLY,61.57947540283203,4,0.0,0
cAbl,prody_rfd3,4,272,TYR,8.553550720214844,4,125.85208338499069,8
cAbl,prody_rfd3,4,275,VAL,6.1630120277404785,4,10.243719339370728,3
cAbl,prody_rfd3,4,290,LYS,8.06768798828125,4,29.494061946868896,5
cAbl,prody_rfd3,4,305,GLU,8.93985652923584,4,26.948679208755493,5
cAbl,prody_rfd3,4,309,MET,6.287517070770264,4,12.50258731842041,4
cAbl,prody_rfd3,4,335,GLU,1.7435476779937744,4,5.334604203701019,5
cAbl,prody_rfd3,4,341,ASN,16.672718048095703,4,88.42171907424927,4
cAbl,prody_rfd3,4,389,LEU,7.855454444885254,4,10.58587384223938,4
cAbl,prody_rfd3,4,400,ASP,50.53662109375,4,293.6550712585449,4
cAbl,prody_rfd3,4,401,PHE,24.392528533935547,4,375.794584274292,7
cAbl,prody_rfd3,0,267,LEU,19.78359603881836,4,14.408919334411621,4
cAbl,prody_rfd3,0,269,GLY,62.88239669799805,4,0.0,0
cAbl,prody_rfd3,0,272,TYR,9.655799865722656,4,120.96977615356445,8
cAbl,prody_rfd3,0,275,VAL,6.654148101806641,4,10.575703144073486,3
cAbl,prody_rfd3,0,290,LYS,8.863456726074219,4,23.927268981933594,5
cAbl,prody_rfd3,0,305,GLU,8.845233917236328,4,22.240689039230347,5
cAbl,prody_rfd3,0,309,MET,6.000476837158203,4,10.177711486816406,4
cAbl,prody_rfd3,0,335,GLU,1.1828696727752686,4,7.787594735622406,5
cAbl,prody_rfd3,0,341,ASN,17.922317504882812,4,44.707457065582275,4
cAbl,prody_rfd3,0,389,LEU,7.536516189575195,4,9.36500096321106,4
cAbl,prody_rfd3,0,400,ASP,48.085418701171875,4,291.1994934082031,4
cAbl,prody_rfd3,0,401,PHE,24.510602951049805,4,376.24702072143555,7
cAbl,prody_rfd3,6,267,LEU,19.463951110839844,4,14.653802156448364,4
cAbl,prody_rfd3,6,269,GLY,64.49858093261719,4,0.0,0
cAbl,prody_rfd3,6,272,TYR,9.439970016479492,4,109.36888629198074,8
cAbl,prody_rfd3,6,275,VAL,6.474260330200195,4,11.358906030654907,3
cAbl,prody_rfd3,6,290,LYS,8.355691909790039,4,25.163960218429565,5
cAbl,prody_rfd3,6,305,GLU,8.41026782989502,4,28.364554166793823,5
cAbl,prody_rfd3,6,309,MET,6.148792743682861,4,13.616982698440552,4
cAbl,prody_rfd3,6,335,GLU,1.3492839336395264,4,7.801431715488434,5
cAbl,prody_rfd3,6,341,ASN,16.51095199584961,4,45.008912563323975,4
cAbl,prody_rfd3,6,389,LEU,7.332036018371582,4,9.408362865447998,4
cAbl,prody_rfd3,6,400,ASP,48.54834747314453,4,292.3034439086914,4
cAbl,prody_rfd3,6,401,PHE,24.420177459716797,4,369.6854820251465,7
cAbl,prody_rfd3,12,267,LEU,19.163311004638672,4,14.360161304473877,4
cAbl,prody_rfd3,12,269,GLY,62.186309814453125,4,0.0,0
cAbl,prody_rfd3,12,272,TYR,9.002017974853516,4,131.16637468338013,8
cAbl,prody_rfd3,12,275,VAL,6.314482688903809,4,10.265655994415283,3
cAbl,prody_rfd3,12,290,LYS,9.032150268554688,4,29.55523157119751,5
cAbl,prody_rfd3,12,305,GLU,8.404549598693848,4,27.507047414779663,5
cAbl,prody_rfd3,12,309,MET,5.788530349731445,4,11.485430240631104,4
cAbl,prody_rfd3,12,335,GLU,1.1329548358917236,4,5.127166658639908,5
cAbl,prody_rfd3,12,341,ASN,17.640274047851562,4,90.89590215682983,4
cAbl,prody_rfd3,12,389,LEU,7.205613613128662,4,10.608702778816223,4
cAbl,prody_rfd3,12,400,ASP,48.709957122802734,4,291.23812103271484,4
cAbl,prody_rfd3,12,401,PHE,24.789897918701172,4,379.288028717041,7
cAbl,prody_rfd3,26,267,LEU,20.401264190673828,4,19.00283408164978,4
cAbl,prody_rfd3,26,269,GLY,64.27963256835938,4,0.0,0
cAbl,prody_rfd3,26,272,TYR,10.354400634765625,4,120.1887880563736,8
cAbl,prody_rfd3,26,275,VAL,7.019144535064697,4,11.710088968276978,3
cAbl,prody_rfd3,26,290,LYS,8.893869400024414,4,27.863619327545166,5
cAbl,prody_rfd3,26,305,GLU,8.634698867797852,4,12.150834649801254,5
cAbl,prody_rfd3,26,309,MET,5.993431091308594,4,13.780627489089966,4
cAbl,prody_rfd3,26,335,GLU,0.9731338620185852,4,12.976755023002625,5
cAbl,prody_rfd3,26,341,ASN,17.530155181884766,4,47.19332456588745,4
cAbl,prody_rfd3,26,389,LEU,7.322126388549805,4,9.367451548576355,4
cAbl,prody_rfd3,26,400,ASP,46.74987030029297,4,290.67578125,4
cAbl,prody_rfd3,26,401,PHE,24.343904495239258,4,382.118314743042,7
cAbl,prody_rfd3,22,267,LEU,19.456321716308594,4,12.785847663879395,4
cAbl,prody_rfd3,22,269,GLY,62.719703674316406,4,0.0,0
cAbl,prody_rfd3,22,272,TYR,8.919776916503906,4,103.51362800598145,8
cAbl,prody_rfd3,22,275,VAL,6.057130336761475,4,9.926975727081299,3
cAbl,prody_rfd3,22,290,LYS,8.272220611572266,4,25.444446563720703,5
cAbl,prody_rfd3,22,305,GLU,8.768484115600586,4,30.242825508117676,5
cAbl,prody_rfd3,22,309,MET,6.296173095703125,4,14.570955038070679,4
cAbl,prody_rfd3,22,335,GLU,1.5653798580169678,4,7.862197428941727,5
cAbl,prody_rfd3,22,341,ASN,17.134418487548828,4,45.38257598876953,4
cAbl,prody_rfd3,22,389,LEU,7.798372268676758,4,9.811556100845337,4
cAbl,prody_rfd3,22,400,ASP,49.5323486328125,4,293.528377532959,4
cAbl,prody_rfd3,22,401,PHE,24.00250244140625,4,370.50867652893066,7
cAbl,prody_rfd3,21,267,LEU,20.00397491455078,4,13.497579574584961,4
cAbl,prody_rfd3,21,269,GLY,60.32707595825195,4,0.0,0
cAbl,prody_rfd3,21,272,TYR,8.743550300598145,4,113.48078241944313,8
cAbl,prody_rfd3,21,275,VAL,6.41953706741333,4,11.190460681915283,3
cAbl,prody_rfd3,21,290,LYS,8.904557228088379,4,29.308138608932495,5
cAbl,prody_rfd3,21,305,GLU,9.05481243133545,4,31.407097339630127,5
cAbl,prody_rfd3,21,309,MET,6.985377311706543,4,11.028485774993896,4
cAbl,prody_rfd3,21,335,GLU,1.5177191495895386,4,5.757900655269623,5
cAbl,prody_rfd3,21,341,ASN,17.97919273376465,4,28.064066886901855,4
cAbl,prody_rfd3,21,389,LEU,7.791632652282715,4,10.455806970596313,4
cAbl,prody_rfd3,21,400,ASP,49.2161865234375,4,292.2800941467285,4
cAbl,prody_rfd3,21,401,PHE,25.583763122558594,4,368.6861267089844,7
cAbl,prody_rfd3,25,267,LEU,19.952030181884766,4,15.476773262023926,4
cAbl,prody_rfd3,25,269,GLY,62.07483673095703,4,0.0,0
cAbl,prody_rfd3,25,272,TYR,9.190645217895508,4,106.42591404914856,8
cAbl,prody_rfd3,25,275,VAL,6.44526481628418,4,10.582371473312378,3
cAbl,prody_rfd3,25,290,LYS,8.965312957763672,4,30.884716272354126,5
cAbl,prody_rfd3,25,305,GLU,8.530643463134766,4,28.133973360061646,5
cAbl,prody_rfd3,25,309,MET,6.418987274169922,4,12.244222402572632,4
cAbl,prody_rfd3,25,335,GLU,1.3532378673553467,4,11.42084801197052,5
cAbl,prody_rfd3,25,341,ASN,18.013023376464844,4,44.571767807006836,4
cAbl,prody_rfd3,25,389,LEU,7.615767002105713,4,9.502567887306213,4
cAbl,prody_rfd3,25,400,ASP,48.63017272949219,4,291.3461570739746,4
cAbl,prody_rfd3,25,401,PHE,25.1658992767334,4,388.993350982666,7
cAbl,prody_rfd3,13,267,LEU,19.822776794433594,4,13.4255850315094,4
cAbl,prody_rfd3,13,269,GLY,61.34283447265625,4,0.0,0
cAbl,prody_rfd3,13,272,TYR,8.77112102508545,4,108.18009287118912,8
cAbl,prody_rfd3,13,275,VAL,6.327855110168457,4,10.311280488967896,3
cAbl,prody_rfd3,13,290,LYS,8.478402137756348,4,30.203983783721924,5
cAbl,prody_rfd3,13,305,GLU,9.313545227050781,4,32.14790105819702,5
cAbl,prody_rfd3,13,309,MET,7.066458702087402,4,10.730709075927734,4
cAbl,prody_rfd3,13,335,GLU,1.6260828971862793,4,2.7509792894124985,5
cAbl,prody_rfd3,13,341,ASN,17.84894371032715,4,28.625145435333252,4
cAbl,prody_rfd3,13,389,LEU,7.8470458984375,4,10.787983179092407,4
cAbl,prody_rfd3,13,400,ASP,49.17043685913086,4,292.4922103881836,4
cAbl,prody_rfd3,13,401,PHE,25.128908157348633,4,368.7954158782959,7
cAbl,prody_rfd3,9,267,LEU,20.1846866607666,4,14.930889368057251,4
cAbl,prody_rfd3,9,269,GLY,63.47678756713867,4,0.0,0
cAbl,prody_rfd3,9,272,TYR,9.634002685546875,4,110.85228657722473,8
cAbl,prody_rfd3,9,275,VAL,6.550131797790527,4,9.868528604507446,3
cAbl,prody_rfd3,9,290,LYS,8.450279235839844,4,28.81021761894226,5
cAbl,prody_rfd3,9,305,GLU,8.436300277709961,4,28.75299644470215,5
cAbl,prody_rfd3,9,309,MET,6.200753688812256,4,11.914471626281738,4
cAbl,prody_rfd3,9,335,GLU,1.4895505905151367,4,8.162761598825455,5
cAbl,prody_rfd3,9,341,ASN,16.552330017089844,4,44.693318367004395,4
cAbl,prody_rfd3,9,389,LEU,7.596391677856445,4,8.564631581306458,4
cAbl,prody_rfd3,9,400,ASP,48.936988830566406,4,291.9623908996582,4
cAbl,prody_rfd3,9,401,PHE,24.152868270874023,4,389.4623851776123,7
cAbl,prody_rfd3,15,267,LEU,20.78534698486328,4,14.833640336990356,4
cAbl,prody_rfd3,15,269,GLY,61.34935760498047,4,0.0,0
cAbl,prody_rfd3,15,272,TYR,9.36777400970459,4,123.85393315553665,8
cAbl,prody_rfd3,15,275,VAL,7.1251702308654785,4,11.494330406188965,3
cAbl,prody_rfd3,15,290,LYS,9.296204566955566,4,28.809876918792725,5
cAbl,prody_rfd3,15,305,GLU,8.714801788330078,4,28.720740795135498,5
cAbl,prody_rfd3,15,309,MET,6.783770561218262,4,10.286224126815796,4
cAbl,prody_rfd3,15,335,GLU,1.2689262628555298,4,7.673513025045395,5
cAbl,prody_rfd3,15,341,ASN,18.390167236328125,4,47.40815353393555,4
cAbl,prody_rfd3,15,389,LEU,7.81650447845459,4,10.602065324783325,4
cAbl,prody_rfd3,15,400,ASP,47.45867156982422,4,289.5457191467285,4
cAbl,prody_rfd3,15,401,PHE,25.438488006591797,4,367.9740791320801,7
cAbl,prody_rfd3,20,267,LEU,21.210926055908203,4,16.50705599784851,4
cAbl,prody_rfd3,20,269,GLY,61.70384216308594,4,0.0,0
cAbl,prody_rfd3,20,272,TYR,9.638052940368652,4,130.7581443786621,8
cAbl,prody_rfd3,20,275,VAL,7.210855960845947,4,11.959392070770264,3
cAbl,prody_rfd3,20,290,LYS,9.545341491699219,4,28.838449001312256,5
cAbl,prody_rfd3,20,305,GLU,8.830520629882812,4,24.99546790122986,5
cAbl,prody_rfd3,20,309,MET,6.478166580200195,4,10.954957962036133,4
cAbl,prody_rfd3,20,335,GLU,1.0403587818145752,4,5.1262863874435425,5
cAbl,prody_rfd3,20,341,ASN,18.845584869384766,4,93.05518531799316,4
cAbl,prody_rfd3,20,389,LEU,7.546394348144531,4,10.182004451751709,4
cAbl,prody_rfd3,20,400,ASP,46.633846282958984,4,287.7003746032715,4
cAbl,prody_rfd3,20,401,PHE,25.61754608154297,4,383.5754623413086,7
cAbl,prody_rfd3,18,267,LEU,19.983062744140625,4,15.659484148025513,4
cAbl,prody_rfd3,18,269,GLY,62.45728302001953,4,0.0,0
cAbl,prody_rfd3,18,272,TYR,9.169511795043945,4,114.97169417142868,8
cAbl,prody_rfd3,18,275,VAL,6.496187210083008,4,10.341807126998901,3
cAbl,prody_rfd3,18,290,LYS,8.782395362854004,4,28.671825170516968,5
cAbl,prody_rfd3,18,305,GLU,8.678112030029297,4,12.767988413572311,5
cAbl,prody_rfd3,18,309,MET,6.547163009643555,4,13.690906763076782,4
cAbl,prody_rfd3,18,335,GLU,1.433877944946289,4,12.280243217945099,5
cAbl,prody_rfd3,18,341,ASN,17.77932357788086,4,48.005093574523926,4
cAbl,prody_rfd3,18,389,LEU,7.825484275817871,4,9.459169864654541,4
cAbl,prody_rfd3,18,400,ASP,48.49782943725586,4,292.4287872314453,4
cAbl,prody_rfd3,18,401,PHE,24.77948760986328,4,384.9114189147949,7
cAbl,prody_rfd3,3,267,LEU,20.335784912109375,4,16.24059271812439,4
cAbl,prody_rfd3,3,269,GLY,62.3936653137207,4,0.0,0
cAbl,prody_rfd3,3,272,TYR,9.434662818908691,4,133.09632521867752,8
cAbl,prody_rfd3,3,275,VAL,6.511210918426514,4,10.373008966445923,3
cAbl,prody_rfd3,3,290,LYS,8.551618576049805,4,29.514024019241333,5
cAbl,prody_rfd3,3,305,GLU,8.937561988830566,4,31.612329483032227,5
cAbl,prody_rfd3,3,309,MET,6.722270965576172,4,31.22794270515442,4
cAbl,prody_rfd3,3,335,GLU,1.3295867443084717,4,18.761162996292114,5
cAbl,prody_rfd3,3,341,ASN,17.916419982910156,4,90.69764375686646,4
cAbl,prody_rfd3,3,389,LEU,7.902738571166992,4,10.180104374885559,4
cAbl,prody_rfd3,3,400,ASP,48.1772575378418,4,291.59124755859375,4
cAbl,prody_rfd3,3,401,PHE,24.911972045898438,4,380.1837520599365,7
cAbl,prody_rfd3,2,267,LEU,19.98159408569336,4,16.59669780731201,4
cAbl,prody_rfd3,2,269,GLY,61.42683410644531,4,0.0,0
cAbl,prody_rfd3,2,272,TYR,9.13794231414795,4,112.08507722616196,8
cAbl,prody_rfd3,2,275,VAL,6.385471820831299,4,10.554449081420898,3
cAbl,prody_rfd3,2,290,LYS,8.92443561553955,4,28.50627613067627,5
cAbl,prody_rfd3,2,305,GLU,8.848631858825684,4,11.611145123839378,5
cAbl,prody_rfd3,2,309,MET,6.116477012634277,4,13.377231121063232,4
cAbl,prody_rfd3,2,335,GLU,1.3052055835723877,4,11.306759297847748,5
cAbl,prody_rfd3,2,341,ASN,18.171483993530273,4,47.24769687652588,4
cAbl,prody_rfd3,2,389,LEU,7.691233158111572,4,10.447791814804077,4
cAbl,prody_rfd3,2,400,ASP,48.67815399169922,4,292.39157485961914,4
cAbl,prody_rfd3,2,401,PHE,24.877395629882812,4,384.21619033813477,7
cAbl,prody_rfd3,28,267,LEU,19.490070343017578,4,16.64250659942627,4
cAbl,prody_rfd3,28,269,GLY,63.408172607421875,4,0.0,0
cAbl,prody_rfd3,28,272,TYR,10.042966842651367,4,129.96730959415436,8
cAbl,prody_rfd3,28,275,VAL,6.835552215576172,4,11.977150678634644,3
cAbl,prody_rfd3,28,290,LYS,9.139922142028809,4,28.805548191070557,5
cAbl,prody_rfd3,28,305,GLU,8.615422248840332,4,26.847722053527832,5
cAbl,prody_rfd3,28,309,MET,5.6341142654418945,4,12.1421377658844,4
cAbl,prody_rfd3,28,335,GLU,0.9647311568260193,4,5.079030215740204,5
cAbl,prody_rfd3,28,341,ASN,18.250505447387695,4,91.64398288726807,4
cAbl,prody_rfd3,28,389,LEU,7.250578880310059,4,10.59622597694397,4
cAbl,prody_rfd3,28,400,ASP,47.113765716552734,4,289.86490631103516,4
cAbl,prody_rfd3,28,401,PHE,24.528491973876953,4,381.33747482299805,7
cAbl,prody_rfd3,24,267,LEU,19.345699310302734,4,13.349629878997803,4
cAbl,prody_rfd3,24,269,GLY,63.40180969238281,4,0.0,0
cAbl,prody_rfd3,24,272,TYR,9.033469200134277,4,118.83722114562988,8
cAbl,prody_rfd3,24,275,VAL,6.3953537940979,4,10.508227348327637,3
cAbl,prody_rfd3,24,290,LYS,8.404369354248047,4,24.518903255462646,5
cAbl,prody_rfd3,24,305,GLU,8.840017318725586,4,16.608048677444458,5
cAbl,prody_rfd3,24,309,MET,6.187384128570557,4,10.207808494567871,4
cAbl,prody_rfd3,24,335,GLU,1.3984075784683228,4,9.529190599918365,5
cAbl,prody_rfd3,24,341,ASN,17.149057388305664,4,43.96983814239502,4
cAbl,prody_rfd3,24,389,LEU,7.566227912902832,4,9.29122531414032,4
cAbl,prody_rfd3,24,400,ASP,49.09465789794922,4,292.85005950927734,4
cAbl,prody_rfd3,24,401,PHE,24.10416603088379,4,368.56593894958496,7
cAbl,prody_rfd3,11,267,LEU,19.579254150390625,4,14.501158714294434,4
cAbl,prody_rfd3,11,269,GLY,62.602291107177734,4,0.0,0
cAbl,prody_rfd3,11,272,TYR,9.341635704040527,4,129.0970180630684,8
cAbl,prody_rfd3,11,275,VAL,6.67161750793457,4,10.884629726409912,3
cAbl,prody_rfd3,11,290,LYS,8.769171714782715,4,30.16134762763977,5
cAbl,prody_rfd3,11,305,GLU,8.63581657409668,4,29.970378875732422,5
cAbl,prody_rfd3,11,309,MET,6.300454616546631,4,29.938417196273804,4
cAbl,prody_rfd3,11,335,GLU,1.2539513111114502,4,19.97860461473465,5
cAbl,prody_rfd3,11,341,ASN,18.10834503173828,4,91.45553493499756,4
cAbl,prody_rfd3,11,389,LEU,7.487026691436768,4,10.697571516036987,4
cAbl,prody_rfd3,11,400,ASP,48.03588104248047,4,290.3863754272461,4
cAbl,prody_rfd3,11,401,PHE,24.768775939941406,4,375.8098773956299,7
cAbl,prody_rfd3,29,267,LEU,20.5384464263916,4,14.6431725025177,4
cAbl,prody_rfd3,29,269,GLY,61.420162200927734,4,0.0,0
cAbl,prody_rfd3,29,272,TYR,9.193916320800781,4,117.72607308626175,8
cAbl,prody_rfd3,29,275,VAL,6.686098098754883,4,11.453916311264038,3
cAbl,prody_rfd3,29,290,LYS,9.191203117370605,4,27.03484797477722,5
cAbl,prody_rfd3,29,305,GLU,8.745409965515137,4,31.34556555747986,5
cAbl,prody_rfd3,29,309,MET,6.423823833465576,4,10.245351314544678,4
cAbl,prody_rfd3,29,335,GLU,1.2193403244018555,4,6.853078126907349,5
cAbl,prody_rfd3,29,341,ASN,18.868778228759766,4,33.82150316238403,4
cAbl,prody_rfd3,29,389,LEU,7.634739875793457,4,10.69030213356018,4
cAbl,prody_rfd3,29,400,ASP,48.274658203125,4,291.7992820739746,4
cAbl,prody_rfd3,29,401,PHE,25.1823673248291,4,373.10283851623535,7
cAbl,rosetta_repack,0,267,LEU,19.74126434326172,4,15.182288885116577,4
cAbl,rosetta_repack,0,269,GLY,62.702919006347656,4,0.0,0
cAbl,rosetta_repack,0,272,TYR,9.267030715942383,4,119.85868233442307,8
cAbl,rosetta_repack,0,275,VAL,6.4713945388793945,4,11.102176904678345,3
cAbl,rosetta_repack,0,290,LYS,8.736868858337402,4,23.660380601882935,5
cAbl,rosetta_repack,0,305,GLU,8.719475746154785,4,18.493315815925598,5
cAbl,rosetta_repack,0,309,MET,6.292052268981934,4,13.256235599517822,4
cAbl,rosetta_repack,0,335,GLU,1.3350226879119873,4,4.103158414363861,5
cAbl,rosetta_repack,0,341,ASN,17.546438217163086,4,86.93774890899658,4
cAbl,rosetta_repack,0,389,LEU,7.581058025360107,4,12.679360151290894,4
cAbl,rosetta_repack,0,400,ASP,48.40114212036133,4,289.7384376525879,4
cAbl,rosetta_repack,0,401,PHE,24.668785095214844,4,363.8311309814453,7
cAbl,rosetta_repack,1,267,LEU,19.74126434326172,4,15.182288885116577,4
cAbl,rosetta_repack,1,269,GLY,62.702919006347656,4,0.0,0
cAbl,rosetta_repack,1,272,TYR,9.267030715942383,4,119.85868233442307,8
cAbl,rosetta_repack,1,275,VAL,6.4713945388793945,4,11.102176904678345,3
cAbl,rosetta_repack,1,290,LYS,8.736868858337402,4,23.660380601882935,5
cAbl,rosetta_repack,1,305,GLU,8.719475746154785,4,18.493315815925598,5
cAbl,rosetta_repack,1,309,MET,6.292052268981934,4,13.256235599517822,4
cAbl,rosetta_repack,1,335,GLU,1.3350226879119873,4,4.103158414363861,5
cAbl,rosetta_repack,1,341,ASN,17.546438217163086,4,86.93774890899658,4
cAbl,rosetta_repack,1,389,LEU,7.581058025360107,4,12.679360151290894,4
cAbl,rosetta_repack,1,400,ASP,48.40114212036133,4,289.7384376525879,4
cAbl,rosetta_repack,1,401,PHE,24.668785095214844,4,363.8311309814453,7
cAbl,rosetta_repack,2,267,LEU,19.74126434326172,4,15.294216632843018,4
cAbl,rosetta_repack,2,269,GLY,62.702919006347656,4,0.0,0
cAbl,rosetta_repack,2,272,TYR,9.267030715942383,4,119.85868233442307,8
cAbl,rosetta_repack,2,275,VAL,6.4713945388793945,4,11.102176904678345,3
cAbl,rosetta_repack,2,290,LYS,8.736868858337402,4,23.660380601882935,5
cAbl,rosetta_repack,2,305,GLU,8.719475746154785,4,18.493315815925598,5
cAbl,rosetta_repack,2,309,MET,6.292052268981934,4,13.256235599517822,4
cAbl,rosetta_repack,2,335,GLU,1.3350226879119873,4,4.103158414363861,5
cAbl,rosetta_repack,2,341,ASN,17.546438217163086,4,86.93774890899658,4
cAbl,rosetta_repack,2,389,LEU,7.581058025360107,4,12.679360151290894,4
cAbl,rosetta_repack,2,400,ASP,48.40114212036133,4,289.7384376525879,4
cAbl,rosetta_repack,2,401,PHE,24.668785095214844,4,363.8311309814453,7
cAbl,rosetta_repack,3,267,LEU,19.74126434326172,4,15.294216632843018,4
cAbl,rosetta_repack,3,269,GLY,62.702919006347656,4,0.0,0
cAbl,rosetta_repack,3,272,TYR,9.267030715942383,4,119.85868233442307,8
cAbl,rosetta_repack,3,275,VAL,6.4713945388793945,4,11.102176904678345,3
cAbl,rosetta_repack,3,290,LYS,8.736868858337402,4,23.660380601882935,5
cAbl,rosetta_repack,3,305,GLU,8.719475746154785,4,18.493315815925598,5
cAbl,rosetta_repack,3,309,MET,6.292052268981934,4,13.256235599517822,4
cAbl,rosetta_repack,3,335,GLU,1.3350226879119873,4,4.103158414363861,5
cAbl,rosetta_repack,3,341,ASN,17.546438217163086,4,86.93774890899658,4
cAbl,rosetta_repack,3,389,LEU,7.581058025360107,4,12.679360151290894,4
cAbl,rosetta_repack,3,400,ASP,48.40114212036133,4,289.7384376525879,4
cAbl,rosetta_repack,3,401,PHE,24.668785095214844,4,363.8311309814453,7
cAbl,rosetta_repack,4,267,LEU,19.74126434326172,4,15.182288885116577,4
cAbl,rosetta_repack,4,269,GLY,62.702919006347656,4,0.0,0
cAbl,rosetta_repack,4,272,TYR,9.267030715942383,4,113.35430198907852,8
cAbl,rosetta_repack,4,275,VAL,6.4713945388793945,4,11.102176904678345,3
cAbl,rosetta_repack,4,290,LYS,8.736868858337402,4,21.212749481201172,5
cAbl,rosetta_repack,4,305,GLU,8.719475746154785,4,18.493315815925598,5
cAbl,rosetta_repack,4,309,MET,6.292052268981934,4,13.256235599517822,4
cAbl,rosetta_repack,4,335,GLU,1.3350226879119873,4,4.103158414363861,5
cAbl,rosetta_repack,4,341,ASN,17.546438217163086,4,86.83188390731812,4
cAbl,rosetta_repack,4,389,LEU,7.581058025360107,4,12.679360151290894,4
cAbl,rosetta_repack,4,400,ASP,48.40114212036133,4,289.80381774902344,4
cAbl,rosetta_repack,4,401,PHE,24.668785095214844,4,363.8311309814453,7
cAbl,rosetta_repack,5,267,LEU,19.74126434326172,4,15.182288885116577,4
cAbl,rosetta_repack,5,269,GLY,62.702919006347656,4,0.0,0
cAbl,rosetta_repack,5,272,TYR,9.267030715942383,4,119.85868233442307,8
cAbl,rosetta_repack,5,275,VAL,6.4713945388793945,4,11.102176904678345,3
cAbl,rosetta_repack,5,290,LYS,8.736868858337402,4,23.660380601882935,5
cAbl,rosetta_repack,5,305,GLU,8.719475746154785,4,18.493315815925598,5
cAbl,rosetta_repack,5,309,MET,6.292052268981934,4,13.256235599517822,4
cAbl,rosetta_repack,5,335,GLU,1.3350226879119873,4,4.103158414363861,5
cAbl,rosetta_repack,5,341,ASN,17.546438217163086,4,86.93774890899658,4
cAbl,rosetta_repack,5,389,LEU,7.581058025360107,4,12.679360151290894,4
cAbl,rosetta_repack,5,400,ASP,48.40114212036133,4,289.7384376525879,4
cAbl,rosetta_repack,5,401,PHE,24.668785095214844,4,363.8311309814453,7
cAbl,rosetta_repack,6,267,LEU,19.74126434326172,4,15.182288885116577,4
cAbl,rosetta_repack,6,269,GLY,62.702919006347656,4,0.0,0
cAbl,rosetta_repack,6,272,TYR,9.267030715942383,4,119.85868233442307,8
cAbl,rosetta_repack,6,275,VAL,6.4713945388793945,4,11.102176904678345,3
cAbl,rosetta_repack,6,290,LYS,8.736868858337402,4,23.660380601882935,5
cAbl,rosetta_repack,6,305,GLU,8.719475746154785,4,18.493315815925598,5
cAbl,rosetta_repack,6,309,MET,6.292052268981934,4,13.256235599517822,4
cAbl,rosetta_repack,6,335,GLU,1.3350226879119873,4,4.103158414363861,5
cAbl,rosetta_repack,6,341,ASN,17.546438217163086,4,86.93774890899658,4
cAbl,rosetta_repack,6,389,LEU,7.581058025360107,4,12.679360151290894,4
cAbl,rosetta_repack,6,400,ASP,48.40114212036133,4,289.7384376525879,4
cAbl,rosetta_repack,6,401,PHE,24.668785095214844,4,363.8311309814453,7
cAbl,rosetta_repack,7,267,LEU,19.74126434326172,4,15.182288885116577,4
cAbl,rosetta_repack,7,269,GLY,62.702919006347656,4,0.0,0
cAbl,rosetta_repack,7,272,TYR,9.267030715942383,4,113.35430198907852,8
cAbl,rosetta_repack,7,275,VAL,6.4713945388793945,4,11.102176904678345,3
cAbl,rosetta_repack,7,290,LYS,8.736868858337402,4,21.212749481201172,5
cAbl,rosetta_repack,7,305,GLU,8.719475746154785,4,18.493315815925598,5
cAbl,rosetta_repack,7,309,MET,6.292052268981934,4,13.256235599517822,4
cAbl,rosetta_repack,7,335,GLU,1.3350226879119873,4,4.103158414363861,5
cAbl,rosetta_repack,7,341,ASN,17.546438217163086,4,86.83188390731812,4
cAbl,rosetta_repack,7,389,LEU,7.581058025360107,4,12.679360151290894,4
cAbl,rosetta_repack,7,400,ASP,48.40114212036133,4,289.80381774902344,4
cAbl,rosetta_repack,7,401,PHE,24.668785095214844,4,363.8311309814453,7
cAbl,rosetta_repack,8,267,LEU,19.74126434326172,4,15.182288885116577,4
cAbl,rosetta_repack,8,269,GLY,62.702919006347656,4,0.0,0
cAbl,rosetta_repack,8,272,TYR,9.267030715942383,4,119.85868233442307,8
cAbl,rosetta_repack,8,275,VAL,6.4713945388793945,4,11.102176904678345,3
cAbl,rosetta_repack,8,290,LYS,8.736868858337402,4,23.660380601882935,5
cAbl,rosetta_repack,8,305,GLU,8.719475746154785,4,18.493315815925598,5
cAbl,rosetta_repack,8,309,MET,6.292052268981934,4,13.256235599517822,4
cAbl,rosetta_repack,8,335,GLU,1.3350226879119873,4,4.103158414363861,5
cAbl,rosetta_repack,8,341,ASN,17.546438217163086,4,86.93774890899658,4
cAbl,rosetta_repack,8,389,LEU,7.581058025360107,4,12.679360151290894,4
cAbl,rosetta_repack,8,400,ASP,48.40114212036133,4,289.7384376525879,4
cAbl,rosetta_repack,8,401,PHE,24.668785095214844,4,363.8311309814453,7
cAbl,rosetta_repack,9,267,LEU,19.74126434326172,4,15.182288885116577,4
cAbl,rosetta_repack,9,269,GLY,62.702919006347656,4,0.0,0
cAbl,rosetta_repack,9,272,TYR,9.267030715942383,4,119.85868233442307,8
cAbl,rosetta_repack,9,275,VAL,6.4713945388793945,4,11.102176904678345,3
cAbl,rosetta_repack,9,290,LYS,8.736868858337402,4,23.660380601882935,5
cAbl,rosetta_repack,9,305,GLU,8.719475746154785,4,18.493315815925598,5
cAbl,rosetta_repack,9,309,MET,6.292052268981934,4,13.256235599517822,4
cAbl,rosetta_repack,9,335,GLU,1.3350226879119873,4,4.103158414363861,5
cAbl,rosetta_repack,9,341,ASN,17.546438217163086,4,86.93774890899658,4
cAbl,rosetta_repack,9,389,LEU,7.581058025360107,4,12.679360151290894,4
cAbl,rosetta_repack,9,400,ASP,48.40114212036133,4,289.7384376525879,4
cAbl,rosetta_repack,9,401,PHE,24.668785095214844,4,363.8311309814453,7
cAbl,rosetta_repack,10,267,LEU,19.74126434326172,4,15.294216632843018,4
cAbl,rosetta_repack,10,269,GLY,62.702919006347656,4,0.0,0
cAbl,rosetta_repack,10,272,TYR,9.267030715942383,4,119.85868233442307,8
cAbl,rosetta_repack,10,275,VAL,6.4713945388793945,4,11.102176904678345,3
cAbl,rosetta_repack,10,290,LYS,8.736868858337402,4,23.660380601882935,5
cAbl,rosetta_repack,10,305,GLU,8.719475746154785,4,18.493315815925598,5
cAbl,rosetta_repack,10,309,MET,6.292052268981934,4,13.256235599517822,4
cAbl,rosetta_repack,10,335,GLU,1.3350226879119873,4,4.103158414363861,5
cAbl,rosetta_repack,10,341,ASN,17.546438217163086,4,86.93774890899658,4
cAbl,rosetta_repack,10,389,LEU,7.581058025360107,4,12.679360151290894,4
cAbl,rosetta_repack,10,400,ASP,48.40114212036133,4,289.7384376525879,4
cAbl,rosetta_repack,10,401,PHE,24.668785095214844,4,363.8311309814453,7
cAbl,rosetta_repack,11,267,LEU,19.74126434326172,4,15.182288885116577,4
cAbl,rosetta_repack,11,269,GLY,62.702919006347656,4,0.0,0
cAbl,rosetta_repack,11,272,TYR,9.267030715942383,4,119.85868233442307,8
cAbl,rosetta_repack,11,275,VAL,6.4713945388793945,4,11.102176904678345,3
cAbl,rosetta_repack,11,290,LYS,8.736868858337402,4,23.660380601882935,5
cAbl,rosetta_repack,11,305,GLU,8.719475746154785,4,18.493315815925598,5
cAbl,rosetta_repack,11,309,MET,6.292052268981934,4,13.256235599517822,4
cAbl,rosetta_repack,11,335,GLU,1.3350226879119873,4,6.898939490318298,5
cAbl,rosetta_repack,11,341,ASN,17.546438217163086,4,86.93774890899658,4
cAbl,rosetta_repack,11,389,LEU,7.581058025360107,4,43.819586992263794,4
cAbl,rosetta_repack,11,400,ASP,48.40114212036133,4,289.7384376525879,4
cAbl,rosetta_repack,11,401,PHE,24.668785095214844,4,363.8311309814453,7
cAbl,rosetta_repack,12,267,LEU,19.74126434326172,4,15.294216632843018,4
cAbl,rosetta_repack,12,269,GLY,62.702919006347656,4,0.0,0
cAbl,rosetta_repack,12,272,TYR,9.267030715942383,4,119.85868233442307,8
cAbl,rosetta_repack,12,275,VAL,6.4713945388793945,4,11.102176904678345,3
cAbl,rosetta_repack,12,290,LYS,8.736868858337402,4,23.660380601882935,5
cAbl,rosetta_repack,12,305,GLU,8.719475746154785,4,18.493315815925598,5
cAbl,rosetta_repack,12,309,MET,6.292052268981934,4,13.256235599517822,4
cAbl,rosetta_repack,12,335,GLU,1.3350226879119873,4,4.103158414363861,5
cAbl,rosetta_repack,12,341,ASN,17.546438217163086,4,86.93774890899658,4
cAbl,rosetta_repack,12,389,LEU,7.581058025360107,4,12.679360151290894,4
cAbl,rosetta_repack,12,400,ASP,48.40114212036133,4,289.7384376525879,4
cAbl,rosetta_repack,12,401,PHE,24.668785095214844,4,363.8311309814453,7
cAbl,rosetta_repack,13,267,LEU,19.74126434326172,4,15.182288885116577,4
cAbl,rosetta_repack,13,269,GLY,62.702919006347656,4,0.0,0
cAbl,rosetta_repack,13,272,TYR,9.267030715942383,4,119.85868233442307,8
cAbl,rosetta_repack,13,275,VAL,6.4713945388793945,4,11.102176904678345,3
cAbl,rosetta_repack,13,290,LYS,8.736868858337402,4,23.660380601882935,5
cAbl,rosetta_repack,13,305,GLU,8.719475746154785,4,18.493315815925598,5
cAbl,rosetta_repack,13,309,MET,6.292052268981934,4,13.256235599517822,4
cAbl,rosetta_repack,13,335,GLU,1.3350226879119873,4,4.103158414363861,5
cAbl,rosetta_repack,13,341,ASN,17.546438217163086,4,86.93774890899658,4
cAbl,rosetta_repack,13,389,LEU,7.581058025360107,4,12.679360151290894,4
cAbl,rosetta_repack,13,400,ASP,48.40114212036133,4,289.7384376525879,4
cAbl,rosetta_repack,13,401,PHE,24.668785095214844,4,363.8311309814453,7
cAbl,rosetta_repack,14,267,LEU,19.74126434326172,4,15.182288885116577,4
cAbl,rosetta_repack,14,269,GLY,62.702919006347656,4,0.0,0
cAbl,rosetta_repack,14,272,TYR,9.267030715942383,4,119.85868233442307,8
cAbl,rosetta_repack,14,275,VAL,6.4713945388793945,4,10.99923038482666,3
cAbl,rosetta_repack,14,290,LYS,8.736868858337402,4,18.992899239063263,5
cAbl,rosetta_repack,14,305,GLU,8.719475746154785,4,18.493315815925598,5
cAbl,rosetta_repack,14,309,MET,6.292052268981934,4,13.256235599517822,4
cAbl,rosetta_repack,14,335,GLU,1.3350226879119873,4,4.103158414363861,5
cAbl,rosetta_repack,14,341,ASN,17.546438217163086,4,86.93774890899658,4
cAbl,rosetta_repack,14,389,LEU,7.581058025360107,4,12.679360151290894,4
cAbl,rosetta_repack,14,400,ASP,48.40114212036133,4,288.78077697753906,4
cAbl,rosetta_repack,14,401,PHE,24.668785095214844,4,363.04273223876953,7
cAbl,rosetta_repack,15,267,LEU,19.74126434326172,4,15.182288885116577,4
cAbl,rosetta_repack,15,269,GLY,62.702919006347656,4,0.0,0
cAbl,rosetta_repack,15,272,TYR,9.267030715942383,4,119.85868233442307,8
cAbl,rosetta_repack,15,275,VAL,6.4713945388793945,4,11.102176904678345,3
cAbl,rosetta_repack,15,290,LYS,8.736868858337402,4,23.660380601882935,5
cAbl,rosetta_repack,15,305,GLU,8.719475746154785,4,18.493315815925598,5
cAbl,rosetta_repack,15,309,MET,6.292052268981934,4,13.256235599517822,4
cAbl,rosetta_repack,15,335,GLU,1.3350226879119873,4,4.103158414363861,5
cAbl,rosetta_repack,15,341,ASN,17.546438217163086,4,86.93774890899658,4
cAbl,rosetta_repack,15,389,LEU,7.581058025360107,4,12.679360151290894,4
cAbl,rosetta_repack,15,400,ASP,48.40114212036133,4,289.7384376525879,4
cAbl,rosetta_repack,15,401,PHE,24.668785095214844,4,363.8311309814453,7
cAbl,rosetta_repack,16,267,LEU,19.74126434326172,4,15.182288885116577,4
cAbl,rosetta_repack,16,269,GLY,62.702919006347656,4,0.0,0
cAbl,rosetta_repack,16,272,TYR,9.267030715942383,4,119.85868233442307,8
cAbl,rosetta_repack,16,275,VAL,6.4713945388793945,4,11.102176904678345,3
cAbl,rosetta_repack,16,290,LYS,8.736868858337402,4,23.660380601882935,5
cAbl,rosetta_repack,16,305,GLU,8.719475746154785,4,18.493315815925598,5
cAbl,rosetta_repack,16,309,MET,6.292052268981934,4,13.256235599517822,4
cAbl,rosetta_repack,16,335,GLU,1.3350226879119873,4,4.103158414363861,5
cAbl,rosetta_repack,16,341,ASN,17.546438217163086,4,86.93774890899658,4
cAbl,rosetta_repack,16,389,LEU,7.581058025360107,4,12.679360151290894,4
cAbl,rosetta_repack,16,400,ASP,48.40114212036133,4,289.7384376525879,4
cAbl,rosetta_repack,16,401,PHE,24.668785095214844,4,363.8311309814453,7
cAbl,rosetta_repack,17,267,LEU,19.74126434326172,4,15.182288885116577,4
cAbl,rosetta_repack,17,269,GLY,62.702919006347656,4,0.0,0
cAbl,rosetta_repack,17,272,TYR,9.267030715942383,4,119.85868233442307,8
cAbl,rosetta_repack,17,275,VAL,6.4713945388793945,4,11.102176904678345,3
cAbl,rosetta_repack,17,290,LYS,8.736868858337402,4,32.725886940956116,5
cAbl,rosetta_repack,17,305,GLU,8.719475746154785,4,18.493315815925598,5
cAbl,rosetta_repack,17,309,MET,6.292052268981934,4,13.256235599517822,4
cAbl,rosetta_repack,17,335,GLU,1.3350226879119873,4,4.103158414363861,5
cAbl,rosetta_repack,17,341,ASN,17.546438217163086,4,86.93774890899658,4
cAbl,rosetta_repack,17,389,LEU,7.581058025360107,4,12.679360151290894,4
cAbl,rosetta_repack,17,400,ASP,48.40114212036133,4,288.78077697753906,4
cAbl,rosetta_repack,17,401,PHE,24.668785095214844,4,363.8311309814453,7
cAbl,rosetta_repack,18,267,LEU,19.74126434326172,4,15.182288885116577,4
cAbl,rosetta_repack,18,269,GLY,62.702919006347656,4,0.0,0
cAbl,rosetta_repack,18,272,TYR,9.267030715942383,4,119.85868233442307,8
cAbl,rosetta_repack,18,275,VAL,6.4713945388793945,4,10.99923038482666,3
cAbl,rosetta_repack,18,290,LYS,8.736868858337402,4,18.992899239063263,5
cAbl,rosetta_repack,18,305,GLU,8.719475746154785,4,18.493315815925598,5
cAbl,rosetta_repack,18,309,MET,6.292052268981934,4,13.256235599517822,4
cAbl,rosetta_repack,18,335,GLU,1.3350226879119873,4,4.103158414363861,5
cAbl,rosetta_repack,18,341,ASN,17.546438217163086,4,86.93774890899658,4
cAbl,rosetta_repack,18,389,LEU,7.581058025360107,4,12.679360151290894,4
cAbl,rosetta_repack,18,400,ASP,48.40114212036133,4,288.78077697753906,4
cAbl,rosetta_repack,18,401,PHE,24.668785095214844,4,363.8311309814453,7
cAbl,rosetta_repack,19,267,LEU,19.74126434326172,4,15.182288885116577,4
cAbl,rosetta_repack,19,269,GLY,62.702919006347656,4,0.0,0
cAbl,rosetta_repack,19,272,TYR,9.267030715942383,4,119.85868233442307,8
cAbl,rosetta_repack,19,275,VAL,6.4713945388793945,4,11.102176904678345,3
cAbl,rosetta_repack,19,290,LYS,8.736868858337402,4,32.725886940956116,5
cAbl,rosetta_repack,19,305,GLU,8.719475746154785,4,18.493315815925598,5
cAbl,rosetta_repack,19,309,MET,6.292052268981934,4,13.256235599517822,4
cAbl,rosetta_repack,19,335,GLU,1.3350226879119873,4,4.103158414363861,5
cAbl,rosetta_repack,19,341,ASN,17.546438217163086,4,86.93774890899658,4
cAbl,rosetta_repack,19,389,LEU,7.581058025360107,4,12.679360151290894,4
cAbl,rosetta_repack,19,400,ASP,48.40114212036133,4,288.78077697753906,4
cAbl,rosetta_repack,19,401,PHE,24.668785095214844,4,363.8311309814453,7
cAbl,rosetta_repack,20,267,LEU,19.74126434326172,4,15.182288885116577,4
cAbl,rosetta_repack,20,269,GLY,62.702919006347656,4,0.0,0
cAbl,rosetta_repack,20,272,TYR,9.267030715942383,4,118.94322884082794,8
cAbl,rosetta_repack,20,275,VAL,6.4713945388793945,4,10.99923038482666,3
cAbl,rosetta_repack,20,290,LYS,8.736868858337402,4,24.20580530166626,5
cAbl,rosetta_repack,20,305,GLU,8.719475746154785,4,18.493315815925598,5
cAbl,rosetta_repack,20,309,MET,6.292052268981934,4,13.256235599517822,4
cAbl,rosetta_repack,20,335,GLU,1.3350226879119873,4,4.103158414363861,5
cAbl,rosetta_repack,20,341,ASN,17.546438217163086,4,86.93774890899658,4
cAbl,rosetta_repack,20,389,LEU,7.581058025360107,4,12.679360151290894,4
cAbl,rosetta_repack,20,400,ASP,48.40114212036133,4,289.48906326293945,4
cAbl,rosetta_repack,20,401,PHE,24.668785095214844,4,363.8311309814453,7
cAbl,rosetta_repack,21,267,LEU,19.74126434326172,4,15.182288885116577,4
cAbl,rosetta_repack,21,269,GLY,62.702919006347656,4,0.0,0
cAbl,rosetta_repack,21,272,TYR,9.267030715942383,4,119.85868233442307,8
cAbl,rosetta_repack,21,275,VAL,6.4713945388793945,4,11.102176904678345,3
cAbl,rosetta_repack,21,290,LYS,8.736868858337402,4,23.660380601882935,5
cAbl,rosetta_repack,21,305,GLU,8.719475746154785,4,18.493315815925598,5
cAbl,rosetta_repack,21,309,MET,6.292052268981934,4,13.256235599517822,4
cAbl,rosetta_repack,21,335,GLU,1.3350226879119873,4,4.103158414363861,5
cAbl,rosetta_repack,21,341,ASN,17.546438217163086,4,86.93774890899658,4
cAbl,rosetta_repack,21,389,LEU,7.581058025360107,4,12.679360151290894,4
cAbl,rosetta_repack,21,400,ASP,48.40114212036133,4,289.7384376525879,4
cAbl,rosetta_repack,21,401,PHE,24.668785095214844,4,363.8311309814453,7
cAbl,rosetta_repack,22,267,LEU,19.74126434326172,4,15.182288885116577,4
cAbl,rosetta_repack,22,269,GLY,62.702919006347656,4,0.0,0
cAbl,rosetta_repack,22,272,TYR,9.267030715942383,4,113.35430198907852,8
cAbl,rosetta_repack,22,275,VAL,6.4713945388793945,4,11.102176904678345,3
cAbl,rosetta_repack,22,290,LYS,8.736868858337402,4,21.212749481201172,5
cAbl,rosetta_repack,22,305,GLU,8.719475746154785,4,18.493315815925598,5
cAbl,rosetta_repack,22,309,MET,6.292052268981934,4,13.256235599517822,4
cAbl,rosetta_repack,22,335,GLU,1.3350226879119873,4,4.103158414363861,5
cAbl,rosetta_repack,22,341,ASN,17.546438217163086,4,86.83188390731812,4
cAbl,rosetta_repack,22,389,LEU,7.581058025360107,4,12.679360151290894,4
cAbl,rosetta_repack,22,400,ASP,48.40114212036133,4,289.80381774902344,4
cAbl,rosetta_repack,22,401,PHE,24.668785095214844,4,363.8311309814453,7
cAbl,rosetta_repack,23,267,LEU,19.74126434326172,4,15.182288885116577,4
cAbl,rosetta_repack,23,269,GLY,62.702919006347656,4,0.0,0
cAbl,rosetta_repack,23,272,TYR,9.267030715942383,4,119.85868233442307,8
cAbl,rosetta_repack,23,275,VAL,6.4713945388793945,4,11.102176904678345,3
cAbl,rosetta_repack,23,290,LYS,8.736868858337402,4,23.660380601882935,5
cAbl,rosetta_repack,23,305,GLU,8.719475746154785,4,18.493315815925598,5
cAbl,rosetta_repack,23,309,MET,6.292052268981934,4,13.256235599517822,4
cAbl,rosetta_repack,23,335,GLU,1.3350226879119873,4,4.103158414363861,5
cAbl,rosetta_repack,23,341,ASN,17.546438217163086,4,86.93774890899658,4
cAbl,rosetta_repack,23,389,LEU,7.581058025360107,4,12.679360151290894,4
cAbl,rosetta_repack,23,400,ASP,48.40114212036133,4,289.7384376525879,4
cAbl,rosetta_repack,23,401,PHE,24.668785095214844,4,363.8311309814453,7
cAbl,rosetta_repack,24,267,LEU,19.74126434326172,4,15.294216632843018,4
cAbl,rosetta_repack,24,269,GLY,62.702919006347656,4,0.0,0
cAbl,rosetta_repack,24,272,TYR,9.267030715942383,4,119.85868233442307,8
cAbl,rosetta_repack,24,275,VAL,6.4713945388793945,4,11.102176904678345,3
cAbl,rosetta_repack,24,290,LYS,8.736868858337402,4,23.660380601882935,5
cAbl,rosetta_repack,24,305,GLU,8.719475746154785,4,18.493315815925598,5
cAbl,rosetta_repack,24,309,MET,6.292052268981934,4,13.256235599517822,4
cAbl,rosetta_repack,24,335,GLU,1.3350226879119873,4,4.103158414363861,5
cAbl,rosetta_repack,24,341,ASN,17.546438217163086,4,86.93774890899658,4
cAbl,rosetta_repack,24,389,LEU,7.581058025360107,4,12.679360151290894,4
cAbl,rosetta_repack,24,400,ASP,48.40114212036133,4,289.7384376525879,4
cAbl,rosetta_repack,24,401,PHE,24.668785095214844,4,363.8311309814453,7
cAbl,rosetta_repack,25,267,LEU,19.74126434326172,4,15.182288885116577,4
cAbl,rosetta_repack,25,269,GLY,62.702919006347656,4,0.0,0
cAbl,rosetta_repack,25,272,TYR,9.267030715942383,4,119.85868233442307,8
cAbl,rosetta_repack,25,275,VAL,6.4713945388793945,4,11.102176904678345,3
cAbl,rosetta_repack,25,290,LYS,8.736868858337402,4,23.660380601882935,5
cAbl,rosetta_repack,25,305,GLU,8.719475746154785,4,18.493315815925598,5
cAbl,rosetta_repack,25,309,MET,6.292052268981934,4,13.256235599517822,4
cAbl,rosetta_repack,25,335,GLU,1.3350226879119873,4,4.103158414363861,5
cAbl,rosetta_repack,25,341,ASN,17.546438217163086,4,86.93774890899658,4
cAbl,rosetta_repack,25,389,LEU,7.581058025360107,4,12.679360151290894,4
cAbl,rosetta_repack,25,400,ASP,48.40114212036133,4,289.7384376525879,4
cAbl,rosetta_repack,25,401,PHE,24.668785095214844,4,363.8311309814453,7
cAbl,rosetta_repack,26,267,LEU,19.74126434326172,4,15.182288885116577,4
cAbl,rosetta_repack,26,269,GLY,62.702919006347656,4,0.0,0
cAbl,rosetta_repack,26,272,TYR,9.267030715942383,4,118.94322884082794,8
cAbl,rosetta_repack,26,275,VAL,6.4713945388793945,4,10.99923038482666,3
cAbl,rosetta_repack,26,290,LYS,8.736868858337402,4,27.757760047912598,5
cAbl,rosetta_repack,26,305,GLU,8.719475746154785,4,18.493315815925598,5
cAbl,rosetta_repack,26,309,MET,6.292052268981934,4,13.256235599517822,4
cAbl,rosetta_repack,26,335,GLU,1.3350226879119873,4,4.103158414363861,5
cAbl,rosetta_repack,26,341,ASN,17.546438217163086,4,86.93774890899658,4
cAbl,rosetta_repack,26,389,LEU,7.581058025360107,4,12.679360151290894,4
cAbl,rosetta_repack,26,400,ASP,48.40114212036133,4,289.48906326293945,4
cAbl,rosetta_repack,26,401,PHE,24.668785095214844,4,363.8311309814453,7
cAbl,rosetta_repack,27,267,LEU,19.74126434326172,4,15.294216632843018,4
cAbl,rosetta_repack,27,269,GLY,62.702919006347656,4,0.0,0
cAbl,rosetta_repack,27,272,TYR,9.267030715942383,4,119.85868233442307,8
cAbl,rosetta_repack,27,275,VAL,6.4713945388793945,4,11.102176904678345,3
cAbl,rosetta_repack,27,290,LYS,8.736868858337402,4,23.660380601882935,5
cAbl,rosetta_repack,27,305,GLU,8.719475746154785,4,18.493315815925598,5
cAbl,rosetta_repack,27,309,MET,6.292052268981934,4,13.256235599517822,4
cAbl,rosetta_repack,27,335,GLU,1.3350226879119873,4,4.103158414363861,5
cAbl,rosetta_repack,27,341,ASN,17.546438217163086,4,86.93774890899658,4
cAbl,rosetta_repack,27,389,LEU,7.581058025360107,4,12.679360151290894,4
cAbl,rosetta_repack,27,400,ASP,48.40114212036133,4,289.7384376525879,4
cAbl,rosetta_repack,27,401,PHE,24.668785095214844,4,363.8311309814453,7
cAbl,rosetta_repack,28,267,LEU,19.74126434326172,4,15.294216632843018,4
cAbl,rosetta_repack,28,269,GLY,62.702919006347656,4,0.0,0
cAbl,rosetta_repack,28,272,TYR,9.267030715942383,4,119.85868233442307,8
cAbl,rosetta_repack,28,275,VAL,6.4713945388793945,4,11.102176904678345,3
cAbl,rosetta_repack,28,290,LYS,8.736868858337402,4,32.725886940956116,5
cAbl,rosetta_repack,28,305,GLU,8.719475746154785,4,18.493315815925598,5
cAbl,rosetta_repack,28,309,MET,6.292052268981934,4,13.256235599517822,4
cAbl,rosetta_repack,28,335,GLU,1.3350226879119873,4,4.103158414363861,5
cAbl,rosetta_repack,28,341,ASN,17.546438217163086,4,86.93774890899658,4
cAbl,rosetta_repack,28,389,LEU,7.581058025360107,4,12.679360151290894,4
cAbl,rosetta_repack,28,400,ASP,48.40114212036133,4,288.78077697753906,4
cAbl,rosetta_repack,28,401,PHE,24.668785095214844,4,363.8311309814453,7
cAbl,rosetta_repack,29,267,LEU,19.74126434326172,4,15.182288885116577,4
cAbl,rosetta_repack,29,269,GLY,62.702919006347656,4,0.0,0
cAbl,rosetta_repack,29,272,TYR,9.267030715942383,4,113.35430198907852,8
cAbl,rosetta_repack,29,275,VAL,6.4713945388793945,4,11.102176904678345,3
cAbl,rosetta_repack,29,290,LYS,8.736868858337402,4,21.212749481201172,5
cAbl,rosetta_repack,29,305,GLU,8.719475746154785,4,18.493315815925598,5
cAbl,rosetta_repack,29,309,MET,6.292052268981934,4,13.256235599517822,4
cAbl,rosetta_repack,29,335,GLU,1.3350226879119873,4,4.103158414363861,5
cAbl,rosetta_repack,29,341,ASN,17.546438217163086,4,86.83188390731812,4
cAbl,rosetta_repack,29,389,LEU,7.581058025360107,4,12.679360151290894,4
cAbl,rosetta_repack,29,400,ASP,48.40114212036133,4,289.80381774902344,4
cAbl,rosetta_repack,29,401,PHE,24.668785095214844,4,363.8311309814453,7
cAbl,rosetta_fastrelax,0,267,LEU,34.34368133544922,4,22.424551963806152,4
cAbl,rosetta_fastrelax,0,269,GLY,62.63090515136719,4,0.0,0
cAbl,rosetta_fastrelax,0,272,TYR,7.616505146026611,4,149.72210454940796,8
cAbl,rosetta_fastrelax,0,275,VAL,12.24019718170166,4,12.435739040374756,3
cAbl,rosetta_fastrelax,0,290,LYS,6.953335762023926,4,14.350276172161102,5
cAbl,rosetta_fastrelax,0,305,GLU,13.788374900817871,4,27.151061296463013,5
cAbl,rosetta_fastrelax,0,309,MET,4.787998676300049,4,7.67072331905365,4
cAbl,rosetta_fastrelax,0,335,GLU,0.8288447856903076,4,2.496777229011059,5
cAbl,rosetta_fastrelax,0,341,ASN,18.047679901123047,4,79.13462495803833,4
cAbl,rosetta_fastrelax,0,389,LEU,5.969082355499268,4,8.615494728088379,4
cAbl,rosetta_fastrelax,0,400,ASP,34.155059814453125,4,256.4803886413574,4
cAbl,rosetta_fastrelax,0,401,PHE,42.41027069091797,4,401.6289520263672,7
cAbl,rosetta_fastrelax,1,267,LEU,25.047672271728516,4,16.438817977905273,4
cAbl,rosetta_fastrelax,1,269,GLY,72.00996398925781,4,0.0,0
cAbl,rosetta_fastrelax,1,272,TYR,5.910950183868408,4,172.88850319385529,8
cAbl,rosetta_fastrelax,1,275,VAL,9.93217945098877,4,9.540732860565186,3
cAbl,rosetta_fastrelax,1,290,LYS,5.70176887512207,4,10.332048416137695,5
cAbl,rosetta_fastrelax,1,305,GLU,10.9384183883667,4,31.60484743118286,5
cAbl,rosetta_fastrelax,1,309,MET,4.160162925720215,4,8.4304438829422,4
cAbl,rosetta_fastrelax,1,335,GLU,0.8627229928970337,4,3.6268094554543495,5
cAbl,rosetta_fastrelax,1,341,ASN,17.6439208984375,4,80.60771942138672,4
cAbl,rosetta_fastrelax,1,389,LEU,8.226187705993652,4,10.442147850990295,4
cAbl,rosetta_fastrelax,1,400,ASP,36.913665771484375,4,264.36917877197266,4
cAbl,rosetta_fastrelax,1,401,PHE,32.7775993347168,4,399.1646976470947,7
cAbl,rosetta_fastrelax,2,267,LEU,31.119033813476562,4,19.81672477722168,4
cAbl,rosetta_fastrelax,2,269,GLY,64.48835754394531,4,0.0,0
cAbl,rosetta_fastrelax,2,272,TYR,8.415719985961914,4,136.80427598953247,8
cAbl,rosetta_fastrelax,2,275,VAL,11.198492050170898,4,11.099102020263672,3
cAbl,rosetta_fastrelax,2,290,LYS,7.5108513832092285,4,16.050883769989014,5
cAbl,rosetta_fastrelax,2,305,GLU,14.880668640136719,4,32.03591203689575,5
cAbl,rosetta_fastrelax,2,309,MET,4.339287281036377,4,8.072530269622803,4
cAbl,rosetta_fastrelax,2,335,GLU,0.930799126625061,4,3.233609512448311,5
cAbl,rosetta_fastrelax,2,341,ASN,19.795228958129883,4,87.04263925552368,4
cAbl,rosetta_fastrelax,2,389,LEU,7.252268314361572,4,10.362990260124207,4
cAbl,rosetta_fastrelax,2,400,ASP,36.26197052001953,4,263.85696029663086,4
cAbl,rosetta_fastrelax,2,401,PHE,38.62171936035156,4,391.03208923339844,7
cAbl,rosetta_fastrelax,3,267,LEU,29.78690528869629,4,18.90282440185547,4
cAbl,rosetta_fastrelax,3,269,GLY,70.84526824951172,4,0.0,0
cAbl,rosetta_fastrelax,3,272,TYR,7.307845115661621,4,156.19062614440918,8
cAbl,rosetta_fastrelax,3,275,VAL,14.03946590423584,4,13.089879989624023,3
cAbl,rosetta_fastrelax,3,290,LYS,8.72011661529541,4,19.62934136390686,5
cAbl,rosetta_fastrelax,3,305,GLU,13.126047134399414,4,26.477818489074707,5
cAbl,rosetta_fastrelax,3,309,MET,5.4086384773254395,4,8.528483271598816,4
cAbl,rosetta_fastrelax,3,335,GLU,0.6644402742385864,4,2.7746756076812744,5
cAbl,rosetta_fastrelax,3,341,ASN,22.590469360351562,4,92.06580972671509,4
cAbl,rosetta_fastrelax,3,389,LEU,8.186161994934082,4,11.847746014595032,4
cAbl,rosetta_fastrelax,3,400,ASP,37.7530632019043,4,266.77391815185547,4
cAbl,rosetta_fastrelax,3,401,PHE,34.03668975830078,4,389.42205810546875,7
cAbl,rosetta_fastrelax,4,267,LEU,24.181224822998047,4,18.438499927520752,4
cAbl,rosetta_fastrelax,4,269,GLY,72.1494140625,4,0.0,0
cAbl,rosetta_fastrelax,4,272,TYR,5.72654390335083,4,176.42917561531067,8
cAbl,rosetta_fastrelax,4,275,VAL,7.961972713470459,4,12.126497983932495,3
cAbl,rosetta_fastrelax,4,290,LYS,4.161835193634033,4,10.333813786506653,5
cAbl,rosetta_fastrelax,4,305,GLU,5.628475189208984,4,17.834653973579407,5
cAbl,rosetta_fastrelax,4,309,MET,4.945920944213867,4,9.355922937393188,4
cAbl,rosetta_fastrelax,4,335,GLU,1.4302514791488647,4,2.911072075366974,5
cAbl,rosetta_fastrelax,4,341,ASN,18.239124298095703,4,85.51260805130005,4
cAbl,rosetta_fastrelax,4,389,LEU,8.112569808959961,4,11.383663058280945,4
cAbl,rosetta_fastrelax,4,400,ASP,34.87044906616211,4,251.8960723876953,4
cAbl,rosetta_fastrelax,4,401,PHE,30.33877944946289,4,408.46342277526855,7
cAbl,rosetta_fastrelax,5,267,LEU,33.1812744140625,4,32.43843460083008,4
cAbl,rosetta_fastrelax,5,269,GLY,54.508338928222656,4,0.0,0
cAbl,rosetta_fastrelax,5,272,TYR,4.8560662269592285,4,143.86754727363586,8
cAbl,rosetta_fastrelax,5,275,VAL,19.91574478149414,4,22.453977584838867,3
cAbl,rosetta_fastrelax,5,290,LYS,14.338066101074219,4,22.439199209213257,5
cAbl,rosetta_fastrelax,5,305,GLU,14.149131774902344,4,32.95879602432251,5
cAbl,rosetta_fastrelax,5,309,MET,12.110027313232422,4,12.125841617584229,4
cAbl,rosetta_fastrelax,5,335,GLU,0.7409172654151917,4,2.0603090822696686,5
cAbl,rosetta_fastrelax,5,341,ASN,30.156753540039062,4,107.52882862091064,4
cAbl,rosetta_fastrelax,5,389,LEU,8.463388442993164,4,12.296080589294434,4
cAbl,rosetta_fastrelax,5,400,ASP,30.944541931152344,4,246.55866241455078,4
cAbl,rosetta_fastrelax,5,401,PHE,42.31781005859375,4,430.7667770385742,7
cAbl,rosetta_fastrelax,6,267,LEU,22.83456802368164,4,18.702646732330322,4
cAbl,rosetta_fastrelax,6,269,GLY,71.13970184326172,4,0.0,0
cAbl,rosetta_fastrelax,6,272,TYR,8.738876342773438,4,164.0603539943695,8
cAbl,rosetta_fastrelax,6,275,VAL,10.294119834899902,4,13.073047637939453,3
cAbl,rosetta_fastrelax,6,290,LYS,7.431419372558594,4,17.781746983528137,5
cAbl,rosetta_fastrelax,6,305,GLU,6.766388416290283,4,18.217325925827026,5
cAbl,rosetta_fastrelax,6,309,MET,9.244057655334473,4,7.918633699417114,4
cAbl,rosetta_fastrelax,6,335,GLU,0.8246779441833496,4,3.726043079048395,5
cAbl,rosetta_fastrelax,6,341,ASN,21.13640594482422,4,90.82181739807129,4
cAbl,rosetta_fastrelax,6,389,LEU,7.21323823928833,4,10.666767120361328,4
cAbl,rosetta_fastrelax,6,400,ASP,37.025970458984375,4,265.1373596191406,4
cAbl,rosetta_fastrelax,6,401,PHE,29.218786239624023,4,391.19404792785645,7
cAbl,rosetta_fastrelax,7,267,LEU,19.7169246673584,4,11.754489183425903,4
cAbl,rosetta_fastrelax,7,269,GLY,55.72694396972656,4,0.0,0
cAbl,rosetta_fastrelax,7,272,TYR,4.786470413208008,4,131.8076273202896,8
cAbl,rosetta_fastrelax,7,275,VAL,11.269063949584961,4,11.75356411933899,3
cAbl,rosetta_fastrelax,7,290,LYS,5.968348026275635,4,11.165893495082855,5
cAbl,rosetta_fastrelax,7,305,GLU,15.162318229675293,4,29.872199535369873,5
cAbl,rosetta_fastrelax,7,309,MET,7.943995475769043,4,9.410237431526184,4
cAbl,rosetta_fastrelax,7,335,GLU,1.333152413368225,4,3.210612714290619,5
cAbl,rosetta_fastrelax,7,341,ASN,18.895254135131836,4,88.63312244415283,4
cAbl,rosetta_fastrelax,7,389,LEU,5.122551918029785,4,10.680150747299194,4
cAbl,rosetta_fastrelax,7,400,ASP,34.999290466308594,4,257.0175094604492,4
cAbl,rosetta_fastrelax,7,401,PHE,34.503108978271484,4,397.089599609375,7
cAbl,rosetta_fastrelax,8,267,LEU,25.932918548583984,4,20.948773860931396,4
cAbl,rosetta_fastrelax,8,269,GLY,69.00728607177734,4,0.0,0
cAbl,rosetta_fastrelax,8,272,TYR,8.072186470031738,4,157.50325345993042,8
cAbl,rosetta_fastrelax,8,275,VAL,10.632984161376953,4,12.664813995361328,3
cAbl,rosetta_fastrelax,8,290,LYS,6.018509387969971,4,12.227915525436401,5
cAbl,rosetta_fastrelax,8,305,GLU,13.300554275512695,4,26.79437232017517,5
cAbl,rosetta_fastrelax,8,309,MET,5.393692493438721,4,8.205750346183777,4
cAbl,rosetta_fastrelax,8,335,GLU,0.7721143960952759,4,3.0562963485717773,5
cAbl,rosetta_fastrelax,8,341,ASN,18.655527114868164,4,82.56575727462769,4
cAbl,rosetta_fastrelax,8,389,LEU,7.867646217346191,4,10.691389918327332,4
cAbl,rosetta_fastrelax,8,400,ASP,34.947513580322266,4,259.0147018432617,4
cAbl,rosetta_fastrelax,8,401,PHE,37.988067626953125,4,397.0325107574463,7
cAbl,rosetta_fastrelax,9,267,LEU,25.152238845825195,4,18.597723960876465,4
cAbl,rosetta_fastrelax,9,269,GLY,67.37184143066406,4,0.0,0
cAbl,rosetta_fastrelax,9,272,TYR,8.449151039123535,4,160.14379405975342,8
cAbl,rosetta_fastrelax,9,275,VAL,11.035460472106934,4,12.613051176071167,3
cAbl,rosetta_fastrelax,9,290,LYS,7.399337291717529,4,17.042181730270386,5
cAbl,rosetta_fastrelax,9,305,GLU,13.682350158691406,4,29.26408624649048,5
cAbl,rosetta_fastrelax,9,309,MET,4.5065202713012695,4,8.501801490783691,4
cAbl,rosetta_fastrelax,9,335,GLU,0.8258681893348694,4,3.6215623393654823,5
cAbl,rosetta_fastrelax,9,341,ASN,20.9075927734375,4,88.01458978652954,4
cAbl,rosetta_fastrelax,9,389,LEU,8.101170539855957,4,11.085022807121277,4
cAbl,rosetta_fastrelax,9,400,ASP,35.3287353515625,4,261.6281318664551,4
cAbl,rosetta_fastrelax,9,401,PHE,33.11761474609375,4,412.8168754577637,7
cAbl,rosetta_fastrelax,10,267,LEU,21.51504135131836,4,15.433841466903687,4
cAbl,rosetta_fastrelax,10,269,GLY,89.3289794921875,4,0.0,0
cAbl,rosetta_fastrelax,10,272,TYR,6.387793064117432,4,186.73243844509125,8
cAbl,rosetta_fastrelax,10,275,VAL,7.297686576843262,4,8.543308734893799,3
cAbl,rosetta_fastrelax,10,290,LYS,4.243360996246338,4,7.796617642045021,5
cAbl,rosetta_fastrelax,10,305,GLU,14.717584609985352,4,27.917076110839844,5
cAbl,rosetta_fastrelax,10,309,MET,5.294729709625244,4,7.8242045640945435,4
cAbl,rosetta_fastrelax,10,335,GLU,0.6568241119384766,4,2.530868505127728,5
cAbl,rosetta_fastrelax,10,341,ASN,22.48362159729004,4,96.4556975364685,4
cAbl,rosetta_fastrelax,10,389,LEU,8.792543411254883,4,10.466463804244995,4
cAbl,rosetta_fastrelax,10,400,ASP,38.71138000488281,4,273.0769920349121,4
cAbl,rosetta_fastrelax,10,401,PHE,34.3170166015625,4,389.28417587280273,7
cAbl,rosetta_fastrelax,11,267,LEU,28.76543617248535,4,21.53592872619629,4
cAbl,rosetta_fastrelax,11,269,GLY,70.22132873535156,4,0.0,0
cAbl,rosetta_fastrelax,11,272,TYR,9.493678092956543,4,157.874938249588,8
cAbl,rosetta_fastrelax,11,275,VAL,12.945199012756348,4,13.343894958496094,3
cAbl,rosetta_fastrelax,11,290,LYS,7.272523403167725,4,14.9970463514328,5
cAbl,rosetta_fastrelax,11,305,GLU,11.854412078857422,4,24.449050426483154,5
cAbl,rosetta_fastrelax,11,309,MET,4.9571943283081055,4,7.445968508720398,4
cAbl,rosetta_fastrelax,11,335,GLU,0.7163280248641968,4,3.6764215528964996,5
cAbl,rosetta_fastrelax,11,341,ASN,19.53316879272461,4,83.49026346206665,4
cAbl,rosetta_fastrelax,11,389,LEU,8.286300659179688,4,11.130415916442871,4
cAbl,rosetta_fastrelax,11,400,ASP,34.51612854003906,4,259.757022857666,4
cAbl,rosetta_fastrelax,11,401,PHE,32.92540740966797,4,417.91656494140625,7
cAbl,rosetta_fastrelax,12,267,LEU,30.35453224182129,4,20.940820693969727,4
cAbl,rosetta_fastrelax,12,269,GLY,68.79353332519531,4,0.0,0
cAbl,rosetta_fastrelax,12,272,TYR,8.39205551147461,4,160.3139317035675,8
cAbl,rosetta_fastrelax,12,275,VAL,14.969965934753418,4,14.172976970672607,3
cAbl,rosetta_fastrelax,12,290,LYS,8.546528816223145,4,15.446744561195374,5
cAbl,rosetta_fastrelax,12,305,GLU,12.974623680114746,4,26.283568620681763,5
cAbl,rosetta_fastrelax,12,309,MET,5.758313179016113,4,7.8935664892196655,4
cAbl,rosetta_fastrelax,12,335,GLU,0.726296067237854,4,3.2861187383532524,5
cAbl,rosetta_fastrelax,12,341,ASN,22.41472625732422,4,91.17786884307861,4
cAbl,rosetta_fastrelax,12,389,LEU,8.404973983764648,4,11.932727813720703,4
cAbl,rosetta_fastrelax,12,400,ASP,34.2254753112793,4,259.6697463989258,4
cAbl,rosetta_fastrelax,12,401,PHE,36.66377258300781,4,417.83956146240234,7
cAbl,rosetta_fastrelax,13,267,LEU,23.35873031616211,4,15.869245767593384,4
cAbl,rosetta_fastrelax,13,269,GLY,93.41857147216797,4,0.0,0
cAbl,rosetta_fastrelax,13,272,TYR,4.782148361206055,4,204.79027843475342,8
cAbl,rosetta_fastrelax,13,275,VAL,8.511754035949707,4,8.261699199676514,3
cAbl,rosetta_fastrelax,13,290,LYS,4.1650543212890625,4,8.816815078258514,5
cAbl,rosetta_fastrelax,13,305,GLU,23.590103149414062,4,47.75874090194702,5
cAbl,rosetta_fastrelax,13,309,MET,7.273155689239502,4,20.929083943367004,4
cAbl,rosetta_fastrelax,13,335,GLU,0.7640982270240784,4,2.9920998215675354,5
cAbl,rosetta_fastrelax,13,341,ASN,20.967586517333984,4,94.52496194839478,4
cAbl,rosetta_fastrelax,13,389,LEU,7.885861396789551,4,9.673645377159119,4
cAbl,rosetta_fastrelax,13,400,ASP,35.42170715332031,4,262.3591842651367,4
cAbl,rosetta_fastrelax,13,401,PHE,35.19685363769531,4,409.17049980163574,7
cAbl,rosetta_fastrelax,14,267,LEU,32.73473358154297,4,21.118381023406982,4
cAbl,rosetta_fastrelax,14,269,GLY,67.68489837646484,4,0.0,0
cAbl,rosetta_fastrelax,14,272,TYR,8.273178100585938,4,158.43624138832092,8
cAbl,rosetta_fastrelax,14,275,VAL,11.996193885803223,4,11.881346464157104,3
cAbl,rosetta_fastrelax,14,290,LYS,7.120959281921387,4,14.673694849014282,5
cAbl,rosetta_fastrelax,14,305,GLU,12.141679763793945,4,26.696343421936035,5
cAbl,rosetta_fastrelax,14,309,MET,6.760150909423828,4,8.499387621879578,4
cAbl,rosetta_fastrelax,14,335,GLU,0.9649765491485596,4,3.66374147310853,5
cAbl,rosetta_fastrelax,14,341,ASN,20.765504837036133,4,88.08239507675171,4
cAbl,rosetta_fastrelax,14,389,LEU,8.151389122009277,4,11.0740966796875,4
cAbl,rosetta_fastrelax,14,400,ASP,34.79241180419922,4,260.38436126708984,4
cAbl,rosetta_fastrelax,14,401,PHE,35.156150817871094,4,404.1415309906006,7
cAbl,rosetta_fastrelax,15,267,LEU,22.20684814453125,4,13.370065212249756,4
cAbl,rosetta_fastrelax,15,269,GLY,53.841976165771484,4,0.0,0
cAbl,rosetta_fastrelax,15,272,TYR,5.218648433685303,4,128.14320421218872,8
cAbl,rosetta_fastrelax,15,275,VAL,14.392810821533203,4,13.54964828491211,3
cAbl,rosetta_fastrelax,15,290,LYS,7.947441101074219,4,13.862212240695953,5
cAbl,rosetta_fastrelax,15,305,GLU,14.669853210449219,4,29.46364736557007,5
cAbl,rosetta_fastrelax,15,309,MET,6.826507568359375,4,8.416908860206604,4
cAbl,rosetta_fastrelax,15,335,GLU,0.6058366894721985,4,2.6734522581100464,5
cAbl,rosetta_fastrelax,15,341,ASN,19.059879302978516,4,83.16087293624878,4
cAbl,rosetta_fastrelax,15,389,LEU,4.709392547607422,4,7.95480740070343,4
cAbl,rosetta_fastrelax,15,400,ASP,32.436866760253906,4,251.98582077026367,4
cAbl,rosetta_fastrelax,15,401,PHE,37.06160354614258,4,413.86034393310547,7
cAbl,rosetta_fastrelax,16,267,LEU,24.106224060058594,4,16.077833890914917,4
cAbl,rosetta_fastrelax,16,269,GLY,66.46057891845703,4,0.0,0
cAbl,rosetta_fastrelax,16,272,TYR,4.015902519226074,4,173.26065355539322,8
cAbl,rosetta_fastrelax,16,275,VAL,9.372872352600098,4,11.256162405014038,3
cAbl,rosetta_fastrelax,16,290,LYS,4.788101673126221,4,12.97380805015564,5
cAbl,rosetta_fastrelax,16,305,GLU,13.080814361572266,4,28.827908039093018,5
cAbl,rosetta_fastrelax,16,309,MET,4.1019182205200195,4,8.846758246421814,4
cAbl,rosetta_fastrelax,16,335,GLU,2.1774964332580566,4,3.7975362688302994,5
cAbl,rosetta_fastrelax,16,341,ASN,18.210613250732422,4,87.20988941192627,4
cAbl,rosetta_fastrelax,16,389,LEU,5.828000068664551,4,11.815863370895386,4
cAbl,rosetta_fastrelax,16,400,ASP,34.50104904174805,4,257.62580490112305,4
cAbl,rosetta_fastrelax,16,401,PHE,28.342557907104492,4,417.44363021850586,7
cAbl,rosetta_fastrelax,17,267,LEU,20.461589813232422,4,14.987012147903442,4
cAbl,rosetta_fastrelax,17,269,GLY,59.56398010253906,4,0.0,0
cAbl,rosetta_fastrelax,17,272,TYR,5.740050315856934,4,153.70796048641205,8
cAbl,rosetta_fastrelax,17,275,VAL,15.442362785339355,4,15.470412731170654,3
cAbl,rosetta_fastrelax,17,290,LYS,10.495649337768555,4,20.025870442390442,5
cAbl,rosetta_fastrelax,17,305,GLU,16.216510772705078,4,29.360506057739258,5
cAbl,rosetta_fastrelax,17,309,MET,10.273306846618652,4,9.872584700584412,4
cAbl,rosetta_fastrelax,17,335,GLU,0.5538656711578369,4,1.6004927158355713,5
cAbl,rosetta_fastrelax,17,341,ASN,23.448720932006836,4,96.62993001937866,4
cAbl,rosetta_fastrelax,17,389,LEU,8.987517356872559,4,12.504809856414795,4
cAbl,rosetta_fastrelax,17,400,ASP,35.704471588134766,4,259.1105537414551,4
cAbl,rosetta_fastrelax,17,401,PHE,36.010414123535156,4,406.4781017303467,7
cAbl,rosetta_fastrelax,18,267,LEU,18.34838104248047,4,12.367029666900635,4
cAbl,rosetta_fastrelax,18,269,GLY,76.24172973632812,4,0.0,0
cAbl,rosetta_fastrelax,18,272,TYR,4.4822492599487305,4,174.30546522140503,8
cAbl,rosetta_fastrelax,18,275,VAL,7.271099090576172,4,8.422747373580933,3
cAbl,rosetta_fastrelax,18,290,LYS,3.9684853553771973,4,7.152223825454712,5
cAbl,rosetta_fastrelax,18,305,GLU,18.80744743347168,4,44.93078088760376,5
cAbl,rosetta_fastrelax,18,309,MET,8.497526168823242,4,21.04628163576126,4
cAbl,rosetta_fastrelax,18,335,GLU,0.8848642706871033,4,2.8558736443519592,5
cAbl,rosetta_fastrelax,18,341,ASN,17.713146209716797,4,84.80148124694824,4
cAbl,rosetta_fastrelax,18,389,LEU,6.451584339141846,4,10.210435628890991,4
cAbl,rosetta_fastrelax,18,400,ASP,42.122161865234375,4,273.580810546875,4
cAbl,rosetta_fastrelax,18,401,PHE,24.768077850341797,4,384.4106616973877,7
cAbl,rosetta_fastrelax,19,267,LEU,18.922691345214844,4,12.062778949737549,4
cAbl,rosetta_fastrelax,19,269,GLY,73.13697814941406,4,0.0,0
cAbl,rosetta_fastrelax,19,272,TYR,5.163177967071533,4,171.04830199480057,8
cAbl,rosetta_fastrelax,19,275,VAL,7.833415985107422,4,7.82822847366333,3
cAbl,rosetta_fastrelax,19,290,LYS,3.8934226036071777,4,8.221111565828323,5
cAbl,rosetta_fastrelax,19,305,GLU,13.52444076538086,4,28.064101219177246,5
cAbl,rosetta_fastrelax,19,309,MET,4.732267379760742,4,8.167356252670288,4
cAbl,rosetta_fastrelax,19,335,GLU,1.6654722690582275,4,15.022690057754517,5
cAbl,rosetta_fastrelax,19,341,ASN,16.149272918701172,4,77.50768852233887,4
cAbl,rosetta_fastrelax,19,389,LEU,4.797705173492432,4,8.557307720184326,4
cAbl,rosetta_fastrelax,19,400,ASP,37.18033981323242,4,263.5958366394043,4
cAbl,rosetta_fastrelax,19,401,PHE,25.80768585205078,4,404.1490726470947,7
cAbl,rosetta_fastrelax,20,267,LEU,23.68402862548828,4,17.215609550476074,4
cAbl,rosetta_fastrelax,20,269,GLY,72.94526672363281,4,0.0,0
cAbl,rosetta_fastrelax,20,272,TYR,6.579568862915039,4,162.68864917755127,8
cAbl,rosetta_fastrelax,20,275,VAL,13.666288375854492,4,14.532825469970703,3
cAbl,rosetta_fastrelax,20,290,LYS,6.870461463928223,4,12.055476427078247,5
cAbl,rosetta_fastrelax,20,305,GLU,13.791501998901367,4,27.954400539398193,5
cAbl,rosetta_fastrelax,20,309,MET,7.853400230407715,4,8.43130362033844,4
cAbl,rosetta_fastrelax,20,335,GLU,0.544205904006958,4,3.489988386631012,5
cAbl,rosetta_fastrelax,20,341,ASN,19.419570922851562,4,81.30901765823364,4
cAbl,rosetta_fastrelax,20,389,LEU,10.838375091552734,4,12.00487494468689,4
cAbl,rosetta_fastrelax,20,400,ASP,34.345191955566406,4,256.9021759033203,4
cAbl,rosetta_fastrelax,20,401,PHE,35.233970642089844,4,423.6575012207031,7
cAbl,rosetta_fastrelax,21,267,LEU,23.083946228027344,4,14.216246843338013,4
cAbl,rosetta_fastrelax,21,269,GLY,67.88269805908203,4,0.0,0
cAbl,rosetta_fastrelax,21,272,TYR,4.232456207275391,4,179.18081092834473,8
cAbl,rosetta_fastrelax,21,275,VAL,9.563417434692383,4,9.663198709487915,3
cAbl,rosetta_fastrelax,21,290,LYS,4.798494815826416,4,8.181182265281677,5
cAbl,rosetta_fastrelax,21,305,GLU,19.42756462097168,4,45.19165277481079,5
cAbl,rosetta_fastrelax,21,309,MET,9.24427604675293,4,14.062481880187988,4
cAbl,rosetta_fastrelax,21,335,GLU,1.3431921005249023,4,3.0873345136642456,5
cAbl,rosetta_fastrelax,21,341,ASN,24.300010681152344,4,101.35383033752441,4
cAbl,rosetta_fastrelax,21,389,LEU,9.001421928405762,4,14.753623008728027,4
cAbl,rosetta_fastrelax,21,400,ASP,36.773223876953125,4,256.6015968322754,4
cAbl,rosetta_fastrelax,21,401,PHE,35.71626281738281,4,383.48648262023926,7
cAbl,rosetta_fastrelax,22,267,LEU,20.3797607421875,4,11.860337495803833,4
cAbl,rosetta_fastrelax,22,269,GLY,56.47523498535156,4,0.0,0
cAbl,rosetta_fastrelax,22,272,TYR,4.178153038024902,4,162.26619106531143,8
cAbl,rosetta_fastrelax,22,275,VAL,11.184029579162598,4,11.93852424621582,3
cAbl,rosetta_fastrelax,22,290,LYS,6.779498100280762,4,12.170919209718704,5
cAbl,rosetta_fastrelax,22,305,GLU,8.14108943939209,4,17.920255184173584,5
cAbl,rosetta_fastrelax,22,309,MET,8.963147163391113,4,8.314128160476685,4
cAbl,rosetta_fastrelax,22,335,GLU,1.6777493953704834,4,3.235551178455353,5
cAbl,rosetta_fastrelax,22,341,ASN,17.598224639892578,4,87.89516687393188,4
cAbl,rosetta_fastrelax,22,389,LEU,5.530736923217773,4,11.835476994514465,4
cAbl,rosetta_fastrelax,22,400,ASP,38.555885314941406,4,258.58665466308594,4
cAbl,rosetta_fastrelax,22,401,PHE,24.493995666503906,4,401.5486831665039,7
cAbl,rosetta_fastrelax,23,267,LEU,22.33843994140625,4,16.233048915863037,4
cAbl,rosetta_fastrelax,23,269,GLY,71.98735809326172,4,0.0,0
cAbl,rosetta_fastrelax,23,272,TYR,7.125662803649902,4,170.37402892112732,8
cAbl,rosetta_fastrelax,23,275,VAL,10.723836898803711,4,11.598828315734863,3
cAbl,rosetta_fastrelax,23,290,LYS,5.755343437194824,4,9.414593607187271,5
cAbl,rosetta_fastrelax,23,305,GLU,22.548782348632812,4,37.637507915496826,5
cAbl,rosetta_fastrelax,23,309,MET,7.576651096343994,4,12.49498701095581,4
cAbl,rosetta_fastrelax,23,335,GLU,0.3039095997810364,4,2.7649529576301575,5
cAbl,rosetta_fastrelax,23,341,ASN,20.26409912109375,4,83.1676836013794,4
cAbl,rosetta_fastrelax,23,389,LEU,9.677587509155273,4,12.022173166275024,4
cAbl,rosetta_fastrelax,23,400,ASP,39.582923889160156,4,274.2789306640625,4
cAbl,rosetta_fastrelax,23,401,PHE,29.828203201293945,4,404.3599395751953,7
cAbl,rosetta_fastrelax,24,267,LEU,24.9283390045166,4,17.664067268371582,4
cAbl,rosetta_fastrelax,24,269,GLY,76.5309066772461,4,0.0,0
cAbl,rosetta_fastrelax,24,272,TYR,6.159207344055176,4,172.04866409301758,8
cAbl,rosetta_fastrelax,24,275,VAL,8.841760635375977,4,10.464125633239746,3
cAbl,rosetta_fastrelax,24,290,LYS,5.569638729095459,4,15.568686723709106,5
cAbl,rosetta_fastrelax,24,305,GLU,6.223049163818359,4,23.886295676231384,5
cAbl,rosetta_fastrelax,24,309,MET,4.078187942504883,4,8.165809273719788,4
cAbl,rosetta_fastrelax,24,335,GLU,0.9462171792984009,4,3.3224372193217278,5
cAbl,rosetta_fastrelax,24,341,ASN,16.501445770263672,4,80.33548069000244,4
cAbl,rosetta_fastrelax,24,389,LEU,5.592116355895996,4,8.481857776641846,4
cAbl,rosetta_fastrelax,24,400,ASP,36.2833251953125,4,262.69214630126953,4
cAbl,rosetta_fastrelax,24,401,PHE,26.800195693969727,4,401.3223819732666,7
cAbl,rosetta_fastrelax,25,267,LEU,27.730911254882812,4,18.988741397857666,4
cAbl,rosetta_fastrelax,25,269,GLY,65.09686279296875,4,0.0,0
cAbl,rosetta_fastrelax,25,272,TYR,7.8966755867004395,4,156.36606335639954,8
cAbl,rosetta_fastrelax,25,275,VAL,13.330657005310059,4,13.559272289276123,3
cAbl,rosetta_fastrelax,25,290,LYS,7.92521858215332,4,23.940013647079468,5
cAbl,rosetta_fastrelax,25,305,GLU,14.94910717010498,4,32.453768730163574,5
cAbl,rosetta_fastrelax,25,309,MET,4.4826860427856445,4,8.722588539123535,4
cAbl,rosetta_fastrelax,25,335,GLU,1.786109209060669,4,14.503432989120483,5
cAbl,rosetta_fastrelax,25,341,ASN,18.359127044677734,4,81.14545154571533,4
cAbl,rosetta_fastrelax,25,389,LEU,6.881318092346191,4,10.104685068130493,4
cAbl,rosetta_fastrelax,25,400,ASP,34.472801208496094,4,257.2920570373535,4
cAbl,rosetta_fastrelax,25,401,PHE,35.60930633544922,4,397.3050117492676,7
cAbl,rosetta_fastrelax,26,267,LEU,31.56804656982422,4,18.430333614349365,4
cAbl,rosetta_fastrelax,26,269,GLY,64.67704772949219,4,0.0,0
cAbl,rosetta_fastrelax,26,272,TYR,6.637489318847656,4,155.16346335411072,8
cAbl,rosetta_fastrelax,26,275,VAL,14.333181381225586,4,12.150934219360352,3
cAbl,rosetta_fastrelax,26,290,LYS,7.849216461181641,4,13.701352894306183,5
cAbl,rosetta_fastrelax,26,305,GLU,13.520662307739258,4,28.533670902252197,5
cAbl,rosetta_fastrelax,26,309,MET,7.752667427062988,4,8.4227294921875,4
cAbl,rosetta_fastrelax,26,335,GLU,0.8298981785774231,4,2.5743897557258606,5
cAbl,rosetta_fastrelax,26,341,ASN,22.702123641967773,4,91.85372972488403,4
cAbl,rosetta_fastrelax,26,389,LEU,7.239975929260254,4,10.625357270240784,4
cAbl,rosetta_fastrelax,26,400,ASP,33.859283447265625,4,257.71629333496094,4
cAbl,rosetta_fastrelax,26,401,PHE,37.27345657348633,4,415.0022201538086,7
cAbl,rosetta_fastrelax,27,267,LEU,24.778663635253906,4,18.850306510925293,4
cAbl,rosetta_fastrelax,27,269,GLY,62.14425277709961,4,0.0,0
cAbl,rosetta_fastrelax,27,272,TYR,6.742968559265137,4,154.5301468372345,8
cAbl,rosetta_fastrelax,27,275,VAL,17.15865707397461,4,18.112979888916016,3
cAbl,rosetta_fastrelax,27,290,LYS,12.719721794128418,4,24.962098598480225,5
cAbl,rosetta_fastrelax,27,305,GLU,22.975830078125,4,35.29854726791382,5
cAbl,rosetta_fastrelax,27,309,MET,12.301139831542969,4,13.546518325805664,4
cAbl,rosetta_fastrelax,27,335,GLU,0.4423747956752777,4,1.9484947323799133,5
cAbl,rosetta_fastrelax,27,341,ASN,29.86008644104004,4,104.56486415863037,4
cAbl,rosetta_fastrelax,27,389,LEU,10.508968353271484,4,14.154239177703857,4
cAbl,rosetta_fastrelax,27,400,ASP,37.500274658203125,4,263.5538864135742,4
cAbl,rosetta_fastrelax,27,401,PHE,39.72008514404297,4,408.5120449066162,7
cAbl,rosetta_fastrelax,28,267,LEU,19.352706909179688,4,13.379279851913452,4
cAbl,rosetta_fastrelax,28,269,GLY,78.30726623535156,4,0.0,0
cAbl,rosetta_fastrelax,28,272,TYR,4.6112751960754395,4,176.43187510967255,8
cAbl,rosetta_fastrelax,28,275,VAL,6.781643867492676,4,7.562241315841675,3
cAbl,rosetta_fastrelax,28,290,LYS,2.863825798034668,4,7.612143307924271,5
cAbl,rosetta_fastrelax,28,305,GLU,14.36265754699707,4,30.500640869140625,5
cAbl,rosetta_fastrelax,28,309,MET,4.069779872894287,4,8.740942358970642,4
cAbl,rosetta_fastrelax,28,335,GLU,5.83051872253418,4,5.45551073551178,5
cAbl,rosetta_fastrelax,28,341,ASN,13.76298999786377,4,79.11486339569092,4
cAbl,rosetta_fastrelax,28,389,LEU,5.325198173522949,4,10.198826432228088,4
cAbl,rosetta_fastrelax,28,400,ASP,35.99169921875,4,257.278621673584,4
cAbl,rosetta_fastrelax,28,401,PHE,25.195343017578125,4,411.76304817199707,7
cAbl,rosetta_fastrelax,29,267,LEU,20.86582374572754,4,12.532695293426514,4
cAbl,rosetta_fastrelax,29,269,GLY,57.76634216308594,4,0.0,0
cAbl,rosetta_fastrelax,29,272,TYR,5.1356730461120605,4,138.657785654068,8
cAbl,rosetta_fastrelax,29,275,VAL,13.692920684814453,4,13.439706802368164,3
cAbl,rosetta_fastrelax,29,290,LYS,8.069050788879395,4,13.869282066822052,5
cAbl,rosetta_fastrelax,29,305,GLU,17.246915817260742,4,31.08966875076294,5
cAbl,rosetta_fastrelax,29,309,MET,8.778306007385254,4,14.311656475067139,4
cAbl,rosetta_fastrelax,29,335,GLU,1.0734587907791138,4,25.728486984968185,5
cAbl,rosetta_fastrelax,29,341,ASN,19.508615493774414,4,87.02628803253174,4
cAbl,rosetta_fastrelax,29,389,LEU,5.48193883895874,4,11.216850638389587,4
cAbl,rosetta_fastrelax,29,400,ASP,36.012908935546875,4,262.3230628967285,4
cAbl,rosetta_fastrelax,29,401,PHE,32.551055908203125,4,393.36196517944336,7
HIV_RT__3V81,boltz2,0,101,LYS,26.842674255371094,4,101.36411476135254,5
HIV_RT__3V81,boltz2,0,108,VAL,149.00721740722656,4,136.60284423828125,3
HIV_RT__3V81,boltz2,0,180,ILE,1.8537893295288086,4,15.05144053697586,4
HIV_RT__3V81,boltz2,0,181,TYR,24.206995010375977,4,186.8875217437744,8
HIV_RT__3V81,boltz2,0,188,TYR,34.95308303833008,4,227.50446701049805,8
HIV_RT__3V81,boltz2,0,227,PHE,242.92559814453125,4,1193.6854629516602,7
HIV_RT__3V81,boltz2,0,228,LEU,60.88981628417969,4,58.64374542236328,4
HIV_RT__3V81,boltz2,0,229,TRP,83.04354858398438,4,1213.147289276123,10
HIV_RT__3V81,boltz2,0,230,MET,234.73892211914062,4,140.28166007995605,4
HIV_RT__3V81,boltz2,0,232,TYR,274.1844177246094,4,1415.2195434570312,8
HIV_RT__3V81,boltz2,0,234,LEU,54.765586853027344,4,24.75392174720764,4
HIV_RT__3V81,boltz2,0,318,TYR,551.3854370117188,4,2004.78466796875,8
HIV_RT__3V81,boltz2,1,101,LYS,75.99525451660156,4,249.52320861816406,5
HIV_RT__3V81,boltz2,1,108,VAL,32.55365753173828,4,24.75527000427246,3
HIV_RT__3V81,boltz2,1,180,ILE,4.679163455963135,4,7.58204972743988,4
HIV_RT__3V81,boltz2,1,181,TYR,3.4595184326171875,4,40.17525637149811,8
HIV_RT__3V81,boltz2,1,188,TYR,9.77181625366211,4,40.45436239242554,8
HIV_RT__3V81,boltz2,1,227,PHE,128.80233764648438,4,396.52440643310547,7
HIV_RT__3V81,boltz2,1,228,LEU,178.435546875,4,518.003791809082,4
HIV_RT__3V81,boltz2,1,229,TRP,213.14918518066406,4,556.2826347351074,10
HIV_RT__3V81,boltz2,1,230,MET,350.03863525390625,4,594.7454376220703,4
HIV_RT__3V81,boltz2,1,232,TYR,145.91976928710938,4,219.69427680969238,8
HIV_RT__3V81,boltz2,1,234,LEU,137.58013916015625,4,281.9778861999512,4
HIV_RT__3V81,boltz2,1,318,TYR,1158.3780517578125,4,3259.8277893066406,8
HIV_RT__3V81,boltz2,2,101,LYS,66.84708404541016,4,249.91974067687988,5
HIV_RT__3V81,boltz2,2,108,VAL,84.67864990234375,4,72.79834175109863,3
HIV_RT__3V81,boltz2,2,180,ILE,9.460203170776367,4,24.295535802841187,4
HIV_RT__3V81,boltz2,2,181,TYR,27.41498565673828,4,106.83653783798218,8
HIV_RT__3V81,boltz2,2,188,TYR,29.417173385620117,4,136.26448154449463,8
HIV_RT__3V81,boltz2,2,227,PHE,25.323654174804688,4,279.1090621948242,7
HIV_RT__3V81,boltz2,2,228,LEU,31.34511947631836,4,14.264188647270203,4
HIV_RT__3V81,boltz2,2,229,TRP,19.974205017089844,4,180.37136554718018,10
HIV_RT__3V81,boltz2,2,230,MET,193.35891723632812,4,222.1090431213379,4
HIV_RT__3V81,boltz2,2,232,TYR,394.6363830566406,4,1859.8786926269531,8
HIV_RT__3V81,boltz2,2,234,LEU,91.96669006347656,4,59.45431613922119,4
HIV_RT__3V81,boltz2,2,318,TYR,861.693115234375,4,3704.5980529785156,8
HIV_RT__3V81,boltz2,3,101,LYS,18.32958221435547,4,129.41382217407227,5
HIV_RT__3V81,boltz2,3,108,VAL,116.99674987792969,4,114.68762969970703,3
HIV_RT__3V81,boltz2,3,180,ILE,4.624432563781738,4,16.30229139328003,4
HIV_RT__3V81,boltz2,3,181,TYR,10.802927017211914,4,69.21108531951904,8
HIV_RT__3V81,boltz2,3,188,TYR,27.3795166015625,4,160.41331005096436,8
HIV_RT__3V81,boltz2,3,227,PHE,273.3663024902344,4,1207.1813125610352,7
HIV_RT__3V81,boltz2,3,228,LEU,53.16900634765625,4,76.56048488616943,4
HIV_RT__3V81,boltz2,3,229,TRP,67.65666961669922,4,601.9091472625732,10
HIV_RT__3V81,boltz2,3,230,MET,281.6292724609375,4,248.9872932434082,4
HIV_RT__3V81,boltz2,3,232,TYR,292.27783203125,4,1032.4466590881348,8
HIV_RT__3V81,boltz2,3,234,LEU,64.6597671508789,4,28.390886068344116,4
HIV_RT__3V81,boltz2,3,318,TYR,189.6488037109375,4,1019.4009399414062,8
HIV_RT__3V81,boltz2,4,101,LYS,16.783994674682617,4,106.86210441589355,5
HIV_RT__3V81,boltz2,4,108,VAL,150.22726440429688,4,153.94912719726562,3
HIV_RT__3V81,boltz2,4,180,ILE,3.7093303203582764,4,11.599736288189888,4
HIV_RT__3V81,boltz2,4,181,TYR,13.691113471984863,4,169.5997633934021,8
HIV_RT__3V81,boltz2,4,188,TYR,26.540616989135742,4,260.1169710159302,8
HIV_RT__3V81,boltz2,4,227,PHE,334.3270568847656,4,1347.4296951293945,7
HIV_RT__3V81,boltz2,4,228,LEU,89.9088134765625,4,205.78312301635742,4
HIV_RT__3V81,boltz2,4,229,TRP,144.46592712402344,4,1605.3997039794922,10
HIV_RT__3V81,boltz2,4,230,MET,235.22540283203125,4,714.1255035400391,4
HIV_RT__3V81,boltz2,4,232,TYR,176.2664031982422,4,175.0799961090088,8
HIV_RT__3V81,boltz2,4,234,LEU,142.4945831298828,4,71.0964002609253,4
HIV_RT__3V81,boltz2,4,318,TYR,46.541099548339844,4,83.61602830886841,8
HIV_RT__3V81,boltz2,5,101,LYS,13.007619857788086,4,67.64714908599854,5
HIV_RT__3V81,boltz2,5,108,VAL,174.93496704101562,4,167.10193634033203,3
HIV_RT__3V81,boltz2,5,180,ILE,1.8171639442443848,4,16.45509648323059,4
HIV_RT__3V81,boltz2,5,181,TYR,17.378917694091797,4,124.62786960601807,8
HIV_RT__3V81,boltz2,5,188,TYR,34.86337661743164,4,247.6933307647705,8
HIV_RT__3V81,boltz2,5,227,PHE,308.1986083984375,4,1321.1081619262695,7
HIV_RT__3V81,boltz2,5,228,LEU,76.31644439697266,4,226.19060134887695,4
HIV_RT__3V81,boltz2,5,229,TRP,164.4174041748047,4,1657.4395904541016,10
HIV_RT__3V81,boltz2,5,230,MET,244.51620483398438,4,691.5966873168945,4
HIV_RT__3V81,boltz2,5,232,TYR,188.12600708007812,4,181.6557331085205,8
HIV_RT__3V81,boltz2,5,234,LEU,160.698974609375,4,94.86137580871582,4
HIV_RT__3V81,boltz2,5,318,TYR,22.110332489013672,4,78.28695058822632,8
HIV_RT__3V81,boltz2,6,101,LYS,53.097496032714844,4,80.73755931854248,5
HIV_RT__3V81,boltz2,6,108,VAL,250.6136474609375,4,231.65463256835938,3
HIV_RT__3V81,boltz2,6,180,ILE,21.200149536132812,4,9.155381321907043,4
HIV_RT__3V81,boltz2,6,181,TYR,70.23080444335938,4,489.7675552368164,8
HIV_RT__3V81,boltz2,6,188,TYR,55.35847091674805,4,443.72294425964355,8
HIV_RT__3V81,boltz2,6,227,PHE,264.6154479980469,4,1281.1428527832031,7
HIV_RT__3V81,boltz2,6,228,LEU,85.63826751708984,4,137.67006301879883,4
HIV_RT__3V81,boltz2,6,229,TRP,187.572998046875,4,1563.4320526123047,10
HIV_RT__3V81,boltz2,6,230,MET,321.5769348144531,4,922.9456024169922,4
HIV_RT__3V81,boltz2,6,232,TYR,97.24249267578125,4,587.9784774780273,8
HIV_RT__3V81,boltz2,6,234,LEU,45.90996551513672,4,38.328279972076416,4
HIV_RT__3V81,boltz2,6,318,TYR,761.179931640625,4,2370.410385131836,8
HIV_RT__3V81,boltz2,7,101,LYS,8.661815643310547,4,73.53137874603271,5
HIV_RT__3V81,boltz2,7,108,VAL,150.60447692871094,4,155.18175888061523,3
HIV_RT__3V81,boltz2,7,180,ILE,5.084549903869629,4,6.973950088024139,4
HIV_RT__3V81,boltz2,7,181,TYR,23.452945709228516,4,164.33839464187622,8
HIV_RT__3V81,boltz2,7,188,TYR,29.62239646911621,4,242.69455242156982,8
HIV_RT__3V81,boltz2,7,227,PHE,293.8458251953125,4,1334.8385162353516,7
HIV_RT__3V81,boltz2,7,228,LEU,67.55501556396484,4,141.71049308776855,4
HIV_RT__3V81,boltz2,7,229,TRP,143.30384826660156,4,1677.3896102905273,10
HIV_RT__3V81,boltz2,7,230,MET,305.3684387207031,4,849.3712615966797,4
HIV_RT__3V81,boltz2,7,232,TYR,159.6742706298828,4,868.9417877197266,8
HIV_RT__3V81,boltz2,7,234,LEU,40.541481018066406,4,12.966792821884155,4
HIV_RT__3V81,boltz2,7,318,TYR,100.45321655273438,4,550.0721397399902,8
HIV_RT__3V81,boltz2,8,101,LYS,10.420125961303711,4,108.5488109588623,5
HIV_RT__3V81,boltz2,8,108,VAL,155.22991943359375,4,153.99027252197266,3
HIV_RT__3V81,boltz2,8,180,ILE,2.4344658851623535,4,12.927984952926636,4
HIV_RT__3V81,boltz2,8,181,TYR,10.647281646728516,4,119.92661142349243,8
HIV_RT__3V81,boltz2,8,188,TYR,25.678396224975586,4,235.49119091033936,8
HIV_RT__3V81,boltz2,8,227,PHE,238.9054412841797,4,970.1865234375,7
HIV_RT__3V81,boltz2,8,228,LEU,73.85678100585938,4,108.1766300201416,4
HIV_RT__3V81,boltz2,8,229,TRP,48.35786056518555,4,346.70291900634766,10
HIV_RT__3V81,boltz2,8,230,MET,280.97686767578125,4,499.41310119628906,4
HIV_RT__3V81,boltz2,8,232,TYR,208.87399291992188,4,279.34543228149414,8
HIV_RT__3V81,boltz2,8,234,LEU,120.51789855957031,4,51.44233727455139,4
HIV_RT__3V81,boltz2,8,318,TYR,57.148372650146484,4,872.3842144012451,8
HIV_RT__3V81,boltz2,9,101,LYS,86.72262573242188,4,364.01999855041504,5
HIV_RT__3V81,boltz2,9,108,VAL,30.78667449951172,4,29.522501945495605,3
HIV_RT__3V81,boltz2,9,180,ILE,30.562511444091797,4,40.578104972839355,4
HIV_RT__3V81,boltz2,9,181,TYR,47.774566650390625,4,249.18801975250244,8
HIV_RT__3V81,boltz2,9,188,TYR,19.774099349975586,4,117.3662281036377,8
HIV_RT__3V81,boltz2,9,227,PHE,497.60589599609375,4,1184.803321838379,7
HIV_RT__3V81,boltz2,9,228,LEU,227.99429321289062,4,369.8786811828613,4
HIV_RT__3V81,boltz2,9,229,TRP,99.99029541015625,4,779.5672988891602,10
HIV_RT__3V81,boltz2,9,230,MET,257.0107421875,4,721.3431854248047,4
HIV_RT__3V81,boltz2,9,232,TYR,19.655237197875977,4,203.99869346618652,8
HIV_RT__3V81,boltz2,9,234,LEU,16.427993774414062,4,11.898625165224075,4
HIV_RT__3V81,boltz2,9,318,TYR,485.7117614746094,4,1169.693016052246,8
HIV_RT__3V81,boltz2,10,101,LYS,37.217620849609375,4,88.2315902709961,5
HIV_RT__3V81,boltz2,10,108,VAL,61.605438232421875,4,67.67062759399414,3
HIV_RT__3V81,boltz2,10,180,ILE,5.220987796783447,4,15.034458994865417,4
HIV_RT__3V81,boltz2,10,181,TYR,1.1596781015396118,4,303.6233240365982,8
HIV_RT__3V81,boltz2,10,188,TYR,5.641325950622559,4,75.99490356445312,8
HIV_RT__3V81,boltz2,10,227,PHE,356.2875061035156,4,1206.0949630737305,7
HIV_RT__3V81,boltz2,10,228,LEU,143.21612548828125,4,315.68059158325195,4
HIV_RT__3V81,boltz2,10,229,TRP,30.552104949951172,4,599.1771593093872,10
HIV_RT__3V81,boltz2,10,230,MET,144.94190979003906,4,531.0610275268555,4
HIV_RT__3V81,boltz2,10,232,TYR,325.0149230957031,4,1494.5465545654297,8
HIV_RT__3V81,boltz2,10,234,LEU,83.02882385253906,4,32.029146671295166,4
HIV_RT__3V81,boltz2,10,318,TYR,47.03315353393555,4,357.1999988555908,8
HIV_RT__3V81,boltz2,11,101,LYS,12.574586868286133,4,33.68189179897308,5
HIV_RT__3V81,boltz2,11,108,VAL,12.881768226623535,4,23.969634532928467,3
HIV_RT__3V81,boltz2,11,180,ILE,4.507750034332275,4,3.895839363336563,4
HIV_RT__3V81,boltz2,11,181,TYR,11.332160949707031,4,424.24828696250916,8
HIV_RT__3V81,boltz2,11,188,TYR,7.026768684387207,4,42.898966789245605,8
HIV_RT__3V81,boltz2,11,227,PHE,0.4007887542247772,4,11.594934165477753,7
HIV_RT__3V81,boltz2,11,228,LEU,1.010388731956482,4,8.792923659086227,4
HIV_RT__3V81,boltz2,11,229,TRP,14.025083541870117,4,78.36239981651306,10
HIV_RT__3V81,boltz2,11,230,MET,31.116554260253906,4,42.08833885192871,4
HIV_RT__3V81,boltz2,11,232,TYR,12.792027473449707,4,104.00096464157104,8
HIV_RT__3V81,boltz2,11,234,LEU,2.426154136657715,4,11.254101037979126,4
HIV_RT__3V81,boltz2,11,318,TYR,59.006072998046875,4,30.12036645412445,8
HIV_RT__3V81,boltz2,12,101,LYS,23.704198837280273,4,75.10760188102722,5
HIV_RT__3V81,boltz2,12,108,VAL,201.41685485839844,4,192.47426223754883,3
HIV_RT__3V81,boltz2,12,180,ILE,1.5853832960128784,4,16.90066659450531,4
HIV_RT__3V81,boltz2,12,181,TYR,18.39657974243164,4,149.52248907089233,8
HIV_RT__3V81,boltz2,12,188,TYR,37.74238967895508,4,277.3167381286621,8
HIV_RT__3V81,boltz2,12,227,PHE,342.0804443359375,4,1343.1086044311523,7
HIV_RT__3V81,boltz2,12,228,LEU,105.69369506835938,4,215.57735443115234,4
HIV_RT__3V81,boltz2,12,229,TRP,156.93502807617188,4,1643.8177223205566,10
HIV_RT__3V81,boltz2,12,230,MET,252.21372985839844,4,711.8076248168945,4
HIV_RT__3V81,boltz2,12,232,TYR,184.6699981689453,4,214.7890911102295,8
HIV_RT__3V81,boltz2,12,234,LEU,117.14653778076172,4,53.269317626953125,4
HIV_RT__3V81,boltz2,12,318,TYR,10.906163215637207,4,87.96031856536865,8
HIV_RT__3V81,boltz2,13,101,LYS,21.437175750732422,4,104.71483087539673,5
HIV_RT__3V81,boltz2,13,108,VAL,133.04185485839844,4,137.8020896911621,3
HIV_RT__3V81,boltz2,13,180,ILE,3.327270984649658,4,7.09545461833477,4
HIV_RT__3V81,boltz2,13,181,TYR,25.104717254638672,4,179.01158332824707,8
HIV_RT__3V81,boltz2,13,188,TYR,29.613304138183594,4,242.8775234222412,8
HIV_RT__3V81,boltz2,13,227,PHE,264.98004150390625,4,1188.6020202636719,7
HIV_RT__3V81,boltz2,13,228,LEU,71.7444076538086,4,174.1587677001953,4
HIV_RT__3V81,boltz2,13,229,TRP,130.000732421875,4,778.0284004211426,10
HIV_RT__3V81,boltz2,13,230,MET,300.8170471191406,4,777.0980911254883,4
HIV_RT__3V81,boltz2,13,232,TYR,145.908447265625,4,579.3136978149414,8
HIV_RT__3V81,boltz2,13,234,LEU,47.23333740234375,4,45.75436592102051,4
HIV_RT__3V81,boltz2,13,318,TYR,289.1322326660156,4,1151.1206436157227,8
HIV_RT__3V81,boltz2,14,101,LYS,14.946255683898926,4,90.08315658569336,5
HIV_RT__3V81,boltz2,14,108,VAL,92.03227233886719,4,100.56330680847168,3
HIV_RT__3V81,boltz2,14,180,ILE,2.0438694953918457,4,6.4392565712332726,4
HIV_RT__3V81,boltz2,14,181,TYR,15.790499687194824,4,125.32953453063965,8
HIV_RT__3V81,boltz2,14,188,TYR,20.001060485839844,4,182.17111492156982,8
HIV_RT__3V81,boltz2,14,227,PHE,329.7721862792969,4,1650.6119918823242,7
HIV_RT__3V81,boltz2,14,228,LEU,71.26764678955078,4,199.89764976501465,4
HIV_RT__3V81,boltz2,14,229,TRP,107.56885528564453,4,443.2957696914673,10
HIV_RT__3V81,boltz2,14,230,MET,283.6889343261719,4,694.1864547729492,4
HIV_RT__3V81,boltz2,14,232,TYR,276.65167236328125,4,1009.191707611084,8
HIV_RT__3V81,boltz2,14,234,LEU,83.40817260742188,4,33.74633312225342,4
HIV_RT__3V81,boltz2,14,318,TYR,181.91665649414062,4,539.6125297546387,8
HIV_RT__3V81,boltz2,15,101,LYS,16.14351463317871,4,143.60581493377686,5
HIV_RT__3V81,boltz2,15,108,VAL,175.92599487304688,4,171.65362930297852,3
HIV_RT__3V81,boltz2,15,180,ILE,2.1354598999023438,4,14.943660855293274,4
HIV_RT__3V81,boltz2,15,181,TYR,22.9691219329834,4,160.78890228271484,8
HIV_RT__3V81,boltz2,15,188,TYR,38.81588363647461,4,260.90855598449707,8
HIV_RT__3V81,boltz2,15,227,PHE,417.01611328125,4,1446.5932693481445,7
HIV_RT__3V81,boltz2,15,228,LEU,150.31716918945312,4,169.7882080078125,4
HIV_RT__3V81,boltz2,15,229,TRP,120.30699157714844,4,288.8398380279541,10
HIV_RT__3V81,boltz2,15,230,MET,271.65460205078125,4,769.4143981933594,4
HIV_RT__3V81,boltz2,15,232,TYR,215.56573486328125,4,1145.243522644043,8
HIV_RT__3V81,boltz2,15,234,LEU,54.508148193359375,4,33.39638948440552,4
HIV_RT__3V81,boltz2,15,318,TYR,113.63333129882812,4,785.909049987793,8
HIV_RT__3V81,boltz2,16,101,LYS,27.84029769897461,4,159.8033504486084,5
HIV_RT__3V81,boltz2,16,108,VAL,158.45729064941406,4,148.84381103515625,3
HIV_RT__3V81,boltz2,16,180,ILE,10.676799774169922,4,25.23492431640625,4
HIV_RT__3V81,boltz2,16,181,TYR,44.543846130371094,4,198.11216640472412,8
HIV_RT__3V81,boltz2,16,188,TYR,51.616275787353516,4,255.67453956604004,8
HIV_RT__3V81,boltz2,16,227,PHE,250.87319946289062,4,1493.8317947387695,7
HIV_RT__3V81,boltz2,16,228,LEU,29.164737701416016,4,23.678521275520325,4
HIV_RT__3V81,boltz2,16,229,TRP,55.2869873046875,4,923.0792255401611,10
HIV_RT__3V81,boltz2,16,230,MET,273.2862548828125,4,492.38819885253906,4
HIV_RT__3V81,boltz2,16,232,TYR,280.078369140625,4,551.7741775512695,8
HIV_RT__3V81,boltz2,16,234,LEU,67.90788269042969,4,37.85815143585205,4
HIV_RT__3V81,boltz2,16,318,TYR,423.10870361328125,4,1972.7278137207031,8
HIV_RT__3V81,boltz2,17,101,LYS,26.76529312133789,4,119.18058776855469,5
HIV_RT__3V81,boltz2,17,108,VAL,135.59234619140625,4,129.58778381347656,3
HIV_RT__3V81,boltz2,17,180,ILE,6.003867149353027,4,6.463639438152313,4
HIV_RT__3V81,boltz2,17,181,TYR,32.29018020629883,4,207.11975479125977,8
HIV_RT__3V81,boltz2,17,188,TYR,33.40869903564453,4,213.41856575012207,8
HIV_RT__3V81,boltz2,17,227,PHE,236.83880615234375,4,1257.879005432129,7
HIV_RT__3V81,boltz2,17,228,LEU,78.57637023925781,4,119.46577262878418,4
HIV_RT__3V81,boltz2,17,229,TRP,97.38209533691406,4,420.9498472213745,10
HIV_RT__3V81,boltz2,17,230,MET,423.1925048828125,4,836.5143737792969,4
HIV_RT__3V81,boltz2,17,232,TYR,299.1907043457031,4,1299.4383087158203,8
HIV_RT__3V81,boltz2,17,234,LEU,48.481201171875,4,31.50735640525818,4
HIV_RT__3V81,boltz2,17,318,TYR,341.6232604980469,4,1568.2784881591797,8
HIV_RT__3V81,boltz2,18,101,LYS,13.983610153198242,4,141.18676567077637,5
HIV_RT__3V81,boltz2,18,108,VAL,150.23875427246094,4,153.51361465454102,3
HIV_RT__3V81,boltz2,18,180,ILE,7.933562755584717,4,7.7570658922195435,4
HIV_RT__3V81,boltz2,18,181,TYR,30.33591651916504,4,237.4248104095459,8
HIV_RT__3V81,boltz2,18,188,TYR,31.70651626586914,4,285.20181465148926,8
HIV_RT__3V81,boltz2,18,227,PHE,309.1971130371094,4,1519.516128540039,7
HIV_RT__3V81,boltz2,18,228,LEU,68.30230712890625,4,152.65731048583984,4
HIV_RT__3V81,boltz2,18,229,TRP,160.43348693847656,4,1793.300220489502,10
HIV_RT__3V81,boltz2,18,230,MET,303.8116149902344,4,817.9210815429688,4
HIV_RT__3V81,boltz2,18,232,TYR,167.34793090820312,4,923.807502746582,8
HIV_RT__3V81,boltz2,18,234,LEU,33.20875930786133,4,10.260766923427582,4
HIV_RT__3V81,boltz2,18,318,TYR,133.13583374023438,4,648.6736335754395,8
HIV_RT__3V81,boltz2,19,101,LYS,17.233720779418945,4,134.24340057373047,5
HIV_RT__3V81,boltz2,19,108,VAL,78.29747009277344,4,80.68608474731445,3
HIV_RT__3V81,boltz2,19,180,ILE,1.3854646682739258,4,14.012977957725525,4
HIV_RT__3V81,boltz2,19,181,TYR,3.0523149967193604,4,42.5464586019516,8
HIV_RT__3V81,boltz2,19,188,TYR,12.970115661621094,4,92.8533148765564,8
HIV_RT__3V81,boltz2,19,227,PHE,339.11480712890625,4,1307.3331146240234,7
HIV_RT__3V81,boltz2,19,228,LEU,73.78186798095703,4,241.08324432373047,4
HIV_RT__3V81,boltz2,19,229,TRP,124.44537353515625,4,1656.951545715332,10
HIV_RT__3V81,boltz2,19,230,MET,235.697509765625,4,293.9267578125,4
HIV_RT__3V81,boltz2,19,232,TYR,394.5325012207031,4,2017.0834655761719,8
HIV_RT__3V81,boltz2,19,234,LEU,82.91243743896484,4,41.29380559921265,4
HIV_RT__3V81,boltz2,19,318,TYR,91.90406799316406,4,714.1380577087402,8
HIV_RT__3V81,boltz2,20,101,LYS,11.373926162719727,4,79.1624219417572,5
HIV_RT__3V81,boltz2,20,108,VAL,88.86058807373047,4,95.01006126403809,3
HIV_RT__3V81,boltz2,20,180,ILE,1.2428945302963257,4,8.334553748369217,4
HIV_RT__3V81,boltz2,20,181,TYR,7.059098243713379,4,79.947265625,8
HIV_RT__3V81,boltz2,20,188,TYR,16.257225036621094,4,125.70999956130981,8
HIV_RT__3V81,boltz2,20,227,PHE,285.0213317871094,4,990.1168212890625,7
HIV_RT__3V81,boltz2,20,228,LEU,64.54911804199219,4,223.67776107788086,4
HIV_RT__3V81,boltz2,20,229,TRP,41.68182373046875,4,196.36357021331787,10
HIV_RT__3V81,boltz2,20,230,MET,275.2861022949219,4,294.34476470947266,4
HIV_RT__3V81,boltz2,20,232,TYR,197.35841369628906,4,276.0646152496338,8
HIV_RT__3V81,boltz2,20,234,LEU,116.30653381347656,4,46.22943067550659,4
HIV_RT__3V81,boltz2,20,318,TYR,43.395668029785156,4,349.75283432006836,8
HIV_RT__3V81,boltz2,21,101,LYS,16.597640991210938,4,65.44398260116577,5
HIV_RT__3V81,boltz2,21,108,VAL,78.36268615722656,4,83.72361373901367,3
HIV_RT__3V81,boltz2,21,180,ILE,1.4444925785064697,4,7.89313268661499,4
HIV_RT__3V81,boltz2,21,181,TYR,8.527093887329102,4,48.343653202056885,8
HIV_RT__3V81,boltz2,21,188,TYR,17.67511558532715,4,126.00788307189941,8
HIV_RT__3V81,boltz2,21,227,PHE,455.964111328125,4,1371.5876998901367,7
HIV_RT__3V81,boltz2,21,228,LEU,123.81507110595703,4,213.2305793762207,4
HIV_RT__3V81,boltz2,21,229,TRP,71.20791625976562,4,383.981014251709,10
HIV_RT__3V81,boltz2,21,230,MET,229.75888061523438,4,671.1682205200195,4
HIV_RT__3V81,boltz2,21,232,TYR,241.4477996826172,4,280.71509552001953,8
HIV_RT__3V81,boltz2,21,234,LEU,148.37460327148438,4,73.5895528793335,4
HIV_RT__3V81,boltz2,21,318,TYR,23.563400268554688,4,145.05762910842896,8
HIV_RT__3V81,boltz2,22,101,LYS,10.653386116027832,4,82.28814601898193,5
HIV_RT__3V81,boltz2,22,108,VAL,125.32698059082031,4,121.65481185913086,3
HIV_RT__3V81,boltz2,22,180,ILE,2.127250909805298,4,15.92097532749176,4
HIV_RT__3V81,boltz2,22,181,TYR,10.048107147216797,4,64.35628390312195,8
HIV_RT__3V81,boltz2,22,188,TYR,24.867664337158203,4,159.10391426086426,8
HIV_RT__3V81,boltz2,22,227,PHE,318.20660400390625,4,1371.8158493041992,7
HIV_RT__3V81,boltz2,22,228,LEU,78.78936004638672,4,302.2878646850586,4
HIV_RT__3V81,boltz2,22,229,TRP,146.30035400390625,4,1513.8438911437988,10
HIV_RT__3V81,boltz2,22,230,MET,201.02053833007812,4,594.5150833129883,4
HIV_RT__3V81,boltz2,22,232,TYR,181.87060546875,4,208.75094032287598,8
HIV_RT__3V81,boltz2,22,234,LEU,163.58876037597656,4,86.5538330078125,4
HIV_RT__3V81,boltz2,22,318,TYR,36.71501541137695,4,394.20178985595703,8
HIV_RT__3V81,boltz2,23,101,LYS,37.9097900390625,4,62.413877964019775,5
HIV_RT__3V81,boltz2,23,108,VAL,65.18087005615234,4,71.58412170410156,3
HIV_RT__3V81,boltz2,23,180,ILE,2.4662282466888428,4,11.404863834381104,4
HIV_RT__3V81,boltz2,23,181,TYR,2.443474769592285,4,111.88035523891449,8
HIV_RT__3V81,boltz2,23,188,TYR,6.961663246154785,4,83.11306619644165,8
HIV_RT__3V81,boltz2,23,227,PHE,429.87994384765625,4,1406.3814086914062,7
HIV_RT__3V81,boltz2,23,228,LEU,72.53459930419922,4,276.6143684387207,4
HIV_RT__3V81,boltz2,23,229,TRP,38.264129638671875,4,965.8746242523193,10
HIV_RT__3V81,boltz2,23,230,MET,169.167724609375,4,157.71883392333984,4
HIV_RT__3V81,boltz2,23,232,TYR,240.32321166992188,4,968.1047821044922,8
HIV_RT__3V81,boltz2,23,234,LEU,72.38314819335938,4,26.173295497894287,4
HIV_RT__3V81,boltz2,23,318,TYR,92.63523864746094,4,503.9381866455078,8
HIV_RT__3V81,boltz2,24,101,LYS,27.5634822845459,4,245.35291194915771,5
HIV_RT__3V81,boltz2,24,108,VAL,74.48950958251953,4,87.08819007873535,3
HIV_RT__3V81,boltz2,24,180,ILE,9.17270278930664,4,11.282013058662415,4
HIV_RT__3V81,boltz2,24,181,TYR,6.128350257873535,4,381.8534288406372,8
HIV_RT__3V81,boltz2,24,188,TYR,10.673160552978516,4,112.81779193878174,8
HIV_RT__3V81,boltz2,24,227,PHE,298.34063720703125,4,1236.2738494873047,7
HIV_RT__3V81,boltz2,24,228,LEU,110.86235809326172,4,234.6611671447754,4
HIV_RT__3V81,boltz2,24,229,TRP,30.92033576965332,4,438.8789052963257,10
HIV_RT__3V81,boltz2,24,230,MET,205.72637939453125,4,403.4714584350586,4
HIV_RT__3V81,boltz2,24,232,TYR,327.2826232910156,4,1467.684799194336,8
HIV_RT__3V81,boltz2,24,234,LEU,76.92668151855469,4,29.39960479736328,4
HIV_RT__3V81,boltz2,24,318,TYR,190.45941162109375,4,1088.3338623046875,8
HIV_RT__3V81,boltz2,25,101,LYS,16.102581024169922,4,72.88916492462158,5
HIV_RT__3V81,boltz2,25,108,VAL,48.80105972290039,4,59.88603496551514,3
HIV_RT__3V81,boltz2,25,180,ILE,1.472698450088501,4,3.1895207464694977,4
HIV_RT__3V81,boltz2,25,181,TYR,7.252655506134033,4,35.60036385059357,8
HIV_RT__3V81,boltz2,25,188,TYR,12.24996280670166,4,97.43304920196533,8
HIV_RT__3V81,boltz2,25,227,PHE,523.5206298828125,4,1908.7968139648438,7
HIV_RT__3V81,boltz2,25,228,LEU,148.3186798095703,4,158.01508903503418,4
HIV_RT__3V81,boltz2,25,229,TRP,81.7891845703125,4,761.9132041931152,10
HIV_RT__3V81,boltz2,25,230,MET,206.3256072998047,4,271.8760414123535,4
HIV_RT__3V81,boltz2,25,232,TYR,229.06985473632812,4,299.0328369140625,8
HIV_RT__3V81,boltz2,25,234,LEU,130.63307189941406,4,61.07572412490845,4
HIV_RT__3V81,boltz2,25,318,TYR,23.513160705566406,4,28.088634431362152,8
HIV_RT__3V81,boltz2,26,101,LYS,96.97026824951172,4,300.47362899780273,5
HIV_RT__3V81,boltz2,26,108,VAL,52.57524490356445,4,82.39423751831055,3
HIV_RT__3V81,boltz2,26,180,ILE,13.541504859924316,4,21.23670482635498,4
HIV_RT__3V81,boltz2,26,181,TYR,34.09544372558594,4,193.76300716400146,8
HIV_RT__3V81,boltz2,26,188,TYR,20.639726638793945,4,182.2762565612793,8
HIV_RT__3V81,boltz2,26,227,PHE,296.1830139160156,4,536.6964302062988,7
HIV_RT__3V81,boltz2,26,228,LEU,181.61146545410156,4,248.85125350952148,4
HIV_RT__3V81,boltz2,26,229,TRP,184.53207397460938,4,1904.843162536621,10
HIV_RT__3V81,boltz2,26,230,MET,88.80872344970703,4,254.66555786132812,4
HIV_RT__3V81,boltz2,26,232,TYR,12.236246109008789,4,198.02707719802856,8
HIV_RT__3V81,boltz2,26,234,LEU,25.853208541870117,4,26.828712940216064,4
HIV_RT__3V81,boltz2,26,318,TYR,78.61874389648438,4,333.18608474731445,8
HIV_RT__3V81,boltz2,27,101,LYS,6.849383354187012,4,47.030739307403564,5
HIV_RT__3V81,boltz2,27,108,VAL,32.808536529541016,4,45.42712211608887,3
HIV_RT__3V81,boltz2,27,180,ILE,1.3945268392562866,4,4.084013640880585,4
HIV_RT__3V81,boltz2,27,181,TYR,3.406550407409668,4,315.2204676270485,8
HIV_RT__3V81,boltz2,27,188,TYR,7.300069332122803,4,59.91165733337402,8
HIV_RT__3V81,boltz2,27,227,PHE,330.06622314453125,4,1352.542709350586,7
HIV_RT__3V81,boltz2,27,228,LEU,77.38395690917969,4,43.37044906616211,4
HIV_RT__3V81,boltz2,27,229,TRP,27.74371910095215,4,400.7150001525879,10
HIV_RT__3V81,boltz2,27,230,MET,113.78682708740234,4,124.81244945526123,4
HIV_RT__3V81,boltz2,27,232,TYR,140.35763549804688,4,174.34549522399902,8
HIV_RT__3V81,boltz2,27,234,LEU,86.77294158935547,4,73.44304609298706,4
HIV_RT__3V81,boltz2,27,318,TYR,12.999821662902832,4,54.57368445396423,8
HIV_RT__3V81,boltz2,28,101,LYS,29.37396240234375,4,86.24625968933105,5
HIV_RT__3V81,boltz2,28,108,VAL,55.81159973144531,4,60.36674118041992,3
HIV_RT__3V81,boltz2,28,180,ILE,4.209047794342041,4,15.577405452728271,4
HIV_RT__3V81,boltz2,28,181,TYR,0.22411346435546875,4,266.2223784327507,8
HIV_RT__3V81,boltz2,28,188,TYR,5.620654106140137,4,65.06347584724426,8
HIV_RT__3V81,boltz2,28,227,PHE,264.8121643066406,4,1167.3035888671875,7
HIV_RT__3V81,boltz2,28,228,LEU,49.42402267456055,4,30.04271173477173,4
HIV_RT__3V81,boltz2,28,229,TRP,19.673141479492188,4,545.9980545043945,10
HIV_RT__3V81,boltz2,28,230,MET,121.89641571044922,4,99.07916450500488,4
HIV_RT__3V81,boltz2,28,232,TYR,272.43792724609375,4,1275.185188293457,8
HIV_RT__3V81,boltz2,28,234,LEU,76.95880126953125,4,30.263508796691895,4
HIV_RT__3V81,boltz2,28,318,TYR,112.498779296875,4,276.527437210083,8
HIV_RT__3V81,boltz2,29,101,LYS,182.05230712890625,4,184.0233449935913,5
HIV_RT__3V81,boltz2,29,108,VAL,51.54298400878906,4,75.48824691772461,3
HIV_RT__3V81,boltz2,29,180,ILE,23.230712890625,4,21.930760145187378,4
HIV_RT__3V81,boltz2,29,181,TYR,6.459011554718018,4,60.3956732749939,8
HIV_RT__3V81,boltz2,29,188,TYR,21.88471221923828,4,153.96495628356934,8
HIV_RT__3V81,boltz2,29,227,PHE,275.9739990234375,4,1198.4488372802734,7
HIV_RT__3V81,boltz2,29,228,LEU,73.57160186767578,4,24.931035041809082,4
HIV_RT__3V81,boltz2,29,229,TRP,181.38790893554688,4,2119.9645233154297,10
HIV_RT__3V81,boltz2,29,230,MET,124.53572082519531,4,425.1804656982422,4
HIV_RT__3V81,boltz2,29,232,TYR,40.71100997924805,4,283.43813705444336,8
HIV_RT__3V81,boltz2,29,234,LEU,81.25215148925781,4,22.887948274612427,4
HIV_RT__3V81,boltz2,29,318,TYR,2058.147216796875,4,5572.0048828125,8
HIV_RT__3V81,esmfold2,0,101,LYS,2.4833691120147705,4,28.19920778274536,5
HIV_RT__3V81,esmfold2,0,108,VAL,1.0003840923309326,4,8.184769719839096,3
HIV_RT__3V81,esmfold2,0,180,ILE,1.4785840511322021,4,2.632328361272812,4
HIV_RT__3V81,esmfold2,0,181,TYR,5.712052822113037,4,308.9969016313553,8
HIV_RT__3V81,esmfold2,0,188,TYR,2.31327486038208,4,7.917910099029541,8
HIV_RT__3V81,esmfold2,0,227,PHE,0.15086668729782104,4,2.326707139611244,7
HIV_RT__3V81,esmfold2,0,228,LEU,0.47741976380348206,4,4.942172989249229,4
HIV_RT__3V81,esmfold2,0,229,TRP,0.4096894860267639,4,8.079067587852478,10
HIV_RT__3V81,esmfold2,0,230,MET,0.9178959131240845,4,4.390070408582687,4
HIV_RT__3V81,esmfold2,0,232,TYR,0.5392032861709595,4,6.535952672362328,8
HIV_RT__3V81,esmfold2,0,234,LEU,0.9157336354255676,4,5.361278712749481,4
HIV_RT__3V81,esmfold2,0,318,TYR,4.503921985626221,4,7.223027586936951,8
HIV_RT__3V81,esmfold2,1,101,LYS,4.726399898529053,4,37.113121509552,5
HIV_RT__3V81,esmfold2,1,108,VAL,5.9151506423950195,4,16.43019449710846,3
HIV_RT__3V81,esmfold2,1,180,ILE,1.8193869590759277,4,3.5602505803108215,4
HIV_RT__3V81,esmfold2,1,181,TYR,6.747187614440918,4,338.2657276391983,8
HIV_RT__3V81,esmfold2,1,188,TYR,4.2369489669799805,4,18.099756240844727,8
HIV_RT__3V81,esmfold2,1,227,PHE,0.09553945064544678,4,0.7284865416586399,7
HIV_RT__3V81,esmfold2,1,228,LEU,0.861591637134552,4,5.633307844400406,4
HIV_RT__3V81,esmfold2,1,229,TRP,1.2079614400863647,4,5.808885768055916,10
HIV_RT__3V81,esmfold2,1,230,MET,0.33067017793655396,4,6.770555764436722,4
HIV_RT__3V81,esmfold2,1,232,TYR,0.12167923897504807,4,7.2513704635202885,8
HIV_RT__3V81,esmfold2,1,234,LEU,0.7271121740341187,4,6.102099895477295,4
HIV_RT__3V81,esmfold2,1,318,TYR,11.004030227661133,4,12.663499236106873,8
HIV_RT__3V81,esmfold2,2,101,LYS,4.980635166168213,4,36.080827951431274,5
HIV_RT__3V81,esmfold2,2,108,VAL,0.7475427389144897,4,8.068194091320038,3
HIV_RT__3V81,esmfold2,2,180,ILE,1.1259361505508423,4,3.5230273604393005,4
HIV_RT__3V81,esmfold2,2,181,TYR,4.774583339691162,4,15.201100945472717,8
HIV_RT__3V81,esmfold2,2,188,TYR,1.9101070165634155,4,6.531187474727631,8
HIV_RT__3V81,esmfold2,2,227,PHE,0.4900740385055542,4,0.38943852856755257,7
HIV_RT__3V81,esmfold2,2,228,LEU,0.206589013338089,4,4.6395988911390305,4
HIV_RT__3V81,esmfold2,2,229,TRP,1.0918586254119873,4,1.948106873780489,10
HIV_RT__3V81,esmfold2,2,230,MET,0.5191135406494141,4,3.2813495006412268,4
HIV_RT__3V81,esmfold2,2,232,TYR,0.20681516826152802,4,1.8024050146341324,8
HIV_RT__3V81,esmfold2,2,234,LEU,2.4640727043151855,4,7.667407155036926,4
HIV_RT__3V81,esmfold2,2,318,TYR,13.56737995147705,4,19.776062488555908,8
HIV_RT__3V81,esmfold2,3,101,LYS,1.0647339820861816,4,37.9444397687912,5
HIV_RT__3V81,esmfold2,3,108,VAL,27.330158233642578,4,36.93825387954712,3
HIV_RT__3V81,esmfold2,3,180,ILE,0.9308072328567505,4,6.810360014438629,4
HIV_RT__3V81,esmfold2,3,181,TYR,4.756817817687988,4,308.29902017116547,8
HIV_RT__3V81,esmfold2,3,188,TYR,8.69755744934082,4,295.7646760940552,8
HIV_RT__3V81,esmfold2,3,227,PHE,2.244692087173462,4,15.677722930908203,7
HIV_RT__3V81,esmfold2,3,228,LEU,5.786711692810059,4,8.327273905277252,4
HIV_RT__3V81,esmfold2,3,229,TRP,6.299576759338379,4,39.55409777164459,10
HIV_RT__3V81,esmfold2,3,230,MET,11.902751922607422,4,28.360960483551025,4
HIV_RT__3V81,esmfold2,3,232,TYR,2.974712371826172,4,17.92242157459259,8
HIV_RT__3V81,esmfold2,3,234,LEU,0.5964311361312866,4,6.7416316866874695,4
HIV_RT__3V81,esmfold2,3,318,TYR,1.684922456741333,4,3.928126275539398,8
HIV_RT__3V81,esmfold2,4,101,LYS,3.7007932662963867,4,36.539021730422974,5
HIV_RT__3V81,esmfold2,4,108,VAL,31.552364349365234,4,41.90401268005371,3
HIV_RT__3V81,esmfold2,4,180,ILE,1.2572832107543945,4,5.411482632160187,4
HIV_RT__3V81,esmfold2,4,181,TYR,8.576681137084961,4,346.4780888557434,8
HIV_RT__3V81,esmfold2,4,188,TYR,10.964628219604492,4,318.559663772583,8
HIV_RT__3V81,esmfold2,4,227,PHE,2.0225045680999756,4,16.50921130180359,7
HIV_RT__3V81,esmfold2,4,228,LEU,4.230280876159668,4,6.629505395889282,4
HIV_RT__3V81,esmfold2,4,229,TRP,4.7748918533325195,4,36.4787962436676,10
HIV_RT__3V81,esmfold2,4,230,MET,8.836270332336426,4,24.744608879089355,4
HIV_RT__3V81,esmfold2,4,232,TYR,2.088196039199829,4,19.482643723487854,8
HIV_RT__3V81,esmfold2,4,234,LEU,0.592623233795166,4,7.317208290100098,4
HIV_RT__3V81,esmfold2,4,318,TYR,6.6268839836120605,4,9.302859604358673,8
HIV_RT__3V81,esmfold2,5,101,LYS,39.036048889160156,4,116.96631526947021,5
HIV_RT__3V81,esmfold2,5,108,VAL,109.44081115722656,4,105.2219467163086,3
HIV_RT__3V81,esmfold2,5,180,ILE,7.783053398132324,4,16.974729776382446,4
HIV_RT__3V81,esmfold2,5,181,TYR,35.31880187988281,4,193.45901107788086,8
HIV_RT__3V81,esmfold2,5,188,TYR,42.1529655456543,4,175.1214714050293,8
HIV_RT__3V81,esmfold2,5,227,PHE,103.95614624023438,4,286.21264266967773,7
HIV_RT__3V81,esmfold2,5,228,LEU,104.81294250488281,4,112.54779052734375,4
HIV_RT__3V81,esmfold2,5,229,TRP,105.05188751220703,4,1633.7372703552246,10
HIV_RT__3V81,esmfold2,5,230,MET,224.46351623535156,4,126.13241577148438,4
HIV_RT__3V81,esmfold2,5,232,TYR,321.715087890625,4,619.4306602478027,8
HIV_RT__3V81,esmfold2,5,234,LEU,101.78933715820312,4,84.50430297851562,4
HIV_RT__3V81,esmfold2,5,318,TYR,550.7881469726562,4,2946.826171875,8
HIV_RT__3V81,esmfold2,6,101,LYS,4.023238658905029,4,31.52780556678772,5
HIV_RT__3V81,esmfold2,6,108,VAL,0.40210795402526855,4,6.37448650598526,3
HIV_RT__3V81,esmfold2,6,180,ILE,1.9484235048294067,4,2.8516875505447388,4
HIV_RT__3V81,esmfold2,6,181,TYR,6.849297523498535,4,24.971327543258667,8
HIV_RT__3V81,esmfold2,6,188,TYR,2.6478757858276367,4,6.922521233558655,8
HIV_RT__3V81,esmfold2,6,227,PHE,0.46928519010543823,4,0.9587234333157539,7
HIV_RT__3V81,esmfold2,6,228,LEU,0.454681932926178,4,5.004316598176956,4
HIV_RT__3V81,esmfold2,6,229,TRP,0.45598310232162476,4,1.629857949912548,10
HIV_RT__3V81,esmfold2,6,230,MET,0.10521554946899414,4,2.983472090214491,4
HIV_RT__3V81,esmfold2,6,232,TYR,0.14549201726913452,4,3.7350705303251743,8
HIV_RT__3V81,esmfold2,6,234,LEU,1.795767903327942,4,7.291835069656372,4
HIV_RT__3V81,esmfold2,6,318,TYR,9.154340744018555,4,12.708094000816345,8
HIV_RT__3V81,esmfold2,7,101,LYS,1.1806235313415527,4,32.506276190280914,5
HIV_RT__3V81,esmfold2,7,108,VAL,5.621426582336426,4,15.133699178695679,3
HIV_RT__3V81,esmfold2,7,180,ILE,1.2390106916427612,4,3.2628020644187927,4
HIV_RT__3V81,esmfold2,7,181,TYR,2.3948614597320557,4,255.76573729515076,8
HIV_RT__3V81,esmfold2,7,188,TYR,3.1417617797851562,4,281.18005657196045,8
HIV_RT__3V81,esmfold2,7,227,PHE,0.42258450388908386,4,3.7703813910484314,7
HIV_RT__3V81,esmfold2,7,228,LEU,1.3741405010223389,4,5.150466173887253,4
HIV_RT__3V81,esmfold2,7,229,TRP,1.8363945484161377,4,19.90548747777939,10
HIV_RT__3V81,esmfold2,7,230,MET,4.198947429656982,4,13.20302963256836,4
HIV_RT__3V81,esmfold2,7,232,TYR,1.1265803575515747,4,10.792461544275284,8
HIV_RT__3V81,esmfold2,7,234,LEU,0.9988217353820801,4,6.855852901935577,4
HIV_RT__3V81,esmfold2,7,318,TYR,3.7130630016326904,4,6.235419929027557,8
HIV_RT__3V81,esmfold2,8,101,LYS,17.872821807861328,4,122.39018726348877,5
HIV_RT__3V81,esmfold2,8,108,VAL,147.229736328125,4,127.5671272277832,3
HIV_RT__3V81,esmfold2,8,180,ILE,5.532686233520508,4,20.664067029953003,4
HIV_RT__3V81,esmfold2,8,181,TYR,28.587284088134766,4,165.4973030090332,8
HIV_RT__3V81,esmfold2,8,188,TYR,46.526756286621094,4,186.8792896270752,8
HIV_RT__3V81,esmfold2,8,227,PHE,151.99191284179688,4,623.3938789367676,7
HIV_RT__3V81,esmfold2,8,228,LEU,58.23515701293945,4,247.50922775268555,4
HIV_RT__3V81,esmfold2,8,229,TRP,142.33636474609375,4,598.4149532318115,10
HIV_RT__3V81,esmfold2,8,230,MET,315.7649230957031,4,679.9889602661133,4
HIV_RT__3V81,esmfold2,8,232,TYR,322.1541748046875,4,611.3940963745117,8
HIV_RT__3V81,esmfold2,8,234,LEU,166.61019897460938,4,130.45936393737793,4
HIV_RT__3V81,esmfold2,8,318,TYR,476.11273193359375,4,2270.0726013183594,8
HIV_RT__3V81,esmfold2,9,101,LYS,2.3484854698181152,4,31.547285079956055,5
HIV_RT__3V81,esmfold2,9,108,VAL,2.6379103660583496,4,10.706251382827759,3
HIV_RT__3V81,esmfold2,9,180,ILE,1.1790249347686768,4,3.217272847890854,4
HIV_RT__3V81,esmfold2,9,181,TYR,4.210248947143555,4,301.41847801208496,8
HIV_RT__3V81,esmfold2,9,188,TYR,2.8791909217834473,4,7.572241008281708,8
HIV_RT__3V81,esmfold2,9,227,PHE,0.25011488795280457,4,1.0673142597079277,7
HIV_RT__3V81,esmfold2,9,228,LEU,0.7364189624786377,4,5.036038249731064,4
HIV_RT__3V81,esmfold2,9,229,TRP,0.7466977834701538,4,7.537673845887184,10
HIV_RT__3V81,esmfold2,9,230,MET,1.2036724090576172,4,6.899100661277771,4
HIV_RT__3V81,esmfold2,9,232,TYR,0.4835246801376343,4,5.98920151591301,8
HIV_RT__3V81,esmfold2,9,234,LEU,1.010823369026184,4,6.682080626487732,4
HIV_RT__3V81,esmfold2,9,318,TYR,7.48025369644165,4,11.319960355758667,8
HIV_RT__3V81,esmfold2,10,101,LYS,2.0963003635406494,4,30.72114598751068,5
HIV_RT__3V81,esmfold2,10,108,VAL,1.2342431545257568,4,8.817493617534637,3
HIV_RT__3V81,esmfold2,10,180,ILE,0.8898930549621582,4,3.0642493665218353,4
HIV_RT__3V81,esmfold2,10,181,TYR,3.1010901927948,4,294.1733998656273,8
HIV_RT__3V81,esmfold2,10,188,TYR,1.705474615097046,4,5.606358051300049,8
HIV_RT__3V81,esmfold2,10,227,PHE,0.33574554324150085,4,1.3157733231782913,7
HIV_RT__3V81,esmfold2,10,228,LEU,0.5531611442565918,4,5.203561991453171,4
HIV_RT__3V81,esmfold2,10,229,TRP,0.5417580604553223,4,4.88602252304554,10
HIV_RT__3V81,esmfold2,10,230,MET,0.4292961359024048,4,3.9790805876255035,4
HIV_RT__3V81,esmfold2,10,232,TYR,0.16632413864135742,4,3.3208477944135666,8
HIV_RT__3V81,esmfold2,10,234,LEU,1.2935595512390137,4,6.4586411118507385,4
HIV_RT__3V81,esmfold2,10,318,TYR,5.251794815063477,4,7.8557990193367,8
HIV_RT__3V81,esmfold2,11,101,LYS,75.02796173095703,4,295.8621063232422,5
HIV_RT__3V81,esmfold2,11,108,VAL,174.0775146484375,4,157.0107421875,3
HIV_RT__3V81,esmfold2,11,180,ILE,13.736068725585938,4,27.138590812683105,4
HIV_RT__3V81,esmfold2,11,181,TYR,70.20655822753906,4,593.7696075439453,8
HIV_RT__3V81,esmfold2,11,188,TYR,65.22945404052734,4,296.7327575683594,8
HIV_RT__3V81,esmfold2,11,227,PHE,417.2839660644531,4,977.5930023193359,7
HIV_RT__3V81,esmfold2,11,228,LEU,206.1544189453125,4,287.4680404663086,4
HIV_RT__3V81,esmfold2,11,229,TRP,161.3931884765625,4,1213.6124458312988,10
HIV_RT__3V81,esmfold2,11,230,MET,231.76516723632812,4,386.60396575927734,4
HIV_RT__3V81,esmfold2,11,232,TYR,270.0760498046875,4,522.014476776123,8
HIV_RT__3V81,esmfold2,11,234,LEU,79.30009460449219,4,81.53486061096191,4
HIV_RT__3V81,esmfold2,11,318,TYR,561.944091796875,4,3133.2979431152344,8
HIV_RT__3V81,esmfold2,12,101,LYS,3.0430498123168945,4,26.54537206888199,5
HIV_RT__3V81,esmfold2,12,108,VAL,4.513950347900391,4,14.664956450462341,3
HIV_RT__3V81,esmfold2,12,180,ILE,2.0262012481689453,4,3.643773764371872,4
HIV_RT__3V81,esmfold2,12,181,TYR,6.688959121704102,4,299.76955699920654,8
HIV_RT__3V81,esmfold2,12,188,TYR,4.881967544555664,4,291.7901785373688,8
HIV_RT__3V81,esmfold2,12,227,PHE,0.4448115825653076,4,2.638643339276314,7
HIV_RT__3V81,esmfold2,12,228,LEU,1.3113561868667603,4,5.492923378944397,4
HIV_RT__3V81,esmfold2,12,229,TRP,1.1121405363082886,4,12.774047553539276,10
HIV_RT__3V81,esmfold2,12,230,MET,2.209390640258789,4,6.77565324306488,4
HIV_RT__3V81,esmfold2,12,232,TYR,0.8337857723236084,4,9.231237784028053,8
HIV_RT__3V81,esmfold2,12,234,LEU,1.010681390762329,4,6.822555184364319,4
HIV_RT__3V81,esmfold2,12,318,TYR,6.0266008377075195,4,10.282664477825165,8
HIV_RT__3V81,esmfold2,13,101,LYS,1.087953805923462,4,31.83433085680008,5
HIV_RT__3V81,esmfold2,13,108,VAL,2.0196492671966553,4,1.0113573521375656,3
HIV_RT__3V81,esmfold2,13,180,ILE,6.206143856048584,4,4.914004623889923,4
HIV_RT__3V81,esmfold2,13,181,TYR,7.086626052856445,4,211.34742498397827,8
HIV_RT__3V81,esmfold2,13,188,TYR,3.1544981002807617,4,266.8111869096756,8
HIV_RT__3V81,esmfold2,13,227,PHE,1.426020622253418,4,3.060836672782898,7
HIV_RT__3V81,esmfold2,13,228,LEU,2.109483242034912,4,5.839085727930069,4
HIV_RT__3V81,esmfold2,13,229,TRP,1.2805562019348145,4,12.806424409151077,10
HIV_RT__3V81,esmfold2,13,230,MET,3.4086756706237793,4,7.600226998329163,4
HIV_RT__3V81,esmfold2,13,232,TYR,2.1284899711608887,4,10.604824483394623,8
HIV_RT__3V81,esmfold2,13,234,LEU,2.1020407676696777,4,8.117842316627502,4
HIV_RT__3V81,esmfold2,13,318,TYR,7.677741050720215,4,11.283926844596863,8
HIV_RT__3V81,esmfold2,14,101,LYS,3.0342941284179688,4,32.93869209289551,5
HIV_RT__3V81,esmfold2,14,108,VAL,4.099804401397705,4,14.482625722885132,3
HIV_RT__3V81,esmfold2,14,180,ILE,0.8530685305595398,4,2.749284565448761,4
HIV_RT__3V81,esmfold2,14,181,TYR,4.465975284576416,4,328.11515986919403,8
HIV_RT__3V81,esmfold2,14,188,TYR,2.479509115219116,4,15.031336188316345,8
HIV_RT__3V81,esmfold2,14,227,PHE,0.043212227523326874,4,1.3270885646343231,7
HIV_RT__3V81,esmfold2,14,228,LEU,0.42794856429100037,4,4.9433129876852036,4
HIV_RT__3V81,esmfold2,14,229,TRP,0.8153543472290039,4,3.7023187056183815,10
HIV_RT__3V81,esmfold2,14,230,MET,0.0865393653512001,4,5.5579709112644196,4
HIV_RT__3V81,esmfold2,14,232,TYR,0.08860825002193451,4,3.5155453719198704,8
HIV_RT__3V81,esmfold2,14,234,LEU,0.8927940130233765,4,5.832287818193436,4
HIV_RT__3V81,esmfold2,14,318,TYR,6.382467269897461,4,8.850050687789917,8
HIV_RT__3V81,esmfold2,15,101,LYS,0.655902624130249,4,28.64680391550064,5
HIV_RT__3V81,esmfold2,15,108,VAL,0.6994428634643555,4,6.952233776450157,3
HIV_RT__3V81,esmfold2,15,180,ILE,0.5277354717254639,4,2.384270718321204,4
HIV_RT__3V81,esmfold2,15,181,TYR,1.1570786237716675,4,2.137271597981453,8
HIV_RT__3V81,esmfold2,15,188,TYR,0.6534485816955566,4,1.9572634994983673,8
HIV_RT__3V81,esmfold2,15,227,PHE,0.22284595668315887,4,1.8852627277374268,7
HIV_RT__3V81,esmfold2,15,228,LEU,0.3669131398200989,4,4.840224787592888,4
HIV_RT__3V81,esmfold2,15,229,TRP,0.3562234938144684,4,3.8906206488609314,10
HIV_RT__3V81,esmfold2,15,230,MET,0.6532046794891357,4,4.651600360870361,4
HIV_RT__3V81,esmfold2,15,232,TYR,0.49919235706329346,4,4.326461210846901,8
HIV_RT__3V81,esmfold2,15,234,LEU,1.0328631401062012,4,5.396879494190216,4
HIV_RT__3V81,esmfold2,15,318,TYR,3.9533185958862305,4,6.278027176856995,8
HIV_RT__3V81,esmfold2,16,101,LYS,3.924605369567871,4,31.873680591583252,5
HIV_RT__3V81,esmfold2,16,108,VAL,0.8959426879882812,4,7.818109393119812,3
HIV_RT__3V81,esmfold2,16,180,ILE,1.0684056282043457,4,1.8818632662296295,4
HIV_RT__3V81,esmfold2,16,181,TYR,4.002352714538574,4,14.283886790275574,8
HIV_RT__3V81,esmfold2,16,188,TYR,1.8292045593261719,4,6.322687566280365,8
HIV_RT__3V81,esmfold2,16,227,PHE,0.0620604082942009,4,1.1468993239104748,7
HIV_RT__3V81,esmfold2,16,228,LEU,0.4008486866950989,4,4.630057170987129,4
HIV_RT__3V81,esmfold2,16,229,TRP,0.7340607643127441,4,2.8894854485988617,10
HIV_RT__3V81,esmfold2,16,230,MET,0.24750907719135284,4,3.6045886874198914,4
HIV_RT__3V81,esmfold2,16,232,TYR,0.18585574626922607,4,6.212268140166998,8
HIV_RT__3V81,esmfold2,16,234,LEU,0.9646268486976624,4,6.041223645210266,4
HIV_RT__3V81,esmfold2,16,318,TYR,7.5607123374938965,4,10.428165197372437,8
HIV_RT__3V81,esmfold2,17,101,LYS,2.8471665382385254,4,33.6212797164917,5
HIV_RT__3V81,esmfold2,17,108,VAL,2.2495315074920654,4,11.367728412151337,3
HIV_RT__3V81,esmfold2,17,180,ILE,2.798344612121582,4,3.674182176589966,4
HIV_RT__3V81,esmfold2,17,181,TYR,5.423183441162109,4,270.96193969249725,8
HIV_RT__3V81,esmfold2,17,188,TYR,3.469574451446533,4,290.9495394229889,8
HIV_RT__3V81,esmfold2,17,227,PHE,0.31123995780944824,4,1.2477471828460693,7
HIV_RT__3V81,esmfold2,17,228,LEU,0.9799835085868835,4,5.609915614128113,4
HIV_RT__3V81,esmfold2,17,229,TRP,1.2139532566070557,4,13.875655174255371,10
HIV_RT__3V81,esmfold2,17,230,MET,1.79853355884552,4,7.041119813919067,4
HIV_RT__3V81,esmfold2,17,232,TYR,0.6360129117965698,4,11.264617919921875,8
HIV_RT__3V81,esmfold2,17,234,LEU,0.8670574426651001,4,6.65712696313858,4
HIV_RT__3V81,esmfold2,17,318,TYR,5.617343902587891,4,7.121254980564117,8
HIV_RT__3V81,esmfold2,18,101,LYS,19.859920501708984,4,105.11970710754395,5
HIV_RT__3V81,esmfold2,18,108,VAL,145.19964599609375,4,133.9945182800293,3
HIV_RT__3V81,esmfold2,18,180,ILE,4.172192573547363,4,16.39408242702484,4
HIV_RT__3V81,esmfold2,18,181,TYR,38.98435974121094,4,248.16172695159912,8
HIV_RT__3V81,esmfold2,18,188,TYR,46.25635528564453,4,214.22978973388672,8
HIV_RT__3V81,esmfold2,18,227,PHE,56.29206085205078,4,211.0927219390869,7
HIV_RT__3V81,esmfold2,18,228,LEU,65.12248229980469,4,56.732035636901855,4
HIV_RT__3V81,esmfold2,18,229,TRP,74.84226989746094,4,1680.0533638000488,10
HIV_RT__3V81,esmfold2,18,230,MET,134.01608276367188,4,60.96337604522705,4
HIV_RT__3V81,esmfold2,18,232,TYR,264.36383056640625,4,526.5139007568359,8
HIV_RT__3V81,esmfold2,18,234,LEU,68.88484954833984,4,52.317626953125,4
HIV_RT__3V81,esmfold2,18,318,TYR,332.68603515625,4,2372.8257904052734,8
HIV_RT__3V81,esmfold2,19,101,LYS,1.424322247505188,4,37.83798623085022,5
HIV_RT__3V81,esmfold2,19,108,VAL,2.4805240631103516,4,9.495924353599548,3
HIV_RT__3V81,esmfold2,19,180,ILE,1.9227283000946045,4,4.528273642063141,4
HIV_RT__3V81,esmfold2,19,181,TYR,2.3152077198028564,4,227.81740379333496,8
HIV_RT__3V81,esmfold2,19,188,TYR,2.5782289505004883,4,4.850713342428207,8
HIV_RT__3V81,esmfold2,19,227,PHE,1.0459191799163818,4,3.9914100766181946,7
HIV_RT__3V81,esmfold2,19,228,LEU,2.2463834285736084,4,5.424106955528259,4
HIV_RT__3V81,esmfold2,19,229,TRP,1.6983603239059448,4,14.447854459285736,10
HIV_RT__3V81,esmfold2,19,230,MET,3.679764986038208,4,9.44587779045105,4
HIV_RT__3V81,esmfold2,19,232,TYR,1.1996753215789795,4,9.10503414273262,8
HIV_RT__3V81,esmfold2,19,234,LEU,1.2041685581207275,4,8.400668501853943,4
HIV_RT__3V81,esmfold2,19,318,TYR,5.501358985900879,4,8.57304984331131,8
HIV_RT__3V81,esmfold2,20,101,LYS,1.8847777843475342,4,32.362706542015076,5
HIV_RT__3V81,esmfold2,20,108,VAL,1.8343781232833862,4,9.339359045028687,3
HIV_RT__3V81,esmfold2,20,180,ILE,2.6163690090179443,4,3.71905380487442,4
HIV_RT__3V81,esmfold2,20,181,TYR,5.394233703613281,4,268.55445408821106,8
HIV_RT__3V81,esmfold2,20,188,TYR,2.9694299697875977,4,298.902206659317,8
HIV_RT__3V81,esmfold2,20,227,PHE,0.6195745468139648,4,2.1602831035852432,7
HIV_RT__3V81,esmfold2,20,228,LEU,1.1785001754760742,4,5.896420478820801,4
HIV_RT__3V81,esmfold2,20,229,TRP,1.1758149862289429,4,11.357531175017357,10
HIV_RT__3V81,esmfold2,20,230,MET,2.227515935897827,4,4.956166923046112,4
HIV_RT__3V81,esmfold2,20,232,TYR,0.9277154207229614,4,7.4078788459300995,8
HIV_RT__3V81,esmfold2,20,234,LEU,1.396897792816162,4,7.00284606218338,4
HIV_RT__3V81,esmfold2,20,318,TYR,5.8740010261535645,4,9.99972015619278,8
HIV_RT__3V81,esmfold2,21,101,LYS,1.9029691219329834,4,26.750792980194092,5
HIV_RT__3V81,esmfold2,21,108,VAL,2.2267892360687256,4,10.079625487327576,3
HIV_RT__3V81,esmfold2,21,180,ILE,1.486637830734253,4,2.943748891353607,4
HIV_RT__3V81,esmfold2,21,181,TYR,3.376058340072632,4,269.08202385902405,8
HIV_RT__3V81,esmfold2,21,188,TYR,2.622438907623291,4,282.1785959005356,8
HIV_RT__3V81,esmfold2,21,227,PHE,0.6148279309272766,4,4.591479659080505,7
HIV_RT__3V81,esmfold2,21,228,LEU,1.6227151155471802,4,5.199366509914398,4
HIV_RT__3V81,esmfold2,21,229,TRP,1.380842685699463,4,14.327191859483719,10
HIV_RT__3V81,esmfold2,21,230,MET,3.1319613456726074,4,8.931329011917114,4
HIV_RT__3V81,esmfold2,21,232,TYR,0.7680107951164246,4,6.506396859884262,8
HIV_RT__3V81,esmfold2,21,234,LEU,0.6907359957695007,4,5.813504338264465,4
HIV_RT__3V81,esmfold2,21,318,TYR,3.775996685028076,4,6.048944294452667,8
HIV_RT__3V81,esmfold2,22,101,LYS,3.1456730365753174,4,32.47481119632721,5
HIV_RT__3V81,esmfold2,22,108,VAL,1.807162880897522,4,10.628665685653687,3
HIV_RT__3V81,esmfold2,22,180,ILE,1.2162501811981201,4,2.955197423696518,4
HIV_RT__3V81,esmfold2,22,181,TYR,4.152310848236084,4,7.8761967420578,8
HIV_RT__3V81,esmfold2,22,188,TYR,2.2024459838867188,4,270.08909475803375,8
HIV_RT__3V81,esmfold2,22,227,PHE,0.2218933254480362,4,1.0441429913043976,7
HIV_RT__3V81,esmfold2,22,228,LEU,0.646981954574585,4,5.294822573661804,4
HIV_RT__3V81,esmfold2,22,229,TRP,0.7506886124610901,4,4.6944427862763405,10
HIV_RT__3V81,esmfold2,22,230,MET,0.6626119017601013,4,6.157856047153473,4
HIV_RT__3V81,esmfold2,22,232,TYR,0.2599644064903259,4,7.0499575808644295,8
HIV_RT__3V81,esmfold2,22,234,LEU,1.2643338441848755,4,7.067832887172699,4
HIV_RT__3V81,esmfold2,22,318,TYR,7.47934627532959,4,10.39171826839447,8
HIV_RT__3V81,esmfold2,23,101,LYS,2.7537314891815186,4,34.81321978569031,5
HIV_RT__3V81,esmfold2,23,108,VAL,25.071428298950195,4,35.70095348358154,3
HIV_RT__3V81,esmfold2,23,180,ILE,1.0548906326293945,4,5.498350262641907,4
HIV_RT__3V81,esmfold2,23,181,TYR,7.08115816116333,4,336.7562119960785,8
HIV_RT__3V81,esmfold2,23,188,TYR,8.538459777832031,4,312.18132734298706,8
HIV_RT__3V81,esmfold2,23,227,PHE,1.8953356742858887,4,9.935086131095886,7
HIV_RT__3V81,esmfold2,23,228,LEU,4.078239917755127,4,6.511538505554199,4
HIV_RT__3V81,esmfold2,23,229,TRP,4.413795471191406,4,32.599881529808044,10
HIV_RT__3V81,esmfold2,23,230,MET,8.140727996826172,4,25.913839101791382,4
HIV_RT__3V81,esmfold2,23,232,TYR,1.6926827430725098,4,12.458354860544205,8
HIV_RT__3V81,esmfold2,23,234,LEU,0.7078729271888733,4,7.3580567836761475,4
HIV_RT__3V81,esmfold2,23,318,TYR,6.263093948364258,4,9.095322847366333,8
HIV_RT__3V81,esmfold2,24,101,LYS,3.1565661430358887,4,34.218735694885254,5
HIV_RT__3V81,esmfold2,24,108,VAL,4.432883262634277,4,13.952262878417969,3
HIV_RT__3V81,esmfold2,24,180,ILE,1.4203099012374878,4,3.5443865060806274,4
HIV_RT__3V81,esmfold2,24,181,TYR,5.351510047912598,4,317.66201651096344,8
HIV_RT__3V81,esmfold2,24,188,TYR,3.314260959625244,4,13.94644284248352,8
HIV_RT__3V81,esmfold2,24,227,PHE,0.3120322823524475,4,1.181587815284729,7
HIV_RT__3V81,esmfold2,24,228,LEU,0.7684747576713562,4,5.298786550760269,4
HIV_RT__3V81,esmfold2,24,229,TRP,0.9341669082641602,4,4.2612671703100204,10
HIV_RT__3V81,esmfold2,24,230,MET,0.47129881381988525,4,6.751181334257126,4
HIV_RT__3V81,esmfold2,24,232,TYR,0.35031065344810486,4,8.735226064920425,8
HIV_RT__3V81,esmfold2,24,234,LEU,1.582887887954712,4,7.93571537733078,4
HIV_RT__3V81,esmfold2,24,318,TYR,7.413792610168457,4,10.7097749710083,8
HIV_RT__3V81,esmfold2,25,101,LYS,2.568743944168091,4,32.96625506877899,5
HIV_RT__3V81,esmfold2,25,108,VAL,3.201357841491699,4,12.093477845191956,3
HIV_RT__3V81,esmfold2,25,180,ILE,2.431687116622925,4,4.286127209663391,4
HIV_RT__3V81,esmfold2,25,181,TYR,5.934866905212402,4,283.40457808971405,8
HIV_RT__3V81,esmfold2,25,188,TYR,4.181548595428467,4,284.5728693008423,8
HIV_RT__3V81,esmfold2,25,227,PHE,0.6656094193458557,4,1.8708838075399399,7
HIV_RT__3V81,esmfold2,25,228,LEU,0.952000081539154,4,5.1571754813194275,4
HIV_RT__3V81,esmfold2,25,229,TRP,1.1349763870239258,4,11.18195641040802,10
HIV_RT__3V81,esmfold2,25,230,MET,2.0922462940216064,4,6.732838869094849,4
HIV_RT__3V81,esmfold2,25,232,TYR,0.8484529256820679,4,7.557184040546417,8
HIV_RT__3V81,esmfold2,25,234,LEU,2.0272276401519775,4,8.667034387588501,4
HIV_RT__3V81,esmfold2,25,318,TYR,8.806190490722656,4,13.52742600440979,8
HIV_RT__3V81,esmfold2,26,101,LYS,3.266761302947998,4,33.11266219615936,5
HIV_RT__3V81,esmfold2,26,108,VAL,0.9708487391471863,4,7.984977960586548,3
HIV_RT__3V81,esmfold2,26,180,ILE,1.1894408464431763,4,3.2375415563583374,4
HIV_RT__3V81,esmfold2,26,181,TYR,3.3410658836364746,4,294.0704975128174,8
HIV_RT__3V81,esmfold2,26,188,TYR,1.8074288368225098,4,3.914984792470932,8
HIV_RT__3V81,esmfold2,26,227,PHE,0.16080442070960999,4,0.41611150093376637,7
HIV_RT__3V81,esmfold2,26,228,LEU,0.22292391955852509,4,4.004210378974676,4
HIV_RT__3V81,esmfold2,26,229,TRP,0.38869965076446533,4,4.320293344557285,10
HIV_RT__3V81,esmfold2,26,230,MET,0.8180273175239563,4,5.372322261333466,4
HIV_RT__3V81,esmfold2,26,232,TYR,0.41718417406082153,4,5.251093029975891,8
HIV_RT__3V81,esmfold2,26,234,LEU,1.2506979703903198,4,6.778350234031677,4
HIV_RT__3V81,esmfold2,26,318,TYR,10.497011184692383,4,13.022276997566223,8
HIV_RT__3V81,esmfold2,27,101,LYS,3.608161449432373,4,38.82808482646942,5
HIV_RT__3V81,esmfold2,27,108,VAL,15.41805648803711,4,27.45657777786255,3
HIV_RT__3V81,esmfold2,27,180,ILE,1.5382285118103027,4,4.830665171146393,4
HIV_RT__3V81,esmfold2,27,181,TYR,6.2241716384887695,4,50.08237636089325,8
HIV_RT__3V81,esmfold2,27,188,TYR,5.410198211669922,4,296.1268153190613,8
HIV_RT__3V81,esmfold2,27,227,PHE,0.77977055311203,4,3.0178277790546417,7
HIV_RT__3V81,esmfold2,27,228,LEU,1.647711157798767,4,5.853517979383469,4
HIV_RT__3V81,esmfold2,27,229,TRP,1.7695647478103638,4,14.536624193191528,10
HIV_RT__3V81,esmfold2,27,230,MET,2.4050748348236084,4,11.555850744247437,4
HIV_RT__3V81,esmfold2,27,232,TYR,0.4858991205692291,4,7.888177961111069,8
HIV_RT__3V81,esmfold2,27,234,LEU,0.5904656648635864,4,6.280576705932617,4
HIV_RT__3V81,esmfold2,27,318,TYR,7.643011093139648,4,10.820883989334106,8
HIV_RT__3V81,esmfold2,28,101,LYS,1.1807492971420288,4,31.422851532697678,5
HIV_RT__3V81,esmfold2,28,108,VAL,1.0560327768325806,4,6.586437940597534,3
HIV_RT__3V81,esmfold2,28,180,ILE,8.037873268127441,4,7.080004692077637,4
HIV_RT__3V81,esmfold2,28,181,TYR,11.757927894592285,4,246.71874499320984,8
HIV_RT__3V81,esmfold2,28,188,TYR,4.4003190994262695,4,278.3508608341217,8
HIV_RT__3V81,esmfold2,28,227,PHE,1.818507432937622,4,3.7282934486865997,7
HIV_RT__3V81,esmfold2,28,228,LEU,3.107766628265381,4,7.641634225845337,4
HIV_RT__3V81,esmfold2,28,229,TRP,1.9025795459747314,4,30.25825983285904,10
HIV_RT__3V81,esmfold2,28,230,MET,3.0088372230529785,4,9.017528653144836,4
HIV_RT__3V81,esmfold2,28,232,TYR,2.054316520690918,4,8.73302835226059,8
HIV_RT__3V81,esmfold2,28,234,LEU,2.7877659797668457,4,8.681816816329956,4
HIV_RT__3V81,esmfold2,28,318,TYR,5.62073278427124,4,10.283710837364197,8
HIV_RT__3V81,esmfold2,29,101,LYS,2.589628219604492,4,28.90998363494873,5
HIV_RT__3V81,esmfold2,29,108,VAL,0.799313485622406,4,8.86003103852272,3
HIV_RT__3V81,esmfold2,29,180,ILE,0.9154729843139648,4,3.179537668824196,4
HIV_RT__3V81,esmfold2,29,181,TYR,3.262144088745117,4,13.846308827400208,8
HIV_RT__3V81,esmfold2,29,188,TYR,1.069474458694458,4,6.973783910274506,8
HIV_RT__3V81,esmfold2,29,227,PHE,0.26428529620170593,4,1.8137755692005157,7
HIV_RT__3V81,esmfold2,29,228,LEU,0.16673392057418823,4,5.13123032450676,4
HIV_RT__3V81,esmfold2,29,229,TRP,0.5943286418914795,4,1.2594676790758967,10
HIV_RT__3V81,esmfold2,29,230,MET,0.11530302464962006,4,4.010474607348442,4
HIV_RT__3V81,esmfold2,29,232,TYR,0.17819088697433472,4,2.4864294342696667,8
HIV_RT__3V81,esmfold2,29,234,LEU,0.9380536079406738,4,5.153126448392868,4
HIV_RT__3V81,esmfold2,29,318,TYR,4.9758806228637695,4,6.4681742787361145,8
HIV_RT__3V81,bioemu_refine,0,101,LYS,3.253309488296509,4,44.30634427070618,5
HIV_RT__3V81,bioemu_refine,0,108,VAL,24.637100219726562,4,29.618455410003662,3
HIV_RT__3V81,bioemu_refine,0,180,ILE,1.2315007448196411,4,5.559786230325699,4
HIV_RT__3V81,bioemu_refine,0,181,TYR,4.834224700927734,4,53.26381206512451,8
HIV_RT__3V81,bioemu_refine,0,188,TYR,6.120645999908447,4,235.73116207122803,8
HIV_RT__3V81,bioemu_refine,0,227,PHE,1.891502857208252,4,44.3489351272583,7
HIV_RT__3V81,bioemu_refine,0,228,LEU,9.913415908813477,4,19.462326049804688,4
HIV_RT__3V81,bioemu_refine,0,229,TRP,11.866803169250488,4,100.86819267272949,10
HIV_RT__3V81,bioemu_refine,0,230,MET,18.8206729888916,4,58.50225591659546,4
HIV_RT__3V81,bioemu_refine,0,232,TYR,3.489614963531494,4,3.317136600613594,8
HIV_RT__3V81,bioemu_refine,0,234,LEU,0.4827328324317932,4,3.3348953276872635,4
HIV_RT__3V81,bioemu_refine,0,318,TYR,3.2943687438964844,4,10.01292958855629,8
HIV_RT__3V81,bioemu_refine,100,101,LYS,3.9985835552215576,4,103.73986220359802,5
HIV_RT__3V81,bioemu_refine,100,108,VAL,21.048709869384766,4,28.2919340133667,3
HIV_RT__3V81,bioemu_refine,100,180,ILE,1.0070241689682007,4,5.26938784122467,4
HIV_RT__3V81,bioemu_refine,100,181,TYR,3.974125623703003,4,68.48000532388687,8
HIV_RT__3V81,bioemu_refine,100,188,TYR,10.913290023803711,4,323.9741897583008,8
HIV_RT__3V81,bioemu_refine,100,227,PHE,3.123488426208496,4,43.49454736709595,7
HIV_RT__3V81,bioemu_refine,100,228,LEU,9.42339038848877,4,14.648700714111328,4
HIV_RT__3V81,bioemu_refine,100,229,TRP,13.169623374938965,4,92.96870470046997,10
HIV_RT__3V81,bioemu_refine,100,230,MET,19.53243637084961,4,47.364030838012695,4
HIV_RT__3V81,bioemu_refine,100,232,TYR,3.566829204559326,4,7.032054007053375,8
HIV_RT__3V81,bioemu_refine,100,234,LEU,2.6823410987854004,4,5.390681982040405,4
HIV_RT__3V81,bioemu_refine,100,318,TYR,4.632523059844971,4,15.84433650970459,8
HIV_RT__3V81,bioemu_refine,200,101,LYS,4.729867935180664,4,42.952080965042114,5
HIV_RT__3V81,bioemu_refine,200,108,VAL,30.315275192260742,4,35.78957509994507,3
HIV_RT__3V81,bioemu_refine,200,180,ILE,1.4206122159957886,4,5.976932130753994,4
HIV_RT__3V81,bioemu_refine,200,181,TYR,5.469298362731934,4,56.87272095680237,8
HIV_RT__3V81,bioemu_refine,200,188,TYR,7.767255783081055,4,308.81020164489746,8
HIV_RT__3V81,bioemu_refine,200,227,PHE,2.8845131397247314,4,47.76107597351074,7
HIV_RT__3V81,bioemu_refine,200,228,LEU,10.949432373046875,4,10.76472270488739,4
HIV_RT__3V81,bioemu_refine,200,229,TRP,9.465936660766602,4,84.9897849559784,10
HIV_RT__3V81,bioemu_refine,200,230,MET,24.345687866210938,4,47.70048427581787,4
HIV_RT__3V81,bioemu_refine,200,232,TYR,2.64036226272583,4,2.3899626284837723,8
HIV_RT__3V81,bioemu_refine,200,234,LEU,1.3248192071914673,4,2.2802160754799843,4
HIV_RT__3V81,bioemu_refine,200,318,TYR,2.2467522621154785,4,11.534414768218994,8
HIV_RT__3V81,bioemu_refine,300,101,LYS,4.262127876281738,4,104.32687258720398,5
HIV_RT__3V81,bioemu_refine,300,108,VAL,27.898712158203125,4,36.53133678436279,3
HIV_RT__3V81,bioemu_refine,300,180,ILE,0.8017332553863525,4,5.834844470024109,4
HIV_RT__3V81,bioemu_refine,300,181,TYR,5.151181697845459,4,328.48590993881226,8
HIV_RT__3V81,bioemu_refine,300,188,TYR,8.603413581848145,4,318.4969434738159,8
HIV_RT__3V81,bioemu_refine,300,227,PHE,2.1915090084075928,4,38.60259819030762,7
HIV_RT__3V81,bioemu_refine,300,228,LEU,6.472718238830566,4,15.761652708053589,4
HIV_RT__3V81,bioemu_refine,300,229,TRP,13.653443336486816,4,93.53363943099976,10
HIV_RT__3V81,bioemu_refine,300,230,MET,14.963066101074219,4,35.830623149871826,4
HIV_RT__3V81,bioemu_refine,300,232,TYR,2.7346458435058594,4,1.3964975224807858,8
HIV_RT__3V81,bioemu_refine,300,234,LEU,2.4229207038879395,4,5.919138669967651,4
HIV_RT__3V81,bioemu_refine,300,318,TYR,9.36884880065918,4,22.42944574356079,8
HIV_RT__3V81,bioemu_refine,400,101,LYS,3.1915504932403564,4,106.33077645301819,5
HIV_RT__3V81,bioemu_refine,400,108,VAL,16.68048858642578,4,25.772095680236816,3
HIV_RT__3V81,bioemu_refine,400,180,ILE,2.1016898155212402,4,4.811467751860619,4
HIV_RT__3V81,bioemu_refine,400,181,TYR,1.8701057434082031,4,28.769536912441254,8
HIV_RT__3V81,bioemu_refine,400,188,TYR,5.620664119720459,4,294.5000214576721,8
HIV_RT__3V81,bioemu_refine,400,227,PHE,3.435183048248291,4,52.231356143951416,7
HIV_RT__3V81,bioemu_refine,400,228,LEU,10.52037239074707,4,12.845858335494995,4
HIV_RT__3V81,bioemu_refine,400,229,TRP,10.807039260864258,4,73.39415884017944,10
HIV_RT__3V81,bioemu_refine,400,230,MET,18.553998947143555,4,61.85636329650879,4
HIV_RT__3V81,bioemu_refine,400,232,TYR,1.4059772491455078,4,1.6349519118666649,8
HIV_RT__3V81,bioemu_refine,400,234,LEU,3.9482626914978027,4,2.8863430321216583,4
HIV_RT__3V81,bioemu_refine,400,318,TYR,2.9888622760772705,4,14.619960129261017,8
HIV_RT__3V81,bioemu_refine,500,101,LYS,2.706226348876953,4,40.312978744506836,5
HIV_RT__3V81,bioemu_refine,500,108,VAL,23.88454246520996,4,30.75912857055664,3
HIV_RT__3V81,bioemu_refine,500,180,ILE,2.4212374687194824,4,7.415749102830887,4
HIV_RT__3V81,bioemu_refine,500,181,TYR,6.6054840087890625,4,62.665040016174316,8
HIV_RT__3V81,bioemu_refine,500,188,TYR,7.490109443664551,4,309.2631034851074,8
HIV_RT__3V81,bioemu_refine,500,227,PHE,4.559895992279053,4,41.04505753517151,7
HIV_RT__3V81,bioemu_refine,500,228,LEU,10.897079467773438,4,13.233547687530518,4
HIV_RT__3V81,bioemu_refine,500,229,TRP,14.132560729980469,4,82.71222066879272,10
HIV_RT__3V81,bioemu_refine,500,230,MET,16.62765121459961,4,32.16561555862427,4
HIV_RT__3V81,bioemu_refine,500,232,TYR,4.11582088470459,4,2.468110054731369,8
HIV_RT__3V81,bioemu_refine,500,234,LEU,2.7699451446533203,4,5.669986665248871,4
HIV_RT__3V81,bioemu_refine,500,318,TYR,3.656639814376831,4,11.05632746219635,8
HIV_RT__3V81,bioemu_refine,600,101,LYS,10.362883567810059,4,50.275840759277344,5
HIV_RT__3V81,bioemu_refine,600,108,VAL,24.784046173095703,4,33.797998905181885,3
HIV_RT__3V81,bioemu_refine,600,180,ILE,0.7129231691360474,4,3.9181445091962814,4
HIV_RT__3V81,bioemu_refine,600,181,TYR,5.846778869628906,4,70.72206771373749,8
HIV_RT__3V81,bioemu_refine,600,188,TYR,10.44640827178955,4,338.18996381759644,8
HIV_RT__3V81,bioemu_refine,600,227,PHE,3.463810443878174,4,34.158103227615356,7
HIV_RT__3V81,bioemu_refine,600,228,LEU,12.098013877868652,4,15.108151197433472,4
HIV_RT__3V81,bioemu_refine,600,229,TRP,11.84038257598877,4,71.42971849441528,10
HIV_RT__3V81,bioemu_refine,600,230,MET,11.434247970581055,4,24.485267639160156,4
HIV_RT__3V81,bioemu_refine,600,232,TYR,3.752340316772461,4,3.438025649636984,8
HIV_RT__3V81,bioemu_refine,600,234,LEU,1.8513749837875366,4,5.632744163274765,4
HIV_RT__3V81,bioemu_refine,600,318,TYR,8.867973327636719,4,25.638951539993286,8
HIV_RT__3V81,bioemu_refine,700,101,LYS,6.975865840911865,4,108.05103778839111,5
HIV_RT__3V81,bioemu_refine,700,108,VAL,27.64642333984375,4,38.34910488128662,3
HIV_RT__3V81,bioemu_refine,700,180,ILE,0.7557075619697571,4,5.912906169891357,4
HIV_RT__3V81,bioemu_refine,700,181,TYR,5.09116268157959,4,53.48336863517761,8
HIV_RT__3V81,bioemu_refine,700,188,TYR,11.716577529907227,4,332.12814950942993,8
HIV_RT__3V81,bioemu_refine,700,227,PHE,1.5208054780960083,4,34.79611253738403,7
HIV_RT__3V81,bioemu_refine,700,228,LEU,5.436484336853027,4,12.586153149604797,4
HIV_RT__3V81,bioemu_refine,700,229,TRP,9.2466459274292,4,42.24974489212036,10
HIV_RT__3V81,bioemu_refine,700,230,MET,18.831884384155273,4,18.453513383865356,4
HIV_RT__3V81,bioemu_refine,700,232,TYR,2.97271466255188,4,6.562510430812836,8
HIV_RT__3V81,bioemu_refine,700,234,LEU,2.520181655883789,4,5.80954310297966,4
HIV_RT__3V81,bioemu_refine,700,318,TYR,8.162147521972656,4,19.390560269355774,8
HIV_RT__3V81,bioemu_refine,800,101,LYS,15.630960464477539,4,152.64496231079102,5
HIV_RT__3V81,bioemu_refine,800,108,VAL,11.239690780639648,4,17.101927757263184,3
HIV_RT__3V81,bioemu_refine,800,180,ILE,2.9489753246307373,4,3.4886927604675293,4
HIV_RT__3V81,bioemu_refine,800,181,TYR,2.79504132270813,4,25.85269582271576,8
HIV_RT__3V81,bioemu_refine,800,188,TYR,4.385532379150391,4,247.21258288621902,8
HIV_RT__3V81,bioemu_refine,800,227,PHE,3.321622133255005,4,44.35888195037842,7
HIV_RT__3V81,bioemu_refine,800,228,LEU,12.021871566772461,4,15.54218077659607,4
HIV_RT__3V81,bioemu_refine,800,229,TRP,13.127031326293945,4,96.86793231964111,10
HIV_RT__3V81,bioemu_refine,800,230,MET,22.77155113220215,4,83.96830368041992,4
HIV_RT__3V81,bioemu_refine,800,232,TYR,2.4263482093811035,4,1.9129185676574707,8
HIV_RT__3V81,bioemu_refine,800,234,LEU,4.62094783782959,4,3.6405498683452606,4
HIV_RT__3V81,bioemu_refine,800,318,TYR,105.2116928100586,4,182.72351360321045,8
HIV_RT__3V81,bioemu_refine,900,101,LYS,5.4430952072143555,4,38.164490699768066,5
HIV_RT__3V81,bioemu_refine,900,108,VAL,24.89222526550293,4,33.6222620010376,3
HIV_RT__3V81,bioemu_refine,900,180,ILE,0.7486815452575684,4,3.4053528532385826,4
HIV_RT__3V81,bioemu_refine,900,181,TYR,4.480952739715576,4,333.794753909111,8
HIV_RT__3V81,bioemu_refine,900,188,TYR,8.621150970458984,4,349.2678279876709,8
HIV_RT__3V81,bioemu_refine,900,227,PHE,3.67490816116333,4,48.8619384765625,7
HIV_RT__3V81,bioemu_refine,900,228,LEU,10.409507751464844,4,16.43070673942566,4
HIV_RT__3V81,bioemu_refine,900,229,TRP,11.297231674194336,4,101.52044773101807,10
HIV_RT__3V81,bioemu_refine,900,230,MET,14.366809844970703,4,33.56681823730469,4
HIV_RT__3V81,bioemu_refine,900,232,TYR,4.095941066741943,4,1.8584218919277191,8
HIV_RT__3V81,bioemu_refine,900,234,LEU,1.2941036224365234,4,3.777574211359024,4
HIV_RT__3V81,bioemu_refine,900,318,TYR,7.134716033935547,4,20.537487149238586,8
HIV_RT__3V81,bioemu_refine,1000,101,LYS,4.10579776763916,4,30.393510818481445,5
HIV_RT__3V81,bioemu_refine,1000,108,VAL,26.375926971435547,4,33.26919078826904,3
HIV_RT__3V81,bioemu_refine,1000,180,ILE,0.4874730706214905,4,3.88598196208477,4
HIV_RT__3V81,bioemu_refine,1000,181,TYR,4.0673089027404785,4,49.43929374217987,8
HIV_RT__3V81,bioemu_refine,1000,188,TYR,8.66899585723877,4,307.3582766056061,8
HIV_RT__3V81,bioemu_refine,1000,227,PHE,5.510913848876953,4,44.643651247024536,7
HIV_RT__3V81,bioemu_refine,1000,228,LEU,10.099815368652344,4,12.389541387557983,4
HIV_RT__3V81,bioemu_refine,1000,229,TRP,10.05642032623291,4,79.86897420883179,10
HIV_RT__3V81,bioemu_refine,1000,230,MET,22.94056510925293,4,93.05640316009521,4
HIV_RT__3V81,bioemu_refine,1000,232,TYR,4.320921897888184,4,2.68765015155077,8
HIV_RT__3V81,bioemu_refine,1000,234,LEU,1.352131962776184,4,4.564624518156052,4
HIV_RT__3V81,bioemu_refine,1000,318,TYR,5.111720561981201,4,16.909175038337708,8
HIV_RT__3V81,bioemu_refine,1100,101,LYS,2.805344581604004,4,105.94524002075195,5
HIV_RT__3V81,bioemu_refine,1100,108,VAL,20.39113426208496,4,27.842750072479248,3
HIV_RT__3V81,bioemu_refine,1100,180,ILE,1.1930251121520996,4,5.031219899654388,4
HIV_RT__3V81,bioemu_refine,1100,181,TYR,5.818184852600098,4,43.14715766906738,8
HIV_RT__3V81,bioemu_refine,1100,188,TYR,7.453537940979004,4,293.1566798686981,8
HIV_RT__3V81,bioemu_refine,1100,227,PHE,4.547685623168945,4,39.101866245269775,7
HIV_RT__3V81,bioemu_refine,1100,228,LEU,11.563413619995117,4,11.988296270370483,4
HIV_RT__3V81,bioemu_refine,1100,229,TRP,13.250259399414062,4,84.08492422103882,10
HIV_RT__3V81,bioemu_refine,1100,230,MET,25.478883743286133,4,51.555084228515625,4
HIV_RT__3V81,bioemu_refine,1100,232,TYR,3.630826473236084,4,2.2981256395578384,8
HIV_RT__3V81,bioemu_refine,1100,234,LEU,0.9778186678886414,4,5.718790978193283,4
HIV_RT__3V81,bioemu_refine,1100,318,TYR,2.4210643768310547,4,9.815295457839966,8
HIV_RT__3V81,bioemu_refine,1200,101,LYS,9.21835708618164,4,45.0068941116333,5
HIV_RT__3V81,bioemu_refine,1200,108,VAL,24.12399673461914,4,34.88428068161011,3
HIV_RT__3V81,bioemu_refine,1200,180,ILE,1.7976696491241455,4,5.029195502400398,4
HIV_RT__3V81,bioemu_refine,1200,181,TYR,8.941295623779297,4,72.26695156097412,8
HIV_RT__3V81,bioemu_refine,1200,188,TYR,7.7313127517700195,4,341.41219568252563,8
HIV_RT__3V81,bioemu_refine,1200,227,PHE,2.682771682739258,4,47.270100116729736,7
HIV_RT__3V81,bioemu_refine,1200,228,LEU,15.89798355102539,4,22.233453035354614,4
HIV_RT__3V81,bioemu_refine,1200,229,TRP,9.158646583557129,4,65.74822187423706,10
HIV_RT__3V81,bioemu_refine,1200,230,MET,14.052810668945312,4,31.437405109405518,4
HIV_RT__3V81,bioemu_refine,1200,232,TYR,2.124671220779419,4,1.8504258394241333,8
HIV_RT__3V81,bioemu_refine,1200,234,LEU,1.4698407649993896,4,3.696811765432358,4
HIV_RT__3V81,bioemu_refine,1200,318,TYR,4.598133087158203,4,9.865492820739746,8
HIV_RT__3V81,bioemu_refine,1300,101,LYS,4.966722011566162,4,109.178884267807,5
HIV_RT__3V81,bioemu_refine,1300,108,VAL,21.180946350097656,4,30.727493286132812,3
HIV_RT__3V81,bioemu_refine,1300,180,ILE,1.4198070764541626,4,4.34064169973135,4
HIV_RT__3V81,bioemu_refine,1300,181,TYR,5.196623802185059,4,50.95433056354523,8
HIV_RT__3V81,bioemu_refine,1300,188,TYR,7.0116047859191895,4,327.77434158325195,8
HIV_RT__3V81,bioemu_refine,1300,227,PHE,2.3558731079101562,4,45.42733716964722,7
HIV_RT__3V81,bioemu_refine,1300,228,LEU,7.969087600708008,4,10.44848620891571,4
HIV_RT__3V81,bioemu_refine,1300,229,TRP,6.080000400543213,4,76.88342308998108,10
HIV_RT__3V81,bioemu_refine,1300,230,MET,14.556608200073242,4,37.66791296005249,4
HIV_RT__3V81,bioemu_refine,1300,232,TYR,1.4996885061264038,4,2.119423992931843,8
HIV_RT__3V81,bioemu_refine,1300,234,LEU,2.217399835586548,4,4.964081406593323,4
HIV_RT__3V81,bioemu_refine,1300,318,TYR,9.272614479064941,4,18.428028106689453,8
HIV_RT__3V81,bioemu_refine,1400,101,LYS,4.160305976867676,4,44.09282088279724,5
HIV_RT__3V81,bioemu_refine,1400,108,VAL,28.4097957611084,4,37.23492622375488,3
HIV_RT__3V81,bioemu_refine,1400,180,ILE,0.9205194115638733,4,5.412529081106186,4
HIV_RT__3V81,bioemu_refine,1400,181,TYR,4.7552032470703125,4,60.95163071155548,8
HIV_RT__3V81,bioemu_refine,1400,188,TYR,7.999457359313965,4,302.23782682418823,8
HIV_RT__3V81,bioemu_refine,1400,227,PHE,3.0359115600585938,4,38.78267765045166,7
HIV_RT__3V81,bioemu_refine,1400,228,LEU,10.459517478942871,4,13.747498273849487,4
HIV_RT__3V81,bioemu_refine,1400,229,TRP,10.551046371459961,4,77.52884221076965,10
HIV_RT__3V81,bioemu_refine,1400,230,MET,19.23255729675293,4,42.119056701660156,4
HIV_RT__3V81,bioemu_refine,1400,232,TYR,4.226818084716797,4,1.8935120198875666,8
HIV_RT__3V81,bioemu_refine,1400,234,LEU,2.26456356048584,4,6.247598230838776,4
HIV_RT__3V81,bioemu_refine,1400,318,TYR,3.941676378250122,4,13.27935242652893,8
HIV_RT__3V81,bioemu_refine,1500,101,LYS,3.946038246154785,4,39.66308116912842,5
HIV_RT__3V81,bioemu_refine,1500,108,VAL,27.05215835571289,4,35.96212291717529,3
HIV_RT__3V81,bioemu_refine,1500,180,ILE,0.9536172747612,4,5.513481520116329,4
HIV_RT__3V81,bioemu_refine,1500,181,TYR,3.618955373764038,4,58.93474245071411,8
HIV_RT__3V81,bioemu_refine,1500,188,TYR,8.479475021362305,4,311.07979011535645,8
HIV_RT__3V81,bioemu_refine,1500,227,PHE,3.0501279830932617,4,59.97779965400696,7
HIV_RT__3V81,bioemu_refine,1500,228,LEU,14.002031326293945,4,20.21144676208496,4
HIV_RT__3V81,bioemu_refine,1500,229,TRP,15.128928184509277,4,83.51278162002563,10
HIV_RT__3V81,bioemu_refine,1500,230,MET,18.7536563873291,4,42.627288818359375,4
HIV_RT__3V81,bioemu_refine,1500,232,TYR,1.9038097858428955,4,0.8555883541703224,8
HIV_RT__3V81,bioemu_refine,1500,234,LEU,3.96816349029541,4,5.544151932001114,4
HIV_RT__3V81,bioemu_refine,1500,318,TYR,5.747363567352295,4,14.969576478004456,8
HIV_RT__3V81,bioemu_refine,1600,101,LYS,3.2158493995666504,4,34.5589097738266,5
HIV_RT__3V81,bioemu_refine,1600,108,VAL,17.122987747192383,4,25.31959295272827,3
HIV_RT__3V81,bioemu_refine,1600,180,ILE,2.470569610595703,4,6.083538979291916,4
HIV_RT__3V81,bioemu_refine,1600,181,TYR,1.6406804323196411,4,34.61632740497589,8
HIV_RT__3V81,bioemu_refine,1600,188,TYR,5.0284810066223145,4,288.9048042297363,8
HIV_RT__3V81,bioemu_refine,1600,227,PHE,3.6810145378112793,4,52.43572282791138,7
HIV_RT__3V81,bioemu_refine,1600,228,LEU,13.656044960021973,4,15.990491032600403,4
HIV_RT__3V81,bioemu_refine,1600,229,TRP,15.200666427612305,4,103.80543994903564,10
HIV_RT__3V81,bioemu_refine,1600,230,MET,23.524250030517578,4,51.098440170288086,4
HIV_RT__3V81,bioemu_refine,1600,232,TYR,2.076772689819336,4,3.9374558478593826,8
HIV_RT__3V81,bioemu_refine,1600,234,LEU,4.2248077392578125,4,5.132670015096664,4
HIV_RT__3V81,bioemu_refine,1600,318,TYR,13.848001480102539,4,14.758615165948868,8
HIV_RT__3V81,bioemu_refine,1700,101,LYS,2.762749433517456,4,110.35459613800049,5
HIV_RT__3V81,bioemu_refine,1700,108,VAL,20.354278564453125,4,29.080600261688232,3
HIV_RT__3V81,bioemu_refine,1700,180,ILE,0.723861575126648,4,3.896962359547615,4
HIV_RT__3V81,bioemu_refine,1700,181,TYR,2.1986773014068604,4,21.5922412276268,8
HIV_RT__3V81,bioemu_refine,1700,188,TYR,8.03302001953125,4,272.12906074523926,8
HIV_RT__3V81,bioemu_refine,1700,227,PHE,1.6393721103668213,4,30.24803876876831,7
HIV_RT__3V81,bioemu_refine,1700,228,LEU,9.76469612121582,4,16.88755202293396,4
HIV_RT__3V81,bioemu_refine,1700,229,TRP,7.658669471740723,4,84.27026057243347,10
HIV_RT__3V81,bioemu_refine,1700,230,MET,11.44771957397461,4,50.351502895355225,4
HIV_RT__3V81,bioemu_refine,1700,232,TYR,2.4762842655181885,4,3.7493661902844906,8
HIV_RT__3V81,bioemu_refine,1700,234,LEU,3.877502918243408,4,5.751694321632385,4
HIV_RT__3V81,bioemu_refine,1700,318,TYR,5.85123348236084,4,16.01045870780945,8
HIV_RT__3V81,bioemu_refine,1800,101,LYS,4.034428596496582,4,45.605655670166016,5
HIV_RT__3V81,bioemu_refine,1800,108,VAL,23.30061149597168,4,31.008657932281494,3
HIV_RT__3V81,bioemu_refine,1800,180,ILE,0.7731580138206482,4,4.621559709310532,4
HIV_RT__3V81,bioemu_refine,1800,181,TYR,4.0440168380737305,4,45.073524832725525,8
HIV_RT__3V81,bioemu_refine,1800,188,TYR,9.724543571472168,4,290.78363847732544,8
HIV_RT__3V81,bioemu_refine,1800,227,PHE,3.6045453548431396,4,38.65904402732849,7
HIV_RT__3V81,bioemu_refine,1800,228,LEU,14.418333053588867,4,16.421011924743652,4
HIV_RT__3V81,bioemu_refine,1800,229,TRP,12.892796516418457,4,87.9429144859314,10
HIV_RT__3V81,bioemu_refine,1800,230,MET,20.81006622314453,4,40.91893815994263,4
HIV_RT__3V81,bioemu_refine,1800,232,TYR,4.058734893798828,4,5.846316233277321,8
HIV_RT__3V81,bioemu_refine,1800,234,LEU,1.3392049074172974,4,4.4007949233055115,4
HIV_RT__3V81,bioemu_refine,1800,318,TYR,7.429738998413086,4,19.11861288547516,8
HIV_RT__3V81,bioemu_refine,1900,101,LYS,3.9253978729248047,4,39.96504783630371,5
HIV_RT__3V81,bioemu_refine,1900,108,VAL,28.53290557861328,4,35.88379716873169,3
HIV_RT__3V81,bioemu_refine,1900,180,ILE,0.9172946810722351,4,4.033063679933548,4
HIV_RT__3V81,bioemu_refine,1900,181,TYR,2.8636317253112793,4,44.696768045425415,8
HIV_RT__3V81,bioemu_refine,1900,188,TYR,7.829104423522949,4,314.28113079071045,8
HIV_RT__3V81,bioemu_refine,1900,227,PHE,3.7348737716674805,4,40.629263401031494,7
HIV_RT__3V81,bioemu_refine,1900,228,LEU,12.419519424438477,4,13.999122381210327,4
HIV_RT__3V81,bioemu_refine,1900,229,TRP,10.681160926818848,4,69.871346950531,10
HIV_RT__3V81,bioemu_refine,1900,230,MET,18.570098876953125,4,39.2628870010376,4
HIV_RT__3V81,bioemu_refine,1900,232,TYR,2.5674211978912354,4,3.972952038049698,8
HIV_RT__3V81,bioemu_refine,1900,234,LEU,2.260713577270508,4,3.7995057702064514,4
HIV_RT__3V81,bioemu_refine,1900,318,TYR,5.868038654327393,4,15.502806544303894,8
HIV_RT__3V81,bioemu_refine,2000,101,LYS,5.196968078613281,4,107.68069553375244,5
HIV_RT__3V81,bioemu_refine,2000,108,VAL,29.760944366455078,4,37.06503915786743,3
HIV_RT__3V81,bioemu_refine,2000,180,ILE,0.8713653683662415,4,8.71457189321518,4
HIV_RT__3V81,bioemu_refine,2000,181,TYR,4.491551876068115,4,55.075654208660126,8
HIV_RT__3V81,bioemu_refine,2000,188,TYR,9.997173309326172,4,294.37169456481934,8
HIV_RT__3V81,bioemu_refine,2000,227,PHE,3.7911877632141113,4,42.55382776260376,7
HIV_RT__3V81,bioemu_refine,2000,228,LEU,9.618711471557617,4,12.290320873260498,4
HIV_RT__3V81,bioemu_refine,2000,229,TRP,12.388850212097168,4,98.89825057983398,10
HIV_RT__3V81,bioemu_refine,2000,230,MET,20.943950653076172,4,42.27426719665527,4
HIV_RT__3V81,bioemu_refine,2000,232,TYR,4.318119525909424,4,7.139136582612991,8
HIV_RT__3V81,bioemu_refine,2000,234,LEU,1.188403844833374,4,6.057044208049774,4
HIV_RT__3V81,bioemu_refine,2000,318,TYR,10.371159553527832,4,22.882416248321533,8
HIV_RT__3V81,bioemu_refine,2100,101,LYS,5.164890289306641,4,44.33047962188721,5
HIV_RT__3V81,bioemu_refine,2100,108,VAL,16.677940368652344,4,26.20154571533203,3
HIV_RT__3V81,bioemu_refine,2100,180,ILE,0.6772573590278625,4,5.966044902801514,4
HIV_RT__3V81,bioemu_refine,2100,181,TYR,4.008143424987793,4,42.0236701965332,8
HIV_RT__3V81,bioemu_refine,2100,188,TYR,7.434534549713135,4,294.804794549942,8
HIV_RT__3V81,bioemu_refine,2100,227,PHE,2.3242053985595703,4,40.56238317489624,7
HIV_RT__3V81,bioemu_refine,2100,228,LEU,8.838301658630371,4,35.42682337760925,4
HIV_RT__3V81,bioemu_refine,2100,229,TRP,10.842280387878418,4,83.69280791282654,10
HIV_RT__3V81,bioemu_refine,2100,230,MET,19.2994441986084,4,64.99110507965088,4
HIV_RT__3V81,bioemu_refine,2100,232,TYR,1.8416261672973633,4,2.2266722973436117,8
HIV_RT__3V81,bioemu_refine,2100,234,LEU,1.2009027004241943,4,5.512575596570969,4
HIV_RT__3V81,bioemu_refine,2100,318,TYR,4.203699111938477,4,11.554822862148285,8
HIV_RT__3V81,bioemu_refine,2200,101,LYS,2.219921350479126,4,103.18850737810135,5
HIV_RT__3V81,bioemu_refine,2200,108,VAL,19.22344970703125,4,27.279601573944092,3
HIV_RT__3V81,bioemu_refine,2200,180,ILE,2.4729952812194824,4,5.111628070473671,4
HIV_RT__3V81,bioemu_refine,2200,181,TYR,4.296422004699707,4,46.43485641479492,8
HIV_RT__3V81,bioemu_refine,2200,188,TYR,7.969175338745117,4,291.85655522346497,8
HIV_RT__3V81,bioemu_refine,2200,227,PHE,3.4884846210479736,4,49.78561210632324,7
HIV_RT__3V81,bioemu_refine,2200,228,LEU,11.815757751464844,4,13.592906683683395,4
HIV_RT__3V81,bioemu_refine,2200,229,TRP,9.949231147766113,4,81.56058120727539,10
HIV_RT__3V81,bioemu_refine,2200,230,MET,15.224250793457031,4,58.96870946884155,4
HIV_RT__3V81,bioemu_refine,2200,232,TYR,2.493225574493408,4,3.243093803524971,8
HIV_RT__3V81,bioemu_refine,2200,234,LEU,2.319380521774292,4,4.319467097520828,4
HIV_RT__3V81,bioemu_refine,2200,318,TYR,5.010608673095703,4,16.08591866493225,8
HIV_RT__3V81,bioemu_refine,2300,101,LYS,2.9852027893066406,4,35.62258744239807,5
HIV_RT__3V81,bioemu_refine,2300,108,VAL,22.67890167236328,4,30.501543521881104,3
HIV_RT__3V81,bioemu_refine,2300,180,ILE,0.9383971691131592,4,5.847262069582939,4
HIV_RT__3V81,bioemu_refine,2300,181,TYR,2.5984020233154297,4,308.12419041991234,8
HIV_RT__3V81,bioemu_refine,2300,188,TYR,6.006054878234863,4,318.83735036849976,8
HIV_RT__3V81,bioemu_refine,2300,227,PHE,2.346395969390869,4,43.684298038482666,7
HIV_RT__3V81,bioemu_refine,2300,228,LEU,10.430243492126465,4,17.12142062187195,4
HIV_RT__3V81,bioemu_refine,2300,229,TRP,15.376444816589355,4,105.91881799697876,10
HIV_RT__3V81,bioemu_refine,2300,230,MET,22.627559661865234,4,43.29656934738159,4
HIV_RT__3V81,bioemu_refine,2300,232,TYR,3.9060091972351074,4,2.4915700405836105,8
HIV_RT__3V81,bioemu_refine,2300,234,LEU,2.622905969619751,4,6.119694292545319,4
HIV_RT__3V81,bioemu_refine,2300,318,TYR,3.5720720291137695,4,10.840017259120941,8
HIV_RT__3V81,bioemu_refine,2400,101,LYS,5.3179497718811035,4,40.36175203323364,5
HIV_RT__3V81,bioemu_refine,2400,108,VAL,28.29350471496582,4,35.79769706726074,3
HIV_RT__3V81,bioemu_refine,2400,180,ILE,1.2266260385513306,4,4.756200313568115,4
HIV_RT__3V81,bioemu_refine,2400,181,TYR,6.123868942260742,4,49.824556827545166,8
HIV_RT__3V81,bioemu_refine,2400,188,TYR,6.278495788574219,4,317.63694429397583,8
HIV_RT__3V81,bioemu_refine,2400,227,PHE,2.7849669456481934,4,39.69088387489319,7
HIV_RT__3V81,bioemu_refine,2400,228,LEU,11.680075645446777,4,15.155639410018921,4
HIV_RT__3V81,bioemu_refine,2400,229,TRP,10.954122543334961,4,81.5811243057251,10
HIV_RT__3V81,bioemu_refine,2400,230,MET,20.43688201904297,4,70.03503131866455,4
HIV_RT__3V81,bioemu_refine,2400,232,TYR,2.166764736175537,4,2.9426681250333786,8
HIV_RT__3V81,bioemu_refine,2400,234,LEU,2.5075843334198,4,4.229952037334442,4
HIV_RT__3V81,bioemu_refine,2400,318,TYR,10.915931701660156,4,26.146275639533997,8
HIV_RT__3V81,bioemu_refine,2500,101,LYS,4.388906955718994,4,97.01611471176147,5
HIV_RT__3V81,bioemu_refine,2500,108,VAL,26.015228271484375,4,33.802412033081055,3
HIV_RT__3V81,bioemu_refine,2500,180,ILE,0.8424774408340454,4,3.75422053784132,4
HIV_RT__3V81,bioemu_refine,2500,181,TYR,6.807460784912109,4,59.659722089767456,8
HIV_RT__3V81,bioemu_refine,2500,188,TYR,6.873494625091553,4,326.9822130203247,8
HIV_RT__3V81,bioemu_refine,2500,227,PHE,2.7168471813201904,4,28.053467750549316,7
HIV_RT__3V81,bioemu_refine,2500,228,LEU,9.162958145141602,4,11.66073203086853,4
HIV_RT__3V81,bioemu_refine,2500,229,TRP,9.408670425415039,4,76.03619623184204,10
HIV_RT__3V81,bioemu_refine,2500,230,MET,17.23443603515625,4,72.32140254974365,4
HIV_RT__3V81,bioemu_refine,2500,232,TYR,1.4273945093154907,4,5.256355464458466,8
HIV_RT__3V81,bioemu_refine,2500,234,LEU,3.606616497039795,4,4.7902472615242,4
HIV_RT__3V81,bioemu_refine,2500,318,TYR,6.920651435852051,4,12.106250703334808,8
HIV_RT__3V81,prody_rfd3,1,101,LYS,3.3360061645507812,4,24.46040266752243,5
HIV_RT__3V81,prody_rfd3,1,108,VAL,19.73747444152832,4,26.301995277404785,3
HIV_RT__3V81,prody_rfd3,1,180,ILE,3.1329643726348877,4,10.627017974853516,4
HIV_RT__3V81,prody_rfd3,1,181,TYR,3.484292984008789,4,291.3835026025772,8
HIV_RT__3V81,prody_rfd3,1,188,TYR,7.64375114440918,4,304.0373616218567,8
HIV_RT__3V81,prody_rfd3,1,227,PHE,2.5744638442993164,4,26.232090950012207,7
HIV_RT__3V81,prody_rfd3,1,228,LEU,10.486875534057617,4,13.54308009147644,4
HIV_RT__3V81,prody_rfd3,1,229,TRP,32.12777328491211,4,126.56907844543457,10
HIV_RT__3V81,prody_rfd3,1,230,MET,37.06050109863281,4,58.93844985961914,4
HIV_RT__3V81,prody_rfd3,1,232,TYR,18.61670684814453,4,19.047481179237366,8
HIV_RT__3V81,prody_rfd3,1,234,LEU,2.1220803260803223,4,10.099829256534576,4
HIV_RT__3V81,prody_rfd3,1,318,TYR,3.8570029735565186,4,11.867095351219177,8
HIV_RT__3V81,prody_rfd3,10,101,LYS,3.225003242492676,4,26.448862671852112,5
HIV_RT__3V81,prody_rfd3,10,108,VAL,20.284748077392578,4,26.912142753601074,3
HIV_RT__3V81,prody_rfd3,10,180,ILE,3.3045759201049805,4,9.434827208518982,4
HIV_RT__3V81,prody_rfd3,10,181,TYR,3.8831939697265625,4,285.2874670624733,8
HIV_RT__3V81,prody_rfd3,10,188,TYR,7.3237504959106445,4,294.997189283371,8
HIV_RT__3V81,prody_rfd3,10,227,PHE,2.463782787322998,4,29.434924840927124,7
HIV_RT__3V81,prody_rfd3,10,228,LEU,10.311052322387695,4,14.890410900115967,4
HIV_RT__3V81,prody_rfd3,10,229,TRP,31.917545318603516,4,131.99843311309814,10
HIV_RT__3V81,prody_rfd3,10,230,MET,36.804664611816406,4,68.16474342346191,4
HIV_RT__3V81,prody_rfd3,10,232,TYR,18.244583129882812,4,23.00553584098816,8
HIV_RT__3V81,prody_rfd3,10,234,LEU,2.4389851093292236,4,11.452844023704529,4
HIV_RT__3V81,prody_rfd3,10,318,TYR,3.6613073348999023,4,11.094028949737549,8
HIV_RT__3V81,prody_rfd3,16,101,LYS,4.399722576141357,4,54.86499536037445,5
HIV_RT__3V81,prody_rfd3,16,108,VAL,20.53738021850586,4,27.317594051361084,3
HIV_RT__3V81,prody_rfd3,16,180,ILE,3.094432830810547,4,11.713996410369873,4
HIV_RT__3V81,prody_rfd3,16,181,TYR,4.002204418182373,4,74.60761570930481,8
HIV_RT__3V81,prody_rfd3,16,188,TYR,6.613729953765869,4,299.47980403900146,8
HIV_RT__3V81,prody_rfd3,16,227,PHE,2.776932716369629,4,34.01312613487244,7
HIV_RT__3V81,prody_rfd3,16,228,LEU,9.834378242492676,4,13.676744222640991,4
HIV_RT__3V81,prody_rfd3,16,229,TRP,31.870838165283203,4,125.92155742645264,10
HIV_RT__3V81,prody_rfd3,16,230,MET,33.834529876708984,4,61.82347583770752,4
HIV_RT__3V81,prody_rfd3,16,232,TYR,15.76622200012207,4,32.15162205696106,8
HIV_RT__3V81,prody_rfd3,16,234,LEU,2.53414249420166,4,11.16978931427002,4
HIV_RT__3V81,prody_rfd3,16,318,TYR,3.731698513031006,4,17.684188187122345,8
HIV_RT__3V81,prody_rfd3,23,101,LYS,4.022887229919434,4,25.806523501873016,5
HIV_RT__3V81,prody_rfd3,23,108,VAL,21.0944881439209,4,27.460139751434326,3
HIV_RT__3V81,prody_rfd3,23,180,ILE,4.021801948547363,4,9.868140697479248,4
HIV_RT__3V81,prody_rfd3,23,181,TYR,3.0587520599365234,4,273.5475741624832,8
HIV_RT__3V81,prody_rfd3,23,188,TYR,7.767474174499512,4,289.7359929084778,8
HIV_RT__3V81,prody_rfd3,23,227,PHE,2.653374433517456,4,32.95562505722046,7
HIV_RT__3V81,prody_rfd3,23,228,LEU,10.872209548950195,4,13.27597713470459,4
HIV_RT__3V81,prody_rfd3,23,229,TRP,33.551795959472656,4,145.29675579071045,10
HIV_RT__3V81,prody_rfd3,23,230,MET,38.33850860595703,4,76.91441345214844,4
HIV_RT__3V81,prody_rfd3,23,232,TYR,19.021438598632812,4,24.462108373641968,8
HIV_RT__3V81,prody_rfd3,23,234,LEU,2.733651638031006,4,11.919976472854614,4
HIV_RT__3V81,prody_rfd3,23,318,TYR,4.23736572265625,4,13.112630844116211,8
HIV_RT__3V81,prody_rfd3,19,101,LYS,2.6905136108398438,4,54.97437685728073,5
HIV_RT__3V81,prody_rfd3,19,108,VAL,19.739276885986328,4,26.25123167037964,3
HIV_RT__3V81,prody_rfd3,19,180,ILE,2.794516086578369,4,10.347038865089417,4
HIV_RT__3V81,prody_rfd3,19,181,TYR,4.541966438293457,4,293.4536055326462,8
HIV_RT__3V81,prody_rfd3,19,188,TYR,7.632572174072266,4,297.3846957683563,8
HIV_RT__3V81,prody_rfd3,19,227,PHE,2.3292794227600098,4,25.586962461471558,7
HIV_RT__3V81,prody_rfd3,19,228,LEU,10.520442962646484,4,13.365933418273926,4
HIV_RT__3V81,prody_rfd3,19,229,TRP,31.51367950439453,4,132.09982681274414,10
HIV_RT__3V81,prody_rfd3,19,230,MET,35.181488037109375,4,63.550923347473145,4
HIV_RT__3V81,prody_rfd3,19,232,TYR,18.255718231201172,4,22.429428577423096,8
HIV_RT__3V81,prody_rfd3,19,234,LEU,2.3134312629699707,4,10.884368419647217,4
HIV_RT__3V81,prody_rfd3,19,318,TYR,3.7509522438049316,4,11.896290063858032,8
HIV_RT__3V81,prody_rfd3,14,101,LYS,4.08587646484375,4,26.689950704574585,5
HIV_RT__3V81,prody_rfd3,14,108,VAL,20.206829071044922,4,26.38344144821167,3
HIV_RT__3V81,prody_rfd3,14,180,ILE,4.205854415893555,4,12.501359581947327,4
HIV_RT__3V81,prody_rfd3,14,181,TYR,3.653224468231201,4,87.38177841901779,8
HIV_RT__3V81,prody_rfd3,14,188,TYR,7.036420822143555,4,294.69987773895264,8
HIV_RT__3V81,prody_rfd3,14,227,PHE,2.667936325073242,4,31.130615234375,7
HIV_RT__3V81,prody_rfd3,14,228,LEU,10.706391334533691,4,12.981338024139404,4
HIV_RT__3V81,prody_rfd3,14,229,TRP,33.21208572387695,4,127.84902858734131,10
HIV_RT__3V81,prody_rfd3,14,230,MET,38.09663772583008,4,63.864450454711914,4
HIV_RT__3V81,prody_rfd3,14,232,TYR,18.29593849182129,4,24.906282901763916,8
HIV_RT__3V81,prody_rfd3,14,234,LEU,2.469982147216797,4,11.458624482154846,4
HIV_RT__3V81,prody_rfd3,14,318,TYR,3.824313163757324,4,15.277920544147491,8
HIV_RT__3V81,prody_rfd3,17,101,LYS,3.486015796661377,4,44.12353599071503,5
HIV_RT__3V81,prody_rfd3,17,108,VAL,20.43761444091797,4,26.75452756881714,3
HIV_RT__3V81,prody_rfd3,17,180,ILE,2.685987949371338,4,10.579658508300781,4
HIV_RT__3V81,prody_rfd3,17,181,TYR,3.8351259231567383,4,303.8012501001358,8
HIV_RT__3V81,prody_rfd3,17,188,TYR,7.350745677947998,4,290.4094662666321,8
HIV_RT__3V81,prody_rfd3,17,227,PHE,2.6662821769714355,4,30.511579036712646,7
HIV_RT__3V81,prody_rfd3,17,228,LEU,10.451944351196289,4,13.66602635383606,4
HIV_RT__3V81,prody_rfd3,17,229,TRP,31.507226943969727,4,132.22260665893555,10
HIV_RT__3V81,prody_rfd3,17,230,MET,35.060630798339844,4,69.87231922149658,4
HIV_RT__3V81,prody_rfd3,17,232,TYR,16.563039779663086,4,23.146994829177856,8
HIV_RT__3V81,prody_rfd3,17,234,LEU,2.130645751953125,4,11.869167923927307,4
HIV_RT__3V81,prody_rfd3,17,318,TYR,3.85524845123291,4,12.678726017475128,8
HIV_RT__3V81,prody_rfd3,27,101,LYS,3.696431875228882,4,25.0473712682724,5
HIV_RT__3V81,prody_rfd3,27,108,VAL,20.203603744506836,4,26.765872478485107,3
HIV_RT__3V81,prody_rfd3,27,180,ILE,3.1741347312927246,4,9.888560056686401,4
HIV_RT__3V81,prody_rfd3,27,181,TYR,3.3932180404663086,4,288.49217784404755,8
HIV_RT__3V81,prody_rfd3,27,188,TYR,7.305755138397217,4,293.7897152900696,8
HIV_RT__3V81,prody_rfd3,27,227,PHE,2.609961748123169,4,30.728758811950684,7
HIV_RT__3V81,prody_rfd3,27,228,LEU,9.88460922241211,4,13.179386615753174,4
HIV_RT__3V81,prody_rfd3,27,229,TRP,31.533218383789062,4,132.7839241027832,10
HIV_RT__3V81,prody_rfd3,27,230,MET,35.58213806152344,4,69.68584632873535,4
HIV_RT__3V81,prody_rfd3,27,232,TYR,16.910390853881836,4,17.108948945999146,8
HIV_RT__3V81,prody_rfd3,27,234,LEU,2.130889415740967,4,10.479035496711731,4
HIV_RT__3V81,prody_rfd3,27,318,TYR,3.8848085403442383,4,14.74647456407547,8
HIV_RT__3V81,prody_rfd3,8,101,LYS,3.799650192260742,4,27.43400537967682,5
HIV_RT__3V81,prody_rfd3,8,108,VAL,20.28850555419922,4,27.103827476501465,3
HIV_RT__3V81,prody_rfd3,8,180,ILE,3.8538713455200195,4,11.66191279888153,4
HIV_RT__3V81,prody_rfd3,8,181,TYR,3.2194697856903076,4,124.64801114797592,8
HIV_RT__3V81,prody_rfd3,8,188,TYR,7.385869026184082,4,292.7009422779083,8
HIV_RT__3V81,prody_rfd3,8,227,PHE,2.486724615097046,4,29.62999129295349,7
HIV_RT__3V81,prody_rfd3,8,228,LEU,10.208374977111816,4,12.647246360778809,4
HIV_RT__3V81,prody_rfd3,8,229,TRP,31.983823776245117,4,123.1357536315918,10
HIV_RT__3V81,prody_rfd3,8,230,MET,38.48632049560547,4,64.42799282073975,4
HIV_RT__3V81,prody_rfd3,8,232,TYR,18.351438522338867,4,27.868043422698975,8
HIV_RT__3V81,prody_rfd3,8,234,LEU,2.393547773361206,4,10.175662398338318,4
HIV_RT__3V81,prody_rfd3,8,318,TYR,3.4450881481170654,4,16.472586154937744,8
HIV_RT__3V81,prody_rfd3,5,101,LYS,4.166768550872803,4,29.62767481803894,5
HIV_RT__3V81,prody_rfd3,5,108,VAL,21.002742767333984,4,28.143259048461914,3
HIV_RT__3V81,prody_rfd3,5,180,ILE,3.6574392318725586,4,10.140806913375854,4
HIV_RT__3V81,prody_rfd3,5,181,TYR,3.8373355865478516,4,82.37405407428741,8
HIV_RT__3V81,prody_rfd3,5,188,TYR,7.0036420822143555,4,306.2834267616272,8
HIV_RT__3V81,prody_rfd3,5,227,PHE,2.398754119873047,4,31.261415243148804,7
HIV_RT__3V81,prody_rfd3,5,228,LEU,9.960994720458984,4,12.80735731124878,4
HIV_RT__3V81,prody_rfd3,5,229,TRP,32.109012603759766,4,118.44850540161133,10
HIV_RT__3V81,prody_rfd3,5,230,MET,35.77867126464844,4,41.82510423660278,4
HIV_RT__3V81,prody_rfd3,5,232,TYR,17.23160171508789,4,27.913687109947205,8
HIV_RT__3V81,prody_rfd3,5,234,LEU,2.7516398429870605,4,11.759863018989563,4
HIV_RT__3V81,prody_rfd3,5,318,TYR,3.445237636566162,4,15.53034383058548,8
HIV_RT__3V81,prody_rfd3,7,101,LYS,4.527038097381592,4,26.647714138031006,5
HIV_RT__3V81,prody_rfd3,7,108,VAL,20.71092414855957,4,27.62168598175049,3
HIV_RT__3V81,prody_rfd3,7,180,ILE,3.728145122528076,4,10.06115198135376,4
HIV_RT__3V81,prody_rfd3,7,181,TYR,3.296110153198242,4,73.25374200940132,8
HIV_RT__3V81,prody_rfd3,7,188,TYR,6.849423885345459,4,301.13583052158356,8
HIV_RT__3V81,prody_rfd3,7,227,PHE,2.6428475379943848,4,31.54638671875,7
HIV_RT__3V81,prody_rfd3,7,228,LEU,10.251672744750977,4,13.999173879623413,4
HIV_RT__3V81,prody_rfd3,7,229,TRP,32.17621994018555,4,121.19943380355835,10
HIV_RT__3V81,prody_rfd3,7,230,MET,34.2117919921875,4,47.65651798248291,4
HIV_RT__3V81,prody_rfd3,7,232,TYR,16.173370361328125,4,28.084508419036865,8
HIV_RT__3V81,prody_rfd3,7,234,LEU,2.700497627258301,4,11.666202306747437,4
HIV_RT__3V81,prody_rfd3,7,318,TYR,3.878368377685547,4,19.00106316804886,8
HIV_RT__3V81,prody_rfd3,4,101,LYS,3.2648470401763916,4,27.15537738800049,5
HIV_RT__3V81,prody_rfd3,4,108,VAL,20.497657775878906,4,27.010639667510986,3
HIV_RT__3V81,prody_rfd3,4,180,ILE,3.026088237762451,4,10.455067992210388,4
HIV_RT__3V81,prody_rfd3,4,181,TYR,3.7889890670776367,4,292.16184520721436,8
HIV_RT__3V81,prody_rfd3,4,188,TYR,7.0053863525390625,4,299.3456757068634,8
HIV_RT__3V81,prody_rfd3,4,227,PHE,2.580793619155884,4,31.4845871925354,7
HIV_RT__3V81,prody_rfd3,4,228,LEU,10.73384952545166,4,13.975314378738403,4
HIV_RT__3V81,prody_rfd3,4,229,TRP,31.96553611755371,4,138.7384376525879,10
HIV_RT__3V81,prody_rfd3,4,230,MET,35.25910568237305,4,60.60592174530029,4
HIV_RT__3V81,prody_rfd3,4,232,TYR,17.1478214263916,4,28.485846042633057,8
HIV_RT__3V81,prody_rfd3,4,234,LEU,2.4648945331573486,4,11.3681720495224,4
HIV_RT__3V81,prody_rfd3,4,318,TYR,3.8840034008026123,4,12.910528481006622,8
HIV_RT__3V81,prody_rfd3,0,101,LYS,3.170126438140869,4,23.339630722999573,5
HIV_RT__3V81,prody_rfd3,0,108,VAL,20.834999084472656,4,27.182978630065918,3
HIV_RT__3V81,prody_rfd3,0,180,ILE,3.5021564960479736,4,10.282703757286072,4
HIV_RT__3V81,prody_rfd3,0,181,TYR,3.385317802429199,4,287.91664373874664,8
HIV_RT__3V81,prody_rfd3,0,188,TYR,7.221172332763672,4,295.0145962238312,8
HIV_RT__3V81,prody_rfd3,0,227,PHE,2.354830265045166,4,28.334882974624634,7
HIV_RT__3V81,prody_rfd3,0,228,LEU,10.895271301269531,4,13.523524284362793,4
HIV_RT__3V81,prody_rfd3,0,229,TRP,32.520729064941406,4,134.37345600128174,10
HIV_RT__3V81,prody_rfd3,0,230,MET,36.55616760253906,4,65.59243488311768,4
HIV_RT__3V81,prody_rfd3,0,232,TYR,18.663955688476562,4,23.67297887802124,8
HIV_RT__3V81,prody_rfd3,0,234,LEU,2.732672929763794,4,10.528916239738464,4
HIV_RT__3V81,prody_rfd3,0,318,TYR,3.9046058654785156,4,15.505979418754578,8
HIV_RT__3V81,prody_rfd3,6,101,LYS,3.10809588432312,4,29.135639190673828,5
HIV_RT__3V81,prody_rfd3,6,108,VAL,20.075733184814453,4,27.062001705169678,3
HIV_RT__3V81,prody_rfd3,6,180,ILE,2.607758045196533,4,10.308118104934692,4
HIV_RT__3V81,prody_rfd3,6,181,TYR,4.013932704925537,4,305.348905980587,8
HIV_RT__3V81,prody_rfd3,6,188,TYR,6.89365291595459,4,301.50088119506836,8
HIV_RT__3V81,prody_rfd3,6,227,PHE,2.198363780975342,4,24.601738691329956,7
HIV_RT__3V81,prody_rfd3,6,228,LEU,10.027057647705078,4,12.908801317214966,4
HIV_RT__3V81,prody_rfd3,6,229,TRP,30.976808547973633,4,136.41507244110107,10
HIV_RT__3V81,prody_rfd3,6,230,MET,33.988136291503906,4,61.062124252319336,4
HIV_RT__3V81,prody_rfd3,6,232,TYR,16.621240615844727,4,18.631965041160583,8
HIV_RT__3V81,prody_rfd3,6,234,LEU,2.2041337490081787,4,8.773534178733826,4
HIV_RT__3V81,prody_rfd3,6,318,TYR,3.8187875747680664,4,8.686198115348816,8
HIV_RT__3V81,prody_rfd3,12,101,LYS,3.429755687713623,4,38.33687907457352,5
HIV_RT__3V81,prody_rfd3,12,108,VAL,19.8686580657959,4,26.80298089981079,3
HIV_RT__3V81,prody_rfd3,12,180,ILE,2.9726204872131348,4,9.619898438453674,4
HIV_RT__3V81,prody_rfd3,12,181,TYR,4.096263408660889,4,294.9266451597214,8
HIV_RT__3V81,prody_rfd3,12,188,TYR,7.150603294372559,4,305.7613949775696,8
HIV_RT__3V81,prody_rfd3,12,227,PHE,2.4443583488464355,4,26.43262791633606,7
HIV_RT__3V81,prody_rfd3,12,228,LEU,9.823671340942383,4,12.833211183547974,4
HIV_RT__3V81,prody_rfd3,12,229,TRP,31.57573699951172,4,126.54231929779053,10
HIV_RT__3V81,prody_rfd3,12,230,MET,35.99132537841797,4,53.09303855895996,4
HIV_RT__3V81,prody_rfd3,12,232,TYR,17.48764419555664,4,19.6717666387558,8
HIV_RT__3V81,prody_rfd3,12,234,LEU,1.9743876457214355,4,10.46277928352356,4
HIV_RT__3V81,prody_rfd3,12,318,TYR,3.905599355697632,4,13.297231197357178,8
HIV_RT__3V81,prody_rfd3,26,101,LYS,3.1670942306518555,4,47.51910012960434,5
HIV_RT__3V81,prody_rfd3,26,108,VAL,20.561662673950195,4,27.23100185394287,3
HIV_RT__3V81,prody_rfd3,26,180,ILE,3.607983112335205,4,10.620968222618103,4
HIV_RT__3V81,prody_rfd3,26,181,TYR,3.639634609222412,4,283.0758020877838,8
HIV_RT__3V81,prody_rfd3,26,188,TYR,7.459883213043213,4,292.891389131546,8
HIV_RT__3V81,prody_rfd3,26,227,PHE,2.4799420833587646,4,21.646446347236633,7
HIV_RT__3V81,prody_rfd3,26,228,LEU,11.284233093261719,4,13.8629310131073,4
HIV_RT__3V81,prody_rfd3,26,229,TRP,32.69490051269531,4,117.23939323425293,10
HIV_RT__3V81,prody_rfd3,26,230,MET,36.98139190673828,4,64.55897235870361,4
HIV_RT__3V81,prody_rfd3,26,232,TYR,19.453615188598633,4,43.227354526519775,8
HIV_RT__3V81,prody_rfd3,26,234,LEU,2.4980664253234863,4,24.77996438741684,4
HIV_RT__3V81,prody_rfd3,26,318,TYR,4.155341625213623,4,26.510307550430298,8
HIV_RT__3V81,prody_rfd3,22,101,LYS,3.676311492919922,4,25.305927097797394,5
HIV_RT__3V81,prody_rfd3,22,108,VAL,20.360599517822266,4,27.63149881362915,3
HIV_RT__3V81,prody_rfd3,22,180,ILE,3.217559337615967,4,10.176576137542725,4
HIV_RT__3V81,prody_rfd3,22,181,TYR,3.733489751815796,4,279.66897106170654,8
HIV_RT__3V81,prody_rfd3,22,188,TYR,6.9252448081970215,4,301.259890794754,8
HIV_RT__3V81,prody_rfd3,22,227,PHE,2.947600841522217,4,32.02485680580139,7
HIV_RT__3V81,prody_rfd3,22,228,LEU,10.111724853515625,4,13.579763412475586,4
HIV_RT__3V81,prody_rfd3,22,229,TRP,31.489503860473633,4,137.88814449310303,10
HIV_RT__3V81,prody_rfd3,22,230,MET,34.44331359863281,4,68.27377891540527,4
HIV_RT__3V81,prody_rfd3,22,232,TYR,16.05426788330078,4,20.58836853504181,8
HIV_RT__3V81,prody_rfd3,22,234,LEU,2.1103878021240234,4,11.605020940303802,4
HIV_RT__3V81,prody_rfd3,22,318,TYR,4.1913909912109375,4,13.641261219978333,8
HIV_RT__3V81,prody_rfd3,21,101,LYS,3.7776238918304443,4,29.705259799957275,5
HIV_RT__3V81,prody_rfd3,21,108,VAL,19.358495712280273,4,26.119091510772705,3
HIV_RT__3V81,prody_rfd3,21,180,ILE,3.3901119232177734,4,11.756083965301514,4
HIV_RT__3V81,prody_rfd3,21,181,TYR,4.216485023498535,4,279.7314532995224,8
HIV_RT__3V81,prody_rfd3,21,188,TYR,7.000518798828125,4,296.8689079284668,8
HIV_RT__3V81,prody_rfd3,21,227,PHE,2.605048179626465,4,29.820833444595337,7
HIV_RT__3V81,prody_rfd3,21,228,LEU,9.830304145812988,4,12.960077047348022,4
HIV_RT__3V81,prody_rfd3,21,229,TRP,32.20353317260742,4,131.49361610412598,10
HIV_RT__3V81,prody_rfd3,21,230,MET,35.200103759765625,4,62.678025245666504,4
HIV_RT__3V81,prody_rfd3,21,232,TYR,17.8302001953125,4,24.564690589904785,8
HIV_RT__3V81,prody_rfd3,21,234,LEU,2.213003396987915,4,11.385284960269928,4
HIV_RT__3V81,prody_rfd3,21,318,TYR,3.4865245819091797,4,13.269893288612366,8
HIV_RT__3V81,prody_rfd3,25,101,LYS,3.286057710647583,4,24.284359335899353,5
HIV_RT__3V81,prody_rfd3,25,108,VAL,20.572582244873047,4,26.608173370361328,3
HIV_RT__3V81,prody_rfd3,25,180,ILE,3.631895065307617,4,8.93492341041565,4
HIV_RT__3V81,prody_rfd3,25,181,TYR,3.6871089935302734,4,75.1886896789074,8
HIV_RT__3V81,prody_rfd3,25,188,TYR,7.660639762878418,4,292.27005791664124,8
HIV_RT__3V81,prody_rfd3,25,227,PHE,2.517033815383911,4,27.462865352630615,7
HIV_RT__3V81,prody_rfd3,25,228,LEU,10.22347640991211,4,12.994525671005249,4
HIV_RT__3V81,prody_rfd3,25,229,TRP,32.70585250854492,4,115.46932172775269,10
HIV_RT__3V81,prody_rfd3,25,230,MET,37.790218353271484,4,59.67714881896973,4
HIV_RT__3V81,prody_rfd3,25,232,TYR,18.843807220458984,4,20.6887708902359,8
HIV_RT__3V81,prody_rfd3,25,234,LEU,2.3764333724975586,4,8.904728353023529,4
HIV_RT__3V81,prody_rfd3,25,318,TYR,4.033484935760498,4,13.443360090255737,8
HIV_RT__3V81,prody_rfd3,13,101,LYS,3.891730546951294,4,62.67498981952667,5
HIV_RT__3V81,prody_rfd3,13,108,VAL,20.881343841552734,4,27.277243614196777,3
HIV_RT__3V81,prody_rfd3,13,180,ILE,2.8440680503845215,4,12.28901982307434,4
HIV_RT__3V81,prody_rfd3,13,181,TYR,4.150111198425293,4,288.778769493103,8
HIV_RT__3V81,prody_rfd3,13,188,TYR,6.448671340942383,4,296.4873960018158,8
HIV_RT__3V81,prody_rfd3,13,227,PHE,2.5664079189300537,4,27.574830055236816,7
HIV_RT__3V81,prody_rfd3,13,228,LEU,10.366578102111816,4,21.432796478271484,4
HIV_RT__3V81,prody_rfd3,13,229,TRP,31.74118423461914,4,126.55870819091797,10
HIV_RT__3V81,prody_rfd3,13,230,MET,33.65864181518555,4,71.72254848480225,4
HIV_RT__3V81,prody_rfd3,13,232,TYR,16.49645233154297,4,51.555378437042236,8
HIV_RT__3V81,prody_rfd3,13,234,LEU,2.475955009460449,4,32.46910160779953,4
HIV_RT__3V81,prody_rfd3,13,318,TYR,3.717839241027832,4,26.460403561592102,8
HIV_RT__3V81,prody_rfd3,9,101,LYS,3.1436221599578857,4,25.929012656211853,5
HIV_RT__3V81,prody_rfd3,9,108,VAL,20.052263259887695,4,26.439279556274414,3
HIV_RT__3V81,prody_rfd3,9,180,ILE,3.598588466644287,4,9.254152536392212,4
HIV_RT__3V81,prody_rfd3,9,181,TYR,3.3358142375946045,4,286.427907705307,8
HIV_RT__3V81,prody_rfd3,9,188,TYR,7.465671539306641,4,294.54147148132324,8
HIV_RT__3V81,prody_rfd3,9,227,PHE,2.5376784801483154,4,30.91397738456726,7
HIV_RT__3V81,prody_rfd3,9,228,LEU,10.927139282226562,4,13.033571481704712,4
HIV_RT__3V81,prody_rfd3,9,229,TRP,32.174076080322266,4,131.10323905944824,10
HIV_RT__3V81,prody_rfd3,9,230,MET,37.1474609375,4,66.88900089263916,4
HIV_RT__3V81,prody_rfd3,9,232,TYR,18.75572395324707,4,22.887181878089905,8
HIV_RT__3V81,prody_rfd3,9,234,LEU,2.577510356903076,4,11.048458576202393,4
HIV_RT__3V81,prody_rfd3,9,318,TYR,3.9135122299194336,4,12.889610886573792,8
HIV_RT__3V81,prody_rfd3,15,101,LYS,3.1929619312286377,4,50.28692430257797,5
HIV_RT__3V81,prody_rfd3,15,108,VAL,20.154415130615234,4,27.1899995803833,3
HIV_RT__3V81,prody_rfd3,15,180,ILE,2.3863978385925293,4,9.768192887306213,4
HIV_RT__3V81,prody_rfd3,15,181,TYR,3.272862434387207,4,305.85356718301773,8
HIV_RT__3V81,prody_rfd3,15,188,TYR,7.157473564147949,4,309.0247428417206,8
HIV_RT__3V81,prody_rfd3,15,227,PHE,2.217003345489502,4,25.39078998565674,7
HIV_RT__3V81,prody_rfd3,15,228,LEU,9.812085151672363,4,13.545215129852295,4
HIV_RT__3V81,prody_rfd3,15,229,TRP,30.697755813598633,4,124.25600910186768,10
HIV_RT__3V81,prody_rfd3,15,230,MET,33.37362289428711,4,57.34619140625,4
HIV_RT__3V81,prody_rfd3,15,232,TYR,17.080799102783203,4,16.58689522743225,8
HIV_RT__3V81,prody_rfd3,15,234,LEU,2.0188498497009277,4,10.744022607803345,4
HIV_RT__3V81,prody_rfd3,15,318,TYR,3.649379014968872,4,10.528176605701447,8
HIV_RT__3V81,prody_rfd3,20,101,LYS,3.5787715911865234,4,23.130955934524536,5
HIV_RT__3V81,prody_rfd3,20,108,VAL,20.927217483520508,4,28.02778673171997,3
HIV_RT__3V81,prody_rfd3,20,180,ILE,3.803257942199707,4,11.436986327171326,4
HIV_RT__3V81,prody_rfd3,20,181,TYR,3.2956180572509766,4,285.61141657829285,8
HIV_RT__3V81,prody_rfd3,20,188,TYR,7.371064186096191,4,293.32546520233154,8
HIV_RT__3V81,prody_rfd3,20,227,PHE,2.593712568283081,4,28.686442613601685,7
HIV_RT__3V81,prody_rfd3,20,228,LEU,10.346929550170898,4,13.24134635925293,4
HIV_RT__3V81,prody_rfd3,20,229,TRP,32.36809158325195,4,133.6525173187256,10
HIV_RT__3V81,prody_rfd3,20,230,MET,37.394752502441406,4,60.28142547607422,4
HIV_RT__3V81,prody_rfd3,20,232,TYR,18.130083084106445,4,25.383874654769897,8
HIV_RT__3V81,prody_rfd3,20,234,LEU,2.505929946899414,4,11.708307206630707,4
HIV_RT__3V81,prody_rfd3,20,318,TYR,4.166696548461914,4,15.625464737415314,8
HIV_RT__3V81,prody_rfd3,18,101,LYS,3.4936532974243164,4,31.000779807567596,5
HIV_RT__3V81,prody_rfd3,18,108,VAL,20.767324447631836,4,27.29832696914673,3
HIV_RT__3V81,prody_rfd3,18,180,ILE,3.2372477054595947,4,9.80878484249115,4
HIV_RT__3V81,prody_rfd3,18,181,TYR,4.148740291595459,4,286.67430090904236,8
HIV_RT__3V81,prody_rfd3,18,188,TYR,7.202301502227783,4,295.1746702194214,8
HIV_RT__3V81,prody_rfd3,18,227,PHE,2.520390510559082,4,30.331665515899658,7
HIV_RT__3V81,prody_rfd3,18,228,LEU,10.770889282226562,4,13.839301347732544,4
HIV_RT__3V81,prody_rfd3,18,229,TRP,31.87818145751953,4,136.09917163848877,10
HIV_RT__3V81,prody_rfd3,18,230,MET,36.482566833496094,4,67.96387958526611,4
HIV_RT__3V81,prody_rfd3,18,232,TYR,17.375320434570312,4,29.4707133769989,8
HIV_RT__3V81,prody_rfd3,18,234,LEU,2.7430500984191895,4,11.46665358543396,4
HIV_RT__3V81,prody_rfd3,18,318,TYR,3.791578769683838,4,14.770377099514008,8
HIV_RT__3V81,prody_rfd3,3,101,LYS,3.031126022338867,4,96.77927899360657,5
HIV_RT__3V81,prody_rfd3,3,108,VAL,19.908443450927734,4,26.303861618041992,3
HIV_RT__3V81,prody_rfd3,3,180,ILE,2.9244942665100098,4,11.595956444740295,4
HIV_RT__3V81,prody_rfd3,3,181,TYR,3.4499311447143555,4,293.8531969189644,8
HIV_RT__3V81,prody_rfd3,3,188,TYR,7.647406101226807,4,300.24010705947876,8
HIV_RT__3V81,prody_rfd3,3,227,PHE,2.3995988368988037,4,20.821942567825317,7
HIV_RT__3V81,prody_rfd3,3,228,LEU,10.247590065002441,4,14.507312774658203,4
HIV_RT__3V81,prody_rfd3,3,229,TRP,31.983335494995117,4,111.85411500930786,10
HIV_RT__3V81,prody_rfd3,3,230,MET,34.26076126098633,4,61.486138343811035,4
HIV_RT__3V81,prody_rfd3,3,232,TYR,18.026153564453125,4,36.82272410392761,8
HIV_RT__3V81,prody_rfd3,3,234,LEU,2.3892171382904053,4,12.334625482559204,4
HIV_RT__3V81,prody_rfd3,3,318,TYR,4.002120494842529,4,25.071004629135132,8
HIV_RT__3V81,prody_rfd3,2,101,LYS,4.2243242263793945,4,28.89817178249359,5
HIV_RT__3V81,prody_rfd3,2,108,VAL,21.061717987060547,4,27.588583946228027,3
HIV_RT__3V81,prody_rfd3,2,180,ILE,3.5109896659851074,4,10.528804063796997,4
HIV_RT__3V81,prody_rfd3,2,181,TYR,3.7605438232421875,4,80.5102128982544,8
HIV_RT__3V81,prody_rfd3,2,188,TYR,7.550110816955566,4,292.7437856197357,8
HIV_RT__3V81,prody_rfd3,2,227,PHE,2.87727427482605,4,30.47615098953247,7
HIV_RT__3V81,prody_rfd3,2,228,LEU,10.444341659545898,4,13.317731142044067,4
HIV_RT__3V81,prody_rfd3,2,229,TRP,32.979007720947266,4,124.2312388420105,10
HIV_RT__3V81,prody_rfd3,2,230,MET,36.284767150878906,4,69.31910705566406,4
HIV_RT__3V81,prody_rfd3,2,232,TYR,17.57858657836914,4,30.07104253768921,8
HIV_RT__3V81,prody_rfd3,2,234,LEU,2.422819137573242,4,11.17603087425232,4
HIV_RT__3V81,prody_rfd3,2,318,TYR,3.826944351196289,4,14.737634420394897,8
HIV_RT__3V81,prody_rfd3,28,101,LYS,3.4970765113830566,4,25.43954712152481,5
HIV_RT__3V81,prody_rfd3,28,108,VAL,19.7780704498291,4,27.34089946746826,3
HIV_RT__3V81,prody_rfd3,28,180,ILE,3.46231746673584,4,9.649784684181213,4
HIV_RT__3V81,prody_rfd3,28,181,TYR,3.464561939239502,4,287.75391376018524,8
HIV_RT__3V81,prody_rfd3,28,188,TYR,7.106795787811279,4,295.65667366981506,8
HIV_RT__3V81,prody_rfd3,28,227,PHE,2.608475923538208,4,32.211374044418335,7
HIV_RT__3V81,prody_rfd3,28,228,LEU,10.35810375213623,4,13.69326400756836,4
HIV_RT__3V81,prody_rfd3,28,229,TRP,31.87885284423828,4,137.66604614257812,10
HIV_RT__3V81,prody_rfd3,28,230,MET,35.37748336791992,4,65.54068279266357,4
HIV_RT__3V81,prody_rfd3,28,232,TYR,17.84722137451172,4,23.09106719493866,8
HIV_RT__3V81,prody_rfd3,28,234,LEU,2.3862173557281494,4,9.227552652359009,4
HIV_RT__3V81,prody_rfd3,28,318,TYR,3.7884538173675537,4,11.871081709861755,8
HIV_RT__3V81,prody_rfd3,24,101,LYS,3.206845283508301,4,43.224620282649994,5
HIV_RT__3V81,prody_rfd3,24,108,VAL,19.89444351196289,4,26.948951721191406,3
HIV_RT__3V81,prody_rfd3,24,180,ILE,2.931516408920288,4,11.020660281181335,4
HIV_RT__3V81,prody_rfd3,24,181,TYR,3.679633378982544,4,300.1141128540039,8
HIV_RT__3V81,prody_rfd3,24,188,TYR,7.261706352233887,4,299.09983825683594,8
HIV_RT__3V81,prody_rfd3,24,227,PHE,2.486245632171631,4,25.75221061706543,7
HIV_RT__3V81,prody_rfd3,24,228,LEU,10.610074996948242,4,13.731381177902222,4
HIV_RT__3V81,prody_rfd3,24,229,TRP,31.851943969726562,4,132.94326400756836,10
HIV_RT__3V81,prody_rfd3,24,230,MET,35.170310974121094,4,55.56952953338623,4
HIV_RT__3V81,prody_rfd3,24,232,TYR,17.688053131103516,4,21.196428179740906,8
HIV_RT__3V81,prody_rfd3,24,234,LEU,2.3658745288848877,4,11.174301624298096,4
HIV_RT__3V81,prody_rfd3,24,318,TYR,3.8888089656829834,4,12.300535202026367,8
HIV_RT__3V81,prody_rfd3,11,101,LYS,4.406900882720947,4,29.091147541999817,5
HIV_RT__3V81,prody_rfd3,11,108,VAL,19.986434936523438,4,26.788404941558838,3
HIV_RT__3V81,prody_rfd3,11,180,ILE,3.8782577514648438,4,10.749383330345154,4
HIV_RT__3V81,prody_rfd3,11,181,TYR,3.794727325439453,4,82.60825508832932,8
HIV_RT__3V81,prody_rfd3,11,188,TYR,6.88200044631958,4,300.78939294815063,8
HIV_RT__3V81,prody_rfd3,11,227,PHE,2.467881441116333,4,32.36836123466492,7
HIV_RT__3V81,prody_rfd3,11,228,LEU,9.830756187438965,4,15.58853030204773,4
HIV_RT__3V81,prody_rfd3,11,229,TRP,31.841093063354492,4,121.93678522109985,10
HIV_RT__3V81,prody_rfd3,11,230,MET,35.3357048034668,4,52.61600685119629,4
HIV_RT__3V81,prody_rfd3,11,232,TYR,17.44694709777832,4,31.26636552810669,8
HIV_RT__3V81,prody_rfd3,11,234,LEU,2.702545166015625,4,12.134859085083008,4
HIV_RT__3V81,prody_rfd3,11,318,TYR,3.5800418853759766,4,15.869758248329163,8
HIV_RT__3V81,prody_rfd3,29,101,LYS,3.28727388381958,4,52.67241597175598,5
HIV_RT__3V81,prody_rfd3,29,108,VAL,20.748872756958008,4,27.232706546783447,3
HIV_RT__3V81,prody_rfd3,29,180,ILE,2.536484956741333,4,10.76710307598114,4
HIV_RT__3V81,prody_rfd3,29,181,TYR,3.8342933654785156,4,298.11992889642715,8
HIV_RT__3V81,prody_rfd3,29,188,TYR,7.202464580535889,4,301.31229400634766,8
HIV_RT__3V81,prody_rfd3,29,227,PHE,2.34924578666687,4,24.320865631103516,7
HIV_RT__3V81,prody_rfd3,29,228,LEU,9.706851959228516,4,12.575963497161865,4
HIV_RT__3V81,prody_rfd3,29,229,TRP,31.785917282104492,4,130.8222885131836,10
HIV_RT__3V81,prody_rfd3,29,230,MET,35.550621032714844,4,61.53030300140381,4
HIV_RT__3V81,prody_rfd3,29,232,TYR,17.067977905273438,4,16.88523757457733,8
HIV_RT__3V81,prody_rfd3,29,234,LEU,1.958997368812561,4,9.003050804138184,4
HIV_RT__3V81,prody_rfd3,29,318,TYR,3.6556012630462646,4,11.734149932861328,8
HIV_RT__3V81,rosetta_repack,0,101,LYS,3.4059157371520996,4,31.63330751657486,5
HIV_RT__3V81,rosetta_repack,0,108,VAL,20.415252685546875,4,27.268327713012695,3
HIV_RT__3V81,rosetta_repack,0,180,ILE,3.2787275314331055,4,10.915468454360962,4
HIV_RT__3V81,rosetta_repack,0,181,TYR,3.565654754638672,4,294.7433906197548,8
HIV_RT__3V81,rosetta_repack,0,188,TYR,7.270544528961182,4,313.6044921875,8
HIV_RT__3V81,rosetta_repack,0,227,PHE,2.576165199279785,4,27.919713020324707,7
HIV_RT__3V81,rosetta_repack,0,228,LEU,10.37641716003418,4,9.477674722671509,4
HIV_RT__3V81,rosetta_repack,0,229,TRP,32.045345306396484,4,140.9348316192627,10
HIV_RT__3V81,rosetta_repack,0,230,MET,35.84083557128906,4,94.83852005004883,4
HIV_RT__3V81,rosetta_repack,0,232,TYR,17.633569717407227,4,31.03627371788025,8
HIV_RT__3V81,rosetta_repack,0,234,LEU,2.288295269012451,4,8.61987054347992,4
HIV_RT__3V81,rosetta_repack,0,318,TYR,3.82043194770813,4,8.676406979560852,8
HIV_RT__3V81,rosetta_repack,1,101,LYS,3.4059157371520996,4,31.63330751657486,5
HIV_RT__3V81,rosetta_repack,1,108,VAL,20.415252685546875,4,27.268327713012695,3
HIV_RT__3V81,rosetta_repack,1,180,ILE,3.2787275314331055,4,10.915468454360962,4
HIV_RT__3V81,rosetta_repack,1,181,TYR,3.565654754638672,4,298.239400267601,8
HIV_RT__3V81,rosetta_repack,1,188,TYR,7.270544528961182,4,313.6044921875,8
HIV_RT__3V81,rosetta_repack,1,227,PHE,2.576165199279785,4,27.919713020324707,7
HIV_RT__3V81,rosetta_repack,1,228,LEU,10.37641716003418,4,9.477674722671509,4
HIV_RT__3V81,rosetta_repack,1,229,TRP,32.045345306396484,4,151.43327617645264,10
HIV_RT__3V81,rosetta_repack,1,230,MET,35.84083557128906,4,103.86996078491211,4
HIV_RT__3V81,rosetta_repack,1,232,TYR,17.633569717407227,4,31.03627371788025,8
HIV_RT__3V81,rosetta_repack,1,234,LEU,2.288295269012451,4,9.06047135591507,4
HIV_RT__3V81,rosetta_repack,1,318,TYR,3.82043194770813,4,9.545861661434174,8
HIV_RT__3V81,rosetta_repack,2,101,LYS,3.4059157371520996,4,31.63330751657486,5
HIV_RT__3V81,rosetta_repack,2,108,VAL,20.415252685546875,4,27.268327713012695,3
HIV_RT__3V81,rosetta_repack,2,180,ILE,3.2787275314331055,4,10.915468454360962,4
HIV_RT__3V81,rosetta_repack,2,181,TYR,3.565654754638672,4,294.7433906197548,8
HIV_RT__3V81,rosetta_repack,2,188,TYR,7.270544528961182,4,313.6044921875,8
HIV_RT__3V81,rosetta_repack,2,227,PHE,2.576165199279785,4,27.919713020324707,7
HIV_RT__3V81,rosetta_repack,2,228,LEU,10.37641716003418,4,9.477674722671509,4
HIV_RT__3V81,rosetta_repack,2,229,TRP,32.045345306396484,4,140.9348316192627,10
HIV_RT__3V81,rosetta_repack,2,230,MET,35.84083557128906,4,94.83852005004883,4
HIV_RT__3V81,rosetta_repack,2,232,TYR,17.633569717407227,4,31.03627371788025,8
HIV_RT__3V81,rosetta_repack,2,234,LEU,2.288295269012451,4,8.61987054347992,4
HIV_RT__3V81,rosetta_repack,2,318,TYR,3.82043194770813,4,8.676406979560852,8
HIV_RT__3V81,rosetta_repack,3,101,LYS,3.4059157371520996,4,31.63330751657486,5
HIV_RT__3V81,rosetta_repack,3,108,VAL,20.415252685546875,4,27.268327713012695,3
HIV_RT__3V81,rosetta_repack,3,180,ILE,3.2787275314331055,4,10.915468454360962,4
HIV_RT__3V81,rosetta_repack,3,181,TYR,3.565654754638672,4,294.7433906197548,8
HIV_RT__3V81,rosetta_repack,3,188,TYR,7.270544528961182,4,313.6044921875,8
HIV_RT__3V81,rosetta_repack,3,227,PHE,2.576165199279785,4,27.919713020324707,7
HIV_RT__3V81,rosetta_repack,3,228,LEU,10.37641716003418,4,9.477674722671509,4
HIV_RT__3V81,rosetta_repack,3,229,TRP,32.045345306396484,4,140.9348316192627,10
HIV_RT__3V81,rosetta_repack,3,230,MET,35.84083557128906,4,94.83852005004883,4
HIV_RT__3V81,rosetta_repack,3,232,TYR,17.633569717407227,4,31.03627371788025,8
HIV_RT__3V81,rosetta_repack,3,234,LEU,2.288295269012451,4,8.61987054347992,4
HIV_RT__3V81,rosetta_repack,3,318,TYR,3.82043194770813,4,8.676406979560852,8
HIV_RT__3V81,rosetta_repack,4,101,LYS,3.4059157371520996,4,31.63330751657486,5
HIV_RT__3V81,rosetta_repack,4,108,VAL,20.415252685546875,4,27.268327713012695,3
HIV_RT__3V81,rosetta_repack,4,180,ILE,3.2787275314331055,4,10.915468454360962,4
HIV_RT__3V81,rosetta_repack,4,181,TYR,3.565654754638672,4,298.239400267601,8
HIV_RT__3V81,rosetta_repack,4,188,TYR,7.270544528961182,4,313.6044921875,8
HIV_RT__3V81,rosetta_repack,4,227,PHE,2.576165199279785,4,27.919713020324707,7
HIV_RT__3V81,rosetta_repack,4,228,LEU,10.37641716003418,4,9.477674722671509,4
HIV_RT__3V81,rosetta_repack,4,229,TRP,32.045345306396484,4,151.43327617645264,10
HIV_RT__3V81,rosetta_repack,4,230,MET,35.84083557128906,4,103.86996078491211,4
HIV_RT__3V81,rosetta_repack,4,232,TYR,17.633569717407227,4,31.03627371788025,8
HIV_RT__3V81,rosetta_repack,4,234,LEU,2.288295269012451,4,9.06047135591507,4
HIV_RT__3V81,rosetta_repack,4,318,TYR,3.82043194770813,4,9.545861661434174,8
HIV_RT__3V81,rosetta_repack,5,101,LYS,3.4059157371520996,4,31.63330751657486,5
HIV_RT__3V81,rosetta_repack,5,108,VAL,20.415252685546875,4,27.268327713012695,3
HIV_RT__3V81,rosetta_repack,5,180,ILE,3.2787275314331055,4,10.915468454360962,4
HIV_RT__3V81,rosetta_repack,5,181,TYR,3.565654754638672,4,298.239400267601,8
HIV_RT__3V81,rosetta_repack,5,188,TYR,7.270544528961182,4,313.6044921875,8
HIV_RT__3V81,rosetta_repack,5,227,PHE,2.576165199279785,4,27.919713020324707,7
HIV_RT__3V81,rosetta_repack,5,228,LEU,10.37641716003418,4,9.477674722671509,4
HIV_RT__3V81,rosetta_repack,5,229,TRP,32.045345306396484,4,151.43327617645264,10
HIV_RT__3V81,rosetta_repack,5,230,MET,35.84083557128906,4,103.86996078491211,4
HIV_RT__3V81,rosetta_repack,5,232,TYR,17.633569717407227,4,31.03627371788025,8
HIV_RT__3V81,rosetta_repack,5,234,LEU,2.288295269012451,4,9.06047135591507,4
HIV_RT__3V81,rosetta_repack,5,318,TYR,3.82043194770813,4,9.545861661434174,8
HIV_RT__3V81,rosetta_repack,6,101,LYS,3.4059157371520996,4,31.63330751657486,5
HIV_RT__3V81,rosetta_repack,6,108,VAL,20.415252685546875,4,27.268327713012695,3
HIV_RT__3V81,rosetta_repack,6,180,ILE,3.2787275314331055,4,10.915468454360962,4
HIV_RT__3V81,rosetta_repack,6,181,TYR,3.565654754638672,4,298.239400267601,8
HIV_RT__3V81,rosetta_repack,6,188,TYR,7.270544528961182,4,313.6044921875,8
HIV_RT__3V81,rosetta_repack,6,227,PHE,2.576165199279785,4,27.919713020324707,7
HIV_RT__3V81,rosetta_repack,6,228,LEU,10.37641716003418,4,9.477674722671509,4
HIV_RT__3V81,rosetta_repack,6,229,TRP,32.045345306396484,4,151.43327617645264,10
HIV_RT__3V81,rosetta_repack,6,230,MET,35.84083557128906,4,103.86996078491211,4
HIV_RT__3V81,rosetta_repack,6,232,TYR,17.633569717407227,4,31.03627371788025,8
HIV_RT__3V81,rosetta_repack,6,234,LEU,2.288295269012451,4,9.06047135591507,4
HIV_RT__3V81,rosetta_repack,6,318,TYR,3.82043194770813,4,9.545861661434174,8
HIV_RT__3V81,rosetta_repack,7,101,LYS,3.4059157371520996,4,31.63330751657486,5
HIV_RT__3V81,rosetta_repack,7,108,VAL,20.415252685546875,4,27.268327713012695,3
HIV_RT__3V81,rosetta_repack,7,180,ILE,3.2787275314331055,4,10.915468454360962,4
HIV_RT__3V81,rosetta_repack,7,181,TYR,3.565654754638672,4,298.239400267601,8
HIV_RT__3V81,rosetta_repack,7,188,TYR,7.270544528961182,4,313.6044921875,8
HIV_RT__3V81,rosetta_repack,7,227,PHE,2.576165199279785,4,27.919713020324707,7
HIV_RT__3V81,rosetta_repack,7,228,LEU,10.37641716003418,4,9.477674722671509,4
HIV_RT__3V81,rosetta_repack,7,229,TRP,32.045345306396484,4,151.43327617645264,10
HIV_RT__3V81,rosetta_repack,7,230,MET,35.84083557128906,4,103.86996078491211,4
HIV_RT__3V81,rosetta_repack,7,232,TYR,17.633569717407227,4,31.03627371788025,8
HIV_RT__3V81,rosetta_repack,7,234,LEU,2.288295269012451,4,9.06047135591507,4
HIV_RT__3V81,rosetta_repack,7,318,TYR,3.82043194770813,4,9.545861661434174,8
HIV_RT__3V81,rosetta_repack,8,101,LYS,3.4059157371520996,4,31.63330751657486,5
HIV_RT__3V81,rosetta_repack,8,108,VAL,20.415252685546875,4,27.268327713012695,3
HIV_RT__3V81,rosetta_repack,8,180,ILE,3.2787275314331055,4,10.915468454360962,4
HIV_RT__3V81,rosetta_repack,8,181,TYR,3.565654754638672,4,298.239400267601,8
HIV_RT__3V81,rosetta_repack,8,188,TYR,7.270544528961182,4,313.6044921875,8
HIV_RT__3V81,rosetta_repack,8,227,PHE,2.576165199279785,4,27.919713020324707,7
HIV_RT__3V81,rosetta_repack,8,228,LEU,10.37641716003418,4,9.477674722671509,4
HIV_RT__3V81,rosetta_repack,8,229,TRP,32.045345306396484,4,151.43327617645264,10
HIV_RT__3V81,rosetta_repack,8,230,MET,35.84083557128906,4,103.86996078491211,4
HIV_RT__3V81,rosetta_repack,8,232,TYR,17.633569717407227,4,31.03627371788025,8
HIV_RT__3V81,rosetta_repack,8,234,LEU,2.288295269012451,4,9.06047135591507,4
HIV_RT__3V81,rosetta_repack,8,318,TYR,3.82043194770813,4,9.545861661434174,8
HIV_RT__3V81,rosetta_repack,9,101,LYS,3.4059157371520996,4,31.63330751657486,5
HIV_RT__3V81,rosetta_repack,9,108,VAL,20.415252685546875,4,27.268327713012695,3
HIV_RT__3V81,rosetta_repack,9,180,ILE,3.2787275314331055,4,10.915468454360962,4
HIV_RT__3V81,rosetta_repack,9,181,TYR,3.565654754638672,4,298.239400267601,8
HIV_RT__3V81,rosetta_repack,9,188,TYR,7.270544528961182,4,313.6044921875,8
HIV_RT__3V81,rosetta_repack,9,227,PHE,2.576165199279785,4,27.919713020324707,7
HIV_RT__3V81,rosetta_repack,9,228,LEU,10.37641716003418,4,9.477674722671509,4
HIV_RT__3V81,rosetta_repack,9,229,TRP,32.045345306396484,4,151.43327617645264,10
HIV_RT__3V81,rosetta_repack,9,230,MET,35.84083557128906,4,103.86996078491211,4
HIV_RT__3V81,rosetta_repack,9,232,TYR,17.633569717407227,4,31.03627371788025,8
HIV_RT__3V81,rosetta_repack,9,234,LEU,2.288295269012451,4,9.06047135591507,4
HIV_RT__3V81,rosetta_repack,9,318,TYR,3.82043194770813,4,9.545861661434174,8
HIV_RT__3V81,rosetta_repack,10,101,LYS,3.4059157371520996,4,31.63330751657486,5
HIV_RT__3V81,rosetta_repack,10,108,VAL,20.415252685546875,4,27.268327713012695,3
HIV_RT__3V81,rosetta_repack,10,180,ILE,3.2787275314331055,4,10.915468454360962,4
HIV_RT__3V81,rosetta_repack,10,181,TYR,3.565654754638672,4,298.239400267601,8
HIV_RT__3V81,rosetta_repack,10,188,TYR,7.270544528961182,4,313.6044921875,8
HIV_RT__3V81,rosetta_repack,10,227,PHE,2.576165199279785,4,27.919713020324707,7
HIV_RT__3V81,rosetta_repack,10,228,LEU,10.37641716003418,4,9.477674722671509,4
HIV_RT__3V81,rosetta_repack,10,229,TRP,32.045345306396484,4,151.43327617645264,10
HIV_RT__3V81,rosetta_repack,10,230,MET,35.84083557128906,4,103.86996078491211,4
HIV_RT__3V81,rosetta_repack,10,232,TYR,17.633569717407227,4,31.03627371788025,8
HIV_RT__3V81,rosetta_repack,10,234,LEU,2.288295269012451,4,9.06047135591507,4
HIV_RT__3V81,rosetta_repack,10,318,TYR,3.82043194770813,4,9.545861661434174,8
HIV_RT__3V81,rosetta_repack,11,101,LYS,3.4059157371520996,4,31.63330751657486,5
HIV_RT__3V81,rosetta_repack,11,108,VAL,20.415252685546875,4,27.268327713012695,3
HIV_RT__3V81,rosetta_repack,11,180,ILE,3.2787275314331055,4,10.915468454360962,4
HIV_RT__3V81,rosetta_repack,11,181,TYR,3.565654754638672,4,298.239400267601,8
HIV_RT__3V81,rosetta_repack,11,188,TYR,7.270544528961182,4,313.6044921875,8
HIV_RT__3V81,rosetta_repack,11,227,PHE,2.576165199279785,4,27.919713020324707,7
HIV_RT__3V81,rosetta_repack,11,228,LEU,10.37641716003418,4,9.477674722671509,4
HIV_RT__3V81,rosetta_repack,11,229,TRP,32.045345306396484,4,151.43327617645264,10
HIV_RT__3V81,rosetta_repack,11,230,MET,35.84083557128906,4,103.86996078491211,4
HIV_RT__3V81,rosetta_repack,11,232,TYR,17.633569717407227,4,31.03627371788025,8
HIV_RT__3V81,rosetta_repack,11,234,LEU,2.288295269012451,4,9.06047135591507,4
HIV_RT__3V81,rosetta_repack,11,318,TYR,3.82043194770813,4,9.545861661434174,8
HIV_RT__3V81,rosetta_repack,12,101,LYS,3.4059157371520996,4,31.63330751657486,5
HIV_RT__3V81,rosetta_repack,12,108,VAL,20.415252685546875,4,27.268327713012695,3
HIV_RT__3V81,rosetta_repack,12,180,ILE,3.2787275314331055,4,10.915468454360962,4
HIV_RT__3V81,rosetta_repack,12,181,TYR,3.565654754638672,4,298.239400267601,8
HIV_RT__3V81,rosetta_repack,12,188,TYR,7.270544528961182,4,313.6044921875,8
HIV_RT__3V81,rosetta_repack,12,227,PHE,2.576165199279785,4,27.919713020324707,7
HIV_RT__3V81,rosetta_repack,12,228,LEU,10.37641716003418,4,9.477674722671509,4
HIV_RT__3V81,rosetta_repack,12,229,TRP,32.045345306396484,4,151.43327617645264,10
HIV_RT__3V81,rosetta_repack,12,230,MET,35.84083557128906,4,103.86996078491211,4
HIV_RT__3V81,rosetta_repack,12,232,TYR,17.633569717407227,4,31.03627371788025,8
HIV_RT__3V81,rosetta_repack,12,234,LEU,2.288295269012451,4,9.06047135591507,4
HIV_RT__3V81,rosetta_repack,12,318,TYR,3.82043194770813,4,9.545861661434174,8
HIV_RT__3V81,rosetta_repack,13,101,LYS,3.4059157371520996,4,31.63330751657486,5
HIV_RT__3V81,rosetta_repack,13,108,VAL,20.415252685546875,4,27.268327713012695,3
HIV_RT__3V81,rosetta_repack,13,180,ILE,3.2787275314331055,4,10.915468454360962,4
HIV_RT__3V81,rosetta_repack,13,181,TYR,3.565654754638672,4,298.239400267601,8
HIV_RT__3V81,rosetta_repack,13,188,TYR,7.270544528961182,4,313.6044921875,8
HIV_RT__3V81,rosetta_repack,13,227,PHE,2.576165199279785,4,27.919713020324707,7
HIV_RT__3V81,rosetta_repack,13,228,LEU,10.37641716003418,4,9.477674722671509,4
HIV_RT__3V81,rosetta_repack,13,229,TRP,32.045345306396484,4,151.43327617645264,10
HIV_RT__3V81,rosetta_repack,13,230,MET,35.84083557128906,4,103.86996078491211,4
HIV_RT__3V81,rosetta_repack,13,232,TYR,17.633569717407227,4,31.03627371788025,8
HIV_RT__3V81,rosetta_repack,13,234,LEU,2.288295269012451,4,9.06047135591507,4
HIV_RT__3V81,rosetta_repack,13,318,TYR,3.82043194770813,4,9.545861661434174,8
HIV_RT__3V81,rosetta_repack,14,101,LYS,3.4059157371520996,4,31.63330751657486,5
HIV_RT__3V81,rosetta_repack,14,108,VAL,20.415252685546875,4,27.268327713012695,3
HIV_RT__3V81,rosetta_repack,14,180,ILE,3.2787275314331055,4,10.915468454360962,4
HIV_RT__3V81,rosetta_repack,14,181,TYR,3.565654754638672,4,298.239400267601,8
HIV_RT__3V81,rosetta_repack,14,188,TYR,7.270544528961182,4,313.6044921875,8
HIV_RT__3V81,rosetta_repack,14,227,PHE,2.576165199279785,4,27.919713020324707,7
HIV_RT__3V81,rosetta_repack,14,228,LEU,10.37641716003418,4,9.477674722671509,4
HIV_RT__3V81,rosetta_repack,14,229,TRP,32.045345306396484,4,151.43327617645264,10
HIV_RT__3V81,rosetta_repack,14,230,MET,35.84083557128906,4,103.86996078491211,4
HIV_RT__3V81,rosetta_repack,14,232,TYR,17.633569717407227,4,31.03627371788025,8
HIV_RT__3V81,rosetta_repack,14,234,LEU,2.288295269012451,4,9.06047135591507,4
HIV_RT__3V81,rosetta_repack,14,318,TYR,3.82043194770813,4,9.545861661434174,8
HIV_RT__3V81,rosetta_repack,15,101,LYS,3.4059157371520996,4,31.63330751657486,5
HIV_RT__3V81,rosetta_repack,15,108,VAL,20.415252685546875,4,27.268327713012695,3
HIV_RT__3V81,rosetta_repack,15,180,ILE,3.2787275314331055,4,10.915468454360962,4
HIV_RT__3V81,rosetta_repack,15,181,TYR,3.565654754638672,4,298.239400267601,8
HIV_RT__3V81,rosetta_repack,15,188,TYR,7.270544528961182,4,313.6044921875,8
HIV_RT__3V81,rosetta_repack,15,227,PHE,2.576165199279785,4,27.919713020324707,7
HIV_RT__3V81,rosetta_repack,15,228,LEU,10.37641716003418,4,9.477674722671509,4
HIV_RT__3V81,rosetta_repack,15,229,TRP,32.045345306396484,4,151.43327617645264,10
HIV_RT__3V81,rosetta_repack,15,230,MET,35.84083557128906,4,103.86996078491211,4
HIV_RT__3V81,rosetta_repack,15,232,TYR,17.633569717407227,4,31.03627371788025,8
HIV_RT__3V81,rosetta_repack,15,234,LEU,2.288295269012451,4,9.06047135591507,4
HIV_RT__3V81,rosetta_repack,15,318,TYR,3.82043194770813,4,9.545861661434174,8
HIV_RT__3V81,rosetta_repack,16,101,LYS,3.4059157371520996,4,31.63330751657486,5
HIV_RT__3V81,rosetta_repack,16,108,VAL,20.415252685546875,4,27.268327713012695,3
HIV_RT__3V81,rosetta_repack,16,180,ILE,3.2787275314331055,4,10.915468454360962,4
HIV_RT__3V81,rosetta_repack,16,181,TYR,3.565654754638672,4,298.239400267601,8
HIV_RT__3V81,rosetta_repack,16,188,TYR,7.270544528961182,4,313.6044921875,8
HIV_RT__3V81,rosetta_repack,16,227,PHE,2.576165199279785,4,27.919713020324707,7
HIV_RT__3V81,rosetta_repack,16,228,LEU,10.37641716003418,4,9.477674722671509,4
HIV_RT__3V81,rosetta_repack,16,229,TRP,32.045345306396484,4,151.43327617645264,10
HIV_RT__3V81,rosetta_repack,16,230,MET,35.84083557128906,4,103.86996078491211,4
HIV_RT__3V81,rosetta_repack,16,232,TYR,17.633569717407227,4,31.03627371788025,8
HIV_RT__3V81,rosetta_repack,16,234,LEU,2.288295269012451,4,9.06047135591507,4
HIV_RT__3V81,rosetta_repack,16,318,TYR,3.82043194770813,4,9.545861661434174,8
HIV_RT__3V81,rosetta_repack,17,101,LYS,3.4059157371520996,4,31.63330751657486,5
HIV_RT__3V81,rosetta_repack,17,108,VAL,20.415252685546875,4,27.268327713012695,3
HIV_RT__3V81,rosetta_repack,17,180,ILE,3.2787275314331055,4,10.915468454360962,4
HIV_RT__3V81,rosetta_repack,17,181,TYR,3.565654754638672,4,298.239400267601,8
HIV_RT__3V81,rosetta_repack,17,188,TYR,7.270544528961182,4,313.6044921875,8
HIV_RT__3V81,rosetta_repack,17,227,PHE,2.576165199279785,4,27.919713020324707,7
HIV_RT__3V81,rosetta_repack,17,228,LEU,10.37641716003418,4,9.477674722671509,4
HIV_RT__3V81,rosetta_repack,17,229,TRP,32.045345306396484,4,151.43327617645264,10
HIV_RT__3V81,rosetta_repack,17,230,MET,35.84083557128906,4,103.86996078491211,4
HIV_RT__3V81,rosetta_repack,17,232,TYR,17.633569717407227,4,31.03627371788025,8
HIV_RT__3V81,rosetta_repack,17,234,LEU,2.288295269012451,4,9.06047135591507,4
HIV_RT__3V81,rosetta_repack,17,318,TYR,3.82043194770813,4,9.545861661434174,8
HIV_RT__3V81,rosetta_repack,18,101,LYS,3.4059157371520996,4,31.63330751657486,5
HIV_RT__3V81,rosetta_repack,18,108,VAL,20.415252685546875,4,27.268327713012695,3
HIV_RT__3V81,rosetta_repack,18,180,ILE,3.2787275314331055,4,10.915468454360962,4
HIV_RT__3V81,rosetta_repack,18,181,TYR,3.565654754638672,4,298.239400267601,8
HIV_RT__3V81,rosetta_repack,18,188,TYR,7.270544528961182,4,313.6044921875,8
HIV_RT__3V81,rosetta_repack,18,227,PHE,2.576165199279785,4,27.919713020324707,7
HIV_RT__3V81,rosetta_repack,18,228,LEU,10.37641716003418,4,9.477674722671509,4
HIV_RT__3V81,rosetta_repack,18,229,TRP,32.045345306396484,4,163.00951766967773,10
HIV_RT__3V81,rosetta_repack,18,230,MET,35.84083557128906,4,103.86996078491211,4
HIV_RT__3V81,rosetta_repack,18,232,TYR,17.633569717407227,4,31.03627371788025,8
HIV_RT__3V81,rosetta_repack,18,234,LEU,2.288295269012451,4,9.06047135591507,4
HIV_RT__3V81,rosetta_repack,18,318,TYR,3.82043194770813,4,10.746836960315704,8
HIV_RT__3V81,rosetta_repack,19,101,LYS,3.4059157371520996,4,31.63330751657486,5
HIV_RT__3V81,rosetta_repack,19,108,VAL,20.415252685546875,4,27.268327713012695,3
HIV_RT__3V81,rosetta_repack,19,180,ILE,3.2787275314331055,4,10.915468454360962,4
HIV_RT__3V81,rosetta_repack,19,181,TYR,3.565654754638672,4,298.239400267601,8
HIV_RT__3V81,rosetta_repack,19,188,TYR,7.270544528961182,4,313.6044921875,8
HIV_RT__3V81,rosetta_repack,19,227,PHE,2.576165199279785,4,27.919713020324707,7
HIV_RT__3V81,rosetta_repack,19,228,LEU,10.37641716003418,4,9.477674722671509,4
HIV_RT__3V81,rosetta_repack,19,229,TRP,32.045345306396484,4,151.43327617645264,10
HIV_RT__3V81,rosetta_repack,19,230,MET,35.84083557128906,4,103.86996078491211,4
HIV_RT__3V81,rosetta_repack,19,232,TYR,17.633569717407227,4,31.03627371788025,8
HIV_RT__3V81,rosetta_repack,19,234,LEU,2.288295269012451,4,9.06047135591507,4
HIV_RT__3V81,rosetta_repack,19,318,TYR,3.82043194770813,4,9.545861661434174,8
HIV_RT__3V81,rosetta_repack,20,101,LYS,3.4059157371520996,4,31.63330751657486,5
HIV_RT__3V81,rosetta_repack,20,108,VAL,20.415252685546875,4,27.268327713012695,3
HIV_RT__3V81,rosetta_repack,20,180,ILE,3.2787275314331055,4,10.915468454360962,4
HIV_RT__3V81,rosetta_repack,20,181,TYR,3.565654754638672,4,298.239400267601,8
HIV_RT__3V81,rosetta_repack,20,188,TYR,7.270544528961182,4,313.6044921875,8
HIV_RT__3V81,rosetta_repack,20,227,PHE,2.576165199279785,4,27.919713020324707,7
HIV_RT__3V81,rosetta_repack,20,228,LEU,10.37641716003418,4,9.477674722671509,4
HIV_RT__3V81,rosetta_repack,20,229,TRP,32.045345306396484,4,151.43327617645264,10
HIV_RT__3V81,rosetta_repack,20,230,MET,35.84083557128906,4,103.86996078491211,4
HIV_RT__3V81,rosetta_repack,20,232,TYR,17.633569717407227,4,31.03627371788025,8
HIV_RT__3V81,rosetta_repack,20,234,LEU,2.288295269012451,4,9.06047135591507,4
HIV_RT__3V81,rosetta_repack,20,318,TYR,3.82043194770813,4,9.545861661434174,8
HIV_RT__3V81,rosetta_repack,21,101,LYS,3.4059157371520996,4,31.63330751657486,5
HIV_RT__3V81,rosetta_repack,21,108,VAL,20.415252685546875,4,27.268327713012695,3
HIV_RT__3V81,rosetta_repack,21,180,ILE,3.2787275314331055,4,10.915468454360962,4
HIV_RT__3V81,rosetta_repack,21,181,TYR,3.565654754638672,4,298.239400267601,8
HIV_RT__3V81,rosetta_repack,21,188,TYR,7.270544528961182,4,313.6044921875,8
HIV_RT__3V81,rosetta_repack,21,227,PHE,2.576165199279785,4,27.919713020324707,7
HIV_RT__3V81,rosetta_repack,21,228,LEU,10.37641716003418,4,9.477674722671509,4
HIV_RT__3V81,rosetta_repack,21,229,TRP,32.045345306396484,4,151.43327617645264,10
HIV_RT__3V81,rosetta_repack,21,230,MET,35.84083557128906,4,103.86996078491211,4
HIV_RT__3V81,rosetta_repack,21,232,TYR,17.633569717407227,4,31.03627371788025,8
HIV_RT__3V81,rosetta_repack,21,234,LEU,2.288295269012451,4,9.06047135591507,4
HIV_RT__3V81,rosetta_repack,21,318,TYR,3.82043194770813,4,9.545861661434174,8
HIV_RT__3V81,rosetta_repack,22,101,LYS,3.4059157371520996,4,31.63330751657486,5
HIV_RT__3V81,rosetta_repack,22,108,VAL,20.415252685546875,4,27.268327713012695,3
HIV_RT__3V81,rosetta_repack,22,180,ILE,3.2787275314331055,4,10.915468454360962,4
HIV_RT__3V81,rosetta_repack,22,181,TYR,3.565654754638672,4,298.239400267601,8
HIV_RT__3V81,rosetta_repack,22,188,TYR,7.270544528961182,4,313.6044921875,8
HIV_RT__3V81,rosetta_repack,22,227,PHE,2.576165199279785,4,27.919713020324707,7
HIV_RT__3V81,rosetta_repack,22,228,LEU,10.37641716003418,4,9.477674722671509,4
HIV_RT__3V81,rosetta_repack,22,229,TRP,32.045345306396484,4,151.43327617645264,10
HIV_RT__3V81,rosetta_repack,22,230,MET,35.84083557128906,4,103.86996078491211,4
HIV_RT__3V81,rosetta_repack,22,232,TYR,17.633569717407227,4,31.03627371788025,8
HIV_RT__3V81,rosetta_repack,22,234,LEU,2.288295269012451,4,9.06047135591507,4
HIV_RT__3V81,rosetta_repack,22,318,TYR,3.82043194770813,4,9.545861661434174,8
HIV_RT__3V81,rosetta_repack,23,101,LYS,3.4059157371520996,4,31.63330751657486,5
HIV_RT__3V81,rosetta_repack,23,108,VAL,20.415252685546875,4,27.268327713012695,3
HIV_RT__3V81,rosetta_repack,23,180,ILE,3.2787275314331055,4,10.915468454360962,4
HIV_RT__3V81,rosetta_repack,23,181,TYR,3.565654754638672,4,298.239400267601,8
HIV_RT__3V81,rosetta_repack,23,188,TYR,7.270544528961182,4,313.6044921875,8
HIV_RT__3V81,rosetta_repack,23,227,PHE,2.576165199279785,4,27.919713020324707,7
HIV_RT__3V81,rosetta_repack,23,228,LEU,10.37641716003418,4,9.477674722671509,4
HIV_RT__3V81,rosetta_repack,23,229,TRP,32.045345306396484,4,151.43327617645264,10
HIV_RT__3V81,rosetta_repack,23,230,MET,35.84083557128906,4,103.86996078491211,4
HIV_RT__3V81,rosetta_repack,23,232,TYR,17.633569717407227,4,31.03627371788025,8
HIV_RT__3V81,rosetta_repack,23,234,LEU,2.288295269012451,4,9.06047135591507,4
HIV_RT__3V81,rosetta_repack,23,318,TYR,3.82043194770813,4,9.545861661434174,8
HIV_RT__3V81,rosetta_repack,24,101,LYS,3.4059157371520996,4,31.63330751657486,5
HIV_RT__3V81,rosetta_repack,24,108,VAL,20.415252685546875,4,27.268327713012695,3
HIV_RT__3V81,rosetta_repack,24,180,ILE,3.2787275314331055,4,10.915468454360962,4
HIV_RT__3V81,rosetta_repack,24,181,TYR,3.565654754638672,4,298.239400267601,8
HIV_RT__3V81,rosetta_repack,24,188,TYR,7.270544528961182,4,313.6044921875,8
HIV_RT__3V81,rosetta_repack,24,227,PHE,2.576165199279785,4,27.919713020324707,7
HIV_RT__3V81,rosetta_repack,24,228,LEU,10.37641716003418,4,9.477674722671509,4
HIV_RT__3V81,rosetta_repack,24,229,TRP,32.045345306396484,4,151.43327617645264,10
HIV_RT__3V81,rosetta_repack,24,230,MET,35.84083557128906,4,103.86996078491211,4
HIV_RT__3V81,rosetta_repack,24,232,TYR,17.633569717407227,4,31.03627371788025,8
HIV_RT__3V81,rosetta_repack,24,234,LEU,2.288295269012451,4,9.06047135591507,4
HIV_RT__3V81,rosetta_repack,24,318,TYR,3.82043194770813,4,9.545861661434174,8
HIV_RT__3V81,rosetta_repack,25,101,LYS,3.4059157371520996,4,31.63330751657486,5
HIV_RT__3V81,rosetta_repack,25,108,VAL,20.415252685546875,4,27.268327713012695,3
HIV_RT__3V81,rosetta_repack,25,180,ILE,3.2787275314331055,4,10.915468454360962,4
HIV_RT__3V81,rosetta_repack,25,181,TYR,3.565654754638672,4,298.239400267601,8
HIV_RT__3V81,rosetta_repack,25,188,TYR,7.270544528961182,4,313.6044921875,8
HIV_RT__3V81,rosetta_repack,25,227,PHE,2.576165199279785,4,27.919713020324707,7
HIV_RT__3V81,rosetta_repack,25,228,LEU,10.37641716003418,4,9.477674722671509,4
HIV_RT__3V81,rosetta_repack,25,229,TRP,32.045345306396484,4,151.43327617645264,10
HIV_RT__3V81,rosetta_repack,25,230,MET,35.84083557128906,4,103.86996078491211,4
HIV_RT__3V81,rosetta_repack,25,232,TYR,17.633569717407227,4,31.03627371788025,8
HIV_RT__3V81,rosetta_repack,25,234,LEU,2.288295269012451,4,9.06047135591507,4
HIV_RT__3V81,rosetta_repack,25,318,TYR,3.82043194770813,4,9.545861661434174,8
HIV_RT__3V81,rosetta_repack,26,101,LYS,3.4059157371520996,4,31.63330751657486,5
HIV_RT__3V81,rosetta_repack,26,108,VAL,20.415252685546875,4,27.268327713012695,3
HIV_RT__3V81,rosetta_repack,26,180,ILE,3.2787275314331055,4,10.915468454360962,4
HIV_RT__3V81,rosetta_repack,26,181,TYR,3.565654754638672,4,298.239400267601,8
HIV_RT__3V81,rosetta_repack,26,188,TYR,7.270544528961182,4,313.6044921875,8
HIV_RT__3V81,rosetta_repack,26,227,PHE,2.576165199279785,4,27.919713020324707,7
HIV_RT__3V81,rosetta_repack,26,228,LEU,10.37641716003418,4,9.477674722671509,4
HIV_RT__3V81,rosetta_repack,26,229,TRP,32.045345306396484,4,151.43327617645264,10
HIV_RT__3V81,rosetta_repack,26,230,MET,35.84083557128906,4,103.86996078491211,4
HIV_RT__3V81,rosetta_repack,26,232,TYR,17.633569717407227,4,31.03627371788025,8
HIV_RT__3V81,rosetta_repack,26,234,LEU,2.288295269012451,4,9.06047135591507,4
HIV_RT__3V81,rosetta_repack,26,318,TYR,3.82043194770813,4,9.545861661434174,8
HIV_RT__3V81,rosetta_repack,27,101,LYS,3.4059157371520996,4,31.63330751657486,5
HIV_RT__3V81,rosetta_repack,27,108,VAL,20.415252685546875,4,27.268327713012695,3
HIV_RT__3V81,rosetta_repack,27,180,ILE,3.2787275314331055,4,10.915468454360962,4
HIV_RT__3V81,rosetta_repack,27,181,TYR,3.565654754638672,4,298.239400267601,8
HIV_RT__3V81,rosetta_repack,27,188,TYR,7.270544528961182,4,313.6044921875,8
HIV_RT__3V81,rosetta_repack,27,227,PHE,2.576165199279785,4,27.919713020324707,7
HIV_RT__3V81,rosetta_repack,27,228,LEU,10.37641716003418,4,9.477674722671509,4
HIV_RT__3V81,rosetta_repack,27,229,TRP,32.045345306396484,4,151.43327617645264,10
HIV_RT__3V81,rosetta_repack,27,230,MET,35.84083557128906,4,103.86996078491211,4
HIV_RT__3V81,rosetta_repack,27,232,TYR,17.633569717407227,4,31.03627371788025,8
HIV_RT__3V81,rosetta_repack,27,234,LEU,2.288295269012451,4,9.06047135591507,4
HIV_RT__3V81,rosetta_repack,27,318,TYR,3.82043194770813,4,9.545861661434174,8
HIV_RT__3V81,rosetta_repack,28,101,LYS,3.4059157371520996,4,31.63330751657486,5
HIV_RT__3V81,rosetta_repack,28,108,VAL,20.415252685546875,4,27.268327713012695,3
HIV_RT__3V81,rosetta_repack,28,180,ILE,3.2787275314331055,4,10.915468454360962,4
HIV_RT__3V81,rosetta_repack,28,181,TYR,3.565654754638672,4,298.239400267601,8
HIV_RT__3V81,rosetta_repack,28,188,TYR,7.270544528961182,4,313.6044921875,8
HIV_RT__3V81,rosetta_repack,28,227,PHE,2.576165199279785,4,27.919713020324707,7
HIV_RT__3V81,rosetta_repack,28,228,LEU,10.37641716003418,4,9.477674722671509,4
HIV_RT__3V81,rosetta_repack,28,229,TRP,32.045345306396484,4,151.43327617645264,10
HIV_RT__3V81,rosetta_repack,28,230,MET,35.84083557128906,4,103.86996078491211,4
HIV_RT__3V81,rosetta_repack,28,232,TYR,17.633569717407227,4,31.03627371788025,8
HIV_RT__3V81,rosetta_repack,28,234,LEU,2.288295269012451,4,9.06047135591507,4
HIV_RT__3V81,rosetta_repack,28,318,TYR,3.82043194770813,4,9.545861661434174,8
HIV_RT__3V81,rosetta_repack,29,101,LYS,3.4059157371520996,4,31.63330751657486,5
HIV_RT__3V81,rosetta_repack,29,108,VAL,20.415252685546875,4,27.268327713012695,3
HIV_RT__3V81,rosetta_repack,29,180,ILE,3.2787275314331055,4,10.915468454360962,4
HIV_RT__3V81,rosetta_repack,29,181,TYR,3.565654754638672,4,298.239400267601,8
HIV_RT__3V81,rosetta_repack,29,188,TYR,7.270544528961182,4,313.6044921875,8
HIV_RT__3V81,rosetta_repack,29,227,PHE,2.576165199279785,4,27.919713020324707,7
HIV_RT__3V81,rosetta_repack,29,228,LEU,10.37641716003418,4,9.477674722671509,4
HIV_RT__3V81,rosetta_repack,29,229,TRP,32.045345306396484,4,151.43327617645264,10
HIV_RT__3V81,rosetta_repack,29,230,MET,35.84083557128906,4,103.86996078491211,4
HIV_RT__3V81,rosetta_repack,29,232,TYR,17.633569717407227,4,31.03627371788025,8
HIV_RT__3V81,rosetta_repack,29,234,LEU,2.288295269012451,4,9.06047135591507,4
HIV_RT__3V81,rosetta_repack,29,318,TYR,3.82043194770813,4,9.545861661434174,8
HIV_RT__3V81,rosetta_fastrelax,0,101,LYS,8.497991561889648,4,52.626760959625244,5
HIV_RT__3V81,rosetta_fastrelax,0,108,VAL,20.474262237548828,4,32.470279693603516,3
HIV_RT__3V81,rosetta_fastrelax,0,180,ILE,3.712455987930298,4,13.05634331703186,4
HIV_RT__3V81,rosetta_fastrelax,0,181,TYR,13.20327377319336,4,337.4233982563019,8
HIV_RT__3V81,rosetta_fastrelax,0,188,TYR,19.786945343017578,4,327.52921772003174,8
HIV_RT__3V81,rosetta_fastrelax,0,227,PHE,1.7830111980438232,4,19.72702646255493,7
HIV_RT__3V81,rosetta_fastrelax,0,228,LEU,6.457283020019531,4,12.099442839622498,4
HIV_RT__3V81,rosetta_fastrelax,0,229,TRP,22.24945068359375,4,109.53073740005493,10
HIV_RT__3V81,rosetta_fastrelax,0,230,MET,30.53312873840332,4,57.73990821838379,4
HIV_RT__3V81,rosetta_fastrelax,0,232,TYR,8.813538551330566,4,17.852184236049652,8
HIV_RT__3V81,rosetta_fastrelax,0,234,LEU,0.7956680059432983,4,3.4059159886091948,4
HIV_RT__3V81,rosetta_fastrelax,0,318,TYR,9.499198913574219,4,23.93998897075653,8
HIV_RT__3V81,rosetta_fastrelax,1,101,LYS,4.297528266906738,4,51.23848795890808,5
HIV_RT__3V81,rosetta_fastrelax,1,108,VAL,23.938175201416016,4,35.589720249176025,3
HIV_RT__3V81,rosetta_fastrelax,1,180,ILE,3.4916281700134277,4,16.156217575073242,4
HIV_RT__3V81,rosetta_fastrelax,1,181,TYR,12.527284622192383,4,346.8688235282898,8
HIV_RT__3V81,rosetta_fastrelax,1,188,TYR,16.86265754699707,4,321.0780544281006,8
HIV_RT__3V81,rosetta_fastrelax,1,227,PHE,1.7174440622329712,4,18.670716047286987,7
HIV_RT__3V81,rosetta_fastrelax,1,228,LEU,5.5342116355896,4,15.536208391189575,4
HIV_RT__3V81,rosetta_fastrelax,1,229,TRP,21.04730987548828,4,114.254469871521,10
HIV_RT__3V81,rosetta_fastrelax,1,230,MET,28.69877815246582,4,74.76972818374634,4
HIV_RT__3V81,rosetta_fastrelax,1,232,TYR,6.9096784591674805,4,9.384256482124329,8
HIV_RT__3V81,rosetta_fastrelax,1,234,LEU,1.0474969148635864,4,5.402115762233734,4
HIV_RT__3V81,rosetta_fastrelax,1,318,TYR,7.532243728637695,4,16.87090229988098,8
HIV_RT__3V81,rosetta_fastrelax,2,101,LYS,6.766813278198242,4,39.589367628097534,5
HIV_RT__3V81,rosetta_fastrelax,2,108,VAL,27.753698348999023,4,39.61432456970215,3
HIV_RT__3V81,rosetta_fastrelax,2,180,ILE,2.9102296829223633,4,16.627552270889282,4
HIV_RT__3V81,rosetta_fastrelax,2,181,TYR,14.437959671020508,4,356.06715869903564,8
HIV_RT__3V81,rosetta_fastrelax,2,188,TYR,20.55560302734375,4,319.43629217147827,8
HIV_RT__3V81,rosetta_fastrelax,2,227,PHE,2.516359806060791,4,28.036113023757935,7
HIV_RT__3V81,rosetta_fastrelax,2,228,LEU,8.646613121032715,4,14.167353630065918,4
HIV_RT__3V81,rosetta_fastrelax,2,229,TRP,25.05544662475586,4,115.92236375808716,10
HIV_RT__3V81,rosetta_fastrelax,2,230,MET,34.998870849609375,4,63.835121631622314,4
HIV_RT__3V81,rosetta_fastrelax,2,232,TYR,9.4217529296875,4,30.282690107822418,8
HIV_RT__3V81,rosetta_fastrelax,2,234,LEU,1.1948776245117188,4,3.413344700820744,4
HIV_RT__3V81,rosetta_fastrelax,2,318,TYR,4.775866985321045,4,20.78287148475647,8
HIV_RT__3V81,rosetta_fastrelax,3,101,LYS,6.050206184387207,4,55.500290393829346,5
HIV_RT__3V81,rosetta_fastrelax,3,108,VAL,22.323226928710938,4,31.759525299072266,3
HIV_RT__3V81,rosetta_fastrelax,3,180,ILE,3.5922281742095947,4,11.93806505203247,4
HIV_RT__3V81,rosetta_fastrelax,3,181,TYR,12.388692855834961,4,341.95849990844727,8
HIV_RT__3V81,rosetta_fastrelax,3,188,TYR,16.856088638305664,4,318.06369495391846,8
HIV_RT__3V81,rosetta_fastrelax,3,227,PHE,1.592150330543518,4,25.821105122566223,7
HIV_RT__3V81,rosetta_fastrelax,3,228,LEU,5.433050632476807,4,12.323684215545654,4
HIV_RT__3V81,rosetta_fastrelax,3,229,TRP,19.023319244384766,4,107.49598693847656,10
HIV_RT__3V81,rosetta_fastrelax,3,230,MET,29.048717498779297,4,59.88902759552002,4
HIV_RT__3V81,rosetta_fastrelax,3,232,TYR,10.922682762145996,4,21.51810884475708,8
HIV_RT__3V81,rosetta_fastrelax,3,234,LEU,1.1947954893112183,4,6.854318261146545,4
HIV_RT__3V81,rosetta_fastrelax,3,318,TYR,10.848735809326172,4,20.938666582107544,8
HIV_RT__3V81,rosetta_fastrelax,4,101,LYS,3.711190938949585,4,48.192415714263916,5
HIV_RT__3V81,rosetta_fastrelax,4,108,VAL,13.970749855041504,4,24.408652782440186,3
HIV_RT__3V81,rosetta_fastrelax,4,180,ILE,3.0109293460845947,4,13.679356932640076,4
HIV_RT__3V81,rosetta_fastrelax,4,181,TYR,15.418140411376953,4,362.5652389526367,8
HIV_RT__3V81,rosetta_fastrelax,4,188,TYR,16.910934448242188,4,315.6454858779907,8
HIV_RT__3V81,rosetta_fastrelax,4,227,PHE,1.470890760421753,4,16.76720267534256,7
HIV_RT__3V81,rosetta_fastrelax,4,228,LEU,5.405577659606934,4,11.49320900440216,4
HIV_RT__3V81,rosetta_fastrelax,4,229,TRP,19.672096252441406,4,109.86978960037231,10
HIV_RT__3V81,rosetta_fastrelax,4,230,MET,28.93653106689453,4,62.70878982543945,4
HIV_RT__3V81,rosetta_fastrelax,4,232,TYR,10.204386711120605,4,17.15896761417389,8
HIV_RT__3V81,rosetta_fastrelax,4,234,LEU,1.3599464893341064,4,6.227977961301804,4
HIV_RT__3V81,rosetta_fastrelax,4,318,TYR,5.483217239379883,4,13.201483964920044,8
HIV_RT__3V81,rosetta_fastrelax,5,101,LYS,6.093642234802246,4,59.82233190536499,5
HIV_RT__3V81,rosetta_fastrelax,5,108,VAL,28.42937660217285,4,36.24954891204834,3
HIV_RT__3V81,rosetta_fastrelax,5,180,ILE,2.8359010219573975,4,12.91624391078949,4
HIV_RT__3V81,rosetta_fastrelax,5,181,TYR,12.342548370361328,4,361.2246265411377,8
HIV_RT__3V81,rosetta_fastrelax,5,188,TYR,17.921228408813477,4,349.7124547958374,8
HIV_RT__3V81,rosetta_fastrelax,5,227,PHE,4.748103141784668,4,72.98767018318176,7
HIV_RT__3V81,rosetta_fastrelax,5,228,LEU,5.48968505859375,4,9.768830060958862,4
HIV_RT__3V81,rosetta_fastrelax,5,229,TRP,25.367996215820312,4,98.9213981628418,10
HIV_RT__3V81,rosetta_fastrelax,5,230,MET,33.9904670715332,4,65.82432270050049,4
HIV_RT__3V81,rosetta_fastrelax,5,232,TYR,10.40859317779541,4,18.238799691200256,8
HIV_RT__3V81,rosetta_fastrelax,5,234,LEU,5.830165863037109,4,30.664772987365723,4
HIV_RT__3V81,rosetta_fastrelax,5,318,TYR,7.110049724578857,4,13.151327729225159,8
HIV_RT__3V81,rosetta_fastrelax,6,101,LYS,5.872814178466797,4,47.8920738697052,5
HIV_RT__3V81,rosetta_fastrelax,6,108,VAL,21.416465759277344,4,34.63407039642334,3
HIV_RT__3V81,rosetta_fastrelax,6,180,ILE,3.0063233375549316,4,13.407569408416748,4
HIV_RT__3V81,rosetta_fastrelax,6,181,TYR,10.386823654174805,4,337.06567096710205,8
HIV_RT__3V81,rosetta_fastrelax,6,188,TYR,15.65480899810791,4,312.77565479278564,8
HIV_RT__3V81,rosetta_fastrelax,6,227,PHE,1.512819766998291,4,9.596506476402283,7
HIV_RT__3V81,rosetta_fastrelax,6,228,LEU,5.269914627075195,4,10.08566701412201,4
HIV_RT__3V81,rosetta_fastrelax,6,229,TRP,20.807844161987305,4,114.219078540802,10
HIV_RT__3V81,rosetta_fastrelax,6,230,MET,28.091350555419922,4,68.54446649551392,4
HIV_RT__3V81,rosetta_fastrelax,6,232,TYR,6.684927463531494,4,10.302784144878387,8
HIV_RT__3V81,rosetta_fastrelax,6,234,LEU,1.807706356048584,4,4.456603080034256,4
HIV_RT__3V81,rosetta_fastrelax,6,318,TYR,7.796889305114746,4,26.423041582107544,8
HIV_RT__3V81,rosetta_fastrelax,7,101,LYS,6.457866668701172,4,47.320714235305786,5
HIV_RT__3V81,rosetta_fastrelax,7,108,VAL,22.3060245513916,4,35.924617290496826,3
HIV_RT__3V81,rosetta_fastrelax,7,180,ILE,2.1437134742736816,4,14.759015798568726,4
HIV_RT__3V81,rosetta_fastrelax,7,181,TYR,9.60314655303955,4,344.11254501342773,8
HIV_RT__3V81,rosetta_fastrelax,7,188,TYR,13.681848526000977,4,300.01166582107544,8
HIV_RT__3V81,rosetta_fastrelax,7,227,PHE,1.8365463018417358,4,26.42149567604065,7
HIV_RT__3V81,rosetta_fastrelax,7,228,LEU,6.413649559020996,4,12.48451852798462,4
HIV_RT__3V81,rosetta_fastrelax,7,229,TRP,22.161273956298828,4,113.73717069625854,10
HIV_RT__3V81,rosetta_fastrelax,7,230,MET,31.061311721801758,4,69.22917079925537,4
HIV_RT__3V81,rosetta_fastrelax,7,232,TYR,5.432682991027832,4,11.31772455573082,8
HIV_RT__3V81,rosetta_fastrelax,7,234,LEU,2.9729299545288086,4,5.007591992616653,4
HIV_RT__3V81,rosetta_fastrelax,7,318,TYR,9.179130554199219,4,25.517240524291992,8
HIV_RT__3V81,rosetta_fastrelax,8,101,LYS,8.465575218200684,4,49.3625214099884,5
HIV_RT__3V81,rosetta_fastrelax,8,108,VAL,22.38983154296875,4,34.74569892883301,3
HIV_RT__3V81,rosetta_fastrelax,8,180,ILE,2.617302656173706,4,15.030793905258179,4
HIV_RT__3V81,rosetta_fastrelax,8,181,TYR,11.367191314697266,4,344.91692900657654,8
HIV_RT__3V81,rosetta_fastrelax,8,188,TYR,18.355520248413086,4,324.5104932785034,8
HIV_RT__3V81,rosetta_fastrelax,8,227,PHE,1.6642825603485107,4,14.893505573272705,7
HIV_RT__3V81,rosetta_fastrelax,8,228,LEU,6.224587440490723,4,11.253077387809753,4
HIV_RT__3V81,rosetta_fastrelax,8,229,TRP,24.65457534790039,4,114.57349061965942,10
HIV_RT__3V81,rosetta_fastrelax,8,230,MET,34.201236724853516,4,72.03798198699951,4
HIV_RT__3V81,rosetta_fastrelax,8,232,TYR,7.157007217407227,4,18.06072747707367,8
HIV_RT__3V81,rosetta_fastrelax,8,234,LEU,0.859316349029541,4,3.8182749319821596,4
HIV_RT__3V81,rosetta_fastrelax,8,318,TYR,9.59290885925293,4,24.243629217147827,8
HIV_RT__3V81,rosetta_fastrelax,9,101,LYS,5.520991802215576,4,48.79716897010803,5
HIV_RT__3V81,rosetta_fastrelax,9,108,VAL,27.389318466186523,4,39.410667419433594,3
HIV_RT__3V81,rosetta_fastrelax,9,180,ILE,1.6773163080215454,4,13.149657845497131,4
HIV_RT__3V81,rosetta_fastrelax,9,181,TYR,8.247095108032227,4,340.4074544906616,8
HIV_RT__3V81,rosetta_fastrelax,9,188,TYR,16.481996536254883,4,308.1615924835205,8
HIV_RT__3V81,rosetta_fastrelax,9,227,PHE,1.8165273666381836,4,28.72141432762146,7
HIV_RT__3V81,rosetta_fastrelax,9,228,LEU,6.459002494812012,4,12.4552001953125,4
HIV_RT__3V81,rosetta_fastrelax,9,229,TRP,22.442108154296875,4,112.33673810958862,10
HIV_RT__3V81,rosetta_fastrelax,9,230,MET,31.19935417175293,4,66.59722900390625,4
HIV_RT__3V81,rosetta_fastrelax,9,232,TYR,5.596963405609131,4,14.792605563998222,8
HIV_RT__3V81,rosetta_fastrelax,9,234,LEU,2.8067665100097656,4,4.752218931913376,4
HIV_RT__3V81,rosetta_fastrelax,9,318,TYR,8.98428726196289,4,27.302387237548828,8
HIV_RT__3V81,rosetta_fastrelax,10,101,LYS,7.613022327423096,4,49.53112053871155,5
HIV_RT__3V81,rosetta_fastrelax,10,108,VAL,20.38463592529297,4,31.949706077575684,3
HIV_RT__3V81,rosetta_fastrelax,10,180,ILE,2.7473983764648438,4,13.014322876930237,4
HIV_RT__3V81,rosetta_fastrelax,10,181,TYR,10.673418045043945,4,337.202513217926,8
HIV_RT__3V81,rosetta_fastrelax,10,188,TYR,18.021726608276367,4,315.26720428466797,8
HIV_RT__3V81,rosetta_fastrelax,10,227,PHE,1.9420785903930664,4,18.253983855247498,7
HIV_RT__3V81,rosetta_fastrelax,10,228,LEU,6.240934371948242,4,11.525448322296143,4
HIV_RT__3V81,rosetta_fastrelax,10,229,TRP,24.44485855102539,4,109.78941917419434,10
HIV_RT__3V81,rosetta_fastrelax,10,230,MET,30.520278930664062,4,33.30598163604736,4
HIV_RT__3V81,rosetta_fastrelax,10,232,TYR,9.214933395385742,4,9.492292732000351,8
HIV_RT__3V81,rosetta_fastrelax,10,234,LEU,0.7004829049110413,4,3.8381702452898026,4
HIV_RT__3V81,rosetta_fastrelax,10,318,TYR,8.534690856933594,4,21.2546968460083,8
HIV_RT__3V81,rosetta_fastrelax,11,101,LYS,6.986802101135254,4,54.43586587905884,5
HIV_RT__3V81,rosetta_fastrelax,11,108,VAL,23.160825729370117,4,35.359010219573975,3
HIV_RT__3V81,rosetta_fastrelax,11,180,ILE,2.7136614322662354,4,15.137767314910889,4
HIV_RT__3V81,rosetta_fastrelax,11,181,TYR,10.543655395507812,4,345.1691153049469,8
HIV_RT__3V81,rosetta_fastrelax,11,188,TYR,16.011308670043945,4,309.9955587387085,8
HIV_RT__3V81,rosetta_fastrelax,11,227,PHE,1.9225590229034424,4,13.462912857532501,7
HIV_RT__3V81,rosetta_fastrelax,11,228,LEU,6.406998634338379,4,11.402964115142822,4
HIV_RT__3V81,rosetta_fastrelax,11,229,TRP,22.471744537353516,4,112.45890951156616,10
HIV_RT__3V81,rosetta_fastrelax,11,230,MET,28.538158416748047,4,65.04941415786743,4
HIV_RT__3V81,rosetta_fastrelax,11,232,TYR,7.61813497543335,4,11.66261699795723,8
HIV_RT__3V81,rosetta_fastrelax,11,234,LEU,0.588323712348938,4,4.1210175305604935,4
HIV_RT__3V81,rosetta_fastrelax,11,318,TYR,8.37956428527832,4,22.54232883453369,8
HIV_RT__3V81,rosetta_fastrelax,12,101,LYS,5.50558614730835,4,45.27166247367859,5
HIV_RT__3V81,rosetta_fastrelax,12,108,VAL,29.089473724365234,4,37.794315338134766,3
HIV_RT__3V81,rosetta_fastrelax,12,180,ILE,1.9413357973098755,4,11.53672468662262,4
HIV_RT__3V81,rosetta_fastrelax,12,181,TYR,7.526126861572266,4,332.4526629447937,8
HIV_RT__3V81,rosetta_fastrelax,12,188,TYR,9.915668487548828,4,270.7512540817261,8
HIV_RT__3V81,rosetta_fastrelax,12,227,PHE,1.384519100189209,4,13.764484584331512,7
HIV_RT__3V81,rosetta_fastrelax,12,228,LEU,4.445854663848877,4,11.080757856369019,4
HIV_RT__3V81,rosetta_fastrelax,12,229,TRP,18.424116134643555,4,109.02034997940063,10
HIV_RT__3V81,rosetta_fastrelax,12,230,MET,25.611061096191406,4,63.667991638183594,4
HIV_RT__3V81,rosetta_fastrelax,12,232,TYR,8.795212745666504,4,20.092236638069153,8
HIV_RT__3V81,rosetta_fastrelax,12,234,LEU,2.1692538261413574,4,7.7084681391716,4
HIV_RT__3V81,rosetta_fastrelax,12,318,TYR,5.224809646606445,4,18.905019998550415,8
HIV_RT__3V81,rosetta_fastrelax,13,101,LYS,5.161857604980469,4,51.58413743972778,5
HIV_RT__3V81,rosetta_fastrelax,13,108,VAL,26.26561164855957,4,35.94683837890625,3
HIV_RT__3V81,rosetta_fastrelax,13,180,ILE,1.8183906078338623,4,13.282944202423096,4
HIV_RT__3V81,rosetta_fastrelax,13,181,TYR,8.627643585205078,4,341.95295572280884,8
HIV_RT__3V81,rosetta_fastrelax,13,188,TYR,17.452312469482422,4,327.7099714279175,8
HIV_RT__3V81,rosetta_fastrelax,13,227,PHE,2.4931716918945312,4,39.00572848320007,7
HIV_RT__3V81,rosetta_fastrelax,13,228,LEU,7.136661529541016,4,12.917046308517456,4
HIV_RT__3V81,rosetta_fastrelax,13,229,TRP,23.655317306518555,4,114.19440984725952,10
HIV_RT__3V81,rosetta_fastrelax,13,230,MET,34.45914840698242,4,65.17719984054565,4
HIV_RT__3V81,rosetta_fastrelax,13,232,TYR,9.342930793762207,4,21.57681453227997,8
HIV_RT__3V81,rosetta_fastrelax,13,234,LEU,1.718226432800293,4,2.0093246400356293,4
HIV_RT__3V81,rosetta_fastrelax,13,318,TYR,9.22724437713623,4,34.020052433013916,8
HIV_RT__3V81,rosetta_fastrelax,14,101,LYS,5.843643665313721,4,45.65453577041626,5
HIV_RT__3V81,rosetta_fastrelax,14,108,VAL,21.727432250976562,4,33.789082527160645,3
HIV_RT__3V81,rosetta_fastrelax,14,180,ILE,2.8542959690093994,4,13.103298783302307,4
HIV_RT__3V81,rosetta_fastrelax,14,181,TYR,11.655827522277832,4,343.667662858963,8
HIV_RT__3V81,rosetta_fastrelax,14,188,TYR,16.95453643798828,4,310.7903218269348,8
HIV_RT__3V81,rosetta_fastrelax,14,227,PHE,1.5029950141906738,4,15.442554354667664,7
HIV_RT__3V81,rosetta_fastrelax,14,228,LEU,5.883034706115723,4,11.809669733047485,4
HIV_RT__3V81,rosetta_fastrelax,14,229,TRP,21.150726318359375,4,112.9864149093628,10
HIV_RT__3V81,rosetta_fastrelax,14,230,MET,29.719472885131836,4,65.71464729309082,4
HIV_RT__3V81,rosetta_fastrelax,14,232,TYR,7.096741676330566,4,12.97465068101883,8
HIV_RT__3V81,rosetta_fastrelax,14,234,LEU,1.3063907623291016,4,4.0744563937187195,4
HIV_RT__3V81,rosetta_fastrelax,14,318,TYR,7.878767013549805,4,23.227468729019165,8
HIV_RT__3V81,rosetta_fastrelax,15,101,LYS,6.708034038543701,4,49.98943901062012,5
HIV_RT__3V81,rosetta_fastrelax,15,108,VAL,28.26496696472168,4,39.66300392150879,3
HIV_RT__3V81,rosetta_fastrelax,15,180,ILE,2.6137218475341797,4,14.261824488639832,4
HIV_RT__3V81,rosetta_fastrelax,15,181,TYR,9.678258895874023,4,334.78523445129395,8
HIV_RT__3V81,rosetta_fastrelax,15,188,TYR,16.626256942749023,4,317.26987409591675,8
HIV_RT__3V81,rosetta_fastrelax,15,227,PHE,1.9902881383895874,4,20.88360035419464,7
HIV_RT__3V81,rosetta_fastrelax,15,228,LEU,7.161614894866943,4,13.185111999511719,4
HIV_RT__3V81,rosetta_fastrelax,15,229,TRP,22.52972984313965,4,113.31812763214111,10
HIV_RT__3V81,rosetta_fastrelax,15,230,MET,29.576461791992188,4,61.777084827423096,4
HIV_RT__3V81,rosetta_fastrelax,15,232,TYR,8.863550186157227,4,15.86270523071289,8
HIV_RT__3V81,rosetta_fastrelax,15,234,LEU,0.7448363304138184,4,3.217199221253395,4
HIV_RT__3V81,rosetta_fastrelax,15,318,TYR,7.84304141998291,4,23.681864023208618,8
HIV_RT__3V81,rosetta_fastrelax,16,101,LYS,8.368024826049805,4,50.82552909851074,5
HIV_RT__3V81,rosetta_fastrelax,16,108,VAL,25.870311737060547,4,39.33511447906494,3
HIV_RT__3V81,rosetta_fastrelax,16,180,ILE,2.444033622741699,4,15.08708643913269,4
HIV_RT__3V81,rosetta_fastrelax,16,181,TYR,11.534433364868164,4,347.590136051178,8
HIV_RT__3V81,rosetta_fastrelax,16,188,TYR,18.655208587646484,4,323.2668056488037,8
HIV_RT__3V81,rosetta_fastrelax,16,227,PHE,1.6033411026000977,4,13.190000653266907,7
HIV_RT__3V81,rosetta_fastrelax,16,228,LEU,5.746068954467773,4,10.339540123939514,4
HIV_RT__3V81,rosetta_fastrelax,16,229,TRP,21.90093231201172,4,110.47256755828857,10
HIV_RT__3V81,rosetta_fastrelax,16,230,MET,32.44273376464844,4,62.60587549209595,4
HIV_RT__3V81,rosetta_fastrelax,16,232,TYR,8.417522430419922,4,23.372710347175598,8
HIV_RT__3V81,rosetta_fastrelax,16,234,LEU,1.18990159034729,4,3.556736946105957,4
HIV_RT__3V81,rosetta_fastrelax,16,318,TYR,10.47524642944336,4,24.387310028076172,8
HIV_RT__3V81,rosetta_fastrelax,17,101,LYS,4.19775915145874,4,37.00192308425903,5
HIV_RT__3V81,rosetta_fastrelax,17,108,VAL,24.149717330932617,4,36.347012519836426,3
HIV_RT__3V81,rosetta_fastrelax,17,180,ILE,2.3220126628875732,4,16.441130876541138,4
HIV_RT__3V81,rosetta_fastrelax,17,181,TYR,13.664433479309082,4,362.45184421539307,8
HIV_RT__3V81,rosetta_fastrelax,17,188,TYR,14.955531120300293,4,308.8815770149231,8
HIV_RT__3V81,rosetta_fastrelax,17,227,PHE,2.282628059387207,4,15.444693803787231,7
HIV_RT__3V81,rosetta_fastrelax,17,228,LEU,6.16823673248291,4,9.68648910522461,4
HIV_RT__3V81,rosetta_fastrelax,17,229,TRP,21.833885192871094,4,116.44340705871582,10
HIV_RT__3V81,rosetta_fastrelax,17,230,MET,33.32151412963867,4,75.14428472518921,4
HIV_RT__3V81,rosetta_fastrelax,17,232,TYR,4.106180667877197,4,26.327759467065334,8
HIV_RT__3V81,rosetta_fastrelax,17,234,LEU,4.078413963317871,4,5.685476198792458,4
HIV_RT__3V81,rosetta_fastrelax,17,318,TYR,9.110881805419922,4,32.08512616157532,8
HIV_RT__3V81,rosetta_fastrelax,18,101,LYS,6.037713050842285,4,59.98291349411011,5
HIV_RT__3V81,rosetta_fastrelax,18,108,VAL,21.61680030822754,4,32.84270000457764,3
HIV_RT__3V81,rosetta_fastrelax,18,180,ILE,2.681920289993286,4,13.781802773475647,4
HIV_RT__3V81,rosetta_fastrelax,18,181,TYR,11.784585952758789,4,359.68102502822876,8
HIV_RT__3V81,rosetta_fastrelax,18,188,TYR,17.695363998413086,4,317.0964021682739,8
HIV_RT__3V81,rosetta_fastrelax,18,227,PHE,2.0432329177856445,4,22.054959297180176,7
HIV_RT__3V81,rosetta_fastrelax,18,228,LEU,7.5391693115234375,4,14.747566938400269,4
HIV_RT__3V81,rosetta_fastrelax,18,229,TRP,22.104290008544922,4,110.15472602844238,10
HIV_RT__3V81,rosetta_fastrelax,18,230,MET,28.725055694580078,4,61.18246269226074,4
HIV_RT__3V81,rosetta_fastrelax,18,232,TYR,9.853965759277344,4,12.875856399536133,8
HIV_RT__3V81,rosetta_fastrelax,18,234,LEU,0.46226972341537476,4,4.0797441601753235,4
HIV_RT__3V81,rosetta_fastrelax,18,318,TYR,10.456982612609863,4,18.461827158927917,8
HIV_RT__3V81,rosetta_fastrelax,19,101,LYS,3.5445079803466797,4,39.54891395568848,5
HIV_RT__3V81,rosetta_fastrelax,19,108,VAL,19.751258850097656,4,28.38743495941162,3
HIV_RT__3V81,rosetta_fastrelax,19,180,ILE,2.2729082107543945,4,14.152963519096375,4
HIV_RT__3V81,rosetta_fastrelax,19,181,TYR,14.997968673706055,4,371.6459803581238,8
HIV_RT__3V81,rosetta_fastrelax,19,188,TYR,16.322772979736328,4,292.32634353637695,8
HIV_RT__3V81,rosetta_fastrelax,19,227,PHE,3.0859017372131348,4,37.597307443618774,7
HIV_RT__3V81,rosetta_fastrelax,19,228,LEU,7.182199954986572,4,11.990769147872925,4
HIV_RT__3V81,rosetta_fastrelax,19,229,TRP,23.998062133789062,4,112.85296249389648,10
HIV_RT__3V81,rosetta_fastrelax,19,230,MET,35.12000274658203,4,66.83219289779663,4
HIV_RT__3V81,rosetta_fastrelax,19,232,TYR,9.441699981689453,4,23.760684430599213,8
HIV_RT__3V81,rosetta_fastrelax,19,234,LEU,2.1188042163848877,4,4.1524971425533295,4
HIV_RT__3V81,rosetta_fastrelax,19,318,TYR,5.050332546234131,4,24.091783046722412,8
HIV_RT__3V81,rosetta_fastrelax,20,101,LYS,7.725597858428955,4,49.55823087692261,5
HIV_RT__3V81,rosetta_fastrelax,20,108,VAL,21.56985092163086,4,33.753387451171875,3
HIV_RT__3V81,rosetta_fastrelax,20,180,ILE,2.6759400367736816,4,11.455930233001709,4
HIV_RT__3V81,rosetta_fastrelax,20,181,TYR,10.319650650024414,4,336.89766550064087,8
HIV_RT__3V81,rosetta_fastrelax,20,188,TYR,18.48887062072754,4,321.1217894554138,8
HIV_RT__3V81,rosetta_fastrelax,20,227,PHE,1.5333179235458374,4,15.379414081573486,7
HIV_RT__3V81,rosetta_fastrelax,20,228,LEU,6.311120510101318,4,12.008291244506836,4
HIV_RT__3V81,rosetta_fastrelax,20,229,TRP,21.22273826599121,4,108.84656238555908,10
HIV_RT__3V81,rosetta_fastrelax,20,230,MET,28.075124740600586,4,59.5228066444397,4
HIV_RT__3V81,rosetta_fastrelax,20,232,TYR,8.245328903198242,4,15.237184822559357,8
HIV_RT__3V81,rosetta_fastrelax,20,234,LEU,0.7135089635848999,4,3.4208423756062984,4
HIV_RT__3V81,rosetta_fastrelax,20,318,TYR,8.724266052246094,4,25.078336477279663,8
HIV_RT__3V81,rosetta_fastrelax,21,101,LYS,5.997339248657227,4,44.66182589530945,5
HIV_RT__3V81,rosetta_fastrelax,21,108,VAL,23.659564971923828,4,35.11108160018921,3
HIV_RT__3V81,rosetta_fastrelax,21,180,ILE,2.196526288986206,4,17.914599657058716,4
HIV_RT__3V81,rosetta_fastrelax,21,181,TYR,10.895001411437988,4,361.53797006607056,8
HIV_RT__3V81,rosetta_fastrelax,21,188,TYR,16.164077758789062,4,305.7634382247925,8
HIV_RT__3V81,rosetta_fastrelax,21,227,PHE,1.6442267894744873,4,20.30496108531952,7
HIV_RT__3V81,rosetta_fastrelax,21,228,LEU,6.31328010559082,4,12.719520807266235,4
HIV_RT__3V81,rosetta_fastrelax,21,229,TRP,25.813602447509766,4,97.99585151672363,10
HIV_RT__3V81,rosetta_fastrelax,21,230,MET,34.01010513305664,4,41.582603454589844,4
HIV_RT__3V81,rosetta_fastrelax,21,232,TYR,8.642196655273438,4,21.844159364700317,8
HIV_RT__3V81,rosetta_fastrelax,21,234,LEU,1.0954724550247192,4,3.1738078370690346,4
HIV_RT__3V81,rosetta_fastrelax,21,318,TYR,5.4166765213012695,4,19.113099217414856,8
HIV_RT__3V81,rosetta_fastrelax,22,101,LYS,3.9480254650115967,4,47.55225682258606,5
HIV_RT__3V81,rosetta_fastrelax,22,108,VAL,22.075164794921875,4,32.674203872680664,3
HIV_RT__3V81,rosetta_fastrelax,22,180,ILE,3.510328769683838,4,13.907261729240417,4
HIV_RT__3V81,rosetta_fastrelax,22,181,TYR,15.369449615478516,4,357.5311243534088,8
HIV_RT__3V81,rosetta_fastrelax,22,188,TYR,17.668853759765625,4,309.0766839981079,8
HIV_RT__3V81,rosetta_fastrelax,22,227,PHE,1.7208868265151978,4,37.38738775253296,7
HIV_RT__3V81,rosetta_fastrelax,22,228,LEU,4.5324859619140625,4,10.687868475914001,4
HIV_RT__3V81,rosetta_fastrelax,22,229,TRP,21.771133422851562,4,113.05024528503418,10
HIV_RT__3V81,rosetta_fastrelax,22,230,MET,32.5267333984375,4,75.9322190284729,4
HIV_RT__3V81,rosetta_fastrelax,22,232,TYR,6.290968894958496,4,15.030624151229858,8
HIV_RT__3V81,rosetta_fastrelax,22,234,LEU,1.0576674938201904,4,3.803287446498871,4
HIV_RT__3V81,rosetta_fastrelax,22,318,TYR,5.207639694213867,4,22.847726821899414,8
HIV_RT__3V81,rosetta_fastrelax,23,101,LYS,7.407702445983887,4,46.44385528564453,5
HIV_RT__3V81,rosetta_fastrelax,23,108,VAL,25.973752975463867,4,37.37611675262451,3
HIV_RT__3V81,rosetta_fastrelax,23,180,ILE,2.228442668914795,4,14.161134123802185,4
HIV_RT__3V81,rosetta_fastrelax,23,181,TYR,9.197595596313477,4,340.178017616272,8
HIV_RT__3V81,rosetta_fastrelax,23,188,TYR,13.942926406860352,4,298.2555456161499,8
HIV_RT__3V81,rosetta_fastrelax,23,227,PHE,1.864647626876831,4,16.997630953788757,7
HIV_RT__3V81,rosetta_fastrelax,23,228,LEU,6.582425594329834,4,12.07339596748352,4
HIV_RT__3V81,rosetta_fastrelax,23,229,TRP,22.225723266601562,4,114.13248109817505,10
HIV_RT__3V81,rosetta_fastrelax,23,230,MET,28.468353271484375,4,64.07055473327637,4
HIV_RT__3V81,rosetta_fastrelax,23,232,TYR,7.28032112121582,4,13.318012148141861,8
HIV_RT__3V81,rosetta_fastrelax,23,234,LEU,0.7564752697944641,4,3.2844379991292953,4
HIV_RT__3V81,rosetta_fastrelax,23,318,TYR,7.966517448425293,4,23.246333241462708,8
HIV_RT__3V81,rosetta_fastrelax,24,101,LYS,6.584036350250244,4,44.2522611618042,5
HIV_RT__3V81,rosetta_fastrelax,24,108,VAL,28.495113372802734,4,39.0988073348999,3
HIV_RT__3V81,rosetta_fastrelax,24,180,ILE,2.5768232345581055,4,13.45292043685913,4
HIV_RT__3V81,rosetta_fastrelax,24,181,TYR,11.550065040588379,4,352.48665499687195,8
HIV_RT__3V81,rosetta_fastrelax,24,188,TYR,15.516300201416016,4,301.2199215888977,8
HIV_RT__3V81,rosetta_fastrelax,24,227,PHE,3.2025299072265625,4,42.85762691497803,7
HIV_RT__3V81,rosetta_fastrelax,24,228,LEU,9.157214164733887,4,15.615861415863037,4
HIV_RT__3V81,rosetta_fastrelax,24,229,TRP,24.427898406982422,4,112.46079206466675,10
HIV_RT__3V81,rosetta_fastrelax,24,230,MET,31.840045928955078,4,63.567936420440674,4
HIV_RT__3V81,rosetta_fastrelax,24,232,TYR,7.935341835021973,4,17.704092800617218,8
HIV_RT__3V81,rosetta_fastrelax,24,234,LEU,2.7238354682922363,4,4.094096548855305,4
HIV_RT__3V81,rosetta_fastrelax,24,318,TYR,7.195921897888184,4,31.740408301353455,8
HIV_RT__3V81,rosetta_fastrelax,25,101,LYS,6.4764299392700195,4,47.97468900680542,5
HIV_RT__3V81,rosetta_fastrelax,25,108,VAL,18.51470375061035,4,30.710881233215332,3
HIV_RT__3V81,rosetta_fastrelax,25,180,ILE,2.8452835083007812,4,13.89906919002533,4
HIV_RT__3V81,rosetta_fastrelax,25,181,TYR,11.121177673339844,4,344.7046754360199,8
HIV_RT__3V81,rosetta_fastrelax,25,188,TYR,15.66920280456543,4,308.03040504455566,8
HIV_RT__3V81,rosetta_fastrelax,25,227,PHE,1.350938320159912,4,11.416902840137482,7
HIV_RT__3V81,rosetta_fastrelax,25,228,LEU,5.512455463409424,4,11.700756549835205,4
HIV_RT__3V81,rosetta_fastrelax,25,229,TRP,20.84659194946289,4,113.56619119644165,10
HIV_RT__3V81,rosetta_fastrelax,25,230,MET,28.19007110595703,4,60.14079713821411,4
HIV_RT__3V81,rosetta_fastrelax,25,232,TYR,9.107428550720215,4,15.028278231620789,8
HIV_RT__3V81,rosetta_fastrelax,25,234,LEU,0.7838231325149536,4,3.2838352248072624,4
HIV_RT__3V81,rosetta_fastrelax,25,318,TYR,7.661871910095215,4,23.01651930809021,8
HIV_RT__3V81,rosetta_fastrelax,26,101,LYS,2.6101112365722656,4,43.88304281234741,5
HIV_RT__3V81,rosetta_fastrelax,26,108,VAL,22.76660919189453,4,32.124040603637695,3
HIV_RT__3V81,rosetta_fastrelax,26,180,ILE,3.0844533443450928,4,14.023998498916626,4
HIV_RT__3V81,rosetta_fastrelax,26,181,TYR,11.565034866333008,4,353.0684030056,8
HIV_RT__3V81,rosetta_fastrelax,26,188,TYR,15.830949783325195,4,334.88712310791016,8
HIV_RT__3V81,rosetta_fastrelax,26,227,PHE,3.331058979034424,4,20.974419116973877,7
HIV_RT__3V81,rosetta_fastrelax,26,228,LEU,5.5268449783325195,4,12.216118574142456,4
HIV_RT__3V81,rosetta_fastrelax,26,229,TRP,23.64252281188965,4,118.94260311126709,10
HIV_RT__3V81,rosetta_fastrelax,26,230,MET,30.570192337036133,4,33.67242670059204,4
HIV_RT__3V81,rosetta_fastrelax,26,232,TYR,13.667808532714844,4,12.019119143486023,8
HIV_RT__3V81,rosetta_fastrelax,26,234,LEU,4.431140899658203,4,17.018595099449158,4
HIV_RT__3V81,rosetta_fastrelax,26,318,TYR,2.427062511444092,4,14.895058006048203,8
HIV_RT__3V81,rosetta_fastrelax,27,101,LYS,5.054938316345215,4,48.30836486816406,5
HIV_RT__3V81,rosetta_fastrelax,27,108,VAL,25.391464233398438,4,37.3797550201416,3
HIV_RT__3V81,rosetta_fastrelax,27,180,ILE,3.3554677963256836,4,14.171441078186035,4
HIV_RT__3V81,rosetta_fastrelax,27,181,TYR,12.472850799560547,4,345.13938760757446,8
HIV_RT__3V81,rosetta_fastrelax,27,188,TYR,18.88969612121582,4,328.1079626083374,8
HIV_RT__3V81,rosetta_fastrelax,27,227,PHE,1.5958740711212158,4,20.36281156539917,7
HIV_RT__3V81,rosetta_fastrelax,27,228,LEU,5.289359092712402,4,14.74953556060791,4
HIV_RT__3V81,rosetta_fastrelax,27,229,TRP,21.337173461914062,4,113.33365869522095,10
HIV_RT__3V81,rosetta_fastrelax,27,230,MET,29.51202392578125,4,71.3991208076477,4
HIV_RT__3V81,rosetta_fastrelax,27,232,TYR,6.842195510864258,4,12.610602259635925,8
HIV_RT__3V81,rosetta_fastrelax,27,234,LEU,0.7775964140892029,4,4.714557528495789,4
HIV_RT__3V81,rosetta_fastrelax,27,318,TYR,8.093527793884277,4,29.193175554275513,8
HIV_RT__3V81,rosetta_fastrelax,28,101,LYS,5.210897922515869,4,44.70094060897827,5
HIV_RT__3V81,rosetta_fastrelax,28,108,VAL,21.137338638305664,4,33.186264991760254,3
HIV_RT__3V81,rosetta_fastrelax,28,180,ILE,1.8534237146377563,4,10.837656259536743,4
HIV_RT__3V81,rosetta_fastrelax,28,181,TYR,9.240760803222656,4,349.74892234802246,8
HIV_RT__3V81,rosetta_fastrelax,28,188,TYR,15.50584888458252,4,293.729380607605,8
HIV_RT__3V81,rosetta_fastrelax,28,227,PHE,2.0976433753967285,4,19.79001796245575,7
HIV_RT__3V81,rosetta_fastrelax,28,228,LEU,6.560306549072266,4,12.667206764221191,4
HIV_RT__3V81,rosetta_fastrelax,28,229,TRP,21.869789123535156,4,111.58272552490234,10
HIV_RT__3V81,rosetta_fastrelax,28,230,MET,28.29305076599121,4,65.41466283798218,4
HIV_RT__3V81,rosetta_fastrelax,28,232,TYR,7.954733371734619,4,9.479095339775085,8
HIV_RT__3V81,rosetta_fastrelax,28,234,LEU,0.8326014280319214,4,3.7448641136288643,4
HIV_RT__3V81,rosetta_fastrelax,28,318,TYR,7.525925636291504,4,22.901082754135132,8
HIV_RT__3V81,rosetta_fastrelax,29,101,LYS,7.035343647003174,4,54.16806125640869,5
HIV_RT__3V81,rosetta_fastrelax,29,108,VAL,20.508060455322266,4,33.38113784790039,3
HIV_RT__3V81,rosetta_fastrelax,29,180,ILE,2.478792428970337,4,14.453333139419556,4
HIV_RT__3V81,rosetta_fastrelax,29,181,TYR,8.864198684692383,4,338.6741397380829,8
HIV_RT__3V81,rosetta_fastrelax,29,188,TYR,16.178197860717773,4,307.10118103027344,8
HIV_RT__3V81,rosetta_fastrelax,29,227,PHE,1.8330622911453247,4,17.262878596782684,7
HIV_RT__3V81,rosetta_fastrelax,29,228,LEU,6.628976821899414,4,11.412559032440186,4
HIV_RT__3V81,rosetta_fastrelax,29,229,TRP,23.81634521484375,4,105.46593999862671,10
HIV_RT__3V81,rosetta_fastrelax,29,230,MET,32.18049240112305,4,55.62647342681885,4
HIV_RT__3V81,rosetta_fastrelax,29,232,TYR,7.457592010498047,4,17.72312718629837,8
HIV_RT__3V81,rosetta_fastrelax,29,234,LEU,1.0620150566101074,4,3.5092319771647453,4
HIV_RT__3V81,rosetta_fastrelax,29,318,TYR,10.97331428527832,4,32.51236319541931,8
GLTP,boltz2,0,44,PRO,17.31025505065918,4,28.82803249359131,3
GLTP,boltz2,0,45,ILE,10.869880676269531,4,22.17155122756958,4
GLTP,boltz2,0,147,ILE,17.497655868530273,4,25.6102294921875,4
GLTP,boltz2,1,44,PRO,23.559125900268555,4,37.2604341506958,3
GLTP,boltz2,1,45,ILE,17.234853744506836,4,38.544755935668945,4
GLTP,boltz2,1,147,ILE,21.94815444946289,4,29.151984691619873,4
GLTP,boltz2,2,44,PRO,16.3430118560791,4,27.890137195587158,3
GLTP,boltz2,2,45,ILE,10.652745246887207,4,24.006652355194092,4
GLTP,boltz2,2,147,ILE,15.746131896972656,4,23.12794065475464,4
GLTP,boltz2,3,44,PRO,14.078705787658691,4,23.80628490447998,3
GLTP,boltz2,3,45,ILE,10.360015869140625,4,21.667829990386963,4
GLTP,boltz2,3,147,ILE,13.227684020996094,4,16.89458680152893,4
GLTP,boltz2,4,44,PRO,17.864810943603516,4,30.222378730773926,3
GLTP,boltz2,4,45,ILE,12.94576644897461,4,31.36319923400879,4
GLTP,boltz2,4,147,ILE,16.416778564453125,4,21.62782573699951,4
GLTP,boltz2,5,44,PRO,17.027908325195312,4,29.94273090362549,3
GLTP,boltz2,5,45,ILE,13.549406051635742,4,36.54725885391235,4
GLTP,boltz2,5,147,ILE,14.149476051330566,4,15.71564793586731,4
GLTP,boltz2,6,44,PRO,10.965423583984375,4,11.540673971176147,3
GLTP,boltz2,6,45,ILE,11.820905685424805,4,19.215759754180908,4
GLTP,boltz2,6,147,ILE,7.257186412811279,4,17.24664807319641,4
GLTP,boltz2,7,44,PRO,18.52839469909668,4,31.230978965759277,3
GLTP,boltz2,7,45,ILE,11.764755249023438,4,27.267272472381592,4
GLTP,boltz2,7,147,ILE,15.189684867858887,4,21.108694553375244,4
GLTP,boltz2,8,44,PRO,19.563827514648438,4,33.36602210998535,3
GLTP,boltz2,8,45,ILE,11.078306198120117,4,25.632891178131104,4
GLTP,boltz2,8,147,ILE,14.682079315185547,4,22.050631999969482,4
GLTP,boltz2,9,44,PRO,14.548293113708496,4,25.380088329315186,3
GLTP,boltz2,9,45,ILE,11.264342308044434,4,26.827503204345703,4
GLTP,boltz2,9,147,ILE,14.118061065673828,4,21.297085285186768,4
GLTP,boltz2,10,44,PRO,12.477164268493652,4,22.62357521057129,3
GLTP,boltz2,10,45,ILE,9.097620964050293,4,22.54461145401001,4
GLTP,boltz2,10,147,ILE,20.36286163330078,4,31.23948335647583,4
GLTP,boltz2,11,44,PRO,17.76727867126465,4,31.327874183654785,3
GLTP,boltz2,11,45,ILE,9.870619773864746,4,22.951619148254395,4
GLTP,boltz2,11,147,ILE,14.064597129821777,4,19.867238998413086,4
GLTP,boltz2,12,44,PRO,21.809629440307617,4,34.85713005065918,3
GLTP,boltz2,12,45,ILE,13.382064819335938,4,27.77754545211792,4
GLTP,boltz2,12,147,ILE,16.51605224609375,4,25.0327091217041,4
GLTP,boltz2,13,44,PRO,24.37816047668457,4,38.38033390045166,3
GLTP,boltz2,13,45,ILE,14.689225196838379,4,29.009992122650146,4
GLTP,boltz2,13,147,ILE,15.465155601501465,4,20.42298650741577,4
GLTP,boltz2,14,44,PRO,16.2940731048584,4,28.111120223999023,3
GLTP,boltz2,14,45,ILE,10.069981575012207,4,22.334633111953735,4
GLTP,boltz2,14,147,ILE,12.737842559814453,4,15.784799814224243,4
GLTP,boltz2,15,44,PRO,18.361093521118164,4,25.957468032836914,3
GLTP,boltz2,15,45,ILE,14.048094749450684,4,33.185598850250244,4
GLTP,boltz2,15,147,ILE,20.06167984008789,4,32.323551177978516,4
GLTP,boltz2,16,44,PRO,17.36910629272461,4,24.21111822128296,3
GLTP,boltz2,16,45,ILE,10.732183456420898,4,21.216087341308594,4
GLTP,boltz2,16,147,ILE,13.511241912841797,4,20.87894630432129,4
GLTP,boltz2,17,44,PRO,9.39200210571289,4,19.493446826934814,3
GLTP,boltz2,17,45,ILE,3.3172998428344727,4,8.024553894996643,4
GLTP,boltz2,17,147,ILE,7.161293983459473,4,6.0878005027771,4
GLTP,boltz2,18,44,PRO,17.276399612426758,4,25.518335342407227,3
GLTP,boltz2,18,45,ILE,7.662996292114258,4,13.653769731521606,4
GLTP,boltz2,18,147,ILE,19.51399040222168,4,41.19925498962402,4
GLTP,boltz2,19,44,PRO,17.045299530029297,4,24.917113780975342,3
GLTP,boltz2,19,45,ILE,9.053950309753418,4,18.91721796989441,4
GLTP,boltz2,19,147,ILE,12.055521011352539,4,17.768155574798584,4
GLTP,boltz2,20,44,PRO,16.077173233032227,4,27.198354721069336,3
GLTP,boltz2,20,45,ILE,12.775413513183594,4,30.92619514465332,4
GLTP,boltz2,20,147,ILE,10.755447387695312,4,16.49940538406372,4
GLTP,boltz2,21,44,PRO,24.216144561767578,4,34.36441707611084,3
GLTP,boltz2,21,45,ILE,13.307822227478027,4,26.08997344970703,4
GLTP,boltz2,21,147,ILE,18.818147659301758,4,27.789517402648926,4
GLTP,boltz2,22,44,PRO,16.452917098999023,4,24.26779842376709,3
GLTP,boltz2,22,45,ILE,12.925711631774902,4,30.956046104431152,4
GLTP,boltz2,22,147,ILE,12.841803550720215,4,20.76901626586914,4
GLTP,boltz2,23,44,PRO,19.642288208007812,4,33.4551477432251,3
GLTP,boltz2,23,45,ILE,7.527984142303467,4,13.821301937103271,4
GLTP,boltz2,23,147,ILE,8.409589767456055,4,9.368653535842896,4
GLTP,boltz2,24,44,PRO,15.554288864135742,4,26.697240829467773,3
GLTP,boltz2,24,45,ILE,9.960237503051758,4,20.77157211303711,4
GLTP,boltz2,24,147,ILE,9.933430671691895,4,11.184894323348999,4
GLTP,boltz2,25,44,PRO,23.16604995727539,4,21.191876888275146,3
GLTP,boltz2,25,45,ILE,25.05804443359375,4,36.05367469787598,4
GLTP,boltz2,25,147,ILE,8.900748252868652,4,23.993896484375,4
GLTP,boltz2,26,44,PRO,22.12903594970703,4,35.90828895568848,3
GLTP,boltz2,26,45,ILE,11.516109466552734,4,22.81089448928833,4
GLTP,boltz2,26,147,ILE,17.25374984741211,4,27.332082748413086,4
GLTP,boltz2,27,44,PRO,14.052421569824219,4,14.040674686431885,3
GLTP,boltz2,27,45,ILE,14.131645202636719,4,21.750804901123047,4
GLTP,boltz2,27,147,ILE,9.070096969604492,4,16.79504418373108,4
GLTP,boltz2,28,44,PRO,27.314706802368164,4,41.14069938659668,3
GLTP,boltz2,28,45,ILE,19.00707244873047,4,39.671010971069336,4
GLTP,boltz2,28,147,ILE,17.337553024291992,4,23.037038803100586,4
GLTP,boltz2,29,44,PRO,15.718113899230957,4,23.11194896697998,3
GLTP,boltz2,29,45,ILE,7.871405601501465,4,15.485312461853027,4
GLTP,boltz2,29,147,ILE,10.521200180053711,4,13.603467464447021,4
GLTP,esmfold2,0,44,PRO,4.6281585693359375,4,7.250792503356934,3
GLTP,esmfold2,0,45,ILE,3.971668243408203,4,24.037786602973938,4
GLTP,esmfold2,0,147,ILE,1.7596360445022583,4,1.6112935245037079,4
GLTP,esmfold2,1,44,PRO,2.8039662837982178,4,4.383470296859741,3
GLTP,esmfold2,1,45,ILE,2.7462356090545654,4,8.631507873535156,4
GLTP,esmfold2,1,147,ILE,1.492722511291504,4,1.0060738623142242,4
GLTP,esmfold2,2,44,PRO,9.564345359802246,4,14.788589000701904,3
GLTP,esmfold2,2,45,ILE,5.328180313110352,4,13.67731785774231,4
GLTP,esmfold2,2,147,ILE,4.617951393127441,4,3.7329031825065613,4
GLTP,esmfold2,3,44,PRO,3.0920069217681885,4,4.549547791481018,3
GLTP,esmfold2,3,45,ILE,2.981220245361328,4,8.415144085884094,4
GLTP,esmfold2,3,147,ILE,1.3205599784851074,4,1.5445767939090729,4
GLTP,esmfold2,4,44,PRO,4.046600818634033,4,6.0946104526519775,3
GLTP,esmfold2,4,45,ILE,3.101123571395874,4,8.44716501235962,4
GLTP,esmfold2,4,147,ILE,1.5069363117218018,4,1.0811138153076172,4
GLTP,esmfold2,5,44,PRO,6.795526027679443,4,10.437435626983643,3
GLTP,esmfold2,5,45,ILE,5.224788188934326,4,14.76945948600769,4
GLTP,esmfold2,5,147,ILE,3.56372332572937,4,2.8144774436950684,4
GLTP,esmfold2,6,44,PRO,6.5465989112854,4,10.149209022521973,3
GLTP,esmfold2,6,45,ILE,4.527920722961426,4,13.041501998901367,4
GLTP,esmfold2,6,147,ILE,3.611506938934326,4,3.1672422289848328,4
GLTP,esmfold2,7,44,PRO,1.984312891960144,4,2.847163498401642,3
GLTP,esmfold2,7,45,ILE,2.2367894649505615,4,6.774711847305298,4
GLTP,esmfold2,7,147,ILE,0.8743339776992798,4,1.5289832651615143,4
GLTP,esmfold2,8,44,PRO,13.469452857971191,4,20.454320430755615,3
GLTP,esmfold2,8,45,ILE,7.08012580871582,4,16.711255073547363,4
GLTP,esmfold2,8,147,ILE,5.649682521820068,4,5.116187274456024,4
GLTP,esmfold2,9,44,PRO,1.7514419555664062,4,2.6210233569145203,3
GLTP,esmfold2,9,45,ILE,2.117307662963867,4,6.457874417304993,4
GLTP,esmfold2,9,147,ILE,0.9598100185394287,4,0.7920570075511932,4
GLTP,esmfold2,10,44,PRO,9.637174606323242,4,14.986643314361572,3
GLTP,esmfold2,10,45,ILE,5.639867305755615,4,14.393031120300293,4
GLTP,esmfold2,10,147,ILE,6.327771186828613,4,6.13402533531189,4
GLTP,esmfold2,11,44,PRO,10.849176406860352,4,16.13856792449951,3
GLTP,esmfold2,11,45,ILE,6.3711090087890625,4,15.94525671005249,4
GLTP,esmfold2,11,147,ILE,4.418265342712402,4,4.099741339683533,4
GLTP,esmfold2,12,44,PRO,8.030619621276855,4,12.580865383148193,3
GLTP,esmfold2,12,45,ILE,4.815552234649658,4,13.571350574493408,4
GLTP,esmfold2,12,147,ILE,4.4925737380981445,4,3.600516200065613,4
GLTP,esmfold2,13,44,PRO,6.490034580230713,4,9.818968057632446,3
GLTP,esmfold2,13,45,ILE,5.408809661865234,4,26.723076701164246,4
GLTP,esmfold2,13,147,ILE,2.682962417602539,4,2.296013444662094,4
GLTP,esmfold2,14,44,PRO,5.909298896789551,4,8.705271482467651,3
GLTP,esmfold2,14,45,ILE,4.589442729949951,4,12.237282752990723,4
GLTP,esmfold2,14,147,ILE,2.002676486968994,4,1.9732096195220947,4
GLTP,esmfold2,15,44,PRO,2.781646728515625,4,3.4410951137542725,3
GLTP,esmfold2,15,45,ILE,2.817643880844116,4,6.76305365562439,4
GLTP,esmfold2,15,147,ILE,2.5704495906829834,4,5.268630862236023,4
GLTP,esmfold2,16,44,PRO,6.231926918029785,4,9.035689353942871,3
GLTP,esmfold2,16,45,ILE,4.343425750732422,4,11.537184000015259,4
GLTP,esmfold2,16,147,ILE,2.0603368282318115,4,1.7691716253757477,4
GLTP,esmfold2,17,44,PRO,5.9366455078125,4,8.622357606887817,3
GLTP,esmfold2,17,45,ILE,4.339404106140137,4,11.115386962890625,4
GLTP,esmfold2,17,147,ILE,1.9153393507003784,4,1.7791065275669098,4
GLTP,esmfold2,18,44,PRO,7.955473899841309,4,13.009978294372559,3
GLTP,esmfold2,18,45,ILE,5.202848434448242,4,14.750370979309082,4
GLTP,esmfold2,18,147,ILE,6.792267799377441,4,6.714674711227417,4
GLTP,esmfold2,19,44,PRO,7.764298439025879,4,12.33448600769043,3
GLTP,esmfold2,19,45,ILE,4.931581497192383,4,13.885931015014648,4
GLTP,esmfold2,19,147,ILE,6.615482330322266,4,6.606426239013672,4
GLTP,esmfold2,20,44,PRO,4.002976417541504,4,5.901954770088196,3
GLTP,esmfold2,20,45,ILE,3.352665424346924,4,8.727172613143921,4
GLTP,esmfold2,20,147,ILE,1.0727429389953613,4,0.8141772150993347,4
GLTP,esmfold2,21,44,PRO,6.4957051277160645,4,10.050035953521729,3
GLTP,esmfold2,21,45,ILE,4.827835559844971,4,13.702816009521484,4
GLTP,esmfold2,21,147,ILE,4.302580833435059,4,3.6975452303886414,4
GLTP,esmfold2,22,44,PRO,8.020009994506836,4,12.248409748077393,3
GLTP,esmfold2,22,45,ILE,5.566750526428223,4,15.059761047363281,4
GLTP,esmfold2,22,147,ILE,5.351534843444824,4,4.622635781764984,4
GLTP,esmfold2,23,44,PRO,2.602795124053955,4,3.9619839191436768,3
GLTP,esmfold2,23,45,ILE,2.4963021278381348,4,7.457730770111084,4
GLTP,esmfold2,23,147,ILE,1.2107316255569458,4,1.0607998967170715,4
GLTP,esmfold2,24,44,PRO,3.498108386993408,4,5.259774565696716,3
GLTP,esmfold2,24,45,ILE,2.7802693843841553,4,7.8033119440078735,4
GLTP,esmfold2,24,147,ILE,1.2745873928070068,4,0.9905978292226791,4
GLTP,esmfold2,25,44,PRO,12.549891471862793,4,19.927363395690918,3
GLTP,esmfold2,25,45,ILE,6.371310234069824,4,15.582194566726685,4
GLTP,esmfold2,25,147,ILE,8.159292221069336,4,8.797430038452148,4
GLTP,esmfold2,26,44,PRO,3.2716007232666016,4,5.098691821098328,3
GLTP,esmfold2,26,45,ILE,2.885732889175415,4,8.830068111419678,4
GLTP,esmfold2,26,147,ILE,1.4882978200912476,4,0.9665512442588806,4
GLTP,esmfold2,27,44,PRO,11.071850776672363,4,17.343242168426514,3
GLTP,esmfold2,27,45,ILE,5.732195854187012,4,27.769306421279907,4
GLTP,esmfold2,27,147,ILE,5.316158294677734,4,4.7080705761909485,4
GLTP,esmfold2,28,44,PRO,1.2284173965454102,4,1.7140153050422668,3
GLTP,esmfold2,28,45,ILE,1.8908593654632568,4,6.114976406097412,4
GLTP,esmfold2,28,147,ILE,0.8194730877876282,4,1.5307617783546448,4
GLTP,esmfold2,29,44,PRO,2.8897762298583984,4,4.455694913864136,3
GLTP,esmfold2,29,45,ILE,3.0054473876953125,4,9.494957566261292,4
GLTP,esmfold2,29,147,ILE,1.8976402282714844,4,1.5133230984210968,4
GLTP,bioemu_refine,0,44,PRO,11.924842834472656,4,23.557655334472656,3
GLTP,bioemu_refine,0,45,ILE,2.85500168800354,4,18.370272159576416,4
GLTP,bioemu_refine,0,147,ILE,3.2012741565704346,4,5.984643936157227,4
GLTP,bioemu_refine,100,44,PRO,37.25273132324219,4,44.6340389251709,3
GLTP,bioemu_refine,100,45,ILE,18.1986083984375,4,26.893459796905518,4
GLTP,bioemu_refine,100,147,ILE,51.39950942993164,4,74.70813751220703,4
GLTP,bioemu_refine,200,44,PRO,20.51491928100586,4,22.773232460021973,3
GLTP,bioemu_refine,200,45,ILE,13.49008846282959,4,17.63256549835205,4
GLTP,bioemu_refine,200,147,ILE,9.383735656738281,4,15.046258449554443,4
GLTP,bioemu_refine,300,44,PRO,33.81106948852539,4,41.51158142089844,3
GLTP,bioemu_refine,300,45,ILE,9.233755111694336,4,15.178738236427307,4
GLTP,bioemu_refine,300,147,ILE,3.0243635177612305,4,11.14664888381958,4
GLTP,bioemu_refine,400,44,PRO,24.354642868041992,4,39.962608337402344,3
GLTP,bioemu_refine,400,45,ILE,5.040139198303223,4,22.08282208442688,4
GLTP,bioemu_refine,400,147,ILE,6.241822719573975,4,5.915867209434509,4
GLTP,bioemu_refine,500,44,PRO,15.237266540527344,4,19.494012355804443,3
GLTP,bioemu_refine,500,45,ILE,8.138387680053711,4,10.352878451347351,4
GLTP,bioemu_refine,500,147,ILE,15.027751922607422,4,28.026161193847656,4
GLTP,bioemu_refine,600,44,PRO,20.77252960205078,4,30.05953598022461,3
GLTP,bioemu_refine,600,45,ILE,5.050416946411133,4,9.985459685325623,4
GLTP,bioemu_refine,600,147,ILE,16.319202423095703,4,27.307947635650635,4
GLTP,bioemu_refine,700,44,PRO,3.0980465412139893,4,7.154175519943237,3
GLTP,bioemu_refine,700,45,ILE,1.551172137260437,4,4.615152060985565,4
GLTP,bioemu_refine,700,147,ILE,2.3880443572998047,4,1.7641878724098206,4
GLTP,bioemu_refine,800,44,PRO,16.983144760131836,4,15.456706047058105,3
GLTP,bioemu_refine,800,45,ILE,6.294295310974121,4,12.099447250366211,4
GLTP,bioemu_refine,800,147,ILE,35.996803283691406,4,89.23592567443848,4
GLTP,bioemu_refine,900,44,PRO,8.950555801391602,4,9.13411271572113,3
GLTP,bioemu_refine,900,45,ILE,5.564277172088623,4,12.098727107048035,4
GLTP,bioemu_refine,900,147,ILE,29.751548767089844,4,55.20871043205261,4
GLTP,bioemu_refine,1000,44,PRO,25.470436096191406,4,29.656885147094727,3
GLTP,bioemu_refine,1000,45,ILE,16.34467124938965,4,14.749141216278076,4
GLTP,bioemu_refine,1000,147,ILE,17.136449813842773,4,26.8869891166687,4
GLTP,bioemu_refine,1100,44,PRO,15.122743606567383,4,20.160659313201904,3
GLTP,bioemu_refine,1100,45,ILE,4.08535099029541,4,23.779999494552612,4
GLTP,bioemu_refine,1100,147,ILE,2.2673442363739014,4,6.731511175632477,4
GLTP,bioemu_refine,1200,44,PRO,12.559803009033203,4,8.928837776184082,3
GLTP,bioemu_refine,1200,45,ILE,15.502588272094727,4,28.496479511260986,4
GLTP,bioemu_refine,1200,147,ILE,4.769411563873291,4,22.682812690734863,4
GLTP,bioemu_refine,1300,44,PRO,16.849496841430664,4,22.039952278137207,3
GLTP,bioemu_refine,1300,45,ILE,10.620070457458496,4,18.526280879974365,4
GLTP,bioemu_refine,1300,147,ILE,4.643254280090332,4,16.515544652938843,4
GLTP,bioemu_refine,1400,44,PRO,44.66470718383789,4,60.97127151489258,3
GLTP,bioemu_refine,1400,45,ILE,10.113486289978027,4,33.444650173187256,4
GLTP,bioemu_refine,1400,147,ILE,21.49817657470703,4,27.21758794784546,4
GLTP,bioemu_refine,1500,44,PRO,16.053958892822266,4,25.93148422241211,3
GLTP,bioemu_refine,1500,45,ILE,4.0510573387146,4,9.588622093200684,4
GLTP,bioemu_refine,1500,147,ILE,29.860069274902344,4,32.805548667907715,4
GLTP,bioemu_refine,1600,44,PRO,5.078453540802002,4,7.892109036445618,3
GLTP,bioemu_refine,1600,45,ILE,3.1828060150146484,4,13.70302438735962,4
GLTP,bioemu_refine,1600,147,ILE,2.7013633251190186,4,16.35117208957672,4
GLTP,bioemu_refine,1700,44,PRO,5.446682929992676,4,6.500328063964844,3
GLTP,bioemu_refine,1700,45,ILE,3.4112486839294434,4,3.7702203392982483,4
GLTP,bioemu_refine,1700,147,ILE,20.746768951416016,4,10.867536544799805,4
GLTP,bioemu_refine,1800,44,PRO,4.176231384277344,4,3.1486868858337402,3
GLTP,bioemu_refine,1800,45,ILE,1.590191125869751,4,2.194151997566223,4
GLTP,bioemu_refine,1800,147,ILE,1.7563447952270508,4,3.7413449883461,4
GLTP,bioemu_refine,1900,44,PRO,6.714696884155273,4,3.9923583269119263,3
GLTP,bioemu_refine,1900,45,ILE,25.520023345947266,4,62.99940490722656,4
GLTP,bioemu_refine,1900,147,ILE,14.123285293579102,4,25.12001645565033,4
GLTP,bioemu_refine,2000,44,PRO,12.716572761535645,4,18.122482776641846,3
GLTP,bioemu_refine,2000,45,ILE,3.341153144836426,4,7.184135437011719,4
GLTP,bioemu_refine,2000,147,ILE,5.066992282867432,4,4.697654724121094,4
GLTP,bioemu_refine,2100,44,PRO,29.454360961914062,4,22.99312114715576,3
GLTP,bioemu_refine,2100,45,ILE,16.187458038330078,4,16.133024215698242,4
GLTP,bioemu_refine,2100,147,ILE,12.24425983428955,4,32.66830015182495,4
GLTP,bioemu_refine,2200,44,PRO,3.020465850830078,4,4.423734426498413,3
GLTP,bioemu_refine,2200,45,ILE,2.4058656692504883,4,7.828574776649475,4
GLTP,bioemu_refine,2200,147,ILE,2.10557222366333,4,5.206460475921631,4
GLTP,bioemu_refine,2300,44,PRO,3.6269965171813965,4,8.206805109977722,3
GLTP,bioemu_refine,2300,45,ILE,1.2250524759292603,4,6.0984994769096375,4
GLTP,bioemu_refine,2300,147,ILE,0.8515369892120361,4,4.404135346412659,4
GLTP,bioemu_refine,2400,44,PRO,2.0557942390441895,4,2.161323308944702,3
GLTP,bioemu_refine,2400,45,ILE,4.526064872741699,4,15.247308254241943,4
GLTP,bioemu_refine,2400,147,ILE,10.400227546691895,4,13.809584140777588,4
GLTP,bioemu_refine,2500,44,PRO,3.90432071685791,4,4.083989262580872,3
GLTP,bioemu_refine,2500,45,ILE,3.763000011444092,4,5.103798508644104,4
GLTP,bioemu_refine,2500,147,ILE,11.746721267700195,4,11.275249481201172,4
GLTP,bioemu_refine,2600,44,PRO,45.76229476928711,4,80.06378746032715,3
GLTP,bioemu_refine,2600,45,ILE,8.420458793640137,4,15.46299958229065,4
GLTP,bioemu_refine,2600,147,ILE,5.927063941955566,4,4.584594786167145,4
GLTP,bioemu_refine,2700,44,PRO,3.7318432331085205,4,4.151187539100647,3
GLTP,bioemu_refine,2700,45,ILE,3.4979336261749268,4,31.907323360443115,4
GLTP,bioemu_refine,2700,147,ILE,4.830799102783203,4,9.65525496006012,4
GLTP,bioemu_refine,2800,44,PRO,2.568460464477539,4,2.6266579031944275,3
GLTP,bioemu_refine,2800,45,ILE,3.0636658668518066,4,7.91331160068512,4
GLTP,bioemu_refine,2800,147,ILE,1.3743664026260376,4,6.2624422907829285,4
GLTP,bioemu_refine,2900,44,PRO,10.669209480285645,4,16.16665554046631,3
GLTP,bioemu_refine,2900,45,ILE,5.4380388259887695,4,17.044941186904907,4
GLTP,bioemu_refine,2900,147,ILE,25.216678619384766,4,36.6290864944458,4
GLTP,prody_rfd3,1,44,PRO,21.227859497070312,4,32.66170883178711,3
GLTP,prody_rfd3,1,45,ILE,4.87985897064209,4,16.68856930732727,4
GLTP,prody_rfd3,1,147,ILE,20.999385833740234,4,14.760668992996216,4
GLTP,prody_rfd3,10,44,PRO,27.65485191345215,4,35.85231018066406,3
GLTP,prody_rfd3,10,45,ILE,5.75781774520874,4,15.374930620193481,4
GLTP,prody_rfd3,10,147,ILE,17.99109649658203,4,13.438904523849487,4
GLTP,prody_rfd3,16,44,PRO,22.286439895629883,4,31.134861946105957,3
GLTP,prody_rfd3,16,45,ILE,4.705872535705566,4,15.713703274726868,4
GLTP,prody_rfd3,16,147,ILE,20.472393035888672,4,14.240229845046997,4
GLTP,prody_rfd3,23,44,PRO,22.496389389038086,4,28.71249532699585,3
GLTP,prody_rfd3,23,45,ILE,4.385731220245361,4,9.03147828578949,4
GLTP,prody_rfd3,23,147,ILE,18.664409637451172,4,14.098249912261963,4
GLTP,prody_rfd3,19,44,PRO,22.84400177001953,4,30.86373805999756,3
GLTP,prody_rfd3,19,45,ILE,4.991998672485352,4,12.29539954662323,4
GLTP,prody_rfd3,19,147,ILE,16.202415466308594,4,13.640759706497192,4
GLTP,prody_rfd3,14,44,PRO,19.155662536621094,4,30.304176330566406,3
GLTP,prody_rfd3,14,45,ILE,4.156129360198975,4,15.558575987815857,4
GLTP,prody_rfd3,14,147,ILE,27.463130950927734,4,27.3506600856781,4
GLTP,prody_rfd3,17,44,PRO,17.238264083862305,4,26.94112491607666,3
GLTP,prody_rfd3,17,45,ILE,3.6921377182006836,4,14.496468544006348,4
GLTP,prody_rfd3,17,147,ILE,31.604782104492188,4,27.256906986236572,4
GLTP,prody_rfd3,27,44,PRO,20.461349487304688,4,29.146207809448242,3
GLTP,prody_rfd3,27,45,ILE,4.137842655181885,4,11.87890374660492,4
GLTP,prody_rfd3,27,147,ILE,20.32552719116211,4,14.628804445266724,4
GLTP,prody_rfd3,8,44,PRO,20.28049087524414,4,33.61890697479248,3
GLTP,prody_rfd3,8,45,ILE,4.733010768890381,4,19.106489539146423,4
GLTP,prody_rfd3,8,147,ILE,25.433944702148438,4,17.743896484375,4
GLTP,prody_rfd3,5,44,PRO,21.282726287841797,4,31.1043119430542,3
GLTP,prody_rfd3,5,45,ILE,4.483034610748291,4,12.327833771705627,4
GLTP,prody_rfd3,5,147,ILE,24.720672607421875,4,20.19816017150879,4
GLTP,prody_rfd3,7,44,PRO,20.61600112915039,4,29.096965789794922,3
GLTP,prody_rfd3,7,45,ILE,4.161166191101074,4,14.236070036888123,4
GLTP,prody_rfd3,7,147,ILE,13.987092971801758,4,7.719770669937134,4
GLTP,prody_rfd3,4,44,PRO,19.58815574645996,4,30.465057373046875,3
GLTP,prody_rfd3,4,45,ILE,4.120802879333496,4,16.19302487373352,4
GLTP,prody_rfd3,4,147,ILE,32.38446807861328,4,29.34359359741211,4
GLTP,prody_rfd3,0,44,PRO,19.739341735839844,4,29.419757843017578,3
GLTP,prody_rfd3,0,45,ILE,4.159263610839844,4,17.143964767456055,4
GLTP,prody_rfd3,0,147,ILE,21.469730377197266,4,16.030153036117554,4
GLTP,prody_rfd3,6,44,PRO,19.12681007385254,4,28.45273494720459,3
GLTP,prody_rfd3,6,45,ILE,3.7451348304748535,4,14.17077374458313,4
GLTP,prody_rfd3,6,147,ILE,19.185279846191406,4,14.970854043960571,4
GLTP,prody_rfd3,12,44,PRO,21.227039337158203,4,32.39240264892578,3
GLTP,prody_rfd3,12,45,ILE,4.658191204071045,4,16.77030050754547,4
GLTP,prody_rfd3,12,147,ILE,26.601789474487305,4,22.086644649505615,4
GLTP,prody_rfd3,26,44,PRO,20.898250579833984,4,29.31242275238037,3
GLTP,prody_rfd3,26,45,ILE,3.914672613143921,4,10.755154490470886,4
GLTP,prody_rfd3,26,147,ILE,24.507553100585938,4,20.56696081161499,4
GLTP,prody_rfd3,22,44,PRO,22.162517547607422,4,32.76266288757324,3
GLTP,prody_rfd3,22,45,ILE,5.138234615325928,4,29.092048406600952,4
GLTP,prody_rfd3,22,147,ILE,18.175640106201172,4,12.296990871429443,4
GLTP,prody_rfd3,21,44,PRO,18.22060203552246,4,28.574238777160645,3
GLTP,prody_rfd3,21,45,ILE,4.034420967102051,4,15.658442497253418,4
GLTP,prody_rfd3,21,147,ILE,26.653858184814453,4,20.614548683166504,4
GLTP,prody_rfd3,25,44,PRO,22.331974029541016,4,34.725131034851074,3
GLTP,prody_rfd3,25,45,ILE,5.338510513305664,4,18.12337076663971,4
GLTP,prody_rfd3,25,147,ILE,22.84304428100586,4,15.004371881484985,4
GLTP,prody_rfd3,13,44,PRO,20.344303131103516,4,32.05967617034912,3
GLTP,prody_rfd3,13,45,ILE,4.763238906860352,4,17.534565329551697,4
GLTP,prody_rfd3,13,147,ILE,24.805885314941406,4,18.76084303855896,4
GLTP,prody_rfd3,9,44,PRO,16.958518981933594,4,24.863265991210938,3
GLTP,prody_rfd3,9,45,ILE,3.2709078788757324,4,10.738520741462708,4
GLTP,prody_rfd3,9,147,ILE,18.719783782958984,4,18.199056148529053,4
GLTP,prody_rfd3,15,44,PRO,23.40215301513672,4,32.575462341308594,3
GLTP,prody_rfd3,15,45,ILE,5.284802436828613,4,11.391958236694336,4
GLTP,prody_rfd3,15,147,ILE,17.011146545410156,4,12.501654624938965,4
GLTP,prody_rfd3,20,44,PRO,24.05603790283203,4,33.371212005615234,3
GLTP,prody_rfd3,20,45,ILE,5.623596668243408,4,12.863319396972656,4
GLTP,prody_rfd3,20,147,ILE,15.125373840332031,4,8.775539636611938,4
GLTP,prody_rfd3,18,44,PRO,21.61884880065918,4,28.69221019744873,3
GLTP,prody_rfd3,18,45,ILE,4.758693218231201,4,10.810157895088196,4
GLTP,prody_rfd3,18,147,ILE,15.279256820678711,4,11.142673254013062,4
GLTP,prody_rfd3,3,44,PRO,23.326671600341797,4,32.14127159118652,3
GLTP,prody_rfd3,3,45,ILE,4.71362829208374,4,15.615007638931274,4
GLTP,prody_rfd3,3,147,ILE,18.82220458984375,4,13.444801568984985,4
GLTP,prody_rfd3,2,44,PRO,19.17556381225586,4,29.046753883361816,3
GLTP,prody_rfd3,2,45,ILE,4.039541244506836,4,13.972449779510498,4
GLTP,prody_rfd3,2,147,ILE,32.18507385253906,4,29.660173892974854,4
GLTP,prody_rfd3,28,44,PRO,18.8281192779541,4,26.91528081893921,3
GLTP,prody_rfd3,28,45,ILE,3.630103588104248,4,10.893266081809998,4
GLTP,prody_rfd3,28,147,ILE,16.659597396850586,4,12.098939657211304,4
GLTP,prody_rfd3,24,44,PRO,21.774709701538086,4,33.38178825378418,3
GLTP,prody_rfd3,24,45,ILE,5.044290065765381,4,28.028379559516907,4
GLTP,prody_rfd3,24,147,ILE,19.92707061767578,4,11.944852590560913,4
GLTP,prody_rfd3,11,44,PRO,18.338848114013672,4,32.4388313293457,3
GLTP,prody_rfd3,11,45,ILE,3.895559310913086,4,17.802520036697388,4
GLTP,prody_rfd3,11,147,ILE,26.28049087524414,4,23.531899452209473,4
GLTP,prody_rfd3,29,44,PRO,21.931676864624023,4,30.181618690490723,3
GLTP,prody_rfd3,29,45,ILE,4.3243560791015625,4,11.959069967269897,4
GLTP,prody_rfd3,29,147,ILE,15.002737045288086,4,10.709922552108765,4
GLTP,rosetta_repack,0,44,PRO,20.743019104003906,4,29.39486598968506,3
GLTP,rosetta_repack,0,45,ILE,4.371560096740723,4,11.146165013313293,4
GLTP,rosetta_repack,0,147,ILE,20.581064224243164,4,15.827314853668213,4
GLTP,rosetta_repack,1,44,PRO,20.743019104003906,4,29.39486598968506,3
GLTP,rosetta_repack,1,45,ILE,4.371560096740723,4,11.146165013313293,4
GLTP,rosetta_repack,1,147,ILE,20.581064224243164,4,15.827314853668213,4
GLTP,rosetta_repack,2,44,PRO,20.743019104003906,4,29.39486598968506,3
GLTP,rosetta_repack,2,45,ILE,4.371560096740723,4,11.146165013313293,4
GLTP,rosetta_repack,2,147,ILE,20.581064224243164,4,15.827314853668213,4
GLTP,rosetta_repack,3,44,PRO,20.743019104003906,4,29.39486598968506,3
GLTP,rosetta_repack,3,45,ILE,4.371560096740723,4,11.146165013313293,4
GLTP,rosetta_repack,3,147,ILE,20.581064224243164,4,15.827314853668213,4
GLTP,rosetta_repack,4,44,PRO,20.743019104003906,4,29.39486598968506,3
GLTP,rosetta_repack,4,45,ILE,4.371560096740723,4,11.146165013313293,4
GLTP,rosetta_repack,4,147,ILE,20.581064224243164,4,15.827314853668213,4
GLTP,rosetta_repack,5,44,PRO,20.743019104003906,4,29.39486598968506,3
GLTP,rosetta_repack,5,45,ILE,4.371560096740723,4,11.146165013313293,4
GLTP,rosetta_repack,5,147,ILE,20.581064224243164,4,15.827314853668213,4
GLTP,rosetta_repack,6,44,PRO,20.743019104003906,4,29.39486598968506,3
GLTP,rosetta_repack,6,45,ILE,4.371560096740723,4,11.146165013313293,4
GLTP,rosetta_repack,6,147,ILE,20.581064224243164,4,15.827314853668213,4
GLTP,rosetta_repack,7,44,PRO,20.743019104003906,4,29.39486598968506,3
GLTP,rosetta_repack,7,45,ILE,4.371560096740723,4,11.146165013313293,4
GLTP,rosetta_repack,7,147,ILE,20.581064224243164,4,15.827314853668213,4
GLTP,rosetta_repack,8,44,PRO,20.743019104003906,4,29.39486598968506,3
GLTP,rosetta_repack,8,45,ILE,4.371560096740723,4,11.146165013313293,4
GLTP,rosetta_repack,8,147,ILE,20.581064224243164,4,15.827314853668213,4
GLTP,rosetta_repack,9,44,PRO,20.743019104003906,4,29.39486598968506,3
GLTP,rosetta_repack,9,45,ILE,4.371560096740723,4,11.146165013313293,4
GLTP,rosetta_repack,9,147,ILE,20.581064224243164,4,15.827314853668213,4
GLTP,rosetta_repack,10,44,PRO,20.743019104003906,4,29.39486598968506,3
GLTP,rosetta_repack,10,45,ILE,4.371560096740723,4,11.146165013313293,4
GLTP,rosetta_repack,10,147,ILE,20.581064224243164,4,15.827314853668213,4
GLTP,rosetta_repack,11,44,PRO,20.743019104003906,4,29.39486598968506,3
GLTP,rosetta_repack,11,45,ILE,4.371560096740723,4,11.146165013313293,4
GLTP,rosetta_repack,11,147,ILE,20.581064224243164,4,15.827314853668213,4
GLTP,rosetta_repack,12,44,PRO,20.743019104003906,4,29.39486598968506,3
GLTP,rosetta_repack,12,45,ILE,4.371560096740723,4,11.146165013313293,4
GLTP,rosetta_repack,12,147,ILE,20.581064224243164,4,15.827314853668213,4
GLTP,rosetta_repack,13,44,PRO,20.743019104003906,4,29.39486598968506,3
GLTP,rosetta_repack,13,45,ILE,4.371560096740723,4,11.146165013313293,4
GLTP,rosetta_repack,13,147,ILE,20.581064224243164,4,15.827314853668213,4
GLTP,rosetta_repack,14,44,PRO,20.743019104003906,4,29.39486598968506,3
GLTP,rosetta_repack,14,45,ILE,4.371560096740723,4,11.146165013313293,4
GLTP,rosetta_repack,14,147,ILE,20.581064224243164,4,15.827314853668213,4
GLTP,rosetta_repack,15,44,PRO,20.743019104003906,4,29.39486598968506,3
GLTP,rosetta_repack,15,45,ILE,4.371560096740723,4,11.146165013313293,4
GLTP,rosetta_repack,15,147,ILE,20.581064224243164,4,15.827314853668213,4
GLTP,rosetta_repack,16,44,PRO,20.743019104003906,4,29.39486598968506,3
GLTP,rosetta_repack,16,45,ILE,4.371560096740723,4,11.146165013313293,4
GLTP,rosetta_repack,16,147,ILE,20.581064224243164,4,15.827314853668213,4
GLTP,rosetta_repack,17,44,PRO,20.743019104003906,4,29.39486598968506,3
GLTP,rosetta_repack,17,45,ILE,4.371560096740723,4,11.146165013313293,4
GLTP,rosetta_repack,17,147,ILE,20.581064224243164,4,15.827314853668213,4
GLTP,rosetta_repack,18,44,PRO,20.743019104003906,4,29.39486598968506,3
GLTP,rosetta_repack,18,45,ILE,4.371560096740723,4,11.146165013313293,4
GLTP,rosetta_repack,18,147,ILE,20.581064224243164,4,15.827314853668213,4
GLTP,rosetta_repack,19,44,PRO,20.743019104003906,4,29.39486598968506,3
GLTP,rosetta_repack,19,45,ILE,4.371560096740723,4,11.146165013313293,4
GLTP,rosetta_repack,19,147,ILE,20.581064224243164,4,15.827314853668213,4
GLTP,rosetta_repack,20,44,PRO,20.743019104003906,4,29.39486598968506,3
GLTP,rosetta_repack,20,45,ILE,4.371560096740723,4,11.146165013313293,4
GLTP,rosetta_repack,20,147,ILE,20.581064224243164,4,15.827314853668213,4
GLTP,rosetta_repack,21,44,PRO,20.743019104003906,4,29.39486598968506,3
GLTP,rosetta_repack,21,45,ILE,4.371560096740723,4,11.146165013313293,4
GLTP,rosetta_repack,21,147,ILE,20.581064224243164,4,15.827314853668213,4
GLTP,rosetta_repack,22,44,PRO,20.743019104003906,4,29.39486598968506,3
GLTP,rosetta_repack,22,45,ILE,4.371560096740723,4,11.146165013313293,4
GLTP,rosetta_repack,22,147,ILE,20.581064224243164,4,15.827314853668213,4
GLTP,rosetta_repack,23,44,PRO,20.743019104003906,4,29.39486598968506,3
GLTP,rosetta_repack,23,45,ILE,4.371560096740723,4,11.146165013313293,4
GLTP,rosetta_repack,23,147,ILE,20.581064224243164,4,15.827314853668213,4
GLTP,rosetta_repack,24,44,PRO,20.743019104003906,4,29.39486598968506,3
GLTP,rosetta_repack,24,45,ILE,4.371560096740723,4,11.146165013313293,4
GLTP,rosetta_repack,24,147,ILE,20.581064224243164,4,15.827314853668213,4
GLTP,rosetta_repack,25,44,PRO,20.743019104003906,4,29.39486598968506,3
GLTP,rosetta_repack,25,45,ILE,4.371560096740723,4,11.146165013313293,4
GLTP,rosetta_repack,25,147,ILE,20.581064224243164,4,15.827314853668213,4
GLTP,rosetta_repack,26,44,PRO,20.743019104003906,4,29.39486598968506,3
GLTP,rosetta_repack,26,45,ILE,4.371560096740723,4,11.146165013313293,4
GLTP,rosetta_repack,26,147,ILE,20.581064224243164,4,15.827314853668213,4
GLTP,rosetta_repack,27,44,PRO,20.743019104003906,4,29.39486598968506,3
GLTP,rosetta_repack,27,45,ILE,4.371560096740723,4,11.146165013313293,4
GLTP,rosetta_repack,27,147,ILE,20.581064224243164,4,15.827314853668213,4
GLTP,rosetta_repack,28,44,PRO,20.743019104003906,4,29.39486598968506,3
GLTP,rosetta_repack,28,45,ILE,4.371560096740723,4,11.146165013313293,4
GLTP,rosetta_repack,28,147,ILE,20.581064224243164,4,15.827314853668213,4
GLTP,rosetta_repack,29,44,PRO,20.743019104003906,4,29.39486598968506,3
GLTP,rosetta_repack,29,45,ILE,4.371560096740723,4,11.146165013313293,4
GLTP,rosetta_repack,29,147,ILE,20.581064224243164,4,15.827314853668213,4
GLTP,rosetta_fastrelax,0,44,PRO,19.477869033813477,4,33.01538944244385,3
GLTP,rosetta_fastrelax,0,45,ILE,4.8689398765563965,4,12.288907766342163,4
GLTP,rosetta_fastrelax,0,147,ILE,19.181617736816406,4,11.13426387310028,4
GLTP,rosetta_fastrelax,1,44,PRO,18.99095344543457,4,30.701406478881836,3
GLTP,rosetta_fastrelax,1,45,ILE,4.5221123695373535,4,10.970064163208008,4
GLTP,rosetta_fastrelax,1,147,ILE,20.42109489440918,4,11.75332486629486,4
GLTP,rosetta_fastrelax,2,44,PRO,20.703811645507812,4,34.32712459564209,3
GLTP,rosetta_fastrelax,2,45,ILE,4.3139166831970215,4,11.793718338012695,4
GLTP,rosetta_fastrelax,2,147,ILE,21.252544403076172,4,12.346373796463013,4
GLTP,rosetta_fastrelax,3,44,PRO,19.24867820739746,4,33.691182136535645,3
GLTP,rosetta_fastrelax,3,45,ILE,4.404318332672119,4,12.965993762016296,4
GLTP,rosetta_fastrelax,3,147,ILE,19.171009063720703,4,11.152691960334778,4
GLTP,rosetta_fastrelax,4,44,PRO,20.920513153076172,4,33.42001247406006,3
GLTP,rosetta_fastrelax,4,45,ILE,4.666882514953613,4,10.637196898460388,4
GLTP,rosetta_fastrelax,4,147,ILE,19.981130599975586,4,11.088918566703796,4
GLTP,rosetta_fastrelax,5,44,PRO,20.26141929626465,4,33.62398338317871,3
GLTP,rosetta_fastrelax,5,45,ILE,5.4605488777160645,4,12.983325004577637,4
GLTP,rosetta_fastrelax,5,147,ILE,18.895631790161133,4,10.173959970474243,4
GLTP,rosetta_fastrelax,6,44,PRO,19.90533447265625,4,32.03740978240967,3
GLTP,rosetta_fastrelax,6,45,ILE,3.695357322692871,4,9.758117079734802,4
GLTP,rosetta_fastrelax,6,147,ILE,20.82509422302246,4,12.673880577087402,4
GLTP,rosetta_fastrelax,7,44,PRO,20.788793563842773,4,34.564008712768555,3
GLTP,rosetta_fastrelax,7,45,ILE,4.507511138916016,4,11.55540132522583,4
GLTP,rosetta_fastrelax,7,147,ILE,20.59516143798828,4,11.654808163642883,4
GLTP,rosetta_fastrelax,8,44,PRO,21.47626495361328,4,36.16144943237305,3
GLTP,rosetta_fastrelax,8,45,ILE,4.614452362060547,4,12.41841983795166,4
GLTP,rosetta_fastrelax,8,147,ILE,20.612905502319336,4,11.7902672290802,4
GLTP,rosetta_fastrelax,9,44,PRO,20.138513565063477,4,34.343671798706055,3
GLTP,rosetta_fastrelax,9,45,ILE,4.311920166015625,4,11.544384121894836,4
GLTP,rosetta_fastrelax,9,147,ILE,20.826478958129883,4,12.08317518234253,4
GLTP,rosetta_fastrelax,10,44,PRO,19.92678451538086,4,32.66461372375488,3
GLTP,rosetta_fastrelax,10,45,ILE,5.4843268394470215,4,13.113242983818054,4
GLTP,rosetta_fastrelax,10,147,ILE,21.78082275390625,4,12.563753128051758,4
GLTP,rosetta_fastrelax,11,44,PRO,21.041831970214844,4,34.52927207946777,3
GLTP,rosetta_fastrelax,11,45,ILE,3.834101676940918,4,10.456937074661255,4
GLTP,rosetta_fastrelax,11,147,ILE,20.486839294433594,4,11.316685438156128,4
GLTP,rosetta_fastrelax,12,44,PRO,20.343721389770508,4,34.709228515625,3
GLTP,rosetta_fastrelax,12,45,ILE,4.160588264465332,4,11.62350857257843,4
GLTP,rosetta_fastrelax,12,147,ILE,17.43809700012207,4,8.70192563533783,4
GLTP,rosetta_fastrelax,13,44,PRO,19.911392211914062,4,33.40420150756836,3
GLTP,rosetta_fastrelax,13,45,ILE,4.669172286987305,4,12.340087294578552,4
GLTP,rosetta_fastrelax,13,147,ILE,18.17523956298828,4,9.857133746147156,4
GLTP,rosetta_fastrelax,14,44,PRO,19.706562042236328,4,32.28693389892578,3
GLTP,rosetta_fastrelax,14,45,ILE,4.243162155151367,4,10.64067554473877,4
GLTP,rosetta_fastrelax,14,147,ILE,21.12061309814453,4,12.272603511810303,4
GLTP,rosetta_fastrelax,15,44,PRO,18.456892013549805,4,29.78662395477295,3
GLTP,rosetta_fastrelax,15,45,ILE,4.523104190826416,4,10.483567953109741,4
GLTP,rosetta_fastrelax,15,147,ILE,18.678363800048828,4,10.309559106826782,4
GLTP,rosetta_fastrelax,16,44,PRO,20.29918670654297,4,34.26777362823486,3
GLTP,rosetta_fastrelax,16,45,ILE,4.320364475250244,4,12.1097571849823,4
GLTP,rosetta_fastrelax,16,147,ILE,20.83818817138672,4,12.2283935546875,4
GLTP,rosetta_fastrelax,17,44,PRO,22.22635841369629,4,34.922104835510254,3
GLTP,rosetta_fastrelax,17,45,ILE,4.775016784667969,4,10.615110039710999,4
GLTP,rosetta_fastrelax,17,147,ILE,19.390369415283203,4,10.640618443489075,4
GLTP,rosetta_fastrelax,18,44,PRO,19.368114471435547,4,33.70940685272217,3
GLTP,rosetta_fastrelax,18,45,ILE,3.459198474884033,4,11.079923272132874,4
GLTP,rosetta_fastrelax,18,147,ILE,21.38265609741211,4,12.103873372077942,4
GLTP,rosetta_fastrelax,19,44,PRO,19.064090728759766,4,32.05661201477051,3
GLTP,rosetta_fastrelax,19,45,ILE,4.534255504608154,4,12.235215663909912,4
GLTP,rosetta_fastrelax,19,147,ILE,19.712459564208984,4,10.950099349021912,4
GLTP,rosetta_fastrelax,20,44,PRO,19.271800994873047,4,32.43999481201172,3
GLTP,rosetta_fastrelax,20,45,ILE,3.2283456325531006,4,9.839744448661804,4
GLTP,rosetta_fastrelax,20,147,ILE,19.778139114379883,4,10.87175440788269,4
GLTP,rosetta_fastrelax,21,44,PRO,21.142166137695312,4,32.435577392578125,3
GLTP,rosetta_fastrelax,21,45,ILE,6.286929607391357,4,12.618196964263916,4
GLTP,rosetta_fastrelax,21,147,ILE,20.18754768371582,4,10.518445253372192,4
GLTP,rosetta_fastrelax,22,44,PRO,19.96000099182129,4,31.953205108642578,3
GLTP,rosetta_fastrelax,22,45,ILE,4.975092887878418,4,12.309291124343872,4
GLTP,rosetta_fastrelax,22,147,ILE,21.850475311279297,4,12.209734201431274,4
GLTP,rosetta_fastrelax,23,44,PRO,15.944134712219238,4,26.18964147567749,3
GLTP,rosetta_fastrelax,23,45,ILE,3.1454405784606934,4,8.286575675010681,4
GLTP,rosetta_fastrelax,23,147,ILE,21.272872924804688,4,11.437034249305725,4
GLTP,rosetta_fastrelax,24,44,PRO,19.847124099731445,4,32.70340061187744,3
GLTP,rosetta_fastrelax,24,45,ILE,4.354403972625732,4,10.791133761405945,4
GLTP,rosetta_fastrelax,24,147,ILE,20.636241912841797,4,11.8609379529953,4
GLTP,rosetta_fastrelax,25,44,PRO,21.437198638916016,4,33.99775505065918,3
GLTP,rosetta_fastrelax,25,45,ILE,4.886568546295166,4,11.38829493522644,4
GLTP,rosetta_fastrelax,25,147,ILE,20.365745544433594,4,11.544647574424744,4
GLTP,rosetta_fastrelax,26,44,PRO,19.768875122070312,4,32.08449172973633,3
GLTP,rosetta_fastrelax,26,45,ILE,4.753384590148926,4,12.36071491241455,4
GLTP,rosetta_fastrelax,26,147,ILE,20.959550857543945,4,11.990665316581726,4
GLTP,rosetta_fastrelax,27,44,PRO,19.521814346313477,4,31.724965572357178,3
GLTP,rosetta_fastrelax,27,45,ILE,3.9841482639312744,4,10.495902419090271,4
GLTP,rosetta_fastrelax,27,147,ILE,21.699382781982422,4,12.55583906173706,4
GLTP,rosetta_fastrelax,28,44,PRO,20.026248931884766,4,35.280070304870605,3
GLTP,rosetta_fastrelax,28,45,ILE,3.4602980613708496,4,11.564107418060303,4
GLTP,rosetta_fastrelax,28,147,ILE,19.774620056152344,4,11.065496563911438,4
GLTP,rosetta_fastrelax,29,44,PRO,20.529481887817383,4,34.36090612411499,3
GLTP,rosetta_fastrelax,29,45,ILE,4.95348596572876,4,12.727976441383362,4
GLTP,rosetta_fastrelax,29,147,ILE,19.539899826049805,4,11.27213978767395,4
