method,target,sample_idx,status,n_pocket_atoms,expected_pocket_atoms,atom_coverage,n_clash_pairs,n_clashing_atoms,clash_percent
boltz2,CB1,0,ok,246,246,1.0,0,0,0.0
boltz2,HIF2alpha__6D0B,0,ok,204,204,1.0,0,0,0.0
molgen_ns1.0,SHP2,0,ok,159,159,1.0,0,0,0.0
apo2mol_250,CB1,0,ok,234,246,0.951219512195122,7,12,5.128205128205129
molgen_ns1.0,betaLG,0,ok,127,127,1.0,0,0,0.0
bioemu_refine,Menin,0,ok,121,121,1.0,0,0,0.0
apo2mol_250,HIF2alpha,0,ok,172,172,1.0,2,4,2.3255813953488373
esmfold2,p53_Y220C__4AGQ,0,ok,128,128,1.0,0,0,0.0
bioemu_refine,KRAS,0,ok,160,160,1.0,1,2,1.25
apo2mol_250,betaLG,0,ok,127,127,1.0,0,0,0.0
bioemu_refine,HIV_RT,0,ok,178,178,1.0,0,0,0.0
molgen_ns1.0,Menin,0,ok,121,121,1.0,0,0,0.0
boltz2,SHP2,0,ok,159,159,1.0,0,0,0.0
confornet_nomsa,GLTP,0,ok,69,70,0.9857142857142858,0,0,0.0
apo2mol_250,METTL14,0,ok,178,185,0.9621621621621622,2,4,2.247191011235955
apo2mol_250,SHP2,0,ok,159,159,1.0,2,4,2.5157232704402515
molgen_ns1.0,GLTP,0,ok,70,70,1.0,0,0,0.0
boltz2,KRAS,0,ok,160,160,1.0,0,0,0.0
apo2mol_250,HIV_RT__3V81,0,ok,154,154,1.0,4,7,4.545454545454546
apo2mol_250,HIV1_CA,0,ok,124,129,0.9612403100775194,1,2,1.6129032258064515
molgen_ns1.0,CB1,0,ok,246,246,1.0,0,0,0.0
molgen_ns1.0,cAbl,0,ok,179,179,1.0,0,0,0.0
boltz2,FUT8,0,ok,181,181,1.0,0,0,0.0
apo2mol_250,p53_Y220C,0,ok,135,138,0.9782608695652174,0,0,0.0
apo2mol_250,THSR__7UTZ,0,ok,186,186,1.0,4,8,4.301075268817204
confornet_nomsa,betaLG,0,ok,127,127,1.0,0,0,0.0
rfd3_fix7,CB1,0,ok,234,246,0.951219512195122,0,0,0.0
confornet_nomsa,METTL14,0,ok,185,185,1.0,0,0,0.0
esmfold2,NDPK-A,0,ok,149,149,1.0,0,0,0.0
esmfold2,HIF2alpha__6D0B,0,ok,204,204,1.0,0,0,0.0
molgen_ns1.0,p53_Y220C,0,ok,138,138,1.0,0,0,0.0
boltz2,p53_Y220C__4AGQ,0,ok,128,128,1.0,0,0,0.0
boltz2,Bcl-xL,0,ok,190,190,1.0,0,0,0.0
esmfold2,betaLG,0,ok,127,127,1.0,0,0,0.0
rfd3_fix7,Menin,0,ok,121,121,1.0,0,0,0.0
bioemu_refine,betaLG,0,ok,127,127,1.0,1,2,1.5748031496062993
apo2mol_250,GLTP,0,ok,69,70,0.9857142857142858,2,4,5.797101449275362
esmfold2,GLTP,0,ok,69,70,0.9857142857142858,0,0,0.0
rfd3_fix7,cAbl,0,ok,179,179,1.0,0,0,0.0
rfd3_fix7,THSR,0,ok,206,206,1.0,0,0,0.0
bioemu_refine,HIF2alpha__6D0B,0,ok,204,204,1.0,0,0,0.0
apo2mol_250,Menin,0,ok,121,121,1.0,2,4,3.3057851239669422
esmfold2,HIV1_CA,0,ok,127,129,0.9844961240310076,0,0,0.0
molgen_ns1.0,HIF2alpha__6D0B,0,ok,204,204,1.0,0,0,0.0
molgen_ns1.0,HIV1_CA,0,ok,126,129,0.9767441860465116,0,0,0.0
esmfold2,HIV_RT,0,ok,178,178,1.0,1,2,1.1235955056179776
molgen_ns1.0,HIV_RT,0,ok,178,178,1.0,0,0,0.0
esmfold2,HIF2alpha,0,ok,172,172,1.0,0,0,0.0
rfd3_fix7,GCGR,0,ok,223,233,0.9570815450643776,1,2,0.8968609865470852
esmfold2,THSR__7UTZ,0,ok,186,186,1.0,0,0,0.0
confornet_nomsa,FUT8,0,ok,181,181,1.0,0,0,0.0
apo2mol_250,HIV_RT,0,ok,178,178,1.0,5,8,4.49438202247191
bioemu_refine,HIV_RT__3V81,0,ok,154,154,1.0,0,0,0.0
rfd3_fix7,betaLG,0,ok,127,127,1.0,0,0,0.0
bioemu_refine,THSR__7UTZ,0,ok,186,186,1.0,0,0,0.0
rfd3_fix7,SHP2,0,ok,159,159,1.0,0,0,0.0
rfd3_fix7,NDPK-A,0,ok,149,149,1.0,0,0,0.0
molgen_ns1.0,KRAS,0,ok,158,160,0.9875,0,0,0.0
boltz2,betaLG,0,ok,127,127,1.0,0,0,0.0
molgen_ns1.0,HIV_RT__3V81,0,ok,154,154,1.0,0,0,0.0
esmfold2,CB1,0,ok,246,246,1.0,0,0,0.0
molgen_ns1.0,THSR,0,ok,206,206,1.0,0,0,0.0
apo2mol_250,p53_Y220C__4AGQ,0,ok,125,128,0.9765625,3,5,4.0
rfd3_fix7,HIV_RT,0,ok,178,178,1.0,0,0,0.0
rfd3_fix7,HIV_RT__3V81,0,ok,154,154,1.0,0,0,0.0
rfd3_fix7,HIV1_CA,0,ok,126,129,0.9767441860465116,0,0,0.0
rfd3_fix7,HIF2alpha,0,ok,172,172,1.0,0,0,0.0
apo2mol_250,FUT8,0,ok,181,181,1.0,3,6,3.314917127071823
esmfold2,THSR,0,ok,206,206,1.0,0,0,0.0
boltz2,Menin,0,ok,121,121,1.0,0,0,0.0
molgen_ns1.0,FUT8,0,ok,181,181,1.0,0,0,0.0
boltz2,THSR,0,ok,206,206,1.0,0,0,0.0
molgen_ns1.0,GCGR,0,ok,228,233,0.9785407725321889,0,0,0.0
esmfold2,Menin,0,ok,121,121,1.0,0,0,0.0
bioemu_refine,METTL14,0,ok,185,185,1.0,0,0,0.0
bioemu_refine,NDPK-A,0,ok,149,149,1.0,0,0,0.0
rfd3_fix7,p53_Y220C,0,ok,135,138,0.9782608695652174,0,0,0.0
molgen_ns1.0,THSR__7UTZ,0,ok,186,186,1.0,0,0,0.0
boltz2,GLTP,0,ok,69,70,0.9857142857142858,0,0,0.0
molgen_ns1.0,HIF2alpha,0,ok,172,172,1.0,0,0,0.0
esmfold2,HIV_RT__3V81,0,ok,154,154,1.0,0,0,0.0
esmfold2,KRAS,0,ok,160,160,1.0,0,0,0.0
bioemu_refine,HIV1_CA,0,ok,127,129,0.9844961240310076,0,0,0.0
boltz2,p53_Y220C,0,ok,138,138,1.0,0,0,0.0
rfd3_fix7,p53_Y220C__4AGQ,0,ok,125,128,0.9765625,0,0,0.0
bioemu_refine,SHP2,0,ok,159,159,1.0,0,0,0.0
esmfold2,FUT8,0,ok,181,181,1.0,0,0,0.0
boltz2,THSR__7UTZ,0,ok,186,186,1.0,0,0,0.0
molgen_ns1.0,p53_Y220C__4AGQ,0,ok,128,128,1.0,0,0,0.0
molgen_ns1.0,Bcl-xL,0,ok,178,190,0.936842105263158,0,0,0.0
apo2mol_250,THSR,0,ok,206,206,1.0,6,9,4.368932038834951
bioemu_refine,HIF2alpha,0,ok,172,172,1.0,0,0,0.0
apo2mol_250,KRAS,0,ok,158,160,0.9875,1,2,1.2658227848101269
esmfold2,METTL14,0,ok,185,185,1.0,0,0,0.0
rfd3_fix7,HIF2alpha__6D0B,0,ok,204,204,1.0,0,0,0.0
bioemu_refine,p53_Y220C,0,ok,138,138,1.0,0,0,0.0
esmfold2,SHP2,0,ok,159,159,1.0,0,0,0.0
apo2mol_250,Bcl-xL,0,ok,178,190,0.936842105263158,3,6,3.3707865168539324
rfd3_fix7,Bcl-xL,0,ok,178,190,0.936842105263158,0,0,0.0
bioemu_refine,THSR,0,ok,206,206,1.0,0,0,0.0
esmfold2,p53_Y220C,0,ok,138,138,1.0,0,0,0.0
apo2mol_250,NDPK-A,0,ok,149,149,1.0,2,4,2.684563758389262
esmfold2,Bcl-xL,0,ok,190,190,1.0,0,0,0.0
rfd3_fix7,GLTP,0,ok,69,70,0.9857142857142858,0,0,0.0
rfd3_fix7,FUT8,0,ok,181,181,1.0,0,0,0.0
apo2mol_250,HIF2alpha__6D0B,0,ok,204,204,1.0,2,4,1.96078431372549
boltz2,HIV_RT,0,ok,178,178,1.0,0,0,0.0
boltz2,HIV_RT__3V81,0,ok,154,154,1.0,0,0,0.0
bioemu_refine,CB1,0,ok,246,246,1.0,1,2,0.8130081300813008
apo2mol_250,cAbl,0,ok,179,179,1.0,6,9,5.027932960893855
boltz2,METTL14,0,ok,185,185,1.0,0,0,0.0
boltz2,NDPK-A,0,ok,149,149,1.0,0,0,0.0
boltz2,HIF2alpha,0,ok,172,172,1.0,0,0,0.0
apo2mol_250,GCGR,0,missing_pocket,0,233,0.0,0,0,
molgen_ns1.0,METTL14,0,ok,185,185,1.0,0,0,0.0
rfd3_fix7,METTL14,0,ok,185,185,1.0,2,4,2.1621621621621623
confornet_nomsa,NDPK-A,0,ok,149,149,1.0,0,0,0.0
confornet_nomsa,SHP2,0,ok,159,159,1.0,0,0,0.0
bioemu_refine,Bcl-xL,0,ok,190,190,1.0,0,0,0.0
bioemu_refine,FUT8,0,ok,181,181,1.0,0,0,0.0
confornet_nomsa,Bcl-xL,0,ok,178,190,0.936842105263158,0,0,0.0
bioemu_refine,GLTP,0,ok,69,70,0.9857142857142858,0,0,0.0
rfd3_fix7,THSR__7UTZ,0,ok,186,186,1.0,0,0,0.0
bioemu_refine,p53_Y220C__4AGQ,0,ok,128,128,1.0,0,0,0.0
rfd3_fix7,KRAS,0,ok,158,160,0.9875,1,2,1.2658227848101269
boltz2,HIV1_CA,0,ok,127,129,0.9844961240310076,0,0,0.0
rfd3_fix7,KRAS,1,ok,158,160,0.9875,0,0,0.0
molgen_ns1.0,NDPK-A,1,ok,149,149,1.0,0,0,0.0
boltz2,HIV1_CA,1,ok,127,129,0.9844961240310076,0,0,0.0
confornet_nomsa,SHP2,1,ok,159,159,1.0,0,0,0.0
rfd3_fix7,THSR__7UTZ,1,ok,186,186,1.0,0,0,0.0
molgen_ns1.0,METTL14,1,ok,185,185,1.0,0,0,0.0
rfd3_fix7,METTL14,1,ok,185,185,1.0,0,0,0.0
esmfold2,Bcl-xL,1,ok,190,190,1.0,0,0,0.0
confornet_nomsa,NDPK-A,1,ok,149,149,1.0,0,0,0.0
boltz2,HIF2alpha,1,ok,172,172,1.0,0,0,0.0
apo2mol_250,CB1,1,ok,234,246,0.951219512195122,6,9,3.8461538461538463
molgen_ns1.0,GLTP,1,ok,70,70,1.0,0,0,0.0
apo2mol_250,cAbl,1,ok,179,179,1.0,5,8,4.46927374301676
boltz2,METTL14,1,ok,185,185,1.0,0,0,0.0
boltz2,NDPK-A,1,ok,149,149,1.0,1,2,1.342281879194631
rfd3_fix7,HIF2alpha,1,ok,172,172,1.0,0,0,0.0
esmfold2,betaLG,1,ok,127,127,1.0,0,0,0.0
apo2mol_250,p53_Y220C,1,ok,135,138,0.9782608695652174,5,6,4.444444444444445
rfd3_fix7,GLTP,1,ok,69,70,0.9857142857142858,0,0,0.0
rfd3_fix7,FUT8,1,ok,181,181,1.0,1,2,1.1049723756906078
apo2mol_250,HIF2alpha__6D0B,1,ok,204,204,1.0,2,4,1.96078431372549
boltz2,HIV_RT,1,ok,178,178,1.0,0,0,0.0
esmfold2,p53_Y220C,1,ok,138,138,1.0,0,0,0.0
apo2mol_250,NDPK-A,1,ok,149,149,1.0,1,2,1.342281879194631
esmfold2,SHP2,1,ok,159,159,1.0,0,0,0.0
apo2mol_250,p53_Y220C__4AGQ,1,ok,125,128,0.9765625,3,5,4.0
rfd3_fix7,Bcl-xL,1,ok,178,190,0.936842105263158,0,0,0.0
rfd3_fix7,HIF2alpha__6D0B,1,ok,204,204,1.0,1,2,0.9803921568627452
molgen_ns1.0,p53_Y220C__4AGQ,1,ok,128,128,1.0,0,0,0.0
esmfold2,METTL14,1,ok,185,185,1.0,0,0,0.0
esmfold2,FUT8,1,ok,181,181,1.0,0,0,0.0
boltz2,THSR__7UTZ,1,ok,186,186,1.0,0,0,0.0
boltz2,p53_Y220C,1,ok,138,138,1.0,0,0,0.0
rfd3_fix7,p53_Y220C__4AGQ,1,ok,125,128,0.9765625,0,0,0.0
esmfold2,HIV_RT,1,ok,178,178,1.0,0,0,0.0
apo2mol_250,HIV_RT,1,ok,178,178,1.0,7,12,6.741573033707865
boltz2,GLTP,1,ok,69,70,0.9857142857142858,0,0,0.0
molgen_ns1.0,HIF2alpha,1,ok,172,172,1.0,0,0,0.0
esmfold2,HIV_RT__3V81,1,ok,154,154,1.0,0,0,0.0
apo2mol_250,KRAS,1,ok,158,160,0.9875,0,0,0.0
rfd3_fix7,p53_Y220C,1,ok,135,138,0.9782608695652174,0,0,0.0
molgen_ns1.0,THSR__7UTZ,1,ok,186,186,1.0,0,0,0.0
boltz2,THSR,1,ok,206,206,1.0,0,0,0.0
esmfold2,KRAS,1,ok,160,160,1.0,0,0,0.0
molgen_ns1.0,GCGR,1,ok,228,233,0.9785407725321889,0,0,0.0
esmfold2,Menin,1,ok,121,121,1.0,0,0,0.0
boltz2,Menin,1,ok,121,121,1.0,0,0,0.0
molgen_ns1.0,Bcl-xL,1,ok,178,190,0.936842105263158,0,0,0.0
apo2mol_250,Bcl-xL,1,ok,178,190,0.936842105263158,2,4,2.247191011235955
apo2mol_250,FUT8,1,ok,181,181,1.0,5,9,4.972375690607735
esmfold2,THSR,1,ok,206,206,1.0,0,0,0.0
rfd3_fix7,HIV_RT,1,ok,178,178,1.0,0,0,0.0
rfd3_fix7,HIV_RT__3V81,1,ok,154,154,1.0,0,0,0.0
rfd3_fix7,HIV1_CA,1,ok,126,129,0.9767441860465116,0,0,0.0
molgen_ns1.0,HIV_RT__3V81,1,ok,154,154,1.0,0,0,0.0
esmfold2,CB1,1,ok,246,246,1.0,2,3,1.2195121951219512
molgen_ns1.0,THSR,1,ok,206,206,1.0,0,0,0.0
molgen_ns1.0,KRAS,1,ok,158,160,0.9875,0,0,0.0
boltz2,betaLG,1,ok,127,127,1.0,0,0,0.0
molgen_ns1.0,HIV_RT,1,ok,178,178,1.0,0,0,0.0
rfd3_fix7,betaLG,1,ok,127,127,1.0,0,0,0.0
rfd3_fix7,SHP2,1,ok,159,159,1.0,1,2,1.2578616352201255
rfd3_fix7,NDPK-A,1,ok,149,149,1.0,1,2,1.342281879194631
esmfold2,THSR__7UTZ,1,ok,186,186,1.0,1,2,1.075268817204301
confornet_nomsa,Bcl-xL,1,ok,178,190,0.936842105263158,0,0,0.0
confornet_nomsa,FUT8,1,ok,181,181,1.0,0,0,0.0
molgen_ns1.0,HIV1_CA,1,ok,126,129,0.9767441860465116,0,0,0.0
esmfold2,HIF2alpha,1,ok,172,172,1.0,0,0,0.0
esmfold2,HIV1_CA,1,ok,127,129,0.9844961240310076,0,0,0.0
molgen_ns1.0,HIF2alpha__6D0B,1,ok,204,204,1.0,0,0,0.0
rfd3_fix7,THSR,1,ok,206,206,1.0,0,0,0.0
apo2mol_250,Menin,1,ok,121,121,1.0,0,0,0.0
esmfold2,GLTP,1,ok,69,70,0.9857142857142858,0,0,0.0
rfd3_fix7,cAbl,1,ok,179,179,1.0,0,0,0.0
molgen_ns1.0,p53_Y220C,1,ok,138,138,1.0,0,0,0.0
boltz2,p53_Y220C__4AGQ,1,ok,128,128,1.0,0,0,0.0
boltz2,Bcl-xL,1,ok,190,190,1.0,0,0,0.0
rfd3_fix7,Menin,1,ok,121,121,1.0,1,2,1.6528925619834711
confornet_nomsa,METTL14,1,ok,185,185,1.0,0,0,0.0
esmfold2,NDPK-A,1,ok,149,149,1.0,0,0,0.0
esmfold2,HIF2alpha__6D0B,1,ok,204,204,1.0,0,0,0.0
apo2mol_250,THSR,1,ok,206,206,1.0,0,0,0.0
apo2mol_250,THSR__7UTZ,1,ok,186,186,1.0,0,0,0.0
confornet_nomsa,betaLG,1,ok,127,127,1.0,0,0,0.0
rfd3_fix7,CB1,1,ok,234,246,0.951219512195122,0,0,0.0
rfd3_fix7,GCGR,1,ok,223,233,0.9570815450643776,0,0,0.0
molgen_ns1.0,cAbl,1,ok,179,179,1.0,0,0,0.0
boltz2,FUT8,1,ok,181,181,1.0,0,0,0.0
boltz2,KRAS,1,ok,160,160,1.0,0,0,0.0
apo2mol_250,HIV_RT__3V81,1,ok,154,154,1.0,6,9,5.8441558441558445
apo2mol_250,HIV1_CA,1,ok,124,129,0.9612403100775194,0,0,0.0
molgen_ns1.0,CB1,1,ok,246,246,1.0,0,0,0.0
molgen_ns1.0,FUT8,1,ok,181,181,1.0,0,0,0.0
confornet_nomsa,GLTP,1,ok,69,70,0.9857142857142858,0,0,0.0
apo2mol_250,GLTP,1,ok,69,70,0.9857142857142858,0,0,0.0
apo2mol_250,METTL14,1,ok,178,185,0.9621621621621622,7,10,5.617977528089888
molgen_ns1.0,Menin,1,ok,121,121,1.0,0,0,0.0
boltz2,SHP2,1,ok,159,159,1.0,0,0,0.0
boltz2,HIV_RT__3V81,1,ok,154,154,1.0,0,0,0.0
apo2mol_250,betaLG,1,ok,127,127,1.0,0,0,0.0
apo2mol_250,GCGR,1,missing_pocket,0,233,0.0,0,0,
apo2mol_250,SHP2,1,ok,159,159,1.0,1,2,1.2578616352201255
apo2mol_250,HIF2alpha,1,ok,172,172,1.0,4,8,4.651162790697675
esmfold2,p53_Y220C__4AGQ,1,ok,128,128,1.0,0,0,0.0
molgen_ns1.0,betaLG,1,ok,127,127,1.0,0,0,0.0
molgen_ns1.0,SHP2,1,ok,159,159,1.0,0,0,0.0
boltz2,HIF2alpha__6D0B,1,ok,204,204,1.0,0,0,0.0
boltz2,CB1,1,ok,246,246,1.0,0,0,0.0
esmfold2,p53_Y220C__4AGQ,2,ok,128,128,1.0,0,0,0.0
boltz2,HIF2alpha__6D0B,2,ok,204,204,1.0,0,0,0.0
molgen_ns1.0,METTL14,2,ok,185,185,1.0,0,0,0.0
apo2mol_250,GCGR,2,missing_pocket,0,233,0.0,0,0,
boltz2,HIV1_CA,2,ok,127,129,0.9844961240310076,0,0,0.0
molgen_ns1.0,HIV_RT__3V81,2,ok,154,154,1.0,0,0,0.0
rfd3_fix7,KRAS,2,ok,158,160,0.9875,0,0,0.0
confornet_nomsa,SHP2,2,ok,159,159,1.0,0,0,0.0
esmfold2,Bcl-xL,2,ok,190,190,1.0,0,0,0.0
confornet_nomsa,NDPK-A,2,ok,149,149,1.0,0,0,0.0
boltz2,CB1,2,ok,246,246,1.0,0,0,0.0
molgen_ns1.0,GLTP,2,ok,70,70,1.0,0,0,0.0
apo2mol_250,CB1,2,ok,234,246,0.951219512195122,1,2,0.8547008547008547
boltz2,p53_Y220C__4AGQ,2,ok,128,128,1.0,0,0,0.0
boltz2,Bcl-xL,2,ok,190,190,1.0,0,0,0.0
molgen_ns1.0,p53_Y220C,2,ok,138,138,1.0,0,0,0.0
boltz2,p53_Y220C,2,ok,138,138,1.0,0,0,0.0
confornet_nomsa,METTL14,2,ok,185,185,1.0,0,0,0.0
esmfold2,NDPK-A,2,ok,149,149,1.0,0,0,0.0
esmfold2,HIF2alpha__6D0B,2,ok,204,204,1.0,0,0,0.0
confornet_nomsa,betaLG,2,ok,127,127,1.0,0,0,0.0
rfd3_fix7,CB1,2,ok,234,246,0.951219512195122,0,0,0.0
confornet_nomsa,GLTP,2,ok,69,70,0.9857142857142858,0,0,0.0
molgen_ns1.0,THSR,2,ok,206,206,1.0,0,0,0.0
apo2mol_250,THSR,2,ok,206,206,1.0,9,10,4.854368932038835
rfd3_fix7,GCGR,2,ok,223,233,0.9570815450643776,0,0,0.0
molgen_ns1.0,THSR__7UTZ,2,ok,186,186,1.0,0,0,0.0
molgen_ns1.0,cAbl,2,ok,179,179,1.0,0,0,0.0
boltz2,FUT8,2,ok,181,181,1.0,0,0,0.0
molgen_ns1.0,HIV1_CA,2,ok,126,129,0.9767441860465116,0,0,0.0
esmfold2,HIF2alpha,2,ok,172,172,1.0,0,0,0.0
rfd3_fix7,Menin,2,ok,121,121,1.0,0,0,0.0
molgen_ns1.0,HIF2alpha__6D0B,2,ok,204,204,1.0,0,0,0.0
esmfold2,HIV1_CA,2,ok,127,129,0.9844961240310076,0,0,0.0
rfd3_fix7,cAbl,2,ok,179,179,1.0,0,0,0.0
rfd3_fix7,THSR__7UTZ,2,ok,186,186,1.0,0,0,0.0
rfd3_fix7,THSR,2,ok,206,206,1.0,0,0,0.0
apo2mol_250,KRAS,2,ok,158,160,0.9875,1,2,1.2658227848101269
esmfold2,GLTP,2,ok,69,70,0.9857142857142858,0,0,0.0
rfd3_fix7,p53_Y220C__4AGQ,2,ok,125,128,0.9765625,0,0,0.0
esmfold2,HIV_RT,2,ok,178,178,1.0,1,2,1.1235955056179776
apo2mol_250,HIV_RT,2,ok,178,178,1.0,8,12,6.741573033707865
molgen_ns1.0,HIF2alpha,2,ok,172,172,1.0,0,0,0.0
esmfold2,HIV_RT__3V81,2,ok,154,154,1.0,0,0,0.0
rfd3_fix7,Bcl-xL,2,ok,178,190,0.936842105263158,0,0,0.0
rfd3_fix7,p53_Y220C,2,ok,135,138,0.9782608695652174,0,0,0.0
apo2mol_250,p53_Y220C__4AGQ,2,ok,125,128,0.9765625,5,8,6.4
esmfold2,SHP2,2,ok,159,159,1.0,0,0,0.0
apo2mol_250,THSR__7UTZ,2,ok,186,186,1.0,0,0,0.0
rfd3_fix7,FUT8,2,ok,181,181,1.0,1,2,1.1049723756906078
esmfold2,METTL14,2,ok,185,185,1.0,0,0,0.0
rfd3_fix7,HIF2alpha__6D0B,2,ok,204,204,1.0,1,2,0.9803921568627452
molgen_ns1.0,p53_Y220C__4AGQ,2,ok,128,128,1.0,0,0,0.0
boltz2,THSR__7UTZ,2,ok,186,186,1.0,0,0,0.0
apo2mol_250,Menin,2,ok,121,121,1.0,1,2,1.6528925619834711
apo2mol_250,HIV_RT__3V81,2,ok,154,154,1.0,3,6,3.896103896103896
apo2mol_250,METTL14,2,ok,178,185,0.9621621621621622,1,2,1.1235955056179776
esmfold2,FUT8,2,ok,181,181,1.0,0,0,0.0
esmfold2,Menin,2,ok,121,121,1.0,0,0,0.0
boltz2,THSR,2,ok,206,206,1.0,0,0,0.0
esmfold2,KRAS,2,ok,160,160,1.0,0,0,0.0
molgen_ns1.0,GCGR,2,ok,228,233,0.9785407725321889,0,0,0.0
boltz2,Menin,2,ok,121,121,1.0,0,0,0.0
molgen_ns1.0,Bcl-xL,2,ok,178,190,0.936842105263158,0,0,0.0
apo2mol_250,Bcl-xL,2,ok,178,190,0.936842105263158,6,10,5.617977528089888
apo2mol_250,FUT8,2,ok,181,181,1.0,9,14,7.734806629834254
rfd3_fix7,HIV_RT,2,ok,178,178,1.0,1,2,1.1235955056179776
rfd3_fix7,HIV_RT__3V81,2,ok,154,154,1.0,0,0,0.0
rfd3_fix7,HIV1_CA,2,ok,126,129,0.9767441860465116,0,0,0.0
boltz2,GLTP,2,ok,69,70,0.9857142857142858,0,0,0.0
molgen_ns1.0,Menin,2,ok,121,121,1.0,0,0,0.0
apo2mol_250,p53_Y220C,2,ok,135,138,0.9782608695652174,3,6,4.444444444444445
esmfold2,CB1,2,ok,246,246,1.0,0,0,0.0
boltz2,betaLG,2,ok,127,127,1.0,0,0,0.0
molgen_ns1.0,HIV_RT,2,ok,178,178,1.0,0,0,0.0
rfd3_fix7,NDPK-A,2,ok,149,149,1.0,0,0,0.0
rfd3_fix7,betaLG,2,ok,127,127,1.0,0,0,0.0
rfd3_fix7,SHP2,2,ok,159,159,1.0,0,0,0.0
confornet_nomsa,Bcl-xL,2,ok,178,190,0.936842105263158,0,0,0.0
confornet_nomsa,FUT8,2,ok,181,181,1.0,0,0,0.0
apo2mol_250,HIF2alpha,2,ok,172,172,1.0,2,4,2.3255813953488373
esmfold2,THSR,2,ok,206,206,1.0,0,0,0.0
molgen_ns1.0,CB1,2,ok,246,246,1.0,0,0,0.0
esmfold2,THSR__7UTZ,2,ok,186,186,1.0,0,0,0.0
boltz2,KRAS,2,ok,160,160,1.0,0,0,0.0
apo2mol_250,HIV1_CA,2,ok,124,129,0.9612403100775194,2,4,3.225806451612903
molgen_ns1.0,FUT8,2,ok,181,181,1.0,0,0,0.0
boltz2,HIV_RT__3V81,2,ok,154,154,1.0,0,0,0.0
apo2mol_250,GLTP,2,ok,69,70,0.9857142857142858,0,0,0.0
boltz2,SHP2,2,ok,159,159,1.0,1,2,1.2578616352201255
boltz2,METTL14,2,ok,185,185,1.0,0,0,0.0
boltz2,NDPK-A,2,ok,149,149,1.0,0,0,0.0
molgen_ns1.0,KRAS,2,ok,158,160,0.9875,0,0,0.0
apo2mol_250,cAbl,2,ok,179,179,1.0,26,30,16.75977653631285
rfd3_fix7,HIF2alpha,2,ok,172,172,1.0,0,0,0.0
esmfold2,betaLG,2,ok,127,127,1.0,0,0,0.0
apo2mol_250,HIF2alpha__6D0B,2,ok,204,204,1.0,1,2,0.9803921568627452
boltz2,HIV_RT,2,ok,178,178,1.0,0,0,0.0
apo2mol_250,NDPK-A,2,ok,149,149,1.0,1,2,1.342281879194631
rfd3_fix7,METTL14,2,ok,185,185,1.0,1,2,1.0810810810810811
rfd3_fix7,GLTP,2,ok,69,70,0.9857142857142858,0,0,0.0
apo2mol_250,betaLG,2,ok,127,127,1.0,0,0,0.0
esmfold2,p53_Y220C,2,ok,138,138,1.0,0,0,0.0
apo2mol_250,SHP2,2,ok,159,159,1.0,6,11,6.918238993710692
molgen_ns1.0,SHP2,2,ok,159,159,1.0,0,0,0.0
boltz2,HIF2alpha,2,ok,172,172,1.0,0,0,0.0
molgen_ns1.0,NDPK-A,2,ok,149,149,1.0,0,0,0.0
molgen_ns1.0,betaLG,2,ok,127,127,1.0,0,0,0.0
apo2mol_250,NDPK-A,3,ok,149,149,1.0,1,2,1.342281879194631
boltz2,HIV_RT__3V81,3,ok,154,154,1.0,0,0,0.0
apo2mol_250,HIF2alpha__6D0B,3,ok,204,204,1.0,2,3,1.4705882352941178
apo2mol_250,HIF2alpha,3,ok,172,172,1.0,2,4,2.3255813953488373
molgen_ns1.0,KRAS,3,ok,158,160,0.9875,0,0,0.0
apo2mol_250,cAbl,3,ok,179,179,1.0,11,13,7.262569832402234
apo2mol_250,p53_Y220C,3,ok,135,138,0.9782608695652174,11,11,8.148148148148149
esmfold2,betaLG,3,ok,127,127,1.0,0,0,0.0
rfd3_fix7,HIV_RT__3V81,3,ok,154,154,1.0,0,0,0.0
rfd3_fix7,HIV1_CA,3,ok,126,129,0.9767441860465116,0,0,0.0
rfd3_fix7,HIV_RT,3,ok,178,178,1.0,0,0,0.0
boltz2,METTL14,3,ok,185,185,1.0,1,2,1.0810810810810811
molgen_ns1.0,THSR,3,ok,206,206,1.0,0,0,0.0
apo2mol_250,GLTP,3,ok,69,70,0.9857142857142858,0,0,0.0
molgen_ns1.0,HIF2alpha,3,ok,172,172,1.0,0,0,0.0
boltz2,THSR,3,ok,206,206,1.0,0,0,0.0
boltz2,Menin,3,ok,121,121,1.0,0,0,0.0
esmfold2,KRAS,3,ok,160,160,1.0,0,0,0.0
rfd3_fix7,p53_Y220C,3,ok,135,138,0.9782608695652174,0,0,0.0
esmfold2,HIV_RT,3,ok,178,178,1.0,1,2,1.1235955056179776
esmfold2,GLTP,3,ok,69,70,0.9857142857142858,0,0,0.0
apo2mol_250,Menin,3,ok,121,121,1.0,1,2,1.6528925619834711
esmfold2,METTL14,3,ok,185,185,1.0,0,0,0.0
boltz2,KRAS,3,ok,160,160,1.0,0,0,0.0
apo2mol_250,SHP2,3,ok,159,159,1.0,0,0,0.0
boltz2,betaLG,3,ok,127,127,1.0,0,0,0.0
molgen_ns1.0,HIV_RT,3,ok,178,178,1.0,0,0,0.0
esmfold2,CB1,3,ok,246,246,1.0,0,0,0.0
apo2mol_250,THSR,3,ok,206,206,1.0,3,6,2.912621359223301
molgen_ns1.0,CB1,3,ok,246,246,1.0,0,0,0.0
rfd3_fix7,THSR__7UTZ,3,ok,186,186,1.0,0,0,0.0
rfd3_fix7,p53_Y220C__4AGQ,3,ok,125,128,0.9765625,0,0,0.0
rfd3_fix7,cAbl,3,ok,179,179,1.0,0,0,0.0
apo2mol_250,KRAS,3,ok,158,160,0.9875,0,0,0.0
esmfold2,HIF2alpha__6D0B,3,ok,204,204,1.0,0,0,0.0
esmfold2,HIV1_CA,3,ok,127,129,0.9844961240310076,0,0,0.0
molgen_ns1.0,HIF2alpha__6D0B,3,ok,204,204,1.0,0,0,0.0
apo2mol_250,HIV_RT,3,ok,178,178,1.0,6,9,5.056179775280899
apo2mol_250,HIV_RT__3V81,3,ok,154,154,1.0,1,2,1.2987012987012987
rfd3_fix7,HIF2alpha,3,ok,172,172,1.0,0,0,0.0
rfd3_fix7,HIF2alpha__6D0B,3,ok,204,204,1.0,0,0,0.0
esmfold2,HIV_RT__3V81,3,ok,154,154,1.0,0,0,0.0
confornet_nomsa,METTL14,3,ok,185,185,1.0,0,0,0.0
esmfold2,FUT8,3,ok,181,181,1.0,0,0,0.0
esmfold2,Menin,3,ok,121,121,1.0,0,0,0.0
molgen_ns1.0,GCGR,3,ok,228,233,0.9785407725321889,0,0,0.0
boltz2,THSR__7UTZ,3,ok,186,186,1.0,0,0,0.0
molgen_ns1.0,p53_Y220C__4AGQ,3,ok,128,128,1.0,0,0,0.0
apo2mol_250,METTL14,3,ok,178,185,0.9621621621621622,7,9,5.056179775280899
apo2mol_250,Bcl-xL,3,ok,178,190,0.936842105263158,3,6,3.3707865168539324
rfd3_fix7,CB1,3,ok,234,246,0.951219512195122,0,0,0.0
confornet_nomsa,GLTP,3,ok,69,70,0.9857142857142858,0,0,0.0
rfd3_fix7,GCGR,3,ok,223,233,0.9570815450643776,1,2,0.8968609865470852
esmfold2,NDPK-A,3,ok,149,149,1.0,0,0,0.0
molgen_ns1.0,p53_Y220C,3,ok,138,138,1.0,0,0,0.0
esmfold2,THSR,3,ok,206,206,1.0,0,0,0.0
confornet_nomsa,Bcl-xL,3,ok,178,190,0.936842105263158,0,0,0.0
confornet_nomsa,FUT8,3,ok,181,181,1.0,0,0,0.0
esmfold2,THSR__7UTZ,3,ok,186,186,1.0,0,0,0.0
rfd3_fix7,SHP2,3,ok,159,159,1.0,0,0,0.0
rfd3_fix7,betaLG,3,ok,127,127,1.0,0,0,0.0
apo2mol_250,HIV1_CA,3,ok,124,129,0.9612403100775194,4,8,6.451612903225806
boltz2,HIV_RT,3,ok,178,178,1.0,0,0,0.0
apo2mol_250,p53_Y220C__4AGQ,3,ok,125,128,0.9765625,0,0,0.0
esmfold2,SHP2,3,ok,159,159,1.0,0,0,0.0
boltz2,FUT8,3,ok,181,181,1.0,0,0,0.0
rfd3_fix7,Bcl-xL,3,ok,178,190,0.936842105263158,0,0,0.0
apo2mol_250,THSR__7UTZ,3,ok,186,186,1.0,2,4,2.150537634408602
rfd3_fix7,FUT8,3,ok,181,181,1.0,0,0,0.0
boltz2,p53_Y220C__4AGQ,3,ok,128,128,1.0,0,0,0.0
boltz2,p53_Y220C,3,ok,138,138,1.0,0,0,0.0
apo2mol_250,FUT8,3,ok,181,181,1.0,2,4,2.209944751381216
molgen_ns1.0,Bcl-xL,3,ok,178,190,0.936842105263158,0,0,0.0
rfd3_fix7,THSR,3,ok,206,206,1.0,0,0,0.0
molgen_ns1.0,THSR__7UTZ,3,ok,186,186,1.0,0,0,0.0
esmfold2,HIF2alpha,3,ok,172,172,1.0,0,0,0.0
molgen_ns1.0,HIV1_CA,3,ok,126,129,0.9767441860465116,0,0,0.0
molgen_ns1.0,cAbl,3,ok,179,179,1.0,0,0,0.0
boltz2,Bcl-xL,3,ok,190,190,1.0,0,0,0.0
confornet_nomsa,betaLG,3,ok,127,127,1.0,0,0,0.0
molgen_ns1.0,NDPK-A,3,ok,149,149,1.0,0,0,0.0
apo2mol_250,CB1,3,ok,234,246,0.951219512195122,0,0,0.0
boltz2,CB1,3,ok,246,246,1.0,0,0,0.0
apo2mol_250,GCGR,3,missing_pocket,0,233,0.0,0,0,
boltz2,HIF2alpha,3,ok,172,172,1.0,0,0,0.0
esmfold2,p53_Y220C__4AGQ,3,ok,128,128,1.0,0,0,0.0
boltz2,HIF2alpha__6D0B,3,ok,204,204,1.0,0,0,0.0
molgen_ns1.0,METTL14,3,ok,185,185,1.0,0,0,0.0
boltz2,GLTP,3,ok,69,70,0.9857142857142858,0,0,0.0
esmfold2,p53_Y220C,3,ok,138,138,1.0,0,0,0.0
apo2mol_250,betaLG,3,ok,127,127,1.0,0,0,0.0
rfd3_fix7,METTL14,3,ok,185,185,1.0,0,0,0.0
rfd3_fix7,GLTP,3,ok,69,70,0.9857142857142858,0,0,0.0
molgen_ns1.0,GLTP,3,ok,70,70,1.0,0,0,0.0
confornet_nomsa,SHP2,3,ok,159,159,1.0,0,0,0.0
esmfold2,Bcl-xL,3,ok,190,190,1.0,0,0,0.0
rfd3_fix7,NDPK-A,3,ok,149,149,1.0,3,4,2.684563758389262
confornet_nomsa,NDPK-A,3,ok,149,149,1.0,0,0,0.0
boltz2,HIV1_CA,3,ok,127,129,0.9844961240310076,0,0,0.0
molgen_ns1.0,betaLG,3,ok,127,127,1.0,0,0,0.0
rfd3_fix7,Menin,3,ok,121,121,1.0,0,0,0.0
boltz2,NDPK-A,3,ok,149,149,1.0,0,0,0.0
boltz2,SHP2,3,ok,159,159,1.0,0,0,0.0
rfd3_fix7,KRAS,3,ok,158,160,0.9875,0,0,0.0
molgen_ns1.0,HIV_RT__3V81,3,ok,154,154,1.0,0,0,0.0
molgen_ns1.0,SHP2,3,ok,159,159,1.0,0,0,0.0
molgen_ns1.0,HIV_RT__3V81,4,ok,154,154,1.0,0,0,0.0
boltz2,NDPK-A,4,ok,149,149,1.0,0,0,0.0
boltz2,HIF2alpha__6D0B,4,ok,204,204,1.0,0,0,0.0
rfd3_fix7,Menin,4,ok,121,121,1.0,0,0,0.0
confornet_nomsa,NDPK-A,4,ok,149,149,1.0,0,0,0.0
molgen_ns1.0,KRAS,4,ok,158,160,0.9875,0,0,0.0
molgen_ns1.0,GLTP,4,ok,70,70,1.0,0,0,0.0
esmfold2,Bcl-xL,4,ok,190,190,1.0,0,0,0.0
rfd3_fix7,HIV_RT,4,ok,178,178,1.0,2,3,1.6853932584269662
esmfold2,p53_Y220C,4,ok,138,138,1.0,0,0,0.0
rfd3_fix7,METTL14,4,ok,185,185,1.0,0,0,0.0
molgen_ns1.0,betaLG,4,ok,127,127,1.0,0,0,0.0
molgen_ns1.0,METTL14,4,ok,185,185,1.0,0,0,0.0
boltz2,GLTP,4,ok,69,70,0.9857142857142858,0,0,0.0
apo2mol_250,GCGR,4,missing_pocket,0,233,0.0,0,0,
boltz2,HIF2alpha,4,ok,172,172,1.0,0,0,0.0
esmfold2,p53_Y220C__4AGQ,4,ok,128,128,1.0,0,0,0.0
molgen_ns1.0,SHP2,4,ok,159,159,1.0,0,0,0.0
apo2mol_250,CB1,4,ok,234,246,0.951219512195122,6,10,4.273504273504273
boltz2,CB1,4,ok,246,246,1.0,0,0,0.0
rfd3_fix7,NDPK-A,4,ok,149,149,1.0,0,0,0.0
boltz2,Bcl-xL,4,ok,190,190,1.0,0,0,0.0
confornet_nomsa,SHP2,4,ok,159,159,1.0,0,0,0.0
confornet_nomsa,betaLG,4,ok,127,127,1.0,0,0,0.0
molgen_ns1.0,HIF2alpha__6D0B,4,ok,204,204,1.0,0,0,0.0
esmfold2,HIV1_CA,4,ok,127,129,0.9844961240310076,0,0,0.0
molgen_ns1.0,THSR__7UTZ,4,ok,186,186,1.0,0,0,0.0
esmfold2,HIF2alpha,4,ok,172,172,1.0,0,0,0.0
molgen_ns1.0,Bcl-xL,4,ok,178,190,0.936842105263158,0,0,0.0
apo2mol_250,betaLG,4,ok,127,127,1.0,0,0,0.0
boltz2,p53_Y220C__4AGQ,4,ok,128,128,1.0,0,0,0.0
boltz2,p53_Y220C,4,ok,138,138,1.0,0,0,0.0
molgen_ns1.0,HIV1_CA,4,ok,126,129,0.9767441860465116,0,0,0.0
apo2mol_250,FUT8,4,ok,181,181,1.0,7,11,6.077348066298343
esmfold2,FUT8,4,ok,181,181,1.0,0,0,0.0
esmfold2,SHP2,4,ok,159,159,1.0,0,0,0.0
molgen_ns1.0,THSR,4,ok,206,206,1.0,0,0,0.0
rfd3_fix7,Bcl-xL,4,ok,178,190,0.936842105263158,0,0,0.0
boltz2,HIV_RT,4,ok,178,178,1.0,0,0,0.0
apo2mol_250,p53_Y220C__4AGQ,4,ok,125,128,0.9765625,2,4,3.2
rfd3_fix7,FUT8,4,ok,181,181,1.0,0,0,0.0
rfd3_fix7,SHP2,4,ok,159,159,1.0,0,0,0.0
rfd3_fix7,betaLG,4,ok,127,127,1.0,0,0,0.0
apo2mol_250,HIV1_CA,4,ok,124,129,0.9612403100775194,3,5,4.032258064516129
esmfold2,THSR,4,ok,206,206,1.0,0,0,0.0
confornet_nomsa,Bcl-xL,4,ok,178,190,0.936842105263158,0,0,0.0
confornet_nomsa,FUT8,4,ok,181,181,1.0,0,0,0.0
esmfold2,THSR__7UTZ,4,ok,186,186,1.0,0,0,0.0
rfd3_fix7,GCGR,4,ok,223,233,0.9570815450643776,0,0,0.0
esmfold2,NDPK-A,4,ok,149,149,1.0,0,0,0.0
molgen_ns1.0,p53_Y220C,4,ok,138,138,1.0,0,0,0.0
rfd3_fix7,cAbl,4,ok,179,179,1.0,0,0,0.0
confornet_nomsa,METTL14,4,ok,185,185,1.0,0,0,0.0
rfd3_fix7,CB1,4,ok,234,246,0.951219512195122,0,0,0.0
confornet_nomsa,GLTP,4,ok,69,70,0.9857142857142858,0,0,0.0
molgen_ns1.0,GCGR,4,ok,228,233,0.9785407725321889,0,0,0.0
boltz2,THSR__7UTZ,4,ok,186,186,1.0,0,0,0.0
apo2mol_250,Bcl-xL,4,ok,178,190,0.936842105263158,4,7,3.932584269662921
esmfold2,KRAS,4,ok,160,160,1.0,0,0,0.0
boltz2,Menin,4,ok,121,121,1.0,0,0,0.0
apo2mol_250,METTL14,4,ok,178,185,0.9621621621621622,4,7,3.932584269662921
esmfold2,Menin,4,ok,121,121,1.0,0,0,0.0
esmfold2,METTL14,4,ok,185,185,1.0,0,0,0.0
apo2mol_250,HIV_RT__3V81,4,ok,154,154,1.0,2,3,1.948051948051948
rfd3_fix7,HIF2alpha,4,ok,172,172,1.0,0,0,0.0
rfd3_fix7,HIF2alpha__6D0B,4,ok,204,204,1.0,1,2,0.9803921568627452
apo2mol_250,HIV_RT,4,ok,178,178,1.0,6,10,5.617977528089888
apo2mol_250,KRAS,4,ok,158,160,0.9875,3,6,3.79746835443038
esmfold2,HIF2alpha__6D0B,4,ok,204,204,1.0,0,0,0.0
rfd3_fix7,THSR__7UTZ,4,ok,186,186,1.0,0,0,0.0
apo2mol_250,THSR__7UTZ,4,ok,186,186,1.0,9,15,8.064516129032258
rfd3_fix7,p53_Y220C__4AGQ,4,ok,125,128,0.9765625,0,0,0.0
rfd3_fix7,THSR,4,ok,206,206,1.0,0,0,0.0
apo2mol_250,THSR,4,ok,206,206,1.0,16,16,7.766990291262136
molgen_ns1.0,CB1,4,ok,246,246,1.0,0,0,0.0
boltz2,betaLG,4,ok,127,127,1.0,0,0,0.0
boltz2,SHP2,4,ok,159,159,1.0,0,0,0.0
esmfold2,CB1,4,ok,246,246,1.0,0,0,0.0
molgen_ns1.0,HIV_RT,4,ok,178,178,1.0,0,0,0.0
molgen_ns1.0,Menin,4,ok,121,121,1.0,0,0,0.0
molgen_ns1.0,FUT8,4,ok,181,181,1.0,0,0,0.0
boltz2,HIV_RT__3V81,4,ok,154,154,1.0,0,0,0.0
apo2mol_250,SHP2,4,ok,159,159,1.0,0,0,0.0
apo2mol_250,GLTP,4,ok,69,70,0.9857142857142858,0,0,0.0
boltz2,KRAS,4,ok,160,160,1.0,0,0,0.0
esmfold2,GLTP,4,ok,69,70,0.9857142857142858,0,0,0.0
apo2mol_250,Menin,4,ok,121,121,1.0,0,0,0.0
molgen_ns1.0,p53_Y220C__4AGQ,4,ok,128,128,1.0,0,0,0.0
boltz2,HIV1_CA,4,ok,127,129,0.9844961240310076,0,0,0.0
esmfold2,HIV_RT,4,ok,178,178,1.0,0,0,0.0
molgen_ns1.0,cAbl,4,ok,179,179,1.0,0,0,0.0
rfd3_fix7,p53_Y220C,4,ok,135,138,0.9782608695652174,0,0,0.0
esmfold2,HIV_RT__3V81,4,ok,154,154,1.0,0,0,0.0
molgen_ns1.0,HIF2alpha,4,ok,172,172,1.0,0,0,0.0
boltz2,THSR,4,ok,206,206,1.0,0,0,0.0
boltz2,FUT8,4,ok,181,181,1.0,0,0,0.0
rfd3_fix7,HIV_RT__3V81,4,ok,154,154,1.0,0,0,0.0
rfd3_fix7,HIV1_CA,4,ok,126,129,0.9767441860465116,0,0,0.0
rfd3_fix7,KRAS,4,ok,158,160,0.9875,0,0,0.0
boltz2,METTL14,4,ok,185,185,1.0,0,0,0.0
apo2mol_250,cAbl,4,ok,179,179,1.0,13,16,8.938547486033519
apo2mol_250,p53_Y220C,4,ok,135,138,0.9782608695652174,9,11,8.148148148148149
esmfold2,betaLG,4,ok,127,127,1.0,0,0,0.0
rfd3_fix7,GLTP,4,ok,69,70,0.9857142857142858,0,0,0.0
apo2mol_250,NDPK-A,4,ok,149,149,1.0,1,2,1.342281879194631
apo2mol_250,HIF2alpha__6D0B,4,ok,204,204,1.0,2,4,1.96078431372549
apo2mol_250,HIF2alpha,4,ok,172,172,1.0,4,8,4.651162790697675
molgen_ns1.0,NDPK-A,4,ok,149,149,1.0,0,0,0.0
boltz2,HIF2alpha__6D0B,5,ok,204,204,1.0,1,2,0.9803921568627452
boltz2,NDPK-A,5,ok,149,149,1.0,0,0,0.0
molgen_ns1.0,METTL14,5,ok,185,185,1.0,0,0,0.0
molgen_ns1.0,KRAS,5,ok,158,160,0.9875,0,0,0.0
apo2mol_250,Menin,5,ok,121,121,1.0,0,0,0.0
molgen_ns1.0,NDPK-A,5,ok,149,149,1.0,0,0,0.0
boltz2,HIV1_CA,5,ok,127,129,0.9844961240310076,0,0,0.0
molgen_ns1.0,GLTP,5,ok,70,70,1.0,0,0,0.0
esmfold2,Bcl-xL,5,ok,190,190,1.0,0,0,0.0
apo2mol_250,METTL14,5,ok,178,185,0.9621621621621622,1,2,1.1235955056179776
apo2mol_250,HIV_RT,5,ok,178,178,1.0,5,8,4.49438202247191
esmfold2,METTL14,5,ok,185,185,1.0,0,0,0.0
apo2mol_250,HIV_RT__3V81,5,ok,154,154,1.0,1,2,1.2987012987012987
molgen_ns1.0,HIF2alpha,5,ok,172,172,1.0,0,0,0.0
esmfold2,HIF2alpha__6D0B,5,ok,204,204,1.0,0,0,0.0
esmfold2,HIV_RT__3V81,5,ok,154,154,1.0,0,0,0.0
esmfold2,HIV_RT,5,ok,178,178,1.0,0,0,0.0
esmfold2,GLTP,5,ok,69,70,0.9857142857142858,0,0,0.0
molgen_ns1.0,p53_Y220C__4AGQ,5,ok,128,128,1.0,0,0,0.0
esmfold2,HIV1_CA,5,ok,127,129,0.9844961240310076,0,0,0.0
molgen_ns1.0,THSR__7UTZ,5,ok,186,186,1.0,0,0,0.0
boltz2,Bcl-xL,5,ok,190,190,1.0,1,2,1.0526315789473684
apo2mol_250,betaLG,5,ok,127,127,1.0,0,0,0.0
molgen_ns1.0,HIV1_CA,5,ok,126,129,0.9767441860465116,0,0,0.0
boltz2,KRAS,5,ok,160,160,1.0,0,0,0.0
apo2mol_250,FUT8,5,ok,181,181,1.0,0,0,0.0
esmfold2,Menin,5,ok,121,121,1.0,0,0,0.0
molgen_ns1.0,Bcl-xL,5,ok,178,190,0.936842105263158,0,0,0.0
molgen_ns1.0,FUT8,5,ok,181,181,1.0,0,0,0.0
apo2mol_250,Bcl-xL,5,ok,178,190,0.936842105263158,0,0,0.0
boltz2,THSR,5,ok,206,206,1.0,0,0,0.0
boltz2,THSR__7UTZ,5,ok,186,186,1.0,0,0,0.0
molgen_ns1.0,GCGR,5,ok,228,233,0.9785407725321889,0,0,0.0
molgen_ns1.0,HIF2alpha__6D0B,5,ok,204,204,1.0,0,0,0.0
boltz2,Menin,5,ok,121,121,1.0,0,0,0.0
esmfold2,KRAS,5,ok,160,160,1.0,0,0,0.0
molgen_ns1.0,p53_Y220C,5,ok,138,138,1.0,0,0,0.0
esmfold2,NDPK-A,5,ok,149,149,1.0,0,0,0.0
esmfold2,HIF2alpha,5,ok,172,172,1.0,0,0,0.0
molgen_ns1.0,cAbl,5,ok,179,179,1.0,0,0,0.0
apo2mol_250,KRAS,5,ok,158,160,0.9875,6,10,6.329113924050633
esmfold2,CB1,5,ok,246,246,1.0,0,0,0.0
molgen_ns1.0,HIV_RT__3V81,5,ok,154,154,1.0,0,0,0.0
boltz2,betaLG,5,ok,127,127,1.0,0,0,0.0
molgen_ns1.0,HIV_RT,5,ok,178,178,1.0,0,0,0.0
apo2mol_250,SHP2,5,ok,159,159,1.0,4,7,4.40251572327044
apo2mol_250,THSR__7UTZ,5,ok,186,186,1.0,0,0,0.0
apo2mol_250,p53_Y220C,5,ok,135,138,0.9782608695652174,6,10,7.407407407407407
apo2mol_250,cAbl,5,ok,179,179,1.0,12,15,8.379888268156424
boltz2,METTL14,5,ok,185,185,1.0,0,0,0.0
molgen_ns1.0,Menin,5,ok,121,121,1.0,0,0,0.0
boltz2,SHP2,5,ok,159,159,1.0,0,0,0.0
molgen_ns1.0,betaLG,5,ok,127,127,1.0,0,0,0.0
boltz2,CB1,5,ok,246,246,1.0,0,0,0.0
molgen_ns1.0,SHP2,5,ok,159,159,1.0,0,0,0.0
apo2mol_250,GCGR,5,missing_pocket,0,233,0.0,0,0,
apo2mol_250,CB1,5,ok,234,246,0.951219512195122,0,0,0.0
esmfold2,p53_Y220C__4AGQ,5,ok,128,128,1.0,0,0,0.0
esmfold2,betaLG,5,ok,127,127,1.0,0,0,0.0
apo2mol_250,HIF2alpha__6D0B,5,ok,204,204,1.0,4,8,3.92156862745098
boltz2,HIF2alpha,5,ok,172,172,1.0,0,0,0.0
boltz2,GLTP,5,ok,69,70,0.9857142857142858,0,0,0.0
esmfold2,p53_Y220C,5,ok,138,138,1.0,0,0,0.0
apo2mol_250,HIF2alpha,5,ok,172,172,1.0,1,2,1.162790697674419
apo2mol_250,GLTP,5,ok,69,70,0.9857142857142858,0,0,0.0
boltz2,HIV_RT,5,ok,178,178,1.0,0,0,0.0
esmfold2,THSR__7UTZ,5,ok,186,186,1.0,0,0,0.0
apo2mol_250,HIV1_CA,5,ok,124,129,0.9612403100775194,0,0,0.0
apo2mol_250,THSR,5,ok,206,206,1.0,8,11,5.339805825242719
esmfold2,THSR,5,ok,206,206,1.0,0,0,0.0
molgen_ns1.0,CB1,5,ok,246,246,1.0,0,0,0.0
boltz2,HIV_RT__3V81,5,ok,154,154,1.0,1,2,1.2987012987012987
boltz2,FUT8,5,ok,181,181,1.0,0,0,0.0
apo2mol_250,NDPK-A,5,ok,149,149,1.0,0,0,0.0
molgen_ns1.0,THSR,5,ok,206,206,1.0,0,0,0.0
apo2mol_250,p53_Y220C__4AGQ,5,ok,125,128,0.9765625,3,5,4.0
esmfold2,SHP2,5,ok,159,159,1.0,0,0,0.0
boltz2,p53_Y220C__4AGQ,5,ok,128,128,1.0,0,0,0.0
boltz2,p53_Y220C,5,ok,138,138,1.0,0,0,0.0
esmfold2,FUT8,5,ok,181,181,1.0,0,0,0.0
apo2mol_250,HIV_RT__3V81,6,ok,154,154,1.0,4,5,3.2467532467532467
esmfold2,METTL14,6,ok,185,185,1.0,0,0,0.0
esmfold2,HIV_RT,6,ok,178,178,1.0,0,0,0.0
apo2mol_250,FUT8,6,ok,181,181,1.0,11,15,8.287292817679559
boltz2,KRAS,6,ok,160,160,1.0,0,0,0.0
molgen_ns1.0,FUT8,6,ok,181,181,1.0,0,0,0.0
molgen_ns1.0,Bcl-xL,6,ok,178,190,0.936842105263158,0,0,0.0
boltz2,Bcl-xL,6,ok,190,190,1.0,0,0,0.0
molgen_ns1.0,HIF2alpha__6D0B,6,ok,204,204,1.0,0,0,0.0
molgen_ns1.0,HIV1_CA,6,ok,126,129,0.9767441860465116,0,0,0.0
apo2mol_250,betaLG,6,ok,127,127,1.0,0,0,0.0
molgen_ns1.0,THSR__7UTZ,6,ok,186,186,1.0,0,0,0.0
esmfold2,HIF2alpha,6,ok,172,172,1.0,0,0,0.0
esmfold2,HIF2alpha__6D0B,6,ok,204,204,1.0,0,0,0.0
esmfold2,HIV1_CA,6,ok,127,129,0.9844961240310076,0,0,0.0
apo2mol_250,KRAS,6,ok,158,160,0.9875,3,6,3.79746835443038
molgen_ns1.0,cAbl,6,ok,179,179,1.0,0,0,0.0
boltz2,THSR,6,ok,206,206,1.0,0,0,0.0
apo2mol_250,Bcl-xL,6,ok,178,190,0.936842105263158,4,7,3.932584269662921
molgen_ns1.0,GCGR,6,ok,228,233,0.9785407725321889,0,0,0.0
esmfold2,KRAS,6,ok,160,160,1.0,0,0,0.0
molgen_ns1.0,p53_Y220C__4AGQ,6,ok,128,128,1.0,0,0,0.0
molgen_ns1.0,CB1,6,ok,246,246,1.0,0,0,0.0
boltz2,Menin,6,ok,121,121,1.0,0,0,0.0
boltz2,p53_Y220C,6,ok,138,138,1.0,0,0,0.0
molgen_ns1.0,betaLG,6,ok,127,127,1.0,0,0,0.0
boltz2,HIV1_CA,6,ok,127,129,0.9844961240310076,0,0,0.0
esmfold2,Bcl-xL,6,ok,190,190,1.0,1,2,1.0526315789473684
molgen_ns1.0,GLTP,6,ok,70,70,1.0,0,0,0.0
molgen_ns1.0,SHP2,6,ok,159,159,1.0,0,0,0.0
molgen_ns1.0,METTL14,6,ok,185,185,1.0,0,0,0.0
boltz2,NDPK-A,6,ok,149,149,1.0,0,0,0.0
molgen_ns1.0,KRAS,6,ok,158,160,0.9875,0,0,0.0
boltz2,HIF2alpha__6D0B,6,ok,204,204,1.0,0,0,0.0
apo2mol_250,Menin,6,ok,121,121,1.0,1,2,1.6528925619834711
esmfold2,GLTP,6,ok,69,70,0.9857142857142858,0,0,0.0
molgen_ns1.0,HIF2alpha,6,ok,172,172,1.0,0,0,0.0
esmfold2,HIV_RT__3V81,6,ok,154,154,1.0,0,0,0.0
apo2mol_250,HIV_RT,6,ok,178,178,1.0,7,9,5.056179775280899
boltz2,THSR__7UTZ,6,ok,186,186,1.0,0,0,0.0
apo2mol_250,THSR,6,ok,206,206,1.0,4,7,3.3980582524271843
boltz2,p53_Y220C__4AGQ,6,ok,128,128,1.0,0,0,0.0
esmfold2,THSR__7UTZ,6,ok,186,186,1.0,0,0,0.0
esmfold2,THSR,6,ok,206,206,1.0,0,0,0.0
apo2mol_250,HIV1_CA,6,ok,124,129,0.9612403100775194,0,0,0.0
apo2mol_250,GLTP,6,ok,69,70,0.9857142857142858,0,0,0.0
esmfold2,betaLG,6,ok,127,127,1.0,0,0,0.0
molgen_ns1.0,HIV_RT,6,ok,178,178,1.0,0,0,0.0
boltz2,FUT8,6,ok,181,181,1.0,0,0,0.0
boltz2,SHP2,6,ok,159,159,1.0,0,0,0.0
boltz2,HIV_RT__3V81,6,ok,154,154,1.0,0,0,0.0
esmfold2,NDPK-A,6,ok,149,149,1.0,0,0,0.0
molgen_ns1.0,HIV_RT__3V81,6,ok,154,154,1.0,0,0,0.0
boltz2,betaLG,6,ok,127,127,1.0,0,0,0.0
apo2mol_250,SHP2,6,ok,159,159,1.0,2,4,2.5157232704402515
esmfold2,Menin,6,ok,121,121,1.0,0,0,0.0
esmfold2,CB1,6,ok,246,246,1.0,0,0,0.0
esmfold2,SHP2,6,ok,159,159,1.0,0,0,0.0
apo2mol_250,p53_Y220C__4AGQ,6,ok,125,128,0.9765625,1,2,1.6
molgen_ns1.0,THSR,6,ok,206,206,1.0,0,0,0.0
esmfold2,FUT8,6,ok,181,181,1.0,0,0,0.0
molgen_ns1.0,p53_Y220C,6,ok,138,138,1.0,0,0,0.0
apo2mol_250,cAbl,6,ok,179,179,1.0,11,12,6.70391061452514
esmfold2,p53_Y220C,6,ok,138,138,1.0,0,0,0.0
boltz2,METTL14,6,ok,185,185,1.0,0,0,0.0
apo2mol_250,p53_Y220C,6,ok,135,138,0.9782608695652174,0,0,0.0
apo2mol_250,THSR__7UTZ,6,ok,186,186,1.0,1,2,1.075268817204301
apo2mol_250,HIF2alpha__6D0B,6,ok,204,204,1.0,7,13,6.372549019607843
apo2mol_250,HIF2alpha,6,ok,172,172,1.0,3,6,3.488372093023256
boltz2,HIF2alpha,6,ok,172,172,1.0,0,0,0.0
molgen_ns1.0,Menin,6,ok,121,121,1.0,0,0,0.0
boltz2,GLTP,6,ok,69,70,0.9857142857142858,0,0,0.0
apo2mol_250,NDPK-A,6,ok,149,149,1.0,0,0,0.0
boltz2,HIV_RT,6,ok,178,178,1.0,0,0,0.0
esmfold2,p53_Y220C__4AGQ,6,ok,128,128,1.0,0,0,0.0
apo2mol_250,CB1,6,ok,234,246,0.951219512195122,8,13,5.555555555555555
molgen_ns1.0,NDPK-A,6,ok,149,149,1.0,0,0,0.0
apo2mol_250,GCGR,6,missing_pocket,0,233,0.0,0,0,
apo2mol_250,METTL14,6,ok,178,185,0.9621621621621622,4,7,3.932584269662921
boltz2,CB1,6,ok,246,246,1.0,0,0,0.0
boltz2,CB1,7,ok,246,246,1.0,0,0,0.0
molgen_ns1.0,NDPK-A,7,ok,149,149,1.0,0,0,0.0
molgen_ns1.0,SHP2,7,ok,159,159,1.0,0,0,0.0
apo2mol_250,NDPK-A,7,ok,149,149,1.0,0,0,0.0
apo2mol_250,SHP2,7,ok,159,159,1.0,3,5,3.1446540880503147
boltz2,KRAS,7,ok,160,160,1.0,0,0,0.0
molgen_ns1.0,FUT8,7,ok,181,181,1.0,0,0,0.0
apo2mol_250,GLTP,7,ok,69,70,0.9857142857142858,2,3,4.3478260869565215
esmfold2,Menin,7,ok,121,121,1.0,0,0,0.0
apo2mol_250,FUT8,7,ok,181,181,1.0,9,14,7.734806629834254
apo2mol_250,Bcl-xL,7,ok,178,190,0.936842105263158,5,9,5.056179775280899
boltz2,Menin,7,ok,121,121,1.0,0,0,0.0
molgen_ns1.0,GCGR,7,ok,228,233,0.9785407725321889,0,0,0.0
esmfold2,FUT8,7,ok,181,181,1.0,0,0,0.0
apo2mol_250,HIF2alpha,7,ok,172,172,1.0,5,9,5.232558139534884
esmfold2,THSR__7UTZ,7,ok,186,186,1.0,0,0,0.0
esmfold2,THSR,7,ok,206,206,1.0,0,0,0.0
apo2mol_250,betaLG,7,ok,127,127,1.0,0,0,0.0
boltz2,HIV_RT,7,ok,178,178,1.0,0,0,0.0
apo2mol_250,HIF2alpha__6D0B,7,ok,204,204,1.0,0,0,0.0
boltz2,HIV_RT__3V81,7,ok,154,154,1.0,0,0,0.0
boltz2,THSR,7,ok,206,206,1.0,0,0,0.0
apo2mol_250,HIV_RT__3V81,7,ok,154,154,1.0,3,6,3.896103896103896
apo2mol_250,Menin,7,ok,121,121,1.0,0,0,0.0
molgen_ns1.0,p53_Y220C__4AGQ,7,ok,128,128,1.0,0,0,0.0
esmfold2,HIF2alpha__6D0B,7,ok,204,204,1.0,0,0,0.0
esmfold2,HIF2alpha,7,ok,172,172,1.0,0,0,0.0
molgen_ns1.0,THSR__7UTZ,7,ok,186,186,1.0,0,0,0.0
boltz2,Bcl-xL,7,ok,190,190,1.0,1,2,1.0526315789473684
molgen_ns1.0,HIF2alpha__6D0B,7,ok,204,204,1.0,0,0,0.0
esmfold2,HIV1_CA,7,ok,127,129,0.9844961240310076,0,0,0.0
apo2mol_250,HIV_RT,7,ok,178,178,1.0,0,0,0.0
molgen_ns1.0,CB1,7,ok,246,246,1.0,0,0,0.0
esmfold2,GLTP,7,ok,69,70,0.9857142857142858,0,0,0.0
esmfold2,HIV_RT,7,ok,178,178,1.0,0,0,0.0
boltz2,THSR__7UTZ,7,ok,186,186,1.0,0,0,0.0
esmfold2,METTL14,7,ok,185,185,1.0,0,0,0.0
molgen_ns1.0,HIF2alpha,7,ok,172,172,1.0,0,0,0.0
esmfold2,HIV_RT__3V81,7,ok,154,154,1.0,0,0,0.0
esmfold2,KRAS,7,ok,160,160,1.0,0,0,0.0
apo2mol_250,HIV1_CA,7,ok,124,129,0.9612403100775194,1,2,1.6129032258064515
molgen_ns1.0,Bcl-xL,7,ok,178,190,0.936842105263158,0,0,0.0
boltz2,p53_Y220C__4AGQ,7,ok,128,128,1.0,0,0,0.0
boltz2,FUT8,7,ok,181,181,1.0,0,0,0.0
molgen_ns1.0,THSR,7,ok,206,206,1.0,0,0,0.0
apo2mol_250,THSR,7,ok,206,206,1.0,4,7,3.3980582524271843
boltz2,betaLG,7,ok,127,127,1.0,0,0,0.0
apo2mol_250,cAbl,7,ok,179,179,1.0,2,3,1.675977653631285
boltz2,METTL14,7,ok,185,185,1.0,0,0,0.0
esmfold2,betaLG,7,ok,127,127,1.0,0,0,0.0
boltz2,GLTP,7,ok,69,70,0.9857142857142858,0,0,0.0
molgen_ns1.0,Menin,7,ok,121,121,1.0,0,0,0.0
apo2mol_250,THSR__7UTZ,7,ok,186,186,1.0,4,6,3.225806451612903
esmfold2,p53_Y220C,7,ok,138,138,1.0,0,0,0.0
apo2mol_250,GCGR,7,missing_pocket,0,233,0.0,0,0,
boltz2,HIF2alpha__6D0B,7,ok,204,204,1.0,0,0,0.0
molgen_ns1.0,METTL14,7,ok,185,185,1.0,0,0,0.0
apo2mol_250,CB1,7,ok,234,246,0.951219512195122,0,0,0.0
molgen_ns1.0,betaLG,7,ok,127,127,1.0,0,0,0.0
apo2mol_250,p53_Y220C,7,ok,135,138,0.9782608695652174,1,2,1.4814814814814814
boltz2,HIF2alpha,7,ok,172,172,1.0,0,0,0.0
boltz2,HIV1_CA,7,ok,127,129,0.9844961240310076,0,0,0.0
molgen_ns1.0,GLTP,7,ok,70,70,1.0,0,0,0.0
esmfold2,Bcl-xL,7,ok,190,190,1.0,0,0,0.0
apo2mol_250,METTL14,7,ok,178,185,0.9621621621621622,3,5,2.808988764044944
esmfold2,p53_Y220C__4AGQ,7,ok,128,128,1.0,0,0,0.0
esmfold2,SHP2,7,ok,159,159,1.0,0,0,0.0
apo2mol_250,p53_Y220C__4AGQ,7,ok,125,128,0.9765625,1,2,1.6
esmfold2,NDPK-A,7,ok,149,149,1.0,0,0,0.0
esmfold2,CB1,7,ok,246,246,1.0,0,0,0.0
boltz2,NDPK-A,7,ok,149,149,1.0,0,0,0.0
molgen_ns1.0,KRAS,7,ok,158,160,0.9875,0,0,0.0
molgen_ns1.0,HIV_RT__3V81,7,ok,154,154,1.0,0,0,0.0
boltz2,SHP2,7,ok,159,159,1.0,0,0,0.0
molgen_ns1.0,HIV_RT,7,ok,178,178,1.0,0,0,0.0
molgen_ns1.0,p53_Y220C,7,ok,138,138,1.0,0,0,0.0
apo2mol_250,KRAS,7,ok,158,160,0.9875,2,4,2.5316455696202533
boltz2,p53_Y220C,7,ok,138,138,1.0,0,0,0.0
molgen_ns1.0,cAbl,7,ok,179,179,1.0,0,0,0.0
molgen_ns1.0,p53_Y220C,8,ok,138,138,1.0,4,8,5.797101449275362
apo2mol_250,betaLG,8,ok,127,127,1.0,1,2,1.5748031496062993
apo2mol_250,HIF2alpha__6D0B,8,ok,204,204,1.0,2,4,1.96078431372549
boltz2,THSR,8,ok,206,206,1.0,0,0,0.0
apo2mol_250,Bcl-xL,8,ok,178,190,0.936842105263158,2,4,2.247191011235955
esmfold2,FUT8,8,ok,181,181,1.0,0,0,0.0
esmfold2,Menin,8,ok,121,121,1.0,0,0,0.0
esmfold2,THSR,8,ok,206,206,1.0,0,0,0.0
molgen_ns1.0,FUT8,8,ok,181,181,1.0,0,0,0.0
molgen_ns1.0,THSR__7UTZ,8,ok,186,186,1.0,0,0,0.0
boltz2,Bcl-xL,8,ok,190,190,1.0,0,0,0.0
esmfold2,HIF2alpha__6D0B,8,ok,204,204,1.0,0,0,0.0
esmfold2,HIF2alpha,8,ok,172,172,1.0,0,0,0.0
molgen_ns1.0,HIF2alpha__6D0B,8,ok,204,204,1.0,0,0,0.0
esmfold2,HIV1_CA,8,ok,127,129,0.9844961240310076,0,0,0.0
apo2mol_250,Menin,8,ok,121,121,1.0,2,4,3.3057851239669422
apo2mol_250,HIV_RT__3V81,8,ok,154,154,1.0,4,6,3.896103896103896
boltz2,THSR__7UTZ,8,ok,186,186,1.0,0,0,0.0
apo2mol_250,HIV_RT,8,ok,178,178,1.0,12,20,11.235955056179776
molgen_ns1.0,p53_Y220C__4AGQ,8,ok,128,128,1.0,0,0,0.0
esmfold2,HIV_RT__3V81,8,ok,154,154,1.0,0,0,0.0
esmfold2,KRAS,8,ok,160,160,1.0,0,0,0.0
apo2mol_250,HIV1_CA,8,ok,124,129,0.9612403100775194,5,9,7.258064516129032
molgen_ns1.0,CB1,8,ok,246,246,1.0,0,0,0.0
boltz2,Menin,8,ok,121,121,1.0,0,0,0.0
molgen_ns1.0,Bcl-xL,8,ok,178,190,0.936842105263158,0,0,0.0
esmfold2,HIV_RT,8,ok,178,178,1.0,0,0,0.0
esmfold2,METTL14,8,ok,185,185,1.0,0,0,0.0
molgen_ns1.0,GCGR,8,ok,228,233,0.9785407725321889,0,0,0.0
molgen_ns1.0,HIF2alpha,8,ok,172,172,1.0,0,0,0.0
esmfold2,GLTP,8,ok,69,70,0.9857142857142858,0,0,0.0
apo2mol_250,FUT8,8,ok,181,181,1.0,2,4,2.209944751381216
boltz2,KRAS,8,ok,160,160,1.0,0,0,0.0
apo2mol_250,NDPK-A,8,ok,149,149,1.0,0,0,0.0
apo2mol_250,GLTP,8,ok,69,70,0.9857142857142858,0,0,0.0
molgen_ns1.0,betaLG,8,ok,127,127,1.0,0,0,0.0
molgen_ns1.0,NDPK-A,8,ok,149,149,1.0,0,0,0.0
molgen_ns1.0,SHP2,8,ok,159,159,1.0,0,0,0.0
boltz2,CB1,8,ok,246,246,1.0,0,0,0.0
apo2mol_250,SHP2,8,ok,159,159,1.0,2,4,2.5157232704402515
esmfold2,THSR__7UTZ,8,ok,186,186,1.0,0,0,0.0
apo2mol_250,HIF2alpha,8,ok,172,172,1.0,2,4,2.3255813953488373
boltz2,HIV_RT__3V81,8,ok,154,154,1.0,0,0,0.0
boltz2,HIV_RT,8,ok,178,178,1.0,0,0,0.0
molgen_ns1.0,cAbl,8,ok,179,179,1.0,0,0,0.0
molgen_ns1.0,Menin,8,ok,121,121,1.0,0,0,0.0
esmfold2,CB1,8,ok,246,246,1.0,0,0,0.0
apo2mol_250,p53_Y220C__4AGQ,8,ok,125,128,0.9765625,5,6,4.8
esmfold2,NDPK-A,8,ok,149,149,1.0,0,0,0.0
molgen_ns1.0,KRAS,8,ok,158,160,0.9875,0,0,0.0
boltz2,NDPK-A,8,ok,149,149,1.0,0,0,0.0
boltz2,SHP2,8,ok,159,159,1.0,0,0,0.0
molgen_ns1.0,HIV_RT,8,ok,178,178,1.0,0,0,0.0
molgen_ns1.0,HIV_RT__3V81,8,ok,154,154,1.0,0,0,0.0
apo2mol_250,THSR,8,ok,206,206,1.0,3,6,2.912621359223301
boltz2,FUT8,8,ok,181,181,1.0,0,0,0.0
molgen_ns1.0,THSR,8,ok,206,206,1.0,0,0,0.0
apo2mol_250,cAbl,8,ok,179,179,1.0,10,14,7.82122905027933
boltz2,betaLG,8,ok,127,127,1.0,0,0,0.0
esmfold2,SHP2,8,ok,159,159,1.0,0,0,0.0
apo2mol_250,KRAS,8,ok,158,160,0.9875,4,7,4.430379746835443
boltz2,p53_Y220C__4AGQ,8,ok,128,128,1.0,0,0,0.0
boltz2,p53_Y220C,8,ok,138,138,1.0,0,0,0.0
apo2mol_250,METTL14,8,ok,178,185,0.9621621621621622,9,13,7.303370786516854
apo2mol_250,p53_Y220C,8,ok,135,138,0.9782608695652174,1,2,1.4814814814814814
boltz2,GLTP,8,ok,69,70,0.9857142857142858,0,0,0.0
boltz2,METTL14,8,ok,185,185,1.0,1,2,1.0810810810810811
apo2mol_250,THSR__7UTZ,8,ok,186,186,1.0,4,6,3.225806451612903
esmfold2,betaLG,8,ok,127,127,1.0,0,0,0.0
molgen_ns1.0,GLTP,8,ok,70,70,1.0,0,0,0.0
boltz2,HIV1_CA,8,ok,127,129,0.9844961240310076,0,0,0.0
esmfold2,Bcl-xL,8,ok,190,190,1.0,0,0,0.0
esmfold2,p53_Y220C,8,ok,138,138,1.0,0,0,0.0
esmfold2,p53_Y220C__4AGQ,8,ok,128,128,1.0,0,0,0.0
boltz2,HIF2alpha,8,ok,172,172,1.0,0,0,0.0
apo2mol_250,CB1,8,ok,234,246,0.951219512195122,0,0,0.0
apo2mol_250,GCGR,8,missing_pocket,0,233,0.0,0,0,
boltz2,HIF2alpha__6D0B,8,ok,204,204,1.0,0,0,0.0
molgen_ns1.0,METTL14,8,ok,185,185,1.0,0,0,0.0
boltz2,HIF2alpha__6D0B,9,ok,204,204,1.0,0,0,0.0
apo2mol_250,CB1,9,ok,234,246,0.951219512195122,2,4,1.709401709401709
apo2mol_250,GCGR,9,missing_pocket,0,233,0.0,0,0,
molgen_ns1.0,GLTP,9,ok,70,70,1.0,0,0,0.0
boltz2,HIV1_CA,9,ok,127,129,0.9844961240310076,0,0,0.0
esmfold2,Bcl-xL,9,ok,190,190,1.0,0,0,0.0
molgen_ns1.0,METTL14,9,ok,185,185,1.0,0,0,0.0
esmfold2,p53_Y220C__4AGQ,9,ok,128,128,1.0,0,0,0.0
esmfold2,betaLG,9,ok,127,127,1.0,0,0,0.0
boltz2,HIF2alpha,9,ok,172,172,1.0,0,0,0.0
esmfold2,p53_Y220C,9,ok,138,138,1.0,0,0,0.0
apo2mol_250,METTL14,9,ok,178,185,0.9621621621621622,16,16,8.98876404494382
boltz2,NDPK-A,9,ok,149,149,1.0,0,0,0.0
molgen_ns1.0,HIV_RT__3V81,9,ok,154,154,1.0,0,0,0.0
boltz2,SHP2,9,ok,159,159,1.0,0,0,0.0
molgen_ns1.0,HIV_RT,9,ok,178,178,1.0,0,0,0.0
boltz2,betaLG,9,ok,127,127,1.0,0,0,0.0
boltz2,GLTP,9,ok,69,70,0.9857142857142858,0,0,0.0
molgen_ns1.0,KRAS,9,ok,158,160,0.9875,0,0,0.0
boltz2,METTL14,9,ok,185,185,1.0,0,0,0.0
apo2mol_250,THSR__7UTZ,9,ok,186,186,1.0,4,8,4.301075268817204
molgen_ns1.0,Menin,9,ok,121,121,1.0,0,0,0.0
apo2mol_250,p53_Y220C,9,ok,135,138,0.9782608695652174,2,4,2.962962962962963
apo2mol_250,KRAS,9,ok,158,160,0.9875,3,6,3.79746835443038
molgen_ns1.0,cAbl,9,ok,179,179,1.0,0,0,0.0
molgen_ns1.0,THSR__7UTZ,9,ok,186,186,1.0,0,0,0.0
boltz2,Bcl-xL,9,ok,190,190,1.0,1,2,1.0526315789473684
boltz2,p53_Y220C__4AGQ,9,ok,128,128,1.0,0,0,0.0
boltz2,p53_Y220C,9,ok,138,138,1.0,0,0,0.0
esmfold2,HIV1_CA,9,ok,127,129,0.9844961240310076,0,0,0.0
molgen_ns1.0,HIF2alpha__6D0B,9,ok,204,204,1.0,0,0,0.0
esmfold2,HIF2alpha,9,ok,172,172,1.0,0,0,0.0
esmfold2,SHP2,9,ok,159,159,1.0,0,0,0.0
esmfold2,CB1,9,ok,246,246,1.0,0,0,0.0
apo2mol_250,p53_Y220C__4AGQ,9,ok,125,128,0.9765625,2,3,2.4
esmfold2,NDPK-A,9,ok,149,149,1.0,0,0,0.0
molgen_ns1.0,HIV1_CA,9,ok,126,129,0.9767441860465116,0,0,0.0
esmfold2,METTL14,9,ok,185,185,1.0,0,0,0.0
boltz2,FUT8,9,ok,181,181,1.0,0,0,0.0
molgen_ns1.0,THSR,9,ok,206,206,1.0,0,0,0.0
apo2mol_250,THSR,9,ok,206,206,1.0,10,13,6.310679611650485
apo2mol_250,cAbl,9,ok,179,179,1.0,8,8,4.46927374301676
esmfold2,HIF2alpha__6D0B,9,ok,204,204,1.0,0,0,0.0
boltz2,KRAS,9,ok,160,160,1.0,0,0,0.0
boltz2,THSR,9,ok,206,206,1.0,0,0,0.0
boltz2,Menin,9,ok,121,121,1.0,0,0,0.0
esmfold2,FUT8,9,ok,181,181,1.0,0,0,0.0
apo2mol_250,Bcl-xL,9,ok,178,190,0.936842105263158,4,7,3.932584269662921
esmfold2,THSR,9,ok,206,206,1.0,0,0,0.0
esmfold2,Menin,9,ok,121,121,1.0,0,0,0.0
apo2mol_250,HIF2alpha__6D0B,9,ok,204,204,1.0,2,4,1.96078431372549
apo2mol_250,HIF2alpha,9,ok,172,172,1.0,2,4,2.3255813953488373
molgen_ns1.0,FUT8,9,ok,181,181,1.0,0,0,0.0
boltz2,HIV_RT,9,ok,178,178,1.0,0,0,0.0
boltz2,HIV_RT__3V81,9,ok,154,154,1.0,1,2,1.2987012987012987
molgen_ns1.0,NDPK-A,9,ok,149,149,1.0,0,0,0.0
boltz2,CB1,9,ok,246,246,1.0,0,0,0.0
molgen_ns1.0,SHP2,9,ok,159,159,1.0,0,0,0.0
molgen_ns1.0,betaLG,9,ok,127,127,1.0,0,0,0.0
apo2mol_250,NDPK-A,9,ok,149,149,1.0,0,0,0.0
apo2mol_250,SHP2,9,ok,159,159,1.0,3,6,3.7735849056603774
apo2mol_250,GLTP,9,ok,69,70,0.9857142857142858,0,0,0.0
molgen_ns1.0,Bcl-xL,9,ok,178,190,0.936842105263158,0,0,0.0
esmfold2,HIV_RT__3V81,9,ok,154,154,1.0,0,0,0.0
molgen_ns1.0,GCGR,9,ok,228,233,0.9785407725321889,0,0,0.0
esmfold2,KRAS,9,ok,160,160,1.0,0,0,0.0
molgen_ns1.0,CB1,9,ok,246,246,1.0,0,0,0.0
molgen_ns1.0,HIF2alpha,9,ok,172,172,1.0,0,0,0.0
boltz2,THSR__7UTZ,9,ok,186,186,1.0,0,0,0.0
apo2mol_250,HIV_RT,9,ok,178,178,1.0,6,11,6.179775280898877
esmfold2,THSR__7UTZ,9,ok,186,186,1.0,0,0,0.0
apo2mol_250,betaLG,9,ok,127,127,1.0,0,0,0.0
esmfold2,HIV_RT,9,ok,178,178,1.0,1,2,1.1235955056179776
apo2mol_250,HIV1_CA,9,ok,124,129,0.9612403100775194,0,0,0.0
apo2mol_250,FUT8,9,ok,181,181,1.0,14,17,9.392265193370166
apo2mol_250,HIV_RT__3V81,9,ok,154,154,1.0,2,4,2.5974025974025974
esmfold2,GLTP,9,ok,69,70,0.9857142857142858,0,0,0.0
apo2mol_250,Menin,9,ok,121,121,1.0,0,0,0.0
molgen_ns1.0,p53_Y220C__4AGQ,9,ok,128,128,1.0,0,0,0.0
molgen_ns1.0,p53_Y220C,9,ok,138,138,1.0,0,0,0.0
apo2mol_250,p53_Y220C__4AGQ,10,ok,125,128,0.9765625,4,7,5.6
esmfold2,betaLG,10,ok,127,127,1.0,0,0,0.0
boltz2,betaLG,10,ok,127,127,1.0,0,0,0.0
boltz2,SHP2,10,ok,159,159,1.0,0,0,0.0
molgen_ns1.0,KRAS,10,ok,158,160,0.9875,0,0,0.0
molgen_ns1.0,THSR,10,ok,206,206,1.0,0,0,0.0
esmfold2,HIV1_CA,10,ok,127,129,0.9844961240310076,0,0,0.0
molgen_ns1.0,HIV1_CA,10,ok,126,129,0.9767441860465116,0,0,0.0
esmfold2,HIF2alpha,10,ok,172,172,1.0,0,0,0.0
molgen_ns1.0,HIF2alpha__6D0B,10,ok,204,204,1.0,0,0,0.0
esmfold2,HIF2alpha__6D0B,10,ok,204,204,1.0,0,0,0.0
molgen_ns1.0,p53_Y220C,10,ok,138,138,1.0,0,0,0.0
boltz2,p53_Y220C__4AGQ,10,ok,128,128,1.0,0,0,0.0
molgen_ns1.0,cAbl,10,ok,179,179,1.0,0,0,0.0
boltz2,Bcl-xL,10,ok,190,190,1.0,0,0,0.0
boltz2,FUT8,10,ok,181,181,1.0,0,0,0.0
boltz2,GLTP,10,ok,69,70,0.9857142857142858,0,0,0.0
molgen_ns1.0,THSR__7UTZ,10,ok,186,186,1.0,0,0,0.0
apo2mol_250,p53_Y220C,10,ok,135,138,0.9782608695652174,0,0,0.0
apo2mol_250,THSR__7UTZ,10,ok,186,186,1.0,1,2,1.075268817204301
apo2mol_250,Bcl-xL,10,ok,178,190,0.936842105263158,1,2,1.1235955056179776
esmfold2,NDPK-A,10,ok,149,149,1.0,0,0,0.0
esmfold2,CB1,10,ok,246,246,1.0,0,0,0.0
esmfold2,METTL14,10,ok,185,185,1.0,0,0,0.0
esmfold2,SHP2,10,ok,159,159,1.0,0,0,0.0
molgen_ns1.0,HIV_RT,10,ok,178,178,1.0,0,0,0.0
molgen_ns1.0,HIV_RT__3V81,10,ok,154,154,1.0,0,0,0.0
boltz2,HIF2alpha,10,ok,172,172,1.0,0,0,0.0
molgen_ns1.0,SHP2,10,ok,159,159,1.0,0,0,0.0
boltz2,HIF2alpha__6D0B,10,ok,204,204,1.0,0,0,0.0
apo2mol_250,NDPK-A,10,ok,149,149,1.0,1,2,1.342281879194631
esmfold2,Bcl-xL,10,ok,190,190,1.0,0,0,0.0
esmfold2,p53_Y220C__4AGQ,10,ok,128,128,1.0,0,0,0.0
apo2mol_250,GCGR,10,missing_pocket,0,233,0.0,0,0,
apo2mol_250,CB1,10,ok,234,246,0.951219512195122,4,6,2.5641025641025643
apo2mol_250,HIF2alpha,10,ok,172,172,1.0,4,8,4.651162790697675
boltz2,HIV1_CA,10,ok,127,129,0.9844961240310076,0,0,0.0
apo2mol_250,HIF2alpha__6D0B,10,ok,204,204,1.0,4,8,3.92156862745098
molgen_ns1.0,METTL14,10,ok,185,185,1.0,0,0,0.0
boltz2,NDPK-A,10,ok,149,149,1.0,0,0,0.0
molgen_ns1.0,Menin,10,ok,121,121,1.0,0,0,0.0
boltz2,METTL14,10,ok,185,185,1.0,0,0,0.0
apo2mol_250,cAbl,10,ok,179,179,1.0,10,11,6.145251396648045
apo2mol_250,HIV_RT,10,ok,178,178,1.0,3,5,2.808988764044944
molgen_ns1.0,GCGR,10,ok,228,233,0.9785407725321889,0,0,0.0
apo2mol_250,Menin,10,ok,121,121,1.0,0,0,0.0
apo2mol_250,KRAS,10,ok,158,160,0.9875,4,7,4.430379746835443
esmfold2,HIV_RT,10,ok,178,178,1.0,0,0,0.0
esmfold2,HIV_RT__3V81,10,ok,154,154,1.0,0,0,0.0
apo2mol_250,GLTP,10,ok,69,70,0.9857142857142858,0,0,0.0
esmfold2,GLTP,10,ok,69,70,0.9857142857142858,0,0,0.0
molgen_ns1.0,HIF2alpha,10,ok,172,172,1.0,0,0,0.0
boltz2,HIV_RT,10,ok,178,178,1.0,0,0,0.0
boltz2,HIV_RT__3V81,10,ok,154,154,1.0,0,0,0.0
esmfold2,THSR,10,ok,206,206,1.0,0,0,0.0
molgen_ns1.0,CB1,10,ok,246,246,1.0,0,0,0.0
esmfold2,KRAS,10,ok,160,160,1.0,0,0,0.0
esmfold2,FUT8,10,ok,181,181,1.0,0,0,0.0
esmfold2,Menin,10,ok,121,121,1.0,0,0,0.0
apo2mol_250,FUT8,10,ok,181,181,1.0,6,11,6.077348066298343
boltz2,Menin,10,ok,121,121,1.0,0,0,0.0
apo2mol_250,HIV1_CA,10,ok,124,129,0.9612403100775194,2,4,3.225806451612903
molgen_ns1.0,p53_Y220C__4AGQ,10,ok,128,128,1.0,0,0,0.0
boltz2,THSR__7UTZ,10,ok,186,186,1.0,0,0,0.0
boltz2,THSR,10,ok,206,206,1.0,0,0,0.0
apo2mol_250,HIV_RT__3V81,10,ok,154,154,1.0,1,2,1.2987012987012987
molgen_ns1.0,FUT8,10,ok,181,181,1.0,0,0,0.0
boltz2,p53_Y220C,10,ok,138,138,1.0,0,0,0.0
apo2mol_250,THSR,10,ok,206,206,1.0,4,6,2.912621359223301
esmfold2,THSR__7UTZ,10,ok,186,186,1.0,0,0,0.0
apo2mol_250,SHP2,10,ok,159,159,1.0,5,7,4.40251572327044
apo2mol_250,betaLG,10,ok,127,127,1.0,1,2,1.5748031496062993
esmfold2,p53_Y220C,10,ok,138,138,1.0,0,0,0.0
apo2mol_250,METTL14,10,ok,178,185,0.9621621621621622,1,2,1.1235955056179776
molgen_ns1.0,GLTP,10,ok,70,70,1.0,0,0,0.0
boltz2,KRAS,10,ok,160,160,1.0,0,0,0.0
molgen_ns1.0,NDPK-A,10,ok,149,149,1.0,0,0,0.0
boltz2,CB1,10,ok,246,246,1.0,0,0,0.0
boltz2,CB1,11,ok,246,246,1.0,0,0,0.0
apo2mol_250,HIV_RT,11,ok,178,178,1.0,7,12,6.741573033707865
molgen_ns1.0,betaLG,11,ok,127,127,1.0,0,0,0.0
apo2mol_250,HIV_RT__3V81,11,ok,154,154,1.0,1,2,1.2987012987012987
apo2mol_250,THSR__7UTZ,11,ok,186,186,1.0,1,2,1.075268817204301
molgen_ns1.0,SHP2,11,ok,159,159,1.0,0,0,0.0
apo2mol_250,HIV1_CA,11,ok,124,129,0.9612403100775194,4,8,6.451612903225806
boltz2,KRAS,11,ok,160,160,1.0,0,0,0.0
molgen_ns1.0,GLTP,11,ok,70,70,1.0,0,0,0.0
molgen_ns1.0,Bcl-xL,11,ok,178,190,0.936842105263158,0,0,0.0
apo2mol_250,cAbl,11,ok,179,179,1.0,8,10,5.58659217877095
apo2mol_250,p53_Y220C,11,ok,135,138,0.9782608695652174,2,4,2.962962962962963
esmfold2,SHP2,11,ok,159,159,1.0,0,0,0.0
apo2mol_250,Bcl-xL,11,ok,178,190,0.936842105263158,6,9,5.056179775280899
apo2mol_250,p53_Y220C__4AGQ,11,ok,125,128,0.9765625,0,0,0.0
molgen_ns1.0,HIF2alpha,11,ok,172,172,1.0,0,0,0.0
esmfold2,HIV1_CA,11,ok,127,129,0.9844961240310076,0,0,0.0
molgen_ns1.0,HIV1_CA,11,ok,126,129,0.9767441860465116,0,0,0.0
molgen_ns1.0,HIV_RT,11,ok,178,178,1.0,0,0,0.0
esmfold2,HIV_RT,11,ok,178,178,1.0,2,3,1.6853932584269662
esmfold2,HIV_RT__3V81,11,ok,154,154,1.0,2,3,1.948051948051948
esmfold2,betaLG,11,ok,127,127,1.0,0,0,0.0
apo2mol_250,METTL14,11,ok,178,185,0.9621621621621622,0,0,0.0
esmfold2,Bcl-xL,11,ok,190,190,1.0,0,0,0.0
molgen_ns1.0,GCGR,11,ok,228,233,0.9785407725321889,0,0,0.0
apo2mol_250,NDPK-A,11,ok,149,149,1.0,3,6,4.026845637583893
molgen_ns1.0,Menin,11,ok,121,121,1.0,0,0,0.0
boltz2,SHP2,11,ok,159,159,1.0,0,0,0.0
molgen_ns1.0,KRAS,11,ok,158,160,0.9875,0,0,0.0
boltz2,betaLG,11,ok,127,127,1.0,0,0,0.0
esmfold2,p53_Y220C__4AGQ,11,ok,128,128,1.0,0,0,0.0
boltz2,p53_Y220C__4AGQ,11,ok,128,128,1.0,0,0,0.0
esmfold2,p53_Y220C,11,ok,138,138,1.0,0,0,0.0
molgen_ns1.0,HIV_RT__3V81,11,ok,154,154,1.0,0,0,0.0
esmfold2,CB1,11,ok,246,246,1.0,0,0,0.0
molgen_ns1.0,p53_Y220C,11,ok,138,138,1.0,0,0,0.0
apo2mol_250,FUT8,11,ok,181,181,1.0,7,13,7.18232044198895
apo2mol_250,GLTP,11,ok,69,70,0.9857142857142858,0,0,0.0
boltz2,THSR__7UTZ,11,ok,186,186,1.0,0,0,0.0
esmfold2,FUT8,11,ok,181,181,1.0,0,0,0.0
molgen_ns1.0,p53_Y220C__4AGQ,11,ok,128,128,1.0,0,0,0.0
molgen_ns1.0,FUT8,11,ok,181,181,1.0,0,0,0.0
esmfold2,NDPK-A,11,ok,149,149,1.0,0,0,0.0
esmfold2,GLTP,11,ok,69,70,0.9857142857142858,0,0,0.0
esmfold2,METTL14,11,ok,185,185,1.0,0,0,0.0
boltz2,Menin,11,ok,121,121,1.0,0,0,0.0
boltz2,THSR,11,ok,206,206,1.0,0,0,0.0
boltz2,HIV1_CA,11,ok,127,129,0.9844961240310076,0,0,0.0
apo2mol_250,betaLG,11,ok,127,127,1.0,1,2,1.5748031496062993
esmfold2,THSR__7UTZ,11,ok,186,186,1.0,0,0,0.0
apo2mol_250,SHP2,11,ok,159,159,1.0,1,2,1.2578616352201255
esmfold2,THSR,11,ok,206,206,1.0,0,0,0.0
esmfold2,Menin,11,ok,121,121,1.0,0,0,0.0
molgen_ns1.0,METTL14,11,ok,185,185,1.0,0,0,0.0
boltz2,METTL14,11,ok,185,185,1.0,0,0,0.0
esmfold2,KRAS,11,ok,160,160,1.0,0,0,0.0
molgen_ns1.0,NDPK-A,11,ok,149,149,1.0,0,0,0.0
boltz2,HIF2alpha,11,ok,172,172,1.0,0,0,0.0
apo2mol_250,HIF2alpha__6D0B,11,ok,204,204,1.0,1,2,0.9803921568627452
boltz2,HIF2alpha__6D0B,11,ok,204,204,1.0,0,0,0.0
apo2mol_250,KRAS,11,ok,158,160,0.9875,9,13,8.227848101265822
apo2mol_250,THSR,11,ok,206,206,1.0,7,12,5.825242718446602
boltz2,HIV_RT,11,ok,178,178,1.0,0,0,0.0
boltz2,HIV_RT__3V81,11,ok,154,154,1.0,0,0,0.0
apo2mol_250,Menin,11,ok,121,121,1.0,0,0,0.0
apo2mol_250,GCGR,11,missing_pocket,0,233,0.0,0,0,
apo2mol_250,HIF2alpha,11,ok,172,172,1.0,1,2,1.162790697674419
apo2mol_250,CB1,11,ok,234,246,0.951219512195122,7,10,4.273504273504273
esmfold2,HIF2alpha,11,ok,172,172,1.0,0,0,0.0
esmfold2,HIF2alpha__6D0B,11,ok,204,204,1.0,0,0,0.0
molgen_ns1.0,HIF2alpha__6D0B,11,ok,204,204,1.0,0,0,0.0
molgen_ns1.0,THSR,11,ok,206,206,1.0,0,0,0.0
boltz2,GLTP,11,ok,69,70,0.9857142857142858,0,0,0.0
molgen_ns1.0,THSR__7UTZ,11,ok,186,186,1.0,0,0,0.0
boltz2,Bcl-xL,11,ok,190,190,1.0,0,0,0.0
boltz2,FUT8,11,ok,181,181,1.0,0,0,0.0
molgen_ns1.0,cAbl,11,ok,179,179,1.0,0,0,0.0
boltz2,NDPK-A,11,ok,149,149,1.0,0,0,0.0
molgen_ns1.0,CB1,11,ok,246,246,1.0,0,0,0.0
boltz2,p53_Y220C,11,ok,138,138,1.0,0,0,0.0
esmfold2,SHP2,12,ok,159,159,1.0,0,0,0.0
apo2mol_250,p53_Y220C__4AGQ,12,ok,125,128,0.9765625,3,4,3.2
esmfold2,betaLG,12,ok,127,127,1.0,0,0,0.0
esmfold2,HIV_RT,12,ok,178,178,1.0,0,0,0.0
esmfold2,HIV_RT__3V81,12,ok,154,154,1.0,0,0,0.0
apo2mol_250,cAbl,12,ok,179,179,1.0,3,5,2.793296089385475
molgen_ns1.0,KRAS,12,ok,158,160,0.9875,0,0,0.0
molgen_ns1.0,HIF2alpha,12,ok,172,172,1.0,0,0,0.0
molgen_ns1.0,HIV1_CA,12,ok,126,129,0.9767441860465116,0,0,0.0
molgen_ns1.0,p53_Y220C,12,ok,138,138,1.0,0,0,0.0
esmfold2,p53_Y220C__4AGQ,12,ok,128,128,1.0,0,0,0.0
boltz2,betaLG,12,ok,127,127,1.0,0,0,0.0
molgen_ns1.0,HIV_RT__3V81,12,ok,154,154,1.0,0,0,0.0
esmfold2,CB1,12,ok,246,246,1.0,0,0,0.0
molgen_ns1.0,GCGR,12,ok,228,233,0.9785407725321889,0,0,0.0
apo2mol_250,NDPK-A,12,ok,149,149,1.0,0,0,0.0
apo2mol_250,METTL14,12,ok,178,185,0.9621621621621622,4,7,3.932584269662921
esmfold2,Bcl-xL,12,ok,190,190,1.0,0,0,0.0
boltz2,SHP2,12,ok,159,159,1.0,1,2,1.2578616352201255
molgen_ns1.0,Menin,12,ok,121,121,1.0,0,0,0.0
esmfold2,METTL14,12,ok,185,185,1.0,0,0,0.0
esmfold2,NDPK-A,12,ok,149,149,1.0,0,0,0.0
boltz2,Menin,12,ok,121,121,1.0,0,0,0.0
molgen_ns1.0,FUT8,12,ok,181,181,1.0,0,0,0.0
boltz2,THSR,12,ok,206,206,1.0,0,0,0.0
apo2mol_250,Bcl-xL,12,ok,178,190,0.936842105263158,7,12,6.741573033707865
apo2mol_250,GLTP,12,ok,69,70,0.9857142857142858,0,0,0.0
apo2mol_250,FUT8,12,ok,181,181,1.0,1,2,1.1049723756906078
esmfold2,GLTP,12,ok,69,70,0.9857142857142858,0,0,0.0
boltz2,THSR__7UTZ,12,ok,186,186,1.0,0,0,0.0
molgen_ns1.0,p53_Y220C__4AGQ,12,ok,128,128,1.0,0,0,0.0
esmfold2,FUT8,12,ok,181,181,1.0,0,0,0.0
molgen_ns1.0,GLTP,12,ok,70,70,1.0,0,0,0.0
boltz2,KRAS,12,ok,160,160,1.0,0,0,0.0
apo2mol_250,THSR__7UTZ,12,ok,186,186,1.0,0,0,0.0
apo2mol_250,THSR,12,ok,206,206,1.0,1,2,0.970873786407767
apo2mol_250,p53_Y220C,12,ok,135,138,0.9782608695652174,5,8,5.925925925925926
molgen_ns1.0,Bcl-xL,12,ok,178,190,0.936842105263158,0,0,0.0
apo2mol_250,HIV_RT,12,ok,178,178,1.0,5,8,4.49438202247191
apo2mol_250,HIF2alpha__6D0B,12,ok,204,204,1.0,2,4,1.96078431372549
boltz2,CB1,12,ok,246,246,1.0,0,0,0.0
molgen_ns1.0,betaLG,12,ok,127,127,1.0,0,0,0.0
molgen_ns1.0,SHP2,12,ok,159,159,1.0,0,0,0.0
apo2mol_250,HIV1_CA,12,ok,124,129,0.9612403100775194,0,0,0.0
apo2mol_250,HIV_RT__3V81,12,ok,154,154,1.0,0,0,0.0
apo2mol_250,Menin,12,ok,121,121,1.0,0,0,0.0
molgen_ns1.0,HIV_RT,12,ok,178,178,1.0,0,0,0.0
esmfold2,HIV1_CA,12,ok,127,129,0.9844961240310076,0,0,0.0
molgen_ns1.0,THSR__7UTZ,12,ok,186,186,1.0,0,0,0.0
boltz2,GLTP,12,ok,69,70,0.9857142857142858,0,0,0.0
molgen_ns1.0,THSR,12,ok,206,206,1.0,0,0,0.0
apo2mol_250,betaLG,12,ok,127,127,1.0,0,0,0.0
esmfold2,p53_Y220C,12,ok,138,138,1.0,0,0,0.0
boltz2,p53_Y220C,12,ok,138,138,1.0,0,0,0.0
boltz2,FUT8,12,ok,181,181,1.0,0,0,0.0
boltz2,p53_Y220C__4AGQ,12,ok,128,128,1.0,0,0,0.0
molgen_ns1.0,METTL14,12,ok,185,185,1.0,0,0,0.0
boltz2,HIF2alpha__6D0B,12,ok,204,204,1.0,1,2,0.9803921568627452
apo2mol_250,KRAS,12,ok,158,160,0.9875,4,6,3.79746835443038
esmfold2,KRAS,12,ok,160,160,1.0,0,0,0.0
boltz2,NDPK-A,12,ok,149,149,1.0,0,0,0.0
esmfold2,Menin,12,ok,121,121,1.0,0,0,0.0
boltz2,METTL14,12,ok,185,185,1.0,0,0,0.0
apo2mol_250,SHP2,12,ok,159,159,1.0,2,4,2.5157232704402515
esmfold2,THSR,12,ok,206,206,1.0,0,0,0.0
molgen_ns1.0,CB1,12,ok,246,246,1.0,0,0,0.0
esmfold2,THSR__7UTZ,12,ok,186,186,1.0,0,0,0.0
boltz2,Bcl-xL,12,ok,190,190,1.0,1,2,1.0526315789473684
molgen_ns1.0,cAbl,12,ok,179,179,1.0,0,0,0.0
molgen_ns1.0,NDPK-A,12,ok,149,149,1.0,0,0,0.0
boltz2,HIV1_CA,12,ok,127,129,0.9844961240310076,0,0,0.0
boltz2,HIV_RT__3V81,12,ok,154,154,1.0,0,0,0.0
boltz2,HIV_RT,12,ok,178,178,1.0,0,0,0.0
esmfold2,HIF2alpha,12,ok,172,172,1.0,0,0,0.0
molgen_ns1.0,HIF2alpha__6D0B,12,ok,204,204,1.0,0,0,0.0
esmfold2,HIF2alpha__6D0B,12,ok,204,204,1.0,0,0,0.0
boltz2,HIF2alpha,12,ok,172,172,1.0,0,0,0.0
apo2mol_250,CB1,12,ok,234,246,0.951219512195122,4,7,2.9914529914529915
apo2mol_250,GCGR,12,missing_pocket,0,233,0.0,0,0,
apo2mol_250,HIF2alpha,12,ok,172,172,1.0,0,0,0.0
apo2mol_250,HIF2alpha,13,ok,172,172,1.0,2,3,1.744186046511628
boltz2,HIF2alpha,13,ok,172,172,1.0,0,0,0.0
apo2mol_250,GCGR,13,missing_pocket,0,233,0.0,0,0,
apo2mol_250,CB1,13,ok,234,246,0.951219512195122,5,9,3.8461538461538463
esmfold2,HIF2alpha,13,ok,172,172,1.0,0,0,0.0
molgen_ns1.0,HIF2alpha__6D0B,13,ok,204,204,1.0,0,0,0.0
esmfold2,HIF2alpha__6D0B,13,ok,204,204,1.0,0,0,0.0
boltz2,HIV_RT,13,ok,178,178,1.0,0,0,0.0
boltz2,HIV_RT__3V81,13,ok,154,154,1.0,0,0,0.0
boltz2,HIV1_CA,13,ok,127,129,0.9844961240310076,0,0,0.0
molgen_ns1.0,NDPK-A,13,ok,149,149,1.0,0,0,0.0
apo2mol_250,KRAS,13,ok,158,160,0.9875,4,8,5.063291139240507
molgen_ns1.0,METTL14,13,ok,185,185,1.0,0,0,0.0
boltz2,NDPK-A,13,ok,149,149,1.0,0,0,0.0
boltz2,METTL14,13,ok,185,185,1.0,0,0,0.0
molgen_ns1.0,CB1,13,ok,246,246,1.0,0,0,0.0
esmfold2,THSR,13,ok,206,206,1.0,0,0,0.0
esmfold2,Menin,13,ok,121,121,1.0,0,0,0.0
esmfold2,THSR__7UTZ,13,ok,186,186,1.0,0,0,0.0
molgen_ns1.0,THSR__7UTZ,13,ok,186,186,1.0,0,0,0.0
apo2mol_250,SHP2,13,ok,159,159,1.0,7,9,5.660377358490566
molgen_ns1.0,THSR,13,ok,206,206,1.0,0,0,0.0
boltz2,GLTP,13,ok,69,70,0.9857142857142858,0,0,0.0
apo2mol_250,betaLG,13,ok,127,127,1.0,1,2,1.5748031496062993
esmfold2,p53_Y220C,13,ok,138,138,1.0,0,0,0.0
boltz2,FUT8,13,ok,181,181,1.0,0,0,0.0
molgen_ns1.0,cAbl,13,ok,179,179,1.0,0,0,0.0
boltz2,Bcl-xL,13,ok,190,190,1.0,1,2,1.0526315789473684
molgen_ns1.0,p53_Y220C,13,ok,138,138,1.0,0,0,0.0
boltz2,p53_Y220C,13,ok,138,138,1.0,0,0,0.0
apo2mol_250,NDPK-A,13,ok,149,149,1.0,0,0,0.0
esmfold2,p53_Y220C__4AGQ,13,ok,128,128,1.0,0,0,0.0
boltz2,p53_Y220C__4AGQ,13,ok,128,128,1.0,0,0,0.0
molgen_ns1.0,HIV_RT__3V81,13,ok,154,154,1.0,0,0,0.0
boltz2,betaLG,13,ok,127,127,1.0,0,0,0.0
esmfold2,CB1,13,ok,246,246,1.0,0,0,0.0
boltz2,SHP2,13,ok,159,159,1.0,0,0,0.0
molgen_ns1.0,Menin,13,ok,121,121,1.0,1,2,1.6528925619834711
esmfold2,KRAS,13,ok,160,160,1.0,0,0,0.0
molgen_ns1.0,GCGR,13,ok,228,233,0.9785407725321889,0,0,0.0
esmfold2,HIV_RT__3V81,13,ok,154,154,1.0,0,0,0.0
molgen_ns1.0,KRAS,13,ok,158,160,0.9875,0,0,0.0
apo2mol_250,METTL14,13,ok,178,185,0.9621621621621622,2,3,1.6853932584269662
esmfold2,Bcl-xL,13,ok,190,190,1.0,1,2,1.0526315789473684
molgen_ns1.0,p53_Y220C__4AGQ,13,ok,128,128,1.0,3,5,3.90625
boltz2,THSR__7UTZ,13,ok,186,186,1.0,0,0,0.0
esmfold2,FUT8,13,ok,181,181,1.0,0,0,0.0
esmfold2,GLTP,13,ok,69,70,0.9857142857142858,0,0,0.0
apo2mol_250,GLTP,13,ok,69,70,0.9857142857142858,0,0,0.0
apo2mol_250,FUT8,13,ok,181,181,1.0,7,11,6.077348066298343
esmfold2,NDPK-A,13,ok,149,149,1.0,0,0,0.0
esmfold2,METTL14,13,ok,185,185,1.0,0,0,0.0
molgen_ns1.0,FUT8,13,ok,181,181,1.0,0,0,0.0
boltz2,Menin,13,ok,121,121,1.0,0,0,0.0
apo2mol_250,Bcl-xL,13,ok,178,190,0.936842105263158,2,4,2.247191011235955
boltz2,THSR,13,ok,206,206,1.0,0,0,0.0
apo2mol_250,p53_Y220C__4AGQ,13,ok,125,128,0.9765625,4,7,5.6
esmfold2,SHP2,13,ok,159,159,1.0,0,0,0.0
molgen_ns1.0,HIV1_CA,13,ok,126,129,0.9767441860465116,0,0,0.0
molgen_ns1.0,HIV_RT,13,ok,178,178,1.0,0,0,0.0
esmfold2,HIV1_CA,13,ok,127,129,0.9844961240310076,0,0,0.0
esmfold2,HIV_RT,13,ok,178,178,1.0,0,0,0.0
molgen_ns1.0,HIF2alpha,13,ok,172,172,1.0,0,0,0.0
molgen_ns1.0,GLTP,13,ok,70,70,1.0,0,0,0.0
esmfold2,betaLG,13,ok,127,127,1.0,0,0,0.0
boltz2,KRAS,13,ok,160,160,1.0,0,0,0.0
apo2mol_250,THSR,13,ok,206,206,1.0,9,13,6.310679611650485
apo2mol_250,cAbl,13,ok,179,179,1.0,10,14,7.82122905027933
molgen_ns1.0,Bcl-xL,13,ok,178,190,0.936842105263158,0,0,0.0
apo2mol_250,Menin,13,ok,121,121,1.0,0,0,0.0
apo2mol_250,THSR__7UTZ,13,ok,186,186,1.0,3,5,2.6881720430107525
apo2mol_250,p53_Y220C,13,ok,135,138,0.9782608695652174,3,5,3.703703703703704
boltz2,HIF2alpha__6D0B,13,ok,204,204,1.0,0,0,0.0
apo2mol_250,HIV_RT__3V81,13,ok,154,154,1.0,2,3,1.948051948051948
apo2mol_250,HIV1_CA,13,ok,124,129,0.9612403100775194,1,2,1.6129032258064515
molgen_ns1.0,SHP2,13,ok,159,159,1.0,0,0,0.0
apo2mol_250,HIV_RT,13,ok,178,178,1.0,3,5,2.808988764044944
apo2mol_250,HIF2alpha__6D0B,13,ok,204,204,1.0,2,4,1.96078431372549
molgen_ns1.0,betaLG,13,ok,127,127,1.0,0,0,0.0
boltz2,CB1,13,ok,246,246,1.0,0,0,0.0
boltz2,CB1,14,ok,246,246,1.0,0,0,0.0
molgen_ns1.0,SHP2,14,ok,159,159,1.0,0,0,0.0
apo2mol_250,GCGR,14,missing_pocket,0,233,0.0,0,0,
molgen_ns1.0,HIF2alpha__6D0B,14,ok,204,204,1.0,0,0,0.0
esmfold2,HIF2alpha,14,ok,172,172,1.0,0,0,0.0
apo2mol_250,HIF2alpha__6D0B,14,ok,204,204,1.0,8,12,5.882352941176471
molgen_ns1.0,HIV_RT,14,ok,178,178,1.0,0,0,0.0
apo2mol_250,THSR__7UTZ,14,ok,186,186,1.0,1,2,1.075268817204301
apo2mol_250,p53_Y220C,14,ok,135,138,0.9782608695652174,2,4,2.962962962962963
esmfold2,CB1,14,ok,246,246,1.0,0,0,0.0
apo2mol_250,p53_Y220C__4AGQ,14,ok,125,128,0.9765625,2,4,3.2
boltz2,betaLG,14,ok,127,127,1.0,0,0,0.0
molgen_ns1.0,HIV_RT__3V81,14,ok,154,154,1.0,0,0,0.0
molgen_ns1.0,GLTP,14,ok,70,70,1.0,0,0,0.0
boltz2,KRAS,14,ok,160,160,1.0,0,0,0.0
esmfold2,betaLG,14,ok,127,127,1.0,0,0,0.0
esmfold2,HIV_RT,14,ok,178,178,1.0,1,2,1.1235955056179776
esmfold2,HIV1_CA,14,ok,127,129,0.9844961240310076,0,0,0.0
molgen_ns1.0,HIF2alpha,14,ok,172,172,1.0,0,0,0.0
boltz2,HIV_RT__3V81,14,ok,154,154,1.0,0,0,0.0
molgen_ns1.0,METTL14,14,ok,185,185,1.0,0,0,0.0
boltz2,HIV_RT,14,ok,178,178,1.0,3,4,2.247191011235955
apo2mol_250,Menin,14,ok,121,121,1.0,0,0,0.0
apo2mol_250,Bcl-xL,14,ok,178,190,0.936842105263158,9,10,5.617977528089888
esmfold2,SHP2,14,ok,159,159,1.0,0,0,0.0
boltz2,THSR,14,ok,206,206,1.0,0,0,0.0
molgen_ns1.0,p53_Y220C__4AGQ,14,ok,128,128,1.0,0,0,0.0
boltz2,THSR__7UTZ,14,ok,186,186,1.0,0,0,0.0
esmfold2,GLTP,14,ok,69,70,0.9857142857142858,0,0,0.0
boltz2,NDPK-A,14,ok,149,149,1.0,0,0,0.0
apo2mol_250,GLTP,14,ok,69,70,0.9857142857142858,0,0,0.0
apo2mol_250,FUT8,14,ok,181,181,1.0,8,12,6.629834254143646
esmfold2,FUT8,14,ok,181,181,1.0,0,0,0.0
esmfold2,METTL14,14,ok,185,185,1.0,0,0,0.0
molgen_ns1.0,FUT8,14,ok,181,181,1.0,0,0,0.0
esmfold2,HIV_RT__3V81,14,ok,154,154,1.0,0,0,0.0
esmfold2,KRAS,14,ok,160,160,1.0,0,0,0.0
molgen_ns1.0,GCGR,14,ok,228,233,0.9785407725321889,0,0,0.0
boltz2,Menin,14,ok,121,121,1.0,0,0,0.0
esmfold2,NDPK-A,14,ok,149,149,1.0,0,0,0.0
boltz2,SHP2,14,ok,159,159,1.0,0,0,0.0
molgen_ns1.0,Menin,14,ok,121,121,1.0,0,0,0.0
molgen_ns1.0,KRAS,14,ok,158,160,0.9875,0,0,0.0
apo2mol_250,cAbl,14,ok,179,179,1.0,9,13,7.262569832402234
apo2mol_250,THSR,14,ok,206,206,1.0,3,6,2.912621359223301
molgen_ns1.0,Bcl-xL,14,ok,178,190,0.936842105263158,0,0,0.0
boltz2,p53_Y220C__4AGQ,14,ok,128,128,1.0,0,0,0.0
esmfold2,p53_Y220C__4AGQ,14,ok,128,128,1.0,0,0,0.0
apo2mol_250,NDPK-A,14,ok,149,149,1.0,1,2,1.342281879194631
apo2mol_250,METTL14,14,ok,178,185,0.9621621621621622,2,3,1.6853932584269662
apo2mol_250,betaLG,14,ok,127,127,1.0,0,0,0.0
esmfold2,Bcl-xL,14,ok,190,190,1.0,0,0,0.0
boltz2,HIF2alpha__6D0B,14,ok,204,204,1.0,0,0,0.0
molgen_ns1.0,cAbl,14,ok,179,179,1.0,0,0,0.0
boltz2,FUT8,14,ok,181,181,1.0,0,0,0.0
boltz2,Bcl-xL,14,ok,190,190,1.0,1,2,1.0526315789473684
molgen_ns1.0,THSR,14,ok,206,206,1.0,0,0,0.0
apo2mol_250,CB1,14,ok,234,246,0.951219512195122,10,16,6.837606837606837
boltz2,HIF2alpha,14,ok,172,172,1.0,0,0,0.0
molgen_ns1.0,NDPK-A,14,ok,149,149,1.0,0,0,0.0
boltz2,HIV1_CA,14,ok,127,129,0.9844961240310076,0,0,0.0
esmfold2,HIF2alpha__6D0B,14,ok,204,204,1.0,0,0,0.0
apo2mol_250,HIV_RT__3V81,14,ok,154,154,1.0,2,4,2.5974025974025974
apo2mol_250,HIV_RT,14,ok,178,178,1.0,3,5,2.808988764044944
apo2mol_250,KRAS,14,ok,158,160,0.9875,3,6,3.79746835443038
apo2mol_250,HIV1_CA,14,ok,124,129,0.9612403100775194,0,0,0.0
esmfold2,p53_Y220C,14,ok,138,138,1.0,0,0,0.0
apo2mol_250,HIF2alpha,14,ok,172,172,1.0,3,6,3.488372093023256
boltz2,GLTP,14,ok,69,70,0.9857142857142858,0,0,0.0
molgen_ns1.0,THSR__7UTZ,14,ok,186,186,1.0,0,0,0.0
boltz2,p53_Y220C,14,ok,138,138,1.0,0,0,0.0
molgen_ns1.0,p53_Y220C,14,ok,138,138,1.0,0,0,0.0
esmfold2,THSR__7UTZ,14,ok,186,186,1.0,0,0,0.0
esmfold2,Menin,14,ok,121,121,1.0,0,0,0.0
esmfold2,THSR,14,ok,206,206,1.0,0,0,0.0
apo2mol_250,SHP2,14,ok,159,159,1.0,0,0,0.0
molgen_ns1.0,CB1,14,ok,246,246,1.0,0,0,0.0
boltz2,METTL14,14,ok,185,185,1.0,0,0,0.0
molgen_ns1.0,GLTP,15,ok,70,70,1.0,0,0,0.0
esmfold2,betaLG,15,ok,127,127,1.0,0,0,0.0
esmfold2,SHP2,15,ok,159,159,1.0,0,0,0.0
apo2mol_250,p53_Y220C__4AGQ,15,ok,125,128,0.9765625,4,7,5.6
molgen_ns1.0,HIV_RT__3V81,15,ok,154,154,1.0,0,0,0.0
boltz2,betaLG,15,ok,127,127,1.0,0,0,0.0
esmfold2,HIV1_CA,15,ok,127,129,0.9844961240310076,0,0,0.0
boltz2,HIV_RT__3V81,15,ok,154,154,1.0,0,0,0.0
molgen_ns1.0,METTL14,15,ok,185,185,1.0,0,0,0.0
boltz2,HIV_RT,15,ok,178,178,1.0,0,0,0.0
molgen_ns1.0,HIF2alpha,15,ok,172,172,1.0,0,0,0.0
esmfold2,HIV_RT,15,ok,178,178,1.0,1,2,1.1235955056179776
molgen_ns1.0,SHP2,15,ok,159,159,1.0,0,0,0.0
boltz2,NDPK-A,15,ok,149,149,1.0,0,0,0.0
molgen_ns1.0,THSR,15,ok,206,206,1.0,0,0,0.0
boltz2,METTL14,15,ok,185,185,1.0,0,0,0.0
esmfold2,KRAS,15,ok,160,160,1.0,0,0,0.0
esmfold2,Menin,15,ok,121,121,1.0,0,0,0.0
esmfold2,GLTP,15,ok,69,70,0.9857142857142858,0,0,0.0
esmfold2,NDPK-A,15,ok,149,149,1.0,0,0,0.0
apo2mol_250,Bcl-xL,15,ok,178,190,0.936842105263158,6,9,5.056179775280899
boltz2,THSR,15,ok,206,206,1.0,0,0,0.0
molgen_ns1.0,p53_Y220C__4AGQ,15,ok,128,128,1.0,0,0,0.0
boltz2,THSR__7UTZ,15,ok,186,186,1.0,0,0,0.0
esmfold2,FUT8,15,ok,181,181,1.0,0,0,0.0
molgen_ns1.0,Menin,15,ok,121,121,1.0,0,0,0.0
apo2mol_250,cAbl,15,ok,179,179,1.0,4,6,3.35195530726257
boltz2,KRAS,15,ok,160,160,1.0,0,0,0.0
boltz2,SHP2,15,ok,159,159,1.0,0,0,0.0
molgen_ns1.0,GCGR,15,ok,228,233,0.9785407725321889,0,0,0.0
molgen_ns1.0,KRAS,15,ok,158,160,0.9875,0,0,0.0
esmfold2,HIV_RT__3V81,15,ok,154,154,1.0,0,0,0.0
apo2mol_250,GLTP,15,ok,69,70,0.9857142857142858,0,0,0.0
esmfold2,METTL14,15,ok,185,185,1.0,0,0,0.0
molgen_ns1.0,Bcl-xL,15,ok,178,190,0.936842105263158,0,0,0.0
boltz2,Menin,15,ok,121,121,1.0,0,0,0.0
apo2mol_250,THSR,15,ok,206,206,1.0,6,9,4.368932038834951
apo2mol_250,THSR__7UTZ,15,ok,186,186,1.0,7,11,5.913978494623656
apo2mol_250,p53_Y220C,15,ok,135,138,0.9782608695652174,0,0,0.0
molgen_ns1.0,HIF2alpha__6D0B,15,ok,204,204,1.0,0,0,0.0
molgen_ns1.0,HIV_RT,15,ok,178,178,1.0,0,0,0.0
esmfold2,CB1,15,ok,246,246,1.0,0,0,0.0
apo2mol_250,GCGR,15,missing_pocket,0,233,0.0,0,0,
molgen_ns1.0,betaLG,15,ok,127,127,1.0,0,0,0.0
boltz2,CB1,15,ok,246,246,1.0,0,0,0.0
esmfold2,HIF2alpha__6D0B,15,ok,204,204,1.0,0,0,0.0
molgen_ns1.0,p53_Y220C,15,ok,138,138,1.0,0,0,0.0
boltz2,p53_Y220C,15,ok,138,138,1.0,0,0,0.0
molgen_ns1.0,THSR__7UTZ,15,ok,186,186,1.0,0,0,0.0
boltz2,GLTP,15,ok,69,70,0.9857142857142858,0,0,0.0
esmfold2,THSR,15,ok,206,206,1.0,0,0,0.0
esmfold2,THSR__7UTZ,15,ok,186,186,1.0,0,0,0.0
molgen_ns1.0,CB1,15,ok,246,246,1.0,0,0,0.0
apo2mol_250,betaLG,15,ok,127,127,1.0,1,2,1.5748031496062993
boltz2,FUT8,15,ok,181,181,1.0,0,0,0.0
boltz2,HIF2alpha__6D0B,15,ok,204,204,1.0,1,2,0.9803921568627452
esmfold2,p53_Y220C,15,ok,138,138,1.0,0,0,0.0
boltz2,Bcl-xL,15,ok,190,190,1.0,3,4,2.1052631578947367
molgen_ns1.0,cAbl,15,ok,179,179,1.0,0,0,0.0
apo2mol_250,NDPK-A,15,ok,149,149,1.0,4,6,4.026845637583893
esmfold2,Bcl-xL,15,ok,190,190,1.0,0,0,0.0
boltz2,p53_Y220C__4AGQ,15,ok,128,128,1.0,0,0,0.0
esmfold2,p53_Y220C__4AGQ,15,ok,128,128,1.0,0,0,0.0
esmfold2,HIF2alpha,15,ok,172,172,1.0,0,0,0.0
apo2mol_250,HIF2alpha,15,ok,172,172,1.0,2,4,2.3255813953488373
boltz2,HIF2alpha,15,ok,172,172,1.0,0,0,0.0
molgen_ns1.0,NDPK-A,15,ok,149,149,1.0,0,0,0.0
boltz2,HIV1_CA,15,ok,127,129,0.9844961240310076,0,0,0.0
apo2mol_250,KRAS,15,ok,158,160,0.9875,2,3,1.8987341772151896
apo2mol_250,HIV_RT__3V81,15,ok,154,154,1.0,2,4,2.5974025974025974
apo2mol_250,HIV_RT,15,ok,178,178,1.0,2,4,2.247191011235955
apo2mol_250,HIV1_CA,15,ok,124,129,0.9612403100775194,1,2,1.6129032258064515
apo2mol_250,HIV_RT__3V81,16,ok,154,154,1.0,1,2,1.2987012987012987
apo2mol_250,HIV1_CA,16,ok,124,129,0.9612403100775194,4,8,6.451612903225806
apo2mol_250,HIV_RT,16,ok,178,178,1.0,5,7,3.932584269662921
boltz2,HIV1_CA,16,ok,127,129,0.9844961240310076,0,0,0.0
molgen_ns1.0,NDPK-A,16,ok,149,149,1.0,0,0,0.0
boltz2,CB1,16,ok,246,246,1.0,0,0,0.0
boltz2,HIF2alpha__6D0B,16,ok,204,204,1.0,0,0,0.0
apo2mol_250,HIF2alpha,16,ok,172,172,1.0,4,8,4.651162790697675
boltz2,HIF2alpha,16,ok,172,172,1.0,0,0,0.0
molgen_ns1.0,HIV_RT,16,ok,178,178,1.0,0,0,0.0
esmfold2,HIF2alpha,16,ok,172,172,1.0,0,0,0.0
boltz2,p53_Y220C__4AGQ,16,ok,128,128,1.0,0,0,0.0
esmfold2,p53_Y220C__4AGQ,16,ok,128,128,1.0,0,0,0.0
boltz2,p53_Y220C,16,ok,138,138,1.0,0,0,0.0
molgen_ns1.0,p53_Y220C,16,ok,138,138,1.0,0,0,0.0
esmfold2,p53_Y220C,16,ok,138,138,1.0,0,0,0.0
molgen_ns1.0,cAbl,16,ok,179,179,1.0,0,0,0.0
boltz2,Bcl-xL,16,ok,190,190,1.0,0,0,0.0
boltz2,FUT8,16,ok,181,181,1.0,0,0,0.0
apo2mol_250,NDPK-A,16,ok,149,149,1.0,0,0,0.0
molgen_ns1.0,p53_Y220C__4AGQ,16,ok,128,128,1.0,0,0,0.0
boltz2,THSR__7UTZ,16,ok,186,186,1.0,0,0,0.0
boltz2,THSR,16,ok,206,206,1.0,0,0,0.0
apo2mol_250,Bcl-xL,16,ok,178,190,0.936842105263158,2,4,2.247191011235955
esmfold2,FUT8,16,ok,181,181,1.0,0,0,0.0
esmfold2,Bcl-xL,16,ok,190,190,1.0,0,0,0.0
esmfold2,METTL14,16,ok,185,185,1.0,0,0,0.0
esmfold2,NDPK-A,16,ok,149,149,1.0,0,0,0.0
esmfold2,KRAS,16,ok,160,160,1.0,0,0,0.0
boltz2,Menin,16,ok,121,121,1.0,0,0,0.0
molgen_ns1.0,Bcl-xL,16,ok,178,190,0.936842105263158,0,0,0.0
boltz2,NDPK-A,16,ok,149,149,1.0,0,0,0.0
molgen_ns1.0,THSR,16,ok,206,206,1.0,0,0,0.0
boltz2,METTL14,16,ok,185,185,1.0,0,0,0.0
apo2mol_250,GLTP,16,ok,69,70,0.9857142857142858,0,0,0.0
esmfold2,GLTP,16,ok,69,70,0.9857142857142858,0,0,0.0
esmfold2,Menin,16,ok,121,121,1.0,0,0,0.0
apo2mol_250,betaLG,16,ok,127,127,1.0,1,2,1.5748031496062993
molgen_ns1.0,THSR__7UTZ,16,ok,186,186,1.0,0,0,0.0
molgen_ns1.0,CB1,16,ok,246,246,1.0,0,0,0.0
esmfold2,THSR,16,ok,206,206,1.0,0,0,0.0
esmfold2,THSR__7UTZ,16,ok,186,186,1.0,0,0,0.0
boltz2,GLTP,16,ok,69,70,0.9857142857142858,0,0,0.0
boltz2,betaLG,16,ok,127,127,1.0,0,0,0.0
molgen_ns1.0,HIF2alpha,16,ok,172,172,1.0,0,0,0.0
molgen_ns1.0,HIV_RT__3V81,16,ok,154,154,1.0,0,0,0.0
esmfold2,HIV_RT__3V81,16,ok,154,154,1.0,0,0,0.0
esmfold2,HIV1_CA,16,ok,127,129,0.9844961240310076,0,0,0.0
esmfold2,HIV_RT,16,ok,178,178,1.0,0,0,0.0
apo2mol_250,KRAS,16,ok,158,160,0.9875,3,6,3.79746835443038
apo2mol_250,THSR__7UTZ,16,ok,186,186,1.0,1,2,1.075268817204301
apo2mol_250,THSR,16,ok,206,206,1.0,3,5,2.4271844660194173
molgen_ns1.0,METTL14,16,ok,185,185,1.0,0,0,0.0
boltz2,HIV_RT__3V81,16,ok,154,154,1.0,2,3,1.948051948051948
boltz2,HIV_RT,16,ok,178,178,1.0,0,0,0.0
molgen_ns1.0,FUT8,16,ok,181,181,1.0,0,0,0.0
boltz2,KRAS,16,ok,160,160,1.0,0,0,0.0
molgen_ns1.0,GLTP,16,ok,70,70,1.0,0,0,0.0
esmfold2,betaLG,16,ok,127,127,1.0,0,0,0.0
apo2mol_250,p53_Y220C,16,ok,135,138,0.9782608695652174,2,4,2.962962962962963
molgen_ns1.0,HIV1_CA,16,ok,126,129,0.9767441860465116,0,0,0.0
molgen_ns1.0,betaLG,16,ok,127,127,1.0,0,0,0.0
apo2mol_250,GCGR,16,missing_pocket,0,233,0.0,0,0,
molgen_ns1.0,HIF2alpha__6D0B,16,ok,204,204,1.0,0,0,0.0
esmfold2,HIF2alpha__6D0B,16,ok,204,204,1.0,0,0,0.0
molgen_ns1.0,SHP2,16,ok,159,159,1.0,0,0,0.0
esmfold2,CB1,16,ok,246,246,1.0,0,0,0.0
molgen_ns1.0,Menin,16,ok,121,121,1.0,0,0,0.0
apo2mol_250,cAbl,16,ok,179,179,1.0,7,9,5.027932960893855
boltz2,SHP2,16,ok,159,159,1.0,0,0,0.0
apo2mol_250,p53_Y220C__4AGQ,16,ok,125,128,0.9765625,3,4,3.2
esmfold2,SHP2,16,ok,159,159,1.0,0,0,0.0
molgen_ns1.0,GCGR,16,ok,228,233,0.9785407725321889,0,0,0.0
molgen_ns1.0,KRAS,16,ok,158,160,0.9875,0,0,0.0
apo2mol_250,NDPK-A,17,ok,149,149,1.0,0,0,0.0
boltz2,p53_Y220C,17,ok,138,138,1.0,0,0,0.0
apo2mol_250,HIF2alpha,17,ok,172,172,1.0,1,2,1.162790697674419
boltz2,HIV1_CA,17,ok,127,129,0.9844961240310076,0,0,0.0
molgen_ns1.0,NDPK-A,17,ok,149,149,1.0,0,0,0.0
apo2mol_250,GLTP,17,ok,69,70,0.9857142857142858,0,0,0.0
esmfold2,p53_Y220C__4AGQ,17,ok,128,128,1.0,0,0,0.0
boltz2,p53_Y220C__4AGQ,17,ok,128,128,1.0,0,0,0.0
boltz2,Bcl-xL,17,ok,190,190,1.0,0,0,0.0
boltz2,FUT8,17,ok,181,181,1.0,0,0,0.0
esmfold2,p53_Y220C,17,ok,138,138,1.0,0,0,0.0
molgen_ns1.0,cAbl,17,ok,179,179,1.0,0,0,0.0
esmfold2,KRAS,17,ok,160,160,1.0,0,0,0.0
esmfold2,METTL14,17,ok,185,185,1.0,0,0,0.0
molgen_ns1.0,Bcl-xL,17,ok,178,190,0.936842105263158,0,0,0.0
esmfold2,NDPK-A,17,ok,149,149,1.0,0,0,0.0
boltz2,THSR,17,ok,206,206,1.0,0,0,0.0
apo2mol_250,p53_Y220C,17,ok,135,138,0.9782608695652174,1,2,1.4814814814814814
boltz2,Menin,17,ok,121,121,1.0,0,0,0.0
molgen_ns1.0,p53_Y220C__4AGQ,17,ok,128,128,1.0,0,0,0.0
boltz2,THSR__7UTZ,17,ok,186,186,1.0,0,0,0.0
esmfold2,FUT8,17,ok,181,181,1.0,0,0,0.0
esmfold2,Bcl-xL,17,ok,190,190,1.0,0,0,0.0
apo2mol_250,Bcl-xL,17,ok,178,190,0.936842105263158,2,4,2.247191011235955
esmfold2,THSR,17,ok,206,206,1.0,0,0,0.0
molgen_ns1.0,THSR__7UTZ,17,ok,186,186,1.0,0,0,0.0
apo2mol_250,betaLG,17,ok,127,127,1.0,0,0,0.0
boltz2,GLTP,17,ok,69,70,0.9857142857142858,0,0,0.0
esmfold2,THSR__7UTZ,17,ok,186,186,1.0,0,0,0.0
boltz2,METTL14,17,ok,185,185,1.0,0,0,0.0
molgen_ns1.0,CB1,17,ok,246,246,1.0,0,0,0.0
boltz2,NDPK-A,17,ok,149,149,1.0,1,2,1.342281879194631
molgen_ns1.0,THSR,17,ok,206,206,1.0,0,0,0.0
esmfold2,Menin,17,ok,121,121,1.0,0,0,0.0
esmfold2,GLTP,17,ok,69,70,0.9857142857142858,0,0,0.0
molgen_ns1.0,SHP2,17,ok,159,159,1.0,0,0,0.0
boltz2,HIF2alpha__6D0B,17,ok,204,204,1.0,0,0,0.0
esmfold2,HIF2alpha,17,ok,172,172,1.0,0,0,0.0
molgen_ns1.0,HIV_RT,17,ok,178,178,1.0,0,0,0.0
boltz2,HIF2alpha,17,ok,172,172,1.0,1,2,1.162790697674419
apo2mol_250,HIV1_CA,17,ok,124,129,0.9612403100775194,2,4,3.225806451612903
apo2mol_250,HIV_RT,17,ok,178,178,1.0,3,6,3.3707865168539324
apo2mol_250,HIV_RT__3V81,17,ok,154,154,1.0,0,0,0.0
molgen_ns1.0,HIV_RT__3V81,17,ok,154,154,1.0,0,0,0.0
boltz2,KRAS,17,ok,160,160,1.0,0,0,0.0
apo2mol_250,p53_Y220C__4AGQ,17,ok,125,128,0.9765625,2,4,3.2
molgen_ns1.0,GLTP,17,ok,70,70,1.0,0,0,0.0
esmfold2,SHP2,17,ok,159,159,1.0,0,0,0.0
esmfold2,HIV1_CA,17,ok,127,129,0.9844961240310076,0,0,0.0
molgen_ns1.0,HIF2alpha,17,ok,172,172,1.0,0,0,0.0
esmfold2,HIV_RT,17,ok,178,178,1.0,1,2,1.1235955056179776
esmfold2,HIV_RT__3V81,17,ok,154,154,1.0,0,0,0.0
apo2mol_250,cAbl,17,ok,179,179,1.0,2,4,2.23463687150838
esmfold2,betaLG,17,ok,127,127,1.0,0,0,0.0
molgen_ns1.0,GCGR,17,ok,228,233,0.9785407725321889,0,0,0.0
molgen_ns1.0,KRAS,17,ok,158,160,0.9875,0,0,0.0
molgen_ns1.0,Menin,17,ok,121,121,1.0,0,0,0.0
boltz2,SHP2,17,ok,159,159,1.0,1,2,1.2578616352201255
apo2mol_250,THSR,17,ok,206,206,1.0,7,11,5.339805825242719
boltz2,HIV_RT,17,ok,178,178,1.0,0,0,0.0
apo2mol_250,KRAS,17,ok,158,160,0.9875,1,2,1.2658227848101269
molgen_ns1.0,FUT8,17,ok,181,181,1.0,0,0,0.0
molgen_ns1.0,METTL14,17,ok,185,185,1.0,0,0,0.0
boltz2,HIV_RT__3V81,17,ok,154,154,1.0,0,0,0.0
boltz2,betaLG,17,ok,127,127,1.0,0,0,0.0
esmfold2,CB1,17,ok,246,246,1.0,0,0,0.0
molgen_ns1.0,HIF2alpha__6D0B,17,ok,204,204,1.0,0,0,0.0
apo2mol_250,THSR__7UTZ,17,ok,186,186,1.0,2,4,2.150537634408602
molgen_ns1.0,HIV1_CA,17,ok,126,129,0.9767441860465116,0,0,0.0
boltz2,CB1,17,ok,246,246,1.0,0,0,0.0
esmfold2,HIF2alpha__6D0B,17,ok,204,204,1.0,0,0,0.0
apo2mol_250,GCGR,17,missing_pocket,0,233,0.0,0,0,
molgen_ns1.0,betaLG,17,ok,127,127,1.0,0,0,0.0
apo2mol_250,GCGR,18,missing_pocket,0,233,0.0,0,0,
boltz2,CB1,18,ok,246,246,1.0,0,0,0.0
apo2mol_250,HIV_RT,18,ok,178,178,1.0,6,8,4.49438202247191
apo2mol_250,THSR__7UTZ,18,ok,186,186,1.0,2,4,2.150537634408602
apo2mol_250,HIV_RT__3V81,18,ok,154,154,1.0,6,9,5.8441558441558445
apo2mol_250,HIV1_CA,18,ok,124,129,0.9612403100775194,1,2,1.6129032258064515
molgen_ns1.0,THSR__7UTZ,18,ok,186,186,1.0,0,0,0.0
boltz2,FUT8,18,ok,181,181,1.0,0,0,0.0
molgen_ns1.0,cAbl,18,ok,179,179,1.0,0,0,0.0
molgen_ns1.0,p53_Y220C,18,ok,138,138,1.0,0,0,0.0
boltz2,GLTP,18,ok,69,70,0.9857142857142858,0,0,0.0
molgen_ns1.0,THSR,18,ok,206,206,1.0,0,0,0.0
esmfold2,betaLG,18,ok,127,127,1.0,0,0,0.0
boltz2,SHP2,18,ok,159,159,1.0,0,0,0.0
apo2mol_250,cAbl,18,ok,179,179,1.0,8,11,6.145251396648045
boltz2,METTL14,18,ok,185,185,1.0,0,0,0.0
apo2mol_250,THSR,18,ok,206,206,1.0,6,10,4.854368932038835
apo2mol_250,KRAS,18,ok,158,160,0.9875,3,6,3.79746835443038
boltz2,p53_Y220C,18,ok,138,138,1.0,0,0,0.0
molgen_ns1.0,p53_Y220C__4AGQ,18,ok,128,128,1.0,0,0,0.0
boltz2,THSR,18,ok,206,206,1.0,0,0,0.0
apo2mol_250,p53_Y220C,18,ok,135,138,0.9782608695652174,0,0,0.0
esmfold2,FUT8,18,ok,181,181,1.0,0,0,0.0
esmfold2,GLTP,18,ok,69,70,0.9857142857142858,0,0,0.0
molgen_ns1.0,NDPK-A,18,ok,149,149,1.0,0,0,0.0
apo2mol_250,GLTP,18,ok,69,70,0.9857142857142858,3,5,7.246376811594203
boltz2,betaLG,18,ok,127,127,1.0,0,0,0.0
molgen_ns1.0,HIV_RT,18,ok,178,178,1.0,0,0,0.0
molgen_ns1.0,FUT8,18,ok,181,181,1.0,0,0,0.0
molgen_ns1.0,HIV1_CA,18,ok,126,129,0.9767441860465116,0,0,0.0
boltz2,Menin,18,ok,121,121,1.0,0,0,0.0
molgen_ns1.0,HIF2alpha__6D0B,18,ok,204,204,1.0,0,0,0.0
boltz2,HIV_RT__3V81,18,ok,154,154,1.0,0,0,0.0
molgen_ns1.0,KRAS,18,ok,158,160,0.9875,0,0,0.0
esmfold2,NDPK-A,18,ok,149,149,1.0,0,0,0.0
esmfold2,METTL14,18,ok,185,185,1.0,0,0,0.0
boltz2,KRAS,18,ok,160,160,1.0,0,0,0.0
molgen_ns1.0,HIV_RT__3V81,18,ok,154,154,1.0,0,0,0.0
esmfold2,CB1,18,ok,246,246,1.0,0,0,0.0
molgen_ns1.0,Menin,18,ok,121,121,1.0,0,0,0.0
apo2mol_250,p53_Y220C__4AGQ,18,ok,125,128,0.9765625,2,4,3.2
apo2mol_250,Bcl-xL,18,ok,178,190,0.936842105263158,7,11,6.179775280898877
esmfold2,SHP2,18,ok,159,159,1.0,0,0,0.0
boltz2,NDPK-A,18,ok,149,149,1.0,0,0,0.0
boltz2,THSR__7UTZ,18,ok,186,186,1.0,0,0,0.0
boltz2,HIV_RT,18,ok,178,178,1.0,0,0,0.0
esmfold2,HIV_RT__3V81,18,ok,154,154,1.0,2,3,1.948051948051948
molgen_ns1.0,GCGR,18,ok,228,233,0.9785407725321889,0,0,0.0
molgen_ns1.0,METTL14,18,ok,185,185,1.0,0,0,0.0
esmfold2,THSR,18,ok,206,206,1.0,0,0,0.0
molgen_ns1.0,CB1,18,ok,246,246,1.0,0,0,0.0
esmfold2,THSR__7UTZ,18,ok,186,186,1.0,0,0,0.0
apo2mol_250,betaLG,18,ok,127,127,1.0,1,2,1.5748031496062993
esmfold2,p53_Y220C__4AGQ,18,ok,128,128,1.0,0,0,0.0
esmfold2,p53_Y220C,18,ok,138,138,1.0,0,0,0.0
boltz2,HIV1_CA,18,ok,127,129,0.9844961240310076,0,0,0.0
molgen_ns1.0,GLTP,18,ok,70,70,1.0,0,0,0.0
molgen_ns1.0,betaLG,18,ok,127,127,1.0,0,0,0.0
apo2mol_250,HIF2alpha,18,ok,172,172,1.0,3,6,3.488372093023256
molgen_ns1.0,SHP2,18,ok,159,159,1.0,0,0,0.0
boltz2,HIF2alpha,18,ok,172,172,1.0,0,0,0.0
boltz2,p53_Y220C__4AGQ,18,ok,128,128,1.0,0,0,0.0
boltz2,Bcl-xL,18,ok,190,190,1.0,1,2,1.0526315789473684
esmfold2,HIV1_CA,18,ok,127,129,0.9844961240310076,0,0,0.0
esmfold2,Bcl-xL,18,ok,190,190,1.0,0,0,0.0
apo2mol_250,NDPK-A,18,ok,149,149,1.0,1,2,1.342281879194631
boltz2,HIF2alpha__6D0B,18,ok,204,204,1.0,0,0,0.0
esmfold2,HIV_RT,18,ok,178,178,1.0,0,0,0.0
esmfold2,KRAS,18,ok,160,160,1.0,1,2,1.25
esmfold2,Menin,18,ok,121,121,1.0,0,0,0.0
molgen_ns1.0,HIF2alpha,18,ok,172,172,1.0,0,0,0.0
esmfold2,HIF2alpha,18,ok,172,172,1.0,0,0,0.0
esmfold2,HIF2alpha__6D0B,18,ok,204,204,1.0,0,0,0.0
boltz2,SHP2,19,ok,159,159,1.0,0,0,0.0
esmfold2,betaLG,19,ok,127,127,1.0,0,0,0.0
apo2mol_250,p53_Y220C,19,ok,135,138,0.9782608695652174,2,4,2.962962962962963
apo2mol_250,HIV_RT,19,ok,178,178,1.0,3,5,2.808988764044944
apo2mol_250,HIV_RT__3V81,19,ok,154,154,1.0,5,7,4.545454545454546
apo2mol_250,HIV1_CA,19,ok,124,129,0.9612403100775194,2,4,3.225806451612903
boltz2,CB1,19,ok,246,246,1.0,0,0,0.0
apo2mol_250,KRAS,19,ok,158,160,0.9875,0,0,0.0
boltz2,METTL14,19,ok,185,185,1.0,0,0,0.0
molgen_ns1.0,p53_Y220C__4AGQ,19,ok,128,128,1.0,0,0,0.0
apo2mol_250,THSR,19,ok,206,206,1.0,7,12,5.825242718446602
boltz2,p53_Y220C,19,ok,138,138,1.0,0,0,0.0
apo2mol_250,cAbl,19,ok,179,179,1.0,3,4,2.23463687150838
molgen_ns1.0,FUT8,19,ok,181,181,1.0,0,0,0.0
esmfold2,HIF2alpha,19,ok,172,172,1.0,0,0,0.0
boltz2,betaLG,19,ok,127,127,1.0,0,0,0.0
boltz2,THSR,19,ok,206,206,1.0,0,0,0.0
molgen_ns1.0,HIF2alpha__6D0B,19,ok,204,204,1.0,0,0,0.0
apo2mol_250,GLTP,19,ok,69,70,0.9857142857142858,0,0,0.0
esmfold2,FUT8,19,ok,181,181,1.0,0,0,0.0
esmfold2,GLTP,19,ok,69,70,0.9857142857142858,0,0,0.0
molgen_ns1.0,KRAS,19,ok,158,160,0.9875,0,0,0.0
molgen_ns1.0,NDPK-A,19,ok,149,149,1.0,0,0,0.0
boltz2,NDPK-A,19,ok,149,149,1.0,0,0,0.0
apo2mol_250,Bcl-xL,19,ok,178,190,0.936842105263158,2,4,2.247191011235955
boltz2,THSR__7UTZ,19,ok,186,186,1.0,0,0,0.0
esmfold2,NDPK-A,19,ok,149,149,1.0,0,0,0.0
apo2mol_250,p53_Y220C__4AGQ,19,ok,125,128,0.9765625,3,6,4.8
molgen_ns1.0,Menin,19,ok,121,121,1.0,0,0,0.0
esmfold2,METTL14,19,ok,185,185,1.0,0,0,0.0
molgen_ns1.0,HIV_RT__3V81,19,ok,154,154,1.0,0,0,0.0
esmfold2,CB1,19,ok,246,246,1.0,0,0,0.0
molgen_ns1.0,HIV_RT,19,ok,178,178,1.0,0,0,0.0
boltz2,Menin,19,ok,121,121,1.0,0,0,0.0
molgen_ns1.0,Bcl-xL,19,ok,178,190,0.936842105263158,0,0,0.0
boltz2,KRAS,19,ok,160,160,1.0,0,0,0.0
esmfold2,SHP2,19,ok,159,159,1.0,0,0,0.0
boltz2,FUT8,19,ok,181,181,1.0,0,0,0.0
molgen_ns1.0,THSR__7UTZ,19,ok,186,186,1.0,0,0,0.0
molgen_ns1.0,THSR,19,ok,206,206,1.0,0,0,0.0
apo2mol_250,THSR__7UTZ,19,ok,186,186,1.0,7,11,5.913978494623656
boltz2,GLTP,19,ok,69,70,0.9857142857142858,0,0,0.0
molgen_ns1.0,p53_Y220C,19,ok,138,138,1.0,0,0,0.0
apo2mol_250,GCGR,19,missing_pocket,0,233,0.0,0,0,
boltz2,HIF2alpha,19,ok,172,172,1.0,0,0,0.0
esmfold2,KRAS,19,ok,160,160,1.0,1,2,1.25
molgen_ns1.0,GLTP,19,ok,70,70,1.0,0,0,0.0
esmfold2,Menin,19,ok,121,121,1.0,0,0,0.0
esmfold2,HIV_RT,19,ok,178,178,1.0,0,0,0.0
molgen_ns1.0,HIF2alpha,19,ok,172,172,1.0,0,0,0.0
esmfold2,p53_Y220C,19,ok,138,138,1.0,0,0,0.0
esmfold2,HIV_RT__3V81,19,ok,154,154,1.0,0,0,0.0
molgen_ns1.0,METTL14,19,ok,185,185,1.0,0,0,0.0
molgen_ns1.0,GCGR,19,ok,228,233,0.9785407725321889,0,0,0.0
esmfold2,p53_Y220C__4AGQ,19,ok,128,128,1.0,0,0,0.0
boltz2,HIV1_CA,19,ok,127,129,0.9844961240310076,0,0,0.0
molgen_ns1.0,HIV1_CA,19,ok,126,129,0.9767441860465116,0,0,0.0
boltz2,HIV_RT__3V81,19,ok,154,154,1.0,0,0,0.0
esmfold2,HIF2alpha__6D0B,19,ok,204,204,1.0,0,0,0.0
esmfold2,Bcl-xL,19,ok,190,190,1.0,0,0,0.0
esmfold2,HIV1_CA,19,ok,127,129,0.9844961240310076,0,0,0.0
boltz2,HIF2alpha__6D0B,19,ok,204,204,1.0,0,0,0.0
apo2mol_250,NDPK-A,19,ok,149,149,1.0,1,2,1.342281879194631
apo2mol_250,betaLG,19,ok,127,127,1.0,0,0,0.0
esmfold2,THSR,19,ok,206,206,1.0,0,0,0.0
molgen_ns1.0,CB1,19,ok,246,246,1.0,0,0,0.0
esmfold2,THSR__7UTZ,19,ok,186,186,1.0,0,0,0.0
boltz2,HIV_RT,19,ok,178,178,1.0,0,0,0.0
apo2mol_250,HIF2alpha,19,ok,172,172,1.0,0,0,0.0
molgen_ns1.0,betaLG,19,ok,127,127,1.0,0,0,0.0
boltz2,p53_Y220C__4AGQ,19,ok,128,128,1.0,0,0,0.0
molgen_ns1.0,cAbl,19,ok,179,179,1.0,0,0,0.0
boltz2,Bcl-xL,19,ok,190,190,1.0,0,0,0.0
molgen_ns1.0,SHP2,19,ok,159,159,1.0,0,0,0.0
boltz2,CB1,20,ok,246,246,1.0,0,0,0.0
boltz2,HIF2alpha,20,ok,172,172,1.0,0,0,0.0
apo2mol_250,HIV_RT,20,ok,178,178,1.0,3,6,3.3707865168539324
molgen_ns1.0,CB1,20,ok,246,246,1.0,0,0,0.0
esmfold2,Menin,20,ok,121,121,1.0,0,0,0.0
esmfold2,THSR__7UTZ,20,ok,186,186,1.0,0,0,0.0
molgen_ns1.0,GCGR,20,ok,228,233,0.9785407725321889,0,0,0.0
molgen_ns1.0,METTL14,20,ok,185,185,1.0,0,0,0.0
molgen_ns1.0,GLTP,20,ok,70,70,1.0,0,0,0.0
esmfold2,betaLG,20,ok,127,127,1.0,0,0,0.0
apo2mol_250,KRAS,20,ok,158,160,0.9875,0,0,0.0
boltz2,p53_Y220C,20,ok,138,138,1.0,0,0,0.0
molgen_ns1.0,THSR,20,ok,206,206,1.0,0,0,0.0
molgen_ns1.0,p53_Y220C__4AGQ,20,ok,128,128,1.0,0,0,0.0
boltz2,THSR,20,ok,206,206,1.0,0,0,0.0
boltz2,GLTP,20,ok,69,70,0.9857142857142858,0,0,0.0
esmfold2,SHP2,20,ok,159,159,1.0,0,0,0.0
boltz2,NDPK-A,20,ok,149,149,1.0,0,0,0.0
boltz2,METTL14,20,ok,185,185,1.0,0,0,0.0
boltz2,THSR__7UTZ,20,ok,186,186,1.0,0,0,0.0
molgen_ns1.0,HIV_RT__3V81,20,ok,154,154,1.0,0,0,0.0
boltz2,SHP2,20,ok,159,159,1.0,0,0,0.0
apo2mol_250,p53_Y220C,20,ok,135,138,0.9782608695652174,2,3,2.2222222222222223
esmfold2,METTL14,20,ok,185,185,1.0,0,0,0.0
esmfold2,GLTP,20,ok,69,70,0.9857142857142858,0,0,0.0
molgen_ns1.0,KRAS,20,ok,158,160,0.9875,0,0,0.0
boltz2,Menin,20,ok,121,121,1.0,0,0,0.0
molgen_ns1.0,Bcl-xL,20,ok,178,190,0.936842105263158,0,0,0.0
molgen_ns1.0,HIV_RT,20,ok,178,178,1.0,0,0,0.0
molgen_ns1.0,Menin,20,ok,121,121,1.0,0,0,0.0
esmfold2,NDPK-A,20,ok,149,149,1.0,0,0,0.0
apo2mol_250,p53_Y220C__4AGQ,20,ok,125,128,0.9765625,3,4,3.2
molgen_ns1.0,HIF2alpha,20,ok,172,172,1.0,0,0,0.0
esmfold2,HIV1_CA,20,ok,127,129,0.9844961240310076,0,0,0.0
boltz2,KRAS,20,ok,160,160,1.0,0,0,0.0
esmfold2,HIV_RT,20,ok,178,178,1.0,0,0,0.0
boltz2,HIV1_CA,20,ok,127,129,0.9844961240310076,0,0,0.0
esmfold2,HIV_RT__3V81,20,ok,154,154,1.0,0,0,0.0
esmfold2,THSR,20,ok,206,206,1.0,0,0,0.0
esmfold2,p53_Y220C__4AGQ,20,ok,128,128,1.0,0,0,0.0
esmfold2,p53_Y220C,20,ok,138,138,1.0,0,0,0.0
apo2mol_250,NDPK-A,20,ok,149,149,1.0,0,0,0.0
esmfold2,HIF2alpha,20,ok,172,172,1.0,0,0,0.0
boltz2,betaLG,20,ok,127,127,1.0,0,0,0.0
molgen_ns1.0,HIF2alpha__6D0B,20,ok,204,204,1.0,0,0,0.0
apo2mol_250,GLTP,20,ok,69,70,0.9857142857142858,0,0,0.0
esmfold2,FUT8,20,ok,181,181,1.0,0,0,0.0
boltz2,HIF2alpha__6D0B,20,ok,204,204,1.0,0,0,0.0
molgen_ns1.0,SHP2,20,ok,159,159,1.0,0,0,0.0
esmfold2,Bcl-xL,20,ok,190,190,1.0,0,0,0.0
esmfold2,CB1,20,ok,246,246,1.0,0,0,0.0
esmfold2,HIF2alpha__6D0B,20,ok,204,204,1.0,0,0,0.0
molgen_ns1.0,HIV1_CA,20,ok,126,129,0.9767441860465116,0,0,0.0
boltz2,HIV_RT__3V81,20,ok,154,154,1.0,0,0,0.0
boltz2,HIV_RT,20,ok,178,178,1.0,0,0,0.0
esmfold2,KRAS,20,ok,160,160,1.0,0,0,0.0
molgen_ns1.0,FUT8,20,ok,181,181,1.0,0,0,0.0
molgen_ns1.0,cAbl,20,ok,179,179,1.0,0,0,0.0
boltz2,Bcl-xL,20,ok,190,190,1.0,1,2,1.0526315789473684
boltz2,p53_Y220C__4AGQ,20,ok,128,128,1.0,0,0,0.0
apo2mol_250,HIF2alpha,20,ok,172,172,1.0,2,4,2.3255813953488373
apo2mol_250,GCGR,20,missing_pocket,0,233,0.0,0,0,
molgen_ns1.0,betaLG,20,ok,127,127,1.0,0,0,0.0
boltz2,FUT8,20,ok,181,181,1.0,0,0,0.0
molgen_ns1.0,THSR__7UTZ,20,ok,186,186,1.0,0,0,0.0
molgen_ns1.0,p53_Y220C,20,ok,138,138,1.0,0,0,0.0
apo2mol_250,HIV1_CA,20,ok,124,129,0.9612403100775194,3,6,4.838709677419355
apo2mol_250,HIV_RT__3V81,20,ok,154,154,1.0,8,11,7.142857142857143
apo2mol_250,HIV1_CA,21,ok,124,129,0.9612403100775194,1,2,1.6129032258064515
apo2mol_250,HIV_RT__3V81,21,ok,154,154,1.0,2,4,2.5974025974025974
molgen_ns1.0,p53_Y220C,21,ok,138,138,1.0,0,0,0.0
apo2mol_250,HIF2alpha,21,ok,172,172,1.0,10,17,9.883720930232558
esmfold2,SHP2,21,ok,159,159,1.0,0,0,0.0
molgen_ns1.0,THSR__7UTZ,21,ok,186,186,1.0,0,0,0.0
molgen_ns1.0,betaLG,21,ok,127,127,1.0,0,0,0.0
boltz2,Bcl-xL,21,ok,190,190,1.0,0,0,0.0
boltz2,FUT8,21,ok,181,181,1.0,0,0,0.0
boltz2,THSR__7UTZ,21,ok,186,186,1.0,0,0,0.0
molgen_ns1.0,METTL14,21,ok,185,185,1.0,0,0,0.0
esmfold2,Bcl-xL,21,ok,190,190,1.0,0,0,0.0
molgen_ns1.0,SHP2,21,ok,159,159,1.0,0,0,0.0
boltz2,HIF2alpha__6D0B,21,ok,204,204,1.0,0,0,0.0
boltz2,p53_Y220C__4AGQ,21,ok,128,128,1.0,0,0,0.0
esmfold2,KRAS,21,ok,160,160,1.0,0,0,0.0
molgen_ns1.0,FUT8,21,ok,181,181,1.0,0,0,0.0
esmfold2,HIF2alpha__6D0B,21,ok,204,204,1.0,0,0,0.0
apo2mol_250,GCGR,21,missing_pocket,0,233,0.0,0,0,
molgen_ns1.0,cAbl,21,ok,179,179,1.0,0,0,0.0
boltz2,HIV_RT__3V81,21,ok,154,154,1.0,1,2,1.2987012987012987
esmfold2,HIV_RT,21,ok,178,178,1.0,0,0,0.0
boltz2,HIV1_CA,21,ok,127,129,0.9844961240310076,0,0,0.0
esmfold2,HIV1_CA,21,ok,127,129,0.9844961240310076,0,0,0.0
molgen_ns1.0,HIF2alpha,21,ok,172,172,1.0,0,0,0.0
esmfold2,NDPK-A,21,ok,149,149,1.0,0,0,0.0
boltz2,KRAS,21,ok,160,160,1.0,0,0,0.0
apo2mol_250,p53_Y220C__4AGQ,21,ok,125,128,0.9765625,2,4,3.2
esmfold2,GLTP,21,ok,69,70,0.9857142857142858,0,0,0.0
esmfold2,METTL14,21,ok,185,185,1.0,0,0,0.0
esmfold2,CB1,21,ok,246,246,1.0,0,0,0.0
boltz2,SHP2,21,ok,159,159,1.0,1,2,1.2578616352201255
molgen_ns1.0,HIV_RT,21,ok,178,178,1.0,0,0,0.0
esmfold2,HIF2alpha,21,ok,172,172,1.0,0,0,0.0
molgen_ns1.0,HIV1_CA,21,ok,126,129,0.9767441860465116,0,0,0.0
boltz2,betaLG,21,ok,127,127,1.0,0,0,0.0
esmfold2,p53_Y220C,21,ok,138,138,1.0,0,0,0.0
esmfold2,HIV_RT__3V81,21,ok,154,154,1.0,0,0,0.0
esmfold2,THSR,21,ok,206,206,1.0,0,0,0.0
apo2mol_250,NDPK-A,21,ok,149,149,1.0,1,2,1.342281879194631
apo2mol_250,GLTP,21,ok,69,70,0.9857142857142858,0,0,0.0
molgen_ns1.0,HIF2alpha__6D0B,21,ok,204,204,1.0,0,0,0.0
molgen_ns1.0,NDPK-A,21,ok,149,149,1.0,0,0,0.0
esmfold2,FUT8,21,ok,181,181,1.0,0,0,0.0
boltz2,Menin,21,ok,121,121,1.0,0,0,0.0
esmfold2,p53_Y220C__4AGQ,21,ok,128,128,1.0,0,0,0.0
apo2mol_250,p53_Y220C,21,ok,135,138,0.9782608695652174,2,4,2.962962962962963
molgen_ns1.0,GLTP,21,ok,70,70,1.0,0,0,0.0
esmfold2,betaLG,21,ok,127,127,1.0,0,0,0.0
boltz2,HIV_RT,21,ok,178,178,1.0,0,0,0.0
molgen_ns1.0,CB1,21,ok,246,246,1.0,0,0,0.0
esmfold2,Menin,21,ok,121,121,1.0,0,0,0.0
esmfold2,THSR__7UTZ,21,ok,186,186,1.0,0,0,0.0
molgen_ns1.0,GCGR,21,ok,228,233,0.9785407725321889,0,0,0.0
boltz2,p53_Y220C,21,ok,138,138,1.0,0,0,0.0
apo2mol_250,KRAS,21,ok,158,160,0.9875,1,2,1.2658227848101269
molgen_ns1.0,Menin,21,ok,121,121,1.0,0,0,0.0
molgen_ns1.0,p53_Y220C__4AGQ,21,ok,128,128,1.0,0,0,0.0
boltz2,THSR,21,ok,206,206,1.0,0,0,0.0
molgen_ns1.0,THSR,21,ok,206,206,1.0,0,0,0.0
boltz2,GLTP,21,ok,69,70,0.9857142857142858,0,0,0.0
boltz2,METTL14,21,ok,185,185,1.0,0,0,0.0
boltz2,CB1,21,ok,246,246,1.0,0,0,0.0
boltz2,HIF2alpha,21,ok,172,172,1.0,0,0,0.0
apo2mol_250,HIV_RT,21,ok,178,178,1.0,8,14,7.865168539325842
molgen_ns1.0,HIV_RT__3V81,21,ok,154,154,1.0,0,0,0.0
molgen_ns1.0,KRAS,21,ok,158,160,0.9875,0,0,0.0
boltz2,NDPK-A,21,ok,149,149,1.0,0,0,0.0
boltz2,HIF2alpha__6D0B,22,ok,204,204,1.0,0,0,0.0
esmfold2,HIF2alpha__6D0B,22,ok,204,204,1.0,0,0,0.0
apo2mol_250,GCGR,22,missing_pocket,0,233,0.0,0,0,
molgen_ns1.0,cAbl,22,ok,179,179,1.0,0,0,0.0
boltz2,HIV_RT__3V81,22,ok,154,154,1.0,0,0,0.0
esmfold2,Bcl-xL,22,ok,190,190,1.0,0,0,0.0
esmfold2,p53_Y220C__4AGQ,22,ok,128,128,1.0,0,0,0.0
apo2mol_250,NDPK-A,22,ok,149,149,1.0,1,2,1.342281879194631
boltz2,Bcl-xL,22,ok,190,190,1.0,0,0,0.0
molgen_ns1.0,THSR__7UTZ,22,ok,186,186,1.0,0,0,0.0
apo2mol_250,HIF2alpha,22,ok,172,172,1.0,3,6,3.488372093023256
apo2mol_250,HIV1_CA,22,ok,124,129,0.9612403100775194,2,4,3.225806451612903
esmfold2,SHP2,22,ok,159,159,1.0,0,0,0.0
boltz2,FUT8,22,ok,181,181,1.0,0,0,0.0
boltz2,p53_Y220C__4AGQ,22,ok,128,128,1.0,0,0,0.0
esmfold2,KRAS,22,ok,160,160,1.0,0,0,0.0
molgen_ns1.0,METTL14,22,ok,185,185,1.0,0,0,0.0
esmfold2,GLTP,22,ok,69,70,0.9857142857142858,0,0,0.0
boltz2,Menin,22,ok,121,121,1.0,0,0,0.0
molgen_ns1.0,Bcl-xL,22,ok,178,190,0.936842105263158,0,0,0.0
boltz2,SHP2,22,ok,159,159,1.0,0,0,0.0
molgen_ns1.0,HIV_RT,22,ok,178,178,1.0,0,0,0.0
esmfold2,CB1,22,ok,246,246,1.0,0,0,0.0
boltz2,KRAS,22,ok,160,160,1.0,0,0,0.0
boltz2,HIV1_CA,22,ok,127,129,0.9844961240310076,0,0,0.0
esmfold2,HIV1_CA,22,ok,127,129,0.9844961240310076,0,0,0.0
esmfold2,METTL14,22,ok,185,185,1.0,0,0,0.0
esmfold2,NDPK-A,22,ok,149,149,1.0,0,0,0.0
apo2mol_250,p53_Y220C__4AGQ,22,ok,125,128,0.9765625,2,4,3.2
esmfold2,HIV_RT,22,ok,178,178,1.0,0,0,0.0
molgen_ns1.0,NDPK-A,22,ok,149,149,1.0,0,0,0.0
apo2mol_250,GLTP,22,ok,69,70,0.9857142857142858,0,0,0.0
boltz2,betaLG,22,ok,127,127,1.0,0,0,0.0
esmfold2,FUT8,22,ok,181,181,1.0,0,0,0.0
molgen_ns1.0,HIV1_CA,22,ok,126,129,0.9767441860465116,0,0,0.0
molgen_ns1.0,HIF2alpha__6D0B,22,ok,204,204,1.0,0,0,0.0
esmfold2,HIF2alpha,22,ok,172,172,1.0,0,0,0.0
esmfold2,p53_Y220C,22,ok,138,138,1.0,0,0,0.0
esmfold2,HIV_RT__3V81,22,ok,154,154,1.0,0,0,0.0
molgen_ns1.0,SHP2,22,ok,159,159,1.0,0,0,0.0
molgen_ns1.0,FUT8,22,ok,181,181,1.0,0,0,0.0
molgen_ns1.0,betaLG,22,ok,127,127,1.0,0,0,0.0
apo2mol_250,KRAS,22,ok,158,160,0.9875,3,6,3.79746835443038
molgen_ns1.0,THSR,22,ok,206,206,1.0,0,0,0.0
molgen_ns1.0,Menin,22,ok,121,121,1.0,0,0,0.0
molgen_ns1.0,KRAS,22,ok,158,160,0.9875,0,0,0.0
boltz2,GLTP,22,ok,69,70,0.9857142857142858,0,0,0.0
boltz2,p53_Y220C,22,ok,138,138,1.0,0,0,0.0
boltz2,THSR,22,ok,206,206,1.0,0,0,0.0
boltz2,THSR__7UTZ,22,ok,186,186,1.0,0,0,0.0
molgen_ns1.0,HIF2alpha,22,ok,172,172,1.0,0,0,0.0
esmfold2,Menin,22,ok,121,121,1.0,0,0,0.0
apo2mol_250,HIV_RT__3V81,22,ok,154,154,1.0,1,2,1.2987012987012987
apo2mol_250,p53_Y220C,22,ok,135,138,0.9782608695652174,0,0,0.0
molgen_ns1.0,GLTP,22,ok,70,70,1.0,0,0,0.0
esmfold2,THSR,22,ok,206,206,1.0,0,0,0.0
molgen_ns1.0,HIV_RT__3V81,22,ok,154,154,1.0,0,0,0.0
esmfold2,betaLG,22,ok,127,127,1.0,0,0,0.0
boltz2,METTL14,22,ok,185,185,1.0,0,0,0.0
boltz2,NDPK-A,22,ok,149,149,1.0,0,0,0.0
molgen_ns1.0,p53_Y220C__4AGQ,22,ok,128,128,1.0,0,0,0.0
esmfold2,THSR__7UTZ,22,ok,186,186,1.0,0,0,0.0
molgen_ns1.0,CB1,22,ok,246,246,1.0,0,0,0.0
molgen_ns1.0,GCGR,22,ok,228,233,0.9785407725321889,0,0,0.0
boltz2,HIV_RT,22,ok,178,178,1.0,0,0,0.0
apo2mol_250,HIV_RT,22,ok,178,178,1.0,4,7,3.932584269662921
boltz2,CB1,22,ok,246,246,1.0,0,0,0.0
boltz2,HIF2alpha,22,ok,172,172,1.0,0,0,0.0
molgen_ns1.0,betaLG,23,ok,127,127,1.0,0,0,0.0
boltz2,CB1,23,ok,246,246,1.0,0,0,0.0
esmfold2,betaLG,23,ok,127,127,1.0,0,0,0.0
apo2mol_250,KRAS,23,ok,158,160,0.9875,1,2,1.2658227848101269
apo2mol_250,HIV_RT__3V81,23,ok,154,154,1.0,4,8,5.194805194805195
molgen_ns1.0,p53_Y220C,23,ok,138,138,1.0,0,0,0.0
molgen_ns1.0,THSR,23,ok,206,206,1.0,0,0,0.0
boltz2,HIV1_CA,23,ok,127,129,0.9844961240310076,1,2,1.5748031496062993
esmfold2,HIV_RT,23,ok,178,178,1.0,0,0,0.0
esmfold2,HIV_RT__3V81,23,ok,154,154,1.0,0,0,0.0
boltz2,HIV_RT__3V81,23,ok,154,154,1.0,0,0,0.0
molgen_ns1.0,FUT8,23,ok,181,181,1.0,0,0,0.0
esmfold2,KRAS,23,ok,160,160,1.0,0,0,0.0
esmfold2,THSR,23,ok,206,206,1.0,0,0,0.0
esmfold2,CB1,23,ok,246,246,1.0,0,0,0.0
molgen_ns1.0,HIV1_CA,23,ok,126,129,0.9767441860465116,0,0,0.0
esmfold2,HIF2alpha,23,ok,172,172,1.0,0,0,0.0
molgen_ns1.0,GCGR,23,ok,228,233,0.9785407725321889,0,0,0.0
molgen_ns1.0,GLTP,23,ok,70,70,1.0,0,0,0.0
boltz2,HIV_RT,23,ok,178,178,1.0,0,0,0.0
apo2mol_250,p53_Y220C,23,ok,135,138,0.9782608695652174,2,4,2.962962962962963
boltz2,Bcl-xL,23,ok,190,190,1.0,1,2,1.0526315789473684
boltz2,p53_Y220C,23,ok,138,138,1.0,0,0,0.0
boltz2,THSR,23,ok,206,206,1.0,0,0,0.0
molgen_ns1.0,Menin,23,ok,121,121,1.0,0,0,0.0
molgen_ns1.0,KRAS,23,ok,158,160,0.9875,0,0,0.0
esmfold2,GLTP,23,ok,69,70,0.9857142857142858,0,0,0.0
esmfold2,NDPK-A,23,ok,149,149,1.0,0,0,0.0
esmfold2,METTL14,23,ok,185,185,1.0,0,0,0.0
apo2mol_250,p53_Y220C__4AGQ,23,ok,125,128,0.9765625,4,8,6.4
esmfold2,p53_Y220C,23,ok,138,138,1.0,0,0,0.0
apo2mol_250,NDPK-A,23,ok,149,149,1.0,0,0,0.0
boltz2,betaLG,23,ok,127,127,1.0,0,0,0.0
boltz2,KRAS,23,ok,160,160,1.0,0,0,0.0
molgen_ns1.0,Bcl-xL,23,ok,178,190,0.936842105263158,0,0,0.0
boltz2,Menin,23,ok,121,121,1.0,0,0,0.0
molgen_ns1.0,HIV_RT,23,ok,178,178,1.0,0,0,0.0
esmfold2,Menin,23,ok,121,121,1.0,0,0,0.0
molgen_ns1.0,CB1,23,ok,246,246,1.0,0,0,0.0
esmfold2,THSR__7UTZ,23,ok,186,186,1.0,0,0,0.0
boltz2,HIF2alpha__6D0B,23,ok,204,204,1.0,0,0,0.0
molgen_ns1.0,METTL14,23,ok,185,185,1.0,0,0,0.0
esmfold2,p53_Y220C__4AGQ,23,ok,128,128,1.0,0,0,0.0
apo2mol_250,GLTP,23,ok,69,70,0.9857142857142858,0,0,0.0
esmfold2,Bcl-xL,23,ok,190,190,1.0,0,0,0.0
boltz2,NDPK-A,23,ok,149,149,1.0,0,0,0.0
molgen_ns1.0,p53_Y220C__4AGQ,23,ok,128,128,1.0,0,0,0.0
boltz2,THSR__7UTZ,23,ok,186,186,1.0,1,2,1.075268817204301
molgen_ns1.0,HIV_RT__3V81,23,ok,154,154,1.0,0,0,0.0
boltz2,SHP2,23,ok,159,159,1.0,0,0,0.0
molgen_ns1.0,NDPK-A,23,ok,149,149,1.0,0,0,0.0
esmfold2,FUT8,23,ok,181,181,1.0,0,0,0.0
boltz2,GLTP,23,ok,69,70,0.9857142857142858,0,0,0.0
boltz2,FUT8,23,ok,181,181,1.0,0,0,0.0
boltz2,METTL14,23,ok,185,185,1.0,0,0,0.0
molgen_ns1.0,cAbl,23,ok,179,179,1.0,0,0,0.0
molgen_ns1.0,THSR__7UTZ,23,ok,186,186,1.0,0,0,0.0
apo2mol_250,GCGR,23,missing_pocket,0,233,0.0,0,0,
esmfold2,SHP2,23,ok,159,159,1.0,0,0,0.0
apo2mol_250,HIF2alpha,23,ok,172,172,1.0,3,6,3.488372093023256
apo2mol_250,HIV1_CA,23,ok,124,129,0.9612403100775194,1,2,1.6129032258064515
apo2mol_250,HIV_RT,23,ok,178,178,1.0,7,11,6.179775280898877
esmfold2,HIV1_CA,23,ok,127,129,0.9844961240310076,0,0,0.0
molgen_ns1.0,HIF2alpha,23,ok,172,172,1.0,0,0,0.0
esmfold2,HIF2alpha__6D0B,23,ok,204,204,1.0,0,0,0.0
boltz2,HIF2alpha,23,ok,172,172,1.0,0,0,0.0
molgen_ns1.0,SHP2,23,ok,159,159,1.0,0,0,0.0
boltz2,p53_Y220C__4AGQ,23,ok,128,128,1.0,0,0,0.0
boltz2,p53_Y220C__4AGQ,24,ok,128,128,1.0,0,0,0.0
molgen_ns1.0,SHP2,24,ok,159,159,1.0,0,0,0.0
apo2mol_250,HIF2alpha,24,ok,172,172,1.0,3,5,2.9069767441860463
apo2mol_250,GCGR,24,missing_pocket,0,233,0.0,0,0,
esmfold2,HIF2alpha__6D0B,24,ok,204,204,1.0,0,0,0.0
esmfold2,HIF2alpha,24,ok,172,172,1.0,0,0,0.0
apo2mol_250,HIV1_CA,24,ok,124,129,0.9612403100775194,3,6,4.838709677419355
esmfold2,HIV1_CA,24,ok,127,129,0.9844961240310076,0,0,0.0
esmfold2,HIV_RT,24,ok,178,178,1.0,0,0,0.0
boltz2,HIF2alpha,24,ok,172,172,1.0,0,0,0.0
apo2mol_250,HIV_RT,24,ok,178,178,1.0,4,8,4.49438202247191
boltz2,FUT8,24,ok,181,181,1.0,0,0,0.0
esmfold2,FUT8,24,ok,181,181,1.0,0,0,0.0
esmfold2,Bcl-xL,24,ok,190,190,1.0,0,0,0.0
boltz2,GLTP,24,ok,69,70,0.9857142857142858,0,0,0.0
molgen_ns1.0,THSR__7UTZ,24,ok,186,186,1.0,0,0,0.0
boltz2,METTL14,24,ok,185,185,1.0,1,2,1.0810810810810811
molgen_ns1.0,cAbl,24,ok,179,179,1.0,0,0,0.0
apo2mol_250,p53_Y220C,24,ok,135,138,0.9782608695652174,5,8,5.925925925925926
esmfold2,METTL14,24,ok,185,185,1.0,0,0,0.0
apo2mol_250,NDPK-A,24,ok,149,149,1.0,2,4,2.684563758389262
boltz2,SHP2,24,ok,159,159,1.0,2,4,2.5157232704402515
boltz2,betaLG,24,ok,127,127,1.0,0,0,0.0
esmfold2,NDPK-A,24,ok,149,149,1.0,0,0,0.0
apo2mol_250,p53_Y220C__4AGQ,24,ok,125,128,0.9765625,3,5,4.0
esmfold2,p53_Y220C,24,ok,138,138,1.0,0,0,0.0
esmfold2,SHP2,24,ok,159,159,1.0,0,0,0.0
molgen_ns1.0,GCGR,24,ok,228,233,0.9785407725321889,0,0,0.0
boltz2,p53_Y220C,24,ok,138,138,1.0,0,0,0.0
boltz2,THSR,24,ok,206,206,1.0,0,0,0.0
boltz2,Bcl-xL,24,ok,190,190,1.0,3,4,2.1052631578947367
esmfold2,Menin,24,ok,121,121,1.0,0,0,0.0
molgen_ns1.0,Bcl-xL,24,ok,178,190,0.936842105263158,0,0,0.0
boltz2,Menin,24,ok,121,121,1.0,0,0,0.0
boltz2,NDPK-A,24,ok,149,149,1.0,0,0,0.0
boltz2,HIF2alpha__6D0B,24,ok,204,204,1.0,0,0,0.0
molgen_ns1.0,METTL14,24,ok,185,185,1.0,0,0,0.0
molgen_ns1.0,NDPK-A,24,ok,149,149,1.0,0,0,0.0
molgen_ns1.0,HIV_RT,24,ok,178,178,1.0,0,0,0.0
boltz2,KRAS,24,ok,160,160,1.0,0,0,0.0
molgen_ns1.0,CB1,24,ok,246,246,1.0,0,0,0.0
molgen_ns1.0,p53_Y220C__4AGQ,24,ok,128,128,1.0,0,0,0.0
boltz2,THSR__7UTZ,24,ok,186,186,1.0,0,0,0.0
esmfold2,p53_Y220C__4AGQ,24,ok,128,128,1.0,0,0,0.0
molgen_ns1.0,HIV_RT__3V81,24,ok,154,154,1.0,0,0,0.0
boltz2,HIV1_CA,24,ok,127,129,0.9844961240310076,0,0,0.0
apo2mol_250,GLTP,24,ok,69,70,0.9857142857142858,0,0,0.0
molgen_ns1.0,KRAS,24,ok,158,160,0.9875,0,0,0.0
esmfold2,GLTP,24,ok,69,70,0.9857142857142858,0,0,0.0
molgen_ns1.0,Menin,24,ok,121,121,1.0,0,0,0.0
molgen_ns1.0,p53_Y220C,24,ok,138,138,1.0,0,0,0.0
esmfold2,betaLG,24,ok,127,127,1.0,0,0,0.0
apo2mol_250,KRAS,24,ok,158,160,0.9875,6,10,6.329113924050633
apo2mol_250,HIV_RT__3V81,24,ok,154,154,1.0,1,2,1.2987012987012987
esmfold2,THSR__7UTZ,24,ok,186,186,1.0,0,0,0.0
molgen_ns1.0,FUT8,24,ok,181,181,1.0,0,0,0.0
boltz2,HIV_RT__3V81,24,ok,154,154,1.0,0,0,0.0
esmfold2,KRAS,24,ok,160,160,1.0,0,0,0.0
molgen_ns1.0,HIF2alpha__6D0B,24,ok,204,204,1.0,0,0,0.0
esmfold2,THSR,24,ok,206,206,1.0,0,0,0.0
molgen_ns1.0,HIV1_CA,24,ok,126,129,0.9767441860465116,0,0,0.0
molgen_ns1.0,betaLG,24,ok,127,127,1.0,0,0,0.0
boltz2,CB1,24,ok,246,246,1.0,0,0,0.0
esmfold2,HIV_RT__3V81,24,ok,154,154,1.0,0,0,0.0
molgen_ns1.0,THSR,24,ok,206,206,1.0,0,0,0.0
molgen_ns1.0,HIF2alpha,24,ok,172,172,1.0,0,0,0.0
boltz2,HIV_RT,24,ok,178,178,1.0,0,0,0.0
esmfold2,CB1,24,ok,246,246,1.0,0,0,0.0
molgen_ns1.0,GLTP,24,ok,70,70,1.0,0,0,0.0
esmfold2,Bcl-xL,25,ok,190,190,1.0,0,0,0.0
molgen_ns1.0,KRAS,25,ok,158,160,0.9875,0,0,0.0
molgen_ns1.0,THSR__7UTZ,25,ok,186,186,1.0,0,0,0.0
molgen_ns1.0,cAbl,25,ok,179,179,1.0,0,0,0.0
boltz2,METTL14,25,ok,185,185,1.0,0,0,0.0
boltz2,CB1,25,ok,246,246,1.0,0,0,0.0
molgen_ns1.0,SHP2,25,ok,159,159,1.0,0,0,0.0
molgen_ns1.0,NDPK-A,25,ok,149,149,1.0,0,0,0.0
boltz2,p53_Y220C,25,ok,138,138,1.0,0,0,0.0
boltz2,p53_Y220C__4AGQ,25,ok,128,128,1.0,0,0,0.0
esmfold2,HIV1_CA,25,ok,127,129,0.9844961240310076,0,0,0.0
esmfold2,HIV_RT,25,ok,178,178,1.0,0,0,0.0
esmfold2,HIF2alpha,25,ok,172,172,1.0,0,0,0.0
apo2mol_250,HIV_RT__3V81,25,ok,154,154,1.0,3,4,2.5974025974025974
boltz2,FUT8,25,ok,181,181,1.0,0,0,0.0
apo2mol_250,p53_Y220C,25,ok,135,138,0.9782608695652174,1,2,1.4814814814814814
boltz2,THSR,25,ok,206,206,1.0,0,0,0.0
esmfold2,betaLG,25,ok,127,127,1.0,0,0,0.0
apo2mol_250,p53_Y220C__4AGQ,25,ok,125,128,0.9765625,7,11,8.8
boltz2,Bcl-xL,25,ok,190,190,1.0,0,0,0.0
esmfold2,FUT8,25,ok,181,181,1.0,0,0,0.0
esmfold2,SHP2,25,ok,159,159,1.0,0,0,0.0
esmfold2,p53_Y220C,25,ok,138,138,1.0,0,0,0.0
esmfold2,NDPK-A,25,ok,149,149,1.0,0,0,0.0
molgen_ns1.0,CB1,25,ok,246,246,1.0,0,0,0.0
boltz2,KRAS,25,ok,160,160,1.0,0,0,0.0
molgen_ns1.0,Bcl-xL,25,ok,178,190,0.936842105263158,0,0,0.0
esmfold2,p53_Y220C__4AGQ,25,ok,128,128,1.0,0,0,0.0
boltz2,NDPK-A,25,ok,149,149,1.0,0,0,0.0
boltz2,THSR__7UTZ,25,ok,186,186,1.0,0,0,0.0
boltz2,SHP2,25,ok,159,159,1.0,0,0,0.0
apo2mol_250,GLTP,25,ok,69,70,0.9857142857142858,0,0,0.0
molgen_ns1.0,HIV_RT__3V81,25,ok,154,154,1.0,0,0,0.0
molgen_ns1.0,METTL14,25,ok,185,185,1.0,0,0,0.0
boltz2,HIF2alpha__6D0B,25,ok,204,204,1.0,0,0,0.0
apo2mol_250,NDPK-A,25,ok,149,149,1.0,4,7,4.697986577181208
esmfold2,GLTP,25,ok,69,70,0.9857142857142858,0,0,0.0
esmfold2,HIF2alpha__6D0B,25,ok,204,204,1.0,0,0,0.0
apo2mol_250,HIF2alpha,25,ok,172,172,1.0,7,10,5.813953488372093
apo2mol_250,GCGR,25,missing_pocket,0,233,0.0,0,0,
molgen_ns1.0,GLTP,25,ok,70,70,1.0,0,0,0.0
molgen_ns1.0,HIF2alpha__6D0B,25,ok,204,204,1.0,0,0,0.0
boltz2,HIV_RT__3V81,25,ok,154,154,1.0,1,2,1.2987012987012987
esmfold2,CB1,25,ok,246,246,1.0,0,0,0.0
boltz2,HIV_RT,25,ok,178,178,1.0,0,0,0.0
molgen_ns1.0,GCGR,25,ok,228,233,0.9785407725321889,0,0,0.0
esmfold2,KRAS,25,ok,160,160,1.0,0,0,0.0
esmfold2,THSR__7UTZ,25,ok,186,186,1.0,0,0,0.0
esmfold2,HIV_RT__3V81,25,ok,154,154,1.0,0,0,0.0
molgen_ns1.0,THSR,25,ok,206,206,1.0,0,0,0.0
boltz2,GLTP,25,ok,69,70,0.9857142857142858,0,0,0.0
molgen_ns1.0,Menin,25,ok,121,121,1.0,0,0,0.0
boltz2,Menin,25,ok,121,121,1.0,0,0,0.0
esmfold2,Menin,25,ok,121,121,1.0,0,0,0.0
molgen_ns1.0,HIF2alpha,25,ok,172,172,1.0,0,0,0.0
boltz2,HIV1_CA,25,ok,127,129,0.9844961240310076,0,0,0.0
molgen_ns1.0,p53_Y220C,25,ok,138,138,1.0,0,0,0.0
molgen_ns1.0,HIV_RT,25,ok,178,178,1.0,0,0,0.0
boltz2,betaLG,25,ok,127,127,1.0,0,0,0.0
esmfold2,THSR,25,ok,206,206,1.0,0,0,0.0
esmfold2,METTL14,25,ok,185,185,1.0,0,0,0.0
apo2mol_250,KRAS,25,ok,158,160,0.9875,7,10,6.329113924050633
boltz2,HIF2alpha,25,ok,172,172,1.0,0,0,0.0
molgen_ns1.0,betaLG,25,ok,127,127,1.0,0,0,0.0
molgen_ns1.0,betaLG,26,ok,127,127,1.0,0,0,0.0
boltz2,HIF2alpha,26,ok,172,172,1.0,1,2,1.162790697674419
esmfold2,HIF2alpha,26,ok,172,172,1.0,0,0,0.0
molgen_ns1.0,FUT8,26,ok,181,181,1.0,0,0,0.0
esmfold2,HIV1_CA,26,ok,127,129,0.9844961240310076,0,0,0.0
esmfold2,HIV_RT,26,ok,178,178,1.0,1,2,1.1235955056179776
apo2mol_250,KRAS,26,ok,158,160,0.9875,5,8,5.063291139240507
apo2mol_250,GCGR,26,missing_pocket,0,233,0.0,0,0,
molgen_ns1.0,Menin,26,ok,121,121,1.0,0,0,0.0
boltz2,HIV_RT__3V81,26,ok,154,154,1.0,0,0,0.0
boltz2,Menin,26,ok,121,121,1.0,0,0,0.0
molgen_ns1.0,HIF2alpha__6D0B,26,ok,204,204,1.0,0,0,0.0
apo2mol_250,p53_Y220C,26,ok,135,138,0.9782608695652174,2,4,2.962962962962963
molgen_ns1.0,THSR,26,ok,206,206,1.0,0,0,0.0
molgen_ns1.0,p53_Y220C,26,ok,138,138,1.0,0,0,0.0
boltz2,GLTP,26,ok,69,70,0.9857142857142858,0,0,0.0
apo2mol_250,HIV_RT__3V81,26,ok,154,154,1.0,5,5,3.2467532467532467
molgen_ns1.0,METTL14,26,ok,185,185,1.0,0,0,0.0
esmfold2,Bcl-xL,26,ok,190,190,1.0,0,0,0.0
esmfold2,NDPK-A,26,ok,149,149,1.0,0,0,0.0
apo2mol_250,p53_Y220C__4AGQ,26,ok,125,128,0.9765625,3,4,3.2
boltz2,HIV_RT,26,ok,178,178,1.0,0,0,0.0
esmfold2,HIV_RT__3V81,26,ok,154,154,1.0,0,0,0.0
esmfold2,FUT8,26,ok,181,181,1.0,0,0,0.0
esmfold2,METTL14,26,ok,185,185,1.0,0,0,0.0
molgen_ns1.0,HIV_RT,26,ok,178,178,1.0,0,0,0.0
esmfold2,THSR__7UTZ,26,ok,186,186,1.0,0,0,0.0
esmfold2,THSR,26,ok,206,206,1.0,0,0,0.0
esmfold2,p53_Y220C__4AGQ,26,ok,128,128,1.0,0,0,0.0
molgen_ns1.0,HIV1_CA,26,ok,126,129,0.9767441860465116,0,0,0.0
esmfold2,CB1,26,ok,246,246,1.0,0,0,0.0
boltz2,betaLG,26,ok,127,127,1.0,0,0,0.0
molgen_ns1.0,CB1,26,ok,246,246,1.0,0,0,0.0
molgen_ns1.0,GLTP,26,ok,70,70,1.0,0,0,0.0
molgen_ns1.0,HIF2alpha,26,ok,172,172,1.0,0,0,0.0
esmfold2,Menin,26,ok,121,121,1.0,0,0,0.0
esmfold2,KRAS,26,ok,160,160,1.0,0,0,0.0
esmfold2,GLTP,26,ok,69,70,0.9857142857142858,0,0,0.0
esmfold2,SHP2,26,ok,159,159,1.0,0,0,0.0
boltz2,HIV1_CA,26,ok,127,129,0.9844961240310076,0,0,0.0
molgen_ns1.0,GCGR,26,ok,228,233,0.9785407725321889,0,0,0.0
esmfold2,betaLG,26,ok,127,127,1.0,0,0,0.0
boltz2,Bcl-xL,26,ok,190,190,1.0,1,2,1.0526315789473684
boltz2,THSR,26,ok,206,206,1.0,0,0,0.0
boltz2,SHP2,26,ok,159,159,1.0,0,0,0.0
boltz2,NDPK-A,26,ok,149,149,1.0,0,0,0.0
boltz2,THSR__7UTZ,26,ok,186,186,1.0,0,0,0.0
molgen_ns1.0,p53_Y220C__4AGQ,26,ok,128,128,1.0,0,0,0.0
boltz2,p53_Y220C__4AGQ,26,ok,128,128,1.0,0,0,0.0
boltz2,CB1,26,ok,246,246,1.0,0,0,0.0
apo2mol_250,GLTP,26,ok,69,70,0.9857142857142858,0,0,0.0
apo2mol_250,HIF2alpha,26,ok,172,172,1.0,3,6,3.488372093023256
esmfold2,HIF2alpha__6D0B,26,ok,204,204,1.0,0,0,0.0
molgen_ns1.0,THSR__7UTZ,26,ok,186,186,1.0,0,0,0.0
boltz2,FUT8,26,ok,181,181,1.0,0,0,0.0
molgen_ns1.0,SHP2,26,ok,159,159,1.0,0,0,0.0
boltz2,KRAS,26,ok,160,160,1.0,0,0,0.0
apo2mol_250,NDPK-A,26,ok,149,149,1.0,1,2,1.342281879194631
esmfold2,p53_Y220C,26,ok,138,138,1.0,0,0,0.0
molgen_ns1.0,HIV_RT__3V81,26,ok,154,154,1.0,0,0,0.0
boltz2,p53_Y220C,26,ok,138,138,1.0,0,0,0.0
molgen_ns1.0,cAbl,26,ok,179,179,1.0,0,0,0.0
molgen_ns1.0,NDPK-A,26,ok,149,149,1.0,0,0,0.0
boltz2,METTL14,26,ok,185,185,1.0,0,0,0.0
molgen_ns1.0,KRAS,26,ok,158,160,0.9875,0,0,0.0
molgen_ns1.0,Bcl-xL,26,ok,178,190,0.936842105263158,0,0,0.0
boltz2,HIF2alpha__6D0B,26,ok,204,204,1.0,0,0,0.0
boltz2,Menin,27,ok,121,121,1.0,0,0,0.0
boltz2,HIV_RT,27,ok,178,178,1.0,0,0,0.0
molgen_ns1.0,p53_Y220C,27,ok,138,138,1.0,0,0,0.0
apo2mol_250,p53_Y220C,27,ok,135,138,0.9782608695652174,1,2,1.4814814814814814
molgen_ns1.0,HIF2alpha__6D0B,27,ok,204,204,1.0,0,0,0.0
molgen_ns1.0,Menin,27,ok,121,121,1.0,0,0,0.0
boltz2,HIV_RT__3V81,27,ok,154,154,1.0,0,0,0.0
esmfold2,HIV1_CA,27,ok,127,129,0.9844961240310076,0,0,0.0
molgen_ns1.0,HIF2alpha,27,ok,172,172,1.0,0,0,0.0
boltz2,HIF2alpha,27,ok,172,172,1.0,0,0,0.0
molgen_ns1.0,betaLG,27,ok,127,127,1.0,0,0,0.0
esmfold2,HIV_RT,27,ok,178,178,1.0,0,0,0.0
boltz2,p53_Y220C,27,ok,138,138,1.0,0,0,0.0
apo2mol_250,HIV_RT__3V81,27,ok,154,154,1.0,1,2,1.2987012987012987
molgen_ns1.0,THSR,27,ok,206,206,1.0,0,0,0.0
boltz2,GLTP,27,ok,69,70,0.9857142857142858,0,0,0.0
esmfold2,THSR__7UTZ,27,ok,186,186,1.0,0,0,0.0
apo2mol_250,GLTP,27,ok,69,70,0.9857142857142858,0,0,0.0
molgen_ns1.0,HIV_RT,27,ok,178,178,1.0,0,0,0.0
esmfold2,CB1,27,ok,246,246,1.0,0,0,0.0
boltz2,betaLG,27,ok,127,127,1.0,0,0,0.0
molgen_ns1.0,HIV1_CA,27,ok,126,129,0.9767441860465116,0,0,0.0
molgen_ns1.0,GLTP,27,ok,70,70,1.0,0,0,0.0
apo2mol_250,p53_Y220C__4AGQ,27,ok,125,128,0.9765625,6,7,5.6
esmfold2,NDPK-A,27,ok,149,149,1.0,0,0,0.0
esmfold2,Bcl-xL,27,ok,190,190,1.0,0,0,0.0
esmfold2,FUT8,27,ok,181,181,1.0,0,0,0.0
esmfold2,METTL14,27,ok,185,185,1.0,0,0,0.0
esmfold2,HIV_RT__3V81,27,ok,154,154,1.0,0,0,0.0
boltz2,HIV1_CA,27,ok,127,129,0.9844961240310076,1,2,1.5748031496062993
molgen_ns1.0,GCGR,27,ok,228,233,0.9785407725321889,0,0,0.0
esmfold2,betaLG,27,ok,127,127,1.0,0,0,0.0
esmfold2,SHP2,27,ok,159,159,1.0,0,0,0.0
boltz2,THSR,27,ok,206,206,1.0,0,0,0.0
molgen_ns1.0,p53_Y220C__4AGQ,27,ok,128,128,1.0,0,0,0.0
boltz2,Bcl-xL,27,ok,190,190,1.0,1,2,1.0526315789473684
esmfold2,Menin,27,ok,121,121,1.0,0,0,0.0
molgen_ns1.0,CB1,27,ok,246,246,1.0,0,0,0.0
esmfold2,KRAS,27,ok,160,160,1.0,0,0,0.0
esmfold2,GLTP,27,ok,69,70,0.9857142857142858,0,0,0.0
molgen_ns1.0,FUT8,27,ok,181,181,1.0,0,0,0.0
apo2mol_250,KRAS,27,ok,158,160,0.9875,8,12,7.594936708860759
apo2mol_250,GCGR,27,missing_pocket,0,233,0.0,0,0,
esmfold2,p53_Y220C,27,ok,138,138,1.0,0,0,0.0
molgen_ns1.0,KRAS,27,ok,158,160,0.9875,0,0,0.0
boltz2,METTL14,27,ok,185,185,1.0,0,0,0.0
boltz2,NDPK-A,27,ok,149,149,1.0,0,0,0.0
boltz2,KRAS,27,ok,160,160,1.0,0,0,0.0
molgen_ns1.0,Bcl-xL,27,ok,178,190,0.936842105263158,0,0,0.0
boltz2,HIF2alpha__6D0B,27,ok,204,204,1.0,0,0,0.0
apo2mol_250,HIF2alpha,27,ok,172,172,1.0,1,2,1.162790697674419
esmfold2,p53_Y220C__4AGQ,27,ok,128,128,1.0,0,0,0.0
boltz2,CB1,27,ok,246,246,1.0,0,0,0.0
boltz2,SHP2,27,ok,159,159,1.0,0,0,0.0
molgen_ns1.0,HIV_RT__3V81,27,ok,154,154,1.0,0,0,0.0
boltz2,THSR__7UTZ,27,ok,186,186,1.0,0,0,0.0
molgen_ns1.0,SHP2,27,ok,159,159,1.0,0,0,0.0
boltz2,p53_Y220C__4AGQ,27,ok,128,128,1.0,0,0,0.0
molgen_ns1.0,METTL14,27,ok,185,185,1.0,0,0,0.0
apo2mol_250,NDPK-A,27,ok,149,149,1.0,0,0,0.0
esmfold2,THSR,27,ok,206,206,1.0,0,0,0.0
boltz2,FUT8,27,ok,181,181,1.0,0,0,0.0
esmfold2,HIF2alpha,27,ok,172,172,1.0,0,0,0.0
esmfold2,HIF2alpha__6D0B,27,ok,204,204,1.0,0,0,0.0
molgen_ns1.0,cAbl,27,ok,179,179,1.0,0,0,0.0
molgen_ns1.0,THSR__7UTZ,27,ok,186,186,1.0,0,0,0.0
molgen_ns1.0,NDPK-A,27,ok,149,149,1.0,0,0,0.0
molgen_ns1.0,betaLG,28,ok,127,127,1.0,0,0,0.0
boltz2,SHP2,28,ok,159,159,1.0,0,0,0.0
esmfold2,p53_Y220C,28,ok,138,138,1.0,0,0,0.0
apo2mol_250,NDPK-A,28,ok,149,149,1.0,1,2,1.342281879194631
boltz2,KRAS,28,ok,160,160,1.0,0,0,0.0
molgen_ns1.0,HIV_RT__3V81,28,ok,154,154,1.0,0,0,0.0
molgen_ns1.0,Bcl-xL,28,ok,178,190,0.936842105263158,0,0,0.0
esmfold2,THSR__7UTZ,28,ok,186,186,1.0,0,0,0.0
esmfold2,THSR,28,ok,206,206,1.0,0,0,0.0
apo2mol_250,KRAS,28,ok,158,160,0.9875,0,0,0.0
boltz2,p53_Y220C,28,ok,138,138,1.0,0,0,0.0
apo2mol_250,GCGR,28,missing_pocket,0,233,0.0,0,0,
esmfold2,CB1,28,ok,246,246,1.0,0,0,0.0
molgen_ns1.0,HIF2alpha__6D0B,28,ok,204,204,1.0,0,0,0.0
molgen_ns1.0,FUT8,28,ok,181,181,1.0,0,0,0.0
boltz2,HIV_RT__3V81,28,ok,154,154,1.0,0,0,0.0
boltz2,GLTP,28,ok,69,70,0.9857142857142858,0,0,0.0
molgen_ns1.0,Menin,28,ok,121,121,1.0,0,0,0.0
apo2mol_250,p53_Y220C,28,ok,135,138,0.9782608695652174,0,0,0.0
apo2mol_250,HIV_RT__3V81,28,ok,154,154,1.0,0,0,0.0
boltz2,NDPK-A,28,ok,149,149,1.0,0,0,0.0
boltz2,METTL14,28,ok,185,185,1.0,0,0,0.0
molgen_ns1.0,METTL14,28,ok,185,185,1.0,0,0,0.0
apo2mol_250,GLTP,28,ok,69,70,0.9857142857142858,0,0,0.0
boltz2,HIF2alpha__6D0B,28,ok,204,204,1.0,0,0,0.0
molgen_ns1.0,HIV_RT,28,ok,178,178,1.0,0,0,0.0
molgen_ns1.0,HIV1_CA,28,ok,126,129,0.9767441860465116,0,0,0.0
boltz2,betaLG,28,ok,127,127,1.0,0,0,0.0
molgen_ns1.0,GCGR,28,ok,228,233,0.9785407725321889,0,0,0.0
esmfold2,SHP2,28,ok,159,159,1.0,0,0,0.0
boltz2,Bcl-xL,28,ok,190,190,1.0,2,3,1.5789473684210529
boltz2,THSR,28,ok,206,206,1.0,0,0,0.0
molgen_ns1.0,p53_Y220C,28,ok,138,138,1.0,0,0,0.0
esmfold2,FUT8,28,ok,181,181,1.0,0,0,0.0
esmfold2,GLTP,28,ok,69,70,0.9857142857142858,0,0,0.0
molgen_ns1.0,p53_Y220C__4AGQ,28,ok,128,128,1.0,0,0,0.0
boltz2,Menin,28,ok,121,121,1.0,0,0,0.0
molgen_ns1.0,CB1,28,ok,246,246,1.0,0,0,0.0
esmfold2,HIV_RT__3V81,28,ok,154,154,1.0,0,0,0.0
apo2mol_250,p53_Y220C__4AGQ,28,ok,125,128,0.9765625,4,6,4.8
esmfold2,METTL14,28,ok,185,185,1.0,0,0,0.0
esmfold2,NDPK-A,28,ok,149,149,1.0,0,0,0.0
esmfold2,Bcl-xL,28,ok,190,190,1.0,0,0,0.0
esmfold2,Menin,28,ok,121,121,1.0,0,0,0.0
molgen_ns1.0,GLTP,28,ok,70,70,1.0,0,0,0.0
esmfold2,KRAS,28,ok,160,160,1.0,0,0,0.0
boltz2,HIV1_CA,28,ok,127,129,0.9844961240310076,0,0,0.0
molgen_ns1.0,NDPK-A,28,ok,149,149,1.0,0,0,0.0
molgen_ns1.0,THSR,28,ok,206,206,1.0,0,0,0.0
boltz2,p53_Y220C__4AGQ,28,ok,128,128,1.0,0,0,0.0
molgen_ns1.0,cAbl,28,ok,179,179,1.0,0,0,0.0
molgen_ns1.0,THSR__7UTZ,28,ok,186,186,1.0,0,0,0.0
boltz2,FUT8,28,ok,181,181,1.0,0,0,0.0
apo2mol_250,HIF2alpha,28,ok,172,172,1.0,3,6,3.488372093023256
molgen_ns1.0,SHP2,28,ok,159,159,1.0,0,0,0.0
boltz2,CB1,28,ok,246,246,1.0,0,0,0.0
boltz2,THSR__7UTZ,28,ok,186,186,1.0,0,0,0.0
esmfold2,p53_Y220C__4AGQ,28,ok,128,128,1.0,0,0,0.0
esmfold2,betaLG,28,ok,127,127,1.0,0,0,0.0
esmfold2,HIV1_CA,28,ok,127,129,0.9844961240310076,0,0,0.0
molgen_ns1.0,HIF2alpha,28,ok,172,172,1.0,0,0,0.0
esmfold2,HIV_RT,28,ok,178,178,1.0,0,0,0.0
esmfold2,HIF2alpha,28,ok,172,172,1.0,0,0,0.0
esmfold2,HIF2alpha__6D0B,28,ok,204,204,1.0,0,0,0.0
boltz2,HIV_RT,28,ok,178,178,1.0,0,0,0.0
boltz2,HIF2alpha,28,ok,172,172,1.0,0,0,0.0
molgen_ns1.0,betaLG,29,ok,127,127,1.0,0,0,0.0
esmfold2,HIF2alpha,29,ok,172,172,1.0,0,0,0.0
molgen_ns1.0,HIF2alpha,29,ok,172,172,1.0,0,0,0.0
boltz2,HIV_RT__3V81,29,ok,154,154,1.0,0,0,0.0
boltz2,HIV_RT,29,ok,178,178,1.0,0,0,0.0
esmfold2,HIF2alpha__6D0B,29,ok,204,204,1.0,0,0,0.0
esmfold2,HIV_RT,29,ok,178,178,1.0,1,2,1.1235955056179776
molgen_ns1.0,THSR__7UTZ,29,ok,186,186,1.0,0,0,0.0
esmfold2,HIV1_CA,29,ok,127,129,0.9844961240310076,0,0,0.0
molgen_ns1.0,SHP2,29,ok,159,159,1.0,0,0,0.0
molgen_ns1.0,FUT8,29,ok,181,181,1.0,0,0,0.0
boltz2,Bcl-xL,29,ok,190,190,1.0,1,2,1.0526315789473684
boltz2,CB1,29,ok,246,246,1.0,1,2,0.8130081300813008
esmfold2,FUT8,29,ok,181,181,1.0,0,0,0.0
boltz2,HIV1_CA,29,ok,127,129,0.9844961240310076,0,0,0.0
esmfold2,HIV_RT__3V81,29,ok,154,154,1.0,0,0,0.0
esmfold2,KRAS,29,ok,160,160,1.0,0,0,0.0
molgen_ns1.0,cAbl,29,ok,179,179,1.0,0,0,0.0
boltz2,p53_Y220C__4AGQ,29,ok,128,128,1.0,0,0,0.0
molgen_ns1.0,NDPK-A,29,ok,149,149,1.0,0,0,0.0
molgen_ns1.0,THSR,29,ok,206,206,1.0,0,0,0.0
boltz2,FUT8,29,ok,181,181,1.0,0,0,0.0
boltz2,p53_Y220C,29,ok,138,138,1.0,0,0,0.0
boltz2,betaLG,29,ok,127,127,1.0,0,0,0.0
molgen_ns1.0,HIF2alpha__6D0B,29,ok,204,204,1.0,0,0,0.0
apo2mol_250,p53_Y220C__4AGQ,29,ok,125,128,0.9765625,6,9,7.2
esmfold2,METTL14,29,ok,185,185,1.0,0,0,0.0
esmfold2,Bcl-xL,29,ok,190,190,1.0,0,0,0.0
esmfold2,NDPK-A,29,ok,149,149,1.0,0,0,0.0
apo2mol_250,GLTP,29,ok,69,70,0.9857142857142858,0,0,0.0
molgen_ns1.0,HIV_RT,29,ok,178,178,1.0,0,0,0.0
boltz2,HIF2alpha__6D0B,29,ok,204,204,1.0,0,0,0.0
esmfold2,Menin,29,ok,121,121,1.0,0,0,0.0
boltz2,HIF2alpha,29,ok,172,172,1.0,0,0,0.0
molgen_ns1.0,GLTP,29,ok,70,70,1.0,0,0,0.0
molgen_ns1.0,GCGR,29,ok,228,233,0.9785407725321889,0,0,0.0
molgen_ns1.0,METTL14,29,ok,185,185,1.0,0,0,0.0
molgen_ns1.0,HIV1_CA,29,ok,126,129,0.9767441860465116,0,0,0.0
esmfold2,SHP2,29,ok,159,159,1.0,0,0,0.0
boltz2,NDPK-A,29,ok,149,149,1.0,0,0,0.0
boltz2,GLTP,29,ok,69,70,0.9857142857142858,0,0,0.0
molgen_ns1.0,p53_Y220C,29,ok,138,138,1.0,0,0,0.0
apo2mol_250,p53_Y220C,29,ok,135,138,0.9782608695652174,2,4,2.962962962962963
boltz2,THSR,29,ok,206,206,1.0,0,0,0.0
boltz2,Menin,29,ok,121,121,1.0,0,0,0.0
molgen_ns1.0,p53_Y220C__4AGQ,29,ok,128,128,1.0,0,0,0.0
esmfold2,GLTP,29,ok,69,70,0.9857142857142858,0,0,0.0
apo2mol_250,GCGR,29,missing_pocket,0,233,0.0,0,0,
boltz2,THSR__7UTZ,29,ok,186,186,1.0,0,0,0.0
esmfold2,CB1,29,ok,246,246,1.0,0,0,0.0
apo2mol_250,KRAS,29,ok,158,160,0.9875,8,12,7.594936708860759
molgen_ns1.0,Menin,29,ok,121,121,1.0,0,0,0.0
apo2mol_250,HIF2alpha,29,ok,172,172,1.0,9,14,8.13953488372093
esmfold2,betaLG,29,ok,127,127,1.0,0,0,0.0
apo2mol_250,HIV_RT__3V81,29,ok,154,154,1.0,3,4,2.5974025974025974
molgen_ns1.0,KRAS,29,ok,158,160,0.9875,0,0,0.0
boltz2,METTL14,29,ok,185,185,1.0,0,0,0.0
boltz2,KRAS,29,ok,160,160,1.0,0,0,0.0
molgen_ns1.0,HIV_RT__3V81,29,ok,154,154,1.0,0,0,0.0
molgen_ns1.0,CB1,29,ok,246,246,1.0,0,0,0.0
esmfold2,p53_Y220C,29,ok,138,138,1.0,0,0,0.0
boltz2,SHP2,29,ok,159,159,1.0,0,0,0.0
esmfold2,p53_Y220C__4AGQ,29,ok,128,128,1.0,0,0,0.0
molgen_ns1.0,Bcl-xL,29,ok,178,190,0.936842105263158,0,0,0.0
esmfold2,THSR__7UTZ,29,ok,186,186,1.0,0,0,0.0
esmfold2,THSR,29,ok,206,206,1.0,0,0,0.0
apo2mol_250,NDPK-A,29,ok,149,149,1.0,1,2,1.342281879194631
bioemu_refine,Bcl-xL,100,ok,190,190,1.0,1,2,1.0526315789473684
bioemu_refine,p53_Y220C__4AGQ,100,ok,128,128,1.0,0,0,0.0
rfd3_fix7,KRAS,100,ok,158,160,0.9875,0,0,0.0
rfd3_fix7,HIF2alpha,100,ok,172,172,1.0,0,0,0.0
bioemu_refine,NDPK-A,100,ok,149,149,1.0,2,3,2.0134228187919465
bioemu_refine,p53_Y220C,100,ok,138,138,1.0,0,0,0.0
rfd3_fix7,HIF2alpha__6D0B,100,ok,204,204,1.0,0,0,0.0
bioemu_refine,FUT8,100,ok,181,181,1.0,1,2,1.1049723756906078
confornet_nomsa,SHP2,100,ok,159,159,1.0,0,0,0.0
confornet_nomsa,METTL14,100,ok,185,185,1.0,0,0,0.0
confornet_nomsa,NDPK-A,100,ok,149,149,1.0,0,0,0.0
rfd3_fix7,CB1,100,ok,234,246,0.951219512195122,0,0,0.0
confornet_nomsa,betaLG,100,ok,127,127,1.0,0,0,0.0
confornet_nomsa,GLTP,100,ok,69,70,0.9857142857142858,0,0,0.0
bioemu_refine,SHP2,100,ok,159,159,1.0,2,4,2.5157232704402515
rfd3_fix7,THSR__7UTZ,100,ok,186,186,1.0,0,0,0.0
rfd3_fix7,cAbl,100,ok,179,179,1.0,0,0,0.0
bioemu_refine,KRAS,100,ok,160,160,1.0,0,0,0.0
rfd3_fix7,GCGR,100,ok,223,233,0.9570815450643776,0,0,0.0
rfd3_fix7,GLTP,100,ok,69,70,0.9857142857142858,0,0,0.0
rfd3_fix7,p53_Y220C,100,ok,135,138,0.9782608695652174,0,0,0.0
rfd3_fix7,METTL14,100,ok,185,185,1.0,0,0,0.0
rfd3_fix7,Bcl-xL,100,ok,178,190,0.936842105263158,0,0,0.0
bioemu_refine,THSR,100,ok,206,206,1.0,0,0,0.0
bioemu_refine,HIF2alpha,100,ok,172,172,1.0,1,2,1.162790697674419
bioemu_refine,HIF2alpha__6D0B,100,ok,204,204,1.0,0,0,0.0
rfd3_fix7,NDPK-A,100,ok,149,149,1.0,0,0,0.0
rfd3_fix7,SHP2,100,ok,159,159,1.0,0,0,0.0
bioemu_refine,Menin,100,ok,121,121,1.0,0,0,0.0
bioemu_refine,THSR__7UTZ,100,ok,186,186,1.0,0,0,0.0
rfd3_fix7,THSR,100,ok,206,206,1.0,0,0,0.0
bioemu_refine,HIV_RT,100,ok,178,178,1.0,0,0,0.0
bioemu_refine,CB1,100,ok,246,246,1.0,0,0,0.0
confornet_nomsa,Bcl-xL,100,ok,178,190,0.936842105263158,0,0,0.0
bioemu_refine,METTL14,100,ok,185,185,1.0,0,0,0.0
bioemu_refine,betaLG,100,ok,127,127,1.0,0,0,0.0
confornet_nomsa,FUT8,100,ok,181,181,1.0,0,0,0.0
rfd3_fix7,FUT8,100,ok,181,181,1.0,0,0,0.0
rfd3_fix7,p53_Y220C__4AGQ,100,ok,125,128,0.9765625,0,0,0.0
bioemu_refine,HIV1_CA,100,ok,127,129,0.9844961240310076,0,0,0.0
bioemu_refine,HIV_RT__3V81,100,ok,154,154,1.0,1,2,1.2987012987012987
rfd3_fix7,HIV_RT__3V81,100,ok,154,154,1.0,0,0,0.0
rfd3_fix7,HIV1_CA,100,ok,126,129,0.9767441860465116,0,0,0.0
rfd3_fix7,Menin,100,ok,121,121,1.0,0,0,0.0
rfd3_fix7,betaLG,100,ok,127,127,1.0,2,3,2.3622047244094486
bioemu_refine,GLTP,100,ok,69,70,0.9857142857142858,0,0,0.0
rfd3_fix7,HIV_RT,100,ok,178,178,1.0,0,0,0.0
rfd3_fix7,METTL14,101,ok,185,185,1.0,1,2,1.0810810810810811
rfd3_fix7,GLTP,101,ok,69,70,0.9857142857142858,0,0,0.0
rfd3_fix7,SHP2,101,ok,159,159,1.0,0,0,0.0
rfd3_fix7,CB1,101,ok,234,246,0.951219512195122,0,0,0.0
confornet_nomsa,betaLG,101,ok,127,127,1.0,0,0,0.0
confornet_nomsa,Bcl-xL,101,ok,178,190,0.936842105263158,0,0,0.0
rfd3_fix7,FUT8,101,ok,181,181,1.0,1,2,1.1049723756906078
confornet_nomsa,GLTP,101,ok,69,70,0.9857142857142858,0,0,0.0
confornet_nomsa,NDPK-A,101,ok,149,149,1.0,0,0,0.0
confornet_nomsa,METTL14,101,ok,185,185,1.0,0,0,0.0
confornet_nomsa,FUT8,101,ok,181,181,1.0,0,0,0.0
rfd3_fix7,HIV_RT,101,ok,178,178,1.0,0,0,0.0
rfd3_fix7,HIV_RT__3V81,101,ok,154,154,1.0,0,0,0.0
rfd3_fix7,cAbl,101,ok,179,179,1.0,0,0,0.0
rfd3_fix7,p53_Y220C__4AGQ,101,ok,125,128,0.9765625,0,0,0.0
rfd3_fix7,THSR,101,ok,206,206,1.0,0,0,0.0
rfd3_fix7,HIF2alpha,101,ok,172,172,1.0,0,0,0.0
rfd3_fix7,HIF2alpha__6D0B,101,ok,204,204,1.0,0,0,0.0
rfd3_fix7,Menin,101,ok,121,121,1.0,1,2,1.6528925619834711
rfd3_fix7,THSR__7UTZ,101,ok,186,186,1.0,0,0,0.0
rfd3_fix7,GCGR,101,ok,223,233,0.9570815450643776,1,2,0.8968609865470852
rfd3_fix7,betaLG,101,ok,127,127,1.0,0,0,0.0
rfd3_fix7,Bcl-xL,101,ok,178,190,0.936842105263158,0,0,0.0
rfd3_fix7,NDPK-A,101,ok,149,149,1.0,0,0,0.0
confornet_nomsa,SHP2,101,ok,159,159,1.0,0,0,0.0
rfd3_fix7,p53_Y220C,101,ok,135,138,0.9782608695652174,0,0,0.0
rfd3_fix7,HIV1_CA,101,ok,126,129,0.9767441860465116,0,0,0.0
rfd3_fix7,KRAS,101,ok,158,160,0.9875,0,0,0.0
confornet_nomsa,FUT8,102,ok,181,181,1.0,0,0,0.0
rfd3_fix7,HIV_RT__3V81,102,ok,154,154,1.0,0,0,0.0
rfd3_fix7,GCGR,102,ok,223,233,0.9570815450643776,0,0,0.0
confornet_nomsa,Bcl-xL,102,ok,178,190,0.936842105263158,0,0,0.0
rfd3_fix7,THSR__7UTZ,102,ok,186,186,1.0,0,0,0.0
rfd3_fix7,HIF2alpha,102,ok,172,172,1.0,1,2,1.162790697674419
rfd3_fix7,p53_Y220C__4AGQ,102,ok,125,128,0.9765625,0,0,0.0
rfd3_fix7,cAbl,102,ok,179,179,1.0,0,0,0.0
confornet_nomsa,NDPK-A,102,ok,149,149,1.0,0,0,0.0
confornet_nomsa,METTL14,102,ok,185,185,1.0,0,0,0.0
confornet_nomsa,GLTP,102,ok,69,70,0.9857142857142858,0,0,0.0
rfd3_fix7,CB1,102,ok,234,246,0.951219512195122,0,0,0.0
rfd3_fix7,Bcl-xL,102,ok,178,190,0.936842105263158,0,0,0.0
confornet_nomsa,SHP2,102,ok,159,159,1.0,0,0,0.0
rfd3_fix7,betaLG,102,ok,127,127,1.0,0,0,0.0
rfd3_fix7,HIF2alpha__6D0B,102,ok,204,204,1.0,0,0,0.0
rfd3_fix7,THSR,102,ok,206,206,1.0,0,0,0.0
rfd3_fix7,Menin,102,ok,121,121,1.0,0,0,0.0
rfd3_fix7,FUT8,102,ok,181,181,1.0,0,0,0.0
rfd3_fix7,SHP2,102,ok,159,159,1.0,0,0,0.0
rfd3_fix7,GLTP,102,ok,69,70,0.9857142857142858,0,0,0.0
rfd3_fix7,METTL14,102,ok,185,185,1.0,2,3,1.6216216216216215
rfd3_fix7,p53_Y220C,102,ok,135,138,0.9782608695652174,0,0,0.0
confornet_nomsa,betaLG,102,ok,127,127,1.0,0,0,0.0
rfd3_fix7,HIV_RT,102,ok,178,178,1.0,0,0,0.0
rfd3_fix7,HIV1_CA,102,ok,126,129,0.9767441860465116,0,0,0.0
rfd3_fix7,NDPK-A,102,ok,149,149,1.0,1,2,1.342281879194631
rfd3_fix7,KRAS,102,ok,158,160,0.9875,0,0,0.0
rfd3_fix7,HIV_RT__3V81,103,ok,154,154,1.0,0,0,0.0
rfd3_fix7,HIF2alpha,103,ok,172,172,1.0,0,0,0.0
rfd3_fix7,cAbl,103,ok,179,179,1.0,0,0,0.0
rfd3_fix7,THSR__7UTZ,103,ok,186,186,1.0,0,0,0.0
rfd3_fix7,betaLG,103,ok,127,127,1.0,0,0,0.0
confornet_nomsa,FUT8,103,ok,181,181,1.0,0,0,0.0
rfd3_fix7,HIF2alpha__6D0B,103,ok,204,204,1.0,1,2,0.9803921568627452
rfd3_fix7,THSR,103,ok,206,206,1.0,0,0,0.0
rfd3_fix7,SHP2,103,ok,159,159,1.0,0,0,0.0
confornet_nomsa,METTL14,103,ok,185,185,1.0,0,0,0.0
confornet_nomsa,NDPK-A,103,ok,149,149,1.0,0,0,0.0
confornet_nomsa,GLTP,103,ok,69,70,0.9857142857142858,0,0,0.0
confornet_nomsa,Bcl-xL,103,ok,178,190,0.936842105263158,0,0,0.0
rfd3_fix7,CB1,103,ok,234,246,0.951219512195122,0,0,0.0
rfd3_fix7,HIV1_CA,103,ok,126,129,0.9767441860465116,0,0,0.0
rfd3_fix7,Menin,103,ok,121,121,1.0,0,0,0.0
rfd3_fix7,p53_Y220C,103,ok,135,138,0.9782608695652174,0,0,0.0
rfd3_fix7,p53_Y220C__4AGQ,103,ok,125,128,0.9765625,0,0,0.0
confornet_nomsa,betaLG,103,ok,127,127,1.0,0,0,0.0
rfd3_fix7,HIV_RT,103,ok,178,178,1.0,0,0,0.0
rfd3_fix7,GCGR,103,ok,223,233,0.9570815450643776,0,0,0.0
rfd3_fix7,KRAS,103,ok,158,160,0.9875,0,0,0.0
rfd3_fix7,NDPK-A,103,ok,149,149,1.0,1,2,1.342281879194631
rfd3_fix7,Bcl-xL,103,ok,178,190,0.936842105263158,1,2,1.1235955056179776
rfd3_fix7,METTL14,103,ok,185,185,1.0,1,2,1.0810810810810811
rfd3_fix7,GLTP,103,ok,69,70,0.9857142857142858,0,0,0.0
confornet_nomsa,SHP2,103,ok,159,159,1.0,0,0,0.0
rfd3_fix7,FUT8,103,ok,181,181,1.0,1,2,1.1049723756906078
rfd3_fix7,HIF2alpha,104,ok,172,172,1.0,0,0,0.0
rfd3_fix7,THSR__7UTZ,104,ok,186,186,1.0,0,0,0.0
confornet_nomsa,SHP2,104,ok,159,159,1.0,0,0,0.0
rfd3_fix7,FUT8,104,ok,181,181,1.0,0,0,0.0
rfd3_fix7,GLTP,104,ok,69,70,0.9857142857142858,0,0,0.0
rfd3_fix7,METTL14,104,ok,185,185,1.0,0,0,0.0
confornet_nomsa,NDPK-A,104,ok,149,149,1.0,0,0,0.0
rfd3_fix7,SHP2,104,ok,159,159,1.0,0,0,0.0
confornet_nomsa,Bcl-xL,104,ok,178,190,0.936842105263158,0,0,0.0
confornet_nomsa,FUT8,104,ok,181,181,1.0,0,0,0.0
confornet_nomsa,METTL14,104,ok,185,185,1.0,0,0,0.0
rfd3_fix7,betaLG,104,ok,127,127,1.0,0,0,0.0
rfd3_fix7,THSR,104,ok,206,206,1.0,0,0,0.0
rfd3_fix7,cAbl,104,ok,179,179,1.0,0,0,0.0
rfd3_fix7,HIV_RT__3V81,104,ok,154,154,1.0,0,0,0.0
confornet_nomsa,GLTP,104,ok,69,70,0.9857142857142858,0,0,0.0
rfd3_fix7,CB1,104,ok,234,246,0.951219512195122,0,0,0.0
rfd3_fix7,p53_Y220C__4AGQ,104,ok,125,128,0.9765625,0,0,0.0
rfd3_fix7,Bcl-xL,104,ok,178,190,0.936842105263158,0,0,0.0
rfd3_fix7,HIV1_CA,104,ok,126,129,0.9767441860465116,0,0,0.0
rfd3_fix7,Menin,104,ok,121,121,1.0,0,0,0.0
rfd3_fix7,KRAS,104,ok,158,160,0.9875,0,0,0.0
rfd3_fix7,NDPK-A,104,ok,149,149,1.0,1,2,1.342281879194631
rfd3_fix7,HIV_RT,104,ok,178,178,1.0,1,2,1.1235955056179776
confornet_nomsa,betaLG,104,ok,127,127,1.0,0,0,0.0
rfd3_fix7,p53_Y220C,104,ok,135,138,0.9782608695652174,0,0,0.0
rfd3_fix7,GCGR,104,ok,223,233,0.9570815450643776,0,0,0.0
rfd3_fix7,HIF2alpha__6D0B,104,ok,204,204,1.0,0,0,0.0
bioemu_refine,THSR,200,ok,206,206,1.0,1,2,0.970873786407767
rfd3_fix7,p53_Y220C,200,ok,135,138,0.9782608695652174,0,0,0.0
rfd3_fix7,NDPK-A,200,ok,149,149,1.0,0,0,0.0
rfd3_fix7,p53_Y220C__4AGQ,200,ok,125,128,0.9765625,0,0,0.0
rfd3_fix7,Bcl-xL,200,ok,178,190,0.936842105263158,0,0,0.0
bioemu_refine,p53_Y220C,200,ok,138,138,1.0,0,0,0.0
rfd3_fix7,GLTP,200,ok,69,70,0.9857142857142858,0,0,0.0
rfd3_fix7,betaLG,200,ok,127,127,1.0,0,0,0.0
bioemu_refine,THSR__7UTZ,200,ok,186,186,1.0,0,0,0.0
rfd3_fix7,HIF2alpha,200,ok,172,172,1.0,1,2,1.162790697674419
rfd3_fix7,HIV_RT__3V81,200,ok,154,154,1.0,0,0,0.0
rfd3_fix7,CB1,200,ok,234,246,0.951219512195122,1,2,0.8547008547008547
bioemu_refine,p53_Y220C__4AGQ,200,ok,128,128,1.0,0,0,0.0
bioemu_refine,Bcl-xL,200,ok,190,190,1.0,0,0,0.0
rfd3_fix7,cAbl,200,ok,179,179,1.0,0,0,0.0
bioemu_refine,FUT8,200,ok,181,181,1.0,2,4,2.209944751381216
rfd3_fix7,HIF2alpha__6D0B,200,ok,204,204,1.0,0,0,0.0
bioemu_refine,NDPK-A,200,ok,149,149,1.0,0,0,0.0
rfd3_fix7,Menin,200,ok,121,121,1.0,0,0,0.0
rfd3_fix7,KRAS,200,ok,158,160,0.9875,0,0,0.0
rfd3_fix7,THSR,200,ok,206,206,1.0,0,0,0.0
rfd3_fix7,METTL14,200,ok,185,185,1.0,0,0,0.0
rfd3_fix7,SHP2,200,ok,159,159,1.0,0,0,0.0
bioemu_refine,HIV_RT__3V81,200,ok,154,154,1.0,0,0,0.0
bioemu_refine,HIV_RT,200,ok,178,178,1.0,0,0,0.0
bioemu_refine,HIV1_CA,200,ok,127,129,0.9844961240310076,0,0,0.0
rfd3_fix7,HIV1_CA,200,ok,126,129,0.9767441860465116,0,0,0.0
bioemu_refine,KRAS,200,ok,160,160,1.0,0,0,0.0
bioemu_refine,Menin,200,ok,121,121,1.0,0,0,0.0
rfd3_fix7,FUT8,200,ok,181,181,1.0,1,2,1.1049723756906078
bioemu_refine,METTL14,200,ok,185,185,1.0,0,0,0.0
bioemu_refine,GLTP,200,ok,69,70,0.9857142857142858,0,0,0.0
rfd3_fix7,HIV_RT,200,ok,178,178,1.0,4,5,2.808988764044944
bioemu_refine,CB1,200,ok,246,246,1.0,2,3,1.2195121951219512
rfd3_fix7,GCGR,200,ok,223,233,0.9570815450643776,0,0,0.0
bioemu_refine,SHP2,200,ok,159,159,1.0,0,0,0.0
bioemu_refine,HIF2alpha__6D0B,200,ok,204,204,1.0,0,0,0.0
bioemu_refine,HIF2alpha,200,ok,172,172,1.0,1,2,1.162790697674419
bioemu_refine,betaLG,200,ok,127,127,1.0,0,0,0.0
rfd3_fix7,THSR__7UTZ,200,ok,186,186,1.0,0,0,0.0
rfd3_fix7,CB1,201,ok,234,246,0.951219512195122,0,0,0.0
rfd3_fix7,HIV_RT__3V81,201,ok,154,154,1.0,0,0,0.0
rfd3_fix7,HIF2alpha__6D0B,201,ok,204,204,1.0,0,0,0.0
rfd3_fix7,HIF2alpha,201,ok,172,172,1.0,0,0,0.0
rfd3_fix7,betaLG,201,ok,127,127,1.0,0,0,0.0
rfd3_fix7,p53_Y220C,201,ok,135,138,0.9782608695652174,0,0,0.0
rfd3_fix7,NDPK-A,201,ok,149,149,1.0,0,0,0.0
rfd3_fix7,KRAS,201,ok,158,160,0.9875,0,0,0.0
rfd3_fix7,cAbl,201,ok,179,179,1.0,0,0,0.0
rfd3_fix7,Bcl-xL,201,ok,178,190,0.936842105263158,0,0,0.0
rfd3_fix7,METTL14,201,ok,185,185,1.0,0,0,0.0
rfd3_fix7,GLTP,201,ok,69,70,0.9857142857142858,0,0,0.0
rfd3_fix7,FUT8,201,ok,181,181,1.0,1,2,1.1049723756906078
rfd3_fix7,p53_Y220C__4AGQ,201,ok,125,128,0.9765625,0,0,0.0
rfd3_fix7,GCGR,201,ok,223,233,0.9570815450643776,0,0,0.0
rfd3_fix7,HIV_RT,201,ok,178,178,1.0,3,5,2.808988764044944
rfd3_fix7,HIV1_CA,201,ok,126,129,0.9767441860465116,0,0,0.0
rfd3_fix7,THSR,201,ok,206,206,1.0,0,0,0.0
rfd3_fix7,SHP2,201,ok,159,159,1.0,0,0,0.0
rfd3_fix7,Menin,201,ok,121,121,1.0,0,0,0.0
rfd3_fix7,THSR__7UTZ,201,ok,186,186,1.0,0,0,0.0
rfd3_fix7,METTL14,202,ok,185,185,1.0,0,0,0.0
rfd3_fix7,p53_Y220C__4AGQ,202,ok,125,128,0.9765625,0,0,0.0
rfd3_fix7,betaLG,202,ok,127,127,1.0,0,0,0.0
rfd3_fix7,GCGR,202,ok,223,233,0.9570815450643776,0,0,0.0
rfd3_fix7,HIV1_CA,202,ok,126,129,0.9767441860465116,0,0,0.0
rfd3_fix7,Menin,202,ok,121,121,1.0,0,0,0.0
rfd3_fix7,THSR__7UTZ,202,ok,186,186,1.0,0,0,0.0
rfd3_fix7,cAbl,202,ok,179,179,1.0,1,2,1.11731843575419
rfd3_fix7,SHP2,202,ok,159,159,1.0,1,2,1.2578616352201255
rfd3_fix7,HIF2alpha__6D0B,202,ok,204,204,1.0,0,0,0.0
rfd3_fix7,FUT8,202,ok,181,181,1.0,1,2,1.1049723756906078
rfd3_fix7,NDPK-A,202,ok,149,149,1.0,0,0,0.0
rfd3_fix7,KRAS,202,ok,158,160,0.9875,0,0,0.0
rfd3_fix7,p53_Y220C,202,ok,135,138,0.9782608695652174,0,0,0.0
rfd3_fix7,GLTP,202,ok,69,70,0.9857142857142858,0,0,0.0
rfd3_fix7,Bcl-xL,202,ok,178,190,0.936842105263158,0,0,0.0
rfd3_fix7,HIF2alpha,202,ok,172,172,1.0,0,0,0.0
rfd3_fix7,HIV_RT,202,ok,178,178,1.0,1,2,1.1235955056179776
rfd3_fix7,CB1,202,ok,234,246,0.951219512195122,0,0,0.0
rfd3_fix7,THSR,202,ok,206,206,1.0,0,0,0.0
rfd3_fix7,HIV_RT__3V81,202,ok,154,154,1.0,0,0,0.0
rfd3_fix7,GLTP,203,ok,69,70,0.9857142857142858,0,0,0.0
rfd3_fix7,HIF2alpha__6D0B,203,ok,204,204,1.0,1,2,0.9803921568627452
rfd3_fix7,FUT8,203,ok,181,181,1.0,1,2,1.1049723756906078
rfd3_fix7,THSR,203,ok,206,206,1.0,0,0,0.0
rfd3_fix7,HIF2alpha,203,ok,172,172,1.0,0,0,0.0
rfd3_fix7,KRAS,203,ok,158,160,0.9875,0,0,0.0
rfd3_fix7,betaLG,203,ok,127,127,1.0,0,0,0.0
rfd3_fix7,HIV_RT,203,ok,178,178,1.0,0,0,0.0
rfd3_fix7,HIV_RT__3V81,203,ok,154,154,1.0,0,0,0.0
rfd3_fix7,SHP2,203,ok,159,159,1.0,0,0,0.0
rfd3_fix7,NDPK-A,203,ok,149,149,1.0,0,0,0.0
rfd3_fix7,p53_Y220C,203,ok,135,138,0.9782608695652174,0,0,0.0
rfd3_fix7,Bcl-xL,203,ok,178,190,0.936842105263158,0,0,0.0
rfd3_fix7,cAbl,203,ok,179,179,1.0,0,0,0.0
rfd3_fix7,THSR__7UTZ,203,ok,186,186,1.0,0,0,0.0
rfd3_fix7,CB1,203,ok,234,246,0.951219512195122,0,0,0.0
rfd3_fix7,HIV1_CA,203,ok,126,129,0.9767441860465116,0,0,0.0
rfd3_fix7,Menin,203,ok,121,121,1.0,0,0,0.0
rfd3_fix7,GCGR,203,ok,223,233,0.9570815450643776,0,0,0.0
rfd3_fix7,METTL14,203,ok,185,185,1.0,0,0,0.0
rfd3_fix7,p53_Y220C__4AGQ,203,ok,125,128,0.9765625,0,0,0.0
rfd3_fix7,THSR,204,ok,206,206,1.0,0,0,0.0
rfd3_fix7,HIV_RT__3V81,204,ok,154,154,1.0,0,0,0.0
rfd3_fix7,HIV1_CA,204,ok,126,129,0.9767441860465116,0,0,0.0
rfd3_fix7,cAbl,204,ok,179,179,1.0,5,6,3.35195530726257
rfd3_fix7,p53_Y220C__4AGQ,204,ok,125,128,0.9765625,0,0,0.0
rfd3_fix7,Menin,204,ok,121,121,1.0,0,0,0.0
rfd3_fix7,HIV_RT,204,ok,178,178,1.0,1,2,1.1235955056179776
rfd3_fix7,THSR__7UTZ,204,ok,186,186,1.0,0,0,0.0
rfd3_fix7,CB1,204,ok,234,246,0.951219512195122,0,0,0.0
rfd3_fix7,GLTP,204,ok,69,70,0.9857142857142858,0,0,0.0
rfd3_fix7,HIF2alpha__6D0B,204,ok,204,204,1.0,1,2,0.9803921568627452
rfd3_fix7,Bcl-xL,204,ok,178,190,0.936842105263158,0,0,0.0
rfd3_fix7,betaLG,204,ok,127,127,1.0,0,0,0.0
rfd3_fix7,SHP2,204,ok,159,159,1.0,0,0,0.0
rfd3_fix7,HIF2alpha,204,ok,172,172,1.0,0,0,0.0
rfd3_fix7,GCGR,204,ok,223,233,0.9570815450643776,0,0,0.0
rfd3_fix7,KRAS,204,ok,158,160,0.9875,1,2,1.2658227848101269
rfd3_fix7,METTL14,204,ok,185,185,1.0,0,0,0.0
rfd3_fix7,FUT8,204,ok,181,181,1.0,0,0,0.0
rfd3_fix7,NDPK-A,204,ok,149,149,1.0,0,0,0.0
rfd3_fix7,p53_Y220C,204,ok,135,138,0.9782608695652174,0,0,0.0
rfd3_fix7,p53_Y220C__4AGQ,300,ok,125,128,0.9765625,0,0,0.0
rfd3_fix7,GCGR,300,ok,223,233,0.9570815450643776,1,2,0.8968609865470852
bioemu_refine,FUT8,300,ok,181,181,1.0,0,0,0.0
bioemu_refine,GLTP,300,ok,69,70,0.9857142857142858,0,0,0.0
bioemu_refine,HIF2alpha,300,ok,172,172,1.0,1,2,1.162790697674419
rfd3_fix7,HIV1_CA,300,ok,126,129,0.9767441860465116,0,0,0.0
rfd3_fix7,cAbl,300,ok,179,179,1.0,1,2,1.11731843575419
rfd3_fix7,THSR,300,ok,206,206,1.0,0,0,0.0
bioemu_refine,KRAS,300,ok,160,160,1.0,5,8,5.0
bioemu_refine,HIV_RT__3V81,300,ok,154,154,1.0,0,0,0.0
bioemu_refine,METTL14,300,ok,185,185,1.0,0,0,0.0
rfd3_fix7,SHP2,300,ok,159,159,1.0,1,2,1.2578616352201255
rfd3_fix7,HIF2alpha,300,ok,172,172,1.0,0,0,0.0
bioemu_refine,THSR__7UTZ,300,ok,186,186,1.0,0,0,0.0
rfd3_fix7,betaLG,300,ok,127,127,1.0,0,0,0.0
rfd3_fix7,Bcl-xL,300,ok,178,190,0.936842105263158,0,0,0.0
rfd3_fix7,HIF2alpha__6D0B,300,ok,204,204,1.0,0,0,0.0
bioemu_refine,HIV_RT,300,ok,178,178,1.0,0,0,0.0
bioemu_refine,SHP2,300,ok,159,159,1.0,1,2,1.2578616352201255
rfd3_fix7,THSR__7UTZ,300,ok,186,186,1.0,0,0,0.0
rfd3_fix7,GLTP,300,ok,69,70,0.9857142857142858,0,0,0.0
bioemu_refine,p53_Y220C__4AGQ,300,ok,128,128,1.0,1,2,1.5625
rfd3_fix7,METTL14,300,ok,185,185,1.0,0,0,0.0
bioemu_refine,p53_Y220C,300,ok,138,138,1.0,0,0,0.0
bioemu_refine,Bcl-xL,300,ok,190,190,1.0,0,0,0.0
rfd3_fix7,CB1,300,ok,234,246,0.951219512195122,0,0,0.0
rfd3_fix7,KRAS,300,ok,158,160,0.9875,1,2,1.2658227848101269
rfd3_fix7,HIV_RT__3V81,300,ok,154,154,1.0,0,0,0.0
rfd3_fix7,Menin,300,ok,121,121,1.0,0,0,0.0
bioemu_refine,NDPK-A,300,ok,149,149,1.0,0,0,0.0
bioemu_refine,HIV1_CA,300,ok,127,129,0.9844961240310076,0,0,0.0
bioemu_refine,betaLG,300,ok,127,127,1.0,1,2,1.5748031496062993
bioemu_refine,CB1,300,ok,246,246,1.0,0,0,0.0
bioemu_refine,Menin,300,ok,121,121,1.0,0,0,0.0
bioemu_refine,HIF2alpha__6D0B,300,ok,204,204,1.0,1,2,0.9803921568627452
rfd3_fix7,NDPK-A,300,ok,149,149,1.0,0,0,0.0
rfd3_fix7,p53_Y220C,300,ok,135,138,0.9782608695652174,0,0,0.0
rfd3_fix7,FUT8,300,ok,181,181,1.0,1,2,1.1049723756906078
bioemu_refine,THSR,300,ok,206,206,1.0,2,4,1.941747572815534
rfd3_fix7,HIV_RT,300,ok,178,178,1.0,0,0,0.0
rfd3_fix7,HIV_RT__3V81,301,ok,154,154,1.0,0,0,0.0
rfd3_fix7,betaLG,301,ok,127,127,1.0,0,0,0.0
rfd3_fix7,Menin,301,ok,121,121,1.0,0,0,0.0
rfd3_fix7,SHP2,301,ok,159,159,1.0,2,4,2.5157232704402515
rfd3_fix7,CB1,301,ok,234,246,0.951219512195122,0,0,0.0
rfd3_fix7,HIF2alpha,301,ok,172,172,1.0,0,0,0.0
rfd3_fix7,METTL14,301,ok,185,185,1.0,0,0,0.0
rfd3_fix7,GLTP,301,ok,69,70,0.9857142857142858,0,0,0.0
rfd3_fix7,HIF2alpha__6D0B,301,ok,204,204,1.0,0,0,0.0
rfd3_fix7,KRAS,301,ok,158,160,0.9875,0,0,0.0
rfd3_fix7,HIV_RT,301,ok,178,178,1.0,2,4,2.247191011235955
rfd3_fix7,THSR__7UTZ,301,ok,186,186,1.0,0,0,0.0
rfd3_fix7,p53_Y220C__4AGQ,301,ok,125,128,0.9765625,0,0,0.0
rfd3_fix7,GCGR,301,ok,223,233,0.9570815450643776,0,0,0.0
rfd3_fix7,THSR,301,ok,206,206,1.0,0,0,0.0
rfd3_fix7,Bcl-xL,301,ok,178,190,0.936842105263158,1,2,1.1235955056179776
rfd3_fix7,cAbl,301,ok,179,179,1.0,1,2,1.11731843575419
rfd3_fix7,HIV1_CA,301,ok,126,129,0.9767441860465116,0,0,0.0
rfd3_fix7,FUT8,301,ok,181,181,1.0,0,0,0.0
rfd3_fix7,p53_Y220C,301,ok,135,138,0.9782608695652174,0,0,0.0
rfd3_fix7,NDPK-A,301,ok,149,149,1.0,0,0,0.0
rfd3_fix7,Bcl-xL,302,ok,178,190,0.936842105263158,0,0,0.0
rfd3_fix7,THSR,302,ok,206,206,1.0,0,0,0.0
rfd3_fix7,cAbl,302,ok,179,179,1.0,0,0,0.0
rfd3_fix7,HIV_RT,302,ok,178,178,1.0,0,0,0.0
rfd3_fix7,THSR__7UTZ,302,ok,186,186,1.0,0,0,0.0
rfd3_fix7,CB1,302,ok,234,246,0.951219512195122,0,0,0.0
rfd3_fix7,HIF2alpha,302,ok,172,172,1.0,1,2,1.162790697674419
rfd3_fix7,GCGR,302,ok,223,233,0.9570815450643776,0,0,0.0
rfd3_fix7,METTL14,302,ok,185,185,1.0,0,0,0.0
rfd3_fix7,HIF2alpha__6D0B,302,ok,204,204,1.0,0,0,0.0
rfd3_fix7,SHP2,302,ok,159,159,1.0,1,2,1.2578616352201255
rfd3_fix7,KRAS,302,ok,158,160,0.9875,0,0,0.0
rfd3_fix7,betaLG,302,ok,127,127,1.0,0,0,0.0
rfd3_fix7,GLTP,302,ok,69,70,0.9857142857142858,0,0,0.0
rfd3_fix7,FUT8,302,ok,181,181,1.0,1,2,1.1049723756906078
rfd3_fix7,p53_Y220C,302,ok,135,138,0.9782608695652174,0,0,0.0
rfd3_fix7,NDPK-A,302,ok,149,149,1.0,1,2,1.342281879194631
rfd3_fix7,HIV1_CA,302,ok,126,129,0.9767441860465116,0,0,0.0
rfd3_fix7,HIV_RT__3V81,302,ok,154,154,1.0,0,0,0.0
rfd3_fix7,Menin,302,ok,121,121,1.0,0,0,0.0
rfd3_fix7,p53_Y220C__4AGQ,302,ok,125,128,0.9765625,0,0,0.0
rfd3_fix7,KRAS,303,ok,158,160,0.9875,0,0,0.0
rfd3_fix7,HIF2alpha__6D0B,303,ok,204,204,1.0,1,2,0.9803921568627452
rfd3_fix7,CB1,303,ok,234,246,0.951219512195122,0,0,0.0
rfd3_fix7,Menin,303,ok,121,121,1.0,0,0,0.0
rfd3_fix7,p53_Y220C__4AGQ,303,ok,125,128,0.9765625,0,0,0.0
rfd3_fix7,THSR__7UTZ,303,ok,186,186,1.0,0,0,0.0
rfd3_fix7,METTL14,303,ok,185,185,1.0,0,0,0.0
rfd3_fix7,NDPK-A,303,ok,149,149,1.0,0,0,0.0
rfd3_fix7,FUT8,303,ok,181,181,1.0,0,0,0.0
rfd3_fix7,p53_Y220C,303,ok,135,138,0.9782608695652174,0,0,0.0
rfd3_fix7,GLTP,303,ok,69,70,0.9857142857142858,0,0,0.0
rfd3_fix7,betaLG,303,ok,127,127,1.0,1,2,1.5748031496062993
rfd3_fix7,HIF2alpha,303,ok,172,172,1.0,0,0,0.0
rfd3_fix7,SHP2,303,ok,159,159,1.0,0,0,0.0
rfd3_fix7,THSR,303,ok,206,206,1.0,0,0,0.0
rfd3_fix7,HIV1_CA,303,ok,126,129,0.9767441860465116,0,0,0.0
rfd3_fix7,GCGR,303,ok,223,233,0.9570815450643776,0,0,0.0
rfd3_fix7,Bcl-xL,303,ok,178,190,0.936842105263158,0,0,0.0
rfd3_fix7,HIV_RT__3V81,303,ok,154,154,1.0,0,0,0.0
rfd3_fix7,cAbl,303,ok,179,179,1.0,0,0,0.0
rfd3_fix7,HIV_RT,303,ok,178,178,1.0,1,2,1.1235955056179776
rfd3_fix7,HIV1_CA,304,ok,126,129,0.9767441860465116,0,0,0.0
rfd3_fix7,cAbl,304,ok,179,179,1.0,0,0,0.0
rfd3_fix7,KRAS,304,ok,158,160,0.9875,0,0,0.0
rfd3_fix7,FUT8,304,ok,181,181,1.0,1,2,1.1049723756906078
rfd3_fix7,p53_Y220C,304,ok,135,138,0.9782608695652174,0,0,0.0
rfd3_fix7,Bcl-xL,304,ok,178,190,0.936842105263158,1,2,1.1235955056179776
rfd3_fix7,GLTP,304,ok,69,70,0.9857142857142858,0,0,0.0
rfd3_fix7,Menin,304,ok,121,121,1.0,0,0,0.0
rfd3_fix7,betaLG,304,ok,127,127,1.0,0,0,0.0
rfd3_fix7,SHP2,304,ok,159,159,1.0,0,0,0.0
rfd3_fix7,HIF2alpha,304,ok,172,172,1.0,0,0,0.0
rfd3_fix7,GCGR,304,ok,223,233,0.9570815450643776,1,2,0.8968609865470852
rfd3_fix7,CB1,304,ok,234,246,0.951219512195122,0,0,0.0
rfd3_fix7,HIF2alpha__6D0B,304,ok,204,204,1.0,0,0,0.0
rfd3_fix7,THSR,304,ok,206,206,1.0,0,0,0.0
rfd3_fix7,THSR__7UTZ,304,ok,186,186,1.0,0,0,0.0
rfd3_fix7,HIV_RT__3V81,304,ok,154,154,1.0,0,0,0.0
rfd3_fix7,p53_Y220C__4AGQ,304,ok,125,128,0.9765625,0,0,0.0
rfd3_fix7,HIV_RT,304,ok,178,178,1.0,1,2,1.1235955056179776
rfd3_fix7,METTL14,304,ok,185,185,1.0,0,0,0.0
rfd3_fix7,NDPK-A,304,ok,149,149,1.0,0,0,0.0
rfd3_fix7,Bcl-xL,400,ok,178,190,0.936842105263158,0,0,0.0
rfd3_fix7,FUT8,400,ok,181,181,1.0,3,6,3.314917127071823
rfd3_fix7,KRAS,400,ok,158,160,0.9875,0,0,0.0
bioemu_refine,p53_Y220C__4AGQ,400,ok,128,128,1.0,0,0,0.0
rfd3_fix7,CB1,400,ok,234,246,0.951219512195122,0,0,0.0
bioemu_refine,Bcl-xL,400,ok,190,190,1.0,1,2,1.0526315789473684
rfd3_fix7,Menin,400,ok,121,121,1.0,0,0,0.0
rfd3_fix7,THSR__7UTZ,400,ok,186,186,1.0,0,0,0.0
rfd3_fix7,THSR,400,ok,206,206,1.0,0,0,0.0
bioemu_refine,HIF2alpha__6D0B,400,ok,204,204,1.0,0,0,0.0
rfd3_fix7,HIV_RT,400,ok,178,178,1.0,0,0,0.0
bioemu_refine,FUT8,400,ok,181,181,1.0,0,0,0.0
bioemu_refine,CB1,400,ok,246,246,1.0,0,0,0.0
rfd3_fix7,HIF2alpha,400,ok,172,172,1.0,2,4,2.3255813953488373
bioemu_refine,betaLG,400,ok,127,127,1.0,0,0,0.0
bioemu_refine,HIV_RT__3V81,400,ok,154,154,1.0,0,0,0.0
bioemu_refine,HIV1_CA,400,ok,127,129,0.9844961240310076,0,0,0.0
bioemu_refine,HIV_RT,400,ok,178,178,1.0,0,0,0.0
rfd3_fix7,p53_Y220C__4AGQ,400,ok,125,128,0.9765625,0,0,0.0
bioemu_refine,KRAS,400,ok,160,160,1.0,0,0,0.0
rfd3_fix7,GCGR,400,ok,223,233,0.9570815450643776,0,0,0.0
bioemu_refine,Menin,400,ok,121,121,1.0,1,2,1.6528925619834711
bioemu_refine,METTL14,400,ok,185,185,1.0,0,0,0.0
rfd3_fix7,HIV1_CA,400,ok,126,129,0.9767441860465116,0,0,0.0
rfd3_fix7,HIV_RT__3V81,400,ok,154,154,1.0,0,0,0.0
rfd3_fix7,HIF2alpha__6D0B,400,ok,204,204,1.0,0,0,0.0
bioemu_refine,SHP2,400,ok,159,159,1.0,0,0,0.0
rfd3_fix7,cAbl,400,ok,179,179,1.0,0,0,0.0
bioemu_refine,NDPK-A,400,ok,149,149,1.0,1,2,1.342281879194631
bioemu_refine,GLTP,400,ok,69,70,0.9857142857142858,0,0,0.0
bioemu_refine,HIF2alpha,400,ok,172,172,1.0,0,0,0.0
rfd3_fix7,betaLG,400,ok,127,127,1.0,0,0,0.0
rfd3_fix7,METTL14,400,ok,185,185,1.0,0,0,0.0
bioemu_refine,p53_Y220C,400,ok,138,138,1.0,0,0,0.0
rfd3_fix7,GLTP,400,ok,69,70,0.9857142857142858,0,0,0.0
rfd3_fix7,NDPK-A,400,ok,149,149,1.0,2,4,2.684563758389262
rfd3_fix7,SHP2,400,ok,159,159,1.0,0,0,0.0
rfd3_fix7,p53_Y220C,400,ok,135,138,0.9782608695652174,0,0,0.0
bioemu_refine,THSR,400,ok,206,206,1.0,0,0,0.0
bioemu_refine,THSR__7UTZ,400,ok,186,186,1.0,2,3,1.6129032258064515
rfd3_fix7,Menin,401,ok,121,121,1.0,0,0,0.0
rfd3_fix7,THSR__7UTZ,401,ok,186,186,1.0,0,0,0.0
rfd3_fix7,THSR,401,ok,206,206,1.0,0,0,0.0
rfd3_fix7,FUT8,401,ok,181,181,1.0,0,0,0.0
rfd3_fix7,HIV1_CA,401,ok,126,129,0.9767441860465116,0,0,0.0
rfd3_fix7,CB1,401,ok,234,246,0.951219512195122,0,0,0.0
rfd3_fix7,HIV_RT,401,ok,178,178,1.0,1,2,1.1235955056179776
rfd3_fix7,p53_Y220C__4AGQ,401,ok,125,128,0.9765625,0,0,0.0
rfd3_fix7,p53_Y220C,401,ok,135,138,0.9782608695652174,0,0,0.0
rfd3_fix7,METTL14,401,ok,185,185,1.0,1,2,1.0810810810810811
rfd3_fix7,SHP2,401,ok,159,159,1.0,0,0,0.0
rfd3_fix7,NDPK-A,401,ok,149,149,1.0,0,0,0.0
rfd3_fix7,GLTP,401,ok,69,70,0.9857142857142858,0,0,0.0
rfd3_fix7,cAbl,401,ok,179,179,1.0,0,0,0.0
rfd3_fix7,betaLG,401,ok,127,127,1.0,2,3,2.3622047244094486
rfd3_fix7,HIV_RT__3V81,401,ok,154,154,1.0,0,0,0.0
rfd3_fix7,HIF2alpha,401,ok,172,172,1.0,0,0,0.0
rfd3_fix7,GCGR,401,ok,223,233,0.9570815450643776,0,0,0.0
rfd3_fix7,HIF2alpha__6D0B,401,ok,204,204,1.0,0,0,0.0
rfd3_fix7,Bcl-xL,401,ok,178,190,0.936842105263158,0,0,0.0
rfd3_fix7,KRAS,401,ok,158,160,0.9875,0,0,0.0
rfd3_fix7,cAbl,402,ok,179,179,1.0,0,0,0.0
rfd3_fix7,betaLG,402,ok,127,127,1.0,0,0,0.0
rfd3_fix7,METTL14,402,ok,185,185,1.0,1,2,1.0810810810810811
rfd3_fix7,HIV_RT__3V81,402,ok,154,154,1.0,0,0,0.0
rfd3_fix7,HIF2alpha,402,ok,172,172,1.0,1,2,1.162790697674419
rfd3_fix7,HIF2alpha__6D0B,402,ok,204,204,1.0,0,0,0.0
rfd3_fix7,HIV1_CA,402,ok,126,129,0.9767441860465116,0,0,0.0
rfd3_fix7,HIV_RT,402,ok,178,178,1.0,1,2,1.1235955056179776
rfd3_fix7,THSR,402,ok,206,206,1.0,0,0,0.0
rfd3_fix7,Menin,402,ok,121,121,1.0,0,0,0.0
rfd3_fix7,CB1,402,ok,234,246,0.951219512195122,0,0,0.0
rfd3_fix7,Bcl-xL,402,ok,178,190,0.936842105263158,0,0,0.0
rfd3_fix7,THSR__7UTZ,402,ok,186,186,1.0,0,0,0.0
rfd3_fix7,KRAS,402,ok,158,160,0.9875,0,0,0.0
rfd3_fix7,p53_Y220C,402,ok,135,138,0.9782608695652174,0,0,0.0
rfd3_fix7,NDPK-A,402,ok,149,149,1.0,0,0,0.0
rfd3_fix7,FUT8,402,ok,181,181,1.0,0,0,0.0
rfd3_fix7,GLTP,402,ok,69,70,0.9857142857142858,0,0,0.0
rfd3_fix7,p53_Y220C__4AGQ,402,ok,125,128,0.9765625,0,0,0.0
rfd3_fix7,SHP2,402,ok,159,159,1.0,0,0,0.0
rfd3_fix7,GCGR,402,ok,223,233,0.9570815450643776,1,2,0.8968609865470852
rfd3_fix7,betaLG,403,ok,127,127,1.0,0,0,0.0
rfd3_fix7,Menin,403,ok,121,121,1.0,0,0,0.0
rfd3_fix7,CB1,403,ok,234,246,0.951219512195122,0,0,0.0
rfd3_fix7,Bcl-xL,403,ok,178,190,0.936842105263158,0,0,0.0
rfd3_fix7,HIF2alpha,403,ok,172,172,1.0,0,0,0.0
rfd3_fix7,cAbl,403,ok,179,179,1.0,0,0,0.0
rfd3_fix7,HIV1_CA,403,ok,126,129,0.9767441860465116,0,0,0.0
rfd3_fix7,KRAS,403,ok,158,160,0.9875,0,0,0.0
rfd3_fix7,THSR__7UTZ,403,ok,186,186,1.0,0,0,0.0
rfd3_fix7,HIF2alpha__6D0B,403,ok,204,204,1.0,1,2,0.9803921568627452
rfd3_fix7,p53_Y220C__4AGQ,403,ok,125,128,0.9765625,0,0,0.0
rfd3_fix7,GCGR,403,ok,223,233,0.9570815450643776,0,0,0.0
rfd3_fix7,METTL14,403,ok,185,185,1.0,0,0,0.0
rfd3_fix7,SHP2,403,ok,159,159,1.0,0,0,0.0
rfd3_fix7,FUT8,403,ok,181,181,1.0,0,0,0.0
rfd3_fix7,NDPK-A,403,ok,149,149,1.0,0,0,0.0
rfd3_fix7,GLTP,403,ok,69,70,0.9857142857142858,0,0,0.0
rfd3_fix7,HIV_RT,403,ok,178,178,1.0,0,0,0.0
rfd3_fix7,THSR,403,ok,206,206,1.0,0,0,0.0
rfd3_fix7,p53_Y220C,403,ok,135,138,0.9782608695652174,0,0,0.0
rfd3_fix7,HIV_RT__3V81,403,ok,154,154,1.0,0,0,0.0
rfd3_fix7,HIV_RT__3V81,404,ok,154,154,1.0,0,0,0.0
rfd3_fix7,NDPK-A,404,ok,149,149,1.0,0,0,0.0
rfd3_fix7,SHP2,404,ok,159,159,1.0,0,0,0.0
rfd3_fix7,betaLG,404,ok,127,127,1.0,0,0,0.0
rfd3_fix7,FUT8,404,ok,181,181,1.0,0,0,0.0
rfd3_fix7,p53_Y220C,404,ok,135,138,0.9782608695652174,0,0,0.0
rfd3_fix7,METTL14,404,ok,185,185,1.0,0,0,0.0
rfd3_fix7,HIF2alpha__6D0B,404,ok,204,204,1.0,0,0,0.0
rfd3_fix7,KRAS,404,ok,158,160,0.9875,0,0,0.0
rfd3_fix7,THSR__7UTZ,404,ok,186,186,1.0,0,0,0.0
rfd3_fix7,THSR,404,ok,206,206,1.0,0,0,0.0
rfd3_fix7,GLTP,404,ok,69,70,0.9857142857142858,0,0,0.0
rfd3_fix7,Bcl-xL,404,ok,178,190,0.936842105263158,0,0,0.0
rfd3_fix7,CB1,404,ok,234,246,0.951219512195122,0,0,0.0
rfd3_fix7,Menin,404,ok,121,121,1.0,0,0,0.0
rfd3_fix7,p53_Y220C__4AGQ,404,ok,125,128,0.9765625,0,0,0.0
rfd3_fix7,HIV1_CA,404,ok,126,129,0.9767441860465116,0,0,0.0
rfd3_fix7,HIV_RT,404,ok,178,178,1.0,0,0,0.0
rfd3_fix7,cAbl,404,ok,179,179,1.0,0,0,0.0
rfd3_fix7,HIF2alpha,404,ok,172,172,1.0,0,0,0.0
rfd3_fix7,GCGR,404,ok,223,233,0.9570815450643776,1,2,0.8968609865470852
rfd3_fix7,HIV_RT,500,ok,178,178,1.0,0,0,0.0
rfd3_fix7,GLTP,500,ok,69,70,0.9857142857142858,0,0,0.0
bioemu_refine,betaLG,500,ok,127,127,1.0,0,0,0.0
rfd3_fix7,GCGR,500,ok,223,233,0.9570815450643776,0,0,0.0
bioemu_refine,HIV_RT__3V81,500,ok,154,154,1.0,0,0,0.0
bioemu_refine,HIV1_CA,500,ok,127,129,0.9844961240310076,0,0,0.0
bioemu_refine,HIV_RT,500,ok,178,178,1.0,0,0,0.0
rfd3_fix7,p53_Y220C__4AGQ,500,ok,125,128,0.9765625,0,0,0.0
bioemu_refine,KRAS,500,ok,160,160,1.0,2,4,2.5
bioemu_refine,Menin,500,ok,121,121,1.0,0,0,0.0
bioemu_refine,SHP2,500,ok,159,159,1.0,0,0,0.0
bioemu_refine,GLTP,500,ok,69,70,0.9857142857142858,0,0,0.0
bioemu_refine,HIF2alpha,500,ok,172,172,1.0,1,2,1.162790697674419
rfd3_fix7,cAbl,500,ok,179,179,1.0,0,0,0.0
bioemu_refine,NDPK-A,500,ok,149,149,1.0,1,2,1.342281879194631
rfd3_fix7,HIF2alpha__6D0B,500,ok,204,204,1.0,0,0,0.0
rfd3_fix7,HIF2alpha,500,ok,172,172,1.0,1,2,1.162790697674419
bioemu_refine,METTL14,500,ok,185,185,1.0,0,0,0.0
rfd3_fix7,CB1,500,ok,234,246,0.951219512195122,0,0,0.0
rfd3_fix7,Menin,500,ok,121,121,1.0,0,0,0.0
bioemu_refine,p53_Y220C__4AGQ,500,ok,128,128,1.0,0,0,0.0
rfd3_fix7,KRAS,500,ok,158,160,0.9875,0,0,0.0
rfd3_fix7,Bcl-xL,500,ok,178,190,0.936842105263158,0,0,0.0
rfd3_fix7,p53_Y220C,500,ok,135,138,0.9782608695652174,0,0,0.0
rfd3_fix7,THSR__7UTZ,500,ok,186,186,1.0,0,0,0.0
bioemu_refine,Bcl-xL,500,ok,190,190,1.0,0,0,0.0
bioemu_refine,CB1,500,ok,246,246,1.0,0,0,0.0
rfd3_fix7,THSR,500,ok,206,206,1.0,0,0,0.0
bioemu_refine,HIF2alpha__6D0B,500,ok,204,204,1.0,0,0,0.0
bioemu_refine,FUT8,500,ok,181,181,1.0,0,0,0.0
rfd3_fix7,HIV_RT__3V81,500,ok,154,154,1.0,0,0,0.0
rfd3_fix7,HIV1_CA,500,ok,126,129,0.9767441860465116,0,0,0.0
rfd3_fix7,NDPK-A,500,ok,149,149,1.0,0,0,0.0
bioemu_refine,p53_Y220C,500,ok,138,138,1.0,0,0,0.0
rfd3_fix7,FUT8,500,ok,181,181,1.0,1,2,1.1049723756906078
rfd3_fix7,SHP2,500,ok,159,159,1.0,1,2,1.2578616352201255
rfd3_fix7,METTL14,500,ok,185,185,1.0,0,0,0.0
bioemu_refine,THSR__7UTZ,500,ok,186,186,1.0,1,2,1.075268817204301
rfd3_fix7,betaLG,500,ok,127,127,1.0,1,2,1.5748031496062993
bioemu_refine,THSR,500,ok,206,206,1.0,0,0,0.0
rfd3_fix7,p53_Y220C,501,ok,135,138,0.9782608695652174,0,0,0.0
rfd3_fix7,HIF2alpha,501,ok,172,172,1.0,1,2,1.162790697674419
rfd3_fix7,HIV1_CA,501,ok,126,129,0.9767441860465116,0,0,0.0
rfd3_fix7,HIV_RT,501,ok,178,178,1.0,1,2,1.1235955056179776
rfd3_fix7,HIV_RT__3V81,501,ok,154,154,1.0,0,0,0.0
rfd3_fix7,KRAS,501,ok,158,160,0.9875,1,2,1.2658227848101269
rfd3_fix7,CB1,501,ok,234,246,0.951219512195122,0,0,0.0
rfd3_fix7,METTL14,501,ok,185,185,1.0,1,2,1.0810810810810811
rfd3_fix7,Menin,501,ok,121,121,1.0,1,2,1.6528925619834711
rfd3_fix7,THSR__7UTZ,501,ok,186,186,1.0,0,0,0.0
rfd3_fix7,NDPK-A,501,ok,149,149,1.0,0,0,0.0
rfd3_fix7,SHP2,501,ok,159,159,1.0,0,0,0.0
rfd3_fix7,cAbl,501,ok,179,179,1.0,0,0,0.0
rfd3_fix7,p53_Y220C__4AGQ,501,ok,125,128,0.9765625,0,0,0.0
rfd3_fix7,THSR,501,ok,206,206,1.0,0,0,0.0
rfd3_fix7,betaLG,501,ok,127,127,1.0,0,0,0.0
rfd3_fix7,HIF2alpha__6D0B,501,ok,204,204,1.0,0,0,0.0
rfd3_fix7,FUT8,501,ok,181,181,1.0,1,2,1.1049723756906078
rfd3_fix7,Bcl-xL,501,ok,178,190,0.936842105263158,0,0,0.0
rfd3_fix7,GLTP,501,ok,69,70,0.9857142857142858,0,0,0.0
rfd3_fix7,GCGR,501,ok,223,233,0.9570815450643776,0,0,0.0
rfd3_fix7,Menin,502,ok,121,121,1.0,0,0,0.0
rfd3_fix7,THSR__7UTZ,502,ok,186,186,1.0,0,0,0.0
rfd3_fix7,NDPK-A,502,ok,149,149,1.0,0,0,0.0
rfd3_fix7,betaLG,502,ok,127,127,1.0,0,0,0.0
rfd3_fix7,p53_Y220C__4AGQ,502,ok,125,128,0.9765625,0,0,0.0
rfd3_fix7,SHP2,502,ok,159,159,1.0,1,2,1.2578616352201255
rfd3_fix7,HIF2alpha,502,ok,172,172,1.0,0,0,0.0
rfd3_fix7,KRAS,502,ok,158,160,0.9875,0,0,0.0
rfd3_fix7,CB1,502,ok,234,246,0.951219512195122,0,0,0.0
rfd3_fix7,HIV1_CA,502,ok,126,129,0.9767441860465116,0,0,0.0
rfd3_fix7,cAbl,502,ok,179,179,1.0,0,0,0.0
rfd3_fix7,FUT8,502,ok,181,181,1.0,1,2,1.1049723756906078
rfd3_fix7,GCGR,502,ok,223,233,0.9570815450643776,0,0,0.0
rfd3_fix7,p53_Y220C,502,ok,135,138,0.9782608695652174,0,0,0.0
rfd3_fix7,THSR,502,ok,206,206,1.0,0,0,0.0
rfd3_fix7,HIV_RT__3V81,502,ok,154,154,1.0,0,0,0.0
rfd3_fix7,GLTP,502,ok,69,70,0.9857142857142858,0,0,0.0
rfd3_fix7,METTL14,502,ok,185,185,1.0,0,0,0.0
rfd3_fix7,HIF2alpha__6D0B,502,ok,204,204,1.0,0,0,0.0
rfd3_fix7,Bcl-xL,502,ok,178,190,0.936842105263158,0,0,0.0
rfd3_fix7,HIV_RT,502,ok,178,178,1.0,1,2,1.1235955056179776
rfd3_fix7,CB1,503,ok,234,246,0.951219512195122,0,0,0.0
rfd3_fix7,SHP2,503,ok,159,159,1.0,1,2,1.2578616352201255
rfd3_fix7,THSR,503,ok,206,206,1.0,0,0,0.0
rfd3_fix7,HIV_RT,503,ok,178,178,1.0,1,2,1.1235955056179776
rfd3_fix7,cAbl,503,ok,179,179,1.0,0,0,0.0
rfd3_fix7,GCGR,503,ok,223,233,0.9570815450643776,0,0,0.0
rfd3_fix7,FUT8,503,ok,181,181,1.0,1,2,1.1049723756906078
rfd3_fix7,METTL14,503,ok,185,185,1.0,0,0,0.0
rfd3_fix7,Bcl-xL,503,ok,178,190,0.936842105263158,1,2,1.1235955056179776
rfd3_fix7,GLTP,503,ok,69,70,0.9857142857142858,0,0,0.0
rfd3_fix7,p53_Y220C,503,ok,135,138,0.9782608695652174,0,0,0.0
rfd3_fix7,betaLG,503,ok,127,127,1.0,0,0,0.0
rfd3_fix7,p53_Y220C__4AGQ,503,ok,125,128,0.9765625,0,0,0.0
rfd3_fix7,Menin,503,ok,121,121,1.0,0,0,0.0
rfd3_fix7,HIV_RT__3V81,503,ok,154,154,1.0,0,0,0.0
rfd3_fix7,NDPK-A,503,ok,149,149,1.0,0,0,0.0
rfd3_fix7,HIV1_CA,503,ok,126,129,0.9767441860465116,0,0,0.0
rfd3_fix7,KRAS,503,ok,158,160,0.9875,0,0,0.0
rfd3_fix7,HIF2alpha,503,ok,172,172,1.0,0,0,0.0
rfd3_fix7,THSR__7UTZ,503,ok,186,186,1.0,0,0,0.0
rfd3_fix7,HIF2alpha__6D0B,503,ok,204,204,1.0,0,0,0.0
rfd3_fix7,HIV_RT__3V81,504,ok,154,154,1.0,0,0,0.0
rfd3_fix7,SHP2,504,ok,159,159,1.0,0,0,0.0
rfd3_fix7,p53_Y220C__4AGQ,504,ok,125,128,0.9765625,0,0,0.0
rfd3_fix7,HIF2alpha,504,ok,172,172,1.0,0,0,0.0
rfd3_fix7,Menin,504,ok,121,121,1.0,0,0,0.0
rfd3_fix7,NDPK-A,504,ok,149,149,1.0,1,2,1.342281879194631
rfd3_fix7,betaLG,504,ok,127,127,1.0,0,0,0.0
rfd3_fix7,HIV_RT,504,ok,178,178,1.0,0,0,0.0
rfd3_fix7,FUT8,504,ok,181,181,1.0,0,0,0.0
rfd3_fix7,Bcl-xL,504,ok,178,190,0.936842105263158,0,0,0.0
rfd3_fix7,METTL14,504,ok,185,185,1.0,0,0,0.0
rfd3_fix7,GLTP,504,ok,69,70,0.9857142857142858,0,0,0.0
rfd3_fix7,p53_Y220C,504,ok,135,138,0.9782608695652174,0,0,0.0
rfd3_fix7,GCGR,504,ok,223,233,0.9570815450643776,1,2,0.8968609865470852
rfd3_fix7,HIF2alpha__6D0B,504,ok,204,204,1.0,0,0,0.0
rfd3_fix7,CB1,504,ok,234,246,0.951219512195122,0,0,0.0
rfd3_fix7,cAbl,504,ok,179,179,1.0,0,0,0.0
rfd3_fix7,THSR__7UTZ,504,ok,186,186,1.0,0,0,0.0
rfd3_fix7,THSR,504,ok,206,206,1.0,0,0,0.0
rfd3_fix7,HIV1_CA,504,ok,126,129,0.9767441860465116,0,0,0.0
rfd3_fix7,KRAS,504,ok,158,160,0.9875,0,0,0.0
bioemu_refine,HIV_RT__3V81,600,ok,154,154,1.0,0,0,0.0
bioemu_refine,NDPK-A,600,ok,149,149,1.0,2,3,2.0134228187919465
bioemu_refine,HIV1_CA,600,ok,127,129,0.9844961240310076,0,0,0.0
bioemu_refine,HIV_RT,600,ok,178,178,1.0,0,0,0.0
bioemu_refine,CB1,600,ok,246,246,1.0,0,0,0.0
bioemu_refine,Bcl-xL,600,ok,190,190,1.0,0,0,0.0
bioemu_refine,SHP2,600,ok,159,159,1.0,1,2,1.2578616352201255
bioemu_refine,KRAS,600,ok,160,160,1.0,0,0,0.0
bioemu_refine,THSR__7UTZ,600,ok,186,186,1.0,0,0,0.0
bioemu_refine,HIF2alpha__6D0B,600,ok,204,204,1.0,0,0,0.0
bioemu_refine,p53_Y220C__4AGQ,600,ok,128,128,1.0,0,0,0.0
bioemu_refine,Menin,600,ok,121,121,1.0,0,0,0.0
bioemu_refine,GLTP,600,ok,69,70,0.9857142857142858,0,0,0.0
bioemu_refine,FUT8,600,ok,181,181,1.0,1,2,1.1049723756906078
bioemu_refine,p53_Y220C,600,ok,138,138,1.0,0,0,0.0
bioemu_refine,THSR,600,ok,206,206,1.0,0,0,0.0
bioemu_refine,HIF2alpha,600,ok,172,172,1.0,1,2,1.162790697674419
bioemu_refine,METTL14,600,ok,185,185,1.0,0,0,0.0
bioemu_refine,betaLG,600,ok,127,127,1.0,0,0,0.0
bioemu_refine,p53_Y220C,700,ok,138,138,1.0,3,4,2.898550724637681
bioemu_refine,HIV_RT__3V81,700,ok,154,154,1.0,0,0,0.0
bioemu_refine,HIF2alpha,700,ok,172,172,1.0,0,0,0.0
bioemu_refine,Menin,700,ok,121,121,1.0,0,0,0.0
bioemu_refine,KRAS,700,ok,160,160,1.0,5,6,3.75
bioemu_refine,p53_Y220C__4AGQ,700,ok,128,128,1.0,0,0,0.0
bioemu_refine,THSR__7UTZ,700,ok,186,186,1.0,0,0,0.0
bioemu_refine,HIV1_CA,700,ok,127,129,0.9844961240310076,0,0,0.0
bioemu_refine,NDPK-A,700,ok,149,149,1.0,1,2,1.342281879194631
bioemu_refine,HIV_RT,700,ok,178,178,1.0,0,0,0.0
bioemu_refine,CB1,700,ok,246,246,1.0,0,0,0.0
bioemu_refine,SHP2,700,ok,159,159,1.0,7,10,6.289308176100629
bioemu_refine,HIF2alpha__6D0B,700,ok,204,204,1.0,0,0,0.0
bioemu_refine,Bcl-xL,700,ok,190,190,1.0,0,0,0.0
bioemu_refine,betaLG,700,ok,127,127,1.0,0,0,0.0
bioemu_refine,THSR,700,ok,206,206,1.0,1,2,0.970873786407767
bioemu_refine,FUT8,700,ok,181,181,1.0,1,2,1.1049723756906078
bioemu_refine,GLTP,700,ok,69,70,0.9857142857142858,0,0,0.0
bioemu_refine,Menin,800,ok,121,121,1.0,0,0,0.0
bioemu_refine,betaLG,800,ok,127,127,1.0,0,0,0.0
bioemu_refine,p53_Y220C__4AGQ,800,ok,128,128,1.0,0,0,0.0
bioemu_refine,KRAS,800,ok,160,160,1.0,1,2,1.25
bioemu_refine,THSR__7UTZ,800,ok,186,186,1.0,0,0,0.0
bioemu_refine,GLTP,800,ok,69,70,0.9857142857142858,0,0,0.0
bioemu_refine,HIV1_CA,800,ok,127,129,0.9844961240310076,0,0,0.0
bioemu_refine,FUT8,800,ok,181,181,1.0,1,2,1.1049723756906078
bioemu_refine,THSR,800,ok,206,206,1.0,0,0,0.0
bioemu_refine,HIF2alpha,800,ok,172,172,1.0,0,0,0.0
bioemu_refine,p53_Y220C,800,ok,138,138,1.0,0,0,0.0
bioemu_refine,HIF2alpha__6D0B,800,ok,204,204,1.0,0,0,0.0
bioemu_refine,HIV_RT,800,ok,178,178,1.0,2,3,1.6853932584269662
bioemu_refine,NDPK-A,800,ok,149,149,1.0,1,2,1.342281879194631
bioemu_refine,Bcl-xL,800,ok,190,190,1.0,4,8,4.2105263157894735
bioemu_refine,SHP2,800,ok,159,159,1.0,0,0,0.0
bioemu_refine,HIV_RT__3V81,800,ok,154,154,1.0,2,3,1.948051948051948
bioemu_refine,CB1,800,ok,246,246,1.0,4,5,2.032520325203252
bioemu_refine,p53_Y220C__4AGQ,900,ok,128,128,1.0,1,2,1.5625
bioemu_refine,HIV_RT,900,ok,178,178,1.0,1,2,1.1235955056179776
bioemu_refine,SHP2,900,ok,159,159,1.0,0,0,0.0
bioemu_refine,THSR__7UTZ,900,ok,186,186,1.0,1,2,1.075268817204301
bioemu_refine,Menin,900,ok,121,121,1.0,0,0,0.0
bioemu_refine,HIV_RT__3V81,900,ok,154,154,1.0,0,0,0.0
bioemu_refine,KRAS,900,ok,160,160,1.0,1,2,1.25
bioemu_refine,GLTP,900,ok,69,70,0.9857142857142858,0,0,0.0
bioemu_refine,FUT8,900,ok,181,181,1.0,2,4,2.209944751381216
bioemu_refine,CB1,900,ok,246,246,1.0,0,0,0.0
bioemu_refine,betaLG,900,ok,127,127,1.0,0,0,0.0
bioemu_refine,Bcl-xL,900,ok,190,190,1.0,5,6,3.1578947368421053
bioemu_refine,NDPK-A,900,ok,149,149,1.0,0,0,0.0
bioemu_refine,THSR,900,ok,206,206,1.0,0,0,0.0
bioemu_refine,HIF2alpha__6D0B,900,ok,204,204,1.0,1,2,0.9803921568627452
bioemu_refine,HIV1_CA,900,ok,127,129,0.9844961240310076,0,0,0.0
bioemu_refine,p53_Y220C,900,ok,138,138,1.0,0,0,0.0
bioemu_refine,HIF2alpha,900,ok,172,172,1.0,1,2,1.162790697674419
bioemu_refine,CB1,1000,ok,246,246,1.0,0,0,0.0
bioemu_refine,SHP2,1000,ok,159,159,1.0,1,2,1.2578616352201255
bioemu_refine,HIV_RT__3V81,1000,ok,154,154,1.0,0,0,0.0
bioemu_refine,p53_Y220C__4AGQ,1000,ok,128,128,1.0,1,2,1.5625
bioemu_refine,THSR__7UTZ,1000,ok,186,186,1.0,0,0,0.0
bioemu_refine,Menin,1000,ok,121,121,1.0,0,0,0.0
bioemu_refine,betaLG,1000,ok,127,127,1.0,0,0,0.0
bioemu_refine,Bcl-xL,1000,ok,190,190,1.0,4,6,3.1578947368421053
bioemu_refine,HIV_RT,1000,ok,178,178,1.0,1,2,1.1235955056179776
bioemu_refine,KRAS,1000,ok,160,160,1.0,1,2,1.25
bioemu_refine,p53_Y220C,1000,ok,138,138,1.0,1,2,1.4492753623188406
bioemu_refine,GLTP,1000,ok,69,70,0.9857142857142858,0,0,0.0
bioemu_refine,HIF2alpha,1000,ok,172,172,1.0,1,2,1.162790697674419
bioemu_refine,HIV1_CA,1000,ok,127,129,0.9844961240310076,0,0,0.0
bioemu_refine,NDPK-A,1000,ok,149,149,1.0,2,4,2.684563758389262
bioemu_refine,FUT8,1000,ok,181,181,1.0,0,0,0.0
bioemu_refine,HIF2alpha__6D0B,1000,ok,204,204,1.0,0,0,0.0
bioemu_refine,THSR,1000,ok,206,206,1.0,0,0,0.0
bioemu_refine,THSR,1100,ok,206,206,1.0,0,0,0.0
bioemu_refine,HIF2alpha__6D0B,1100,ok,204,204,1.0,0,0,0.0
bioemu_refine,KRAS,1100,ok,160,160,1.0,1,2,1.25
bioemu_refine,FUT8,1100,ok,181,181,1.0,0,0,0.0
bioemu_refine,NDPK-A,1100,ok,149,149,1.0,0,0,0.0
bioemu_refine,Bcl-xL,1100,ok,190,190,1.0,0,0,0.0
bioemu_refine,betaLG,1100,ok,127,127,1.0,0,0,0.0
bioemu_refine,CB1,1100,ok,246,246,1.0,0,0,0.0
bioemu_refine,SHP2,1100,ok,159,159,1.0,0,0,0.0
bioemu_refine,p53_Y220C,1100,ok,138,138,1.0,0,0,0.0
bioemu_refine,HIV1_CA,1100,ok,127,129,0.9844961240310076,0,0,0.0
bioemu_refine,GLTP,1100,ok,69,70,0.9857142857142858,0,0,0.0
bioemu_refine,HIV_RT__3V81,1100,ok,154,154,1.0,0,0,0.0
bioemu_refine,HIV_RT,1100,ok,178,178,1.0,0,0,0.0
bioemu_refine,HIF2alpha,1100,ok,172,172,1.0,0,0,0.0
bioemu_refine,p53_Y220C__4AGQ,1100,ok,128,128,1.0,0,0,0.0
bioemu_refine,Menin,1100,ok,121,121,1.0,0,0,0.0
bioemu_refine,THSR__7UTZ,1100,ok,186,186,1.0,0,0,0.0
bioemu_refine,HIF2alpha,1200,ok,172,172,1.0,2,4,2.3255813953488373
bioemu_refine,NDPK-A,1200,ok,149,149,1.0,7,7,4.697986577181208
bioemu_refine,HIV1_CA,1200,ok,127,129,0.9844961240310076,0,0,0.0
bioemu_refine,HIV_RT__3V81,1200,ok,154,154,1.0,0,0,0.0
bioemu_refine,GLTP,1200,ok,69,70,0.9857142857142858,1,2,2.898550724637681
bioemu_refine,Bcl-xL,1200,ok,190,190,1.0,0,0,0.0
bioemu_refine,betaLG,1200,ok,127,127,1.0,0,0,0.0
bioemu_refine,FUT8,1200,ok,181,181,1.0,2,3,1.6574585635359116
bioemu_refine,THSR,1200,ok,206,206,1.0,0,0,0.0
bioemu_refine,SHP2,1200,ok,159,159,1.0,0,0,0.0
bioemu_refine,CB1,1200,ok,246,246,1.0,0,0,0.0
bioemu_refine,HIV_RT,1200,ok,178,178,1.0,1,2,1.1235955056179776
bioemu_refine,p53_Y220C,1200,ok,138,138,1.0,0,0,0.0
bioemu_refine,p53_Y220C__4AGQ,1200,ok,128,128,1.0,1,2,1.5625
bioemu_refine,Menin,1200,ok,121,121,1.0,0,0,0.0
bioemu_refine,THSR__7UTZ,1200,ok,186,186,1.0,0,0,0.0
bioemu_refine,KRAS,1200,ok,160,160,1.0,0,0,0.0
bioemu_refine,HIF2alpha__6D0B,1200,ok,204,204,1.0,0,0,0.0
bioemu_refine,HIV_RT,1300,ok,178,178,1.0,0,0,0.0
bioemu_refine,HIV_RT__3V81,1300,ok,154,154,1.0,0,0,0.0
bioemu_refine,KRAS,1300,ok,160,160,1.0,0,0,0.0
bioemu_refine,HIF2alpha__6D0B,1300,ok,204,204,1.0,0,0,0.0
bioemu_refine,betaLG,1300,ok,127,127,1.0,0,0,0.0
bioemu_refine,CB1,1300,ok,246,246,1.0,0,0,0.0
bioemu_refine,THSR,1300,ok,206,206,1.0,0,0,0.0
bioemu_refine,Bcl-xL,1300,ok,190,190,1.0,1,2,1.0526315789473684
bioemu_refine,GLTP,1300,ok,69,70,0.9857142857142858,0,0,0.0
bioemu_refine,p53_Y220C,1300,ok,138,138,1.0,0,0,0.0
bioemu_refine,FUT8,1300,ok,181,181,1.0,0,0,0.0
bioemu_refine,NDPK-A,1300,ok,149,149,1.0,0,0,0.0
bioemu_refine,HIV1_CA,1300,ok,127,129,0.9844961240310076,0,0,0.0
bioemu_refine,Menin,1300,ok,121,121,1.0,2,3,2.479338842975207
bioemu_refine,p53_Y220C__4AGQ,1300,ok,128,128,1.0,0,0,0.0
bioemu_refine,THSR__7UTZ,1300,ok,186,186,1.0,1,2,1.075268817204301
bioemu_refine,HIF2alpha,1300,ok,172,172,1.0,1,2,1.162790697674419
bioemu_refine,SHP2,1300,ok,159,159,1.0,1,2,1.2578616352201255
bioemu_refine,THSR,1400,ok,206,206,1.0,0,0,0.0
bioemu_refine,HIV_RT__3V81,1400,ok,154,154,1.0,0,0,0.0
bioemu_refine,CB1,1400,ok,246,246,1.0,0,0,0.0
bioemu_refine,SHP2,1400,ok,159,159,1.0,4,6,3.7735849056603774
bioemu_refine,p53_Y220C,1400,ok,138,138,1.0,0,0,0.0
bioemu_refine,betaLG,1400,ok,127,127,1.0,0,0,0.0
bioemu_refine,THSR__7UTZ,1400,ok,186,186,1.0,1,2,1.075268817204301
bioemu_refine,p53_Y220C__4AGQ,1400,ok,128,128,1.0,0,0,0.0
bioemu_refine,HIF2alpha,1400,ok,172,172,1.0,0,0,0.0
bioemu_refine,Menin,1400,ok,121,121,1.0,0,0,0.0
bioemu_refine,HIV_RT,1400,ok,178,178,1.0,0,0,0.0
bioemu_refine,GLTP,1400,ok,69,70,0.9857142857142858,0,0,0.0
bioemu_refine,KRAS,1400,ok,160,160,1.0,0,0,0.0
bioemu_refine,HIV1_CA,1400,ok,127,129,0.9844961240310076,0,0,0.0
bioemu_refine,NDPK-A,1400,ok,149,149,1.0,0,0,0.0
bioemu_refine,FUT8,1400,ok,181,181,1.0,0,0,0.0
bioemu_refine,Bcl-xL,1400,ok,190,190,1.0,0,0,0.0
bioemu_refine,HIF2alpha__6D0B,1400,ok,204,204,1.0,0,0,0.0
bioemu_refine,FUT8,1500,ok,181,181,1.0,1,2,1.1049723756906078
bioemu_refine,p53_Y220C,1500,ok,138,138,1.0,0,0,0.0
bioemu_refine,THSR,1500,ok,206,206,1.0,0,0,0.0
bioemu_refine,CB1,1500,ok,246,246,1.0,6,7,2.845528455284553
bioemu_refine,HIV_RT,1500,ok,178,178,1.0,0,0,0.0
bioemu_refine,KRAS,1500,ok,160,160,1.0,0,0,0.0
bioemu_refine,HIV_RT__3V81,1500,ok,154,154,1.0,0,0,0.0
bioemu_refine,SHP2,1500,ok,159,159,1.0,1,2,1.2578616352201255
bioemu_refine,NDPK-A,1500,ok,149,149,1.0,0,0,0.0
bioemu_refine,Bcl-xL,1500,ok,190,190,1.0,0,0,0.0
bioemu_refine,HIF2alpha__6D0B,1500,ok,204,204,1.0,0,0,0.0
bioemu_refine,betaLG,1500,ok,127,127,1.0,0,0,0.0
bioemu_refine,GLTP,1500,ok,69,70,0.9857142857142858,0,0,0.0
bioemu_refine,HIV1_CA,1500,ok,127,129,0.9844961240310076,0,0,0.0
bioemu_refine,p53_Y220C__4AGQ,1500,ok,128,128,1.0,0,0,0.0
bioemu_refine,Menin,1500,ok,121,121,1.0,0,0,0.0
bioemu_refine,THSR__7UTZ,1500,ok,186,186,1.0,1,2,1.075268817204301
bioemu_refine,HIF2alpha,1500,ok,172,172,1.0,0,0,0.0
bioemu_refine,GLTP,1600,ok,69,70,0.9857142857142858,0,0,0.0
bioemu_refine,THSR,1600,ok,206,206,1.0,0,0,0.0
bioemu_refine,KRAS,1600,ok,160,160,1.0,2,4,2.5
bioemu_refine,betaLG,1600,ok,127,127,1.0,2,3,2.3622047244094486
bioemu_refine,FUT8,1600,ok,181,181,1.0,1,2,1.1049723756906078
bioemu_refine,p53_Y220C__4AGQ,1600,ok,128,128,1.0,1,2,1.5625
bioemu_refine,THSR__7UTZ,1600,ok,186,186,1.0,0,0,0.0
bioemu_refine,Menin,1600,ok,121,121,1.0,0,0,0.0
bioemu_refine,Bcl-xL,1600,ok,190,190,1.0,0,0,0.0
bioemu_refine,HIF2alpha__6D0B,1600,ok,204,204,1.0,0,0,0.0
bioemu_refine,HIF2alpha,1600,ok,172,172,1.0,0,0,0.0
bioemu_refine,HIV_RT__3V81,1600,ok,154,154,1.0,0,0,0.0
bioemu_refine,p53_Y220C,1600,ok,138,138,1.0,1,2,1.4492753623188406
bioemu_refine,HIV1_CA,1600,ok,127,129,0.9844961240310076,0,0,0.0
bioemu_refine,HIV_RT,1600,ok,178,178,1.0,0,0,0.0
bioemu_refine,NDPK-A,1600,ok,149,149,1.0,1,2,1.342281879194631
bioemu_refine,SHP2,1600,ok,159,159,1.0,1,2,1.2578616352201255
bioemu_refine,CB1,1600,ok,246,246,1.0,0,0,0.0
bioemu_refine,THSR,1700,ok,206,206,1.0,0,0,0.0
bioemu_refine,Bcl-xL,1700,ok,190,190,1.0,0,0,0.0
bioemu_refine,p53_Y220C,1700,ok,138,138,1.0,0,0,0.0
bioemu_refine,CB1,1700,ok,246,246,1.0,0,0,0.0
bioemu_refine,SHP2,1700,ok,159,159,1.0,0,0,0.0
bioemu_refine,HIV_RT,1700,ok,178,178,1.0,0,0,0.0
bioemu_refine,NDPK-A,1700,ok,149,149,1.0,3,4,2.684563758389262
bioemu_refine,HIV1_CA,1700,ok,127,129,0.9844961240310076,0,0,0.0
bioemu_refine,FUT8,1700,ok,181,181,1.0,1,2,1.1049723756906078
bioemu_refine,GLTP,1700,ok,69,70,0.9857142857142858,0,0,0.0
bioemu_refine,betaLG,1700,ok,127,127,1.0,0,0,0.0
bioemu_refine,HIF2alpha__6D0B,1700,ok,204,204,1.0,0,0,0.0
bioemu_refine,KRAS,1700,ok,160,160,1.0,0,0,0.0
bioemu_refine,HIV_RT__3V81,1700,ok,154,154,1.0,0,0,0.0
bioemu_refine,HIF2alpha,1700,ok,172,172,1.0,0,0,0.0
bioemu_refine,Menin,1700,ok,121,121,1.0,1,2,1.6528925619834711
bioemu_refine,THSR__7UTZ,1700,ok,186,186,1.0,1,2,1.075268817204301
bioemu_refine,p53_Y220C__4AGQ,1700,ok,128,128,1.0,0,0,0.0
bioemu_refine,Bcl-xL,1800,ok,190,190,1.0,0,0,0.0
bioemu_refine,FUT8,1800,ok,181,181,1.0,1,2,1.1049723756906078
bioemu_refine,GLTP,1800,ok,69,70,0.9857142857142858,0,0,0.0
bioemu_refine,HIV1_CA,1800,ok,127,129,0.9844961240310076,0,0,0.0
bioemu_refine,THSR,1800,ok,206,206,1.0,0,0,0.0
bioemu_refine,NDPK-A,1800,ok,149,149,1.0,0,0,0.0
bioemu_refine,HIV_RT__3V81,1800,ok,154,154,1.0,0,0,0.0
bioemu_refine,SHP2,1800,ok,159,159,1.0,0,0,0.0
bioemu_refine,HIV_RT,1800,ok,178,178,1.0,0,0,0.0
bioemu_refine,THSR__7UTZ,1800,ok,186,186,1.0,1,2,1.075268817204301
bioemu_refine,HIF2alpha__6D0B,1800,ok,204,204,1.0,0,0,0.0
bioemu_refine,KRAS,1800,ok,160,160,1.0,0,0,0.0
bioemu_refine,p53_Y220C,1800,ok,138,138,1.0,0,0,0.0
bioemu_refine,betaLG,1800,ok,127,127,1.0,0,0,0.0
bioemu_refine,CB1,1800,ok,246,246,1.0,7,7,2.845528455284553
bioemu_refine,p53_Y220C__4AGQ,1800,ok,128,128,1.0,0,0,0.0
bioemu_refine,HIF2alpha,1800,ok,172,172,1.0,2,3,1.744186046511628
bioemu_refine,Menin,1800,ok,121,121,1.0,1,2,1.6528925619834711
bioemu_refine,Menin,1900,ok,121,121,1.0,0,0,0.0
bioemu_refine,p53_Y220C__4AGQ,1900,ok,128,128,1.0,0,0,0.0
bioemu_refine,NDPK-A,1900,ok,149,149,1.0,1,2,1.342281879194631
bioemu_refine,THSR,1900,ok,206,206,1.0,1,2,0.970873786407767
bioemu_refine,SHP2,1900,ok,159,159,1.0,0,0,0.0
bioemu_refine,HIV_RT__3V81,1900,ok,154,154,1.0,0,0,0.0
bioemu_refine,GLTP,1900,ok,69,70,0.9857142857142858,0,0,0.0
bioemu_refine,KRAS,1900,ok,160,160,1.0,0,0,0.0
bioemu_refine,CB1,1900,ok,246,246,1.0,7,9,3.658536585365854
bioemu_refine,betaLG,1900,ok,127,127,1.0,0,0,0.0
bioemu_refine,HIV_RT,1900,ok,178,178,1.0,0,0,0.0
bioemu_refine,Bcl-xL,1900,ok,190,190,1.0,0,0,0.0
bioemu_refine,FUT8,1900,ok,181,181,1.0,0,0,0.0
bioemu_refine,HIV1_CA,1900,ok,127,129,0.9844961240310076,0,0,0.0
bioemu_refine,HIF2alpha,1900,ok,172,172,1.0,0,0,0.0
bioemu_refine,HIF2alpha__6D0B,1900,ok,204,204,1.0,0,0,0.0
bioemu_refine,p53_Y220C,1900,ok,138,138,1.0,0,0,0.0
bioemu_refine,THSR__7UTZ,1900,ok,186,186,1.0,0,0,0.0
bioemu_refine,HIF2alpha,2000,ok,172,172,1.0,1,2,1.162790697674419
bioemu_refine,CB1,2000,ok,246,246,1.0,2,4,1.6260162601626016
bioemu_refine,betaLG,2000,ok,127,127,1.0,1,2,1.5748031496062993
bioemu_refine,FUT8,2000,ok,181,181,1.0,0,0,0.0
bioemu_refine,HIV_RT,2000,ok,178,178,1.0,0,0,0.0
bioemu_refine,p53_Y220C__4AGQ,2000,ok,128,128,1.0,0,0,0.0
bioemu_refine,THSR,2000,ok,206,206,1.0,0,0,0.0
bioemu_refine,HIV_RT__3V81,2000,ok,154,154,1.0,0,0,0.0
bioemu_refine,SHP2,2000,ok,159,159,1.0,0,0,0.0
bioemu_refine,Menin,2000,ok,121,121,1.0,1,2,1.6528925619834711
bioemu_refine,NDPK-A,2000,ok,149,149,1.0,1,2,1.342281879194631
bioemu_refine,Bcl-xL,2000,ok,190,190,1.0,2,4,2.1052631578947367
bioemu_refine,HIV1_CA,2000,ok,127,129,0.9844961240310076,0,0,0.0
bioemu_refine,HIF2alpha__6D0B,2000,ok,204,204,1.0,0,0,0.0
bioemu_refine,GLTP,2000,ok,69,70,0.9857142857142858,0,0,0.0
bioemu_refine,KRAS,2000,ok,160,160,1.0,0,0,0.0
bioemu_refine,p53_Y220C,2000,ok,138,138,1.0,0,0,0.0
bioemu_refine,THSR__7UTZ,2000,ok,186,186,1.0,0,0,0.0
bioemu_refine,NDPK-A,2100,ok,149,149,1.0,1,2,1.342281879194631
bioemu_refine,Menin,2100,ok,121,121,1.0,0,0,0.0
bioemu_refine,HIF2alpha__6D0B,2100,ok,204,204,1.0,0,0,0.0
bioemu_refine,GLTP,2100,ok,69,70,0.9857142857142858,4,5,7.246376811594203
bioemu_refine,HIV1_CA,2100,ok,127,129,0.9844961240310076,0,0,0.0
bioemu_refine,betaLG,2100,ok,127,127,1.0,0,0,0.0
bioemu_refine,HIF2alpha,2100,ok,172,172,1.0,0,0,0.0
bioemu_refine,p53_Y220C__4AGQ,2100,ok,128,128,1.0,1,2,1.5625
bioemu_refine,p53_Y220C,2100,ok,138,138,1.0,1,2,1.4492753623188406
bioemu_refine,HIV_RT,2100,ok,178,178,1.0,0,0,0.0
bioemu_refine,HIV_RT__3V81,2100,ok,154,154,1.0,0,0,0.0
bioemu_refine,THSR,2100,ok,206,206,1.0,0,0,0.0
bioemu_refine,SHP2,2100,ok,159,159,1.0,3,4,2.5157232704402515
bioemu_refine,FUT8,2100,ok,181,181,1.0,1,2,1.1049723756906078
bioemu_refine,Bcl-xL,2100,ok,190,190,1.0,0,0,0.0
bioemu_refine,KRAS,2100,ok,160,160,1.0,1,2,1.25
bioemu_refine,CB1,2100,ok,246,246,1.0,1,2,0.8130081300813008
bioemu_refine,THSR__7UTZ,2100,ok,186,186,1.0,1,2,1.075268817204301
bioemu_refine,p53_Y220C,2200,ok,138,138,1.0,0,0,0.0
bioemu_refine,KRAS,2200,ok,160,160,1.0,0,0,0.0
bioemu_refine,betaLG,2200,ok,127,127,1.0,0,0,0.0
bioemu_refine,CB1,2200,ok,246,246,1.0,0,0,0.0
bioemu_refine,GLTP,2200,ok,69,70,0.9857142857142858,0,0,0.0
bioemu_refine,HIF2alpha,2200,ok,172,172,1.0,1,2,1.162790697674419
bioemu_refine,HIV_RT,2200,ok,178,178,1.0,0,0,0.0
bioemu_refine,HIF2alpha__6D0B,2200,ok,204,204,1.0,0,0,0.0
bioemu_refine,FUT8,2200,ok,181,181,1.0,0,0,0.0
bioemu_refine,HIV_RT__3V81,2200,ok,154,154,1.0,0,0,0.0
bioemu_refine,NDPK-A,2200,ok,149,149,1.0,0,0,0.0
bioemu_refine,p53_Y220C__4AGQ,2200,ok,128,128,1.0,0,0,0.0
bioemu_refine,HIV1_CA,2200,ok,127,129,0.9844961240310076,0,0,0.0
bioemu_refine,Bcl-xL,2200,ok,190,190,1.0,1,2,1.0526315789473684
bioemu_refine,p53_Y220C,2300,ok,138,138,1.0,0,0,0.0
bioemu_refine,CB1,2300,ok,246,246,1.0,0,0,0.0
bioemu_refine,betaLG,2300,ok,127,127,1.0,0,0,0.0
bioemu_refine,HIV_RT,2300,ok,178,178,1.0,0,0,0.0
bioemu_refine,KRAS,2300,ok,160,160,1.0,0,0,0.0
bioemu_refine,Bcl-xL,2300,ok,190,190,1.0,0,0,0.0
bioemu_refine,HIF2alpha__6D0B,2300,ok,204,204,1.0,1,2,0.9803921568627452
bioemu_refine,p53_Y220C__4AGQ,2300,ok,128,128,1.0,0,0,0.0
bioemu_refine,FUT8,2300,ok,181,181,1.0,0,0,0.0
bioemu_refine,HIV_RT__3V81,2300,ok,154,154,1.0,0,0,0.0
bioemu_refine,NDPK-A,2300,ok,149,149,1.0,2,4,2.684563758389262
bioemu_refine,HIF2alpha,2300,ok,172,172,1.0,0,0,0.0
bioemu_refine,HIV1_CA,2300,ok,127,129,0.9844961240310076,0,0,0.0
bioemu_refine,GLTP,2300,ok,69,70,0.9857142857142858,0,0,0.0
bioemu_refine,HIV1_CA,2400,ok,127,129,0.9844961240310076,0,0,0.0
bioemu_refine,HIV_RT,2400,ok,178,178,1.0,0,0,0.0
bioemu_refine,GLTP,2400,ok,69,70,0.9857142857142858,0,0,0.0
bioemu_refine,HIF2alpha,2400,ok,172,172,1.0,0,0,0.0
bioemu_refine,HIV_RT__3V81,2400,ok,154,154,1.0,0,0,0.0
bioemu_refine,FUT8,2400,ok,181,181,1.0,2,4,2.209944751381216
bioemu_refine,CB1,2400,ok,246,246,1.0,1,2,0.8130081300813008
bioemu_refine,NDPK-A,2400,ok,149,149,1.0,0,0,0.0
bioemu_refine,p53_Y220C__4AGQ,2400,ok,128,128,1.0,1,2,1.5625
bioemu_refine,p53_Y220C,2400,ok,138,138,1.0,0,0,0.0
bioemu_refine,betaLG,2400,ok,127,127,1.0,1,2,1.5748031496062993
bioemu_refine,KRAS,2400,ok,160,160,1.0,0,0,0.0
bioemu_refine,HIF2alpha__6D0B,2400,ok,204,204,1.0,0,0,0.0
bioemu_refine,KRAS,2500,ok,160,160,1.0,0,0,0.0
bioemu_refine,HIF2alpha__6D0B,2500,ok,204,204,1.0,0,0,0.0
bioemu_refine,HIV_RT,2500,ok,178,178,1.0,0,0,0.0
bioemu_refine,p53_Y220C,2500,ok,138,138,1.0,0,0,0.0
bioemu_refine,FUT8,2500,ok,181,181,1.0,0,0,0.0
bioemu_refine,betaLG,2500,ok,127,127,1.0,0,0,0.0
bioemu_refine,HIF2alpha,2500,ok,172,172,1.0,1,2,1.162790697674419
bioemu_refine,p53_Y220C__4AGQ,2500,ok,128,128,1.0,0,0,0.0
bioemu_refine,HIV1_CA,2500,ok,127,129,0.9844961240310076,0,0,0.0
bioemu_refine,CB1,2500,ok,246,246,1.0,0,0,0.0
bioemu_refine,GLTP,2500,ok,69,70,0.9857142857142858,0,0,0.0
bioemu_refine,HIV_RT__3V81,2500,ok,154,154,1.0,0,0,0.0
bioemu_refine,KRAS,2600,ok,160,160,1.0,0,0,0.0
bioemu_refine,p53_Y220C__4AGQ,2600,ok,128,128,1.0,0,0,0.0
bioemu_refine,betaLG,2600,ok,127,127,1.0,0,0,0.0
bioemu_refine,p53_Y220C,2600,ok,138,138,1.0,0,0,0.0
bioemu_refine,CB1,2600,ok,246,246,1.0,6,6,2.4390243902439024
bioemu_refine,HIF2alpha__6D0B,2600,ok,204,204,1.0,0,0,0.0
bioemu_refine,HIV1_CA,2600,ok,127,129,0.9844961240310076,0,0,0.0
bioemu_refine,GLTP,2600,ok,69,70,0.9857142857142858,0,0,0.0
bioemu_refine,HIF2alpha,2600,ok,172,172,1.0,1,2,1.162790697674419
bioemu_refine,KRAS,2700,ok,160,160,1.0,1,2,1.25
bioemu_refine,HIF2alpha__6D0B,2700,ok,204,204,1.0,0,0,0.0
bioemu_refine,GLTP,2700,ok,69,70,0.9857142857142858,0,0,0.0
bioemu_refine,HIF2alpha,2700,ok,172,172,1.0,0,0,0.0
bioemu_refine,HIV1_CA,2700,ok,127,129,0.9844961240310076,0,0,0.0
bioemu_refine,betaLG,2700,ok,127,127,1.0,1,2,1.5748031496062993
bioemu_refine,CB1,2700,ok,246,246,1.0,0,0,0.0
bioemu_refine,HIF2alpha__6D0B,2800,ok,204,204,1.0,0,0,0.0
bioemu_refine,GLTP,2800,ok,69,70,0.9857142857142858,0,0,0.0
bioemu_refine,KRAS,2800,ok,160,160,1.0,1,2,1.25
bioemu_refine,betaLG,2800,ok,127,127,1.0,0,0,0.0
bioemu_refine,HIF2alpha,2800,ok,172,172,1.0,0,0,0.0
bioemu_refine,CB1,2800,ok,246,246,1.0,0,0,0.0
bioemu_refine,CB1,2900,ok,246,246,1.0,0,0,0.0
bioemu_refine,GLTP,2900,ok,69,70,0.9857142857142858,0,0,0.0
bioemu_refine,KRAS,2900,ok,160,160,1.0,2,4,2.5
prody_rfd3,p53_Y220C,0,ok,138,138,1.0,0,0,0.0
prody_rfd3,p53_Y220C,1,ok,138,138,1.0,0,0,0.0
prody_rfd3,p53_Y220C,2,ok,138,138,1.0,0,0,0.0
prody_rfd3,p53_Y220C,3,ok,138,138,1.0,0,0,0.0
prody_rfd3,p53_Y220C,4,ok,138,138,1.0,0,0,0.0
prody_rfd3,p53_Y220C,5,ok,138,138,1.0,0,0,0.0
prody_rfd3,p53_Y220C,6,ok,138,138,1.0,0,0,0.0
prody_rfd3,p53_Y220C,7,ok,138,138,1.0,0,0,0.0
prody_rfd3,p53_Y220C,8,ok,138,138,1.0,0,0,0.0
prody_rfd3,p53_Y220C,9,ok,138,138,1.0,0,0,0.0
prody_rfd3,p53_Y220C,10,ok,138,138,1.0,0,0,0.0
prody_rfd3,p53_Y220C,11,ok,138,138,1.0,0,0,0.0
prody_rfd3,p53_Y220C,12,ok,138,138,1.0,0,0,0.0
prody_rfd3,p53_Y220C,13,ok,138,138,1.0,0,0,0.0
prody_rfd3,p53_Y220C,14,ok,138,138,1.0,0,0,0.0
prody_rfd3,p53_Y220C,15,ok,138,138,1.0,0,0,0.0
prody_rfd3,p53_Y220C,16,ok,138,138,1.0,0,0,0.0
prody_rfd3,p53_Y220C,17,ok,138,138,1.0,0,0,0.0
prody_rfd3,p53_Y220C,18,ok,138,138,1.0,0,0,0.0
prody_rfd3,p53_Y220C,19,ok,138,138,1.0,0,0,0.0
prody_rfd3,p53_Y220C,20,ok,138,138,1.0,0,0,0.0
prody_rfd3,p53_Y220C,21,ok,138,138,1.0,0,0,0.0
prody_rfd3,p53_Y220C,22,ok,138,138,1.0,0,0,0.0
prody_rfd3,p53_Y220C,23,ok,138,138,1.0,0,0,0.0
prody_rfd3,p53_Y220C,24,ok,138,138,1.0,0,0,0.0
prody_rfd3,p53_Y220C,25,ok,138,138,1.0,0,0,0.0
prody_rfd3,p53_Y220C,26,ok,138,138,1.0,0,0,0.0
prody_rfd3,p53_Y220C,27,ok,138,138,1.0,0,0,0.0
prody_rfd3,p53_Y220C,28,ok,138,138,1.0,0,0,0.0
prody_rfd3,p53_Y220C,29,ok,138,138,1.0,0,0,0.0
prody_rfd3,CB1,0,ok,246,246,1.0,2,3,1.2195121951219512
prody_rfd3,CB1,1,ok,246,246,1.0,1,2,0.8130081300813008
prody_rfd3,CB1,2,ok,246,246,1.0,0,0,0.0
prody_rfd3,CB1,3,ok,246,246,1.0,1,2,0.8130081300813008
prody_rfd3,CB1,4,ok,246,246,1.0,0,0,0.0
prody_rfd3,CB1,5,ok,246,246,1.0,0,0,0.0
prody_rfd3,CB1,6,ok,246,246,1.0,0,0,0.0
prody_rfd3,CB1,7,ok,246,246,1.0,1,2,0.8130081300813008
prody_rfd3,CB1,8,ok,246,246,1.0,1,2,0.8130081300813008
prody_rfd3,CB1,9,ok,246,246,1.0,1,2,0.8130081300813008
prody_rfd3,CB1,10,ok,246,246,1.0,1,2,0.8130081300813008
prody_rfd3,CB1,11,ok,246,246,1.0,1,2,0.8130081300813008
prody_rfd3,CB1,12,ok,246,246,1.0,0,0,0.0
prody_rfd3,CB1,13,ok,246,246,1.0,0,0,0.0
prody_rfd3,CB1,14,ok,246,246,1.0,0,0,0.0
prody_rfd3,CB1,15,ok,246,246,1.0,0,0,0.0
prody_rfd3,CB1,16,ok,246,246,1.0,1,2,0.8130081300813008
prody_rfd3,CB1,17,ok,246,246,1.0,1,2,0.8130081300813008
prody_rfd3,CB1,18,ok,246,246,1.0,1,2,0.8130081300813008
prody_rfd3,CB1,19,ok,246,246,1.0,1,2,0.8130081300813008
prody_rfd3,CB1,20,ok,246,246,1.0,0,0,0.0
prody_rfd3,CB1,21,ok,246,246,1.0,0,0,0.0
prody_rfd3,CB1,22,ok,246,246,1.0,0,0,0.0
prody_rfd3,CB1,23,ok,246,246,1.0,0,0,0.0
prody_rfd3,CB1,24,ok,246,246,1.0,2,3,1.2195121951219512
prody_rfd3,CB1,25,ok,246,246,1.0,0,0,0.0
prody_rfd3,CB1,26,ok,246,246,1.0,0,0,0.0
prody_rfd3,CB1,27,ok,246,246,1.0,1,2,0.8130081300813008
prody_rfd3,CB1,28,ok,246,246,1.0,0,0,0.0
prody_rfd3,CB1,29,ok,246,246,1.0,0,0,0.0
prody_rfd3,KRAS,0,ok,158,160,0.9875,0,0,0.0
prody_rfd3,KRAS,1,ok,158,160,0.9875,0,0,0.0
prody_rfd3,KRAS,2,ok,158,160,0.9875,0,0,0.0
prody_rfd3,KRAS,3,ok,158,160,0.9875,0,0,0.0
prody_rfd3,KRAS,4,ok,158,160,0.9875,0,0,0.0
prody_rfd3,KRAS,5,ok,158,160,0.9875,0,0,0.0
prody_rfd3,KRAS,6,ok,158,160,0.9875,0,0,0.0
prody_rfd3,KRAS,7,ok,158,160,0.9875,0,0,0.0
prody_rfd3,KRAS,8,ok,158,160,0.9875,0,0,0.0
prody_rfd3,KRAS,9,ok,158,160,0.9875,0,0,0.0
prody_rfd3,KRAS,10,ok,158,160,0.9875,0,0,0.0
prody_rfd3,KRAS,11,ok,158,160,0.9875,0,0,0.0
prody_rfd3,KRAS,12,ok,158,160,0.9875,0,0,0.0
prody_rfd3,KRAS,13,ok,158,160,0.9875,0,0,0.0
prody_rfd3,KRAS,14,ok,158,160,0.9875,0,0,0.0
prody_rfd3,KRAS,15,ok,158,160,0.9875,0,0,0.0
prody_rfd3,KRAS,16,ok,158,160,0.9875,0,0,0.0
prody_rfd3,KRAS,17,ok,158,160,0.9875,0,0,0.0
prody_rfd3,KRAS,18,ok,158,160,0.9875,0,0,0.0
prody_rfd3,KRAS,19,ok,158,160,0.9875,2,3,1.8987341772151896
prody_rfd3,KRAS,20,ok,158,160,0.9875,0,0,0.0
prody_rfd3,KRAS,21,ok,158,160,0.9875,0,0,0.0
prody_rfd3,KRAS,22,ok,158,160,0.9875,0,0,0.0
prody_rfd3,KRAS,23,ok,158,160,0.9875,2,3,1.8987341772151896
prody_rfd3,KRAS,24,ok,158,160,0.9875,0,0,0.0
prody_rfd3,KRAS,25,ok,158,160,0.9875,0,0,0.0
prody_rfd3,KRAS,26,ok,158,160,0.9875,0,0,0.0
prody_rfd3,KRAS,27,ok,158,160,0.9875,0,0,0.0
prody_rfd3,KRAS,28,ok,158,160,0.9875,0,0,0.0
prody_rfd3,KRAS,29,ok,158,160,0.9875,0,0,0.0
prody_rfd3,cAbl,0,ok,179,179,1.0,0,0,0.0
prody_rfd3,cAbl,1,ok,179,179,1.0,0,0,0.0
prody_rfd3,cAbl,2,ok,179,179,1.0,0,0,0.0
prody_rfd3,cAbl,3,ok,179,179,1.0,0,0,0.0
prody_rfd3,cAbl,4,ok,179,179,1.0,1,2,1.11731843575419
prody_rfd3,cAbl,5,ok,179,179,1.0,0,0,0.0
prody_rfd3,cAbl,6,ok,179,179,1.0,0,0,0.0
prody_rfd3,cAbl,7,ok,179,179,1.0,0,0,0.0
prody_rfd3,cAbl,8,ok,179,179,1.0,0,0,0.0
prody_rfd3,cAbl,9,ok,179,179,1.0,0,0,0.0
prody_rfd3,cAbl,10,ok,179,179,1.0,0,0,0.0
prody_rfd3,cAbl,11,ok,179,179,1.0,0,0,0.0
prody_rfd3,cAbl,12,ok,179,179,1.0,1,2,1.11731843575419
prody_rfd3,cAbl,13,ok,179,179,1.0,0,0,0.0
prody_rfd3,cAbl,14,ok,179,179,1.0,1,2,1.11731843575419
prody_rfd3,cAbl,15,ok,179,179,1.0,0,0,0.0
prody_rfd3,cAbl,16,ok,179,179,1.0,0,0,0.0
prody_rfd3,cAbl,17,ok,179,179,1.0,0,0,0.0
prody_rfd3,cAbl,18,ok,179,179,1.0,0,0,0.0
prody_rfd3,cAbl,19,ok,179,179,1.0,0,0,0.0
prody_rfd3,cAbl,20,ok,179,179,1.0,1,2,1.11731843575419
prody_rfd3,cAbl,21,ok,179,179,1.0,0,0,0.0
prody_rfd3,cAbl,22,ok,179,179,1.0,1,2,1.11731843575419
prody_rfd3,cAbl,23,ok,179,179,1.0,0,0,0.0
prody_rfd3,cAbl,24,ok,179,179,1.0,0,0,0.0
prody_rfd3,cAbl,25,ok,179,179,1.0,0,0,0.0
prody_rfd3,cAbl,26,ok,179,179,1.0,0,0,0.0
prody_rfd3,cAbl,27,ok,179,179,1.0,0,0,0.0
prody_rfd3,cAbl,28,ok,179,179,1.0,1,2,1.11731843575419
prody_rfd3,cAbl,29,ok,179,179,1.0,0,0,0.0
prody_rfd3,HIF2alpha,0,ok,172,172,1.0,1,2,1.162790697674419
prody_rfd3,HIF2alpha,1,ok,172,172,1.0,0,0,0.0
prody_rfd3,HIF2alpha,2,ok,172,172,1.0,0,0,0.0
prody_rfd3,HIF2alpha,3,ok,172,172,1.0,1,2,1.162790697674419
prody_rfd3,HIF2alpha,4,ok,172,172,1.0,0,0,0.0
prody_rfd3,HIF2alpha,5,ok,172,172,1.0,0,0,0.0
prody_rfd3,HIF2alpha,6,ok,172,172,1.0,1,2,1.162790697674419
prody_rfd3,HIF2alpha,7,ok,172,172,1.0,1,2,1.162790697674419
prody_rfd3,HIF2alpha,8,ok,172,172,1.0,1,2,1.162790697674419
prody_rfd3,HIF2alpha,9,ok,172,172,1.0,0,0,0.0
prody_rfd3,HIF2alpha,10,ok,172,172,1.0,0,0,0.0
prody_rfd3,HIF2alpha,11,ok,172,172,1.0,1,2,1.162790697674419
prody_rfd3,HIF2alpha,12,ok,172,172,1.0,0,0,0.0
prody_rfd3,HIF2alpha,13,ok,172,172,1.0,0,0,0.0
prody_rfd3,HIF2alpha,14,ok,172,172,1.0,0,0,0.0
prody_rfd3,HIF2alpha,15,ok,172,172,1.0,1,2,1.162790697674419
prody_rfd3,HIF2alpha,16,ok,172,172,1.0,1,2,1.162790697674419
prody_rfd3,HIF2alpha,17,ok,172,172,1.0,0,0,0.0
prody_rfd3,HIF2alpha,18,ok,172,172,1.0,0,0,0.0
prody_rfd3,HIF2alpha,19,ok,172,172,1.0,1,2,1.162790697674419
prody_rfd3,HIF2alpha,20,ok,172,172,1.0,0,0,0.0
prody_rfd3,HIF2alpha,21,ok,172,172,1.0,0,0,0.0
prody_rfd3,HIF2alpha,22,ok,172,172,1.0,0,0,0.0
prody_rfd3,HIF2alpha,23,ok,172,172,1.0,0,0,0.0
prody_rfd3,HIF2alpha,24,ok,172,172,1.0,1,2,1.162790697674419
prody_rfd3,HIF2alpha,25,ok,172,172,1.0,0,0,0.0
prody_rfd3,HIF2alpha,26,ok,172,172,1.0,0,0,0.0
prody_rfd3,HIF2alpha,27,ok,172,172,1.0,1,2,1.162790697674419
prody_rfd3,HIF2alpha,28,ok,172,172,1.0,1,2,1.162790697674419
prody_rfd3,HIF2alpha,29,ok,172,172,1.0,0,0,0.0
prody_rfd3,HIV_RT,0,ok,178,178,1.0,4,6,3.3707865168539324
prody_rfd3,HIV_RT,1,ok,178,178,1.0,6,9,5.056179775280899
prody_rfd3,HIV_RT,2,ok,178,178,1.0,0,0,0.0
prody_rfd3,HIV_RT,3,ok,178,178,1.0,1,2,1.1235955056179776
prody_rfd3,HIV_RT,4,ok,178,178,1.0,0,0,0.0
prody_rfd3,HIV_RT,5,ok,178,178,1.0,6,9,5.056179775280899
prody_rfd3,HIV_RT,6,ok,178,178,1.0,0,0,0.0
prody_rfd3,HIV_RT,7,ok,178,178,1.0,4,7,3.932584269662921
prody_rfd3,HIV_RT,8,ok,178,178,1.0,0,0,0.0
prody_rfd3,HIV_RT,9,ok,178,178,1.0,5,8,4.49438202247191
prody_rfd3,HIV_RT,10,ok,178,178,1.0,4,7,3.932584269662921
prody_rfd3,HIV_RT,11,ok,178,178,1.0,4,7,3.932584269662921
prody_rfd3,HIV_RT,12,ok,178,178,1.0,5,9,5.056179775280899
prody_rfd3,HIV_RT,13,ok,178,178,1.0,5,7,3.932584269662921
prody_rfd3,HIV_RT,14,ok,178,178,1.0,4,7,3.932584269662921
prody_rfd3,HIV_RT,15,ok,178,178,1.0,4,8,4.49438202247191
prody_rfd3,HIV_RT,16,ok,178,178,1.0,5,8,4.49438202247191
prody_rfd3,HIV_RT,17,ok,178,178,1.0,5,7,3.932584269662921
prody_rfd3,HIV_RT,18,ok,178,178,1.0,5,9,5.056179775280899
prody_rfd3,HIV_RT,19,ok,178,178,1.0,4,7,3.932584269662921
prody_rfd3,HIV_RT,20,ok,178,178,1.0,4,7,3.932584269662921
prody_rfd3,HIV_RT,21,ok,178,178,1.0,5,8,4.49438202247191
prody_rfd3,HIV_RT,22,ok,178,178,1.0,4,6,3.3707865168539324
prody_rfd3,HIV_RT,23,ok,178,178,1.0,3,5,2.808988764044944
prody_rfd3,HIV_RT,24,ok,178,178,1.0,5,8,4.49438202247191
prody_rfd3,HIV_RT,25,ok,178,178,1.0,5,7,3.932584269662921
prody_rfd3,HIV_RT,26,ok,178,178,1.0,6,9,5.056179775280899
prody_rfd3,HIV_RT,27,ok,178,178,1.0,5,8,4.49438202247191
prody_rfd3,HIV_RT,28,ok,178,178,1.0,6,9,5.056179775280899
prody_rfd3,HIV_RT,29,ok,178,178,1.0,4,6,3.3707865168539324
prody_rfd3,HIV1_CA,0,ok,126,129,0.9767441860465116,0,0,0.0
prody_rfd3,HIV1_CA,1,ok,126,129,0.9767441860465116,0,0,0.0
prody_rfd3,HIV1_CA,2,ok,126,129,0.9767441860465116,0,0,0.0
prody_rfd3,HIV1_CA,3,ok,126,129,0.9767441860465116,0,0,0.0
prody_rfd3,HIV1_CA,4,ok,126,129,0.9767441860465116,1,2,1.5873015873015872
prody_rfd3,HIV1_CA,5,ok,126,129,0.9767441860465116,0,0,0.0
prody_rfd3,HIV1_CA,6,ok,126,129,0.9767441860465116,0,0,0.0
prody_rfd3,HIV1_CA,7,ok,126,129,0.9767441860465116,0,0,0.0
prody_rfd3,HIV1_CA,8,ok,126,129,0.9767441860465116,0,0,0.0
prody_rfd3,HIV1_CA,9,ok,126,129,0.9767441860465116,0,0,0.0
prody_rfd3,HIV1_CA,10,ok,126,129,0.9767441860465116,0,0,0.0
prody_rfd3,HIV1_CA,11,ok,126,129,0.9767441860465116,0,0,0.0
prody_rfd3,HIV1_CA,12,ok,126,129,0.9767441860465116,0,0,0.0
prody_rfd3,HIV1_CA,13,ok,126,129,0.9767441860465116,0,0,0.0
prody_rfd3,HIV1_CA,14,ok,126,129,0.9767441860465116,0,0,0.0
prody_rfd3,HIV1_CA,15,ok,126,129,0.9767441860465116,0,0,0.0
prody_rfd3,HIV1_CA,16,ok,126,129,0.9767441860465116,0,0,0.0
prody_rfd3,HIV1_CA,17,ok,126,129,0.9767441860465116,0,0,0.0
prody_rfd3,HIV1_CA,18,ok,126,129,0.9767441860465116,0,0,0.0
prody_rfd3,HIV1_CA,19,ok,126,129,0.9767441860465116,0,0,0.0
prody_rfd3,HIV1_CA,20,ok,126,129,0.9767441860465116,0,0,0.0
prody_rfd3,HIV1_CA,21,ok,126,129,0.9767441860465116,0,0,0.0
prody_rfd3,HIV1_CA,22,ok,126,129,0.9767441860465116,0,0,0.0
prody_rfd3,HIV1_CA,23,ok,126,129,0.9767441860465116,0,0,0.0
prody_rfd3,HIV1_CA,24,ok,126,129,0.9767441860465116,0,0,0.0
prody_rfd3,HIV1_CA,25,ok,126,129,0.9767441860465116,0,0,0.0
prody_rfd3,HIV1_CA,26,ok,126,129,0.9767441860465116,0,0,0.0
prody_rfd3,HIV1_CA,27,ok,126,129,0.9767441860465116,0,0,0.0
prody_rfd3,HIV1_CA,28,ok,126,129,0.9767441860465116,0,0,0.0
prody_rfd3,HIV1_CA,29,ok,126,129,0.9767441860465116,0,0,0.0
prody_rfd3,Menin,0,ok,121,121,1.0,0,0,0.0
prody_rfd3,Menin,1,ok,121,121,1.0,0,0,0.0
prody_rfd3,Menin,2,ok,121,121,1.0,0,0,0.0
prody_rfd3,Menin,3,ok,121,121,1.0,0,0,0.0
prody_rfd3,Menin,4,ok,121,121,1.0,0,0,0.0
prody_rfd3,Menin,5,ok,121,121,1.0,0,0,0.0
prody_rfd3,Menin,6,ok,121,121,1.0,0,0,0.0
prody_rfd3,Menin,7,ok,121,121,1.0,0,0,0.0
prody_rfd3,Menin,8,ok,121,121,1.0,0,0,0.0
prody_rfd3,Menin,9,ok,121,121,1.0,0,0,0.0
prody_rfd3,Menin,10,ok,121,121,1.0,0,0,0.0
prody_rfd3,Menin,11,ok,121,121,1.0,0,0,0.0
prody_rfd3,Menin,12,ok,121,121,1.0,0,0,0.0
prody_rfd3,Menin,13,ok,121,121,1.0,0,0,0.0
prody_rfd3,Menin,14,ok,121,121,1.0,0,0,0.0
prody_rfd3,Menin,15,ok,121,121,1.0,0,0,0.0
prody_rfd3,Menin,16,ok,121,121,1.0,0,0,0.0
prody_rfd3,Menin,17,ok,121,121,1.0,0,0,0.0
prody_rfd3,Menin,18,ok,121,121,1.0,0,0,0.0
prody_rfd3,Menin,19,ok,121,121,1.0,0,0,0.0
prody_rfd3,Menin,20,ok,121,121,1.0,0,0,0.0
prody_rfd3,Menin,21,ok,121,121,1.0,0,0,0.0
prody_rfd3,Menin,22,ok,121,121,1.0,0,0,0.0
prody_rfd3,Menin,23,ok,121,121,1.0,0,0,0.0
prody_rfd3,Menin,24,ok,121,121,1.0,0,0,0.0
prody_rfd3,Menin,25,ok,121,121,1.0,0,0,0.0
prody_rfd3,Menin,26,ok,121,121,1.0,0,0,0.0
prody_rfd3,Menin,27,ok,121,121,1.0,0,0,0.0
prody_rfd3,Menin,28,ok,121,121,1.0,0,0,0.0
prody_rfd3,Menin,29,ok,121,121,1.0,0,0,0.0
prody_rfd3,GCGR,0,ok,228,233,0.9785407725321889,3,5,2.192982456140351
prody_rfd3,GCGR,1,ok,228,233,0.9785407725321889,2,4,1.7543859649122806
prody_rfd3,GCGR,2,ok,228,233,0.9785407725321889,2,4,1.7543859649122806
prody_rfd3,GCGR,3,ok,228,233,0.9785407725321889,3,5,2.192982456140351
prody_rfd3,GCGR,4,ok,228,233,0.9785407725321889,2,4,1.7543859649122806
prody_rfd3,GCGR,5,ok,228,233,0.9785407725321889,2,4,1.7543859649122806
prody_rfd3,GCGR,6,ok,228,233,0.9785407725321889,1,2,0.8771929824561403
prody_rfd3,GCGR,7,ok,228,233,0.9785407725321889,1,2,0.8771929824561403
prody_rfd3,GCGR,8,ok,228,233,0.9785407725321889,4,6,2.631578947368421
prody_rfd3,GCGR,9,ok,228,233,0.9785407725321889,1,2,0.8771929824561403
prody_rfd3,GCGR,10,ok,228,233,0.9785407725321889,3,5,2.192982456140351
prody_rfd3,GCGR,11,ok,228,233,0.9785407725321889,2,4,1.7543859649122806
prody_rfd3,GCGR,12,ok,228,233,0.9785407725321889,4,6,2.631578947368421
prody_rfd3,GCGR,13,ok,228,233,0.9785407725321889,6,7,3.0701754385964914
prody_rfd3,GCGR,14,ok,228,233,0.9785407725321889,4,6,2.631578947368421
prody_rfd3,GCGR,15,ok,228,233,0.9785407725321889,3,5,2.192982456140351
prody_rfd3,GCGR,16,ok,228,233,0.9785407725321889,2,4,1.7543859649122806
prody_rfd3,GCGR,17,ok,228,233,0.9785407725321889,2,4,1.7543859649122806
prody_rfd3,GCGR,18,ok,228,233,0.9785407725321889,2,4,1.7543859649122806
prody_rfd3,GCGR,19,ok,228,233,0.9785407725321889,1,2,0.8771929824561403
prody_rfd3,GCGR,20,ok,228,233,0.9785407725321889,2,4,1.7543859649122806
prody_rfd3,GCGR,21,ok,228,233,0.9785407725321889,2,4,1.7543859649122806
prody_rfd3,GCGR,22,ok,228,233,0.9785407725321889,3,6,2.631578947368421
prody_rfd3,GCGR,23,ok,228,233,0.9785407725321889,2,4,1.7543859649122806
prody_rfd3,GCGR,24,ok,228,233,0.9785407725321889,3,5,2.192982456140351
prody_rfd3,GCGR,25,ok,228,233,0.9785407725321889,4,6,2.631578947368421
prody_rfd3,GCGR,26,ok,228,233,0.9785407725321889,6,7,3.0701754385964914
prody_rfd3,GCGR,27,ok,228,233,0.9785407725321889,3,5,2.192982456140351
prody_rfd3,GCGR,28,ok,228,233,0.9785407725321889,2,3,1.3157894736842106
prody_rfd3,GCGR,29,ok,228,233,0.9785407725321889,2,4,1.7543859649122806
prody_rfd3,THSR,0,ok,206,206,1.0,0,0,0.0
prody_rfd3,THSR,1,ok,206,206,1.0,0,0,0.0
prody_rfd3,THSR,2,ok,206,206,1.0,0,0,0.0
prody_rfd3,THSR,3,ok,206,206,1.0,0,0,0.0
prody_rfd3,THSR,4,ok,206,206,1.0,0,0,0.0
prody_rfd3,THSR,5,ok,206,206,1.0,0,0,0.0
prody_rfd3,THSR,6,ok,206,206,1.0,0,0,0.0
prody_rfd3,THSR,7,ok,206,206,1.0,0,0,0.0
prody_rfd3,THSR,8,ok,206,206,1.0,0,0,0.0
prody_rfd3,THSR,9,ok,206,206,1.0,0,0,0.0
prody_rfd3,THSR,10,ok,206,206,1.0,0,0,0.0
prody_rfd3,THSR,11,ok,206,206,1.0,0,0,0.0
prody_rfd3,THSR,12,ok,206,206,1.0,0,0,0.0
prody_rfd3,THSR,13,ok,206,206,1.0,0,0,0.0
prody_rfd3,THSR,14,ok,206,206,1.0,0,0,0.0
prody_rfd3,THSR,15,ok,206,206,1.0,0,0,0.0
prody_rfd3,THSR,16,ok,206,206,1.0,0,0,0.0
prody_rfd3,THSR,17,ok,206,206,1.0,0,0,0.0
prody_rfd3,THSR,18,ok,206,206,1.0,0,0,0.0
prody_rfd3,THSR,19,ok,206,206,1.0,0,0,0.0
prody_rfd3,THSR,20,ok,206,206,1.0,0,0,0.0
prody_rfd3,THSR,21,ok,206,206,1.0,0,0,0.0
prody_rfd3,THSR,22,ok,206,206,1.0,0,0,0.0
prody_rfd3,THSR,23,ok,206,206,1.0,0,0,0.0
prody_rfd3,THSR,24,ok,206,206,1.0,0,0,0.0
prody_rfd3,THSR,25,ok,206,206,1.0,0,0,0.0
prody_rfd3,THSR,26,ok,206,206,1.0,0,0,0.0
prody_rfd3,THSR,27,ok,206,206,1.0,0,0,0.0
prody_rfd3,THSR,28,ok,206,206,1.0,0,0,0.0
prody_rfd3,THSR,29,ok,206,206,1.0,0,0,0.0
prody_rfd3,p53_Y220C__4AGQ,0,ok,128,128,1.0,0,0,0.0
prody_rfd3,p53_Y220C__4AGQ,1,ok,128,128,1.0,0,0,0.0
prody_rfd3,p53_Y220C__4AGQ,2,ok,128,128,1.0,0,0,0.0
prody_rfd3,p53_Y220C__4AGQ,3,ok,128,128,1.0,0,0,0.0
prody_rfd3,p53_Y220C__4AGQ,4,ok,128,128,1.0,0,0,0.0
prody_rfd3,p53_Y220C__4AGQ,5,ok,128,128,1.0,0,0,0.0
prody_rfd3,p53_Y220C__4AGQ,6,ok,128,128,1.0,0,0,0.0
prody_rfd3,p53_Y220C__4AGQ,7,ok,128,128,1.0,0,0,0.0
prody_rfd3,p53_Y220C__4AGQ,8,ok,128,128,1.0,0,0,0.0
prody_rfd3,p53_Y220C__4AGQ,9,ok,128,128,1.0,0,0,0.0
prody_rfd3,p53_Y220C__4AGQ,10,ok,128,128,1.0,0,0,0.0
prody_rfd3,p53_Y220C__4AGQ,11,ok,128,128,1.0,0,0,0.0
prody_rfd3,p53_Y220C__4AGQ,12,ok,128,128,1.0,0,0,0.0
prody_rfd3,p53_Y220C__4AGQ,13,ok,128,128,1.0,0,0,0.0
prody_rfd3,p53_Y220C__4AGQ,14,ok,128,128,1.0,0,0,0.0
prody_rfd3,p53_Y220C__4AGQ,15,ok,128,128,1.0,0,0,0.0
prody_rfd3,p53_Y220C__4AGQ,16,ok,128,128,1.0,0,0,0.0
prody_rfd3,p53_Y220C__4AGQ,17,ok,128,128,1.0,0,0,0.0
prody_rfd3,p53_Y220C__4AGQ,18,ok,128,128,1.0,0,0,0.0
prody_rfd3,p53_Y220C__4AGQ,19,ok,128,128,1.0,0,0,0.0
prody_rfd3,p53_Y220C__4AGQ,20,ok,128,128,1.0,0,0,0.0
prody_rfd3,p53_Y220C__4AGQ,21,ok,128,128,1.0,0,0,0.0
prody_rfd3,p53_Y220C__4AGQ,22,ok,128,128,1.0,0,0,0.0
prody_rfd3,p53_Y220C__4AGQ,23,ok,128,128,1.0,0,0,0.0
prody_rfd3,p53_Y220C__4AGQ,24,ok,128,128,1.0,0,0,0.0
prody_rfd3,p53_Y220C__4AGQ,25,ok,128,128,1.0,0,0,0.0
prody_rfd3,p53_Y220C__4AGQ,26,ok,128,128,1.0,0,0,0.0
prody_rfd3,p53_Y220C__4AGQ,27,ok,128,128,1.0,0,0,0.0
prody_rfd3,p53_Y220C__4AGQ,28,ok,128,128,1.0,0,0,0.0
prody_rfd3,p53_Y220C__4AGQ,29,ok,128,128,1.0,0,0,0.0
prody_rfd3,HIF2alpha__6D0B,0,ok,204,204,1.0,1,2,0.9803921568627452
prody_rfd3,HIF2alpha__6D0B,1,ok,204,204,1.0,0,0,0.0
prody_rfd3,HIF2alpha__6D0B,2,ok,204,204,1.0,0,0,0.0
prody_rfd3,HIF2alpha__6D0B,3,ok,204,204,1.0,1,2,0.9803921568627452
prody_rfd3,HIF2alpha__6D0B,4,ok,204,204,1.0,0,0,0.0
prody_rfd3,HIF2alpha__6D0B,5,ok,204,204,1.0,0,0,0.0
prody_rfd3,HIF2alpha__6D0B,6,ok,204,204,1.0,1,2,0.9803921568627452
prody_rfd3,HIF2alpha__6D0B,7,ok,204,204,1.0,1,2,0.9803921568627452
prody_rfd3,HIF2alpha__6D0B,8,ok,204,204,1.0,1,2,0.9803921568627452
prody_rfd3,HIF2alpha__6D0B,9,ok,204,204,1.0,0,0,0.0
prody_rfd3,HIF2alpha__6D0B,10,ok,204,204,1.0,0,0,0.0
prody_rfd3,HIF2alpha__6D0B,11,ok,204,204,1.0,1,2,0.9803921568627452
prody_rfd3,HIF2alpha__6D0B,12,ok,204,204,1.0,0,0,0.0
prody_rfd3,HIF2alpha__6D0B,13,ok,204,204,1.0,0,0,0.0
prody_rfd3,HIF2alpha__6D0B,14,ok,204,204,1.0,0,0,0.0
prody_rfd3,HIF2alpha__6D0B,15,ok,204,204,1.0,1,2,0.9803921568627452
prody_rfd3,HIF2alpha__6D0B,16,ok,204,204,1.0,1,2,0.9803921568627452
prody_rfd3,HIF2alpha__6D0B,17,ok,204,204,1.0,0,0,0.0
prody_rfd3,HIF2alpha__6D0B,18,ok,204,204,1.0,0,0,0.0
prody_rfd3,HIF2alpha__6D0B,19,ok,204,204,1.0,1,2,0.9803921568627452
prody_rfd3,HIF2alpha__6D0B,20,ok,204,204,1.0,0,0,0.0
prody_rfd3,HIF2alpha__6D0B,21,ok,204,204,1.0,0,0,0.0
prody_rfd3,HIF2alpha__6D0B,22,ok,204,204,1.0,0,0,0.0
prody_rfd3,HIF2alpha__6D0B,23,ok,204,204,1.0,0,0,0.0
prody_rfd3,HIF2alpha__6D0B,24,ok,204,204,1.0,1,2,0.9803921568627452
prody_rfd3,HIF2alpha__6D0B,25,ok,204,204,1.0,0,0,0.0
prody_rfd3,HIF2alpha__6D0B,26,ok,204,204,1.0,0,0,0.0
prody_rfd3,HIF2alpha__6D0B,27,ok,204,204,1.0,1,2,0.9803921568627452
prody_rfd3,HIF2alpha__6D0B,28,ok,204,204,1.0,1,2,0.9803921568627452
prody_rfd3,HIF2alpha__6D0B,29,ok,204,204,1.0,0,0,0.0
prody_rfd3,HIV_RT__3V81,0,ok,154,154,1.0,0,0,0.0
prody_rfd3,HIV_RT__3V81,1,ok,154,154,1.0,0,0,0.0
prody_rfd3,HIV_RT__3V81,2,ok,154,154,1.0,0,0,0.0
prody_rfd3,HIV_RT__3V81,3,ok,154,154,1.0,0,0,0.0
prody_rfd3,HIV_RT__3V81,4,ok,154,154,1.0,0,0,0.0
prody_rfd3,HIV_RT__3V81,5,ok,154,154,1.0,0,0,0.0
prody_rfd3,HIV_RT__3V81,6,ok,154,154,1.0,0,0,0.0
prody_rfd3,HIV_RT__3V81,7,ok,154,154,1.0,0,0,0.0
prody_rfd3,HIV_RT__3V81,8,ok,154,154,1.0,0,0,0.0
prody_rfd3,HIV_RT__3V81,9,ok,154,154,1.0,0,0,0.0
prody_rfd3,HIV_RT__3V81,10,ok,154,154,1.0,0,0,0.0
prody_rfd3,HIV_RT__3V81,11,ok,154,154,1.0,0,0,0.0
prody_rfd3,HIV_RT__3V81,12,ok,154,154,1.0,0,0,0.0
prody_rfd3,HIV_RT__3V81,13,ok,154,154,1.0,0,0,0.0
prody_rfd3,HIV_RT__3V81,14,ok,154,154,1.0,0,0,0.0
prody_rfd3,HIV_RT__3V81,15,ok,154,154,1.0,0,0,0.0
prody_rfd3,HIV_RT__3V81,16,ok,154,154,1.0,0,0,0.0
prody_rfd3,HIV_RT__3V81,17,ok,154,154,1.0,0,0,0.0
prody_rfd3,HIV_RT__3V81,18,ok,154,154,1.0,0,0,0.0
prody_rfd3,HIV_RT__3V81,19,ok,154,154,1.0,0,0,0.0
prody_rfd3,HIV_RT__3V81,20,ok,154,154,1.0,0,0,0.0
prody_rfd3,HIV_RT__3V81,21,ok,154,154,1.0,0,0,0.0
prody_rfd3,HIV_RT__3V81,22,ok,154,154,1.0,0,0,0.0
prody_rfd3,HIV_RT__3V81,23,ok,154,154,1.0,0,0,0.0
prody_rfd3,HIV_RT__3V81,24,ok,154,154,1.0,0,0,0.0
prody_rfd3,HIV_RT__3V81,25,ok,154,154,1.0,0,0,0.0
prody_rfd3,HIV_RT__3V81,26,ok,154,154,1.0,0,0,0.0
prody_rfd3,HIV_RT__3V81,27,ok,154,154,1.0,0,0,0.0
prody_rfd3,HIV_RT__3V81,28,ok,154,154,1.0,0,0,0.0
prody_rfd3,HIV_RT__3V81,29,ok,154,154,1.0,0,0,0.0
prody_rfd3,THSR__7UTZ,0,ok,186,186,1.0,0,0,0.0
prody_rfd3,THSR__7UTZ,1,ok,186,186,1.0,0,0,0.0
prody_rfd3,THSR__7UTZ,2,ok,186,186,1.0,0,0,0.0
prody_rfd3,THSR__7UTZ,3,ok,186,186,1.0,0,0,0.0
prody_rfd3,THSR__7UTZ,4,ok,186,186,1.0,0,0,0.0
prody_rfd3,THSR__7UTZ,5,ok,186,186,1.0,0,0,0.0
prody_rfd3,THSR__7UTZ,6,ok,186,186,1.0,0,0,0.0
prody_rfd3,THSR__7UTZ,7,ok,186,186,1.0,0,0,0.0
prody_rfd3,THSR__7UTZ,8,ok,186,186,1.0,0,0,0.0
prody_rfd3,THSR__7UTZ,9,ok,186,186,1.0,0,0,0.0
prody_rfd3,THSR__7UTZ,10,ok,186,186,1.0,0,0,0.0
prody_rfd3,THSR__7UTZ,11,ok,186,186,1.0,0,0,0.0
prody_rfd3,THSR__7UTZ,12,ok,186,186,1.0,0,0,0.0
prody_rfd3,THSR__7UTZ,13,ok,186,186,1.0,0,0,0.0
prody_rfd3,THSR__7UTZ,14,ok,186,186,1.0,0,0,0.0
prody_rfd3,THSR__7UTZ,15,ok,186,186,1.0,0,0,0.0
prody_rfd3,THSR__7UTZ,16,ok,186,186,1.0,0,0,0.0
prody_rfd3,THSR__7UTZ,17,ok,186,186,1.0,0,0,0.0
prody_rfd3,THSR__7UTZ,18,ok,186,186,1.0,0,0,0.0
prody_rfd3,THSR__7UTZ,19,ok,186,186,1.0,0,0,0.0
prody_rfd3,THSR__7UTZ,20,ok,186,186,1.0,0,0,0.0
prody_rfd3,THSR__7UTZ,21,ok,186,186,1.0,1,2,1.075268817204301
prody_rfd3,THSR__7UTZ,22,ok,186,186,1.0,0,0,0.0
prody_rfd3,THSR__7UTZ,23,ok,186,186,1.0,0,0,0.0
prody_rfd3,THSR__7UTZ,24,ok,186,186,1.0,0,0,0.0
prody_rfd3,THSR__7UTZ,25,ok,186,186,1.0,0,0,0.0
prody_rfd3,THSR__7UTZ,26,ok,186,186,1.0,0,0,0.0
prody_rfd3,THSR__7UTZ,27,ok,186,186,1.0,1,2,1.075268817204301
prody_rfd3,THSR__7UTZ,28,ok,186,186,1.0,0,0,0.0
prody_rfd3,THSR__7UTZ,29,ok,186,186,1.0,0,0,0.0
prody_rfd3,Bcl-xL,0,ok,178,190,0.936842105263158,0,0,0.0
prody_rfd3,Bcl-xL,1,ok,178,190,0.936842105263158,0,0,0.0
prody_rfd3,Bcl-xL,2,ok,178,190,0.936842105263158,0,0,0.0
prody_rfd3,Bcl-xL,3,ok,178,190,0.936842105263158,0,0,0.0
prody_rfd3,Bcl-xL,4,ok,178,190,0.936842105263158,0,0,0.0
prody_rfd3,Bcl-xL,5,ok,178,190,0.936842105263158,0,0,0.0
prody_rfd3,Bcl-xL,6,ok,178,190,0.936842105263158,0,0,0.0
prody_rfd3,Bcl-xL,7,ok,178,190,0.936842105263158,0,0,0.0
prody_rfd3,Bcl-xL,8,ok,178,190,0.936842105263158,0,0,0.0
prody_rfd3,Bcl-xL,9,ok,178,190,0.936842105263158,0,0,0.0
prody_rfd3,Bcl-xL,10,ok,178,190,0.936842105263158,0,0,0.0
prody_rfd3,Bcl-xL,11,ok,178,190,0.936842105263158,0,0,0.0
prody_rfd3,Bcl-xL,12,ok,178,190,0.936842105263158,0,0,0.0
prody_rfd3,Bcl-xL,13,ok,178,190,0.936842105263158,0,0,0.0
prody_rfd3,Bcl-xL,14,ok,178,190,0.936842105263158,0,0,0.0
prody_rfd3,Bcl-xL,15,ok,178,190,0.936842105263158,0,0,0.0
prody_rfd3,Bcl-xL,16,ok,178,190,0.936842105263158,0,0,0.0
prody_rfd3,Bcl-xL,17,ok,178,190,0.936842105263158,0,0,0.0
prody_rfd3,Bcl-xL,18,ok,178,190,0.936842105263158,0,0,0.0
prody_rfd3,Bcl-xL,19,ok,178,190,0.936842105263158,0,0,0.0
prody_rfd3,Bcl-xL,20,ok,178,190,0.936842105263158,0,0,0.0
prody_rfd3,Bcl-xL,21,ok,178,190,0.936842105263158,0,0,0.0
prody_rfd3,Bcl-xL,22,ok,178,190,0.936842105263158,0,0,0.0
prody_rfd3,Bcl-xL,23,ok,178,190,0.936842105263158,0,0,0.0
prody_rfd3,Bcl-xL,24,ok,178,190,0.936842105263158,0,0,0.0
prody_rfd3,Bcl-xL,25,ok,178,190,0.936842105263158,0,0,0.0
prody_rfd3,Bcl-xL,26,ok,178,190,0.936842105263158,0,0,0.0
prody_rfd3,Bcl-xL,27,ok,178,190,0.936842105263158,0,0,0.0
prody_rfd3,Bcl-xL,28,ok,178,190,0.936842105263158,0,0,0.0
prody_rfd3,Bcl-xL,29,ok,178,190,0.936842105263158,0,0,0.0
prody_rfd3,betaLG,0,ok,127,127,1.0,1,2,1.5748031496062993
prody_rfd3,betaLG,1,ok,127,127,1.0,0,0,0.0
prody_rfd3,betaLG,2,ok,127,127,1.0,2,3,2.3622047244094486
prody_rfd3,betaLG,3,ok,127,127,1.0,0,0,0.0
prody_rfd3,betaLG,4,ok,127,127,1.0,0,0,0.0
prody_rfd3,betaLG,5,ok,127,127,1.0,2,3,2.3622047244094486
prody_rfd3,betaLG,6,ok,127,127,1.0,2,3,2.3622047244094486
prody_rfd3,betaLG,7,ok,127,127,1.0,0,0,0.0
prody_rfd3,betaLG,8,ok,127,127,1.0,2,3,2.3622047244094486
prody_rfd3,betaLG,9,ok,127,127,1.0,0,0,0.0
prody_rfd3,betaLG,10,ok,127,127,1.0,0,0,0.0
prody_rfd3,betaLG,11,ok,127,127,1.0,0,0,0.0
prody_rfd3,betaLG,12,ok,127,127,1.0,3,4,3.1496062992125986
prody_rfd3,betaLG,13,ok,127,127,1.0,2,3,2.3622047244094486
prody_rfd3,betaLG,14,ok,127,127,1.0,0,0,0.0
prody_rfd3,betaLG,15,ok,127,127,1.0,2,3,2.3622047244094486
prody_rfd3,betaLG,16,ok,127,127,1.0,0,0,0.0
prody_rfd3,betaLG,17,ok,127,127,1.0,0,0,0.0
prody_rfd3,betaLG,18,ok,127,127,1.0,1,2,1.5748031496062993
prody_rfd3,betaLG,19,ok,127,127,1.0,0,0,0.0
prody_rfd3,betaLG,20,ok,127,127,1.0,0,0,0.0
prody_rfd3,betaLG,21,ok,127,127,1.0,2,3,2.3622047244094486
prody_rfd3,betaLG,22,ok,127,127,1.0,6,5,3.937007874015748
prody_rfd3,betaLG,23,ok,127,127,1.0,0,0,0.0
prody_rfd3,betaLG,24,ok,127,127,1.0,0,0,0.0
prody_rfd3,betaLG,25,ok,127,127,1.0,0,0,0.0
prody_rfd3,betaLG,26,ok,127,127,1.0,0,0,0.0
prody_rfd3,betaLG,27,ok,127,127,1.0,1,2,1.5748031496062993
prody_rfd3,betaLG,28,ok,127,127,1.0,0,0,0.0
prody_rfd3,betaLG,29,ok,127,127,1.0,0,0,0.0
prody_rfd3,NDPK-A,0,ok,149,149,1.0,0,0,0.0
prody_rfd3,NDPK-A,1,ok,149,149,1.0,0,0,0.0
prody_rfd3,NDPK-A,2,ok,149,149,1.0,0,0,0.0
prody_rfd3,NDPK-A,3,ok,149,149,1.0,1,2,1.342281879194631
prody_rfd3,NDPK-A,4,ok,149,149,1.0,0,0,0.0
prody_rfd3,NDPK-A,5,ok,149,149,1.0,0,0,0.0
prody_rfd3,NDPK-A,6,ok,149,149,1.0,0,0,0.0
prody_rfd3,NDPK-A,7,ok,149,149,1.0,0,0,0.0
prody_rfd3,NDPK-A,8,ok,149,149,1.0,0,0,0.0
prody_rfd3,NDPK-A,9,ok,149,149,1.0,0,0,0.0
prody_rfd3,NDPK-A,10,ok,149,149,1.0,0,0,0.0
prody_rfd3,NDPK-A,11,ok,149,149,1.0,0,0,0.0
prody_rfd3,NDPK-A,12,ok,149,149,1.0,1,2,1.342281879194631
prody_rfd3,NDPK-A,13,ok,149,149,1.0,0,0,0.0
prody_rfd3,NDPK-A,14,ok,149,149,1.0,0,0,0.0
prody_rfd3,NDPK-A,15,ok,149,149,1.0,0,0,0.0
prody_rfd3,NDPK-A,16,ok,149,149,1.0,0,0,0.0
prody_rfd3,NDPK-A,17,ok,149,149,1.0,1,2,1.342281879194631
prody_rfd3,NDPK-A,18,ok,149,149,1.0,0,0,0.0
prody_rfd3,NDPK-A,19,ok,149,149,1.0,1,2,1.342281879194631
prody_rfd3,NDPK-A,20,ok,149,149,1.0,0,0,0.0
prody_rfd3,NDPK-A,21,ok,149,149,1.0,1,2,1.342281879194631
prody_rfd3,NDPK-A,22,ok,149,149,1.0,0,0,0.0
prody_rfd3,NDPK-A,23,ok,149,149,1.0,0,0,0.0
prody_rfd3,NDPK-A,24,ok,149,149,1.0,0,0,0.0
prody_rfd3,NDPK-A,25,ok,149,149,1.0,0,0,0.0
prody_rfd3,NDPK-A,26,ok,149,149,1.0,0,0,0.0
prody_rfd3,NDPK-A,27,ok,149,149,1.0,0,0,0.0
prody_rfd3,NDPK-A,28,ok,149,149,1.0,0,0,0.0
prody_rfd3,NDPK-A,29,ok,149,149,1.0,0,0,0.0
prody_rfd3,GLTP,0,ok,69,70,0.9857142857142858,0,0,0.0
prody_rfd3,GLTP,1,ok,69,70,0.9857142857142858,0,0,0.0
prody_rfd3,GLTP,2,ok,69,70,0.9857142857142858,0,0,0.0
prody_rfd3,GLTP,3,ok,69,70,0.9857142857142858,0,0,0.0
prody_rfd3,GLTP,4,ok,69,70,0.9857142857142858,0,0,0.0
prody_rfd3,GLTP,5,ok,69,70,0.9857142857142858,0,0,0.0
prody_rfd3,GLTP,6,ok,69,70,0.9857142857142858,1,2,2.898550724637681
prody_rfd3,GLTP,7,ok,69,70,0.9857142857142858,0,0,0.0
prody_rfd3,GLTP,8,ok,69,70,0.9857142857142858,0,0,0.0
prody_rfd3,GLTP,9,ok,69,70,0.9857142857142858,0,0,0.0
prody_rfd3,GLTP,10,ok,69,70,0.9857142857142858,0,0,0.0
prody_rfd3,GLTP,11,ok,69,70,0.9857142857142858,0,0,0.0
prody_rfd3,GLTP,12,ok,69,70,0.9857142857142858,0,0,0.0
prody_rfd3,GLTP,13,ok,69,70,0.9857142857142858,0,0,0.0
prody_rfd3,GLTP,14,ok,69,70,0.9857142857142858,0,0,0.0
prody_rfd3,GLTP,15,ok,69,70,0.9857142857142858,0,0,0.0
prody_rfd3,GLTP,16,ok,69,70,0.9857142857142858,0,0,0.0
prody_rfd3,GLTP,17,ok,69,70,0.9857142857142858,0,0,0.0
prody_rfd3,GLTP,18,ok,69,70,0.9857142857142858,0,0,0.0
prody_rfd3,GLTP,19,ok,69,70,0.9857142857142858,0,0,0.0
prody_rfd3,GLTP,20,ok,69,70,0.9857142857142858,0,0,0.0
prody_rfd3,GLTP,21,ok,69,70,0.9857142857142858,0,0,0.0
prody_rfd3,GLTP,22,ok,69,70,0.9857142857142858,0,0,0.0
prody_rfd3,GLTP,23,ok,69,70,0.9857142857142858,0,0,0.0
prody_rfd3,GLTP,24,ok,69,70,0.9857142857142858,0,0,0.0
prody_rfd3,GLTP,25,ok,69,70,0.9857142857142858,0,0,0.0
prody_rfd3,GLTP,26,ok,69,70,0.9857142857142858,0,0,0.0
prody_rfd3,GLTP,27,ok,69,70,0.9857142857142858,0,0,0.0
prody_rfd3,GLTP,28,ok,69,70,0.9857142857142858,0,0,0.0
prody_rfd3,GLTP,29,ok,69,70,0.9857142857142858,0,0,0.0
prody_rfd3,SHP2,0,ok,159,159,1.0,4,5,3.1446540880503147
prody_rfd3,SHP2,1,ok,159,159,1.0,3,4,2.5157232704402515
prody_rfd3,SHP2,2,ok,159,159,1.0,3,4,2.5157232704402515
prody_rfd3,SHP2,3,ok,159,159,1.0,1,2,1.2578616352201255
prody_rfd3,SHP2,4,ok,159,159,1.0,1,2,1.2578616352201255
prody_rfd3,SHP2,5,ok,159,159,1.0,3,4,2.5157232704402515
prody_rfd3,SHP2,6,ok,159,159,1.0,5,5,3.1446540880503147
prody_rfd3,SHP2,7,ok,159,159,1.0,2,3,1.8867924528301887
prody_rfd3,SHP2,8,ok,159,159,1.0,2,4,2.5157232704402515
prody_rfd3,SHP2,9,ok,159,159,1.0,3,4,2.5157232704402515
prody_rfd3,SHP2,10,ok,159,159,1.0,0,0,0.0
prody_rfd3,SHP2,11,ok,159,159,1.0,4,5,3.1446540880503147
prody_rfd3,SHP2,12,ok,159,159,1.0,4,5,3.1446540880503147
prody_rfd3,SHP2,13,ok,159,159,1.0,4,5,3.1446540880503147
prody_rfd3,SHP2,14,ok,159,159,1.0,4,5,3.1446540880503147
prody_rfd3,SHP2,15,ok,159,159,1.0,2,3,1.8867924528301887
prody_rfd3,SHP2,16,ok,159,159,1.0,0,0,0.0
prody_rfd3,SHP2,17,ok,159,159,1.0,3,4,2.5157232704402515
prody_rfd3,SHP2,18,ok,159,159,1.0,3,4,2.5157232704402515
prody_rfd3,SHP2,19,ok,159,159,1.0,2,3,1.8867924528301887
prody_rfd3,SHP2,20,ok,159,159,1.0,2,3,1.8867924528301887
prody_rfd3,SHP2,21,ok,159,159,1.0,3,4,2.5157232704402515
prody_rfd3,SHP2,22,ok,159,159,1.0,3,4,2.5157232704402515
prody_rfd3,SHP2,23,ok,159,159,1.0,1,2,1.2578616352201255
prody_rfd3,SHP2,24,ok,159,159,1.0,3,4,2.5157232704402515
prody_rfd3,SHP2,25,ok,159,159,1.0,4,5,3.1446540880503147
prody_rfd3,SHP2,26,ok,159,159,1.0,2,4,2.5157232704402515
prody_rfd3,SHP2,27,ok,159,159,1.0,3,4,2.5157232704402515
prody_rfd3,SHP2,28,ok,159,159,1.0,2,3,1.8867924528301887
prody_rfd3,SHP2,29,ok,159,159,1.0,3,4,2.5157232704402515
prody_rfd3,METTL14,0,ok,185,185,1.0,0,0,0.0
prody_rfd3,METTL14,1,ok,185,185,1.0,0,0,0.0
prody_rfd3,METTL14,2,ok,185,185,1.0,0,0,0.0
prody_rfd3,METTL14,3,ok,185,185,1.0,0,0,0.0
prody_rfd3,METTL14,4,ok,185,185,1.0,0,0,0.0
prody_rfd3,METTL14,5,ok,185,185,1.0,0,0,0.0
prody_rfd3,METTL14,6,ok,185,185,1.0,0,0,0.0
prody_rfd3,METTL14,7,ok,185,185,1.0,0,0,0.0
prody_rfd3,METTL14,8,ok,185,185,1.0,0,0,0.0
prody_rfd3,METTL14,9,ok,185,185,1.0,0,0,0.0
prody_rfd3,METTL14,10,ok,185,185,1.0,0,0,0.0
prody_rfd3,METTL14,11,ok,185,185,1.0,0,0,0.0
prody_rfd3,METTL14,12,ok,185,185,1.0,0,0,0.0
prody_rfd3,METTL14,13,ok,185,185,1.0,0,0,0.0
prody_rfd3,METTL14,14,ok,185,185,1.0,0,0,0.0
prody_rfd3,METTL14,15,ok,185,185,1.0,0,0,0.0
prody_rfd3,METTL14,16,ok,185,185,1.0,0,0,0.0
prody_rfd3,METTL14,17,ok,185,185,1.0,0,0,0.0
prody_rfd3,METTL14,18,ok,185,185,1.0,0,0,0.0
prody_rfd3,METTL14,19,ok,185,185,1.0,0,0,0.0
prody_rfd3,METTL14,20,ok,185,185,1.0,0,0,0.0
prody_rfd3,METTL14,21,ok,185,185,1.0,0,0,0.0
prody_rfd3,METTL14,22,ok,185,185,1.0,0,0,0.0
prody_rfd3,METTL14,23,ok,185,185,1.0,0,0,0.0
prody_rfd3,METTL14,24,ok,185,185,1.0,0,0,0.0
prody_rfd3,METTL14,25,ok,185,185,1.0,0,0,0.0
prody_rfd3,METTL14,26,ok,185,185,1.0,0,0,0.0
prody_rfd3,METTL14,27,ok,185,185,1.0,0,0,0.0
prody_rfd3,METTL14,28,ok,185,185,1.0,0,0,0.0
prody_rfd3,METTL14,29,ok,185,185,1.0,0,0,0.0
prody_rfd3,FUT8,0,ok,181,181,1.0,1,2,1.1049723756906078
prody_rfd3,FUT8,1,ok,181,181,1.0,1,2,1.1049723756906078
prody_rfd3,FUT8,2,ok,181,181,1.0,2,4,2.209944751381216
prody_rfd3,FUT8,3,ok,181,181,1.0,1,2,1.1049723756906078
prody_rfd3,FUT8,4,ok,181,181,1.0,2,4,2.209944751381216
prody_rfd3,FUT8,5,ok,181,181,1.0,1,2,1.1049723756906078
prody_rfd3,FUT8,6,ok,181,181,1.0,1,2,1.1049723756906078
prody_rfd3,FUT8,7,ok,181,181,1.0,1,2,1.1049723756906078
prody_rfd3,FUT8,8,ok,181,181,1.0,1,2,1.1049723756906078
prody_rfd3,FUT8,9,ok,181,181,1.0,1,2,1.1049723756906078
prody_rfd3,FUT8,10,ok,181,181,1.0,1,2,1.1049723756906078
prody_rfd3,FUT8,11,ok,181,181,1.0,1,2,1.1049723756906078
prody_rfd3,FUT8,12,ok,181,181,1.0,1,2,1.1049723756906078
prody_rfd3,FUT8,13,ok,181,181,1.0,2,4,2.209944751381216
prody_rfd3,FUT8,14,ok,181,181,1.0,2,4,2.209944751381216
prody_rfd3,FUT8,15,ok,181,181,1.0,1,2,1.1049723756906078
prody_rfd3,FUT8,16,ok,181,181,1.0,3,6,3.314917127071823
prody_rfd3,FUT8,17,ok,181,181,1.0,1,2,1.1049723756906078
prody_rfd3,FUT8,18,ok,181,181,1.0,1,2,1.1049723756906078
prody_rfd3,FUT8,19,ok,181,181,1.0,1,2,1.1049723756906078
prody_rfd3,FUT8,20,ok,181,181,1.0,2,4,2.209944751381216
prody_rfd3,FUT8,21,ok,181,181,1.0,1,2,1.1049723756906078
prody_rfd3,FUT8,22,ok,181,181,1.0,1,2,1.1049723756906078
prody_rfd3,FUT8,23,ok,181,181,1.0,1,2,1.1049723756906078
prody_rfd3,FUT8,24,ok,181,181,1.0,2,4,2.209944751381216
prody_rfd3,FUT8,25,ok,181,181,1.0,2,4,2.209944751381216
prody_rfd3,FUT8,26,ok,181,181,1.0,2,4,2.209944751381216
prody_rfd3,FUT8,27,ok,181,181,1.0,1,2,1.1049723756906078
prody_rfd3,FUT8,28,ok,181,181,1.0,1,2,1.1049723756906078
prody_rfd3,FUT8,29,ok,181,181,1.0,2,4,2.209944751381216
rosetta_repack,p53_Y220C,0,ok,138,138,1.0,0,0,0.0
rosetta_repack,p53_Y220C,1,ok,138,138,1.0,0,0,0.0
rosetta_repack,p53_Y220C,2,ok,138,138,1.0,0,0,0.0
rosetta_repack,p53_Y220C,3,ok,138,138,1.0,0,0,0.0
rosetta_repack,p53_Y220C,4,ok,138,138,1.0,0,0,0.0
rosetta_repack,p53_Y220C,5,ok,138,138,1.0,0,0,0.0
rosetta_repack,p53_Y220C,6,ok,138,138,1.0,0,0,0.0
rosetta_repack,p53_Y220C,7,ok,138,138,1.0,0,0,0.0
rosetta_repack,p53_Y220C,8,ok,138,138,1.0,0,0,0.0
rosetta_repack,p53_Y220C,9,ok,138,138,1.0,0,0,0.0
rosetta_repack,p53_Y220C,10,ok,138,138,1.0,0,0,0.0
rosetta_repack,p53_Y220C,11,ok,138,138,1.0,0,0,0.0
rosetta_repack,p53_Y220C,12,ok,138,138,1.0,0,0,0.0
rosetta_repack,p53_Y220C,13,ok,138,138,1.0,0,0,0.0
rosetta_repack,p53_Y220C,14,ok,138,138,1.0,0,0,0.0
rosetta_repack,p53_Y220C,15,ok,138,138,1.0,0,0,0.0
rosetta_repack,p53_Y220C,16,ok,138,138,1.0,0,0,0.0
rosetta_repack,p53_Y220C,17,ok,138,138,1.0,0,0,0.0
rosetta_repack,p53_Y220C,18,ok,138,138,1.0,0,0,0.0
rosetta_repack,p53_Y220C,19,ok,138,138,1.0,0,0,0.0
rosetta_repack,p53_Y220C,20,ok,138,138,1.0,0,0,0.0
rosetta_repack,p53_Y220C,21,ok,138,138,1.0,0,0,0.0
rosetta_repack,p53_Y220C,22,ok,138,138,1.0,0,0,0.0
rosetta_repack,p53_Y220C,23,ok,138,138,1.0,0,0,0.0
rosetta_repack,p53_Y220C,24,ok,138,138,1.0,0,0,0.0
rosetta_repack,p53_Y220C,25,ok,138,138,1.0,0,0,0.0
rosetta_repack,p53_Y220C,26,ok,138,138,1.0,0,0,0.0
rosetta_repack,p53_Y220C,27,ok,138,138,1.0,0,0,0.0
rosetta_repack,p53_Y220C,28,ok,138,138,1.0,0,0,0.0
rosetta_repack,p53_Y220C,29,ok,138,138,1.0,0,0,0.0
rosetta_fastrelax,p53_Y220C,0,ok,138,138,1.0,0,0,0.0
rosetta_fastrelax,p53_Y220C,1,ok,138,138,1.0,0,0,0.0
rosetta_fastrelax,p53_Y220C,2,ok,138,138,1.0,0,0,0.0
rosetta_fastrelax,p53_Y220C,3,ok,138,138,1.0,0,0,0.0
rosetta_fastrelax,p53_Y220C,4,ok,138,138,1.0,0,0,0.0
rosetta_fastrelax,p53_Y220C,5,ok,138,138,1.0,0,0,0.0
rosetta_fastrelax,p53_Y220C,6,ok,138,138,1.0,0,0,0.0
rosetta_fastrelax,p53_Y220C,7,ok,138,138,1.0,0,0,0.0
rosetta_fastrelax,p53_Y220C,8,ok,138,138,1.0,0,0,0.0
rosetta_fastrelax,p53_Y220C,9,ok,138,138,1.0,0,0,0.0
rosetta_fastrelax,p53_Y220C,10,ok,138,138,1.0,0,0,0.0
rosetta_fastrelax,p53_Y220C,11,ok,138,138,1.0,0,0,0.0
rosetta_fastrelax,p53_Y220C,12,ok,138,138,1.0,0,0,0.0
rosetta_fastrelax,p53_Y220C,13,ok,138,138,1.0,0,0,0.0
rosetta_fastrelax,p53_Y220C,14,ok,138,138,1.0,0,0,0.0
rosetta_fastrelax,p53_Y220C,15,ok,138,138,1.0,0,0,0.0
rosetta_fastrelax,p53_Y220C,16,ok,138,138,1.0,0,0,0.0
rosetta_fastrelax,p53_Y220C,17,ok,138,138,1.0,0,0,0.0
rosetta_fastrelax,p53_Y220C,18,ok,138,138,1.0,0,0,0.0
rosetta_fastrelax,p53_Y220C,19,ok,138,138,1.0,0,0,0.0
rosetta_fastrelax,p53_Y220C,20,ok,138,138,1.0,0,0,0.0
rosetta_fastrelax,p53_Y220C,21,ok,138,138,1.0,0,0,0.0
rosetta_fastrelax,p53_Y220C,22,ok,138,138,1.0,0,0,0.0
rosetta_fastrelax,p53_Y220C,23,ok,138,138,1.0,0,0,0.0
rosetta_fastrelax,p53_Y220C,24,ok,138,138,1.0,0,0,0.0
rosetta_fastrelax,p53_Y220C,25,ok,138,138,1.0,0,0,0.0
rosetta_fastrelax,p53_Y220C,26,ok,138,138,1.0,0,0,0.0
rosetta_fastrelax,p53_Y220C,27,ok,138,138,1.0,0,0,0.0
rosetta_fastrelax,p53_Y220C,28,ok,138,138,1.0,0,0,0.0
rosetta_fastrelax,p53_Y220C,29,ok,138,138,1.0,0,0,0.0
rosetta_repack,CB1,0,ok,246,246,1.0,0,0,0.0
rosetta_repack,CB1,1,ok,246,246,1.0,0,0,0.0
rosetta_repack,CB1,2,ok,246,246,1.0,0,0,0.0
rosetta_repack,CB1,3,ok,246,246,1.0,0,0,0.0
rosetta_repack,CB1,4,ok,246,246,1.0,0,0,0.0
rosetta_repack,CB1,5,ok,246,246,1.0,0,0,0.0
rosetta_repack,CB1,6,ok,246,246,1.0,0,0,0.0
rosetta_repack,CB1,7,ok,246,246,1.0,0,0,0.0
rosetta_repack,CB1,8,ok,246,246,1.0,0,0,0.0
rosetta_repack,CB1,9,ok,246,246,1.0,0,0,0.0
rosetta_repack,CB1,10,ok,246,246,1.0,0,0,0.0
rosetta_repack,CB1,11,ok,246,246,1.0,0,0,0.0
rosetta_repack,CB1,12,ok,246,246,1.0,0,0,0.0
rosetta_repack,CB1,13,ok,246,246,1.0,0,0,0.0
rosetta_repack,CB1,14,ok,246,246,1.0,0,0,0.0
rosetta_repack,CB1,15,ok,246,246,1.0,0,0,0.0
rosetta_repack,CB1,16,ok,246,246,1.0,0,0,0.0
rosetta_repack,CB1,17,ok,246,246,1.0,0,0,0.0
rosetta_repack,CB1,18,ok,246,246,1.0,0,0,0.0
rosetta_repack,CB1,19,ok,246,246,1.0,0,0,0.0
rosetta_repack,CB1,20,ok,246,246,1.0,0,0,0.0
rosetta_repack,CB1,21,ok,246,246,1.0,0,0,0.0
rosetta_repack,CB1,22,ok,246,246,1.0,0,0,0.0
rosetta_repack,CB1,23,ok,246,246,1.0,0,0,0.0
rosetta_repack,CB1,24,ok,246,246,1.0,0,0,0.0
rosetta_repack,CB1,25,ok,246,246,1.0,0,0,0.0
rosetta_repack,CB1,26,ok,246,246,1.0,0,0,0.0
rosetta_repack,CB1,27,ok,246,246,1.0,0,0,0.0
rosetta_repack,CB1,28,ok,246,246,1.0,0,0,0.0
rosetta_repack,CB1,29,ok,246,246,1.0,0,0,0.0
rosetta_fastrelax,CB1,0,ok,246,246,1.0,0,0,0.0
rosetta_fastrelax,CB1,1,ok,246,246,1.0,0,0,0.0
rosetta_fastrelax,CB1,2,ok,246,246,1.0,0,0,0.0
rosetta_fastrelax,CB1,3,ok,246,246,1.0,0,0,0.0
rosetta_fastrelax,CB1,4,ok,246,246,1.0,0,0,0.0
rosetta_fastrelax,CB1,5,ok,246,246,1.0,0,0,0.0
rosetta_fastrelax,CB1,6,ok,246,246,1.0,0,0,0.0
rosetta_fastrelax,CB1,7,ok,246,246,1.0,0,0,0.0
rosetta_fastrelax,CB1,8,ok,246,246,1.0,0,0,0.0
rosetta_fastrelax,CB1,9,ok,246,246,1.0,0,0,0.0
rosetta_fastrelax,CB1,10,ok,246,246,1.0,0,0,0.0
rosetta_fastrelax,CB1,11,ok,246,246,1.0,0,0,0.0
rosetta_fastrelax,CB1,12,ok,246,246,1.0,0,0,0.0
rosetta_fastrelax,CB1,13,ok,246,246,1.0,0,0,0.0
rosetta_fastrelax,CB1,14,ok,246,246,1.0,0,0,0.0
rosetta_fastrelax,CB1,15,ok,246,246,1.0,0,0,0.0
rosetta_fastrelax,CB1,16,ok,246,246,1.0,0,0,0.0
rosetta_fastrelax,CB1,17,ok,246,246,1.0,0,0,0.0
rosetta_fastrelax,CB1,18,ok,246,246,1.0,0,0,0.0
rosetta_fastrelax,CB1,19,ok,246,246,1.0,0,0,0.0
rosetta_fastrelax,CB1,20,ok,246,246,1.0,0,0,0.0
rosetta_fastrelax,CB1,21,ok,246,246,1.0,0,0,0.0
rosetta_fastrelax,CB1,22,ok,246,246,1.0,0,0,0.0
rosetta_fastrelax,CB1,23,ok,246,246,1.0,0,0,0.0
rosetta_fastrelax,CB1,24,ok,246,246,1.0,0,0,0.0
rosetta_fastrelax,CB1,25,ok,246,246,1.0,0,0,0.0
rosetta_fastrelax,CB1,26,ok,246,246,1.0,0,0,0.0
rosetta_fastrelax,CB1,27,ok,246,246,1.0,0,0,0.0
rosetta_fastrelax,CB1,28,ok,246,246,1.0,0,0,0.0
rosetta_fastrelax,CB1,29,ok,246,246,1.0,0,0,0.0
rosetta_repack,KRAS,0,ok,158,160,0.9875,0,0,0.0
rosetta_repack,KRAS,1,ok,158,160,0.9875,0,0,0.0
rosetta_repack,KRAS,2,ok,158,160,0.9875,0,0,0.0
rosetta_repack,KRAS,3,ok,158,160,0.9875,0,0,0.0
rosetta_repack,KRAS,4,ok,158,160,0.9875,0,0,0.0
rosetta_repack,KRAS,5,ok,158,160,0.9875,0,0,0.0
rosetta_repack,KRAS,6,ok,158,160,0.9875,0,0,0.0
rosetta_repack,KRAS,7,ok,158,160,0.9875,0,0,0.0
rosetta_repack,KRAS,8,ok,158,160,0.9875,0,0,0.0
rosetta_repack,KRAS,9,ok,158,160,0.9875,0,0,0.0
rosetta_repack,KRAS,10,ok,158,160,0.9875,0,0,0.0
rosetta_repack,KRAS,11,ok,158,160,0.9875,0,0,0.0
rosetta_repack,KRAS,12,ok,158,160,0.9875,0,0,0.0
rosetta_repack,KRAS,13,ok,158,160,0.9875,0,0,0.0
rosetta_repack,KRAS,14,ok,158,160,0.9875,0,0,0.0
rosetta_repack,KRAS,15,ok,158,160,0.9875,0,0,0.0
rosetta_repack,KRAS,16,ok,158,160,0.9875,0,0,0.0
rosetta_repack,KRAS,17,ok,158,160,0.9875,0,0,0.0
rosetta_repack,KRAS,18,ok,158,160,0.9875,0,0,0.0
rosetta_repack,KRAS,19,ok,158,160,0.9875,0,0,0.0
rosetta_repack,KRAS,20,ok,158,160,0.9875,0,0,0.0
rosetta_repack,KRAS,21,ok,158,160,0.9875,0,0,0.0
rosetta_repack,KRAS,22,ok,158,160,0.9875,0,0,0.0
rosetta_repack,KRAS,23,ok,158,160,0.9875,0,0,0.0
rosetta_repack,KRAS,24,ok,158,160,0.9875,0,0,0.0
rosetta_repack,KRAS,25,ok,158,160,0.9875,0,0,0.0
rosetta_repack,KRAS,26,ok,158,160,0.9875,0,0,0.0
rosetta_repack,KRAS,27,ok,158,160,0.9875,0,0,0.0
rosetta_repack,KRAS,28,ok,158,160,0.9875,0,0,0.0
rosetta_repack,KRAS,29,ok,158,160,0.9875,0,0,0.0
rosetta_fastrelax,KRAS,0,ok,158,160,0.9875,0,0,0.0
rosetta_fastrelax,KRAS,1,ok,158,160,0.9875,0,0,0.0
rosetta_fastrelax,KRAS,2,ok,158,160,0.9875,0,0,0.0
rosetta_fastrelax,KRAS,3,ok,158,160,0.9875,0,0,0.0
rosetta_fastrelax,KRAS,4,ok,158,160,0.9875,0,0,0.0
rosetta_fastrelax,KRAS,5,ok,158,160,0.9875,0,0,0.0
rosetta_fastrelax,KRAS,6,ok,158,160,0.9875,0,0,0.0
rosetta_fastrelax,KRAS,7,ok,158,160,0.9875,0,0,0.0
rosetta_fastrelax,KRAS,8,ok,158,160,0.9875,0,0,0.0
rosetta_fastrelax,KRAS,9,ok,158,160,0.9875,0,0,0.0
rosetta_fastrelax,KRAS,10,ok,158,160,0.9875,0,0,0.0
rosetta_fastrelax,KRAS,11,ok,158,160,0.9875,0,0,0.0
rosetta_fastrelax,KRAS,12,ok,158,160,0.9875,0,0,0.0
rosetta_fastrelax,KRAS,13,ok,158,160,0.9875,0,0,0.0
rosetta_fastrelax,KRAS,14,ok,158,160,0.9875,0,0,0.0
rosetta_fastrelax,KRAS,15,ok,158,160,0.9875,0,0,0.0
rosetta_fastrelax,KRAS,16,ok,158,160,0.9875,0,0,0.0
rosetta_fastrelax,KRAS,17,ok,158,160,0.9875,0,0,0.0
rosetta_fastrelax,KRAS,18,ok,158,160,0.9875,0,0,0.0
rosetta_fastrelax,KRAS,19,ok,158,160,0.9875,0,0,0.0
rosetta_fastrelax,KRAS,20,ok,158,160,0.9875,0,0,0.0
rosetta_fastrelax,KRAS,21,ok,158,160,0.9875,0,0,0.0
rosetta_fastrelax,KRAS,22,ok,158,160,0.9875,0,0,0.0
rosetta_fastrelax,KRAS,23,ok,158,160,0.9875,0,0,0.0
rosetta_fastrelax,KRAS,24,ok,158,160,0.9875,0,0,0.0
rosetta_fastrelax,KRAS,25,ok,158,160,0.9875,0,0,0.0
rosetta_fastrelax,KRAS,26,ok,158,160,0.9875,0,0,0.0
rosetta_fastrelax,KRAS,27,ok,158,160,0.9875,0,0,0.0
rosetta_fastrelax,KRAS,28,ok,158,160,0.9875,0,0,0.0
rosetta_fastrelax,KRAS,29,ok,158,160,0.9875,0,0,0.0
rosetta_repack,cAbl,0,ok,179,179,1.0,0,0,0.0
rosetta_repack,cAbl,1,ok,179,179,1.0,0,0,0.0
rosetta_repack,cAbl,2,ok,179,179,1.0,0,0,0.0
rosetta_repack,cAbl,3,ok,179,179,1.0,0,0,0.0
rosetta_repack,cAbl,4,ok,179,179,1.0,0,0,0.0
rosetta_repack,cAbl,5,ok,179,179,1.0,0,0,0.0
rosetta_repack,cAbl,6,ok,179,179,1.0,0,0,0.0
rosetta_repack,cAbl,7,ok,179,179,1.0,0,0,0.0
rosetta_repack,cAbl,8,ok,179,179,1.0,0,0,0.0
rosetta_repack,cAbl,9,ok,179,179,1.0,0,0,0.0
rosetta_repack,cAbl,10,ok,179,179,1.0,0,0,0.0
rosetta_repack,cAbl,11,ok,179,179,1.0,0,0,0.0
rosetta_repack,cAbl,12,ok,179,179,1.0,0,0,0.0
rosetta_repack,cAbl,13,ok,179,179,1.0,0,0,0.0
rosetta_repack,cAbl,14,ok,179,179,1.0,0,0,0.0
rosetta_repack,cAbl,15,ok,179,179,1.0,0,0,0.0
rosetta_repack,cAbl,16,ok,179,179,1.0,0,0,0.0
rosetta_repack,cAbl,17,ok,179,179,1.0,0,0,0.0
rosetta_repack,cAbl,18,ok,179,179,1.0,0,0,0.0
rosetta_repack,cAbl,19,ok,179,179,1.0,0,0,0.0
rosetta_repack,cAbl,20,ok,179,179,1.0,0,0,0.0
rosetta_repack,cAbl,21,ok,179,179,1.0,0,0,0.0
rosetta_repack,cAbl,22,ok,179,179,1.0,0,0,0.0
rosetta_repack,cAbl,23,ok,179,179,1.0,0,0,0.0
rosetta_repack,cAbl,24,ok,179,179,1.0,0,0,0.0
rosetta_repack,cAbl,25,ok,179,179,1.0,0,0,0.0
rosetta_repack,cAbl,26,ok,179,179,1.0,0,0,0.0
rosetta_repack,cAbl,27,ok,179,179,1.0,0,0,0.0
rosetta_repack,cAbl,28,ok,179,179,1.0,0,0,0.0
rosetta_repack,cAbl,29,ok,179,179,1.0,0,0,0.0
rosetta_fastrelax,cAbl,0,ok,179,179,1.0,0,0,0.0
rosetta_fastrelax,cAbl,1,ok,179,179,1.0,0,0,0.0
rosetta_fastrelax,cAbl,2,ok,179,179,1.0,0,0,0.0
rosetta_fastrelax,cAbl,3,ok,179,179,1.0,0,0,0.0
rosetta_fastrelax,cAbl,4,ok,179,179,1.0,0,0,0.0
rosetta_fastrelax,cAbl,5,ok,179,179,1.0,0,0,0.0
rosetta_fastrelax,cAbl,6,ok,179,179,1.0,0,0,0.0
rosetta_fastrelax,cAbl,7,ok,179,179,1.0,0,0,0.0
rosetta_fastrelax,cAbl,8,ok,179,179,1.0,0,0,0.0
rosetta_fastrelax,cAbl,9,ok,179,179,1.0,0,0,0.0
rosetta_fastrelax,cAbl,10,ok,179,179,1.0,0,0,0.0
rosetta_fastrelax,cAbl,11,ok,179,179,1.0,0,0,0.0
rosetta_fastrelax,cAbl,12,ok,179,179,1.0,0,0,0.0
rosetta_fastrelax,cAbl,13,ok,179,179,1.0,0,0,0.0
rosetta_fastrelax,cAbl,14,ok,179,179,1.0,0,0,0.0
rosetta_fastrelax,cAbl,15,ok,179,179,1.0,0,0,0.0
rosetta_fastrelax,cAbl,16,ok,179,179,1.0,0,0,0.0
rosetta_fastrelax,cAbl,17,ok,179,179,1.0,0,0,0.0
rosetta_fastrelax,cAbl,18,ok,179,179,1.0,0,0,0.0
rosetta_fastrelax,cAbl,19,ok,179,179,1.0,0,0,0.0
rosetta_fastrelax,cAbl,20,ok,179,179,1.0,0,0,0.0
rosetta_fastrelax,cAbl,21,ok,179,179,1.0,0,0,0.0
rosetta_fastrelax,cAbl,22,ok,179,179,1.0,0,0,0.0
rosetta_fastrelax,cAbl,23,ok,179,179,1.0,0,0,0.0
rosetta_fastrelax,cAbl,24,ok,179,179,1.0,0,0,0.0
rosetta_fastrelax,cAbl,25,ok,179,179,1.0,0,0,0.0
rosetta_fastrelax,cAbl,26,ok,179,179,1.0,0,0,0.0
rosetta_fastrelax,cAbl,27,ok,179,179,1.0,0,0,0.0
rosetta_fastrelax,cAbl,28,ok,179,179,1.0,0,0,0.0
rosetta_fastrelax,cAbl,29,ok,179,179,1.0,0,0,0.0
rosetta_repack,HIF2alpha,0,ok,172,172,1.0,0,0,0.0
rosetta_repack,HIF2alpha,1,ok,172,172,1.0,0,0,0.0
rosetta_repack,HIF2alpha,2,ok,172,172,1.0,0,0,0.0
rosetta_repack,HIF2alpha,3,ok,172,172,1.0,0,0,0.0
rosetta_repack,HIF2alpha,4,ok,172,172,1.0,0,0,0.0
rosetta_repack,HIF2alpha,5,ok,172,172,1.0,0,0,0.0
rosetta_repack,HIF2alpha,6,ok,172,172,1.0,0,0,0.0
rosetta_repack,HIF2alpha,7,ok,172,172,1.0,0,0,0.0
rosetta_repack,HIF2alpha,8,ok,172,172,1.0,0,0,0.0
rosetta_repack,HIF2alpha,9,ok,172,172,1.0,0,0,0.0
rosetta_repack,HIF2alpha,10,ok,172,172,1.0,0,0,0.0
rosetta_repack,HIF2alpha,11,ok,172,172,1.0,0,0,0.0
rosetta_repack,HIF2alpha,12,ok,172,172,1.0,0,0,0.0
rosetta_repack,HIF2alpha,13,ok,172,172,1.0,0,0,0.0
rosetta_repack,HIF2alpha,14,ok,172,172,1.0,0,0,0.0
rosetta_repack,HIF2alpha,15,ok,172,172,1.0,0,0,0.0
rosetta_repack,HIF2alpha,16,ok,172,172,1.0,0,0,0.0
rosetta_repack,HIF2alpha,17,ok,172,172,1.0,0,0,0.0
rosetta_repack,HIF2alpha,18,ok,172,172,1.0,0,0,0.0
rosetta_repack,HIF2alpha,19,ok,172,172,1.0,0,0,0.0
rosetta_repack,HIF2alpha,20,ok,172,172,1.0,0,0,0.0
rosetta_repack,HIF2alpha,21,ok,172,172,1.0,0,0,0.0
rosetta_repack,HIF2alpha,22,ok,172,172,1.0,0,0,0.0
rosetta_repack,HIF2alpha,23,ok,172,172,1.0,0,0,0.0
rosetta_repack,HIF2alpha,24,ok,172,172,1.0,0,0,0.0
rosetta_repack,HIF2alpha,25,ok,172,172,1.0,0,0,0.0
rosetta_repack,HIF2alpha,26,ok,172,172,1.0,0,0,0.0
rosetta_repack,HIF2alpha,27,ok,172,172,1.0,0,0,0.0
rosetta_repack,HIF2alpha,28,ok,172,172,1.0,0,0,0.0
rosetta_repack,HIF2alpha,29,ok,172,172,1.0,0,0,0.0
rosetta_fastrelax,HIF2alpha,0,ok,172,172,1.0,0,0,0.0
rosetta_fastrelax,HIF2alpha,1,ok,172,172,1.0,0,0,0.0
rosetta_fastrelax,HIF2alpha,2,ok,172,172,1.0,0,0,0.0
rosetta_fastrelax,HIF2alpha,3,ok,172,172,1.0,0,0,0.0
rosetta_fastrelax,HIF2alpha,4,ok,172,172,1.0,0,0,0.0
rosetta_fastrelax,HIF2alpha,5,ok,172,172,1.0,0,0,0.0
rosetta_fastrelax,HIF2alpha,6,ok,172,172,1.0,0,0,0.0
rosetta_fastrelax,HIF2alpha,7,ok,172,172,1.0,0,0,0.0
rosetta_fastrelax,HIF2alpha,8,ok,172,172,1.0,0,0,0.0
rosetta_fastrelax,HIF2alpha,9,ok,172,172,1.0,0,0,0.0
rosetta_fastrelax,HIF2alpha,10,ok,172,172,1.0,0,0,0.0
rosetta_fastrelax,HIF2alpha,11,ok,172,172,1.0,0,0,0.0
rosetta_fastrelax,HIF2alpha,12,ok,172,172,1.0,0,0,0.0
rosetta_fastrelax,HIF2alpha,13,ok,172,172,1.0,0,0,0.0
rosetta_fastrelax,HIF2alpha,14,ok,172,172,1.0,0,0,0.0
rosetta_fastrelax,HIF2alpha,15,ok,172,172,1.0,0,0,0.0
rosetta_fastrelax,HIF2alpha,16,ok,172,172,1.0,0,0,0.0
rosetta_fastrelax,HIF2alpha,17,ok,172,172,1.0,0,0,0.0
rosetta_fastrelax,HIF2alpha,18,ok,172,172,1.0,0,0,0.0
rosetta_fastrelax,HIF2alpha,19,ok,172,172,1.0,0,0,0.0
rosetta_fastrelax,HIF2alpha,20,ok,172,172,1.0,0,0,0.0
rosetta_fastrelax,HIF2alpha,21,ok,172,172,1.0,0,0,0.0
rosetta_fastrelax,HIF2alpha,22,ok,172,172,1.0,0,0,0.0
rosetta_fastrelax,HIF2alpha,23,ok,172,172,1.0,0,0,0.0
rosetta_fastrelax,HIF2alpha,24,ok,172,172,1.0,0,0,0.0
rosetta_fastrelax,HIF2alpha,25,ok,172,172,1.0,0,0,0.0
rosetta_fastrelax,HIF2alpha,26,ok,172,172,1.0,0,0,0.0
rosetta_fastrelax,HIF2alpha,27,ok,172,172,1.0,0,0,0.0
rosetta_fastrelax,HIF2alpha,28,ok,172,172,1.0,0,0,0.0
rosetta_fastrelax,HIF2alpha,29,ok,172,172,1.0,0,0,0.0
rosetta_repack,HIV_RT,0,ok,178,178,1.0,0,0,0.0
rosetta_repack,HIV_RT,1,ok,178,178,1.0,0,0,0.0
rosetta_repack,HIV_RT,2,ok,178,178,1.0,0,0,0.0
rosetta_repack,HIV_RT,3,ok,178,178,1.0,0,0,0.0
rosetta_repack,HIV_RT,4,ok,178,178,1.0,0,0,0.0
rosetta_repack,HIV_RT,5,ok,178,178,1.0,0,0,0.0
rosetta_repack,HIV_RT,6,ok,178,178,1.0,0,0,0.0
rosetta_repack,HIV_RT,7,ok,178,178,1.0,0,0,0.0
rosetta_repack,HIV_RT,8,ok,178,178,1.0,0,0,0.0
rosetta_repack,HIV_RT,9,ok,178,178,1.0,0,0,0.0
rosetta_repack,HIV_RT,10,ok,178,178,1.0,0,0,0.0
rosetta_repack,HIV_RT,11,ok,178,178,1.0,0,0,0.0
rosetta_repack,HIV_RT,12,ok,178,178,1.0,0,0,0.0
rosetta_repack,HIV_RT,13,ok,178,178,1.0,0,0,0.0
rosetta_repack,HIV_RT,14,ok,178,178,1.0,0,0,0.0
rosetta_repack,HIV_RT,15,ok,178,178,1.0,0,0,0.0
rosetta_repack,HIV_RT,16,ok,178,178,1.0,0,0,0.0
rosetta_repack,HIV_RT,17,ok,178,178,1.0,0,0,0.0
rosetta_repack,HIV_RT,18,ok,178,178,1.0,0,0,0.0
rosetta_repack,HIV_RT,19,ok,178,178,1.0,0,0,0.0
rosetta_repack,HIV_RT,20,ok,178,178,1.0,0,0,0.0
rosetta_repack,HIV_RT,21,ok,178,178,1.0,0,0,0.0
rosetta_repack,HIV_RT,22,ok,178,178,1.0,0,0,0.0
rosetta_repack,HIV_RT,23,ok,178,178,1.0,0,0,0.0
rosetta_repack,HIV_RT,24,ok,178,178,1.0,0,0,0.0
rosetta_repack,HIV_RT,25,ok,178,178,1.0,0,0,0.0
rosetta_repack,HIV_RT,26,ok,178,178,1.0,0,0,0.0
rosetta_repack,HIV_RT,27,ok,178,178,1.0,0,0,0.0
rosetta_repack,HIV_RT,28,ok,178,178,1.0,0,0,0.0
rosetta_repack,HIV_RT,29,ok,178,178,1.0,0,0,0.0
rosetta_fastrelax,HIV_RT,0,ok,178,178,1.0,0,0,0.0
rosetta_fastrelax,HIV_RT,1,ok,178,178,1.0,0,0,0.0
rosetta_fastrelax,HIV_RT,2,ok,178,178,1.0,0,0,0.0
rosetta_fastrelax,HIV_RT,3,ok,178,178,1.0,0,0,0.0
rosetta_fastrelax,HIV_RT,4,ok,178,178,1.0,0,0,0.0
rosetta_fastrelax,HIV_RT,5,ok,178,178,1.0,0,0,0.0
rosetta_fastrelax,HIV_RT,6,ok,178,178,1.0,0,0,0.0
rosetta_fastrelax,HIV_RT,7,ok,178,178,1.0,0,0,0.0
rosetta_fastrelax,HIV_RT,8,ok,178,178,1.0,0,0,0.0
rosetta_fastrelax,HIV_RT,9,ok,178,178,1.0,0,0,0.0
rosetta_fastrelax,HIV_RT,10,ok,178,178,1.0,0,0,0.0
rosetta_fastrelax,HIV_RT,11,ok,178,178,1.0,0,0,0.0
rosetta_fastrelax,HIV_RT,12,ok,178,178,1.0,0,0,0.0
rosetta_fastrelax,HIV_RT,13,ok,178,178,1.0,0,0,0.0
rosetta_fastrelax,HIV_RT,14,ok,178,178,1.0,0,0,0.0
rosetta_fastrelax,HIV_RT,15,ok,178,178,1.0,0,0,0.0
rosetta_fastrelax,HIV_RT,16,ok,178,178,1.0,0,0,0.0
rosetta_fastrelax,HIV_RT,17,ok,178,178,1.0,0,0,0.0
rosetta_fastrelax,HIV_RT,18,ok,178,178,1.0,0,0,0.0
rosetta_fastrelax,HIV_RT,19,ok,178,178,1.0,0,0,0.0
rosetta_fastrelax,HIV_RT,20,ok,178,178,1.0,0,0,0.0
rosetta_fastrelax,HIV_RT,21,ok,178,178,1.0,0,0,0.0
rosetta_fastrelax,HIV_RT,22,ok,178,178,1.0,0,0,0.0
rosetta_fastrelax,HIV_RT,23,ok,178,178,1.0,0,0,0.0
rosetta_fastrelax,HIV_RT,24,ok,178,178,1.0,0,0,0.0
rosetta_fastrelax,HIV_RT,25,ok,178,178,1.0,0,0,0.0
rosetta_fastrelax,HIV_RT,26,ok,178,178,1.0,0,0,0.0
rosetta_fastrelax,HIV_RT,27,ok,178,178,1.0,0,0,0.0
rosetta_fastrelax,HIV_RT,28,ok,178,178,1.0,0,0,0.0
rosetta_fastrelax,HIV_RT,29,ok,178,178,1.0,0,0,0.0
rosetta_repack,HIV1_CA,0,ok,126,129,0.9767441860465116,0,0,0.0
rosetta_repack,HIV1_CA,1,ok,126,129,0.9767441860465116,0,0,0.0
rosetta_repack,HIV1_CA,2,ok,126,129,0.9767441860465116,0,0,0.0
rosetta_repack,HIV1_CA,3,ok,126,129,0.9767441860465116,0,0,0.0
rosetta_repack,HIV1_CA,4,ok,126,129,0.9767441860465116,0,0,0.0
rosetta_repack,HIV1_CA,5,ok,126,129,0.9767441860465116,0,0,0.0
rosetta_repack,HIV1_CA,6,ok,126,129,0.9767441860465116,0,0,0.0
rosetta_repack,HIV1_CA,7,ok,126,129,0.9767441860465116,0,0,0.0
rosetta_repack,HIV1_CA,8,ok,126,129,0.9767441860465116,0,0,0.0
rosetta_repack,HIV1_CA,9,ok,126,129,0.9767441860465116,0,0,0.0
rosetta_repack,HIV1_CA,10,ok,126,129,0.9767441860465116,0,0,0.0
rosetta_repack,HIV1_CA,11,ok,126,129,0.9767441860465116,0,0,0.0
rosetta_repack,HIV1_CA,12,ok,126,129,0.9767441860465116,0,0,0.0
rosetta_repack,HIV1_CA,13,ok,126,129,0.9767441860465116,0,0,0.0
rosetta_repack,HIV1_CA,14,ok,126,129,0.9767441860465116,0,0,0.0
rosetta_repack,HIV1_CA,15,ok,126,129,0.9767441860465116,0,0,0.0
rosetta_repack,HIV1_CA,16,ok,126,129,0.9767441860465116,0,0,0.0
rosetta_repack,HIV1_CA,17,ok,126,129,0.9767441860465116,0,0,0.0
rosetta_repack,HIV1_CA,18,ok,126,129,0.9767441860465116,0,0,0.0
rosetta_repack,HIV1_CA,19,ok,126,129,0.9767441860465116,0,0,0.0
rosetta_repack,HIV1_CA,20,ok,126,129,0.9767441860465116,0,0,0.0
rosetta_repack,HIV1_CA,21,ok,126,129,0.9767441860465116,0,0,0.0
rosetta_repack,HIV1_CA,22,ok,126,129,0.9767441860465116,0,0,0.0
rosetta_repack,HIV1_CA,23,ok,126,129,0.9767441860465116,0,0,0.0
rosetta_repack,HIV1_CA,24,ok,126,129,0.9767441860465116,0,0,0.0
rosetta_repack,HIV1_CA,25,ok,126,129,0.9767441860465116,0,0,0.0
rosetta_repack,HIV1_CA,26,ok,126,129,0.9767441860465116,0,0,0.0
rosetta_repack,HIV1_CA,27,ok,126,129,0.9767441860465116,0,0,0.0
rosetta_repack,HIV1_CA,28,ok,126,129,0.9767441860465116,0,0,0.0
rosetta_repack,HIV1_CA,29,ok,126,129,0.9767441860465116,0,0,0.0
rosetta_fastrelax,HIV1_CA,0,ok,126,129,0.9767441860465116,0,0,0.0
rosetta_fastrelax,HIV1_CA,1,ok,126,129,0.9767441860465116,0,0,0.0
rosetta_fastrelax,HIV1_CA,2,ok,126,129,0.9767441860465116,0,0,0.0
rosetta_fastrelax,HIV1_CA,3,ok,126,129,0.9767441860465116,0,0,0.0
rosetta_fastrelax,HIV1_CA,4,ok,126,129,0.9767441860465116,0,0,0.0
rosetta_fastrelax,HIV1_CA,5,ok,126,129,0.9767441860465116,0,0,0.0
rosetta_fastrelax,HIV1_CA,6,ok,126,129,0.9767441860465116,0,0,0.0
rosetta_fastrelax,HIV1_CA,7,ok,126,129,0.9767441860465116,0,0,0.0
rosetta_fastrelax,HIV1_CA,8,ok,126,129,0.9767441860465116,0,0,0.0
rosetta_fastrelax,HIV1_CA,9,ok,126,129,0.9767441860465116,0,0,0.0
rosetta_fastrelax,HIV1_CA,10,ok,126,129,0.9767441860465116,0,0,0.0
rosetta_fastrelax,HIV1_CA,11,ok,126,129,0.9767441860465116,0,0,0.0
rosetta_fastrelax,HIV1_CA,12,ok,126,129,0.9767441860465116,0,0,0.0
rosetta_fastrelax,HIV1_CA,13,ok,126,129,0.9767441860465116,0,0,0.0
rosetta_fastrelax,HIV1_CA,14,ok,126,129,0.9767441860465116,0,0,0.0
rosetta_fastrelax,HIV1_CA,15,ok,126,129,0.9767441860465116,0,0,0.0
rosetta_fastrelax,HIV1_CA,16,ok,126,129,0.9767441860465116,0,0,0.0
rosetta_fastrelax,HIV1_CA,17,ok,126,129,0.9767441860465116,0,0,0.0
rosetta_fastrelax,HIV1_CA,18,ok,126,129,0.9767441860465116,0,0,0.0
rosetta_fastrelax,HIV1_CA,19,ok,126,129,0.9767441860465116,0,0,0.0
rosetta_fastrelax,HIV1_CA,20,ok,126,129,0.9767441860465116,0,0,0.0
rosetta_fastrelax,HIV1_CA,21,ok,126,129,0.9767441860465116,0,0,0.0
rosetta_fastrelax,HIV1_CA,22,ok,126,129,0.9767441860465116,0,0,0.0
rosetta_fastrelax,HIV1_CA,23,ok,126,129,0.9767441860465116,0,0,0.0
rosetta_fastrelax,HIV1_CA,24,ok,126,129,0.9767441860465116,0,0,0.0
rosetta_fastrelax,HIV1_CA,25,ok,126,129,0.9767441860465116,0,0,0.0
rosetta_fastrelax,HIV1_CA,26,ok,126,129,0.9767441860465116,0,0,0.0
rosetta_fastrelax,HIV1_CA,27,ok,126,129,0.9767441860465116,0,0,0.0
rosetta_fastrelax,HIV1_CA,28,ok,126,129,0.9767441860465116,0,0,0.0
rosetta_fastrelax,HIV1_CA,29,ok,126,129,0.9767441860465116,0,0,0.0
rosetta_repack,Menin,0,ok,121,121,1.0,0,0,0.0
rosetta_repack,Menin,1,ok,121,121,1.0,0,0,0.0
rosetta_repack,Menin,2,ok,121,121,1.0,0,0,0.0
rosetta_repack,Menin,3,ok,121,121,1.0,0,0,0.0
rosetta_repack,Menin,4,ok,121,121,1.0,0,0,0.0
rosetta_repack,Menin,5,ok,121,121,1.0,0,0,0.0
rosetta_repack,Menin,6,ok,121,121,1.0,0,0,0.0
rosetta_repack,Menin,7,ok,121,121,1.0,0,0,0.0
rosetta_repack,Menin,8,ok,121,121,1.0,0,0,0.0
rosetta_repack,Menin,9,ok,121,121,1.0,0,0,0.0
rosetta_repack,Menin,10,ok,121,121,1.0,0,0,0.0
rosetta_repack,Menin,11,ok,121,121,1.0,0,0,0.0
rosetta_repack,Menin,12,ok,121,121,1.0,0,0,0.0
rosetta_repack,Menin,13,ok,121,121,1.0,0,0,0.0
rosetta_repack,Menin,14,ok,121,121,1.0,0,0,0.0
rosetta_repack,Menin,15,ok,121,121,1.0,0,0,0.0
rosetta_repack,Menin,16,ok,121,121,1.0,0,0,0.0
rosetta_repack,Menin,17,ok,121,121,1.0,0,0,0.0
rosetta_repack,Menin,18,ok,121,121,1.0,0,0,0.0
rosetta_repack,Menin,19,ok,121,121,1.0,0,0,0.0
rosetta_repack,Menin,20,ok,121,121,1.0,0,0,0.0
rosetta_repack,Menin,21,ok,121,121,1.0,0,0,0.0
rosetta_repack,Menin,22,ok,121,121,1.0,0,0,0.0
rosetta_repack,Menin,23,ok,121,121,1.0,0,0,0.0
rosetta_repack,Menin,24,ok,121,121,1.0,0,0,0.0
rosetta_repack,Menin,25,ok,121,121,1.0,0,0,0.0
rosetta_repack,Menin,26,ok,121,121,1.0,0,0,0.0
rosetta_repack,Menin,27,ok,121,121,1.0,0,0,0.0
rosetta_repack,Menin,28,ok,121,121,1.0,0,0,0.0
rosetta_repack,Menin,29,ok,121,121,1.0,0,0,0.0
rosetta_fastrelax,Menin,0,ok,121,121,1.0,0,0,0.0
rosetta_fastrelax,Menin,1,ok,121,121,1.0,0,0,0.0
rosetta_fastrelax,Menin,2,ok,121,121,1.0,0,0,0.0
rosetta_fastrelax,Menin,3,ok,121,121,1.0,0,0,0.0
rosetta_fastrelax,Menin,4,ok,121,121,1.0,0,0,0.0
rosetta_fastrelax,Menin,5,ok,121,121,1.0,0,0,0.0
rosetta_fastrelax,Menin,6,ok,121,121,1.0,0,0,0.0
rosetta_fastrelax,Menin,7,ok,121,121,1.0,0,0,0.0
rosetta_fastrelax,Menin,8,ok,121,121,1.0,0,0,0.0
rosetta_fastrelax,Menin,9,ok,121,121,1.0,0,0,0.0
rosetta_fastrelax,Menin,10,ok,121,121,1.0,0,0,0.0
rosetta_fastrelax,Menin,11,ok,121,121,1.0,0,0,0.0
rosetta_fastrelax,Menin,12,ok,121,121,1.0,0,0,0.0
rosetta_fastrelax,Menin,13,ok,121,121,1.0,0,0,0.0
rosetta_fastrelax,Menin,14,ok,121,121,1.0,0,0,0.0
rosetta_fastrelax,Menin,15,ok,121,121,1.0,0,0,0.0
rosetta_fastrelax,Menin,16,ok,121,121,1.0,0,0,0.0
rosetta_fastrelax,Menin,17,ok,121,121,1.0,0,0,0.0
rosetta_fastrelax,Menin,18,ok,121,121,1.0,0,0,0.0
rosetta_fastrelax,Menin,19,ok,121,121,1.0,0,0,0.0
rosetta_fastrelax,Menin,20,ok,121,121,1.0,0,0,0.0
rosetta_fastrelax,Menin,21,ok,121,121,1.0,0,0,0.0
rosetta_fastrelax,Menin,22,ok,121,121,1.0,0,0,0.0
rosetta_fastrelax,Menin,23,ok,121,121,1.0,0,0,0.0
rosetta_fastrelax,Menin,24,ok,121,121,1.0,0,0,0.0
rosetta_fastrelax,Menin,25,ok,121,121,1.0,0,0,0.0
rosetta_fastrelax,Menin,26,ok,121,121,1.0,0,0,0.0
rosetta_fastrelax,Menin,27,ok,121,121,1.0,0,0,0.0
rosetta_fastrelax,Menin,28,ok,121,121,1.0,0,0,0.0
rosetta_fastrelax,Menin,29,ok,121,121,1.0,0,0,0.0
rosetta_repack,GCGR,0,ok,228,233,0.9785407725321889,0,0,0.0
rosetta_repack,GCGR,1,ok,228,233,0.9785407725321889,0,0,0.0
rosetta_repack,GCGR,2,ok,228,233,0.9785407725321889,0,0,0.0
rosetta_repack,GCGR,3,ok,228,233,0.9785407725321889,0,0,0.0
rosetta_repack,GCGR,4,ok,228,233,0.9785407725321889,0,0,0.0
rosetta_repack,GCGR,5,ok,228,233,0.9785407725321889,0,0,0.0
rosetta_repack,GCGR,6,ok,228,233,0.9785407725321889,0,0,0.0
rosetta_repack,GCGR,7,ok,228,233,0.9785407725321889,0,0,0.0
rosetta_repack,GCGR,8,ok,228,233,0.9785407725321889,0,0,0.0
rosetta_repack,GCGR,9,ok,228,233,0.9785407725321889,0,0,0.0
rosetta_repack,GCGR,10,ok,228,233,0.9785407725321889,0,0,0.0
rosetta_repack,GCGR,11,ok,228,233,0.9785407725321889,0,0,0.0
rosetta_repack,GCGR,12,ok,228,233,0.9785407725321889,0,0,0.0
rosetta_repack,GCGR,13,ok,228,233,0.9785407725321889,0,0,0.0
rosetta_repack,GCGR,14,ok,228,233,0.9785407725321889,0,0,0.0
rosetta_repack,GCGR,15,ok,228,233,0.9785407725321889,0,0,0.0
rosetta_repack,GCGR,16,ok,228,233,0.9785407725321889,0,0,0.0
rosetta_repack,GCGR,17,ok,228,233,0.9785407725321889,0,0,0.0
rosetta_repack,GCGR,18,ok,228,233,0.9785407725321889,0,0,0.0
rosetta_repack,GCGR,19,ok,228,233,0.9785407725321889,0,0,0.0
rosetta_repack,GCGR,20,ok,228,233,0.9785407725321889,0,0,0.0
rosetta_repack,GCGR,21,ok,228,233,0.9785407725321889,0,0,0.0
rosetta_repack,GCGR,22,ok,228,233,0.9785407725321889,0,0,0.0
rosetta_repack,GCGR,23,ok,228,233,0.9785407725321889,0,0,0.0
rosetta_repack,GCGR,24,ok,228,233,0.9785407725321889,0,0,0.0
rosetta_repack,GCGR,25,ok,228,233,0.9785407725321889,0,0,0.0
rosetta_repack,GCGR,26,ok,228,233,0.9785407725321889,0,0,0.0
rosetta_repack,GCGR,27,ok,228,233,0.9785407725321889,0,0,0.0
rosetta_repack,GCGR,28,ok,228,233,0.9785407725321889,0,0,0.0
rosetta_repack,GCGR,29,ok,228,233,0.9785407725321889,0,0,0.0
rosetta_fastrelax,GCGR,0,ok,228,233,0.9785407725321889,0,0,0.0
rosetta_fastrelax,GCGR,1,ok,228,233,0.9785407725321889,0,0,0.0
rosetta_fastrelax,GCGR,2,ok,228,233,0.9785407725321889,0,0,0.0
rosetta_fastrelax,GCGR,3,ok,228,233,0.9785407725321889,0,0,0.0
rosetta_fastrelax,GCGR,4,ok,228,233,0.9785407725321889,0,0,0.0
rosetta_fastrelax,GCGR,5,ok,228,233,0.9785407725321889,0,0,0.0
rosetta_fastrelax,GCGR,6,ok,228,233,0.9785407725321889,0,0,0.0
rosetta_fastrelax,GCGR,7,ok,228,233,0.9785407725321889,0,0,0.0
rosetta_fastrelax,GCGR,8,ok,228,233,0.9785407725321889,0,0,0.0
rosetta_fastrelax,GCGR,9,ok,228,233,0.9785407725321889,0,0,0.0
rosetta_fastrelax,GCGR,10,ok,228,233,0.9785407725321889,0,0,0.0
rosetta_fastrelax,GCGR,11,ok,228,233,0.9785407725321889,0,0,0.0
rosetta_fastrelax,GCGR,12,ok,228,233,0.9785407725321889,0,0,0.0
rosetta_fastrelax,GCGR,13,ok,228,233,0.9785407725321889,0,0,0.0
rosetta_fastrelax,GCGR,14,ok,228,233,0.9785407725321889,0,0,0.0
rosetta_fastrelax,GCGR,15,ok,228,233,0.9785407725321889,0,0,0.0
rosetta_fastrelax,GCGR,16,ok,228,233,0.9785407725321889,0,0,0.0
rosetta_fastrelax,GCGR,17,ok,228,233,0.9785407725321889,0,0,0.0
rosetta_fastrelax,GCGR,18,ok,228,233,0.9785407725321889,0,0,0.0
rosetta_fastrelax,GCGR,19,ok,228,233,0.9785407725321889,0,0,0.0
rosetta_fastrelax,GCGR,20,ok,228,233,0.9785407725321889,0,0,0.0
rosetta_fastrelax,GCGR,21,ok,228,233,0.9785407725321889,0,0,0.0
rosetta_fastrelax,GCGR,22,ok,228,233,0.9785407725321889,0,0,0.0
rosetta_fastrelax,GCGR,23,ok,228,233,0.9785407725321889,0,0,0.0
rosetta_fastrelax,GCGR,24,ok,228,233,0.9785407725321889,0,0,0.0
rosetta_fastrelax,GCGR,25,ok,228,233,0.9785407725321889,0,0,0.0
rosetta_fastrelax,GCGR,26,ok,228,233,0.9785407725321889,0,0,0.0
rosetta_fastrelax,GCGR,27,ok,228,233,0.9785407725321889,0,0,0.0
rosetta_fastrelax,GCGR,28,ok,228,233,0.9785407725321889,0,0,0.0
rosetta_fastrelax,GCGR,29,ok,228,233,0.9785407725321889,0,0,0.0
rosetta_repack,THSR,0,ok,206,206,1.0,0,0,0.0
rosetta_repack,THSR,1,ok,206,206,1.0,0,0,0.0
rosetta_repack,THSR,2,ok,206,206,1.0,0,0,0.0
rosetta_repack,THSR,3,ok,206,206,1.0,0,0,0.0
rosetta_repack,THSR,4,ok,206,206,1.0,0,0,0.0
rosetta_repack,THSR,5,ok,206,206,1.0,0,0,0.0
rosetta_repack,THSR,6,ok,206,206,1.0,0,0,0.0
rosetta_repack,THSR,7,ok,206,206,1.0,0,0,0.0
rosetta_repack,THSR,8,ok,206,206,1.0,0,0,0.0
rosetta_repack,THSR,9,ok,206,206,1.0,0,0,0.0
rosetta_repack,THSR,10,ok,206,206,1.0,0,0,0.0
rosetta_repack,THSR,11,ok,206,206,1.0,0,0,0.0
rosetta_repack,THSR,12,ok,206,206,1.0,0,0,0.0
rosetta_repack,THSR,13,ok,206,206,1.0,0,0,0.0
rosetta_repack,THSR,14,ok,206,206,1.0,0,0,0.0
rosetta_repack,THSR,15,ok,206,206,1.0,0,0,0.0
rosetta_repack,THSR,16,ok,206,206,1.0,0,0,0.0
rosetta_repack,THSR,17,ok,206,206,1.0,0,0,0.0
rosetta_repack,THSR,18,ok,206,206,1.0,0,0,0.0
rosetta_repack,THSR,19,ok,206,206,1.0,0,0,0.0
rosetta_repack,THSR,20,ok,206,206,1.0,0,0,0.0
rosetta_repack,THSR,21,ok,206,206,1.0,0,0,0.0
rosetta_repack,THSR,22,ok,206,206,1.0,0,0,0.0
rosetta_repack,THSR,23,ok,206,206,1.0,0,0,0.0
rosetta_repack,THSR,24,ok,206,206,1.0,0,0,0.0
rosetta_repack,THSR,25,ok,206,206,1.0,0,0,0.0
rosetta_repack,THSR,26,ok,206,206,1.0,0,0,0.0
rosetta_repack,THSR,27,ok,206,206,1.0,0,0,0.0
rosetta_repack,THSR,28,ok,206,206,1.0,0,0,0.0
rosetta_repack,THSR,29,ok,206,206,1.0,0,0,0.0
rosetta_fastrelax,THSR,0,ok,206,206,1.0,0,0,0.0
rosetta_fastrelax,THSR,1,ok,206,206,1.0,0,0,0.0
rosetta_fastrelax,THSR,2,ok,206,206,1.0,0,0,0.0
rosetta_fastrelax,THSR,3,ok,206,206,1.0,0,0,0.0
rosetta_fastrelax,THSR,4,ok,206,206,1.0,0,0,0.0
rosetta_fastrelax,THSR,5,ok,206,206,1.0,0,0,0.0
rosetta_fastrelax,THSR,6,ok,206,206,1.0,0,0,0.0
rosetta_fastrelax,THSR,7,ok,206,206,1.0,0,0,0.0
rosetta_fastrelax,THSR,8,ok,206,206,1.0,0,0,0.0
rosetta_fastrelax,THSR,9,ok,206,206,1.0,0,0,0.0
rosetta_fastrelax,THSR,10,ok,206,206,1.0,0,0,0.0
rosetta_fastrelax,THSR,11,ok,206,206,1.0,0,0,0.0
rosetta_fastrelax,THSR,12,ok,206,206,1.0,0,0,0.0
rosetta_fastrelax,THSR,13,ok,206,206,1.0,0,0,0.0
rosetta_fastrelax,THSR,14,ok,206,206,1.0,0,0,0.0
rosetta_fastrelax,THSR,15,ok,206,206,1.0,0,0,0.0
rosetta_fastrelax,THSR,16,ok,206,206,1.0,0,0,0.0
rosetta_fastrelax,THSR,17,ok,206,206,1.0,0,0,0.0
rosetta_fastrelax,THSR,18,ok,206,206,1.0,0,0,0.0
rosetta_fastrelax,THSR,19,ok,206,206,1.0,0,0,0.0
rosetta_fastrelax,THSR,20,ok,206,206,1.0,0,0,0.0
rosetta_fastrelax,THSR,21,ok,206,206,1.0,0,0,0.0
rosetta_fastrelax,THSR,22,ok,206,206,1.0,0,0,0.0
rosetta_fastrelax,THSR,23,ok,206,206,1.0,0,0,0.0
rosetta_fastrelax,THSR,24,ok,206,206,1.0,0,0,0.0
rosetta_fastrelax,THSR,25,ok,206,206,1.0,0,0,0.0
rosetta_fastrelax,THSR,26,ok,206,206,1.0,0,0,0.0
rosetta_fastrelax,THSR,27,ok,206,206,1.0,0,0,0.0
rosetta_fastrelax,THSR,28,ok,206,206,1.0,0,0,0.0
rosetta_fastrelax,THSR,29,ok,206,206,1.0,0,0,0.0
rosetta_repack,p53_Y220C__4AGQ,0,ok,128,128,1.0,0,0,0.0
rosetta_repack,p53_Y220C__4AGQ,1,ok,128,128,1.0,0,0,0.0
rosetta_repack,p53_Y220C__4AGQ,2,ok,128,128,1.0,0,0,0.0
rosetta_repack,p53_Y220C__4AGQ,3,ok,128,128,1.0,0,0,0.0
rosetta_repack,p53_Y220C__4AGQ,4,ok,128,128,1.0,0,0,0.0
rosetta_repack,p53_Y220C__4AGQ,5,ok,128,128,1.0,0,0,0.0
rosetta_repack,p53_Y220C__4AGQ,6,ok,128,128,1.0,0,0,0.0
rosetta_repack,p53_Y220C__4AGQ,7,ok,128,128,1.0,0,0,0.0
rosetta_repack,p53_Y220C__4AGQ,8,ok,128,128,1.0,0,0,0.0
rosetta_repack,p53_Y220C__4AGQ,9,ok,128,128,1.0,0,0,0.0
rosetta_repack,p53_Y220C__4AGQ,10,ok,128,128,1.0,0,0,0.0
rosetta_repack,p53_Y220C__4AGQ,11,ok,128,128,1.0,0,0,0.0
rosetta_repack,p53_Y220C__4AGQ,12,ok,128,128,1.0,0,0,0.0
rosetta_repack,p53_Y220C__4AGQ,13,ok,128,128,1.0,0,0,0.0
rosetta_repack,p53_Y220C__4AGQ,14,ok,128,128,1.0,0,0,0.0
rosetta_repack,p53_Y220C__4AGQ,15,ok,128,128,1.0,0,0,0.0
rosetta_repack,p53_Y220C__4AGQ,16,ok,128,128,1.0,0,0,0.0
rosetta_repack,p53_Y220C__4AGQ,17,ok,128,128,1.0,0,0,0.0
rosetta_repack,p53_Y220C__4AGQ,18,ok,128,128,1.0,0,0,0.0
rosetta_repack,p53_Y220C__4AGQ,19,ok,128,128,1.0,0,0,0.0
rosetta_repack,p53_Y220C__4AGQ,20,ok,128,128,1.0,0,0,0.0
rosetta_repack,p53_Y220C__4AGQ,21,ok,128,128,1.0,0,0,0.0
rosetta_repack,p53_Y220C__4AGQ,22,ok,128,128,1.0,0,0,0.0
rosetta_repack,p53_Y220C__4AGQ,23,ok,128,128,1.0,0,0,0.0
rosetta_repack,p53_Y220C__4AGQ,24,ok,128,128,1.0,0,0,0.0
rosetta_repack,p53_Y220C__4AGQ,25,ok,128,128,1.0,0,0,0.0
rosetta_repack,p53_Y220C__4AGQ,26,ok,128,128,1.0,0,0,0.0
rosetta_repack,p53_Y220C__4AGQ,27,ok,128,128,1.0,0,0,0.0
rosetta_repack,p53_Y220C__4AGQ,28,ok,128,128,1.0,0,0,0.0
rosetta_repack,p53_Y220C__4AGQ,29,ok,128,128,1.0,0,0,0.0
rosetta_fastrelax,p53_Y220C__4AGQ,0,ok,128,128,1.0,0,0,0.0
rosetta_fastrelax,p53_Y220C__4AGQ,1,ok,128,128,1.0,0,0,0.0
rosetta_fastrelax,p53_Y220C__4AGQ,2,ok,128,128,1.0,0,0,0.0
rosetta_fastrelax,p53_Y220C__4AGQ,3,ok,128,128,1.0,0,0,0.0
rosetta_fastrelax,p53_Y220C__4AGQ,4,ok,128,128,1.0,0,0,0.0
rosetta_fastrelax,p53_Y220C__4AGQ,5,ok,128,128,1.0,0,0,0.0
rosetta_fastrelax,p53_Y220C__4AGQ,6,ok,128,128,1.0,0,0,0.0
rosetta_fastrelax,p53_Y220C__4AGQ,7,ok,128,128,1.0,0,0,0.0
rosetta_fastrelax,p53_Y220C__4AGQ,8,ok,128,128,1.0,0,0,0.0
rosetta_fastrelax,p53_Y220C__4AGQ,9,ok,128,128,1.0,0,0,0.0
rosetta_fastrelax,p53_Y220C__4AGQ,10,ok,128,128,1.0,0,0,0.0
rosetta_fastrelax,p53_Y220C__4AGQ,11,ok,128,128,1.0,0,0,0.0
rosetta_fastrelax,p53_Y220C__4AGQ,12,ok,128,128,1.0,0,0,0.0
rosetta_fastrelax,p53_Y220C__4AGQ,13,ok,128,128,1.0,0,0,0.0
rosetta_fastrelax,p53_Y220C__4AGQ,14,ok,128,128,1.0,0,0,0.0
rosetta_fastrelax,p53_Y220C__4AGQ,15,ok,128,128,1.0,0,0,0.0
rosetta_fastrelax,p53_Y220C__4AGQ,16,ok,128,128,1.0,0,0,0.0
rosetta_fastrelax,p53_Y220C__4AGQ,17,ok,128,128,1.0,0,0,0.0
rosetta_fastrelax,p53_Y220C__4AGQ,18,ok,128,128,1.0,0,0,0.0
rosetta_fastrelax,p53_Y220C__4AGQ,19,ok,128,128,1.0,0,0,0.0
rosetta_fastrelax,p53_Y220C__4AGQ,20,ok,128,128,1.0,0,0,0.0
rosetta_fastrelax,p53_Y220C__4AGQ,21,ok,128,128,1.0,0,0,0.0
rosetta_fastrelax,p53_Y220C__4AGQ,22,ok,128,128,1.0,0,0,0.0
rosetta_fastrelax,p53_Y220C__4AGQ,23,ok,128,128,1.0,0,0,0.0
rosetta_fastrelax,p53_Y220C__4AGQ,24,ok,128,128,1.0,0,0,0.0
rosetta_fastrelax,p53_Y220C__4AGQ,25,ok,128,128,1.0,0,0,0.0
rosetta_fastrelax,p53_Y220C__4AGQ,26,ok,128,128,1.0,0,0,0.0
rosetta_fastrelax,p53_Y220C__4AGQ,27,ok,128,128,1.0,0,0,0.0
rosetta_fastrelax,p53_Y220C__4AGQ,28,ok,128,128,1.0,0,0,0.0
rosetta_fastrelax,p53_Y220C__4AGQ,29,ok,128,128,1.0,0,0,0.0
rosetta_repack,HIF2alpha__6D0B,0,ok,204,204,1.0,0,0,0.0
rosetta_repack,HIF2alpha__6D0B,1,ok,204,204,1.0,0,0,0.0
rosetta_repack,HIF2alpha__6D0B,2,ok,204,204,1.0,0,0,0.0
rosetta_repack,HIF2alpha__6D0B,3,ok,204,204,1.0,0,0,0.0
rosetta_repack,HIF2alpha__6D0B,4,ok,204,204,1.0,0,0,0.0
rosetta_repack,HIF2alpha__6D0B,5,ok,204,204,1.0,0,0,0.0
rosetta_repack,HIF2alpha__6D0B,6,ok,204,204,1.0,0,0,0.0
rosetta_repack,HIF2alpha__6D0B,7,ok,204,204,1.0,0,0,0.0
rosetta_repack,HIF2alpha__6D0B,8,ok,204,204,1.0,0,0,0.0
rosetta_repack,HIF2alpha__6D0B,9,ok,204,204,1.0,0,0,0.0
rosetta_repack,HIF2alpha__6D0B,10,ok,204,204,1.0,0,0,0.0
rosetta_repack,HIF2alpha__6D0B,11,ok,204,204,1.0,0,0,0.0
rosetta_repack,HIF2alpha__6D0B,12,ok,204,204,1.0,0,0,0.0
rosetta_repack,HIF2alpha__6D0B,13,ok,204,204,1.0,0,0,0.0
rosetta_repack,HIF2alpha__6D0B,14,ok,204,204,1.0,0,0,0.0
rosetta_repack,HIF2alpha__6D0B,15,ok,204,204,1.0,0,0,0.0
rosetta_repack,HIF2alpha__6D0B,16,ok,204,204,1.0,0,0,0.0
rosetta_repack,HIF2alpha__6D0B,17,ok,204,204,1.0,0,0,0.0
rosetta_repack,HIF2alpha__6D0B,18,ok,204,204,1.0,0,0,0.0
rosetta_repack,HIF2alpha__6D0B,19,ok,204,204,1.0,0,0,0.0
rosetta_repack,HIF2alpha__6D0B,20,ok,204,204,1.0,0,0,0.0
rosetta_repack,HIF2alpha__6D0B,21,ok,204,204,1.0,0,0,0.0
rosetta_repack,HIF2alpha__6D0B,22,ok,204,204,1.0,0,0,0.0
rosetta_repack,HIF2alpha__6D0B,23,ok,204,204,1.0,0,0,0.0
rosetta_repack,HIF2alpha__6D0B,24,ok,204,204,1.0,0,0,0.0
rosetta_repack,HIF2alpha__6D0B,25,ok,204,204,1.0,0,0,0.0
rosetta_repack,HIF2alpha__6D0B,26,ok,204,204,1.0,0,0,0.0
rosetta_repack,HIF2alpha__6D0B,27,ok,204,204,1.0,0,0,0.0
rosetta_repack,HIF2alpha__6D0B,28,ok,204,204,1.0,0,0,0.0
rosetta_repack,HIF2alpha__6D0B,29,ok,204,204,1.0,0,0,0.0
rosetta_fastrelax,HIF2alpha__6D0B,0,ok,204,204,1.0,0,0,0.0
rosetta_fastrelax,HIF2alpha__6D0B,1,ok,204,204,1.0,0,0,0.0
rosetta_fastrelax,HIF2alpha__6D0B,2,ok,204,204,1.0,0,0,0.0
rosetta_fastrelax,HIF2alpha__6D0B,3,ok,204,204,1.0,0,0,0.0
rosetta_fastrelax,HIF2alpha__6D0B,4,ok,204,204,1.0,0,0,0.0
rosetta_fastrelax,HIF2alpha__6D0B,5,ok,204,204,1.0,0,0,0.0
rosetta_fastrelax,HIF2alpha__6D0B,6,ok,204,204,1.0,0,0,0.0
rosetta_fastrelax,HIF2alpha__6D0B,7,ok,204,204,1.0,0,0,0.0
rosetta_fastrelax,HIF2alpha__6D0B,8,ok,204,204,1.0,0,0,0.0
rosetta_fastrelax,HIF2alpha__6D0B,9,ok,204,204,1.0,0,0,0.0
rosetta_fastrelax,HIF2alpha__6D0B,10,ok,204,204,1.0,0,0,0.0
rosetta_fastrelax,HIF2alpha__6D0B,11,ok,204,204,1.0,0,0,0.0
rosetta_fastrelax,HIF2alpha__6D0B,12,ok,204,204,1.0,0,0,0.0
rosetta_fastrelax,HIF2alpha__6D0B,13,ok,204,204,1.0,0,0,0.0
rosetta_fastrelax,HIF2alpha__6D0B,14,ok,204,204,1.0,0,0,0.0
rosetta_fastrelax,HIF2alpha__6D0B,15,ok,204,204,1.0,0,0,0.0
rosetta_fastrelax,HIF2alpha__6D0B,16,ok,204,204,1.0,0,0,0.0
rosetta_fastrelax,HIF2alpha__6D0B,17,ok,204,204,1.0,0,0,0.0
rosetta_fastrelax,HIF2alpha__6D0B,18,ok,204,204,1.0,0,0,0.0
rosetta_fastrelax,HIF2alpha__6D0B,19,ok,204,204,1.0,0,0,0.0
rosetta_fastrelax,HIF2alpha__6D0B,20,ok,204,204,1.0,0,0,0.0
rosetta_fastrelax,HIF2alpha__6D0B,21,ok,204,204,1.0,0,0,0.0
rosetta_fastrelax,HIF2alpha__6D0B,22,ok,204,204,1.0,0,0,0.0
rosetta_fastrelax,HIF2alpha__6D0B,23,ok,204,204,1.0,0,0,0.0
rosetta_fastrelax,HIF2alpha__6D0B,24,ok,204,204,1.0,0,0,0.0
rosetta_fastrelax,HIF2alpha__6D0B,25,ok,204,204,1.0,0,0,0.0
rosetta_fastrelax,HIF2alpha__6D0B,26,ok,204,204,1.0,0,0,0.0
rosetta_fastrelax,HIF2alpha__6D0B,27,ok,204,204,1.0,0,0,0.0
rosetta_fastrelax,HIF2alpha__6D0B,28,ok,204,204,1.0,0,0,0.0
rosetta_fastrelax,HIF2alpha__6D0B,29,ok,204,204,1.0,0,0,0.0
rosetta_repack,HIV_RT__3V81,0,ok,154,154,1.0,0,0,0.0
rosetta_repack,HIV_RT__3V81,1,ok,154,154,1.0,0,0,0.0
rosetta_repack,HIV_RT__3V81,2,ok,154,154,1.0,0,0,0.0
rosetta_repack,HIV_RT__3V81,3,ok,154,154,1.0,0,0,0.0
rosetta_repack,HIV_RT__3V81,4,ok,154,154,1.0,0,0,0.0
rosetta_repack,HIV_RT__3V81,5,ok,154,154,1.0,0,0,0.0
rosetta_repack,HIV_RT__3V81,6,ok,154,154,1.0,0,0,0.0
rosetta_repack,HIV_RT__3V81,7,ok,154,154,1.0,0,0,0.0
rosetta_repack,HIV_RT__3V81,8,ok,154,154,1.0,0,0,0.0
rosetta_repack,HIV_RT__3V81,9,ok,154,154,1.0,0,0,0.0
rosetta_repack,HIV_RT__3V81,10,ok,154,154,1.0,0,0,0.0
rosetta_repack,HIV_RT__3V81,11,ok,154,154,1.0,0,0,0.0
rosetta_repack,HIV_RT__3V81,12,ok,154,154,1.0,0,0,0.0
rosetta_repack,HIV_RT__3V81,13,ok,154,154,1.0,0,0,0.0
rosetta_repack,HIV_RT__3V81,14,ok,154,154,1.0,0,0,0.0
rosetta_repack,HIV_RT__3V81,15,ok,154,154,1.0,0,0,0.0
rosetta_repack,HIV_RT__3V81,16,ok,154,154,1.0,0,0,0.0
rosetta_repack,HIV_RT__3V81,17,ok,154,154,1.0,0,0,0.0
rosetta_repack,HIV_RT__3V81,18,ok,154,154,1.0,0,0,0.0
rosetta_repack,HIV_RT__3V81,19,ok,154,154,1.0,0,0,0.0
rosetta_repack,HIV_RT__3V81,20,ok,154,154,1.0,0,0,0.0
rosetta_repack,HIV_RT__3V81,21,ok,154,154,1.0,0,0,0.0
rosetta_repack,HIV_RT__3V81,22,ok,154,154,1.0,0,0,0.0
rosetta_repack,HIV_RT__3V81,23,ok,154,154,1.0,0,0,0.0
rosetta_repack,HIV_RT__3V81,24,ok,154,154,1.0,0,0,0.0
rosetta_repack,HIV_RT__3V81,25,ok,154,154,1.0,0,0,0.0
rosetta_repack,HIV_RT__3V81,26,ok,154,154,1.0,0,0,0.0
rosetta_repack,HIV_RT__3V81,27,ok,154,154,1.0,0,0,0.0
rosetta_repack,HIV_RT__3V81,28,ok,154,154,1.0,0,0,0.0
rosetta_repack,HIV_RT__3V81,29,ok,154,154,1.0,0,0,0.0
rosetta_fastrelax,HIV_RT__3V81,0,ok,154,154,1.0,0,0,0.0
rosetta_fastrelax,HIV_RT__3V81,1,ok,154,154,1.0,0,0,0.0
rosetta_fastrelax,HIV_RT__3V81,2,ok,154,154,1.0,0,0,0.0
rosetta_fastrelax,HIV_RT__3V81,3,ok,154,154,1.0,0,0,0.0
rosetta_fastrelax,HIV_RT__3V81,4,ok,154,154,1.0,0,0,0.0
rosetta_fastrelax,HIV_RT__3V81,5,ok,154,154,1.0,0,0,0.0
rosetta_fastrelax,HIV_RT__3V81,6,ok,154,154,1.0,0,0,0.0
rosetta_fastrelax,HIV_RT__3V81,7,ok,154,154,1.0,0,0,0.0
rosetta_fastrelax,HIV_RT__3V81,8,ok,154,154,1.0,0,0,0.0
rosetta_fastrelax,HIV_RT__3V81,9,ok,154,154,1.0,0,0,0.0
rosetta_fastrelax,HIV_RT__3V81,10,ok,154,154,1.0,0,0,0.0
rosetta_fastrelax,HIV_RT__3V81,11,ok,154,154,1.0,0,0,0.0
rosetta_fastrelax,HIV_RT__3V81,12,ok,154,154,1.0,0,0,0.0
rosetta_fastrelax,HIV_RT__3V81,13,ok,154,154,1.0,0,0,0.0
rosetta_fastrelax,HIV_RT__3V81,14,ok,154,154,1.0,0,0,0.0
rosetta_fastrelax,HIV_RT__3V81,15,ok,154,154,1.0,0,0,0.0
rosetta_fastrelax,HIV_RT__3V81,16,ok,154,154,1.0,0,0,0.0
rosetta_fastrelax,HIV_RT__3V81,17,ok,154,154,1.0,0,0,0.0
rosetta_fastrelax,HIV_RT__3V81,18,ok,154,154,1.0,0,0,0.0
rosetta_fastrelax,HIV_RT__3V81,19,ok,154,154,1.0,0,0,0.0
rosetta_fastrelax,HIV_RT__3V81,20,ok,154,154,1.0,0,0,0.0
rosetta_fastrelax,HIV_RT__3V81,21,ok,154,154,1.0,0,0,0.0
rosetta_fastrelax,HIV_RT__3V81,22,ok,154,154,1.0,0,0,0.0
rosetta_fastrelax,HIV_RT__3V81,23,ok,154,154,1.0,0,0,0.0
rosetta_fastrelax,HIV_RT__3V81,24,ok,154,154,1.0,0,0,0.0
rosetta_fastrelax,HIV_RT__3V81,25,ok,154,154,1.0,0,0,0.0
rosetta_fastrelax,HIV_RT__3V81,26,ok,154,154,1.0,0,0,0.0
rosetta_fastrelax,HIV_RT__3V81,27,ok,154,154,1.0,0,0,0.0
rosetta_fastrelax,HIV_RT__3V81,28,ok,154,154,1.0,0,0,0.0
rosetta_fastrelax,HIV_RT__3V81,29,ok,154,154,1.0,0,0,0.0
rosetta_repack,THSR__7UTZ,0,ok,186,186,1.0,0,0,0.0
rosetta_repack,THSR__7UTZ,1,ok,186,186,1.0,0,0,0.0
rosetta_repack,THSR__7UTZ,2,ok,186,186,1.0,0,0,0.0
rosetta_repack,THSR__7UTZ,3,ok,186,186,1.0,0,0,0.0
rosetta_repack,THSR__7UTZ,4,ok,186,186,1.0,0,0,0.0
rosetta_repack,THSR__7UTZ,5,ok,186,186,1.0,0,0,0.0
rosetta_repack,THSR__7UTZ,6,ok,186,186,1.0,0,0,0.0
rosetta_repack,THSR__7UTZ,7,ok,186,186,1.0,0,0,0.0
rosetta_repack,THSR__7UTZ,8,ok,186,186,1.0,0,0,0.0
rosetta_repack,THSR__7UTZ,9,ok,186,186,1.0,0,0,0.0
rosetta_repack,THSR__7UTZ,10,ok,186,186,1.0,0,0,0.0
rosetta_repack,THSR__7UTZ,11,ok,186,186,1.0,0,0,0.0
rosetta_repack,THSR__7UTZ,12,ok,186,186,1.0,0,0,0.0
rosetta_repack,THSR__7UTZ,13,ok,186,186,1.0,0,0,0.0
rosetta_repack,THSR__7UTZ,14,ok,186,186,1.0,0,0,0.0
rosetta_repack,THSR__7UTZ,15,ok,186,186,1.0,0,0,0.0
rosetta_repack,THSR__7UTZ,16,ok,186,186,1.0,0,0,0.0
rosetta_repack,THSR__7UTZ,17,ok,186,186,1.0,0,0,0.0
rosetta_repack,THSR__7UTZ,18,ok,186,186,1.0,0,0,0.0
rosetta_repack,THSR__7UTZ,19,ok,186,186,1.0,0,0,0.0
rosetta_repack,THSR__7UTZ,20,ok,186,186,1.0,0,0,0.0
rosetta_repack,THSR__7UTZ,21,ok,186,186,1.0,0,0,0.0
rosetta_repack,THSR__7UTZ,22,ok,186,186,1.0,0,0,0.0
rosetta_repack,THSR__7UTZ,23,ok,186,186,1.0,0,0,0.0
rosetta_repack,THSR__7UTZ,24,ok,186,186,1.0,0,0,0.0
rosetta_repack,THSR__7UTZ,25,ok,186,186,1.0,0,0,0.0
rosetta_repack,THSR__7UTZ,26,ok,186,186,1.0,0,0,0.0
rosetta_repack,THSR__7UTZ,27,ok,186,186,1.0,0,0,0.0
rosetta_repack,THSR__7UTZ,28,ok,186,186,1.0,0,0,0.0
rosetta_repack,THSR__7UTZ,29,ok,186,186,1.0,0,0,0.0
rosetta_fastrelax,THSR__7UTZ,0,ok,186,186,1.0,0,0,0.0
rosetta_fastrelax,THSR__7UTZ,1,ok,186,186,1.0,0,0,0.0
rosetta_fastrelax,THSR__7UTZ,2,ok,186,186,1.0,0,0,0.0
rosetta_fastrelax,THSR__7UTZ,3,ok,186,186,1.0,0,0,0.0
rosetta_fastrelax,THSR__7UTZ,4,ok,186,186,1.0,0,0,0.0
rosetta_fastrelax,THSR__7UTZ,5,ok,186,186,1.0,0,0,0.0
rosetta_fastrelax,THSR__7UTZ,6,ok,186,186,1.0,0,0,0.0
rosetta_fastrelax,THSR__7UTZ,7,ok,186,186,1.0,0,0,0.0
rosetta_fastrelax,THSR__7UTZ,8,ok,186,186,1.0,0,0,0.0
rosetta_fastrelax,THSR__7UTZ,9,ok,186,186,1.0,0,0,0.0
rosetta_fastrelax,THSR__7UTZ,10,ok,186,186,1.0,0,0,0.0
rosetta_fastrelax,THSR__7UTZ,11,ok,186,186,1.0,0,0,0.0
rosetta_fastrelax,THSR__7UTZ,12,ok,186,186,1.0,0,0,0.0
rosetta_fastrelax,THSR__7UTZ,13,ok,186,186,1.0,0,0,0.0
rosetta_fastrelax,THSR__7UTZ,14,ok,186,186,1.0,0,0,0.0
rosetta_fastrelax,THSR__7UTZ,15,ok,186,186,1.0,0,0,0.0
rosetta_fastrelax,THSR__7UTZ,16,ok,186,186,1.0,0,0,0.0
rosetta_fastrelax,THSR__7UTZ,17,ok,186,186,1.0,0,0,0.0
rosetta_fastrelax,THSR__7UTZ,18,ok,186,186,1.0,0,0,0.0
rosetta_fastrelax,THSR__7UTZ,19,ok,186,186,1.0,0,0,0.0
rosetta_fastrelax,THSR__7UTZ,20,ok,186,186,1.0,0,0,0.0
rosetta_fastrelax,THSR__7UTZ,21,ok,186,186,1.0,0,0,0.0
rosetta_fastrelax,THSR__7UTZ,22,ok,186,186,1.0,0,0,0.0
rosetta_fastrelax,THSR__7UTZ,23,ok,186,186,1.0,0,0,0.0
rosetta_fastrelax,THSR__7UTZ,24,ok,186,186,1.0,0,0,0.0
rosetta_fastrelax,THSR__7UTZ,25,ok,186,186,1.0,0,0,0.0
rosetta_fastrelax,THSR__7UTZ,26,ok,186,186,1.0,0,0,0.0
rosetta_fastrelax,THSR__7UTZ,27,ok,186,186,1.0,0,0,0.0
rosetta_fastrelax,THSR__7UTZ,28,ok,186,186,1.0,0,0,0.0
rosetta_fastrelax,THSR__7UTZ,29,ok,186,186,1.0,0,0,0.0
rosetta_repack,Bcl-xL,0,ok,178,190,0.936842105263158,0,0,0.0
rosetta_repack,Bcl-xL,1,ok,178,190,0.936842105263158,0,0,0.0
rosetta_repack,Bcl-xL,2,ok,178,190,0.936842105263158,0,0,0.0
rosetta_repack,Bcl-xL,3,ok,178,190,0.936842105263158,0,0,0.0
rosetta_repack,Bcl-xL,4,ok,178,190,0.936842105263158,0,0,0.0
rosetta_repack,Bcl-xL,5,ok,178,190,0.936842105263158,0,0,0.0
rosetta_repack,Bcl-xL,6,ok,178,190,0.936842105263158,0,0,0.0
rosetta_repack,Bcl-xL,7,ok,178,190,0.936842105263158,0,0,0.0
rosetta_repack,Bcl-xL,8,ok,178,190,0.936842105263158,0,0,0.0
rosetta_repack,Bcl-xL,9,ok,178,190,0.936842105263158,0,0,0.0
rosetta_repack,Bcl-xL,10,ok,178,190,0.936842105263158,0,0,0.0
rosetta_repack,Bcl-xL,11,ok,178,190,0.936842105263158,0,0,0.0
rosetta_repack,Bcl-xL,12,ok,178,190,0.936842105263158,0,0,0.0
rosetta_repack,Bcl-xL,13,ok,178,190,0.936842105263158,0,0,0.0
rosetta_repack,Bcl-xL,14,ok,178,190,0.936842105263158,0,0,0.0
rosetta_repack,Bcl-xL,15,ok,178,190,0.936842105263158,0,0,0.0
rosetta_repack,Bcl-xL,16,ok,178,190,0.936842105263158,0,0,0.0
rosetta_repack,Bcl-xL,17,ok,178,190,0.936842105263158,0,0,0.0
rosetta_repack,Bcl-xL,18,ok,178,190,0.936842105263158,0,0,0.0
rosetta_repack,Bcl-xL,19,ok,178,190,0.936842105263158,0,0,0.0
rosetta_repack,Bcl-xL,20,ok,178,190,0.936842105263158,0,0,0.0
rosetta_repack,Bcl-xL,21,ok,178,190,0.936842105263158,0,0,0.0
rosetta_repack,Bcl-xL,22,ok,178,190,0.936842105263158,0,0,0.0
rosetta_repack,Bcl-xL,23,ok,178,190,0.936842105263158,0,0,0.0
rosetta_repack,Bcl-xL,24,ok,178,190,0.936842105263158,0,0,0.0
rosetta_repack,Bcl-xL,25,ok,178,190,0.936842105263158,0,0,0.0
rosetta_repack,Bcl-xL,26,ok,178,190,0.936842105263158,0,0,0.0
rosetta_repack,Bcl-xL,27,ok,178,190,0.936842105263158,0,0,0.0
rosetta_repack,Bcl-xL,28,ok,178,190,0.936842105263158,0,0,0.0
rosetta_repack,Bcl-xL,29,ok,178,190,0.936842105263158,0,0,0.0
rosetta_fastrelax,Bcl-xL,0,ok,178,190,0.936842105263158,0,0,0.0
rosetta_fastrelax,Bcl-xL,1,ok,178,190,0.936842105263158,0,0,0.0
rosetta_fastrelax,Bcl-xL,2,ok,178,190,0.936842105263158,0,0,0.0
rosetta_fastrelax,Bcl-xL,3,ok,178,190,0.936842105263158,0,0,0.0
rosetta_fastrelax,Bcl-xL,4,ok,178,190,0.936842105263158,0,0,0.0
rosetta_fastrelax,Bcl-xL,5,ok,178,190,0.936842105263158,0,0,0.0
rosetta_fastrelax,Bcl-xL,6,ok,178,190,0.936842105263158,0,0,0.0
rosetta_fastrelax,Bcl-xL,7,ok,178,190,0.936842105263158,0,0,0.0
rosetta_fastrelax,Bcl-xL,8,ok,178,190,0.936842105263158,0,0,0.0
rosetta_fastrelax,Bcl-xL,9,ok,178,190,0.936842105263158,0,0,0.0
rosetta_fastrelax,Bcl-xL,10,ok,178,190,0.936842105263158,0,0,0.0
rosetta_fastrelax,Bcl-xL,11,ok,178,190,0.936842105263158,0,0,0.0
rosetta_fastrelax,Bcl-xL,12,ok,178,190,0.936842105263158,0,0,0.0
rosetta_fastrelax,Bcl-xL,13,ok,178,190,0.936842105263158,0,0,0.0
rosetta_fastrelax,Bcl-xL,14,ok,178,190,0.936842105263158,0,0,0.0
rosetta_fastrelax,Bcl-xL,15,ok,178,190,0.936842105263158,0,0,0.0
rosetta_fastrelax,Bcl-xL,16,ok,178,190,0.936842105263158,0,0,0.0
rosetta_fastrelax,Bcl-xL,17,ok,178,190,0.936842105263158,0,0,0.0
rosetta_fastrelax,Bcl-xL,18,ok,178,190,0.936842105263158,0,0,0.0
rosetta_fastrelax,Bcl-xL,19,ok,178,190,0.936842105263158,0,0,0.0
rosetta_fastrelax,Bcl-xL,20,ok,178,190,0.936842105263158,0,0,0.0
rosetta_fastrelax,Bcl-xL,21,ok,178,190,0.936842105263158,0,0,0.0
rosetta_fastrelax,Bcl-xL,22,ok,178,190,0.936842105263158,0,0,0.0
rosetta_fastrelax,Bcl-xL,23,ok,178,190,0.936842105263158,0,0,0.0
rosetta_fastrelax,Bcl-xL,24,ok,178,190,0.936842105263158,0,0,0.0
rosetta_fastrelax,Bcl-xL,25,ok,178,190,0.936842105263158,0,0,0.0
rosetta_fastrelax,Bcl-xL,26,ok,178,190,0.936842105263158,0,0,0.0
rosetta_fastrelax,Bcl-xL,27,ok,178,190,0.936842105263158,0,0,0.0
rosetta_fastrelax,Bcl-xL,28,ok,178,190,0.936842105263158,0,0,0.0
rosetta_fastrelax,Bcl-xL,29,ok,178,190,0.936842105263158,0,0,0.0
rosetta_repack,betaLG,0,ok,127,127,1.0,0,0,0.0
rosetta_repack,betaLG,1,ok,127,127,1.0,0,0,0.0
rosetta_repack,betaLG,2,ok,127,127,1.0,0,0,0.0
rosetta_repack,betaLG,3,ok,127,127,1.0,0,0,0.0
rosetta_repack,betaLG,4,ok,127,127,1.0,0,0,0.0
rosetta_repack,betaLG,5,ok,127,127,1.0,0,0,0.0
rosetta_repack,betaLG,6,ok,127,127,1.0,0,0,0.0
rosetta_repack,betaLG,7,ok,127,127,1.0,0,0,0.0
rosetta_repack,betaLG,8,ok,127,127,1.0,0,0,0.0
rosetta_repack,betaLG,9,ok,127,127,1.0,0,0,0.0
rosetta_repack,betaLG,10,ok,127,127,1.0,0,0,0.0
rosetta_repack,betaLG,11,ok,127,127,1.0,0,0,0.0
rosetta_repack,betaLG,12,ok,127,127,1.0,0,0,0.0
rosetta_repack,betaLG,13,ok,127,127,1.0,0,0,0.0
rosetta_repack,betaLG,14,ok,127,127,1.0,0,0,0.0
rosetta_repack,betaLG,15,ok,127,127,1.0,0,0,0.0
rosetta_repack,betaLG,16,ok,127,127,1.0,0,0,0.0
rosetta_repack,betaLG,17,ok,127,127,1.0,0,0,0.0
rosetta_repack,betaLG,18,ok,127,127,1.0,0,0,0.0
rosetta_repack,betaLG,19,ok,127,127,1.0,0,0,0.0
rosetta_repack,betaLG,20,ok,127,127,1.0,0,0,0.0
rosetta_repack,betaLG,21,ok,127,127,1.0,0,0,0.0
rosetta_repack,betaLG,22,ok,127,127,1.0,0,0,0.0
rosetta_repack,betaLG,23,ok,127,127,1.0,0,0,0.0
rosetta_repack,betaLG,24,ok,127,127,1.0,0,0,0.0
rosetta_repack,betaLG,25,ok,127,127,1.0,0,0,0.0
rosetta_repack,betaLG,26,ok,127,127,1.0,0,0,0.0
rosetta_repack,betaLG,27,ok,127,127,1.0,0,0,0.0
rosetta_repack,betaLG,28,ok,127,127,1.0,0,0,0.0
rosetta_repack,betaLG,29,ok,127,127,1.0,0,0,0.0
rosetta_fastrelax,betaLG,0,ok,127,127,1.0,0,0,0.0
rosetta_fastrelax,betaLG,1,ok,127,127,1.0,0,0,0.0
rosetta_fastrelax,betaLG,2,ok,127,127,1.0,0,0,0.0
rosetta_fastrelax,betaLG,3,ok,127,127,1.0,0,0,0.0
rosetta_fastrelax,betaLG,4,ok,127,127,1.0,0,0,0.0
rosetta_fastrelax,betaLG,5,ok,127,127,1.0,0,0,0.0
rosetta_fastrelax,betaLG,6,ok,127,127,1.0,0,0,0.0
rosetta_fastrelax,betaLG,7,ok,127,127,1.0,0,0,0.0
rosetta_fastrelax,betaLG,8,ok,127,127,1.0,0,0,0.0
rosetta_fastrelax,betaLG,9,ok,127,127,1.0,0,0,0.0
rosetta_fastrelax,betaLG,10,ok,127,127,1.0,0,0,0.0
rosetta_fastrelax,betaLG,11,ok,127,127,1.0,0,0,0.0
rosetta_fastrelax,betaLG,12,ok,127,127,1.0,0,0,0.0
rosetta_fastrelax,betaLG,13,ok,127,127,1.0,0,0,0.0
rosetta_fastrelax,betaLG,14,ok,127,127,1.0,0,0,0.0
rosetta_fastrelax,betaLG,15,ok,127,127,1.0,0,0,0.0
rosetta_fastrelax,betaLG,16,ok,127,127,1.0,0,0,0.0
rosetta_fastrelax,betaLG,17,ok,127,127,1.0,0,0,0.0
rosetta_fastrelax,betaLG,18,ok,127,127,1.0,0,0,0.0
rosetta_fastrelax,betaLG,19,ok,127,127,1.0,0,0,0.0
rosetta_fastrelax,betaLG,20,ok,127,127,1.0,0,0,0.0
rosetta_fastrelax,betaLG,21,ok,127,127,1.0,0,0,0.0
rosetta_fastrelax,betaLG,22,ok,127,127,1.0,0,0,0.0
rosetta_fastrelax,betaLG,23,ok,127,127,1.0,0,0,0.0
rosetta_fastrelax,betaLG,24,ok,127,127,1.0,0,0,0.0
rosetta_fastrelax,betaLG,25,ok,127,127,1.0,0,0,0.0
rosetta_fastrelax,betaLG,26,ok,127,127,1.0,0,0,0.0
rosetta_fastrelax,betaLG,27,ok,127,127,1.0,0,0,0.0
rosetta_fastrelax,betaLG,28,ok,127,127,1.0,0,0,0.0
rosetta_fastrelax,betaLG,29,ok,127,127,1.0,0,0,0.0
rosetta_repack,NDPK-A,0,ok,149,149,1.0,0,0,0.0
rosetta_repack,NDPK-A,1,ok,149,149,1.0,0,0,0.0
rosetta_repack,NDPK-A,2,ok,149,149,1.0,0,0,0.0
rosetta_repack,NDPK-A,3,ok,149,149,1.0,0,0,0.0
rosetta_repack,NDPK-A,4,ok,149,149,1.0,0,0,0.0
rosetta_repack,NDPK-A,5,ok,149,149,1.0,0,0,0.0
rosetta_repack,NDPK-A,6,ok,149,149,1.0,0,0,0.0
rosetta_repack,NDPK-A,7,ok,149,149,1.0,0,0,0.0
rosetta_repack,NDPK-A,8,ok,149,149,1.0,0,0,0.0
rosetta_repack,NDPK-A,9,ok,149,149,1.0,0,0,0.0
rosetta_repack,NDPK-A,10,ok,149,149,1.0,0,0,0.0
rosetta_repack,NDPK-A,11,ok,149,149,1.0,0,0,0.0
rosetta_repack,NDPK-A,12,ok,149,149,1.0,0,0,0.0
rosetta_repack,NDPK-A,13,ok,149,149,1.0,0,0,0.0
rosetta_repack,NDPK-A,14,ok,149,149,1.0,0,0,0.0
rosetta_repack,NDPK-A,15,ok,149,149,1.0,0,0,0.0
rosetta_repack,NDPK-A,16,ok,149,149,1.0,0,0,0.0
rosetta_repack,NDPK-A,17,ok,149,149,1.0,0,0,0.0
rosetta_repack,NDPK-A,18,ok,149,149,1.0,0,0,0.0
rosetta_repack,NDPK-A,19,ok,149,149,1.0,0,0,0.0
rosetta_repack,NDPK-A,20,ok,149,149,1.0,0,0,0.0
rosetta_repack,NDPK-A,21,ok,149,149,1.0,0,0,0.0
rosetta_repack,NDPK-A,22,ok,149,149,1.0,0,0,0.0
rosetta_repack,NDPK-A,23,ok,149,149,1.0,0,0,0.0
rosetta_repack,NDPK-A,24,ok,149,149,1.0,0,0,0.0
rosetta_repack,NDPK-A,25,ok,149,149,1.0,0,0,0.0
rosetta_repack,NDPK-A,26,ok,149,149,1.0,0,0,0.0
rosetta_repack,NDPK-A,27,ok,149,149,1.0,0,0,0.0
rosetta_repack,NDPK-A,28,ok,149,149,1.0,0,0,0.0
rosetta_repack,NDPK-A,29,ok,149,149,1.0,0,0,0.0
rosetta_fastrelax,NDPK-A,0,ok,149,149,1.0,0,0,0.0
rosetta_fastrelax,NDPK-A,1,ok,149,149,1.0,0,0,0.0
rosetta_fastrelax,NDPK-A,2,ok,149,149,1.0,0,0,0.0
rosetta_fastrelax,NDPK-A,3,ok,149,149,1.0,0,0,0.0
rosetta_fastrelax,NDPK-A,4,ok,149,149,1.0,0,0,0.0
rosetta_fastrelax,NDPK-A,5,ok,149,149,1.0,0,0,0.0
rosetta_fastrelax,NDPK-A,6,ok,149,149,1.0,0,0,0.0
rosetta_fastrelax,NDPK-A,7,ok,149,149,1.0,0,0,0.0
rosetta_fastrelax,NDPK-A,8,ok,149,149,1.0,0,0,0.0
rosetta_fastrelax,NDPK-A,9,ok,149,149,1.0,0,0,0.0
rosetta_fastrelax,NDPK-A,10,ok,149,149,1.0,0,0,0.0
rosetta_fastrelax,NDPK-A,11,ok,149,149,1.0,0,0,0.0
rosetta_fastrelax,NDPK-A,12,ok,149,149,1.0,0,0,0.0
rosetta_fastrelax,NDPK-A,13,ok,149,149,1.0,0,0,0.0
rosetta_fastrelax,NDPK-A,14,ok,149,149,1.0,0,0,0.0
rosetta_fastrelax,NDPK-A,15,ok,149,149,1.0,0,0,0.0
rosetta_fastrelax,NDPK-A,16,ok,149,149,1.0,0,0,0.0
rosetta_fastrelax,NDPK-A,17,ok,149,149,1.0,0,0,0.0
rosetta_fastrelax,NDPK-A,18,ok,149,149,1.0,0,0,0.0
rosetta_fastrelax,NDPK-A,19,ok,149,149,1.0,0,0,0.0
rosetta_fastrelax,NDPK-A,20,ok,149,149,1.0,0,0,0.0
rosetta_fastrelax,NDPK-A,21,ok,149,149,1.0,0,0,0.0
rosetta_fastrelax,NDPK-A,22,ok,149,149,1.0,0,0,0.0
rosetta_fastrelax,NDPK-A,23,ok,149,149,1.0,0,0,0.0
rosetta_fastrelax,NDPK-A,24,ok,149,149,1.0,0,0,0.0
rosetta_fastrelax,NDPK-A,25,ok,149,149,1.0,0,0,0.0
rosetta_fastrelax,NDPK-A,26,ok,149,149,1.0,0,0,0.0
rosetta_fastrelax,NDPK-A,27,ok,149,149,1.0,0,0,0.0
rosetta_fastrelax,NDPK-A,28,ok,149,149,1.0,0,0,0.0
rosetta_fastrelax,NDPK-A,29,ok,149,149,1.0,0,0,0.0
rosetta_repack,GLTP,0,ok,69,70,0.9857142857142858,0,0,0.0
rosetta_repack,GLTP,1,ok,69,70,0.9857142857142858,0,0,0.0
rosetta_repack,GLTP,2,ok,69,70,0.9857142857142858,0,0,0.0
rosetta_repack,GLTP,3,ok,69,70,0.9857142857142858,0,0,0.0
rosetta_repack,GLTP,4,ok,69,70,0.9857142857142858,0,0,0.0
rosetta_repack,GLTP,5,ok,69,70,0.9857142857142858,0,0,0.0
rosetta_repack,GLTP,6,ok,69,70,0.9857142857142858,0,0,0.0
rosetta_repack,GLTP,7,ok,69,70,0.9857142857142858,0,0,0.0
rosetta_repack,GLTP,8,ok,69,70,0.9857142857142858,0,0,0.0
rosetta_repack,GLTP,9,ok,69,70,0.9857142857142858,0,0,0.0
rosetta_repack,GLTP,10,ok,69,70,0.9857142857142858,0,0,0.0
rosetta_repack,GLTP,11,ok,69,70,0.9857142857142858,0,0,0.0
rosetta_repack,GLTP,12,ok,69,70,0.9857142857142858,0,0,0.0
rosetta_repack,GLTP,13,ok,69,70,0.9857142857142858,0,0,0.0
rosetta_repack,GLTP,14,ok,69,70,0.9857142857142858,0,0,0.0
rosetta_repack,GLTP,15,ok,69,70,0.9857142857142858,0,0,0.0
rosetta_repack,GLTP,16,ok,69,70,0.9857142857142858,0,0,0.0
rosetta_repack,GLTP,17,ok,69,70,0.9857142857142858,0,0,0.0
rosetta_repack,GLTP,18,ok,69,70,0.9857142857142858,0,0,0.0
rosetta_repack,GLTP,19,ok,69,70,0.9857142857142858,0,0,0.0
rosetta_repack,GLTP,20,ok,69,70,0.9857142857142858,0,0,0.0
rosetta_repack,GLTP,21,ok,69,70,0.9857142857142858,0,0,0.0
rosetta_repack,GLTP,22,ok,69,70,0.9857142857142858,0,0,0.0
rosetta_repack,GLTP,23,ok,69,70,0.9857142857142858,0,0,0.0
rosetta_repack,GLTP,24,ok,69,70,0.9857142857142858,0,0,0.0
rosetta_repack,GLTP,25,ok,69,70,0.9857142857142858,0,0,0.0
rosetta_repack,GLTP,26,ok,69,70,0.9857142857142858,0,0,0.0
rosetta_repack,GLTP,27,ok,69,70,0.9857142857142858,0,0,0.0
rosetta_repack,GLTP,28,ok,69,70,0.9857142857142858,0,0,0.0
rosetta_repack,GLTP,29,ok,69,70,0.9857142857142858,0,0,0.0
rosetta_fastrelax,GLTP,0,ok,69,70,0.9857142857142858,0,0,0.0
rosetta_fastrelax,GLTP,1,ok,69,70,0.9857142857142858,0,0,0.0
rosetta_fastrelax,GLTP,2,ok,69,70,0.9857142857142858,0,0,0.0
rosetta_fastrelax,GLTP,3,ok,69,70,0.9857142857142858,0,0,0.0
rosetta_fastrelax,GLTP,4,ok,69,70,0.9857142857142858,0,0,0.0
rosetta_fastrelax,GLTP,5,ok,69,70,0.9857142857142858,0,0,0.0
rosetta_fastrelax,GLTP,6,ok,69,70,0.9857142857142858,0,0,0.0
rosetta_fastrelax,GLTP,7,ok,69,70,0.9857142857142858,0,0,0.0
rosetta_fastrelax,GLTP,8,ok,69,70,0.9857142857142858,0,0,0.0
rosetta_fastrelax,GLTP,9,ok,69,70,0.9857142857142858,0,0,0.0
rosetta_fastrelax,GLTP,10,ok,69,70,0.9857142857142858,0,0,0.0
rosetta_fastrelax,GLTP,11,ok,69,70,0.9857142857142858,0,0,0.0
rosetta_fastrelax,GLTP,12,ok,69,70,0.9857142857142858,0,0,0.0
rosetta_fastrelax,GLTP,13,ok,69,70,0.9857142857142858,0,0,0.0
rosetta_fastrelax,GLTP,14,ok,69,70,0.9857142857142858,0,0,0.0
rosetta_fastrelax,GLTP,15,ok,69,70,0.9857142857142858,0,0,0.0
rosetta_fastrelax,GLTP,16,ok,69,70,0.9857142857142858,0,0,0.0
rosetta_fastrelax,GLTP,17,ok,69,70,0.9857142857142858,0,0,0.0
rosetta_fastrelax,GLTP,18,ok,69,70,0.9857142857142858,0,0,0.0
rosetta_fastrelax,GLTP,19,ok,69,70,0.9857142857142858,0,0,0.0
rosetta_fastrelax,GLTP,20,ok,69,70,0.9857142857142858,0,0,0.0
rosetta_fastrelax,GLTP,21,ok,69,70,0.9857142857142858,0,0,0.0
rosetta_fastrelax,GLTP,22,ok,69,70,0.9857142857142858,0,0,0.0
rosetta_fastrelax,GLTP,23,ok,69,70,0.9857142857142858,0,0,0.0
rosetta_fastrelax,GLTP,24,ok,69,70,0.9857142857142858,0,0,0.0
rosetta_fastrelax,GLTP,25,ok,69,70,0.9857142857142858,0,0,0.0
rosetta_fastrelax,GLTP,26,ok,69,70,0.9857142857142858,0,0,0.0
rosetta_fastrelax,GLTP,27,ok,69,70,0.9857142857142858,0,0,0.0
rosetta_fastrelax,GLTP,28,ok,69,70,0.9857142857142858,0,0,0.0
rosetta_fastrelax,GLTP,29,ok,69,70,0.9857142857142858,0,0,0.0
rosetta_repack,SHP2,0,ok,159,159,1.0,0,0,0.0
rosetta_repack,SHP2,1,ok,159,159,1.0,0,0,0.0
rosetta_repack,SHP2,2,ok,159,159,1.0,0,0,0.0
rosetta_repack,SHP2,3,ok,159,159,1.0,0,0,0.0
rosetta_repack,SHP2,4,ok,159,159,1.0,0,0,0.0
rosetta_repack,SHP2,5,ok,159,159,1.0,0,0,0.0
rosetta_repack,SHP2,6,ok,159,159,1.0,0,0,0.0
rosetta_repack,SHP2,7,ok,159,159,1.0,0,0,0.0
rosetta_repack,SHP2,8,ok,159,159,1.0,0,0,0.0
rosetta_repack,SHP2,9,ok,159,159,1.0,0,0,0.0
rosetta_repack,SHP2,10,ok,159,159,1.0,0,0,0.0
rosetta_repack,SHP2,11,ok,159,159,1.0,0,0,0.0
rosetta_repack,SHP2,12,ok,159,159,1.0,0,0,0.0
rosetta_repack,SHP2,13,ok,159,159,1.0,0,0,0.0
rosetta_repack,SHP2,14,ok,159,159,1.0,0,0,0.0
rosetta_repack,SHP2,15,ok,159,159,1.0,0,0,0.0
rosetta_repack,SHP2,16,ok,159,159,1.0,0,0,0.0
rosetta_repack,SHP2,17,ok,159,159,1.0,0,0,0.0
rosetta_repack,SHP2,18,ok,159,159,1.0,0,0,0.0
rosetta_repack,SHP2,19,ok,159,159,1.0,0,0,0.0
rosetta_repack,SHP2,20,ok,159,159,1.0,0,0,0.0
rosetta_repack,SHP2,21,ok,159,159,1.0,0,0,0.0
rosetta_repack,SHP2,22,ok,159,159,1.0,0,0,0.0
rosetta_repack,SHP2,23,ok,159,159,1.0,0,0,0.0
rosetta_repack,SHP2,24,ok,159,159,1.0,0,0,0.0
rosetta_repack,SHP2,25,ok,159,159,1.0,0,0,0.0
rosetta_repack,SHP2,26,ok,159,159,1.0,0,0,0.0
rosetta_repack,SHP2,27,ok,159,159,1.0,0,0,0.0
rosetta_repack,SHP2,28,ok,159,159,1.0,0,0,0.0
rosetta_repack,SHP2,29,ok,159,159,1.0,0,0,0.0
rosetta_fastrelax,SHP2,0,ok,159,159,1.0,0,0,0.0
rosetta_fastrelax,SHP2,1,ok,159,159,1.0,0,0,0.0
rosetta_fastrelax,SHP2,2,ok,159,159,1.0,0,0,0.0
rosetta_fastrelax,SHP2,3,ok,159,159,1.0,0,0,0.0
rosetta_fastrelax,SHP2,4,ok,159,159,1.0,0,0,0.0
rosetta_fastrelax,SHP2,5,ok,159,159,1.0,0,0,0.0
rosetta_fastrelax,SHP2,6,ok,159,159,1.0,0,0,0.0
rosetta_fastrelax,SHP2,7,ok,159,159,1.0,0,0,0.0
rosetta_fastrelax,SHP2,8,ok,159,159,1.0,0,0,0.0
rosetta_fastrelax,SHP2,9,ok,159,159,1.0,0,0,0.0
rosetta_fastrelax,SHP2,10,ok,159,159,1.0,0,0,0.0
rosetta_fastrelax,SHP2,11,ok,159,159,1.0,0,0,0.0
rosetta_fastrelax,SHP2,12,ok,159,159,1.0,0,0,0.0
rosetta_fastrelax,SHP2,13,ok,159,159,1.0,0,0,0.0
rosetta_fastrelax,SHP2,14,ok,159,159,1.0,0,0,0.0
rosetta_fastrelax,SHP2,15,ok,159,159,1.0,0,0,0.0
rosetta_fastrelax,SHP2,16,ok,159,159,1.0,0,0,0.0
rosetta_fastrelax,SHP2,17,ok,159,159,1.0,0,0,0.0
rosetta_fastrelax,SHP2,18,ok,159,159,1.0,0,0,0.0
rosetta_fastrelax,SHP2,19,ok,159,159,1.0,0,0,0.0
rosetta_fastrelax,SHP2,20,ok,159,159,1.0,0,0,0.0
rosetta_fastrelax,SHP2,21,ok,159,159,1.0,0,0,0.0
rosetta_fastrelax,SHP2,22,ok,159,159,1.0,0,0,0.0
rosetta_fastrelax,SHP2,23,ok,159,159,1.0,0,0,0.0
rosetta_fastrelax,SHP2,24,ok,159,159,1.0,0,0,0.0
rosetta_fastrelax,SHP2,25,ok,159,159,1.0,0,0,0.0
rosetta_fastrelax,SHP2,26,ok,159,159,1.0,0,0,0.0
rosetta_fastrelax,SHP2,27,ok,159,159,1.0,0,0,0.0
rosetta_fastrelax,SHP2,28,ok,159,159,1.0,0,0,0.0
rosetta_fastrelax,SHP2,29,ok,159,159,1.0,0,0,0.0
rosetta_repack,METTL14,0,ok,185,185,1.0,0,0,0.0
rosetta_repack,METTL14,1,ok,185,185,1.0,0,0,0.0
rosetta_repack,METTL14,2,ok,185,185,1.0,0,0,0.0
rosetta_repack,METTL14,3,ok,185,185,1.0,0,0,0.0
rosetta_repack,METTL14,4,ok,185,185,1.0,0,0,0.0
rosetta_repack,METTL14,5,ok,185,185,1.0,0,0,0.0
rosetta_repack,METTL14,6,ok,185,185,1.0,0,0,0.0
rosetta_repack,METTL14,7,ok,185,185,1.0,0,0,0.0
rosetta_repack,METTL14,8,ok,185,185,1.0,0,0,0.0
rosetta_repack,METTL14,9,ok,185,185,1.0,0,0,0.0
rosetta_repack,METTL14,10,ok,185,185,1.0,0,0,0.0
rosetta_repack,METTL14,11,ok,185,185,1.0,0,0,0.0
rosetta_repack,METTL14,12,ok,185,185,1.0,0,0,0.0
rosetta_repack,METTL14,13,ok,185,185,1.0,0,0,0.0
rosetta_repack,METTL14,14,ok,185,185,1.0,0,0,0.0
rosetta_repack,METTL14,15,ok,185,185,1.0,0,0,0.0
rosetta_repack,METTL14,16,ok,185,185,1.0,0,0,0.0
rosetta_repack,METTL14,17,ok,185,185,1.0,0,0,0.0
rosetta_repack,METTL14,18,ok,185,185,1.0,0,0,0.0
rosetta_repack,METTL14,19,ok,185,185,1.0,0,0,0.0
rosetta_repack,METTL14,20,ok,185,185,1.0,0,0,0.0
rosetta_repack,METTL14,21,ok,185,185,1.0,0,0,0.0
rosetta_repack,METTL14,22,ok,185,185,1.0,0,0,0.0
rosetta_repack,METTL14,23,ok,185,185,1.0,0,0,0.0
rosetta_repack,METTL14,24,ok,185,185,1.0,0,0,0.0
rosetta_repack,METTL14,25,ok,185,185,1.0,0,0,0.0
rosetta_repack,METTL14,26,ok,185,185,1.0,0,0,0.0
rosetta_repack,METTL14,27,ok,185,185,1.0,0,0,0.0
rosetta_repack,METTL14,28,ok,185,185,1.0,0,0,0.0
rosetta_repack,METTL14,29,ok,185,185,1.0,0,0,0.0
rosetta_fastrelax,METTL14,0,ok,185,185,1.0,0,0,0.0
rosetta_fastrelax,METTL14,1,ok,185,185,1.0,0,0,0.0
rosetta_fastrelax,METTL14,2,ok,185,185,1.0,0,0,0.0
rosetta_fastrelax,METTL14,3,ok,185,185,1.0,0,0,0.0
rosetta_fastrelax,METTL14,4,ok,185,185,1.0,0,0,0.0
rosetta_fastrelax,METTL14,5,ok,185,185,1.0,0,0,0.0
rosetta_fastrelax,METTL14,6,ok,185,185,1.0,0,0,0.0
rosetta_fastrelax,METTL14,7,ok,185,185,1.0,0,0,0.0
rosetta_fastrelax,METTL14,8,ok,185,185,1.0,0,0,0.0
rosetta_fastrelax,METTL14,9,ok,185,185,1.0,0,0,0.0
rosetta_fastrelax,METTL14,10,ok,185,185,1.0,0,0,0.0
rosetta_fastrelax,METTL14,11,ok,185,185,1.0,0,0,0.0
rosetta_fastrelax,METTL14,12,ok,185,185,1.0,0,0,0.0
rosetta_fastrelax,METTL14,13,ok,185,185,1.0,0,0,0.0
rosetta_fastrelax,METTL14,14,ok,185,185,1.0,0,0,0.0
rosetta_fastrelax,METTL14,15,ok,185,185,1.0,0,0,0.0
rosetta_fastrelax,METTL14,16,ok,185,185,1.0,0,0,0.0
rosetta_fastrelax,METTL14,17,ok,185,185,1.0,0,0,0.0
rosetta_fastrelax,METTL14,18,ok,185,185,1.0,0,0,0.0
rosetta_fastrelax,METTL14,19,ok,185,185,1.0,0,0,0.0
rosetta_fastrelax,METTL14,20,ok,185,185,1.0,0,0,0.0
rosetta_fastrelax,METTL14,21,ok,185,185,1.0,0,0,0.0
rosetta_fastrelax,METTL14,22,ok,185,185,1.0,0,0,0.0
rosetta_fastrelax,METTL14,23,ok,185,185,1.0,0,0,0.0
rosetta_fastrelax,METTL14,24,ok,185,185,1.0,0,0,0.0
rosetta_fastrelax,METTL14,25,ok,185,185,1.0,0,0,0.0
rosetta_fastrelax,METTL14,26,ok,185,185,1.0,0,0,0.0
rosetta_fastrelax,METTL14,27,ok,185,185,1.0,0,0,0.0
rosetta_fastrelax,METTL14,28,ok,185,185,1.0,0,0,0.0
rosetta_fastrelax,METTL14,29,ok,185,185,1.0,0,0,0.0
rosetta_repack,FUT8,0,ok,181,181,1.0,0,0,0.0
rosetta_repack,FUT8,1,ok,181,181,1.0,0,0,0.0
rosetta_repack,FUT8,2,ok,181,181,1.0,0,0,0.0
rosetta_repack,FUT8,3,ok,181,181,1.0,0,0,0.0
rosetta_repack,FUT8,4,ok,181,181,1.0,0,0,0.0
rosetta_repack,FUT8,5,ok,181,181,1.0,0,0,0.0
rosetta_repack,FUT8,6,ok,181,181,1.0,0,0,0.0
rosetta_repack,FUT8,7,ok,181,181,1.0,0,0,0.0
rosetta_repack,FUT8,8,ok,181,181,1.0,0,0,0.0
rosetta_repack,FUT8,9,ok,181,181,1.0,0,0,0.0
rosetta_repack,FUT8,10,ok,181,181,1.0,0,0,0.0
rosetta_repack,FUT8,11,ok,181,181,1.0,0,0,0.0
rosetta_repack,FUT8,12,ok,181,181,1.0,0,0,0.0
rosetta_repack,FUT8,13,ok,181,181,1.0,0,0,0.0
rosetta_repack,FUT8,14,ok,181,181,1.0,0,0,0.0
rosetta_repack,FUT8,15,ok,181,181,1.0,0,0,0.0
rosetta_repack,FUT8,16,ok,181,181,1.0,0,0,0.0
rosetta_repack,FUT8,17,ok,181,181,1.0,0,0,0.0
rosetta_repack,FUT8,18,ok,181,181,1.0,0,0,0.0
rosetta_repack,FUT8,19,ok,181,181,1.0,0,0,0.0
rosetta_repack,FUT8,20,ok,181,181,1.0,0,0,0.0
rosetta_repack,FUT8,21,ok,181,181,1.0,0,0,0.0
rosetta_repack,FUT8,22,ok,181,181,1.0,0,0,0.0
rosetta_repack,FUT8,23,ok,181,181,1.0,0,0,0.0
rosetta_repack,FUT8,24,ok,181,181,1.0,0,0,0.0
rosetta_repack,FUT8,25,ok,181,181,1.0,0,0,0.0
rosetta_repack,FUT8,26,ok,181,181,1.0,0,0,0.0
rosetta_repack,FUT8,27,ok,181,181,1.0,0,0,0.0
rosetta_repack,FUT8,28,ok,181,181,1.0,0,0,0.0
rosetta_repack,FUT8,29,ok,181,181,1.0,0,0,0.0
rosetta_fastrelax,FUT8,0,ok,181,181,1.0,0,0,0.0
rosetta_fastrelax,FUT8,1,ok,181,181,1.0,0,0,0.0
rosetta_fastrelax,FUT8,2,ok,181,181,1.0,0,0,0.0
rosetta_fastrelax,FUT8,3,ok,181,181,1.0,0,0,0.0
rosetta_fastrelax,FUT8,4,ok,181,181,1.0,0,0,0.0
rosetta_fastrelax,FUT8,5,ok,181,181,1.0,0,0,0.0
rosetta_fastrelax,FUT8,6,ok,181,181,1.0,0,0,0.0
rosetta_fastrelax,FUT8,7,ok,181,181,1.0,0,0,0.0
rosetta_fastrelax,FUT8,8,ok,181,181,1.0,0,0,0.0
rosetta_fastrelax,FUT8,9,ok,181,181,1.0,0,0,0.0
rosetta_fastrelax,FUT8,10,ok,181,181,1.0,0,0,0.0
rosetta_fastrelax,FUT8,11,ok,181,181,1.0,0,0,0.0
rosetta_fastrelax,FUT8,12,ok,181,181,1.0,0,0,0.0
rosetta_fastrelax,FUT8,13,ok,181,181,1.0,0,0,0.0
rosetta_fastrelax,FUT8,14,ok,181,181,1.0,0,0,0.0
rosetta_fastrelax,FUT8,15,ok,181,181,1.0,0,0,0.0
rosetta_fastrelax,FUT8,16,ok,181,181,1.0,0,0,0.0
rosetta_fastrelax,FUT8,17,ok,181,181,1.0,0,0,0.0
rosetta_fastrelax,FUT8,18,ok,181,181,1.0,0,0,0.0
rosetta_fastrelax,FUT8,19,ok,181,181,1.0,0,0,0.0
rosetta_fastrelax,FUT8,20,ok,181,181,1.0,0,0,0.0
rosetta_fastrelax,FUT8,21,ok,181,181,1.0,0,0,0.0
rosetta_fastrelax,FUT8,22,ok,181,181,1.0,0,0,0.0
rosetta_fastrelax,FUT8,23,ok,181,181,1.0,0,0,0.0
rosetta_fastrelax,FUT8,24,ok,181,181,1.0,0,0,0.0
rosetta_fastrelax,FUT8,25,ok,181,181,1.0,0,0,0.0
rosetta_fastrelax,FUT8,26,ok,181,181,1.0,0,0,0.0
rosetta_fastrelax,FUT8,27,ok,181,181,1.0,0,0,0.0
rosetta_fastrelax,FUT8,28,ok,181,181,1.0,0,0,0.0
rosetta_fastrelax,FUT8,29,ok,181,181,1.0,0,0,0.0
apo,p53_Y220C,0,ok,135,138,0.9782608695652174,0,0,0.0
holo,p53_Y220C,0,ok,138,138,1.0,0,0,0.0
apo,CB1,0,ok,234,246,0.951219512195122,0,0,0.0
holo,CB1,0,ok,246,246,1.0,1,2,0.8130081300813008
apo,KRAS,0,ok,158,160,0.9875,0,0,0.0
holo,KRAS,0,ok,160,160,1.0,0,0,0.0
apo,cAbl,0,ok,179,179,1.0,0,0,0.0
holo,cAbl,0,ok,179,179,1.0,0,0,0.0
apo,HIF2alpha,0,ok,172,172,1.0,0,0,0.0
holo,HIF2alpha,0,ok,172,172,1.0,0,0,0.0
apo,HIV_RT,0,ok,178,178,1.0,0,0,0.0
holo,HIV_RT,0,ok,178,178,1.0,0,0,0.0
apo,HIV1_CA,0,ok,126,129,0.9767441860465116,0,0,0.0
holo,HIV1_CA,0,ok,127,129,0.9844961240310076,0,0,0.0
apo,Menin,0,ok,121,121,1.0,0,0,0.0
holo,Menin,0,ok,121,121,1.0,0,0,0.0
apo,GCGR,0,ok,223,233,0.9570815450643776,0,0,0.0
holo,GCGR,0,ok,230,233,0.9871244635193132,0,0,0.0
apo,THSR,0,ok,206,206,1.0,0,0,0.0
holo,THSR,0,ok,206,206,1.0,0,0,0.0
apo,p53_Y220C__4AGQ,0,ok,125,128,0.9765625,0,0,0.0
holo,p53_Y220C__4AGQ,0,ok,128,128,1.0,0,0,0.0
apo,HIF2alpha__6D0B,0,ok,204,204,1.0,0,0,0.0
holo,HIF2alpha__6D0B,0,ok,204,204,1.0,0,0,0.0
apo,HIV_RT__3V81,0,ok,154,154,1.0,0,0,0.0
holo,HIV_RT__3V81,0,ok,154,154,1.0,0,0,0.0
apo,THSR__7UTZ,0,ok,186,186,1.0,0,0,0.0
holo,THSR__7UTZ,0,ok,186,186,1.0,0,0,0.0
apo,Bcl-xL,0,ok,178,190,0.936842105263158,0,0,0.0
holo,Bcl-xL,0,ok,190,190,1.0,0,0,0.0
apo,betaLG,0,ok,127,127,1.0,0,0,0.0
holo,betaLG,0,ok,127,127,1.0,0,0,0.0
apo,NDPK-A,0,ok,149,149,1.0,0,0,0.0
holo,NDPK-A,0,ok,149,149,1.0,0,0,0.0
apo,GLTP,0,ok,69,70,0.9857142857142858,0,0,0.0
holo,GLTP,0,ok,70,70,1.0,0,0,0.0
apo,SHP2,0,ok,159,159,1.0,0,0,0.0
holo,SHP2,0,ok,159,159,1.0,0,0,0.0
apo,METTL14,0,ok,185,185,1.0,0,0,0.0
holo,METTL14,0,ok,178,185,0.9621621621621622,0,0,0.0
apo,FUT8,0,ok,181,181,1.0,0,0,0.0
holo,FUT8,0,ok,181,181,1.0,0,0,0.0
apo2mol_1000,Bcl-xL,0,ok,178,190,0.936842105263158,31,32,17.97752808988764
apo2mol_1000,Bcl-xL,1,ok,178,190,0.936842105263158,16,23,12.92134831460674
apo2mol_1000,Bcl-xL,2,ok,178,190,0.936842105263158,6,10,5.617977528089888
apo2mol_1000,Bcl-xL,3,ok,178,190,0.936842105263158,9,15,8.426966292134832
apo2mol_1000,Bcl-xL,4,ok,178,190,0.936842105263158,14,21,11.797752808988765
apo2mol_1000,Bcl-xL,5,ok,178,190,0.936842105263158,11,19,10.674157303370787
apo2mol_1000,Bcl-xL,6,ok,178,190,0.936842105263158,10,16,8.98876404494382
apo2mol_1000,Bcl-xL,7,ok,178,190,0.936842105263158,14,21,11.797752808988765
apo2mol_1000,Bcl-xL,8,ok,178,190,0.936842105263158,13,17,9.55056179775281
apo2mol_1000,Bcl-xL,9,ok,178,190,0.936842105263158,5,7,3.932584269662921
apo2mol_1000,Bcl-xL,10,ok,178,190,0.936842105263158,12,19,10.674157303370787
apo2mol_1000,Bcl-xL,11,ok,178,190,0.936842105263158,9,14,7.865168539325842
apo2mol_1000,Bcl-xL,12,ok,178,190,0.936842105263158,9,16,8.98876404494382
apo2mol_1000,Bcl-xL,13,ok,178,190,0.936842105263158,16,21,11.797752808988765
apo2mol_1000,Bcl-xL,14,ok,178,190,0.936842105263158,9,14,7.865168539325842
apo2mol_1000,Bcl-xL,15,ok,178,190,0.936842105263158,8,14,7.865168539325842
apo2mol_1000,Bcl-xL,16,ok,178,190,0.936842105263158,7,11,6.179775280898877
apo2mol_1000,Bcl-xL,17,ok,178,190,0.936842105263158,15,20,11.235955056179776
apo2mol_1000,Bcl-xL,18,ok,178,190,0.936842105263158,15,22,12.359550561797754
apo2mol_1000,Bcl-xL,19,ok,178,190,0.936842105263158,6,11,6.179775280898877
apo2mol_1000,Bcl-xL,20,ok,178,190,0.936842105263158,9,15,8.426966292134832
apo2mol_1000,Bcl-xL,21,ok,178,190,0.936842105263158,4,7,3.932584269662921
apo2mol_1000,Bcl-xL,22,ok,178,190,0.936842105263158,12,19,10.674157303370787
apo2mol_1000,Bcl-xL,23,ok,178,190,0.936842105263158,25,23,12.92134831460674
apo2mol_1000,Bcl-xL,24,ok,178,190,0.936842105263158,11,15,8.426966292134832
apo2mol_1000,Bcl-xL,25,ok,178,190,0.936842105263158,4,7,3.932584269662921
apo2mol_1000,Bcl-xL,26,ok,178,190,0.936842105263158,13,18,10.112359550561798
apo2mol_1000,Bcl-xL,27,ok,178,190,0.936842105263158,21,31,17.415730337078653
apo2mol_1000,Bcl-xL,28,ok,178,190,0.936842105263158,17,21,11.797752808988765
apo2mol_1000,Bcl-xL,29,ok,178,190,0.936842105263158,2,4,2.247191011235955
apo2mol_1000,betaLG,0,ok,127,127,1.0,4,6,4.724409448818897
apo2mol_1000,betaLG,1,ok,127,127,1.0,4,7,5.511811023622047
apo2mol_1000,betaLG,2,ok,127,127,1.0,8,14,11.023622047244094
apo2mol_1000,betaLG,3,ok,127,127,1.0,2,4,3.1496062992125986
apo2mol_1000,betaLG,4,ok,127,127,1.0,1,2,1.5748031496062993
apo2mol_1000,betaLG,5,ok,127,127,1.0,0,0,0.0
apo2mol_1000,betaLG,6,ok,127,127,1.0,4,7,5.511811023622047
apo2mol_1000,betaLG,7,ok,127,127,1.0,0,0,0.0
apo2mol_1000,betaLG,8,ok,127,127,1.0,3,4,3.1496062992125986
apo2mol_1000,betaLG,9,ok,127,127,1.0,1,2,1.5748031496062993
apo2mol_1000,betaLG,10,ok,127,127,1.0,3,6,4.724409448818897
apo2mol_1000,betaLG,11,ok,127,127,1.0,5,8,6.299212598425197
apo2mol_1000,betaLG,12,ok,127,127,1.0,3,5,3.937007874015748
apo2mol_1000,betaLG,13,ok,127,127,1.0,1,2,1.5748031496062993
apo2mol_1000,betaLG,14,ok,127,127,1.0,5,5,3.937007874015748
apo2mol_1000,betaLG,15,ok,127,127,1.0,0,0,0.0
apo2mol_1000,betaLG,16,ok,127,127,1.0,1,2,1.5748031496062993
apo2mol_1000,betaLG,17,ok,127,127,1.0,4,7,5.511811023622047
apo2mol_1000,betaLG,18,ok,127,127,1.0,2,4,3.1496062992125986
apo2mol_1000,betaLG,19,ok,127,127,1.0,0,0,0.0
apo2mol_1000,betaLG,20,ok,127,127,1.0,1,2,1.5748031496062993
apo2mol_1000,betaLG,21,ok,127,127,1.0,1,2,1.5748031496062993
apo2mol_1000,betaLG,22,ok,127,127,1.0,3,5,3.937007874015748
apo2mol_1000,betaLG,23,ok,127,127,1.0,8,11,8.661417322834646
apo2mol_1000,betaLG,24,ok,127,127,1.0,5,7,5.511811023622047
apo2mol_1000,betaLG,25,ok,127,127,1.0,5,9,7.086614173228346
apo2mol_1000,betaLG,26,ok,127,127,1.0,11,16,12.598425196850394
apo2mol_1000,betaLG,27,ok,127,127,1.0,1,2,1.5748031496062993
apo2mol_1000,betaLG,28,ok,127,127,1.0,1,2,1.5748031496062993
apo2mol_1000,betaLG,29,ok,127,127,1.0,2,4,3.1496062992125986
apo2mol_1000,NDPK-A,0,ok,149,149,1.0,0,0,0.0
apo2mol_1000,NDPK-A,1,ok,149,149,1.0,4,7,4.697986577181208
apo2mol_1000,NDPK-A,2,ok,149,149,1.0,2,4,2.684563758389262
apo2mol_1000,NDPK-A,3,ok,149,149,1.0,0,0,0.0
apo2mol_1000,NDPK-A,4,ok,149,149,1.0,1,2,1.342281879194631
apo2mol_1000,NDPK-A,5,ok,149,149,1.0,0,0,0.0
apo2mol_1000,NDPK-A,6,ok,149,149,1.0,1,2,1.342281879194631
apo2mol_1000,NDPK-A,7,ok,149,149,1.0,6,9,6.040268456375839
apo2mol_1000,NDPK-A,8,ok,149,149,1.0,1,2,1.342281879194631
apo2mol_1000,NDPK-A,9,ok,149,149,1.0,3,6,4.026845637583893
apo2mol_1000,NDPK-A,10,ok,149,149,1.0,4,7,4.697986577181208
apo2mol_1000,NDPK-A,11,ok,149,149,1.0,0,0,0.0
apo2mol_1000,NDPK-A,12,ok,149,149,1.0,7,9,6.040268456375839
apo2mol_1000,NDPK-A,13,ok,149,149,1.0,0,0,0.0
apo2mol_1000,NDPK-A,14,ok,149,149,1.0,3,5,3.355704697986577
apo2mol_1000,NDPK-A,15,ok,149,149,1.0,2,4,2.684563758389262
apo2mol_1000,NDPK-A,16,ok,149,149,1.0,0,0,0.0
apo2mol_1000,NDPK-A,17,ok,149,149,1.0,9,11,7.382550335570469
apo2mol_1000,NDPK-A,18,ok,149,149,1.0,1,2,1.342281879194631
apo2mol_1000,NDPK-A,19,ok,149,149,1.0,0,0,0.0
apo2mol_1000,NDPK-A,20,ok,149,149,1.0,2,4,2.684563758389262
apo2mol_1000,NDPK-A,21,ok,149,149,1.0,2,4,2.684563758389262
apo2mol_1000,NDPK-A,22,ok,149,149,1.0,6,10,6.711409395973154
apo2mol_1000,NDPK-A,23,ok,149,149,1.0,6,9,6.040268456375839
apo2mol_1000,NDPK-A,24,ok,149,149,1.0,7,11,7.382550335570469
apo2mol_1000,NDPK-A,25,ok,149,149,1.0,1,2,1.342281879194631
apo2mol_1000,NDPK-A,26,ok,149,149,1.0,5,8,5.369127516778524
apo2mol_1000,NDPK-A,27,ok,149,149,1.0,1,2,1.342281879194631
apo2mol_1000,NDPK-A,28,ok,149,149,1.0,1,2,1.342281879194631
apo2mol_1000,NDPK-A,29,ok,149,149,1.0,2,4,2.684563758389262
apo2mol_1000,GLTP,0,ok,69,70,0.9857142857142858,0,0,0.0
apo2mol_1000,GLTP,1,ok,69,70,0.9857142857142858,1,2,2.898550724637681
apo2mol_1000,GLTP,2,ok,69,70,0.9857142857142858,0,0,0.0
apo2mol_1000,GLTP,3,ok,69,70,0.9857142857142858,0,0,0.0
apo2mol_1000,GLTP,4,ok,69,70,0.9857142857142858,0,0,0.0
apo2mol_1000,GLTP,5,ok,69,70,0.9857142857142858,1,2,2.898550724637681
apo2mol_1000,GLTP,6,ok,69,70,0.9857142857142858,0,0,0.0
apo2mol_1000,GLTP,7,ok,69,70,0.9857142857142858,0,0,0.0
apo2mol_1000,GLTP,8,ok,69,70,0.9857142857142858,0,0,0.0
apo2mol_1000,GLTP,9,ok,69,70,0.9857142857142858,1,2,2.898550724637681
apo2mol_1000,GLTP,10,ok,69,70,0.9857142857142858,2,4,5.797101449275362
apo2mol_1000,GLTP,11,ok,69,70,0.9857142857142858,0,0,0.0
apo2mol_1000,GLTP,12,ok,69,70,0.9857142857142858,0,0,0.0
apo2mol_1000,GLTP,13,ok,69,70,0.9857142857142858,2,4,5.797101449275362
apo2mol_1000,GLTP,14,ok,69,70,0.9857142857142858,0,0,0.0
apo2mol_1000,GLTP,15,ok,69,70,0.9857142857142858,0,0,0.0
apo2mol_1000,GLTP,16,ok,69,70,0.9857142857142858,0,0,0.0
apo2mol_1000,GLTP,17,ok,69,70,0.9857142857142858,0,0,0.0
apo2mol_1000,GLTP,18,ok,69,70,0.9857142857142858,1,2,2.898550724637681
apo2mol_1000,GLTP,19,ok,69,70,0.9857142857142858,0,0,0.0
apo2mol_1000,GLTP,20,ok,69,70,0.9857142857142858,0,0,0.0
apo2mol_1000,GLTP,21,ok,69,70,0.9857142857142858,0,0,0.0
apo2mol_1000,GLTP,22,ok,69,70,0.9857142857142858,0,0,0.0
apo2mol_1000,GLTP,23,ok,69,70,0.9857142857142858,1,2,2.898550724637681
apo2mol_1000,GLTP,24,ok,69,70,0.9857142857142858,0,0,0.0
apo2mol_1000,GLTP,25,ok,69,70,0.9857142857142858,0,0,0.0
apo2mol_1000,GLTP,26,ok,69,70,0.9857142857142858,0,0,0.0
apo2mol_1000,GLTP,27,ok,69,70,0.9857142857142858,0,0,0.0
apo2mol_1000,GLTP,28,ok,69,70,0.9857142857142858,0,0,0.0
apo2mol_1000,GLTP,29,ok,69,70,0.9857142857142858,2,4,5.797101449275362
apo2mol_1000,SHP2,0,ok,159,159,1.0,7,11,6.918238993710692
apo2mol_1000,SHP2,1,ok,159,159,1.0,5,10,6.289308176100629
apo2mol_1000,SHP2,2,ok,159,159,1.0,5,10,6.289308176100629
apo2mol_1000,SHP2,3,ok,159,159,1.0,4,7,4.40251572327044
apo2mol_1000,SHP2,4,ok,159,159,1.0,1,2,1.2578616352201255
apo2mol_1000,SHP2,5,ok,159,159,1.0,0,0,0.0
apo2mol_1000,SHP2,6,ok,159,159,1.0,1,2,1.2578616352201255
apo2mol_1000,SHP2,7,ok,159,159,1.0,34,34,21.38364779874214
apo2mol_1000,SHP2,8,ok,159,159,1.0,14,19,11.949685534591197
apo2mol_1000,SHP2,9,ok,159,159,1.0,9,10,6.289308176100629
apo2mol_1000,SHP2,10,ok,159,159,1.0,8,12,7.547169811320755
apo2mol_1000,SHP2,11,ok,159,159,1.0,2,4,2.5157232704402515
apo2mol_1000,SHP2,12,ok,159,159,1.0,9,14,8.80503144654088
apo2mol_1000,SHP2,13,ok,159,159,1.0,2,4,2.5157232704402515
apo2mol_1000,SHP2,14,ok,159,159,1.0,2,4,2.5157232704402515
apo2mol_1000,SHP2,15,ok,159,159,1.0,6,12,7.547169811320755
apo2mol_1000,SHP2,16,ok,159,159,1.0,5,9,5.660377358490566
apo2mol_1000,SHP2,17,ok,159,159,1.0,5,8,5.031446540880503
apo2mol_1000,SHP2,18,ok,159,159,1.0,1,2,1.2578616352201255
apo2mol_1000,SHP2,19,ok,159,159,1.0,10,14,8.80503144654088
apo2mol_1000,SHP2,20,ok,159,159,1.0,1,2,1.2578616352201255
apo2mol_1000,SHP2,21,ok,159,159,1.0,5,10,6.289308176100629
apo2mol_1000,SHP2,22,ok,159,159,1.0,3,6,3.7735849056603774
apo2mol_1000,SHP2,23,ok,159,159,1.0,5,9,5.660377358490566
apo2mol_1000,SHP2,24,ok,159,159,1.0,8,12,7.547169811320755
apo2mol_1000,SHP2,25,ok,159,159,1.0,2,4,2.5157232704402515
apo2mol_1000,SHP2,26,ok,159,159,1.0,4,8,5.031446540880503
apo2mol_1000,SHP2,27,ok,159,159,1.0,10,14,8.80503144654088
apo2mol_1000,SHP2,28,ok,159,159,1.0,7,13,8.176100628930818
apo2mol_1000,SHP2,29,ok,159,159,1.0,10,18,11.320754716981131
apo2mol_1000,METTL14,0,ok,178,185,0.9621621621621622,12,16,8.98876404494382
apo2mol_1000,METTL14,1,ok,178,185,0.9621621621621622,16,24,13.48314606741573
apo2mol_1000,METTL14,2,ok,178,185,0.9621621621621622,13,17,9.55056179775281
apo2mol_1000,METTL14,3,ok,178,185,0.9621621621621622,15,24,13.48314606741573
apo2mol_1000,METTL14,4,ok,178,185,0.9621621621621622,4,7,3.932584269662921
apo2mol_1000,METTL14,5,ok,178,185,0.9621621621621622,7,12,6.741573033707865
apo2mol_1000,METTL14,6,ok,178,185,0.9621621621621622,22,21,11.797752808988765
apo2mol_1000,METTL14,7,ok,178,185,0.9621621621621622,8,11,6.179775280898877
apo2mol_1000,METTL14,8,ok,178,185,0.9621621621621622,5,6,3.3707865168539324
apo2mol_1000,METTL14,9,ok,178,185,0.9621621621621622,16,16,8.98876404494382
apo2mol_1000,METTL14,10,ok,178,185,0.9621621621621622,15,19,10.674157303370787
apo2mol_1000,METTL14,11,ok,178,185,0.9621621621621622,3,6,3.3707865168539324
apo2mol_1000,METTL14,12,ok,178,185,0.9621621621621622,4,7,3.932584269662921
apo2mol_1000,METTL14,13,ok,178,185,0.9621621621621622,11,13,7.303370786516854
apo2mol_1000,METTL14,14,ok,178,185,0.9621621621621622,6,11,6.179775280898877
apo2mol_1000,METTL14,15,ok,178,185,0.9621621621621622,16,20,11.235955056179776
apo2mol_1000,METTL14,16,ok,178,185,0.9621621621621622,9,14,7.865168539325842
apo2mol_1000,METTL14,17,ok,178,185,0.9621621621621622,8,12,6.741573033707865
apo2mol_1000,METTL14,18,ok,178,185,0.9621621621621622,1,2,1.1235955056179776
apo2mol_1000,METTL14,19,ok,178,185,0.9621621621621622,5,8,4.49438202247191
apo2mol_1000,METTL14,20,ok,178,185,0.9621621621621622,2,4,2.247191011235955
apo2mol_1000,METTL14,21,ok,178,185,0.9621621621621622,16,20,11.235955056179776
apo2mol_1000,METTL14,22,ok,178,185,0.9621621621621622,18,14,7.865168539325842
apo2mol_1000,METTL14,23,ok,178,185,0.9621621621621622,8,10,5.617977528089888
apo2mol_1000,METTL14,24,ok,178,185,0.9621621621621622,7,11,6.179775280898877
apo2mol_1000,METTL14,25,ok,178,185,0.9621621621621622,10,13,7.303370786516854
apo2mol_1000,METTL14,26,ok,178,185,0.9621621621621622,11,15,8.426966292134832
apo2mol_1000,METTL14,27,ok,178,185,0.9621621621621622,13,17,9.55056179775281
apo2mol_1000,METTL14,28,ok,178,185,0.9621621621621622,5,9,5.056179775280899
apo2mol_1000,METTL14,29,ok,178,185,0.9621621621621622,14,19,10.674157303370787
apo2mol_1000,FUT8,0,ok,181,181,1.0,15,22,12.154696132596683
apo2mol_1000,FUT8,1,ok,181,181,1.0,7,11,6.077348066298343
apo2mol_1000,FUT8,2,ok,181,181,1.0,30,35,19.33701657458564
apo2mol_1000,FUT8,3,ok,181,181,1.0,19,19,10.497237569060774
apo2mol_1000,FUT8,4,ok,181,181,1.0,35,34,18.78453038674033
apo2mol_1000,FUT8,5,ok,181,181,1.0,27,30,16.574585635359117
apo2mol_1000,FUT8,6,ok,181,181,1.0,12,18,9.94475138121547
apo2mol_1000,FUT8,7,ok,181,181,1.0,10,13,7.18232044198895
apo2mol_1000,FUT8,8,ok,181,181,1.0,18,21,11.60220994475138
apo2mol_1000,FUT8,9,ok,181,181,1.0,20,29,16.022099447513813
apo2mol_1000,FUT8,10,ok,181,181,1.0,10,18,9.94475138121547
apo2mol_1000,FUT8,11,ok,181,181,1.0,20,25,13.812154696132596
apo2mol_1000,FUT8,12,ok,181,181,1.0,39,43,23.756906077348063
apo2mol_1000,FUT8,13,ok,181,181,1.0,23,23,12.707182320441987
apo2mol_1000,FUT8,14,ok,181,181,1.0,6,8,4.419889502762431
apo2mol_1000,FUT8,15,ok,181,181,1.0,30,40,22.099447513812155
apo2mol_1000,FUT8,16,ok,181,181,1.0,27,30,16.574585635359117
apo2mol_1000,FUT8,17,ok,181,181,1.0,40,46,25.41436464088397
apo2mol_1000,FUT8,18,ok,181,181,1.0,42,47,25.96685082872928
apo2mol_1000,FUT8,19,ok,181,181,1.0,5,7,3.867403314917127
apo2mol_1000,FUT8,20,ok,181,181,1.0,6,11,6.077348066298343
apo2mol_1000,FUT8,21,ok,181,181,1.0,8,15,8.287292817679559
apo2mol_1000,FUT8,22,ok,181,181,1.0,8,11,6.077348066298343
apo2mol_1000,FUT8,23,ok,181,181,1.0,8,13,7.18232044198895
apo2mol_1000,FUT8,24,ok,181,181,1.0,13,20,11.049723756906078
apo2mol_1000,FUT8,25,ok,181,181,1.0,13,19,10.497237569060774
apo2mol_1000,FUT8,26,ok,181,181,1.0,16,23,12.707182320441987
apo2mol_1000,FUT8,27,ok,181,181,1.0,37,40,22.099447513812155
apo2mol_1000,FUT8,28,ok,181,181,1.0,9,16,8.839779005524862
apo2mol_1000,FUT8,29,ok,181,181,1.0,24,28,15.469613259668508
apo2mol_1000,p53_Y220C,0,ok,135,138,0.9782608695652174,2,4,2.962962962962963
apo2mol_1000,p53_Y220C,1,ok,135,138,0.9782608695652174,1,2,1.4814814814814814
apo2mol_1000,p53_Y220C,2,ok,135,138,0.9782608695652174,5,8,5.925925925925926
apo2mol_1000,p53_Y220C,3,ok,135,138,0.9782608695652174,7,12,8.88888888888889
apo2mol_1000,p53_Y220C,4,ok,135,138,0.9782608695652174,7,12,8.88888888888889
apo2mol_1000,p53_Y220C,5,ok,135,138,0.9782608695652174,1,2,1.4814814814814814
apo2mol_1000,p53_Y220C,6,ok,135,138,0.9782608695652174,2,4,2.962962962962963
apo2mol_1000,p53_Y220C,7,ok,135,138,0.9782608695652174,1,2,1.4814814814814814
apo2mol_1000,p53_Y220C,8,ok,135,138,0.9782608695652174,9,13,9.62962962962963
apo2mol_1000,p53_Y220C,9,ok,135,138,0.9782608695652174,6,7,5.185185185185185
apo2mol_1000,p53_Y220C,10,ok,135,138,0.9782608695652174,5,8,5.925925925925926
apo2mol_1000,p53_Y220C,11,ok,135,138,0.9782608695652174,3,5,3.703703703703704
apo2mol_1000,p53_Y220C,12,ok,135,138,0.9782608695652174,10,12,8.88888888888889
apo2mol_1000,p53_Y220C,13,ok,135,138,0.9782608695652174,3,6,4.444444444444445
apo2mol_1000,p53_Y220C,14,ok,135,138,0.9782608695652174,12,16,11.851851851851851
apo2mol_1000,p53_Y220C,15,ok,135,138,0.9782608695652174,21,29,21.48148148148148
apo2mol_1000,p53_Y220C,16,ok,135,138,0.9782608695652174,5,8,5.925925925925926
apo2mol_1000,p53_Y220C,17,ok,135,138,0.9782608695652174,1,2,1.4814814814814814
apo2mol_1000,p53_Y220C,18,ok,135,138,0.9782608695652174,3,5,3.703703703703704
apo2mol_1000,p53_Y220C,19,ok,135,138,0.9782608695652174,4,7,5.185185185185185
apo2mol_1000,p53_Y220C,20,ok,135,138,0.9782608695652174,0,0,0.0
apo2mol_1000,p53_Y220C,21,ok,135,138,0.9782608695652174,2,4,2.962962962962963
apo2mol_1000,p53_Y220C,22,ok,135,138,0.9782608695652174,2,4,2.962962962962963
apo2mol_1000,p53_Y220C,23,ok,135,138,0.9782608695652174,14,11,8.148148148148149
apo2mol_1000,p53_Y220C,24,ok,135,138,0.9782608695652174,6,8,5.925925925925926
apo2mol_1000,p53_Y220C,25,ok,135,138,0.9782608695652174,3,4,2.962962962962963
apo2mol_1000,p53_Y220C,26,ok,135,138,0.9782608695652174,4,8,5.925925925925926
apo2mol_1000,p53_Y220C,27,ok,135,138,0.9782608695652174,6,11,8.148148148148149
apo2mol_1000,p53_Y220C,28,ok,135,138,0.9782608695652174,8,14,10.37037037037037
apo2mol_1000,p53_Y220C,29,ok,135,138,0.9782608695652174,1,2,1.4814814814814814
apo2mol_1000,CB1,0,ok,234,246,0.951219512195122,9,15,6.410256410256411
apo2mol_1000,CB1,1,ok,234,246,0.951219512195122,14,22,9.401709401709402
apo2mol_1000,CB1,2,ok,234,246,0.951219512195122,9,16,6.837606837606837
apo2mol_1000,CB1,3,ok,234,246,0.951219512195122,2,4,1.709401709401709
apo2mol_1000,CB1,4,ok,234,246,0.951219512195122,15,22,9.401709401709402
apo2mol_1000,CB1,5,ok,234,246,0.951219512195122,20,31,13.247863247863249
apo2mol_1000,CB1,6,ok,234,246,0.951219512195122,24,30,12.82051282051282
apo2mol_1000,CB1,7,ok,234,246,0.951219512195122,37,40,17.094017094017094
apo2mol_1000,CB1,8,ok,234,246,0.951219512195122,60,53,22.64957264957265
apo2mol_1000,CB1,9,ok,234,246,0.951219512195122,11,20,8.547008547008547
apo2mol_1000,CB1,10,ok,234,246,0.951219512195122,13,18,7.6923076923076925
apo2mol_1000,CB1,11,ok,234,246,0.951219512195122,29,37,15.811965811965813
apo2mol_1000,CB1,12,ok,234,246,0.951219512195122,13,21,8.974358974358974
apo2mol_1000,CB1,13,ok,234,246,0.951219512195122,38,42,17.94871794871795
apo2mol_1000,CB1,14,ok,234,246,0.951219512195122,19,23,9.82905982905983
apo2mol_1000,CB1,15,ok,234,246,0.951219512195122,15,21,8.974358974358974
apo2mol_1000,CB1,16,ok,234,246,0.951219512195122,12,18,7.6923076923076925
apo2mol_1000,CB1,17,ok,234,246,0.951219512195122,35,38,16.23931623931624
apo2mol_1000,CB1,18,ok,234,246,0.951219512195122,20,25,10.683760683760685
apo2mol_1000,CB1,19,ok,234,246,0.951219512195122,18,28,11.965811965811966
apo2mol_1000,CB1,20,ok,234,246,0.951219512195122,12,18,7.6923076923076925
apo2mol_1000,CB1,21,ok,234,246,0.951219512195122,19,29,12.393162393162394
apo2mol_1000,CB1,22,ok,234,246,0.951219512195122,20,31,13.247863247863249
apo2mol_1000,CB1,23,ok,234,246,0.951219512195122,13,20,8.547008547008547
apo2mol_1000,CB1,24,ok,234,246,0.951219512195122,18,25,10.683760683760685
apo2mol_1000,CB1,25,ok,234,246,0.951219512195122,9,14,5.982905982905983
apo2mol_1000,CB1,26,ok,234,246,0.951219512195122,14,19,8.11965811965812
apo2mol_1000,CB1,27,ok,234,246,0.951219512195122,20,22,9.401709401709402
apo2mol_1000,CB1,28,ok,234,246,0.951219512195122,17,26,11.11111111111111
apo2mol_1000,CB1,29,ok,234,246,0.951219512195122,22,31,13.247863247863249
apo2mol_1000,KRAS,0,ok,158,160,0.9875,16,23,14.556962025316457
apo2mol_1000,KRAS,1,ok,158,160,0.9875,4,7,4.430379746835443
apo2mol_1000,KRAS,2,ok,158,160,0.9875,7,10,6.329113924050633
apo2mol_1000,KRAS,3,ok,158,160,0.9875,3,5,3.1645569620253164
apo2mol_1000,KRAS,4,ok,158,160,0.9875,9,15,9.49367088607595
apo2mol_1000,KRAS,5,ok,158,160,0.9875,7,11,6.962025316455696
apo2mol_1000,KRAS,6,ok,158,160,0.9875,5,9,5.69620253164557
apo2mol_1000,KRAS,7,ok,158,160,0.9875,10,16,10.126582278481012
apo2mol_1000,KRAS,8,ok,158,160,0.9875,11,18,11.39240506329114
apo2mol_1000,KRAS,9,ok,158,160,0.9875,16,17,10.759493670886076
apo2mol_1000,KRAS,10,ok,158,160,0.9875,14,16,10.126582278481012
apo2mol_1000,KRAS,11,ok,158,160,0.9875,14,18,11.39240506329114
apo2mol_1000,KRAS,12,ok,158,160,0.9875,2,4,2.5316455696202533
apo2mol_1000,KRAS,13,ok,158,160,0.9875,8,13,8.227848101265822
apo2mol_1000,KRAS,14,ok,158,160,0.9875,5,9,5.69620253164557
apo2mol_1000,KRAS,15,ok,158,160,0.9875,7,10,6.329113924050633
apo2mol_1000,KRAS,16,ok,158,160,0.9875,4,8,5.063291139240507
apo2mol_1000,KRAS,17,ok,158,160,0.9875,5,8,5.063291139240507
apo2mol_1000,KRAS,18,ok,158,160,0.9875,11,12,7.594936708860759
apo2mol_1000,KRAS,19,ok,158,160,0.9875,2,3,1.8987341772151896
apo2mol_1000,KRAS,20,ok,158,160,0.9875,4,7,4.430379746835443
apo2mol_1000,KRAS,21,ok,158,160,0.9875,6,9,5.69620253164557
apo2mol_1000,KRAS,22,ok,158,160,0.9875,10,14,8.860759493670885
apo2mol_1000,KRAS,23,ok,158,160,0.9875,9,17,10.759493670886076
apo2mol_1000,KRAS,24,ok,158,160,0.9875,7,12,7.594936708860759
apo2mol_1000,KRAS,25,ok,158,160,0.9875,9,15,9.49367088607595
apo2mol_1000,KRAS,26,ok,158,160,0.9875,7,8,5.063291139240507
apo2mol_1000,KRAS,27,ok,158,160,0.9875,14,20,12.658227848101266
apo2mol_1000,KRAS,28,ok,158,160,0.9875,4,7,4.430379746835443
apo2mol_1000,KRAS,29,ok,158,160,0.9875,14,19,12.025316455696204
apo2mol_1000,cAbl,0,ok,179,179,1.0,1,2,1.11731843575419
apo2mol_1000,cAbl,1,ok,179,179,1.0,7,11,6.145251396648045
apo2mol_1000,cAbl,2,ok,179,179,1.0,6,11,6.145251396648045
apo2mol_1000,cAbl,3,ok,179,179,1.0,5,7,3.910614525139665
apo2mol_1000,cAbl,4,ok,179,179,1.0,19,25,13.966480446927374
apo2mol_1000,cAbl,5,ok,179,179,1.0,9,15,8.379888268156424
apo2mol_1000,cAbl,6,ok,179,179,1.0,3,6,3.35195530726257
apo2mol_1000,cAbl,7,ok,179,179,1.0,18,26,14.525139664804469
apo2mol_1000,cAbl,8,ok,179,179,1.0,4,7,3.910614525139665
apo2mol_1000,cAbl,9,ok,179,179,1.0,4,6,3.35195530726257
apo2mol_1000,cAbl,10,ok,179,179,1.0,3,6,3.35195530726257
apo2mol_1000,cAbl,11,ok,179,179,1.0,22,23,12.849162011173185
apo2mol_1000,cAbl,12,ok,179,179,1.0,8,10,5.58659217877095
apo2mol_1000,cAbl,13,ok,179,179,1.0,10,13,7.262569832402234
apo2mol_1000,cAbl,14,ok,179,179,1.0,4,8,4.46927374301676
apo2mol_1000,cAbl,15,ok,179,179,1.0,15,23,12.849162011173185
apo2mol_1000,cAbl,16,ok,179,179,1.0,2,3,1.675977653631285
apo2mol_1000,cAbl,17,ok,179,179,1.0,25,23,12.849162011173185
apo2mol_1000,cAbl,18,ok,179,179,1.0,17,21,11.731843575418994
apo2mol_1000,cAbl,19,ok,179,179,1.0,13,19,10.614525139664805
apo2mol_1000,cAbl,20,ok,179,179,1.0,5,10,5.58659217877095
apo2mol_1000,cAbl,21,ok,179,179,1.0,3,5,2.793296089385475
apo2mol_1000,cAbl,22,ok,179,179,1.0,5,7,3.910614525139665
apo2mol_1000,cAbl,23,ok,179,179,1.0,3,6,3.35195530726257
apo2mol_1000,cAbl,24,ok,179,179,1.0,11,17,9.497206703910615
apo2mol_1000,cAbl,25,ok,179,179,1.0,0,0,0.0
apo2mol_1000,cAbl,26,ok,179,179,1.0,18,25,13.966480446927374
apo2mol_1000,cAbl,27,ok,179,179,1.0,8,10,5.58659217877095
apo2mol_1000,cAbl,28,ok,179,179,1.0,6,9,5.027932960893855
apo2mol_1000,cAbl,29,ok,179,179,1.0,15,19,10.614525139664805
apo2mol_1000,HIF2alpha,0,ok,172,172,1.0,9,12,6.976744186046512
apo2mol_1000,HIF2alpha,1,ok,172,172,1.0,3,5,2.9069767441860463
apo2mol_1000,HIF2alpha,2,ok,172,172,1.0,9,12,6.976744186046512
apo2mol_1000,HIF2alpha,3,ok,172,172,1.0,3,6,3.488372093023256
apo2mol_1000,HIF2alpha,4,ok,172,172,1.0,4,4,2.3255813953488373
apo2mol_1000,HIF2alpha,5,ok,172,172,1.0,4,8,4.651162790697675
apo2mol_1000,HIF2alpha,6,ok,172,172,1.0,5,9,5.232558139534884
apo2mol_1000,HIF2alpha,7,ok,172,172,1.0,6,11,6.395348837209302
apo2mol_1000,HIF2alpha,8,ok,172,172,1.0,5,8,4.651162790697675
apo2mol_1000,HIF2alpha,9,ok,172,172,1.0,4,8,4.651162790697675
apo2mol_1000,HIF2alpha,10,ok,172,172,1.0,7,13,7.558139534883721
apo2mol_1000,HIF2alpha,11,ok,172,172,1.0,3,6,3.488372093023256
apo2mol_1000,HIF2alpha,12,ok,172,172,1.0,6,10,5.813953488372093
apo2mol_1000,HIF2alpha,13,ok,172,172,1.0,8,12,6.976744186046512
apo2mol_1000,HIF2alpha,14,ok,172,172,1.0,6,12,6.976744186046512
apo2mol_1000,HIF2alpha,15,ok,172,172,1.0,2,4,2.3255813953488373
apo2mol_1000,HIF2alpha,16,ok,172,172,1.0,7,13,7.558139534883721
apo2mol_1000,HIF2alpha,17,ok,172,172,1.0,16,22,12.790697674418604
apo2mol_1000,HIF2alpha,18,ok,172,172,1.0,0,0,0.0
apo2mol_1000,HIF2alpha,19,ok,172,172,1.0,11,20,11.627906976744184
apo2mol_1000,HIF2alpha,20,ok,172,172,1.0,4,7,4.069767441860465
apo2mol_1000,HIF2alpha,21,ok,172,172,1.0,22,35,20.348837209302324
apo2mol_1000,HIF2alpha,22,ok,172,172,1.0,25,29,16.86046511627907
apo2mol_1000,HIF2alpha,23,ok,172,172,1.0,10,16,9.30232558139535
apo2mol_1000,HIF2alpha,24,ok,172,172,1.0,6,9,5.232558139534884
apo2mol_1000,HIF2alpha,25,ok,172,172,1.0,10,15,8.720930232558139
apo2mol_1000,HIF2alpha,26,ok,172,172,1.0,5,10,5.813953488372093
apo2mol_1000,HIF2alpha,27,ok,172,172,1.0,2,3,1.744186046511628
apo2mol_1000,HIF2alpha,28,ok,172,172,1.0,0,0,0.0
apo2mol_1000,HIF2alpha,29,ok,172,172,1.0,5,9,5.232558139534884
apo2mol_1000,HIV_RT,0,ok,178,178,1.0,20,25,14.044943820224718
apo2mol_1000,HIV_RT,1,ok,178,178,1.0,35,41,23.03370786516854
apo2mol_1000,HIV_RT,2,ok,178,178,1.0,22,30,16.853932584269664
apo2mol_1000,HIV_RT,3,ok,178,178,1.0,31,40,22.471910112359552
apo2mol_1000,HIV_RT,4,ok,178,178,1.0,33,34,19.10112359550562
apo2mol_1000,HIV_RT,5,ok,178,178,1.0,24,29,16.292134831460675
apo2mol_1000,HIV_RT,6,ok,178,178,1.0,28,37,20.786516853932586
apo2mol_1000,HIV_RT,7,ok,178,178,1.0,20,24,13.48314606741573
apo2mol_1000,HIV_RT,8,ok,178,178,1.0,29,35,19.662921348314608
apo2mol_1000,HIV_RT,9,ok,178,178,1.0,23,26,14.606741573033707
apo2mol_1000,HIV_RT,10,ok,178,178,1.0,24,27,15.168539325842696
apo2mol_1000,HIV_RT,11,ok,178,178,1.0,31,32,17.97752808988764
apo2mol_1000,HIV_RT,12,ok,178,178,1.0,16,20,11.235955056179776
apo2mol_1000,HIV_RT,13,ok,178,178,1.0,22,27,15.168539325842696
apo2mol_1000,HIV_RT,14,ok,178,178,1.0,9,14,7.865168539325842
apo2mol_1000,HIV_RT,15,ok,178,178,1.0,22,23,12.92134831460674
apo2mol_1000,HIV_RT,16,ok,178,178,1.0,20,27,15.168539325842696
apo2mol_1000,HIV_RT,17,ok,178,178,1.0,10,14,7.865168539325842
apo2mol_1000,HIV_RT,18,ok,178,178,1.0,7,11,6.179775280898877
apo2mol_1000,HIV_RT,19,ok,178,178,1.0,10,16,8.98876404494382
apo2mol_1000,HIV_RT,20,ok,178,178,1.0,19,21,11.797752808988765
apo2mol_1000,HIV_RT,21,ok,178,178,1.0,36,41,23.03370786516854
apo2mol_1000,HIV_RT,22,ok,178,178,1.0,19,28,15.730337078651685
apo2mol_1000,HIV_RT,23,ok,178,178,1.0,23,29,16.292134831460675
apo2mol_1000,HIV_RT,24,ok,178,178,1.0,11,13,7.303370786516854
apo2mol_1000,HIV_RT,25,ok,178,178,1.0,22,30,16.853932584269664
apo2mol_1000,HIV_RT,26,ok,178,178,1.0,10,15,8.426966292134832
apo2mol_1000,HIV_RT,27,ok,178,178,1.0,20,19,10.674157303370787
apo2mol_1000,HIV_RT,28,ok,178,178,1.0,11,16,8.98876404494382
apo2mol_1000,HIV_RT,29,ok,178,178,1.0,11,17,9.55056179775281
apo2mol_1000,Menin,0,ok,121,121,1.0,15,20,16.52892561983471
apo2mol_1000,Menin,1,ok,121,121,1.0,17,17,14.049586776859504
apo2mol_1000,Menin,2,ok,121,121,1.0,19,24,19.83471074380165
apo2mol_1000,Menin,3,ok,121,121,1.0,10,18,14.87603305785124
apo2mol_1000,Menin,4,ok,121,121,1.0,25,29,23.96694214876033
apo2mol_1000,Menin,5,ok,121,121,1.0,11,12,9.917355371900827
apo2mol_1000,Menin,6,ok,121,121,1.0,10,17,14.049586776859504
apo2mol_1000,Menin,7,ok,121,121,1.0,10,13,10.743801652892564
apo2mol_1000,Menin,8,ok,121,121,1.0,17,18,14.87603305785124
apo2mol_1000,Menin,9,ok,121,121,1.0,2,4,3.3057851239669422
apo2mol_1000,Menin,10,ok,121,121,1.0,10,15,12.396694214876034
apo2mol_1000,Menin,11,ok,121,121,1.0,6,11,9.090909090909092
apo2mol_1000,Menin,12,ok,121,121,1.0,25,26,21.487603305785125
apo2mol_1000,Menin,13,ok,121,121,1.0,8,12,9.917355371900827
apo2mol_1000,Menin,14,ok,121,121,1.0,11,16,13.223140495867767
apo2mol_1000,Menin,15,ok,121,121,1.0,9,14,11.570247933884298
apo2mol_1000,Menin,16,ok,121,121,1.0,23,23,19.00826446280992
apo2mol_1000,Menin,17,ok,121,121,1.0,3,6,4.958677685950414
apo2mol_1000,Menin,18,ok,121,121,1.0,8,15,12.396694214876034
apo2mol_1000,Menin,19,ok,121,121,1.0,22,30,24.793388429752067
apo2mol_1000,Menin,20,ok,121,121,1.0,20,19,15.702479338842975
apo2mol_1000,Menin,21,ok,121,121,1.0,13,21,17.355371900826448
apo2mol_1000,Menin,22,ok,121,121,1.0,3,5,4.132231404958677
apo2mol_1000,Menin,23,ok,121,121,1.0,4,8,6.6115702479338845
apo2mol_1000,Menin,24,ok,121,121,1.0,10,13,10.743801652892564
apo2mol_1000,Menin,25,ok,121,121,1.0,7,12,9.917355371900827
apo2mol_1000,Menin,26,ok,121,121,1.0,21,22,18.181818181818183
apo2mol_1000,Menin,27,ok,121,121,1.0,9,15,12.396694214876034
apo2mol_1000,Menin,28,ok,121,121,1.0,15,24,19.83471074380165
apo2mol_1000,Menin,29,ok,121,121,1.0,16,22,18.181818181818183
apo2mol_1000,THSR,0,ok,206,206,1.0,13,19,9.223300970873789
apo2mol_1000,THSR,1,ok,206,206,1.0,6,12,5.825242718446602
apo2mol_1000,THSR,2,ok,206,206,1.0,18,28,13.592233009708735
apo2mol_1000,THSR,3,ok,206,206,1.0,19,27,13.106796116504857
apo2mol_1000,THSR,4,ok,206,206,1.0,16,23,11.16504854368932
apo2mol_1000,THSR,5,ok,206,206,1.0,15,22,10.679611650485436
apo2mol_1000,THSR,6,ok,206,206,1.0,19,22,10.679611650485436
apo2mol_1000,THSR,7,ok,206,206,1.0,18,18,8.737864077669903
apo2mol_1000,THSR,8,ok,206,206,1.0,20,30,14.563106796116504
apo2mol_1000,THSR,9,ok,206,206,1.0,7,11,5.339805825242719
apo2mol_1000,THSR,10,ok,206,206,1.0,17,23,11.16504854368932
apo2mol_1000,THSR,11,ok,206,206,1.0,27,33,16.019417475728154
apo2mol_1000,THSR,12,ok,206,206,1.0,12,20,9.70873786407767
apo2mol_1000,THSR,13,ok,206,206,1.0,11,20,9.70873786407767
apo2mol_1000,THSR,14,ok,206,206,1.0,6,11,5.339805825242719
apo2mol_1000,THSR,15,ok,206,206,1.0,19,27,13.106796116504857
apo2mol_1000,THSR,16,ok,206,206,1.0,9,13,6.310679611650485
apo2mol_1000,THSR,17,ok,206,206,1.0,16,21,10.194174757281552
apo2mol_1000,THSR,18,ok,206,206,1.0,5,9,4.368932038834951
apo2mol_1000,THSR,19,ok,206,206,1.0,9,16,7.766990291262136
apo2mol_1000,THSR,20,ok,206,206,1.0,11,17,8.25242718446602
apo2mol_1000,THSR,21,ok,206,206,1.0,26,35,16.990291262135923
apo2mol_1000,THSR,22,ok,206,206,1.0,25,35,16.990291262135923
apo2mol_1000,THSR,23,ok,206,206,1.0,9,13,6.310679611650485
apo2mol_1000,THSR,24,ok,206,206,1.0,10,18,8.737864077669903
apo2mol_1000,THSR,25,ok,206,206,1.0,12,18,8.737864077669903
apo2mol_1000,THSR,26,ok,206,206,1.0,7,12,5.825242718446602
apo2mol_1000,THSR,27,ok,206,206,1.0,8,13,6.310679611650485
apo2mol_1000,THSR,28,ok,206,206,1.0,20,30,14.563106796116504
apo2mol_1000,THSR,29,ok,206,206,1.0,17,25,12.135922330097088
apo2mol_1000,p53_Y220C__4AGQ,0,ok,125,128,0.9765625,1,2,1.6
apo2mol_1000,p53_Y220C__4AGQ,1,ok,125,128,0.9765625,5,7,5.6
apo2mol_1000,p53_Y220C__4AGQ,2,ok,125,128,0.9765625,1,2,1.6
apo2mol_1000,p53_Y220C__4AGQ,3,ok,125,128,0.9765625,2,4,3.2
apo2mol_1000,p53_Y220C__4AGQ,4,ok,125,128,0.9765625,1,2,1.6
apo2mol_1000,p53_Y220C__4AGQ,5,ok,125,128,0.9765625,9,16,12.8
apo2mol_1000,p53_Y220C__4AGQ,6,ok,125,128,0.9765625,0,0,0.0
apo2mol_1000,p53_Y220C__4AGQ,7,ok,125,128,0.9765625,8,10,8.0
apo2mol_1000,p53_Y220C__4AGQ,8,ok,125,128,0.9765625,1,2,1.6
apo2mol_1000,p53_Y220C__4AGQ,9,ok,125,128,0.9765625,8,10,8.0
apo2mol_1000,p53_Y220C__4AGQ,10,ok,125,128,0.9765625,10,15,12.0
apo2mol_1000,p53_Y220C__4AGQ,11,ok,125,128,0.9765625,10,13,10.4
apo2mol_1000,p53_Y220C__4AGQ,12,ok,125,128,0.9765625,1,2,1.6
apo2mol_1000,p53_Y220C__4AGQ,13,ok,125,128,0.9765625,3,6,4.8
apo2mol_1000,p53_Y220C__4AGQ,14,ok,125,128,0.9765625,13,17,13.6
apo2mol_1000,p53_Y220C__4AGQ,15,ok,125,128,0.9765625,4,6,4.8
apo2mol_1000,p53_Y220C__4AGQ,16,ok,125,128,0.9765625,3,4,3.2
apo2mol_1000,p53_Y220C__4AGQ,17,ok,125,128,0.9765625,4,6,4.8
apo2mol_1000,p53_Y220C__4AGQ,18,ok,125,128,0.9765625,6,10,8.0
apo2mol_1000,p53_Y220C__4AGQ,19,ok,125,128,0.9765625,35,31,24.8
apo2mol_1000,p53_Y220C__4AGQ,20,ok,125,128,0.9765625,2,4,3.2
apo2mol_1000,p53_Y220C__4AGQ,21,ok,125,128,0.9765625,6,10,8.0
apo2mol_1000,p53_Y220C__4AGQ,22,ok,125,128,0.9765625,1,2,1.6
apo2mol_1000,p53_Y220C__4AGQ,23,ok,125,128,0.9765625,2,4,3.2
apo2mol_1000,p53_Y220C__4AGQ,24,ok,125,128,0.9765625,6,10,8.0
apo2mol_1000,p53_Y220C__4AGQ,25,ok,125,128,0.9765625,4,6,4.8
apo2mol_1000,p53_Y220C__4AGQ,26,ok,125,128,0.9765625,7,14,11.2
apo2mol_1000,p53_Y220C__4AGQ,27,ok,125,128,0.9765625,4,7,5.6
apo2mol_1000,p53_Y220C__4AGQ,28,ok,125,128,0.9765625,9,14,11.2
apo2mol_1000,p53_Y220C__4AGQ,29,ok,125,128,0.9765625,8,12,9.6
apo2mol_1000,GCGR,0,ok,220,233,0.944206008583691,6,11,5.0
apo2mol_1000,GCGR,1,ok,220,233,0.944206008583691,9,14,6.363636363636363
apo2mol_1000,GCGR,2,ok,220,233,0.944206008583691,3,6,2.727272727272727
apo2mol_1000,GCGR,3,ok,220,233,0.944206008583691,2,4,1.818181818181818
apo2mol_1000,GCGR,4,ok,220,233,0.944206008583691,6,7,3.1818181818181817
apo2mol_1000,GCGR,5,ok,220,233,0.944206008583691,16,19,8.636363636363637
apo2mol_1000,GCGR,6,ok,220,233,0.944206008583691,15,23,10.454545454545457
apo2mol_1000,GCGR,7,ok,220,233,0.944206008583691,4,6,2.727272727272727
apo2mol_1000,GCGR,8,ok,220,233,0.944206008583691,13,18,8.181818181818182
apo2mol_1000,GCGR,9,ok,220,233,0.944206008583691,3,5,2.272727272727273
apo2mol_1000,GCGR,10,ok,220,233,0.944206008583691,4,8,3.636363636363636
apo2mol_1000,GCGR,11,ok,220,233,0.944206008583691,29,29,13.181818181818182
apo2mol_1000,GCGR,12,ok,220,233,0.944206008583691,9,12,5.454545454545454
apo2mol_1000,GCGR,13,ok,220,233,0.944206008583691,20,26,11.818181818181818
apo2mol_1000,GCGR,14,ok,220,233,0.944206008583691,14,20,9.090909090909092
apo2mol_1000,GCGR,15,ok,220,233,0.944206008583691,1,2,0.9090909090909092
apo2mol_1000,GCGR,16,ok,220,233,0.944206008583691,8,15,6.818181818181818
apo2mol_1000,GCGR,17,ok,220,233,0.944206008583691,8,10,4.545454545454546
apo2mol_1000,GCGR,18,ok,220,233,0.944206008583691,3,5,2.272727272727273
apo2mol_1000,GCGR,19,ok,220,233,0.944206008583691,10,14,6.363636363636363
apo2mol_1000,GCGR,20,ok,220,233,0.944206008583691,19,29,13.181818181818182
apo2mol_1000,GCGR,21,ok,220,233,0.944206008583691,12,15,6.818181818181818
apo2mol_1000,GCGR,22,ok,220,233,0.944206008583691,26,28,12.727272727272728
apo2mol_1000,GCGR,23,ok,220,233,0.944206008583691,13,17,7.727272727272727
apo2mol_1000,GCGR,24,ok,220,233,0.944206008583691,13,16,7.272727272727272
apo2mol_1000,GCGR,25,ok,220,233,0.944206008583691,4,4,1.818181818181818
apo2mol_1000,GCGR,26,ok,220,233,0.944206008583691,1,2,0.9090909090909092
apo2mol_1000,GCGR,27,ok,220,233,0.944206008583691,4,8,3.636363636363636
apo2mol_1000,GCGR,28,ok,220,233,0.944206008583691,13,18,8.181818181818182
apo2mol_1000,GCGR,29,ok,220,233,0.944206008583691,12,17,7.727272727272727
apo2mol_1000,THSR__7UTZ,0,ok,186,186,1.0,4,8,4.301075268817204
apo2mol_1000,THSR__7UTZ,1,ok,186,186,1.0,10,13,6.989247311827957
apo2mol_1000,THSR__7UTZ,2,ok,186,186,1.0,4,8,4.301075268817204
apo2mol_1000,THSR__7UTZ,3,ok,186,186,1.0,3,5,2.6881720430107525
apo2mol_1000,THSR__7UTZ,4,ok,186,186,1.0,8,14,7.526881720430108
apo2mol_1000,THSR__7UTZ,5,ok,186,186,1.0,12,20,10.75268817204301
apo2mol_1000,THSR__7UTZ,6,ok,186,186,1.0,8,12,6.451612903225806
apo2mol_1000,THSR__7UTZ,7,ok,186,186,1.0,17,19,10.21505376344086
apo2mol_1000,THSR__7UTZ,8,ok,186,186,1.0,9,15,8.064516129032258
apo2mol_1000,THSR__7UTZ,9,ok,186,186,1.0,4,8,4.301075268817204
apo2mol_1000,THSR__7UTZ,10,ok,186,186,1.0,6,11,5.913978494623656
apo2mol_1000,THSR__7UTZ,11,ok,186,186,1.0,3,5,2.6881720430107525
apo2mol_1000,THSR__7UTZ,12,ok,186,186,1.0,4,6,3.225806451612903
apo2mol_1000,THSR__7UTZ,13,ok,186,186,1.0,5,7,3.763440860215054
apo2mol_1000,THSR__7UTZ,14,ok,186,186,1.0,15,22,11.827956989247312
apo2mol_1000,THSR__7UTZ,15,ok,186,186,1.0,11,18,9.67741935483871
apo2mol_1000,THSR__7UTZ,16,ok,186,186,1.0,11,17,9.13978494623656
apo2mol_1000,THSR__7UTZ,17,ok,186,186,1.0,6,10,5.376344086021505
apo2mol_1000,THSR__7UTZ,18,ok,186,186,1.0,16,19,10.21505376344086
apo2mol_1000,THSR__7UTZ,19,ok,186,186,1.0,5,8,4.301075268817204
apo2mol_1000,THSR__7UTZ,20,ok,186,186,1.0,0,0,0.0
apo2mol_1000,THSR__7UTZ,21,ok,186,186,1.0,8,12,6.451612903225806
apo2mol_1000,THSR__7UTZ,22,ok,186,186,1.0,9,12,6.451612903225806
apo2mol_1000,THSR__7UTZ,23,ok,186,186,1.0,11,13,6.989247311827957
apo2mol_1000,THSR__7UTZ,24,ok,186,186,1.0,0,0,0.0
apo2mol_1000,THSR__7UTZ,25,ok,186,186,1.0,7,12,6.451612903225806
apo2mol_1000,THSR__7UTZ,26,ok,186,186,1.0,8,13,6.989247311827957
apo2mol_1000,THSR__7UTZ,27,ok,186,186,1.0,17,24,12.903225806451612
apo2mol_1000,THSR__7UTZ,28,ok,186,186,1.0,7,13,6.989247311827957
apo2mol_1000,THSR__7UTZ,29,ok,186,186,1.0,5,10,5.376344086021505
apo2mol_1000,HIV1_CA,0,ok,124,129,0.9612403100775194,4,7,5.645161290322581
apo2mol_1000,HIV1_CA,1,ok,124,129,0.9612403100775194,3,6,4.838709677419355
apo2mol_1000,HIV1_CA,2,ok,124,129,0.9612403100775194,12,21,16.93548387096774
apo2mol_1000,HIV1_CA,3,ok,124,129,0.9612403100775194,3,5,4.032258064516129
apo2mol_1000,HIV1_CA,4,ok,124,129,0.9612403100775194,4,7,5.645161290322581
apo2mol_1000,HIV1_CA,5,ok,124,129,0.9612403100775194,3,5,4.032258064516129
apo2mol_1000,HIV1_CA,6,ok,124,129,0.9612403100775194,1,2,1.6129032258064515
apo2mol_1000,HIV1_CA,7,ok,124,129,0.9612403100775194,6,10,8.064516129032258
apo2mol_1000,HIV1_CA,8,ok,124,129,0.9612403100775194,8,15,12.096774193548388
apo2mol_1000,HIV1_CA,9,ok,124,129,0.9612403100775194,12,18,14.516129032258064
apo2mol_1000,HIV1_CA,10,ok,124,129,0.9612403100775194,0,0,0.0
apo2mol_1000,HIV1_CA,11,ok,124,129,0.9612403100775194,4,7,5.645161290322581
apo2mol_1000,HIV1_CA,12,ok,124,129,0.9612403100775194,2,3,2.419354838709677
apo2mol_1000,HIV1_CA,13,ok,124,129,0.9612403100775194,5,6,4.838709677419355
apo2mol_1000,HIV1_CA,14,ok,124,129,0.9612403100775194,1,2,1.6129032258064515
apo2mol_1000,HIV1_CA,15,ok,124,129,0.9612403100775194,10,15,12.096774193548388
apo2mol_1000,HIV1_CA,16,ok,124,129,0.9612403100775194,11,19,15.32258064516129
apo2mol_1000,HIV1_CA,17,ok,124,129,0.9612403100775194,1,2,1.6129032258064515
apo2mol_1000,HIV1_CA,18,ok,124,129,0.9612403100775194,9,12,9.67741935483871
apo2mol_1000,HIV1_CA,19,ok,124,129,0.9612403100775194,4,7,5.645161290322581
apo2mol_1000,HIV1_CA,20,ok,124,129,0.9612403100775194,5,10,8.064516129032258
apo2mol_1000,HIV1_CA,21,ok,124,129,0.9612403100775194,2,4,3.225806451612903
apo2mol_1000,HIV1_CA,22,ok,124,129,0.9612403100775194,7,13,10.483870967741936
apo2mol_1000,HIV1_CA,23,ok,124,129,0.9612403100775194,3,5,4.032258064516129
apo2mol_1000,HIV1_CA,24,ok,124,129,0.9612403100775194,3,5,4.032258064516129
apo2mol_1000,HIV1_CA,25,ok,124,129,0.9612403100775194,5,9,7.258064516129032
apo2mol_1000,HIV1_CA,26,ok,124,129,0.9612403100775194,2,4,3.225806451612903
apo2mol_1000,HIV1_CA,27,ok,124,129,0.9612403100775194,4,6,4.838709677419355
apo2mol_1000,HIV1_CA,28,ok,124,129,0.9612403100775194,4,8,6.451612903225806
apo2mol_1000,HIV1_CA,29,ok,124,129,0.9612403100775194,3,5,4.032258064516129
apo2mol_1000,HIF2alpha__6D0B,0,ok,204,204,1.0,5,9,4.411764705882353
apo2mol_1000,HIF2alpha__6D0B,1,ok,204,204,1.0,7,12,5.882352941176471
apo2mol_1000,HIF2alpha__6D0B,2,ok,204,204,1.0,6,8,3.92156862745098
apo2mol_1000,HIF2alpha__6D0B,3,ok,204,204,1.0,5,8,3.92156862745098
apo2mol_1000,HIF2alpha__6D0B,4,ok,204,204,1.0,2,4,1.96078431372549
apo2mol_1000,HIF2alpha__6D0B,5,ok,204,204,1.0,18,27,13.235294117647058
apo2mol_1000,HIF2alpha__6D0B,6,ok,204,204,1.0,9,13,6.372549019607843
apo2mol_1000,HIF2alpha__6D0B,7,ok,204,204,1.0,7,13,6.372549019607843
apo2mol_1000,HIF2alpha__6D0B,8,ok,204,204,1.0,14,20,9.803921568627452
apo2mol_1000,HIF2alpha__6D0B,9,ok,204,204,1.0,17,20,9.803921568627452
apo2mol_1000,HIF2alpha__6D0B,10,ok,204,204,1.0,6,10,4.901960784313726
apo2mol_1000,HIF2alpha__6D0B,11,ok,204,204,1.0,16,23,11.27450980392157
apo2mol_1000,HIF2alpha__6D0B,12,ok,204,204,1.0,14,17,8.333333333333334
apo2mol_1000,HIF2alpha__6D0B,13,ok,204,204,1.0,10,16,7.84313725490196
apo2mol_1000,HIF2alpha__6D0B,14,ok,204,204,1.0,18,20,9.803921568627452
apo2mol_1000,HIF2alpha__6D0B,15,ok,204,204,1.0,12,21,10.294117647058824
apo2mol_1000,HIF2alpha__6D0B,16,ok,204,204,1.0,13,20,9.803921568627452
apo2mol_1000,HIF2alpha__6D0B,17,ok,204,204,1.0,20,24,11.764705882352942
apo2mol_1000,HIF2alpha__6D0B,18,ok,204,204,1.0,13,17,8.333333333333334
apo2mol_1000,HIF2alpha__6D0B,19,ok,204,204,1.0,18,21,10.294117647058824
apo2mol_1000,HIF2alpha__6D0B,20,ok,204,204,1.0,7,12,5.882352941176471
apo2mol_1000,HIF2alpha__6D0B,21,ok,204,204,1.0,13,19,9.31372549019608
apo2mol_1000,HIF2alpha__6D0B,22,ok,204,204,1.0,14,17,8.333333333333334
apo2mol_1000,HIF2alpha__6D0B,23,ok,204,204,1.0,2,4,1.96078431372549
apo2mol_1000,HIF2alpha__6D0B,24,ok,204,204,1.0,29,37,18.137254901960784
apo2mol_1000,HIF2alpha__6D0B,25,ok,204,204,1.0,3,6,2.9411764705882355
apo2mol_1000,HIF2alpha__6D0B,26,ok,204,204,1.0,21,31,15.196078431372548
apo2mol_1000,HIF2alpha__6D0B,27,ok,204,204,1.0,18,23,11.27450980392157
apo2mol_1000,HIF2alpha__6D0B,28,ok,204,204,1.0,4,7,3.431372549019608
apo2mol_1000,HIF2alpha__6D0B,29,ok,204,204,1.0,2,4,1.96078431372549
apo2mol_1000,HIV_RT__3V81,0,ok,154,154,1.0,27,33,21.428571428571427
apo2mol_1000,HIV_RT__3V81,1,ok,154,154,1.0,11,11,7.142857142857143
apo2mol_1000,HIV_RT__3V81,2,ok,154,154,1.0,17,20,12.987012987012989
apo2mol_1000,HIV_RT__3V81,3,ok,154,154,1.0,14,24,15.584415584415584
apo2mol_1000,HIV_RT__3V81,4,ok,154,154,1.0,15,16,10.38961038961039
apo2mol_1000,HIV_RT__3V81,5,ok,154,154,1.0,11,13,8.441558441558442
apo2mol_1000,HIV_RT__3V81,6,ok,154,154,1.0,25,27,17.532467532467532
apo2mol_1000,HIV_RT__3V81,7,ok,154,154,1.0,3,5,3.2467532467532467
apo2mol_1000,HIV_RT__3V81,8,ok,154,154,1.0,34,39,25.32467532467533
apo2mol_1000,HIV_RT__3V81,9,ok,154,154,1.0,8,15,9.74025974025974
apo2mol_1000,HIV_RT__3V81,10,ok,154,154,1.0,27,27,17.532467532467532
apo2mol_1000,HIV_RT__3V81,11,ok,154,154,1.0,6,10,6.493506493506493
apo2mol_1000,HIV_RT__3V81,12,ok,154,154,1.0,18,23,14.935064935064934
apo2mol_1000,HIV_RT__3V81,13,ok,154,154,1.0,24,29,18.83116883116883
apo2mol_1000,HIV_RT__3V81,14,ok,154,154,1.0,15,16,10.38961038961039
apo2mol_1000,HIV_RT__3V81,15,ok,154,154,1.0,10,15,9.74025974025974
apo2mol_1000,HIV_RT__3V81,16,ok,154,154,1.0,4,8,5.194805194805195
apo2mol_1000,HIV_RT__3V81,17,ok,154,154,1.0,22,21,13.636363636363637
apo2mol_1000,HIV_RT__3V81,18,ok,154,154,1.0,13,16,10.38961038961039
apo2mol_1000,HIV_RT__3V81,19,ok,154,154,1.0,16,14,9.090909090909092
apo2mol_1000,HIV_RT__3V81,20,ok,154,154,1.0,6,8,5.194805194805195
apo2mol_1000,HIV_RT__3V81,21,ok,154,154,1.0,8,15,9.74025974025974
apo2mol_1000,HIV_RT__3V81,22,ok,154,154,1.0,11,13,8.441558441558442
apo2mol_1000,HIV_RT__3V81,23,ok,154,154,1.0,17,19,12.337662337662335
apo2mol_1000,HIV_RT__3V81,24,ok,154,154,1.0,25,30,19.48051948051948
apo2mol_1000,HIV_RT__3V81,25,ok,154,154,1.0,24,28,18.181818181818183
apo2mol_1000,HIV_RT__3V81,26,ok,154,154,1.0,9,12,7.792207792207792
apo2mol_1000,HIV_RT__3V81,27,ok,154,154,1.0,20,24,15.584415584415584
apo2mol_1000,HIV_RT__3V81,28,ok,154,154,1.0,21,26,16.883116883116884
apo2mol_1000,HIV_RT__3V81,29,ok,154,154,1.0,5,8,5.194805194805195
boltz2,GCGR,0,ok,230,233,0.9871244635193132,1,2,0.8695652173913043
confornet_nomsa,p53_Y220C__4AGQ,0,ok,128,128,1.0,0,0,0.0
confornet_nomsa,THSR__7UTZ,0,ok,186,186,1.0,0,0,0.0
confornet_nomsa,cAbl,0,ok,179,179,1.0,0,0,0.0
confornet_nomsa,CB1,0,ok,246,246,1.0,0,0,0.0
confornet_nomsa,HIV1_CA,0,ok,126,129,0.9767441860465116,0,0,0.0
confornet_nomsa,HIF2alpha__6D0B,0,ok,204,204,1.0,0,0,0.0
confornet_nomsa,THSR,0,ok,206,206,1.0,0,0,0.0
confornet_nomsa,HIV_RT,0,ok,178,178,1.0,0,0,0.0
bioemu_refine,cAbl,0,ok,179,179,1.0,0,0,0.0
boltz2,cAbl,0,ok,179,179,1.0,1,2,1.11731843575419
confornet_nomsa,HIV_RT__3V81,0,ok,154,154,1.0,0,0,0.0
confornet_nomsa,KRAS,0,ok,158,160,0.9875,0,0,0.0
confornet_nomsa,Menin,0,ok,121,121,1.0,0,0,0.0
confornet_nomsa,HIF2alpha,0,ok,172,172,1.0,0,0,0.0
esmfold2,GCGR,0,ok,230,233,0.9871244635193132,1,2,0.8695652173913043
esmfold2,cAbl,0,ok,179,179,1.0,0,0,0.0
bioemu_refine,GCGR,0,ok,230,233,0.9871244635193132,2,4,1.7391304347826086
confornet_nomsa,GCGR,0,ok,228,233,0.9785407725321889,0,0,0.0
confornet_nomsa,p53_Y220C,0,ok,138,138,1.0,0,0,0.0
confornet_nomsa,GCGR,1,ok,228,233,0.9785407725321889,0,0,0.0
esmfold2,cAbl,1,ok,179,179,1.0,0,0,0.0
esmfold2,GCGR,1,ok,230,233,0.9871244635193132,1,2,0.8695652173913043
confornet_nomsa,HIF2alpha,1,ok,172,172,1.0,0,0,0.0
confornet_nomsa,Menin,1,ok,121,121,1.0,0,0,0.0
confornet_nomsa,HIV_RT__3V81,1,ok,154,154,1.0,0,0,0.0
confornet_nomsa,KRAS,1,ok,158,160,0.9875,0,0,0.0
boltz2,cAbl,1,ok,179,179,1.0,0,0,0.0
confornet_nomsa,HIV_RT,1,ok,178,178,1.0,0,0,0.0
confornet_nomsa,HIF2alpha__6D0B,1,ok,204,204,1.0,0,0,0.0
confornet_nomsa,HIV1_CA,1,ok,126,129,0.9767441860465116,0,0,0.0
confornet_nomsa,CB1,1,ok,246,246,1.0,0,0,0.0
confornet_nomsa,THSR__7UTZ,1,ok,186,186,1.0,0,0,0.0
confornet_nomsa,cAbl,1,ok,179,179,1.0,0,0,0.0
confornet_nomsa,p53_Y220C__4AGQ,1,ok,128,128,1.0,0,0,0.0
confornet_nomsa,THSR,1,ok,206,206,1.0,0,0,0.0
confornet_nomsa,p53_Y220C,1,ok,138,138,1.0,0,0,0.0
boltz2,GCGR,1,ok,230,233,0.9871244635193132,1,2,0.8695652173913043
confornet_nomsa,GCGR,2,ok,228,233,0.9785407725321889,0,0,0.0
confornet_nomsa,p53_Y220C__4AGQ,2,ok,128,128,1.0,0,0,0.0
boltz2,GCGR,2,ok,230,233,0.9871244635193132,1,2,0.8695652173913043
confornet_nomsa,HIF2alpha__6D0B,2,ok,204,204,1.0,0,0,0.0
confornet_nomsa,HIF2alpha,2,ok,172,172,1.0,0,0,0.0
confornet_nomsa,HIV1_CA,2,ok,126,129,0.9767441860465116,0,0,0.0
confornet_nomsa,HIV_RT__3V81,2,ok,154,154,1.0,0,0,0.0
boltz2,cAbl,2,ok,179,179,1.0,0,0,0.0
confornet_nomsa,CB1,2,ok,246,246,1.0,0,0,0.0
esmfold2,GCGR,2,ok,230,233,0.9871244635193132,1,2,0.8695652173913043
confornet_nomsa,Menin,2,ok,121,121,1.0,0,0,0.0
confornet_nomsa,HIV_RT,2,ok,178,178,1.0,0,0,0.0
confornet_nomsa,KRAS,2,ok,158,160,0.9875,0,0,0.0
confornet_nomsa,THSR,2,ok,206,206,1.0,0,0,0.0
confornet_nomsa,THSR__7UTZ,2,ok,186,186,1.0,0,0,0.0
esmfold2,cAbl,2,ok,179,179,1.0,0,0,0.0
confornet_nomsa,p53_Y220C,2,ok,138,138,1.0,0,0,0.0
confornet_nomsa,cAbl,2,ok,179,179,1.0,0,0,0.0
confornet_nomsa,CB1,3,ok,246,246,1.0,0,0,0.0
confornet_nomsa,THSR,3,ok,206,206,1.0,0,0,0.0
boltz2,cAbl,3,ok,179,179,1.0,0,0,0.0
confornet_nomsa,HIV_RT__3V81,3,ok,154,154,1.0,0,0,0.0
confornet_nomsa,HIV_RT,3,ok,178,178,1.0,0,0,0.0
confornet_nomsa,HIV1_CA,3,ok,126,129,0.9767441860465116,0,0,0.0
confornet_nomsa,THSR__7UTZ,3,ok,186,186,1.0,0,0,0.0
esmfold2,cAbl,3,ok,179,179,1.0,0,0,0.0
confornet_nomsa,cAbl,3,ok,179,179,1.0,0,0,0.0
confornet_nomsa,HIF2alpha__6D0B,3,ok,204,204,1.0,0,0,0.0
confornet_nomsa,p53_Y220C__4AGQ,3,ok,128,128,1.0,0,0,0.0
esmfold2,GCGR,3,ok,230,233,0.9871244635193132,1,2,0.8695652173913043
confornet_nomsa,Menin,3,ok,121,121,1.0,0,0,0.0
confornet_nomsa,KRAS,3,ok,158,160,0.9875,0,0,0.0
confornet_nomsa,HIF2alpha,3,ok,172,172,1.0,0,0,0.0
boltz2,GCGR,3,ok,230,233,0.9871244635193132,1,2,0.8695652173913043
confornet_nomsa,p53_Y220C,3,ok,138,138,1.0,0,0,0.0
confornet_nomsa,GCGR,3,ok,228,233,0.9785407725321889,0,0,0.0
boltz2,GCGR,4,ok,230,233,0.9871244635193132,2,4,1.7391304347826086
confornet_nomsa,GCGR,4,ok,228,233,0.9785407725321889,0,0,0.0
confornet_nomsa,p53_Y220C,4,ok,138,138,1.0,0,0,0.0
confornet_nomsa,cAbl,4,ok,179,179,1.0,0,0,0.0
confornet_nomsa,Menin,4,ok,121,121,1.0,0,0,0.0
confornet_nomsa,KRAS,4,ok,158,160,0.9875,0,0,0.0
esmfold2,GCGR,4,ok,230,233,0.9871244635193132,1,2,0.8695652173913043
confornet_nomsa,p53_Y220C__4AGQ,4,ok,128,128,1.0,0,0,0.0
confornet_nomsa,HIF2alpha__6D0B,4,ok,204,204,1.0,0,0,0.0
confornet_nomsa,HIF2alpha,4,ok,172,172,1.0,0,0,0.0
esmfold2,cAbl,4,ok,179,179,1.0,0,0,0.0
confornet_nomsa,THSR__7UTZ,4,ok,186,186,1.0,0,0,0.0
confornet_nomsa,HIV1_CA,4,ok,126,129,0.9767441860465116,0,0,0.0
boltz2,cAbl,4,ok,179,179,1.0,1,2,1.11731843575419
confornet_nomsa,HIV_RT__3V81,4,ok,154,154,1.0,0,0,0.0
confornet_nomsa,HIV_RT,4,ok,178,178,1.0,0,0,0.0
confornet_nomsa,CB1,4,ok,246,246,1.0,0,0,0.0
confornet_nomsa,THSR,4,ok,206,206,1.0,0,0,0.0
boltz2,GCGR,5,ok,230,233,0.9871244635193132,1,2,0.8695652173913043
confornet_nomsa,GCGR,5,ok,228,233,0.9785407725321889,0,0,0.0
confornet_nomsa,p53_Y220C,5,ok,138,138,1.0,0,0,0.0
confornet_nomsa,cAbl,5,ok,179,179,1.0,0,0,0.0
confornet_nomsa,HIF2alpha__6D0B,5,ok,204,204,1.0,0,0,0.0
confornet_nomsa,HIV_RT,5,ok,178,178,1.0,0,0,0.0
confornet_nomsa,HIV_RT__3V81,5,ok,154,154,1.0,0,0,0.0
confornet_nomsa,HIV1_CA,5,ok,126,129,0.9767441860465116,0,0,0.0
boltz2,cAbl,5,ok,179,179,1.0,1,2,1.11731843575419
confornet_nomsa,KRAS,5,ok,158,160,0.9875,0,0,0.0
confornet_nomsa,Menin,5,ok,121,121,1.0,0,0,0.0
confornet_nomsa,CB1,5,ok,246,246,1.0,0,0,0.0
confornet_nomsa,HIF2alpha,5,ok,172,172,1.0,0,0,0.0
esmfold2,cAbl,5,ok,179,179,1.0,0,0,0.0
confornet_nomsa,p53_Y220C__4AGQ,5,ok,128,128,1.0,0,0,0.0
confornet_nomsa,THSR,5,ok,206,206,1.0,0,0,0.0
confornet_nomsa,THSR__7UTZ,5,ok,186,186,1.0,0,0,0.0
esmfold2,GCGR,5,ok,230,233,0.9871244635193132,1,2,0.8695652173913043
confornet_nomsa,HIF2alpha__6D0B,6,ok,204,204,1.0,0,0,0.0
confornet_nomsa,HIV_RT__3V81,6,ok,154,154,1.0,0,0,0.0
boltz2,cAbl,6,ok,179,179,1.0,0,0,0.0
confornet_nomsa,HIV1_CA,6,ok,126,129,0.9767441860465116,0,0,0.0
confornet_nomsa,Menin,6,ok,121,121,1.0,0,0,0.0
confornet_nomsa,KRAS,6,ok,158,160,0.9875,0,0,0.0
confornet_nomsa,cAbl,6,ok,179,179,1.0,0,0,0.0
confornet_nomsa,p53_Y220C,6,ok,138,138,1.0,0,0,0.0
boltz2,GCGR,6,ok,230,233,0.9871244635193132,1,2,0.8695652173913043
confornet_nomsa,HIV_RT,6,ok,178,178,1.0,0,0,0.0
confornet_nomsa,THSR__7UTZ,6,ok,186,186,1.0,0,0,0.0
confornet_nomsa,p53_Y220C__4AGQ,6,ok,128,128,1.0,0,0,0.0
confornet_nomsa,THSR,6,ok,206,206,1.0,0,0,0.0
confornet_nomsa,HIF2alpha,6,ok,172,172,1.0,0,0,0.0
confornet_nomsa,CB1,6,ok,246,246,1.0,0,0,0.0
esmfold2,GCGR,6,ok,230,233,0.9871244635193132,1,2,0.8695652173913043
confornet_nomsa,GCGR,6,ok,228,233,0.9785407725321889,0,0,0.0
esmfold2,cAbl,6,ok,179,179,1.0,0,0,0.0
confornet_nomsa,THSR__7UTZ,7,ok,186,186,1.0,1,2,1.075268817204301
esmfold2,cAbl,7,ok,179,179,1.0,0,0,0.0
confornet_nomsa,cAbl,7,ok,179,179,1.0,0,0,0.0
confornet_nomsa,p53_Y220C__4AGQ,7,ok,128,128,1.0,0,0,0.0
confornet_nomsa,THSR,7,ok,206,206,1.0,1,2,0.970873786407767
confornet_nomsa,KRAS,7,ok,158,160,0.9875,0,0,0.0
confornet_nomsa,Menin,7,ok,121,121,1.0,0,0,0.0
confornet_nomsa,HIV_RT__3V81,7,ok,154,154,1.0,0,0,0.0
confornet_nomsa,HIV_RT,7,ok,178,178,1.0,0,0,0.0
confornet_nomsa,HIV1_CA,7,ok,126,129,0.9767441860465116,0,0,0.0
confornet_nomsa,HIF2alpha__6D0B,7,ok,204,204,1.0,0,0,0.0
boltz2,cAbl,7,ok,179,179,1.0,1,2,1.11731843575419
confornet_nomsa,HIF2alpha,7,ok,172,172,1.0,0,0,0.0
confornet_nomsa,GCGR,7,ok,228,233,0.9785407725321889,0,0,0.0
boltz2,GCGR,7,ok,230,233,0.9871244635193132,1,2,0.8695652173913043
confornet_nomsa,p53_Y220C,7,ok,138,138,1.0,0,0,0.0
esmfold2,GCGR,7,ok,230,233,0.9871244635193132,1,2,0.8695652173913043
confornet_nomsa,CB1,7,ok,246,246,1.0,0,0,0.0
confornet_nomsa,KRAS,8,ok,158,160,0.9875,0,0,0.0
confornet_nomsa,HIF2alpha__6D0B,8,ok,204,204,1.0,0,0,0.0
confornet_nomsa,HIV_RT__3V81,8,ok,154,154,1.0,0,0,0.0
confornet_nomsa,HIV_RT,8,ok,178,178,1.0,1,2,1.1235955056179776
boltz2,cAbl,8,ok,179,179,1.0,0,0,0.0
confornet_nomsa,HIV1_CA,8,ok,126,129,0.9767441860465116,0,0,0.0
confornet_nomsa,cAbl,8,ok,179,179,1.0,0,0,0.0
confornet_nomsa,THSR,8,ok,206,206,1.0,0,0,0.0
confornet_nomsa,p53_Y220C__4AGQ,8,ok,128,128,1.0,0,0,0.0
esmfold2,cAbl,8,ok,179,179,1.0,0,0,0.0
confornet_nomsa,THSR__7UTZ,8,ok,186,186,1.0,0,0,0.0
confornet_nomsa,Menin,8,ok,121,121,1.0,0,0,0.0
confornet_nomsa,CB1,8,ok,246,246,1.0,0,0,0.0
esmfold2,GCGR,8,ok,230,233,0.9871244635193132,1,2,0.8695652173913043
confornet_nomsa,GCGR,8,ok,228,233,0.9785407725321889,0,0,0.0
confornet_nomsa,HIF2alpha,8,ok,172,172,1.0,0,0,0.0
confornet_nomsa,p53_Y220C,8,ok,138,138,1.0,0,0,0.0
boltz2,GCGR,8,ok,230,233,0.9871244635193132,2,4,1.7391304347826086
confornet_nomsa,p53_Y220C,9,ok,138,138,1.0,0,0,0.0
confornet_nomsa,GCGR,9,ok,228,233,0.9785407725321889,0,0,0.0
confornet_nomsa,HIF2alpha,9,ok,172,172,1.0,0,0,0.0
confornet_nomsa,HIV_RT__3V81,9,ok,154,154,1.0,0,0,0.0
confornet_nomsa,HIV_RT,9,ok,178,178,1.0,0,0,0.0
confornet_nomsa,HIF2alpha__6D0B,9,ok,204,204,1.0,0,0,0.0
esmfold2,GCGR,9,ok,230,233,0.9871244635193132,1,2,0.8695652173913043
confornet_nomsa,CB1,9,ok,246,246,1.0,0,0,0.0
esmfold2,cAbl,9,ok,179,179,1.0,0,0,0.0
confornet_nomsa,p53_Y220C__4AGQ,9,ok,128,128,1.0,0,0,0.0
boltz2,GCGR,9,ok,230,233,0.9871244635193132,1,2,0.8695652173913043
confornet_nomsa,THSR__7UTZ,9,ok,186,186,1.0,0,0,0.0
confornet_nomsa,THSR,9,ok,206,206,1.0,0,0,0.0
confornet_nomsa,cAbl,9,ok,179,179,1.0,0,0,0.0
confornet_nomsa,HIV1_CA,9,ok,126,129,0.9767441860465116,0,0,0.0
boltz2,cAbl,9,ok,179,179,1.0,0,0,0.0
confornet_nomsa,Menin,9,ok,121,121,1.0,0,0,0.0
confornet_nomsa,KRAS,9,ok,158,160,0.9875,0,0,0.0
confornet_nomsa,HIF2alpha,10,ok,172,172,1.0,0,0,0.0
confornet_nomsa,HIV1_CA,10,ok,126,129,0.9767441860465116,0,0,0.0
confornet_nomsa,KRAS,10,ok,158,160,0.9875,0,0,0.0
confornet_nomsa,CB1,10,ok,246,246,1.0,0,0,0.0
confornet_nomsa,HIF2alpha__6D0B,10,ok,204,204,1.0,0,0,0.0
esmfold2,GCGR,10,ok,230,233,0.9871244635193132,1,2,0.8695652173913043
confornet_nomsa,p53_Y220C,10,ok,138,138,1.0,0,0,0.0
confornet_nomsa,GCGR,10,ok,228,233,0.9785407725321889,0,0,0.0
boltz2,cAbl,10,ok,179,179,1.0,0,0,0.0
boltz2,GCGR,10,ok,230,233,0.9871244635193132,1,2,0.8695652173913043
esmfold2,cAbl,10,ok,179,179,1.0,0,0,0.0
confornet_nomsa,p53_Y220C__4AGQ,10,ok,128,128,1.0,0,0,0.0
confornet_nomsa,cAbl,10,ok,179,179,1.0,0,0,0.0
boltz2,GCGR,11,ok,230,233,0.9871244635193132,1,2,0.8695652173913043
confornet_nomsa,HIF2alpha__6D0B,11,ok,204,204,1.0,0,0,0.0
esmfold2,GCGR,11,ok,230,233,0.9871244635193132,1,2,0.8695652173913043
confornet_nomsa,HIV1_CA,11,ok,126,129,0.9767441860465116,0,0,0.0
confornet_nomsa,KRAS,11,ok,158,160,0.9875,0,0,0.0
confornet_nomsa,HIF2alpha,11,ok,172,172,1.0,0,0,0.0
confornet_nomsa,GCGR,11,ok,228,233,0.9785407725321889,0,0,0.0
confornet_nomsa,cAbl,11,ok,179,179,1.0,0,0,0.0
confornet_nomsa,p53_Y220C,11,ok,138,138,1.0,0,0,0.0
confornet_nomsa,p53_Y220C__4AGQ,11,ok,128,128,1.0,0,0,0.0
esmfold2,cAbl,11,ok,179,179,1.0,0,0,0.0
boltz2,cAbl,11,ok,179,179,1.0,0,0,0.0
confornet_nomsa,CB1,11,ok,246,246,1.0,0,0,0.0
confornet_nomsa,HIF2alpha__6D0B,12,ok,204,204,1.0,0,0,0.0
esmfold2,GCGR,12,ok,230,233,0.9871244635193132,1,2,0.8695652173913043
confornet_nomsa,HIF2alpha,12,ok,172,172,1.0,0,0,0.0
confornet_nomsa,CB1,12,ok,246,246,1.0,0,0,0.0
boltz2,cAbl,12,ok,179,179,1.0,3,5,2.793296089385475
confornet_nomsa,p53_Y220C,12,ok,138,138,1.0,0,0,0.0
confornet_nomsa,p53_Y220C__4AGQ,12,ok,128,128,1.0,0,0,0.0
esmfold2,cAbl,12,ok,179,179,1.0,0,0,0.0
confornet_nomsa,KRAS,12,ok,158,160,0.9875,0,0,0.0
confornet_nomsa,cAbl,12,ok,179,179,1.0,0,0,0.0
confornet_nomsa,GCGR,12,ok,228,233,0.9785407725321889,0,0,0.0
confornet_nomsa,HIV1_CA,12,ok,126,129,0.9767441860465116,0,0,0.0
boltz2,GCGR,12,ok,230,233,0.9871244635193132,1,2,0.8695652173913043
boltz2,GCGR,13,ok,230,233,0.9871244635193132,1,2,0.8695652173913043
confornet_nomsa,HIV1_CA,13,ok,126,129,0.9767441860465116,0,0,0.0
confornet_nomsa,KRAS,13,ok,158,160,0.9875,0,0,0.0
confornet_nomsa,GCGR,13,ok,228,233,0.9785407725321889,0,0,0.0
confornet_nomsa,CB1,13,ok,246,246,1.0,0,0,0.0
confornet_nomsa,cAbl,13,ok,179,179,1.0,0,0,0.0
confornet_nomsa,p53_Y220C__4AGQ,13,ok,128,128,1.0,0,0,0.0
esmfold2,cAbl,13,ok,179,179,1.0,0,0,0.0
confornet_nomsa,p53_Y220C,13,ok,138,138,1.0,0,0,0.0
boltz2,cAbl,13,ok,179,179,1.0,0,0,0.0
confornet_nomsa,HIF2alpha,13,ok,172,172,1.0,0,0,0.0
esmfold2,GCGR,13,ok,230,233,0.9871244635193132,1,2,0.8695652173913043
confornet_nomsa,HIF2alpha__6D0B,13,ok,204,204,1.0,0,0,0.0
confornet_nomsa,HIV1_CA,14,ok,126,129,0.9767441860465116,0,0,0.0
esmfold2,GCGR,14,ok,230,233,0.9871244635193132,1,2,0.8695652173913043
confornet_nomsa,HIF2alpha__6D0B,14,ok,204,204,1.0,0,0,0.0
confornet_nomsa,HIF2alpha,14,ok,172,172,1.0,0,0,0.0
confornet_nomsa,KRAS,14,ok,158,160,0.9875,0,0,0.0
confornet_nomsa,cAbl,14,ok,179,179,1.0,0,0,0.0
confornet_nomsa,p53_Y220C__4AGQ,14,ok,128,128,1.0,0,0,0.0
confornet_nomsa,p53_Y220C,14,ok,138,138,1.0,0,0,0.0
esmfold2,cAbl,14,ok,179,179,1.0,0,0,0.0
boltz2,GCGR,14,ok,230,233,0.9871244635193132,1,2,0.8695652173913043
boltz2,cAbl,14,ok,179,179,1.0,0,0,0.0
confornet_nomsa,CB1,14,ok,246,246,1.0,0,0,0.0
confornet_nomsa,GCGR,14,ok,228,233,0.9785407725321889,0,0,0.0
confornet_nomsa,HIF2alpha,15,ok,172,172,1.0,0,0,0.0
confornet_nomsa,KRAS,15,ok,158,160,0.9875,0,0,0.0
confornet_nomsa,cAbl,15,ok,179,179,1.0,0,0,0.0
esmfold2,GCGR,15,ok,230,233,0.9871244635193132,1,2,0.8695652173913043
confornet_nomsa,HIF2alpha__6D0B,15,ok,204,204,1.0,0,0,0.0
boltz2,GCGR,15,ok,230,233,0.9871244635193132,1,2,0.8695652173913043
confornet_nomsa,HIV1_CA,15,ok,126,129,0.9767441860465116,0,0,0.0
esmfold2,cAbl,15,ok,179,179,1.0,0,0,0.0
boltz2,cAbl,15,ok,179,179,1.0,0,0,0.0
confornet_nomsa,GCGR,15,ok,228,233,0.9785407725321889,0,0,0.0
confornet_nomsa,CB1,15,ok,246,246,1.0,0,0,0.0
confornet_nomsa,p53_Y220C,15,ok,138,138,1.0,0,0,0.0
confornet_nomsa,p53_Y220C__4AGQ,15,ok,128,128,1.0,0,0,0.0
boltz2,cAbl,16,ok,179,179,1.0,0,0,0.0
confornet_nomsa,CB1,16,ok,246,246,1.0,0,0,0.0
esmfold2,cAbl,16,ok,179,179,1.0,0,0,0.0
confornet_nomsa,p53_Y220C__4AGQ,16,ok,128,128,1.0,0,0,0.0
confornet_nomsa,p53_Y220C,16,ok,138,138,1.0,0,0,0.0
confornet_nomsa,KRAS,16,ok,158,160,0.9875,0,0,0.0
confornet_nomsa,cAbl,16,ok,179,179,1.0,0,0,0.0
confornet_nomsa,HIF2alpha__6D0B,16,ok,204,204,1.0,0,0,0.0
boltz2,GCGR,16,ok,230,233,0.9871244635193132,1,2,0.8695652173913043
confornet_nomsa,HIV1_CA,16,ok,126,129,0.9767441860465116,0,0,0.0
esmfold2,GCGR,16,ok,230,233,0.9871244635193132,1,2,0.8695652173913043
confornet_nomsa,GCGR,16,ok,228,233,0.9785407725321889,0,0,0.0
confornet_nomsa,HIF2alpha,16,ok,172,172,1.0,0,0,0.0
boltz2,cAbl,17,ok,179,179,1.0,0,0,0.0
confornet_nomsa,p53_Y220C,17,ok,138,138,1.0,0,0,0.0
esmfold2,cAbl,17,ok,179,179,1.0,0,0,0.0
confornet_nomsa,CB1,17,ok,246,246,1.0,0,0,0.0
confornet_nomsa,cAbl,17,ok,179,179,1.0,0,0,0.0
confornet_nomsa,p53_Y220C__4AGQ,17,ok,128,128,1.0,0,0,0.0
confornet_nomsa,KRAS,17,ok,158,160,0.9875,0,0,0.0
confornet_nomsa,HIF2alpha,17,ok,172,172,1.0,0,0,0.0
confornet_nomsa,GCGR,17,ok,228,233,0.9785407725321889,0,0,0.0
confornet_nomsa,HIF2alpha__6D0B,17,ok,204,204,1.0,0,0,0.0
confornet_nomsa,HIV1_CA,17,ok,126,129,0.9767441860465116,0,0,0.0
esmfold2,GCGR,17,ok,230,233,0.9871244635193132,1,2,0.8695652173913043
boltz2,GCGR,17,ok,230,233,0.9871244635193132,1,2,0.8695652173913043
confornet_nomsa,KRAS,18,ok,158,160,0.9875,0,0,0.0
boltz2,cAbl,18,ok,179,179,1.0,0,0,0.0
confornet_nomsa,HIV1_CA,18,ok,126,129,0.9767441860465116,0,0,0.0
confornet_nomsa,p53_Y220C,18,ok,138,138,1.0,0,0,0.0
confornet_nomsa,cAbl,18,ok,179,179,1.0,0,0,0.0
confornet_nomsa,p53_Y220C__4AGQ,18,ok,128,128,1.0,0,0,0.0
confornet_nomsa,HIF2alpha__6D0B,18,ok,204,204,1.0,0,0,0.0
esmfold2,cAbl,18,ok,179,179,1.0,0,0,0.0
confornet_nomsa,GCGR,18,ok,228,233,0.9785407725321889,0,0,0.0
confornet_nomsa,HIF2alpha,18,ok,172,172,1.0,0,0,0.0
confornet_nomsa,CB1,18,ok,246,246,1.0,0,0,0.0
boltz2,GCGR,18,ok,230,233,0.9871244635193132,1,2,0.8695652173913043
esmfold2,GCGR,18,ok,230,233,0.9871244635193132,1,2,0.8695652173913043
confornet_nomsa,cAbl,19,ok,179,179,1.0,0,0,0.0
confornet_nomsa,p53_Y220C,19,ok,138,138,1.0,0,0,0.0
confornet_nomsa,KRAS,19,ok,158,160,0.9875,0,0,0.0
confornet_nomsa,HIF2alpha__6D0B,19,ok,204,204,1.0,0,0,0.0
confornet_nomsa,p53_Y220C__4AGQ,19,ok,128,128,1.0,0,0,0.0
confornet_nomsa,HIV1_CA,19,ok,126,129,0.9767441860465116,0,0,0.0
boltz2,cAbl,19,ok,179,179,1.0,0,0,0.0
confornet_nomsa,GCGR,19,ok,228,233,0.9785407725321889,0,0,0.0
esmfold2,GCGR,19,ok,230,233,0.9871244635193132,1,2,0.8695652173913043
confornet_nomsa,CB1,19,ok,246,246,1.0,0,0,0.0
confornet_nomsa,HIF2alpha,19,ok,172,172,1.0,0,0,0.0
esmfold2,cAbl,19,ok,179,179,1.0,1,2,1.11731843575419
boltz2,GCGR,19,ok,230,233,0.9871244635193132,1,2,0.8695652173913043
confornet_nomsa,GCGR,20,ok,228,233,0.9785407725321889,0,0,0.0
esmfold2,cAbl,20,ok,179,179,1.0,0,0,0.0
confornet_nomsa,p53_Y220C,20,ok,138,138,1.0,0,0,0.0
confornet_nomsa,HIV1_CA,20,ok,126,129,0.9767441860465116,0,0,0.0
confornet_nomsa,p53_Y220C__4AGQ,20,ok,128,128,1.0,0,0,0.0
confornet_nomsa,CB1,20,ok,246,246,1.0,0,0,0.0
confornet_nomsa,HIF2alpha__6D0B,20,ok,204,204,1.0,0,0,0.0
esmfold2,GCGR,20,ok,230,233,0.9871244635193132,1,2,0.8695652173913043
confornet_nomsa,HIF2alpha,20,ok,172,172,1.0,0,0,0.0
boltz2,GCGR,20,ok,230,233,0.9871244635193132,1,2,0.8695652173913043
confornet_nomsa,cAbl,20,ok,179,179,1.0,0,0,0.0
boltz2,cAbl,20,ok,179,179,1.0,1,2,1.11731843575419
confornet_nomsa,KRAS,20,ok,158,160,0.9875,0,0,0.0
confornet_nomsa,KRAS,21,ok,158,160,0.9875,0,0,0.0
boltz2,cAbl,21,ok,179,179,1.0,0,0,0.0
boltz2,GCGR,21,ok,230,233,0.9871244635193132,4,6,2.608695652173913
confornet_nomsa,cAbl,21,ok,179,179,1.0,0,0,0.0
esmfold2,GCGR,21,ok,230,233,0.9871244635193132,1,2,0.8695652173913043
confornet_nomsa,p53_Y220C__4AGQ,21,ok,128,128,1.0,0,0,0.0
confornet_nomsa,CB1,21,ok,246,246,1.0,0,0,0.0
confornet_nomsa,HIF2alpha__6D0B,21,ok,204,204,1.0,0,0,0.0
confornet_nomsa,HIF2alpha,21,ok,172,172,1.0,0,0,0.0
confornet_nomsa,GCGR,21,ok,228,233,0.9785407725321889,0,0,0.0
esmfold2,cAbl,21,ok,179,179,1.0,0,0,0.0
confornet_nomsa,HIV1_CA,21,ok,126,129,0.9767441860465116,0,0,0.0
confornet_nomsa,p53_Y220C,21,ok,138,138,1.0,0,0,0.0
esmfold2,GCGR,22,ok,230,233,0.9871244635193132,1,2,0.8695652173913043
boltz2,cAbl,22,ok,179,179,1.0,0,0,0.0
confornet_nomsa,KRAS,22,ok,158,160,0.9875,0,0,0.0
confornet_nomsa,cAbl,22,ok,179,179,1.0,0,0,0.0
boltz2,GCGR,22,ok,230,233,0.9871244635193132,1,2,0.8695652173913043
confornet_nomsa,HIV1_CA,22,ok,126,129,0.9767441860465116,0,0,0.0
confornet_nomsa,p53_Y220C__4AGQ,22,ok,128,128,1.0,0,0,0.0
confornet_nomsa,HIF2alpha,22,ok,172,172,1.0,0,0,0.0
confornet_nomsa,HIF2alpha__6D0B,22,ok,204,204,1.0,0,0,0.0
confornet_nomsa,CB1,22,ok,246,246,1.0,0,0,0.0
confornet_nomsa,p53_Y220C,22,ok,138,138,1.0,0,0,0.0
confornet_nomsa,GCGR,22,ok,228,233,0.9785407725321889,0,0,0.0
esmfold2,cAbl,22,ok,179,179,1.0,0,0,0.0
boltz2,GCGR,23,ok,230,233,0.9871244635193132,1,2,0.8695652173913043
confornet_nomsa,KRAS,23,ok,158,160,0.9875,0,0,0.0
boltz2,cAbl,23,ok,179,179,1.0,0,0,0.0
confornet_nomsa,HIF2alpha,23,ok,172,172,1.0,0,0,0.0
esmfold2,GCGR,23,ok,230,233,0.9871244635193132,1,2,0.8695652173913043
esmfold2,cAbl,23,ok,179,179,1.0,0,0,0.0
confornet_nomsa,GCGR,23,ok,228,233,0.9785407725321889,0,0,0.0
confornet_nomsa,p53_Y220C__4AGQ,23,ok,128,128,1.0,0,0,0.0
confornet_nomsa,CB1,23,ok,246,246,1.0,0,0,0.0
confornet_nomsa,HIF2alpha__6D0B,23,ok,204,204,1.0,0,0,0.0
confornet_nomsa,HIV1_CA,23,ok,126,129,0.9767441860465116,0,0,0.0
confornet_nomsa,cAbl,23,ok,179,179,1.0,0,0,0.0
confornet_nomsa,p53_Y220C,23,ok,138,138,1.0,0,0,0.0
esmfold2,GCGR,24,ok,230,233,0.9871244635193132,1,2,0.8695652173913043
confornet_nomsa,cAbl,24,ok,179,179,1.0,0,0,0.0
confornet_nomsa,p53_Y220C,24,ok,138,138,1.0,0,0,0.0
confornet_nomsa,HIF2alpha__6D0B,24,ok,204,204,1.0,0,0,0.0
confornet_nomsa,CB1,24,ok,246,246,1.0,0,0,0.0
confornet_nomsa,HIV1_CA,24,ok,126,129,0.9767441860465116,0,0,0.0
confornet_nomsa,KRAS,24,ok,158,160,0.9875,0,0,0.0
boltz2,cAbl,24,ok,179,179,1.0,0,0,0.0
esmfold2,cAbl,24,ok,179,179,1.0,0,0,0.0
confornet_nomsa,HIF2alpha,24,ok,172,172,1.0,0,0,0.0
confornet_nomsa,p53_Y220C__4AGQ,24,ok,128,128,1.0,0,0,0.0
confornet_nomsa,GCGR,24,ok,228,233,0.9785407725321889,0,0,0.0
boltz2,GCGR,24,ok,230,233,0.9871244635193132,1,2,0.8695652173913043
confornet_nomsa,KRAS,25,ok,158,160,0.9875,0,0,0.0
confornet_nomsa,cAbl,25,ok,179,179,1.0,0,0,0.0
esmfold2,GCGR,25,ok,230,233,0.9871244635193132,1,2,0.8695652173913043
confornet_nomsa,p53_Y220C,25,ok,138,138,1.0,0,0,0.0
confornet_nomsa,CB1,25,ok,246,246,1.0,0,0,0.0
confornet_nomsa,HIF2alpha__6D0B,25,ok,204,204,1.0,0,0,0.0
confornet_nomsa,HIV1_CA,25,ok,126,129,0.9767441860465116,0,0,0.0
confornet_nomsa,HIF2alpha,25,ok,172,172,1.0,0,0,0.0
confornet_nomsa,p53_Y220C__4AGQ,25,ok,128,128,1.0,0,0,0.0
esmfold2,cAbl,25,ok,179,179,1.0,0,0,0.0
confornet_nomsa,GCGR,25,ok,228,233,0.9785407725321889,0,0,0.0
boltz2,cAbl,25,ok,179,179,1.0,0,0,0.0
boltz2,GCGR,25,ok,230,233,0.9871244635193132,1,2,0.8695652173913043
boltz2,GCGR,26,ok,230,233,0.9871244635193132,2,4,1.7391304347826086
esmfold2,GCGR,26,ok,230,233,0.9871244635193132,1,2,0.8695652173913043
boltz2,cAbl,26,ok,179,179,1.0,0,0,0.0
confornet_nomsa,HIF2alpha,26,ok,172,172,1.0,0,0,0.0
confornet_nomsa,p53_Y220C__4AGQ,26,ok,128,128,1.0,0,0,0.0
confornet_nomsa,GCGR,26,ok,228,233,0.9785407725321889,0,0,0.0
confornet_nomsa,HIV1_CA,26,ok,126,129,0.9767441860465116,0,0,0.0
esmfold2,cAbl,26,ok,179,179,1.0,0,0,0.0
confornet_nomsa,CB1,26,ok,246,246,1.0,0,0,0.0
confornet_nomsa,HIF2alpha__6D0B,26,ok,204,204,1.0,0,0,0.0
confornet_nomsa,cAbl,26,ok,179,179,1.0,0,0,0.0
confornet_nomsa,KRAS,26,ok,158,160,0.9875,0,0,0.0
confornet_nomsa,p53_Y220C,26,ok,138,138,1.0,0,0,0.0
boltz2,cAbl,27,ok,179,179,1.0,0,0,0.0
confornet_nomsa,HIF2alpha,27,ok,172,172,1.0,0,0,0.0
esmfold2,GCGR,27,ok,230,233,0.9871244635193132,1,2,0.8695652173913043
confornet_nomsa,p53_Y220C__4AGQ,27,ok,128,128,1.0,0,0,0.0
confornet_nomsa,HIV1_CA,27,ok,126,129,0.9767441860465116,0,0,0.0
confornet_nomsa,GCGR,27,ok,228,233,0.9785407725321889,0,0,0.0
esmfold2,cAbl,27,ok,179,179,1.0,0,0,0.0
confornet_nomsa,HIF2alpha__6D0B,27,ok,204,204,1.0,0,0,0.0
confornet_nomsa,CB1,27,ok,246,246,1.0,0,0,0.0
confornet_nomsa,p53_Y220C,27,ok,138,138,1.0,0,0,0.0
confornet_nomsa,cAbl,27,ok,179,179,1.0,0,0,0.0
confornet_nomsa,KRAS,27,ok,158,160,0.9875,0,0,0.0
boltz2,GCGR,27,ok,230,233,0.9871244635193132,1,2,0.8695652173913043
esmfold2,cAbl,28,ok,179,179,1.0,0,0,0.0
confornet_nomsa,HIF2alpha__6D0B,28,ok,204,204,1.0,0,0,0.0
confornet_nomsa,p53_Y220C,28,ok,138,138,1.0,0,0,0.0
esmfold2,GCGR,28,ok,230,233,0.9871244635193132,1,2,0.8695652173913043
confornet_nomsa,HIF2alpha,28,ok,172,172,1.0,0,0,0.0
boltz2,cAbl,28,ok,179,179,1.0,0,0,0.0
confornet_nomsa,KRAS,28,ok,158,160,0.9875,0,0,0.0
confornet_nomsa,cAbl,28,ok,179,179,1.0,0,0,0.0
confornet_nomsa,CB1,28,ok,246,246,1.0,0,0,0.0
confornet_nomsa,p53_Y220C__4AGQ,28,ok,128,128,1.0,0,0,0.0
confornet_nomsa,HIV1_CA,28,ok,126,129,0.9767441860465116,0,0,0.0
confornet_nomsa,GCGR,28,ok,228,233,0.9785407725321889,0,0,0.0
boltz2,GCGR,28,ok,230,233,0.9871244635193132,1,2,0.8695652173913043
boltz2,GCGR,29,ok,230,233,0.9871244635193132,1,2,0.8695652173913043
confornet_nomsa,GCGR,29,ok,228,233,0.9785407725321889,0,0,0.0
boltz2,cAbl,29,ok,179,179,1.0,2,4,2.23463687150838
confornet_nomsa,CB1,29,ok,246,246,1.0,1,2,0.8130081300813008
confornet_nomsa,cAbl,29,ok,179,179,1.0,0,0,0.0
confornet_nomsa,p53_Y220C__4AGQ,29,ok,128,128,1.0,0,0,0.0
confornet_nomsa,HIV1_CA,29,ok,126,129,0.9767441860465116,0,0,0.0
confornet_nomsa,HIF2alpha,29,ok,172,172,1.0,0,0,0.0
esmfold2,GCGR,29,ok,230,233,0.9871244635193132,1,2,0.8695652173913043
confornet_nomsa,p53_Y220C,29,ok,138,138,1.0,0,0,0.0
confornet_nomsa,KRAS,29,ok,158,160,0.9875,0,0,0.0
esmfold2,cAbl,29,ok,179,179,1.0,0,0,0.0
confornet_nomsa,HIF2alpha__6D0B,29,ok,204,204,1.0,0,0,0.0
bioemu_refine,cAbl,100,ok,179,179,1.0,0,0,0.0
bioemu_refine,GCGR,100,ok,230,233,0.9871244635193132,5,7,3.0434782608695654
bioemu_refine,cAbl,200,ok,179,179,1.0,0,0,0.0
bioemu_refine,GCGR,200,ok,230,233,0.9871244635193132,3,5,2.1739130434782608
bioemu_refine,cAbl,300,ok,179,179,1.0,0,0,0.0
bioemu_refine,GCGR,300,ok,230,233,0.9871244635193132,2,4,1.7391304347826086
bioemu_refine,GCGR,400,ok,230,233,0.9871244635193132,5,8,3.4782608695652173
bioemu_refine,cAbl,400,ok,179,179,1.0,0,0,0.0
bioemu_refine,GCGR,500,ok,230,233,0.9871244635193132,1,2,0.8695652173913043
bioemu_refine,cAbl,500,ok,179,179,1.0,0,0,0.0
bioemu_refine,cAbl,600,ok,179,179,1.0,0,0,0.0
bioemu_refine,GCGR,600,ok,230,233,0.9871244635193132,1,2,0.8695652173913043
bioemu_refine,GCGR,700,ok,230,233,0.9871244635193132,2,4,1.7391304347826086
bioemu_refine,cAbl,700,ok,179,179,1.0,7,7,3.910614525139665
bioemu_refine,cAbl,800,ok,179,179,1.0,0,0,0.0
bioemu_refine,GCGR,800,ok,230,233,0.9871244635193132,2,4,1.7391304347826086
bioemu_refine,cAbl,900,ok,179,179,1.0,0,0,0.0
bioemu_refine,GCGR,900,ok,230,233,0.9871244635193132,2,4,1.7391304347826086
bioemu_refine,cAbl,1000,ok,179,179,1.0,0,0,0.0
bioemu_refine,GCGR,1000,ok,230,233,0.9871244635193132,1,2,0.8695652173913043
bioemu_refine,cAbl,1100,ok,179,179,1.0,0,0,0.0
bioemu_refine,GCGR,1100,ok,230,233,0.9871244635193132,2,4,1.7391304347826086
bioemu_refine,cAbl,1200,ok,179,179,1.0,0,0,0.0
bioemu_refine,GCGR,1200,ok,230,233,0.9871244635193132,1,2,0.8695652173913043
bioemu_refine,cAbl,1300,ok,179,179,1.0,0,0,0.0
bioemu_refine,GCGR,1300,ok,230,233,0.9871244635193132,3,5,2.1739130434782608
bioemu_refine,cAbl,1400,ok,179,179,1.0,0,0,0.0
bioemu_refine,GCGR,1400,ok,230,233,0.9871244635193132,3,6,2.608695652173913
bioemu_refine,cAbl,1500,ok,179,179,1.0,0,0,0.0
bioemu_refine,GCGR,1500,ok,230,233,0.9871244635193132,1,2,0.8695652173913043
bioemu_refine,cAbl,1600,ok,179,179,1.0,0,0,0.0
bioemu_refine,GCGR,1600,ok,230,233,0.9871244635193132,3,5,2.1739130434782608
bioemu_refine,GCGR,1700,ok,230,233,0.9871244635193132,2,4,1.7391304347826086
bioemu_refine,cAbl,1700,ok,179,179,1.0,0,0,0.0
bioemu_refine,GCGR,1800,ok,230,233,0.9871244635193132,1,2,0.8695652173913043
bioemu_refine,cAbl,1800,ok,179,179,1.0,0,0,0.0
bioemu_refine,GCGR,1900,ok,230,233,0.9871244635193132,1,2,0.8695652173913043
bioemu_refine,GCGR,2000,ok,230,233,0.9871244635193132,2,4,1.7391304347826086
bioemu_refine,GCGR,2100,ok,230,233,0.9871244635193132,1,2,0.8695652173913043
bioemu_refine,GCGR,2200,ok,230,233,0.9871244635193132,3,6,2.608695652173913
bioemu_refine,GCGR,2300,ok,230,233,0.9871244635193132,2,4,1.7391304347826086
