target,sample_idx,status,plot_method,aa_rmsd_moving_vs_apo,aa_rmsd_moving_vs_holo,rmsd_pocket_vs_apo,rmsd_pocket_vs_holo,D,tier1
p53_Y220C,0,ok,boltz2,0.7214748864547341,0.9345442058407358,0.6283847689628601,0.4688165783882141,1.1600563699903448,False
p53_Y220C,1,ok,boltz2,0.6338056768856284,0.8813359789017499,0.44828206300735474,0.4336024522781372,1.1600563699903448,False
p53_Y220C,2,ok,boltz2,0.5729254346234406,0.9042226982041488,0.49840423464775085,0.47057753801345825,1.1600563699903448,False
p53_Y220C,3,ok,boltz2,0.7534862395905172,0.9703404486537385,0.715603768825531,0.5125749707221985,1.1600563699903448,False
p53_Y220C,4,ok,boltz2,0.6669470872799744,0.8807246633121641,0.6095758676528931,0.3645007908344269,1.1600563699903448,False
p53_Y220C,5,ok,boltz2,0.680538828205229,0.8503801729806691,0.49431198835372925,0.4508923590183258,1.1600563699903448,False
p53_Y220C,6,ok,boltz2,0.5384900098433021,0.8978895202451131,0.5570932626724243,0.40844038128852844,1.1600563699903448,False
p53_Y220C,7,ok,boltz2,0.8293435590160625,0.8673403035391306,0.6962093710899353,0.5027472972869873,1.1600563699903448,False
p53_Y220C,8,ok,boltz2,0.6020633874601063,1.0143743003330414,0.54788738489151,0.6775853037834167,1.1600563699903448,False
p53_Y220C,9,ok,boltz2,0.5623293017182757,0.9435707208314424,0.5049232840538025,0.48342326283454895,1.1600563699903448,False
p53_Y220C,10,ok,boltz2,0.6152013053281616,0.8591559390987172,0.5899327993392944,0.5477855801582336,1.1600563699903448,False
p53_Y220C,11,ok,boltz2,0.6338723808269066,0.874447966324423,0.514082133769989,0.4349513351917267,1.1600563699903448,False
p53_Y220C,12,ok,boltz2,0.5163545168050174,0.9062265853487856,0.4913625419139862,0.5949684381484985,1.1600563699903448,False
p53_Y220C,13,ok,boltz2,0.7098218946978058,0.875365725788306,0.6383083462715149,0.5348343849182129,1.1600563699903448,False
p53_Y220C,14,ok,boltz2,0.591785426600881,0.8802749036787028,0.465359628200531,0.48404625058174133,1.1600563699903448,False
p53_Y220C,15,ok,boltz2,0.7548788645494273,0.8999582881445027,0.6755847930908203,0.46777018904685974,1.1600563699903448,False
p53_Y220C,16,ok,boltz2,0.5149624932158632,0.8740587621615058,0.4323386549949646,0.4754270315170288,1.1600563699903448,False
p53_Y220C,17,ok,boltz2,0.8023432686125472,0.8957762736992887,0.7020547389984131,0.4912410080432892,1.1600563699903448,False
p53_Y220C,18,ok,boltz2,0.5931869313179012,0.8845012794803087,0.591518223285675,0.4245884120464325,1.1600563699903448,False
p53_Y220C,19,ok,boltz2,0.6799040117020789,0.8942923636372798,0.6199398040771484,0.48866841197013855,1.1600563699903448,False
p53_Y220C,20,ok,boltz2,0.687858921340728,0.9334342958701616,0.6182132959365845,0.5821713805198669,1.1600563699903448,False
p53_Y220C,21,ok,boltz2,0.6547685583610509,0.8645250844675266,0.4644997715950012,0.3554249107837677,1.1600563699903448,False
p53_Y220C,22,ok,boltz2,0.6067142269160113,0.9500792988925522,0.5667450428009033,0.4160816967487335,1.1600563699903448,False
p53_Y220C,23,ok,boltz2,0.6783652177513871,0.8662769474537216,0.5344319343566895,0.549277126789093,1.1600563699903448,False
p53_Y220C,24,ok,boltz2,0.6186445717949398,0.9126649263345396,0.5965111255645752,0.5457779169082642,1.1600563699903448,False
p53_Y220C,25,ok,boltz2,0.6763620104487414,0.9152198702435781,0.6568342447280884,0.5080289840698242,1.1600563699903448,False
p53_Y220C,26,ok,boltz2,0.5889941363882044,0.9252577104787478,0.5453307032585144,0.3175346553325653,1.1600563699903448,False
p53_Y220C,27,ok,boltz2,0.683883518384183,0.8772090093922053,0.683567225933075,0.5105736255645752,1.1600563699903448,False
p53_Y220C,28,ok,boltz2,0.7135810748353401,0.8785335852727945,0.5895985960960388,0.363284707069397,1.1600563699903448,False
p53_Y220C,29,ok,boltz2,0.7109489020806129,0.9068538802299376,0.6607710123062134,0.455990195274353,1.1600563699903448,False
CB1,0,ok,boltz2,1.9490257637088848,2.261161229765733,2.8302884101867676,2.840590238571167,2.023384393567615,False
CB1,1,ok,boltz2,2.245452461038387,2.3609097148348748,3.097064733505249,3.099605083465576,2.023384393567615,False
CB1,2,ok,boltz2,1.9677919885998312,2.347103643277157,2.7936863899230957,2.809683322906494,2.023384393567615,False
CB1,3,ok,boltz2,2.1328296735727066,2.4140662870237986,2.937875270843506,2.9301908016204834,2.023384393567615,False
CB1,4,ok,boltz2,2.164034079579171,2.342340562089216,2.866060495376587,2.851689577102661,2.023384393567615,False
CB1,5,ok,boltz2,1.9148138922803832,2.256446019773685,2.829342842102051,2.859999179840088,2.023384393567615,False
CB1,6,ok,boltz2,1.8355979996321188,2.1848511203363596,2.735991954803467,2.7795767784118652,2.023384393567615,False
CB1,7,ok,boltz2,2.004011991246283,2.3059586177176814,2.833068370819092,2.85782527923584,2.023384393567615,False
CB1,8,ok,boltz2,1.9230783583969888,2.1485903847567056,2.809509754180908,2.8292813301086426,2.023384393567615,False
CB1,9,ok,boltz2,2.0603709251058726,2.3156542778871403,2.9124698638916016,2.929985284805298,2.023384393567615,False
CB1,10,ok,boltz2,2.1322128784088044,2.3668214309363083,2.899123191833496,2.8993711471557617,2.023384393567615,False
CB1,11,ok,boltz2,1.9984856011264842,2.3923626255430492,2.8570709228515625,2.8790221214294434,2.023384393567615,False
CB1,12,ok,boltz2,1.9010861094025007,2.179036198840262,2.799694538116455,2.823904037475586,2.023384393567615,False
CB1,13,ok,boltz2,2.0844945045217713,2.350149112079256,2.7912826538085938,2.805065155029297,2.023384393567615,False
CB1,14,ok,boltz2,1.3858289559288113,2.078533078143818,2.665473461151123,2.7826507091522217,2.023384393567615,False
CB1,15,ok,boltz2,1.9497374503670875,2.146740285702866,2.7171480655670166,2.730062961578369,2.023384393567615,False
CB1,16,ok,boltz2,2.2849912076051764,2.4685440543702644,3.1037583351135254,3.0997061729431152,2.023384393567615,False
CB1,17,ok,boltz2,1.790052322437552,2.178768780464529,2.7116925716400146,2.7462034225463867,2.023384393567615,False
CB1,18,ok,boltz2,2.1622218406174207,2.453518372416527,2.956249475479126,2.9614601135253906,2.023384393567615,False
CB1,19,ok,boltz2,2.177605517163766,2.4108465753124464,3.076733350753784,3.0848052501678467,2.023384393567615,False
CB1,20,ok,boltz2,1.8430417862452626,2.2443826314299526,2.7422475814819336,2.789447546005249,2.023384393567615,False
CB1,21,ok,boltz2,1.9759956700833416,2.2516622870341068,2.7948765754699707,2.7991790771484375,2.023384393567615,False
CB1,22,ok,boltz2,1.9245738349036534,2.21601743872472,2.8606183528900146,2.8845410346984863,2.023384393567615,False
CB1,23,ok,boltz2,1.959167604873918,2.353193787295503,2.8159024715423584,2.8380353450775146,2.023384393567615,False
CB1,24,ok,boltz2,2.141300166098457,2.3374998252681474,2.8891587257385254,2.8854517936706543,2.023384393567615,False
CB1,25,ok,boltz2,1.8965531032005387,2.263741496609153,2.8336825370788574,2.8694519996643066,2.023384393567615,False
CB1,26,ok,boltz2,2.0639182800463822,2.3516318618765784,2.9237613677978516,2.927945137023926,2.023384393567615,False
CB1,27,ok,boltz2,1.731095939562131,2.292131164416582,2.5152478218078613,2.6046392917633057,2.023384393567615,False
CB1,28,ok,boltz2,2.3737165411142187,2.347949380098842,2.8256995677948,2.8195180892944336,2.023384393567615,False
CB1,29,ok,boltz2,2.2744932128000444,2.2845422074345585,3.0319671630859375,3.028061866760254,2.023384393567615,False
KRAS,0,ok,boltz2,3.0752254047467025,4.508030178408653,2.004323959350586,2.5586884021759033,3.742426159251105,False
KRAS,1,ok,boltz2,2.930054375686218,4.2455772389138895,1.9197502136230469,2.404019594192505,3.742426159251105,False
KRAS,2,ok,boltz2,2.6554996596910376,4.544429266956415,2.0225186347961426,2.4956188201904297,3.742426159251105,False
KRAS,3,ok,boltz2,3.103456441124777,4.084297339775033,1.9424536228179932,2.3445591926574707,3.742426159251105,False
KRAS,4,ok,boltz2,3.222971289585483,4.589767549983666,2.3172922134399414,2.758671998977661,3.742426159251105,False
KRAS,5,ok,boltz2,3.2598772962177636,4.454289643409217,2.155834436416626,2.564143419265747,3.742426159251105,False
KRAS,6,ok,boltz2,3.402816988512068,4.222937391548131,1.8518855571746826,2.2602717876434326,3.742426159251105,False
KRAS,7,ok,boltz2,3.6070001200684723,3.873640257748316,1.5992807149887085,2.0529396533966064,3.742426159251105,False
KRAS,8,ok,boltz2,3.171099210668866,3.8844911358150584,1.7266566753387451,2.026548147201538,3.742426159251105,False
KRAS,9,ok,boltz2,3.011761745577265,4.490657546701004,2.4180076122283936,2.8097872734069824,3.742426159251105,False
KRAS,10,ok,boltz2,3.115408629553236,4.568560135453385,2.031900644302368,2.515174388885498,3.742426159251105,False
KRAS,11,ok,boltz2,2.759074091312831,4.600966275793736,2.1114494800567627,2.581991672515869,3.742426159251105,False
KRAS,12,ok,boltz2,2.899236271334686,4.321603510867156,2.2003540992736816,2.6358652114868164,3.742426159251105,False
KRAS,13,ok,boltz2,3.152710715074245,3.9485677226962697,2.1819255352020264,2.5439326763153076,3.742426159251105,False
KRAS,14,ok,boltz2,3.1750137752281935,4.091048481772985,2.0438830852508545,2.443068504333496,3.742426159251105,False
KRAS,15,ok,boltz2,3.460367321159818,3.61597775331962,2.2216544151306152,2.4923255443573,3.742426159251105,False
KRAS,16,ok,boltz2,2.8287240699170835,4.682252159570143,2.4492132663726807,2.875814199447632,3.742426159251105,False
KRAS,17,ok,boltz2,3.4605414144175977,4.221726233626795,2.416670799255371,2.8164496421813965,3.742426159251105,False
KRAS,18,ok,boltz2,2.949287480216241,4.467069476872858,2.6932826042175293,3.0441250801086426,3.742426159251105,False
KRAS,19,ok,boltz2,3.266191565145825,4.515890787656358,2.127892017364502,2.5864007472991943,3.742426159251105,False
KRAS,20,ok,boltz2,3.345307022165426,4.6133557223199855,2.514920234680176,2.9126076698303223,3.742426159251105,False
KRAS,21,ok,boltz2,2.7729111601642717,4.079929171134131,2.0665292739868164,2.4430274963378906,3.742426159251105,False
KRAS,22,ok,boltz2,3.282022636217055,4.088807030029573,2.6567323207855225,2.935764789581299,3.742426159251105,False
KRAS,23,ok,boltz2,3.2823194228345915,4.3942711801957275,1.5170124769210815,2.088700532913208,3.742426159251105,False
KRAS,24,ok,boltz2,3.138995294327074,4.1632163990021835,2.0618789196014404,2.5397019386291504,3.742426159251105,False
KRAS,25,ok,boltz2,2.5503843062941094,4.46223335699068,1.344661831855774,1.9910181760787964,3.742426159251105,False
KRAS,26,ok,boltz2,3.4340714509249253,3.9585416376584717,1.3497949838638306,1.9127825498580933,3.742426159251105,False
KRAS,27,ok,boltz2,2.9783726580951173,4.407508914889093,1.3869359493255615,1.932830810546875,3.742426159251105,False
KRAS,28,ok,boltz2,2.4733001282826983,4.503694267079763,1.2355989217758179,1.7968072891235352,3.742426159251105,False
KRAS,29,ok,boltz2,3.1007745154388826,4.3682370942862345,1.4524873495101929,1.9756131172180176,3.742426159251105,False
cAbl,0,ok,boltz2,4.394522706949892,3.7773611528879454,3.8104138374328613,3.8394503593444824,3.4458517805005147,False
cAbl,1,ok,boltz2,3.579665240144924,1.2358223595088929,3.713907480239868,3.54677414894104,3.4458517805005147,True
cAbl,2,ok,boltz2,3.521952369590327,2.592381847900925,3.477692127227783,3.4706695079803467,3.4458517805005147,True
cAbl,3,ok,boltz2,3.633341619311936,1.2061958349359774,3.5093250274658203,3.4011006355285645,3.4458517805005147,True
cAbl,4,ok,boltz2,4.412030409713872,3.839830318559725,3.8698227405548096,3.8760862350463867,3.4458517805005147,False
cAbl,5,ok,boltz2,3.6176353771014735,1.1964494893541724,3.535383939743042,3.3614470958709717,3.4458517805005147,True
cAbl,6,ok,boltz2,2.030443163478296,2.759403534397966,3.6689584255218506,3.328758478164673,3.4458517805005147,False
cAbl,7,ok,boltz2,3.3268162076926195,1.592874754689602,3.4471120834350586,3.3051328659057617,3.4458517805005147,True
cAbl,8,ok,boltz2,3.434957705137063,1.3419257366055712,3.592414617538452,3.4349935054779053,3.4458517805005147,True
cAbl,9,ok,boltz2,2.9713619285690416,3.3423177069976977,3.697011947631836,3.376725673675537,3.4458517805005147,False
cAbl,10,ok,boltz2,3.498714605541438,1.3031678387256604,3.574518918991089,3.411994457244873,3.4458517805005147,True
cAbl,11,ok,boltz2,3.086836435509549,1.2686537785899137,3.4833028316497803,3.368824005126953,3.4458517805005147,True
cAbl,12,ok,boltz2,3.724068443189877,1.9927878149080989,3.549739360809326,3.3502752780914307,3.4458517805005147,True
cAbl,13,ok,boltz2,3.5383618423507195,1.266305455405858,3.5526695251464844,3.413456439971924,3.4458517805005147,True
cAbl,14,ok,boltz2,1.8445640593841044,2.763593836213297,3.5129621028900146,3.251051902770996,3.4458517805005147,False
cAbl,15,ok,boltz2,4.593199207119064,3.711979347273808,3.9458987712860107,3.8328278064727783,3.4458517805005147,False
cAbl,16,ok,boltz2,3.507885786778713,1.4862653137078317,3.4601571559906006,3.3819918632507324,3.4458517805005147,True
cAbl,17,ok,boltz2,3.339840774397866,1.326906919359944,3.610391855239868,3.4373133182525635,3.4458517805005147,True
cAbl,18,ok,boltz2,3.616494420991591,1.9078264106503613,3.800105333328247,3.581139087677002,3.4458517805005147,True
cAbl,19,ok,boltz2,3.302693692030863,1.478299507056215,3.574821949005127,3.397171974182129,3.4458517805005147,True
cAbl,20,ok,boltz2,3.477456666498149,1.646412353546178,3.564577102661133,3.348679542541504,3.4458517805005147,True
cAbl,21,ok,boltz2,3.756342246455874,2.667608653402932,3.5186853408813477,3.6209757328033447,3.4458517805005147,True
cAbl,22,ok,boltz2,4.200694235410023,3.636130011119968,3.8341224193573,3.8960509300231934,3.4458517805005147,False
cAbl,23,ok,boltz2,2.051216514255576,2.8975723000228704,3.586000442504883,3.283372163772583,3.4458517805005147,False
cAbl,24,ok,boltz2,3.617896742437644,1.5084916688299443,3.6227519512176514,3.4461445808410645,3.4458517805005147,True
cAbl,25,ok,boltz2,3.5244267293455454,1.2252341985120874,3.553673028945923,3.3713927268981934,3.4458517805005147,True
cAbl,26,ok,boltz2,2.1419653853724454,2.803862095371009,3.5854952335357666,3.2723236083984375,3.4458517805005147,False
cAbl,27,ok,boltz2,3.121589661048761,3.338213974486365,3.860738754272461,3.527747392654419,3.4458517805005147,False
cAbl,28,ok,boltz2,2.517337574355128,2.9396195313854663,3.563354015350342,3.3346145153045654,3.4458517805005147,False
cAbl,29,ok,boltz2,2.388399366238226,2.8606354694100067,3.620795726776123,3.3770735263824463,3.4458517805005147,False
HIF2alpha,0,ok,boltz2,11.940282509573219,11.749701313524154,12.390417098999023,12.191817283630371,1.86542516135414,False
HIF2alpha,1,ok,boltz2,12.76925129967847,12.956467996102479,12.349868774414062,12.157851219177246,1.86542516135414,False
HIF2alpha,2,ok,boltz2,10.325679282359301,9.51867232780468,9.154718399047852,9.163857460021973,1.86542516135414,False
HIF2alpha,3,ok,boltz2,11.309459598521508,10.628899630316653,9.938573837280273,9.978302001953125,1.86542516135414,False
HIF2alpha,4,ok,boltz2,10.929738689718105,10.104479136665983,8.732670783996582,8.744331359863281,1.86542516135414,False
HIF2alpha,5,ok,boltz2,15.79087259918135,14.99726379304611,11.388592720031738,11.240880966186523,1.86542516135414,False
HIF2alpha,6,ok,boltz2,10.572044419262234,9.802365522278627,9.135464668273926,9.155007362365723,1.86542516135414,False
HIF2alpha,7,ok,boltz2,12.643205431448713,11.857586859456577,9.721059799194336,9.70185375213623,1.86542516135414,False
HIF2alpha,8,ok,boltz2,12.241124404312606,11.548836621312667,9.950700759887695,9.92271900177002,1.86542516135414,False
HIF2alpha,9,ok,boltz2,14.25760154904827,13.246991149788297,12.111737251281738,11.919529914855957,1.86542516135414,False
HIF2alpha,10,ok,boltz2,11.118567884942106,10.476456339051156,10.010823249816895,9.983503341674805,1.86542516135414,False
HIF2alpha,11,ok,boltz2,11.314903083656295,10.66262152581317,9.925668716430664,9.914525032043457,1.86542516135414,False
HIF2alpha,12,ok,boltz2,7.902260183656297,7.9983942751594075,6.653050422668457,6.645758628845215,1.86542516135414,False
HIF2alpha,13,ok,boltz2,10.967822396427408,10.235985538765457,9.350384712219238,9.347860336303711,1.86542516135414,False
HIF2alpha,14,ok,boltz2,12.175385856388829,11.309857007618138,9.622944831848145,9.557376861572266,1.86542516135414,False
HIF2alpha,15,ok,boltz2,11.462300449614041,10.902747834657882,9.314010620117188,9.366308212280273,1.86542516135414,False
HIF2alpha,16,ok,boltz2,13.317972490169625,12.499222252280035,10.294055938720703,10.268757820129395,1.86542516135414,False
HIF2alpha,17,ok,boltz2,10.234326378833828,9.49755430808454,9.167567253112793,9.196728706359863,1.86542516135414,False
HIF2alpha,18,ok,boltz2,11.425976226968872,10.782734162764473,11.216379165649414,11.125786781311035,1.86542516135414,False
HIF2alpha,19,ok,boltz2,11.36469895082305,10.747763704228293,9.107610702514648,9.153325080871582,1.86542516135414,False
HIF2alpha,20,ok,boltz2,11.367442768110294,10.641467687966564,10.209480285644531,10.20267391204834,1.86542516135414,False
HIF2alpha,21,ok,boltz2,13.632269519193185,12.84696744832307,10.294822692871094,10.277775764465332,1.86542516135414,False
HIF2alpha,22,ok,boltz2,11.449104208148944,10.797521861024464,10.05024528503418,10.02822208404541,1.86542516135414,False
HIF2alpha,23,ok,boltz2,8.98891246380234,8.454817017517067,8.52649211883545,8.549240112304688,1.86542516135414,False
HIF2alpha,24,ok,boltz2,11.843909753210191,11.147295038985822,9.905176162719727,9.883113861083984,1.86542516135414,False
HIF2alpha,25,ok,boltz2,12.233736968072881,11.48681474462919,10.100730895996094,10.089611053466797,1.86542516135414,False
HIF2alpha,26,ok,boltz2,7.744347264345863,7.7920385261782545,7.537807941436768,7.583362579345703,1.86542516135414,False
HIF2alpha,27,ok,boltz2,9.653944917979576,9.645305665800269,11.133706092834473,11.00489330291748,1.86542516135414,False
HIF2alpha,28,ok,boltz2,10.219696986149602,9.631944933390649,9.305906295776367,9.181939125061035,1.86542516135414,False
HIF2alpha,29,ok,boltz2,8.127431860957918,7.290344118340628,9.464570045471191,9.53126049041748,1.86542516135414,False
HIV_RT,0,ok,boltz2,9.640227784602617,9.017218331638071,6.569947242736816,6.636704921722412,3.055562157269878,False
HIV_RT,1,ok,boltz2,8.671275875614496,7.814933910950481,6.219296455383301,6.26447868347168,3.055562157269878,False
HIV_RT,2,ok,boltz2,9.276916757550776,8.44312218726745,6.405920505523682,6.308346271514893,3.055562157269878,False
HIV_RT,3,ok,boltz2,9.028712005984435,8.233737526791376,6.126184463500977,6.080018997192383,3.055562157269878,False
HIV_RT,4,ok,boltz2,8.836262733287798,7.987829230062208,6.403183937072754,6.4539313316345215,3.055562157269878,False
HIV_RT,5,ok,boltz2,9.04947179260367,8.313470172913233,6.455514907836914,6.405553817749023,3.055562157269878,False
HIV_RT,6,ok,boltz2,8.544017571520197,7.645680669923448,5.397597312927246,5.362217903137207,3.055562157269878,False
HIV_RT,7,ok,boltz2,9.497025781494878,8.800020569185486,7.008122444152832,6.852022171020508,3.055562157269878,False
HIV_RT,8,ok,boltz2,9.716681601962627,8.987850277468008,6.767530918121338,6.785475254058838,3.055562157269878,False
HIV_RT,9,ok,boltz2,8.896714912165377,8.107633362417493,6.069072723388672,5.98964262008667,3.055562157269878,False
HIV_RT,10,ok,boltz2,8.66773456662474,7.9189697863467075,5.752254009246826,5.7044291496276855,3.055562157269878,False
HIV_RT,11,ok,boltz2,9.300883658053797,8.746736321094398,5.760852813720703,5.5637712478637695,3.055562157269878,False
HIV_RT,12,ok,boltz2,9.506980337506077,8.98252006710856,6.3149824142456055,6.320486545562744,3.055562157269878,False
HIV_RT,13,ok,boltz2,8.902225817238289,8.114775990298057,6.331417083740234,6.416635036468506,3.055562157269878,False
HIV_RT,14,ok,boltz2,8.193608337216137,8.035483466393318,5.866423606872559,5.538015842437744,3.055562157269878,False
HIV_RT,15,ok,boltz2,10.021375344112027,9.47112375896448,6.47298526763916,6.54906702041626,3.055562157269878,False
HIV_RT,16,ok,boltz2,9.353108693680268,8.65953922651995,6.222641944885254,6.289444446563721,3.055562157269878,False
HIV_RT,17,ok,boltz2,6.2507128340521945,5.356282765848204,5.461164474487305,5.16085147857666,3.055562157269878,False
HIV_RT,18,ok,boltz2,8.234106336191477,7.4450209913448795,5.610668182373047,5.617698669433594,3.055562157269878,False
HIV_RT,19,ok,boltz2,6.697191793312999,5.634234110335036,5.18972635269165,4.769861698150635,3.055562157269878,False
HIV_RT,20,ok,boltz2,7.604993804483343,6.707437647039629,5.309060096740723,5.352477073669434,3.055562157269878,False
HIV_RT,21,ok,boltz2,8.547979518932824,7.729559369365096,5.637887954711914,5.672860145568848,3.055562157269878,False
HIV_RT,22,ok,boltz2,9.23864684105183,8.9064497051647,6.880939960479736,6.845571041107178,3.055562157269878,False
HIV_RT,23,ok,boltz2,8.38411359664008,7.709740985823503,5.698201656341553,5.670570373535156,3.055562157269878,False
HIV_RT,24,ok,boltz2,8.06033848561166,7.1743535414442565,5.388564109802246,5.490182876586914,3.055562157269878,False
HIV_RT,25,ok,boltz2,9.721020875641125,9.167338594882013,6.2753777503967285,6.190688133239746,3.055562157269878,False
HIV_RT,26,ok,boltz2,7.710055088876177,6.6431306588925985,5.27166748046875,5.257359504699707,3.055562157269878,False
HIV_RT,27,ok,boltz2,7.621595172548633,7.018361810491972,4.501388072967529,4.351710796356201,3.055562157269878,False
HIV_RT,28,ok,boltz2,12.112823787901933,11.845089630863768,11.469768524169922,11.273816108703613,3.055562157269878,False
HIV_RT,29,ok,boltz2,8.63114359836637,8.169408496928444,5.222539901733398,5.15958833694458,3.055562157269878,False
HIV1_CA,0,ok,boltz2,7.027506840257464,6.411347203101163,3.723870038986206,3.607914686203003,1.3207135415934947,False
HIV1_CA,1,ok,boltz2,2.128810806545866,1.8734523178361586,1.081613302230835,0.932039201259613,1.3207135415934947,False
HIV1_CA,2,ok,boltz2,2.487874613827991,1.7183524934037782,0.6020092964172363,0.5361950397491455,1.3207135415934947,False
HIV1_CA,3,ok,boltz2,3.445527723322231,2.699771906005264,1.2310720682144165,1.1621979475021362,1.3207135415934947,False
HIV1_CA,4,ok,boltz2,2.4890122656480176,1.6635514630288213,0.4248026907444,0.38595473766326904,1.3207135415934947,False
HIV1_CA,5,ok,boltz2,2.5640911754942115,2.226588722357163,1.2561200857162476,1.0995771884918213,1.3207135415934947,False
HIV1_CA,6,ok,boltz2,3.477459761027733,2.7477651435234915,1.30866277217865,1.2110850811004639,1.3207135415934947,False
HIV1_CA,7,ok,boltz2,2.2499256592702275,1.9334512608834507,1.2779732942581177,1.1290217638015747,1.3207135415934947,False
HIV1_CA,8,ok,boltz2,2.6326056001983047,1.812189185140692,0.655101478099823,0.5859664678573608,1.3207135415934947,False
HIV1_CA,9,ok,boltz2,3.1133692659949697,2.3373880124932755,1.05264151096344,0.9566893577575684,1.3207135415934947,False
HIV1_CA,10,ok,boltz2,8.71165478408944,8.223213714525428,5.365116119384766,5.253850936889648,1.3207135415934947,False
HIV1_CA,11,ok,boltz2,1.4803929864514291,0.8181071837418162,0.36257973313331604,0.3392866849899292,1.3207135415934947,True
HIV1_CA,12,ok,boltz2,2.582121493041303,1.8431364716117191,0.6662302017211914,0.5944221615791321,1.3207135415934947,False
HIV1_CA,13,ok,boltz2,3.3822254966667633,2.6933864819283944,1.1446808576583862,1.1061415672302246,1.3207135415934947,False
HIV1_CA,14,ok,boltz2,3.0292394553232174,2.8799855914682664,3.869810104370117,3.9035706520080566,1.3207135415934947,False
HIV1_CA,15,ok,boltz2,3.618098401291666,3.295070457663528,3.7112839221954346,3.785848617553711,1.3207135415934947,False
HIV1_CA,16,ok,boltz2,4.233691496228193,4.37467131818117,5.012663841247559,5.079756736755371,1.3207135415934947,False
HIV1_CA,17,ok,boltz2,2.8459120509150506,2.7872379911609992,3.6772282123565674,3.7408854961395264,1.3207135415934947,False
HIV1_CA,18,ok,boltz2,3.671265867674722,3.317592840415217,3.6632401943206787,3.728402614593506,1.3207135415934947,False
HIV1_CA,19,ok,boltz2,3.293489780236496,2.964962690667954,3.643604278564453,3.697955846786499,1.3207135415934947,False
HIV1_CA,20,ok,boltz2,3.849043897229195,3.742509892185241,3.95397686958313,4.017088413238525,1.3207135415934947,False
HIV1_CA,21,ok,boltz2,4.514356670431329,4.044783344206204,3.7662107944488525,3.7385880947113037,1.3207135415934947,False
HIV1_CA,22,ok,boltz2,3.107316946808568,3.0173739389240284,4.087725639343262,4.173760414123535,1.3207135415934947,False
HIV1_CA,23,ok,boltz2,3.019955422000142,2.719474471847217,3.700253486633301,3.8166656494140625,1.3207135415934947,False
HIV1_CA,24,ok,boltz2,5.56886858458867,5.452062912055955,4.018488883972168,4.083327293395996,1.3207135415934947,False
HIV1_CA,25,ok,boltz2,4.5973813790350215,4.85272749930756,6.381011009216309,6.424809455871582,1.3207135415934947,False
HIV1_CA,26,ok,boltz2,5.073229185448128,4.827663735663427,3.872962236404419,3.931422710418701,1.3207135415934947,False
HIV1_CA,27,ok,boltz2,6.797051477394431,6.541671720531156,5.248049259185791,5.293924331665039,1.3207135415934947,False
HIV1_CA,28,ok,boltz2,7.845322112399785,7.340947879586546,4.824915885925293,4.73177433013916,1.3207135415934947,False
HIV1_CA,29,ok,boltz2,7.529318126005822,7.140174100233175,5.457843780517578,5.519204616546631,1.3207135415934947,False
Menin,0,ok,boltz2,1.0286763452416838,1.1134969955725598,0.314230740070343,0.2845440208911896,1.2468617606125678,False
Menin,1,ok,boltz2,1.085557667257946,0.9165266188105058,0.5051222443580627,0.36845293641090393,1.2468617606125678,True
Menin,2,ok,boltz2,1.1243035400516568,1.1756962214357627,0.4328520894050598,0.38991111516952515,1.2468617606125678,False
Menin,3,ok,boltz2,0.997002276665409,1.0713969319546828,0.3956705331802368,0.326265811920166,1.2468617606125678,False
Menin,4,ok,boltz2,0.9998444403310567,0.9131688843702197,0.40026262402534485,0.3557714819908142,1.2468617606125678,True
Menin,5,ok,boltz2,1.0177075998434253,0.8903042792162578,0.3938335180282593,0.32786741852760315,1.2468617606125678,True
Menin,6,ok,boltz2,1.033409245796319,0.8241354371400371,0.470201313495636,0.4182376265525818,1.2468617606125678,True
Menin,7,ok,boltz2,1.006892041165624,1.0823702353023323,0.3241504430770874,0.3414572775363922,1.2468617606125678,False
Menin,8,ok,boltz2,1.0450652948242485,0.9173450772257359,0.5044618248939514,0.41952767968177795,1.2468617606125678,True
Menin,9,ok,boltz2,1.0768764268196627,0.9495285912111815,0.43118444085121155,0.30289939045906067,1.2468617606125678,True
Menin,10,ok,boltz2,1.0192310759734493,1.0060992582875696,0.4766887426376343,0.3907778859138489,1.2468617606125678,True
Menin,11,ok,boltz2,0.9903728411907557,0.9475543382612521,0.3387385606765747,0.2808819115161896,1.2468617606125678,True
Menin,12,ok,boltz2,1.037795723045333,0.9392008884817832,0.39957311749458313,0.295515775680542,1.2468617606125678,True
Menin,13,ok,boltz2,1.107395609118627,0.9585138234481506,0.4514184296131134,0.2707558870315552,1.2468617606125678,True
Menin,14,ok,boltz2,1.0451651415095968,0.9156326537852242,0.456229031085968,0.43140095472335815,1.2468617606125678,True
Menin,15,ok,boltz2,1.0824584953223773,0.9513136049021816,0.5732600688934326,0.4281465411186218,1.2468617606125678,True
Menin,16,ok,boltz2,1.1066258156088002,1.0880110128578735,0.35136985778808594,0.32069337368011475,1.2468617606125678,True
Menin,17,ok,boltz2,0.9745970422015721,0.8761906532877857,0.4363061189651489,0.3590480387210846,1.2468617606125678,True
Menin,18,ok,boltz2,0.9969632514714812,0.6706600339084433,0.3294823169708252,0.3101390600204468,1.2468617606125678,True
Menin,19,ok,boltz2,1.078647412606725,0.6835398339868725,0.41609203815460205,0.3633977472782135,1.2468617606125678,True
Menin,20,ok,boltz2,1.033706056253894,0.9646470997036961,0.43039870262145996,0.33550897240638733,1.2468617606125678,True
Menin,21,ok,boltz2,0.9637414882073669,0.891967163670437,0.5063002705574036,0.3486710488796234,1.2468617606125678,True
Menin,22,ok,boltz2,1.1171237070945181,0.9440359158574164,0.48817676305770874,0.3714895248413086,1.2468617606125678,True
Menin,23,ok,boltz2,1.0805748172511536,0.962764537758185,0.4298458993434906,0.2873925268650055,1.2468617606125678,True
Menin,24,ok,boltz2,1.107213189564197,1.0107811260205521,0.4328005015850067,0.3511008620262146,1.2468617606125678,True
Menin,25,ok,boltz2,1.0625728578328808,1.0578651566282353,0.38840171694755554,0.3417460322380066,1.2468617606125678,True
Menin,26,ok,boltz2,1.0464921330690278,0.9027902370054651,0.47423306107521057,0.30961471796035767,1.2468617606125678,True
Menin,27,ok,boltz2,0.9629696959425197,0.8960900404134011,0.40830299258232117,0.385808527469635,1.2468617606125678,True
Menin,28,ok,boltz2,1.0078661551796095,0.9899233417983316,0.3955485224723816,0.3971003293991089,1.2468617606125678,True
Menin,29,ok,boltz2,1.0910199317464229,1.1361960284924086,0.5102476477622986,0.39146581292152405,1.2468617606125678,False
GCGR,0,ok,boltz2,3.682665826349379,3.762336610072098,22.787626266479492,24.355995178222656,5.701045356786475,False
GCGR,1,ok,boltz2,3.170160482191799,3.9939297584560993,24.100221633911133,25.705482482910156,5.701045356786475,False
GCGR,2,ok,boltz2,3.802777793419353,3.404728288147542,22.472795486450195,24.08698081970215,5.701045356786475,True
GCGR,3,ok,boltz2,3.90924456192258,3.540821818028443,22.627573013305664,24.40699577331543,5.701045356786475,True
GCGR,4,ok,boltz2,4.136328895095522,3.277618404501602,22.949018478393555,24.553810119628906,5.701045356786475,True
GCGR,5,ok,boltz2,4.130286008899682,3.243461143403156,22.076629638671875,24.122838973999023,5.701045356786475,True
GCGR,6,ok,boltz2,4.009039184858308,3.317525258608343,23.348928451538086,23.905948638916016,5.701045356786475,True
GCGR,7,ok,boltz2,3.3229410013347085,4.141761840419698,23.206003189086914,24.720516204833984,5.701045356786475,False
GCGR,8,ok,boltz2,3.240276326426598,4.144730119013208,23.62494468688965,25.188011169433594,5.701045356786475,False
GCGR,9,ok,boltz2,4.268028003023686,3.270775576912167,22.68735122680664,24.438074111938477,5.701045356786475,True
GCGR,10,ok,boltz2,3.751451068431938,3.6269159860111255,22.443147659301758,24.09170150756836,5.701045356786475,True
GCGR,11,ok,boltz2,3.483893047488121,4.036841613452389,22.543333053588867,24.156288146972656,5.701045356786475,False
GCGR,12,ok,boltz2,4.500990682685893,2.954384983522224,22.847192764282227,24.348791122436523,5.701045356786475,True
GCGR,13,ok,boltz2,4.211839101874101,3.404238520644,24.213172912597656,25.435504913330078,5.701045356786475,True
GCGR,14,ok,boltz2,3.910879036108727,3.388079279627677,24.108850479125977,25.47553253173828,5.701045356786475,True
GCGR,15,ok,boltz2,4.254010185452255,3.257587657460474,22.659832000732422,24.367746353149414,5.701045356786475,True
GCGR,16,ok,boltz2,3.693016491467151,3.689206179884208,22.69164276123047,24.20760154724121,5.701045356786475,True
GCGR,17,ok,boltz2,4.472847293954832,3.1964987295077014,22.868175506591797,24.446996688842773,5.701045356786475,True
GCGR,18,ok,boltz2,4.048251642050001,3.3856619765466465,23.09857940673828,24.729652404785156,5.701045356786475,True
GCGR,19,ok,boltz2,3.4863267242745417,3.783771844416759,23.935779571533203,25.02347755432129,5.701045356786475,False
GCGR,20,ok,boltz2,3.956672850732154,3.24887079729665,22.926013946533203,24.677799224853516,5.701045356786475,True
GCGR,21,ok,boltz2,5.46538361286784,2.6192324886203453,22.896320343017578,24.56429100036621,5.701045356786475,True
GCGR,22,ok,boltz2,4.156886428186437,3.2832219322156204,23.244464874267578,24.419546127319336,5.701045356786475,True
GCGR,23,ok,boltz2,3.16905911880414,4.070217263069367,22.211549758911133,23.916603088378906,5.701045356786475,False
GCGR,24,ok,boltz2,3.246212925424036,4.027697808227814,22.879905700683594,24.668598175048828,5.701045356786475,False
GCGR,25,ok,boltz2,3.843797042190389,3.5006436623381294,22.910934448242188,24.556276321411133,5.701045356786475,True
GCGR,26,ok,boltz2,3.9244707716176936,3.4209238069661234,23.046127319335938,24.632658004760742,5.701045356786475,True
GCGR,27,ok,boltz2,3.283772811643093,4.126105681519857,22.93824005126953,24.718158721923828,5.701045356786475,False
GCGR,28,ok,boltz2,4.027285968344499,3.322355244940259,23.121658325195312,24.71894073486328,5.701045356786475,True
GCGR,29,ok,boltz2,4.773808056244454,2.8055753316394405,22.65915298461914,24.369583129882812,5.701045356786475,True
THSR,0,ok,boltz2,5.22445582800669,5.775403098444232,3.3784704208374023,3.3067891597747803,1.616455574028625,False
THSR,1,ok,boltz2,11.60637041434005,12.42169992698475,7.051758766174316,7.165753364562988,1.616455574028625,False
THSR,2,ok,boltz2,10.027107466361917,10.656757664192417,6.056058883666992,6.164280891418457,1.616455574028625,False
THSR,3,ok,boltz2,9.840023502021987,10.485498293170567,5.475924968719482,5.594483852386475,1.616455574028625,False
THSR,4,ok,boltz2,8.984604342286024,9.675840236002697,5.765056133270264,5.867323875427246,1.616455574028625,False
THSR,5,ok,boltz2,7.524935529357783,8.11590913298344,5.010417938232422,5.060937404632568,1.616455574028625,False
THSR,6,ok,boltz2,5.110317571923486,5.694200125417837,3.104707956314087,3.123171091079712,1.616455574028625,False
THSR,7,ok,boltz2,2.196746142239385,1.9921955981121153,1.6613770723342896,1.5303525924682617,1.616455574028625,False
THSR,8,ok,boltz2,9.407987103233301,10.099703496341734,6.191947937011719,6.304529666900635,1.616455574028625,False
THSR,9,ok,boltz2,10.604649073559429,11.25577816286629,6.241272926330566,6.36434268951416,1.616455574028625,False
THSR,10,ok,boltz2,10.997346375686087,11.790695541691273,6.259861469268799,6.363791465759277,1.616455574028625,False
THSR,11,ok,boltz2,8.73424619838069,9.402283537139551,4.9062604904174805,4.978127956390381,1.616455574028625,False
THSR,12,ok,boltz2,9.474451091153492,10.315551341953489,5.606417179107666,5.727630138397217,1.616455574028625,False
THSR,13,ok,boltz2,10.408692040855911,11.106667838345933,5.914889812469482,6.021735191345215,1.616455574028625,False
THSR,14,ok,boltz2,9.680939715252082,10.457105621625587,5.531418800354004,5.630186080932617,1.616455574028625,False
THSR,15,ok,boltz2,10.762573332093533,11.295725483953117,6.256421089172363,6.327117443084717,1.616455574028625,False
THSR,16,ok,boltz2,5.1896791639076305,5.747272035715752,4.238805294036865,4.314039707183838,1.616455574028625,False
THSR,17,ok,boltz2,6.163523262118015,6.903845473243751,4.401399612426758,4.469322681427002,1.616455574028625,False
THSR,18,ok,boltz2,11.353098456673935,12.092022726907807,6.570858955383301,6.681098937988281,1.616455574028625,False
THSR,19,ok,boltz2,9.991224071838353,10.419930860788575,6.398508548736572,6.46492338180542,1.616455574028625,False
THSR,20,ok,boltz2,10.597159811948575,11.288873954973973,6.3695807456970215,6.464028835296631,1.616455574028625,False
THSR,21,ok,boltz2,10.22294003026489,10.889023741727625,5.718515396118164,5.79971170425415,1.616455574028625,False
THSR,22,ok,boltz2,10.323569087692261,11.024498244394279,5.610355854034424,5.7415547370910645,1.616455574028625,False
THSR,23,ok,boltz2,7.998929887505804,8.809476975936883,4.541193008422852,4.630865573883057,1.616455574028625,False
THSR,24,ok,boltz2,9.633733675952671,10.039912637511103,5.345192909240723,5.4494500160217285,1.616455574028625,False
THSR,25,ok,boltz2,7.663278799728885,8.43090180923397,4.8213958740234375,4.937211990356445,1.616455574028625,False
THSR,26,ok,boltz2,11.171195347334704,11.82376153043563,6.033814430236816,6.121777534484863,1.616455574028625,False
THSR,27,ok,boltz2,6.244857738462929,7.012150520875541,4.2361345291137695,4.304566860198975,1.616455574028625,False
THSR,28,ok,boltz2,5.501680788673879,5.962646916140001,3.4060192108154297,3.485926866531372,1.616455574028625,False
THSR,29,ok,boltz2,9.89592847194061,10.452309409270878,5.761810779571533,5.843991756439209,1.616455574028625,False
p53_Y220C__4AGQ,0,ok,boltz2,1.3676261852005793,0.6025978195748571,0.656548261642456,0.5679001212120056,1.1180275303614244,True
p53_Y220C__4AGQ,1,ok,boltz2,1.3073143795141309,0.5144872456920893,0.47960057854652405,0.4731898307800293,1.1180275303614244,True
p53_Y220C__4AGQ,2,ok,boltz2,1.3464538138199984,0.5826084570191526,0.5294251441955566,0.5327632427215576,1.1180275303614244,True
p53_Y220C__4AGQ,3,ok,boltz2,1.354564454616972,0.5849762506752805,0.7549610733985901,0.6884379386901855,1.1180275303614244,True
p53_Y220C__4AGQ,4,ok,boltz2,1.4204613381755957,0.6575297120284606,0.6423588395118713,0.5144370198249817,1.1180275303614244,True
p53_Y220C__4AGQ,5,ok,boltz2,1.3309463922314047,0.5255492341203435,0.5252869725227356,0.5374908447265625,1.1180275303614244,True
p53_Y220C__4AGQ,6,ok,boltz2,1.3608693895882424,0.6287156961276443,0.5872018337249756,0.507613480091095,1.1180275303614244,True
p53_Y220C__4AGQ,7,ok,boltz2,1.4164094664735758,0.6584992044007295,0.7412099838256836,0.6985846161842346,1.1180275303614244,True
p53_Y220C__4AGQ,8,ok,boltz2,1.3176607668688516,0.43701672623452925,0.5768839716911316,0.6629460453987122,1.1180275303614244,True
p53_Y220C__4AGQ,9,ok,boltz2,1.3509896763159763,0.5792661619960453,0.5374672412872314,0.4800665080547333,1.1180275303614244,True
p53_Y220C__4AGQ,10,ok,boltz2,1.4085162596730125,0.6277738325624941,0.629403829574585,0.6471567153930664,1.1180275303614244,True
p53_Y220C__4AGQ,11,ok,boltz2,1.3289957221588795,0.5574870698591389,0.5395172834396362,0.516644299030304,1.1180275303614244,True
p53_Y220C__4AGQ,12,ok,boltz2,1.2807320002908988,0.3903101715049849,0.5212344527244568,0.6184021830558777,1.1180275303614244,True
p53_Y220C__4AGQ,13,ok,boltz2,1.2995467118820128,0.4976371041118506,0.6683892607688904,0.6616613864898682,1.1180275303614244,True
p53_Y220C__4AGQ,14,ok,boltz2,1.452229072735415,0.693408324204318,0.48292985558509827,0.5088550448417664,1.1180275303614244,True
p53_Y220C__4AGQ,15,ok,boltz2,1.3981256160031912,0.7167614979698694,0.715679407119751,0.6148966550827026,1.1180275303614244,True
p53_Y220C__4AGQ,16,ok,boltz2,1.3504629663312757,0.5331035622864205,0.4549720585346222,0.5159838199615479,1.1180275303614244,True
p53_Y220C__4AGQ,17,ok,boltz2,1.4612509884365354,0.72570980447173,0.743652880191803,0.7024834156036377,1.1180275303614244,True
p53_Y220C__4AGQ,18,ok,boltz2,1.392229896133508,0.6293378430482802,0.6270002126693726,0.5595781207084656,1.1180275303614244,True
p53_Y220C__4AGQ,19,ok,boltz2,1.33203125,0.5751085273728108,0.644841730594635,0.614251434803009,1.1180275303614244,True
p53_Y220C__4AGQ,20,ok,boltz2,1.3407384640863542,0.567925371285187,0.6572403311729431,0.6426096558570862,1.1180275303614244,True
p53_Y220C__4AGQ,21,ok,boltz2,1.3392133711395264,0.5143160037173398,0.4880926311016083,0.40962356328964233,1.1180275303614244,True
p53_Y220C__4AGQ,22,ok,boltz2,1.3750581605178671,0.6120889335291303,0.5952069759368896,0.5254420042037964,1.1180275303614244,True
p53_Y220C__4AGQ,23,ok,boltz2,1.3508399651191114,0.5000195499412862,0.5726115107536316,0.6227309703826904,1.1180275303614244,True
p53_Y220C__4AGQ,24,ok,boltz2,1.3677705230093538,0.6181121852614827,0.6229076385498047,0.6416678428649902,1.1180275303614244,True
p53_Y220C__4AGQ,25,ok,boltz2,1.5795414676952755,0.9500485156871852,0.6780475974082947,0.5880637168884277,1.1180275303614244,True
p53_Y220C__4AGQ,26,ok,boltz2,1.333991932563302,0.6215775106182403,0.5783037543296814,0.4604175090789795,1.1180275303614244,True
p53_Y220C__4AGQ,27,ok,boltz2,1.4432178769384034,0.703401154072236,0.723353385925293,0.686183512210846,1.1180275303614244,True
p53_Y220C__4AGQ,28,ok,boltz2,1.4584779369259073,0.7351519060853521,0.6242033839225769,0.5306239128112793,1.1180275303614244,True
p53_Y220C__4AGQ,29,ok,boltz2,1.4070813824653428,0.6688887937216099,0.6922321915626526,0.6140822768211365,1.1180275303614244,True
HIF2alpha__6D0B,0,ok,boltz2,4.855967957067223,4.975644527420115,4.700154781341553,4.52901554107666,1.6729991744940291,False
HIF2alpha__6D0B,1,ok,boltz2,4.848743967515937,5.219989837686197,4.306333541870117,4.1708807945251465,1.6729991744940291,False
HIF2alpha__6D0B,2,ok,boltz2,6.7737402989436015,6.786527329863338,6.1945109367370605,6.0945515632629395,1.6729991744940291,False
HIF2alpha__6D0B,3,ok,boltz2,3.7660476867517882,3.8567627007988756,3.30096435546875,3.1696360111236572,1.6729991744940291,False
HIF2alpha__6D0B,4,ok,boltz2,3.68266417391681,3.787533509672471,3.3254313468933105,3.3026766777038574,1.6729991744940291,False
HIF2alpha__6D0B,5,ok,boltz2,4.2469577338339155,4.462397298010708,3.434520721435547,3.332833766937256,1.6729991744940291,False
HIF2alpha__6D0B,6,ok,boltz2,3.8075869304653733,4.0191279451441115,2.8861541748046875,2.975846290588379,1.6729991744940291,False
HIF2alpha__6D0B,7,ok,boltz2,6.970526502897629,7.074946228208599,8.264479637145996,8.355504035949707,1.6729991744940291,False
HIF2alpha__6D0B,8,ok,boltz2,4.286357328274881,4.574619536759537,8.944907188415527,8.99229907989502,1.6729991744940291,False
HIF2alpha__6D0B,9,ok,boltz2,4.0005791707212675,3.6005311940100473,6.526937007904053,6.4855875968933105,1.6729991744940291,False
HIF2alpha__6D0B,10,ok,boltz2,6.553478210290932,6.129552900677751,6.684875011444092,6.542618751525879,1.6729991744940291,False
HIF2alpha__6D0B,11,ok,boltz2,5.804164932497346,5.206241786036773,7.040500164031982,6.970147609710693,1.6729991744940291,False
HIF2alpha__6D0B,12,ok,boltz2,6.31461441424298,6.492236660902417,8.25299072265625,8.271252632141113,1.6729991744940291,False
HIF2alpha__6D0B,13,ok,boltz2,4.751628931048003,5.25546225999119,5.558058738708496,5.4135212898254395,1.6729991744940291,False
HIF2alpha__6D0B,14,ok,boltz2,3.4447869360207446,3.392968575904643,3.5479977130889893,3.379422187805176,1.6729991744940291,False
HIF2alpha__6D0B,15,ok,boltz2,6.329335814355395,6.348733455000015,8.714432716369629,8.739267349243164,1.6729991744940291,False
HIF2alpha__6D0B,16,ok,boltz2,4.115331747793619,4.139513194296048,3.5634846687316895,3.368515729904175,1.6729991744940291,False
HIF2alpha__6D0B,17,ok,boltz2,5.91233636611436,5.895547319274375,8.695051193237305,8.760783195495605,1.6729991744940291,False
HIF2alpha__6D0B,18,ok,boltz2,6.974081167799924,7.184881283613161,4.246865272521973,4.27559232711792,1.6729991744940291,False
HIF2alpha__6D0B,19,ok,boltz2,4.727886678045962,4.748495858518596,6.48055362701416,6.40541934967041,1.6729991744940291,False
HIF2alpha__6D0B,20,ok,boltz2,4.991590838238222,4.959657679199291,3.9485723972320557,3.783846139907837,1.6729991744940291,False
HIF2alpha__6D0B,21,ok,boltz2,5.144783423036242,5.2067193729203405,7.05479097366333,7.022268772125244,1.6729991744940291,False
HIF2alpha__6D0B,22,ok,boltz2,3.023745494159019,2.9116443974308206,1.9660587310791016,2.004044771194458,1.6729991744940291,False
HIF2alpha__6D0B,23,ok,boltz2,6.873289037243924,6.838084484273538,8.782313346862793,8.755019187927246,1.6729991744940291,False
HIF2alpha__6D0B,24,ok,boltz2,4.627762190702462,4.472009736215156,8.21757698059082,8.27546215057373,1.6729991744940291,False
HIF2alpha__6D0B,25,ok,boltz2,5.32387909770238,5.260777990439937,7.3628106117248535,7.453232765197754,1.6729991744940291,False
HIF2alpha__6D0B,26,ok,boltz2,4.482842924062607,4.630052573205599,7.317518711090088,7.335877895355225,1.6729991744940291,False
HIF2alpha__6D0B,27,ok,boltz2,5.299956000152513,4.7950084587820765,6.9012017250061035,6.871208190917969,1.6729991744940291,False
HIF2alpha__6D0B,28,ok,boltz2,5.3436112062207615,5.207917093926209,8.416671752929688,8.420568466186523,1.6729991744940291,False
HIF2alpha__6D0B,29,ok,boltz2,7.370299500360137,7.690399006747963,10.273147583007812,10.430438041687012,1.6729991744940291,False
HIV_RT__3V81,0,ok,boltz2,8.768721939217917,8.360040553233421,5.5532612800598145,5.61725378036499,3.0896312117090363,False
HIV_RT__3V81,1,ok,boltz2,8.240908390173868,8.444426639543737,5.775791645050049,6.206823348999023,3.0896312117090363,False
HIV_RT__3V81,2,ok,boltz2,8.946398395978568,8.501830215991431,6.0759758949279785,6.101193428039551,3.0896312117090363,False
HIV_RT__3V81,3,ok,boltz2,7.639646174528701,7.103395647646011,5.035228252410889,5.13658332824707,3.0896312117090363,False
HIV_RT__3V81,4,ok,boltz2,7.482071125596788,7.206998336953672,4.927722454071045,4.883370876312256,3.0896312117090363,False
HIV_RT__3V81,5,ok,boltz2,7.445969443312341,7.204825409815086,5.055583953857422,5.12910270690918,3.0896312117090363,False
HIV_RT__3V81,6,ok,boltz2,9.141215264237822,9.258091080208743,6.42720365524292,6.331125259399414,3.0896312117090363,False
HIV_RT__3V81,7,ok,boltz2,8.030002060207158,7.823559974826336,5.254017353057861,5.191159248352051,3.0896312117090363,False
HIV_RT__3V81,8,ok,boltz2,6.846606285857867,6.4228308241482255,4.51820707321167,4.522115707397461,3.0896312117090363,False
HIV_RT__3V81,9,ok,boltz2,8.369691330609399,7.639541759365136,6.125489711761475,5.373432159423828,3.0896312117090363,False
HIV_RT__3V81,10,ok,boltz2,7.488890199573073,7.2312818981089935,4.646615028381348,4.38983678817749,3.0896312117090363,False
HIV_RT__3V81,11,ok,boltz2,3.5166526952734465,2.8517194761940363,2.689673900604248,1.9613869190216064,3.0896312117090363,True
HIV_RT__3V81,12,ok,boltz2,7.579226167485967,7.292100792894437,5.276252269744873,5.219976425170898,3.0896312117090363,False
HIV_RT__3V81,13,ok,boltz2,7.648182920439345,7.511928912200902,5.211129188537598,5.182284355163574,3.0896312117090363,False
HIV_RT__3V81,14,ok,boltz2,7.869650396753014,7.359828891001349,5.240667819976807,5.108580589294434,3.0896312117090363,False
HIV_RT__3V81,15,ok,boltz2,8.152173320511176,7.600607512220765,5.8386640548706055,5.629948139190674,3.0896312117090363,False
HIV_RT__3V81,16,ok,boltz2,8.688387207148253,8.108686990627058,5.78507137298584,5.703062534332275,3.0896312117090363,False
HIV_RT__3V81,17,ok,boltz2,8.373853910670624,8.11546244518889,5.936431884765625,5.895593643188477,3.0896312117090363,False
HIV_RT__3V81,18,ok,boltz2,8.397295514294834,8.18225058848303,5.387019634246826,5.321589946746826,3.0896312117090363,False
HIV_RT__3V81,19,ok,boltz2,8.81625656858912,8.177513959394247,5.383344650268555,5.265371799468994,3.0896312117090363,False
HIV_RT__3V81,20,ok,boltz2,6.156984367599705,5.686802841527176,4.4555463790893555,4.454110145568848,3.0896312117090363,False
HIV_RT__3V81,21,ok,boltz2,7.074757914788819,6.355501951907276,5.1913838386535645,5.006735801696777,3.0896312117090363,False
HIV_RT__3V81,22,ok,boltz2,7.599070596593433,7.166732058158632,4.797332763671875,4.865828514099121,3.0896312117090363,False
HIV_RT__3V81,23,ok,boltz2,7.497701794050892,6.968258497314733,4.404900074005127,4.268086910247803,3.0896312117090363,False
HIV_RT__3V81,24,ok,boltz2,7.899945267364894,7.663180014759916,4.781251430511475,4.591673851013184,3.0896312117090363,False
HIV_RT__3V81,25,ok,boltz2,7.072457438459108,6.54725105925466,5.011736869812012,4.7407636642456055,3.0896312117090363,False
HIV_RT__3V81,26,ok,boltz2,7.519002782928468,6.6611664650535305,5.323640823364258,4.540999889373779,3.0896312117090363,False
HIV_RT__3V81,27,ok,boltz2,5.918066147077519,5.406108402589602,3.966829299926758,3.5731112957000732,3.0896312117090363,False
HIV_RT__3V81,28,ok,boltz2,6.918752701053589,6.383615628835999,4.086124420166016,3.927767038345337,3.0896312117090363,False
HIV_RT__3V81,29,ok,boltz2,11.334722581823897,10.469715688680596,8.118206024169922,7.425128936767578,3.0896312117090363,False
THSR__7UTZ,0,ok,boltz2,18.024820723711542,17.8920094928108,7.243200778961182,7.338788986206055,2.4345552542057787,False
THSR__7UTZ,1,ok,boltz2,20.067284218954185,20.110901894960413,8.038453102111816,8.15490436553955,2.4345552542057787,False
THSR__7UTZ,2,ok,boltz2,13.783613617185345,14.021801178304692,5.972385406494141,6.081254005432129,2.4345552542057787,False
THSR__7UTZ,3,ok,boltz2,17.45815489120508,17.647366180735236,7.686487674713135,7.796702861785889,2.4345552542057787,False
THSR__7UTZ,4,ok,boltz2,17.425596436527375,17.34563657914022,6.81724214553833,6.917990684509277,2.4345552542057787,False
THSR__7UTZ,5,ok,boltz2,8.344920397132006,8.245777906108666,3.726656198501587,3.830801248550415,2.4345552542057787,False
THSR__7UTZ,6,ok,boltz2,19.211448072599463,19.383848146766606,7.364110946655273,7.465959548950195,2.4345552542057787,False
THSR__7UTZ,7,ok,boltz2,15.70449841493605,16.067061188981,6.723971366882324,6.8216233253479,2.4345552542057787,False
THSR__7UTZ,8,ok,boltz2,17.851093809211235,17.821834811724937,6.965572357177734,7.066980838775635,2.4345552542057787,False
THSR__7UTZ,9,ok,boltz2,15.561448308391268,15.076588852334423,6.446415901184082,6.520925045013428,2.4345552542057787,False
THSR__7UTZ,10,ok,boltz2,10.60110754562896,10.476981483498582,4.4218878746032715,4.502405643463135,2.4345552542057787,False
THSR__7UTZ,11,ok,boltz2,17.353082795102463,17.18478362950516,7.065708637237549,7.148375511169434,2.4345552542057787,False
THSR__7UTZ,12,ok,boltz2,14.144331690789118,14.030112251522661,6.784984111785889,6.874558448791504,2.4345552542057787,False
THSR__7UTZ,13,ok,boltz2,13.00604959983687,12.827403901641848,5.499509811401367,5.604886054992676,2.4345552542057787,False
THSR__7UTZ,14,ok,boltz2,15.516072982395924,15.176273286391904,6.481725215911865,6.580184459686279,2.4345552542057787,False
THSR__7UTZ,15,ok,boltz2,19.04491208975487,18.961137881357736,7.759063243865967,7.859333038330078,2.4345552542057787,False
THSR__7UTZ,16,ok,boltz2,18.1508913643751,17.91634251222596,7.383520603179932,7.47995662689209,2.4345552542057787,False
THSR__7UTZ,17,ok,boltz2,13.46967380084229,13.388152891966513,5.624812602996826,5.730889797210693,2.4345552542057787,False
THSR__7UTZ,18,ok,boltz2,14.787936016030105,14.761257116612436,6.063570022583008,6.176671504974365,2.4345552542057787,False
THSR__7UTZ,19,ok,boltz2,14.48428785645366,15.048979106165648,5.689886569976807,5.814484119415283,2.4345552542057787,False
THSR__7UTZ,20,ok,boltz2,9.746262445308561,9.632225780564129,4.022616863250732,4.102581024169922,2.4345552542057787,False
THSR__7UTZ,21,ok,boltz2,14.34563795290376,15.06733022443588,5.882121562957764,6.00816535949707,2.4345552542057787,False
THSR__7UTZ,22,ok,boltz2,16.205302689408253,16.27060488852977,6.717573165893555,6.82628870010376,2.4345552542057787,False
THSR__7UTZ,23,ok,boltz2,13.54895226394268,13.585584130279003,5.8465728759765625,5.950859069824219,2.4345552542057787,False
THSR__7UTZ,24,ok,boltz2,17.495803740225444,17.47346020259386,6.968377590179443,7.07116174697876,2.4345552542057787,False
THSR__7UTZ,25,ok,boltz2,13.675293723038003,13.896262820990778,6.230734348297119,6.323484897613525,2.4345552542057787,False
THSR__7UTZ,26,ok,boltz2,14.497920879618793,14.937993050169098,6.092820167541504,6.210696220397949,2.4345552542057787,False
THSR__7UTZ,27,ok,boltz2,15.926602223858087,15.764846400906515,6.302441120147705,6.399170875549316,2.4345552542057787,False
THSR__7UTZ,28,ok,boltz2,13.717129548889622,13.578662006209505,6.4502458572387695,6.51685905456543,2.4345552542057787,False
THSR__7UTZ,29,ok,boltz2,11.973135872116423,11.536954310782013,6.160747528076172,6.205929756164551,2.4345552542057787,False
Bcl-xL,0,ok,boltz2,5.8561644704344324,6.1814760087855465,3.957859992980957,4.099226951599121,2.505562006849456,False
Bcl-xL,1,ok,boltz2,5.689004757512323,6.112560820989361,4.409326553344727,4.587862968444824,2.505562006849456,False
Bcl-xL,2,ok,boltz2,3.549432345624996,3.698587429715168,1.765014410018921,1.6225495338439941,2.505562006849456,False
Bcl-xL,3,ok,boltz2,3.768002685092608,3.7991872887803835,1.7461930513381958,1.6909188032150269,2.505562006849456,False
Bcl-xL,4,ok,boltz2,5.516818987946717,6.1124690533108925,3.7776944637298584,4.030803203582764,2.505562006849456,False
Bcl-xL,5,ok,boltz2,5.355359278029021,5.531508915994302,3.8220372200012207,3.908670663833618,2.505562006849456,False
Bcl-xL,6,ok,boltz2,5.540816372437452,5.682612539800725,3.6511988639831543,3.6758248805999756,2.505562006849456,False
Bcl-xL,7,ok,boltz2,5.8288533221730665,6.600263569096759,4.240407466888428,4.664048194885254,2.505562006849456,False
Bcl-xL,8,ok,boltz2,5.666845984185243,5.8408748188927335,4.1034321784973145,4.225335121154785,2.505562006849456,False
Bcl-xL,9,ok,boltz2,5.673217634601176,6.426216340093537,3.8419575691223145,4.222031593322754,2.505562006849456,False
Bcl-xL,10,ok,boltz2,6.992512527426996,7.613423923125945,4.901627063751221,5.217868804931641,2.505562006849456,False
Bcl-xL,11,ok,boltz2,6.240834754252373,6.034789722506142,3.6053266525268555,3.423085927963257,2.505562006849456,False
Bcl-xL,12,ok,boltz2,5.377277817158421,5.819566848773219,3.8584606647491455,4.103864669799805,2.505562006849456,False
Bcl-xL,13,ok,boltz2,6.492598154722363,7.027114191312806,4.3894147872924805,4.588458061218262,2.505562006849456,False
Bcl-xL,14,ok,boltz2,6.179719935602569,6.610283920058378,4.603825569152832,4.815621852874756,2.505562006849456,False
Bcl-xL,15,ok,boltz2,5.515040191761207,6.101038559851024,4.143497467041016,4.471651077270508,2.505562006849456,False
Bcl-xL,16,ok,boltz2,6.454626399148011,7.328419613067101,4.68842887878418,5.068160057067871,2.505562006849456,False
Bcl-xL,17,ok,boltz2,6.4788900571006325,6.989474274640317,4.270843982696533,4.421273231506348,2.505562006849456,False
Bcl-xL,18,ok,boltz2,5.31375577182936,5.838781665465806,3.838920831680298,4.08624267578125,2.505562006849456,False
Bcl-xL,19,ok,boltz2,5.146646573255108,5.566510067930783,3.396226644515991,3.687596321105957,2.505562006849456,False
Bcl-xL,20,ok,boltz2,6.296837715571733,6.9420226859602385,4.352388381958008,4.692172527313232,2.505562006849456,False
Bcl-xL,21,ok,boltz2,6.344749047229607,7.013021448541359,4.317896366119385,4.545450687408447,2.505562006849456,False
Bcl-xL,22,ok,boltz2,5.82878262153046,5.9738071602894065,4.178598880767822,4.271903991699219,2.505562006849456,False
Bcl-xL,23,ok,boltz2,5.021514047599798,5.718047383000781,3.583509683609009,3.939091920852661,2.505562006849456,False
Bcl-xL,24,ok,boltz2,6.496422590143483,7.125137411681872,4.556600570678711,4.918695449829102,2.505562006849456,False
Bcl-xL,25,ok,boltz2,5.772576496539154,6.1264114171264845,4.315588474273682,4.4885053634643555,2.505562006849456,False
Bcl-xL,26,ok,boltz2,7.230010506970047,7.678947276480067,4.264510154724121,4.408446311950684,2.505562006849456,False
Bcl-xL,27,ok,boltz2,6.836192892350774,7.328875820406752,4.6870927810668945,4.865630149841309,2.505562006849456,False
Bcl-xL,28,ok,boltz2,6.611451901991749,6.797123693031842,4.147697925567627,4.180220603942871,2.505562006849456,False
Bcl-xL,29,ok,boltz2,5.962673014081576,6.369444156815151,4.372783184051514,4.5962419509887695,2.505562006849456,False
betaLG,0,ok,boltz2,1.631565712240465,1.8437344455755627,0.602789580821991,0.6597317457199097,1.3972391993938094,False
betaLG,1,ok,boltz2,1.3375210336939203,1.532472067826597,0.6628878116607666,0.7116124033927917,1.3972391993938094,False
betaLG,2,ok,boltz2,1.3510511960513103,1.545900257923,0.7568821310997009,0.7948196530342102,1.3972391993938094,False
betaLG,3,ok,boltz2,1.4819736097740872,1.7651037150498476,0.7233543395996094,0.7705146074295044,1.3972391993938094,False
betaLG,4,ok,boltz2,1.0922786868013752,1.2346044706129098,0.48013415932655334,0.5142163038253784,1.3972391993938094,False
betaLG,5,ok,boltz2,1.449699561360632,1.6147528950478882,0.6550013422966003,0.6802642345428467,1.3972391993938094,False
betaLG,6,ok,boltz2,1.5703063328487898,1.786885204842312,0.639605700969696,0.6945230960845947,1.3972391993938094,False
betaLG,7,ok,boltz2,1.6237482098167813,1.8865984876133246,0.700378954410553,0.7689356803894043,1.3972391993938094,False
betaLG,8,ok,boltz2,1.4861137640238569,1.7014643476612419,0.6283049583435059,0.6518754959106445,1.3972391993938094,False
betaLG,9,ok,boltz2,1.3317380270869028,1.533410086300248,0.6351640820503235,0.7017514705657959,1.3972391993938094,False
betaLG,10,ok,boltz2,1.210314819594616,1.4759407845839077,0.5783646702766418,0.6371803283691406,1.3972391993938094,False
betaLG,11,ok,boltz2,1.2421260093815836,1.3932115683570994,0.6579021215438843,0.7001076340675354,1.3972391993938094,False
betaLG,12,ok,boltz2,1.3870250845396075,1.5525252602131554,0.6549484133720398,0.7133811712265015,1.3972391993938094,False
betaLG,13,ok,boltz2,1.505053457079094,1.7083298276628243,0.7139856815338135,0.7386777400970459,1.3972391993938094,False
betaLG,14,ok,boltz2,1.4604458215878082,1.6216550642027978,0.625196635723114,0.6750121712684631,1.3972391993938094,False
betaLG,15,ok,boltz2,1.3070995165713666,1.6011644312495588,0.6084795594215393,0.6356586813926697,1.3972391993938094,False
betaLG,16,ok,boltz2,1.3856630198478133,1.53498942901165,0.5811206698417664,0.6347020268440247,1.3972391993938094,False
betaLG,17,ok,boltz2,1.418391776175175,1.5278593949126866,0.6413371562957764,0.7189044952392578,1.3972391993938094,False
betaLG,18,ok,boltz2,1.3055137147997906,1.4818672482742108,0.6549937129020691,0.6941307783126831,1.3972391993938094,False
betaLG,19,ok,boltz2,1.5172096845227052,1.5800543158764193,0.6879054307937622,0.7293235063552856,1.3972391993938094,False
betaLG,20,ok,boltz2,1.525102969874022,1.764421021973655,0.7770780324935913,0.8466552495956421,1.3972391993938094,False
betaLG,21,ok,boltz2,1.5779795195174102,1.7193773363316127,0.49459266662597656,0.5572512149810791,1.3972391993938094,False
betaLG,22,ok,boltz2,1.5963119824858136,1.9194494722444324,0.6369569897651672,0.6898015141487122,1.3972391993938094,False
betaLG,23,ok,boltz2,1.319789132450458,1.5598473482597568,0.5494146943092346,0.5689017176628113,1.3972391993938094,False
betaLG,24,ok,boltz2,1.710290709004548,1.9417385840141304,0.8120849132537842,0.8801501393318176,1.3972391993938094,False
betaLG,25,ok,boltz2,1.572397092708208,1.7679635106586316,0.6905670762062073,0.7303058505058289,1.3972391993938094,False
betaLG,26,ok,boltz2,1.6133802757335916,1.8033694479859792,0.830906093120575,0.8841268420219421,1.3972391993938094,False
betaLG,27,ok,boltz2,1.7697045326834786,2.0277917471195277,1.0158042907714844,1.061841368675232,1.3972391993938094,False
betaLG,28,ok,boltz2,1.82061935053681,2.016014051247726,1.6872023344039917,1.7059262990951538,1.3972391993938094,False
betaLG,29,ok,boltz2,1.2669917610852477,1.673445738590558,0.7384774088859558,0.7799927592277527,1.3972391993938094,False
NDPK-A,0,ok,boltz2,9.097394016654293,10.541578354688241,8.396181106567383,8.849907875061035,3.4697602388704447,False
NDPK-A,1,ok,boltz2,7.725250607664422,7.45216225701814,9.171241760253906,9.148603439331055,3.4697602388704447,False
NDPK-A,2,ok,boltz2,13.704278673242426,13.474578796429487,10.849318504333496,10.877121925354004,3.4697602388704447,False
NDPK-A,3,ok,boltz2,12.762822464977424,13.020832139227586,9.4888916015625,9.896042823791504,3.4697602388704447,False
NDPK-A,4,ok,boltz2,10.270092027215492,9.912444139149018,11.238994598388672,11.291972160339355,3.4697602388704447,False
NDPK-A,5,ok,boltz2,9.242520712750352,9.59624480948655,9.621243476867676,9.761597633361816,3.4697602388704447,False
NDPK-A,6,ok,boltz2,10.543770690974439,10.337666130142944,10.877265930175781,10.95993423461914,3.4697602388704447,False
NDPK-A,7,ok,boltz2,11.712591877909672,11.144045266545723,9.85970687866211,9.833584785461426,3.4697602388704447,False
NDPK-A,8,ok,boltz2,9.819466893905537,10.32857397621038,8.32809829711914,8.745355606079102,3.4697602388704447,False
NDPK-A,9,ok,boltz2,14.129013179754947,13.724556141500619,9.667922019958496,9.791770935058594,3.4697602388704447,False
NDPK-A,10,ok,boltz2,12.979996770496877,13.056321316494563,13.130526542663574,13.304631233215332,3.4697602388704447,False
NDPK-A,11,ok,boltz2,12.527424184856082,11.634002697143645,9.980133056640625,10.262436866760254,3.4697602388704447,False
NDPK-A,12,ok,boltz2,13.12097160023179,13.722171909628486,9.885388374328613,10.37358283996582,3.4697602388704447,False
NDPK-A,13,ok,boltz2,8.45441947028055,8.931407837234097,11.06921672821045,11.245704650878906,3.4697602388704447,False
NDPK-A,14,ok,boltz2,10.940686124024605,10.20520477533296,10.305362701416016,10.394719123840332,3.4697602388704447,False
NDPK-A,15,ok,boltz2,11.945800140391947,10.585505697812923,11.214576721191406,11.278560638427734,3.4697602388704447,False
NDPK-A,16,ok,boltz2,10.067766119656385,10.062414045563427,9.211102485656738,9.33552074432373,3.4697602388704447,False
NDPK-A,17,ok,boltz2,14.268448802673609,14.487724414560333,11.217766761779785,11.408499717712402,3.4697602388704447,False
NDPK-A,18,ok,boltz2,13.582677590661913,13.308421614601743,11.080958366394043,11.189521789550781,3.4697602388704447,False
NDPK-A,19,ok,boltz2,14.985117654906263,14.492047540988096,10.839795112609863,10.713597297668457,3.4697602388704447,False
NDPK-A,20,ok,boltz2,13.345657359610923,13.452892842746301,11.60318374633789,11.758883476257324,3.4697602388704447,False
NDPK-A,21,ok,boltz2,8.923412856413306,9.00048479464753,10.602587699890137,10.778421401977539,3.4697602388704447,False
NDPK-A,22,ok,boltz2,13.639759563501253,13.187803514299643,11.702800750732422,11.723325729370117,3.4697602388704447,False
NDPK-A,23,ok,boltz2,9.98659998312926,9.91899560767338,9.462443351745605,9.400846481323242,3.4697602388704447,False
NDPK-A,24,ok,boltz2,12.381501911870576,11.913765552576914,12.993185043334961,13.107597351074219,3.4697602388704447,False
NDPK-A,25,ok,boltz2,13.28237491873357,12.714896597174839,9.731602668762207,9.871172904968262,3.4697602388704447,False
NDPK-A,26,ok,boltz2,6.79439575733598,7.093338408989218,8.656179428100586,8.591155052185059,3.4697602388704447,False
NDPK-A,27,ok,boltz2,6.611223413816189,5.836479037083641,9.097406387329102,9.116072654724121,3.4697602388704447,False
NDPK-A,28,ok,boltz2,11.34919360558688,12.056557462193627,8.987464904785156,9.375467300415039,3.4697602388704447,False
NDPK-A,29,ok,boltz2,10.337108892741568,11.148633672049188,11.829347610473633,12.065256118774414,3.4697602388704447,False
GLTP,0,ok,boltz2,2.7671869449850455,2.3058301259156275,2.079951763153076,1.757978081703186,2.1410013181020275,False
GLTP,1,ok,boltz2,3.08679879177437,2.7002359824630977,2.542640447616577,2.27493953704834,2.1410013181020275,False
GLTP,2,ok,boltz2,2.6609523039721577,2.2628052328969304,1.9940448999404907,1.6630300283432007,2.1410013181020275,False
GLTP,3,ok,boltz2,2.5339445800323652,2.0855101007915975,1.8867225646972656,1.5459446907043457,2.1410013181020275,True
GLTP,4,ok,boltz2,2.8285419817386797,2.381457038297092,2.087189197540283,1.7179057598114014,2.1410013181020275,False
GLTP,5,ok,boltz2,2.7247092969541646,2.3492128435410526,1.937621831893921,1.6060407161712646,2.1410013181020275,False
GLTP,6,ok,boltz2,1.8204810307769224,1.8420994003741324,1.0444669723510742,1.238109827041626,2.1410013181020275,False
GLTP,7,ok,boltz2,2.7691237550525862,2.332099098450408,2.0834529399871826,1.7204586267471313,2.1410013181020275,False
GLTP,8,ok,boltz2,2.730471726397115,2.344037431423991,1.978470802307129,1.6651334762573242,2.1410013181020275,False
GLTP,9,ok,boltz2,2.6874768262891973,2.2208045468646977,1.930207371711731,1.566546082496643,2.1410013181020275,False
GLTP,10,ok,boltz2,2.8796167640661925,2.26835812908019,2.1900696754455566,1.7231132984161377,2.1410013181020275,False
GLTP,11,ok,boltz2,2.639179325682378,2.2443090144637377,1.9386650323867798,1.6159801483154297,2.1410013181020275,False
GLTP,12,ok,boltz2,2.844359149019689,2.4616636480438476,2.121809959411621,1.844933032989502,2.1410013181020275,False
GLTP,13,ok,boltz2,2.82663637963619,2.4877600532467246,2.2023937702178955,1.9338570833206177,2.1410013181020275,False
GLTP,14,ok,boltz2,2.5585422473969293,2.140016770217703,1.886527180671692,1.5460209846496582,2.1410013181020275,True
GLTP,15,ok,boltz2,3.042129560141894,2.5016297708668707,2.4688775539398193,2.1692373752593994,2.1410013181020275,False
GLTP,16,ok,boltz2,2.504682583941038,2.166129408177965,1.8696882724761963,1.6673756837844849,2.1410013181020275,False
GLTP,17,ok,boltz2,1.5101229090800365,1.5248150061424783,1.086855173110962,1.0923906564712524,2.1410013181020275,False
GLTP,18,ok,boltz2,2.9306387297455054,2.3296272767283557,2.200937032699585,1.8071725368499756,2.1410013181020275,False
GLTP,19,ok,boltz2,2.4028734655363464,2.082611856893588,1.7940833568572998,1.5960049629211426,2.1410013181020275,True
GLTP,20,ok,boltz2,2.627007832134006,2.228588820400379,1.933372974395752,1.6144258975982666,2.1410013181020275,False
GLTP,21,ok,boltz2,2.76735498775901,2.5072591791994925,2.1593942642211914,2.0116569995880127,2.1410013181020275,False
GLTP,22,ok,boltz2,2.7477105905280985,2.267092479732891,2.1399033069610596,1.7871930599212646,2.1410013181020275,False
GLTP,23,ok,boltz2,1.762438127182732,2.002443769409135,1.3278757333755493,1.480891466140747,2.1410013181020275,False
GLTP,24,ok,boltz2,2.166367005088872,2.0227151131631875,1.5944652557373047,1.485553503036499,2.1410013181020275,True
GLTP,25,ok,boltz2,2.1246244484057755,2.452720724982704,1.324944019317627,1.8180742263793945,2.1410013181020275,False
GLTP,26,ok,boltz2,2.7659888331563134,2.4401546384134662,2.0999577045440674,1.8330320119857788,2.1410013181020275,False
GLTP,27,ok,boltz2,1.7345616576016372,1.9763898654457603,0.9942591786384583,1.4117469787597656,2.1410013181020275,False
GLTP,28,ok,boltz2,2.9662330555303,2.6986960390577934,2.284445285797119,2.0847458839416504,2.1410013181020275,False
GLTP,29,ok,boltz2,2.1384381231449314,1.937181358297968,1.606701135635376,1.5060943365097046,2.1410013181020275,True
SHP2,0,ok,boltz2,2.396377122204071,2.048029869368412,0.9728177189826965,1.2070173025131226,1.8482636253491054,False
SHP2,1,ok,boltz2,2.1457129466850042,2.0975496512044236,1.1093063354492188,1.331831455230713,1.8482636253491054,False
SHP2,2,ok,boltz2,2.272266290036722,1.9988907078540175,0.9318985342979431,1.122700810432434,1.8482636253491054,False
SHP2,3,ok,boltz2,2.0490849643464726,1.941962741202597,0.6928934454917908,0.9313832521438599,1.8482636253491054,False
SHP2,4,ok,boltz2,2.1659603479272325,2.222373990068593,0.8063574433326721,1.029832124710083,1.8482636253491054,False
SHP2,5,ok,boltz2,2.3174528371424987,1.9663081539363771,0.8694519400596619,1.0965954065322876,1.8482636253491054,False
SHP2,6,ok,boltz2,2.106067075110264,1.9423573080676226,0.7951939105987549,1.0573238134384155,1.8482636253491054,False
SHP2,7,ok,boltz2,2.2262546512659735,2.0309857304597982,1.0631064176559448,1.336327314376831,1.8482636253491054,False
SHP2,8,ok,boltz2,4.431057078846196,4.005607017345021,1.7310023307800293,1.7600505352020264,1.8482636253491054,False
SHP2,9,ok,boltz2,2.326221503912038,2.0563073332889683,1.0227062702178955,1.2513426542282104,1.8482636253491054,False
SHP2,10,ok,boltz2,2.2374624505871172,1.8006986177443034,1.122712254524231,1.1883009672164917,1.8482636253491054,True
SHP2,11,ok,boltz2,2.2028432640102276,2.1650011441365704,0.9793304800987244,1.258846402168274,1.8482636253491054,False
SHP2,12,ok,boltz2,2.1871708867586275,1.9094001540195955,0.7824344038963318,1.02177095413208,1.8482636253491054,False
SHP2,13,ok,boltz2,2.1698154581624935,2.0052810541663226,0.731395959854126,1.0089565515518188,1.8482636253491054,False
SHP2,14,ok,boltz2,2.1574292844400507,1.8972493973268143,0.8125200867652893,1.1131912469863892,1.8482636253491054,False
SHP2,15,ok,boltz2,4.687082249377429,4.335558021679246,2.004626512527466,2.085562229156494,1.8482636253491054,False
SHP2,16,ok,boltz2,4.713382703220002,5.503859976658827,4.419787883758545,4.727073669433594,1.8482636253491054,False
SHP2,17,ok,boltz2,4.118092145465978,3.800993632495531,1.7390797138214111,1.7899771928787231,1.8482636253491054,False
SHP2,18,ok,boltz2,9.712144925576313,9.953957419566695,9.845928192138672,10.022879600524902,1.8482636253491054,False
SHP2,19,ok,boltz2,4.560181214961761,5.091309268506733,3.6857247352600098,3.8568947315216064,1.8482636253491054,False
SHP2,20,ok,boltz2,14.667624933553702,15.20704738654481,15.034039497375488,15.261348724365234,1.8482636253491054,False
SHP2,21,ok,boltz2,12.340864105883462,12.730728332261704,14.692181587219238,14.843530654907227,1.8482636253491054,False
SHP2,22,ok,boltz2,12.359346671686303,12.905733871132078,13.345961570739746,13.593302726745605,1.8482636253491054,False
SHP2,23,ok,boltz2,15.362326891962407,15.742382784853469,11.250985145568848,11.206314086914062,1.8482636253491054,False
SHP2,24,ok,boltz2,9.700439202930893,10.198618928973481,9.122584342956543,9.338716506958008,1.8482636253491054,False
SHP2,25,ok,boltz2,14.337834300606232,14.822237935094796,10.197486877441406,10.244939804077148,1.8482636253491054,False
SHP2,26,ok,boltz2,14.843761401012367,15.259217070701743,16.111425399780273,16.273197174072266,1.8482636253491054,False
SHP2,27,ok,boltz2,16.98829703372822,17.50134503632823,17.268526077270508,17.300382614135742,1.8482636253491054,False
SHP2,28,ok,boltz2,15.231112959326332,15.395594959257107,15.609634399414062,15.730415344238281,1.8482636253491054,False
SHP2,29,ok,boltz2,14.696775019654417,14.83963985036941,11.43062973022461,11.361814498901367,1.8482636253491054,False
METTL14,0,ok,boltz2,4.552631487089476,4.434580415749061,5.156126976013184,5.1106791496276855,2.571628452131643,False
METTL14,1,ok,boltz2,6.52285316926652,6.341629891742177,6.809867858886719,6.890919208526611,2.571628452131643,False
METTL14,2,ok,boltz2,4.091483269752936,4.159694956819438,5.238348007202148,5.296042442321777,2.571628452131643,False
METTL14,3,ok,boltz2,5.515538083999943,5.503965924645446,5.827274322509766,5.88816499710083,2.571628452131643,False
METTL14,4,ok,boltz2,5.584147677615109,5.570286284782282,5.436598300933838,5.528156280517578,2.571628452131643,False
METTL14,5,ok,boltz2,3.7872068713001643,3.8314629002422325,4.611694812774658,4.61159610748291,2.571628452131643,False
METTL14,6,ok,boltz2,8.24423172283613,7.2558773868383435,8.443953514099121,8.145820617675781,2.571628452131643,False
METTL14,7,ok,boltz2,7.858515630033736,6.84837201674859,10.540021896362305,10.420204162597656,2.571628452131643,False
METTL14,8,ok,boltz2,4.437823257208521,4.345239827831941,4.8391947746276855,4.901416778564453,2.571628452131643,False
METTL14,9,ok,boltz2,6.380787594988075,5.7120142223063555,9.202181816101074,9.040294647216797,2.571628452131643,False
METTL14,10,ok,boltz2,7.168734174275653,6.388045757590831,9.786802291870117,9.668951034545898,2.571628452131643,False
METTL14,11,ok,boltz2,4.578798667880104,4.5372928540575215,4.789339065551758,4.936154365539551,2.571628452131643,False
METTL14,12,ok,boltz2,5.589208818910318,5.63260892164192,5.541135787963867,5.8295488357543945,2.571628452131643,False
METTL14,13,ok,boltz2,6.063483344901521,6.058930972642781,5.636868953704834,5.8133673667907715,2.571628452131643,False
METTL14,14,ok,boltz2,7.047333911826331,6.203195671236281,9.803412437438965,9.664783477783203,2.571628452131643,False
METTL14,15,ok,boltz2,4.353534166397048,4.1552174827313655,4.780768871307373,4.724050998687744,2.571628452131643,False
METTL14,16,ok,boltz2,7.476838533952602,6.7637943855314,11.461565017700195,11.315009117126465,2.571628452131643,False
METTL14,17,ok,boltz2,6.763114233595606,5.924833528779522,9.542078971862793,9.453526496887207,2.571628452131643,False
METTL14,18,ok,boltz2,8.979831942502855,8.306915587200582,8.295177459716797,7.894678115844727,2.571628452131643,False
METTL14,19,ok,boltz2,5.243313585207798,4.885964404581945,5.365755081176758,5.426453590393066,2.571628452131643,False
METTL14,20,ok,boltz2,7.1460228009039035,6.476048188075606,9.965839385986328,9.854116439819336,2.571628452131643,False
METTL14,21,ok,boltz2,7.705997697423437,6.711212637149501,10.675132751464844,10.538164138793945,2.571628452131643,False
METTL14,22,ok,boltz2,5.77965433761629,5.324228866690682,5.570167541503906,5.6895952224731445,2.571628452131643,False
METTL14,23,ok,boltz2,7.084462863339701,6.38969060730869,9.775096893310547,9.646268844604492,2.571628452131643,False
METTL14,24,ok,boltz2,7.297493004413868,6.50803371754114,9.878190040588379,9.77160358428955,2.571628452131643,False
METTL14,25,ok,boltz2,6.168803766615034,5.555952052569318,8.666086196899414,8.564075469970703,2.571628452131643,False
METTL14,26,ok,boltz2,6.0663590050205025,5.822665841347931,6.957142353057861,7.091898441314697,2.571628452131643,False
METTL14,27,ok,boltz2,7.508952525670897,6.880150458886351,11.018847465515137,10.944496154785156,2.571628452131643,False
METTL14,28,ok,boltz2,5.458734511413493,4.978542531158904,8.960565567016602,8.820841789245605,2.571628452131643,False
METTL14,29,ok,boltz2,4.04214381278169,3.5964113574644947,4.421651363372803,4.409552574157715,2.571628452131643,False
FUT8,0,ok,boltz2,0.6507796496474934,3.3554297731261338,1.0500547885894775,1.2025864124298096,3.419934534191317,False
FUT8,1,ok,boltz2,0.5470086296192961,3.375973430773375,0.8961891531944275,1.0417239665985107,3.419934534191317,False
FUT8,2,ok,boltz2,0.6974596807141634,3.4757176859260874,1.1717790365219116,1.2504469156265259,3.419934534191317,False
FUT8,3,ok,boltz2,0.6498635384065394,3.3840313260727624,1.1261200904846191,1.2241650819778442,3.419934534191317,False
FUT8,4,ok,boltz2,0.47839090975718257,3.3454535985407583,0.6905752420425415,0.8102453947067261,3.419934534191317,False
FUT8,5,ok,boltz2,0.6121942214582059,3.599731518610556,1.2001233100891113,1.2787399291992188,3.419934534191317,False
FUT8,6,ok,boltz2,0.5823929273636654,3.37675350622711,1.0312155485153198,1.1219295263290405,3.419934534191317,False
FUT8,7,ok,boltz2,0.7150666884962422,3.29035092980199,0.8396034240722656,0.924088716506958,3.419934534191317,False
FUT8,8,ok,boltz2,0.5923188819113797,3.336703547919848,1.2485352754592896,1.3317569494247437,3.419934534191317,False
FUT8,9,ok,boltz2,0.7520563446827518,3.4864635045146612,1.3384701013565063,1.4311412572860718,3.419934534191317,False
FUT8,10,ok,boltz2,0.6418412248015888,3.407534971496598,1.179573893547058,1.288309097290039,3.419934534191317,False
FUT8,11,ok,boltz2,0.6611194507237823,3.539348220529234,1.0103315114974976,1.1266919374465942,3.419934534191317,False
FUT8,12,ok,boltz2,0.6385250789735736,3.4088066086166893,1.0900452136993408,1.1720597743988037,3.419934534191317,False
FUT8,13,ok,boltz2,0.5609519234813505,3.4771807517333073,1.1739097833633423,1.2769532203674316,3.419934534191317,False
FUT8,14,ok,boltz2,0.5969920565463889,3.3309280377138553,1.035473346710205,1.1526564359664917,3.419934534191317,False
FUT8,15,ok,boltz2,0.6059135695531648,3.502647281950725,1.0937778949737549,1.1641364097595215,3.419934534191317,False
FUT8,16,ok,boltz2,0.4318782790814471,3.380874938023205,0.7871992588043213,0.8908112049102783,3.419934534191317,False
FUT8,17,ok,boltz2,0.661725166077552,3.393333460174621,1.19623863697052,1.3038657903671265,3.419934534191317,False
FUT8,18,ok,boltz2,0.5542712175705429,3.2622800033407224,1.0581071376800537,1.1242319345474243,3.419934534191317,False
FUT8,19,ok,boltz2,0.6146234562030019,3.516431132882173,1.0546493530273438,1.1778901815414429,3.419934534191317,False
FUT8,20,ok,boltz2,0.947645689507494,3.4209634212065634,1.1822893619537354,1.2872880697250366,3.419934534191317,False
FUT8,21,ok,boltz2,0.7671258378259186,3.4029875315799076,1.075441598892212,1.2424248456954956,3.419934534191317,False
FUT8,22,ok,boltz2,0.5452222004748192,3.4179677878693226,1.1054221391677856,1.1665756702423096,3.419934534191317,False
FUT8,23,ok,boltz2,0.6969668760619976,3.4338293537580094,1.2346574068069458,1.2994110584259033,3.419934534191317,False
FUT8,24,ok,boltz2,0.7294763981486966,3.4832355458268336,1.0548627376556396,1.1898568868637085,3.419934534191317,False
FUT8,25,ok,boltz2,0.6471280933663517,3.443766139003561,0.8466962575912476,0.9431024789810181,3.419934534191317,False
FUT8,26,ok,boltz2,0.639118261037705,3.3423471707510433,0.9088792204856873,1.0403367280960083,3.419934534191317,False
FUT8,27,ok,boltz2,0.6754582229735158,3.424370419342859,1.0152560472488403,1.1297210454940796,3.419934534191317,False
FUT8,28,ok,boltz2,0.5125177927353498,3.3563073438677673,1.108569622039795,1.2026715278625488,3.419934534191317,False
FUT8,29,ok,boltz2,0.7335899674288406,3.30347048854493,1.2069568634033203,1.285061001777649,3.419934534191317,False
p53_Y220C,0,ok,esmfold2,0.22877026360469815,1.0338670680140334,0.2527778446674347,0.3699426054954529,1.1600563699903448,False
p53_Y220C,1,ok,esmfold2,0.28334610935932947,0.9844152856081528,0.27176326513290405,0.37968841195106506,1.1600563699903448,False
p53_Y220C,2,ok,esmfold2,0.25374917282320447,1.0138448911784947,0.254890501499176,0.3792894780635834,1.1600563699903448,False
p53_Y220C,3,ok,esmfold2,0.33799772825267677,0.9820889363205251,0.30480778217315674,0.3598557114601135,1.1600563699903448,False
p53_Y220C,4,ok,esmfold2,0.2488376098613663,1.0334549268328468,0.27585849165916443,0.36428287625312805,1.1600563699903448,False
p53_Y220C,5,ok,esmfold2,0.2986140762349458,1.0209119078829605,0.2954120934009552,0.3456745147705078,1.1600563699903448,False
p53_Y220C,6,ok,esmfold2,0.26913517031519496,1.025987394546696,0.26333025097846985,0.3988165259361267,1.1600563699903448,False
p53_Y220C,7,ok,esmfold2,0.2979508364806575,1.0269841288745831,0.2763506770133972,0.4043145775794983,1.1600563699903448,False
p53_Y220C,8,ok,esmfold2,0.2401362066068252,1.030303366468922,0.2920682430267334,0.3444013297557831,1.1600563699903448,False
p53_Y220C,9,ok,esmfold2,0.3280150819776764,1.0202041295807376,0.26164647936820984,0.4374189078807831,1.1600563699903448,False
p53_Y220C,10,ok,esmfold2,0.2727741004979129,1.0292642143033337,0.3083016574382782,0.35396450757980347,1.1600563699903448,False
p53_Y220C,11,ok,esmfold2,0.2711305027214694,1.0319684541104608,0.2811019718647003,0.389042466878891,1.1600563699903448,False
p53_Y220C,12,ok,esmfold2,0.2943415711489616,1.033606024621426,0.27568456530570984,0.4178328216075897,1.1600563699903448,False
p53_Y220C,13,ok,esmfold2,0.2463475588718158,1.0274911443571575,0.272941529750824,0.35700011253356934,1.1600563699903448,False
p53_Y220C,14,ok,esmfold2,0.25093798705830067,1.0359991132960704,0.2760881781578064,0.35612598061561584,1.1600563699903448,False
p53_Y220C,15,ok,esmfold2,0.2710300825186166,1.0164576320772176,0.2581440508365631,0.38328829407691956,1.1600563699903448,False
p53_Y220C,16,ok,esmfold2,0.3242441190423051,1.0289847415228985,0.30670401453971863,0.363677442073822,1.1600563699903448,False
p53_Y220C,17,ok,esmfold2,0.2916135001544261,1.0107843313476343,0.24130505323410034,0.4037911295890808,1.1600563699903448,False
p53_Y220C,18,ok,esmfold2,0.2609004041911092,1.0376883002686328,0.2401409149169922,0.41450807452201843,1.1600563699903448,False
p53_Y220C,19,ok,esmfold2,0.2711577978338737,1.0245859627976301,0.2976350486278534,0.3452678918838501,1.1600563699903448,False
p53_Y220C,20,ok,esmfold2,0.2759543076721276,1.0051228119569728,0.28826963901519775,0.3398379385471344,1.1600563699903448,False
p53_Y220C,21,ok,esmfold2,0.2901130179533654,1.0102421849146832,0.2762933373451233,0.3676747977733612,1.1600563699903448,False
p53_Y220C,22,ok,esmfold2,0.24572021150031043,1.0885557815634417,0.25253212451934814,0.42735958099365234,1.1600563699903448,False
p53_Y220C,23,ok,esmfold2,0.24567628197333402,1.0880601660651035,0.28249749541282654,0.384804904460907,1.1600563699903448,False
p53_Y220C,24,ok,esmfold2,0.3314854642712439,0.9942364699571992,0.2755257189273834,0.41114285588264465,1.1600563699903448,False
p53_Y220C,25,ok,esmfold2,0.24629282090104784,1.052474688771545,0.2546502649784088,0.3808956742286682,1.1600563699903448,False
p53_Y220C,26,ok,esmfold2,0.30572421423536333,1.0230431027298563,0.25332826375961304,0.45308718085289,1.1600563699903448,False
p53_Y220C,27,ok,esmfold2,0.3277887256099707,0.9942306347902564,0.3121708333492279,0.4032283127307892,1.1600563699903448,False
p53_Y220C,28,ok,esmfold2,0.30567121243468026,1.023020263729721,0.32212045788764954,0.37740230560302734,1.1600563699903448,False
p53_Y220C,29,ok,esmfold2,0.29032946774843366,0.994486790352751,0.2443675696849823,0.42555418610572815,1.1600563699903448,False
CB1,0,ok,esmfold2,3.660384644009025,3.645110673613163,3.6423165798187256,3.5129621028900146,2.023384393567615,False
CB1,1,ok,esmfold2,2.9143878875175266,2.571629910189576,2.7709131240844727,2.6837823390960693,2.023384393567615,False
CB1,2,ok,esmfold2,4.1371604985883526,4.040210252176716,3.8134801387786865,3.630859136581421,2.023384393567615,False
CB1,3,ok,esmfold2,3.7394758685440586,3.7931694048943863,3.6887142658233643,3.5319933891296387,2.023384393567615,False
CB1,4,ok,esmfold2,3.457931331776,3.584903614137461,3.6668107509613037,3.5481252670288086,2.023384393567615,False
CB1,5,ok,esmfold2,3.352930666571663,3.504418173044904,3.4573237895965576,3.3234050273895264,2.023384393567615,False
CB1,6,ok,esmfold2,3.4100447737612276,3.569861217517897,3.5594918727874756,3.417670249938965,2.023384393567615,False
CB1,7,ok,esmfold2,3.5568007401461705,3.6329367000068715,3.53631854057312,3.3961358070373535,2.023384393567615,False
CB1,8,ok,esmfold2,3.7831067960848177,3.842038692566921,3.707186698913574,3.5512163639068604,2.023384393567615,False
CB1,9,ok,esmfold2,3.382842821666134,3.528895370980214,3.567922353744507,3.428978681564331,2.023384393567615,False
CB1,10,ok,esmfold2,3.8122025763484984,3.8302711006617516,3.6712236404418945,3.502639055252075,2.023384393567615,False
CB1,11,ok,esmfold2,3.576681947686349,3.676059197829073,3.6218607425689697,3.4795422554016113,2.023384393567615,False
CB1,12,ok,esmfold2,3.306993948017517,3.446894259403039,3.6369056701660156,3.50294828414917,2.023384393567615,False
CB1,13,ok,esmfold2,2.6008318287703394,2.919412736450621,2.9295263290405273,2.800962448120117,2.023384393567615,False
CB1,14,ok,esmfold2,3.383562949228715,3.585312567698416,3.5690157413482666,3.4366073608398438,2.023384393567615,False
CB1,15,ok,esmfold2,3.598125689610539,3.685661985977729,3.649250030517578,3.5157718658447266,2.023384393567615,False
CB1,16,ok,esmfold2,3.32098086742156,3.514799501981564,3.489227294921875,3.353361129760742,2.023384393567615,False
CB1,17,ok,esmfold2,3.0252708260112646,3.2649073426639488,3.2214672565460205,3.102847099304199,2.023384393567615,False
CB1,18,ok,esmfold2,3.399120572990197,3.5846174101660355,3.5766525268554688,3.4593045711517334,2.023384393567615,False
CB1,19,ok,esmfold2,3.4888199409291762,3.624821117582352,3.495086193084717,3.371274709701538,2.023384393567615,False
CB1,20,ok,esmfold2,3.737071566559952,3.7142160079532522,3.7133865356445312,3.5634262561798096,2.023384393567615,False
CB1,21,ok,esmfold2,3.62739074424875,3.677501202961398,3.598083972930908,3.451018810272217,2.023384393567615,False
CB1,22,ok,esmfold2,3.6709253452376993,3.672203728786615,3.52760910987854,3.373507261276245,2.023384393567615,False
CB1,23,ok,esmfold2,2.895943655570052,3.229751604656739,3.4423515796661377,3.3536570072174072,2.023384393567615,False
CB1,24,ok,esmfold2,3.737730553702024,3.7290845036541684,3.6355020999908447,3.4815449714660645,2.023384393567615,False
CB1,25,ok,esmfold2,3.3559203792364127,3.4722376316941728,3.567532539367676,3.4426708221435547,2.023384393567615,False
CB1,26,ok,esmfold2,3.6692288193810327,3.737213064623735,3.613603115081787,3.445997476577759,2.023384393567615,False
CB1,27,ok,esmfold2,3.1058597939615105,3.4650329032809055,3.546640634536743,3.4479124546051025,2.023384393567615,False
CB1,28,ok,esmfold2,3.480118616850631,3.5118510157097647,3.4805424213409424,3.343437433242798,2.023384393567615,False
CB1,29,ok,esmfold2,3.586143022968647,3.566389343519019,3.6080751419067383,3.460770845413208,2.023384393567615,False
KRAS,0,ok,esmfold2,3.1702103653149245,2.825706416053018,1.4696202278137207,1.6670458316802979,3.742426159251105,True
KRAS,1,ok,esmfold2,2.62958320689943,3.86421827143512,1.4704147577285767,1.7446521520614624,3.742426159251105,False
KRAS,2,ok,esmfold2,2.0570662999992715,3.6985320191897717,1.2457306385040283,1.523101806640625,3.742426159251105,False
KRAS,3,ok,esmfold2,2.9446053426487437,3.3882574854380363,1.0154474973678589,1.5592025518417358,3.742426159251105,False
KRAS,4,ok,esmfold2,3.5639423752360195,2.7107207703288396,1.364294171333313,1.5717747211456299,3.742426159251105,True
KRAS,5,ok,esmfold2,3.5197013907716084,2.6992450743229557,1.4451823234558105,1.5151368379592896,3.742426159251105,True
KRAS,6,ok,esmfold2,2.8848243820962582,4.34852508173931,1.4640698432922363,1.7779444456100464,3.742426159251105,False
KRAS,7,ok,esmfold2,3.7244521391105274,3.315898480927788,1.5333062410354614,1.5897961854934692,3.742426159251105,True
KRAS,8,ok,esmfold2,2.21922812127864,3.730420025975036,1.409530520439148,1.7185986042022705,3.742426159251105,False
KRAS,9,ok,esmfold2,4.529245116280851,5.404898739460025,2.016209840774536,2.2389719486236572,3.742426159251105,False
KRAS,10,ok,esmfold2,3.2736686135889688,2.415579842481298,1.245023250579834,1.3905134201049805,3.742426159251105,True
KRAS,11,ok,esmfold2,2.130506413311174,3.6301130091794938,1.1118324995040894,1.6157188415527344,3.742426159251105,False
KRAS,12,ok,esmfold2,1.9784586903956147,3.73137992182529,1.0852445363998413,1.586431860923767,3.742426159251105,False
KRAS,13,ok,esmfold2,2.3961460553390266,3.825669957382169,1.4500677585601807,1.7331606149673462,3.742426159251105,False
KRAS,14,ok,esmfold2,3.5019587652205755,2.7720856456158076,1.371830940246582,1.6016473770141602,3.742426159251105,True
KRAS,15,ok,esmfold2,3.3800961996784387,3.088614755871394,1.5241047143936157,1.725994348526001,3.742426159251105,True
KRAS,16,ok,esmfold2,2.9406831428775027,4.2791789816456625,1.9690306186676025,2.3158974647521973,3.742426159251105,False
KRAS,17,ok,esmfold2,2.4677818196694483,4.51590311054853,1.3417595624923706,1.8142426013946533,3.742426159251105,False
KRAS,18,ok,esmfold2,2.58424766142745,3.6880318082195482,1.532753586769104,1.6961767673492432,3.742426159251105,False
KRAS,19,ok,esmfold2,2.5640301560245855,3.876869918640062,1.0364540815353394,1.4580327272415161,3.742426159251105,False
KRAS,20,ok,esmfold2,3.4462377588634583,3.0107099472424688,1.3405156135559082,1.5601385831832886,3.742426159251105,True
KRAS,21,ok,esmfold2,3.926144942979542,4.70694340934964,2.0473074913024902,2.4655210971832275,3.742426159251105,False
KRAS,22,ok,esmfold2,2.7782942563685418,3.5176667065064886,1.3489196300506592,1.830562710762024,3.742426159251105,False
KRAS,23,ok,esmfold2,2.210243610206068,3.5819203843591247,1.3806045055389404,1.6971328258514404,3.742426159251105,False
KRAS,24,ok,esmfold2,2.1399460809399247,3.6675973550354746,1.283361792564392,1.6599980592727661,3.742426159251105,False
KRAS,25,ok,esmfold2,3.0447999908307057,2.781790821867041,1.1861896514892578,1.560268759727478,3.742426159251105,True
KRAS,26,ok,esmfold2,2.6055633948535015,3.771017330375557,1.3900933265686035,1.7441285848617554,3.742426159251105,False
KRAS,27,ok,esmfold2,2.4087474346390496,3.849511920587522,1.1847484111785889,1.7167582511901855,3.742426159251105,False
KRAS,28,ok,esmfold2,2.437009934342432,3.6856153256540227,1.5029505491256714,1.898608684539795,3.742426159251105,False
KRAS,29,ok,esmfold2,3.8153444683151276,4.851662509082357,1.8552703857421875,2.22334885597229,3.742426159251105,False
cAbl,0,ok,esmfold2,4.26944897755644,4.966598150015503,4.071591377258301,3.7560765743255615,3.4458517805005147,False
cAbl,1,ok,esmfold2,2.751214220301507,3.124302496164782,3.868363857269287,3.4996097087860107,3.4458517805005147,False
cAbl,2,ok,esmfold2,3.506960893006194,4.366999714130063,3.879199266433716,3.6262247562408447,3.4458517805005147,False
cAbl,3,ok,esmfold2,3.588973911887869,4.607132614525221,3.9354541301727295,3.7930707931518555,3.4458517805005147,False
cAbl,4,ok,esmfold2,3.392300998757239,2.7817194854638223,3.7924580574035645,3.3844449520111084,3.4458517805005147,True
cAbl,5,ok,esmfold2,3.735808702658909,4.634274258980548,3.958353042602539,3.816809892654419,3.4458517805005147,False
cAbl,6,ok,esmfold2,2.50885096042572,2.976259563857276,3.7749648094177246,3.444894552230835,3.4458517805005147,False
cAbl,7,ok,esmfold2,4.9356593726641504,5.519221827688175,4.172914505004883,3.797609567642212,3.4458517805005147,False
cAbl,8,ok,esmfold2,3.244565607934464,4.343663968608446,3.757845640182495,3.6187705993652344,3.4458517805005147,False
cAbl,9,ok,esmfold2,3.391911254976564,4.445171480680649,3.840772867202759,3.696518659591675,3.4458517805005147,False
cAbl,10,ok,esmfold2,3.7107693438575606,4.740288041372533,3.9755985736846924,3.8550329208374023,3.4458517805005147,False
cAbl,11,ok,esmfold2,3.425033656067488,4.367594427397379,3.9062318801879883,3.6808693408966064,3.4458517805005147,False
cAbl,12,ok,esmfold2,3.586459593075536,4.468251103089219,3.9224841594696045,3.7126388549804688,3.4458517805005147,False
cAbl,13,ok,esmfold2,2.045719368590458,2.8537743631348333,3.651435136795044,3.336247444152832,3.4458517805005147,False
cAbl,14,ok,esmfold2,3.523813322311832,4.460887172779086,3.9189980030059814,3.739630699157715,3.4458517805005147,False
cAbl,15,ok,esmfold2,3.981139195142716,4.773458101583225,3.9755442142486572,3.7708981037139893,3.4458517805005147,False
cAbl,16,ok,esmfold2,4.3193605218411255,3.7147355101661104,4.310603618621826,3.981421709060669,3.4458517805005147,False
cAbl,17,ok,esmfold2,2.2433382554820303,3.028879620157773,3.703277349472046,3.379821538925171,3.4458517805005147,False
cAbl,18,ok,esmfold2,2.337345892299436,2.9494396148775843,3.6816134452819824,3.3332440853118896,3.4458517805005147,False
cAbl,19,ok,esmfold2,3.309897878559512,3.4855312140901726,3.9407174587249756,3.656062126159668,3.4458517805005147,False
cAbl,20,ok,esmfold2,3.7043308841754,4.692901264937418,3.887857675552368,3.7804691791534424,3.4458517805005147,False
cAbl,21,ok,esmfold2,3.20724625184829,4.340135790467464,3.724456310272217,3.6104140281677246,3.4458517805005147,False
cAbl,22,ok,esmfold2,2.583761581570869,3.063174624163012,3.788860321044922,3.486534595489502,3.4458517805005147,False
cAbl,23,ok,esmfold2,2.130031395716562,2.917304639318449,3.6390721797943115,3.336466073989868,3.4458517805005147,False
cAbl,24,ok,esmfold2,3.594370558748159,4.565993115903877,3.8488378524780273,3.643833637237549,3.4458517805005147,False
cAbl,25,ok,esmfold2,3.5706459546068268,4.636972863915469,3.8416974544525146,3.7447001934051514,3.4458517805005147,False
cAbl,26,ok,esmfold2,3.3443459821272885,4.090270694164937,3.9217095375061035,3.5947537422180176,3.4458517805005147,False
cAbl,27,ok,esmfold2,2.5046966908252,3.0360006684109084,3.686342239379883,3.404416799545288,3.4458517805005147,False
cAbl,28,ok,esmfold2,3.445367121653707,4.334147347586904,3.9279491901397705,3.6587953567504883,3.4458517805005147,False
cAbl,29,ok,esmfold2,2.382266421931597,3.022551997312876,3.8200182914733887,3.472827434539795,3.4458517805005147,False
HIF2alpha,0,ok,esmfold2,1.8844389936055417,1.124836696440081,0.36390870809555054,0.18556387722492218,1.86542516135414,True
HIF2alpha,1,ok,esmfold2,1.870251612290518,1.0709684192117392,0.34197118878364563,0.18647797405719757,1.86542516135414,True
HIF2alpha,2,ok,esmfold2,1.8697620414292533,1.0982101252729706,0.34541937708854675,0.18769323825836182,1.86542516135414,True
HIF2alpha,3,ok,esmfold2,1.9171820928844008,1.1260483612169732,0.3605084717273712,0.17892798781394958,1.86542516135414,True
HIF2alpha,4,ok,esmfold2,1.8572128361895777,1.1048143641927592,0.3723834156990051,0.1642329841852188,1.86542516135414,True
HIF2alpha,5,ok,esmfold2,1.8802267339621457,1.0979836467022315,0.3437560498714447,0.16230487823486328,1.86542516135414,True
HIF2alpha,6,ok,esmfold2,1.8875366712633082,1.1140841111769129,0.35359981656074524,0.1901627629995346,1.86542516135414,True
HIF2alpha,7,ok,esmfold2,1.9387827629525514,1.1146863744171727,0.3722233176231384,0.1554933786392212,1.86542516135414,True
HIF2alpha,8,ok,esmfold2,1.8759086950080581,1.0949941295478998,0.3429982364177704,0.18855080008506775,1.86542516135414,True
HIF2alpha,9,ok,esmfold2,1.9555946842286338,1.123222974156208,0.3809274435043335,0.18712016940116882,1.86542516135414,True
HIF2alpha,10,ok,esmfold2,1.9250760871195218,1.108092844657244,0.36287951469421387,0.2053082436323166,1.86542516135414,True
HIF2alpha,11,ok,esmfold2,1.9045405966053794,1.1104766192244693,0.36995989084243774,0.16550575196743011,1.86542516135414,True
HIF2alpha,12,ok,esmfold2,1.9118262135299913,1.1182687835296967,0.36827197670936584,0.1522970348596573,1.86542516135414,True
HIF2alpha,13,ok,esmfold2,1.8999967446773371,1.1298653833790069,0.36998310685157776,0.19792576134204865,1.86542516135414,True
HIF2alpha,14,ok,esmfold2,1.9531746955483258,1.1201718121303412,0.3848497271537781,0.14446312189102173,1.86542516135414,True
HIF2alpha,15,ok,esmfold2,1.9134070002765775,1.121061696042167,0.3451591432094574,0.17899194359779358,1.86542516135414,True
HIF2alpha,16,ok,esmfold2,1.9215049352905376,1.111894890973792,0.3546100854873657,0.16829395294189453,1.86542516135414,True
HIF2alpha,17,ok,esmfold2,1.8539505593306593,1.1032953228098223,0.3467336595058441,0.18064013123512268,1.86542516135414,True
HIF2alpha,18,ok,esmfold2,1.9168669554509075,1.1187021536810269,0.3623906672000885,0.16608038544654846,1.86542516135414,True
HIF2alpha,19,ok,esmfold2,1.8881378207739012,1.1236863774797112,0.36387860774993896,0.1695813089609146,1.86542516135414,True
HIF2alpha,20,ok,esmfold2,1.9096653677443827,1.131390763172554,0.36994925141334534,0.1730157732963562,1.86542516135414,True
HIF2alpha,21,ok,esmfold2,1.8890465626948394,1.099453559889317,0.35852617025375366,0.16521790623664856,1.86542516135414,True
HIF2alpha,22,ok,esmfold2,1.8698781736404644,1.0948254233133732,0.3440355956554413,0.20344585180282593,1.86542516135414,True
HIF2alpha,23,ok,esmfold2,1.9160700850891947,1.1276863815547884,0.3427056670188904,0.17702463269233704,1.86542516135414,True
HIF2alpha,24,ok,esmfold2,1.8729095249513694,1.0877084379750797,0.33383214473724365,0.1889316886663437,1.86542516135414,True
HIF2alpha,25,ok,esmfold2,1.926883749034441,1.1045762582943506,0.36300259828567505,0.16416016221046448,1.86542516135414,True
HIF2alpha,26,ok,esmfold2,1.8878013746375837,1.1193832332739724,0.3358115255832672,0.1608821302652359,1.86542516135414,True
HIF2alpha,27,ok,esmfold2,1.8504070212268784,1.0775449155125685,0.36360886693000793,0.18038539588451385,1.86542516135414,True
HIF2alpha,28,ok,esmfold2,1.8651046876499158,1.1015040004097891,0.3382943570613861,0.18685124814510345,1.86542516135414,True
HIF2alpha,29,ok,esmfold2,1.8736052517822483,1.0671317497561665,0.351000040769577,0.18947827816009521,1.86542516135414,True
HIV_RT,0,ok,esmfold2,8.283876594662667,7.588215008839024,6.290375709533691,6.41195821762085,3.055562157269878,False
HIV_RT,1,ok,esmfold2,9.449388925940555,8.81113030454995,6.742366790771484,6.849389553070068,3.055562157269878,False
HIV_RT,2,ok,esmfold2,8.269687864344322,7.581400584851523,6.28485631942749,6.442533016204834,3.055562157269878,False
HIV_RT,3,ok,esmfold2,8.541495533938317,7.846184367800254,6.414346694946289,6.5934576988220215,3.055562157269878,False
HIV_RT,4,ok,esmfold2,8.47011180781371,7.824180841841599,6.291464805603027,6.4728217124938965,3.055562157269878,False
HIV_RT,5,ok,esmfold2,8.913823943610382,8.314105426730531,6.721343040466309,6.837949752807617,3.055562157269878,False
HIV_RT,6,ok,esmfold2,8.519299584102042,7.911655233624634,6.287557601928711,6.408262729644775,3.055562157269878,False
HIV_RT,7,ok,esmfold2,8.319243144181907,7.705070029218897,6.522615909576416,6.650722503662109,3.055562157269878,False
HIV_RT,8,ok,esmfold2,8.396760279471957,7.735841456707799,6.341789722442627,6.492074489593506,3.055562157269878,False
HIV_RT,9,ok,esmfold2,8.421744391531814,7.774769547699049,6.40104341506958,6.505682468414307,3.055562157269878,False
HIV_RT,10,ok,esmfold2,8.651068561949739,8.019896068526187,6.573925018310547,6.714147090911865,3.055562157269878,False
HIV_RT,11,ok,esmfold2,8.213162939202169,7.523208752331877,6.24153995513916,6.411281585693359,3.055562157269878,False
HIV_RT,12,ok,esmfold2,8.412202272187084,7.720263536376073,6.27362585067749,6.436910152435303,3.055562157269878,False
HIV_RT,13,ok,esmfold2,9.357566937182137,8.770040606122501,6.892550945281982,6.986945629119873,3.055562157269878,False
HIV_RT,14,ok,esmfold2,8.523473393743167,7.873551912030326,6.247737407684326,6.393950462341309,3.055562157269878,False
HIV_RT,15,ok,esmfold2,8.25208276887162,7.557056779929649,6.225669860839844,6.395030975341797,3.055562157269878,False
HIV_RT,16,ok,esmfold2,8.77227558250554,8.095403464782395,6.525711536407471,6.6782708168029785,3.055562157269878,False
HIV_RT,17,ok,esmfold2,8.477204306779843,7.791130392893721,6.12382173538208,6.2888336181640625,3.055562157269878,False
HIV_RT,18,ok,esmfold2,9.159891841909685,8.994506834705783,6.783538341522217,7.041898250579834,3.055562157269878,False
HIV_RT,19,ok,esmfold2,8.019004924297302,7.347010182038652,6.149586200714111,6.305741310119629,3.055562157269878,False
HIV_RT,20,ok,esmfold2,9.735450859711227,9.203975794446203,6.966357707977295,7.159370422363281,3.055562157269878,False
HIV_RT,21,ok,esmfold2,8.153428795159707,7.4793242008089695,6.223219394683838,6.370716571807861,3.055562157269878,False
HIV_RT,22,ok,esmfold2,8.219186503289585,7.5795327913431345,6.319483280181885,6.4494147300720215,3.055562157269878,False
HIV_RT,23,ok,esmfold2,8.914096004035153,8.235396717799677,6.406497478485107,6.540321350097656,3.055562157269878,False
HIV_RT,24,ok,esmfold2,9.372484263906443,8.652716957704591,6.657809257507324,6.763795852661133,3.055562157269878,False
HIV_RT,25,ok,esmfold2,8.64825111075341,8.059825113810668,6.371781826019287,6.530630111694336,3.055562157269878,False
HIV_RT,26,ok,esmfold2,8.81794939259834,8.094716992389811,6.263782501220703,6.449616432189941,3.055562157269878,False
HIV_RT,27,ok,esmfold2,8.419808031072574,7.753055245283044,6.406693458557129,6.543642044067383,3.055562157269878,False
HIV_RT,28,ok,esmfold2,9.625723372103973,9.343492338802914,6.978204727172852,7.205942153930664,3.055562157269878,False
HIV_RT,29,ok,esmfold2,8.35393751245731,7.705496485136128,6.172496318817139,6.333436489105225,3.055562157269878,False
HIV1_CA,0,ok,esmfold2,1.5558808165007736,1.142762548736377,0.3304935097694397,0.3743906021118164,1.3207135415934947,True
HIV1_CA,1,ok,esmfold2,2.0605920385922305,1.3831201511640328,0.3578112721443176,0.4119565188884735,1.3207135415934947,False
HIV1_CA,2,ok,esmfold2,2.0225199579198025,1.304115581222858,0.3069727122783661,0.3452076017856598,1.3207135415934947,True
HIV1_CA,3,ok,esmfold2,1.9915232961917437,1.5346141199826187,0.43637415766716003,0.48317277431488037,1.3207135415934947,False
HIV1_CA,4,ok,esmfold2,2.0101932342180464,1.546295262884394,0.37085482478141785,0.40842974185943604,1.3207135415934947,False
HIV1_CA,5,ok,esmfold2,2.1642740684066855,1.3808612262929845,0.39803171157836914,0.4051544666290283,1.3207135415934947,False
HIV1_CA,6,ok,esmfold2,2.128070993309235,1.3708582449739444,0.39714768528938293,0.43121787905693054,1.3207135415934947,False
HIV1_CA,7,ok,esmfold2,1.977547448327556,1.5228288526914102,0.3751966059207916,0.3824954926967621,1.3207135415934947,False
HIV1_CA,8,ok,esmfold2,2.145505454188919,1.3751666998719316,0.4154379069805145,0.4428577721118927,1.3207135415934947,False
HIV1_CA,9,ok,esmfold2,2.1465292977871697,1.365755543505854,0.32267436385154724,0.35695967078208923,1.3207135415934947,False
HIV1_CA,10,ok,esmfold2,2.0133458952927636,1.551435689619609,0.3724687397480011,0.40415602922439575,1.3207135415934947,False
HIV1_CA,11,ok,esmfold2,1.9337618787905198,1.4924122905678048,0.35342612862586975,0.386902779340744,1.3207135415934947,False
HIV1_CA,12,ok,esmfold2,1.9550907652458265,1.5152500033880447,0.3475287854671478,0.3872520625591278,1.3207135415934947,False
HIV1_CA,13,ok,esmfold2,2.0977910458464857,1.3496418746762133,0.40123602747917175,0.43955689668655396,1.3207135415934947,False
HIV1_CA,14,ok,esmfold2,1.9918628843699957,1.5481269471114307,0.3568679094314575,0.35290777683258057,1.3207135415934947,False
HIV1_CA,15,ok,esmfold2,2.177457251067704,1.5744939394741655,0.28659123182296753,0.2885301113128662,1.3207135415934947,False
HIV1_CA,16,ok,esmfold2,2.14458052473006,1.3562290723273016,0.3693925440311432,0.34322816133499146,1.3207135415934947,False
HIV1_CA,17,ok,esmfold2,2.1033821783827626,1.3343197531458948,0.4040053188800812,0.4513268768787384,1.3207135415934947,False
HIV1_CA,18,ok,esmfold2,1.9676115370650806,1.5075091736055573,0.4049034118652344,0.46095243096351624,1.3207135415934947,False
HIV1_CA,19,ok,esmfold2,2.1065362360370115,1.3270774150498839,0.3916594386100769,0.4310022294521332,1.3207135415934947,False
HIV1_CA,20,ok,esmfold2,2.0229596948941935,1.553095783902928,0.3513164222240448,0.3806185722351074,1.3207135415934947,False
HIV1_CA,21,ok,esmfold2,1.9717968133444177,1.515236908644825,0.3314743936061859,0.375615656375885,1.3207135415934947,False
HIV1_CA,22,ok,esmfold2,1.9737898587789822,1.513625356308035,0.3313918709754944,0.37316441535949707,1.3207135415934947,False
HIV1_CA,23,ok,esmfold2,1.9479398471044609,1.483948852760128,0.2832932472229004,0.35267922282218933,1.3207135415934947,False
HIV1_CA,24,ok,esmfold2,1.9670745357297035,1.5059009441262636,0.38205140829086304,0.41712087392807007,1.3207135415934947,False
HIV1_CA,25,ok,esmfold2,1.9689599468501884,1.518128502432832,0.36213892698287964,0.3800647258758545,1.3207135415934947,False
HIV1_CA,26,ok,esmfold2,2.054804306674687,1.301292530243844,0.3365638256072998,0.40562015771865845,1.3207135415934947,True
HIV1_CA,27,ok,esmfold2,2.0088506209170998,1.3083741821504853,0.36038461327552795,0.43196508288383484,1.3207135415934947,True
HIV1_CA,28,ok,esmfold2,2.0932375532255785,1.3439690857339222,0.3893779218196869,0.4061303734779358,1.3207135415934947,False
HIV1_CA,29,ok,esmfold2,2.0038438786877464,1.1210014845820955,0.30754566192626953,0.35850226879119873,1.3207135415934947,True
Menin,0,ok,esmfold2,1.1127714454093278,0.9401220764553974,0.3780716359615326,0.2380446195602417,1.2468617606125678,True
Menin,1,ok,esmfold2,1.1529335603826822,0.9386286146453184,0.41568806767463684,0.2699964940547943,1.2468617606125678,True
Menin,2,ok,esmfold2,1.1585943270430012,0.7438900377448318,0.38715583086013794,0.24110180139541626,1.2468617606125678,True
Menin,3,ok,esmfold2,1.1512875218243126,0.7383915436528771,0.3660137951374054,0.27810654044151306,1.2468617606125678,True
Menin,4,ok,esmfold2,1.144113603397387,0.8838228689811184,0.4429728388786316,0.24148531258106232,1.2468617606125678,True
Menin,5,ok,esmfold2,1.1853982513370849,0.7325451416116684,0.3995283842086792,0.22989915311336517,1.2468617606125678,True
Menin,6,ok,esmfold2,1.16674627735574,0.9993011873383318,0.37956684827804565,0.24658986926078796,1.2468617606125678,True
Menin,7,ok,esmfold2,1.247568699374728,0.6682724397919769,0.4016800820827484,0.2591663599014282,1.2468617606125678,True
Menin,8,ok,esmfold2,1.2068639655717364,0.9047708448993305,0.4155770242214203,0.2600765526294708,1.2468617606125678,True
Menin,9,ok,esmfold2,1.125276372658551,0.9370876496110517,0.3752577304840088,0.26050713658332825,1.2468617606125678,True
Menin,10,ok,esmfold2,1.1354580788892834,0.9264308615662139,0.38693058490753174,0.2572645843029022,1.2468617606125678,True
Menin,11,ok,esmfold2,1.1142233995694568,0.7561485745417089,0.3152444362640381,0.21951228380203247,1.2468617606125678,True
Menin,12,ok,esmfold2,1.1137997729939777,0.9864777643918755,0.35246047377586365,0.24156680703163147,1.2468617606125678,True
Menin,13,ok,esmfold2,1.164044401897278,0.7398055636490359,0.4014301002025604,0.24021469056606293,1.2468617606125678,True
Menin,14,ok,esmfold2,1.2538278309113877,0.37483684235090825,0.3515110909938812,0.24273855984210968,1.2468617606125678,True
Menin,15,ok,esmfold2,1.119572529666391,0.9064912576945848,0.356168270111084,0.26527777314186096,1.2468617606125678,True
Menin,16,ok,esmfold2,1.2588201111669026,0.40575056972103407,0.38981956243515015,0.2825779616832733,1.2468617606125678,True
Menin,17,ok,esmfold2,1.16072732636938,0.7243824942302914,0.39170414209365845,0.21909795701503754,1.2468617606125678,True
Menin,18,ok,esmfold2,1.244711719287117,0.6586727713935695,0.44700315594673157,0.3067874014377594,1.2468617606125678,True
Menin,19,ok,esmfold2,1.141708104843978,0.9893796394976094,0.36017945408821106,0.2392960637807846,1.2468617606125678,True
Menin,20,ok,esmfold2,1.1526827145887846,0.7651735406935395,0.3418317437171936,0.23709124326705933,1.2468617606125678,True
Menin,21,ok,esmfold2,1.283686638132245,0.4041558228859847,0.4204387962818146,0.26415154337882996,1.2468617606125678,True
Menin,22,ok,esmfold2,1.1631829033518652,0.723979450291026,0.3711531460285187,0.23598268628120422,1.2468617606125678,True
Menin,23,ok,esmfold2,1.1376214319990396,0.6974961695473376,0.36282846331596375,0.23984205722808838,1.2468617606125678,True
Menin,24,ok,esmfold2,1.2688652254517905,0.3807624349492832,0.40078312158584595,0.26359909772872925,1.2468617606125678,True
Menin,25,ok,esmfold2,1.1840838746708455,0.7280575621525542,0.4008260667324066,0.23314650356769562,1.2468617606125678,True
Menin,26,ok,esmfold2,1.1643681229815406,0.7283521724357885,0.37444189190864563,0.2646487355232239,1.2468617606125678,True
Menin,27,ok,esmfold2,1.1556725815597422,0.7562753497549936,0.4177047908306122,0.25504058599472046,1.2468617606125678,True
Menin,28,ok,esmfold2,1.0679429789134027,0.9072677117586685,0.35672277212142944,0.2544010877609253,1.2468617606125678,True
Menin,29,ok,esmfold2,1.148174000630788,0.7371257096952502,0.3793746829032898,0.25175756216049194,1.2468617606125678,True
GCGR,0,ok,esmfold2,4.189356874932565,4.484871743780976,26.32530403137207,27.537424087524414,5.701045356786475,False
GCGR,1,ok,esmfold2,4.231003277596032,4.721400751906657,26.277530670166016,27.51418685913086,5.701045356786475,False
GCGR,2,ok,esmfold2,4.122391949606072,4.530174881653587,26.53736686706543,27.77821159362793,5.701045356786475,False
GCGR,3,ok,esmfold2,4.423345922948834,4.884699943894712,26.374204635620117,27.584646224975586,5.701045356786475,False
GCGR,4,ok,esmfold2,4.618863596957507,4.844979760394806,26.49763298034668,27.70075035095215,5.701045356786475,False
GCGR,5,ok,esmfold2,4.067060354912856,4.551207707629889,26.219722747802734,27.4241943359375,5.701045356786475,False
GCGR,6,ok,esmfold2,4.481743991716519,4.847501866178775,26.46054458618164,27.718841552734375,5.701045356786475,False
GCGR,7,ok,esmfold2,4.196189778009957,4.720428327547625,26.519901275634766,27.773773193359375,5.701045356786475,False
GCGR,8,ok,esmfold2,4.758065442540345,4.9128569104993804,26.53743553161621,27.77376365661621,5.701045356786475,False
GCGR,9,ok,esmfold2,4.30971651939206,4.635236387265791,26.25634765625,27.39556121826172,5.701045356786475,False
GCGR,10,ok,esmfold2,4.559569090392246,4.87628764216091,26.411529541015625,27.76553726196289,5.701045356786475,False
GCGR,11,ok,esmfold2,3.967506920412104,4.638110054030623,26.301931381225586,27.526348114013672,5.701045356786475,False
GCGR,12,ok,esmfold2,4.682201489638106,5.166904089450018,26.492692947387695,27.66145133972168,5.701045356786475,False
GCGR,13,ok,esmfold2,4.318815266097772,4.77193458619,26.19910430908203,27.458328247070312,5.701045356786475,False
GCGR,14,ok,esmfold2,4.339430618131306,4.721838986647583,26.55707359313965,27.796682357788086,5.701045356786475,False
GCGR,15,ok,esmfold2,4.349533641926856,4.794325418764177,26.878995895385742,28.264842987060547,5.701045356786475,False
GCGR,16,ok,esmfold2,4.434697299555577,4.796921564598828,26.355440139770508,27.56479835510254,5.701045356786475,False
GCGR,17,ok,esmfold2,4.310837388429371,4.709011002654676,26.39394187927246,27.617704391479492,5.701045356786475,False
GCGR,18,ok,esmfold2,4.270788503540064,4.8433075930459895,26.281869888305664,27.541364669799805,5.701045356786475,False
GCGR,19,ok,esmfold2,4.195827575559742,4.480772298606274,26.537948608398438,27.816722869873047,5.701045356786475,False
GCGR,20,ok,esmfold2,4.0913578571429925,4.648215988269919,26.422409057617188,27.679811477661133,5.701045356786475,False
GCGR,21,ok,esmfold2,4.122628324977225,4.522585363401367,26.272998809814453,27.53207778930664,5.701045356786475,False
GCGR,22,ok,esmfold2,4.183229390944175,4.58397929768813,26.49124526977539,27.738658905029297,5.701045356786475,False
GCGR,23,ok,esmfold2,4.11918757103796,4.523862385930945,26.333641052246094,27.500782012939453,5.701045356786475,False
GCGR,24,ok,esmfold2,4.340457684126436,4.66998714083844,26.386478424072266,27.646486282348633,5.701045356786475,False
GCGR,25,ok,esmfold2,4.185889263389229,4.92594360525521,26.705698013305664,27.974842071533203,5.701045356786475,False
GCGR,26,ok,esmfold2,4.229667260444362,4.879762922497342,26.430269241333008,27.69498634338379,5.701045356786475,False
GCGR,27,ok,esmfold2,4.332598001808084,4.611087232080683,26.466676712036133,27.689355850219727,5.701045356786475,False
GCGR,28,ok,esmfold2,4.22976334724509,4.8785924565843,26.420137405395508,27.592416763305664,5.701045356786475,False
GCGR,29,ok,esmfold2,4.052949698813101,4.579212720193751,26.378875732421875,27.6077938079834,5.701045356786475,False
THSR,0,ok,esmfold2,1.559826893252802,1.4179885279774376,0.794703483581543,0.607714056968689,1.616455574028625,True
THSR,1,ok,esmfold2,3.16481101277477,3.104656967858271,1.5923051834106445,1.4766932725906372,1.616455574028625,False
THSR,2,ok,esmfold2,1.6486484801903383,1.470320405743671,0.8693127632141113,0.7308236360549927,1.616455574028625,True
THSR,3,ok,esmfold2,3.373474914043933,3.331168731257492,1.7452189922332764,1.6597673892974854,1.616455574028625,False
THSR,4,ok,esmfold2,1.8854703515922822,1.888363050346596,1.050428032875061,0.9371196031570435,1.616455574028625,False
THSR,5,ok,esmfold2,1.8829186964885827,1.89638193296993,1.2712589502334595,1.1333932876586914,1.616455574028625,False
THSR,6,ok,esmfold2,1.6247260297250339,1.4455148873750043,0.7938816547393799,0.6405197978019714,1.616455574028625,True
THSR,7,ok,esmfold2,1.5569735287868514,1.4774029205323695,0.8896083235740662,0.739522397518158,1.616455574028625,True
THSR,8,ok,esmfold2,2.002896464272513,1.9240189125662341,1.305147409439087,1.2206299304962158,1.616455574028625,False
THSR,9,ok,esmfold2,1.6213261270120802,1.4318584044708704,0.8627837300300598,0.6885148882865906,1.616455574028625,True
THSR,10,ok,esmfold2,3.611679582913404,3.5916903952807,1.977268934249878,1.918341040611267,1.616455574028625,False
THSR,11,ok,esmfold2,1.5246421450217453,1.3386682653935382,0.8431488871574402,0.6462438702583313,1.616455574028625,True
THSR,12,ok,esmfold2,2.002590265760338,1.8669055078743817,1.365531325340271,1.2654253244400024,1.616455574028625,False
THSR,13,ok,esmfold2,1.8599157486148534,1.7237171167164547,0.879163384437561,0.7146408557891846,1.616455574028625,False
THSR,14,ok,esmfold2,1.6631193839551148,1.4172334666315816,0.9264671802520752,0.7249740362167358,1.616455574028625,True
THSR,15,ok,esmfold2,1.6217689142868714,1.4223739692255335,0.7999371886253357,0.6351523995399475,1.616455574028625,True
THSR,16,ok,esmfold2,1.8212672798635745,1.6050712011849126,0.8810486793518066,0.7084211111068726,1.616455574028625,True
THSR,17,ok,esmfold2,1.7137396389401311,1.484907450656808,1.0610729455947876,0.8777487874031067,1.616455574028625,True
THSR,18,ok,esmfold2,1.7153271789733853,1.4611270749635537,1.053200364112854,0.8523051738739014,1.616455574028625,True
THSR,19,ok,esmfold2,1.815329989208657,1.5512125871128948,0.9553862810134888,0.7702681422233582,1.616455574028625,True
THSR,20,ok,esmfold2,1.6032971805482472,1.5022916853290842,0.8219470977783203,0.6649656891822815,1.616455574028625,True
THSR,21,ok,esmfold2,2.096138362405573,2.0716729037490795,1.3157157897949219,1.221442461013794,1.616455574028625,False
THSR,22,ok,esmfold2,2.0581612794149207,2.0308667756282732,1.0097562074661255,0.8555613160133362,1.616455574028625,False
THSR,23,ok,esmfold2,1.8823669698707224,1.916199160389933,1.263856053352356,1.1627285480499268,1.616455574028625,False
THSR,24,ok,esmfold2,1.6344949185959605,1.4689515283057133,0.8062835335731506,0.6204522848129272,1.616455574028625,True
THSR,25,ok,esmfold2,1.7849105685592839,1.5792095489233524,1.1197309494018555,0.9774734973907471,1.616455574028625,True
THSR,26,ok,esmfold2,1.4767091145513682,1.3717765905157158,0.879538357257843,0.696427583694458,1.616455574028625,True
THSR,27,ok,esmfold2,1.6399006792199675,1.3793476922392813,0.8405919671058655,0.6868166923522949,1.616455574028625,True
THSR,28,ok,esmfold2,1.7262833402015518,1.4977411905716342,0.9644269347190857,0.784469723701477,1.616455574028625,True
THSR,29,ok,esmfold2,1.547352224943635,1.4073088960274,0.8789294958114624,0.698499858379364,1.616455574028625,True
p53_Y220C__4AGQ,0,ok,esmfold2,1.2633115153963554,0.3279715198536705,0.2592938542366028,0.28847336769104004,1.1180275303614244,True
p53_Y220C__4AGQ,1,ok,esmfold2,1.2382047817829496,0.2686846054712749,0.2822039723396301,0.30860307812690735,1.1180275303614244,True
p53_Y220C__4AGQ,2,ok,esmfold2,1.26446393829642,0.33009088125594666,0.25968265533447266,0.30124565958976746,1.1180275303614244,True
p53_Y220C__4AGQ,3,ok,esmfold2,1.2641211023072432,0.3514450603697352,0.3156811594963074,0.32076263427734375,1.1180275303614244,True
p53_Y220C__4AGQ,4,ok,esmfold2,1.2629225739960313,0.33943201438709025,0.28474336862564087,0.2598043382167816,1.1180275303614244,True
p53_Y220C__4AGQ,5,ok,esmfold2,1.2599410263411939,0.33827861305349305,0.30668219923973083,0.31032028794288635,1.1180275303614244,True
p53_Y220C__4AGQ,6,ok,esmfold2,1.2713936159524202,0.3694504801952223,0.27132198214530945,0.31964021921157837,1.1180275303614244,True
p53_Y220C__4AGQ,7,ok,esmfold2,1.2709763302780908,0.3539277454249452,0.28768542408943176,0.33402106165885925,1.1180275303614244,True
p53_Y220C__4AGQ,8,ok,esmfold2,1.270034348288333,0.35170590336986096,0.30163246393203735,0.30478397011756897,1.1180275303614244,True
p53_Y220C__4AGQ,9,ok,esmfold2,1.2598333228626275,0.3257584901382285,0.26894116401672363,0.32961177825927734,1.1180275303614244,True
p53_Y220C__4AGQ,10,ok,esmfold2,1.2625001683430648,0.3461775214881018,0.32158371806144714,0.3253327012062073,1.1180275303614244,True
p53_Y220C__4AGQ,11,ok,esmfold2,1.272768879849078,0.34887755108962926,0.2900180518627167,0.3264939785003662,1.1180275303614244,True
p53_Y220C__4AGQ,12,ok,esmfold2,1.2580032813215467,0.32544914691499194,0.28103718161582947,0.3506492078304291,1.1180275303614244,True
p53_Y220C__4AGQ,13,ok,esmfold2,1.240245579603493,0.28996812504322844,0.28160086274147034,0.2923676073551178,1.1180275303614244,True
p53_Y220C__4AGQ,14,ok,esmfold2,1.2663963698720082,0.3397526987057445,0.28625816106796265,0.2975458800792694,1.1180275303614244,True
p53_Y220C__4AGQ,15,ok,esmfold2,1.275127816939402,0.36490069738710534,0.26811063289642334,0.30781590938568115,1.1180275303614244,True
p53_Y220C__4AGQ,16,ok,esmfold2,1.2633450540956765,0.3697849800124468,0.31649255752563477,0.3031104505062103,1.1180275303614244,True
p53_Y220C__4AGQ,17,ok,esmfold2,1.2391298952295817,0.2707062063079149,0.24854062497615814,0.2895345687866211,1.1180275303614244,True
p53_Y220C__4AGQ,18,ok,esmfold2,1.2661573578795244,0.33184083238797357,0.24636444449424744,0.3243006765842438,1.1180275303614244,True
p53_Y220C__4AGQ,19,ok,esmfold2,1.2830034014702734,0.3949600759683018,0.30767422914505005,0.28004539012908936,1.1180275303614244,True
p53_Y220C__4AGQ,20,ok,esmfold2,1.260920532350102,0.3340502987001813,0.29889199137687683,0.28140440583229065,1.1180275303614244,True
p53_Y220C__4AGQ,21,ok,esmfold2,1.2665466505093423,0.3421992957464091,0.28558751940727234,0.3095819354057312,1.1180275303614244,True
p53_Y220C__4AGQ,22,ok,esmfold2,1.2529580130378775,0.30557657832807006,0.2547217607498169,0.31620824337005615,1.1180275303614244,True
p53_Y220C__4AGQ,23,ok,esmfold2,1.245275342284021,0.3124955040744527,0.2906097173690796,0.31336772441864014,1.1180275303614244,True
p53_Y220C__4AGQ,24,ok,esmfold2,1.2876399394052471,0.38745581994705547,0.28320616483688354,0.3168814182281494,1.1180275303614244,True
p53_Y220C__4AGQ,25,ok,esmfold2,1.2546884620552874,0.3163762557733689,0.26173150539398193,0.2965344488620758,1.1180275303614244,True
p53_Y220C__4AGQ,26,ok,esmfold2,1.2794092226772356,0.3578523043780479,0.25769588351249695,0.3452770709991455,1.1180275303614244,True
p53_Y220C__4AGQ,27,ok,esmfold2,1.2925922107295478,0.39256211758576154,0.3246529996395111,0.37381604313850403,1.1180275303614244,True
p53_Y220C__4AGQ,28,ok,esmfold2,1.2905769732422014,0.4111844209369322,0.33231106400489807,0.32379773259162903,1.1180275303614244,True
p53_Y220C__4AGQ,29,ok,esmfold2,1.2651153022521175,0.32836560102065315,0.25029894709587097,0.34594327211380005,1.1180275303614244,True
HIF2alpha__6D0B,0,ok,esmfold2,1.5027293290416823,1.2478119122500526,0.3581908941268921,0.3705548644065857,1.6729991744940291,True
HIF2alpha__6D0B,1,ok,esmfold2,1.712453147350198,0.7459386621705811,0.3521174192428589,0.3797929883003235,1.6729991744940291,True
HIF2alpha__6D0B,2,ok,esmfold2,1.3915382605294924,1.4006825552264743,0.32754090428352356,0.3829413652420044,1.6729991744940291,False
HIF2alpha__6D0B,3,ok,esmfold2,1.5208223650494435,1.3403657802310953,0.374664843082428,0.38011905550956726,1.6729991744940291,True
HIF2alpha__6D0B,4,ok,esmfold2,1.7381813381680977,0.7392837656070306,0.3752261996269226,0.3523808717727661,1.6729991744940291,True
HIF2alpha__6D0B,5,ok,esmfold2,1.487243851477603,1.2756646936508462,0.34799325466156006,0.3772725462913513,1.6729991744940291,True
HIF2alpha__6D0B,6,ok,esmfold2,1.7436614739055245,0.8073102469743879,0.3821864724159241,0.34678980708122253,1.6729991744940291,True
HIF2alpha__6D0B,7,ok,esmfold2,1.7552978284254366,0.813441852163629,0.37359675765037537,0.3625282049179077,1.6729991744940291,True
HIF2alpha__6D0B,8,ok,esmfold2,1.7667453164925055,0.7113750938987092,0.35461294651031494,0.36944425106048584,1.6729991744940291,True
HIF2alpha__6D0B,9,ok,esmfold2,1.8098900637920357,0.7845472173236666,0.379800945520401,0.3650338351726532,1.6729991744940291,True
HIF2alpha__6D0B,10,ok,esmfold2,1.790524791600933,0.756252416926419,0.3712686598300934,0.3642611503601074,1.6729991744940291,True
HIF2alpha__6D0B,11,ok,esmfold2,1.753048557512061,0.7439459914288251,0.36964666843414307,0.3570675849914551,1.6729991744940291,True
HIF2alpha__6D0B,12,ok,esmfold2,1.5134365593203145,1.322169751579118,0.3604247570037842,0.3418504297733307,1.6729991744940291,True
HIF2alpha__6D0B,13,ok,esmfold2,1.6747686111766593,0.939194259974656,0.3517494201660156,0.37163251638412476,1.6729991744940291,True
HIF2alpha__6D0B,14,ok,esmfold2,1.7831439465151495,0.7725879170390628,0.3906742036342621,0.3363344371318817,1.6729991744940291,True
HIF2alpha__6D0B,15,ok,esmfold2,1.7905176011787827,0.756419540515551,0.3532610535621643,0.36691612005233765,1.6729991744940291,True
HIF2alpha__6D0B,16,ok,esmfold2,1.7848617465588357,0.7587776532841636,0.36556276679039,0.365098237991333,1.6729991744940291,True
HIF2alpha__6D0B,17,ok,esmfold2,1.6851977603575978,0.7551703209314099,0.34061726927757263,0.3758005201816559,1.6729991744940291,True
HIF2alpha__6D0B,18,ok,esmfold2,1.5079664612033798,1.3054138975921452,0.35930198431015015,0.3717910647392273,1.6729991744940291,True
HIF2alpha__6D0B,19,ok,esmfold2,1.6771688853674902,0.9207376596996093,0.35012388229370117,0.3773939907550812,1.6729991744940291,True
HIF2alpha__6D0B,20,ok,esmfold2,1.7685517788731246,0.7303468240531782,0.3651772439479828,0.3540200889110565,1.6729991744940291,True
HIF2alpha__6D0B,21,ok,esmfold2,1.7801874653282226,0.7080080650592222,0.364157110452652,0.34595760703086853,1.6729991744940291,True
HIF2alpha__6D0B,22,ok,esmfold2,1.75702556630416,0.7411470935901557,0.349386990070343,0.36930713057518005,1.6729991744940291,True
HIF2alpha__6D0B,23,ok,esmfold2,1.7917978723939558,0.7621298817895774,0.3502472937107086,0.3801800608634949,1.6729991744940291,True
HIF2alpha__6D0B,24,ok,esmfold2,1.3932479342890287,1.3790865614950483,0.342469185590744,0.3845224976539612,1.6729991744940291,True
HIF2alpha__6D0B,25,ok,esmfold2,1.7706067897431166,0.7382559381292418,0.357067346572876,0.3488296568393707,1.6729991744940291,True
HIF2alpha__6D0B,26,ok,esmfold2,1.4867965403082524,1.2870991399863876,0.3483481705188751,0.33270707726478577,1.6729991744940291,True
HIF2alpha__6D0B,27,ok,esmfold2,1.5150820073165598,1.1433470973204052,0.37073633074760437,0.3639758825302124,1.6729991744940291,True
HIF2alpha__6D0B,28,ok,esmfold2,1.8092573890628911,0.7647492608649104,0.3736046552658081,0.37506771087646484,1.6729991744940291,True
HIF2alpha__6D0B,29,ok,esmfold2,1.5153749242351877,1.3485358355299173,0.37378257513046265,0.39669519662857056,1.6729991744940291,True
HIV_RT__3V81,0,ok,esmfold2,2.3675635431170483,1.8535019151740206,1.4161683320999146,0.6720154881477356,3.0896312117090363,True
HIV_RT__3V81,1,ok,esmfold2,2.5712049556665098,2.0250923464082087,1.6455714702606201,0.9480006694793701,3.0896312117090363,True
HIV_RT__3V81,2,ok,esmfold2,2.9846132285778677,1.0794604192671617,1.7069114446640015,0.7927473783493042,3.0896312117090363,True
HIV_RT__3V81,3,ok,esmfold2,1.3867284263581396,2.697625032783764,1.0067156553268433,1.2042738199234009,3.0896312117090363,False
HIV_RT__3V81,4,ok,esmfold2,1.584707931411985,2.808753302320647,1.2538357973098755,1.3065887689590454,3.0896312117090363,False
HIV_RT__3V81,5,ok,esmfold2,8.710855946895812,8.213797807515022,6.048760414123535,5.903809547424316,3.0896312117090363,False
HIV_RT__3V81,6,ok,esmfold2,2.9445676329377415,1.0578744705093686,1.5860122442245483,0.778784453868866,3.0896312117090363,True
HIV_RT__3V81,7,ok,esmfold2,1.6440448138546804,2.3723787508181613,1.240312099456787,0.8123946189880371,3.0896312117090363,False
HIV_RT__3V81,8,ok,esmfold2,8.291076029080964,7.9581478255127855,5.657341957092285,5.846694469451904,3.0896312117090363,False
HIV_RT__3V81,9,ok,esmfold2,2.397870706642392,1.8722842884129844,1.3935127258300781,0.7655311822891235,3.0896312117090363,True
HIV_RT__3V81,10,ok,esmfold2,2.4484881161620167,1.8022047973004942,1.435896635055542,0.659619927406311,3.0896312117090363,True
HIV_RT__3V81,11,ok,esmfold2,9.22053860883704,9.225742508745665,6.682759761810303,6.531402587890625,3.0896312117090363,False
HIV_RT__3V81,12,ok,esmfold2,1.764080274982832,2.4470161834761823,1.337332010269165,0.8788195252418518,3.0896312117090363,False
HIV_RT__3V81,13,ok,esmfold2,1.8995484432363,2.254324341863561,1.4006752967834473,0.9433240294456482,3.0896312117090363,False
HIV_RT__3V81,14,ok,esmfold2,2.502703075492881,1.9300049873443283,1.566149353981018,0.725280225276947,3.0896312117090363,True
HIV_RT__3V81,15,ok,esmfold2,2.874464625995126,0.8338157496181493,1.4173610210418701,0.4831816852092743,3.0896312117090363,True
HIV_RT__3V81,16,ok,esmfold2,2.878295184749455,0.9917390109730733,1.5782102346420288,0.7273635268211365,3.0896312117090363,True
HIV_RT__3V81,17,ok,esmfold2,1.8537937212777549,2.3907605457674457,1.4722342491149902,0.901275634765625,3.0896312117090363,False
HIV_RT__3V81,18,ok,esmfold2,8.013402132253992,7.567371574975438,5.235837936401367,5.180724143981934,3.0896312117090363,False
HIV_RT__3V81,19,ok,esmfold2,2.301283656756905,1.7515399782105823,1.249528408050537,0.8930023908615112,3.0896312117090363,True
HIV_RT__3V81,20,ok,esmfold2,1.7911478613982659,2.387567401073408,1.3423494100570679,0.8144243955612183,3.0896312117090363,False
HIV_RT__3V81,21,ok,esmfold2,1.662497985246969,2.3461819896393714,1.2360997200012207,0.7286887168884277,3.0896312117090363,False
HIV_RT__3V81,22,ok,esmfold2,2.4577587765590434,1.7942386923217095,1.4652873277664185,0.7694671154022217,3.0896312117090363,True
HIV_RT__3V81,23,ok,esmfold2,1.5370243091474016,2.728050726403803,1.1800247430801392,1.2107359170913696,3.0896312117090363,False
HIV_RT__3V81,24,ok,esmfold2,2.478772640718437,1.944914686004734,1.5056402683258057,0.8297698497772217,3.0896312117090363,True
HIV_RT__3V81,25,ok,esmfold2,1.8333735317100284,2.416990049969315,1.3782496452331543,0.9128833413124084,3.0896312117090363,False
HIV_RT__3V81,26,ok,esmfold2,2.4913988912690668,1.8313527783087664,1.5174057483673096,0.7754371166229248,3.0896312117090363,True
HIV_RT__3V81,27,ok,esmfold2,2.1311041978582885,2.0825886969313285,1.3426830768585205,1.0063655376434326,3.0896312117090363,True
HIV_RT__3V81,28,ok,esmfold2,1.7362616420532322,2.3970307772978408,1.4056264162063599,1.0159791707992554,3.0896312117090363,False
HIV_RT__3V81,29,ok,esmfold2,2.867710791567281,0.9269211997174847,1.560325026512146,0.6304068565368652,3.0896312117090363,True
THSR__7UTZ,0,ok,esmfold2,1.7193718259653512,2.0880550335953716,0.8600677251815796,0.8433607816696167,2.4345552542057787,False
THSR__7UTZ,1,ok,esmfold2,6.064717661566,4.820379592235111,2.4497241973876953,2.48223876953125,2.4345552542057787,False
THSR__7UTZ,2,ok,esmfold2,1.6401865140794036,2.274111661471584,1.088283658027649,1.109102487564087,2.4345552542057787,False
THSR__7UTZ,3,ok,esmfold2,2.0876924335376144,1.9361388548337735,1.3048107624053955,1.299827218055725,2.4345552542057787,True
THSR__7UTZ,4,ok,esmfold2,1.798643961470296,1.976510517968551,1.3733793497085571,1.3760136365890503,2.4345552542057787,False
THSR__7UTZ,5,ok,esmfold2,6.027948230900062,4.828361367467756,2.4004459381103516,2.433274745941162,2.4345552542057787,False
THSR__7UTZ,6,ok,esmfold2,4.673501688564628,3.7847308733427747,1.9816749095916748,1.9660015106201172,2.4345552542057787,False
THSR__7UTZ,7,ok,esmfold2,1.6329713245453505,2.0743460497296238,1.22286856174469,1.2228366136550903,2.4345552542057787,False
THSR__7UTZ,8,ok,esmfold2,2.1442277596095374,2.1634752177807623,0.924712061882019,0.8988277912139893,2.4345552542057787,False
THSR__7UTZ,9,ok,esmfold2,1.771279284369638,1.8904051182259982,1.0338298082351685,1.0458409786224365,2.4345552542057787,False
THSR__7UTZ,10,ok,esmfold2,1.5589078653873498,1.9257578873978123,1.1721632480621338,1.1794657707214355,2.4345552542057787,False
THSR__7UTZ,11,ok,esmfold2,1.7812788481684205,1.8914115875470616,1.1511021852493286,1.1556453704833984,2.4345552542057787,False
THSR__7UTZ,12,ok,esmfold2,2.124575430619101,1.973810695929572,1.2813478708267212,1.27522611618042,2.4345552542057787,True
THSR__7UTZ,13,ok,esmfold2,6.311046755210712,5.051031593174281,2.4567136764526367,2.4860146045684814,2.4345552542057787,False
THSR__7UTZ,14,ok,esmfold2,6.230885472360638,4.9635848769530675,2.344763994216919,2.374633312225342,2.4345552542057787,False
THSR__7UTZ,15,ok,esmfold2,6.121279407336141,4.929545410703095,2.442546844482422,2.4750101566314697,2.4345552542057787,False
THSR__7UTZ,16,ok,esmfold2,6.147615717262874,4.886455591762365,2.4477999210357666,2.4805941581726074,2.4345552542057787,False
THSR__7UTZ,17,ok,esmfold2,2.177901679927575,1.8049961775163812,1.3160529136657715,1.3181904554367065,2.4345552542057787,True
THSR__7UTZ,18,ok,esmfold2,6.470959740443872,5.2704404471492925,2.4526689052581787,2.480870008468628,2.4345552542057787,False
THSR__7UTZ,19,ok,esmfold2,6.167285504040903,4.972895353375261,2.4418327808380127,2.4723265171051025,2.4345552542057787,False
THSR__7UTZ,20,ok,esmfold2,1.8956081237710563,2.102735414406891,0.9600027799606323,0.943642795085907,2.4345552542057787,False
THSR__7UTZ,21,ok,esmfold2,6.199008260087573,4.931265956574415,2.486295461654663,2.515794277191162,2.4345552542057787,False
THSR__7UTZ,22,ok,esmfold2,6.173683484398826,4.893749378230958,2.333036184310913,2.359964370727539,2.4345552542057787,False
THSR__7UTZ,23,ok,esmfold2,2.0009651099428596,1.9907148891327668,1.0386542081832886,1.0270872116088867,2.4345552542057787,True
THSR__7UTZ,24,ok,esmfold2,1.9477682458092274,2.232011983673206,1.3318077325820923,1.316041350364685,2.4345552542057787,False
THSR__7UTZ,25,ok,esmfold2,6.077350681926045,4.825313008487927,2.472303628921509,2.504392385482788,2.4345552542057787,False
THSR__7UTZ,26,ok,esmfold2,2.0553209066094964,2.1412633236516756,1.2538506984710693,1.2464841604232788,2.4345552542057787,False
THSR__7UTZ,27,ok,esmfold2,1.7343104056826546,2.117640889539022,1.1414296627044678,1.14215087890625,2.4345552542057787,False
THSR__7UTZ,28,ok,esmfold2,1.8924686861304365,2.239620615122227,1.332505226135254,1.3289949893951416,2.4345552542057787,False
THSR__7UTZ,29,ok,esmfold2,1.6245336424379586,2.3062401786995217,1.1078373193740845,1.1054636240005493,2.4345552542057787,False
Bcl-xL,0,ok,esmfold2,2.597962510483544,1.9940324402912593,1.3738946914672852,1.120521903038025,2.505562006849456,True
Bcl-xL,1,ok,esmfold2,2.6355534869209785,2.784368225260158,1.244054913520813,1.1177194118499756,2.505562006849456,False
Bcl-xL,2,ok,esmfold2,2.4409335873496474,2.2880338431225273,1.143176794052124,1.025317907333374,2.505562006849456,True
Bcl-xL,3,ok,esmfold2,2.5530223682457405,2.355521576747135,1.2810667753219604,1.091571569442749,2.505562006849456,True
Bcl-xL,4,ok,esmfold2,2.2477771951406402,2.3331507541553704,1.1857010126113892,1.1783097982406616,2.505562006849456,False
Bcl-xL,5,ok,esmfold2,2.6474731231990174,2.748427825444863,1.3214020729064941,1.1004271507263184,2.505562006849456,False
Bcl-xL,6,ok,esmfold2,2.6350695359845,2.299441442673832,1.223994255065918,1.0895435810089111,2.505562006849456,True
Bcl-xL,7,ok,esmfold2,2.6765615803058496,2.0037764863810974,1.3407398462295532,1.0037139654159546,2.505562006849456,True
Bcl-xL,8,ok,esmfold2,2.523091303889027,2.299291384839545,1.1601067781448364,1.0835355520248413,2.505562006849456,True
Bcl-xL,9,ok,esmfold2,2.804692514150457,2.734797939622317,1.3615679740905762,1.1813215017318726,2.505562006849456,False
Bcl-xL,10,ok,esmfold2,2.3697002700049854,2.207724776442586,1.196873426437378,1.1422902345657349,2.505562006849456,True
Bcl-xL,11,ok,esmfold2,2.739271860601465,2.195888901332175,1.3368088006973267,1.1188280582427979,2.505562006849456,True
Bcl-xL,12,ok,esmfold2,2.6541881781387513,1.8949729619335458,1.3253639936447144,1.0192867517471313,2.505562006849456,True
Bcl-xL,13,ok,esmfold2,2.5202897880490887,2.4662383618396797,1.2165697813034058,1.1229031085968018,2.505562006849456,True
Bcl-xL,14,ok,esmfold2,2.645851757747394,2.566099458560021,1.4349110126495361,0.8182315826416016,2.505562006849456,False
Bcl-xL,15,ok,esmfold2,2.729611623645956,2.269704140033519,1.3334336280822754,1.0700286626815796,2.505562006849456,True
Bcl-xL,16,ok,esmfold2,2.843812746291423,2.189725250756437,1.3041772842407227,1.0997456312179565,2.505562006849456,True
Bcl-xL,17,ok,esmfold2,2.769868230213218,2.138411226146184,1.3507436513900757,1.064811110496521,2.505562006849456,True
Bcl-xL,18,ok,esmfold2,2.555795169554778,2.3718244354473534,1.2147012948989868,1.1174376010894775,2.505562006849456,True
Bcl-xL,19,ok,esmfold2,2.6353865014826594,2.1910535274939607,1.244854211807251,1.0054333209991455,2.505562006849456,True
Bcl-xL,20,ok,esmfold2,2.5882976471227623,2.4680210567415735,1.210400104522705,1.1249938011169434,2.505562006849456,True
Bcl-xL,21,ok,esmfold2,2.022294856570638,1.6404388712569715,0.9503816366195679,0.7325637340545654,2.505562006849456,True
Bcl-xL,22,ok,esmfold2,2.7997620255742603,2.1314105998667876,1.3777717351913452,1.0891696214675903,2.505562006849456,True
Bcl-xL,23,ok,esmfold2,2.6386302787650835,2.0647331822096544,1.2364201545715332,1.022451639175415,2.505562006849456,True
Bcl-xL,24,ok,esmfold2,2.136108474495033,2.0963157285565592,1.283353328704834,1.0784088373184204,2.505562006849456,True
Bcl-xL,25,ok,esmfold2,2.6259354183376162,2.3324657022051034,1.2880858182907104,1.118507742881775,2.505562006849456,True
Bcl-xL,26,ok,esmfold2,2.580909584082873,2.156845673920227,1.1723811626434326,1.0302239656448364,2.505562006849456,True
Bcl-xL,27,ok,esmfold2,2.5448907409442154,2.3003834500711644,1.2679100036621094,1.0704137086868286,2.505562006849456,True
Bcl-xL,28,ok,esmfold2,2.599241138085951,2.2663884453638716,1.2826775312423706,1.053329348564148,2.505562006849456,True
Bcl-xL,29,ok,esmfold2,2.4691522826531678,2.1184529298583588,1.2372139692306519,0.9468094110488892,2.505562006849456,True
betaLG,0,ok,esmfold2,1.0126249118938933,1.0941819347998234,0.29270756244659424,0.2598942816257477,1.3972391993938094,False
betaLG,1,ok,esmfold2,1.0033287030143212,1.1465693459064672,0.2989213466644287,0.2686869502067566,1.3972391993938094,False
betaLG,2,ok,esmfold2,1.0048425367938527,1.0982666968607757,0.32265809178352356,0.26704639196395874,1.3972391993938094,False
betaLG,3,ok,esmfold2,1.0191765042597247,1.0761305607927254,0.2880292236804962,0.25919416546821594,1.3972391993938094,False
betaLG,4,ok,esmfold2,1.0030666617490676,1.102359610869548,0.28907832503318787,0.24950681626796722,1.3972391993938094,False
betaLG,5,ok,esmfold2,1.0150703657741675,1.1384611309936064,0.3356857895851135,0.28089767694473267,1.3972391993938094,False
betaLG,6,ok,esmfold2,1.020996112282989,1.0909150919356698,0.30151885747909546,0.2627010643482208,1.3972391993938094,False
betaLG,7,ok,esmfold2,1.0474570020528775,1.0958437249669828,0.3074450194835663,0.25776407122612,1.3972391993938094,False
betaLG,8,ok,esmfold2,1.0117976854609245,1.135658824540324,0.2773847281932831,0.24397146701812744,1.3972391993938094,False
betaLG,9,ok,esmfold2,0.9881458119063106,1.1319194202701273,0.31327009201049805,0.25345513224601746,1.3972391993938094,False
betaLG,10,ok,esmfold2,1.0201261228271497,1.088422040348029,0.3076555132865906,0.284257709980011,1.3972391993938094,False
betaLG,11,ok,esmfold2,0.9945085769911558,1.0836335161916437,0.3224526047706604,0.268515944480896,1.3972391993938094,False
betaLG,12,ok,esmfold2,0.9834558872396097,1.1027213539936993,0.3184109032154083,0.28555670380592346,1.3972391993938094,False
betaLG,13,ok,esmfold2,1.020016790375593,1.1484070792296979,0.34574323892593384,0.2907111644744873,1.3972391993938094,False
betaLG,14,ok,esmfold2,1.0442474547440674,1.0776295336264177,0.3013092577457428,0.25503864884376526,1.3972391993938094,False
betaLG,15,ok,esmfold2,1.0169349783142094,1.109829264047111,0.30218011140823364,0.2652214467525482,1.3972391993938094,False
betaLG,16,ok,esmfold2,1.038446197407016,1.125297333852108,0.35494157671928406,0.30158230662345886,1.3972391993938094,False
betaLG,17,ok,esmfold2,1.0634831671262475,1.0806112819334865,0.3301042318344116,0.2814571261405945,1.3972391993938094,False
betaLG,18,ok,esmfold2,0.9970233785740857,1.095695495363038,0.29116207361221313,0.24920512735843658,1.3972391993938094,False
betaLG,19,ok,esmfold2,1.106411528406581,1.1099228187556025,0.28185877203941345,0.25608763098716736,1.3972391993938094,False
betaLG,20,ok,esmfold2,1.0633413881764693,1.0746978299175023,0.30668342113494873,0.2743120491504669,1.3972391993938094,False
betaLG,21,ok,esmfold2,0.9796598713170841,1.1100481682883914,0.2965587079524994,0.2512190341949463,1.3972391993938094,False
betaLG,22,ok,esmfold2,1.0267301411460819,1.088827757875313,0.3009169399738312,0.2541397511959076,1.3972391993938094,False
betaLG,23,ok,esmfold2,1.0407389351461493,1.078543817516997,0.29858580231666565,0.2625623941421509,1.3972391993938094,False
betaLG,24,ok,esmfold2,1.0054278982183038,1.0774793483976337,0.28050196170806885,0.24313539266586304,1.3972391993938094,False
betaLG,25,ok,esmfold2,1.0573500192759915,1.0747513984906547,0.3025718629360199,0.24199478328227997,1.3972391993938094,False
betaLG,26,ok,esmfold2,1.0285349780979285,1.0806369429177558,0.3157657980918884,0.2695538103580475,1.3972391993938094,False
betaLG,27,ok,esmfold2,1.0430969718254202,1.081428437297453,0.31402552127838135,0.2792203426361084,1.3972391993938094,False
betaLG,28,ok,esmfold2,1.0308584357034776,1.0913825204881487,0.30650073289871216,0.2708738446235657,1.3972391993938094,False
betaLG,29,ok,esmfold2,1.0380558683480134,1.0859586049985024,0.3076263964176178,0.26765432953834534,1.3972391993938094,False
NDPK-A,0,ok,esmfold2,3.0081995930348717,1.3406921654006219,0.7642369866371155,0.6696593165397644,3.4697602388704447,True
NDPK-A,1,ok,esmfold2,2.934165554696424,1.2904528600439227,0.731185257434845,0.6757801175117493,3.4697602388704447,True
NDPK-A,2,ok,esmfold2,3.017019804734475,1.3156042019673266,0.8330104351043701,0.5578322410583496,3.4697602388704447,True
NDPK-A,3,ok,esmfold2,2.933545660459967,1.0280912507014348,0.8348171710968018,0.5401761531829834,3.4697602388704447,True
NDPK-A,4,ok,esmfold2,3.0647982171612305,1.062480228519238,0.8668186664581299,0.5676496624946594,3.4697602388704447,True
NDPK-A,5,ok,esmfold2,2.898385348197846,1.4230819544483926,0.7402369976043701,0.6570298075675964,3.4697602388704447,True
NDPK-A,6,ok,esmfold2,2.7846815078962277,1.2953410755372372,0.6294528245925903,0.7955024242401123,3.4697602388704447,True
NDPK-A,7,ok,esmfold2,2.977575649484687,1.288030750848388,0.7915844917297363,0.6087477207183838,3.4697602388704447,True
NDPK-A,8,ok,esmfold2,2.819865766945584,1.3282131346434967,0.6441076993942261,0.775740385055542,3.4697602388704447,True
NDPK-A,9,ok,esmfold2,2.9521740918224246,1.2682140039488443,0.7785492539405823,0.6102404594421387,3.4697602388704447,True
NDPK-A,10,ok,esmfold2,2.961147254522091,1.6696974323156109,0.6484314799308777,0.775762677192688,3.4697602388704447,True
NDPK-A,11,ok,esmfold2,2.870410066746916,1.4374124069468315,0.6421791911125183,0.7712709903717041,3.4697602388704447,True
NDPK-A,12,ok,esmfold2,2.9122291324780356,1.56922065318021,0.6764522194862366,0.7250728011131287,3.4697602388704447,True
NDPK-A,13,ok,esmfold2,2.86879259537304,1.0977326604846964,0.7498816847801208,0.6393860578536987,3.4697602388704447,True
NDPK-A,14,ok,esmfold2,2.962667970840981,0.8688590599612214,0.887851893901825,0.49870458245277405,3.4697602388704447,True
NDPK-A,15,ok,esmfold2,2.780757733994059,1.7225400266149509,0.5467225909233093,0.8750150799751282,3.4697602388704447,True
NDPK-A,16,ok,esmfold2,3.182673671205971,1.2911920881183798,1.0158966779708862,0.3863644599914551,3.4697602388704447,True
NDPK-A,17,ok,esmfold2,2.838185137414014,1.3934164895927057,0.6721746921539307,0.7609391808509827,3.4697602388704447,True
NDPK-A,18,ok,esmfold2,2.8594771464437905,1.3162155559900668,0.6737057566642761,0.746300458908081,3.4697602388704447,True
NDPK-A,19,ok,esmfold2,2.864825569506232,1.5590015826630756,0.8060451745986938,0.5510304570198059,3.4697602388704447,True
NDPK-A,20,ok,esmfold2,2.965141777383412,1.525229047972272,0.7330245971679688,0.6632797122001648,3.4697602388704447,True
NDPK-A,21,ok,esmfold2,2.8167419037432695,1.428186016873226,0.6610515117645264,0.7263495922088623,3.4697602388704447,True
NDPK-A,22,ok,esmfold2,2.8382534051164554,1.1611763672640656,0.7379597425460815,0.6375654339790344,3.4697602388704447,True
NDPK-A,23,ok,esmfold2,2.9567457945577225,1.4888526303693865,0.7301133871078491,0.6731318235397339,3.4697602388704447,True
NDPK-A,24,ok,esmfold2,2.8496398500714473,1.0969205307312875,0.7646402716636658,0.6230696439743042,3.4697602388704447,True
NDPK-A,25,ok,esmfold2,2.9483500556079036,1.0952968916569463,0.8191342949867249,0.572286069393158,3.4697602388704447,True
NDPK-A,26,ok,esmfold2,2.87912453577774,1.3282880029026733,0.729651689529419,0.6399154663085938,3.4697602388704447,True
NDPK-A,27,ok,esmfold2,2.765081976021659,1.3562440559280105,0.6522971391677856,0.7261220216751099,3.4697602388704447,True
NDPK-A,28,ok,esmfold2,2.7877121481741924,1.1298409593403584,0.6764988303184509,0.7012882828712463,3.4697602388704447,True
NDPK-A,29,ok,esmfold2,2.814794692880208,1.8253396632319072,0.5260872840881348,0.8986515402793884,3.4697602388704447,True
GLTP,0,ok,esmfold2,1.8792942463379299,1.37143745967093,1.267611026763916,0.7790801525115967,2.1410013181020275,True
GLTP,1,ok,esmfold2,1.9417972072599599,0.9569875008197192,1.3190956115722656,0.6376932263374329,2.1410013181020275,True
GLTP,2,ok,esmfold2,1.9354677389577424,1.499409849754412,1.3433802127838135,1.0676870346069336,2.1410013181020275,True
GLTP,3,ok,esmfold2,1.8645051339514327,0.9758620641097664,1.2563363313674927,0.653522789478302,2.1410013181020275,True
GLTP,4,ok,esmfold2,1.8294267332838194,1.0273974936363663,1.2512474060058594,0.7200719118118286,2.1410013181020275,True
GLTP,5,ok,esmfold2,2.0500907060735742,1.3769122611400952,1.404921531677246,0.9538837671279907,2.1410013181020275,True
GLTP,6,ok,esmfold2,2.0141091453314823,1.3358596092347317,1.3921819925308228,0.9325652122497559,2.1410013181020275,True
GLTP,7,ok,esmfold2,1.8219174760408372,0.8404526342198667,1.221863865852356,0.5400967001914978,2.1410013181020275,True
GLTP,8,ok,esmfold2,1.9474771644329527,1.7255247345572071,1.3447564840316772,1.2366222143173218,2.1410013181020275,True
GLTP,9,ok,esmfold2,1.9317024131522427,0.7994431254920517,1.3081762790679932,0.5432637929916382,2.1410013181020275,True
GLTP,10,ok,esmfold2,2.1398439232318287,1.5758850254256689,1.522484302520752,1.1455943584442139,2.1410013181020275,True
GLTP,11,ok,esmfold2,1.9083098785347663,1.5855614270816605,1.295974612236023,1.1272448301315308,2.1410013181020275,True
GLTP,12,ok,esmfold2,1.9229040589990611,1.4308932515774846,1.3432059288024902,1.0043528079986572,2.1410013181020275,True
GLTP,13,ok,esmfold2,1.9532384477921336,1.5240088370673257,1.3109891414642334,0.9295298457145691,2.1410013181020275,True
GLTP,14,ok,esmfold2,1.8807191176004765,1.2409179976531568,1.2601916790008545,0.85007244348526,2.1410013181020275,True
GLTP,15,ok,esmfold2,1.667488876652803,1.0138716039546785,1.0666377544403076,0.6791040897369385,2.1410013181020275,True
GLTP,16,ok,esmfold2,1.7968453244389082,1.2331954829521168,1.21189546585083,0.8757098317146301,2.1410013181020275,True
GLTP,17,ok,esmfold2,1.831124149497679,1.210609672010778,1.2340024709701538,0.8473424911499023,2.1410013181020275,True
GLTP,18,ok,esmfold2,2.14289149539178,1.538288340180626,1.4974431991577148,1.0702846050262451,2.1410013181020275,True
GLTP,19,ok,esmfold2,2.1447380354730785,1.5056156689848725,1.5162599086761475,1.0658231973648071,2.1410013181020275,True
GLTP,20,ok,esmfold2,1.878027597322008,1.0187735397374718,1.3048279285430908,0.7435689568519592,2.1410013181020275,True
GLTP,21,ok,esmfold2,2.085427708178125,1.368536462082007,1.428412914276123,0.9574160575866699,2.1410013181020275,True
GLTP,22,ok,esmfold2,2.1083783090893062,1.4871786007969994,1.4602642059326172,1.0614416599273682,2.1410013181020275,True
GLTP,23,ok,esmfold2,1.8825242484111535,0.9038647398194453,1.2778825759887695,0.610249400138855,2.1410013181020275,True
GLTP,24,ok,esmfold2,1.791541461279043,0.9692365967825002,1.2116525173187256,0.6721678972244263,2.1410013181020275,True
GLTP,25,ok,esmfold2,2.170421162669401,1.7617615146902132,1.5351980924606323,1.2724668979644775,2.1410013181020275,True
GLTP,26,ok,esmfold2,1.9550913377955017,0.9899701785947471,1.3468559980392456,0.6746262907981873,2.1410013181020275,True
GLTP,27,ok,esmfold2,1.9023660148146622,1.7685762452208371,1.2807106971740723,1.1473921537399292,2.1410013181020275,True
GLTP,28,ok,esmfold2,1.8911999545437828,0.7603918794398012,1.2628384828567505,0.47874268889427185,2.1410013181020275,True
GLTP,29,ok,esmfold2,1.9790782870906973,1.005567982027947,1.348047137260437,0.6785325407981873,2.1410013181020275,True
SHP2,0,ok,esmfold2,1.6546790313438497,1.1548552590345884,0.36438819766044617,0.37652450799942017,1.8482636253491054,True
SHP2,1,ok,esmfold2,1.36943587002829,1.1157767291498952,0.4382063150405884,0.46878737211227417,1.8482636253491054,True
SHP2,2,ok,esmfold2,1.6723887364830299,0.7302859539849683,0.45994770526885986,0.43965455889701843,1.8482636253491054,True
SHP2,3,ok,esmfold2,1.6400615249647226,1.1749705430844875,0.3603118360042572,0.42203688621520996,1.8482636253491054,True
SHP2,4,ok,esmfold2,1.3025864380786973,1.1978590418911468,0.320056676864624,0.40585821866989136,1.8482636253491054,True
SHP2,5,ok,esmfold2,1.4766879000495026,1.0935732433619825,0.38724708557128906,0.4142078161239624,1.8482636253491054,True
SHP2,6,ok,esmfold2,1.4820619746393602,0.9115712187248991,0.3903382420539856,0.35972359776496887,1.8482636253491054,True
SHP2,7,ok,esmfold2,1.4663362779845595,0.9086861497753921,0.33904358744621277,0.3786678612232208,1.8482636253491054,True
SHP2,8,ok,esmfold2,1.3739572338391075,1.165620327707029,0.356001079082489,0.42551252245903015,1.8482636253491054,True
SHP2,9,ok,esmfold2,1.112314952699759,1.3232304628013352,0.3835541009902954,0.4398685097694397,1.8482636253491054,False
SHP2,10,ok,esmfold2,1.4496736679459354,0.9071850774746587,0.35165315866470337,0.3886772692203522,1.8482636253491054,True
SHP2,11,ok,esmfold2,1.4003640005106224,0.9579037614498861,0.4204886853694916,0.3815701901912689,1.8482636253491054,True
SHP2,12,ok,esmfold2,1.4943661602610632,0.883472743846493,0.4540867209434509,0.4567341208457947,1.8482636253491054,True
SHP2,13,ok,esmfold2,1.3961379689707882,0.9257646021427084,0.31395232677459717,0.40885332226753235,1.8482636253491054,True
SHP2,14,ok,esmfold2,1.3978252971416831,1.0014195434448112,0.37848031520843506,0.43441134691238403,1.8482636253491054,True
SHP2,15,ok,esmfold2,1.3638143440619128,1.10747637960921,0.38272759318351746,0.4148586094379425,1.8482636253491054,True
SHP2,16,ok,esmfold2,1.668664371941913,1.1726055000047835,0.44184473156929016,0.39188653230667114,1.8482636253491054,True
SHP2,17,ok,esmfold2,1.3640932606600573,1.1440234130826785,0.444679319858551,0.3863508403301239,1.8482636253491054,True
SHP2,18,ok,esmfold2,1.4566418760869924,1.4081488749292495,0.4101715087890625,0.4272325038909912,1.8482636253491054,True
SHP2,19,ok,esmfold2,1.2271729894370482,1.1170876993756687,0.37403231859207153,0.3872644305229187,1.8482636253491054,True
SHP2,20,ok,esmfold2,1.4344979100370627,1.043835619932969,0.42984238266944885,0.5038864016532898,1.8482636253491054,True
SHP2,21,ok,esmfold2,1.3559212109106564,0.9567867469216154,0.3451499342918396,0.3875196576118469,1.8482636253491054,True
SHP2,22,ok,esmfold2,1.2530308271439623,1.1284965681341232,0.47863441705703735,0.45752835273742676,1.8482636253491054,True
SHP2,23,ok,esmfold2,1.7501219347794383,1.3900177546453152,0.39045649766921997,0.3897826671600342,1.8482636253491054,True
SHP2,24,ok,esmfold2,1.5111148042713034,0.9527424984263967,0.5790891647338867,0.5366454720497131,1.8482636253491054,True
SHP2,25,ok,esmfold2,1.4567862200284232,0.964910027140925,0.4048284888267517,0.43185722827911377,1.8482636253491054,True
SHP2,26,ok,esmfold2,1.3998651860709563,0.9742533957454486,0.48770439624786377,0.5037896633148193,1.8482636253491054,True
SHP2,27,ok,esmfold2,1.3325929023567296,1.0008721547283987,0.35779184103012085,0.3948255479335785,1.8482636253491054,True
SHP2,28,ok,esmfold2,1.3704124593749676,1.242440144674295,0.38327738642692566,0.44710054993629456,1.8482636253491054,True
SHP2,29,ok,esmfold2,1.7212385249030828,0.8294816043646598,0.30211761593818665,0.431096613407135,1.8482636253491054,True
METTL14,0,ok,esmfold2,0.9273896393009958,2.5725021839781332,0.38311445713043213,1.3236947059631348,2.571628452131643,False
METTL14,1,ok,esmfold2,0.6689258206418148,2.587819791925662,0.348013699054718,1.320943832397461,2.571628452131643,False
METTL14,2,ok,esmfold2,0.661852944225602,2.6264095772472453,0.34819266200065613,1.341699481010437,2.571628452131643,False
METTL14,3,ok,esmfold2,0.7966547261814881,2.522585089829659,0.39985334873199463,1.319642424583435,2.571628452131643,False
METTL14,4,ok,esmfold2,10.274262840461677,9.943600871312357,19.1471004486084,19.006240844726562,2.571628452131643,False
METTL14,5,ok,esmfold2,0.7768269017188626,2.5423439582645035,0.394979327917099,1.3275651931762695,2.571628452131643,False
METTL14,6,ok,esmfold2,0.8435038201453503,2.6539297080947364,0.3709978759288788,1.3321278095245361,2.571628452131643,False
METTL14,7,ok,esmfold2,0.6650884444714262,2.6291498714662236,0.35278329253196716,1.3364136219024658,2.571628452131643,False
METTL14,8,ok,esmfold2,0.9368444922120244,2.606760160797151,0.3761613965034485,1.3459185361862183,2.571628452131643,False
METTL14,9,ok,esmfold2,0.7081862636380707,2.5973914889451075,0.3616049885749817,1.3111228942871094,2.571628452131643,False
METTL14,10,ok,esmfold2,0.6744272707628077,2.6134158559667195,0.346340149641037,1.3340396881103516,2.571628452131643,False
METTL14,11,ok,esmfold2,0.6644882556250524,2.5964633436342646,0.3481702506542206,1.3154592514038086,2.571628452131643,False
METTL14,12,ok,esmfold2,0.6689633748293126,2.609749707026556,0.3380644917488098,1.3291285037994385,2.571628452131643,False
METTL14,13,ok,esmfold2,0.6401288041499186,2.6310973569400233,0.3256264328956604,1.3522076606750488,2.571628452131643,False
METTL14,14,ok,esmfold2,0.6780462144452809,2.614696207434361,0.3461112678050995,1.3295173645019531,2.571628452131643,False
METTL14,15,ok,esmfold2,0.8162090052565041,2.5341270278428047,0.3858707547187805,1.3274474143981934,2.571628452131643,False
METTL14,16,ok,esmfold2,0.8006129994353445,2.5214129812946573,0.3754397928714752,1.3160688877105713,2.571628452131643,False
METTL14,17,ok,esmfold2,0.7507101384223561,2.5603550824135257,0.36037832498550415,1.3279211521148682,2.571628452131643,False
METTL14,18,ok,esmfold2,0.6964258657539059,2.4935871080627656,0.3905220925807953,1.2873893976211548,2.571628452131643,False
METTL14,19,ok,esmfold2,0.6581174152753817,2.6029430751723885,0.32783088088035583,1.3245065212249756,2.571628452131643,False
METTL14,20,ok,esmfold2,0.6710871202518156,2.606948835689545,0.3505724370479584,1.3374948501586914,2.571628452131643,False
METTL14,21,ok,esmfold2,0.8339672059043245,2.5190951051768136,0.3926779627799988,1.3298386335372925,2.571628452131643,False
METTL14,22,ok,esmfold2,0.667778081365746,2.609692604700376,0.34552711248397827,1.3463388681411743,2.571628452131643,False
METTL14,23,ok,esmfold2,0.6771358128230424,2.5993461116754863,0.3485466241836548,1.3232789039611816,2.571628452131643,False
METTL14,24,ok,esmfold2,0.5443394203244287,2.589300714007748,0.3169369101524353,1.329757809638977,2.571628452131643,False
METTL14,25,ok,esmfold2,0.677193448248451,2.6186218412444795,0.3507227301597595,1.3512225151062012,2.571628452131643,False
METTL14,26,ok,esmfold2,0.6911407748295039,2.618744664880967,0.3707582354545593,1.3305933475494385,2.571628452131643,False
METTL14,27,ok,esmfold2,0.5954068675225976,2.5655409860736498,0.3665967285633087,1.3184044361114502,2.571628452131643,False
METTL14,28,ok,esmfold2,0.5526783340807273,2.5948858471938685,0.3289397656917572,1.319802165031433,2.571628452131643,False
METTL14,29,ok,esmfold2,0.6675720779591663,2.6158251723394805,0.35660386085510254,1.3401230573654175,2.571628452131643,False
FUT8,0,ok,esmfold2,1.194849632664536,3.3349391796145516,0.4512418806552887,0.3775947690010071,3.419934534191317,False
FUT8,1,ok,esmfold2,1.1639670942283942,3.360315235654416,0.4398058354854584,0.3658405542373657,3.419934534191317,False
FUT8,2,ok,esmfold2,0.8049590984124716,3.4075929431523773,0.38262730836868286,0.43250563740730286,3.419934534191317,False
FUT8,3,ok,esmfold2,1.0515253830461406,3.3941924529787584,0.3819511830806732,0.40512406826019287,3.419934534191317,False
FUT8,4,ok,esmfold2,0.9405651759180469,3.406282564156589,0.42212140560150146,0.4138588607311249,3.419934534191317,False
FUT8,5,ok,esmfold2,1.103424528550841,3.4049749766722592,0.43225759267807007,0.39234787225723267,3.419934534191317,False
FUT8,6,ok,esmfold2,1.0085036032454846,3.4721216297998097,0.4034867584705353,0.39815083146095276,3.419934534191317,False
FUT8,7,ok,esmfold2,0.9953886702687746,3.3364674922629542,0.3838793933391571,0.3844738006591797,3.419934534191317,False
FUT8,8,ok,esmfold2,1.2163582495450935,3.310111162965942,0.4787093997001648,0.38159075379371643,3.419934534191317,False
FUT8,9,ok,esmfold2,0.9773083173719435,3.449058372566908,0.4207301437854767,0.3716731369495392,3.419934534191317,False
FUT8,10,ok,esmfold2,1.0956101595873045,3.348001035567171,0.41346344351768494,0.3739287853240967,3.419934534191317,False
FUT8,11,ok,esmfold2,1.1236431372521816,3.379285259861763,0.4358415901660919,0.38066545128822327,3.419934534191317,False
FUT8,12,ok,esmfold2,0.9574346541800725,3.34192124324095,0.4055727422237396,0.35411304235458374,3.419934534191317,False
FUT8,13,ok,esmfold2,1.222744097931028,3.3958215806775307,0.47383975982666016,0.40808162093162537,3.419934534191317,False
FUT8,14,ok,esmfold2,1.1565633386566017,3.429471451466613,0.429675817489624,0.406759113073349,3.419934534191317,False
FUT8,15,ok,esmfold2,1.2296883349108054,3.3963284111094993,0.45556336641311646,0.38643941283226013,3.419934534191317,False
FUT8,16,ok,esmfold2,1.0600635301418104,3.3277954363273747,0.4085271954536438,0.4187434911727905,3.419934534191317,False
FUT8,17,ok,esmfold2,1.1314649770450398,3.4196783747735484,0.44256070256233215,0.406107634305954,3.419934534191317,False
FUT8,18,ok,esmfold2,1.0099533904870845,3.3231960986394244,0.40951675176620483,0.3654533922672272,3.419934534191317,False
FUT8,19,ok,esmfold2,1.0083857183074587,3.4423112831511347,0.41092902421951294,0.3971363604068756,3.419934534191317,False
FUT8,20,ok,esmfold2,1.119712351600747,3.378052204633588,0.42907023429870605,0.4437958300113678,3.419934534191317,False
FUT8,21,ok,esmfold2,1.1105840096822568,3.3426645123167367,0.5008735060691833,0.37079092860221863,3.419934534191317,False
FUT8,22,ok,esmfold2,1.2377915971913522,3.3878957037486357,0.45936840772628784,0.4443134665489197,3.419934534191317,False
FUT8,23,ok,esmfold2,1.1173393931822715,3.350789612887007,0.45698511600494385,0.37657588720321655,3.419934534191317,False
FUT8,24,ok,esmfold2,1.010292336681912,3.366936337728031,0.4359420835971832,0.37790054082870483,3.419934534191317,False
FUT8,25,ok,esmfold2,1.026635948103973,3.3661447087308036,0.4196670949459076,0.3779582977294922,3.419934534191317,False
FUT8,26,ok,esmfold2,1.1039259091121898,3.396299309902399,0.4154036045074463,0.3976176977157593,3.419934534191317,False
FUT8,27,ok,esmfold2,1.1133115566995515,3.3636201101684624,0.45334115624427795,0.361288845539093,3.419934534191317,False
FUT8,28,ok,esmfold2,1.0621308426303835,3.3735579604701527,0.4334034025669098,0.37189847230911255,3.419934534191317,False
FUT8,29,ok,esmfold2,1.1792353224944845,3.4229414546447248,0.42114195227622986,0.39838841557502747,3.419934534191317,False
p53_Y220C,0,ok,bioemu_refine,1.3629367979812348,2.150847961226269,2.3006765842437744,1.9923025369644165,1.1600563699903448,False
p53_Y220C,100,ok,bioemu_refine,1.2433145396539742,1.1099746587798953,0.737987220287323,0.8935216069221497,1.1600563699903448,True
p53_Y220C,200,ok,bioemu_refine,1.1359019627668303,0.8065748580464744,0.5988802313804626,0.735361635684967,1.1600563699903448,True
p53_Y220C,300,ok,bioemu_refine,0.7465221513245356,0.8809043494991452,1.094765305519104,0.8825919032096863,1.1600563699903448,False
p53_Y220C,400,ok,bioemu_refine,1.2921218480226748,0.995465488144083,0.8275021314620972,0.9884269833564758,1.1600563699903448,True
p53_Y220C,500,ok,bioemu_refine,1.0106048539826786,1.5121884006645503,1.0426747798919678,1.2124340534210205,1.1600563699903448,False
p53_Y220C,600,ok,bioemu_refine,0.716667974456067,1.463154733717736,1.6938797235488892,1.7446706295013428,1.1600563699903448,False
p53_Y220C,700,ok,bioemu_refine,1.470687562168654,1.2637091055824126,1.8781651258468628,1.8787964582443237,1.1600563699903448,False
p53_Y220C,800,ok,bioemu_refine,1.4381957650875699,1.4677392173461554,1.4675744771957397,1.534956455230713,1.1600563699903448,False
p53_Y220C,900,ok,bioemu_refine,1.1357011817708547,1.5598655362336706,0.9510431289672852,1.243552565574646,1.1600563699903448,False
p53_Y220C,1000,ok,bioemu_refine,0.803929166031608,1.2315782499947734,0.6656370162963867,0.7246630787849426,1.1600563699903448,False
p53_Y220C,1100,ok,bioemu_refine,1.5546997683247097,0.6437345879447445,0.96693354845047,0.9666352868080139,1.1600563699903448,True
p53_Y220C,1200,ok,bioemu_refine,1.5457015804822596,1.0482571336336843,0.9362307190895081,1.2377675771713257,1.1600563699903448,True
p53_Y220C,1300,ok,bioemu_refine,1.5570124585309226,1.4294872039403668,1.333392858505249,1.5616129636764526,1.1600563699903448,False
p53_Y220C,1400,ok,bioemu_refine,1.0278782294274176,0.6749419952712931,1.3710596561431885,1.2288154363632202,1.1600563699903448,True
p53_Y220C,1500,ok,bioemu_refine,1.0567196706560738,1.1242694955506405,0.8300196528434753,0.8454263806343079,1.1600563699903448,False
p53_Y220C,1600,ok,bioemu_refine,1.178185051450849,1.7932358309440712,1.768160343170166,1.8261948823928833,1.1600563699903448,False
p53_Y220C,1700,ok,bioemu_refine,1.470139623918181,2.0317319640550573,1.607435941696167,1.7975248098373413,1.1600563699903448,False
p53_Y220C,1800,ok,bioemu_refine,1.3421479366986244,1.8486164762000494,1.528772234916687,1.4096757173538208,1.1600563699903448,False
p53_Y220C,1900,ok,bioemu_refine,0.6060178502310685,1.0981548439447404,0.9342114925384521,1.1414729356765747,1.1600563699903448,False
p53_Y220C,2000,ok,bioemu_refine,1.1965879728605138,0.8676184880581513,1.1021056175231934,1.3752962350845337,1.1600563699903448,True
p53_Y220C,2100,ok,bioemu_refine,0.7093057315745609,1.5340642693429674,1.3213366270065308,1.0454093217849731,1.1600563699903448,False
p53_Y220C,2200,ok,bioemu_refine,1.1741973922387787,1.1493831555822374,1.510764241218567,1.6208158731460571,1.1600563699903448,True
p53_Y220C,2300,ok,bioemu_refine,0.9861034981041216,1.496560604072751,0.7617276906967163,1.0569697618484497,1.1600563699903448,False
p53_Y220C,2400,ok,bioemu_refine,0.7755128394219378,0.8790096419944423,1.281108021736145,1.20502769947052,1.1600563699903448,False
p53_Y220C,2500,ok,bioemu_refine,1.9222558944095145,2.3797322025888565,2.1342928409576416,2.4533143043518066,1.1600563699903448,False
p53_Y220C,2600,ok,bioemu_refine,1.7190312011029343,1.1585258561740555,1.8030840158462524,1.3977893590927124,1.1600563699903448,True
CB1,0,ok,bioemu_refine,2.7701170496636114,2.642195484629504,3.355727195739746,3.292449474334717,2.023384393567615,False
CB1,100,ok,bioemu_refine,2.150014858539505,1.9963610157610514,2.518993854522705,2.439706563949585,2.023384393567615,True
CB1,200,ok,bioemu_refine,2.70111926535725,2.136221869209908,3.2103757858276367,3.132770299911499,2.023384393567615,False
CB1,300,ok,bioemu_refine,2.9695531520883103,2.6310736291581294,3.5347342491149902,3.453538417816162,2.023384393567615,False
CB1,400,ok,bioemu_refine,2.2638772666440397,2.375447568589504,3.1331071853637695,3.0972506999969482,2.023384393567615,False
CB1,500,ok,bioemu_refine,2.9589637777079996,2.250817508458196,3.0734305381774902,2.9896469116210938,2.023384393567615,False
CB1,600,ok,bioemu_refine,2.25228418957631,2.41249960033256,3.3078501224517822,3.3060903549194336,2.023384393567615,False
CB1,700,ok,bioemu_refine,2.1054600306739095,2.3853404727931835,3.0316691398620605,3.008500099182129,2.023384393567615,False
CB1,800,ok,bioemu_refine,1.9455835328643403,2.099387639748755,2.7900609970092773,2.7543084621429443,2.023384393567615,False
CB1,900,ok,bioemu_refine,3.0849218915836705,2.284731983000082,3.2386860847473145,3.1806581020355225,2.023384393567615,False
CB1,1000,ok,bioemu_refine,1.8806768076185765,2.0149123240438986,2.9773833751678467,2.9869065284729004,2.023384393567615,False
CB1,1100,ok,bioemu_refine,2.434414242622345,2.433539318747702,3.133350133895874,3.114687204360962,2.023384393567615,False
CB1,1200,ok,bioemu_refine,2.3873533321095595,2.430019810621399,3.130523920059204,3.11010479927063,2.023384393567615,False
CB1,1300,ok,bioemu_refine,2.899097986970018,2.3443402864614815,3.4347879886627197,3.37493634223938,2.023384393567615,False
CB1,1400,ok,bioemu_refine,2.1746882923754947,2.417891991573009,2.887680768966675,2.824150562286377,2.023384393567615,False
CB1,1500,ok,bioemu_refine,2.3073119771851367,2.4042486400045964,3.3942205905914307,3.329890012741089,2.023384393567615,False
CB1,1600,ok,bioemu_refine,2.7993963815834095,2.4467677961073733,3.127505302429199,3.0454254150390625,2.023384393567615,False
CB1,1700,ok,bioemu_refine,2.097486745251663,2.1908624991957453,2.702031373977661,2.7039740085601807,2.023384393567615,False
CB1,1800,ok,bioemu_refine,2.280949306169938,2.424926430962348,3.2570607662200928,3.2081003189086914,2.023384393567615,False
CB1,1900,ok,bioemu_refine,2.6105025937354487,2.3867858364042527,3.812593936920166,3.7622783184051514,2.023384393567615,False
CB1,2000,ok,bioemu_refine,3.21371466090129,2.325168426432924,3.357151985168457,3.3277103900909424,2.023384393567615,False
CB1,2100,ok,bioemu_refine,2.488665270930347,2.4111216353540987,3.440429449081421,3.37395977973938,2.023384393567615,False
CB1,2200,ok,bioemu_refine,2.441609507597992,2.2685734563195465,2.765275239944458,2.710545539855957,2.023384393567615,False
CB1,2300,ok,bioemu_refine,2.5839690516634692,2.4573591870980778,3.2707128524780273,3.2071633338928223,2.023384393567615,False
CB1,2400,ok,bioemu_refine,2.3563040273962983,2.9025090702026994,3.0625643730163574,3.0251779556274414,2.023384393567615,False
CB1,2500,ok,bioemu_refine,2.038805009269707,2.0540554564482174,2.600403308868408,2.5567073822021484,2.023384393567615,False
CB1,2600,ok,bioemu_refine,2.333065206774682,2.163258784513064,3.6301844120025635,3.5941295623779297,2.023384393567615,False
CB1,2700,ok,bioemu_refine,2.8060098685199835,2.5235578602561266,3.349763870239258,3.293555498123169,2.023384393567615,False
CB1,2800,ok,bioemu_refine,1.924120254555284,2.0085623479897605,2.917837381362915,2.931260108947754,2.023384393567615,False
CB1,2900,ok,bioemu_refine,2.721545688961404,2.5300974424412646,3.41707706451416,3.347872734069824,2.023384393567615,False
KRAS,0,ok,bioemu_refine,4.118827325451802,3.858945913302855,2.423668146133423,2.3417818546295166,3.742426159251105,False
KRAS,100,ok,bioemu_refine,3.0554288263669798,3.2611933554405166,1.4609580039978027,1.796187162399292,3.742426159251105,False
KRAS,200,ok,bioemu_refine,3.690331492724871,3.4745008882679476,1.5838916301727295,1.9256712198257446,3.742426159251105,True
KRAS,300,ok,bioemu_refine,3.8747299928719565,4.5235556906923815,2.6997392177581787,2.8429622650146484,3.742426159251105,False
KRAS,400,ok,bioemu_refine,3.2416922540100384,4.895224552259102,1.6034059524536133,1.8364605903625488,3.742426159251105,False
KRAS,500,ok,bioemu_refine,3.760886916662932,4.918587702813559,2.713700294494629,3.4139657020568848,3.742426159251105,False
KRAS,600,ok,bioemu_refine,3.610031474795831,3.940148301942104,2.0412757396698,2.463587760925293,3.742426159251105,False
KRAS,700,ok,bioemu_refine,5.091007803464401,5.845326054742817,3.584186315536499,3.786163091659546,3.742426159251105,False
KRAS,800,ok,bioemu_refine,3.996638262157847,5.641819201407219,3.8866801261901855,4.222264766693115,3.742426159251105,False
KRAS,900,ok,bioemu_refine,4.047951430831837,5.612393360446508,2.501871109008789,2.9578917026519775,3.742426159251105,False
KRAS,1000,ok,bioemu_refine,3.1617184803158396,3.628887909517976,1.6846998929977417,2.097165584564209,3.742426159251105,False
KRAS,1100,ok,bioemu_refine,3.5785224403361924,4.0850610954746385,3.4982964992523193,3.597349166870117,3.742426159251105,False
KRAS,1200,ok,bioemu_refine,3.5266574192323676,2.923603723022981,1.5739495754241943,1.8874726295471191,3.742426159251105,True
KRAS,1300,ok,bioemu_refine,3.6825788705237446,4.513656564200504,2.0709033012390137,2.2091164588928223,3.742426159251105,False
KRAS,1400,ok,bioemu_refine,3.223493296683258,4.1288208859451485,2.1292567253112793,2.556199550628662,3.742426159251105,False
KRAS,1500,ok,bioemu_refine,4.58419413507797,4.597937262997899,1.8589640855789185,2.1492481231689453,3.742426159251105,False
KRAS,1600,ok,bioemu_refine,3.3449478263530996,5.113848112169442,2.465080738067627,2.8222334384918213,3.742426159251105,False
KRAS,1700,ok,bioemu_refine,3.5420584920438447,3.8777015347207855,1.4830247163772583,1.950102686882019,3.742426159251105,False
KRAS,1800,ok,bioemu_refine,2.762457388547466,3.707169653798031,2.108800172805786,2.5879786014556885,3.742426159251105,False
KRAS,1900,ok,bioemu_refine,4.46588383554652,4.794662750202758,1.522132158279419,1.6807746887207031,3.742426159251105,False
KRAS,2000,ok,bioemu_refine,3.4172850839463345,4.620472260401357,2.213050603866577,2.620673656463623,3.742426159251105,False
KRAS,2100,ok,bioemu_refine,3.034802748378585,4.724633540380939,2.003089666366577,2.6190743446350098,3.742426159251105,False
KRAS,2200,ok,bioemu_refine,5.172897378709345,5.042304949903749,2.3337104320526123,2.214324712753296,3.742426159251105,False
KRAS,2300,ok,bioemu_refine,6.689148922930556,6.694248656174763,2.981745481491089,3.2284693717956543,3.742426159251105,False
KRAS,2400,ok,bioemu_refine,3.9841097705785566,4.768471468842661,1.904694676399231,2.3056082725524902,3.742426159251105,False
KRAS,2500,ok,bioemu_refine,4.672882550761802,6.496247825589423,4.66444730758667,4.994441032409668,3.742426159251105,False
KRAS,2600,ok,bioemu_refine,6.146283180260394,6.676148538348967,2.3720035552978516,2.5301318168640137,3.742426159251105,False
KRAS,2700,ok,bioemu_refine,3.256636933895321,4.303811447699179,2.10444974899292,2.608030319213867,3.742426159251105,False
KRAS,2800,ok,bioemu_refine,3.343171381324931,3.78692424289991,2.3539631366729736,2.6270687580108643,3.742426159251105,False
KRAS,2900,ok,bioemu_refine,3.138760158271114,3.5050009684429035,2.2023842334747314,2.6009695529937744,3.742426159251105,False
cAbl,0,ok,bioemu_refine,4.103339855770645,4.792377493971659,3.903944730758667,3.6465768814086914,3.4458517805005147,False
cAbl,100,ok,bioemu_refine,3.7139280278194216,4.585955272760249,3.8460702896118164,3.689260482788086,3.4458517805005147,False
cAbl,200,ok,bioemu_refine,3.7491761375858568,4.750552099125902,3.9035229682922363,3.7046360969543457,3.4458517805005147,False
cAbl,300,ok,bioemu_refine,3.595259440667561,4.494870921504743,3.76151967048645,3.579554557800293,3.4458517805005147,False
cAbl,400,ok,bioemu_refine,5.796272286610108,6.1503232606436855,4.294275760650635,3.8062708377838135,3.4458517805005147,False
cAbl,500,ok,bioemu_refine,4.033679321817991,4.831032294685687,4.1029157638549805,3.8943943977355957,3.4458517805005147,False
cAbl,600,ok,bioemu_refine,3.8591995544960698,4.612591732132131,3.8941426277160645,3.76039719581604,3.4458517805005147,False
cAbl,700,ok,bioemu_refine,2.0839069212630483,3.480764794982786,3.447049856185913,3.324446439743042,3.4458517805005147,False
cAbl,800,ok,bioemu_refine,3.6938661840698015,4.633243354966912,3.799412965774536,3.570042610168457,3.4458517805005147,False
cAbl,900,ok,bioemu_refine,3.874012492600368,4.699497454029434,3.953434467315674,3.769693613052368,3.4458517805005147,False
cAbl,1000,ok,bioemu_refine,3.998752129355161,4.584716109188055,4.388394355773926,4.02232027053833,3.4458517805005147,False
cAbl,1100,ok,bioemu_refine,4.024264876633423,3.791540232603394,3.880913734436035,3.8796262741088867,3.4458517805005147,False
cAbl,1200,ok,bioemu_refine,4.02679950442795,4.806829237246262,3.965402126312256,3.6834001541137695,3.4458517805005147,False
cAbl,1300,ok,bioemu_refine,3.6190347709788058,4.484821561532966,3.8239362239837646,3.6569273471832275,3.4458517805005147,False
cAbl,1400,ok,bioemu_refine,3.725102448573946,4.384361263956332,3.8806190490722656,3.550743341445923,3.4458517805005147,False
cAbl,1500,ok,bioemu_refine,4.004887684098664,4.429977784241025,3.9110190868377686,3.7277591228485107,3.4458517805005147,False
cAbl,1600,ok,bioemu_refine,3.83338961174726,4.72526644670337,3.726783037185669,3.578624963760376,3.4458517805005147,False
cAbl,1700,ok,bioemu_refine,3.463558404986592,4.16360366569723,3.781351327896118,3.5606977939605713,3.4458517805005147,False
cAbl,1800,ok,bioemu_refine,3.2148511191773164,4.089294123655529,3.855158805847168,3.60695743560791,3.4458517805005147,False
HIF2alpha,0,ok,bioemu_refine,3.5305729069663983,3.3063247989493503,1.7539026737213135,1.6293104887008667,1.86542516135414,False
HIF2alpha,100,ok,bioemu_refine,2.360812638310227,1.482962256174988,0.7429589033126831,0.6778891086578369,1.86542516135414,True
HIF2alpha,200,ok,bioemu_refine,2.998082996638169,2.660489338295755,0.6993105411529541,0.6262326240539551,1.86542516135414,False
HIF2alpha,300,ok,bioemu_refine,1.905231363481637,0.6262218611658802,0.8025586009025574,0.7521242499351501,1.86542516135414,True
HIF2alpha,400,ok,bioemu_refine,3.9591299493514023,3.61137774208561,1.8408362865447998,1.7482072114944458,1.86542516135414,False
HIF2alpha,500,ok,bioemu_refine,2.525505318347835,2.17369387641392,0.5239516496658325,0.48188936710357666,1.86542516135414,False
HIF2alpha,600,ok,bioemu_refine,2.870786961594825,2.3592076301858644,0.6272417902946472,0.5532688498497009,1.86542516135414,False
HIF2alpha,700,ok,bioemu_refine,1.9174363898875855,1.4495543633695103,0.49819841980934143,0.4377479553222656,1.86542516135414,True
HIF2alpha,800,ok,bioemu_refine,2.136487360545838,1.6692531543099018,0.9358223080635071,0.9080186486244202,1.86542516135414,True
HIF2alpha,900,ok,bioemu_refine,1.9449216968428777,1.1553040148659313,0.6716319918632507,0.636675238609314,1.86542516135414,True
HIF2alpha,1000,ok,bioemu_refine,2.680140193543019,2.4592291498298575,1.328787088394165,1.2877105474472046,1.86542516135414,False
HIF2alpha,1100,ok,bioemu_refine,2.3774684826900843,1.4837896430984505,0.6100371479988098,0.5112776160240173,1.86542516135414,True
HIF2alpha,1200,ok,bioemu_refine,2.158320810092645,1.3936042257045131,1.3105536699295044,1.2997033596038818,1.86542516135414,True
HIF2alpha,1300,ok,bioemu_refine,2.9623322837773074,2.380358890860815,1.4872055053710938,1.4354701042175293,1.86542516135414,False
HIF2alpha,1400,ok,bioemu_refine,1.9301465955983617,1.4951761883157602,0.6216598749160767,0.6511172652244568,1.86542516135414,True
HIF2alpha,1500,ok,bioemu_refine,1.993972636740062,1.0933824799703147,0.7217458486557007,0.5595586895942688,1.86542516135414,True
HIF2alpha,1600,ok,bioemu_refine,2.718402124123495,2.302613946628862,0.6526545286178589,0.45747455954551697,1.86542516135414,False
HIF2alpha,1700,ok,bioemu_refine,4.219751410291116,3.981298890637892,1.9363713264465332,2.030412435531616,1.86542516135414,False
HIF2alpha,1800,ok,bioemu_refine,2.0740844402104646,1.6911653812626997,1.145762324333191,1.1214510202407837,1.86542516135414,True
HIF2alpha,1900,ok,bioemu_refine,2.149214343256708,1.270692160847983,1.0026975870132446,0.9529250264167786,1.86542516135414,True
HIF2alpha,2000,ok,bioemu_refine,2.111283406817135,1.6534555721214563,0.8708635568618774,0.7179341316223145,1.86542516135414,True
HIF2alpha,2100,ok,bioemu_refine,3.5647303866195457,2.9002243159857373,1.5477654933929443,1.3434652090072632,1.86542516135414,False
HIF2alpha,2200,ok,bioemu_refine,2.7371661566664716,1.7146846588341733,1.1039047241210938,1.1589124202728271,1.86542516135414,True
HIF2alpha,2300,ok,bioemu_refine,2.172870605994888,1.2547984106803192,0.7899167537689209,0.6360095739364624,1.86542516135414,True
HIF2alpha,2400,ok,bioemu_refine,2.2048290747637123,1.2359792850984783,1.1554276943206787,1.0934358835220337,1.86542516135414,True
HIF2alpha,2500,ok,bioemu_refine,2.297614223005499,1.999776668795035,0.4707573652267456,0.5721247792243958,1.86542516135414,False
HIF2alpha,2600,ok,bioemu_refine,1.64086093719858,1.3201919691257413,0.4374626576900482,0.4357151687145233,1.86542516135414,True
HIF2alpha,2700,ok,bioemu_refine,2.2492214904676593,1.426178731338513,0.5323850512504578,0.44243788719177246,1.86542516135414,True
HIF2alpha,2800,ok,bioemu_refine,2.7037336758133383,2.494878099785255,0.6625531911849976,0.5046720504760742,1.86542516135414,False
HIV_RT,0,ok,bioemu_refine,3.15371778265451,3.890141851214324,1.2314115762710571,1.2742698192596436,3.055562157269878,False
HIV_RT,100,ok,bioemu_refine,3.185188561413421,3.8085466351949226,1.2248058319091797,1.2320722341537476,3.055562157269878,False
HIV_RT,200,ok,bioemu_refine,3.024353542055192,3.8702211528485986,1.0884898900985718,1.3387428522109985,3.055562157269878,False
HIV_RT,300,ok,bioemu_refine,3.335047199508818,3.5857493146042643,1.218013048171997,1.3037018775939941,3.055562157269878,False
HIV_RT,400,ok,bioemu_refine,3.254054556411216,4.001462343602075,1.2110369205474854,1.3183314800262451,3.055562157269878,False
HIV_RT,500,ok,bioemu_refine,3.003568382929911,3.9614219903755292,1.1062180995941162,1.4205373525619507,3.055562157269878,False
HIV_RT,600,ok,bioemu_refine,3.2112031291472323,3.778101079726997,1.2100551128387451,1.1994205713272095,3.055562157269878,False
HIV_RT,700,ok,bioemu_refine,3.130464486622458,3.9315496846106766,1.130489468574524,1.327095627784729,3.055562157269878,False
HIV_RT,800,ok,bioemu_refine,3.384170889209857,3.5892686734723744,1.1590605974197388,1.3581706285476685,3.055562157269878,False
HIV_RT,900,ok,bioemu_refine,3.1979754811473535,3.601528015518485,1.091841220855713,1.3581241369247437,3.055562157269878,False
HIV_RT,1000,ok,bioemu_refine,3.2795634125363966,3.6783162370149953,1.1129488945007324,1.4050287008285522,3.055562157269878,False
HIV_RT,1100,ok,bioemu_refine,3.096061517324834,3.9495499580739537,1.184990644454956,1.4265437126159668,3.055562157269878,False
HIV_RT,1200,ok,bioemu_refine,3.3883353051878125,3.6527737181475186,1.1598246097564697,1.2496625185012817,3.055562157269878,False
HIV_RT,1300,ok,bioemu_refine,3.3140530172854,4.085830240810367,1.3095195293426514,1.4072034358978271,3.055562157269878,False
HIV_RT,1400,ok,bioemu_refine,2.9993984528068607,3.834751460793111,1.0631701946258545,1.3748772144317627,3.055562157269878,False
HIV_RT,1500,ok,bioemu_refine,3.2816135611035353,3.617707168801202,1.1508333683013916,1.3548452854156494,3.055562157269878,False
HIV_RT,1600,ok,bioemu_refine,3.209738780929033,3.524961962922542,1.020149827003479,1.3474684953689575,3.055562157269878,False
HIV_RT,1700,ok,bioemu_refine,3.0752733574969056,3.8789602659643347,1.0826088190078735,1.3634302616119385,3.055562157269878,False
HIV_RT,1800,ok,bioemu_refine,3.4043309536671003,3.547829313111078,1.2751458883285522,1.2429119348526,3.055562157269878,False
HIV_RT,1900,ok,bioemu_refine,3.131777793818379,3.883227215770498,1.2930757999420166,1.2522422075271606,3.055562157269878,False
HIV_RT,2000,ok,bioemu_refine,3.120858640710808,3.9297456298981426,1.1454105377197266,1.4032496213912964,3.055562157269878,False
HIV_RT,2100,ok,bioemu_refine,3.044565802038029,3.8823446192634097,1.1634663343429565,1.3479504585266113,3.055562157269878,False
HIV_RT,2200,ok,bioemu_refine,3.1010675653914563,3.9261565041423823,1.1285423040390015,1.369038462638855,3.055562157269878,False
HIV_RT,2300,ok,bioemu_refine,3.288920164864647,3.6093702451594556,1.1439850330352783,1.35463547706604,3.055562157269878,False
HIV_RT,2400,ok,bioemu_refine,16.13752263723764,16.349141427012114,11.999070167541504,12.103607177734375,3.055562157269878,False
HIV_RT,2500,ok,bioemu_refine,3.2840900395837758,4.080024937799832,1.41364586353302,1.5207875967025757,3.055562157269878,False
HIV1_CA,0,ok,bioemu_refine,2.0812993674776306,2.398746919226334,0.36590421199798584,0.46478140354156494,1.3207135415934947,False
HIV1_CA,100,ok,bioemu_refine,2.204704421942943,1.9324291279748371,0.3838028907775879,0.44384267926216125,1.3207135415934947,False
HIV1_CA,200,ok,bioemu_refine,2.5923540273027372,2.4710440834744793,0.554320216178894,0.6853309869766235,1.3207135415934947,False
HIV1_CA,300,ok,bioemu_refine,2.6962967063141177,2.450956148513868,0.340719610452652,0.37705016136169434,1.3207135415934947,False
HIV1_CA,400,ok,bioemu_refine,1.843908141514778,1.288120652673254,0.3499163091182709,0.339985728263855,1.3207135415934947,True
HIV1_CA,500,ok,bioemu_refine,2.7738836034148067,2.701153555074153,4.2194037437438965,4.279805660247803,1.3207135415934947,False
HIV1_CA,600,ok,bioemu_refine,2.7707111838432543,2.4500028121482296,0.41861942410469055,0.5341302752494812,1.3207135415934947,False
HIV1_CA,700,ok,bioemu_refine,1.8747808116377171,1.3222146161356618,0.4904651641845703,0.5059182047843933,1.3207135415934947,False
HIV1_CA,800,ok,bioemu_refine,2.2143782885879317,1.876975311772702,1.0736467838287354,1.1588917970657349,1.3207135415934947,False
HIV1_CA,900,ok,bioemu_refine,2.3483549867077973,1.9582764908136618,0.46501800417900085,0.535976231098175,1.3207135415934947,False
HIV1_CA,1000,ok,bioemu_refine,1.7960872858547035,1.2676429098482598,0.35279756784439087,0.38750094175338745,1.3207135415934947,True
HIV1_CA,1100,ok,bioemu_refine,2.207933695638036,2.456541583026854,0.43024373054504395,0.508461058139801,1.3207135415934947,False
HIV1_CA,1200,ok,bioemu_refine,2.7687724774407205,2.5253822540907604,0.3893040716648102,0.43608278036117554,1.3207135415934947,False
HIV1_CA,1300,ok,bioemu_refine,2.7749971162553835,2.4338406647940944,0.4021555781364441,0.35359716415405273,1.3207135415934947,False
HIV1_CA,1400,ok,bioemu_refine,1.476920244317874,0.943258037437744,0.3307674825191498,0.4057224690914154,1.3207135415934947,True
HIV1_CA,1500,ok,bioemu_refine,2.059725246768765,1.4390647959037928,0.7872133255004883,0.7977077960968018,1.3207135415934947,False
HIV1_CA,1600,ok,bioemu_refine,2.046911444756126,1.6112461672917262,0.38247546553611755,0.35573312640190125,1.3207135415934947,False
HIV1_CA,1700,ok,bioemu_refine,2.7112916097676796,2.477702159706575,0.45794418454170227,0.5152429938316345,1.3207135415934947,False
HIV1_CA,1800,ok,bioemu_refine,1.2588065716446708,1.8805432360402259,0.4194760024547577,0.503554105758667,1.3207135415934947,False
HIV1_CA,1900,ok,bioemu_refine,2.6293368970087236,2.3463715536056915,0.3602612614631653,0.3933270275592804,1.3207135415934947,False
HIV1_CA,2000,ok,bioemu_refine,1.9664370963165687,1.4193117468300156,0.5191890001296997,0.5948103666305542,1.3207135415934947,False
HIV1_CA,2100,ok,bioemu_refine,1.8458981975470548,1.2413179885156211,0.4912547171115875,0.536410927772522,1.3207135415934947,True
HIV1_CA,2200,ok,bioemu_refine,2.1829424231506582,2.5114923602235297,0.4263976216316223,0.47976285219192505,1.3207135415934947,False
HIV1_CA,2300,ok,bioemu_refine,1.737136887038759,1.2335851747261606,0.38510942459106445,0.3923706114292145,1.3207135415934947,True
HIV1_CA,2400,ok,bioemu_refine,1.9405267276613307,2.185738790050006,0.4442266821861267,0.400531530380249,1.3207135415934947,False
HIV1_CA,2500,ok,bioemu_refine,1.7586035335537327,1.2832320061847402,0.376363068819046,0.3786175549030304,1.3207135415934947,True
HIV1_CA,2600,ok,bioemu_refine,1.719105508431167,1.1563026141318722,0.3651185631752014,0.48658981919288635,1.3207135415934947,True
HIV1_CA,2700,ok,bioemu_refine,0.7976729277202856,1.2208228673909456,0.338270902633667,0.42042815685272217,1.3207135415934947,False
Menin,0,ok,bioemu_refine,1.8663971251421063,2.1393510708532286,1.6153086423873901,1.5646263360977173,1.2468617606125678,False
Menin,100,ok,bioemu_refine,1.6192910365045023,1.7413958733976649,1.715147852897644,1.6882996559143066,1.2468617606125678,False
Menin,200,ok,bioemu_refine,3.97678478563738,4.303734651758419,3.9225614070892334,3.9327690601348877,1.2468617606125678,False
Menin,300,ok,bioemu_refine,1.4039168606348122,1.4945516183106295,0.710632860660553,0.6787021160125732,1.2468617606125678,False
Menin,400,ok,bioemu_refine,1.4810594808892816,1.2427625084322413,1.0147451162338257,1.1595790386199951,1.2468617606125678,True
Menin,500,ok,bioemu_refine,1.5887554903892074,1.6375104332993415,1.2400425672531128,1.174296498298645,1.2468617606125678,False
Menin,600,ok,bioemu_refine,1.245943967018643,1.6301178819717683,0.928251326084137,0.9970438480377197,1.2468617606125678,False
Menin,700,ok,bioemu_refine,1.2828134505576694,1.4859473124218525,0.9183810949325562,0.8380491137504578,1.2468617606125678,False
Menin,800,ok,bioemu_refine,2.959715456266856,3.0641296904175377,1.145821213722229,1.1996474266052246,1.2468617606125678,False
Menin,900,ok,bioemu_refine,1.489240555563527,1.4374163601862129,0.6681008338928223,0.6545456647872925,1.2468617606125678,False
Menin,1000,ok,bioemu_refine,1.325553661221014,1.3182902654898558,0.9087597131729126,0.8523324131965637,1.2468617606125678,False
Menin,1100,ok,bioemu_refine,2.330830134884179,1.9275759666626908,0.8563520908355713,0.826030433177948,1.2468617606125678,False
Menin,1200,ok,bioemu_refine,1.778993482297952,2.0646153268284513,1.4530140161514282,1.5066916942596436,1.2468617606125678,False
Menin,1300,ok,bioemu_refine,1.6140219816176302,1.932555342032979,1.250691294670105,1.2882792949676514,1.2468617606125678,False
Menin,1400,ok,bioemu_refine,2.615184302775459,2.545755797743573,1.7003520727157593,1.6794297695159912,1.2468617606125678,False
Menin,1500,ok,bioemu_refine,4.780391469018719,5.094556782912369,4.6280741691589355,4.668415546417236,1.2468617606125678,False
Menin,1600,ok,bioemu_refine,1.9847879676624538,1.853053012112239,1.6566848754882812,1.5632574558258057,1.2468617606125678,False
Menin,1700,ok,bioemu_refine,1.809708140369455,1.9867372768854747,1.3922104835510254,1.3195126056671143,1.2468617606125678,False
Menin,1800,ok,bioemu_refine,1.4276467424216708,1.390982249801447,1.5296058654785156,1.5085160732269287,1.2468617606125678,False
Menin,1900,ok,bioemu_refine,1.4646493899434931,1.4413317693288337,1.2576042413711548,1.1931135654449463,1.2468617606125678,False
Menin,2000,ok,bioemu_refine,1.8966690906095898,1.626585230175232,1.12857985496521,0.9099233746528625,1.2468617606125678,False
Menin,2100,ok,bioemu_refine,1.648834464997277,1.3804901139855676,1.540255069732666,1.4685165882110596,1.2468617606125678,False
GCGR,0,ok,bioemu_refine,4.651594663442316,5.523901737636164,27.040531158447266,28.438148498535156,5.701045356786475,False
GCGR,100,ok,bioemu_refine,4.702631093969528,5.509401349260543,26.21691131591797,27.596572875976562,5.701045356786475,False
GCGR,200,ok,bioemu_refine,4.541049844529717,5.419617730012755,26.249019622802734,27.5260009765625,5.701045356786475,False
GCGR,300,ok,bioemu_refine,4.403579625050433,5.162903269006929,26.322420120239258,27.581161499023438,5.701045356786475,False
GCGR,400,ok,bioemu_refine,4.923463232190773,5.192130289355942,26.685914993286133,27.901500701904297,5.701045356786475,False
GCGR,500,ok,bioemu_refine,4.482291415391438,5.270986591786876,26.243982315063477,27.57063102722168,5.701045356786475,False
GCGR,600,ok,bioemu_refine,4.510576878701031,5.509553990880847,28.450101852416992,29.370691299438477,5.701045356786475,False
GCGR,700,ok,bioemu_refine,5.199415055933503,5.815302118811973,24.93633460998535,26.70698356628418,5.701045356786475,False
GCGR,800,ok,bioemu_refine,4.399409070045444,5.244445690224356,25.94135093688965,27.150163650512695,5.701045356786475,False
GCGR,900,ok,bioemu_refine,4.702332307644013,5.454269012560132,26.30051040649414,27.6079158782959,5.701045356786475,False
GCGR,1000,ok,bioemu_refine,4.358881920380076,5.847797935526144,29.85360336303711,31.287721633911133,5.701045356786475,False
GCGR,1100,ok,bioemu_refine,4.372955180141285,5.024495081651261,25.82032585144043,27.015361785888672,5.701045356786475,False
GCGR,1200,ok,bioemu_refine,4.728324943982151,5.584963474290432,29.769838333129883,31.21956443786621,5.701045356786475,False
GCGR,1300,ok,bioemu_refine,4.409857078589621,5.068088363514537,26.7956485748291,27.864513397216797,5.701045356786475,False
GCGR,1400,ok,bioemu_refine,4.732950460968547,5.687047467086651,28.573453903198242,30.162858963012695,5.701045356786475,False
GCGR,1500,ok,bioemu_refine,4.38490541275459,4.9536580284331775,26.746816635131836,28.148326873779297,5.701045356786475,False
GCGR,1600,ok,bioemu_refine,4.589125353907914,5.117482268018988,24.79593276977539,26.576921463012695,5.701045356786475,False
GCGR,1700,ok,bioemu_refine,4.563612951796203,5.051831263769149,27.470123291015625,28.869617462158203,5.701045356786475,False
GCGR,1800,ok,bioemu_refine,4.298179412161794,5.270126547565849,26.132112503051758,27.208799362182617,5.701045356786475,False
GCGR,1900,ok,bioemu_refine,4.769408209554595,5.795700909133148,26.346229553222656,27.772668838500977,5.701045356786475,False
GCGR,2000,ok,bioemu_refine,4.572430997425473,5.425155588195414,26.528057098388672,27.799827575683594,5.701045356786475,False
GCGR,2100,ok,bioemu_refine,4.3471769115759145,5.430263276356666,26.888870239257812,27.86456298828125,5.701045356786475,False
GCGR,2200,ok,bioemu_refine,4.959031336698986,5.198832399245486,26.68017578125,27.749406814575195,5.701045356786475,False
GCGR,2300,ok,bioemu_refine,4.303107575060519,5.056496618873372,26.38990020751953,27.84421730041504,5.701045356786475,False
THSR,0,ok,bioemu_refine,1.7706847069510394,1.990944658709961,1.0990912914276123,0.9713805913925171,1.616455574028625,False
THSR,100,ok,bioemu_refine,1.8140265649414051,1.4263902280816432,0.9894373416900635,0.9101554155349731,1.616455574028625,True
THSR,200,ok,bioemu_refine,1.7387362936048858,1.8481772203180384,1.2567460536956787,1.216984510421753,1.616455574028625,False
THSR,300,ok,bioemu_refine,4.059063826483155,4.080667327067239,3.0331029891967773,3.0684680938720703,1.616455574028625,False
THSR,400,ok,bioemu_refine,2.003874498166188,2.450595566540243,1.2539823055267334,1.262162208557129,1.616455574028625,False
THSR,500,ok,bioemu_refine,5.138349827413536,5.638606845916807,2.4418609142303467,2.5328426361083984,1.616455574028625,False
THSR,600,ok,bioemu_refine,1.860923153811838,1.8853810819441834,0.9919503927230835,0.9933675527572632,1.616455574028625,False
THSR,700,ok,bioemu_refine,1.9269625315933574,2.6547899286875767,1.0443918704986572,1.0470349788665771,1.616455574028625,False
THSR,800,ok,bioemu_refine,1.973830933147285,1.8488566195338263,1.0385762453079224,1.060512661933899,1.616455574028625,False
THSR,900,ok,bioemu_refine,1.4649441238313978,1.323070545670227,0.8623762130737305,0.9591396450996399,1.616455574028625,True
THSR,1000,ok,bioemu_refine,2.381787630424802,2.319588917967645,1.2261313199996948,1.236484169960022,1.616455574028625,False
THSR,1100,ok,bioemu_refine,1.525077187219103,1.459236786007544,0.8618871569633484,0.8431823253631592,1.616455574028625,True
THSR,1200,ok,bioemu_refine,5.47121589037213,6.26263737804349,3.132486343383789,3.2036542892456055,1.616455574028625,False
THSR,1300,ok,bioemu_refine,1.8226618416105382,2.487936266771977,1.160272479057312,1.1532262563705444,1.616455574028625,False
THSR,1400,ok,bioemu_refine,1.7803342784592495,1.9399303625607944,1.207826018333435,1.1997956037521362,1.616455574028625,False
THSR,1500,ok,bioemu_refine,1.9368454116890739,2.1155538963618605,0.824033260345459,0.8355062007904053,1.616455574028625,False
THSR,1600,ok,bioemu_refine,2.032921119082151,2.7410292739331235,1.2437150478363037,1.3047093152999878,1.616455574028625,False
THSR,1700,ok,bioemu_refine,1.5569906085220973,1.8388301423267581,0.8819761276245117,0.8948723077774048,1.616455574028625,False
THSR,1800,ok,bioemu_refine,2.1227503184229053,2.0814646766948357,0.8145161271095276,0.76910799741745,1.616455574028625,False
THSR,1900,ok,bioemu_refine,1.9658918178107962,1.5128421651860682,0.8545985817909241,0.8662059903144836,1.616455574028625,True
THSR,2000,ok,bioemu_refine,1.551962539733023,1.986002044961747,0.8547723889350891,0.8925800919532776,1.616455574028625,False
THSR,2100,ok,bioemu_refine,1.535027129748293,2.058684723127883,0.9486182928085327,0.9677827954292297,1.616455574028625,False
p53_Y220C__4AGQ,0,ok,bioemu_refine,1.5876087507624004,1.050654763800013,2.3690919876098633,2.115817070007324,1.1180275303614244,True
p53_Y220C__4AGQ,100,ok,bioemu_refine,1.555240179603392,1.1957923075763979,0.7658097147941589,0.8451042175292969,1.1180275303614244,False
p53_Y220C__4AGQ,200,ok,bioemu_refine,1.1508707529097442,0.5698676716737904,0.6112398505210876,0.6342069506645203,1.1180275303614244,True
p53_Y220C__4AGQ,300,ok,bioemu_refine,1.5908762778045906,1.4906699339202605,1.125411033630371,0.9038287997245789,1.1180275303614244,False
p53_Y220C__4AGQ,400,ok,bioemu_refine,1.3630512307389373,1.047424627610456,0.7955806851387024,0.8454900979995728,1.1180275303614244,True
p53_Y220C__4AGQ,500,ok,bioemu_refine,1.3984422736912239,1.0101812329025195,1.0634709596633911,1.0653953552246094,1.1180275303614244,True
p53_Y220C__4AGQ,600,ok,bioemu_refine,1.0548270965713942,1.6197553404819107,1.7231528759002686,1.7828785181045532,1.1180275303614244,False
p53_Y220C__4AGQ,700,ok,bioemu_refine,1.8576166785145638,1.6038680969461443,1.9057137966156006,1.9624850749969482,1.1180275303614244,False
p53_Y220C__4AGQ,800,ok,bioemu_refine,1.450842498911443,1.040519111315853,1.5167067050933838,1.5657938718795776,1.1180275303614244,True
p53_Y220C__4AGQ,900,ok,bioemu_refine,1.4764401478148446,1.1790742173236806,1.024383783340454,1.1450437307357788,1.1180275303614244,False
p53_Y220C__4AGQ,1000,ok,bioemu_refine,1.3012672933468763,0.8530030471295011,0.7415561079978943,0.7390684485435486,1.1180275303614244,True
p53_Y220C__4AGQ,1100,ok,bioemu_refine,0.49995480060637654,1.200154162903929,1.0026215314865112,0.9960035085678101,1.1180275303614244,False
p53_Y220C__4AGQ,1200,ok,bioemu_refine,1.1298397049862643,0.17767021422438656,0.9818185567855835,1.103653907775879,1.1180275303614244,True
p53_Y220C__4AGQ,1300,ok,bioemu_refine,1.4314864050845522,2.0095081474229337,1.3979980945587158,1.5543359518051147,1.1180275303614244,False
p53_Y220C__4AGQ,1400,ok,bioemu_refine,0.6293071021077494,1.3901683859850573,1.4687038660049438,1.324743390083313,1.1180275303614244,False
p53_Y220C__4AGQ,1500,ok,bioemu_refine,1.3569695498299645,0.8510325771574997,0.7930548191070557,0.687572717666626,1.1180275303614244,True
p53_Y220C__4AGQ,1600,ok,bioemu_refine,1.9146398090746215,1.7718317289443872,1.8304944038391113,1.8611685037612915,1.1180275303614244,False
p53_Y220C__4AGQ,1700,ok,bioemu_refine,1.4033392921876122,1.9448032817901881,1.6756792068481445,1.8845654726028442,1.1180275303614244,False
p53_Y220C__4AGQ,1800,ok,bioemu_refine,2.0975249204449407,2.0923297025882768,1.6553921699523926,1.5719119310379028,1.1180275303614244,False
p53_Y220C__4AGQ,1900,ok,bioemu_refine,1.124674613762827,0.48338813275339587,1.0064363479614258,1.0710989236831665,1.1180275303614244,True
p53_Y220C__4AGQ,2000,ok,bioemu_refine,1.4771595365621388,1.5607700907821096,1.1321605443954468,1.3191978931427002,1.1180275303614244,False
p53_Y220C__4AGQ,2100,ok,bioemu_refine,2.3005519607431695,2.2872636516604357,1.3612920045852661,1.1272921562194824,1.1180275303614244,False
p53_Y220C__4AGQ,2200,ok,bioemu_refine,2.5418187735409288,2.3750141114697665,1.6896990537643433,1.7525064945220947,1.1180275303614244,False
p53_Y220C__4AGQ,2300,ok,bioemu_refine,1.3456112970496452,0.8982615043798589,0.8142156600952148,0.8988852500915527,1.1180275303614244,True
p53_Y220C__4AGQ,2400,ok,bioemu_refine,1.7725582836191114,1.218557545204787,1.3635565042495728,1.3023215532302856,1.1180275303614244,False
p53_Y220C__4AGQ,2500,ok,bioemu_refine,2.0207549554216584,1.967429827818286,2.174583911895752,2.3510138988494873,1.1180275303614244,False
p53_Y220C__4AGQ,2600,ok,bioemu_refine,1.9063006713707746,1.555473090816708,1.894150733947754,1.6420183181762695,1.1180275303614244,False
HIF2alpha__6D0B,0,ok,bioemu_refine,2.0612820759082684,1.4150764359398877,1.181784749031067,1.1483598947525024,1.6729991744940291,True
HIF2alpha__6D0B,100,ok,bioemu_refine,1.8389481769594047,1.4074658824157649,0.7151525020599365,0.6032850742340088,1.6729991744940291,True
HIF2alpha__6D0B,200,ok,bioemu_refine,2.5902587413075415,2.5305976312438476,0.8532305955886841,0.7430809736251831,1.6729991744940291,False
HIF2alpha__6D0B,300,ok,bioemu_refine,1.8855346356663112,1.067543990406626,0.5998175740242004,0.6356514692306519,1.6729991744940291,True
HIF2alpha__6D0B,400,ok,bioemu_refine,2.3399426725983314,1.6533791824268658,0.576725959777832,0.5914216041564941,1.6729991744940291,True
HIF2alpha__6D0B,500,ok,bioemu_refine,3.2858079043965316,2.9804503780680354,2.0796477794647217,1.936521291732788,1.6729991744940291,False
HIF2alpha__6D0B,600,ok,bioemu_refine,2.3806141809031485,2.536517073911435,0.7542508840560913,0.914740264415741,1.6729991744940291,False
HIF2alpha__6D0B,700,ok,bioemu_refine,5.2067433116133595,5.2198573173130205,1.7679330110549927,1.7615606784820557,1.6729991744940291,False
HIF2alpha__6D0B,800,ok,bioemu_refine,2.031457935707507,1.3152702787450663,0.9659404754638672,0.9310101270675659,1.6729991744940291,True
HIF2alpha__6D0B,900,ok,bioemu_refine,6.280083577771164,6.142436670713724,3.0028610229492188,2.8846731185913086,1.6729991744940291,False
HIF2alpha__6D0B,1000,ok,bioemu_refine,2.4542868093404215,2.4014401033484747,0.6299368143081665,0.633085310459137,1.6729991744940291,False
HIF2alpha__6D0B,1100,ok,bioemu_refine,1.3894900976247453,1.4247199834431525,0.5551952123641968,0.6488000154495239,1.6729991744940291,False
HIF2alpha__6D0B,1200,ok,bioemu_refine,1.5333036571264511,1.0925769245440622,0.4900698959827423,0.5784673690795898,1.6729991744940291,True
HIF2alpha__6D0B,1300,ok,bioemu_refine,2.1747560754292277,2.288758602834205,0.6985868811607361,0.8355796933174133,1.6729991744940291,False
HIF2alpha__6D0B,1400,ok,bioemu_refine,4.076775115172333,3.7452851296436287,1.9328798055648804,1.8247653245925903,1.6729991744940291,False
HIF2alpha__6D0B,1500,ok,bioemu_refine,2.497866474437621,2.256745342936666,0.7186506390571594,0.6473297476768494,1.6729991744940291,False
HIF2alpha__6D0B,1600,ok,bioemu_refine,1.9875356869831595,1.672568386758593,0.8457826375961304,0.8386359214782715,1.6729991744940291,True
HIF2alpha__6D0B,1700,ok,bioemu_refine,1.7380720119773652,2.0477438429928383,0.596103310585022,0.7567003965377808,1.6729991744940291,False
HIF2alpha__6D0B,1800,ok,bioemu_refine,1.580464165156825,1.0424691080318045,0.45462629199028015,0.5169581174850464,1.6729991744940291,True
HIF2alpha__6D0B,1900,ok,bioemu_refine,1.704048729200335,1.2475872560194743,0.7271355390548706,0.687936544418335,1.6729991744940291,True
HIF2alpha__6D0B,2000,ok,bioemu_refine,2.4618622334643243,2.689232513102741,1.0343806743621826,1.0412006378173828,1.6729991744940291,False
HIF2alpha__6D0B,2100,ok,bioemu_refine,2.5365204918898754,2.109179075584649,0.9699714183807373,0.9483310580253601,1.6729991744940291,False
HIF2alpha__6D0B,2200,ok,bioemu_refine,2.111796999782198,1.748741527221786,0.8824057579040527,0.8961949944496155,1.6729991744940291,False
HIF2alpha__6D0B,2300,ok,bioemu_refine,2.150046268634664,1.5606085327852177,0.7229523062705994,0.6467953324317932,1.6729991744940291,True
HIF2alpha__6D0B,2400,ok,bioemu_refine,1.45013245881417,1.3001929558425216,0.6444768905639648,0.7104119658470154,1.6729991744940291,True
HIF2alpha__6D0B,2500,ok,bioemu_refine,1.7864583724273237,1.6271318532264571,0.9538736939430237,0.9283919334411621,1.6729991744940291,True
HIF2alpha__6D0B,2600,ok,bioemu_refine,2.5509250690076217,2.8611586027065465,1.0856373310089111,1.1444761753082275,1.6729991744940291,False
HIF2alpha__6D0B,2700,ok,bioemu_refine,5.59960244902054,5.851528274578647,2.1119565963745117,2.2787487506866455,1.6729991744940291,False
HIF2alpha__6D0B,2800,ok,bioemu_refine,2.0401734722950047,2.023748557578819,1.3287568092346191,1.2932062149047852,1.6729991744940291,False
HIV_RT__3V81,0,ok,bioemu_refine,1.7416184096754685,2.4020688685600975,0.871122419834137,1.3400882482528687,3.0896312117090363,False
HIV_RT__3V81,100,ok,bioemu_refine,1.710847501929647,2.6559940131333244,0.7964717149734497,1.3428875207901,3.0896312117090363,False
HIV_RT__3V81,200,ok,bioemu_refine,1.739650525730899,2.5084682679801547,0.9065808653831482,1.3708420991897583,3.0896312117090363,False
HIV_RT__3V81,300,ok,bioemu_refine,1.3362754124139866,3.022879418085648,0.8942891359329224,1.3563064336776733,3.0896312117090363,False
HIV_RT__3V81,400,ok,bioemu_refine,1.8205967219411383,2.507471637498946,0.7907320857048035,1.2293685674667358,3.0896312117090363,False
HIV_RT__3V81,500,ok,bioemu_refine,1.5709375718664471,2.47071124439901,0.8441797494888306,1.4346041679382324,3.0896312117090363,False
HIV_RT__3V81,600,ok,bioemu_refine,1.746000297819193,2.542622035270834,1.0325186252593994,1.459920883178711,3.0896312117090363,False
HIV_RT__3V81,700,ok,bioemu_refine,2.022067941550765,2.5367534931665,1.0329474210739136,1.3184680938720703,3.0896312117090363,False
HIV_RT__3V81,800,ok,bioemu_refine,2.4618686396200844,2.981785510972139,1.6040458679199219,1.8257554769515991,3.0896312117090363,False
HIV_RT__3V81,900,ok,bioemu_refine,1.2688921787202925,2.9893300457602026,0.9155177474021912,1.379460334777832,3.0896312117090363,False
HIV_RT__3V81,1000,ok,bioemu_refine,1.6424536016276456,2.5414973833428003,0.8015424013137817,1.4189883470535278,3.0896312117090363,False
HIV_RT__3V81,1100,ok,bioemu_refine,1.742873005191056,2.5376774032967893,0.7479853630065918,1.4099819660186768,3.0896312117090363,False
HIV_RT__3V81,1200,ok,bioemu_refine,1.7406938836803005,2.5430166054017422,0.9844459891319275,1.4202425479888916,3.0896312117090363,False
HIV_RT__3V81,1300,ok,bioemu_refine,1.761783343731724,2.5755387408747685,1.0125218629837036,1.2994673252105713,3.0896312117090363,False
HIV_RT__3V81,1400,ok,bioemu_refine,1.6959130298311014,2.4788121394880562,0.8861917853355408,1.374693751335144,3.0896312117090363,False
HIV_RT__3V81,1500,ok,bioemu_refine,1.7342551505736155,2.547817369405037,0.8584725856781006,1.4269449710845947,3.0896312117090363,False
HIV_RT__3V81,1600,ok,bioemu_refine,1.6990325498130496,2.4768884359153276,0.8129984736442566,1.3372726440429688,3.0896312117090363,False
HIV_RT__3V81,1700,ok,bioemu_refine,1.91659362586174,2.4412272613236476,0.9506524205207825,1.2265785932540894,3.0896312117090363,False
HIV_RT__3V81,1800,ok,bioemu_refine,1.76818371039635,2.46769347750901,0.8911280035972595,1.4560341835021973,3.0896312117090363,False
HIV_RT__3V81,1900,ok,bioemu_refine,1.724814301288142,2.4496042466936983,0.8920588493347168,1.4202992916107178,3.0896312117090363,False
HIV_RT__3V81,2000,ok,bioemu_refine,1.7481814560163735,2.64722102159267,0.8621147274971008,1.4607112407684326,3.0896312117090363,False
HIV_RT__3V81,2100,ok,bioemu_refine,1.6976440247023712,2.472672028102934,0.8673979640007019,1.2918694019317627,3.0896312117090363,False
HIV_RT__3V81,2200,ok,bioemu_refine,1.7067920736498627,2.5517945870300323,0.8242735862731934,1.3073060512542725,3.0896312117090363,False
HIV_RT__3V81,2300,ok,bioemu_refine,1.079608651643111,2.909792333945058,0.6824299693107605,1.3271154165267944,3.0896312117090363,False
HIV_RT__3V81,2400,ok,bioemu_refine,1.7630607746089255,2.5662229460433683,1.029571533203125,1.5172897577285767,3.0896312117090363,False
HIV_RT__3V81,2500,ok,bioemu_refine,1.7447192126725104,2.61408214612306,0.9264267683029175,1.3471184968948364,3.0896312117090363,False
THSR__7UTZ,0,ok,bioemu_refine,8.933495519263776,9.87603540737107,3.374229669570923,3.4682466983795166,2.4345552542057787,False
THSR__7UTZ,100,ok,bioemu_refine,1.806546785619366,2.696489820729944,1.0038925409317017,1.1066524982452393,2.4345552542057787,False
THSR__7UTZ,200,ok,bioemu_refine,2.7403279515999377,3.8055011438178177,1.673602819442749,1.7316275835037231,2.4345552542057787,False
THSR__7UTZ,300,ok,bioemu_refine,5.815708729669071,7.053704754003843,2.7030389308929443,2.8291797637939453,2.4345552542057787,False
THSR__7UTZ,400,ok,bioemu_refine,2.553638520810616,2.3087538258080964,0.8373687267303467,0.8663502931594849,2.4345552542057787,True
THSR__7UTZ,500,ok,bioemu_refine,1.9742909735901248,2.1343914123014534,1.2960987091064453,1.3098196983337402,2.4345552542057787,False
THSR__7UTZ,600,ok,bioemu_refine,2.6803965905247216,2.6648338929098183,1.5946673154830933,1.5713618993759155,2.4345552542057787,False
THSR__7UTZ,700,ok,bioemu_refine,2.4588297047740157,1.8036549691098065,1.2137333154678345,1.177937626838684,2.4345552542057787,True
THSR__7UTZ,800,ok,bioemu_refine,2.813375100019943,2.0553392209848447,1.4680625200271606,1.4438505172729492,2.4345552542057787,True
THSR__7UTZ,900,ok,bioemu_refine,1.7715891675893463,2.1842983634003788,0.9548783898353577,0.9389180541038513,2.4345552542057787,False
THSR__7UTZ,1000,ok,bioemu_refine,2.3882795691220466,2.117066207865881,0.9416311979293823,0.983113706111908,2.4345552542057787,True
THSR__7UTZ,1100,ok,bioemu_refine,2.4677626054728923,1.920811552750347,0.8580926060676575,0.8234493732452393,2.4345552542057787,True
THSR__7UTZ,1200,ok,bioemu_refine,2.9149859183099025,1.928635210608492,1.1089229583740234,1.12709379196167,2.4345552542057787,True
THSR__7UTZ,1300,ok,bioemu_refine,2.3082772713193163,2.30060692777009,0.8619531989097595,0.8909744620323181,2.4345552542057787,True
THSR__7UTZ,1400,ok,bioemu_refine,2.704929448657647,1.316169865366307,0.7311621904373169,0.771564245223999,2.4345552542057787,True
THSR__7UTZ,1500,ok,bioemu_refine,3.82119286721845,3.869255585492787,2.6334474086761475,2.713618278503418,2.4345552542057787,False
THSR__7UTZ,1600,ok,bioemu_refine,2.07761398031921,2.9086402459367116,1.5423988103866577,1.6121737957000732,2.4345552542057787,False
THSR__7UTZ,1700,ok,bioemu_refine,17.053502944942377,17.2729329080578,6.661879062652588,6.7891364097595215,2.4345552542057787,False
THSR__7UTZ,1800,ok,bioemu_refine,2.5964535601086083,2.729103600387567,1.2617604732513428,1.3465267419815063,2.4345552542057787,False
THSR__7UTZ,1900,ok,bioemu_refine,7.54761089453309,8.809623086338021,3.276174545288086,3.362212896347046,2.4345552542057787,False
THSR__7UTZ,2000,ok,bioemu_refine,2.5044123140032544,3.1137942111797674,1.421617031097412,1.4748051166534424,2.4345552542057787,False
THSR__7UTZ,2100,ok,bioemu_refine,3.062764095720495,3.1629879392128735,1.7275290489196777,1.8015519380569458,2.4345552542057787,False
Bcl-xL,0,ok,bioemu_refine,4.519254214541442,4.229523376255829,3.1920549869537354,2.9708364009857178,2.505562006849456,False
Bcl-xL,100,ok,bioemu_refine,4.961607131479061,4.888975722011799,2.0540883541107178,2.027768611907959,2.505562006849456,False
Bcl-xL,200,ok,bioemu_refine,3.1536580217354264,3.3270738625905834,1.6249969005584717,1.7192715406417847,2.505562006849456,False
Bcl-xL,300,ok,bioemu_refine,2.4952482357396626,1.8521636788340112,0.8691224455833435,0.9566315412521362,2.505562006849456,True
Bcl-xL,400,ok,bioemu_refine,4.279048002221956,3.359085152067542,1.7834266424179077,1.451137661933899,2.505562006849456,False
Bcl-xL,500,ok,bioemu_refine,4.425713099406871,3.7395646917617853,2.7125539779663086,2.0222654342651367,2.505562006849456,False
Bcl-xL,600,ok,bioemu_refine,4.65735953622323,4.5611334895054565,1.5465203523635864,1.3164312839508057,2.505562006849456,False
Bcl-xL,700,ok,bioemu_refine,2.652346093841269,2.4183067781053156,1.2497978210449219,1.556757926940918,2.505562006849456,True
Bcl-xL,800,ok,bioemu_refine,5.487160368365685,4.976746527339657,2.9473979473114014,2.4439992904663086,2.505562006849456,False
Bcl-xL,900,ok,bioemu_refine,3.36317030209059,3.521360949455013,1.4587604999542236,1.372620940208435,2.505562006849456,False
Bcl-xL,1000,ok,bioemu_refine,4.1790963238919225,4.254486509096895,2.938308000564575,2.6220624446868896,2.505562006849456,False
Bcl-xL,1100,ok,bioemu_refine,3.977294038470368,3.893315422719766,2.5351574420928955,2.647951126098633,2.505562006849456,False
Bcl-xL,1200,ok,bioemu_refine,2.780303316724872,1.8718549551522772,1.1803176403045654,0.8620202541351318,2.505562006849456,True
Bcl-xL,1300,ok,bioemu_refine,3.3973043628862096,2.4747378712706984,2.0688588619232178,1.6603713035583496,2.505562006849456,True
Bcl-xL,1400,ok,bioemu_refine,2.28489679731589,1.4071014673320128,0.7990216612815857,0.7052017450332642,2.505562006849456,True
Bcl-xL,1500,ok,bioemu_refine,3.7427891817601173,4.243581540336236,2.1305313110351562,2.069628953933716,2.505562006849456,False
Bcl-xL,1600,ok,bioemu_refine,5.4974521729454375,5.366316038325148,2.215245485305786,1.9078335762023926,2.505562006849456,False
Bcl-xL,1700,ok,bioemu_refine,2.707938768250011,2.698156489444423,1.3384513854980469,1.0795421600341797,2.505562006849456,False
Bcl-xL,1800,ok,bioemu_refine,4.588941052640977,3.1361264190177622,2.409472942352295,1.6512815952301025,2.505562006849456,False
Bcl-xL,1900,ok,bioemu_refine,2.9629131055777425,2.270018002837923,1.6175380945205688,0.9573309421539307,2.505562006849456,True
Bcl-xL,2000,ok,bioemu_refine,2.230397887659405,1.5880642235589277,1.3029588460922241,0.9877976775169373,2.505562006849456,True
Bcl-xL,2100,ok,bioemu_refine,4.687473217332535,3.4454382077777055,2.715308666229248,2.0676381587982178,2.505562006849456,False
Bcl-xL,2200,ok,bioemu_refine,7.161174733261233,7.077250794517787,3.7686684131622314,3.445991039276123,2.505562006849456,False
Bcl-xL,2300,ok,bioemu_refine,2.6872464569837247,1.8794495864110272,1.431187391281128,0.8603776693344116,2.505562006849456,True
betaLG,0,ok,bioemu_refine,2.9218275744542344,2.8796734757944296,1.8809161186218262,1.8493316173553467,1.3972391993938094,False
betaLG,100,ok,bioemu_refine,1.778761893366686,1.7293344526800225,0.8436274528503418,0.8531493544578552,1.3972391993938094,False
betaLG,200,ok,bioemu_refine,1.7406680355930375,1.9883658793520476,0.8182294368743896,0.8276294469833374,1.3972391993938094,False
betaLG,300,ok,bioemu_refine,1.28992630428282,1.7122309457815588,0.7851585745811462,0.7807900309562683,1.3972391993938094,False
betaLG,400,ok,bioemu_refine,2.0367570499334566,2.2233552290458607,1.0687333345413208,1.1125601530075073,1.3972391993938094,False
betaLG,500,ok,bioemu_refine,2.4121236333602747,2.4042819594987392,1.5154706239700317,1.484148383140564,1.3972391993938094,False
betaLG,600,ok,bioemu_refine,1.7507021440426604,1.6405283535425736,0.7156073451042175,0.7087001800537109,1.3972391993938094,False
betaLG,700,ok,bioemu_refine,1.695292313320018,1.6809926169653955,1.0159591436386108,0.9351733922958374,1.3972391993938094,False
betaLG,800,ok,bioemu_refine,1.710592610191333,1.9200008488014908,0.8786931037902832,0.8261627554893494,1.3972391993938094,False
betaLG,900,ok,bioemu_refine,1.4181706408530108,1.6458789619067076,1.0033773183822632,1.0156959295272827,1.3972391993938094,False
betaLG,1000,ok,bioemu_refine,1.7330634221374437,1.747613997332704,1.2640767097473145,1.2657605409622192,1.3972391993938094,False
betaLG,1100,ok,bioemu_refine,1.5466865741610516,1.4451728599511957,0.7579541802406311,0.7136303782463074,1.3972391993938094,False
betaLG,1200,ok,bioemu_refine,1.6036052228567,1.7392995998352612,0.6940978169441223,0.7062438726425171,1.3972391993938094,False
betaLG,1300,ok,bioemu_refine,2.05704900541787,1.8562523065540149,0.7794172763824463,0.7265657186508179,1.3972391993938094,False
betaLG,1400,ok,bioemu_refine,1.9788501615495737,2.0488543150812326,0.6501576900482178,0.6473756432533264,1.3972391993938094,False
betaLG,1500,ok,bioemu_refine,2.1586805781435077,2.266244505656336,0.9215463995933533,0.8287007212638855,1.3972391993938094,False
betaLG,1600,ok,bioemu_refine,2.1744107547002285,2.0229406871999913,1.2829678058624268,1.2284640073776245,1.3972391993938094,False
betaLG,1700,ok,bioemu_refine,1.3588957405425077,1.4974210458216444,0.5944167375564575,0.5882291197776794,1.3972391993938094,False
betaLG,1800,ok,bioemu_refine,1.7535148343249147,1.5238439419100769,1.108026385307312,1.0590177774429321,1.3972391993938094,False
betaLG,1900,ok,bioemu_refine,1.828283052362027,1.811125935499313,1.0903663635253906,1.0155384540557861,1.3972391993938094,False
betaLG,2000,ok,bioemu_refine,1.5522939673795808,1.8847669321427893,1.032027006149292,1.0483044385910034,1.3972391993938094,False
betaLG,2100,ok,bioemu_refine,1.8820243733123772,1.9615684733612921,0.7476925849914551,0.7770151495933533,1.3972391993938094,False
betaLG,2200,ok,bioemu_refine,2.4374638307501666,2.3396918890468172,1.3349696397781372,1.2547990083694458,1.3972391993938094,False
betaLG,2300,ok,bioemu_refine,1.2288038227785578,1.4790763341285824,0.49170055985450745,0.4822978079319,1.3972391993938094,False
betaLG,2400,ok,bioemu_refine,1.637852348414786,1.9495298089675122,0.6782248616218567,0.6557170152664185,1.3972391993938094,False
betaLG,2500,ok,bioemu_refine,3.240244965925732,3.1212322033810183,1.7828367948532104,1.7717112302780151,1.3972391993938094,False
betaLG,2600,ok,bioemu_refine,1.86979064455623,2.1685964632694374,0.7398223280906677,0.8246878981590271,1.3972391993938094,False
betaLG,2700,ok,bioemu_refine,1.3275541986295973,1.555228553080609,0.7319294214248657,0.7508801221847534,1.3972391993938094,False
betaLG,2800,ok,bioemu_refine,1.3313526701002856,1.5394255133398536,0.7458834648132324,0.7191110253334045,1.3972391993938094,False
NDPK-A,0,ok,bioemu_refine,7.71952088368427,7.679840296116006,6.30993127822876,6.721646785736084,3.4697602388704447,False
NDPK-A,100,ok,bioemu_refine,3.9104067774524744,3.1527587034595435,2.208683967590332,2.4041242599487305,3.4697602388704447,True
NDPK-A,200,ok,bioemu_refine,5.104182994329688,5.2366111775276,3.0903496742248535,3.305541753768921,3.4697602388704447,False
NDPK-A,300,ok,bioemu_refine,5.135350865280784,4.520379334836458,3.210968017578125,3.2639331817626953,3.4697602388704447,False
NDPK-A,400,ok,bioemu_refine,8.117825052282098,6.564592187002186,4.741896629333496,4.177213668823242,3.4697602388704447,False
NDPK-A,500,ok,bioemu_refine,6.272348987609099,6.009271157820721,2.608126163482666,2.88189959526062,3.4697602388704447,False
NDPK-A,600,ok,bioemu_refine,4.34013848173746,6.08597584201188,2.906435012817383,3.871324300765991,3.4697602388704447,False
NDPK-A,700,ok,bioemu_refine,5.300307085995323,5.3286664090294265,3.481637716293335,2.9343128204345703,3.4697602388704447,False
NDPK-A,800,ok,bioemu_refine,4.496927988308546,2.763388175050159,2.247641086578369,1.7956368923187256,3.4697602388704447,True
NDPK-A,900,ok,bioemu_refine,3.4226952022376236,4.695295052151315,3.2958555221557617,3.8793163299560547,3.4697602388704447,False
NDPK-A,1000,ok,bioemu_refine,4.702150532447834,4.34854854262998,3.0156378746032715,2.5533437728881836,3.4697602388704447,False
NDPK-A,1100,ok,bioemu_refine,8.151299294084097,6.892844309055143,5.306667804718018,4.868229389190674,3.4697602388704447,False
NDPK-A,1200,ok,bioemu_refine,3.4936113167654295,3.58452828040388,2.2920775413513184,1.7309763431549072,3.4697602388704447,False
NDPK-A,1300,ok,bioemu_refine,2.9857186790265966,1.437283901181003,1.284471035003662,1.1651027202606201,3.4697602388704447,True
NDPK-A,1400,ok,bioemu_refine,6.263921010941874,6.459702126959889,4.025424003601074,4.518143177032471,3.4697602388704447,False
NDPK-A,1500,ok,bioemu_refine,4.806464735811317,4.219009791148485,4.144543647766113,4.229619979858398,3.4697602388704447,False
NDPK-A,1600,ok,bioemu_refine,3.6635624022875515,3.4867531643147056,1.221536636352539,1.4535603523254395,3.4697602388704447,False
NDPK-A,1700,ok,bioemu_refine,4.898808573616833,3.540067549428065,3.3677799701690674,2.2381911277770996,3.4697602388704447,False
NDPK-A,1800,ok,bioemu_refine,4.722718145441284,4.54767786549982,3.287933349609375,3.3982675075531006,3.4697602388704447,False
NDPK-A,1900,ok,bioemu_refine,4.910339632722875,4.24073868269404,3.0678553581237793,2.828951120376587,3.4697602388704447,False
NDPK-A,2000,ok,bioemu_refine,5.371957801896556,6.175929929892345,1.956472635269165,2.5934109687805176,3.4697602388704447,False
NDPK-A,2100,ok,bioemu_refine,3.3032348903251827,1.7668434087280667,1.6407116651535034,1.4077166318893433,3.4697602388704447,True
NDPK-A,2200,ok,bioemu_refine,5.639370491332758,6.692972087438704,4.3304572105407715,4.898911952972412,3.4697602388704447,False
NDPK-A,2300,ok,bioemu_refine,6.6316722795137135,6.107042669935823,2.6112215518951416,2.4055304527282715,3.4697602388704447,False
NDPK-A,2400,ok,bioemu_refine,4.718475506340204,3.591304706831279,4.059836387634277,4.015142440795898,3.4697602388704447,False
GLTP,0,ok,bioemu_refine,1.5927084066326775,1.6926142522040537,1.2720266580581665,1.2247154712677002,2.1410013181020275,False
GLTP,100,ok,bioemu_refine,3.3011456130698544,3.3171916279234592,3.690971851348877,3.8577628135681152,2.1410013181020275,False
GLTP,200,ok,bioemu_refine,2.153304667031918,2.0730234298788526,1.5078176259994507,1.6185482740402222,2.1410013181020275,True
GLTP,300,ok,bioemu_refine,1.6179152968098036,2.225408212684663,1.1025598049163818,1.6163897514343262,2.1410013181020275,False
GLTP,400,ok,bioemu_refine,1.5134143583541837,2.1223233431469444,1.1005663871765137,1.5025781393051147,2.1410013181020275,False
GLTP,500,ok,bioemu_refine,1.7303169012392274,2.0459552956098634,1.489121913909912,1.802781105041504,2.1410013181020275,False
GLTP,600,ok,bioemu_refine,2.650183514694295,2.1818927810566033,1.909037709236145,1.6740037202835083,2.1410013181020275,False
GLTP,700,ok,bioemu_refine,1.4606493461941565,0.9457175305156537,1.0797096490859985,0.8093046545982361,2.1410013181020275,True
GLTP,800,ok,bioemu_refine,2.6547730068822557,2.766777396313386,3.924631357192993,4.052304744720459,2.1410013181020275,False
GLTP,900,ok,bioemu_refine,2.6329753708714034,2.290888605732834,4.054420471191406,4.036593914031982,2.1410013181020275,False
GLTP,1000,ok,bioemu_refine,1.6164705465590972,2.379665392796098,1.064494252204895,1.777450442314148,2.1410013181020275,False
GLTP,1100,ok,bioemu_refine,1.3239048557296567,1.7711161772139346,0.8026852011680603,1.24685800075531,2.1410013181020275,False
GLTP,1200,ok,bioemu_refine,2.1039975826812696,2.0101906469699915,1.2261161804199219,1.4200955629348755,2.1410013181020275,True
GLTP,1300,ok,bioemu_refine,1.826558440216657,1.9692704991581684,1.0480910539627075,1.3316020965576172,2.1410013181020275,False
GLTP,1400,ok,bioemu_refine,1.2432736328601361,2.9333900403458286,1.0456390380859375,2.1487510204315186,2.1410013181020275,False
GLTP,1500,ok,bioemu_refine,1.641878067321584,2.2678350235871565,3.6924140453338623,3.873378038406372,2.1410013181020275,False
GLTP,1600,ok,bioemu_refine,1.6678107136003453,1.4582438360517338,1.9212076663970947,1.919912338256836,2.1410013181020275,True
GLTP,1700,ok,bioemu_refine,1.9975379633935082,1.4853309608328167,1.8579776287078857,1.7369593381881714,2.1410013181020275,True
GLTP,1800,ok,bioemu_refine,1.7702797989635837,0.8497301800280618,2.3359410762786865,2.0026307106018066,2.1410013181020275,True
GLTP,1900,ok,bioemu_refine,3.2246056974260098,2.4536555563461397,2.002040147781372,1.6287981271743774,2.1410013181020275,False
GLTP,2000,ok,bioemu_refine,1.2253911931307457,1.4909727074021197,1.0235031843185425,1.2030096054077148,2.1410013181020275,False
GLTP,2100,ok,bioemu_refine,1.6811068532947606,2.374506988683023,2.305354118347168,2.8679585456848145,2.1410013181020275,False
GLTP,2200,ok,bioemu_refine,1.6123514697791215,1.0423775621635876,1.8709262609481812,1.6248619556427002,2.1410013181020275,True
GLTP,2300,ok,bioemu_refine,1.4702656536502958,1.030260095956013,1.1174535751342773,0.6798206567764282,2.1410013181020275,True
GLTP,2400,ok,bioemu_refine,2.539216508053991,1.447641291805449,2.017345428466797,1.3353750705718994,2.1410013181020275,True
GLTP,2500,ok,bioemu_refine,2.2285339891964737,1.3167331266591835,1.6470838785171509,1.3033843040466309,2.1410013181020275,True
GLTP,2600,ok,bioemu_refine,2.301154251933775,2.639344372250309,1.8318045139312744,1.9158508777618408,2.1410013181020275,False
GLTP,2700,ok,bioemu_refine,2.0668675313909364,1.5849062863109915,1.9004957675933838,1.5222095251083374,2.1410013181020275,True
GLTP,2800,ok,bioemu_refine,1.8768262289989106,1.0174329403105065,1.2250083684921265,0.8131221532821655,2.1410013181020275,True
GLTP,2900,ok,bioemu_refine,2.6916303995663706,2.198463969720964,2.6118948459625244,2.4556002616882324,2.1410013181020275,False
SHP2,0,ok,bioemu_refine,6.742339594319061,6.801072290095102,6.706033706665039,6.877584934234619,1.8482636253491054,False
SHP2,100,ok,bioemu_refine,4.072107166295186,4.461206229280921,4.401115894317627,4.583278656005859,1.8482636253491054,False
SHP2,200,ok,bioemu_refine,3.9270736001247246,4.040129254090692,3.7806127071380615,3.910548210144043,1.8482636253491054,False
SHP2,300,ok,bioemu_refine,6.323895619043637,6.971341767967602,6.241929531097412,6.516031742095947,1.8482636253491054,False
SHP2,400,ok,bioemu_refine,3.619897514743367,3.6280772478364685,3.5795865058898926,3.627972364425659,1.8482636253491054,False
SHP2,500,ok,bioemu_refine,12.86279860776,13.377178544301035,12.967976570129395,13.255906105041504,1.8482636253491054,False
SHP2,600,ok,bioemu_refine,4.708919412764553,4.972895729745442,4.2861127853393555,4.469565391540527,1.8482636253491054,False
SHP2,700,ok,bioemu_refine,4.738678518556449,5.155060797136814,4.810576438903809,5.0196146965026855,1.8482636253491054,False
SHP2,800,ok,bioemu_refine,2.6814406947771854,2.9998255129847213,2.552625894546509,2.7447094917297363,1.8482636253491054,False
SHP2,900,ok,bioemu_refine,3.2644332828537213,3.8314315098921803,3.0770082473754883,3.273178815841675,1.8482636253491054,False
SHP2,1000,ok,bioemu_refine,9.897989659902075,10.350349025679826,8.989493370056152,9.179352760314941,1.8482636253491054,False
SHP2,1100,ok,bioemu_refine,6.453168744176795,6.662397525109236,5.922440052032471,6.1307373046875,1.8482636253491054,False
SHP2,1200,ok,bioemu_refine,6.946817874872475,7.57707871540634,5.506247520446777,5.754360198974609,1.8482636253491054,False
SHP2,1300,ok,bioemu_refine,3.688494118347484,3.600799909501305,3.501885414123535,3.586927652359009,1.8482636253491054,False
SHP2,1400,ok,bioemu_refine,4.162836236310531,3.874375654917939,2.171067237854004,2.2558226585388184,1.8482636253491054,False
SHP2,1500,ok,bioemu_refine,16.623822843396226,17.18225798160972,14.68396282196045,14.836499214172363,1.8482636253491054,False
SHP2,1600,ok,bioemu_refine,3.894477733259317,4.003254693382914,3.8324108123779297,3.9965603351593018,1.8482636253491054,False
SHP2,1700,ok,bioemu_refine,2.939798933430411,2.9957391941226743,2.6798901557922363,2.8373265266418457,1.8482636253491054,False
SHP2,1800,ok,bioemu_refine,3.357974424774235,3.681928604302545,3.394554615020752,3.5558359622955322,1.8482636253491054,False
SHP2,1900,ok,bioemu_refine,7.007753165683873,7.292857174610299,6.313190460205078,6.540847301483154,1.8482636253491054,False
SHP2,2000,ok,bioemu_refine,4.063929951434778,4.403397085760761,4.058696269989014,4.168931484222412,1.8482636253491054,False
SHP2,2100,ok,bioemu_refine,3.8962876646703695,4.045432965861074,3.5767569541931152,3.657787799835205,1.8482636253491054,False
METTL14,0,ok,bioemu_refine,2.39595571512574,2.6585280435778724,1.9914188385009766,1.9482431411743164,2.571628452131643,False
METTL14,100,ok,bioemu_refine,1.3807790696784872,2.616629041615875,0.8580358624458313,1.343944787979126,2.571628452131643,False
METTL14,200,ok,bioemu_refine,8.935625857503545,8.290644113437377,15.754659652709961,15.548894882202148,2.571628452131643,False
METTL14,300,ok,bioemu_refine,6.584281491712341,6.634004995312562,15.51797103881836,15.497065544128418,2.571628452131643,False
METTL14,400,ok,bioemu_refine,1.1101353675511552,2.6099673483987575,0.9404139518737793,1.4098774194717407,2.571628452131643,False
METTL14,500,ok,bioemu_refine,1.696984095429772,2.673814928176893,1.1973116397857666,1.6260240077972412,2.571628452131643,False
METTL14,600,ok,bioemu_refine,1.4354428317881203,2.416815225923971,0.8156442642211914,1.2959330081939697,2.571628452131643,False
FUT8,0,ok,bioemu_refine,1.3384700462363772,3.056555738086741,0.5287734270095825,0.5547691583633423,3.419934534191317,False
FUT8,100,ok,bioemu_refine,2.4536445414380457,3.3882407548659232,1.2582170963287354,1.274633765220642,3.419934534191317,False
FUT8,200,ok,bioemu_refine,1.6984425287178613,3.3836231249275386,0.7222077250480652,0.6990377306938171,3.419934534191317,False
FUT8,300,ok,bioemu_refine,1.6199996723890886,3.6662932457906106,0.6215479373931885,0.6863307356834412,3.419934534191317,False
FUT8,400,ok,bioemu_refine,1.5726721562602957,3.2020062083255802,0.6701784133911133,0.6898975968360901,3.419934534191317,False
FUT8,500,ok,bioemu_refine,1.7229465827867827,3.508607905887442,0.7935000061988831,0.8020520806312561,3.419934534191317,False
FUT8,600,ok,bioemu_refine,1.645733436628728,3.231132690726516,1.1228229999542236,1.1646864414215088,3.419934534191317,False
FUT8,700,ok,bioemu_refine,1.5730903833295378,3.514509287384384,0.7239857316017151,0.7931872010231018,3.419934534191317,False
FUT8,800,ok,bioemu_refine,1.3813891834280076,3.7203250137373,0.6931656002998352,0.7636270523071289,3.419934534191317,False
FUT8,900,ok,bioemu_refine,1.6042172437781663,3.8974068055286906,0.6131405234336853,0.7457462549209595,3.419934534191317,False
FUT8,1000,ok,bioemu_refine,1.7367961346470768,3.7140949907877094,1.7264586687088013,1.6504473686218262,3.419934534191317,False
FUT8,1100,ok,bioemu_refine,1.7221786787954434,3.408836008226542,0.8735077381134033,0.8687616586685181,3.419934534191317,False
FUT8,1200,ok,bioemu_refine,1.1210523013540425,3.6701279489739833,0.5782851576805115,0.6786632537841797,3.419934534191317,False
FUT8,1300,ok,bioemu_refine,2.105251665914778,4.093671845656295,1.215287208557129,1.2040959596633911,3.419934534191317,False
FUT8,1400,ok,bioemu_refine,1.6785809846787356,3.454937175303466,0.6892518997192383,0.7359067797660828,3.419934534191317,False
FUT8,1500,ok,bioemu_refine,1.4579638860358461,3.6240314137634186,0.6707391738891602,0.8372690081596375,3.419934534191317,False
FUT8,1600,ok,bioemu_refine,2.3806529608342815,3.7404209432850895,1.1355537176132202,1.1793465614318848,3.419934534191317,False
FUT8,1700,ok,bioemu_refine,1.9704193821457086,3.8175632975481855,1.0241121053695679,1.0071133375167847,3.419934534191317,False
FUT8,1800,ok,bioemu_refine,0.9850395060234989,3.4490556361415057,0.4872627556324005,0.5969918966293335,3.419934534191317,False
FUT8,1900,ok,bioemu_refine,1.1200341429932252,3.609956012661529,0.7307275533676147,0.8973866701126099,3.419934534191317,False
FUT8,2000,ok,bioemu_refine,1.5352485952294261,3.185443795290822,0.6112158298492432,0.6750490069389343,3.419934534191317,False
FUT8,2100,ok,bioemu_refine,2.459670869932667,3.815463400705677,0.9066699743270874,0.9803565740585327,3.419934534191317,False
FUT8,2200,ok,bioemu_refine,1.9400997944295335,3.4432999091706775,1.06266450881958,1.0781021118164062,3.419934534191317,False
FUT8,2300,ok,bioemu_refine,1.2488267720125972,3.4802154209065175,0.7379252314567566,0.7280722260475159,3.419934534191317,False
FUT8,2400,ok,bioemu_refine,1.770415525430745,3.262288642293532,1.0208936929702759,1.0238310098648071,3.419934534191317,False
FUT8,2500,ok,bioemu_refine,1.8931582707987935,2.9998786397480752,1.0138319730758667,1.0640933513641357,3.419934534191317,False
p53_Y220C,0,ok,confornet_nomsa,0.9948806057196232,1.6842893032527384,0.7593544721603394,0.8429381251335144,1.1600563699903448,False
p53_Y220C,1,ok,confornet_nomsa,0.8326977372197197,1.5226956117910784,0.7689186930656433,0.8885927200317383,1.1600563699903448,False
p53_Y220C,2,ok,confornet_nomsa,1.0277804182780488,1.674438412784906,0.7431451082229614,0.8854334354400635,1.1600563699903448,False
p53_Y220C,3,ok,confornet_nomsa,1.0470799487466955,1.5842740459996063,0.8736155033111572,0.9585700035095215,1.1600563699903448,False
p53_Y220C,4,ok,confornet_nomsa,0.9685695439100784,1.5150517169279163,0.7894614934921265,0.9149295687675476,1.1600563699903448,False
p53_Y220C,5,ok,confornet_nomsa,0.916522072456372,1.578969194584846,0.8211051225662231,0.9782240986824036,1.1600563699903448,False
p53_Y220C,6,ok,confornet_nomsa,0.920791592809862,1.5717416715608097,0.8428811430931091,0.9777230620384216,1.1600563699903448,False
p53_Y220C,7,ok,confornet_nomsa,0.9513910081627872,1.598961282369108,0.7339098453521729,0.9482722282409668,1.1600563699903448,False
p53_Y220C,8,ok,confornet_nomsa,0.9684943815589258,1.557224114865572,0.733382523059845,0.8634036779403687,1.1600563699903448,False
p53_Y220C,9,ok,confornet_nomsa,0.5667602485164259,1.324043074726376,0.6796919703483582,0.692517876625061,1.1600563699903448,False
p53_Y220C,10,ok,confornet_nomsa,0.9448586627684812,1.6984770928441095,0.7689764499664307,0.8926185369491577,1.1600563699903448,False
p53_Y220C,11,ok,confornet_nomsa,1.0149811880438604,1.6348120995360256,0.7447108030319214,0.9718825817108154,1.1600563699903448,False
p53_Y220C,12,ok,confornet_nomsa,0.9173503118189472,1.5638830548831284,0.7450782656669617,0.9051434397697449,1.1600563699903448,False
p53_Y220C,13,ok,confornet_nomsa,0.814625137180022,1.3649759480053922,0.6977380514144897,0.8241827487945557,1.1600563699903448,False
p53_Y220C,14,ok,confornet_nomsa,0.949339807899056,1.5324721875967766,0.8305268287658691,0.9750363826751709,1.1600563699903448,False
p53_Y220C,15,ok,confornet_nomsa,0.8501041535536934,1.5517493620462952,0.6928013563156128,0.8769224286079407,1.1600563699903448,False
p53_Y220C,16,ok,confornet_nomsa,1.0595265087911758,1.7412503719945591,0.8039152026176453,0.9446849226951599,1.1600563699903448,False
p53_Y220C,17,ok,confornet_nomsa,0.5550635052911582,1.266668070407558,0.5929935574531555,0.6238193511962891,1.1600563699903448,False
p53_Y220C,18,ok,confornet_nomsa,1.0009097094036907,1.623838939115322,0.809016764163971,0.945216953754425,1.1600563699903448,False
p53_Y220C,19,ok,confornet_nomsa,1.0415057375892245,1.7196134305846105,0.7700074911117554,0.9324225783348083,1.1600563699903448,False
p53_Y220C,20,ok,confornet_nomsa,1.1622628246903652,1.8323725292354744,0.7492303252220154,0.9436196088790894,1.1600563699903448,False
p53_Y220C,21,ok,confornet_nomsa,0.9167821695789716,1.5271622467815238,0.7933428287506104,0.9213781952857971,1.1600563699903448,False
p53_Y220C,22,ok,confornet_nomsa,0.9582920203771724,1.600191102933583,0.7966918349266052,0.8802017569541931,1.1600563699903448,False
p53_Y220C,23,ok,confornet_nomsa,0.6424734847835375,1.3622843860494478,0.5900367498397827,0.8000983595848083,1.1600563699903448,False
p53_Y220C,24,ok,confornet_nomsa,0.9927821342412052,1.6077515150935116,0.8398522138595581,0.9208658933639526,1.1600563699903448,False
p53_Y220C,25,ok,confornet_nomsa,0.782388950467112,1.3889739561520704,0.8118956089019775,0.9107634425163269,1.1600563699903448,False
p53_Y220C,26,ok,confornet_nomsa,0.9582049795247628,1.6019070386516725,0.8811432123184204,1.0106995105743408,1.1600563699903448,False
p53_Y220C,27,ok,confornet_nomsa,0.8109527919652939,1.4417743988062843,0.8121958374977112,0.8808099627494812,1.1600563699903448,False
p53_Y220C,28,ok,confornet_nomsa,0.7421692963091048,1.4399135617521592,0.6022268533706665,0.8066600561141968,1.1600563699903448,False
p53_Y220C,29,ok,confornet_nomsa,0.8885543130658153,1.5882112586765946,0.7421637177467346,0.9099209308624268,1.1600563699903448,False
CB1,0,ok,confornet_nomsa,5.763782868948649,5.99262778869211,6.015627384185791,5.812380313873291,2.023384393567615,False
CB1,1,ok,confornet_nomsa,4.9127353389309,4.9988880631103765,5.3318071365356445,5.173887252807617,2.023384393567615,False
CB1,2,ok,confornet_nomsa,5.504590273572259,5.840965151888557,6.943022727966309,6.859655857086182,2.023384393567615,False
CB1,3,ok,confornet_nomsa,5.84288775587425,5.773968715809834,5.555159568786621,5.400148868560791,2.023384393567615,False
CB1,4,ok,confornet_nomsa,5.081885598955109,4.9758277639375645,4.273070812225342,4.0545477867126465,2.023384393567615,False
CB1,5,ok,confornet_nomsa,5.89467470176947,6.047614348703088,6.293466567993164,6.172913074493408,2.023384393567615,False
CB1,6,ok,confornet_nomsa,5.455744788795669,5.75508673917366,4.671494960784912,4.535863876342773,2.023384393567615,False
CB1,7,ok,confornet_nomsa,5.711343495992471,5.660087331751392,5.068085193634033,4.876339435577393,2.023384393567615,False
CB1,8,ok,confornet_nomsa,5.356712544161746,5.610793584618416,5.524084568023682,5.385859489440918,2.023384393567615,False
CB1,9,ok,confornet_nomsa,5.0653556702450935,5.295402131946562,4.315081596374512,4.245972633361816,2.023384393567615,False
CB1,10,ok,confornet_nomsa,5.128548696962627,5.406761542137322,4.791618347167969,4.684413433074951,2.023384393567615,False
CB1,11,ok,confornet_nomsa,5.842324596630339,5.620697820006675,4.096789360046387,3.901663303375244,2.023384393567615,False
CB1,12,ok,confornet_nomsa,5.438170981551063,5.486986951341401,5.548357009887695,5.373478412628174,2.023384393567615,False
CB1,13,ok,confornet_nomsa,5.73343659315345,5.748118663286231,5.132238388061523,4.987574577331543,2.023384393567615,False
CB1,14,ok,confornet_nomsa,5.371003813430527,5.687600606510595,5.884490966796875,5.763885498046875,2.023384393567615,False
CB1,15,ok,confornet_nomsa,5.093743322325154,5.503228647999072,4.847012042999268,4.798948764801025,2.023384393567615,False
CB1,16,ok,confornet_nomsa,4.867406736856011,5.364233128181065,5.316635608673096,5.1923136711120605,2.023384393567615,False
CB1,17,ok,confornet_nomsa,5.312196690496414,5.650603272467812,4.617074012756348,4.546772480010986,2.023384393567615,False
CB1,18,ok,confornet_nomsa,5.046208349324151,5.317145987495742,5.3609418869018555,5.210592269897461,2.023384393567615,False
CB1,19,ok,confornet_nomsa,5.593499141524535,5.914589609182165,6.117186069488525,6.021500587463379,2.023384393567615,False
CB1,20,ok,confornet_nomsa,4.768549350664911,5.1135378288573525,5.1441826820373535,5.006266117095947,2.023384393567615,False
CB1,21,ok,confornet_nomsa,6.090038488663498,5.960828288356167,5.503105163574219,5.323991775512695,2.023384393567615,False
CB1,22,ok,confornet_nomsa,5.359205751801993,5.653023658464052,5.670495510101318,5.554939270019531,2.023384393567615,False
CB1,23,ok,confornet_nomsa,5.084911171044095,5.213683929406954,5.281117916107178,5.139282703399658,2.023384393567615,False
CB1,24,ok,confornet_nomsa,5.801636857319017,5.8325305561722365,4.891504764556885,4.7448015213012695,2.023384393567615,False
CB1,25,ok,confornet_nomsa,5.608873472990227,5.614036319789179,4.257544994354248,4.1175217628479,2.023384393567615,False
CB1,26,ok,confornet_nomsa,4.923776719154247,5.1631967719471925,5.5299906730651855,5.395130157470703,2.023384393567615,False
CB1,27,ok,confornet_nomsa,5.301712546116912,5.430425262106727,5.282975673675537,5.125805854797363,2.023384393567615,False
CB1,28,ok,confornet_nomsa,5.704618177802784,5.376545834438797,5.418280601501465,5.274850845336914,2.023384393567615,False
CB1,29,ok,confornet_nomsa,5.146602873376627,5.415096242162778,5.003184795379639,4.8770575523376465,2.023384393567615,False
KRAS,0,ok,confornet_nomsa,3.5965984672721003,3.290576793604867,1.534690499305725,1.900266408920288,3.742426159251105,True
KRAS,1,ok,confornet_nomsa,3.5123893430880617,3.585600486345873,1.5821027755737305,1.9719066619873047,3.742426159251105,False
KRAS,2,ok,confornet_nomsa,3.519547507939697,3.861227811184724,1.6178474426269531,1.978975772857666,3.742426159251105,False
KRAS,3,ok,confornet_nomsa,3.5844173257876206,3.2253292430050697,1.5337398052215576,1.9210070371627808,3.742426159251105,True
KRAS,4,ok,confornet_nomsa,3.543806704537438,3.36841314992568,1.5647333860397339,1.9339936971664429,3.742426159251105,True
KRAS,5,ok,confornet_nomsa,3.501061430156532,3.46124307174113,1.5580476522445679,1.9500796794891357,3.742426159251105,True
KRAS,6,ok,confornet_nomsa,3.630468805571097,3.2759648065781644,1.539460301399231,1.9245284795761108,3.742426159251105,True
KRAS,7,ok,confornet_nomsa,3.65285615193372,3.4478698305686875,1.635051965713501,2.0220699310302734,3.742426159251105,True
KRAS,8,ok,confornet_nomsa,3.542853689606764,3.712161410938589,1.6461646556854248,2.035402536392212,3.742426159251105,False
KRAS,9,ok,confornet_nomsa,3.478777479717,3.51677773932604,1.5802409648895264,1.9854686260223389,3.742426159251105,False
KRAS,10,ok,confornet_nomsa,3.297396494407941,3.854011051369992,1.5610765218734741,1.9631006717681885,3.742426159251105,False
KRAS,11,ok,confornet_nomsa,3.388100226363812,3.817226649875868,1.5635613203048706,1.9562700986862183,3.742426159251105,False
KRAS,12,ok,confornet_nomsa,3.467185974866512,3.47514709646813,1.5316426753997803,1.917503833770752,3.742426159251105,False
KRAS,13,ok,confornet_nomsa,3.5377694420846204,3.365134835726856,1.6096168756484985,2.00286602973938,3.742426159251105,True
KRAS,14,ok,confornet_nomsa,3.587165038778896,3.269208309628125,1.4987624883651733,1.8876755237579346,3.742426159251105,True
KRAS,15,ok,confornet_nomsa,3.5278869270661577,3.498035293943797,1.6075748205184937,2.0151941776275635,3.742426159251105,True
KRAS,16,ok,confornet_nomsa,3.4600095880635364,3.420041122245852,1.5664632320404053,1.932013988494873,3.742426159251105,True
KRAS,17,ok,confornet_nomsa,3.596046273843674,3.209035432472205,1.6631007194519043,1.974130630493164,3.742426159251105,True
KRAS,18,ok,confornet_nomsa,3.291832859447928,3.871885629673229,1.5613162517547607,1.9790451526641846,3.742426159251105,False
KRAS,19,ok,confornet_nomsa,3.345673710083619,3.932206448421296,1.7010658979415894,2.0656518936157227,3.742426159251105,False
KRAS,20,ok,confornet_nomsa,3.5490247083304656,3.3675300660988903,1.5754759311676025,1.9311535358428955,3.742426159251105,True
KRAS,21,ok,confornet_nomsa,3.5179129974223424,3.3770952004434265,1.5959951877593994,1.98130464553833,3.742426159251105,True
KRAS,22,ok,confornet_nomsa,3.531804942307601,3.207687871681301,1.598720908164978,1.962284803390503,3.742426159251105,True
KRAS,23,ok,confornet_nomsa,3.5763334207771424,3.377255700320478,1.5543733835220337,1.9264413118362427,3.742426159251105,True
KRAS,24,ok,confornet_nomsa,3.634780499087156,3.511311896788618,1.642830491065979,1.9549132585525513,3.742426159251105,True
KRAS,25,ok,confornet_nomsa,3.524598784529451,3.3949845926552813,1.5226677656173706,1.9156475067138672,3.742426159251105,True
KRAS,26,ok,confornet_nomsa,3.445777770275954,3.764680978738877,1.5742435455322266,1.976495385169983,3.742426159251105,False
KRAS,27,ok,confornet_nomsa,3.539608946672729,3.4201790828459253,1.600854754447937,1.9762609004974365,3.742426159251105,True
KRAS,28,ok,confornet_nomsa,3.578047044091229,3.301440996537644,1.5796128511428833,1.96794593334198,3.742426159251105,True
KRAS,29,ok,confornet_nomsa,3.5569266801202057,3.324291327515024,1.5761700868606567,1.948667049407959,3.742426159251105,True
cAbl,0,ok,confornet_nomsa,3.733475671845417,4.634212183416712,1.9489117860794067,2.106330156326294,3.4458517805005147,False
cAbl,1,ok,confornet_nomsa,3.7040436586844,4.619110661934229,1.9464164972305298,2.105978488922119,3.4458517805005147,False
cAbl,2,ok,confornet_nomsa,3.5227990719891533,4.517246144443946,1.8779526948928833,2.079590320587158,3.4458517805005147,False
cAbl,3,ok,confornet_nomsa,3.5047593791833656,4.47810997279865,1.847252368927002,2.0560715198516846,3.4458517805005147,False
cAbl,4,ok,confornet_nomsa,3.62612824807914,4.584489583807378,1.8938909769058228,2.08992075920105,3.4458517805005147,False
cAbl,5,ok,confornet_nomsa,3.609344078109074,4.555469304158406,1.9613399505615234,2.1041128635406494,3.4458517805005147,False
cAbl,6,ok,confornet_nomsa,3.717748968561263,4.614159940858384,2.0251190662384033,2.126528024673462,3.4458517805005147,False
cAbl,7,ok,confornet_nomsa,3.5237004836272545,4.494367734722976,1.8269069194793701,2.0554254055023193,3.4458517805005147,False
cAbl,8,ok,confornet_nomsa,3.5345194304618994,4.496040609129553,1.9591717720031738,2.0896005630493164,3.4458517805005147,False
cAbl,9,ok,confornet_nomsa,3.5526980498616,4.582618884024329,1.9283149242401123,2.124279022216797,3.4458517805005147,False
cAbl,10,ok,confornet_nomsa,3.554286705999321,4.539070901024195,1.9268544912338257,2.1047420501708984,3.4458517805005147,False
cAbl,11,ok,confornet_nomsa,3.412444944452599,4.4335783004408365,1.8043413162231445,2.0237200260162354,3.4458517805005147,False
cAbl,12,ok,confornet_nomsa,3.5141532115237304,4.464761718203674,1.91987144947052,2.0523886680603027,3.4458517805005147,False
cAbl,13,ok,confornet_nomsa,3.5881529491087694,4.514286642615502,1.8542585372924805,2.0537919998168945,3.4458517805005147,False
cAbl,14,ok,confornet_nomsa,3.3811946431030626,4.406230212870934,1.7951276302337646,2.011471748352051,3.4458517805005147,False
cAbl,15,ok,confornet_nomsa,3.58947191466322,4.554703486159763,1.912003755569458,2.088198661804199,3.4458517805005147,False
cAbl,16,ok,confornet_nomsa,3.662623192605025,4.585864058430624,1.9815648794174194,2.1148478984832764,3.4458517805005147,False
cAbl,17,ok,confornet_nomsa,3.739052432252663,4.630427495531078,1.9530290365219116,2.1084368228912354,3.4458517805005147,False
cAbl,18,ok,confornet_nomsa,3.539815998461461,4.538247146244629,1.858788013458252,2.0790352821350098,3.4458517805005147,False
cAbl,19,ok,confornet_nomsa,3.599936982506605,4.535536437527686,1.9517323970794678,2.0826187133789062,3.4458517805005147,False
cAbl,20,ok,confornet_nomsa,3.414087987340912,4.4273684918843,1.8613317012786865,2.045004367828369,3.4458517805005147,False
cAbl,21,ok,confornet_nomsa,3.437638534926965,4.422068591615102,1.7916184663772583,1.9983694553375244,3.4458517805005147,False
cAbl,22,ok,confornet_nomsa,3.612402661582494,4.619331512905076,1.873138189315796,2.1119027137756348,3.4458517805005147,False
cAbl,23,ok,confornet_nomsa,3.570804272734933,4.506669358328209,1.9154733419418335,2.0713260173797607,3.4458517805005147,False
cAbl,24,ok,confornet_nomsa,3.5498661026647595,4.514154155126192,1.8412939310073853,2.0382890701293945,3.4458517805005147,False
cAbl,25,ok,confornet_nomsa,3.460391968340661,4.455774988654106,1.8659831285476685,2.053166627883911,3.4458517805005147,False
cAbl,26,ok,confornet_nomsa,3.568191819842708,4.504642091910549,1.8901509046554565,2.048588991165161,3.4458517805005147,False
cAbl,27,ok,confornet_nomsa,3.391326723074205,4.428544383886841,1.834523320198059,2.0416507720947266,3.4458517805005147,False
cAbl,28,ok,confornet_nomsa,3.563121461161013,4.500415230862258,1.9296236038208008,2.0763087272644043,3.4458517805005147,False
cAbl,29,ok,confornet_nomsa,3.602756452352881,4.549314027413086,1.961272954940796,2.1161551475524902,3.4458517805005147,False
HIF2alpha,0,ok,confornet_nomsa,3.1027805041107004,2.8037896048759388,1.5571757555007935,1.594825029373169,1.86542516135414,False
HIF2alpha,1,ok,confornet_nomsa,2.598777871756393,2.47578134929635,1.1445960998535156,1.213167428970337,1.86542516135414,False
HIF2alpha,2,ok,confornet_nomsa,2.8968827429609303,2.5709483742799835,1.240923285484314,1.2998265027999878,1.86542516135414,False
HIF2alpha,3,ok,confornet_nomsa,2.4103413817645403,2.131475144989486,0.44097381830215454,0.5421204566955566,1.86542516135414,False
HIF2alpha,4,ok,confornet_nomsa,3.0590715312583057,2.712245756188967,1.5793960094451904,1.583254098892212,1.86542516135414,False
HIF2alpha,5,ok,confornet_nomsa,3.0339060330084564,2.7289849917291606,1.4728800058364868,1.5292367935180664,1.86542516135414,False
HIF2alpha,6,ok,confornet_nomsa,3.0582059135537447,2.721942688306763,1.4996271133422852,1.5341860055923462,1.86542516135414,False
HIF2alpha,7,ok,confornet_nomsa,2.681048315564992,2.370317404980894,1.189296007156372,1.2549854516983032,1.86542516135414,False
HIF2alpha,8,ok,confornet_nomsa,3.1816486847444128,2.801969428979433,1.648575782775879,1.652712106704712,1.86542516135414,False
HIF2alpha,9,ok,confornet_nomsa,3.124259420167649,2.8192941994141862,1.5873892307281494,1.6137826442718506,1.86542516135414,False
HIF2alpha,10,ok,confornet_nomsa,2.1397812813352166,2.1168897356050365,1.1918060779571533,1.2290656566619873,1.86542516135414,False
HIF2alpha,11,ok,confornet_nomsa,3.000520025322824,2.6630010444835475,1.37876558303833,1.4241739511489868,1.86542516135414,False
HIF2alpha,12,ok,confornet_nomsa,2.9206462776629327,2.6453742883111464,1.529021978378296,1.5757464170455933,1.86542516135414,False
HIF2alpha,13,ok,confornet_nomsa,2.935370500795815,2.628040833195815,1.4530832767486572,1.5069681406021118,1.86542516135414,False
HIF2alpha,14,ok,confornet_nomsa,1.6454496781531434,1.1935882321165112,0.35313066840171814,0.43516144156455994,1.86542516135414,True
HIF2alpha,15,ok,confornet_nomsa,3.2249936940791133,2.870259343213835,1.694654107093811,1.726291298866272,1.86542516135414,False
HIF2alpha,16,ok,confornet_nomsa,3.053109162609612,2.745065983016109,1.517875075340271,1.554113507270813,1.86542516135414,False
HIF2alpha,17,ok,confornet_nomsa,2.934193944395247,2.6110519736156124,1.6377347707748413,1.6659281253814697,1.86542516135414,False
HIF2alpha,18,ok,confornet_nomsa,3.2914693910096027,2.964267670836753,1.7982478141784668,1.8193093538284302,1.86542516135414,False
HIF2alpha,19,ok,confornet_nomsa,1.7238747537104226,1.168759733444002,0.3074515461921692,0.33535096049308777,1.86542516135414,True
HIF2alpha,20,ok,confornet_nomsa,3.1579857010037493,2.809987054616267,1.5601898431777954,1.5865496397018433,1.86542516135414,False
HIF2alpha,21,ok,confornet_nomsa,2.986605447073617,2.6511557004294146,1.601967692375183,1.619922161102295,1.86542516135414,False
HIF2alpha,22,ok,confornet_nomsa,3.099100437699498,2.734320513470034,1.5016144514083862,1.5225194692611694,1.86542516135414,False
HIF2alpha,23,ok,confornet_nomsa,3.1852525421367432,2.8453085404769496,1.8218430280685425,1.8337790966033936,1.86542516135414,False
HIF2alpha,24,ok,confornet_nomsa,3.0514027050340053,2.771960915800507,1.618717074394226,1.6685571670532227,1.86542516135414,False
HIF2alpha,25,ok,confornet_nomsa,2.994957677690402,2.6525698231335686,1.4155648946762085,1.459801435470581,1.86542516135414,False
HIF2alpha,26,ok,confornet_nomsa,3.0402791242004485,2.704322858236796,1.5883562564849854,1.6364223957061768,1.86542516135414,False
HIF2alpha,27,ok,confornet_nomsa,2.982210325143768,2.683538232408305,1.5562925338745117,1.591444730758667,1.86542516135414,False
HIF2alpha,28,ok,confornet_nomsa,2.935517492067593,2.56659315755368,1.3472121953964233,1.3659390211105347,1.86542516135414,False
HIF2alpha,29,ok,confornet_nomsa,1.613094816809428,1.122967072383553,0.28157904744148254,0.3819529414176941,1.86542516135414,True
HIV_RT,0,ok,confornet_nomsa,14.673210137626004,15.11911109054162,10.817590713500977,10.949248313903809,3.055562157269878,False
HIV_RT,1,ok,confornet_nomsa,16.141133890414885,15.983632215836966,11.055110931396484,11.033671379089355,3.055562157269878,False
HIV_RT,2,ok,confornet_nomsa,13.438563248368038,13.290017543956736,9.565655708312988,9.625748634338379,3.055562157269878,False
HIV_RT,3,ok,confornet_nomsa,16.240923717648823,16.30969482785564,11.628364562988281,11.693256378173828,3.055562157269878,False
HIV_RT,4,ok,confornet_nomsa,15.274836664392678,15.25451797696878,10.44721794128418,10.420254707336426,3.055562157269878,False
HIV_RT,5,ok,confornet_nomsa,19.892121380072386,19.86008108025195,13.765850067138672,13.754094123840332,3.055562157269878,False
HIV_RT,6,ok,confornet_nomsa,13.126995849500362,13.280336765277632,9.469761848449707,9.520344734191895,3.055562157269878,False
HIV_RT,7,ok,confornet_nomsa,14.31946666751929,14.101350724427494,9.822576522827148,9.802495956420898,3.055562157269878,False
HIV_RT,8,ok,confornet_nomsa,19.09245563382414,18.9714861327479,13.545756340026855,13.511886596679688,3.055562157269878,False
HIV_RT,9,ok,confornet_nomsa,13.704885305328906,13.759270059801484,9.515414237976074,9.528219223022461,3.055562157269878,False
HIV1_CA,0,ok,confornet_nomsa,0.8705513657376622,1.2543146690326965,0.5187967419624329,0.418885201215744,1.3207135415934947,False
HIV1_CA,1,ok,confornet_nomsa,0.6534745699977376,1.2150835929618995,0.49888333678245544,0.41342103481292725,1.3207135415934947,False
HIV1_CA,2,ok,confornet_nomsa,0.8828897808086555,1.4184457603031604,0.3698606789112091,0.40819576382637024,1.3207135415934947,False
HIV1_CA,3,ok,confornet_nomsa,0.8353295893644846,1.4530057504961222,0.308006227016449,0.36773356795310974,1.3207135415934947,False
HIV1_CA,4,ok,confornet_nomsa,0.772796536524251,1.3634600493248314,0.3115157186985016,0.389616459608078,1.3207135415934947,False
HIV1_CA,5,ok,confornet_nomsa,0.9078354249541096,1.3409810875502406,0.4116116762161255,0.41232919692993164,1.3207135415934947,False
HIV1_CA,6,ok,confornet_nomsa,1.0156027245320274,1.3751015962770727,0.3700232207775116,0.45855283737182617,1.3207135415934947,False
HIV1_CA,7,ok,confornet_nomsa,0.8931105732388457,1.3491532272099895,0.3008992373943329,0.3824247121810913,1.3207135415934947,False
HIV1_CA,8,ok,confornet_nomsa,0.9315867254027842,1.4981572877108884,0.34393805265426636,0.5129278898239136,1.3207135415934947,False
HIV1_CA,9,ok,confornet_nomsa,1.4844028403365066,0.9711097907598828,0.29940348863601685,0.37967759370803833,1.3207135415934947,True
HIV1_CA,10,ok,confornet_nomsa,0.8099800712059527,1.2494596160974698,0.519339919090271,0.4153302311897278,1.3207135415934947,False
HIV1_CA,11,ok,confornet_nomsa,0.9007659519672446,1.2988640725268998,0.4066934585571289,0.368976891040802,1.3207135415934947,False
HIV1_CA,12,ok,confornet_nomsa,0.870646317643875,1.4091018769243515,0.29505038261413574,0.39457669854164124,1.3207135415934947,False
HIV1_CA,13,ok,confornet_nomsa,1.1447562501778423,1.7380643140128362,0.38750821352005005,0.45279091596603394,1.3207135415934947,False
HIV1_CA,14,ok,confornet_nomsa,0.7693567825888981,1.1882358970127096,0.41617485880851746,0.3485485911369324,1.3207135415934947,False
HIV1_CA,15,ok,confornet_nomsa,0.9474486288942076,1.298999562816238,0.40566274523735046,0.3649866282939911,1.3207135415934947,False
HIV1_CA,16,ok,confornet_nomsa,0.7791728571953556,1.406825458850597,0.36375707387924194,0.37391552329063416,1.3207135415934947,False
HIV1_CA,17,ok,confornet_nomsa,1.2953485495890351,1.6657110335552416,0.4336547255516052,0.36218389868736267,1.3207135415934947,False
HIV1_CA,18,ok,confornet_nomsa,0.9541926701096656,1.3355237829579805,0.3268672525882721,0.49940454959869385,1.3207135415934947,False
HIV1_CA,19,ok,confornet_nomsa,1.009648873593123,1.4711163714062885,0.3831876516342163,0.5120192766189575,1.3207135415934947,False
HIV1_CA,20,ok,confornet_nomsa,0.9866621570226348,1.3745101094542336,0.3240306079387665,0.4114644527435303,1.3207135415934947,False
HIV1_CA,21,ok,confornet_nomsa,0.7154134994019042,1.2787907162876857,0.4058383107185364,0.34679704904556274,1.3207135415934947,False
HIV1_CA,22,ok,confornet_nomsa,0.8101719817846714,1.2529863288744505,0.4816186726093292,0.41203469038009644,1.3207135415934947,False
HIV1_CA,23,ok,confornet_nomsa,0.7419020254327295,1.2763670733477006,0.49439552426338196,0.4190562963485718,1.3207135415934947,False
HIV1_CA,24,ok,confornet_nomsa,0.7528833841505184,1.2164638193421315,0.5322021842002869,0.4381566345691681,1.3207135415934947,False
HIV1_CA,25,ok,confornet_nomsa,0.9556378313124446,1.3108342211494584,0.4261498749256134,0.5457291007041931,1.3207135415934947,False
HIV1_CA,26,ok,confornet_nomsa,1.2154835566127622,1.7538065005235766,0.43054062128067017,0.3620249629020691,1.3207135415934947,False
HIV1_CA,27,ok,confornet_nomsa,0.8673296745989386,1.2526272714113762,0.3984120190143585,0.3411687910556793,1.3207135415934947,False
HIV1_CA,28,ok,confornet_nomsa,1.07013187910872,1.832967952962626,0.4450685977935791,0.5892265439033508,1.3207135415934947,False
HIV1_CA,29,ok,confornet_nomsa,0.755132491589608,1.2703707952862189,0.5114818215370178,0.4100509285926819,1.3207135415934947,False
Menin,0,ok,confornet_nomsa,1.3672304073422148,1.0475403717476377,0.5765798687934875,0.5828010439872742,1.2468617606125678,True
Menin,1,ok,confornet_nomsa,1.7719955179706082,1.207455445060836,0.6945229172706604,0.6211050748825073,1.2468617606125678,True
Menin,2,ok,confornet_nomsa,1.2141524328507765,1.0877737250404156,0.5889654159545898,0.5738840699195862,1.2468617606125678,True
Menin,3,ok,confornet_nomsa,1.4061231124750055,0.8904019703648213,0.547541618347168,0.5695019960403442,1.2468617606125678,True
Menin,4,ok,confornet_nomsa,1.427900452138427,0.9354470938292014,0.8078780174255371,0.7735456228256226,1.2468617606125678,True
Menin,5,ok,confornet_nomsa,1.4012382267403365,1.1540590202892942,0.6340435743331909,0.5692611932754517,1.2468617606125678,True
Menin,6,ok,confornet_nomsa,1.5297669350074143,1.0990605459253575,0.48791876435279846,0.4341278672218323,1.2468617606125678,True
Menin,7,ok,confornet_nomsa,1.486381965722326,0.9179339731839896,0.6185249090194702,0.5792746543884277,1.2468617606125678,True
Menin,8,ok,confornet_nomsa,1.4696611193848,1.0053474648499332,0.7865011096000671,0.7217174768447876,1.2468617606125678,True
Menin,9,ok,confornet_nomsa,1.4926244671324935,0.9049659004843962,0.636325478553772,0.5648283958435059,1.2468617606125678,True
GCGR,0,ok,confornet_nomsa,4.715237601471083,6.78740374284183,13.172712326049805,14.036043167114258,5.701045356786475,False
GCGR,1,ok,confornet_nomsa,4.207802739683606,6.4904981596365845,13.261720657348633,14.115643501281738,5.701045356786475,False
GCGR,2,ok,confornet_nomsa,3.8227618165796473,6.402910134547024,13.223451614379883,14.101791381835938,5.701045356786475,False
GCGR,3,ok,confornet_nomsa,4.301450965240652,6.565096111607684,13.28426742553711,14.123772621154785,5.701045356786475,False
GCGR,4,ok,confornet_nomsa,4.108074975040474,6.430753956663812,13.298155784606934,14.13864803314209,5.701045356786475,False
GCGR,5,ok,confornet_nomsa,4.183662631200908,6.289663352141149,13.246476173400879,14.029168128967285,5.701045356786475,False
GCGR,6,ok,confornet_nomsa,4.083838430040805,6.785947348955509,13.181233406066895,13.98723316192627,5.701045356786475,False
GCGR,7,ok,confornet_nomsa,3.861999446334608,6.385618411437987,13.200713157653809,14.071816444396973,5.701045356786475,False
GCGR,8,ok,confornet_nomsa,4.222289737195915,6.386831196258778,13.112618446350098,13.958805084228516,5.701045356786475,False
GCGR,9,ok,confornet_nomsa,4.142313864542922,6.527149792663312,13.279862403869629,14.144452095031738,5.701045356786475,False
GCGR,10,ok,confornet_nomsa,4.2621623604208425,6.627269506540396,13.321910858154297,14.19235897064209,5.701045356786475,False
GCGR,11,ok,confornet_nomsa,4.278168843852775,6.46213374837713,13.257296562194824,14.110718727111816,5.701045356786475,False
GCGR,12,ok,confornet_nomsa,4.548568227309195,6.7661081775582215,13.433239936828613,14.272272109985352,5.701045356786475,False
GCGR,13,ok,confornet_nomsa,4.015455403043703,6.017453288049548,13.27071475982666,14.046501159667969,5.701045356786475,False
GCGR,14,ok,confornet_nomsa,3.9347776575477096,5.981069143748853,13.365556716918945,14.150672912597656,5.701045356786475,False
GCGR,15,ok,confornet_nomsa,4.556716536918908,6.564673799427928,13.295828819274902,14.126907348632812,5.701045356786475,False
GCGR,16,ok,confornet_nomsa,3.901295461496455,6.153555857533728,13.362651824951172,14.194865226745605,5.701045356786475,False
GCGR,17,ok,confornet_nomsa,4.390878248044154,6.462266316517764,13.236897468566895,14.08803653717041,5.701045356786475,False
GCGR,18,ok,confornet_nomsa,4.791421870184346,6.9859971384711335,13.468063354492188,14.277985572814941,5.701045356786475,False
GCGR,19,ok,confornet_nomsa,4.462094270046388,6.900779533539104,13.356620788574219,14.19461441040039,5.701045356786475,False
GCGR,20,ok,confornet_nomsa,4.143794799978379,6.360597536631831,13.354597091674805,14.217509269714355,5.701045356786475,False
GCGR,21,ok,confornet_nomsa,4.300695548092972,6.767655983910975,13.308813095092773,14.0628080368042,5.701045356786475,False
GCGR,22,ok,confornet_nomsa,4.271190270370731,6.467179721198589,13.3523530960083,14.124497413635254,5.701045356786475,False
GCGR,23,ok,confornet_nomsa,4.461999713560964,6.515754249401575,13.175429344177246,14.022594451904297,5.701045356786475,False
GCGR,24,ok,confornet_nomsa,4.004077671058217,6.221894155694869,13.212117195129395,14.043991088867188,5.701045356786475,False
GCGR,25,ok,confornet_nomsa,4.008237769882747,6.412862884498968,13.283056259155273,14.159893035888672,5.701045356786475,False
GCGR,26,ok,confornet_nomsa,4.055700855925952,6.659572798128975,13.149085998535156,14.063647270202637,5.701045356786475,False
GCGR,27,ok,confornet_nomsa,4.514408835461015,6.5966255448095215,13.270798683166504,14.178466796875,5.701045356786475,False
GCGR,28,ok,confornet_nomsa,4.213746712640388,6.235455866859105,13.315694808959961,14.163849830627441,5.701045356786475,False
GCGR,29,ok,confornet_nomsa,4.121762458130175,6.177734115407879,13.17943000793457,14.026216506958008,5.701045356786475,False
THSR,0,ok,confornet_nomsa,2.170057106289857,2.323512523417938,1.7426550388336182,1.6780916452407837,1.616455574028625,False
THSR,1,ok,confornet_nomsa,2.2711180780104105,2.456379962777431,1.6733498573303223,1.5963199138641357,1.616455574028625,False
THSR,2,ok,confornet_nomsa,2.2259939273443194,2.5497552302564386,1.2663843631744385,1.1754094362258911,1.616455574028625,False
THSR,3,ok,confornet_nomsa,2.010174181836892,2.115854112502651,1.314217209815979,1.2101173400878906,1.616455574028625,False
THSR,4,ok,confornet_nomsa,2.443421138710013,2.6434111171754813,1.7189315557479858,1.6254397630691528,1.616455574028625,False
THSR,5,ok,confornet_nomsa,2.162584399787987,2.2521284312012213,1.574545979499817,1.5287861824035645,1.616455574028625,False
THSR,6,ok,confornet_nomsa,2.705759928837149,3.108990685190426,1.6988261938095093,1.6362202167510986,1.616455574028625,False
THSR,7,ok,confornet_nomsa,2.1296601038717773,2.274744746855288,1.6766102313995361,1.5942277908325195,1.616455574028625,False
THSR,8,ok,confornet_nomsa,2.218233651157413,2.439052636544812,1.5663501024246216,1.4838640689849854,1.616455574028625,False
THSR,9,ok,confornet_nomsa,2.3935006939335297,2.21979878422885,1.5067503452301025,1.3859317302703857,1.616455574028625,False
p53_Y220C__4AGQ,0,ok,confornet_nomsa,1.203444061719902,0.3212252647542249,0.5326652526855469,0.5637493133544922,1.1180275303614244,True
p53_Y220C__4AGQ,1,ok,confornet_nomsa,1.1603889764021047,0.2752326117785046,0.4013350009918213,0.5006936192512512,1.1180275303614244,True
p53_Y220C__4AGQ,2,ok,confornet_nomsa,1.1608157354601525,0.2121986452205796,0.38178205490112305,0.5561991333961487,1.1180275303614244,True
p53_Y220C__4AGQ,3,ok,confornet_nomsa,1.1473085361369164,0.2603859220249034,0.39496463537216187,0.5559116005897522,1.1180275303614244,True
p53_Y220C__4AGQ,4,ok,confornet_nomsa,1.16736903424895,0.2158245932037998,0.3833574652671814,0.5253682732582092,1.1180275303614244,True
p53_Y220C__4AGQ,5,ok,confornet_nomsa,1.1506078026111624,0.2360057230525644,0.39907106757164,0.569857656955719,1.1180275303614244,True
p53_Y220C__4AGQ,6,ok,confornet_nomsa,1.1799488770538276,0.2409919552265898,0.3926394283771515,0.5920342803001404,1.1180275303614244,True
p53_Y220C__4AGQ,7,ok,confornet_nomsa,1.1597354156843012,0.2425580508058952,0.4167221486568451,0.56559818983078,1.1180275303614244,True
p53_Y220C__4AGQ,8,ok,confornet_nomsa,1.2125877562101977,0.2664054496634854,0.42586052417755127,0.57741379737854,1.1180275303614244,True
p53_Y220C__4AGQ,9,ok,confornet_nomsa,1.1649431096166352,0.2067550914913072,0.3619822859764099,0.49240368604660034,1.1180275303614244,True
p53_Y220C__4AGQ,10,ok,confornet_nomsa,1.1925279112385914,0.278951211871861,0.4541076719760895,0.6062235236167908,1.1180275303614244,True
p53_Y220C__4AGQ,11,ok,confornet_nomsa,1.2632911329222374,0.4270874227046683,0.45270416140556335,0.5113577842712402,1.1180275303614244,True
p53_Y220C__4AGQ,12,ok,confornet_nomsa,1.1789870334412802,0.2042191975395093,0.43478062748908997,0.595796525478363,1.1180275303614244,True
p53_Y220C__4AGQ,13,ok,confornet_nomsa,1.202920475209286,0.2563702590216001,0.4173242449760437,0.49572235345840454,1.1180275303614244,True
p53_Y220C__4AGQ,14,ok,confornet_nomsa,1.1507423042823075,0.2757731431474255,0.39303237199783325,0.5120899081230164,1.1180275303614244,True
p53_Y220C__4AGQ,15,ok,confornet_nomsa,1.2247903116111931,0.2993118260890394,0.40729421377182007,0.5673712491989136,1.1180275303614244,True
p53_Y220C__4AGQ,16,ok,confornet_nomsa,1.1865846935429745,0.1980090236527332,0.40122100710868835,0.5750402212142944,1.1180275303614244,True
p53_Y220C__4AGQ,17,ok,confornet_nomsa,1.1752193721531958,0.2045110218370294,0.404552698135376,0.5754942893981934,1.1180275303614244,True
p53_Y220C__4AGQ,18,ok,confornet_nomsa,1.1886282129006605,0.2137645417878225,0.39640071988105774,0.5915037393569946,1.1180275303614244,True
p53_Y220C__4AGQ,19,ok,confornet_nomsa,1.1712255222178145,0.2135062858521499,0.454681932926178,0.6660434603691101,1.1180275303614244,True
p53_Y220C__4AGQ,20,ok,confornet_nomsa,1.1921844442385887,0.2351539564631883,0.4191141128540039,0.5277694463729858,1.1180275303614244,True
p53_Y220C__4AGQ,21,ok,confornet_nomsa,1.179981725518914,0.2868510011429094,0.446650892496109,0.5435073375701904,1.1180275303614244,True
p53_Y220C__4AGQ,22,ok,confornet_nomsa,1.2022665213053236,0.2766737337845786,0.40090271830558777,0.5657214522361755,1.1180275303614244,True
p53_Y220C__4AGQ,23,ok,confornet_nomsa,1.176570763049622,0.21663626437451,0.4614065885543823,0.6319572329521179,1.1180275303614244,True
p53_Y220C__4AGQ,24,ok,confornet_nomsa,1.1696035696771752,0.1997576778251967,0.4396358132362366,0.6058735847473145,1.1180275303614244,True
p53_Y220C__4AGQ,25,ok,confornet_nomsa,1.1820187374674107,0.2401511904505021,0.3988663852214813,0.4959389567375183,1.1180275303614244,True
p53_Y220C__4AGQ,26,ok,confornet_nomsa,1.1662377782323488,0.1833538238522846,0.39414864778518677,0.5559223890304565,1.1180275303614244,True
p53_Y220C__4AGQ,27,ok,confornet_nomsa,1.1843324448711772,0.191940207888213,0.4331235885620117,0.6469347476959229,1.1180275303614244,True
p53_Y220C__4AGQ,28,ok,confornet_nomsa,1.1561971527158816,0.2457004267128322,0.3856419026851654,0.5100136399269104,1.1180275303614244,True
p53_Y220C__4AGQ,29,ok,confornet_nomsa,1.1663215931342388,0.2139083713162388,0.3855603039264679,0.548256516456604,1.1180275303614244,True
HIF2alpha__6D0B,0,ok,confornet_nomsa,1.4180404413450436,1.3766729381739469,0.38682985305786133,0.4449285566806793,1.6729991744940291,True
HIF2alpha__6D0B,1,ok,confornet_nomsa,1.796968166665098,0.8486224558070895,0.4187565743923187,0.4293961524963379,1.6729991744940291,True
HIF2alpha__6D0B,2,ok,confornet_nomsa,1.5426068746760369,1.342777936271088,0.42913350462913513,0.4380551874637604,1.6729991744940291,True
HIF2alpha__6D0B,3,ok,confornet_nomsa,1.4139493574155644,1.4028690063160325,0.3617159128189087,0.44559288024902344,1.6729991744940291,True
HIF2alpha__6D0B,4,ok,confornet_nomsa,1.387478461177793,1.4025750534967587,0.36769571900367737,0.43604302406311035,1.6729991744940291,False
HIF2alpha__6D0B,5,ok,confornet_nomsa,1.40803675249334,1.3682253774773157,0.37715983390808105,0.42599666118621826,1.6729991744940291,True
HIF2alpha__6D0B,6,ok,confornet_nomsa,1.5390015234880232,1.3351604304747142,0.39240357279777527,0.44386449456214905,1.6729991744940291,True
HIF2alpha__6D0B,7,ok,confornet_nomsa,1.4652470037097722,1.4226146530995278,0.3903460204601288,0.43767043948173523,1.6729991744940291,True
HIF2alpha__6D0B,8,ok,confornet_nomsa,1.6602975934083992,0.9320268954076212,0.35950767993927,0.4001345634460449,1.6729991744940291,True
HIF2alpha__6D0B,9,ok,confornet_nomsa,1.5516019582452991,1.3425588442829166,0.37758103013038635,0.405157208442688,1.6729991744940291,True
HIF2alpha__6D0B,10,ok,confornet_nomsa,1.5299211656407172,1.295424049065127,0.42740440368652344,0.43579500913619995,1.6729991744940291,True
HIF2alpha__6D0B,11,ok,confornet_nomsa,1.7892347340995876,0.7912237359550703,0.411364883184433,0.4444701671600342,1.6729991744940291,True
HIF2alpha__6D0B,12,ok,confornet_nomsa,1.581120161820364,1.3503596903436157,0.41906651854515076,0.4216908812522888,1.6729991744940291,True
HIF2alpha__6D0B,13,ok,confornet_nomsa,1.4521407912938604,1.4225943794233682,0.37369027733802795,0.412711501121521,1.6729991744940291,True
HIF2alpha__6D0B,14,ok,confornet_nomsa,1.80221613790356,0.8020686704097775,0.40056154131889343,0.43032798171043396,1.6729991744940291,True
HIF2alpha__6D0B,15,ok,confornet_nomsa,1.5781951668949468,1.3275839616464324,0.4400418698787689,0.43620648980140686,1.6729991744940291,True
HIF2alpha__6D0B,16,ok,confornet_nomsa,1.6943826105493458,0.9283132437903396,0.3776032328605652,0.4440808594226837,1.6729991744940291,True
HIF2alpha__6D0B,17,ok,confornet_nomsa,1.705518508422704,0.907788217882649,0.3793112635612488,0.40808454155921936,1.6729991744940291,True
HIF2alpha__6D0B,18,ok,confornet_nomsa,1.5633315341721226,1.3290974665757822,0.3707481324672699,0.411008358001709,1.6729991744940291,True
HIF2alpha__6D0B,19,ok,confornet_nomsa,1.542511642050154,1.3102820262793946,0.3778204619884491,0.4220767915248871,1.6729991744940291,True
HIF2alpha__6D0B,20,ok,confornet_nomsa,1.7500375850984518,0.8649603434987484,0.402170330286026,0.43763673305511475,1.6729991744940291,True
HIF2alpha__6D0B,21,ok,confornet_nomsa,1.5509966866680105,1.355689767886258,0.4100191593170166,0.4442993104457855,1.6729991744940291,True
HIF2alpha__6D0B,22,ok,confornet_nomsa,1.7557081456430226,0.7952409356303576,0.41163110733032227,0.4099665880203247,1.6729991744940291,True
HIF2alpha__6D0B,23,ok,confornet_nomsa,1.4591161971582345,1.3997103928256922,0.39740413427352905,0.39298439025878906,1.6729991744940291,True
HIF2alpha__6D0B,24,ok,confornet_nomsa,1.7061549609816662,0.9356133753565842,0.38872891664505005,0.4367409944534302,1.6729991744940291,True
HIF2alpha__6D0B,25,ok,confornet_nomsa,1.5697651724036903,1.346303769952614,0.41382482647895813,0.4033394157886505,1.6729991744940291,True
HIF2alpha__6D0B,26,ok,confornet_nomsa,1.8006210742371709,0.8333651998958255,0.40177565813064575,0.41134580969810486,1.6729991744940291,True
HIF2alpha__6D0B,27,ok,confornet_nomsa,1.795057814810019,0.8211197397283909,0.40969160199165344,0.4403517544269562,1.6729991744940291,True
HIF2alpha__6D0B,28,ok,confornet_nomsa,1.4414288554361665,1.4401606989148392,0.4155213236808777,0.44072291254997253,1.6729991744940291,True
HIF2alpha__6D0B,29,ok,confornet_nomsa,1.6010818583498785,1.3389085811693888,0.4217453598976135,0.42033201456069946,1.6729991744940291,True
HIV_RT__3V81,0,ok,confornet_nomsa,1.3942408608735486,2.978917920809488,1.0183786153793335,1.3264224529266357,3.0896312117090363,False
HIV_RT__3V81,1,ok,confornet_nomsa,2.8894570757657974,3.402733530075816,1.4051247835159302,1.3792752027511597,3.0896312117090363,False
HIV_RT__3V81,2,ok,confornet_nomsa,1.3324015446992403,2.85543306065778,0.9947253465652466,1.3133833408355713,3.0896312117090363,False
HIV_RT__3V81,3,ok,confornet_nomsa,1.2818520739776662,2.646927030579146,1.073787808418274,1.3022617101669312,3.0896312117090363,False
HIV_RT__3V81,4,ok,confornet_nomsa,1.1948615252515744,2.7803875987700963,0.973065972328186,1.3010917901992798,3.0896312117090363,False
HIV_RT__3V81,5,ok,confornet_nomsa,2.422857497643784,1.971804481593696,1.1051138639450073,0.9647952318191528,3.0896312117090363,True
HIV_RT__3V81,6,ok,confornet_nomsa,1.2045058625063083,2.9161937061426406,0.8785092234611511,1.4394829273223877,3.0896312117090363,False
HIV_RT__3V81,7,ok,confornet_nomsa,1.6614730177956245,2.713354900811721,1.1800559759140015,1.1706050634384155,3.0896312117090363,False
HIV_RT__3V81,8,ok,confornet_nomsa,1.4117786707488396,2.740828981440885,1.0369012355804443,1.2052785158157349,3.0896312117090363,False
HIV_RT__3V81,9,ok,confornet_nomsa,2.1087924812661782,3.231624157057273,1.563826322555542,1.5174003839492798,3.0896312117090363,False
THSR__7UTZ,0,ok,confornet_nomsa,2.5595131957670456,2.866594304877485,1.8539273738861084,1.7929373979568481,2.4345552542057787,False
THSR__7UTZ,1,ok,confornet_nomsa,3.388367983068028,3.1886129053392374,1.764657974243164,1.7119574546813965,2.4345552542057787,False
THSR__7UTZ,2,ok,confornet_nomsa,2.704392702402576,2.505567925044254,1.670068383216858,1.6265987157821655,2.4345552542057787,False
THSR__7UTZ,3,ok,confornet_nomsa,3.4166180038452927,2.992977937263737,1.9876937866210938,1.9478802680969238,2.4345552542057787,False
THSR__7UTZ,4,ok,confornet_nomsa,2.593776089045698,2.6187864863103085,1.8289237022399902,1.7949098348617554,2.4345552542057787,False
THSR__7UTZ,5,ok,confornet_nomsa,2.990845756864048,3.014044070836741,1.7547979354858398,1.7176693677902222,2.4345552542057787,False
THSR__7UTZ,6,ok,confornet_nomsa,3.799157244645925,3.1737443781371795,1.892920732498169,1.84396231174469,2.4345552542057787,False
THSR__7UTZ,7,ok,confornet_nomsa,3.11637774993581,3.211200987751232,1.6753296852111816,1.61928129196167,2.4345552542057787,False
THSR__7UTZ,8,ok,confornet_nomsa,3.3641148726624115,3.2390800091327683,1.6244887113571167,1.5716756582260132,2.4345552542057787,False
THSR__7UTZ,9,ok,confornet_nomsa,4.16484183948138,3.709986212241937,2.0090856552124023,1.9511363506317139,2.4345552542057787,False
Bcl-xL,0,ok,confornet_nomsa,8.552500593673901,8.691804884053802,8.294083595275879,8.301641464233398,2.505562006849456,False
Bcl-xL,1,ok,confornet_nomsa,8.742774006579483,8.94081797404844,8.377058029174805,8.467719078063965,2.505562006849456,False
Bcl-xL,2,ok,confornet_nomsa,8.904969061397567,9.145751443665187,8.015000343322754,8.038198471069336,2.505562006849456,False
Bcl-xL,3,ok,confornet_nomsa,8.67337829272433,8.930562806811706,8.20129108428955,8.296860694885254,2.505562006849456,False
Bcl-xL,4,ok,confornet_nomsa,9.016235649801425,9.249985621396146,8.345431327819824,8.443399429321289,2.505562006849456,False
Bcl-xL,100,ok,confornet_nomsa,12.531394500756873,13.427898665463733,13.258414268493652,13.451202392578125,2.505562006849456,False
Bcl-xL,101,ok,confornet_nomsa,9.892016741389424,10.700130346171818,12.165592193603516,12.341614723205566,2.505562006849456,False
Bcl-xL,102,ok,confornet_nomsa,12.791435647498309,13.627460661313775,14.496706008911133,14.69239616394043,2.505562006849456,False
Bcl-xL,103,ok,confornet_nomsa,13.580405372034983,14.090798447123168,15.133220672607422,15.331948280334473,2.505562006849456,False
Bcl-xL,104,ok,confornet_nomsa,7.798245624749661,8.684743392473639,12.369301795959473,12.557013511657715,2.505562006849456,False
betaLG,0,ok,confornet_nomsa,33.258650504315575,33.2928802616426,35.854339599609375,35.88473129272461,1.3972391993938094,False
betaLG,1,ok,confornet_nomsa,32.68635244704543,32.7287463981312,35.3258056640625,35.361507415771484,1.3972391993938094,False
betaLG,2,ok,confornet_nomsa,33.03260182896058,33.077587740184974,35.81980514526367,35.851593017578125,1.3972391993938094,False
betaLG,3,ok,confornet_nomsa,33.18541351839547,33.21372880105794,35.908172607421875,35.94219970703125,1.3972391993938094,False
betaLG,4,ok,confornet_nomsa,33.206019561913386,33.251572293717786,35.90342712402344,35.938072204589844,1.3972391993938094,False
betaLG,100,ok,confornet_nomsa,6.1189431264089835,6.438100466130881,7.11781644821167,7.122716903686523,1.3972391993938094,False
betaLG,101,ok,confornet_nomsa,5.469835570666739,5.430252866463163,8.858699798583984,8.834508895874023,1.3972391993938094,False
betaLG,102,ok,confornet_nomsa,5.682523281719506,5.7563165019854665,6.066775321960449,6.075068473815918,1.3972391993938094,False
betaLG,103,ok,confornet_nomsa,5.348908185049441,5.47421998375229,6.508354187011719,6.496708393096924,1.3972391993938094,False
betaLG,104,ok,confornet_nomsa,6.634203262410251,6.966577541418311,8.020668029785156,8.033746719360352,1.3972391993938094,False
NDPK-A,0,ok,confornet_nomsa,19.383312904898567,19.90854580093596,26.369548797607422,26.589006423950195,3.4697602388704447,False
NDPK-A,1,ok,confornet_nomsa,31.908682810191372,33.318084434449375,35.86212158203125,36.49748611450195,3.4697602388704447,False
NDPK-A,2,ok,confornet_nomsa,44.66719034686681,46.18331740670285,39.996883392333984,40.80104446411133,3.4697602388704447,False
NDPK-A,3,ok,confornet_nomsa,27.487858929515834,28.73576766128024,29.88545036315918,30.427959442138672,3.4697602388704447,False
NDPK-A,4,ok,confornet_nomsa,39.62349030795308,40.954051997329884,37.24704360961914,37.92581558227539,3.4697602388704447,False
NDPK-A,100,ok,confornet_nomsa,13.529993318093943,13.05362270397175,12.709153175354004,12.698369979858398,3.4697602388704447,False
NDPK-A,101,ok,confornet_nomsa,17.439248957156707,17.498759602572417,17.22011947631836,17.3946533203125,3.4697602388704447,False
NDPK-A,102,ok,confornet_nomsa,13.431513052719895,13.386863912687895,12.054546356201172,12.141270637512207,3.4697602388704447,False
NDPK-A,103,ok,confornet_nomsa,12.538943361925465,12.379881368578465,12.292993545532227,12.269962310791016,3.4697602388704447,False
NDPK-A,104,ok,confornet_nomsa,17.729098700032967,17.860308047826674,12.691043853759766,12.818886756896973,3.4697602388704447,False
GLTP,0,ok,confornet_nomsa,11.33548568489529,10.438703853401128,19.75075340270996,19.332075119018555,2.1410013181020275,False
GLTP,1,ok,confornet_nomsa,13.265479067442563,12.329144840579982,21.49080467224121,21.032495498657227,2.1410013181020275,False
GLTP,2,ok,confornet_nomsa,12.332428211270877,11.424588061304412,20.042722702026367,19.606637954711914,2.1410013181020275,False
GLTP,3,ok,confornet_nomsa,12.130799114313708,11.27189891699211,19.699291229248047,19.284637451171875,2.1410013181020275,False
GLTP,4,ok,confornet_nomsa,12.997482362212661,12.114537381372593,21.07990837097168,20.643404006958008,2.1410013181020275,False
GLTP,100,ok,confornet_nomsa,10.628934119203112,9.228285299848917,13.49105453491211,12.834345817565918,2.1410013181020275,False
GLTP,101,ok,confornet_nomsa,8.766750589520731,7.541873921400837,12.131852149963379,11.650649070739746,2.1410013181020275,False
GLTP,102,ok,confornet_nomsa,13.776730864277111,12.377321262636032,15.178013801574707,14.406806945800781,2.1410013181020275,False
GLTP,103,ok,confornet_nomsa,9.764088432103836,8.543194225581088,12.426483154296875,12.101195335388184,2.1410013181020275,False
GLTP,104,ok,confornet_nomsa,10.759741709377302,9.3458595174406,13.625663757324219,12.916593551635742,2.1410013181020275,False
SHP2,0,ok,confornet_nomsa,55.98633684210067,56.50168523262311,48.828460693359375,48.916385650634766,1.8482636253491054,False
SHP2,1,ok,confornet_nomsa,51.78427874999284,52.515437563905046,45.23820877075195,45.35602569580078,1.8482636253491054,False
SHP2,2,ok,confornet_nomsa,39.39516543172215,39.94330866044812,35.67864990234375,35.81011199951172,1.8482636253491054,False
SHP2,3,ok,confornet_nomsa,34.38391037344716,35.018023891879714,31.077651977539062,31.20747184753418,1.8482636253491054,False
SHP2,4,ok,confornet_nomsa,36.12970058773888,36.7319924138392,31.258325576782227,31.48720359802246,1.8482636253491054,False
SHP2,100,ok,confornet_nomsa,29.74715429207578,30.146949133147398,29.156587600708008,29.23082733154297,1.8482636253491054,False
SHP2,101,ok,confornet_nomsa,30.3887060340414,30.84068441553849,29.69314956665039,29.757339477539062,1.8482636253491054,False
SHP2,102,ok,confornet_nomsa,31.072276733320418,31.237640631220145,30.354381561279297,30.306236267089844,1.8482636253491054,False
SHP2,103,ok,confornet_nomsa,35.5012683519719,35.65542157344238,34.501220703125,34.49500274658203,1.8482636253491054,False
SHP2,104,ok,confornet_nomsa,29.869557982197303,30.308511719966262,30.078882217407227,30.178701400756836,1.8482636253491054,False
METTL14,0,ok,confornet_nomsa,16.05094203580208,15.783739970258331,21.34111213684082,21.12512969970703,2.571628452131643,False
METTL14,1,ok,confornet_nomsa,15.412310566721834,14.646503580673166,18.046733856201172,17.8443603515625,2.571628452131643,False
METTL14,2,ok,confornet_nomsa,15.066982303900701,14.437267060485556,17.162797927856445,16.974224090576172,2.571628452131643,False
METTL14,3,ok,confornet_nomsa,13.049021804473268,12.859344931807192,17.047500610351562,16.800949096679688,2.571628452131643,False
METTL14,4,ok,confornet_nomsa,13.926821103324354,14.378176873819704,16.233154296875,16.148374557495117,2.571628452131643,False
METTL14,100,ok,confornet_nomsa,13.559023251695553,12.81998542772914,11.051583290100098,10.702880859375,2.571628452131643,False
METTL14,101,ok,confornet_nomsa,14.450969982721146,13.508791308883008,11.63286018371582,11.318157196044922,2.571628452131643,False
METTL14,102,ok,confornet_nomsa,12.611531217066403,11.940261741849179,11.27111530303955,11.001479148864746,2.571628452131643,False
METTL14,103,ok,confornet_nomsa,13.564690646076604,12.835949363772668,11.191915512084961,10.851103782653809,2.571628452131643,False
METTL14,104,ok,confornet_nomsa,13.64833985500247,12.927445059036009,11.334582328796387,11.053206443786621,2.571628452131643,False
FUT8,0,ok,confornet_nomsa,54.78116209643399,54.04710638925755,70.13378143310547,70.14282989501953,3.419934534191317,False
FUT8,1,ok,confornet_nomsa,63.044730673806185,61.87057030904418,58.605655670166016,58.573570251464844,3.419934534191317,False
FUT8,2,ok,confornet_nomsa,28.82614045010054,30.081592528516907,49.6783561706543,49.70779037475586,3.419934534191317,False
FUT8,3,ok,confornet_nomsa,13.205117348019783,11.931080183002859,33.06484603881836,33.02008819580078,3.419934534191317,False
FUT8,4,ok,confornet_nomsa,68.49829904444897,67.56882018111685,55.5081901550293,55.48745346069336,3.419934534191317,False
FUT8,100,ok,confornet_nomsa,14.247621461212168,14.019024780588726,13.041594505310059,12.947032928466797,3.419934534191317,False
FUT8,101,ok,confornet_nomsa,19.321954899462256,19.993905447690437,14.015384674072266,14.085402488708496,3.419934534191317,False
FUT8,102,ok,confornet_nomsa,9.383501107049371,10.439852518538574,12.479299545288086,12.378097534179688,3.419934534191317,False
FUT8,103,ok,confornet_nomsa,13.153360548660572,13.546836314972804,15.890824317932129,15.846863746643066,3.419934534191317,False
FUT8,104,ok,confornet_nomsa,19.35520564482873,19.761411529573586,13.526201248168945,13.486873626708984,3.419934534191317,False
p53_Y220C,0,ok,rfd3_fix7,0.3396208752122036,1.2131587176032161,0.3270234763622284,0.6675241589546204,1.1600563699903448,False
p53_Y220C,1,ok,rfd3_fix7,0.28466983574265375,1.1588795634140674,0.6082242727279663,0.9163162112236023,1.1600563699903448,False
p53_Y220C,2,ok,rfd3_fix7,0.5646715280638084,1.3478316188358104,0.6680904030799866,0.9759606122970581,1.1600563699903448,False
p53_Y220C,3,ok,rfd3_fix7,0.3582124565348386,1.178465287959875,0.487936794757843,0.7710088491439819,1.1600563699903448,False
p53_Y220C,4,ok,rfd3_fix7,0.5031216252057796,1.333714351255101,0.5842615962028503,0.8863276243209839,1.1600563699903448,False
p53_Y220C,100,ok,rfd3_fix7,0.3936736098368163,1.1753128149398495,0.6206344962120056,0.8372015357017517,1.1600563699903448,False
p53_Y220C,101,ok,rfd3_fix7,0.35082141331940747,1.272928584782341,0.436727374792099,0.7947965860366821,1.1600563699903448,False
p53_Y220C,102,ok,rfd3_fix7,0.3874078641074575,1.1708671474438497,0.6402741074562073,0.922614574432373,1.1600563699903448,False
p53_Y220C,103,ok,rfd3_fix7,0.2837956161074853,1.0969353930012762,0.4670625925064087,0.7874525189399719,1.1600563699903448,False
p53_Y220C,104,ok,rfd3_fix7,0.36125205674075445,1.1094107465402439,0.5473136305809021,0.8405325412750244,1.1600563699903448,False
p53_Y220C,200,ok,rfd3_fix7,0.3634604418864442,1.211038433503532,0.50250244140625,0.7960936427116394,1.1600563699903448,False
p53_Y220C,201,ok,rfd3_fix7,0.7981708686092979,1.627765356601603,0.579218864440918,0.8900319933891296,1.1600563699903448,False
p53_Y220C,202,ok,rfd3_fix7,0.37462345397820285,1.2194533967365613,0.4929501414299011,0.7684478163719177,1.1600563699903448,False
p53_Y220C,203,ok,rfd3_fix7,0.561647723168073,1.3999034507701849,0.5144079923629761,0.8467085361480713,1.1600563699903448,False
p53_Y220C,204,ok,rfd3_fix7,0.9561985675219378,0.6066858998942309,0.539841890335083,0.8114984035491943,1.1600563699903448,True
p53_Y220C,300,ok,rfd3_fix7,0.4409668572500812,1.0833964451721736,0.6134749054908752,0.850490391254425,1.1600563699903448,False
p53_Y220C,301,ok,rfd3_fix7,0.28905765426285734,1.1539253372752232,0.385379433631897,0.7238985896110535,1.1600563699903448,False
p53_Y220C,302,ok,rfd3_fix7,0.5928094675927971,1.328930419845605,0.6746417284011841,0.9088501334190369,1.1600563699903448,False
p53_Y220C,303,ok,rfd3_fix7,0.37581276236074057,1.2131913406651653,0.49680086970329285,0.7991930246353149,1.1600563699903448,False
p53_Y220C,304,ok,rfd3_fix7,0.4207832432513286,1.3080322275498104,0.4982481896877289,0.8173648118972778,1.1600563699903448,False
p53_Y220C,400,ok,rfd3_fix7,0.4116962887586588,1.1138018902051625,0.5542787313461304,0.7743841409683228,1.1600563699903448,False
p53_Y220C,401,ok,rfd3_fix7,0.37228184624975913,1.271814228327447,0.42667102813720703,0.7464481592178345,1.1600563699903448,False
p53_Y220C,402,ok,rfd3_fix7,0.3156056420209511,1.2302690939416034,0.6288789510726929,0.9363150000572205,1.1600563699903448,False
p53_Y220C,403,ok,rfd3_fix7,0.3338292972071855,1.1448932721788434,0.4484017491340637,0.7447350025177002,1.1600563699903448,False
p53_Y220C,404,ok,rfd3_fix7,0.27676655700121217,1.1978577751389587,0.4988221824169159,0.7786073088645935,1.1600563699903448,False
p53_Y220C,500,ok,rfd3_fix7,0.27031108436875295,1.1251486574077576,0.41536208987236023,0.7551231980323792,1.1600563699903448,False
p53_Y220C,501,ok,rfd3_fix7,0.33733818154438333,1.1919954437706424,0.4569813907146454,0.7663551568984985,1.1600563699903448,False
p53_Y220C,502,ok,rfd3_fix7,0.5571105757875884,1.379817326659566,0.7959697246551514,1.1011308431625366,1.1600563699903448,False
p53_Y220C,503,ok,rfd3_fix7,0.3204789698282604,1.2075910370958989,0.41783902049064636,0.7146227359771729,1.1600563699903448,False
p53_Y220C,504,ok,rfd3_fix7,0.297073197711324,1.1592782034142526,0.4762898087501526,0.7636642456054688,1.1600563699903448,False
CB1,0,ok,rfd3_fix7,1.8885089275507558,1.9592688019350584,0.6551703214645386,1.016642451286316,2.023384393567615,False
CB1,1,ok,rfd3_fix7,1.8431663068190036,1.9306046077921504,0.6261399388313293,0.9777510166168213,2.023384393567615,False
CB1,2,ok,rfd3_fix7,2.0737452722601617,1.8897358905781962,0.6529131531715393,0.9578818082809448,2.023384393567615,True
CB1,3,ok,rfd3_fix7,1.7149417443365398,1.7939790790865364,0.6101034879684448,0.9689701795578003,2.023384393567615,False
CB1,4,ok,rfd3_fix7,1.8661594868404574,1.9480968648119257,0.7185022234916687,1.0272021293640137,2.023384393567615,False
CB1,100,ok,rfd3_fix7,1.3492266872041399,1.995695780750552,0.6765416264533997,0.9955236315727234,2.023384393567615,False
CB1,101,ok,rfd3_fix7,1.6795959079685687,2.1158470424204467,0.6191821694374084,0.9979300498962402,2.023384393567615,False
CB1,102,ok,rfd3_fix7,2.0554282890764703,2.2008088153547263,0.7832447290420532,1.081747055053711,2.023384393567615,False
CB1,103,ok,rfd3_fix7,1.783697983091406,1.8695896503547789,0.5964235067367554,1.0063399076461792,2.023384393567615,False
CB1,104,ok,rfd3_fix7,2.0572058808673543,2.240496630094652,0.6958889365196228,1.042420744895935,2.023384393567615,False
CB1,200,ok,rfd3_fix7,2.0011054357212505,2.199072451079664,0.6616128087043762,0.9842649102210999,2.023384393567615,False
CB1,201,ok,rfd3_fix7,1.8059793349915503,1.9313494317791262,0.6445947289466858,0.9941399693489075,2.023384393567615,False
CB1,202,ok,rfd3_fix7,1.6249546319111379,2.044432943710284,0.7048668265342712,0.9704440832138062,2.023384393567615,False
CB1,203,ok,rfd3_fix7,1.438626690929335,2.0464903168287525,0.6689391136169434,0.9703348875045776,2.023384393567615,False
CB1,204,ok,rfd3_fix7,1.8746151705823173,1.9969808055299283,0.6757883429527283,0.9862188100814819,2.023384393567615,False
CB1,300,ok,rfd3_fix7,2.026220368799188,2.1281098276291326,0.6705402731895447,1.0276614427566528,2.023384393567615,False
CB1,301,ok,rfd3_fix7,1.3487710941458917,1.9327682725341806,0.69573974609375,0.9687722325325012,2.023384393567615,False
CB1,302,ok,rfd3_fix7,1.8692576461331083,2.1662170155500506,0.7582021951675415,1.014238715171814,2.023384393567615,False
CB1,303,ok,rfd3_fix7,1.89135941368907,2.0569114301483213,0.6379851698875427,0.9845470190048218,2.023384393567615,False
CB1,304,ok,rfd3_fix7,1.8642775736564943,2.0393442452155317,0.705386221408844,1.0125218629837036,2.023384393567615,False
CB1,400,ok,rfd3_fix7,2.00296927724205,2.355295130240886,0.8293065428733826,1.0973644256591797,2.023384393567615,False
CB1,401,ok,rfd3_fix7,2.0092221116816695,1.864657148987398,0.6633219718933105,0.9917589426040649,2.023384393567615,True
CB1,402,ok,rfd3_fix7,1.8211696961011143,2.1167590323058745,0.6719980835914612,1.0057560205459595,2.023384393567615,False
CB1,403,ok,rfd3_fix7,1.8249197451142924,1.9395643559979898,0.6539592742919922,0.9679487943649292,2.023384393567615,False
CB1,404,ok,rfd3_fix7,1.754068484343669,2.123931599560439,0.686406135559082,1.0241913795471191,2.023384393567615,False
CB1,500,ok,rfd3_fix7,1.4733292338322395,2.389925039556184,0.6912302374839783,1.0223102569580078,2.023384393567615,False
CB1,501,ok,rfd3_fix7,1.47281567990082,1.9633249083933524,0.6299632787704468,0.9585328698158264,2.023384393567615,False
CB1,502,ok,rfd3_fix7,1.6271842720089749,2.101973360980579,0.7732772827148438,1.074218988418579,2.023384393567615,False
CB1,503,ok,rfd3_fix7,1.7039236476825645,2.3770726698393765,0.654481053352356,1.0313928127288818,2.023384393567615,False
CB1,504,ok,rfd3_fix7,1.909960033367715,2.137346168222519,0.7267701625823975,1.0142229795455933,2.023384393567615,False
KRAS,0,ok,rfd3_fix7,2.8903943391274716,3.727316855810331,1.4447511434555054,2.022005319595337,3.742426159251105,False
KRAS,1,ok,rfd3_fix7,1.36960979399587,3.6169013198913453,0.7676250338554382,1.436051845550537,3.742426159251105,False
KRAS,2,ok,rfd3_fix7,2.130874987323048,3.507714728277971,0.7390385866165161,1.4758905172348022,3.742426159251105,False
KRAS,3,ok,rfd3_fix7,1.97163219668939,3.5434454019669728,1.1834419965744019,1.559855341911316,3.742426159251105,False
KRAS,4,ok,rfd3_fix7,1.7778744022155897,3.492986560073985,0.7287079691886902,1.5472408533096313,3.742426159251105,False
KRAS,100,ok,rfd3_fix7,2.0841428149963597,3.4776607970574016,0.6997606158256531,1.4631917476654053,3.742426159251105,False
KRAS,101,ok,rfd3_fix7,2.128723508644558,3.295840623677864,0.5429586172103882,1.4611663818359375,3.742426159251105,False
KRAS,102,ok,rfd3_fix7,2.08360909669599,3.139600852900005,0.6853506565093994,1.3012775182724,3.742426159251105,False
KRAS,103,ok,rfd3_fix7,1.8412717726149221,3.1178401021642435,0.7135939002037048,1.4733153581619263,3.742426159251105,False
KRAS,104,ok,rfd3_fix7,2.2580110630026176,3.2761317532949734,0.757408857345581,1.5409095287322998,3.742426159251105,False
KRAS,200,ok,rfd3_fix7,2.4741524423621266,4.16536969841393,0.580592691898346,1.4595081806182861,3.742426159251105,False
KRAS,201,ok,rfd3_fix7,2.2274878842778434,3.1601759634470823,0.728239119052887,1.5324565172195435,3.742426159251105,False
KRAS,202,ok,rfd3_fix7,1.798962572492872,3.5284199172484207,0.7162903547286987,1.5175360441207886,3.742426159251105,False
KRAS,203,ok,rfd3_fix7,1.7105715632204914,3.9216265840811966,0.9012652635574341,1.6103793382644653,3.742426159251105,False
KRAS,204,ok,rfd3_fix7,1.7077172179399618,3.499321647316724,0.8124971389770508,1.6212842464447021,3.742426159251105,False
KRAS,300,ok,rfd3_fix7,1.2264452048560444,3.6530553422348753,0.7020888924598694,1.4218909740447998,3.742426159251105,False
KRAS,301,ok,rfd3_fix7,1.928240369989043,3.3764196006159577,0.7781739234924316,1.4884878396987915,3.742426159251105,False
KRAS,302,ok,rfd3_fix7,2.2433877738765764,3.1597299750704186,0.7010186314582825,1.4925413131713867,3.742426159251105,False
KRAS,303,ok,rfd3_fix7,1.924366937349992,3.376777813483647,0.830485463142395,1.5221847295761108,3.742426159251105,False
KRAS,304,ok,rfd3_fix7,2.2422047874741615,3.5713824949228123,0.8565788269042969,1.4745464324951172,3.742426159251105,False
KRAS,400,ok,rfd3_fix7,2.0301018990488613,3.338064924690536,0.6977120041847229,1.3313945531845093,3.742426159251105,False
KRAS,401,ok,rfd3_fix7,2.5566089704388215,3.7663712646288166,1.1905653476715088,1.6579415798187256,3.742426159251105,False
KRAS,402,ok,rfd3_fix7,1.3385327035858856,3.480548801702407,0.8815849423408508,1.3444653749465942,3.742426159251105,False
KRAS,403,ok,rfd3_fix7,1.5895861160725004,3.6445016071542278,0.8636946082115173,1.4270325899124146,3.742426159251105,False
KRAS,404,ok,rfd3_fix7,2.276114281433187,3.2694232815069597,0.9020931720733643,1.411608099937439,3.742426159251105,False
KRAS,500,ok,rfd3_fix7,2.0185469860893637,3.439688261771574,0.7517589330673218,1.4938064813613892,3.742426159251105,False
KRAS,501,ok,rfd3_fix7,1.6439450012100212,3.52648768214903,0.9558464288711548,1.6910053491592407,3.742426159251105,False
KRAS,502,ok,rfd3_fix7,2.6500936569052755,3.288257323822892,0.6847466230392456,1.5077359676361084,3.742426159251105,False
KRAS,503,ok,rfd3_fix7,1.8295199099820143,3.467439390098044,1.0454552173614502,1.5643452405929565,3.742426159251105,False
KRAS,504,ok,rfd3_fix7,1.8067246652259936,3.5756757731912816,1.1443414688110352,1.598678708076477,3.742426159251105,False
cAbl,0,ok,rfd3_fix7,1.2278556990159954,3.411693967367386,0.5089163184165955,1.7831041812896729,3.4458517805005147,False
cAbl,1,ok,rfd3_fix7,1.3344605563164325,3.331092940662503,0.46342945098876953,1.7268683910369873,3.4458517805005147,False
cAbl,2,ok,rfd3_fix7,1.2660651752371836,3.569519346776266,0.38708460330963135,1.6242094039916992,3.4458517805005147,False
cAbl,3,ok,rfd3_fix7,1.6495187608982542,3.7379990822289395,0.43665820360183716,1.7264281511306763,3.4458517805005147,False
cAbl,4,ok,rfd3_fix7,2.7479966511163076,4.033610767094199,0.6098101735115051,1.8149627447128296,3.4458517805005147,False
cAbl,100,ok,rfd3_fix7,1.1045105188398376,3.385426722034901,0.3928409516811371,1.6854581832885742,3.4458517805005147,False
cAbl,101,ok,rfd3_fix7,2.359470286717276,4.077019186677799,0.6706448197364807,1.7050604820251465,3.4458517805005147,False
cAbl,102,ok,rfd3_fix7,1.6075022834644253,3.4071586645011105,0.5621553063392639,1.7794837951660156,3.4458517805005147,False
cAbl,103,ok,rfd3_fix7,1.1733039830389955,3.399160809448244,0.456192284822464,1.6835099458694458,3.4458517805005147,False
cAbl,104,ok,rfd3_fix7,2.466230216889494,3.92046951606876,0.6134796738624573,1.7120832204818726,3.4458517805005147,False
cAbl,200,ok,rfd3_fix7,1.384707522376255,3.3827272425831594,0.4990346431732178,1.7599211931228638,3.4458517805005147,False
cAbl,201,ok,rfd3_fix7,1.501868410389189,3.293316939082903,0.5146721601486206,1.7309168577194214,3.4458517805005147,False
cAbl,202,ok,rfd3_fix7,1.1930635565341818,3.5281673175279233,0.4088371992111206,1.7277799844741821,3.4458517805005147,False
cAbl,203,ok,rfd3_fix7,2.2544325056382597,4.009570615534388,0.5694242119789124,1.7898716926574707,3.4458517805005147,False
cAbl,204,ok,rfd3_fix7,1.807391562961702,3.5713995238206038,0.7179802656173706,1.7708430290222168,3.4458517805005147,False
cAbl,300,ok,rfd3_fix7,2.8719038692868604,2.330995321220977,0.9322121143341064,1.464384913444519,3.4458517805005147,True
cAbl,301,ok,rfd3_fix7,1.594569837220142,3.7040049881896944,0.4827546775341034,1.7069453001022339,3.4458517805005147,False
cAbl,302,ok,rfd3_fix7,1.3907640650519169,3.5844946197212373,0.3714680075645447,1.7085686922073364,3.4458517805005147,False
cAbl,303,ok,rfd3_fix7,1.5332309198587553,3.3826768474722777,0.4766782224178314,1.6967365741729736,3.4458517805005147,False
cAbl,304,ok,rfd3_fix7,1.6926420029802591,3.275909876890564,0.5286094546318054,1.618018388748169,3.4458517805005147,False
cAbl,400,ok,rfd3_fix7,2.2917074737068797,3.5197566075926594,0.4289356470108032,1.7348188161849976,3.4458517805005147,False
cAbl,401,ok,rfd3_fix7,1.3279799520461657,3.4499178578996497,0.41773754358291626,1.682651162147522,3.4458517805005147,False
cAbl,402,ok,rfd3_fix7,1.6994041657756258,3.4047700368048393,0.523825466632843,1.6669007539749146,3.4458517805005147,False
cAbl,403,ok,rfd3_fix7,3.1204964971029914,2.3278526548884444,1.0321959257125854,1.5165718793869019,3.4458517805005147,True
cAbl,404,ok,rfd3_fix7,1.5907764517684628,3.3946863218185586,0.4030955135822296,1.7500617504119873,3.4458517805005147,False
cAbl,500,ok,rfd3_fix7,1.1705690364934176,3.4885246756386348,0.4275673031806946,1.711155652999878,3.4458517805005147,False
cAbl,501,ok,rfd3_fix7,1.4723121114132565,3.491514443691832,0.42122820019721985,1.6455448865890503,3.4458517805005147,False
cAbl,502,ok,rfd3_fix7,2.3377970035248206,3.7957744768354833,0.5592755675315857,1.7620995044708252,3.4458517805005147,False
cAbl,503,ok,rfd3_fix7,1.3660701138401494,3.3782959189414083,0.5440446138381958,1.7354590892791748,3.4458517805005147,False
cAbl,504,ok,rfd3_fix7,1.5621213684598576,3.3445426034703676,0.528253436088562,1.6642957925796509,3.4458517805005147,False
HIF2alpha,0,ok,rfd3_fix7,2.522125501454009,2.4909577559425737,0.24056704342365265,0.3966708481311798,1.86542516135414,False
HIF2alpha,1,ok,rfd3_fix7,1.348739810068792,1.2393938448673372,0.306451678276062,0.4231170117855072,1.86542516135414,True
HIF2alpha,2,ok,rfd3_fix7,2.4848214207561825,2.6143652431115374,0.26530182361602783,0.445498526096344,1.86542516135414,False
HIF2alpha,3,ok,rfd3_fix7,1.6097382235378586,1.058496049201987,0.28894540667533875,0.4101705849170685,1.86542516135414,True
HIF2alpha,4,ok,rfd3_fix7,2.529812816887599,2.595376848850438,0.2685611844062805,0.4489593207836151,1.86542516135414,False
HIF2alpha,100,ok,rfd3_fix7,2.5356370038699194,2.614224838665114,0.2731049656867981,0.43697041273117065,1.86542516135414,False
HIF2alpha,101,ok,rfd3_fix7,2.638345570988728,2.671366602942513,0.27869027853012085,0.4291079640388489,1.86542516135414,False
HIF2alpha,102,ok,rfd3_fix7,2.675565851085423,2.628674715328254,0.27571749687194824,0.41777724027633667,1.86542516135414,False
HIF2alpha,103,ok,rfd3_fix7,1.2851560026437199,1.239357935824908,0.2831391394138336,0.4522046148777008,1.86542516135414,True
HIF2alpha,104,ok,rfd3_fix7,1.2746475077370363,1.1455547109609607,0.25049567222595215,0.4009370803833008,1.86542516135414,True
HIF2alpha,200,ok,rfd3_fix7,2.6855943414365813,2.604248564386039,0.27410614490509033,0.41753914952278137,1.86542516135414,False
HIF2alpha,201,ok,rfd3_fix7,2.4695827190341983,2.547012647823953,0.2709767520427704,0.41705095767974854,1.86542516135414,False
HIF2alpha,202,ok,rfd3_fix7,2.63893909295049,2.5861533165517656,0.24443012475967407,0.42742928862571716,1.86542516135414,False
HIF2alpha,203,ok,rfd3_fix7,2.461607094820653,2.5777890998036295,0.24592740833759308,0.3883707523345947,1.86542516135414,False
HIF2alpha,204,ok,rfd3_fix7,2.338553289145267,2.6545945138595535,0.25864529609680176,0.46119529008865356,1.86542516135414,False
HIF2alpha,300,ok,rfd3_fix7,2.5497387970429752,2.58169608378289,0.2638093829154968,0.42316368222236633,1.86542516135414,False
HIF2alpha,301,ok,rfd3_fix7,2.5205006865979924,2.560551840988065,0.2489544004201889,0.4033375382423401,1.86542516135414,False
HIF2alpha,302,ok,rfd3_fix7,2.6025974275884582,2.6166319502615076,0.2951839864253998,0.42471787333488464,1.86542516135414,False
HIF2alpha,303,ok,rfd3_fix7,1.577861356797513,1.117759931403747,0.27243104577064514,0.39803263545036316,1.86542516135414,True
HIF2alpha,304,ok,rfd3_fix7,1.550705744274193,1.2216822570562338,0.2681618332862854,0.4017103910446167,1.86542516135414,True
HIF2alpha,400,ok,rfd3_fix7,2.4298755045580767,2.4621731355611787,0.27546101808547974,0.4088713824748993,1.86542516135414,False
HIF2alpha,401,ok,rfd3_fix7,1.3889797696208892,1.2873727120333267,0.27841198444366455,0.4111458361148834,1.86542516135414,True
HIF2alpha,402,ok,rfd3_fix7,2.3541099744063922,2.455583036085801,0.2632138133049011,0.42542827129364014,1.86542516135414,False
HIF2alpha,403,ok,rfd3_fix7,1.4008701637834118,1.2941350424317621,0.29736924171447754,0.42784833908081055,1.86542516135414,True
HIF2alpha,404,ok,rfd3_fix7,2.5101742660393582,2.590115596363248,0.26631295680999756,0.4248194098472595,1.86542516135414,False
HIF2alpha,500,ok,rfd3_fix7,2.4376216325544,2.3975167814623664,0.2932188808917999,0.4589916467666626,1.86542516135414,False
HIF2alpha,501,ok,rfd3_fix7,2.4413688148171615,2.6091941623625883,0.351322740316391,0.44659802317619324,1.86542516135414,False
HIF2alpha,502,ok,rfd3_fix7,2.6634392480077262,2.6108879936430944,0.2598848044872284,0.42021071910858154,1.86542516135414,False
HIF2alpha,503,ok,rfd3_fix7,2.4987157490040794,2.5188443873252573,0.24718798696994781,0.38933879137039185,1.86542516135414,False
HIF2alpha,504,ok,rfd3_fix7,2.472505462746735,2.559168937812111,0.2905960977077484,0.459051251411438,1.86542516135414,False
HIV_RT,0,ok,rfd3_fix7,0.7785828740768979,2.971208267439363,0.37975600361824036,1.3715792894363403,3.055562157269878,False
HIV_RT,1,ok,rfd3_fix7,0.9264525315426856,2.97875300514668,0.393120139837265,1.3568038940429688,3.055562157269878,False
HIV_RT,2,ok,rfd3_fix7,0.9294637417750571,3.007205767962656,0.4067026972770691,1.4398564100265503,3.055562157269878,False
HIV_RT,3,ok,rfd3_fix7,0.8027721958861123,2.984361260458695,0.4037022888660431,1.4323530197143555,3.055562157269878,False
HIV_RT,4,ok,rfd3_fix7,0.9454239641632682,2.924046064378029,0.3933837413787842,1.4355746507644653,3.055562157269878,False
HIV_RT,100,ok,rfd3_fix7,1.0938868049619812,3.0558668790357846,0.3385046124458313,1.3996011018753052,3.055562157269878,False
HIV_RT,101,ok,rfd3_fix7,0.7712017726759601,3.0576204299141465,0.2707050144672394,1.4161696434020996,3.055562157269878,False
HIV_RT,102,ok,rfd3_fix7,0.8736657537786018,2.95701694451105,0.4586997330188751,1.402264952659607,3.055562157269878,False
HIV_RT,103,ok,rfd3_fix7,0.7783706593400416,2.9032573370390207,0.4325438439846039,1.3852899074554443,3.055562157269878,False
HIV_RT,104,ok,rfd3_fix7,0.8492200422828357,2.9988890595005064,0.4320346415042877,1.409728765487671,3.055562157269878,False
HIV_RT,200,ok,rfd3_fix7,0.9124533393325714,2.9839892879062146,0.4631374776363373,1.3884187936782837,3.055562157269878,False
HIV_RT,201,ok,rfd3_fix7,0.8970094745955477,2.960312479404602,0.3697093725204468,1.4076950550079346,3.055562157269878,False
HIV_RT,202,ok,rfd3_fix7,0.8879234634752647,2.944645194919754,0.37545597553253174,1.376761555671692,3.055562157269878,False
HIV_RT,203,ok,rfd3_fix7,1.0372147909707357,3.0985995875992653,0.401414155960083,1.4194315671920776,3.055562157269878,False
HIV_RT,204,ok,rfd3_fix7,0.8206342728297216,2.9968430009925227,0.40487197041511536,1.4232466220855713,3.055562157269878,False
HIV_RT,300,ok,rfd3_fix7,0.8262823191795652,2.8530359914551084,0.369386225938797,1.4285091161727905,3.055562157269878,False
HIV_RT,301,ok,rfd3_fix7,0.8871635726680297,2.912579683444197,0.34919556975364685,1.3982032537460327,3.055562157269878,False
HIV_RT,302,ok,rfd3_fix7,1.3461012077851715,3.065274149368931,0.39365100860595703,1.3559504747390747,3.055562157269878,False
HIV_RT,303,ok,rfd3_fix7,0.8843043079083691,2.926269041335661,0.40216532349586487,1.388367772102356,3.055562157269878,False
HIV_RT,304,ok,rfd3_fix7,0.8746978590373022,2.899317261255301,0.39110738039016724,1.3385552167892456,3.055562157269878,False
HIV_RT,400,ok,rfd3_fix7,0.8381916512522322,2.869874596158218,0.35190436244010925,1.3537184000015259,3.055562157269878,False
HIV_RT,401,ok,rfd3_fix7,0.8644340535779201,2.894735378057095,0.4364275634288788,1.3914371728897095,3.055562157269878,False
HIV_RT,402,ok,rfd3_fix7,1.1106583955716591,3.040185724058423,0.38193073868751526,1.392325758934021,3.055562157269878,False
HIV_RT,403,ok,rfd3_fix7,0.9049307088933112,3.061401064412088,0.29292118549346924,1.4019924402236938,3.055562157269878,False
HIV_RT,404,ok,rfd3_fix7,0.9143218966295372,3.0551769053304967,0.38656967878341675,1.3253090381622314,3.055562157269878,False
HIV_RT,500,ok,rfd3_fix7,0.8321190859124923,2.915667734251137,0.36761853098869324,1.4124071598052979,3.055562157269878,False
HIV_RT,501,ok,rfd3_fix7,0.8163831035180934,2.9369660900665884,0.3814946711063385,1.3812646865844727,3.055562157269878,False
HIV_RT,502,ok,rfd3_fix7,1.4048749380757013,2.63605585278668,0.3960981070995331,1.358230710029602,3.055562157269878,False
HIV_RT,503,ok,rfd3_fix7,1.2144088064109266,2.9825344329584706,0.40862980484962463,1.3831404447555542,3.055562157269878,False
HIV_RT,504,ok,rfd3_fix7,0.7833442551836753,2.9835318788314362,0.36696091294288635,1.4030622243881226,3.055562157269878,False
HIV1_CA,0,ok,rfd3_fix7,1.0367432782483899,1.1419986831448117,0.3403725326061249,0.46085065603256226,1.3207135415934947,False
HIV1_CA,1,ok,rfd3_fix7,0.6623397521380052,1.167863821974654,0.4293682873249054,0.5407283902168274,1.3207135415934947,False
HIV1_CA,2,ok,rfd3_fix7,1.937345847283466,1.6482137535236188,0.3253973126411438,0.4492168128490448,1.3207135415934947,False
HIV1_CA,3,ok,rfd3_fix7,0.707175786259479,1.3520484986444206,0.3820275664329529,0.4717538058757782,1.3207135415934947,False
HIV1_CA,4,ok,rfd3_fix7,1.1324242171231553,1.5341341014737027,0.3032200038433075,0.4193505644798279,1.3207135415934947,False
HIV1_CA,100,ok,rfd3_fix7,1.0353449811368238,1.6117979244628786,0.381009042263031,0.4766101837158203,1.3207135415934947,False
HIV1_CA,101,ok,rfd3_fix7,2.1202785673200677,1.8668667754134116,0.38187530636787415,0.5231667757034302,1.3207135415934947,False
HIV1_CA,102,ok,rfd3_fix7,2.0378684180811173,1.749430912068184,0.40337345004081726,0.5074723362922668,1.3207135415934947,False
HIV1_CA,103,ok,rfd3_fix7,0.6772777571668206,1.4109920280418187,0.297029972076416,0.42253991961479187,1.3207135415934947,False
HIV1_CA,104,ok,rfd3_fix7,0.88818466748492,1.3629361371342832,0.2986622750759125,0.3631151616573334,1.3207135415934947,False
HIV1_CA,200,ok,rfd3_fix7,1.6807165025017812,1.1259710806744148,0.21455366909503937,0.34834524989128113,1.3207135415934947,True
HIV1_CA,201,ok,rfd3_fix7,1.8497229486077569,1.3206177006989315,0.3612155318260193,0.4819813072681427,1.3207135415934947,True
HIV1_CA,202,ok,rfd3_fix7,1.5691130587401512,1.079362463157664,0.3360074758529663,0.4702865183353424,1.3207135415934947,True
HIV1_CA,203,ok,rfd3_fix7,1.8425666330504953,1.158175083026067,0.2895449101924896,0.396738737821579,1.3207135415934947,True
HIV1_CA,204,ok,rfd3_fix7,1.8370867655944025,1.657066224063994,0.2894324064254761,0.45848625898361206,1.3207135415934947,False
HIV1_CA,300,ok,rfd3_fix7,0.9427260578098047,1.2329239397778753,0.29541853070259094,0.33250170946121216,1.3207135415934947,False
HIV1_CA,301,ok,rfd3_fix7,1.6513267295067777,1.604630176247096,0.26185891032218933,0.3574765920639038,1.3207135415934947,False
HIV1_CA,302,ok,rfd3_fix7,1.6829351527070884,1.050041735793502,0.3434331715106964,0.45052391290664673,1.3207135415934947,True
HIV1_CA,303,ok,rfd3_fix7,1.52577589061981,1.2435358754540458,0.339701771736145,0.43589287996292114,1.3207135415934947,True
HIV1_CA,304,ok,rfd3_fix7,1.8300657630411516,1.5442217368201105,0.3301084041595459,0.4434146285057068,1.3207135415934947,False
HIV1_CA,400,ok,rfd3_fix7,2.423815403161282,2.095586575390561,0.2905977666378021,0.40070945024490356,1.3207135415934947,False
HIV1_CA,401,ok,rfd3_fix7,1.5362545158417114,2.094536552911003,0.3308994174003601,0.46602198481559753,1.3207135415934947,False
HIV1_CA,402,ok,rfd3_fix7,2.067755198167802,1.6731726501643605,0.2699516713619232,0.398258239030838,1.3207135415934947,False
HIV1_CA,403,ok,rfd3_fix7,1.4589714470738404,1.0662354024643381,0.3222463130950928,0.43152275681495667,1.3207135415934947,True
HIV1_CA,404,ok,rfd3_fix7,1.2570861551524755,1.7165365435223532,0.4066404104232788,0.5403060913085938,1.3207135415934947,False
HIV1_CA,500,ok,rfd3_fix7,1.7240415939093916,1.1750930343482509,0.3604001998901367,0.41849976778030396,1.3207135415934947,True
HIV1_CA,501,ok,rfd3_fix7,1.6710676579090298,1.2540931021067627,0.29074564576148987,0.4056473970413208,1.3207135415934947,True
HIV1_CA,502,ok,rfd3_fix7,1.9561606725651994,1.5727326746562913,0.290060818195343,0.37049609422683716,1.3207135415934947,False
HIV1_CA,503,ok,rfd3_fix7,2.2934804039009795,1.9711250901087913,0.3039601743221283,0.4416564106941223,1.3207135415934947,False
HIV1_CA,504,ok,rfd3_fix7,1.3728307364261987,1.656202079671507,0.2331639677286148,0.36937835812568665,1.3207135415934947,False
Menin,0,ok,rfd3_fix7,0.7724357796116905,0.8548384458542384,0.8013348579406738,0.8942288756370544,1.2468617606125678,False
Menin,1,ok,rfd3_fix7,1.1143711374513101,1.111855518788325,0.6247332692146301,0.7148585319519043,1.2468617606125678,True
Menin,2,ok,rfd3_fix7,0.9428942480016612,1.1035648170847354,0.22570399940013885,0.41285064816474915,1.2468617606125678,False
Menin,3,ok,rfd3_fix7,0.8556333205482781,1.087108074843838,0.31222638487815857,0.4545873701572418,1.2468617606125678,False
Menin,4,ok,rfd3_fix7,1.0730312640819855,1.1376736261599496,0.5294814109802246,0.6777024865150452,1.2468617606125678,False
Menin,100,ok,rfd3_fix7,0.636524413689771,0.982958948034032,0.3035348355770111,0.39416393637657166,1.2468617606125678,False
Menin,101,ok,rfd3_fix7,0.8913927501880686,1.1047020306952786,0.5421018600463867,0.6770883798599243,1.2468617606125678,False
Menin,102,ok,rfd3_fix7,1.1900304705627118,1.096291724125581,0.4795760214328766,0.6316357851028442,1.2468617606125678,True
Menin,103,ok,rfd3_fix7,0.9001135067596437,1.1775862925235696,0.5101604461669922,0.5747257471084595,1.2468617606125678,False
Menin,104,ok,rfd3_fix7,0.7895262902745475,0.8129267292910959,0.712488055229187,0.8414056301116943,1.2468617606125678,False
Menin,200,ok,rfd3_fix7,1.005687203117644,1.1204263299351063,0.385486364364624,0.5588020086288452,1.2468617606125678,False
Menin,201,ok,rfd3_fix7,1.047736080296261,1.354533199687773,0.23140563070774078,0.42185884714126587,1.2468617606125678,False
Menin,202,ok,rfd3_fix7,0.6504124739169641,0.8969090123563885,0.211478590965271,0.3602370321750641,1.2468617606125678,False
Menin,203,ok,rfd3_fix7,0.9147688623572977,1.1138260760740804,0.47456634044647217,0.5851641297340393,1.2468617606125678,False
Menin,204,ok,rfd3_fix7,0.8768157113052752,0.9481809704636681,0.788352906703949,0.8850651383399963,1.2468617606125678,False
Menin,300,ok,rfd3_fix7,0.9930282291384896,1.110142320643995,0.24821820855140686,0.3621394634246826,1.2468617606125678,False
Menin,301,ok,rfd3_fix7,1.2731051268484386,1.0311055336334036,0.8414828181266785,0.9230199456214905,1.2468617606125678,True
Menin,302,ok,rfd3_fix7,0.8600696781445316,1.0237082986423978,0.31210359930992126,0.3662461042404175,1.2468617606125678,False
Menin,303,ok,rfd3_fix7,1.0374287744471258,1.1296682731945182,0.15844155848026276,0.3308210074901581,1.2468617606125678,False
Menin,304,ok,rfd3_fix7,0.9349660720311046,1.0103089900932152,0.207685187458992,0.40848231315612793,1.2468617606125678,False
Menin,400,ok,rfd3_fix7,0.9075891531876561,0.89073611545375,0.406996488571167,0.5429790019989014,1.2468617606125678,True
Menin,401,ok,rfd3_fix7,0.9164810182010957,1.1710225971135149,0.25628671050071716,0.3680081069469452,1.2468617606125678,False
Menin,402,ok,rfd3_fix7,1.133802419130205,0.9948399615773335,0.2337862104177475,0.3650325834751129,1.2468617606125678,True
Menin,403,ok,rfd3_fix7,0.9907012505109533,1.206704445287084,0.18923985958099365,0.3651857078075409,1.2468617606125678,False
Menin,404,ok,rfd3_fix7,0.9652220546081072,0.9568381343523956,0.5356999039649963,0.6685593128204346,1.2468617606125678,True
Menin,500,ok,rfd3_fix7,0.9345704004690893,1.1213586492686267,0.47356802225112915,0.6143428683280945,1.2468617606125678,False
Menin,501,ok,rfd3_fix7,1.1802446574570902,1.1777488667029588,0.49464303255081177,0.6448535323143005,1.2468617606125678,True
Menin,502,ok,rfd3_fix7,1.0002703465677285,1.048293326484654,0.17304129898548126,0.3724079430103302,1.2468617606125678,False
Menin,503,ok,rfd3_fix7,0.9202616769400572,0.6743237031799347,0.23487211763858795,0.3868460953235626,1.2468617606125678,True
Menin,504,ok,rfd3_fix7,1.0135075278340941,1.0472793465747354,0.47940707206726074,0.5987718105316162,1.2468617606125678,False
GCGR,0,ok,rfd3_fix7,1.9590324400159576,5.07213302433282,0.584354043006897,4.515954494476318,5.701045356786475,False
GCGR,1,ok,rfd3_fix7,2.332666753894032,5.651307561238516,0.9008723497390747,4.601855278015137,5.701045356786475,False
GCGR,2,ok,rfd3_fix7,1.9093083246347609,5.341047501607076,0.7186845541000366,4.442481994628906,5.701045356786475,False
GCGR,3,ok,rfd3_fix7,1.8547020661938778,5.340815570252372,0.7091585993766785,4.418740272521973,5.701045356786475,False
GCGR,4,ok,rfd3_fix7,1.912989786797802,5.4487239924216135,0.4987891614437103,4.742813587188721,5.701045356786475,False
GCGR,100,ok,rfd3_fix7,1.8161724339861793,5.51236040334181,0.4601629972457886,4.552846431732178,5.701045356786475,False
GCGR,101,ok,rfd3_fix7,2.5020673791531425,5.1107044833688615,1.2169854640960693,4.406770706176758,5.701045356786475,False
GCGR,102,ok,rfd3_fix7,2.046497819453683,5.310313475578334,1.1701533794403076,4.428652763366699,5.701045356786475,False
GCGR,103,ok,rfd3_fix7,2.073822429350798,5.367079024475611,0.35843801498413086,4.635700225830078,5.701045356786475,False
GCGR,104,ok,rfd3_fix7,2.1670799031240002,5.334767778203702,0.43344080448150635,4.569296836853027,5.701045356786475,False
GCGR,200,ok,rfd3_fix7,1.906146642111928,5.424948450388672,0.8861096501350403,4.558004856109619,5.701045356786475,False
GCGR,201,ok,rfd3_fix7,1.9618833612628594,5.576740726578316,0.8891093134880066,4.658930778503418,5.701045356786475,False
GCGR,202,ok,rfd3_fix7,2.051521208334435,5.3059300639908855,0.4981256425380707,4.6388020515441895,5.701045356786475,False
GCGR,203,ok,rfd3_fix7,1.5620890570416865,5.419806907408815,0.3881864845752716,4.6184468269348145,5.701045356786475,False
GCGR,204,ok,rfd3_fix7,1.8515611430300773,5.314127456896087,0.44147205352783203,4.5024261474609375,5.701045356786475,False
GCGR,300,ok,rfd3_fix7,1.8643827988407073,5.406496631998881,0.5874435305595398,4.644679069519043,5.701045356786475,False
GCGR,301,ok,rfd3_fix7,1.718017168185177,5.242366814473168,0.5017823576927185,4.564513683319092,5.701045356786475,False
GCGR,302,ok,rfd3_fix7,2.37381143638119,5.012689287537301,0.9898471236228943,4.465495586395264,5.701045356786475,False
GCGR,303,ok,rfd3_fix7,1.709643118518082,5.378996484151993,0.4316897392272949,4.474093914031982,5.701045356786475,False
GCGR,304,ok,rfd3_fix7,2.1206883240604135,5.427525312311266,0.6064078211784363,4.729689598083496,5.701045356786475,False
GCGR,400,ok,rfd3_fix7,1.6178935800259275,5.402382774573703,0.4193086326122284,4.6296916007995605,5.701045356786475,False
GCGR,401,ok,rfd3_fix7,1.774443949699522,5.477816613466064,0.5893336534500122,4.620131015777588,5.701045356786475,False
GCGR,402,ok,rfd3_fix7,2.0532822590542277,5.426124567660892,0.43956565856933594,4.53440523147583,5.701045356786475,False
GCGR,403,ok,rfd3_fix7,1.7542291172091147,5.509016896005416,0.4681548476219177,4.630826950073242,5.701045356786475,False
GCGR,404,ok,rfd3_fix7,1.8462406650865746,5.452191584953599,0.5044903755187988,4.518287181854248,5.701045356786475,False
GCGR,500,ok,rfd3_fix7,1.9098383422749614,5.292390265500859,0.6144641041755676,4.5014262199401855,5.701045356786475,False
GCGR,501,ok,rfd3_fix7,1.929949285560801,5.306618009626068,0.4819306433200836,4.456011772155762,5.701045356786475,False
GCGR,502,ok,rfd3_fix7,1.6505395708143593,5.54705323532253,0.559122622013092,4.587428092956543,5.701045356786475,False
GCGR,503,ok,rfd3_fix7,1.9545250097895797,5.1983014237217695,0.5024606585502625,4.511839389801025,5.701045356786475,False
GCGR,504,ok,rfd3_fix7,2.0888730315854285,5.160526480848675,0.4633394777774811,4.520230293273926,5.701045356786475,False
THSR,0,ok,rfd3_fix7,4.039269834249455,4.060462317231632,1.5115207433700562,1.6761209964752197,1.616455574028625,False
THSR,1,ok,rfd3_fix7,2.73770060097358,2.615557138620092,1.3250527381896973,1.363096833229065,1.616455574028625,False
THSR,2,ok,rfd3_fix7,2.8581966769281126,2.9925647504675283,1.0183149576187134,1.084495186805725,1.616455574028625,False
THSR,3,ok,rfd3_fix7,3.2468497312249784,3.385564518997346,1.0762273073196411,1.26969575881958,1.616455574028625,False
THSR,4,ok,rfd3_fix7,1.4028229996280182,1.158604862847035,0.5712202191352844,0.6907332539558411,1.616455574028625,True
THSR,100,ok,rfd3_fix7,3.7932983471206483,3.730736778853245,1.2897318601608276,1.4417554140090942,1.616455574028625,False
THSR,101,ok,rfd3_fix7,2.943693116289654,2.951777520155938,1.0200026035308838,1.1667277812957764,1.616455574028625,False
THSR,102,ok,rfd3_fix7,2.7551475112515713,2.663011702075607,1.0226935148239136,1.0756006240844727,1.616455574028625,False
THSR,103,ok,rfd3_fix7,1.4197818529783168,1.3615523713799598,0.5602962374687195,0.673576295375824,1.616455574028625,True
THSR,104,ok,rfd3_fix7,4.029165979974571,4.094383622281472,1.4655715227127075,1.6144717931747437,1.616455574028625,False
THSR,200,ok,rfd3_fix7,3.549888119530925,3.6163440842203487,1.1400820016860962,1.3694275617599487,1.616455574028625,False
THSR,201,ok,rfd3_fix7,1.9740780225737857,1.3896145085028107,0.8299601078033447,0.8538604378700256,1.616455574028625,True
THSR,202,ok,rfd3_fix7,2.790233840361453,2.841601624631164,0.9241460561752319,1.076758623123169,1.616455574028625,False
THSR,203,ok,rfd3_fix7,3.220315380221151,3.0684153480382363,1.3316775560379028,1.4075626134872437,1.616455574028625,False
THSR,204,ok,rfd3_fix7,1.5844604072128985,1.799297068047729,0.4536604881286621,0.6268751621246338,1.616455574028625,False
THSR,300,ok,rfd3_fix7,1.3800215116239674,1.0048624870140312,0.4943541884422302,0.618976354598999,1.616455574028625,True
THSR,301,ok,rfd3_fix7,3.484614153617142,3.4023488061630327,1.2206666469573975,1.3709282875061035,1.616455574028625,False
THSR,302,ok,rfd3_fix7,2.5870308166081313,2.717744467619981,1.1726131439208984,1.2719029188156128,1.616455574028625,False
THSR,303,ok,rfd3_fix7,1.6961527151685905,1.509186755095824,0.9729698300361633,0.9864009618759155,1.616455574028625,True
THSR,304,ok,rfd3_fix7,2.010832156875845,2.084525335620813,1.113997220993042,1.2724850177764893,1.616455574028625,False
THSR,400,ok,rfd3_fix7,2.7118562452142387,2.7188498037127866,0.9470529556274414,1.0173743963241577,1.616455574028625,False
THSR,401,ok,rfd3_fix7,3.1534310492503645,3.2038045366342316,1.0143132209777832,1.1996722221374512,1.616455574028625,False
THSR,402,ok,rfd3_fix7,3.920655443511431,4.045661220814747,1.5995430946350098,1.7532422542572021,1.616455574028625,False
THSR,403,ok,rfd3_fix7,3.1362240469396587,3.0531471116484914,1.1455382108688354,1.2770302295684814,1.616455574028625,False
THSR,404,ok,rfd3_fix7,2.9723426743172587,2.9950894694005563,0.9365687370300293,1.109182357788086,1.616455574028625,False
THSR,500,ok,rfd3_fix7,3.050182413881469,3.038444501970836,1.0291918516159058,1.2344529628753662,1.616455574028625,False
THSR,501,ok,rfd3_fix7,1.4122573964902239,1.2890186127466212,0.6295321583747864,0.8341901898384094,1.616455574028625,True
THSR,502,ok,rfd3_fix7,1.3420388501838365,1.062204486723384,0.5134773254394531,0.6773549318313599,1.616455574028625,True
THSR,503,ok,rfd3_fix7,1.531604765672562,1.604204139945042,0.6029470562934875,0.7740797996520996,1.616455574028625,False
THSR,504,ok,rfd3_fix7,1.5075480215355495,1.9441135039863264,0.6591992378234863,0.7688723802566528,1.616455574028625,False
p53_Y220C__4AGQ,0,ok,rfd3_fix7,1.2452389099290704,0.3040882407631502,0.6282178163528442,0.7905286550521851,1.1180275303614244,True
p53_Y220C__4AGQ,1,ok,rfd3_fix7,1.2502490204313,0.3831255997542179,0.4542287290096283,0.6222615838050842,1.1180275303614244,True
p53_Y220C__4AGQ,2,ok,rfd3_fix7,1.2742608072704706,0.47941642475670687,0.5054846405982971,0.6460886597633362,1.1180275303614244,True
p53_Y220C__4AGQ,3,ok,rfd3_fix7,1.2925462555230713,0.5160735850117046,0.596865177154541,0.6997511386871338,1.1180275303614244,True
p53_Y220C__4AGQ,4,ok,rfd3_fix7,1.2994566022761511,0.46900239234939284,0.514811098575592,0.7168485522270203,1.1180275303614244,True
p53_Y220C__4AGQ,100,ok,rfd3_fix7,1.2160960494842583,0.32469214908245875,0.4705403745174408,0.6498554944992065,1.1180275303614244,True
p53_Y220C__4AGQ,101,ok,rfd3_fix7,1.2519291840813203,0.39432085138337636,0.5300334095954895,0.6762001514434814,1.1180275303614244,True
p53_Y220C__4AGQ,102,ok,rfd3_fix7,1.2809260686574968,0.4712266616564052,0.5832634568214417,0.7435517907142639,1.1180275303614244,True
p53_Y220C__4AGQ,103,ok,rfd3_fix7,1.2815518439024594,0.4377193679468282,0.5616701245307922,0.6799532175064087,1.1180275303614244,True
p53_Y220C__4AGQ,104,ok,rfd3_fix7,1.3557149789863823,0.5766136120195043,0.6525835990905762,0.8158290982246399,1.1180275303614244,True
p53_Y220C__4AGQ,200,ok,rfd3_fix7,1.3028727262086048,0.5161043556370641,0.546884298324585,0.7133406400680542,1.1180275303614244,True
p53_Y220C__4AGQ,201,ok,rfd3_fix7,1.2177756190731117,0.3241292859604741,0.45662617683410645,0.646440327167511,1.1180275303614244,True
p53_Y220C__4AGQ,202,ok,rfd3_fix7,1.3453212942187571,0.527674011476329,0.6325675249099731,0.7854933738708496,1.1180275303614244,True
p53_Y220C__4AGQ,203,ok,rfd3_fix7,1.3256743573532157,0.5241455624782413,0.7489160895347595,0.8636336922645569,1.1180275303614244,True
p53_Y220C__4AGQ,204,ok,rfd3_fix7,1.2376031037242656,0.367862278509599,0.5177763104438782,0.6758516430854797,1.1180275303614244,True
p53_Y220C__4AGQ,300,ok,rfd3_fix7,1.2611167311684877,0.47428352701795673,0.5665112733840942,0.6928702592849731,1.1180275303614244,True
p53_Y220C__4AGQ,301,ok,rfd3_fix7,1.248942554607067,0.38290853380148676,0.501986563205719,0.6231663227081299,1.1180275303614244,True
p53_Y220C__4AGQ,302,ok,rfd3_fix7,1.22142668288108,0.3479121507841603,0.6046533584594727,0.7630268931388855,1.1180275303614244,True
p53_Y220C__4AGQ,303,ok,rfd3_fix7,1.2130879657797808,0.3485358608299652,0.531908392906189,0.6918565034866333,1.1180275303614244,True
p53_Y220C__4AGQ,304,ok,rfd3_fix7,1.2547175079595698,0.48995986573925215,0.4699695110321045,0.632354199886322,1.1180275303614244,True
p53_Y220C__4AGQ,400,ok,rfd3_fix7,1.244869165160919,0.4010337635363277,0.4475460648536682,0.5926010608673096,1.1180275303614244,True
p53_Y220C__4AGQ,401,ok,rfd3_fix7,1.217856278596978,0.34899946565466133,0.4486181437969208,0.5881446599960327,1.1180275303614244,True
p53_Y220C__4AGQ,402,ok,rfd3_fix7,1.2089636400541315,0.3637047100009541,0.5228047966957092,0.6705636978149414,1.1180275303614244,True
p53_Y220C__4AGQ,403,ok,rfd3_fix7,1.159180568979837,0.26641877763791616,0.48737868666648865,0.6385205388069153,1.1180275303614244,True
p53_Y220C__4AGQ,404,ok,rfd3_fix7,1.2287729909060119,0.4238329266193919,0.3309343457221985,0.5161181092262268,1.1180275303614244,True
p53_Y220C__4AGQ,500,ok,rfd3_fix7,1.326541347550051,0.586395201164212,0.4962041974067688,0.6785265803337097,1.1180275303614244,True
p53_Y220C__4AGQ,501,ok,rfd3_fix7,1.2895030404214942,0.499101615073801,0.4597378075122833,0.6514158844947815,1.1180275303614244,True
p53_Y220C__4AGQ,502,ok,rfd3_fix7,1.2437152909736793,0.3719559369616338,0.5170676708221436,0.6509994864463806,1.1180275303614244,True
p53_Y220C__4AGQ,503,ok,rfd3_fix7,1.200013278706061,0.22163533750796832,0.49879124760627747,0.711538553237915,1.1180275303614244,True
p53_Y220C__4AGQ,504,ok,rfd3_fix7,1.2469763561974172,0.3382508730236182,0.5682427287101746,0.701939582824707,1.1180275303614244,True
HIF2alpha__6D0B,0,ok,rfd3_fix7,1.8398948691292576,2.1994014569441562,0.20794665813446045,0.5265907049179077,1.6729991744940291,False
HIF2alpha__6D0B,1,ok,rfd3_fix7,0.8415570451519551,1.5988786222097326,0.2387431114912033,0.5374470353126526,1.6729991744940291,False
HIF2alpha__6D0B,2,ok,rfd3_fix7,1.3631215990325232,0.955984789328536,0.23278941214084625,0.507708728313446,1.6729991744940291,True
HIF2alpha__6D0B,3,ok,rfd3_fix7,1.1549783340164963,1.8311904305744844,0.3515413701534271,0.5858075618743896,1.6729991744940291,False
HIF2alpha__6D0B,4,ok,rfd3_fix7,1.8172159572259539,2.2939784640106318,0.2875916063785553,0.4843447208404541,1.6729991744940291,False
HIF2alpha__6D0B,100,ok,rfd3_fix7,1.990568465750301,2.047909396068203,0.21802514791488647,0.545254647731781,1.6729991744940291,False
HIF2alpha__6D0B,101,ok,rfd3_fix7,2.097640138272217,2.0515013419435637,0.21757037937641144,0.5278009176254272,1.6729991744940291,False
HIF2alpha__6D0B,102,ok,rfd3_fix7,1.014715036032343,1.4577507705006458,0.22173760831356049,0.5513768196105957,1.6729991744940291,False
HIF2alpha__6D0B,103,ok,rfd3_fix7,1.858598825410683,2.2060158834483743,0.24695400893688202,0.517253041267395,1.6729991744940291,False
HIF2alpha__6D0B,104,ok,rfd3_fix7,1.2514597255441697,1.0545351237331149,0.2418542206287384,0.553938090801239,1.6729991744940291,True
HIF2alpha__6D0B,200,ok,rfd3_fix7,1.9942462802464356,2.378696529401162,0.3377920389175415,0.5697636008262634,1.6729991744940291,False
HIF2alpha__6D0B,201,ok,rfd3_fix7,1.9920691443116154,2.1824415683336276,1.007685899734497,1.1567853689193726,1.6729991744940291,False
HIF2alpha__6D0B,202,ok,rfd3_fix7,0.9250213993137216,1.4884594515020042,0.21215221285820007,0.4866217374801636,1.6729991744940291,False
HIF2alpha__6D0B,203,ok,rfd3_fix7,1.8822197623248196,2.284127564224539,0.232518270611763,0.5387139916419983,1.6729991744940291,False
HIF2alpha__6D0B,204,ok,rfd3_fix7,1.7368717670794316,2.1916306506003047,0.21957334876060486,0.5382455587387085,1.6729991744940291,False
HIF2alpha__6D0B,300,ok,rfd3_fix7,1.0192985020974916,1.4880615062440963,0.2609783113002777,0.5368564128875732,1.6729991744940291,False
HIF2alpha__6D0B,301,ok,rfd3_fix7,1.3868736997839446,1.0896501067683242,0.2278338521718979,0.5176172256469727,1.6729991744940291,True
HIF2alpha__6D0B,302,ok,rfd3_fix7,0.9700754742753256,1.4642329159661789,0.24736309051513672,0.5559582710266113,1.6729991744940291,False
HIF2alpha__6D0B,303,ok,rfd3_fix7,2.0560564580829284,1.9986278765283003,0.2087375521659851,0.5502346754074097,1.6729991744940291,False
HIF2alpha__6D0B,304,ok,rfd3_fix7,2.10038293310844,2.069020280134852,0.24624131619930267,0.5489026308059692,1.6729991744940291,False
HIF2alpha__6D0B,400,ok,rfd3_fix7,2.1722322132391603,1.9916322148447148,0.26085543632507324,0.5285972952842712,1.6729991744940291,False
HIF2alpha__6D0B,401,ok,rfd3_fix7,2.028711092736141,1.992091915854428,0.25077834725379944,0.537123441696167,1.6729991744940291,False
HIF2alpha__6D0B,402,ok,rfd3_fix7,1.0341491930501212,1.4770219879057114,0.2735578417778015,0.5270199179649353,1.6729991744940291,False
HIF2alpha__6D0B,403,ok,rfd3_fix7,2.1263993380862485,2.082154742851085,0.2567223012447357,0.5132554769515991,1.6729991744940291,False
HIF2alpha__6D0B,404,ok,rfd3_fix7,1.7484087351051278,2.200128205559746,0.2445971518754959,0.5182554125785828,1.6729991744940291,False
HIF2alpha__6D0B,500,ok,rfd3_fix7,0.8594418712481625,1.4337400182718338,0.22257928550243378,0.5085077881813049,1.6729991744940291,False
HIF2alpha__6D0B,501,ok,rfd3_fix7,1.1609960131716766,1.2073723749720573,0.22892384231090546,0.5384888648986816,1.6729991744940291,False
HIF2alpha__6D0B,502,ok,rfd3_fix7,1.9624313868574164,2.3492712196828744,0.3761167526245117,0.5570192933082581,1.6729991744940291,False
HIF2alpha__6D0B,503,ok,rfd3_fix7,1.8856676058590462,2.2746240089192757,0.249749094247818,0.5691924691200256,1.6729991744940291,False
HIF2alpha__6D0B,504,ok,rfd3_fix7,1.814122976136828,2.264060767370333,0.2148585319519043,0.5008362531661987,1.6729991744940291,False
HIV_RT__3V81,0,ok,rfd3_fix7,0.7464504738210319,3.0532101025263096,0.3416892886161804,1.5837260484695435,3.0896312117090363,False
HIV_RT__3V81,1,ok,rfd3_fix7,0.820323565578101,3.0486322398060697,0.2956847846508026,1.5374248027801514,3.0896312117090363,False
HIV_RT__3V81,2,ok,rfd3_fix7,0.7303060488959139,3.0853813895449873,0.3204560875892639,1.575259804725647,3.0896312117090363,False
HIV_RT__3V81,3,ok,rfd3_fix7,0.6654100483057338,2.990063947069026,0.2706986963748932,1.5349879264831543,3.0896312117090363,False
HIV_RT__3V81,4,ok,rfd3_fix7,0.6974103152346677,3.0147292238024788,0.28808069229125977,1.5520356893539429,3.0896312117090363,False
HIV_RT__3V81,100,ok,rfd3_fix7,0.6973920676765861,3.029911696495734,0.2935316264629364,1.538999080657959,3.0896312117090363,False
HIV_RT__3V81,101,ok,rfd3_fix7,0.8739559769095692,2.9902531812453823,0.3184930086135864,1.5569125413894653,3.0896312117090363,False
HIV_RT__3V81,102,ok,rfd3_fix7,0.7548851020979497,3.0134590017228717,0.3019135594367981,1.5368155241012573,3.0896312117090363,False
HIV_RT__3V81,103,ok,rfd3_fix7,0.7377073547910741,3.0557956371158816,0.29706504940986633,1.546193242073059,3.0896312117090363,False
HIV_RT__3V81,104,ok,rfd3_fix7,0.7749471190366625,3.017666459399481,0.31388118863105774,1.5432311296463013,3.0896312117090363,False
HIV_RT__3V81,200,ok,rfd3_fix7,0.7400068682094305,3.036721910770923,0.3483087420463562,1.598697304725647,3.0896312117090363,False
HIV_RT__3V81,201,ok,rfd3_fix7,0.7748529431499126,3.0637468169918263,0.40427809953689575,1.576029658317566,3.0896312117090363,False
HIV_RT__3V81,202,ok,rfd3_fix7,0.8461150354543713,3.053714039851761,0.35759609937667847,1.5838525295257568,3.0896312117090363,False
HIV_RT__3V81,203,ok,rfd3_fix7,0.6178295247336357,2.9437069476293827,0.2799692451953888,1.5274348258972168,3.0896312117090363,False
HIV_RT__3V81,204,ok,rfd3_fix7,0.6702477152367088,2.945064306845544,0.30397385358810425,1.538793683052063,3.0896312117090363,False
HIV_RT__3V81,300,ok,rfd3_fix7,0.7954383609258517,2.9834670276421837,0.30009183287620544,1.5193532705307007,3.0896312117090363,False
HIV_RT__3V81,301,ok,rfd3_fix7,0.6768827558784724,3.081992200780616,0.28046080470085144,1.5430989265441895,3.0896312117090363,False
HIV_RT__3V81,302,ok,rfd3_fix7,0.6687308155866462,3.0083017503048692,0.28424859046936035,1.5294079780578613,3.0896312117090363,False
HIV_RT__3V81,303,ok,rfd3_fix7,0.8413887433576317,3.0238953195970972,0.3321823179721832,1.5653644800186157,3.0896312117090363,False
HIV_RT__3V81,304,ok,rfd3_fix7,0.6379461098831678,2.951686202207626,0.2244262993335724,1.5507118701934814,3.0896312117090363,False
HIV_RT__3V81,400,ok,rfd3_fix7,0.7905111017694282,3.0132219486009655,0.3493003249168396,1.5565615892410278,3.0896312117090363,False
HIV_RT__3V81,401,ok,rfd3_fix7,0.6304956431271181,2.9878522211458045,0.27159303426742554,1.519866704940796,3.0896312117090363,False
HIV_RT__3V81,402,ok,rfd3_fix7,0.7004684481426385,2.959259543310233,0.3197735846042633,1.5328320264816284,3.0896312117090363,False
HIV_RT__3V81,403,ok,rfd3_fix7,0.7145489236867459,3.044129424968384,0.2330944836139679,1.5123569965362549,3.0896312117090363,False
HIV_RT__3V81,404,ok,rfd3_fix7,0.7004512879939198,2.962141521330723,0.29746386408805847,1.5469423532485962,3.0896312117090363,False
HIV_RT__3V81,500,ok,rfd3_fix7,0.740929464062739,2.999846428232324,0.2601463794708252,1.5487223863601685,3.0896312117090363,False
HIV_RT__3V81,501,ok,rfd3_fix7,0.7656695778394212,3.0112575113169395,0.2848172187805176,1.5543322563171387,3.0896312117090363,False
HIV_RT__3V81,502,ok,rfd3_fix7,1.498285124112349,2.5754269578122866,0.2507875859737396,1.5596784353256226,3.0896312117090363,False
HIV_RT__3V81,503,ok,rfd3_fix7,0.5828614726082815,3.015754343771891,0.22610855102539062,1.5342084169387817,3.0896312117090363,False
HIV_RT__3V81,504,ok,rfd3_fix7,0.719930131558371,3.074472909607484,0.3147192597389221,1.542009949684143,3.0896312117090363,False
THSR__7UTZ,0,ok,rfd3_fix7,2.2591574320415866,2.0927996132107283,0.6254120469093323,0.6698440909385681,2.4345552542057787,True
THSR__7UTZ,1,ok,rfd3_fix7,2.4561115035711416,2.6305933752514505,0.8468846678733826,0.8829810619354248,2.4345552542057787,False
THSR__7UTZ,2,ok,rfd3_fix7,4.191033404007743,4.593527737751575,1.0885875225067139,1.110850214958191,2.4345552542057787,False
THSR__7UTZ,3,ok,rfd3_fix7,2.3674321493468953,2.6007089675296355,0.9284806251525879,0.9600083231925964,2.4345552542057787,False
THSR__7UTZ,4,ok,rfd3_fix7,2.5816923813462798,2.974189428384954,0.9594361186027527,0.9915399551391602,2.4345552542057787,False
THSR__7UTZ,100,ok,rfd3_fix7,2.507047883711523,3.239229055309249,0.8839503526687622,0.9038775563240051,2.4345552542057787,False
THSR__7UTZ,101,ok,rfd3_fix7,2.434489282340713,3.073679746670836,0.6876004934310913,0.7136967182159424,2.4345552542057787,False
THSR__7UTZ,102,ok,rfd3_fix7,2.2409315678958577,2.4845245011508723,0.7193160653114319,0.7422530651092529,2.4345552542057787,False
THSR__7UTZ,103,ok,rfd3_fix7,2.2689063894088943,2.7268346499259053,0.8091942667961121,0.8549396395683289,2.4345552542057787,False
THSR__7UTZ,104,ok,rfd3_fix7,2.3150407088350717,2.5666840162436393,1.032391905784607,1.0872352123260498,2.4345552542057787,False
THSR__7UTZ,200,ok,rfd3_fix7,2.420429923479732,2.5105339719966064,0.6698803305625916,0.7069967985153198,2.4345552542057787,False
THSR__7UTZ,201,ok,rfd3_fix7,2.4148527486237366,1.9056208573813114,1.154323935508728,1.1995223760604858,2.4345552542057787,True
THSR__7UTZ,202,ok,rfd3_fix7,2.0840105938073115,2.8018651015731546,0.8689798712730408,0.9133850932121277,2.4345552542057787,False
THSR__7UTZ,203,ok,rfd3_fix7,2.491248171664841,2.905737429350681,0.9235233664512634,0.9724577069282532,2.4345552542057787,False
THSR__7UTZ,204,ok,rfd3_fix7,2.589912717562754,2.5371362399448807,0.6809467077255249,0.7136868834495544,2.4345552542057787,False
THSR__7UTZ,300,ok,rfd3_fix7,2.141897554612932,2.8031153365839248,0.9653559327125549,1.0160939693450928,2.4345552542057787,False
THSR__7UTZ,301,ok,rfd3_fix7,2.102434135643925,2.7325932597725195,0.8545341491699219,0.8905079364776611,2.4345552542057787,False
THSR__7UTZ,302,ok,rfd3_fix7,2.3958226612630624,2.6853240632837303,0.8526538610458374,0.8961714506149292,2.4345552542057787,False
THSR__7UTZ,303,ok,rfd3_fix7,1.8573807238542788,2.6201467447762523,0.8482683300971985,0.8556211590766907,2.4345552542057787,False
THSR__7UTZ,304,ok,rfd3_fix7,2.4801209354772835,2.595884184515905,1.1834795475006104,1.2318614721298218,2.4345552542057787,False
THSR__7UTZ,400,ok,rfd3_fix7,2.144436461281921,2.529242911749743,0.8864926695823669,0.9388942718505859,2.4345552542057787,False
THSR__7UTZ,401,ok,rfd3_fix7,2.6156884030442975,2.598805972415775,0.8323060870170593,0.8612949252128601,2.4345552542057787,False
THSR__7UTZ,402,ok,rfd3_fix7,2.437679646633945,2.3758525912426096,0.8764668703079224,0.913679838180542,2.4345552542057787,True
THSR__7UTZ,403,ok,rfd3_fix7,2.225066869402804,2.4333631759071843,0.6376317143440247,0.6835823059082031,2.4345552542057787,False
THSR__7UTZ,404,ok,rfd3_fix7,2.152188168910885,2.8127007306840563,1.156935453414917,1.1730910539627075,2.4345552542057787,False
THSR__7UTZ,500,ok,rfd3_fix7,2.212197426276284,2.384430200627312,0.6599488258361816,0.6895565390586853,2.4345552542057787,False
THSR__7UTZ,501,ok,rfd3_fix7,2.316532712408843,2.6381721722680727,1.036535620689392,1.077554702758789,2.4345552542057787,False
THSR__7UTZ,502,ok,rfd3_fix7,2.290614357395427,2.94423707925017,0.8138698935508728,0.8582158088684082,2.4345552542057787,False
THSR__7UTZ,503,ok,rfd3_fix7,2.44525913810469,3.2075986513988752,0.7415062189102173,0.7653067111968994,2.4345552542057787,False
THSR__7UTZ,504,ok,rfd3_fix7,2.361150818534515,2.4728326393371485,0.5549570322036743,0.6061412692070007,2.4345552542057787,False
Bcl-xL,0,ok,rfd3_fix7,2.1405923273662455,2.3141658948505435,0.27527308464050293,1.01455557346344,2.505562006849456,False
Bcl-xL,1,ok,rfd3_fix7,1.4308033031534189,2.0307901380888955,0.28585508465766907,1.035069465637207,2.505562006849456,False
Bcl-xL,2,ok,rfd3_fix7,1.7054072889622522,2.1289699736607495,0.31436687707901,1.0788347721099854,2.505562006849456,False
Bcl-xL,3,ok,rfd3_fix7,1.5520648800642531,2.0187823058434673,0.2697155475616455,1.0080770254135132,2.505562006849456,False
Bcl-xL,4,ok,rfd3_fix7,1.6114102248554234,2.0985394393466605,0.22149261832237244,1.0068336725234985,2.505562006849456,False
Bcl-xL,100,ok,rfd3_fix7,2.193264031758572,2.2761894631576327,0.37403640151023865,1.0730534791946411,2.505562006849456,False
Bcl-xL,101,ok,rfd3_fix7,1.5636801791162347,2.1675172874043533,0.22770027816295624,1.0183131694793701,2.505562006849456,False
Bcl-xL,102,ok,rfd3_fix7,1.4517365861467535,1.977354019811341,0.22823947668075562,1.0505110025405884,2.505562006849456,False
Bcl-xL,103,ok,rfd3_fix7,1.9954621482068695,2.419029460326448,0.1955775022506714,0.9898319840431213,2.505562006849456,False
Bcl-xL,104,ok,rfd3_fix7,1.4846168589974653,2.1401062979140666,0.3260433077812195,1.0906983613967896,2.505562006849456,False
Bcl-xL,200,ok,rfd3_fix7,1.4562529849850276,2.067394430916572,0.2871480882167816,1.0325191020965576,2.505562006849456,False
Bcl-xL,201,ok,rfd3_fix7,1.4624326582503104,1.9547316444560818,0.2952421307563782,1.045795202255249,2.505562006849456,False
Bcl-xL,202,ok,rfd3_fix7,0.9775757216295208,2.3706400693150913,0.31749171018600464,1.0884848833084106,2.505562006849456,False
Bcl-xL,203,ok,rfd3_fix7,1.4797010300378788,2.098747840288769,0.24970144033432007,1.0145260095596313,2.505562006849456,False
Bcl-xL,204,ok,rfd3_fix7,1.646418884143829,2.2605013757247936,0.27070388197898865,1.0563677549362183,2.505562006849456,False
Bcl-xL,300,ok,rfd3_fix7,2.1036708376158124,2.3392653159135692,0.274601012468338,1.0624549388885498,2.505562006849456,False
Bcl-xL,301,ok,rfd3_fix7,2.068807021656809,2.2569070892026133,0.2876710593700409,1.0177301168441772,2.505562006849456,False
Bcl-xL,302,ok,rfd3_fix7,1.109942258411538,2.0647982900770496,0.24764038622379303,0.9986891150474548,2.505562006849456,False
Bcl-xL,303,ok,rfd3_fix7,1.3603367429717095,2.025372718206223,0.21871256828308105,1.0329761505126953,2.505562006849456,False
Bcl-xL,304,ok,rfd3_fix7,2.0890969722480293,2.3291157010555645,0.2982643246650696,1.0498199462890625,2.505562006849456,False
Bcl-xL,400,ok,rfd3_fix7,1.7256244128019294,2.061405051694863,0.2835494577884674,1.0482745170593262,2.505562006849456,False
Bcl-xL,401,ok,rfd3_fix7,1.4931766003093794,1.931940922296279,0.24140556156635284,1.0455669164657593,2.505562006849456,False
Bcl-xL,402,ok,rfd3_fix7,1.7509209989972385,2.0125499936619797,0.23010224103927612,1.0247105360031128,2.505562006849456,False
Bcl-xL,403,ok,rfd3_fix7,1.5477185757830467,2.087548309893609,0.34619075059890747,1.083113193511963,2.505562006849456,False
Bcl-xL,404,ok,rfd3_fix7,1.422536430145934,1.9677361410741812,0.23626449704170227,1.0284807682037354,2.505562006849456,False
Bcl-xL,500,ok,rfd3_fix7,1.7168200859218696,1.9775559304893737,0.24207058548927307,1.0309994220733643,2.505562006849456,False
Bcl-xL,501,ok,rfd3_fix7,2.0338072208002527,2.424217282344503,0.2340998351573944,1.0260804891586304,2.505562006849456,False
Bcl-xL,502,ok,rfd3_fix7,1.6057198206562524,2.1521886310923417,0.27445366978645325,1.0455777645111084,2.505562006849456,False
Bcl-xL,503,ok,rfd3_fix7,2.0648674490496326,2.26064064425234,0.2102200984954834,1.000533103942871,2.505562006849456,False
Bcl-xL,504,ok,rfd3_fix7,2.107297963322288,2.3053814083418294,0.30259057879447937,1.0388166904449463,2.505562006849456,False
betaLG,0,ok,rfd3_fix7,1.200481578467649,1.326515941261775,0.16500206291675568,0.24438689649105072,1.3972391993938094,False
betaLG,1,ok,rfd3_fix7,1.0771453466075853,1.3741299875407247,0.1467725932598114,0.2462860345840454,1.3972391993938094,False
betaLG,2,ok,rfd3_fix7,1.1414586894253993,1.4601764087185622,0.19902457296848297,0.27635303139686584,1.3972391993938094,False
betaLG,3,ok,rfd3_fix7,1.117290403589722,1.441726274252967,0.1834242045879364,0.258515864610672,1.3972391993938094,False
betaLG,4,ok,rfd3_fix7,1.0192657846135065,1.3060207047200214,0.18933933973312378,0.2844187915325165,1.3972391993938094,False
betaLG,100,ok,rfd3_fix7,1.090396364890247,1.3528079947637905,0.19092567265033722,0.264976441860199,1.3972391993938094,False
betaLG,101,ok,rfd3_fix7,0.8500449392226922,1.240475739797223,0.16263824701309204,0.2528192400932312,1.3972391993938094,False
betaLG,102,ok,rfd3_fix7,0.8570538019157692,1.3235228543891333,0.16704893112182617,0.26495227217674255,1.3972391993938094,False
betaLG,103,ok,rfd3_fix7,0.9156787402723072,1.2947264612489844,0.19164018332958221,0.2686903178691864,1.3972391993938094,False
betaLG,104,ok,rfd3_fix7,1.2506980808664079,1.4081314955878483,0.15782257914543152,0.24674667418003082,1.3972391993938094,False
betaLG,200,ok,rfd3_fix7,0.8228560638646674,1.2603381694323728,0.20264515280723572,0.25922107696533203,1.3972391993938094,False
betaLG,201,ok,rfd3_fix7,0.8078176188528545,1.3064303469120897,0.16949063539505005,0.268474817276001,1.3972391993938094,False
betaLG,202,ok,rfd3_fix7,1.241289473578417,1.4613714710934984,0.15732155740261078,0.2484298050403595,1.3972391993938094,False
betaLG,203,ok,rfd3_fix7,0.9143142622592574,1.3159645758704384,0.16528932750225067,0.2761332392692566,1.3972391993938094,False
betaLG,204,ok,rfd3_fix7,0.9122656523042032,1.3551616995358997,0.2193688452243805,0.3281274437904358,1.3972391993938094,False
betaLG,300,ok,rfd3_fix7,1.3882546249698657,1.5580804221321785,0.16138696670532227,0.25931963324546814,1.3972391993938094,False
betaLG,301,ok,rfd3_fix7,0.9526376612432209,1.3326862672449251,0.14371490478515625,0.2587893605232239,1.3972391993938094,False
betaLG,302,ok,rfd3_fix7,0.9016570969688149,1.3098781981396548,0.17612230777740479,0.25745368003845215,1.3972391993938094,False
betaLG,303,ok,rfd3_fix7,1.0125766059859544,1.2660431287987481,0.16945339739322662,0.2472025752067566,1.3972391993938094,False
betaLG,304,ok,rfd3_fix7,1.3746241080490682,1.5880956948402845,0.2837858200073242,0.317335844039917,1.3972391993938094,False
betaLG,400,ok,rfd3_fix7,1.068435635228659,1.394937517902729,0.1653553992509842,0.2821739614009857,1.3972391993938094,False
betaLG,401,ok,rfd3_fix7,1.0007677527544256,1.3216171346948968,0.1931367814540863,0.2822604775428772,1.3972391993938094,False
betaLG,402,ok,rfd3_fix7,1.562202811058755,1.7214784354049455,0.1648162454366684,0.26514682173728943,1.3972391993938094,False
betaLG,403,ok,rfd3_fix7,1.0909314981764748,1.415798444791444,0.19979266822338104,0.2597034275531769,1.3972391993938094,False
betaLG,404,ok,rfd3_fix7,1.1873423962549734,1.3011525051307233,0.17451165616512299,0.25827518105506897,1.3972391993938094,False
betaLG,500,ok,rfd3_fix7,0.8539662330894973,1.2789403424365307,0.17459556460380554,0.2770337164402008,1.3972391993938094,False
betaLG,501,ok,rfd3_fix7,0.8671795607238454,1.380130379695522,0.2423730045557022,0.3583577871322632,1.3972391993938094,False
betaLG,502,ok,rfd3_fix7,1.1557114245657951,1.3303458429825665,0.17093105614185333,0.2642427682876587,1.3972391993938094,False
betaLG,503,ok,rfd3_fix7,0.8928283084270309,1.2750998948515184,0.17999577522277832,0.27068716287612915,1.3972391993938094,False
betaLG,504,ok,rfd3_fix7,1.0318213564003809,1.366140546889415,0.15542031824588776,0.2797204852104187,1.3972391993938094,False
NDPK-A,0,ok,rfd3_fix7,2.5505340334407784,2.446073715784408,0.351764440536499,1.2391070127487183,3.4697602388704447,True
NDPK-A,1,ok,rfd3_fix7,2.5754907382952617,2.4934336608265912,0.5670182704925537,1.320139765739441,3.4697602388704447,True
NDPK-A,2,ok,rfd3_fix7,2.62516653217185,2.5011531961353235,0.5720345377922058,1.3159074783325195,3.4697602388704447,True
NDPK-A,3,ok,rfd3_fix7,2.473917406271673,2.3681018926887893,0.46347352862358093,1.314747929573059,3.4697602388704447,True
NDPK-A,4,ok,rfd3_fix7,2.646982916768751,2.501868322103936,0.35565319657325745,1.2817379236221313,3.4697602388704447,True
NDPK-A,100,ok,rfd3_fix7,2.602855350234413,2.3425800461357205,0.3570484220981598,1.2553976774215698,3.4697602388704447,True
NDPK-A,101,ok,rfd3_fix7,2.4375959989384217,2.447872173206528,0.31750229001045227,1.2629473209381104,3.4697602388704447,False
NDPK-A,102,ok,rfd3_fix7,2.597097498285544,2.442496355334358,0.35845446586608887,1.2679808139801025,3.4697602388704447,True
NDPK-A,103,ok,rfd3_fix7,2.4318209150558925,2.4867906922737353,0.3067083954811096,1.2977122068405151,3.4697602388704447,False
NDPK-A,104,ok,rfd3_fix7,2.5502896112056774,2.1107154949417337,0.45148390531539917,1.2060073614120483,3.4697602388704447,True
NDPK-A,200,ok,rfd3_fix7,2.649746547240314,2.4077420374211367,0.5627183318138123,1.3099522590637207,3.4697602388704447,True
NDPK-A,201,ok,rfd3_fix7,2.5533618550538777,2.387451079014375,0.4818115830421448,1.259614109992981,3.4697602388704447,True
NDPK-A,202,ok,rfd3_fix7,2.561503534864081,2.426365507179133,0.3291790783405304,1.24912428855896,3.4697602388704447,True
NDPK-A,203,ok,rfd3_fix7,2.527141355143579,2.4470787853967746,0.3311244547367096,1.2465509176254272,3.4697602388704447,True
NDPK-A,204,ok,rfd3_fix7,2.268482187267576,2.2560002302827242,0.3370707631111145,1.3269751071929932,3.4697602388704447,True
NDPK-A,300,ok,rfd3_fix7,2.460718609641084,2.4229233484430925,0.35147106647491455,1.2957475185394287,3.4697602388704447,True
NDPK-A,301,ok,rfd3_fix7,2.6368413886656805,2.3209482872468326,0.45842811465263367,1.2407448291778564,3.4697602388704447,True
NDPK-A,302,ok,rfd3_fix7,2.5593178510867345,2.4313603720491948,0.3951088488101959,1.273667335510254,3.4697602388704447,True
NDPK-A,303,ok,rfd3_fix7,2.443029697347091,2.3529216071153796,0.3518315553665161,1.289394736289978,3.4697602388704447,True
NDPK-A,304,ok,rfd3_fix7,2.539304112144842,2.4005718158652427,0.5149177312850952,1.3390700817108154,3.4697602388704447,True
NDPK-A,400,ok,rfd3_fix7,2.4594335836511703,2.251122605549197,0.4934033453464508,1.2921346426010132,3.4697602388704447,True
NDPK-A,401,ok,rfd3_fix7,2.589023449091437,2.450745864662894,0.463040828704834,1.2656874656677246,3.4697602388704447,True
NDPK-A,402,ok,rfd3_fix7,2.4009511202743576,2.2224806803273576,0.3589283525943756,1.255065679550171,3.4697602388704447,True
NDPK-A,403,ok,rfd3_fix7,2.466474857376809,2.2443005604579356,0.43400558829307556,1.2477442026138306,3.4697602388704447,True
NDPK-A,404,ok,rfd3_fix7,2.4321801592099273,2.3805290082567154,0.43294963240623474,1.3033792972564697,3.4697602388704447,True
NDPK-A,500,ok,rfd3_fix7,2.4648571968780835,2.436806738236012,0.2910543978214264,1.2715548276901245,3.4697602388704447,True
NDPK-A,501,ok,rfd3_fix7,2.5476296080544816,2.3559038435978565,0.453872948884964,1.2477000951766968,3.4697602388704447,True
NDPK-A,502,ok,rfd3_fix7,0.7402891608532285,3.090057816370652,0.2929290235042572,1.284538984298706,3.4697602388704447,False
NDPK-A,503,ok,rfd3_fix7,2.5723329903278964,2.553713200948899,0.48601362109184265,1.3371857404708862,3.4697602388704447,True
NDPK-A,504,ok,rfd3_fix7,2.6566623603006936,2.414246480093004,0.5790443420410156,1.263282299041748,3.4697602388704447,True
GLTP,0,ok,rfd3_fix7,0.48222293387875703,2.1068680613478303,0.12053025513887405,1.474624514579773,2.1410013181020275,False
GLTP,1,ok,rfd3_fix7,0.5123118000409065,2.1288343017982854,0.12696249783039093,1.466320514678955,2.1410013181020275,False
GLTP,2,ok,rfd3_fix7,0.4908257133830758,2.1149524119612058,0.1452583372592926,1.479749321937561,2.1410013181020275,False
GLTP,3,ok,rfd3_fix7,0.23685022075948906,2.0647948594467542,0.13419261574745178,1.4685863256454468,2.1410013181020275,False
GLTP,4,ok,rfd3_fix7,0.2332134155376652,2.0954021295051373,0.13197271525859833,1.4726306200027466,2.1410013181020275,False
GLTP,100,ok,rfd3_fix7,0.47665815691669944,2.1077247343904464,0.12616066634655,1.4699220657348633,2.1410013181020275,False
GLTP,101,ok,rfd3_fix7,0.2464851468224704,2.0590669006225317,0.12954488396644592,1.4574121236801147,2.1410013181020275,False
GLTP,102,ok,rfd3_fix7,0.5191217824721405,2.124198411161915,0.17625533044338226,1.485925316810608,2.1410013181020275,False
GLTP,103,ok,rfd3_fix7,0.47637578116421614,2.1071133047783035,0.12794636189937592,1.4808801412582397,2.1410013181020275,False
GLTP,104,ok,rfd3_fix7,0.2149603606384203,2.0477658424470686,0.1093757227063179,1.4619884490966797,2.1410013181020275,False
GLTP,200,ok,rfd3_fix7,0.21018743534883874,2.072530208004773,0.09752839803695679,1.4691301584243774,2.1410013181020275,False
GLTP,201,ok,rfd3_fix7,0.21881336573858037,2.079397669179425,0.14840750396251678,1.4828506708145142,2.1410013181020275,False
GLTP,202,ok,rfd3_fix7,0.23652969301130897,2.0586770856480783,0.11895490437746048,1.471648097038269,2.1410013181020275,False
GLTP,203,ok,rfd3_fix7,0.213969849935617,2.0756638597484733,0.11634662747383118,1.4689772129058838,2.1410013181020275,False
GLTP,204,ok,rfd3_fix7,0.22627613952542266,2.094962371206405,0.11399005353450775,1.4834375381469727,2.1410013181020275,False
GLTP,300,ok,rfd3_fix7,0.24046781301834505,2.0968981918864733,0.13578537106513977,1.489771842956543,2.1410013181020275,False
GLTP,301,ok,rfd3_fix7,0.4913458739802471,2.12335605886819,0.1199064552783966,1.480563759803772,2.1410013181020275,False
GLTP,302,ok,rfd3_fix7,0.47775423932908434,2.110578258297558,0.12298835813999176,1.479557752609253,2.1410013181020275,False
GLTP,303,ok,rfd3_fix7,0.5152067566412494,2.135634056398577,0.1353219598531723,1.4914288520812988,2.1410013181020275,False
GLTP,304,ok,rfd3_fix7,0.49836721695559294,2.1181204967976277,0.13831041753292084,1.4768874645233154,2.1410013181020275,False
GLTP,400,ok,rfd3_fix7,0.22651369006593217,2.083042239432605,0.13477754592895508,1.4754928350448608,2.1410013181020275,False
GLTP,401,ok,rfd3_fix7,0.4850370903229764,2.1053212600280458,0.11849414557218552,1.4765145778656006,2.1410013181020275,False
GLTP,402,ok,rfd3_fix7,0.21951798864225305,2.0645500920730293,0.10854984074831009,1.4685156345367432,2.1410013181020275,False
GLTP,403,ok,rfd3_fix7,0.4793758752885271,2.1003514313690235,0.14450417459011078,1.4725030660629272,2.1410013181020275,False
GLTP,404,ok,rfd3_fix7,0.2358243083653093,2.07888007062673,0.1326354295015335,1.4741740226745605,2.1410013181020275,False
GLTP,500,ok,rfd3_fix7,0.2294006277933456,2.10258571192683,0.13871930539608002,1.4846062660217285,2.1410013181020275,False
GLTP,501,ok,rfd3_fix7,0.48022127705787626,2.1124255348547925,0.15518489480018616,1.488722562789917,2.1410013181020275,False
GLTP,502,ok,rfd3_fix7,0.5182725211615227,2.120469378268996,0.12762333452701569,1.4754574298858643,2.1410013181020275,False
GLTP,503,ok,rfd3_fix7,0.5056072232310466,2.0971314727639734,0.17509983479976654,1.4695888757705688,2.1410013181020275,False
GLTP,504,ok,rfd3_fix7,0.49434829782174483,2.1027404137788968,0.16802069544792175,1.4750984907150269,2.1410013181020275,False
SHP2,0,ok,rfd3_fix7,1.4859061387077117,1.882374810248595,0.4749211370944977,0.776004433631897,1.8482636253491054,False
SHP2,1,ok,rfd3_fix7,2.8022697377275083,2.65513742248972,1.2413957118988037,1.3985657691955566,1.8482636253491054,False
SHP2,2,ok,rfd3_fix7,2.196213860590691,1.9985698767005033,0.5455030798912048,0.6410190463066101,1.8482636253491054,False
SHP2,3,ok,rfd3_fix7,1.8488594382682237,1.6189041241065871,0.4940333664417267,0.7620046138763428,1.8482636253491054,True
SHP2,4,ok,rfd3_fix7,2.1051026441474074,2.061565928528269,0.47011977434158325,0.7635530829429626,1.8482636253491054,False
SHP2,100,ok,rfd3_fix7,1.7621607780512203,1.2749673482212467,0.48593127727508545,0.7490487694740295,1.8482636253491054,True
SHP2,101,ok,rfd3_fix7,2.4657687114875384,2.172733270528763,0.6241937875747681,0.8569493889808655,1.8482636253491054,False
SHP2,102,ok,rfd3_fix7,1.8122249562000516,2.1190462129910066,0.41672229766845703,0.6758452653884888,1.8482636253491054,False
SHP2,103,ok,rfd3_fix7,2.1776047009172026,1.8257433098468676,0.4586680233478546,0.7278809547424316,1.8482636253491054,True
SHP2,104,ok,rfd3_fix7,2.145778880672778,1.6453687169343512,0.4728679955005646,0.7411699295043945,1.8482636253491054,True
SHP2,200,ok,rfd3_fix7,2.1330264344643197,1.4867446937241835,0.4146296977996826,0.7181179523468018,1.8482636253491054,True
SHP2,201,ok,rfd3_fix7,1.7083316592922313,1.0862894110499353,0.33211004734039307,0.5723422169685364,1.8482636253491054,True
SHP2,202,ok,rfd3_fix7,1.8716778989958855,1.831095366498892,0.4529229700565338,0.696351170539856,1.8482636253491054,True
SHP2,203,ok,rfd3_fix7,2.038046709864521,1.5662489067206118,0.4910971522331238,0.7341305017471313,1.8482636253491054,True
SHP2,204,ok,rfd3_fix7,2.2559194860214857,2.0611357787886875,0.5546281933784485,0.7699261903762817,1.8482636253491054,False
SHP2,300,ok,rfd3_fix7,1.6166039433835142,1.7474224727170984,0.3931775987148285,0.7285165190696716,1.8482636253491054,False
SHP2,301,ok,rfd3_fix7,1.9529293264686576,1.8552910678605838,0.4890502691268921,0.7734854221343994,1.8482636253491054,False
SHP2,302,ok,rfd3_fix7,2.351468598735612,2.504047654362398,1.0821995735168457,1.258660912513733,1.8482636253491054,False
SHP2,303,ok,rfd3_fix7,2.132064562686957,1.995833530644419,0.5336514115333557,0.8054618239402771,1.8482636253491054,False
SHP2,304,ok,rfd3_fix7,2.4140973772367236,2.3323780065155937,1.8761818408966064,2.128600597381592,1.8482636253491054,False
SHP2,400,ok,rfd3_fix7,1.6572378879862495,1.4085279968022137,0.29433053731918335,0.5808348655700684,1.8482636253491054,True
SHP2,401,ok,rfd3_fix7,1.9533885270325988,1.514641980874668,0.5348429083824158,0.783995509147644,1.8482636253491054,True
SHP2,402,ok,rfd3_fix7,2.355577929821993,1.9691733605554749,0.4951690137386322,0.7100648880004883,1.8482636253491054,False
SHP2,403,ok,rfd3_fix7,1.9573056109851712,1.9630475445036364,0.4854656159877777,0.7534345388412476,1.8482636253491054,False
SHP2,404,ok,rfd3_fix7,2.1387214991226764,1.5205624812273202,0.545160710811615,0.7454923987388611,1.8482636253491054,True
SHP2,500,ok,rfd3_fix7,1.591110125262426,1.880211743470424,0.46468788385391235,0.7234713435173035,1.8482636253491054,False
SHP2,501,ok,rfd3_fix7,1.5959117800101073,1.6064395432422653,0.4760545790195465,0.7476280927658081,1.8482636253491054,False
SHP2,502,ok,rfd3_fix7,2.3933544160751987,1.839530083138163,0.47474512457847595,0.751474916934967,1.8482636253491054,True
SHP2,503,ok,rfd3_fix7,2.2501701586855316,2.057952255524263,0.49344292283058167,0.6868930459022522,1.8482636253491054,False
SHP2,504,ok,rfd3_fix7,2.12595124755499,1.6809827730780351,0.5513295531272888,0.788280725479126,1.8482636253491054,True
METTL14,0,ok,rfd3_fix7,0.9978561892479134,2.5402422214265448,0.5230650901794434,1.3627533912658691,2.571628452131643,False
METTL14,1,ok,rfd3_fix7,1.2321381017638695,2.689698630259281,0.49489501118659973,1.4934030771255493,2.571628452131643,False
METTL14,2,ok,rfd3_fix7,0.6615450187407476,2.541630919992018,0.40100499987602234,1.426692247390747,2.571628452131643,False
METTL14,3,ok,rfd3_fix7,0.9856662775164913,2.578621478740402,0.5807846188545227,1.4293490648269653,2.571628452131643,False
METTL14,4,ok,rfd3_fix7,0.8772315311051037,2.5791453502885484,0.6029720902442932,1.4330343008041382,2.571628452131643,False
METTL14,100,ok,rfd3_fix7,0.9476561065950466,2.5671951433138793,0.5391955971717834,1.4539295434951782,2.571628452131643,False
METTL14,101,ok,rfd3_fix7,0.8199803093601312,2.49926979463566,0.4869038164615631,1.3996951580047607,2.571628452131643,False
METTL14,102,ok,rfd3_fix7,1.0252203178354438,2.5789750093193704,0.5948335528373718,1.453160047531128,2.571628452131643,False
METTL14,103,ok,rfd3_fix7,0.7443152769474927,2.508409628441784,0.3892875909805298,1.3370683193206787,2.571628452131643,False
METTL14,104,ok,rfd3_fix7,1.5624939310207901,2.9923217807051143,0.7781208157539368,1.6286978721618652,2.571628452131643,False
METTL14,200,ok,rfd3_fix7,0.9815945035566542,2.604075560743584,0.41415002942085266,1.383472204208374,2.571628452131643,False
METTL14,201,ok,rfd3_fix7,1.0594432906252855,2.499024076711402,0.6295177936553955,1.4088085889816284,2.571628452131643,False
METTL14,202,ok,rfd3_fix7,1.0043738032348195,2.6690205564196803,0.5887799263000488,1.4848644733428955,2.571628452131643,False
METTL14,203,ok,rfd3_fix7,1.3162189339908088,2.7522757979576977,0.5491639375686646,1.4892404079437256,2.571628452131643,False
METTL14,204,ok,rfd3_fix7,0.9778858520463278,2.6545438461548243,0.5843613743782043,1.4688503742218018,2.571628452131643,False
METTL14,300,ok,rfd3_fix7,1.5586880832899883,2.665469108933493,0.6934816241264343,1.4293198585510254,2.571628452131643,False
METTL14,301,ok,rfd3_fix7,0.7929897083980727,2.4877051110743666,0.4236774146556854,1.3265618085861206,2.571628452131643,False
METTL14,302,ok,rfd3_fix7,1.0285693137521872,2.651930249978444,0.5169588923454285,1.4430650472640991,2.571628452131643,False
METTL14,303,ok,rfd3_fix7,0.9481780962258856,2.530202157986862,0.4461764693260193,1.362001895904541,2.571628452131643,False
METTL14,304,ok,rfd3_fix7,2.0502661473002237,3.140781901980866,0.7748478651046753,1.6189076900482178,2.571628452131643,False
METTL14,400,ok,rfd3_fix7,1.5615989105690207,2.721523368187063,0.810940146446228,1.57101571559906,2.571628452131643,False
METTL14,401,ok,rfd3_fix7,0.8382680146823097,2.575412928240061,0.523038923740387,1.4277701377868652,2.571628452131643,False
METTL14,402,ok,rfd3_fix7,1.2792272070499724,2.625904261741752,0.36303550004959106,1.4018731117248535,2.571628452131643,False
METTL14,403,ok,rfd3_fix7,1.581462711209177,2.9025358819838236,0.679291307926178,1.5544991493225098,2.571628452131643,False
METTL14,404,ok,rfd3_fix7,0.6799278702913549,2.5926888448417778,0.3722371459007263,1.363873839378357,2.571628452131643,False
METTL14,500,ok,rfd3_fix7,1.5284277260381005,2.8707214329969255,0.755436360836029,1.5721321105957031,2.571628452131643,False
METTL14,501,ok,rfd3_fix7,1.340427086406683,2.6126783465239307,0.43618738651275635,1.4117703437805176,2.571628452131643,False
METTL14,502,ok,rfd3_fix7,1.3867801576632903,2.9240105985222398,0.724336564540863,1.5996681451797485,2.571628452131643,False
METTL14,503,ok,rfd3_fix7,1.0175214493404037,2.557575628256873,0.6044394373893738,1.459498405456543,2.571628452131643,False
METTL14,504,ok,rfd3_fix7,1.161523843292676,2.571654730040001,0.42550477385520935,1.3816205263137817,2.571628452131643,False
FUT8,0,ok,rfd3_fix7,0.7075033851673627,3.264980507465269,0.22724546492099762,0.5435529947280884,3.419934534191317,False
FUT8,1,ok,rfd3_fix7,0.987570808965674,3.3932855273823934,0.21190015971660614,0.4742085337638855,3.419934534191317,False
FUT8,2,ok,rfd3_fix7,0.8231992898798718,3.537542859702463,0.18602357804775238,0.5006479620933533,3.419934534191317,False
FUT8,3,ok,rfd3_fix7,0.5673192163091079,3.315893163972699,0.22888115048408508,0.5635995268821716,3.419934534191317,False
FUT8,4,ok,rfd3_fix7,0.6018232147054103,3.421492127369867,0.2201954573392868,0.5703863501548767,3.419934534191317,False
FUT8,100,ok,rfd3_fix7,0.650060757471261,3.371883829419851,0.29807209968566895,0.5380650162696838,3.419934534191317,False
FUT8,101,ok,rfd3_fix7,1.0854107803212718,3.4661726535521216,0.20813730359077454,0.5459741950035095,3.419934534191317,False
FUT8,102,ok,rfd3_fix7,0.86460190000146,3.1998935784533353,0.15275932848453522,0.5110193490982056,3.419934534191317,False
FUT8,103,ok,rfd3_fix7,1.3179833713214268,3.1563870500196245,0.20955327153205872,0.5124394297599792,3.419934534191317,False
FUT8,104,ok,rfd3_fix7,1.198162286638073,3.067274812900383,0.19650045037269592,0.5134121775627136,3.419934534191317,False
FUT8,200,ok,rfd3_fix7,1.4911499879309222,3.2182715117452756,0.2236604541540146,0.5588310956954956,3.419934534191317,False
FUT8,201,ok,rfd3_fix7,1.478263889502766,3.1029031917942844,0.21288152039051056,0.5312528610229492,3.419934534191317,False
FUT8,202,ok,rfd3_fix7,1.3983112844830232,3.1283342765769446,0.15346327424049377,0.5113326907157898,3.419934534191317,False
FUT8,203,ok,rfd3_fix7,0.8414001482210196,3.377435597053242,0.18860754370689392,0.5299996733665466,3.419934534191317,False
FUT8,204,ok,rfd3_fix7,0.8187542928536445,3.1894076701943823,0.2343810647726059,0.5779457688331604,3.419934534191317,False
FUT8,300,ok,rfd3_fix7,0.87465825007539,3.3783467386689265,0.22946137189865112,0.5590758323669434,3.419934534191317,False
FUT8,301,ok,rfd3_fix7,0.6196767045813608,3.296473773419399,0.20002438127994537,0.5337841510772705,3.419934534191317,False
FUT8,302,ok,rfd3_fix7,1.542904191516893,3.059729937401109,0.1809166967868805,0.5089545249938965,3.419934534191317,False
FUT8,303,ok,rfd3_fix7,1.5392432978847679,3.1721772687663665,0.24879291653633118,0.5802644491195679,3.419934534191317,False
FUT8,304,ok,rfd3_fix7,1.4195108363832598,3.151150267599295,0.18256017565727234,0.5154010653495789,3.419934534191317,False
FUT8,400,ok,rfd3_fix7,0.9317645849003678,3.4568370925837564,0.21387360990047455,0.5396779179573059,3.419934534191317,False
FUT8,401,ok,rfd3_fix7,0.6101611873088916,3.259954068009815,0.24915258586406708,0.6149901151657104,3.419934534191317,False
FUT8,402,ok,rfd3_fix7,0.41981094228838534,3.2662730503093265,0.17231647670269012,0.5346646308898926,3.419934534191317,False
FUT8,403,ok,rfd3_fix7,0.5199593423795679,3.388868627756603,0.17755822837352753,0.5599174499511719,3.419934534191317,False
FUT8,404,ok,rfd3_fix7,1.4580411483633327,3.144805487077979,0.24533015489578247,0.5883872509002686,3.419934534191317,False
FUT8,500,ok,rfd3_fix7,1.521074313492287,3.215193304118934,0.15053968131542206,0.5255874991416931,3.419934534191317,False
FUT8,501,ok,rfd3_fix7,1.3970302016413112,3.189106957215749,0.26378461718559265,0.5461812615394592,3.419934534191317,False
FUT8,502,ok,rfd3_fix7,1.4288498699908905,3.186860335662287,0.15854842960834503,0.5246201157569885,3.419934534191317,False
FUT8,503,ok,rfd3_fix7,0.9115007270074129,3.4865116418544635,0.19959591329097748,0.527458906173706,3.419934534191317,False
FUT8,504,ok,rfd3_fix7,0.5747742941965351,3.421627871251267,0.16657321155071259,0.5291323661804199,3.419934534191317,False
p53_Y220C,0,ok,molgen_ns1.0,3.450431037550138,3.36740878647386,1.579917311668396,1.541206955909729,1.1600563699903448,False
p53_Y220C,1,ok,molgen_ns1.0,3.2711329879697226,2.5957403551067193,1.6254727840423584,1.5155425071716309,1.1600563699903448,False
p53_Y220C,2,ok,molgen_ns1.0,1.3646778724283637,0.49094267763304783,1.6597214937210083,1.5101393461227417,1.1600563699903448,True
p53_Y220C,3,ok,molgen_ns1.0,2.438238700374028,2.2988113925598213,1.027583122253418,0.9861255884170532,1.1600563699903448,False
p53_Y220C,4,ok,molgen_ns1.0,3.679995384213414,2.8856402332349163,1.5993802547454834,1.593285083770752,1.1600563699903448,False
p53_Y220C,5,ok,molgen_ns1.0,2.9362259936065205,2.7958200407967664,1.697500228881836,1.6790013313293457,1.1600563699903448,False
p53_Y220C,6,ok,molgen_ns1.0,4.09094235185145,3.6738686201914916,1.753983974456787,1.6095811128616333,1.1600563699903448,False
p53_Y220C,7,ok,molgen_ns1.0,4.809959104156589,4.519948190037691,1.5799349546432495,1.5469660758972168,1.1600563699903448,False
p53_Y220C,8,ok,molgen_ns1.0,3.183181530060815,2.780100609950756,2.1817610263824463,2.1137807369232178,1.1600563699903448,False
p53_Y220C,9,ok,molgen_ns1.0,2.3951536679594585,2.4988494768771474,1.6329078674316406,1.4391791820526123,1.1600563699903448,False
p53_Y220C,10,ok,molgen_ns1.0,1.8449223126576428,1.9101262106480437,1.33195161819458,1.213758945465088,1.1600563699903448,False
p53_Y220C,11,ok,molgen_ns1.0,4.141973849187155,3.8611056711233283,1.6428334712982178,1.480690598487854,1.1600563699903448,False
p53_Y220C,12,ok,molgen_ns1.0,4.248866509769228,3.743454200466841,1.7505128383636475,1.6282232999801636,1.1600563699903448,False
p53_Y220C,13,ok,molgen_ns1.0,4.221106805757078,3.5594219272769854,1.8134044408798218,1.5634044408798218,1.1600563699903448,False
p53_Y220C,14,ok,molgen_ns1.0,3.1020585311263638,2.7974280124978055,1.6955710649490356,1.6526132822036743,1.1600563699903448,False
p53_Y220C,15,ok,molgen_ns1.0,3.179130486665358,2.8431559071370693,1.4733233451843262,1.4245246648788452,1.1600563699903448,False
p53_Y220C,16,ok,molgen_ns1.0,4.433010929019902,3.8968250555953903,1.6945301294326782,1.6031543016433716,1.1600563699903448,False
p53_Y220C,18,ok,molgen_ns1.0,2.6157066900637025,2.1775359880208587,1.8503674268722534,1.6890536546707153,1.1600563699903448,False
p53_Y220C,19,ok,molgen_ns1.0,2.5206911241336436,2.627619329634975,1.362839937210083,1.236058235168457,1.1600563699903448,False
p53_Y220C,20,ok,molgen_ns1.0,2.419462187514981,1.9142602935111714,1.4333096742630005,1.2950948476791382,1.1600563699903448,False
p53_Y220C,21,ok,molgen_ns1.0,2.9616627471789125,2.981734300858809,1.4062895774841309,1.3858200311660767,1.1600563699903448,False
p53_Y220C,23,ok,molgen_ns1.0,2.659671748661525,2.131245355237447,1.5087122917175293,1.3498276472091675,1.1600563699903448,False
p53_Y220C,24,ok,molgen_ns1.0,2.2448550847441053,1.7757567534216478,1.6496714353561401,1.507207989692688,1.1600563699903448,False
p53_Y220C,25,ok,molgen_ns1.0,1.4041821570442845,1.1446109609436887,1.2936930656433105,1.3121896982192993,1.1600563699903448,True
p53_Y220C,26,ok,molgen_ns1.0,4.924110252189338,4.583644971945487,1.9408857822418213,1.8680487871170044,1.1600563699903448,False
p53_Y220C,27,ok,molgen_ns1.0,3.431738446599499,3.1506487304504134,0.9629054069519043,0.9219880104064941,1.1600563699903448,False
p53_Y220C,28,ok,molgen_ns1.0,4.627621294489734,3.9370971150634264,1.8763662576675415,1.6659525632858276,1.1600563699903448,False
p53_Y220C,29,ok,molgen_ns1.0,4.668120203261304,4.2704413009222355,1.9685378074645996,1.746382236480713,1.1600563699903448,False
CB1,0,ok,molgen_ns1.0,2.3846817217067136,2.666921921275478,1.351548671722412,1.4883637428283691,2.023384393567615,False
CB1,1,ok,molgen_ns1.0,1.4024052938488687,2.518295896436112,0.9201338291168213,1.2861465215682983,2.023384393567615,False
CB1,2,ok,molgen_ns1.0,3.6723298761269714,3.5625064931142245,0.765685498714447,1.210662603378296,2.023384393567615,False
CB1,3,ok,molgen_ns1.0,2.414226269919478,2.5700334174136987,1.0837841033935547,1.1106846332550049,2.023384393567615,False
CB1,4,ok,molgen_ns1.0,1.831324254366362,2.501941683243828,1.229400396347046,1.4193345308303833,2.023384393567615,False
CB1,5,ok,molgen_ns1.0,2.16344599505399,2.448289082279797,1.2764049768447876,1.4174655675888062,2.023384393567615,False
CB1,6,ok,molgen_ns1.0,2.6581616339911514,2.623696314321419,1.0977520942687988,1.3681384325027466,2.023384393567615,False
CB1,7,ok,molgen_ns1.0,2.031047434908901,2.7256158746427355,0.9832285642623901,1.1115409135818481,2.023384393567615,False
CB1,8,ok,molgen_ns1.0,2.2035377061775883,2.650743066294499,0.9831092953681946,1.2551844120025635,2.023384393567615,False
CB1,9,ok,molgen_ns1.0,1.8924741083252787,2.442552400513682,1.1002851724624634,1.3310734033584595,2.023384393567615,False
CB1,10,ok,molgen_ns1.0,4.102571623924689,3.8424481303896747,1.0449408292770386,1.2987955808639526,2.023384393567615,False
CB1,11,ok,molgen_ns1.0,2.636864024740198,2.8180644124632184,0.9333872199058533,1.2286564111709595,2.023384393567615,False
CB1,12,ok,molgen_ns1.0,2.025826979689558,2.612730979055008,1.2718582153320312,1.4674209356307983,2.023384393567615,False
CB1,13,ok,molgen_ns1.0,1.81318175257317,2.671084198308148,1.3790682554244995,1.5459238290786743,2.023384393567615,False
CB1,14,ok,molgen_ns1.0,1.5704283551182932,2.834830191782065,1.1024655103683472,1.4606174230575562,2.023384393567615,False
CB1,15,ok,molgen_ns1.0,1.7252721873267725,2.332952732997483,0.8641810417175293,1.129581093788147,2.023384393567615,False
CB1,16,ok,molgen_ns1.0,1.9965843211105312,2.2925213620072022,1.173567295074463,1.2656354904174805,2.023384393567615,False
CB1,17,ok,molgen_ns1.0,3.4781644510907803,3.748558854921665,1.1900715827941895,1.2018400430679321,2.023384393567615,False
CB1,18,ok,molgen_ns1.0,1.755765833296244,2.4485331523349845,1.1566966772079468,1.2755513191223145,2.023384393567615,False
CB1,19,ok,molgen_ns1.0,3.0702268548793494,2.969804269897578,0.6840118169784546,1.0751452445983887,2.023384393567615,False
CB1,20,ok,molgen_ns1.0,1.846728054033151,2.616520444919385,0.9637088775634766,1.1780966520309448,2.023384393567615,False
CB1,21,ok,molgen_ns1.0,2.0657196966256017,2.4718336364220086,1.038386344909668,1.3714901208877563,2.023384393567615,False
CB1,22,ok,molgen_ns1.0,1.5754325614280276,2.4774193270685143,0.8261497020721436,1.1873822212219238,2.023384393567615,False
CB1,23,ok,molgen_ns1.0,2.8340775830637517,3.10654190439801,1.2732174396514893,1.3346806764602661,2.023384393567615,False
CB1,24,ok,molgen_ns1.0,2.3615458505854514,2.1710299714865413,0.9724102020263672,1.2699273824691772,2.023384393567615,False
CB1,25,ok,molgen_ns1.0,3.4428730545483597,3.5301681062550743,0.9048441052436829,1.1456924676895142,2.023384393567615,False
CB1,26,ok,molgen_ns1.0,1.9197892337635778,2.775727249559579,1.1409438848495483,1.3923368453979492,2.023384393567615,False
CB1,27,ok,molgen_ns1.0,2.1821769819773436,2.8373131939842544,1.0112496614456177,1.182003140449524,2.023384393567615,False
CB1,28,ok,molgen_ns1.0,2.482094184026829,3.058267756859444,1.3945657014846802,1.392891526222229,2.023384393567615,False
CB1,29,ok,molgen_ns1.0,2.6183988181427416,2.7206233431437865,1.1291860342025757,1.2687416076660156,2.023384393567615,False
KRAS,0,ok,molgen_ns1.0,3.819007191047927,3.4858527605135237,1.6443992853164673,1.7268545627593994,3.742426159251105,True
KRAS,1,ok,molgen_ns1.0,2.3031049178098675,3.4064865138634777,0.896156907081604,1.5240086317062378,3.742426159251105,False
KRAS,2,ok,molgen_ns1.0,3.2968664630728184,3.5024735749683837,1.0645349025726318,1.4180423021316528,3.742426159251105,False
KRAS,3,ok,molgen_ns1.0,2.957598847348096,2.8853066172016613,1.1364562511444092,1.4305055141448975,3.742426159251105,True
KRAS,4,ok,molgen_ns1.0,3.3458226558796462,3.4488045334491555,0.8150621652603149,1.4957764148712158,3.742426159251105,False
KRAS,5,ok,molgen_ns1.0,3.28925185545282,3.7013342096678894,1.412038803100586,1.8190909624099731,3.742426159251105,False
KRAS,6,ok,molgen_ns1.0,3.6408675017959578,4.345182256330276,1.6678191423416138,2.1787807941436768,3.742426159251105,False
KRAS,7,ok,molgen_ns1.0,3.6910200085669027,3.0961972373862197,0.7138766050338745,1.4090229272842407,3.742426159251105,True
KRAS,8,ok,molgen_ns1.0,3.653996601957851,3.0220965949996,1.2015994787216187,1.7446856498718262,3.742426159251105,True
KRAS,9,ok,molgen_ns1.0,3.1944755357370145,3.2735886143804493,1.0589979887008667,1.2632501125335693,3.742426159251105,False
KRAS,10,ok,molgen_ns1.0,2.8703670525392453,3.9235306996153207,1.4843542575836182,2.1940743923187256,3.742426159251105,False
KRAS,11,ok,molgen_ns1.0,2.8905428505541058,2.91278472451328,1.2083882093429565,1.6430871486663818,3.742426159251105,False
KRAS,12,ok,molgen_ns1.0,2.4529931756876335,3.6275145983117354,1.006803274154663,1.6870858669281006,3.742426159251105,False
KRAS,13,ok,molgen_ns1.0,2.769387072378805,3.1606887418961938,0.9165589809417725,1.5119389295578003,3.742426159251105,False
KRAS,14,ok,molgen_ns1.0,3.4951280845506836,3.527820186739187,1.4524540901184082,1.877526044845581,3.742426159251105,False
KRAS,15,ok,molgen_ns1.0,2.740695412573483,3.5791772484365576,1.1744290590286255,1.6503335237503052,3.742426159251105,False
KRAS,16,ok,molgen_ns1.0,3.4519067046726457,2.8616432852920295,1.5205200910568237,1.8411272764205933,3.742426159251105,True
KRAS,17,ok,molgen_ns1.0,3.6897352227950515,3.4682788487757605,1.4443237781524658,1.9042233228683472,3.742426159251105,True
KRAS,18,ok,molgen_ns1.0,3.3603779259985855,4.177903813057384,1.2547247409820557,1.9307427406311035,3.742426159251105,False
KRAS,19,ok,molgen_ns1.0,3.232706524555618,3.7452102051917224,1.4860458374023438,1.9317259788513184,3.742426159251105,False
KRAS,20,ok,molgen_ns1.0,3.477336677453955,4.601427846760209,1.1121339797973633,1.8102856874465942,3.742426159251105,False
KRAS,21,ok,molgen_ns1.0,3.7078865855925818,3.5883913116729893,1.1676652431488037,1.7454339265823364,3.742426159251105,True
KRAS,22,ok,molgen_ns1.0,2.730671146742921,3.5881239817584767,1.390415072441101,1.911821722984314,3.742426159251105,False
KRAS,23,ok,molgen_ns1.0,3.6295520386739866,3.9227045054358007,1.2969141006469727,1.625543236732483,3.742426159251105,False
KRAS,24,ok,molgen_ns1.0,3.8731971196733754,4.058604059168906,1.6822646856307983,2.1454248428344727,3.742426159251105,False
KRAS,25,ok,molgen_ns1.0,4.695055792311858,4.976077496064711,1.757665991783142,2.1731834411621094,3.742426159251105,False
KRAS,26,ok,molgen_ns1.0,2.69521572408836,3.6431612133254765,1.4033340215682983,1.8528590202331543,3.742426159251105,False
KRAS,27,ok,molgen_ns1.0,2.336545787116909,3.2792332633485253,1.1658942699432373,1.5722371339797974,3.742426159251105,False
KRAS,29,ok,molgen_ns1.0,2.624197119621321,3.2542511278794755,0.7335542440414429,1.3105937242507935,3.742426159251105,False
cAbl,0,ok,molgen_ns1.0,2.398153393230305,3.8484652781669264,1.025586485862732,1.8970750570297241,3.4458517805005147,False
cAbl,1,ok,molgen_ns1.0,2.875530119738719,3.8780789711911288,1.282788872718811,1.9211372137069702,3.4458517805005147,False
cAbl,2,ok,molgen_ns1.0,3.542575206393418,3.4622125524497576,1.2136770486831665,1.9284212589263916,3.4458517805005147,False
cAbl,3,ok,molgen_ns1.0,2.4610946180662814,3.6934636501355538,1.2616000175476074,1.6442127227783203,3.4458517805005147,False
cAbl,4,ok,molgen_ns1.0,2.9416092846221336,4.400516634790478,1.034705638885498,1.7751537561416626,3.4458517805005147,False
cAbl,5,ok,molgen_ns1.0,2.5817349216245824,3.647540916971501,1.1481322050094604,1.6495428085327148,3.4458517805005147,False
cAbl,6,ok,molgen_ns1.0,1.6682096231286025,3.2149177053460436,0.8892505764961243,1.6094226837158203,3.4458517805005147,False
cAbl,7,ok,molgen_ns1.0,3.0898048490203243,2.898241626171936,1.0746062994003296,1.4681732654571533,3.4458517805005147,True
cAbl,8,ok,molgen_ns1.0,1.8584655948691762,3.512679725775586,0.8585154414176941,1.7317357063293457,3.4458517805005147,False
cAbl,9,ok,molgen_ns1.0,2.931076954115042,4.07839523964972,0.6570029854774475,1.70083749294281,3.4458517805005147,False
cAbl,10,ok,molgen_ns1.0,1.6577167789599956,3.5118989570207617,0.8957408666610718,1.6384958028793335,3.4458517805005147,False
cAbl,11,ok,molgen_ns1.0,1.8431646240707131,3.557096178709968,0.9659319519996643,1.6961565017700195,3.4458517805005147,False
cAbl,12,ok,molgen_ns1.0,2.2349627827762726,3.2960092416399243,0.9099858999252319,1.4302778244018555,3.4458517805005147,False
cAbl,13,ok,molgen_ns1.0,3.33000090500031,4.53808778410612,1.4598101377487183,2.0223581790924072,3.4458517805005147,False
cAbl,14,ok,molgen_ns1.0,2.7730396620041273,3.8943991290753597,1.135730504989624,1.6260006427764893,3.4458517805005147,False
cAbl,15,ok,molgen_ns1.0,2.0504080503779267,3.473067383827481,1.0511815547943115,1.776555061340332,3.4458517805005147,False
cAbl,16,ok,molgen_ns1.0,2.2477630961939057,3.7189972580509103,1.0119130611419678,1.7733650207519531,3.4458517805005147,False
cAbl,17,ok,molgen_ns1.0,2.618777850193236,3.789859267354234,1.3925169706344604,1.8465673923492432,3.4458517805005147,False
cAbl,18,ok,molgen_ns1.0,2.3130100005330694,3.831284838471799,1.1390537023544312,1.6941043138504028,3.4458517805005147,False
cAbl,19,ok,molgen_ns1.0,2.779913279007961,4.02184114947356,1.0266809463500977,1.7157422304153442,3.4458517805005147,False
cAbl,20,ok,molgen_ns1.0,2.7756464691669755,3.7769536677963482,1.1425784826278687,1.6590728759765625,3.4458517805005147,False
cAbl,21,ok,molgen_ns1.0,2.1838656851250713,3.627237350372139,0.9098919034004211,1.6687779426574707,3.4458517805005147,False
cAbl,22,ok,molgen_ns1.0,2.2389130528785888,3.7673066068418355,1.095354676246643,1.8222858905792236,3.4458517805005147,False
cAbl,23,ok,molgen_ns1.0,1.7430556695488897,3.468070374927476,0.932611882686615,1.6690574884414673,3.4458517805005147,False
cAbl,24,ok,molgen_ns1.0,3.5751308118508938,3.02921619348386,1.2193282842636108,1.6416987180709839,3.4458517805005147,True
cAbl,25,ok,molgen_ns1.0,2.763054012194623,4.20884112873905,1.263543963432312,1.8067517280578613,3.4458517805005147,False
cAbl,26,ok,molgen_ns1.0,1.8770538613374526,3.551249292965392,1.1900279521942139,1.7704087495803833,3.4458517805005147,False
cAbl,27,ok,molgen_ns1.0,3.2055256694324044,4.502898091924435,1.6739364862442017,2.1328442096710205,3.4458517805005147,False
cAbl,28,ok,molgen_ns1.0,2.474529531541004,3.8847860322826637,1.3394278287887573,2.0304019451141357,3.4458517805005147,False
cAbl,29,ok,molgen_ns1.0,2.7609109697385703,3.3783725552609516,1.1721816062927246,1.4635688066482544,3.4458517805005147,False
HIF2alpha,0,ok,molgen_ns1.0,1.9598260155267675,1.7221085842474002,0.8143647909164429,0.8398462533950806,1.86542516135414,True
HIF2alpha,1,ok,molgen_ns1.0,2.732383521132517,2.731968419505772,1.0261435508728027,1.0148670673370361,1.86542516135414,False
HIF2alpha,2,ok,molgen_ns1.0,2.5011994769265846,2.261004088876364,0.8227769136428833,0.9414407014846802,1.86542516135414,False
HIF2alpha,3,ok,molgen_ns1.0,0.9527696318752392,1.9893392309931517,0.8110746145248413,0.8759257793426514,1.86542516135414,False
HIF2alpha,4,ok,molgen_ns1.0,1.6199414346519454,1.1280516455305274,0.7724167108535767,0.8292354345321655,1.86542516135414,True
HIF2alpha,5,ok,molgen_ns1.0,2.1718305770758564,2.0144374348810197,0.9866034388542175,1.0002764463424683,1.86542516135414,False
HIF2alpha,6,ok,molgen_ns1.0,2.5444712356571,2.334258826952642,0.7725470662117004,0.8721964955329895,1.86542516135414,False
HIF2alpha,7,ok,molgen_ns1.0,1.0790717104028247,2.026380443606239,0.7372660040855408,0.8973553776741028,1.86542516135414,False
HIF2alpha,8,ok,molgen_ns1.0,2.47609334273089,2.2378213738079067,0.9996163845062256,1.0098698139190674,1.86542516135414,False
HIF2alpha,9,ok,molgen_ns1.0,2.09351895450887,2.0566642222912903,0.8997725248336792,0.8005565404891968,1.86542516135414,False
HIF2alpha,10,ok,molgen_ns1.0,2.8191362618657827,2.8369337654998046,0.8766832947731018,0.8467524647712708,1.86542516135414,False
HIF2alpha,11,ok,molgen_ns1.0,2.230415921124712,1.9132561124665808,0.7126359343528748,0.7723250985145569,1.86542516135414,False
HIF2alpha,12,ok,molgen_ns1.0,2.364895792971216,2.546800858056182,1.035524606704712,1.1417484283447266,1.86542516135414,False
HIF2alpha,13,ok,molgen_ns1.0,1.0248979432385779,1.4106445406396628,0.8771458864212036,0.9758124351501465,1.86542516135414,False
HIF2alpha,14,ok,molgen_ns1.0,0.7523157739769019,1.6001069523245077,0.8229503035545349,0.9337764382362366,1.86542516135414,False
HIF2alpha,15,ok,molgen_ns1.0,2.1270849434014885,2.321185277875232,0.8091954588890076,0.9176793098449707,1.86542516135414,False
HIF2alpha,16,ok,molgen_ns1.0,2.110094602311166,1.4817524368583326,0.8673567771911621,0.9366902709007263,1.86542516135414,True
HIF2alpha,17,ok,molgen_ns1.0,2.184929393924312,2.5181792608324005,0.9184736013412476,1.0155565738677979,1.86542516135414,False
HIF2alpha,18,ok,molgen_ns1.0,2.5783246203889534,2.387201743500328,0.7612038254737854,0.8140721917152405,1.86542516135414,False
HIF2alpha,19,ok,molgen_ns1.0,1.8390833243191542,2.7457075237806308,0.9598914384841919,1.0545568466186523,1.86542516135414,False
HIF2alpha,20,ok,molgen_ns1.0,1.4284282945649593,1.539034271411668,0.6692852973937988,0.8037283420562744,1.86542516135414,False
HIF2alpha,21,ok,molgen_ns1.0,2.4819016530534985,1.9300632016688604,0.763107419013977,0.8737426400184631,1.86542516135414,False
HIF2alpha,22,ok,molgen_ns1.0,2.30737387207183,2.1649402440423735,0.7168880105018616,0.8284174203872681,1.86542516135414,False
HIF2alpha,23,ok,molgen_ns1.0,1.0442743023872625,1.4665803508212698,0.7012237906455994,0.8206799626350403,1.86542516135414,False
HIF2alpha,24,ok,molgen_ns1.0,2.8523843588286715,2.4642414929739975,0.7519662976264954,0.6784437894821167,1.86542516135414,False
HIF2alpha,25,ok,molgen_ns1.0,1.9301938359195963,1.726774360926364,1.2853745222091675,1.301979899406433,1.86542516135414,True
HIF2alpha,26,ok,molgen_ns1.0,2.2073173585062307,2.1998949835016837,0.9727435111999512,1.043569803237915,1.86542516135414,False
HIF2alpha,27,ok,molgen_ns1.0,2.7132623666641424,2.2926250881141925,0.8155022859573364,0.9508083462715149,1.86542516135414,False
HIF2alpha,28,ok,molgen_ns1.0,2.9680755027473986,2.5558400018847767,0.5331209897994995,0.6864652633666992,1.86542516135414,False
HIF2alpha,29,ok,molgen_ns1.0,2.9296045271815285,2.59042371850672,0.8670355081558228,0.9951505064964294,1.86542516135414,False
HIV_RT,0,ok,molgen_ns1.0,2.7090456363771245,2.733338828568448,1.121379017829895,1.471426010131836,3.055562157269878,False
HIV_RT,1,ok,molgen_ns1.0,4.200640545250398,3.883284063656056,1.2158337831497192,1.5222727060317993,3.055562157269878,False
HIV_RT,2,ok,molgen_ns1.0,3.9291664671699604,4.072789884454986,1.4168530702590942,1.7610949277877808,3.055562157269878,False
HIV_RT,3,ok,molgen_ns1.0,3.6220611807184553,3.9787834510334443,1.0716536045074463,1.5894511938095093,3.055562157269878,False
HIV_RT,4,ok,molgen_ns1.0,4.800701423202936,4.607278114304941,1.2935951948165894,1.4286903142929077,3.055562157269878,False
HIV_RT,5,ok,molgen_ns1.0,2.743922211119242,3.312046240879793,1.250166654586792,1.4801793098449707,3.055562157269878,False
HIV_RT,6,ok,molgen_ns1.0,3.771742253839356,4.045675092458038,1.3830242156982422,2.0415470600128174,3.055562157269878,False
HIV_RT,7,ok,molgen_ns1.0,3.083995411290082,3.0286673808033395,1.1344095468521118,1.1406763792037964,3.055562157269878,True
HIV_RT,8,ok,molgen_ns1.0,4.603441744970795,4.041016259118118,1.7590891122817993,1.8049485683441162,3.055562157269878,False
HIV_RT,9,ok,molgen_ns1.0,3.307883025307915,3.471218575816165,1.857189416885376,1.9027864933013916,3.055562157269878,False
HIV_RT,10,ok,molgen_ns1.0,3.53155637309567,4.015324714596448,1.4828133583068848,1.5366880893707275,3.055562157269878,False
HIV_RT,11,ok,molgen_ns1.0,3.613303372343412,3.207218786613962,1.6549676656723022,1.7512731552124023,3.055562157269878,False
HIV_RT,12,ok,molgen_ns1.0,3.3622281847737403,3.5829621231048456,1.3656615018844604,1.8558019399642944,3.055562157269878,False
HIV_RT,13,ok,molgen_ns1.0,3.091625492369112,2.7676962937011838,1.2122442722320557,1.1962590217590332,3.055562157269878,True
HIV_RT,14,ok,molgen_ns1.0,3.346044108233397,3.745311701121448,1.0291796922683716,1.5106533765792847,3.055562157269878,False
HIV_RT,15,ok,molgen_ns1.0,2.3424077745618788,2.7868477667975777,1.0049502849578857,1.598554015159607,3.055562157269878,False
HIV_RT,16,ok,molgen_ns1.0,3.1964888099197104,3.6922293620029913,1.44978666305542,1.3940485715866089,3.055562157269878,False
HIV_RT,17,ok,molgen_ns1.0,3.669114685581382,4.173975860966968,1.2748968601226807,1.7227096557617188,3.055562157269878,False
HIV_RT,18,ok,molgen_ns1.0,3.222693920131448,3.9843673068571497,1.1988840103149414,1.4959754943847656,3.055562157269878,False
HIV_RT,19,ok,molgen_ns1.0,3.838416364017405,3.8352502202958716,1.3795522451400757,1.6559994220733643,3.055562157269878,False
HIV_RT,20,ok,molgen_ns1.0,4.369564845658406,4.451891136761655,1.955337405204773,2.4148356914520264,3.055562157269878,False
HIV_RT,21,ok,molgen_ns1.0,4.2631006719607125,4.483060480293469,1.5090117454528809,1.4812068939208984,3.055562157269878,False
HIV_RT,22,ok,molgen_ns1.0,1.8085176370026244,3.1216232286605003,0.8586872220039368,1.4214935302734375,3.055562157269878,False
HIV_RT,23,ok,molgen_ns1.0,3.9643341268977603,4.0045388706467016,1.5556894540786743,1.7173619270324707,3.055562157269878,False
HIV_RT,24,ok,molgen_ns1.0,4.5803443412190346,4.8759535521402455,1.4724876880645752,1.8883136510849,3.055562157269878,False
HIV_RT,25,ok,molgen_ns1.0,4.469236996524995,4.495300000186284,1.4062787294387817,1.6458203792572021,3.055562157269878,False
HIV_RT,26,ok,molgen_ns1.0,4.206704826514841,3.5819182126466305,1.4801337718963623,1.5641361474990845,3.055562157269878,False
HIV_RT,27,ok,molgen_ns1.0,2.565499353162921,3.2040987814898054,1.1913002729415894,1.6717402935028076,3.055562157269878,False
HIV_RT,28,ok,molgen_ns1.0,3.1135415769817625,3.5894625171710204,1.6023788452148438,1.637204885482788,3.055562157269878,False
HIV_RT,29,ok,molgen_ns1.0,4.361524477923307,4.54695968423679,1.3908782005310059,1.5690394639968872,3.055562157269878,False
HIV1_CA,0,ok,molgen_ns1.0,2.2720969414573107,2.4512784775125827,1.5640084743499756,1.6469786167144775,1.3207135415934947,False
HIV1_CA,1,ok,molgen_ns1.0,1.4670203374937882,1.7656031994519334,2.0521163940429688,2.09682297706604,1.3207135415934947,False
HIV1_CA,2,ok,molgen_ns1.0,1.6171470387219824,2.1568365850239126,2.154737710952759,2.217151403427124,1.3207135415934947,False
HIV1_CA,3,ok,molgen_ns1.0,2.600641514627581,2.8888795915682257,0.9252257347106934,1.0799592733383179,1.3207135415934947,False
HIV1_CA,4,ok,molgen_ns1.0,2.6444625206960852,2.2457768401882916,1.1621685028076172,1.3263311386108398,1.3207135415934947,False
HIV1_CA,5,ok,molgen_ns1.0,2.9660919961573193,2.307290908893722,1.1361298561096191,1.2562711238861084,1.3207135415934947,False
HIV1_CA,6,ok,molgen_ns1.0,3.3016544869827467,2.961622138317443,1.6765820980072021,1.738338828086853,1.3207135415934947,False
HIV1_CA,9,ok,molgen_ns1.0,1.4537348043125564,1.4234223010557607,1.0635900497436523,1.0790544748306274,1.3207135415934947,False
HIV1_CA,10,ok,molgen_ns1.0,2.1725840337411557,2.176837864715819,2.2314045429229736,2.2175230979919434,1.3207135415934947,False
HIV1_CA,11,ok,molgen_ns1.0,1.8848742412571768,1.7795961372369198,1.4346604347229004,1.5083140134811401,1.3207135415934947,False
HIV1_CA,12,ok,molgen_ns1.0,1.7332229071679348,2.058725132892706,0.9212294816970825,0.9647372364997864,1.3207135415934947,False
HIV1_CA,13,ok,molgen_ns1.0,1.4792161315384036,1.6992538273139517,1.535768747329712,1.596356987953186,1.3207135415934947,False
HIV1_CA,16,ok,molgen_ns1.0,1.42828500464872,1.7715156138379786,1.1128928661346436,1.1976603269577026,1.3207135415934947,False
HIV1_CA,17,ok,molgen_ns1.0,1.7985368350814812,1.6728000636653684,1.0080660581588745,1.0323818922042847,1.3207135415934947,False
HIV1_CA,18,ok,molgen_ns1.0,1.9667942889340828,2.1839268642037095,1.1164721250534058,1.1984070539474487,1.3207135415934947,False
HIV1_CA,19,ok,molgen_ns1.0,2.5124163333759704,2.203621930772857,1.254228115081787,1.306213617324829,1.3207135415934947,False
HIV1_CA,20,ok,molgen_ns1.0,1.6336222561757667,1.9911877086831713,0.8364992737770081,0.9326149225234985,1.3207135415934947,False
HIV1_CA,21,ok,molgen_ns1.0,2.2963063753697592,2.3877611702034316,1.3896496295928955,1.4191306829452515,1.3207135415934947,False
HIV1_CA,22,ok,molgen_ns1.0,2.4369594702808244,2.0341183486361203,0.9749937653541565,1.1497390270233154,1.3207135415934947,False
HIV1_CA,23,ok,molgen_ns1.0,2.2830369241826842,2.2260448426631725,1.1849522590637207,1.2388602495193481,1.3207135415934947,False
HIV1_CA,24,ok,molgen_ns1.0,1.4670595762623757,1.6214624682644976,1.8788597583770752,1.905070185661316,1.3207135415934947,False
HIV1_CA,26,ok,molgen_ns1.0,1.117888520415251,1.6872713224465121,1.7802127599716187,1.8819973468780518,1.3207135415934947,False
HIV1_CA,27,ok,molgen_ns1.0,1.8648834555275744,2.2961521525016915,1.6259924173355103,1.6676805019378662,1.3207135415934947,False
HIV1_CA,28,ok,molgen_ns1.0,2.438875380903224,1.9274479151713133,0.9415794610977173,1.0123698711395264,1.3207135415934947,False
HIV1_CA,29,ok,molgen_ns1.0,1.1300187076344117,1.5343656437336726,1.529395341873169,1.5176492929458618,1.3207135415934947,False
Menin,0,ok,molgen_ns1.0,2.307105385601804,2.858863377951132,0.8854996562004089,0.9459327459335327,1.2468617606125678,False
Menin,1,ok,molgen_ns1.0,3.041626128856231,3.399826601725334,0.8984872698783875,1.022288203239441,1.2468617606125678,False
Menin,2,ok,molgen_ns1.0,2.1908724040402157,1.9182382904980277,0.881275475025177,0.9120118618011475,1.2468617606125678,False
Menin,4,ok,molgen_ns1.0,2.4615757106813554,2.0930726373636097,0.7554593682289124,0.8282002210617065,1.2468617606125678,False
Menin,5,ok,molgen_ns1.0,2.7868517420207897,3.352735978886811,0.6721280813217163,0.7961817383766174,1.2468617606125678,False
Menin,6,ok,molgen_ns1.0,2.5671493150503344,2.758430288789736,1.1131867170333862,1.0614075660705566,1.2468617606125678,False
Menin,7,ok,molgen_ns1.0,2.445707465148429,2.1518708484292546,0.8921105265617371,0.962855339050293,1.2468617606125678,False
Menin,8,ok,molgen_ns1.0,3.147937929888099,2.842606974292288,0.7895496487617493,0.891768753528595,1.2468617606125678,False
Menin,9,ok,molgen_ns1.0,1.5640081927172977,1.6740274689354928,0.8887308835983276,0.8232768177986145,1.2468617606125678,False
Menin,10,ok,molgen_ns1.0,2.8680729723190583,2.661911520289966,0.7180071473121643,0.7966532707214355,1.2468617606125678,False
Menin,11,ok,molgen_ns1.0,1.8906117979922092,1.1699909191807913,0.8642842769622803,0.9536269307136536,1.2468617606125678,True
Menin,12,ok,molgen_ns1.0,3.649154203982067,3.493468941962298,0.8937937021255493,1.022469401359558,1.2468617606125678,False
Menin,13,ok,molgen_ns1.0,2.9199572161899416,2.813527284289241,1.0009888410568237,1.0577659606933594,1.2468617606125678,False
Menin,14,ok,molgen_ns1.0,2.2854138027660813,2.201643880895007,0.7104296088218689,0.8132226467132568,1.2468617606125678,False
Menin,15,ok,molgen_ns1.0,3.2130441323314045,2.912313470517147,0.7758333683013916,0.8691679239273071,1.2468617606125678,False
Menin,16,ok,molgen_ns1.0,2.637554283225601,2.805125323162024,1.1231968402862549,1.2929444313049316,1.2468617606125678,False
Menin,17,ok,molgen_ns1.0,3.8809110177516533,4.083408251224336,0.9839469194412231,1.0086891651153564,1.2468617606125678,False
Menin,18,ok,molgen_ns1.0,2.357182074484081,2.6784675009223284,1.1285805702209473,1.181336522102356,1.2468617606125678,False
Menin,19,ok,molgen_ns1.0,2.2203837378403124,2.380090074108661,0.5967927575111389,0.6503485441207886,1.2468617606125678,False
Menin,20,ok,molgen_ns1.0,4.317762238372142,4.574637721819848,0.9001874327659607,0.9838066101074219,1.2468617606125678,False
Menin,21,ok,molgen_ns1.0,3.538196717708331,3.867025072067541,0.6273811459541321,0.8003063201904297,1.2468617606125678,False
Menin,22,ok,molgen_ns1.0,1.8612344486843735,1.9644091627567195,0.5434355139732361,0.6268531084060669,1.2468617606125678,False
Menin,23,ok,molgen_ns1.0,2.94301843096757,3.014418013700946,1.162505865097046,1.2605217695236206,1.2468617606125678,False
Menin,24,ok,molgen_ns1.0,2.7082566929234413,3.3435100404162124,0.7231053113937378,0.8537203073501587,1.2468617606125678,False
Menin,25,ok,molgen_ns1.0,3.3995627797255623,3.579430147811712,0.7440168261528015,0.7946301102638245,1.2468617606125678,False
Menin,26,ok,molgen_ns1.0,3.713406659437496,4.166405500799181,0.7676123976707458,0.9192162752151489,1.2468617606125678,False
Menin,27,ok,molgen_ns1.0,4.015312859336909,4.16661791893516,0.854301929473877,1.0814385414123535,1.2468617606125678,False
Menin,28,ok,molgen_ns1.0,3.757244338716221,4.065938199929389,1.106472373008728,1.125730037689209,1.2468617606125678,False
Menin,29,ok,molgen_ns1.0,2.6618730248699642,2.7131986849643543,0.796373188495636,0.8260322213172913,1.2468617606125678,False
GCGR,0,ok,molgen_ns1.0,3.016399763205174,6.209381678871921,1.5148253440856934,4.987661361694336,5.701045356786475,False
GCGR,1,ok,molgen_ns1.0,3.0622125129111923,6.380305339142792,1.715312123298645,5.239742755889893,5.701045356786475,False
GCGR,2,ok,molgen_ns1.0,2.7309166780036147,6.403949649588092,1.6365429162979126,5.386013984680176,5.701045356786475,False
GCGR,3,ok,molgen_ns1.0,2.2350771976833803,5.945369858668666,1.2662479877471924,5.051970481872559,5.701045356786475,False
GCGR,4,ok,molgen_ns1.0,3.1545809055000924,6.514921179309506,1.8691564798355103,5.202856063842773,5.701045356786475,False
GCGR,5,ok,molgen_ns1.0,2.612789040323637,6.558843540155262,1.3949878215789795,5.26324987411499,5.701045356786475,False
GCGR,6,ok,molgen_ns1.0,2.7002547316324668,6.217758868409396,1.4934189319610596,5.071746349334717,5.701045356786475,False
GCGR,7,ok,molgen_ns1.0,3.8831827801328798,6.856395429968771,2.244110345840454,5.218207836151123,5.701045356786475,False
GCGR,8,ok,molgen_ns1.0,2.35196542931471,5.715980611940713,1.368019938468933,4.892301559448242,5.701045356786475,False
GCGR,9,ok,molgen_ns1.0,2.2527383406675474,6.322758611215808,1.54860520362854,5.549794673919678,5.701045356786475,False
GCGR,10,ok,molgen_ns1.0,2.871182634749943,6.1951362896072,1.5722994804382324,5.214459419250488,5.701045356786475,False
GCGR,11,ok,molgen_ns1.0,3.291222618109598,6.612403642776639,1.7073516845703125,5.450944423675537,5.701045356786475,False
GCGR,12,ok,molgen_ns1.0,3.2684593440071406,7.1754221628056,2.0609915256500244,5.894578456878662,5.701045356786475,False
GCGR,13,ok,molgen_ns1.0,2.666812524732746,6.303745424617525,1.709877848625183,5.104657173156738,5.701045356786475,False
GCGR,14,ok,molgen_ns1.0,2.404493556101768,5.821383612963289,1.6209295988082886,5.0419135093688965,5.701045356786475,False
GCGR,15,ok,molgen_ns1.0,3.07710506091144,6.670535401731641,2.1624789237976074,5.571950912475586,5.701045356786475,False
GCGR,16,ok,molgen_ns1.0,2.703518381599656,6.369844098267807,1.578420639038086,5.157190799713135,5.701045356786475,False
GCGR,17,ok,molgen_ns1.0,2.9079705577024715,6.192739961645046,1.1775339841842651,4.884081840515137,5.701045356786475,False
GCGR,18,ok,molgen_ns1.0,2.8802191339516297,6.30381778451683,1.450925588607788,5.205696105957031,5.701045356786475,False
GCGR,19,ok,molgen_ns1.0,3.374823887941214,6.776962391663317,1.9247733354568481,5.728823184967041,5.701045356786475,False
GCGR,20,ok,molgen_ns1.0,3.2292487263679734,6.669751600554817,1.877618670463562,5.445368766784668,5.701045356786475,False
GCGR,21,ok,molgen_ns1.0,3.8966129513550856,7.27462337534005,2.2532243728637695,5.8739213943481445,5.701045356786475,False
GCGR,22,ok,molgen_ns1.0,3.282038599182574,6.48840551328104,1.3956620693206787,5.122344017028809,5.701045356786475,False
GCGR,23,ok,molgen_ns1.0,3.287346674314901,6.349517859014558,1.6299513578414917,5.272430419921875,5.701045356786475,False
GCGR,24,ok,molgen_ns1.0,3.181749073614756,6.270538810930469,1.6889225244522095,5.2421674728393555,5.701045356786475,False
GCGR,25,ok,molgen_ns1.0,2.2407042924729255,5.844774243178508,1.363312840461731,4.990433216094971,5.701045356786475,False
GCGR,26,ok,molgen_ns1.0,2.557643342259266,5.6893764239149585,1.1681798696517944,4.554283618927002,5.701045356786475,False
GCGR,27,ok,molgen_ns1.0,3.539817356938538,6.663978883664434,1.88973069190979,5.219410419464111,5.701045356786475,False
GCGR,28,ok,molgen_ns1.0,3.020485839221896,6.057646220670214,1.4721827507019043,4.970055103302002,5.701045356786475,False
GCGR,29,ok,molgen_ns1.0,2.6184106644907956,6.514285819666404,1.8445227146148682,5.453002452850342,5.701045356786475,False
THSR,0,ok,molgen_ns1.0,1.7852458245410876,2.292796497109483,0.9271373152732849,1.128548264503479,1.616455574028625,False
THSR,1,ok,molgen_ns1.0,2.0769501323875876,2.5123408971223165,1.2723157405853271,1.473292589187622,1.616455574028625,False
THSR,2,ok,molgen_ns1.0,2.309527755910183,2.473943277948982,0.8449637293815613,0.9678866267204285,1.616455574028625,False
THSR,3,ok,molgen_ns1.0,1.8464040441495726,2.1946556179961645,1.1205319166183472,1.2148947715759277,1.616455574028625,False
THSR,4,ok,molgen_ns1.0,1.8800235649105446,2.319758875700765,0.8731020092964172,1.0416338443756104,1.616455574028625,False
THSR,5,ok,molgen_ns1.0,1.574208144440847,2.4711370420945493,1.0234712362289429,1.154064655303955,1.616455574028625,False
THSR,6,ok,molgen_ns1.0,2.110632627483002,2.4912754999803832,1.2970833778381348,1.4333299398422241,1.616455574028625,False
THSR,7,ok,molgen_ns1.0,1.4361936529821517,2.2721541787002715,0.9188018441200256,0.9993123412132263,1.616455574028625,False
THSR,8,ok,molgen_ns1.0,2.451815624385428,3.143403432228168,1.0274571180343628,1.1625546216964722,1.616455574028625,False
THSR,9,ok,molgen_ns1.0,2.1605225848185414,2.724978524901688,1.002001404762268,1.1736420392990112,1.616455574028625,False
THSR,10,ok,molgen_ns1.0,1.9829896272642804,2.9233077906610867,0.8310707807540894,1.0585356950759888,1.616455574028625,False
THSR,11,ok,molgen_ns1.0,1.6960089135597831,2.2207488936692696,0.9111931324005127,1.062345027923584,1.616455574028625,False
THSR,12,ok,molgen_ns1.0,2.4772037909116076,2.4448868418630285,1.18035888671875,1.264416217803955,1.616455574028625,False
THSR,13,ok,molgen_ns1.0,1.9986393897576522,2.6529009032066964,1.2443889379501343,1.4055125713348389,1.616455574028625,False
THSR,14,ok,molgen_ns1.0,1.5087885945181467,1.9954937824662449,0.840063750743866,0.9837013483047485,1.616455574028625,False
THSR,15,ok,molgen_ns1.0,2.422119466529451,2.884132149478307,0.7433767914772034,0.9029811024665833,1.616455574028625,False
THSR,16,ok,molgen_ns1.0,1.6306454595967135,1.9449603107917173,0.9585773348808289,1.1068673133850098,1.616455574028625,False
THSR,17,ok,molgen_ns1.0,2.0666505034014224,2.617745546628374,1.1085106134414673,1.2389214038848877,1.616455574028625,False
THSR,18,ok,molgen_ns1.0,3.4086486511753753,3.8804882236800715,1.0551819801330566,1.096611499786377,1.616455574028625,False
THSR,19,ok,molgen_ns1.0,3.249692366221229,3.653197133187433,1.1888487339019775,1.3066422939300537,1.616455574028625,False
THSR,20,ok,molgen_ns1.0,2.64471465656162,2.9987154680367,1.238130807876587,1.3137484788894653,1.616455574028625,False
THSR,21,ok,molgen_ns1.0,3.544654743325541,3.888557624098965,1.1433806419372559,1.2009531259536743,1.616455574028625,False
THSR,22,ok,molgen_ns1.0,1.7644540094678385,2.5730146359530877,1.0994555950164795,1.2738009691238403,1.616455574028625,False
THSR,23,ok,molgen_ns1.0,1.620873641755723,2.518215740288333,1.1668914556503296,1.2507030963897705,1.616455574028625,False
THSR,24,ok,molgen_ns1.0,1.425740893763911,1.4638531055283062,0.929283082485199,1.122122883796692,1.616455574028625,False
THSR,25,ok,molgen_ns1.0,1.5546858298095256,2.23763027208095,0.9872985482215881,1.0993952751159668,1.616455574028625,False
THSR,26,ok,molgen_ns1.0,1.4050225011244002,2.230270147357265,0.8069128394126892,0.9275287389755249,1.616455574028625,False
THSR,27,ok,molgen_ns1.0,1.617614349542956,2.4231129955297313,1.2318631410598755,1.3526813983917236,1.616455574028625,False
THSR,28,ok,molgen_ns1.0,1.6957162581123417,2.017936289750295,1.1425343751907349,1.308653712272644,1.616455574028625,False
THSR,29,ok,molgen_ns1.0,1.734233622209207,2.331392022095164,1.2069209814071655,1.377889633178711,1.616455574028625,False
p53_Y220C__4AGQ,0,ok,molgen_ns1.0,1.3926520353777074,0.819193506291316,1.2444324493408203,1.2474074363708496,1.1180275303614244,True
p53_Y220C__4AGQ,1,ok,molgen_ns1.0,0.9969507116052188,0.7824988710159382,1.5081621408462524,1.501267910003662,1.1180275303614244,True
p53_Y220C__4AGQ,2,ok,molgen_ns1.0,1.919424517308168,1.527745811050907,1.2608705759048462,1.2449537515640259,1.1180275303614244,False
p53_Y220C__4AGQ,3,ok,molgen_ns1.0,2.0118652967600683,1.5476775846484623,1.617953896522522,1.6187056303024292,1.1180275303614244,False
p53_Y220C__4AGQ,4,ok,molgen_ns1.0,1.6043209551405533,1.5623542063677922,1.397659420967102,1.3360081911087036,1.1180275303614244,False
p53_Y220C__4AGQ,5,ok,molgen_ns1.0,1.3034000620022126,1.73200306166753,1.7735810279846191,1.7318129539489746,1.1180275303614244,False
p53_Y220C__4AGQ,6,ok,molgen_ns1.0,1.7251791661572986,1.5710136187730508,1.785673975944519,1.6557550430297852,1.1180275303614244,False
p53_Y220C__4AGQ,7,ok,molgen_ns1.0,1.0796268341200808,0.9230136443550913,1.4622889757156372,1.5389971733093262,1.1180275303614244,True
p53_Y220C__4AGQ,8,ok,molgen_ns1.0,2.0406045996548166,2.386586886445313,1.6283848285675049,1.560045599937439,1.1180275303614244,False
p53_Y220C__4AGQ,9,ok,molgen_ns1.0,2.1618092902556936,1.9487168446470229,1.1642051935195923,1.2158735990524292,1.1180275303614244,False
p53_Y220C__4AGQ,10,ok,molgen_ns1.0,2.024830224726222,1.7214731813268607,1.5252467393875122,1.4746557474136353,1.1180275303614244,False
p53_Y220C__4AGQ,11,ok,molgen_ns1.0,1.9029765913043113,1.551730990381671,1.0089951753616333,0.9040929079055786,1.1180275303614244,False
p53_Y220C__4AGQ,12,ok,molgen_ns1.0,1.8163705473641747,2.2637509567645093,1.9226549863815308,1.8403167724609375,1.1180275303614244,False
p53_Y220C__4AGQ,13,ok,molgen_ns1.0,0.9844742290282033,1.5039108247988164,1.9055984020233154,1.959641933441162,1.1180275303614244,False
p53_Y220C__4AGQ,14,ok,molgen_ns1.0,1.7435944549831428,1.5539133481756287,1.2356430292129517,1.2596745491027832,1.1180275303614244,False
p53_Y220C__4AGQ,15,ok,molgen_ns1.0,1.4033811825077755,1.892243216350061,2.124162197113037,2.078263282775879,1.1180275303614244,False
p53_Y220C__4AGQ,16,ok,molgen_ns1.0,2.659117002525353,2.459435438354192,1.3198076486587524,1.2887319326400757,1.1180275303614244,False
p53_Y220C__4AGQ,17,ok,molgen_ns1.0,1.5071996294614125,1.6894782041645988,1.9057656526565552,1.890403389930725,1.1180275303614244,False
p53_Y220C__4AGQ,18,ok,molgen_ns1.0,0.834048940304045,0.7050892595409033,1.3172762393951416,1.2466305494308472,1.1180275303614244,True
p53_Y220C__4AGQ,19,ok,molgen_ns1.0,2.6224846238832717,2.3735714394869634,1.8156441450119019,1.7658604383468628,1.1180275303614244,False
p53_Y220C__4AGQ,20,ok,molgen_ns1.0,1.9985916083388404,2.054827070494735,1.7111570835113525,1.6474730968475342,1.1180275303614244,False
p53_Y220C__4AGQ,21,ok,molgen_ns1.0,1.7730554225522182,1.8959499704521714,1.6434725522994995,1.5157499313354492,1.1180275303614244,False
p53_Y220C__4AGQ,22,ok,molgen_ns1.0,2.4440654045167296,2.653451577039543,1.753442406654358,1.7128113508224487,1.1180275303614244,False
p53_Y220C__4AGQ,23,ok,molgen_ns1.0,1.3413088095901524,1.6185192787466345,1.5160787105560303,1.4357430934906006,1.1180275303614244,False
p53_Y220C__4AGQ,24,ok,molgen_ns1.0,1.9827633332118677,2.192463378202711,1.4469468593597412,1.346343994140625,1.1180275303614244,False
p53_Y220C__4AGQ,26,ok,molgen_ns1.0,1.6890810064484374,1.4151915128029346,1.5178395509719849,1.4475449323654175,1.1180275303614244,False
p53_Y220C__4AGQ,27,ok,molgen_ns1.0,1.713083254205657,2.051218597073435,1.1747798919677734,1.2011326551437378,1.1180275303614244,False
p53_Y220C__4AGQ,28,ok,molgen_ns1.0,2.5311225441897034,2.7724847458077395,1.6654936075210571,1.5981948375701904,1.1180275303614244,False
p53_Y220C__4AGQ,29,ok,molgen_ns1.0,1.6014372773345222,2.006385554855681,1.7401719093322754,1.6803935766220093,1.1180275303614244,False
HIF2alpha__6D0B,0,ok,molgen_ns1.0,1.9012869113373565,2.1906826497999834,0.7492077946662903,0.8058385848999023,1.6729991744940291,False
HIF2alpha__6D0B,1,ok,molgen_ns1.0,2.026162676649353,1.943345533995223,1.2071853876113892,1.2991513013839722,1.6729991744940291,False
HIF2alpha__6D0B,2,ok,molgen_ns1.0,1.233653552391204,2.2316644633181246,1.270728349685669,1.3064162731170654,1.6729991744940291,False
HIF2alpha__6D0B,3,ok,molgen_ns1.0,1.1942606827845301,1.5505703589859565,1.0927485227584839,1.117091417312622,1.6729991744940291,False
HIF2alpha__6D0B,4,ok,molgen_ns1.0,1.408268835086395,2.5336361308647875,0.9644368290901184,0.8983935117721558,1.6729991744940291,False
HIF2alpha__6D0B,5,ok,molgen_ns1.0,1.611175952518049,2.114718111591514,1.0998551845550537,1.1642305850982666,1.6729991744940291,False
HIF2alpha__6D0B,6,ok,molgen_ns1.0,1.9265368962350855,2.211099065050082,0.9835043549537659,1.1654855012893677,1.6729991744940291,False
HIF2alpha__6D0B,7,ok,molgen_ns1.0,1.8732390643108079,2.355557759838116,1.2233190536499023,1.260921597480774,1.6729991744940291,False
HIF2alpha__6D0B,8,ok,molgen_ns1.0,2.4229046583965226,1.9210499084660713,0.647365391254425,0.8979880809783936,1.6729991744940291,False
HIF2alpha__6D0B,9,ok,molgen_ns1.0,2.3474052086094233,2.403456771009255,1.033259630203247,1.1299265623092651,1.6729991744940291,False
HIF2alpha__6D0B,10,ok,molgen_ns1.0,2.038934600656147,2.2682929295971723,1.305066704750061,1.3305003643035889,1.6729991744940291,False
HIF2alpha__6D0B,11,ok,molgen_ns1.0,1.8240316863286388,1.7583350641082394,0.8133476376533508,0.9267908930778503,1.6729991744940291,False
HIF2alpha__6D0B,12,ok,molgen_ns1.0,1.2035995742417847,2.0499903637080874,0.6557187438011169,0.8116816878318787,1.6729991744940291,False
HIF2alpha__6D0B,13,ok,molgen_ns1.0,1.692479946850419,2.081675772890077,0.4899314343929291,0.6972741484642029,1.6729991744940291,False
HIF2alpha__6D0B,14,ok,molgen_ns1.0,1.1168844980622379,1.5789527404730272,0.7953447103500366,0.9473774433135986,1.6729991744940291,False
HIF2alpha__6D0B,15,ok,molgen_ns1.0,1.9124662614287975,2.1293475781979785,0.9008406400680542,1.0821177959442139,1.6729991744940291,False
HIF2alpha__6D0B,16,ok,molgen_ns1.0,1.370606330599265,1.6372927779684854,1.034698724746704,1.1514124870300293,1.6729991744940291,False
HIF2alpha__6D0B,17,ok,molgen_ns1.0,1.7769752519309217,2.2463101723281733,0.8939706683158875,1.0227357149124146,1.6729991744940291,False
HIF2alpha__6D0B,18,ok,molgen_ns1.0,1.9986335785458385,2.5898663573745324,0.9512500166893005,1.0454214811325073,1.6729991744940291,False
HIF2alpha__6D0B,19,ok,molgen_ns1.0,2.232015953254719,2.6072295701060164,1.3695443868637085,1.3748193979263306,1.6729991744940291,False
HIF2alpha__6D0B,20,ok,molgen_ns1.0,1.8722048298809102,1.6009671770375697,0.9310168623924255,1.0323617458343506,1.6729991744940291,True
HIF2alpha__6D0B,21,ok,molgen_ns1.0,2.468065154413109,2.5414824478238036,1.1716629266738892,1.24183189868927,1.6729991744940291,False
HIF2alpha__6D0B,22,ok,molgen_ns1.0,2.0042025743429406,2.2172467312165742,0.9695942997932434,1.062737226486206,1.6729991744940291,False
HIF2alpha__6D0B,24,ok,molgen_ns1.0,1.686613018892896,1.9023264621340503,0.9472733736038208,0.9631600975990295,1.6729991744940291,False
HIF2alpha__6D0B,25,ok,molgen_ns1.0,1.542465243697613,1.7009905711975162,1.0271027088165283,1.1900742053985596,1.6729991744940291,False
HIF2alpha__6D0B,26,ok,molgen_ns1.0,2.2207746072563204,1.966613784886288,1.197969675064087,1.307612419128418,1.6729991744940291,False
HIF2alpha__6D0B,27,ok,molgen_ns1.0,1.0946965799073978,1.7344469893311212,1.2174720764160156,1.2455493211746216,1.6729991744940291,False
HIF2alpha__6D0B,28,ok,molgen_ns1.0,2.336457369884877,2.502394396558172,0.9739463925361633,1.085503101348877,1.6729991744940291,False
HIF2alpha__6D0B,29,ok,molgen_ns1.0,1.637671600146418,2.151613030138628,1.3888330459594727,1.4442256689071655,1.6729991744940291,False
HIV_RT__3V81,0,ok,molgen_ns1.0,2.923465778057646,2.7496607920193,1.5891975164413452,1.2788034677505493,3.0896312117090363,True
HIV_RT__3V81,1,ok,molgen_ns1.0,3.263472668108691,3.6569945018023353,1.2920550107955933,1.6671888828277588,3.0896312117090363,False
HIV_RT__3V81,2,ok,molgen_ns1.0,3.538489451877612,3.7930499160035187,0.8660427331924438,1.7133820056915283,3.0896312117090363,False
HIV_RT__3V81,3,ok,molgen_ns1.0,2.1439043285317876,2.9733829999193575,0.7916706800460815,1.7020471096038818,3.0896312117090363,False
HIV_RT__3V81,4,ok,molgen_ns1.0,3.184165078531327,3.009948900667322,0.9114033579826355,1.6246634721755981,3.0896312117090363,True
HIV_RT__3V81,5,ok,molgen_ns1.0,2.8209460683826544,3.465893988995688,1.4568349123001099,1.748992919921875,3.0896312117090363,False
HIV_RT__3V81,6,ok,molgen_ns1.0,3.4723121990319235,3.824254463378183,1.1463679075241089,1.4114707708358765,3.0896312117090363,False
HIV_RT__3V81,7,ok,molgen_ns1.0,3.34270122070784,3.612295731427684,1.648979902267456,1.439110279083252,3.0896312117090363,False
HIV_RT__3V81,8,ok,molgen_ns1.0,3.3958981195804716,3.5246761300909744,1.5640708208084106,1.31224524974823,3.0896312117090363,False
HIV_RT__3V81,9,ok,molgen_ns1.0,2.3191931332450526,2.667185370548986,1.008652925491333,1.509161114692688,3.0896312117090363,False
HIV_RT__3V81,10,ok,molgen_ns1.0,3.4020081480968623,4.038480257555564,1.364457368850708,2.2232394218444824,3.0896312117090363,False
HIV_RT__3V81,11,ok,molgen_ns1.0,3.771536008104087,3.70990806607425,1.6962699890136719,1.3741700649261475,3.0896312117090363,False
HIV_RT__3V81,12,ok,molgen_ns1.0,2.2201605722099487,2.732080716795401,1.188804030418396,1.3557350635528564,3.0896312117090363,False
HIV_RT__3V81,13,ok,molgen_ns1.0,2.1664535215932306,3.194120362352278,1.192077398300171,1.9298291206359863,3.0896312117090363,False
HIV_RT__3V81,14,ok,molgen_ns1.0,2.615521227026688,3.563119736779292,1.4451618194580078,1.3875302076339722,3.0896312117090363,False
HIV_RT__3V81,15,ok,molgen_ns1.0,4.408800911058508,4.697935415460992,1.5093016624450684,1.762136697769165,3.0896312117090363,False
HIV_RT__3V81,16,ok,molgen_ns1.0,3.9385808924587,3.6237262674238733,1.6454218626022339,1.8268320560455322,3.0896312117090363,False
HIV_RT__3V81,17,ok,molgen_ns1.0,2.728210009283373,3.160855338809292,1.2219666242599487,1.623561143875122,3.0896312117090363,False
HIV_RT__3V81,18,ok,molgen_ns1.0,3.6972193329284506,3.5862076065769424,1.6229168176651,1.182965636253357,3.0896312117090363,False
HIV_RT__3V81,19,ok,molgen_ns1.0,2.1508010036403316,3.35571002805662,1.293818712234497,1.8289198875427246,3.0896312117090363,False
HIV_RT__3V81,20,ok,molgen_ns1.0,3.4266624466613007,3.580580829974661,1.562525749206543,1.4394015073776245,3.0896312117090363,False
HIV_RT__3V81,21,ok,molgen_ns1.0,2.562600597305499,3.487862700847633,1.0199419260025024,1.7292428016662598,3.0896312117090363,False
HIV_RT__3V81,22,ok,molgen_ns1.0,3.4475757273187777,3.0798031117868128,1.3582757711410522,1.3222284317016602,3.0896312117090363,True
HIV_RT__3V81,23,ok,molgen_ns1.0,3.211500156403924,3.970277940080216,1.010286569595337,1.6838665008544922,3.0896312117090363,False
HIV_RT__3V81,24,ok,molgen_ns1.0,2.5814987489931998,3.5900718110109344,1.6265904903411865,1.4381452798843384,3.0896312117090363,False
HIV_RT__3V81,25,ok,molgen_ns1.0,3.029076657670211,3.4316037815557374,1.2501177787780762,1.141140341758728,3.0896312117090363,False
HIV_RT__3V81,26,ok,molgen_ns1.0,2.666004013273204,2.891827188939873,1.1527396440505981,1.634427547454834,3.0896312117090363,False
HIV_RT__3V81,27,ok,molgen_ns1.0,2.965991567476737,3.5952803023372066,1.4544141292572021,1.483865737915039,3.0896312117090363,False
HIV_RT__3V81,28,ok,molgen_ns1.0,4.121052347439707,3.848651806191447,1.2979270219802856,1.334790587425232,3.0896312117090363,False
HIV_RT__3V81,29,ok,molgen_ns1.0,2.797086614258316,3.2598323423144313,1.2266287803649902,1.9891798496246338,3.0896312117090363,False
THSR__7UTZ,0,ok,molgen_ns1.0,1.9140936547865912,3.010644764446765,0.8261196613311768,0.9283397793769836,2.4345552542057787,False
THSR__7UTZ,1,ok,molgen_ns1.0,1.5674577932404303,2.163086326517028,0.7927145957946777,0.8538670539855957,2.4345552542057787,False
THSR__7UTZ,2,ok,molgen_ns1.0,2.5247756836151303,2.0932234720811356,0.7325071096420288,0.7779605388641357,2.4345552542057787,True
THSR__7UTZ,3,ok,molgen_ns1.0,1.4084610056717695,2.2557034727370078,0.8776674270629883,0.944286048412323,2.4345552542057787,False
THSR__7UTZ,4,ok,molgen_ns1.0,1.5055791283103857,2.8952534843449476,0.5796031951904297,0.6637081503868103,2.4345552542057787,False
THSR__7UTZ,5,ok,molgen_ns1.0,1.8552131632694238,2.0289652821883934,0.9606671333312988,1.0063438415527344,2.4345552542057787,False
THSR__7UTZ,6,ok,molgen_ns1.0,1.5751184028977365,2.254818612173748,0.8073383569717407,0.9360666871070862,2.4345552542057787,False
THSR__7UTZ,7,ok,molgen_ns1.0,1.315114705290325,2.0254889906900706,0.9425471425056458,1.0659115314483643,2.4345552542057787,False
THSR__7UTZ,8,ok,molgen_ns1.0,3.0272367524379025,1.6870512188980946,0.6119370460510254,0.6358757019042969,2.4345552542057787,True
THSR__7UTZ,9,ok,molgen_ns1.0,2.410346825308177,2.249211042120627,1.0800498723983765,1.1704238653182983,2.4345552542057787,True
THSR__7UTZ,10,ok,molgen_ns1.0,1.9946947698700328,1.6699308948253566,0.9198075532913208,0.9737695455551147,2.4345552542057787,True
THSR__7UTZ,11,ok,molgen_ns1.0,3.233118670177329,1.8614267671940041,0.919093668460846,0.9913088083267212,2.4345552542057787,True
THSR__7UTZ,12,ok,molgen_ns1.0,2.3824482388298414,2.614025351148829,1.2450276613235474,1.3057180643081665,2.4345552542057787,False
THSR__7UTZ,13,ok,molgen_ns1.0,1.6372568471551465,1.6289119324845338,0.842864990234375,0.907924473285675,2.4345552542057787,True
THSR__7UTZ,14,ok,molgen_ns1.0,1.8528186194799166,1.8032246122982911,1.500949740409851,1.578177571296692,2.4345552542057787,True
THSR__7UTZ,15,ok,molgen_ns1.0,1.8435175892784357,1.9834725544003227,0.8993586301803589,0.9377544522285461,2.4345552542057787,False
THSR__7UTZ,16,ok,molgen_ns1.0,1.6185394212521103,2.2236671605734415,0.9788731932640076,1.028648853302002,2.4345552542057787,False
THSR__7UTZ,17,ok,molgen_ns1.0,2.196955094478567,2.1701583115450283,0.906869113445282,0.9626264572143555,2.4345552542057787,True
THSR__7UTZ,18,ok,molgen_ns1.0,1.0792513441078406,2.1472783157082524,0.5974193215370178,0.6946057081222534,2.4345552542057787,False
THSR__7UTZ,19,ok,molgen_ns1.0,3.5080998724178465,2.409562362774847,0.8986923694610596,0.945702850818634,2.4345552542057787,True
THSR__7UTZ,20,ok,molgen_ns1.0,2.70240136363384,2.3928624366827047,1.132167100906372,1.2095353603363037,2.4345552542057787,True
THSR__7UTZ,21,ok,molgen_ns1.0,2.1244976149421753,1.8714616786899418,0.9673851132392883,1.0392597913742065,2.4345552542057787,True
THSR__7UTZ,22,ok,molgen_ns1.0,3.118695782351267,1.5544373493975163,0.9496191740036011,1.0201008319854736,2.4345552542057787,True
THSR__7UTZ,23,ok,molgen_ns1.0,1.9711597842910218,2.67918847464602,1.0550732612609863,1.129113793373108,2.4345552542057787,False
THSR__7UTZ,24,ok,molgen_ns1.0,1.7506763529662444,1.9724871216901552,1.0884068012237549,1.149627685546875,2.4345552542057787,False
THSR__7UTZ,25,ok,molgen_ns1.0,1.9990563129723267,2.1308008762761914,0.7894514799118042,0.8376205563545227,2.4345552542057787,False
THSR__7UTZ,26,ok,molgen_ns1.0,1.7127684602664355,1.6291002611920875,0.9764361381530762,1.0453203916549683,2.4345552542057787,True
THSR__7UTZ,27,ok,molgen_ns1.0,1.5833558985437717,2.1760389115210463,0.8052851557731628,0.8768953084945679,2.4345552542057787,False
THSR__7UTZ,28,ok,molgen_ns1.0,1.753718520664827,1.418502872688368,0.6147057414054871,0.700179398059845,2.4345552542057787,True
THSR__7UTZ,29,ok,molgen_ns1.0,1.9317911432371362,2.180308778431573,0.9218376874923706,1.0117526054382324,2.4345552542057787,False
Bcl-xL,0,ok,molgen_ns1.0,2.6302873478851585,3.5130645831502307,0.9084815382957458,1.604278326034546,2.505562006849456,False
Bcl-xL,1,ok,molgen_ns1.0,2.861329542758869,3.0075559024161422,0.7624531984329224,1.292818546295166,2.505562006849456,False
Bcl-xL,2,ok,molgen_ns1.0,2.9643615873096385,3.8730811587440312,0.6091985702514648,1.2111115455627441,2.505562006849456,False
Bcl-xL,3,ok,molgen_ns1.0,3.2968884918634087,3.9088524009616674,0.931614100933075,1.6900311708450317,2.505562006849456,False
Bcl-xL,4,ok,molgen_ns1.0,3.4087284311232753,4.004960663571533,1.1228272914886475,1.6222777366638184,2.505562006849456,False
Bcl-xL,5,ok,molgen_ns1.0,2.8047589990095596,3.368665309930841,1.1380364894866943,1.6942707300186157,2.505562006849456,False
Bcl-xL,6,ok,molgen_ns1.0,2.1453001181364413,2.6752117637730866,0.9017373323440552,1.4932149648666382,2.505562006849456,False
Bcl-xL,7,ok,molgen_ns1.0,2.258981443976039,2.7415892398578134,0.623421311378479,1.3124406337738037,2.505562006849456,False
Bcl-xL,8,ok,molgen_ns1.0,2.3463922195963027,3.2744737748024972,1.183823585510254,1.644400715827942,2.505562006849456,False
Bcl-xL,9,ok,molgen_ns1.0,2.9197359053948104,3.057665184986036,0.8337480425834656,1.5454561710357666,2.505562006849456,False
Bcl-xL,11,ok,molgen_ns1.0,2.7141148990823334,3.5228674557798634,1.090014100074768,1.774823784828186,2.505562006849456,False
Bcl-xL,12,ok,molgen_ns1.0,2.6196701121063297,3.0796203148848944,0.8523198962211609,1.4150075912475586,2.505562006849456,False
Bcl-xL,13,ok,molgen_ns1.0,3.664694326338393,4.079533420417441,1.1571135520935059,1.5423537492752075,2.505562006849456,False
Bcl-xL,14,ok,molgen_ns1.0,1.6532453689211577,2.650802768731169,0.665863037109375,1.2918322086334229,2.505562006849456,False
Bcl-xL,15,ok,molgen_ns1.0,3.1580239653771867,3.5809680379887157,1.0056108236312866,1.561099648475647,2.505562006849456,False
Bcl-xL,16,ok,molgen_ns1.0,2.6042545791894,2.805656363773166,0.6447200775146484,0.9822384715080261,2.505562006849456,False
Bcl-xL,17,ok,molgen_ns1.0,3.3596792648003704,3.2077914723965777,0.9367082715034485,1.0889054536819458,2.505562006849456,False
Bcl-xL,19,ok,molgen_ns1.0,2.5474692452090584,2.7706500502819256,0.6449267268180847,1.2204430103302002,2.505562006849456,False
Bcl-xL,20,ok,molgen_ns1.0,1.9944565709102082,2.0700996962043896,0.9572111368179321,1.392257809638977,2.505562006849456,False
Bcl-xL,22,ok,molgen_ns1.0,2.4161543451147764,3.177859026289338,0.8159928321838379,1.4982789754867554,2.505562006849456,False
Bcl-xL,23,ok,molgen_ns1.0,2.966962491051742,3.550549195979207,1.1571804285049438,1.683655023574829,2.505562006849456,False
Bcl-xL,24,ok,molgen_ns1.0,2.720708351315388,3.2220962834327795,0.9703528881072998,1.2917014360427856,2.505562006849456,False
Bcl-xL,25,ok,molgen_ns1.0,3.9582394700909274,4.5489650981525145,0.9113721251487732,1.4245227575302124,2.505562006849456,False
Bcl-xL,26,ok,molgen_ns1.0,3.138870495862806,3.5647719521078454,0.9303622245788574,1.5480170249938965,2.505562006849456,False
Bcl-xL,27,ok,molgen_ns1.0,3.22520157522699,3.7072618369374766,0.7637401223182678,1.5038764476776123,2.505562006849456,False
Bcl-xL,28,ok,molgen_ns1.0,2.9220344855551073,3.9482660552223185,0.7965799570083618,1.4501826763153076,2.505562006849456,False
Bcl-xL,29,ok,molgen_ns1.0,1.8647538003847497,3.108106163867693,0.7421938180923462,1.2452231645584106,2.505562006849456,False
betaLG,0,ok,molgen_ns1.0,3.6242502091669535,3.614802507142486,1.0390456914901733,1.034079909324646,1.3972391993938094,False
betaLG,1,ok,molgen_ns1.0,3.5712500544240395,3.4524651650241203,1.5712777376174927,1.5200786590576172,1.3972391993938094,False
betaLG,2,ok,molgen_ns1.0,3.3734431547341903,3.2970928813750184,1.4026780128479004,1.354021430015564,1.3972391993938094,False
betaLG,3,ok,molgen_ns1.0,3.8026405826904677,3.6910306137595716,1.032835602760315,1.0204896926879883,1.3972391993938094,False
betaLG,4,ok,molgen_ns1.0,3.7003068269877297,3.565910113709666,1.284260869026184,1.2433674335479736,1.3972391993938094,False
betaLG,5,ok,molgen_ns1.0,2.012924288839335,2.064838817300436,1.034984827041626,1.0918102264404297,1.3972391993938094,False
betaLG,6,ok,molgen_ns1.0,2.849157362785541,2.619390758725862,1.0188820362091064,0.9758663177490234,1.3972391993938094,False
betaLG,7,ok,molgen_ns1.0,3.66151039041568,3.8385416232870244,0.7974643707275391,0.7766990661621094,1.3972391993938094,False
betaLG,8,ok,molgen_ns1.0,2.6043742157108767,2.5525447446883867,1.360955834388733,1.3781158924102783,1.3972391993938094,False
betaLG,9,ok,molgen_ns1.0,1.7811845806179492,1.7668936986272903,0.8032060265541077,0.7923825979232788,1.3972391993938094,False
betaLG,11,ok,molgen_ns1.0,3.967804373552028,3.9122902286251957,1.135897159576416,1.1413192749023438,1.3972391993938094,False
betaLG,12,ok,molgen_ns1.0,3.6366881469627317,3.3652052048044268,1.3058416843414307,1.3516372442245483,1.3972391993938094,False
betaLG,13,ok,molgen_ns1.0,2.674410199475201,2.5707626180542245,1.0261675119400024,1.033868670463562,1.3972391993938094,False
betaLG,15,ok,molgen_ns1.0,3.053661738060299,2.7668844151559555,1.2395247220993042,1.218400478363037,1.3972391993938094,False
betaLG,16,ok,molgen_ns1.0,3.5104892072881233,3.3144240879157376,1.1611384153366089,1.1370928287506104,1.3972391993938094,False
betaLG,17,ok,molgen_ns1.0,2.342638282913473,2.090437694037449,1.109053373336792,1.1101220846176147,1.3972391993938094,False
betaLG,18,ok,molgen_ns1.0,2.822242089139519,2.661657305851522,1.3708010911941528,1.3494073152542114,1.3972391993938094,False
betaLG,19,ok,molgen_ns1.0,2.3844222369579344,2.283140324565398,0.909489631652832,0.9743310809135437,1.3972391993938094,False
betaLG,20,ok,molgen_ns1.0,2.127491641572247,1.9553877177056151,0.9927670955657959,0.9381161332130432,1.3972391993938094,False
betaLG,21,ok,molgen_ns1.0,2.611403265180852,2.3926702014937122,1.0276516675949097,1.070486307144165,1.3972391993938094,False
betaLG,22,ok,molgen_ns1.0,2.3203033219560076,2.15682726447888,1.0206799507141113,1.0630443096160889,1.3972391993938094,False
betaLG,23,ok,molgen_ns1.0,4.697177144439511,4.523970913338599,1.3525580167770386,1.3756465911865234,1.3972391993938094,False
betaLG,24,ok,molgen_ns1.0,3.4773678302167497,3.225093941759566,1.1090425252914429,1.0496163368225098,1.3972391993938094,False
betaLG,25,ok,molgen_ns1.0,2.245700641611085,2.154436242399079,1.0784978866577148,1.0143166780471802,1.3972391993938094,False
betaLG,26,ok,molgen_ns1.0,2.569226961329393,2.263557360029207,0.9851933717727661,0.9805998206138611,1.3972391993938094,False
betaLG,27,ok,molgen_ns1.0,3.263021604594195,3.017978232254537,1.1257407665252686,1.1303141117095947,1.3972391993938094,False
betaLG,28,ok,molgen_ns1.0,4.051762124399962,3.9187607476565156,1.102957844734192,1.0249617099761963,1.3972391993938094,False
betaLG,29,ok,molgen_ns1.0,3.5059301434389236,3.5084031343069437,0.7834628820419312,0.7822601795196533,1.3972391993938094,False
NDPK-A,1,ok,molgen_ns1.0,4.069737601433942,5.221148869286894,1.0055325031280518,1.5396326780319214,3.4697602388704447,False
NDPK-A,2,ok,molgen_ns1.0,3.9173384444847916,5.445701870598139,0.7271867394447327,1.662689208984375,3.4697602388704447,False
NDPK-A,3,ok,molgen_ns1.0,2.3103544054670477,3.8677504681152404,1.291831374168396,1.8612710237503052,3.4697602388704447,False
NDPK-A,4,ok,molgen_ns1.0,3.778700661399193,5.319915141288099,1.2562566995620728,1.974738359451294,3.4697602388704447,False
NDPK-A,5,ok,molgen_ns1.0,3.174870241083966,5.016008169834635,0.815984308719635,1.7383530139923096,3.4697602388704447,False
NDPK-A,6,ok,molgen_ns1.0,3.412109456803998,4.231789244458464,0.9771416187286377,1.4689098596572876,3.4697602388704447,False
NDPK-A,7,ok,molgen_ns1.0,2.6413981984422827,3.4322019632344,1.1215418577194214,1.6942237615585327,3.4697602388704447,False
NDPK-A,8,ok,molgen_ns1.0,3.4263387180275036,4.26303368412878,0.8444921374320984,1.5202438831329346,3.4697602388704447,False
NDPK-A,9,ok,molgen_ns1.0,3.1908890400482712,3.9495443634274023,0.832618772983551,1.5473207235336304,3.4697602388704447,False
NDPK-A,10,ok,molgen_ns1.0,2.758916052751215,3.7805473106857392,0.8578845262527466,1.523260474205017,3.4697602388704447,False
NDPK-A,11,ok,molgen_ns1.0,2.7288175520698337,3.4213446484302548,1.011014699935913,1.4233790636062622,3.4697602388704447,False
NDPK-A,12,ok,molgen_ns1.0,3.1160314867063965,4.065504246521831,1.326078176498413,1.68272864818573,3.4697602388704447,False
NDPK-A,13,ok,molgen_ns1.0,4.416355055940287,6.433374953588282,1.4621150493621826,2.179008960723877,3.4697602388704447,False
NDPK-A,14,ok,molgen_ns1.0,3.113816625568785,3.9698022275746125,0.9102925658226013,1.4336737394332886,3.4697602388704447,False
NDPK-A,15,ok,molgen_ns1.0,2.527861834226785,4.05386780956656,1.371640682220459,1.7907830476760864,3.4697602388704447,False
NDPK-A,16,ok,molgen_ns1.0,2.7998550492160192,4.378717832553063,1.138698697090149,1.4978852272033691,3.4697602388704447,False
NDPK-A,17,ok,molgen_ns1.0,3.272435409351148,4.238717832285961,1.5184354782104492,1.829846978187561,3.4697602388704447,False
NDPK-A,18,ok,molgen_ns1.0,3.784495908429092,5.514950297379071,1.010870099067688,1.8112045526504517,3.4697602388704447,False
NDPK-A,19,ok,molgen_ns1.0,2.4665185277625397,3.173922569830713,1.3326754570007324,1.656643271446228,3.4697602388704447,False
NDPK-A,21,ok,molgen_ns1.0,3.552939576963754,4.529614547871088,1.1569417715072632,1.725418210029602,3.4697602388704447,False
NDPK-A,22,ok,molgen_ns1.0,2.7599837343876743,3.4468549220298756,0.9780170917510986,1.5728600025177002,3.4697602388704447,False
NDPK-A,23,ok,molgen_ns1.0,3.2846350458445883,3.388156070440358,1.2209726572036743,1.7492495775222778,3.4697602388704447,False
NDPK-A,24,ok,molgen_ns1.0,2.4225166917342174,3.680520626752233,0.9468753933906555,1.6832579374313354,3.4697602388704447,False
NDPK-A,25,ok,molgen_ns1.0,2.7342187540425873,3.208294953326235,1.4675352573394775,1.8827475309371948,3.4697602388704447,False
NDPK-A,26,ok,molgen_ns1.0,3.334524240431943,3.9561193252716933,1.035169243812561,1.764076828956604,3.4697602388704447,False
NDPK-A,27,ok,molgen_ns1.0,3.378819056286326,4.699073598848268,1.076777458190918,1.8524690866470337,3.4697602388704447,False
NDPK-A,28,ok,molgen_ns1.0,2.8828990024909618,3.466520574967347,1.1465288400650024,1.542143702507019,3.4697602388704447,False
NDPK-A,29,ok,molgen_ns1.0,3.186630495297397,5.014326078253081,1.3543988466262817,2.1406359672546387,3.4697602388704447,False
GLTP,0,ok,molgen_ns1.0,0.5986453492729383,2.0701807119405933,0.5620991587638855,1.29062020778656,2.1410013181020275,False
GLTP,1,ok,molgen_ns1.0,1.6519749759522084,2.567178542971421,1.005388855934143,1.4616302251815796,2.1410013181020275,False
GLTP,2,ok,molgen_ns1.0,1.3939388876771093,2.3068650440576715,1.2219996452331543,1.830725073814392,2.1410013181020275,False
GLTP,3,ok,molgen_ns1.0,1.2853623874313045,2.5510334408620943,0.8998357057571411,1.5412917137145996,2.1410013181020275,False
GLTP,4,ok,molgen_ns1.0,0.5894651617654032,2.269171998864368,1.1978241205215454,1.6116812229156494,2.1410013181020275,False
GLTP,5,ok,molgen_ns1.0,2.583420517044605,1.6680331554200094,1.5589247941970825,1.1284575462341309,2.1410013181020275,True
GLTP,6,ok,molgen_ns1.0,1.0234332459643374,2.2877058295927455,0.9545089602470398,1.4617060422897339,2.1410013181020275,False
GLTP,7,ok,molgen_ns1.0,1.1103145314137124,2.088928989690483,0.7215386629104614,1.155909776687622,2.1410013181020275,False
GLTP,8,ok,molgen_ns1.0,1.6481609132094972,2.196340913511003,0.9714263081550598,1.331084966659546,2.1410013181020275,False
GLTP,9,ok,molgen_ns1.0,1.1506250190126752,2.561662684803483,0.9332046508789062,1.6536604166030884,2.1410013181020275,False
GLTP,10,ok,molgen_ns1.0,0.9452217763063065,1.792839170635216,0.730195164680481,1.1599105596542358,2.1410013181020275,False
GLTP,11,ok,molgen_ns1.0,1.1573770859412287,2.587901327910599,1.1125574111938477,1.6769996881484985,2.1410013181020275,False
GLTP,12,ok,molgen_ns1.0,0.9802564572526552,1.990762441211358,1.2095295190811157,1.4229518175125122,2.1410013181020275,False
GLTP,13,ok,molgen_ns1.0,1.8382347675527613,2.306892400658898,1.4724376201629639,1.5139063596725464,2.1410013181020275,False
GLTP,14,ok,molgen_ns1.0,0.8643440220451859,1.9855087264731492,0.9362356066703796,1.4816162586212158,2.1410013181020275,False
GLTP,15,ok,molgen_ns1.0,1.074805800868169,2.0098292509576132,0.9647828340530396,1.2332377433776855,2.1410013181020275,False
GLTP,16,ok,molgen_ns1.0,1.5029384055511052,2.030564678005286,1.0480378866195679,1.0779215097427368,2.1410013181020275,False
GLTP,17,ok,molgen_ns1.0,0.6810994350482558,2.2857060854332296,0.5132012963294983,1.5628068447113037,2.1410013181020275,False
GLTP,18,ok,molgen_ns1.0,1.530298758387492,2.1590740169073057,1.0145560503005981,1.4539744853973389,2.1410013181020275,False
GLTP,19,ok,molgen_ns1.0,1.1375750900103547,2.293202987177071,0.7120672464370728,1.315872311592102,2.1410013181020275,False
GLTP,20,ok,molgen_ns1.0,1.314916995508385,2.2906754552700233,0.925376296043396,1.3507040739059448,2.1410013181020275,False
GLTP,21,ok,molgen_ns1.0,0.915442913905857,2.6716840507505086,1.2432301044464111,1.8942371606826782,2.1410013181020275,False
GLTP,22,ok,molgen_ns1.0,1.6581678356956218,2.5276166031481497,1.0766154527664185,1.3585997819900513,2.1410013181020275,False
GLTP,23,ok,molgen_ns1.0,1.1670519309168441,2.377233018525394,1.1482232809066772,1.5342636108398438,2.1410013181020275,False
GLTP,24,ok,molgen_ns1.0,1.1421153888958104,2.729659550765031,0.6809110045433044,1.7152267694473267,2.1410013181020275,False
GLTP,25,ok,molgen_ns1.0,1.0216119071242382,1.8669290403622862,1.3423731327056885,1.5797659158706665,2.1410013181020275,False
GLTP,26,ok,molgen_ns1.0,1.0943179391586355,2.2932310130272646,0.9920670986175537,1.408260464668274,2.1410013181020275,False
GLTP,27,ok,molgen_ns1.0,1.9383635235118766,2.2241967663854094,1.330060601234436,1.2218348979949951,2.1410013181020275,False
GLTP,28,ok,molgen_ns1.0,1.6305741612665117,1.6536696551908945,1.0837855339050293,0.8343609571456909,2.1410013181020275,False
GLTP,29,ok,molgen_ns1.0,1.632278091462981,1.8276213735785174,1.1035164594650269,0.8462827801704407,2.1410013181020275,False
SHP2,0,ok,molgen_ns1.0,1.9444642896313828,2.460951503697305,1.0322262048721313,1.0575391054153442,1.8482636253491054,False
SHP2,1,ok,molgen_ns1.0,3.397645932990095,3.2818807680977464,1.2952313423156738,1.1872551441192627,1.8482636253491054,False
SHP2,2,ok,molgen_ns1.0,3.202859731038721,3.092949696304128,1.3433717489242554,1.2496843338012695,1.8482636253491054,False
SHP2,3,ok,molgen_ns1.0,2.921802789503304,3.0701038043473377,1.0548161268234253,1.0633416175842285,1.8482636253491054,False
SHP2,4,ok,molgen_ns1.0,2.9001613912845996,2.5439190571298242,1.2847880125045776,1.2801170349121094,1.8482636253491054,False
SHP2,5,ok,molgen_ns1.0,2.8593443640078244,2.7224594273940648,1.072822093963623,1.0451315641403198,1.8482636253491054,False
SHP2,6,ok,molgen_ns1.0,3.999312298352344,3.668841142306567,1.4387366771697998,1.218125581741333,1.8482636253491054,False
SHP2,7,ok,molgen_ns1.0,3.064216220644996,3.405933284590979,1.2247586250305176,1.2578166723251343,1.8482636253491054,False
SHP2,8,ok,molgen_ns1.0,2.958155695636879,2.935069381983196,1.3899327516555786,1.375494122505188,1.8482636253491054,False
SHP2,9,ok,molgen_ns1.0,4.087985679993644,3.6681681083654194,1.2615638971328735,1.2049616575241089,1.8482636253491054,False
SHP2,10,ok,molgen_ns1.0,2.7280518661527293,2.738888320642984,0.9592758417129517,0.8736502528190613,1.8482636253491054,False
SHP2,11,ok,molgen_ns1.0,2.360175751194599,2.3783911017838744,0.8949487209320068,0.7950588464736938,1.8482636253491054,False
SHP2,12,ok,molgen_ns1.0,3.1367461155073753,3.4102589385312125,1.2929656505584717,1.168081521987915,1.8482636253491054,False
SHP2,13,ok,molgen_ns1.0,2.5537414818430153,2.653341619886131,1.1913385391235352,1.1150503158569336,1.8482636253491054,False
SHP2,14,ok,molgen_ns1.0,3.5469668033132726,3.5530698039183437,1.1994621753692627,1.263789176940918,1.8482636253491054,False
SHP2,15,ok,molgen_ns1.0,1.8244475064011245,1.5348613168915823,0.8934293985366821,0.8885761499404907,1.8482636253491054,True
SHP2,16,ok,molgen_ns1.0,3.468661617868293,3.1261283474294963,1.1065455675125122,1.204329013824463,1.8482636253491054,False
SHP2,17,ok,molgen_ns1.0,2.712757991032975,2.732298527974511,0.9952598810195923,1.030328392982483,1.8482636253491054,False
SHP2,18,ok,molgen_ns1.0,2.9085891334236798,3.2550149013315104,1.0412943363189697,1.1215083599090576,1.8482636253491054,False
SHP2,19,ok,molgen_ns1.0,3.6117218710695873,4.113534829741805,1.3838309049606323,1.4245617389678955,1.8482636253491054,False
SHP2,20,ok,molgen_ns1.0,2.4997323915997782,2.095818091127443,1.3492841720581055,1.2420299053192139,1.8482636253491054,False
SHP2,21,ok,molgen_ns1.0,2.6945880222807514,3.181681624120222,0.92901211977005,0.9892968535423279,1.8482636253491054,False
SHP2,22,ok,molgen_ns1.0,3.290506176638024,3.0950053194728344,1.0620090961456299,0.9851683378219604,1.8482636253491054,False
SHP2,23,ok,molgen_ns1.0,3.4608756351245344,3.6840600519095164,1.4131335020065308,1.466776967048645,1.8482636253491054,False
SHP2,24,ok,molgen_ns1.0,2.2654655797470613,2.0279073199501805,0.6241848468780518,0.743949830532074,1.8482636253491054,False
SHP2,25,ok,molgen_ns1.0,2.7132057221167996,3.1329818109056777,1.2763965129852295,1.1098796129226685,1.8482636253491054,False
SHP2,26,ok,molgen_ns1.0,2.8398431943716633,2.792164661946523,1.0865625143051147,1.0071465969085693,1.8482636253491054,False
SHP2,27,ok,molgen_ns1.0,2.2991467227494162,2.668403462323852,0.8283251523971558,0.892095685005188,1.8482636253491054,False
SHP2,28,ok,molgen_ns1.0,3.4984783877894037,3.7556220295270353,1.120384693145752,1.1132769584655762,1.8482636253491054,False
SHP2,29,ok,molgen_ns1.0,3.0492063453359264,2.8559942370386464,0.884896993637085,0.8889369964599609,1.8482636253491054,False
METTL14,0,ok,molgen_ns1.0,3.560958493440625,3.4293295539248785,1.6110413074493408,1.6026387214660645,2.571628452131643,False
METTL14,1,ok,molgen_ns1.0,1.6934845939864676,3.08619709400611,1.039102554321289,1.5345064401626587,2.571628452131643,False
METTL14,2,ok,molgen_ns1.0,1.7220972827432044,2.4644355641487787,1.0873709917068481,1.5550289154052734,2.571628452131643,False
METTL14,3,ok,molgen_ns1.0,1.9695311873262813,2.635328995725287,1.2852452993392944,1.3270760774612427,2.571628452131643,False
METTL14,4,ok,molgen_ns1.0,2.021060159796678,2.6072935764022787,0.9895660281181335,1.1251273155212402,2.571628452131643,False
METTL14,5,ok,molgen_ns1.0,2.033713365460578,2.523719574365585,1.3236639499664307,1.748720645904541,2.571628452131643,False
METTL14,6,ok,molgen_ns1.0,2.614441956404062,2.759023420631964,1.4741131067276,1.4173930883407593,2.571628452131643,False
METTL14,7,ok,molgen_ns1.0,3.0541870667434017,3.0190381499006302,1.654547929763794,1.5747133493423462,2.571628452131643,False
METTL14,8,ok,molgen_ns1.0,1.8628431002478845,2.6074947321281727,1.072878122329712,1.5927764177322388,2.571628452131643,False
METTL14,9,ok,molgen_ns1.0,1.8067622598322217,2.5826984802667003,1.2856096029281616,1.6256521940231323,2.571628452131643,False
METTL14,10,ok,molgen_ns1.0,1.5822463270810194,2.2279364721462946,1.197515845298767,1.5403454303741455,2.571628452131643,False
METTL14,11,ok,molgen_ns1.0,1.8244725297003592,2.9898099611803737,1.1653443574905396,1.52131986618042,2.571628452131643,False
METTL14,12,ok,molgen_ns1.0,2.685139659440599,2.601605818104309,1.0753931999206543,1.3173315525054932,2.571628452131643,False
METTL14,13,ok,molgen_ns1.0,2.3069341383000657,2.704630543832483,0.9264171123504639,1.3317536115646362,2.571628452131643,False
METTL14,14,ok,molgen_ns1.0,1.513559946575932,2.743284984624539,0.9700849652290344,1.4852569103240967,2.571628452131643,False
METTL14,15,ok,molgen_ns1.0,2.3987924724461673,2.4724698157632856,1.0743895769119263,1.0547873973846436,2.571628452131643,False
METTL14,16,ok,molgen_ns1.0,1.7915483466070912,2.5821911183783968,1.1939517259597778,1.6571611166000366,2.571628452131643,False
METTL14,17,ok,molgen_ns1.0,1.5200966235015727,2.2574735414764686,1.1735529899597168,1.3587672710418701,2.571628452131643,False
METTL14,18,ok,molgen_ns1.0,2.620427820471937,3.2018100626055186,1.2822345495224,1.6602509021759033,2.571628452131643,False
METTL14,19,ok,molgen_ns1.0,2.1063192929502685,2.703001642664877,1.2296515703201294,1.3592191934585571,2.571628452131643,False
METTL14,20,ok,molgen_ns1.0,2.737438992033872,2.9123051524985377,1.3860599994659424,1.4191720485687256,2.571628452131643,False
METTL14,21,ok,molgen_ns1.0,1.271826386270932,2.304553578769262,0.8193652033805847,1.3538291454315186,2.571628452131643,False
METTL14,22,ok,molgen_ns1.0,1.895606403134666,2.4944520731665114,1.2534129619598389,1.5292807817459106,2.571628452131643,False
METTL14,23,ok,molgen_ns1.0,1.9669529109494286,2.8417784712677276,1.0847368240356445,1.5774593353271484,2.571628452131643,False
METTL14,24,ok,molgen_ns1.0,2.8985879266645465,3.525275026238395,1.263709545135498,1.6907622814178467,2.571628452131643,False
METTL14,25,ok,molgen_ns1.0,1.6665083264164364,2.3202116603324527,0.9189028143882751,1.2816555500030518,2.571628452131643,False
METTL14,26,ok,molgen_ns1.0,2.6447888852144503,3.09184216792077,1.4435452222824097,1.626602292060852,2.571628452131643,False
METTL14,27,ok,molgen_ns1.0,1.859596627537366,2.334349401045111,1.2245439291000366,1.3357306718826294,2.571628452131643,False
METTL14,28,ok,molgen_ns1.0,2.088448038127839,2.5264295147852027,1.1547532081604004,1.1800471544265747,2.571628452131643,False
METTL14,29,ok,molgen_ns1.0,2.0790585528707055,2.5612818655747116,1.2537599802017212,1.4386577606201172,2.571628452131643,False
FUT8,0,ok,molgen_ns1.0,1.3762783219020858,3.6123899016348853,1.41293203830719,1.4334684610366821,3.419934534191317,False
FUT8,1,ok,molgen_ns1.0,2.4114723779999463,4.3108787253321665,0.9073951840400696,1.046814203262329,3.419934534191317,False
FUT8,2,ok,molgen_ns1.0,3.741008040742387,1.9588499407021749,1.1615843772888184,1.2532130479812622,3.419934534191317,True
FUT8,4,ok,molgen_ns1.0,3.6989851986459965,3.03207096681588,0.9158012270927429,0.9129782915115356,3.419934534191317,True
FUT8,5,ok,molgen_ns1.0,4.218177228414207,3.6064476696278724,1.435620903968811,1.5561609268188477,3.419934534191317,False
FUT8,6,ok,molgen_ns1.0,3.3626379983528647,2.577980067724495,0.8919156789779663,1.01775324344635,3.419934534191317,True
FUT8,7,ok,molgen_ns1.0,3.777275320705909,2.2259551524387855,1.4350357055664062,1.3636895418167114,3.419934534191317,True
FUT8,8,ok,molgen_ns1.0,3.146137974006393,2.107520555717489,1.5542819499969482,1.512182593345642,3.419934534191317,True
FUT8,9,ok,molgen_ns1.0,1.7885932370121274,3.5539236157899166,1.2585773468017578,1.2020756006240845,3.419934534191317,False
FUT8,10,ok,molgen_ns1.0,3.8786105885002313,2.6929074348675823,0.9895451664924622,0.9938992261886597,3.419934534191317,True
FUT8,11,ok,molgen_ns1.0,3.6833962235379336,2.2176065189395398,1.1176235675811768,1.0619410276412964,3.419934534191317,True
FUT8,12,ok,molgen_ns1.0,4.645774394598835,4.272554828863645,1.3500784635543823,1.3726418018341064,3.419934534191317,False
FUT8,13,ok,molgen_ns1.0,1.726367650768134,2.87196695685017,1.3374000787734985,1.4244561195373535,3.419934534191317,False
FUT8,14,ok,molgen_ns1.0,4.755398626494408,3.9199588212139593,1.0727258920669556,1.166055679321289,3.419934534191317,False
FUT8,16,ok,molgen_ns1.0,2.5526596045100702,3.671148883003512,1.1583037376403809,1.2119961977005005,3.419934534191317,False
FUT8,17,ok,molgen_ns1.0,2.9722651943868055,2.278028055366418,1.082091212272644,1.0531363487243652,3.419934534191317,True
FUT8,18,ok,molgen_ns1.0,2.721122175519118,3.4044557580709993,0.9835041165351868,0.9690062999725342,3.419934534191317,False
FUT8,19,ok,molgen_ns1.0,3.586453677851309,2.2232563486421246,1.3267061710357666,1.3543561697006226,3.419934534191317,True
FUT8,20,ok,molgen_ns1.0,3.1589400268595464,2.211833740132628,1.1769819259643555,1.1905779838562012,3.419934534191317,True
FUT8,21,ok,molgen_ns1.0,1.9795116059354894,2.231894553819944,0.9257146120071411,0.93974769115448,3.419934534191317,False
FUT8,22,ok,molgen_ns1.0,3.0095924396415947,3.466544790343215,1.3992654085159302,1.3983244895935059,3.419934534191317,False
FUT8,23,ok,molgen_ns1.0,2.310520060436995,2.686109450773313,1.2158602476119995,1.2654613256454468,3.419934534191317,False
FUT8,24,ok,molgen_ns1.0,4.277760033523939,3.037162918175465,1.060986042022705,1.1676048040390015,3.419934534191317,True
FUT8,26,ok,molgen_ns1.0,3.851450170109095,3.0205163862747892,1.439845323562622,1.4804080724716187,3.419934534191317,True
FUT8,27,ok,molgen_ns1.0,1.7702270589362163,3.245077011858991,0.9752215147018433,1.0943307876586914,3.419934534191317,False
FUT8,28,ok,molgen_ns1.0,3.901518467251965,2.5464438954598583,1.55173921585083,1.504348874092102,3.419934534191317,True
FUT8,29,ok,molgen_ns1.0,3.192513088909933,3.164303835600493,1.0700677633285522,1.0346041917800903,3.419934534191317,True
Menin,1,ok,prody_rfd3,0.4433521395908076,1.0536241415468357,0.055189136415719986,0.35615622997283936,1.2468617606125678,False
Menin,10,ok,prody_rfd3,0.4847379794698071,1.020625038381378,0.06104104220867157,0.3806193768978119,1.2468617606125678,False
Menin,16,ok,prody_rfd3,0.4712900728755407,1.0595595117537069,0.07512911409139633,0.38877585530281067,1.2468617606125678,False
Menin,23,ok,prody_rfd3,0.46181915836697895,1.0921085010122145,0.10041721165180206,0.4102480709552765,1.2468617606125678,False
Menin,19,ok,prody_rfd3,0.39621536410576014,1.0594099659679141,0.10384397208690643,0.3493395447731018,1.2468617606125678,False
Menin,14,ok,prody_rfd3,0.3768067286078194,1.2034065952287738,0.10747364163398743,0.4244590103626251,1.2468617606125678,False
Menin,17,ok,prody_rfd3,0.46957425620868803,1.0085819410081454,0.02978438138961792,0.34957370162010193,1.2468617606125678,False
Menin,27,ok,prody_rfd3,0.35364087372070596,1.1248470070824832,0.03736983984708786,0.36380016803741455,1.2468617606125678,False
Menin,8,ok,prody_rfd3,0.4486788225835385,1.1625519768817516,0.05928053706884384,0.34277617931365967,1.2468617606125678,False
Menin,5,ok,prody_rfd3,0.4627144771297295,1.0362492625180453,0.04825335741043091,0.3627782166004181,1.2468617606125678,False
Menin,7,ok,prody_rfd3,0.40218908135821474,1.1534946315147758,0.04194721579551697,0.35028550028800964,1.2468617606125678,False
Menin,4,ok,prody_rfd3,0.4885812298317821,1.0284331385022247,0.08676134794950485,0.395645409822464,1.2468617606125678,False
Menin,0,ok,prody_rfd3,0.37326295610025956,1.141619350253924,0.05538815259933472,0.38448789715766907,1.2468617606125678,False
Menin,6,ok,prody_rfd3,0.41448062987833967,1.2084626194042538,0.10222486406564713,0.4072768986225128,1.2468617606125678,False
Menin,12,ok,prody_rfd3,0.4562034406587515,1.0978656549860157,0.11182308942079544,0.3049439489841461,1.2468617606125678,False
Menin,26,ok,prody_rfd3,0.3663312874711215,1.1137359853527327,0.06158982962369919,0.3805309534072876,1.2468617606125678,False
Menin,22,ok,prody_rfd3,0.4022041643145622,1.1722586308575638,0.05636240541934967,0.38887420296669006,1.2468617606125678,False
Menin,21,ok,prody_rfd3,0.44864350967398187,1.1106284694629653,0.09257986396551132,0.4143046438694,1.2468617606125678,False
Menin,25,ok,prody_rfd3,0.511808098897404,1.033173452440724,0.12837643921375275,0.40875905752182007,1.2468617606125678,False
Menin,13,ok,prody_rfd3,0.3780560547750751,1.0718712257172305,0.07661817967891693,0.3056189715862274,1.2468617606125678,False
Menin,9,ok,prody_rfd3,0.48124163817244925,0.9994341466087346,0.07329461723566055,0.3647104501724243,1.2468617606125678,False
Menin,15,ok,prody_rfd3,0.48279842181221216,1.0198185964712905,0.054259177297353745,0.36324167251586914,1.2468617606125678,False
Menin,20,ok,prody_rfd3,0.36677796551589664,1.0999086222467833,0.03832584246993065,0.3550505042076111,1.2468617606125678,False
Menin,18,ok,prody_rfd3,0.4876357258941051,1.1848091058092636,0.06603120267391205,0.3293892741203308,1.2468617606125678,False
Menin,3,ok,prody_rfd3,0.4027719380709732,1.0852055279398747,0.09019496291875839,0.31326842308044434,1.2468617606125678,False
Menin,2,ok,prody_rfd3,0.3838964547830784,1.1344571651758033,0.0441877506673336,0.3373850882053375,1.2468617606125678,False
Menin,28,ok,prody_rfd3,0.4113615319817856,1.1272355299564183,0.06428501009941101,0.3272232115268707,1.2468617606125678,False
Menin,24,ok,prody_rfd3,0.44704401321581,1.1498684792182452,0.12138529121875763,0.3219467103481293,1.2468617606125678,False
Menin,11,ok,prody_rfd3,0.4604390390438185,1.046229534075513,0.03882467746734619,0.37643229961395264,1.2468617606125678,False
Menin,29,ok,prody_rfd3,0.4331456594953986,1.1711207556146284,0.03599178045988083,0.33940449357032776,1.2468617606125678,False
betaLG,1,ok,prody_rfd3,0.924410559438642,1.4133047877048364,0.4546743929386139,0.5109155774116516,1.3972391993938094,False
betaLG,10,ok,prody_rfd3,1.276439217047751,1.5799427579618757,0.2457287758588791,0.34837350249290466,1.3972391993938094,False
betaLG,16,ok,prody_rfd3,1.3955622072847618,1.710851555590245,0.3717951774597168,0.5377100706100464,1.3972391993938094,False
betaLG,23,ok,prody_rfd3,1.0811937113974206,1.389735751747195,0.4735124707221985,0.5093474984169006,1.3972391993938094,False
betaLG,19,ok,prody_rfd3,1.3209174726349613,1.628740687412976,0.36295637488365173,0.46406352519989014,1.3972391993938094,False
betaLG,14,ok,prody_rfd3,1.510371460261593,1.7941795250485428,0.4637882113456726,0.5732978582382202,1.3972391993938094,False
betaLG,17,ok,prody_rfd3,1.0777683392087867,1.4541327671508801,0.45257312059402466,0.4652371406555176,1.3972391993938094,False
betaLG,27,ok,prody_rfd3,1.2258637227039448,1.4314347568121255,0.37059465050697327,0.48278671503067017,1.3972391993938094,False
betaLG,8,ok,prody_rfd3,1.3911557804689274,1.634603715416715,0.2832372188568115,0.4111582040786743,1.3972391993938094,False
betaLG,5,ok,prody_rfd3,1.2325765174796575,1.4429340326998785,0.43153688311576843,0.48957446217536926,1.3972391993938094,False
betaLG,7,ok,prody_rfd3,1.0920302306343581,1.454686084347485,0.3731507360935211,0.39793121814727783,1.3972391993938094,False
betaLG,4,ok,prody_rfd3,1.34652587155512,1.6474478530303174,0.7425599694252014,0.7577092051506042,1.3972391993938094,False
betaLG,0,ok,prody_rfd3,1.1579252729849565,1.4524702220405483,0.42985981702804565,0.49492117762565613,1.3972391993938094,False
betaLG,6,ok,prody_rfd3,1.3821452312074367,1.635246479735147,0.215255007147789,0.3568687438964844,1.3972391993938094,False
betaLG,12,ok,prody_rfd3,1.374602279555642,1.5394918869236558,0.34080612659454346,0.4675537645816803,1.3972391993938094,False
betaLG,26,ok,prody_rfd3,1.282617572369252,1.6210695855474822,0.3286006450653076,0.4508723318576813,1.3972391993938094,False
betaLG,22,ok,prody_rfd3,1.3868436065076244,1.486432656266771,0.3594815135002136,0.46210503578186035,1.3972391993938094,False
betaLG,21,ok,prody_rfd3,1.3574603146856883,1.6404951382981683,0.26188620924949646,0.40112167596817017,1.3972391993938094,False
betaLG,25,ok,prody_rfd3,1.115529689522718,1.501017395763211,0.4982788860797882,0.5783454775810242,1.3972391993938094,False
betaLG,13,ok,prody_rfd3,1.1271010035266353,1.334671032083681,0.16103003919124603,0.302530437707901,1.3972391993938094,False
betaLG,9,ok,prody_rfd3,0.9289854008092933,1.3765423025408257,0.3287569582462311,0.3646079897880554,1.3972391993938094,False
betaLG,15,ok,prody_rfd3,1.2326526179701474,1.4176755246085604,0.2432020902633667,0.4098833203315735,1.3972391993938094,False
betaLG,20,ok,prody_rfd3,1.469915958515232,1.7541405854380545,0.28074175119400024,0.42934054136276245,1.3972391993938094,False
betaLG,18,ok,prody_rfd3,1.0191301488169346,1.253805447246288,0.32168126106262207,0.3221951723098755,1.3972391993938094,False
betaLG,3,ok,prody_rfd3,1.0426049008013933,1.4559210580861435,0.3062867224216461,0.39126506447792053,1.3972391993938094,False
betaLG,2,ok,prody_rfd3,1.2769062712775876,1.4588645616261777,0.2573380768299103,0.351607084274292,1.3972391993938094,False
betaLG,28,ok,prody_rfd3,1.0573335715787375,1.4071887238652703,0.4846917688846588,0.5628119111061096,1.3972391993938094,False
betaLG,24,ok,prody_rfd3,0.9588416703115056,1.3415250837194224,0.29265096783638,0.36053958535194397,1.3972391993938094,False
betaLG,11,ok,prody_rfd3,0.9898685665692182,1.3913394214729236,0.3812716007232666,0.40734001994132996,1.3972391993938094,False
betaLG,29,ok,prody_rfd3,1.0931463327330508,1.5189949042015145,0.4600641429424286,0.4920497536659241,1.3972391993938094,False
FUT8,1,ok,prody_rfd3,0.9917700596538264,3.4133982102796026,0.06863906234502792,0.4830707311630249,3.419934534191317,False
FUT8,10,ok,prody_rfd3,0.8935439493537913,3.4802676794255256,0.06270857155323029,0.49862390756607056,3.419934534191317,False
FUT8,16,ok,prody_rfd3,0.8746884735722724,3.4692798410118506,0.060308877378702164,0.48243314027786255,3.419934534191317,False
FUT8,23,ok,prody_rfd3,0.9819735720676434,3.4460836834954676,0.07454606145620346,0.4511835277080536,3.419934534191317,False
FUT8,19,ok,prody_rfd3,0.9856246132401859,3.441806308146887,0.03987310454249382,0.4668005704879761,3.419934534191317,False
FUT8,14,ok,prody_rfd3,0.9309596833657978,3.4175486002543822,0.09681248664855957,0.5232110023498535,3.419934534191317,False
FUT8,17,ok,prody_rfd3,0.9735793311207745,3.3693692138845504,0.10264268517494202,0.4457741975784302,3.419934534191317,False
FUT8,27,ok,prody_rfd3,0.8633023701532213,3.402136708893616,0.04806192219257355,0.48210859298706055,3.419934534191317,False
FUT8,8,ok,prody_rfd3,0.9174485663184628,3.4571892314866686,0.059308383613824844,0.46395546197891235,3.419934534191317,False
FUT8,5,ok,prody_rfd3,0.903804209171994,3.437342491248392,0.06972161680459976,0.5105392336845398,3.419934534191317,False
FUT8,7,ok,prody_rfd3,0.9272152021603942,3.428553960157471,0.06354860216379166,0.4850432574748993,3.419934534191317,False
FUT8,4,ok,prody_rfd3,0.9033846656082127,3.4667277418434734,0.10663202404975891,0.5038721561431885,3.419934534191317,False
FUT8,0,ok,prody_rfd3,0.8969195679961542,3.4430306741253034,0.06158125773072243,0.49079054594039917,3.419934534191317,False
FUT8,6,ok,prody_rfd3,0.8832536752706381,3.471676518963162,0.06585431843996048,0.45479637384414673,3.419934534191317,False
FUT8,12,ok,prody_rfd3,0.910666826836953,3.441758305153302,0.07604054361581802,0.4606045186519623,3.419934534191317,False
FUT8,26,ok,prody_rfd3,0.915868601791568,3.4525325396058144,0.04054572060704231,0.48244956135749817,3.419934534191317,False
FUT8,22,ok,prody_rfd3,0.9935089641349552,3.4458022354547224,0.0462227500975132,0.4647500514984131,3.419934534191317,False
FUT8,21,ok,prody_rfd3,0.9775235791402493,3.3866446418332585,0.1136506050825119,0.44544434547424316,3.419934534191317,False
FUT8,25,ok,prody_rfd3,0.8862728740366812,3.4163494855865815,0.04490528628230095,0.48961809277534485,3.419934534191317,False
FUT8,13,ok,prody_rfd3,0.8926170169097434,3.408716888797523,0.06324758380651474,0.4874154329299927,3.419934534191317,False
FUT8,9,ok,prody_rfd3,0.8814224486900588,3.4862532855328134,0.07240741699934006,0.4571438431739807,3.419934534191317,False
FUT8,15,ok,prody_rfd3,0.9046766857593416,3.444812690381639,0.05020643770694733,0.4781641960144043,3.419934534191317,False
FUT8,20,ok,prody_rfd3,1.0187792015853554,3.4281702554671583,0.0623941533267498,0.5039743185043335,3.419934534191317,False
FUT8,18,ok,prody_rfd3,0.8838536155179415,3.460172991443673,0.04607425630092621,0.47491493821144104,3.419934534191317,False
FUT8,3,ok,prody_rfd3,0.9050135889988977,3.4658857206292515,0.045302923768758774,0.4812758266925812,3.419934534191317,False
FUT8,2,ok,prody_rfd3,0.9287723474066369,3.41639230116882,0.03740197792649269,0.476919561624527,3.419934534191317,False
FUT8,28,ok,prody_rfd3,0.883106260516757,3.485315703475702,0.08579379320144653,0.45100560784339905,3.419934534191317,False
FUT8,24,ok,prody_rfd3,0.8810544600393988,3.464051946492486,0.06274864822626114,0.48042091727256775,3.419934534191317,False
FUT8,11,ok,prody_rfd3,0.9872890346135511,3.3966561709863794,0.07655368745326996,0.4619152545928955,3.419934534191317,False
FUT8,29,ok,prody_rfd3,0.9660351898153802,3.41346643891957,0.06711914390325546,0.4769241511821747,3.419934534191317,False
SHP2,1,ok,prody_rfd3,1.6863799301821774,1.5691547737879659,0.31693971157073975,0.6443256139755249,1.8482636253491054,True
SHP2,10,ok,prody_rfd3,1.774602230258324,1.1655337612918162,0.35321730375289917,0.6514286994934082,1.8482636253491054,True
SHP2,16,ok,prody_rfd3,1.7772494399499223,1.5761397736324905,0.45638230443000793,0.6366944313049316,1.8482636253491054,True
SHP2,23,ok,prody_rfd3,1.841648012458032,1.673677321811548,0.3565461337566376,0.6464940905570984,1.8482636253491054,True
SHP2,19,ok,prody_rfd3,1.5354870134777143,1.7617143209163737,0.38094982504844666,0.6824085712432861,1.8482636253491054,False
SHP2,14,ok,prody_rfd3,1.6654579016969024,1.4832850288290447,0.2529694437980652,0.543719470500946,1.8482636253491054,True
SHP2,17,ok,prody_rfd3,1.7928516394269725,1.7207629259436774,0.46702176332473755,0.7283331155776978,1.8482636253491054,True
SHP2,27,ok,prody_rfd3,1.7279540819007233,1.5758581683200215,0.17893317341804504,0.5689553618431091,1.8482636253491054,True
SHP2,8,ok,prody_rfd3,1.569574406736217,2.0192495349135258,0.5944350957870483,0.8363142013549805,1.8482636253491054,False
SHP2,5,ok,prody_rfd3,1.6844074780316243,1.5880662283743474,0.1779860109090805,0.5610603094100952,1.8482636253491054,True
SHP2,7,ok,prody_rfd3,1.6365655821999119,1.539621116752384,0.23694811761379242,0.5790461301803589,1.8482636253491054,True
SHP2,4,ok,prody_rfd3,1.781648896010287,1.6750078974916776,0.18156877160072327,0.5901128053665161,1.8482636253491054,True
SHP2,0,ok,prody_rfd3,1.70196673146064,1.56673412017918,0.23954667150974274,0.6065048575401306,1.8482636253491054,True
SHP2,6,ok,prody_rfd3,1.4654449771583902,1.9766955578642134,0.24753548204898834,0.642607569694519,1.8482636253491054,False
SHP2,12,ok,prody_rfd3,1.3563588306884367,1.9779282331360737,0.388671875,0.8560494780540466,1.8482636253491054,False
SHP2,26,ok,prody_rfd3,1.600427729663862,2.0106205285105316,0.4951118230819702,0.7319501042366028,1.8482636253491054,False
SHP2,22,ok,prody_rfd3,1.7722756258121155,1.610388147510676,0.29657822847366333,0.5870449542999268,1.8482636253491054,True
SHP2,21,ok,prody_rfd3,1.3767450295666879,1.458998890554218,0.19830775260925293,0.5832642316818237,1.8482636253491054,False
SHP2,25,ok,prody_rfd3,1.395440471457894,1.9564065649538067,0.15702751278877258,0.6442412734031677,1.8482636253491054,False
SHP2,13,ok,prody_rfd3,1.5494106713356417,1.6109294794621463,0.3272031843662262,0.6421945095062256,1.8482636253491054,False
SHP2,9,ok,prody_rfd3,1.6711600858294484,1.5522767302371256,0.37970414757728577,0.6690036058425903,1.8482636253491054,True
SHP2,15,ok,prody_rfd3,1.496233907074748,1.7145752096761484,0.14266948401927948,0.5955150723457336,1.8482636253491054,False
SHP2,20,ok,prody_rfd3,1.769504735397007,1.6143432802678164,0.1259305775165558,0.5805795192718506,1.8482636253491054,True
SHP2,18,ok,prody_rfd3,1.7671617591761009,1.683005235276368,0.3903539478778839,0.6492212414741516,1.8482636253491054,True
SHP2,3,ok,prody_rfd3,1.733117962094988,1.4095050923199726,0.17232459783554077,0.5255810618400574,1.8482636253491054,True
SHP2,2,ok,prody_rfd3,1.6706430717461003,1.6264659031737803,0.1472228318452835,0.5841885209083557,1.8482636253491054,True
SHP2,28,ok,prody_rfd3,1.2830735993825904,1.7563966601622139,0.275992214679718,0.717848002910614,1.8482636253491054,False
SHP2,24,ok,prody_rfd3,1.5286762467686406,1.4027966291380043,0.18487504124641418,0.5685672760009766,1.8482636253491054,True
SHP2,11,ok,prody_rfd3,1.4679112417170552,1.872842923504841,0.33877772092819214,0.6069715023040771,1.8482636253491054,False
SHP2,29,ok,prody_rfd3,1.4958694771613033,1.6703884545759666,0.3383326530456543,0.7188469767570496,1.8482636253491054,False
GCGR,1,ok,prody_rfd3,1.662599679182888,5.663727708765786,0.15264162421226501,4.601526260375977,5.701045356786475,False
GCGR,10,ok,prody_rfd3,1.6623628310361676,5.687177204175258,0.1062580868601799,4.697691440582275,5.701045356786475,False
GCGR,16,ok,prody_rfd3,1.655534541175371,5.624541240644745,0.08890850841999054,4.597858428955078,5.701045356786475,False
GCGR,23,ok,prody_rfd3,1.6479860181296893,5.597082798731326,0.17053627967834473,4.5656867027282715,5.701045356786475,False
GCGR,19,ok,prody_rfd3,1.642586106065853,5.5776765153642325,0.2160383015871048,4.551649570465088,5.701045356786475,False
GCGR,14,ok,prody_rfd3,1.6884467358787818,5.764949942627673,0.14765286445617676,4.724052429199219,5.701045356786475,False
GCGR,17,ok,prody_rfd3,1.6371301391322735,5.67008991445402,0.057639285922050476,4.670073986053467,5.701045356786475,False
GCGR,27,ok,prody_rfd3,1.6588294848372787,5.712118500233689,0.18490082025527954,4.724247932434082,5.701045356786475,False
GCGR,8,ok,prody_rfd3,1.7023797326117203,5.715618375298685,0.09370926767587662,4.681606292724609,5.701045356786475,False
GCGR,5,ok,prody_rfd3,1.654284955112032,5.6209758431377,0.1149139404296875,4.598417282104492,5.701045356786475,False
GCGR,7,ok,prody_rfd3,1.6882979588044036,5.769164642343586,0.260245144367218,4.772749423980713,5.701045356786475,False
GCGR,4,ok,prody_rfd3,1.655219218381754,5.677961637037645,0.07134253531694412,4.671072483062744,5.701045356786475,False
GCGR,0,ok,prody_rfd3,1.6742035713729622,5.695222181173351,0.11721224337816238,4.655130386352539,5.701045356786475,False
GCGR,6,ok,prody_rfd3,1.641253822303621,5.701932819233086,0.14201121032238007,4.687463760375977,5.701045356786475,False
GCGR,12,ok,prody_rfd3,1.666615176497135,5.704147072991825,0.10927741229534149,4.691249370574951,5.701045356786475,False
GCGR,26,ok,prody_rfd3,1.7016087863310771,5.732931479426986,0.13146276772022247,4.701868057250977,5.701045356786475,False
GCGR,22,ok,prody_rfd3,1.648194446127524,5.796957361599191,0.20903803408145905,4.7600932121276855,5.701045356786475,False
GCGR,21,ok,prody_rfd3,1.6356339393977049,5.611278465312278,0.09527216851711273,4.605231761932373,5.701045356786475,False
GCGR,25,ok,prody_rfd3,1.6646581129613,5.677108013599663,0.06437895447015762,4.638389587402344,5.701045356786475,False
GCGR,13,ok,prody_rfd3,1.713150167962225,5.8080098079124225,0.31351393461227417,4.7885870933532715,5.701045356786475,False
GCGR,9,ok,prody_rfd3,1.628031935798327,5.682571628778385,0.09248588979244232,4.69470739364624,5.701045356786475,False
GCGR,15,ok,prody_rfd3,1.660494249146472,5.662044180753874,0.0467398464679718,4.642712593078613,5.701045356786475,False
GCGR,20,ok,prody_rfd3,1.6759928253362995,5.64768573387693,0.05800424888730049,4.634239196777344,5.701045356786475,False
GCGR,18,ok,prody_rfd3,1.9680404222104662,5.714811185702495,0.056597791612148285,4.62979793548584,5.701045356786475,False
GCGR,3,ok,prody_rfd3,1.6585152367305651,5.5859519417618575,0.20998668670654297,4.561641216278076,5.701045356786475,False
GCGR,2,ok,prody_rfd3,1.6345753684814082,5.680557418887313,0.08742886781692505,4.616386413574219,5.701045356786475,False
GCGR,28,ok,prody_rfd3,1.6709353710983064,5.750807062503881,0.23569342494010925,4.767956733703613,5.701045356786475,False
GCGR,24,ok,prody_rfd3,1.6533137905882527,5.659621518472601,0.09372178465127945,4.626267910003662,5.701045356786475,False
GCGR,11,ok,prody_rfd3,1.6366812201600407,5.632495829609499,0.08003465086221695,4.635715007781982,5.701045356786475,False
GCGR,29,ok,prody_rfd3,1.6592416113721917,5.69725928431154,0.10551189631223679,4.698174953460693,5.701045356786475,False
GLTP,1,ok,prody_rfd3,0.48824039122421503,2.198992358203419,0.11519715934991837,1.543820858001709,2.1410013181020275,False
GLTP,10,ok,prody_rfd3,0.6159954284283472,2.246445561855451,0.5318034887313843,1.5692235231399536,2.1410013181020275,False
GLTP,16,ok,prody_rfd3,0.512124981255109,2.172491067967333,0.25453612208366394,1.503700613975525,2.1410013181020275,False
GLTP,23,ok,prody_rfd3,0.29016575805507766,2.0577399569339665,0.32358506321907043,1.4612115621566772,2.1410013181020275,False
GLTP,19,ok,prody_rfd3,0.3521999311639163,2.0938659675460496,0.38924282789230347,1.472277045249939,2.1410013181020275,False
GLTP,14,ok,prody_rfd3,0.8368773557571156,2.321809027234187,0.44002947211265564,1.665941596031189,2.1410013181020275,False
GLTP,17,ok,prody_rfd3,0.6407465207648155,2.2958344407280737,0.45223796367645264,1.635384202003479,2.1410013181020275,False
GLTP,27,ok,prody_rfd3,0.47044840525128684,2.0911681776308964,0.32683998346328735,1.552297830581665,2.1410013181020275,False
GLTP,8,ok,prody_rfd3,0.5520640680979774,2.2928693447628716,0.3406238853931427,1.647009015083313,2.1410013181020275,False
GLTP,5,ok,prody_rfd3,0.2207466455389085,2.2274643527174467,0.23447225987911224,1.5647739171981812,2.1410013181020275,False
GLTP,7,ok,prody_rfd3,0.5862651472786234,1.9761300145643357,0.3678266406059265,1.3900235891342163,2.1410013181020275,False
GLTP,4,ok,prody_rfd3,0.6274137802895908,2.39651112382533,0.4335451126098633,1.6826539039611816,2.1410013181020275,False
GLTP,0,ok,prody_rfd3,0.5115345719353236,2.1665662999546504,0.14398160576820374,1.5149390697479248,2.1410013181020275,False
GLTP,6,ok,prody_rfd3,0.5831650487258428,2.0815084896300373,0.3084529936313629,1.5009233951568604,2.1410013181020275,False
GLTP,12,ok,prody_rfd3,0.5511571899184267,2.319448643929177,0.32144299149513245,1.6244256496429443,2.1410013181020275,False
GLTP,26,ok,prody_rfd3,0.2756827131997367,2.1864703485839736,0.16572695970535278,1.520100712776184,2.1410013181020275,False
GLTP,22,ok,prody_rfd3,0.8843480237772273,2.2806187131673408,0.28404808044433594,1.494622826576233,2.1410013181020275,False
GLTP,21,ok,prody_rfd3,0.5379318128549737,2.22394196773891,0.3911116421222687,1.640573263168335,2.1410013181020275,False
GLTP,25,ok,prody_rfd3,0.4770822294393988,2.2685601982382906,0.27093222737312317,1.619160771369934,2.1410013181020275,False
GLTP,13,ok,prody_rfd3,0.5101612112412486,2.2676218638115855,0.21625041961669922,1.5841363668441772,2.1410013181020275,False
GLTP,9,ok,prody_rfd3,0.28989321739079976,2.0081361946286695,0.26043736934661865,1.4235506057739258,2.1410013181020275,False
GLTP,15,ok,prody_rfd3,0.3042842510006636,2.107617418466287,0.29526442289352417,1.501032829284668,2.1410013181020275,False
GLTP,20,ok,prody_rfd3,0.4146046035310404,2.083215370708562,0.39287054538726807,1.4750338792800903,2.1410013181020275,False
GLTP,18,ok,prody_rfd3,0.31374253707023964,2.003278181083188,0.3044029474258423,1.4732691049575806,2.1410013181020275,False
GLTP,3,ok,prody_rfd3,0.5053562161315491,2.167583216429904,0.2875387370586395,1.483452558517456,2.1410013181020275,False
GLTP,2,ok,prody_rfd3,0.5645139938873783,2.35980428079484,0.5651965737342834,1.672871708869934,2.1410013181020275,False
GLTP,28,ok,prody_rfd3,0.25201932000899413,1.967400688040881,0.16986896097660065,1.405399203300476,2.1410013181020275,False
GLTP,24,ok,prody_rfd3,0.9061224102699008,2.285122899294443,0.3057418465614319,1.523004412651062,2.1410013181020275,False
GLTP,11,ok,prody_rfd3,0.6359734170439291,2.305835250861927,0.4243149757385254,1.551587462425232,2.1410013181020275,False
GLTP,29,ok,prody_rfd3,0.34063252842803704,2.022798153836103,0.3740213215351105,1.400343418121338,2.1410013181020275,False
NDPK-A,1,ok,prody_rfd3,2.9179854062307764,5.757041478832526,1.3111591339111328,2.487703323364258,3.4697602388704447,False
NDPK-A,10,ok,prody_rfd3,2.0774487588420025,4.858392412228921,0.7847599387168884,1.8381450176239014,3.4697602388704447,False
NDPK-A,16,ok,prody_rfd3,2.102796447044868,2.9918937254665106,0.7721419334411621,1.2073525190353394,3.4697602388704447,False
NDPK-A,23,ok,prody_rfd3,1.9409170796719566,3.6933572337187948,0.9449585676193237,1.310733437538147,3.4697602388704447,False
NDPK-A,19,ok,prody_rfd3,1.656271701324738,3.9239682005137726,0.5652792453765869,1.430769681930542,3.4697602388704447,False
NDPK-A,14,ok,prody_rfd3,4.824516294895223,4.341919957438715,2.483506202697754,1.9344767332077026,3.4697602388704447,False
NDPK-A,17,ok,prody_rfd3,2.0755585605569222,3.054668033107835,1.0946602821350098,0.8778440952301025,3.4697602388704447,False
NDPK-A,27,ok,prody_rfd3,2.8818160758205944,5.100919795089003,1.647575855255127,2.322164297103882,3.4697602388704447,False
NDPK-A,8,ok,prody_rfd3,4.267131953318205,5.512529273910354,1.6974785327911377,2.4588353633880615,3.4697602388704447,False
NDPK-A,5,ok,prody_rfd3,2.196411022194948,3.8895832392985636,1.2079122066497803,2.331521987915039,3.4697602388704447,False
NDPK-A,7,ok,prody_rfd3,1.1695544067162567,3.220910075819722,0.6069233417510986,1.429183840751648,3.4697602388704447,False
NDPK-A,4,ok,prody_rfd3,1.6380554315478286,3.1836433887393434,1.3295419216156006,1.8741310834884644,3.4697602388704447,False
NDPK-A,0,ok,prody_rfd3,3.116012707242827,3.1406897746598386,1.70657479763031,1.3699671030044556,3.4697602388704447,False
NDPK-A,6,ok,prody_rfd3,2.4361606097480437,2.541075298948608,0.7402302026748657,1.3333220481872559,3.4697602388704447,False
NDPK-A,12,ok,prody_rfd3,0.9954096206643991,3.224758335174862,0.9214374423027039,1.4226973056793213,3.4697602388704447,False
NDPK-A,26,ok,prody_rfd3,2.2505531651924415,3.8639419849742453,0.9538519978523254,1.9832950830459595,3.4697602388704447,False
NDPK-A,22,ok,prody_rfd3,3.237031636898413,5.459136496596054,1.122107744216919,2.082653760910034,3.4697602388704447,False
NDPK-A,21,ok,prody_rfd3,2.0742892801370423,4.69533570425027,0.7367395162582397,1.6483433246612549,3.4697602388704447,False
NDPK-A,25,ok,prody_rfd3,2.076424228544051,3.984401188695467,0.8337597846984863,1.2233493328094482,3.4697602388704447,False
NDPK-A,13,ok,prody_rfd3,2.8092051561689266,3.0434546228307715,1.7310923337936401,1.9791134595870972,3.4697602388704447,False
NDPK-A,9,ok,prody_rfd3,2.082959310715836,2.7149380717214013,0.92128586769104,0.7676407098770142,3.4697602388704447,False
NDPK-A,15,ok,prody_rfd3,0.8421784646134609,3.52795311583414,0.5602024793624878,1.4100638628005981,3.4697602388704447,False
NDPK-A,20,ok,prody_rfd3,1.9587564138394482,3.3187395395372787,0.7829617261886597,1.1194894313812256,3.4697602388704447,False
NDPK-A,18,ok,prody_rfd3,2.2032248885627563,3.542988094351191,0.912270724773407,0.9605498313903809,3.4697602388704447,False
NDPK-A,3,ok,prody_rfd3,1.693773091893271,3.057617533634183,0.7406857013702393,1.2307087182998657,3.4697602388704447,False
NDPK-A,2,ok,prody_rfd3,2.672029716289964,5.245807307139057,1.1161168813705444,2.2103190422058105,3.4697602388704447,False
NDPK-A,28,ok,prody_rfd3,2.852607308774433,3.93007332576628,0.8359524607658386,1.7613105773925781,3.4697602388704447,False
NDPK-A,24,ok,prody_rfd3,3.765240500889226,5.308911032630911,2.0286881923675537,2.238612413406372,3.4697602388704447,False
NDPK-A,11,ok,prody_rfd3,2.337377682887891,3.9933217170675093,1.1415777206420898,2.1712968349456787,3.4697602388704447,False
NDPK-A,29,ok,prody_rfd3,3.995785424928175,4.735420456150231,2.0024685859680176,1.9829483032226562,3.4697602388704447,False
THSR,1,ok,prody_rfd3,1.380295701899646,0.8630138956483544,0.07674524188041687,0.44281676411628723,1.616455574028625,True
THSR__7UTZ,1,ok,prody_rfd3,1.8352027616447502,2.427109113782798,0.07241280376911163,0.2341972291469574,2.4345552542057787,False
THSR,10,ok,prody_rfd3,1.423947244810677,1.2548574804926949,0.07669232040643692,0.4315156638622284,1.616455574028625,True
THSR__7UTZ,10,ok,prody_rfd3,1.9252449930316016,2.24032415895506,0.07245910167694092,0.2298590987920761,2.4345552542057787,False
THSR,16,ok,prody_rfd3,1.3620173025386448,0.876419649279675,0.05592763051390648,0.4492577612400055,1.616455574028625,True
THSR__7UTZ,16,ok,prody_rfd3,1.791625661245925,2.4874234085402054,0.05519355088472366,0.2592642605304718,2.4345552542057787,False
THSR,23,ok,prody_rfd3,1.4828491324632995,1.1621629034798657,0.052304767072200775,0.45718154311180115,1.616455574028625,True
THSR__7UTZ,23,ok,prody_rfd3,2.0192196543017134,2.166487285760292,0.050495654344558716,0.2508256435394287,2.4345552542057787,False
THSR,19,ok,prody_rfd3,1.354614849713048,0.8985438791021784,0.04584597051143646,0.44607940316200256,1.616455574028625,True
THSR__7UTZ,19,ok,prody_rfd3,1.7816654976542339,2.4557073442772372,0.046545177698135376,0.23877392709255219,2.4345552542057787,False
THSR,14,ok,prody_rfd3,1.2570486306949422,1.0533078029566443,0.05294805020093918,0.43250200152397156,1.616455574028625,True
THSR__7UTZ,14,ok,prody_rfd3,1.628418136692215,2.4796538038582603,0.04671960324048996,0.23561739921569824,2.4345552542057787,False
THSR,17,ok,prody_rfd3,1.3818228251374358,0.8472474545963569,0.07768989354372025,0.4460756778717041,1.616455574028625,True
THSR__7UTZ,17,ok,prody_rfd3,1.8399183444712213,2.553877675902211,0.06874778866767883,0.2603771388530731,2.4345552542057787,False
THSR,27,ok,prody_rfd3,1.28058525425608,0.9421827691600916,0.06807981431484222,0.4400121867656708,1.616455574028625,True
THSR__7UTZ,27,ok,prody_rfd3,1.6581115168743932,2.6414846633540834,0.0666494220495224,0.25970619916915894,2.4345552542057787,False
THSR,8,ok,prody_rfd3,1.2697688384138552,0.9124570563112888,0.049267660826444626,0.4560028314590454,1.616455574028625,True
THSR__7UTZ,8,ok,prody_rfd3,1.646988550157598,2.600590090006708,0.048333313316106796,0.2500576376914978,2.4345552542057787,False
THSR,5,ok,prody_rfd3,1.4211024141399067,0.8625897405144847,0.1018722802400589,0.4326876103878021,1.616455574028625,True
THSR__7UTZ,5,ok,prody_rfd3,1.921430889465606,2.4040688230511136,0.10544789582490921,0.21716241538524628,2.4345552542057787,False
THSR,7,ok,prody_rfd3,1.306570286089536,1.1709630322701945,0.05788299813866615,0.46344321966171265,1.616455574028625,True
THSR__7UTZ,7,ok,prody_rfd3,1.714800874372662,2.3598527472929245,0.0569608174264431,0.2660575211048126,2.4345552542057787,False
THSR,4,ok,prody_rfd3,1.4873185769741495,1.1807849396035288,0.0697965994477272,0.46743735671043396,1.616455574028625,True
THSR__7UTZ,4,ok,prody_rfd3,2.0178948809721073,2.195527268849036,0.06925839930772781,0.2505946755409241,2.4345552542057787,False
THSR,0,ok,prody_rfd3,1.3059793191954991,0.9171904349110375,0.05970761179924011,0.43289899826049805,1.616455574028625,True
THSR__7UTZ,0,ok,prody_rfd3,1.693265212847217,2.5209424173444015,0.06032448261976242,0.24494262039661407,2.4345552542057787,False
THSR,6,ok,prody_rfd3,1.2887790816672753,0.9497954261260794,0.062238145619630814,0.4301135241985321,1.616455574028625,True
THSR__7UTZ,6,ok,prody_rfd3,1.6570574351396141,2.5702443597233477,0.05836581811308861,0.24504029750823975,2.4345552542057787,False
THSR,12,ok,prody_rfd3,1.2515909215073362,0.9158541650904487,0.041619833558797836,0.4527714252471924,1.616455574028625,True
THSR__7UTZ,12,ok,prody_rfd3,1.6271362115468992,2.5853632914304128,0.040045227855443954,0.25002163648605347,2.4345552542057787,False
THSR,26,ok,prody_rfd3,1.45794747054595,1.148106633647201,0.04771135002374649,0.45864173769950867,1.616455574028625,True
THSR__7UTZ,26,ok,prody_rfd3,1.9848993411693032,2.168161919119237,0.051663246005773544,0.26379719376564026,2.4345552542057787,False
THSR,22,ok,prody_rfd3,1.5145061501574946,1.1782457659374768,0.0596587136387825,0.46219339966773987,1.616455574028625,True
THSR__7UTZ,22,ok,prody_rfd3,2.06981714146155,2.1190159501182646,0.06273148208856583,0.27009832859039307,2.4345552542057787,False
THSR,21,ok,prody_rfd3,1.5795721651529553,1.1857550602647593,0.06314902007579803,0.4344482719898224,1.616455574028625,True
THSR__7UTZ,21,ok,prody_rfd3,2.1766572108107876,2.0886079704844014,0.06703443825244904,0.23654085397720337,2.4345552542057787,True
THSR,25,ok,prody_rfd3,1.3089848000869637,1.1560909779164383,0.05328436940908432,0.465097039937973,1.616455574028625,True
THSR__7UTZ,25,ok,prody_rfd3,1.734639869765368,2.2247029289610234,0.05122218653559685,0.2575721740722656,2.4345552542057787,False
THSR,13,ok,prody_rfd3,1.3010658316500063,1.0228248161511522,0.05214380472898483,0.4455585181713104,1.616455574028625,True
THSR__7UTZ,13,ok,prody_rfd3,1.7120850040147908,2.412686731331406,0.05097757279872894,0.23709671199321747,2.4345552542057787,False
THSR,9,ok,prody_rfd3,1.2730872454306221,1.007714749234006,0.06097977235913277,0.4373353123664856,1.616455574028625,True
THSR__7UTZ,9,ok,prody_rfd3,1.6495575365990602,2.4704008512199582,0.06279857456684113,0.23706799745559692,2.4345552542057787,False
THSR,15,ok,prody_rfd3,1.4335467319457957,0.8671725565503341,0.11615303158760071,0.43076252937316895,1.616455574028625,True
THSR__7UTZ,15,ok,prody_rfd3,1.922985163091821,2.435984892924416,0.11212620139122009,0.22593954205513,2.4345552542057787,False
THSR,20,ok,prody_rfd3,1.4260420549667998,0.8607289618893814,0.08327130973339081,0.43767833709716797,1.616455574028625,True
THSR__7UTZ,20,ok,prody_rfd3,1.9241659264819855,2.4240870064709736,0.08077115565538406,0.22311605513095856,2.4345552542057787,False
THSR,18,ok,prody_rfd3,1.2929525918827856,0.940639536324705,0.058421697467565536,0.43303391337394714,1.616455574028625,True
THSR__7UTZ,18,ok,prody_rfd3,1.669454158847083,2.6154369042383148,0.056901510804891586,0.25123775005340576,2.4345552542057787,False
THSR,3,ok,prody_rfd3,1.2450758033499403,0.9376993097874868,0.04799091815948486,0.4497397243976593,1.616455574028625,True
THSR__7UTZ,3,ok,prody_rfd3,1.602557326778627,2.5550051836620122,0.04349127411842346,0.24952076375484467,2.4345552542057787,False
THSR,2,ok,prody_rfd3,1.5417419375234236,1.2053352572755025,0.06823396682739258,0.44164350628852844,1.616455574028625,True
THSR__7UTZ,2,ok,prody_rfd3,2.130305073278496,2.1282494525645,0.07054684311151505,0.22723260521888733,2.4345552542057787,True
THSR,28,ok,prody_rfd3,1.4279709965489404,1.1178805564949845,0.06536204367876053,0.46491917967796326,1.616455574028625,True
THSR__7UTZ,28,ok,prody_rfd3,1.9306884262861765,2.2024535364207996,0.06578610092401505,0.2779586613178253,2.4345552542057787,False
THSR,24,ok,prody_rfd3,1.3597145093662861,1.2165150499521402,0.050121940672397614,0.4586642384529114,1.616455574028625,True
THSR__7UTZ,24,ok,prody_rfd3,1.8161257368588848,2.298014589750346,0.050588686019182205,0.2503538131713867,2.4345552542057787,False
THSR,11,ok,prody_rfd3,1.4861762784366028,1.1314469995854883,0.042541004717350006,0.4492312967777252,1.616455574028625,True
THSR__7UTZ,11,ok,prody_rfd3,2.032161442567622,2.149526326281059,0.04114828258752823,0.2398015260696411,2.4345552542057787,False
THSR,29,ok,prody_rfd3,1.407451209528134,1.2282129273790567,0.1310252845287323,0.4351058006286621,1.616455574028625,True
THSR__7UTZ,29,ok,prody_rfd3,1.8927816349771671,2.3233934974827086,0.13705115020275116,0.2376849502325058,2.4345552542057787,False
METTL14,1,ok,prody_rfd3,0.42862518537640115,2.541561792013102,0.16103211045265198,1.310990333557129,2.571628452131643,False
METTL14,10,ok,prody_rfd3,0.43954806631789517,2.560420820099887,0.09633398056030273,1.3218108415603638,2.571628452131643,False
METTL14,16,ok,prody_rfd3,0.5189205644145537,2.6237896481263023,0.17258721590042114,1.3253276348114014,2.571628452131643,False
METTL14,23,ok,prody_rfd3,0.5831579746380233,2.630499113319478,0.11956813186407089,1.341254472732544,2.571628452131643,False
METTL14,19,ok,prody_rfd3,0.7541600761382756,2.5250501042295435,0.07197385281324387,1.301072359085083,2.571628452131643,False
METTL14,14,ok,prody_rfd3,0.3940732019044386,2.528114260354825,0.17943327128887177,1.315975308418274,2.571628452131643,False
METTL14,17,ok,prody_rfd3,0.42638203088780524,2.536168757416385,0.0892477035522461,1.2889842987060547,2.571628452131643,False
METTL14,27,ok,prody_rfd3,0.3538219361957156,2.5685893470294343,0.12820255756378174,1.3071774244308472,2.571628452131643,False
METTL14,8,ok,prody_rfd3,0.3651960150902861,2.580934275237024,0.08930936455726624,1.316212773323059,2.571628452131643,False
METTL14,5,ok,prody_rfd3,0.374449420203022,2.579572414185509,0.12996895611286163,1.3294873237609863,2.571628452131643,False
METTL14,7,ok,prody_rfd3,0.43968690104234726,2.510760742498775,0.26518481969833374,1.306301236152649,2.571628452131643,False
METTL14,4,ok,prody_rfd3,0.39266250550033804,2.5287389964506835,0.16377286612987518,1.3221055269241333,2.571628452131643,False
METTL14,0,ok,prody_rfd3,0.42163337529810213,2.639451892915161,0.1973186731338501,1.3263682126998901,2.571628452131643,False
METTL14,6,ok,prody_rfd3,0.3297829555552905,2.542330821662457,0.09904862940311432,1.303524374961853,2.571628452131643,False
METTL14,12,ok,prody_rfd3,0.39844838436952,2.5877409302223904,0.07983990013599396,1.3017908334732056,2.571628452131643,False
METTL14,26,ok,prody_rfd3,0.593236398974828,2.6135370632803614,0.12666936218738556,1.3082858324050903,2.571628452131643,False
METTL14,22,ok,prody_rfd3,0.5487056188957733,2.5372553477240802,0.11590613424777985,1.2864060401916504,2.571628452131643,False
METTL14,21,ok,prody_rfd3,0.5632490353165476,2.554761420530794,0.1700330674648285,1.2919105291366577,2.571628452131643,False
METTL14,25,ok,prody_rfd3,0.44356734279783017,2.5675276175167863,0.21084415912628174,1.3430653810501099,2.571628452131643,False
METTL14,13,ok,prody_rfd3,0.3894043849602691,2.5939503934730186,0.11629600822925568,1.3114972114562988,2.571628452131643,False
METTL14,9,ok,prody_rfd3,0.7470502356982083,2.5181324809993644,0.07972624152898788,1.3126466274261475,2.571628452131643,False
METTL14,15,ok,prody_rfd3,0.5022466705942451,2.5799395950402397,0.1196078360080719,1.3011066913604736,2.571628452131643,False
METTL14,20,ok,prody_rfd3,0.40435457256891194,2.5797939747602854,0.10344736278057098,1.3224068880081177,2.571628452131643,False
METTL14,18,ok,prody_rfd3,0.3899398466604779,2.6076925443255767,0.11755195260047913,1.3024466037750244,2.571628452131643,False
METTL14,3,ok,prody_rfd3,0.4021981837776078,2.595841324387237,0.21560119092464447,1.350193977355957,2.571628452131643,False
METTL14,2,ok,prody_rfd3,0.5923179970176174,2.561276019789421,0.11426682770252228,1.2867778539657593,2.571628452131643,False
METTL14,28,ok,prody_rfd3,0.44159043106970985,2.5892739779953335,0.12259966135025024,1.3038634061813354,2.571628452131643,False
METTL14,24,ok,prody_rfd3,0.3254421891513741,2.5705835671381836,0.08933112770318985,1.308438777923584,2.571628452131643,False
METTL14,11,ok,prody_rfd3,0.7205814544234849,2.549573649499063,0.09279467910528183,1.3024502992630005,2.571628452131643,False
METTL14,29,ok,prody_rfd3,0.31906016753457994,2.544020752240357,0.07399535924196243,1.2988145351409912,2.571628452131643,False
HIV1_CA,1,ok,prody_rfd3,1.9503216779733632,2.1500156717443883,0.13224150240421295,0.36934253573417664,1.3207135415934947,False
HIV1_CA,10,ok,prody_rfd3,2.1362246589702742,2.103335439839142,0.05424172058701515,0.3140956461429596,1.3207135415934947,False
HIV1_CA,16,ok,prody_rfd3,2.080124023440531,2.106796685725446,0.12697090208530426,0.3081083595752716,1.3207135415934947,False
HIV1_CA,23,ok,prody_rfd3,2.1055339991065214,2.03641234180911,0.1317763328552246,0.33829638361930847,1.3207135415934947,False
HIV1_CA,19,ok,prody_rfd3,2.0995962531889707,1.9939100011961615,0.11908461898565292,0.3040156066417694,1.3207135415934947,False
HIV1_CA,14,ok,prody_rfd3,2.0702549444551415,2.090379491410464,0.07488422095775604,0.3175378739833832,1.3207135415934947,False
HIV1_CA,17,ok,prody_rfd3,0.7738842599710104,1.006271801193089,0.13822172582149506,0.37565454840660095,1.3207135415934947,False
HIV1_CA,27,ok,prody_rfd3,1.8004482988484583,1.0518693737862514,0.08249644190073013,0.3157731890678406,1.3207135415934947,True
HIV1_CA,8,ok,prody_rfd3,1.9957328348998666,2.181853985653217,0.08778005093336105,0.3425055742263794,1.3207135415934947,False
HIV1_CA,5,ok,prody_rfd3,2.065243768002244,2.106683403121685,0.09039988368749619,0.34987446665763855,1.3207135415934947,False
HIV1_CA,7,ok,prody_rfd3,2.373438539352005,2.0693790274684267,0.21865545213222504,0.2959288954734802,1.3207135415934947,False
HIV1_CA,4,ok,prody_rfd3,2.089621096086292,1.9494541241002752,0.1297408938407898,0.26589247584342957,1.3207135415934947,False
HIV1_CA,0,ok,prody_rfd3,2.0577111826479744,2.147147495350697,0.16274333000183105,0.319471150636673,1.3207135415934947,False
HIV1_CA,6,ok,prody_rfd3,1.863305035503066,1.2390078750249247,0.052288297563791275,0.3252902030944824,1.3207135415934947,True
HIV1_CA,12,ok,prody_rfd3,1.8898961928003055,1.9263985869293339,0.10780667513608932,0.2615198791027069,1.3207135415934947,False
HIV1_CA,26,ok,prody_rfd3,2.0065489543932933,2.0868352449589787,0.04555225744843483,0.31724467873573303,1.3207135415934947,False
HIV1_CA,22,ok,prody_rfd3,1.9205250258859565,2.157914543516641,0.044045399874448776,0.32745638489723206,1.3207135415934947,False
HIV1_CA,21,ok,prody_rfd3,1.5911373256824262,1.6998941650357504,0.11973639577627182,0.3036070168018341,1.3207135415934947,False
HIV1_CA,25,ok,prody_rfd3,2.0286893305361313,2.056278065983022,0.06720415502786636,0.315417617559433,1.3207135415934947,False
HIV1_CA,13,ok,prody_rfd3,2.1449949484693773,2.144407891448962,0.07599616050720215,0.33732032775878906,1.3207135415934947,False
HIV1_CA,9,ok,prody_rfd3,1.665876964400357,1.8559318027143759,0.10027457028627396,0.36727845668792725,1.3207135415934947,False
HIV1_CA,15,ok,prody_rfd3,1.948292986580136,1.1938253888196877,0.11373303830623627,0.23872341215610504,1.3207135415934947,True
HIV1_CA,20,ok,prody_rfd3,1.785406041864855,1.0914710386453839,0.05647917091846466,0.3043918013572693,1.3207135415934947,True
HIV1_CA,18,ok,prody_rfd3,2.1005160449511244,2.154860929056872,0.17961303889751434,0.41935256123542786,1.3207135415934947,False
HIV1_CA,3,ok,prody_rfd3,2.110225854389722,2.2023946334531765,0.11429876834154129,0.36854803562164307,1.3207135415934947,False
HIV1_CA,2,ok,prody_rfd3,1.7331578716088303,1.8979656398804203,0.14813363552093506,0.24902573227882385,1.3207135415934947,False
HIV1_CA,28,ok,prody_rfd3,1.926714901457842,2.056308186128771,0.09105614572763443,0.2695233225822449,1.3207135415934947,False
HIV1_CA,24,ok,prody_rfd3,2.036042895467472,2.059574917222936,0.08207482099533081,0.30414846539497375,1.3207135415934947,False
HIV1_CA,11,ok,prody_rfd3,2.080554902343014,2.1358686263489637,0.12657681107521057,0.3352098762989044,1.3207135415934947,False
HIV1_CA,29,ok,prody_rfd3,0.7964705145008563,1.0341691210828043,0.22028879821300507,0.43197929859161377,1.3207135415934947,False
p53_Y220C,1,ok,prody_rfd3,0.2029376939228879,1.2123205674843351,0.08459798246622086,0.5587888360023499,1.1600563699903448,False
p53_Y220C__4AGQ,1,ok,prody_rfd3,0.1392388219463406,1.1760930180736942,0.0869007259607315,0.40828973054885864,1.1180275303614244,False
p53_Y220C,10,ok,prody_rfd3,0.2000672093355246,1.0997717259261237,0.19705958664417267,0.5186588168144226,1.1600563699903448,False
p53_Y220C__4AGQ,10,ok,prody_rfd3,0.3578465936306189,1.2114802256211241,0.19805514812469482,0.40345945954322815,1.1180275303614244,False
p53_Y220C,16,ok,prody_rfd3,0.17214245649553825,1.1426889566861058,0.18493880331516266,0.5435712933540344,1.1600563699903448,False
p53_Y220C__4AGQ,16,ok,prody_rfd3,0.1978720982881621,1.1876859017469628,0.17830006778240204,0.39848199486732483,1.1180275303614244,False
p53_Y220C,23,ok,prody_rfd3,0.2117261859484174,1.2055238531097867,0.17948834598064423,0.5590662360191345,1.1600563699903448,False
p53_Y220C__4AGQ,23,ok,prody_rfd3,1.147583520712858,0.29957598114491507,0.17758533358573914,0.39776238799095154,1.1180275303614244,True
p53_Y220C,19,ok,prody_rfd3,0.20185401840931574,1.147939803391666,0.21006913483142853,0.5825926065444946,1.1600563699903448,False
p53_Y220C__4AGQ,19,ok,prody_rfd3,0.15514294949970142,1.199705001356465,0.20441514253616333,0.44265303015708923,1.1180275303614244,False
p53_Y220C,14,ok,prody_rfd3,0.16314777564828614,1.1669626314684696,0.1862170249223709,0.5536761283874512,1.1600563699903448,False
p53_Y220C__4AGQ,14,ok,prody_rfd3,0.17443964808210902,1.1467777340137761,0.18360495567321777,0.4041263163089752,1.1180275303614244,False
p53_Y220C,17,ok,prody_rfd3,0.24934447295269,1.2090491224626694,0.14273804426193237,0.5235121250152588,1.1600563699903448,False
p53_Y220C__4AGQ,17,ok,prody_rfd3,1.3287404405526584,1.3046972112889752,0.13615459203720093,0.3819155991077423,1.1180275303614244,False
p53_Y220C,27,ok,prody_rfd3,0.18201636006547453,1.1428655974608999,0.11361941695213318,0.5315147042274475,1.1600563699903448,False
p53_Y220C__4AGQ,27,ok,prody_rfd3,0.16779995671730777,1.1783689927800958,0.10916133224964142,0.3779587149620056,1.1180275303614244,False
p53_Y220C,8,ok,prody_rfd3,0.20484267751731589,1.21431400896547,0.19094976782798767,0.5770739316940308,1.1600563699903448,False
p53_Y220C__4AGQ,8,ok,prody_rfd3,0.1340563096819002,1.1488222713972647,0.1798941195011139,0.44234657287597656,1.1180275303614244,False
p53_Y220C,5,ok,prody_rfd3,0.1397142233095727,1.1334491212450841,0.08541576564311981,0.5088278651237488,1.1600563699903448,False
p53_Y220C__4AGQ,5,ok,prody_rfd3,0.1209610638381065,1.1640816940232042,0.08301544189453125,0.37125256657600403,1.1180275303614244,False
p53_Y220C,7,ok,prody_rfd3,0.1262331918899515,1.1616675127227927,0.1144479438662529,0.532517671585083,1.1600563699903448,False
p53_Y220C__4AGQ,7,ok,prody_rfd3,0.1297283380787054,1.1604697504365602,0.1127866879105568,0.3926282823085785,1.1180275303614244,False
p53_Y220C,4,ok,prody_rfd3,0.1467022102628909,1.1496263090375565,0.10755623877048492,0.5411023497581482,1.1600563699903448,False
p53_Y220C__4AGQ,4,ok,prody_rfd3,0.19013067111731916,1.1842651477285446,0.11338742077350616,0.38147345185279846,1.1180275303614244,False
p53_Y220C,0,ok,prody_rfd3,0.13523779266992858,1.136623347977438,0.08582550287246704,0.5256697535514832,1.1600563699903448,False
p53_Y220C__4AGQ,0,ok,prody_rfd3,0.1469864442764209,1.1655828216296749,0.08146043121814728,0.37356117367744446,1.1180275303614244,False
p53_Y220C,6,ok,prody_rfd3,0.21771158386310469,1.1341486625354171,0.257894903421402,0.5970847606658936,1.1600563699903448,False
p53_Y220C__4AGQ,6,ok,prody_rfd3,0.25156578122751766,1.2212802207298856,0.24373126029968262,0.4447430670261383,1.1180275303614244,False
p53_Y220C,12,ok,prody_rfd3,0.119641351376868,1.1431297427010043,0.13864821195602417,0.541172981262207,1.1600563699903448,False
p53_Y220C__4AGQ,12,ok,prody_rfd3,0.1649426576130849,1.1613019943505305,0.13876108825206757,0.38781946897506714,1.1180275303614244,False
p53_Y220C,26,ok,prody_rfd3,0.10040403788575837,1.1312072605328103,0.1206645593047142,0.5402894020080566,1.1600563699903448,False
p53_Y220C__4AGQ,26,ok,prody_rfd3,0.15622628576975142,1.1805742264098422,0.11746001988649368,0.4037840664386749,1.1180275303614244,False
p53_Y220C,22,ok,prody_rfd3,0.22614862194008292,1.1512046917156784,0.2209291160106659,0.5759544968605042,1.1600563699903448,False
p53_Y220C__4AGQ,22,ok,prody_rfd3,0.18601856365092445,1.1780306496085158,0.21354185044765472,0.43151554465293884,1.1180275303614244,False
p53_Y220C,21,ok,prody_rfd3,0.2468797353298411,1.2205816345793359,0.17854206264019012,0.5365150570869446,1.1600563699903448,False
p53_Y220C__4AGQ,21,ok,prody_rfd3,0.19723754423958348,1.1611644919759265,0.17054033279418945,0.37635502219200134,1.1180275303614244,False
p53_Y220C,25,ok,prody_rfd3,0.1716166201419007,1.1904436402185121,0.18400947749614716,0.5645685195922852,1.1600563699903448,False
p53_Y220C__4AGQ,25,ok,prody_rfd3,0.08128168227212319,1.1585436131879636,0.18236851692199707,0.4312501847743988,1.1180275303614244,False
p53_Y220C,13,ok,prody_rfd3,0.29126796833434915,1.268070072584467,0.30471211671829224,0.6435344219207764,1.1600563699903448,False
p53_Y220C__4AGQ,13,ok,prody_rfd3,1.2512906087560296,0.49878806305283896,0.2975919246673584,0.5101312398910522,1.1180275303614244,True
p53_Y220C,9,ok,prody_rfd3,0.2723090912006761,1.1271968161565733,0.19864343106746674,0.5106585025787354,1.1600563699903448,False
p53_Y220C__4AGQ,9,ok,prody_rfd3,1.3145256759324053,1.2951379590368193,0.18587741255760193,0.3746121823787689,1.1180275303614244,False
p53_Y220C,15,ok,prody_rfd3,0.24769934390616047,1.1179810664371315,0.23541361093521118,0.5457010865211487,1.1600563699903448,False
p53_Y220C__4AGQ,15,ok,prody_rfd3,0.3686833623938886,1.2399810909991753,0.22313077747821808,0.41868823766708374,1.1180275303614244,False
p53_Y220C,20,ok,prody_rfd3,0.2216083787228086,1.2332323153253912,0.21891599893569946,0.5982456207275391,1.1600563699903448,False
p53_Y220C__4AGQ,20,ok,prody_rfd3,1.2047351827014747,0.4452593778891096,0.21215872466564178,0.44660240411758423,1.1180275303614244,True
p53_Y220C,18,ok,prody_rfd3,0.07612453114235221,1.1560202705427625,0.07685773074626923,0.5282159447669983,1.1600563699903448,False
p53_Y220C__4AGQ,18,ok,prody_rfd3,0.14210651732471336,1.171056028933027,0.07908895611763,0.3816688656806946,1.1180275303614244,False
p53_Y220C,3,ok,prody_rfd3,0.22082360953989422,1.2306991119309652,0.22590945661067963,0.6028710007667542,1.1600563699903448,False
p53_Y220C__4AGQ,3,ok,prody_rfd3,0.19148420742628122,1.1367707051017848,0.2131059467792511,0.4445579946041107,1.1180275303614244,False
p53_Y220C,2,ok,prody_rfd3,0.12901161203560843,1.1160845525060779,0.16766898334026337,0.5271005034446716,1.1600563699903448,False
p53_Y220C__4AGQ,2,ok,prody_rfd3,0.21139243179737738,1.1575682206428455,0.16087371110916138,0.3854794204235077,1.1180275303614244,False
p53_Y220C,28,ok,prody_rfd3,0.15993332273219016,1.1368178142015342,0.12239816784858704,0.5459445118904114,1.1600563699903448,False
p53_Y220C__4AGQ,28,ok,prody_rfd3,1.1314885563107657,0.28533892369947994,0.1116335391998291,0.39883825182914734,1.1180275303614244,True
p53_Y220C,24,ok,prody_rfd3,0.15011702251069564,1.1614716305278037,0.1125347837805748,0.5494182705879211,1.1600563699903448,False
p53_Y220C__4AGQ,24,ok,prody_rfd3,1.1484041051578373,0.31998248495124226,0.11037823557853699,0.40399494767189026,1.1180275303614244,True
p53_Y220C,11,ok,prody_rfd3,0.15615356171279893,1.1980900293485792,0.12105854600667953,0.5513676404953003,1.1600563699903448,False
p53_Y220C__4AGQ,11,ok,prody_rfd3,0.12146651995845649,1.1500961737371644,0.12575358152389526,0.39293861389160156,1.1180275303614244,False
p53_Y220C,29,ok,prody_rfd3,0.1978775956254128,1.0991473042997828,0.214048370718956,0.5522276163101196,1.1600563699903448,False
p53_Y220C__4AGQ,29,ok,prody_rfd3,0.14851126594708214,1.1813758742664537,0.20213615894317627,0.41628745198249817,1.1180275303614244,False
Bcl-xL,1,ok,prody_rfd3,1.2323172155542528,1.9842994810961974,0.11089779436588287,0.9923612475395203,2.505562006849456,False
Bcl-xL,10,ok,prody_rfd3,1.269488830558464,2.0058708423988065,0.09966921806335449,0.948657214641571,2.505562006849456,False
Bcl-xL,16,ok,prody_rfd3,1.4716997437569326,1.9021805984946822,0.10391761362552643,0.9830707311630249,2.505562006849456,False
Bcl-xL,23,ok,prody_rfd3,1.3615261528856055,1.8176798093169262,0.07349556684494019,1.0456931591033936,2.505562006849456,False
Bcl-xL,19,ok,prody_rfd3,1.5030150867461076,1.806158858213536,0.13905709981918335,0.938355565071106,2.505562006849456,False
Bcl-xL,14,ok,prody_rfd3,1.6812918108813688,2.264319156130027,0.08553768694400787,1.0288325548171997,2.505562006849456,False
Bcl-xL,17,ok,prody_rfd3,1.5199439704523487,2.1750498042324593,0.22868287563323975,1.1688896417617798,2.505562006849456,False
Bcl-xL,27,ok,prody_rfd3,1.7010421866916672,2.1895998215986885,0.09826669842004776,0.978477954864502,2.505562006849456,False
Bcl-xL,8,ok,prody_rfd3,1.4163373524911744,2.0521478086713882,0.12103912979364395,1.0760713815689087,2.505562006849456,False
Bcl-xL,5,ok,prody_rfd3,1.5791078981685054,1.7849483886629307,0.21963167190551758,0.8818070292472839,2.505562006849456,False
Bcl-xL,7,ok,prody_rfd3,1.2440712686724722,1.785926208528144,0.2603163719177246,0.8468477129936218,2.505562006849456,False
Bcl-xL,4,ok,prody_rfd3,1.7581927464861642,2.470671991869212,0.12360107153654099,1.0554299354553223,2.505562006849456,False
Bcl-xL,0,ok,prody_rfd3,1.2290961013866202,2.004851676789615,0.08169101178646088,0.9880241751670837,2.505562006849456,False
Bcl-xL,6,ok,prody_rfd3,1.3214573810451613,1.8181415230867914,0.1621372252702713,0.8893589973449707,2.505562006849456,False
Bcl-xL,12,ok,prody_rfd3,1.613917201608594,2.4721398747244314,0.1679813414812088,1.022888422012329,2.505562006849456,False
Bcl-xL,26,ok,prody_rfd3,1.3621160324435124,2.205744414020355,0.1442098766565323,1.0902116298675537,2.505562006849456,False
Bcl-xL,22,ok,prody_rfd3,1.2953318911170109,2.1898488982397146,0.13189047574996948,1.0942414999008179,2.505562006849456,False
Bcl-xL,21,ok,prody_rfd3,1.3633428164989845,2.3335938758953567,0.16957487165927887,1.0550814867019653,2.505562006849456,False
Bcl-xL,25,ok,prody_rfd3,1.2698845542754436,2.0553596600375306,0.13535748422145844,1.0859395265579224,2.505562006849456,False
Bcl-xL,13,ok,prody_rfd3,1.2166026988093082,2.1860739087613283,0.10215424746274948,1.0208957195281982,2.505562006849456,False
Bcl-xL,9,ok,prody_rfd3,1.43866158840691,1.9838567790760457,0.09345884621143341,0.962055504322052,2.505562006849456,False
Bcl-xL,15,ok,prody_rfd3,1.343786795816445,2.164672075080713,0.11834529787302017,1.0519167184829712,2.505562006849456,False
Bcl-xL,20,ok,prody_rfd3,1.491868864234943,2.0002433216057556,0.11335834860801697,1.0680309534072876,2.505562006849456,False
Bcl-xL,18,ok,prody_rfd3,1.2243487789952001,2.196280264651212,0.19095569849014282,1.1536589860916138,2.505562006849456,False
Bcl-xL,3,ok,prody_rfd3,1.7654759358353154,2.2085727929576917,0.2279440313577652,0.8559737205505371,2.505562006849456,False
Bcl-xL,2,ok,prody_rfd3,1.358271606330701,1.8443954615632288,0.14038996398448944,0.9474753737449646,2.505562006849456,False
Bcl-xL,28,ok,prody_rfd3,1.6954730678256638,2.3786518880978083,0.16672015190124512,1.1203534603118896,2.505562006849456,False
Bcl-xL,24,ok,prody_rfd3,1.4374470773729358,1.9263848954749052,0.1936560422182083,0.8876363635063171,2.505562006849456,False
Bcl-xL,11,ok,prody_rfd3,1.6685799465560742,2.3443277707764807,0.12847578525543213,1.0647239685058594,2.505562006849456,False
Bcl-xL,29,ok,prody_rfd3,1.2854784752917694,1.9336352972601787,0.08259781450033188,0.9827598333358765,2.505562006849456,False
CB1,1,ok,prody_rfd3,1.990404683623527,2.2260556460471643,0.0847601667046547,0.9443526268005371,2.023384393567615,False
CB1,10,ok,prody_rfd3,0.9231265103073754,2.3266493506811625,0.1036677286028862,0.9501247406005859,2.023384393567615,False
CB1,16,ok,prody_rfd3,2.017858991617557,2.4517767150386804,0.17555133998394012,0.9570428729057312,2.023384393567615,False
CB1,23,ok,prody_rfd3,1.0872461906963293,2.26259632929333,0.06284747272729874,0.959490954875946,2.023384393567615,False
CB1,19,ok,prody_rfd3,1.5336686347128166,2.1107731851326132,0.07386161386966705,0.9585049748420715,2.023384393567615,False
CB1,14,ok,prody_rfd3,2.223277150947855,2.421530770183192,0.10210157185792923,0.9578343033790588,2.023384393567615,False
CB1,17,ok,prody_rfd3,1.8701326703628738,2.1806954007930908,0.2170574814081192,0.9865843653678894,2.023384393567615,False
CB1,27,ok,prody_rfd3,1.4926412054039029,2.0938746596335718,0.11414442211389542,0.9600949883460999,2.023384393567615,False
CB1,8,ok,prody_rfd3,2.117003434484936,2.4957365134754665,0.16029366850852966,0.9554738998413086,2.023384393567615,False
CB1,5,ok,prody_rfd3,0.7498532320133335,2.2791876897367547,0.12942558526992798,0.9764799475669861,2.023384393567615,False
CB1,7,ok,prody_rfd3,0.7405022794600088,2.09478461377761,0.10998810082674026,0.9740675687789917,2.023384393567615,False
CB1,4,ok,prody_rfd3,0.6574138656609851,2.1158402328591173,0.12161150574684143,0.9458320736885071,2.023384393567615,False
CB1,0,ok,prody_rfd3,2.037059704966226,2.419104605503727,0.11489803344011307,0.9373089075088501,2.023384393567615,False
CB1,6,ok,prody_rfd3,2.270227511113938,2.32738943272279,0.12769994139671326,0.957537829875946,2.023384393567615,False
CB1,12,ok,prody_rfd3,0.6750142639521145,2.1010391043007624,0.15284772217273712,0.9000627994537354,2.023384393567615,False
CB1,26,ok,prody_rfd3,1.101756099540378,2.405687229614285,0.1252744048833847,0.9540770649909973,2.023384393567615,False
CB1,22,ok,prody_rfd3,2.2595347192145665,2.424237386721364,0.12025755643844604,0.9436931014060974,2.023384393567615,False
CB1,21,ok,prody_rfd3,1.828714967013152,2.3231630123416287,0.08587349951267242,0.9552673101425171,2.023384393567615,False
CB1,25,ok,prody_rfd3,1.9837548529257036,2.2439291951094553,0.06859903037548065,0.9376525282859802,2.023384393567615,False
CB1,13,ok,prody_rfd3,1.756201142573871,2.3407168209705635,0.16629795730113983,0.9630826115608215,2.023384393567615,False
CB1,9,ok,prody_rfd3,1.9131299426457256,2.2141571962076645,0.15596911311149597,0.9930429458618164,2.023384393567615,False
CB1,15,ok,prody_rfd3,0.7370800710076026,2.1504874792595823,0.15746980905532837,0.9839141368865967,2.023384393567615,False
CB1,20,ok,prody_rfd3,0.6545974298403158,2.1775089683455255,0.11871827393770218,0.9848195314407349,2.023384393567615,False
CB1,18,ok,prody_rfd3,1.1345018587433056,2.3855234581842297,0.06224801018834114,0.942733883857727,2.023384393567615,False
CB1,3,ok,prody_rfd3,1.5426039109929375,2.072366099525539,0.11983726173639297,0.9349058866500854,2.023384393567615,False
CB1,2,ok,prody_rfd3,0.9225615269714399,2.3572002980593005,0.09607819467782974,0.9355391263961792,2.023384393567615,False
CB1,28,ok,prody_rfd3,0.6107345749200636,2.1864699762121926,0.17419962584972382,0.9757349491119385,2.023384393567615,False
CB1,24,ok,prody_rfd3,2.0180064841103533,2.3819452772408245,0.13156861066818237,0.9022815823554993,2.023384393567615,False
CB1,11,ok,prody_rfd3,1.5489860202259118,2.104265827384483,0.08466983586549759,0.9647122621536255,2.023384393567615,False
CB1,29,ok,prody_rfd3,1.834125045538181,2.432133773880073,0.140583798289299,0.9451697468757629,2.023384393567615,False
HIF2alpha,1,ok,prody_rfd3,2.3451766807586885,2.201753374231348,0.05250871926546097,0.34896320104599,1.86542516135414,False
HIF2alpha__6D0B,1,ok,prody_rfd3,1.739809450331886,2.121196191488455,0.05077850818634033,0.44302839040756226,1.6729991744940291,False
HIF2alpha,10,ok,prody_rfd3,1.3575752885148602,1.164404856427073,0.11054941266775131,0.4241127371788025,1.86542516135414,True
HIF2alpha__6D0B,10,ok,prody_rfd3,1.0381215937967796,1.2995477455479867,0.11666040867567062,0.5097981095314026,1.6729991744940291,False
HIF2alpha,16,ok,prody_rfd3,1.303073008491408,1.0941545979400036,0.1081119105219841,0.4454217851161957,1.86542516135414,True
HIF2alpha__6D0B,16,ok,prody_rfd3,0.9851111035501824,1.3393972491876363,0.10263320058584213,0.5298630595207214,1.6729991744940291,False
HIF2alpha,23,ok,prody_rfd3,2.242472170880718,2.104209698026177,0.0830223560333252,0.36831167340278625,1.86542516135414,False
HIF2alpha__6D0B,23,ok,prody_rfd3,1.6687318340776542,1.9549680986117244,0.08628974109888077,0.4515801966190338,1.6729991744940291,False
HIF2alpha,19,ok,prody_rfd3,2.347807721530125,2.3666075614031903,0.11074776202440262,0.34684237837791443,1.86542516135414,False
HIF2alpha__6D0B,19,ok,prody_rfd3,1.7489242770220297,2.0824220262322077,0.11395183205604553,0.44898343086242676,1.6729991744940291,False
HIF2alpha,14,ok,prody_rfd3,1.2963544421299782,1.0839134765900273,0.10232154279947281,0.3252752721309662,1.86542516135414,True
HIF2alpha__6D0B,14,ok,prody_rfd3,0.9921720626893493,1.5087066600953423,0.10029485821723938,0.43223828077316284,1.6729991744940291,False
HIF2alpha,17,ok,prody_rfd3,1.418171041798632,1.283371757988968,0.07593926042318344,0.3532736301422119,1.86542516135414,True
HIF2alpha__6D0B,17,ok,prody_rfd3,1.0591428752480316,1.4408162781332283,0.07670675963163376,0.4479869604110718,1.6729991744940291,False
HIF2alpha,27,ok,prody_rfd3,2.305808481133742,2.323071598651027,0.1029280498623848,0.36935824155807495,1.86542516135414,False
HIF2alpha__6D0B,27,ok,prody_rfd3,1.718123214760532,2.06830896410061,0.10469652712345123,0.4671105742454529,1.6729991744940291,False
HIF2alpha,8,ok,prody_rfd3,1.3038097075894415,1.145927887685446,0.0982280820608139,0.35785964131355286,1.86542516135414,True
HIF2alpha__6D0B,8,ok,prody_rfd3,0.9786776724183462,1.3697187499017647,0.09416140615940094,0.44608327746391296,1.6729991744940291,False
HIF2alpha,5,ok,prody_rfd3,2.479110973598117,2.2186762121404815,0.11839587241411209,0.33580514788627625,1.86542516135414,False
HIF2alpha__6D0B,5,ok,prody_rfd3,1.8431766293931973,2.0138216327662946,0.11476138979196548,0.42446640133857727,1.6729991744940291,False
HIF2alpha,7,ok,prody_rfd3,2.3378955427072223,2.2498367627116287,0.06494570523500443,0.34918078780174255,1.86542516135414,False
HIF2alpha__6D0B,7,ok,prody_rfd3,1.7353160452044725,2.0288358769913883,0.065790556371212,0.43766242265701294,1.6729991744940291,False
HIF2alpha,4,ok,prody_rfd3,2.4650944553562497,2.36408832314913,0.06325741112232208,0.40339887142181396,1.86542516135414,False
HIF2alpha__6D0B,4,ok,prody_rfd3,1.8308152726065199,2.0817545833264752,0.06820026785135269,0.49170124530792236,1.6729991744940291,False
HIF2alpha,0,ok,prody_rfd3,2.369456508536693,2.3029571991973508,0.12760896980762482,0.45713216066360474,1.86542516135414,False
HIF2alpha__6D0B,0,ok,prody_rfd3,1.7645871368199482,2.0357268645143543,0.1303901970386505,0.5389056205749512,1.6729991744940291,False
HIF2alpha,6,ok,prody_rfd3,1.5309282168029716,1.1155860644758002,0.08247707039117813,0.347145140171051,1.86542516135414,True
HIF2alpha__6D0B,6,ok,prody_rfd3,1.1525218645716901,1.3956677421853194,0.08618129789829254,0.44045448303222656,1.6729991744940291,False
HIF2alpha,12,ok,prody_rfd3,2.4514854011112197,2.361955725999716,0.09002494066953659,0.3517366349697113,1.86542516135414,False
HIF2alpha__6D0B,12,ok,prody_rfd3,1.8232936598319833,2.0980399018639444,0.09369271993637085,0.4459283947944641,1.6729991744940291,False
HIF2alpha,26,ok,prody_rfd3,2.319261580496668,2.2787591117676254,0.0385737344622612,0.3736823797225952,1.86542516135414,False
HIF2alpha__6D0B,26,ok,prody_rfd3,1.7285155143665918,2.0119023157661515,0.03766125813126564,0.4619847238063812,1.6729991744940291,False
HIF2alpha,22,ok,prody_rfd3,1.5306381508306526,1.130743881357095,0.09009787440299988,0.4163649082183838,1.86542516135414,True
HIF2alpha__6D0B,22,ok,prody_rfd3,1.1638290760082235,1.377707393222845,0.09168066084384918,0.5085070729255676,1.6729991744940291,False
HIF2alpha,21,ok,prody_rfd3,1.7784052509708728,1.1499351372601843,0.08372584730386734,0.43831029534339905,1.86542516135414,True
HIF2alpha__6D0B,21,ok,prody_rfd3,1.3296282176268883,1.427807009112523,0.08818767219781876,0.5191528797149658,1.6729991744940291,False
HIF2alpha,25,ok,prody_rfd3,2.3351426602733865,2.1800696472101553,0.0705968514084816,0.35313621163368225,1.86542516135414,False
HIF2alpha__6D0B,25,ok,prody_rfd3,1.7328458435803549,2.135303926839913,0.06875546276569366,0.44720426201820374,1.6729991744940291,False
HIF2alpha,13,ok,prody_rfd3,2.5619873112921763,2.2247813218532904,0.17482279241085052,0.4929671585559845,1.86542516135414,False
HIF2alpha__6D0B,13,ok,prody_rfd3,1.9130938889442692,2.0115043487728244,0.18446722626686096,0.5637742877006531,1.6729991744940291,False
HIF2alpha,9,ok,prody_rfd3,2.344019624248201,2.280582312848874,0.049944281578063965,0.38400766253471375,1.86542516135414,False
HIF2alpha__6D0B,9,ok,prody_rfd3,1.7395246382617728,2.130560496565685,0.048649318516254425,0.481271356344223,1.6729991744940291,False
HIF2alpha,15,ok,prody_rfd3,2.33123721476331,2.2234537473877123,0.0811961367726326,0.43170440196990967,1.86542516135414,False
HIF2alpha__6D0B,15,ok,prody_rfd3,1.7324751850660296,2.0217807119779367,0.0799853503704071,0.5123007893562317,1.6729991744940291,False
HIF2alpha,20,ok,prody_rfd3,2.4435118090578807,2.3609126612222533,0.10081767290830612,0.4444839358329773,1.86542516135414,False
HIF2alpha__6D0B,20,ok,prody_rfd3,1.8114078902709203,2.0736422789978355,0.10107088088989258,0.5256341099739075,1.6729991744940291,False
HIF2alpha,18,ok,prody_rfd3,2.3639383878903306,2.3165858375847463,0.07238569110631943,0.36287933588027954,1.86542516135414,False
HIF2alpha__6D0B,18,ok,prody_rfd3,1.77699803214339,2.0401299868047054,0.07847680151462555,0.4612467288970947,1.6729991744940291,False
HIF2alpha,3,ok,prody_rfd3,2.338981060387574,2.3909434519906285,0.13968203961849213,0.3309229612350464,1.86542516135414,False
HIF2alpha__6D0B,3,ok,prody_rfd3,1.7430627239558207,2.1451890541615937,0.15236888825893402,0.4378662109375,1.6729991744940291,False
HIF2alpha,2,ok,prody_rfd3,1.3165749360978187,1.2166480171829692,0.09669624269008636,0.33385568857192993,1.86542516135414,True
HIF2alpha__6D0B,2,ok,prody_rfd3,0.9996125832669639,1.37111409490114,0.09168713539838791,0.425110399723053,1.6729991744940291,False
HIF2alpha,28,ok,prody_rfd3,2.4214056619884943,2.2842754814897033,0.08413425087928772,0.3771401047706604,1.86542516135414,False
HIF2alpha__6D0B,28,ok,prody_rfd3,1.7950510955926293,2.0613064600887023,0.08445821702480316,0.466320663690567,1.6729991744940291,False
HIF2alpha,24,ok,prody_rfd3,1.3270723846478956,1.128933235617368,0.1059693917632103,0.33676478266716003,1.86542516135414,True
HIF2alpha__6D0B,24,ok,prody_rfd3,1.004880323063474,1.3283041712487922,0.10458745062351227,0.42627403140068054,1.6729991744940291,False
HIF2alpha,11,ok,prody_rfd3,2.3039877078764524,2.307308314645839,0.0892939567565918,0.40334028005599976,1.86542516135414,False
HIF2alpha__6D0B,11,ok,prody_rfd3,1.711153414498858,2.0440308566036425,0.0896839052438736,0.49680161476135254,1.6729991744940291,False
HIF2alpha,29,ok,prody_rfd3,2.3310949397286307,2.1832303598013816,0.07619152963161469,0.4050706624984741,1.86542516135414,False
HIF2alpha__6D0B,29,ok,prody_rfd3,1.7339605004822192,2.0090051524293884,0.08092135190963745,0.4900432229042053,1.6729991744940291,False
HIV_RT__3V81,1,ok,prody_rfd3,0.6233496784388204,2.9699420740813887,0.04852467030286789,1.5601321458816528,3.0896312117090363,False
HIV_RT__3V81,10,ok,prody_rfd3,0.5844794140855304,2.983403961543492,0.04812360554933548,1.5619572401046753,3.0896312117090363,False
HIV_RT__3V81,16,ok,prody_rfd3,1.2796800140384241,2.732450680669931,0.08099763095378876,1.5146424770355225,3.0896312117090363,False
HIV_RT__3V81,23,ok,prody_rfd3,0.5858708077299489,3.009255160851928,0.11624769866466522,1.5920964479446411,3.0896312117090363,False
HIV_RT__3V81,19,ok,prody_rfd3,0.722886370397762,3.0198906634460077,0.10788106918334961,1.547526478767395,3.0896312117090363,False
HIV_RT__3V81,14,ok,prody_rfd3,1.1922891052635871,2.7022888321946774,0.12188258022069931,1.5718415975570679,3.0896312117090363,False
HIV_RT__3V81,17,ok,prody_rfd3,0.7018799776613112,3.0283322754782587,0.07951535284519196,1.5371507406234741,3.0896312117090363,False
HIV_RT__3V81,27,ok,prody_rfd3,0.6127764834492355,2.9778872126486786,0.0628390684723854,1.5346359014511108,3.0896312117090363,False
HIV_RT__3V81,8,ok,prody_rfd3,1.013951034204276,2.748115326505473,0.12146778404712677,1.567952275276184,3.0896312117090363,False
HIV_RT__3V81,5,ok,prody_rfd3,1.278903351807445,2.665139724827863,0.0966324433684349,1.5456492900848389,3.0896312117090363,False
HIV_RT__3V81,7,ok,prody_rfd3,1.264572077855711,2.655136668803673,0.0959351509809494,1.5294209718704224,3.0896312117090363,False
HIV_RT__3V81,4,ok,prody_rfd3,0.5862951724459381,3.0086877335377937,0.059950534254312515,1.5548477172851562,3.0896312117090363,False
HIV_RT__3V81,0,ok,prody_rfd3,0.5638674222347599,2.9889752604289277,0.07049316167831421,1.5669864416122437,3.0896312117090363,False
HIV_RT__3V81,6,ok,prody_rfd3,0.6447393219549913,2.9889171493494464,0.10613708943128586,1.5201154947280884,3.0896312117090363,False
HIV_RT__3V81,12,ok,prody_rfd3,0.6919427141399753,2.9855040912996476,0.07334458827972412,1.5354114770889282,3.0896312117090363,False
HIV_RT__3V81,26,ok,prody_rfd3,0.7954948446048286,3.0439581384376133,0.08867090940475464,1.5852504968643188,3.0896312117090363,False
HIV_RT__3V81,22,ok,prody_rfd3,0.6103280666400211,2.98882965032494,0.08248677104711533,1.525454044342041,3.0896312117090363,False
HIV_RT__3V81,21,ok,prody_rfd3,0.6106322159094701,2.9757492898447695,0.08213842660188675,1.537304401397705,3.0896312117090363,False
HIV_RT__3V81,25,ok,prody_rfd3,1.219356157862374,2.624196860092519,0.05820327252149582,1.5704342126846313,3.0896312117090363,False
HIV_RT__3V81,13,ok,prody_rfd3,0.8434463610843064,3.128805343665393,0.08051052689552307,1.5276094675064087,3.0896312117090363,False
HIV_RT__3V81,9,ok,prody_rfd3,0.5914553722459246,2.9834057883590677,0.06541597843170166,1.5698400735855103,3.0896312117090363,False
HIV_RT__3V81,15,ok,prody_rfd3,0.7342535193126263,3.008986910222711,0.1296110898256302,1.5213111639022827,3.0896312117090363,False
HIV_RT__3V81,20,ok,prody_rfd3,0.6054543819161708,2.9828630705840293,0.06619539856910706,1.572940707206726,3.0896312117090363,False
HIV_RT__3V81,18,ok,prody_rfd3,0.5740097604085641,3.012796262075816,0.058762870728969574,1.5602558851242065,3.0896312117090363,False
HIV_RT__3V81,3,ok,prody_rfd3,0.8894003001151239,3.0854771077195613,0.08876243233680725,1.550413727760315,3.0896312117090363,False
HIV_RT__3V81,2,ok,prody_rfd3,1.198915432168982,2.6969832269668843,0.1002965196967125,1.5714032649993896,3.0896312117090363,False
HIV_RT__3V81,28,ok,prody_rfd3,0.5749705716906248,2.9885394466019717,0.04710010811686516,1.550495982170105,3.0896312117090363,False
HIV_RT__3V81,24,ok,prody_rfd3,0.6971317908766979,3.0070321327200755,0.10649771243333817,1.5502997636795044,3.0896312117090363,False
HIV_RT__3V81,11,ok,prody_rfd3,1.2266160274865532,2.6875294088601795,0.11029931157827377,1.5327386856079102,3.0896312117090363,False
HIV_RT__3V81,29,ok,prody_rfd3,0.7405079308883388,3.0105337226201856,0.09937544912099838,1.5376472473144531,3.0896312117090363,False
HIV_RT,1,ok,prody_rfd3,0.6815101910292497,2.979004718062747,0.0907004326581955,1.4074888229370117,3.055562157269878,False
HIV_RT,10,ok,prody_rfd3,0.7096574208343119,2.9460692387231138,0.06874917447566986,1.4093902111053467,3.055562157269878,False
HIV_RT,16,ok,prody_rfd3,0.7683747443974058,3.0290009544163308,0.06693638116121292,1.3705825805664062,3.055562157269878,False
HIV_RT,23,ok,prody_rfd3,0.7985273036277284,3.042169277582704,0.09510877728462219,1.3895543813705444,3.055562157269878,False
HIV_RT,19,ok,prody_rfd3,0.6828451791537152,2.9549837927036022,0.09918282926082611,1.3944729566574097,3.055562157269878,False
HIV_RT,14,ok,prody_rfd3,0.6913182030362924,2.9854998133706254,0.07207882404327393,1.4194968938827515,3.055562157269878,False
HIV_RT,17,ok,prody_rfd3,0.6924801740770695,2.970656958244376,0.13054053485393524,1.4229753017425537,3.055562157269878,False
HIV_RT,27,ok,prody_rfd3,0.6763898376933697,2.981022888940525,0.045506250113248825,1.3863178491592407,3.055562157269878,False
HIV_RT,8,ok,prody_rfd3,0.7612255221917172,2.840791854888048,0.0746835321187973,1.3803064823150635,3.055562157269878,False
HIV_RT,5,ok,prody_rfd3,0.7265672413375687,2.965099364298839,0.05797697231173515,1.4037220478057861,3.055562157269878,False
HIV_RT,7,ok,prody_rfd3,0.8342061391070614,3.0369208473963676,0.08523250371217728,1.3956408500671387,3.055562157269878,False
HIV_RT,4,ok,prody_rfd3,0.7573685118719656,2.881252219956516,0.15127608180046082,1.3892147541046143,3.055562157269878,False
HIV_RT,0,ok,prody_rfd3,0.6999650178262597,2.9313423428640037,0.10620258003473282,1.3742531538009644,3.055562157269878,False
HIV_RT,6,ok,prody_rfd3,1.2745756356912303,2.6344828577325394,0.051335155963897705,1.4181208610534668,3.055562157269878,False
HIV_RT,12,ok,prody_rfd3,0.692670350042982,3.009540161026208,0.0724463239312172,1.420017957687378,3.055562157269878,False
HIV_RT,26,ok,prody_rfd3,0.6732163946656461,2.9851428160265248,0.0662200078368187,1.3957767486572266,3.055562157269878,False
HIV_RT,22,ok,prody_rfd3,0.6840255366874051,2.9749731974845637,0.05060246214270592,1.4052761793136597,3.055562157269878,False
HIV_RT,21,ok,prody_rfd3,0.7033838696707359,2.9913614179636494,0.07426818460226059,1.4040690660476685,3.055562157269878,False
HIV_RT,25,ok,prody_rfd3,0.6831936593037367,2.9498031449329205,0.06989641487598419,1.4144755601882935,3.055562157269878,False
HIV_RT,13,ok,prody_rfd3,0.7108916813301547,2.960855481953845,0.10615389049053192,1.4113824367523193,3.055562157269878,False
HIV_RT,9,ok,prody_rfd3,0.6927554189477753,2.975564487633783,0.06967026740312576,1.4176380634307861,3.055562157269878,False
HIV_RT,15,ok,prody_rfd3,0.7763984471516914,3.0191601977173943,0.07625466585159302,1.3937703371047974,3.055562157269878,False
HIV_RT,20,ok,prody_rfd3,0.6917946920228641,3.0194919982930246,0.085170216858387,1.3966307640075684,3.055562157269878,False
HIV_RT,18,ok,prody_rfd3,0.8907531308580406,3.057508642617118,0.10069315880537033,1.402647614479065,3.055562157269878,False
HIV_RT,3,ok,prody_rfd3,0.7211101164450366,3.0445962205499697,0.09103572368621826,1.423685073852539,3.055562157269878,False
HIV_RT,2,ok,prody_rfd3,0.7538909566814377,2.8624505640805205,0.06506448239088058,1.3659911155700684,3.055562157269878,False
HIV_RT,28,ok,prody_rfd3,0.7034412308691014,2.9959419529907745,0.09215450286865234,1.4292237758636475,3.055562157269878,False
HIV_RT,24,ok,prody_rfd3,0.7015653338116044,2.9906455080305694,0.06552258878946304,1.3964118957519531,3.055562157269878,False
HIV_RT,11,ok,prody_rfd3,0.804241004052241,3.023569224999916,0.06949024647474289,1.416382074356079,3.055562157269878,False
HIV_RT,29,ok,prody_rfd3,0.6779845469659636,2.9772062645669526,0.05826437100768089,1.4230024814605713,3.055562157269878,False
KRAS,1,ok,prody_rfd3,2.0780834013865532,3.4018210939245783,0.37007346749305725,1.3557395935058594,3.742426159251105,False
KRAS,10,ok,prody_rfd3,2.605670416673911,2.9293661061974525,0.3523857593536377,1.2414389848709106,3.742426159251105,False
KRAS,16,ok,prody_rfd3,2.359618441075187,3.2662260251955164,0.4052014648914337,1.1916769742965698,3.742426159251105,False
KRAS,23,ok,prody_rfd3,2.6735621485377474,2.7276040122459073,0.27638891339302063,1.3021671772003174,3.742426159251105,False
KRAS,19,ok,prody_rfd3,2.285777342136307,3.2307478549962374,0.4880583584308624,1.3000452518463135,3.742426159251105,False
KRAS,14,ok,prody_rfd3,2.546644530502575,3.161582033664007,0.5215660929679871,1.4917916059494019,3.742426159251105,False
KRAS,17,ok,prody_rfd3,1.953032517849426,3.38421259018298,0.22144737839698792,1.2841018438339233,3.742426159251105,False
KRAS,27,ok,prody_rfd3,2.2055289843907415,3.1928011667139136,0.21401727199554443,1.2401185035705566,3.742426159251105,False
KRAS,8,ok,prody_rfd3,2.5971884301071793,2.9751606649854883,0.20430922508239746,1.3093352317810059,3.742426159251105,False
KRAS,5,ok,prody_rfd3,2.537209649356486,3.0470223448707996,0.33961668610572815,1.1908495426177979,3.742426159251105,False
KRAS,7,ok,prody_rfd3,2.571324367659033,2.86207643088838,0.29923349618911743,1.3076359033584595,3.742426159251105,False
KRAS,4,ok,prody_rfd3,2.3789085159100405,3.24640903903022,0.28638166189193726,1.3381839990615845,3.742426159251105,False
KRAS,0,ok,prody_rfd3,2.418288838215811,3.242204067382741,0.29030871391296387,1.3034472465515137,3.742426159251105,False
KRAS,6,ok,prody_rfd3,2.598408474040847,3.143319482282314,0.48529353737831116,1.5327075719833374,3.742426159251105,False
KRAS,12,ok,prody_rfd3,2.357469345261705,3.2263299281693136,0.3158359229564667,1.3469648361206055,3.742426159251105,False
KRAS,26,ok,prody_rfd3,2.7157412312684155,2.9871878222621975,0.4524657428264618,1.3832334280014038,3.742426159251105,False
KRAS,22,ok,prody_rfd3,2.4718879487444023,3.1414473133841407,0.4999687969684601,1.2687187194824219,3.742426159251105,False
KRAS,21,ok,prody_rfd3,2.321054746478312,3.3284439502136567,0.39275288581848145,1.2989577054977417,3.742426159251105,False
KRAS,25,ok,prody_rfd3,2.2683760838152547,3.1159050799478396,0.5368039608001709,1.5637130737304688,3.742426159251105,False
KRAS,13,ok,prody_rfd3,2.0512275306285144,3.3393473798087125,0.3473178744316101,1.318223237991333,3.742426159251105,False
KRAS,9,ok,prody_rfd3,2.1005609215734458,3.4146320405116684,0.34056827425956726,1.3772025108337402,3.742426159251105,False
KRAS,15,ok,prody_rfd3,2.3738277372167222,3.006005837597142,0.4040864109992981,1.2673547267913818,3.742426159251105,False
KRAS,20,ok,prody_rfd3,2.5827963562487493,2.9915665976320813,0.283132940530777,1.3860987424850464,3.742426159251105,False
KRAS,18,ok,prody_rfd3,2.5357151267338764,2.924167729655206,0.2637748122215271,1.3320975303649902,3.742426159251105,False
KRAS,3,ok,prody_rfd3,1.5633350847296208,3.7020512683268145,0.2756817936897278,1.3165339231491089,3.742426159251105,False
KRAS,2,ok,prody_rfd3,2.4447503011167973,3.2132151957562645,0.37927576899528503,1.3401256799697876,3.742426159251105,False
KRAS,28,ok,prody_rfd3,2.525577048914519,2.7751501351818137,0.3184479773044586,1.2976163625717163,3.742426159251105,False
KRAS,24,ok,prody_rfd3,2.2784841730298417,3.3637284579687288,0.32774028182029724,1.2654510736465454,3.742426159251105,False
KRAS,11,ok,prody_rfd3,1.6897787872038967,3.7025093051461777,0.4598819613456726,1.3153489828109741,3.742426159251105,False
KRAS,29,ok,prody_rfd3,1.8897116838084798,3.449679265839709,0.39487433433532715,1.2816646099090576,3.742426159251105,False
cAbl,1,ok,prody_rfd3,1.2472958240186225,3.3978836610249434,0.029294995591044426,1.6770163774490356,3.4458517805005147,False
cAbl,10,ok,prody_rfd3,1.0254695174853343,3.4033736271761716,0.06597672402858734,1.6774609088897705,3.4458517805005147,False
cAbl,16,ok,prody_rfd3,1.122329002296271,3.363021696161317,0.05954867601394653,1.6832457780838013,3.4458517805005147,False
cAbl,23,ok,prody_rfd3,1.1668985173805573,3.4110165535396906,0.0632133036851883,1.68175208568573,3.4458517805005147,False
cAbl,19,ok,prody_rfd3,1.2488387851456042,3.5268787605272998,0.05925614386796951,1.681992769241333,3.4458517805005147,False
cAbl,14,ok,prody_rfd3,1.0951985960878632,3.381141626596277,0.04443958029150963,1.6817152500152588,3.4458517805005147,False
cAbl,17,ok,prody_rfd3,1.199995327369732,3.385804664088478,0.05277032032608986,1.6809996366500854,3.4458517805005147,False
cAbl,27,ok,prody_rfd3,1.2711858825302909,3.532209762784613,0.029840586706995964,1.6761184930801392,3.4458517805005147,False
cAbl,8,ok,prody_rfd3,1.13507524512638,3.3602543041321997,0.08314672857522964,1.6757920980453491,3.4458517805005147,False
cAbl,5,ok,prody_rfd3,1.01355769507921,3.3643387372903866,0.029425788670778275,1.6750651597976685,3.4458517805005147,False
cAbl,7,ok,prody_rfd3,1.165546546145601,3.406473615903311,0.051267266273498535,1.687666654586792,3.4458517805005147,False
cAbl,4,ok,prody_rfd3,1.0279137016058613,3.465295792306616,0.065205879509449,1.669062614440918,3.4458517805005147,False
cAbl,0,ok,prody_rfd3,1.1287318971015798,3.3795094287614145,0.03473009169101715,1.6801668405532837,3.4458517805005147,False
cAbl,6,ok,prody_rfd3,1.1059459803704077,3.3709402129366937,0.04915543645620346,1.672699213027954,3.4458517805005147,False
cAbl,12,ok,prody_rfd3,1.0463973785418021,3.476751404413922,0.0811292752623558,1.6757787466049194,3.4458517805005147,False
cAbl,26,ok,prody_rfd3,1.0935881003860488,3.4028584750410857,0.08798182755708694,1.6806915998458862,3.4458517805005147,False
cAbl,22,ok,prody_rfd3,1.1134289900416037,3.365669564004411,0.054424431174993515,1.6717442274093628,3.4458517805005147,False
cAbl,21,ok,prody_rfd3,1.0336611383230938,3.3562176550768785,0.049857646226882935,1.677269458770752,3.4458517805005147,False
cAbl,25,ok,prody_rfd3,1.2648202370561916,3.4063692157793786,0.05189427360892296,1.6814326047897339,3.4458517805005147,False
cAbl,13,ok,prody_rfd3,1.073838096356842,3.3466337308208103,0.04692446440458298,1.6778186559677124,3.4458517805005147,False
cAbl,9,ok,prody_rfd3,1.2349028613723314,3.403021317009702,0.04377660155296326,1.6743394136428833,3.4458517805005147,False
cAbl,15,ok,prody_rfd3,1.1549299303832208,3.396266787788143,0.058489006012678146,1.68390691280365,3.4458517805005147,False
cAbl,20,ok,prody_rfd3,1.0163427488892443,3.4868269359771715,0.08715222030878067,1.6870163679122925,3.4458517805005147,False
cAbl,18,ok,prody_rfd3,1.063281521180221,3.3971713712480556,0.029825484380126,1.6783177852630615,3.4458517805005147,False
cAbl,3,ok,prody_rfd3,1.2809404952512398,3.541274151595502,0.0333418995141983,1.684931755065918,3.4458517805005147,False
cAbl,2,ok,prody_rfd3,1.0805992023045432,3.388807716643396,0.050700441002845764,1.6787422895431519,3.4458517805005147,False
cAbl,28,ok,prody_rfd3,1.0346266413543352,3.484304659680133,0.06038238853216171,1.6869999170303345,3.4458517805005147,False
cAbl,24,ok,prody_rfd3,1.1245130188168972,3.3583893786594476,0.035161711275577545,1.6752570867538452,3.4458517805005147,False
cAbl,11,ok,prody_rfd3,1.2621171541455953,3.5242232679900094,0.02994350716471672,1.6825437545776367,3.4458517805005147,False
cAbl,29,ok,prody_rfd3,1.0269665354426136,3.3774073079479923,0.05320098623633385,1.688605785369873,3.4458517805005147,False
p53_Y220C,0,ok,apo2mol,2.6264782330976106,2.1147788071757345,2.024188756942749,1.8042106628417969,1.1600563699903448,False
p53_Y220C,1,ok,apo2mol,2.515795589373224,2.2245503574901244,1.4974206686019897,1.3565179109573364,1.1600563699903448,False
p53_Y220C,2,ok,apo2mol,1.9149330702490697,1.5419444100320707,1.5060805082321167,1.4333436489105225,1.1600563699903448,False
p53_Y220C,3,ok,apo2mol,2.053173517885794,1.8059390353660396,1.9920295476913452,1.797157883644104,1.1600563699903448,False
p53_Y220C,4,ok,apo2mol,2.395318371258976,1.8638938893634687,1.5675820112228394,1.3890228271484375,1.1600563699903448,False
p53_Y220C,5,ok,apo2mol,2.60000823582054,1.9781312609950614,1.7307374477386475,1.4771673679351807,1.1600563699903448,False
p53_Y220C,6,ok,apo2mol,1.0810990156477442,1.0731371433916612,1.6901403665542603,1.4762070178985596,1.1600563699903448,True
p53_Y220C,7,ok,apo2mol,1.72937868342842,1.3478646379872223,1.5776406526565552,1.3124984502792358,1.1600563699903448,False
p53_Y220C,8,ok,apo2mol,1.8216140307156805,1.7610377132284598,1.786360502243042,1.6314095258712769,1.1600563699903448,False
p53_Y220C,9,ok,apo2mol,2.387969759384874,1.8377896104457576,1.6623948812484741,1.5897413492202759,1.1600563699903448,False
p53_Y220C,10,ok,apo2mol,1.5819248995728559,1.2728686476087578,1.5516154766082764,1.3955907821655273,1.1600563699903448,False
p53_Y220C,11,ok,apo2mol,1.5812446302641914,1.4180151000911476,1.4467113018035889,1.3561559915542603,1.1600563699903448,False
p53_Y220C,12,ok,apo2mol,1.5244261052635302,1.3863244010880293,2.06073260307312,1.8319091796875,1.1600563699903448,False
p53_Y220C,13,ok,apo2mol,0.8792771750567423,0.9601945356780722,1.8405667543411255,1.6861743927001953,1.1600563699903448,False
p53_Y220C,14,ok,apo2mol,3.5606397266874636,2.9078126486795814,2.100615978240967,1.8723925352096558,1.1600563699903448,False
p53_Y220C,15,ok,apo2mol,3.29231455418493,2.8426764281763135,2.0905325412750244,1.821956753730774,1.1600563699903448,False
p53_Y220C,16,ok,apo2mol,1.3242917861227086,1.2112853504293672,1.949275255203247,1.803110122680664,1.1600563699903448,False
p53_Y220C,17,ok,apo2mol,4.034185400461439,3.484760531093314,1.87079656124115,1.5926865339279175,1.1600563699903448,False
p53_Y220C,18,ok,apo2mol,2.5540117309109722,2.1251590893602135,1.7497422695159912,1.4880796670913696,1.1600563699903448,False
p53_Y220C,19,ok,apo2mol,2.4005190817777655,1.989098481489369,1.6613550186157227,1.4445091485977173,1.1600563699903448,False
p53_Y220C,20,ok,apo2mol,1.6922717974263903,1.3522233762155411,1.7834628820419312,1.5988129377365112,1.1600563699903448,False
p53_Y220C,21,ok,apo2mol,2.0286627308864484,1.5577156569906634,1.7749714851379395,1.6443082094192505,1.1600563699903448,False
p53_Y220C,22,ok,apo2mol,2.3221530999336046,2.0614638374901517,1.966214895248413,1.6986223459243774,1.1600563699903448,False
p53_Y220C,23,ok,apo2mol,3.410058741506382,2.9257649521825777,1.8746237754821777,1.68464195728302,1.1600563699903448,False
p53_Y220C,24,ok,apo2mol,1.4076085063154438,1.4075527232330685,1.7892367839813232,1.614297866821289,1.1600563699903448,False
p53_Y220C,25,ok,apo2mol,1.5315576361092682,1.1651617061826063,1.2131669521331787,1.1889060735702515,1.1600563699903448,False
p53_Y220C,26,ok,apo2mol,2.719704646736207,2.1676542769998033,1.6327857971191406,1.428473949432373,1.1600563699903448,False
p53_Y220C,27,ok,apo2mol,2.759093882957289,2.2106893195696915,1.510642647743225,1.358039140701294,1.1600563699903448,False
p53_Y220C,28,ok,apo2mol,2.0817535768706246,2.1618289736968785,1.728327989578247,1.5641282796859741,1.1600563699903448,False
p53_Y220C,29,ok,apo2mol,0.8756740335426382,1.0772359379596936,1.748394250869751,1.693544626235962,1.1600563699903448,False
CB1,0,ok,apo2mol,1.2107436304075319,2.591765993537938,1.1886107921600342,1.50481379032135,2.023384393567615,False
CB1,1,ok,apo2mol,1.4149332474238943,2.321067484578609,1.2103546857833862,1.4511021375656128,2.023384393567615,False
CB1,2,ok,apo2mol,1.321359731137629,2.378994447376647,1.4633126258850098,1.798034906387329,2.023384393567615,False
CB1,3,ok,apo2mol,1.090897981367889,2.1120783914111168,1.1417591571807861,1.3890098333358765,2.023384393567615,False
CB1,4,ok,apo2mol,1.1950605570647739,2.6055055897722283,1.494460940361023,1.821956753730774,2.023384393567615,False
CB1,5,ok,apo2mol,1.6793878437503809,2.831757425100261,1.6020983457565308,1.8652416467666626,2.023384393567615,False
CB1,6,ok,apo2mol,1.138603342644048,2.315223228311859,1.600022315979004,1.918963074684143,2.023384393567615,False
CB1,7,ok,apo2mol,1.3936575764700212,2.565664603021943,1.4609358310699463,1.7749682664871216,2.023384393567615,False
CB1,8,ok,apo2mol,2.4247417624154037,3.3926394784486402,2.6057212352752686,2.7838687896728516,2.023384393567615,False
CB1,9,ok,apo2mol,1.3773897304991276,2.823609533360054,1.3741811513900757,1.809434413909912,2.023384393567615,False
CB1,10,ok,apo2mol,1.6198435179168484,2.819900197639611,1.5068777799606323,1.8196208477020264,2.023384393567615,False
CB1,11,ok,apo2mol,1.9583566260699867,2.5899797176612656,2.134159803390503,2.397488832473755,2.023384393567615,False
CB1,12,ok,apo2mol,1.005203154819043,2.3184837615744023,1.45335054397583,1.788492202758789,2.023384393567615,False
CB1,13,ok,apo2mol,2.0587155421823424,3.0493215680718513,2.3406949043273926,2.605163812637329,2.023384393567615,False
CB1,14,ok,apo2mol,1.3429506373766709,2.633159520251708,1.5213491916656494,1.8107444047927856,2.023384393567615,False
CB1,15,ok,apo2mol,2.1024169403427724,2.847572654516922,1.6237415075302124,1.9885648488998413,2.023384393567615,False
CB1,16,ok,apo2mol,1.5738443680228875,2.406515792104789,1.3774887323379517,1.6591182947158813,2.023384393567615,False
CB1,17,ok,apo2mol,1.780629010734357,2.534025511655395,1.7673366069793701,1.9638861417770386,2.023384393567615,False
CB1,18,ok,apo2mol,2.5646973986118513,3.324196856218636,2.0154600143432617,2.3149616718292236,2.023384393567615,False
CB1,19,ok,apo2mol,1.4399925220848704,2.660210901247635,1.5638693571090698,1.760694980621338,2.023384393567615,False
CB1,20,ok,apo2mol,1.7796241300183802,2.552477152707585,1.8514196872711182,2.144073963165283,2.023384393567615,False
CB1,21,ok,apo2mol,2.2876660327455025,3.2936643689733556,2.03725266456604,2.2209339141845703,2.023384393567615,False
CB1,22,ok,apo2mol,1.6593300658923926,2.6064743362859835,1.7879879474639893,2.1069281101226807,2.023384393567615,False
CB1,23,ok,apo2mol,1.4871968271310463,2.5796266217896426,1.5319559574127197,1.8087775707244873,2.023384393567615,False
CB1,24,ok,apo2mol,1.5806464945754544,2.9637274837510077,1.7158836126327515,2.008347749710083,2.023384393567615,False
CB1,25,ok,apo2mol,2.529399495420731,3.480044043007693,2.4627742767333984,2.6699466705322266,2.023384393567615,False
CB1,26,ok,apo2mol,2.0817924963278616,3.137381973061766,1.7616530656814575,2.031524181365967,2.023384393567615,False
CB1,27,ok,apo2mol,1.6166532640458726,2.8861354601259945,1.7093640565872192,1.8955427408218384,2.023384393567615,False
CB1,28,ok,apo2mol,1.6241034428170575,2.4732995460038416,1.5674879550933838,1.8265833854675293,2.023384393567615,False
CB1,29,ok,apo2mol,2.0814211334955632,2.7441277244850895,1.7078075408935547,2.014855146408081,2.023384393567615,False
KRAS,0,ok,apo2mol,1.9780760616065336,3.625515190224005,2.133523464202881,2.367530107498169,3.742426159251105,False
KRAS,1,ok,apo2mol,2.9544008919888847,3.6975645477194505,2.683781623840332,2.6381258964538574,3.742426159251105,False
KRAS,2,ok,apo2mol,2.5849951180267436,4.20950281060496,2.640825033187866,2.887749433517456,3.742426159251105,False
KRAS,3,ok,apo2mol,1.0967741331807017,4.007395856385151,1.2478200197219849,1.8170238733291626,3.742426159251105,False
KRAS,4,ok,apo2mol,2.7816903064161207,4.76077630534678,2.728792428970337,3.130589246749878,3.742426159251105,False
KRAS,5,ok,apo2mol,2.386986799451893,4.221588125719081,2.676262855529785,2.9852676391601562,3.742426159251105,False
KRAS,6,ok,apo2mol,1.9243487249828277,4.416348311120095,2.50566029548645,2.952511787414551,3.742426159251105,False
KRAS,7,ok,apo2mol,1.62345208581361,4.138304046877312,1.5004968643188477,2.0129144191741943,3.742426159251105,False
KRAS,8,ok,apo2mol,2.144460363319194,4.271879566204768,2.4134654998779297,2.8187520503997803,3.742426159251105,False
KRAS,9,ok,apo2mol,2.1219668576373634,4.0094492344865715,2.7521328926086426,2.9987406730651855,3.742426159251105,False
KRAS,10,ok,apo2mol,2.5655083840352417,4.007727204376018,2.788109302520752,3.0485901832580566,3.742426159251105,False
KRAS,11,ok,apo2mol,2.2123243124799457,3.8626404420148077,2.0543057918548584,2.275184392929077,3.742426159251105,False
KRAS,12,ok,apo2mol,1.5322354296362448,4.045239410886484,1.2947653532028198,1.8282183408737183,3.742426159251105,False
KRAS,13,ok,apo2mol,1.3301861297786104,4.230094065672152,1.3094022274017334,2.010676860809326,3.742426159251105,False
KRAS,14,ok,apo2mol,1.8958290295674307,4.3203360540373,2.4760489463806152,2.7811267375946045,3.742426159251105,False
KRAS,15,ok,apo2mol,3.2763170542706543,3.594183472971294,2.477459192276001,2.651658296585083,3.742426159251105,False
KRAS,16,ok,apo2mol,3.0682768037045856,4.662544064694739,2.7233786582946777,3.059302806854248,3.742426159251105,False
KRAS,17,ok,apo2mol,3.0008774535308,4.56769550195134,3.1915154457092285,3.452299118041992,3.742426159251105,False
KRAS,18,ok,apo2mol,1.754180254985738,3.6558318959276908,2.0117907524108887,2.3712270259857178,3.742426159251105,False
KRAS,19,ok,apo2mol,3.099592279453941,4.456973393139326,3.410311222076416,3.50004506111145,3.742426159251105,False
KRAS,20,ok,apo2mol,1.8466197919657932,4.246464704047478,1.6977529525756836,2.232990264892578,3.742426159251105,False
KRAS,21,ok,apo2mol,2.5223075230680205,3.932526218518899,2.626288652420044,2.8476502895355225,3.742426159251105,False
KRAS,22,ok,apo2mol,2.530671892926886,4.554385494764173,2.488788366317749,2.9354255199432373,3.742426159251105,False
KRAS,23,ok,apo2mol,1.229835906628503,4.205926282917611,1.2360045909881592,1.8872750997543335,3.742426159251105,False
KRAS,24,ok,apo2mol,0.9343096009449331,3.7729817867428355,1.2195042371749878,1.728338360786438,3.742426159251105,False
KRAS,25,ok,apo2mol,2.78675662505307,3.735408440562196,2.4617700576782227,2.766547203063965,3.742426159251105,False
KRAS,26,ok,apo2mol,2.479818819476149,4.118826805301485,2.632457733154297,2.9871339797973633,3.742426159251105,False
KRAS,27,ok,apo2mol,2.8054701333396754,4.3019826996714485,2.8999533653259277,3.1648337841033936,3.742426159251105,False
KRAS,28,ok,apo2mol,2.4163855589425833,4.303402444900984,2.604356050491333,2.9547438621520996,3.742426159251105,False
KRAS,29,ok,apo2mol,2.59211200991233,4.452126348642855,2.689789056777954,3.0649056434631348,3.742426159251105,False
cAbl,0,ok,apo2mol,1.303519430299758,3.6058274596200657,1.2015537023544312,2.035982608795166,3.4458517805005147,False
cAbl,1,ok,apo2mol,1.677776996849099,3.6957177298570416,1.637144923210144,2.288553237915039,3.4458517805005147,False
cAbl,2,ok,apo2mol,1.1738792809608758,3.424215210788292,1.249394416809082,2.0307345390319824,3.4458517805005147,False
cAbl,3,ok,apo2mol,1.7382125805281103,3.665328288293436,1.6364234685897827,2.1160175800323486,3.4458517805005147,False
cAbl,4,ok,apo2mol,1.2853912898104085,3.6301875701768154,1.6213701963424683,2.359400510787964,3.4458517805005147,False
cAbl,5,ok,apo2mol,1.3888985197805575,3.4750576662014563,1.235190987586975,1.9041115045547485,3.4458517805005147,False
cAbl,6,ok,apo2mol,1.9024604176668354,3.734654255929973,1.5869667530059814,2.125279426574707,3.4458517805005147,False
cAbl,7,ok,apo2mol,2.157277771359176,3.927464046585257,2.0336077213287354,2.542217254638672,3.4458517805005147,False
cAbl,8,ok,apo2mol,1.0900587840873932,3.5050877534600837,1.0812654495239258,1.9336451292037964,3.4458517805005147,False
cAbl,9,ok,apo2mol,1.1392581082930586,3.608408526411843,1.1684447526931763,1.894628643989563,3.4458517805005147,False
cAbl,10,ok,apo2mol,1.3395300754206116,3.6044560591352695,1.3648121356964111,2.1543517112731934,3.4458517805005147,False
cAbl,11,ok,apo2mol,1.9290554207045791,3.8168607136359785,1.62007474899292,2.156888961791992,3.4458517805005147,False
cAbl,12,ok,apo2mol,1.2213219927220957,3.640724074119087,1.2378205060958862,2.039642333984375,3.4458517805005147,False
cAbl,13,ok,apo2mol,1.144922659982217,3.657896409941449,1.25583016872406,2.100787401199341,3.4458517805005147,False
cAbl,14,ok,apo2mol,1.581168349583906,3.9726550615859035,1.579276204109192,2.2954087257385254,3.4458517805005147,False
cAbl,15,ok,apo2mol,2.016015476036374,3.9221344022714333,1.8637019395828247,2.5780787467956543,3.4458517805005147,False
cAbl,16,ok,apo2mol,1.8508491676698244,3.622499564736262,1.5510395765304565,2.0523064136505127,3.4458517805005147,False
cAbl,17,ok,apo2mol,1.174856271103668,3.621091118291034,1.2665988206863403,2.1219682693481445,3.4458517805005147,False
cAbl,18,ok,apo2mol,1.4302858086139714,3.5562569424249584,1.3769556283950806,2.142017364501953,3.4458517805005147,False
cAbl,19,ok,apo2mol,2.111639104620225,3.6096126135970628,1.8017902374267578,2.2469379901885986,3.4458517805005147,False
cAbl,20,ok,apo2mol,1.6531047541426296,3.827153674116959,1.5239307880401611,2.223261833190918,3.4458517805005147,False
cAbl,21,ok,apo2mol,1.8117274089588702,3.9124947063120747,1.4957342147827148,2.129603147506714,3.4458517805005147,False
cAbl,22,ok,apo2mol,1.0245321176417275,3.453269604436207,1.2072373628616333,1.8313779830932617,3.4458517805005147,False
cAbl,23,ok,apo2mol,1.3783129340938136,3.717740980262691,1.3351354598999023,2.233604669570923,3.4458517805005147,False
cAbl,24,ok,apo2mol,1.720578051921286,3.8303715888814134,1.7315826416015625,2.3884263038635254,3.4458517805005147,False
cAbl,25,ok,apo2mol,1.7371273500878093,3.8401294254376004,1.3853766918182373,2.1125426292419434,3.4458517805005147,False
cAbl,26,ok,apo2mol,2.1255621946797874,3.5545390017033585,1.921330213546753,2.3703858852386475,3.4458517805005147,False
cAbl,27,ok,apo2mol,1.3724554053272404,3.7488200040222344,1.5101075172424316,2.1072592735290527,3.4458517805005147,False
cAbl,28,ok,apo2mol,1.3122147650804883,3.4869371659966704,1.198616862297058,1.9127321243286133,3.4458517805005147,False
cAbl,29,ok,apo2mol,1.980207456357349,4.012926983769865,1.6921942234039307,2.359558343887329,3.4458517805005147,False
HIF2alpha,0,ok,apo2mol,1.0544733026206996,2.113252894598546,1.1081100702285767,1.199143886566162,1.86542516135414,False
HIF2alpha,1,ok,apo2mol,1.0748367905243958,2.27911423292176,1.320006012916565,1.4007439613342285,1.86542516135414,False
HIF2alpha,2,ok,apo2mol,0.8915599355071319,2.051759568442186,1.0803308486938477,1.0738588571548462,1.86542516135414,False
HIF2alpha,3,ok,apo2mol,0.9111712921110768,1.9401057778848874,1.2968087196350098,1.380431056022644,1.86542516135414,False
HIF2alpha,4,ok,apo2mol,1.0832253182188119,2.2991988809395107,1.0077874660491943,1.09136164188385,1.86542516135414,False
HIF2alpha,5,ok,apo2mol,1.2778256045710996,2.2902938892586135,1.2651150226593018,1.3763501644134521,1.86542516135414,False
HIF2alpha,6,ok,apo2mol,1.066895325808565,2.096787863151222,0.9830738306045532,0.9589372277259827,1.86542516135414,False
HIF2alpha,7,ok,apo2mol,1.3791687751208397,2.011199693268643,0.9953765869140625,0.9472818374633789,1.86542516135414,False
HIF2alpha,8,ok,apo2mol,1.5306454111544068,2.526590399115284,1.2077434062957764,1.302844762802124,1.86542516135414,False
HIF2alpha,9,ok,apo2mol,1.33311448685398,2.4837636775302685,1.2941551208496094,1.2660515308380127,1.86542516135414,False
HIF2alpha,10,ok,apo2mol,1.7766992091955394,2.39952110969832,1.3922818899154663,1.3675802946090698,1.86542516135414,False
HIF2alpha,11,ok,apo2mol,0.46084718483933973,1.7612703950626267,1.236304759979248,1.1829965114593506,1.86542516135414,False
HIF2alpha,12,ok,apo2mol,0.3709991111319154,1.8648049277931236,0.8165911436080933,0.9780117869377136,1.86542516135414,False
HIF2alpha,13,ok,apo2mol,2.789536721654684,3.082741207968322,1.4295353889465332,1.3724346160888672,1.86542516135414,False
HIF2alpha,14,ok,apo2mol,0.7100355787421967,2.183946272059135,0.8567887544631958,0.9859788417816162,1.86542516135414,False
HIF2alpha,15,ok,apo2mol,1.7786699389289866,2.1672188470931464,1.2323862314224243,1.2211837768554688,1.86542516135414,False
HIF2alpha,16,ok,apo2mol,1.081385273149309,1.8778416328683525,1.041264533996582,1.028273582458496,1.86542516135414,False
HIF2alpha,17,ok,apo2mol,0.6917978292600193,2.070827332148309,0.997385561466217,1.0531964302062988,1.86542516135414,False
HIF2alpha,18,ok,apo2mol,1.3873170138219078,2.4709152405378676,0.765794575214386,0.7719107866287231,1.86542516135414,False
HIF2alpha,19,ok,apo2mol,0.7608927973628796,2.1008572125669733,1.072751760482788,1.045927882194519,1.86542516135414,False
HIF2alpha,20,ok,apo2mol,1.6865337415443127,2.358821576623946,1.0691462755203247,1.017506718635559,1.86542516135414,False
HIF2alpha,21,ok,apo2mol,1.3540507242501791,2.087122205708736,1.3653045892715454,1.3604153394699097,1.86542516135414,False
HIF2alpha,22,ok,apo2mol,1.7837578035115753,2.4803063260196336,1.4392273426055908,1.4135255813598633,1.86542516135414,False
HIF2alpha,23,ok,apo2mol,1.5158171865083163,2.2450609982290715,1.0907304286956787,1.0956904888153076,1.86542516135414,False
HIF2alpha,24,ok,apo2mol,0.743812130310658,2.085449644292293,0.8190980553627014,0.9046065211296082,1.86542516135414,False
HIF2alpha,25,ok,apo2mol,1.507769525296566,2.2095772700544574,1.4882127046585083,1.4830467700958252,1.86542516135414,False
HIF2alpha,26,ok,apo2mol,0.8735018044360726,2.0629802106289374,1.0606672763824463,1.033396601676941,1.86542516135414,False
HIF2alpha,27,ok,apo2mol,0.7312207852837519,2.0063388164399076,1.1281781196594238,1.1477885246276855,1.86542516135414,False
HIF2alpha,28,ok,apo2mol,1.075880358490915,1.780271503063571,0.9074980020523071,0.8446086645126343,1.86542516135414,False
HIF2alpha,29,ok,apo2mol,0.8647250629981151,1.8483581285157935,0.6714788675308228,0.7751622200012207,1.86542516135414,False
HIV_RT,0,ok,apo2mol,2.055791649058469,3.2070680771018107,1.6382118463516235,1.9542887210845947,3.055562157269878,False
HIV_RT,1,ok,apo2mol,2.404970576142443,3.635499564141665,2.027656316757202,2.5300838947296143,3.055562157269878,False
HIV_RT,2,ok,apo2mol,1.8819222311156727,3.0441216542204046,1.8736740350723267,2.0792465209960938,3.055562157269878,False
HIV_RT,3,ok,apo2mol,1.7291064786618884,3.2105660066556383,1.5230878591537476,1.7633448839187622,3.055562157269878,False
HIV_RT,4,ok,apo2mol,2.218479117065496,3.568919239927092,1.8090931177139282,2.1421263217926025,3.055562157269878,False
HIV_RT,5,ok,apo2mol,1.9500994334816517,3.0837148290664786,1.371293306350708,1.679770588874817,3.055562157269878,False
HIV_RT,6,ok,apo2mol,1.8224200906717627,3.1384125881485336,1.6733694076538086,1.6785638332366943,3.055562157269878,False
HIV_RT,7,ok,apo2mol,1.7837127542975866,3.1750718769111574,1.7011103630065918,1.8985295295715332,3.055562157269878,False
HIV_RT,8,ok,apo2mol,2.044960460534048,3.465984114674894,1.7799872159957886,2.1006546020507812,3.055562157269878,False
HIV_RT,9,ok,apo2mol,1.7067283968212903,3.051176216319576,1.649393916130066,1.8170846700668335,3.055562157269878,False
HIV_RT,10,ok,apo2mol,1.9343996835623374,3.3702695291847853,1.721208095550537,1.82048761844635,3.055562157269878,False
HIV_RT,11,ok,apo2mol,1.7320232789393952,3.090668534097912,1.7467890977859497,1.8765037059783936,3.055562157269878,False
HIV_RT,12,ok,apo2mol,2.4617798667625763,3.240184826045532,2.0720221996307373,2.2602972984313965,3.055562157269878,False
HIV_RT,13,ok,apo2mol,1.887336247922799,3.0894952089647836,1.6991305351257324,1.7409744262695312,3.055562157269878,False
HIV_RT,14,ok,apo2mol,1.5428967587477662,3.171353552975218,1.7448400259017944,1.7417128086090088,3.055562157269878,False
HIV_RT,15,ok,apo2mol,2.837758478134379,3.6223013147611254,2.268773078918457,2.5618245601654053,3.055562157269878,False
HIV_RT,16,ok,apo2mol,1.9412167290187266,3.241343888863728,1.8327782154083252,2.033208131790161,3.055562157269878,False
HIV_RT,17,ok,apo2mol,1.8020391287362902,2.685039530263804,1.6346772909164429,1.8198881149291992,3.055562157269878,False
HIV_RT,18,ok,apo2mol,2.640261659584457,3.590090143735872,2.4442973136901855,2.201724052429199,3.055562157269878,False
HIV_RT,19,ok,apo2mol,1.7208162744291458,3.033285633689636,1.5487802028656006,1.7591400146484375,3.055562157269878,False
HIV_RT,20,ok,apo2mol,1.6613930714911798,3.055839158082832,1.3465036153793335,1.7262895107269287,3.055562157269878,False
HIV_RT,21,ok,apo2mol,1.7832052793516588,3.420985397231487,1.5420094728469849,2.008333921432495,3.055562157269878,False
HIV_RT,22,ok,apo2mol,1.8995015920056542,3.37326542851246,1.6714437007904053,1.980574369430542,3.055562157269878,False
HIV_RT,23,ok,apo2mol,1.832678951800768,3.1844666548029625,1.7470643520355225,2.156867742538452,3.055562157269878,False
HIV_RT,24,ok,apo2mol,1.9041030862755322,2.947190778737449,1.4604073762893677,1.7005996704101562,3.055562157269878,False
HIV_RT,25,ok,apo2mol,1.8754816945845323,3.1200227564574,1.543785572052002,1.9046378135681152,3.055562157269878,False
HIV_RT,26,ok,apo2mol,1.744541806932356,3.106602709356783,1.510178565979004,2.08916974067688,3.055562157269878,False
HIV_RT,27,ok,apo2mol,1.9200330411272508,3.130958389810276,1.5737152099609375,1.983596682548523,3.055562157269878,False
HIV_RT,28,ok,apo2mol,2.108127006372752,3.2277771890239704,1.7183375358581543,1.9257276058197021,3.055562157269878,False
HIV_RT,29,ok,apo2mol,1.8565233729852189,2.8010475313856964,1.4617058038711548,1.6497573852539062,3.055562157269878,False
HIV1_CA,0,ok,apo2mol,1.1807598211557695,1.8550629753214802,1.1706385612487793,1.2109163999557495,1.3207135415934947,False
HIV1_CA,1,ok,apo2mol,1.2362847128891927,1.6339109580137614,1.130333662033081,1.1530425548553467,1.3207135415934947,False
HIV1_CA,2,ok,apo2mol,1.3702757624214743,1.7629895491573673,1.3840174674987793,1.464908242225647,1.3207135415934947,False
HIV1_CA,3,ok,apo2mol,0.8900996512203069,1.590787640183978,0.9156253933906555,0.9966471791267395,1.3207135415934947,False
HIV1_CA,4,ok,apo2mol,2.326725242427561,2.710425405173029,2.301166534423828,2.3971872329711914,1.3207135415934947,False
HIV1_CA,5,ok,apo2mol,0.6537821350239158,1.3372078668633585,1.4175872802734375,1.4440605640411377,1.3207135415934947,False
HIV1_CA,6,ok,apo2mol,0.7780347869680018,1.4384425293694099,0.8459621071815491,0.9195451736450195,1.3207135415934947,False
HIV1_CA,7,ok,apo2mol,0.9433923421135996,1.4763947783518458,1.0282515287399292,1.0302573442459106,1.3207135415934947,False
HIV1_CA,8,ok,apo2mol,2.144441764491663,2.7780044802239066,1.3876068592071533,1.4815753698349,1.3207135415934947,False
HIV1_CA,9,ok,apo2mol,2.1795814941102902,2.352980143093502,1.547668695449829,1.5309995412826538,1.3207135415934947,False
HIV1_CA,10,ok,apo2mol,0.820456678849423,1.5955930869299675,0.9243050813674927,0.9642303586006165,1.3207135415934947,False
HIV1_CA,11,ok,apo2mol,0.9453737853810488,1.6579356063242874,1.4769642353057861,1.6044520139694214,1.3207135415934947,False
HIV1_CA,12,ok,apo2mol,0.9874883862978098,1.625247414819158,0.8705126047134399,0.9338470101356506,1.3207135415934947,False
HIV1_CA,13,ok,apo2mol,1.444090290342885,1.6204706958209827,1.8165415525436401,1.8359594345092773,1.3207135415934947,False
HIV1_CA,14,ok,apo2mol,0.8470871397284109,1.3573524365857623,0.968782901763916,1.016547679901123,1.3207135415934947,False
HIV1_CA,15,ok,apo2mol,1.1985886168085096,1.8120716217216906,1.440241813659668,1.4851435422897339,1.3207135415934947,False
HIV1_CA,16,ok,apo2mol,1.70057644638716,2.5666281676604625,1.1012777090072632,1.1342107057571411,1.3207135415934947,False
HIV1_CA,17,ok,apo2mol,1.642474977266231,2.227522460542643,1.193624496459961,1.2963682413101196,1.3207135415934947,False
HIV1_CA,18,ok,apo2mol,1.4485176357801717,1.5707628607014235,1.2887617349624634,1.3591437339782715,1.3207135415934947,False
HIV1_CA,19,ok,apo2mol,1.178892090621597,1.6644119269931388,1.1732474565505981,1.2210263013839722,1.3207135415934947,False
HIV1_CA,20,ok,apo2mol,1.4116788084310417,2.0095650247700436,1.6736470460891724,1.712994933128357,1.3207135415934947,False
HIV1_CA,21,ok,apo2mol,1.177710352073265,1.547837562644802,1.6748509407043457,1.7125306129455566,1.3207135415934947,False
HIV1_CA,22,ok,apo2mol,1.0477319249943133,1.6971119414922418,1.7899352312088013,1.8292967081069946,1.3207135415934947,False
HIV1_CA,23,ok,apo2mol,0.7909697928841155,1.4745541324330906,1.1262372732162476,1.1193305253982544,1.3207135415934947,False
HIV1_CA,24,ok,apo2mol,1.6308540308617945,1.8062157556909497,0.9254030585289001,0.9352813959121704,1.3207135415934947,False
HIV1_CA,25,ok,apo2mol,1.0083397562962617,1.8164876283853817,0.8947288393974304,0.9489908218383789,1.3207135415934947,False
HIV1_CA,26,ok,apo2mol,1.1618566699557467,1.7089949466438896,1.2806124687194824,1.350311040878296,1.3207135415934947,False
HIV1_CA,27,ok,apo2mol,1.1876784073510485,1.9421873919731718,1.1944503784179688,1.2109769582748413,1.3207135415934947,False
HIV1_CA,28,ok,apo2mol,1.513196487429269,1.8644397190131612,1.5418013334274292,1.6532267332077026,1.3207135415934947,False
HIV1_CA,29,ok,apo2mol,0.9162816915427793,1.577680938656149,1.2945518493652344,1.3127521276474,1.3207135415934947,False
Menin,0,ok,apo2mol,2.0459410406101433,2.1527383968799834,1.4950129985809326,1.4407639503479004,1.2468617606125678,False
Menin,1,ok,apo2mol,1.3616774840208277,1.8271392404139233,1.4546170234680176,1.490409016609192,1.2468617606125678,False
Menin,2,ok,apo2mol,1.2535746991803343,1.608701674272605,1.6407967805862427,1.6059426069259644,1.2468617606125678,False
Menin,3,ok,apo2mol,1.651408886883281,2.0195009947689497,1.5879420042037964,1.5528981685638428,1.2468617606125678,False
Menin,4,ok,apo2mol,1.576799778555043,1.7698449978048119,1.5556961297988892,1.5635766983032227,1.2468617606125678,False
Menin,5,ok,apo2mol,1.2668819365144321,1.4983671552818627,1.395649790763855,1.3787200450897217,1.2468617606125678,False
Menin,6,ok,apo2mol,1.3535597826700911,1.3982844040192628,1.509598970413208,1.5018130540847778,1.2468617606125678,False
Menin,7,ok,apo2mol,1.4523985690896029,1.8529631369031352,1.5680387020111084,1.5704156160354614,1.2468617606125678,False
Menin,8,ok,apo2mol,1.7202675269641248,1.8919272146633752,1.5254242420196533,1.5018713474273682,1.2468617606125678,False
Menin,9,ok,apo2mol,2.032728601095511,2.1950455289209985,1.4286338090896606,1.4179009199142456,1.2468617606125678,False
Menin,10,ok,apo2mol,1.2167212535137293,1.4181384810056805,1.1493144035339355,1.175377368927002,1.2468617606125678,False
Menin,11,ok,apo2mol,1.9126476709709832,1.8788231381354392,1.8039501905441284,1.8028202056884766,1.2468617606125678,False
Menin,12,ok,apo2mol,1.7359090646852526,1.8453627844851563,1.468425989151001,1.4499472379684448,1.2468617606125678,False
Menin,13,ok,apo2mol,1.772453877886221,1.8951034142978944,1.3050978183746338,1.3079547882080078,1.2468617606125678,False
Menin,14,ok,apo2mol,2.2273286418669773,2.305307542342186,1.5615724325180054,1.4294073581695557,1.2468617606125678,False
Menin,15,ok,apo2mol,1.512494490910496,1.5843871106770253,2.366668462753296,2.36468768119812,1.2468617606125678,False
Menin,16,ok,apo2mol,2.366684168663975,2.4820521823078683,1.4750564098358154,1.412241816520691,1.2468617606125678,False
Menin,17,ok,apo2mol,1.3812366739107291,1.863959859600147,1.0480170249938965,1.0233006477355957,1.2468617606125678,False
Menin,18,ok,apo2mol,1.9069613115627555,2.0418456229790896,1.380494236946106,1.403704285621643,1.2468617606125678,False
Menin,19,ok,apo2mol,2.0659645343997224,2.0368551694158117,1.74666428565979,1.6541575193405151,1.2468617606125678,False
Menin,20,ok,apo2mol,1.2006170062293557,1.5846274868438488,1.834649682044983,1.801853895187378,1.2468617606125678,False
Menin,21,ok,apo2mol,1.7203308154195107,2.237402071175726,1.5270634889602661,1.5148268938064575,1.2468617606125678,False
Menin,22,ok,apo2mol,1.2523083518137796,1.383267982924562,1.210555911064148,1.1886091232299805,1.2468617606125678,False
Menin,23,ok,apo2mol,1.9292945488351907,1.8982584048592153,1.5365872383117676,1.497107744216919,1.2468617606125678,False
Menin,24,ok,apo2mol,1.4672598608836074,1.7782078107314634,1.328453540802002,1.3594753742218018,1.2468617606125678,False
Menin,25,ok,apo2mol,1.456590355649921,1.8991213482096894,1.2595688104629517,1.2549470663070679,1.2468617606125678,False
Menin,26,ok,apo2mol,2.3770644808984116,2.423743516507949,1.8037382364273071,1.7438058853149414,1.2468617606125678,False
Menin,27,ok,apo2mol,1.5854876816519865,1.8257032341408181,1.1903605461120605,1.2026677131652832,1.2468617606125678,False
Menin,28,ok,apo2mol,0.8848945713619402,1.3112845469561278,1.3607256412506104,1.343860387802124,1.2468617606125678,False
Menin,29,ok,apo2mol,2.06907554311987,2.295952192998862,1.431394338607788,1.4005932807922363,1.2468617606125678,False
GCGR,0,ok,apo2mol,1.2562564680077812,5.865130930669354,1.2470442056655884,4.80494499206543,5.701045356786475,False
GCGR,1,ok,apo2mol,1.4074721872559046,5.757781551111596,1.3646425008773804,4.763190269470215,5.701045356786475,False
GCGR,2,ok,apo2mol,1.2387599148153423,5.700659517070652,1.2422815561294556,4.704836845397949,5.701045356786475,False
GCGR,3,ok,apo2mol,1.4019057531515655,5.97694211960416,1.3266193866729736,4.772468090057373,5.701045356786475,False
GCGR,4,ok,apo2mol,1.1472558669570447,5.6962213835062325,1.1076701879501343,4.587983131408691,5.701045356786475,False
GCGR,5,ok,apo2mol,1.207878701913533,5.878472238154064,1.213032841682434,4.891849994659424,5.701045356786475,False
GCGR,6,ok,apo2mol,1.3198362347272514,5.907626739952954,1.3460417985916138,4.798281669616699,5.701045356786475,False
GCGR,7,ok,apo2mol,1.2509278798324146,5.892945150071571,1.1999653577804565,4.817775726318359,5.701045356786475,False
GCGR,8,ok,apo2mol,1.5905041196409029,5.894990487638569,1.5375686883926392,4.88314962387085,5.701045356786475,False
GCGR,9,ok,apo2mol,1.1751784625425363,5.845938984340874,1.0967347621917725,4.739084243774414,5.701045356786475,False
GCGR,10,ok,apo2mol,1.3820587623384828,5.8887487123181,1.3908307552337646,4.768977165222168,5.701045356786475,False
GCGR,11,ok,apo2mol,1.405714326894739,5.932517305468813,1.4765253067016602,4.826207160949707,5.701045356786475,False
GCGR,12,ok,apo2mol,0.9897696518908572,5.815811186927198,0.9929454922676086,4.671874046325684,5.701045356786475,False
GCGR,13,ok,apo2mol,1.4926377669736042,5.849454510534666,1.4558041095733643,4.719827175140381,5.701045356786475,False
GCGR,14,ok,apo2mol,1.3558588743265114,5.747806045490231,1.4688996076583862,4.6691083908081055,5.701045356786475,False
GCGR,15,ok,apo2mol,1.3100779550586175,5.7611012490728015,1.1603751182556152,4.632962703704834,5.701045356786475,False
GCGR,16,ok,apo2mol,1.3481193610105775,5.882625154940146,1.3147820234298706,4.800143241882324,5.701045356786475,False
GCGR,17,ok,apo2mol,1.3113491676747715,5.579454069003859,1.289474606513977,4.528009414672852,5.701045356786475,False
GCGR,18,ok,apo2mol,1.210173545688085,5.7081764514360795,1.153022289276123,4.622959613800049,5.701045356786475,False
GCGR,19,ok,apo2mol,1.5830909137122804,5.871940778783974,1.546297311782837,4.795936107635498,5.701045356786475,False
GCGR,20,ok,apo2mol,1.6219243597951911,5.80646086850129,1.6614264249801636,4.7863335609436035,5.701045356786475,False
GCGR,21,ok,apo2mol,1.2008884578946284,5.824634910801528,1.1929696798324585,4.84006404876709,5.701045356786475,False
GCGR,22,ok,apo2mol,1.4069984922979168,5.968606543548176,1.387289047241211,4.7595062255859375,5.701045356786475,False
GCGR,23,ok,apo2mol,1.654927659075024,5.786791752802851,1.5603129863739014,4.747922897338867,5.701045356786475,False
GCGR,24,ok,apo2mol,1.2096302865928708,6.016785498420399,1.2625839710235596,4.904046535491943,5.701045356786475,False
GCGR,25,ok,apo2mol,1.3281441717186386,5.9744148524411065,1.3418431282043457,4.957207679748535,5.701045356786475,False
GCGR,26,ok,apo2mol,1.5528440482897505,5.9136550828343655,1.4479438066482544,4.819969177246094,5.701045356786475,False
GCGR,27,ok,apo2mol,1.3162120584045167,5.747994089361941,1.2377015352249146,4.6992506980896,5.701045356786475,False
GCGR,28,ok,apo2mol,1.4181210622133296,5.930900239844122,1.365803599357605,4.770910739898682,5.701045356786475,False
GCGR,29,ok,apo2mol,1.3536753435625497,5.852945906194064,1.3219404220581055,4.796487808227539,5.701045356786475,False
THSR,0,ok,apo2mol,1.697911544391226,1.885672120053082,1.7909190654754639,1.838897943496704,1.616455574028625,False
THSR,1,ok,apo2mol,1.2831710908499512,1.9875921475635954,1.125105381011963,1.2684234380722046,1.616455574028625,False
THSR,2,ok,apo2mol,1.8975605409873757,2.531736959221198,1.9719257354736328,2.014878749847412,1.616455574028625,False
THSR,3,ok,apo2mol,1.568850463805251,2.3036978920036386,1.5326323509216309,1.6925454139709473,1.616455574028625,False
THSR,4,ok,apo2mol,1.6466395221503587,2.6770737088458687,1.4535901546478271,1.5414478778839111,1.616455574028625,False
THSR,5,ok,apo2mol,1.9556083596302287,2.9342787708424667,1.4168657064437866,1.5007678270339966,1.616455574028625,False
THSR,6,ok,apo2mol,1.7165071877246842,2.3944115203706553,1.327327847480774,1.4194999933242798,1.616455574028625,False
THSR,7,ok,apo2mol,1.3495172189368216,2.0839613941021824,1.517418622970581,1.698676347732544,1.616455574028625,False
THSR,8,ok,apo2mol,1.6718534243791476,2.308588898747289,1.7852158546447754,1.7784905433654785,1.616455574028625,False
THSR,9,ok,apo2mol,1.5332141178677139,2.172453417138324,1.4981451034545898,1.4955823421478271,1.616455574028625,False
THSR,10,ok,apo2mol,1.3975167165855025,1.8741755572183172,1.5900017023086548,1.6654216051101685,1.616455574028625,False
THSR,11,ok,apo2mol,1.6211154713558658,1.8802075963506928,1.7040694952011108,1.7195799350738525,1.616455574028625,False
THSR,12,ok,apo2mol,2.282108219815555,2.5542111774947336,1.6089164018630981,1.682554006576538,1.616455574028625,False
THSR,13,ok,apo2mol,1.9223729503030145,2.7388349598568564,1.5084267854690552,1.5895918607711792,1.616455574028625,False
THSR,14,ok,apo2mol,1.2590455458690275,2.040899676625027,1.4039722681045532,1.5345311164855957,1.616455574028625,False
THSR,15,ok,apo2mol,1.538377587843089,2.0485820301240407,1.5665326118469238,1.633500337600708,1.616455574028625,False
THSR,16,ok,apo2mol,1.8344391264513007,2.639389714546901,1.387412428855896,1.4900130033493042,1.616455574028625,False
THSR,17,ok,apo2mol,1.3612579562257439,1.6977982118940245,2.101857900619507,2.1259841918945312,1.616455574028625,False
THSR,18,ok,apo2mol,1.6216784549669894,1.874276447071621,1.3352619409561157,1.4337074756622314,1.616455574028625,False
THSR,19,ok,apo2mol,1.1163428254527457,1.4916075328236185,1.3491374254226685,1.4025717973709106,1.616455574028625,False
THSR,20,ok,apo2mol,0.9347364988603045,1.9631344950920167,1.2088673114776611,1.3581544160842896,1.616455574028625,False
THSR,21,ok,apo2mol,1.617413464743514,2.2584090830211454,1.6036102771759033,1.7358946800231934,1.616455574028625,False
THSR,22,ok,apo2mol,2.803730229882874,2.7787269747461996,1.7470186948776245,1.7147245407104492,1.616455574028625,False
THSR,23,ok,apo2mol,2.061207604246086,1.8933798057636104,1.4624483585357666,1.5345072746276855,1.616455574028625,False
THSR,24,ok,apo2mol,1.005175798157456,2.0421094030106914,1.5052344799041748,1.552224040031433,1.616455574028625,False
THSR,25,ok,apo2mol,1.347165230132014,1.7788222461344256,1.4682085514068604,1.631427526473999,1.616455574028625,False
THSR,26,ok,apo2mol,1.4138474901475662,2.390760292302383,1.144823670387268,1.2796344757080078,1.616455574028625,False
THSR,27,ok,apo2mol,1.4111855776001416,1.7255716460403387,1.4944292306900024,1.5925368070602417,1.616455574028625,False
THSR,28,ok,apo2mol,1.3620498038753948,2.1675679816971014,1.354739785194397,1.4895963668823242,1.616455574028625,False
THSR,29,ok,apo2mol,1.5437395375098302,2.2394269384780983,1.3955821990966797,1.5092185735702515,1.616455574028625,False
p53_Y220C__4AGQ,0,ok,apo2mol,0.5784411946477747,1.3087994574457418,1.5727660655975342,1.4955817461013794,1.1180275303614244,False
p53_Y220C__4AGQ,1,ok,apo2mol,1.7602592563415573,2.1108616025772684,2.08370304107666,1.9387085437774658,1.1180275303614244,False
p53_Y220C__4AGQ,2,ok,apo2mol,2.2825569246249215,2.5162467560514736,2.1925549507141113,2.16556978225708,1.1180275303614244,False
p53_Y220C__4AGQ,3,ok,apo2mol,1.3650000936606956,1.8875244370018147,2.266824960708618,2.187350034713745,1.1180275303614244,False
p53_Y220C__4AGQ,4,ok,apo2mol,1.1040350809032407,1.5512121918889072,1.8364588022232056,1.790999412536621,1.1180275303614244,False
p53_Y220C__4AGQ,5,ok,apo2mol,1.4176965277297626,1.898465918272749,2.136234760284424,2.032465696334839,1.1180275303614244,False
p53_Y220C__4AGQ,6,ok,apo2mol,0.8235056484166675,1.3521195641030535,1.9753148555755615,1.881885051727295,1.1180275303614244,False
p53_Y220C__4AGQ,7,ok,apo2mol,1.1918680836986044,1.7083180301703014,1.5970323085784912,1.5563359260559082,1.1180275303614244,False
p53_Y220C__4AGQ,8,ok,apo2mol,0.6606667254794673,1.4331915125172,2.088244676589966,1.9867167472839355,1.1180275303614244,False
p53_Y220C__4AGQ,9,ok,apo2mol,1.3228783846888448,1.707544993334582,1.5841346979141235,1.5745970010757446,1.1180275303614244,False
p53_Y220C__4AGQ,10,ok,apo2mol,1.5531087227034455,2.0486066808439705,2.1232407093048096,2.000065565109253,1.1180275303614244,False
p53_Y220C__4AGQ,11,ok,apo2mol,0.8492825084489649,1.4251079126479598,2.396092653274536,2.2898638248443604,1.1180275303614244,False
p53_Y220C__4AGQ,12,ok,apo2mol,0.8638720275599407,1.3782523691666524,2.0354506969451904,1.9188544750213623,1.1180275303614244,False
p53_Y220C__4AGQ,13,ok,apo2mol,1.1349651460475538,1.585033011176503,1.8982635736465454,1.8224717378616333,1.1180275303614244,False
p53_Y220C__4AGQ,14,ok,apo2mol,1.0693413522163953,1.4913484758147144,2.341487169265747,2.2479825019836426,1.1180275303614244,False
p53_Y220C__4AGQ,15,ok,apo2mol,1.46977193696273,1.9844816198551973,2.4224259853363037,2.3737151622772217,1.1180275303614244,False
p53_Y220C__4AGQ,16,ok,apo2mol,1.96040030314742,2.26042894866935,2.1901586055755615,2.0624866485595703,1.1180275303614244,False
p53_Y220C__4AGQ,17,ok,apo2mol,0.7604031446515009,1.4208748022856301,1.870697021484375,1.7371776103973389,1.1180275303614244,False
p53_Y220C__4AGQ,18,ok,apo2mol,1.1725007048879847,1.7536756877965636,2.322814464569092,2.16542911529541,1.1180275303614244,False
p53_Y220C__4AGQ,19,ok,apo2mol,1.116094429869008,1.6576283932164078,2.2196037769317627,2.1914446353912354,1.1180275303614244,False
p53_Y220C__4AGQ,20,ok,apo2mol,1.7408047650033585,2.250756514994002,2.423582077026367,2.403657913208008,1.1180275303614244,False
p53_Y220C__4AGQ,21,ok,apo2mol,1.1301552260082437,1.5956814386421971,1.6669071912765503,1.6392344236373901,1.1180275303614244,False
p53_Y220C__4AGQ,22,ok,apo2mol,3.080276014314019,3.3375773886764897,2.493621587753296,2.4292421340942383,1.1180275303614244,False
p53_Y220C__4AGQ,23,ok,apo2mol,2.153486736108089,2.5194013627580523,2.0402913093566895,1.9562671184539795,1.1180275303614244,False
p53_Y220C__4AGQ,24,ok,apo2mol,1.0058562258857604,1.4560951080369733,1.9658551216125488,1.8664723634719849,1.1180275303614244,False
p53_Y220C__4AGQ,25,ok,apo2mol,1.9274682719750704,2.326765912739899,1.7917166948318481,1.7521766424179077,1.1180275303614244,False
p53_Y220C__4AGQ,26,ok,apo2mol,2.075257253539869,2.489118272294906,2.641481637954712,2.5646860599517822,1.1180275303614244,False
p53_Y220C__4AGQ,27,ok,apo2mol,1.8218719519786206,2.2243558193015724,1.8200788497924805,1.7187106609344482,1.1180275303614244,False
p53_Y220C__4AGQ,28,ok,apo2mol,1.5437064699176992,1.964524143165093,1.9149402379989624,1.8749257326126099,1.1180275303614244,False
p53_Y220C__4AGQ,29,ok,apo2mol,1.961407799901019,2.2364860264747706,2.039400339126587,2.0283167362213135,1.1180275303614244,False
HIF2alpha__6D0B,0,ok,apo2mol,0.8818919445253534,1.9284327001310502,1.0130674839019775,1.03171706199646,1.6729991744940291,False
HIF2alpha__6D0B,1,ok,apo2mol,1.3318159973064674,2.1495836799796657,1.1368213891983032,1.2510186433792114,1.6729991744940291,False
HIF2alpha__6D0B,2,ok,apo2mol,0.8645031805861294,2.0393648825782678,1.0922931432724,1.225388526916504,1.6729991744940291,False
HIF2alpha__6D0B,3,ok,apo2mol,1.089790254259631,2.0510420164749106,0.9088752269744873,1.0328322649002075,1.6729991744940291,False
HIF2alpha__6D0B,4,ok,apo2mol,0.7523347464971358,1.9997034936806797,1.1180016994476318,1.3152681589126587,1.6729991744940291,False
HIF2alpha__6D0B,5,ok,apo2mol,1.2301127980856956,2.0181328565004506,1.0665667057037354,1.2124650478363037,1.6729991744940291,False
HIF2alpha__6D0B,6,ok,apo2mol,1.207649152856156,1.8019502757362114,1.1287128925323486,1.3151345252990723,1.6729991744940291,False
HIF2alpha__6D0B,7,ok,apo2mol,0.8290428235851124,2.0151213002454806,0.8768894672393799,1.011712908744812,1.6729991744940291,False
HIF2alpha__6D0B,8,ok,apo2mol,1.5060264321716819,2.330459538316607,1.2671271562576294,1.4671871662139893,1.6729991744940291,False
HIF2alpha__6D0B,9,ok,apo2mol,1.2137585896433094,2.155209802648042,1.196800708770752,1.277661919593811,1.6729991744940291,False
HIF2alpha__6D0B,10,ok,apo2mol,0.8143930412325164,1.543606577194158,0.805850625038147,0.9671586751937866,1.6729991744940291,False
HIF2alpha__6D0B,11,ok,apo2mol,1.4095104195274668,2.040309424209031,1.1866589784622192,1.1810221672058105,1.6729991744940291,False
HIF2alpha__6D0B,12,ok,apo2mol,0.9340857245420835,1.9857938550411058,1.1157314777374268,1.3461343050003052,1.6729991744940291,False
HIF2alpha__6D0B,13,ok,apo2mol,0.7372530893685815,1.8323447317959263,1.211452841758728,1.3161628246307373,1.6729991744940291,False
HIF2alpha__6D0B,14,ok,apo2mol,1.4714574203209165,2.0849835651294137,1.4395354986190796,1.5552184581756592,1.6729991744940291,False
HIF2alpha__6D0B,15,ok,apo2mol,1.0687363166548298,1.850213569479358,1.137741208076477,1.1994450092315674,1.6729991744940291,False
HIF2alpha__6D0B,16,ok,apo2mol,1.5150050069316294,1.7528664162857985,1.2925719022750854,1.3246663808822632,1.6729991744940291,False
HIF2alpha__6D0B,17,ok,apo2mol,1.1326482735500747,1.8848418134281155,1.2545840740203857,1.4078762531280518,1.6729991744940291,False
HIF2alpha__6D0B,18,ok,apo2mol,0.6942388553413997,1.6282507120195875,1.1518924236297607,1.3235479593276978,1.6729991744940291,False
HIF2alpha__6D0B,19,ok,apo2mol,1.5775185291534095,1.9701622562338301,1.2520766258239746,1.1920424699783325,1.6729991744940291,False
HIF2alpha__6D0B,20,ok,apo2mol,0.9856270354824181,1.977148640086303,1.1219791173934937,1.046144962310791,1.6729991744940291,False
HIF2alpha__6D0B,21,ok,apo2mol,1.491953440917899,1.6726894161403623,1.4201360940933228,1.5024523735046387,1.6729991744940291,False
HIF2alpha__6D0B,22,ok,apo2mol,1.8388353843911904,2.188236287705932,1.1817524433135986,1.1727848052978516,1.6729991744940291,False
HIF2alpha__6D0B,23,ok,apo2mol,1.1164173431042734,1.7554745111706467,1.147708535194397,1.194468379020691,1.6729991744940291,False
HIF2alpha__6D0B,24,ok,apo2mol,1.5298273582353774,1.7349376801926462,1.2812457084655762,1.3699995279312134,1.6729991744940291,False
HIF2alpha__6D0B,25,ok,apo2mol,0.9908165750380128,1.8939560402803315,1.0836213827133179,1.2433924674987793,1.6729991744940291,False
HIF2alpha__6D0B,26,ok,apo2mol,1.0955698174017612,1.9797056836078715,1.3065129518508911,1.4779657125473022,1.6729991744940291,False
HIF2alpha__6D0B,27,ok,apo2mol,0.6804353618270916,1.7876316197514828,1.2624529600143433,1.3242777585983276,1.6729991744940291,False
HIF2alpha__6D0B,28,ok,apo2mol,0.7515437909997985,1.5827872978978619,0.935559868812561,1.0875669717788696,1.6729991744940291,False
HIF2alpha__6D0B,29,ok,apo2mol,1.0677167682074877,2.1178699491043815,1.2227277755737305,1.3691141605377197,1.6729991744940291,False
HIV_RT__3V81,0,ok,apo2mol,2.388222153574458,3.4418676107543487,1.9324960708618164,2.526154041290283,3.0896312117090363,False
HIV_RT__3V81,1,ok,apo2mol,2.2193670452740335,3.137411786771376,1.7290652990341187,2.1839547157287598,3.0896312117090363,False
HIV_RT__3V81,2,ok,apo2mol,1.829710074696986,3.480214094930798,1.5813015699386597,2.0650789737701416,3.0896312117090363,False
HIV_RT__3V81,3,ok,apo2mol,2.2068274078054855,3.877880243336271,2.095191478729248,2.5727667808532715,3.0896312117090363,False
HIV_RT__3V81,4,ok,apo2mol,2.1469308157107947,3.003622445320497,1.6786937713623047,2.1353437900543213,3.0896312117090363,False
HIV_RT__3V81,5,ok,apo2mol,2.579565377362808,3.241683108484279,1.8057161569595337,2.120133638381958,3.0896312117090363,False
HIV_RT__3V81,6,ok,apo2mol,2.085064458550182,3.573375976830432,1.9212734699249268,1.9978063106536865,3.0896312117090363,False
HIV_RT__3V81,7,ok,apo2mol,2.3259151134466873,3.4025281262977636,2.001969337463379,2.5352895259857178,3.0896312117090363,False
HIV_RT__3V81,8,ok,apo2mol,2.4758750911690357,3.390006774685026,1.992540717124939,2.4055440425872803,3.0896312117090363,False
HIV_RT__3V81,9,ok,apo2mol,2.6188148100611044,3.261663583200331,2.1590824127197266,2.4850430488586426,3.0896312117090363,False
HIV_RT__3V81,10,ok,apo2mol,3.2777433631511554,3.459876817607905,2.4674127101898193,2.744480609893799,3.0896312117090363,False
HIV_RT__3V81,11,ok,apo2mol,1.9088292148947748,3.333221933904656,1.4907392263412476,2.273698091506958,3.0896312117090363,False
HIV_RT__3V81,12,ok,apo2mol,1.8608290648750598,3.2291123328251956,1.5378212928771973,2.039154529571533,3.0896312117090363,False
HIV_RT__3V81,13,ok,apo2mol,1.9328682034774396,3.1814218274251758,1.6481446027755737,2.171299934387207,3.0896312117090363,False
HIV_RT__3V81,14,ok,apo2mol,2.5783027432889054,3.1740984418816707,2.163764715194702,2.2380614280700684,3.0896312117090363,False
HIV_RT__3V81,15,ok,apo2mol,1.9930803230995853,2.9001200895973023,1.5120898485183716,2.0238521099090576,3.0896312117090363,False
HIV_RT__3V81,16,ok,apo2mol,1.925275274085606,3.045309790557446,1.8085594177246094,2.0946106910705566,3.0896312117090363,False
HIV_RT__3V81,17,ok,apo2mol,2.3902247729604893,3.486227789485316,1.9280534982681274,2.4270853996276855,3.0896312117090363,False
HIV_RT__3V81,18,ok,apo2mol,1.9773098352691127,3.1325428511486204,1.6083920001983643,1.9906117916107178,3.0896312117090363,False
HIV_RT__3V81,19,ok,apo2mol,3.4850494401585776,3.6025741621689837,2.618683338165283,2.8092310428619385,3.0896312117090363,False
HIV_RT__3V81,20,ok,apo2mol,1.572025975211919,3.094770252940113,1.4651250839233398,2.0091333389282227,3.0896312117090363,False
HIV_RT__3V81,21,ok,apo2mol,1.2858175456256786,3.179569611608509,1.2074347734451294,1.8969659805297852,3.0896312117090363,False
HIV_RT__3V81,22,ok,apo2mol,1.9059965833231363,3.193777472463986,1.6091210842132568,2.0000178813934326,3.0896312117090363,False
HIV_RT__3V81,23,ok,apo2mol,1.8812464301580625,3.3060034296665735,1.5815613269805908,2.2025704383850098,3.0896312117090363,False
HIV_RT__3V81,24,ok,apo2mol,2.2586911146884243,3.21512036526768,1.6930536031723022,2.24360728263855,3.0896312117090363,False
HIV_RT__3V81,25,ok,apo2mol,2.0421418650714376,2.8917797393742375,1.4158577919006348,1.9427576065063477,3.0896312117090363,False
HIV_RT__3V81,26,ok,apo2mol,1.8678758584992872,3.1252132008864004,1.5118786096572876,1.9524412155151367,3.0896312117090363,False
HIV_RT__3V81,27,ok,apo2mol,2.1099050630587772,3.2029038657234854,1.5783774852752686,1.8517764806747437,3.0896312117090363,False
HIV_RT__3V81,28,ok,apo2mol,1.8947508577496102,2.9776593128740787,1.645458698272705,2.0327930450439453,3.0896312117090363,False
HIV_RT__3V81,29,ok,apo2mol,2.3546387902469346,3.6221669895677584,2.168067455291748,2.5968775749206543,3.0896312117090363,False
THSR__7UTZ,0,ok,apo2mol,1.3547727094629562,2.1677753437014626,1.2941030263900757,1.3278319835662842,2.4345552542057787,False
THSR__7UTZ,1,ok,apo2mol,0.9803536443415364,2.149397502345706,1.461348533630371,1.4989346265792847,2.4345552542057787,False
THSR__7UTZ,2,ok,apo2mol,1.976707384005277,2.983366236242532,1.6702500581741333,1.6777803897857666,2.4345552542057787,False
THSR__7UTZ,3,ok,apo2mol,0.901633165226629,2.204679638468547,1.0372952222824097,1.0468432903289795,2.4345552542057787,False
THSR__7UTZ,4,ok,apo2mol,1.506322215506695,2.370684029644414,1.442081093788147,1.4203251600265503,2.4345552542057787,False
THSR__7UTZ,5,ok,apo2mol,1.8994501091723603,2.9347402430276244,1.362650990486145,1.3784241676330566,2.4345552542057787,False
THSR__7UTZ,6,ok,apo2mol,2.1063634479990014,2.5490508076180975,1.4388070106506348,1.4676631689071655,2.4345552542057787,False
THSR__7UTZ,7,ok,apo2mol,2.224894295707261,2.5075993991744383,1.4759340286254883,1.5127958059310913,2.4345552542057787,False
THSR__7UTZ,8,ok,apo2mol,2.715196746852368,2.5424095056595544,1.759214997291565,1.7925918102264404,2.4345552542057787,False
THSR__7UTZ,9,ok,apo2mol,1.0139791608089321,2.636269876007618,1.5475927591323853,1.5787681341171265,2.4345552542057787,False
THSR__7UTZ,10,ok,apo2mol,2.3750073813686874,3.9032673154188715,1.3590013980865479,1.3239411115646362,2.4345552542057787,False
THSR__7UTZ,11,ok,apo2mol,1.2498028319194534,3.041246096675223,1.1360156536102295,1.1387723684310913,2.4345552542057787,False
THSR__7UTZ,12,ok,apo2mol,2.023053183220323,2.3790026497540446,1.2708467245101929,1.2893147468566895,2.4345552542057787,False
THSR__7UTZ,13,ok,apo2mol,0.9716754007766438,2.0485871052965097,1.2044538259506226,1.2215261459350586,2.4345552542057787,False
THSR__7UTZ,14,ok,apo2mol,1.8399185731436751,2.3530697296591434,1.6178730726242065,1.6343157291412354,2.4345552542057787,False
THSR__7UTZ,15,ok,apo2mol,1.8182356769379804,2.860964826960169,1.360486388206482,1.3195359706878662,2.4345552542057787,False
THSR__7UTZ,16,ok,apo2mol,1.6922015349446489,2.477253372797257,1.286547064781189,1.312398910522461,2.4345552542057787,False
THSR__7UTZ,17,ok,apo2mol,1.9466325880007644,2.438760652964242,1.6379731893539429,1.645896553993225,2.4345552542057787,False
THSR__7UTZ,18,ok,apo2mol,1.7745345361060727,2.595010452534813,1.4841604232788086,1.477933406829834,2.4345552542057787,False
THSR__7UTZ,19,ok,apo2mol,2.0384383244651305,3.424558216133355,1.2647981643676758,1.2355879545211792,2.4345552542057787,False
THSR__7UTZ,20,ok,apo2mol,0.976437334005393,2.356548403877626,1.3298473358154297,1.3424043655395508,2.4345552542057787,False
THSR__7UTZ,21,ok,apo2mol,0.9127849014215061,2.2500781874691076,1.641966700553894,1.6557883024215698,2.4345552542057787,False
THSR__7UTZ,22,ok,apo2mol,1.7950056884590482,2.6487769790180633,1.4931854009628296,1.5181509256362915,2.4345552542057787,False
THSR__7UTZ,23,ok,apo2mol,1.5851938498857905,2.417808613689603,1.7034538984298706,1.6791353225708008,2.4345552542057787,False
THSR__7UTZ,24,ok,apo2mol,1.0034655378309574,2.359826051152758,0.778026282787323,0.8084468841552734,2.4345552542057787,False
THSR__7UTZ,25,ok,apo2mol,1.9247274079031929,2.289399547074991,1.1451622247695923,1.1518152952194214,2.4345552542057787,False
THSR__7UTZ,26,ok,apo2mol,1.0748920798761548,2.099212968093832,1.4513224363327026,1.4652820825576782,2.4345552542057787,False
THSR__7UTZ,27,ok,apo2mol,1.0553749121487657,2.1690657985039556,1.514428734779358,1.5142468214035034,2.4345552542057787,False
THSR__7UTZ,28,ok,apo2mol,1.1267590452385863,2.4768719489560134,1.3297351598739624,1.349276065826416,2.4345552542057787,False
THSR__7UTZ,29,ok,apo2mol,1.3429888488646098,2.3484098896169585,1.2772698402404785,1.3091602325439453,2.4345552542057787,False
Bcl-xL,0,ok,apo2mol,1.2901210446598992,2.7009037288300495,1.6789007186889648,1.905928134918213,2.505562006849456,False
Bcl-xL,1,ok,apo2mol,1.751184640029032,3.0409824904626688,2.356257677078247,2.4367172718048096,2.505562006849456,False
Bcl-xL,2,ok,apo2mol,1.2876029306904087,2.8355046697161117,2.448978900909424,2.714138984680176,2.505562006849456,False
Bcl-xL,3,ok,apo2mol,1.5945614877509664,3.0505002236246983,1.755094289779663,2.1415855884552,2.505562006849456,False
Bcl-xL,4,ok,apo2mol,1.8618469418545067,3.2720486571992087,2.775031566619873,2.994680643081665,2.505562006849456,False
Bcl-xL,5,ok,apo2mol,1.6421553078585336,3.025030933568755,2.8281776905059814,2.8957509994506836,2.505562006849456,False
Bcl-xL,6,ok,apo2mol,1.5254923076019264,3.1638157270507676,2.8056695461273193,3.11586594581604,2.505562006849456,False
Bcl-xL,7,ok,apo2mol,1.9116794537352775,3.134363059425892,2.0927603244781494,2.2706124782562256,2.505562006849456,False
Bcl-xL,8,ok,apo2mol,1.6147082307885166,2.7841252113878165,2.043863534927368,2.3304641246795654,2.505562006849456,False
Bcl-xL,9,ok,apo2mol,1.4596839853465293,2.7900073067815274,1.812168002128601,2.014080047607422,2.505562006849456,False
Bcl-xL,10,ok,apo2mol,1.6260024049151844,3.113399443292641,2.160593032836914,2.3529114723205566,2.505562006849456,False
Bcl-xL,11,ok,apo2mol,1.1975256259130307,2.9772600175674233,2.315235137939453,2.4520556926727295,2.505562006849456,False
Bcl-xL,12,ok,apo2mol,1.7079419211988498,3.218369075985401,3.3476545810699463,3.44584321975708,2.505562006849456,False
Bcl-xL,13,ok,apo2mol,1.6311172460127907,2.8398677785204938,2.3263893127441406,2.6586685180664062,2.505562006849456,False
Bcl-xL,14,ok,apo2mol,1.4102202235470702,2.9892116927115224,2.0820021629333496,2.2341480255126953,2.505562006849456,False
Bcl-xL,15,ok,apo2mol,1.8729606108539567,3.630119478229379,2.5404036045074463,3.0226762294769287,2.505562006849456,False
Bcl-xL,16,ok,apo2mol,1.5028395819847042,2.84304413897015,2.6677474975585938,2.759366273880005,2.505562006849456,False
Bcl-xL,17,ok,apo2mol,1.7507479234557943,3.2736170718838213,2.950129508972168,3.1423466205596924,2.505562006849456,False
Bcl-xL,18,ok,apo2mol,1.1099217294367576,2.882811675434005,1.6154680252075195,1.964613676071167,2.505562006849456,False
Bcl-xL,19,ok,apo2mol,1.3751483200595005,3.0653407632232503,2.0725440979003906,2.4042460918426514,2.505562006849456,False
Bcl-xL,20,ok,apo2mol,1.4687470708329038,2.7338679135059354,2.3641178607940674,2.5320491790771484,2.505562006849456,False
Bcl-xL,21,ok,apo2mol,1.6217195199984513,3.1959143889819455,1.7974367141723633,1.956715703010559,2.505562006849456,False
Bcl-xL,22,ok,apo2mol,1.5776393115373892,2.7729767341851823,2.4219093322753906,2.654207229614258,2.505562006849456,False
Bcl-xL,23,ok,apo2mol,1.7554168531131147,2.856867656081572,2.1266326904296875,2.3073599338531494,2.505562006849456,False
Bcl-xL,24,ok,apo2mol,1.223242065784878,2.9793430506153693,2.3698227405548096,2.618852138519287,2.505562006849456,False
Bcl-xL,25,ok,apo2mol,1.2430751339497745,2.5942981554384845,1.8615498542785645,1.9682592153549194,2.505562006849456,False
Bcl-xL,26,ok,apo2mol,1.2966903681315327,2.7639902940081993,1.9742804765701294,2.06819224357605,2.505562006849456,False
Bcl-xL,27,ok,apo2mol,1.3184126233027647,3.1667479352069505,2.2511236667633057,2.526970148086548,2.505562006849456,False
Bcl-xL,28,ok,apo2mol,1.417976567276742,2.62994489997101,2.1276750564575195,2.0897135734558105,2.505562006849456,False
Bcl-xL,29,ok,apo2mol,1.1239838035623366,2.7692281121351807,1.7225991487503052,2.0422611236572266,2.505562006849456,False
betaLG,0,ok,apo2mol,2.470394219319639,2.676478466201176,2.1808221340179443,2.124021291732788,1.3972391993938094,False
betaLG,1,ok,apo2mol,1.7200553021917033,2.104452053574286,1.7377897500991821,1.7772806882858276,1.3972391993938094,False
betaLG,2,ok,apo2mol,1.420446746166225,1.9801062894203418,1.354478359222412,1.4114731550216675,1.3972391993938094,False
betaLG,3,ok,apo2mol,1.4028879521359356,1.884715860536376,1.460878849029541,1.4708324670791626,1.3972391993938094,False
betaLG,4,ok,apo2mol,1.4318418329818026,1.836740906362006,1.3942002058029175,1.380822777748108,1.3972391993938094,False
betaLG,5,ok,apo2mol,1.1985622648710161,1.9516530970226214,1.0158671140670776,1.049011468887329,1.3972391993938094,False
betaLG,6,ok,apo2mol,1.8383832570213092,2.432401847347043,1.5797866582870483,1.6019706726074219,1.3972391993938094,False
betaLG,7,ok,apo2mol,1.0403785775103558,1.5813752976573707,1.202508568763733,1.2347804307937622,1.3972391993938094,False
betaLG,8,ok,apo2mol,1.5689464182936477,2.1722703090206763,1.349865198135376,1.32586669921875,1.3972391993938094,False
betaLG,9,ok,apo2mol,0.6823507569023884,1.4625896957853037,1.2326304912567139,1.2530605792999268,1.3972391993938094,False
betaLG,10,ok,apo2mol,1.0231838718620883,1.69128809108226,0.9448216557502747,1.007665991783142,1.3972391993938094,False
betaLG,11,ok,apo2mol,1.352147479854954,2.025253024730949,1.1944650411605835,1.158567190170288,1.3972391993938094,False
betaLG,12,ok,apo2mol,1.381614251423056,1.9651263627612678,1.6949745416641235,1.7564315795898438,1.3972391993938094,False
betaLG,13,ok,apo2mol,1.3635633310996782,1.8792174525663876,1.155908226966858,1.1874576807022095,1.3972391993938094,False
betaLG,14,ok,apo2mol,1.4604658611027745,1.832150469902575,1.2628802061080933,1.2748591899871826,1.3972391993938094,False
betaLG,15,ok,apo2mol,1.019056183872807,1.7497397075673553,0.8845542669296265,0.9516550898551941,1.3972391993938094,False
betaLG,16,ok,apo2mol,1.1435988149598475,1.8934161508095737,1.1649847030639648,1.259734034538269,1.3972391993938094,False
betaLG,17,ok,apo2mol,1.104791983420464,1.74840557791582,1.2503160238265991,1.2606405019760132,1.3972391993938094,False
betaLG,18,ok,apo2mol,1.8496910112109948,2.230455298573156,1.5392351150512695,1.4662288427352905,1.3972391993938094,False
betaLG,19,ok,apo2mol,1.0733886263585073,1.7485693492168637,0.8890255689620972,0.9322055578231812,1.3972391993938094,False
betaLG,20,ok,apo2mol,1.4796032520320344,1.9670163087796961,1.2642886638641357,1.2864668369293213,1.3972391993938094,False
betaLG,21,ok,apo2mol,1.0731369459074471,1.7701399570332568,1.1567986011505127,1.1600983142852783,1.3972391993938094,False
betaLG,22,ok,apo2mol,1.447995773407447,2.089625270567379,1.5458120107650757,1.5571935176849365,1.3972391993938094,False
betaLG,23,ok,apo2mol,1.497008393199342,2.188035673610316,1.3220410346984863,1.3283456563949585,1.3972391993938094,False
betaLG,24,ok,apo2mol,1.579567592362395,2.2141726836592404,1.5087237358093262,1.5587294101715088,1.3972391993938094,False
betaLG,25,ok,apo2mol,1.592416717921176,2.143635817239098,1.7712866067886353,1.7759724855422974,1.3972391993938094,False
betaLG,26,ok,apo2mol,1.6616364705445454,2.315415497282214,1.7292227745056152,1.8088124990463257,1.3972391993938094,False
betaLG,27,ok,apo2mol,1.5133994699312152,1.973454688782553,1.6387004852294922,1.6919972896575928,1.3972391993938094,False
betaLG,28,ok,apo2mol,0.837904093411081,1.5197716059503579,0.9120256304740906,0.9449716210365295,1.3972391993938094,False
betaLG,29,ok,apo2mol,1.1629066991625376,1.796174568257427,1.1673810482025146,1.1716212034225464,1.3972391993938094,False
NDPK-A,0,ok,apo2mol,1.5621685290555831,3.602092127766898,1.301755428314209,1.4847294092178345,3.4697602388704447,False
NDPK-A,1,ok,apo2mol,1.691639286959255,3.6718764569883913,1.3830198049545288,1.6540303230285645,3.4697602388704447,False
NDPK-A,2,ok,apo2mol,1.3572971086515737,3.6682254409436013,1.089789628982544,1.5132969617843628,3.4697602388704447,False
NDPK-A,3,ok,apo2mol,1.4418208494032743,3.8077321521908836,1.1760164499282837,1.6083096265792847,3.4697602388704447,False
NDPK-A,4,ok,apo2mol,2.909861467561392,4.6662789681069405,1.7260972261428833,1.9147804975509644,3.4697602388704447,False
NDPK-A,5,ok,apo2mol,1.074280070311891,3.159911628834804,0.9581413865089417,1.254780650138855,3.4697602388704447,False
NDPK-A,6,ok,apo2mol,1.057129549847013,3.3429020366654973,0.9614120125770569,1.2988576889038086,3.4697602388704447,False
NDPK-A,7,ok,apo2mol,1.599361166283527,4.0727119736230035,1.295959711074829,1.6884212493896484,3.4697602388704447,False
NDPK-A,8,ok,apo2mol,0.9636917190208019,3.3368725417627902,1.2947593927383423,1.5638188123703003,3.4697602388704447,False
NDPK-A,9,ok,apo2mol,0.9795063616002551,3.445872812600639,0.8928430080413818,1.3243025541305542,3.4697602388704447,False
NDPK-A,10,ok,apo2mol,1.3385396808166534,3.5439860152237634,1.3347803354263306,1.572676420211792,3.4697602388704447,False
NDPK-A,11,ok,apo2mol,1.4448148792376174,3.8532374456106204,1.111255168914795,1.609145998954773,3.4697602388704447,False
NDPK-A,12,ok,apo2mol,1.038209975015354,3.7213468278700548,1.128706455230713,1.6605305671691895,3.4697602388704447,False
NDPK-A,13,ok,apo2mol,2.1536241645168035,3.263368277102451,1.651094675064087,1.7388545274734497,3.4697602388704447,False
NDPK-A,14,ok,apo2mol,0.9730212206648929,3.415300222721158,0.9717649221420288,1.436505913734436,3.4697602388704447,False
NDPK-A,15,ok,apo2mol,2.177996769642687,3.9062008202410987,1.4556013345718384,1.6706780195236206,3.4697602388704447,False
NDPK-A,16,ok,apo2mol,1.4141741699406847,3.327036962918104,1.188353419303894,1.2953888177871704,3.4697602388704447,False
NDPK-A,17,ok,apo2mol,1.8795275694052826,3.427339251908921,1.3392046689987183,1.5156126022338867,3.4697602388704447,False
NDPK-A,18,ok,apo2mol,2.561326195482183,4.42951773672924,1.4631458520889282,1.9358775615692139,3.4697602388704447,False
NDPK-A,19,ok,apo2mol,0.895214381057968,3.3685489674134343,0.8292434811592102,1.3164204359054565,3.4697602388704447,False
NDPK-A,20,ok,apo2mol,1.0964432523578174,3.4911094754625833,0.9098868370056152,1.4187067747116089,3.4697602388704447,False
NDPK-A,21,ok,apo2mol,1.4281660666197968,3.4875360323790896,1.3818448781967163,1.7409679889678955,3.4697602388704447,False
NDPK-A,22,ok,apo2mol,1.0423656394933427,3.211396199806243,1.0732617378234863,1.3238017559051514,3.4697602388704447,False
NDPK-A,23,ok,apo2mol,2.1483954435237163,4.348297277193131,1.6337413787841797,1.9075483083724976,3.4697602388704447,False
NDPK-A,24,ok,apo2mol,1.1492025644527182,3.507507798364424,1.6035947799682617,1.6274954080581665,3.4697602388704447,False
NDPK-A,25,ok,apo2mol,1.1575606178527877,3.2025685550377463,0.9432373046875,1.3591667413711548,3.4697602388704447,False
NDPK-A,26,ok,apo2mol,1.1053373453817033,3.2808201666713854,1.0438244342803955,1.444605827331543,3.4697602388704447,False
NDPK-A,27,ok,apo2mol,1.1684794909862517,3.428618338144368,0.9086266160011292,1.4176549911499023,3.4697602388704447,False
NDPK-A,28,ok,apo2mol,1.8934775242358877,4.039441656309416,1.310807704925537,1.6290725469589233,3.4697602388704447,False
NDPK-A,29,ok,apo2mol,1.9163333832960718,3.6303857524894423,1.4434189796447754,1.5285661220550537,3.4697602388704447,False
GLTP,0,ok,apo2mol,1.006743807855262,2.308507195469918,1.4052915573120117,2.1549224853515625,2.1410013181020275,False
GLTP,1,ok,apo2mol,1.013973779452357,2.340864675519085,1.9332237243652344,2.5318617820739746,2.1410013181020275,False
GLTP,2,ok,apo2mol,0.939783560424712,2.1670357082614444,1.115789771080017,1.892236590385437,2.1410013181020275,False
GLTP,3,ok,apo2mol,0.9611517464076546,1.8164160886465077,0.7959603667259216,1.3060418367385864,2.1410013181020275,False
GLTP,4,ok,apo2mol,0.6439253420532013,2.2902091194709224,1.8238619565963745,2.3654937744140625,2.1410013181020275,False
GLTP,5,ok,apo2mol,0.8965273708863505,2.052932461426345,1.266076683998108,1.8803753852844238,2.1410013181020275,False
GLTP,6,ok,apo2mol,1.0311162004884575,1.7838624350936156,0.9122120141983032,1.6023712158203125,2.1410013181020275,False
GLTP,7,ok,apo2mol,1.0895344070907258,2.2742751861029014,1.7144824266433716,2.3730101585388184,2.1410013181020275,False
GLTP,8,ok,apo2mol,1.095270959305003,2.2046160832155484,1.3589363098144531,2.0567779541015625,2.1410013181020275,False
GLTP,9,ok,apo2mol,1.273908078927939,2.1090812638301264,1.381508469581604,1.8441354036331177,2.1410013181020275,False
GLTP,10,ok,apo2mol,0.9734321484940097,2.101743062390288,0.8399581909179688,1.6561485528945923,2.1410013181020275,False
GLTP,11,ok,apo2mol,0.8848104556187898,2.216604621703091,1.054153561592102,1.8630740642547607,2.1410013181020275,False
GLTP,12,ok,apo2mol,1.1029846910314018,2.538261559761856,1.8033456802368164,2.1235830783843994,2.1410013181020275,False
GLTP,13,ok,apo2mol,1.0106275410522902,2.8142858170709784,1.6429544687271118,2.372905731201172,2.1410013181020275,False
GLTP,14,ok,apo2mol,0.9649958531771198,2.638956031750172,0.8848700523376465,2.0106959342956543,2.1410013181020275,False
GLTP,15,ok,apo2mol,1.194033824195693,2.174844315126634,1.618572473526001,2.069453477859497,2.1410013181020275,False
GLTP,16,ok,apo2mol,1.512106600229689,1.7981495712166513,1.1976077556610107,1.6170432567596436,2.1410013181020275,False
GLTP,17,ok,apo2mol,0.8772724951958007,2.1453844800364177,0.7611862421035767,1.587777853012085,2.1410013181020275,False
GLTP,18,ok,apo2mol,1.8172820174944113,2.34655037143526,1.6183234453201294,1.8833305835723877,2.1410013181020275,False
GLTP,19,ok,apo2mol,1.5379202566691768,2.6998511864629324,1.3753278255462646,2.144613027572632,2.1410013181020275,False
GLTP,20,ok,apo2mol,1.3646401428220862,2.399956527260951,1.108147382736206,1.8660777807235718,2.1410013181020275,False
GLTP,21,ok,apo2mol,0.8463726808017809,2.4227279723283193,1.3887553215026855,2.155334234237671,2.1410013181020275,False
GLTP,22,ok,apo2mol,0.865053856480027,2.1944399478884713,1.4086247682571411,2.0753538608551025,2.1410013181020275,False
GLTP,23,ok,apo2mol,1.0593527892953407,2.7458785161048054,1.3569614887237549,2.274188756942749,2.1410013181020275,False
GLTP,24,ok,apo2mol,1.515417012058976,2.0272593206219507,1.2341820001602173,1.567133903503418,2.1410013181020275,False
GLTP,25,ok,apo2mol,1.9692000249249662,2.223773639574841,1.6824183464050293,1.8259451389312744,2.1410013181020275,False
GLTP,26,ok,apo2mol,1.5893264742385913,2.067963251304675,1.4639477729797363,1.8745594024658203,2.1410013181020275,False
GLTP,27,ok,apo2mol,0.9515452381408552,2.1684133215037966,1.8072961568832397,2.382920265197754,2.1410013181020275,False
GLTP,28,ok,apo2mol,1.077396047836864,2.7201616167508282,1.0658608675003052,1.97496497631073,2.1410013181020275,False
GLTP,29,ok,apo2mol,1.1247240847706979,1.6279547120241857,2.1824111938476562,2.365649938583374,2.1410013181020275,False
SHP2,0,ok,apo2mol,1.8521384774026264,2.75416361980386,1.3786648511886597,1.3386660814285278,1.8482636253491054,False
SHP2,1,ok,apo2mol,2.3622218953198946,3.1331070682994895,1.6719067096710205,1.6137709617614746,1.8482636253491054,False
SHP2,2,ok,apo2mol,1.4250026696771805,2.3195005623393405,1.2204232215881348,1.271092414855957,1.8482636253491054,False
SHP2,3,ok,apo2mol,1.3218857444000227,2.2462383537938115,1.057869553565979,1.0357831716537476,1.8482636253491054,False
SHP2,4,ok,apo2mol,1.2319709387031952,2.2849360689379306,0.9864386320114136,1.112606167793274,1.8482636253491054,False
SHP2,5,ok,apo2mol,0.920824097880356,2.034530035833361,0.8475534319877625,0.8941677212715149,1.8482636253491054,False
SHP2,6,ok,apo2mol,1.394269105243008,2.415239091034287,1.121957540512085,1.12067711353302,1.8482636253491054,False
SHP2,7,ok,apo2mol,2.268234034524651,3.1357966208275516,1.5422097444534302,1.6165860891342163,1.8482636253491054,False
SHP2,8,ok,apo2mol,2.3452646768724006,2.9669145040601372,1.8318421840667725,1.83811616897583,1.8482636253491054,False
SHP2,9,ok,apo2mol,1.5451557494037955,2.276791977879841,1.2129405736923218,1.1599947214126587,1.8482636253491054,False
SHP2,10,ok,apo2mol,1.5168680486703054,2.4088586135810712,1.2689660787582397,1.2057982683181763,1.8482636253491054,False
SHP2,11,ok,apo2mol,1.3343916723238378,2.4007180064675637,0.9642185568809509,0.9901736974716187,1.8482636253491054,False
SHP2,12,ok,apo2mol,1.8841096557519519,2.4538569592573882,1.501655101776123,1.4882023334503174,1.8482636253491054,False
SHP2,13,ok,apo2mol,1.4604809423652108,2.427980463705498,1.186585545539856,1.2636122703552246,1.8482636253491054,False
SHP2,14,ok,apo2mol,1.4863807378171672,2.342886330275026,1.1976120471954346,1.167866587638855,1.8482636253491054,False
SHP2,15,ok,apo2mol,2.4604293038698977,3.0515657581613285,1.7135812044143677,1.5756146907806396,1.8482636253491054,False
SHP2,16,ok,apo2mol,1.2262664243198973,2.1647259047479612,1.0559179782867432,1.195731520652771,1.8482636253491054,False
SHP2,17,ok,apo2mol,1.622800717927183,2.546504541060384,1.156046986579895,1.2592376470565796,1.8482636253491054,False
SHP2,18,ok,apo2mol,1.9656699567875637,2.665226404708955,1.5456997156143188,1.3490122556686401,1.8482636253491054,False
SHP2,19,ok,apo2mol,1.5735107957188783,2.4677021362003586,1.112386703491211,1.1578924655914307,1.8482636253491054,False
SHP2,20,ok,apo2mol,1.6764751778414606,2.5291020588747153,1.2456612586975098,1.301144003868103,1.8482636253491054,False
SHP2,21,ok,apo2mol,1.2461071971429736,2.22428167747267,0.9644200205802917,0.982150137424469,1.8482636253491054,False
SHP2,22,ok,apo2mol,1.3834017563457996,2.29913121879534,1.145779013633728,1.2883833646774292,1.8482636253491054,False
SHP2,23,ok,apo2mol,1.3813836896464904,2.43138248361676,1.2604256868362427,1.2819403409957886,1.8482636253491054,False
SHP2,24,ok,apo2mol,1.7007934378718803,2.43257295470784,1.4196707010269165,1.3980752229690552,1.8482636253491054,False
SHP2,25,ok,apo2mol,1.7124624377297104,2.3625296616079847,1.455268144607544,1.3796268701553345,1.8482636253491054,False
SHP2,26,ok,apo2mol,2.38631209280653,2.9973987312283805,1.8226430416107178,1.7989351749420166,1.8482636253491054,False
SHP2,27,ok,apo2mol,0.9952598456588965,2.123281932840373,0.938589334487915,1.1159387826919556,1.8482636253491054,False
SHP2,28,ok,apo2mol,1.3224376236201212,2.3237303204439748,1.0897351503372192,1.1103066205978394,1.8482636253491054,False
SHP2,29,ok,apo2mol,1.1921154766309447,2.3369183845539467,0.9838896989822388,1.061206579208374,1.8482636253491054,False
METTL14,0,ok,apo2mol,2.295192154961811,2.412721439931287,1.8610719442367554,1.7012759447097778,2.571628452131643,False
METTL14,1,ok,apo2mol,2.023295560004482,2.541845094848633,2.14521861076355,2.110078811645508,2.571628452131643,False
METTL14,2,ok,apo2mol,1.9014662957285107,2.8908515800134076,1.9562870264053345,2.2280306816101074,2.571628452131643,False
METTL14,3,ok,apo2mol,2.016209456999299,2.913636224162675,2.7877156734466553,2.852579116821289,2.571628452131643,False
METTL14,4,ok,apo2mol,2.6709825437368817,3.056738360807661,2.0949912071228027,1.9013699293136597,2.571628452131643,False
METTL14,5,ok,apo2mol,1.2349258777444698,2.452247499616921,1.5585473775863647,1.8045578002929688,2.571628452131643,False
METTL14,6,ok,apo2mol,2.1354997701213825,2.633774444799767,1.9045426845550537,1.93611741065979,2.571628452131643,False
METTL14,7,ok,apo2mol,1.8979184895690584,2.60061555874923,1.8768928050994873,1.9955989122390747,2.571628452131643,False
METTL14,8,ok,apo2mol,1.5625817811544673,2.443471021411305,1.566529631614685,1.5998570919036865,2.571628452131643,False
METTL14,9,ok,apo2mol,1.6918609839522205,2.2031122475112968,1.9385945796966553,1.885834813117981,2.571628452131643,False
METTL14,10,ok,apo2mol,2.823924654979437,3.0872563872194427,2.4006893634796143,2.375121831893921,2.571628452131643,False
METTL14,11,ok,apo2mol,1.7120267617905855,2.986021865299651,1.8681806325912476,2.1063127517700195,2.571628452131643,False
METTL14,12,ok,apo2mol,2.2970014015761446,2.7278826174386475,2.0626184940338135,1.917275309562683,2.571628452131643,False
METTL14,13,ok,apo2mol,2.3214227371980902,2.5159895619720185,2.26214599609375,1.9540208578109741,2.571628452131643,False
METTL14,14,ok,apo2mol,1.7270647987441812,2.7907582728567357,1.9444721937179565,2.091252326965332,2.571628452131643,False
METTL14,15,ok,apo2mol,2.9965719728144085,3.3207930144028603,2.6170456409454346,2.5055222511291504,2.571628452131643,False
METTL14,16,ok,apo2mol,2.074549655992115,2.5488783370293566,2.276362419128418,2.2038588523864746,2.571628452131643,False
METTL14,17,ok,apo2mol,3.360175893549208,3.7747569580660767,2.37833309173584,2.4447672367095947,2.571628452131643,False
METTL14,18,ok,apo2mol,2.4657093011927333,2.78051586963314,2.051870107650757,1.9053995609283447,2.571628452131643,False
METTL14,19,ok,apo2mol,1.843429582846868,3.0438321143633544,1.758631944656372,2.0087387561798096,2.571628452131643,False
METTL14,20,ok,apo2mol,1.4269876872215161,2.5539416497718683,1.6918823719024658,1.9492579698562622,2.571628452131643,False
METTL14,21,ok,apo2mol,2.1985012367840207,3.111876309577098,2.525294780731201,2.6582045555114746,2.571628452131643,False
METTL14,22,ok,apo2mol,2.385057706074795,2.9111483339384105,2.754972219467163,2.726618528366089,2.571628452131643,False
METTL14,23,ok,apo2mol,2.175852510939254,3.365959594302718,2.291839361190796,2.5752382278442383,2.571628452131643,False
METTL14,24,ok,apo2mol,1.6817911858231396,2.0198925316427077,1.8928924798965454,1.820470929145813,2.571628452131643,False
METTL14,25,ok,apo2mol,2.078642128297745,2.7029730393578406,2.4979944229125977,2.548912763595581,2.571628452131643,False
METTL14,26,ok,apo2mol,2.1419084964088744,2.9810694993755886,2.583664655685425,2.7388603687286377,2.571628452131643,False
METTL14,27,ok,apo2mol,2.1751108382473037,2.605130986821218,2.336864948272705,2.225482225418091,2.571628452131643,False
METTL14,28,ok,apo2mol,1.4578924747948165,2.4050076019420747,1.692765474319458,1.8805313110351562,2.571628452131643,False
METTL14,29,ok,apo2mol,1.6771226500015417,2.4936333076881354,2.0210089683532715,2.1714534759521484,2.571628452131643,False
FUT8,0,ok,apo2mol,1.887195789660863,4.037929178727988,2.4660587310791016,2.5822439193725586,3.419934534191317,False
FUT8,1,ok,apo2mol,1.2568472080948285,3.896928465775237,1.922896385192871,1.9708445072174072,3.419934534191317,False
FUT8,2,ok,apo2mol,3.0294572456183038,2.8315930402834053,2.8548009395599365,2.7467434406280518,3.419934534191317,True
FUT8,3,ok,apo2mol,2.4494007711993726,4.832351998471214,2.4673821926116943,2.534980535507202,3.419934534191317,False
FUT8,4,ok,apo2mol,3.5182672362546774,4.41940864655733,3.097390651702881,3.0454905033111572,3.419934534191317,False
FUT8,5,ok,apo2mol,2.2981883192916492,4.4403366204435715,2.7185864448547363,2.6749234199523926,3.419934534191317,False
FUT8,6,ok,apo2mol,2.6882815108041904,3.580874541932028,1.65702223777771,1.6779972314834595,3.419934534191317,False
FUT8,7,ok,apo2mol,1.8510514365336348,3.754822762687679,1.8711092472076416,1.8874616622924805,3.419934534191317,False
FUT8,8,ok,apo2mol,2.430153625124675,4.632217137387901,2.195250988006592,2.2537851333618164,3.419934534191317,False
FUT8,9,ok,apo2mol,2.0926472129863645,4.294628249979869,2.3682143688201904,2.4204394817352295,3.419934534191317,False
FUT8,10,ok,apo2mol,1.618731421185124,4.132795678595541,3.109998941421509,3.014298915863037,3.419934534191317,False
FUT8,11,ok,apo2mol,2.7189018458094583,2.9196003608957173,2.173100471496582,2.2129344940185547,3.419934534191317,False
FUT8,12,ok,apo2mol,2.787147379571525,3.625781234762638,2.7234299182891846,2.6742420196533203,3.419934534191317,False
FUT8,13,ok,apo2mol,2.6020809911882696,3.4306405726583384,2.6877753734588623,2.6463265419006348,3.419934534191317,False
FUT8,14,ok,apo2mol,2.022050248173069,2.9184723149119987,2.2924206256866455,2.2106027603149414,3.419934534191317,False
FUT8,15,ok,apo2mol,1.6781230477988178,3.994292412911293,2.6354875564575195,2.5964736938476562,3.419934534191317,False
FUT8,16,ok,apo2mol,3.4743414824355225,4.276260214229721,3.55436372756958,3.466171979904175,3.419934534191317,False
FUT8,17,ok,apo2mol,1.889307684529387,3.383998795599073,2.272135019302368,2.217498779296875,3.419934534191317,False
FUT8,18,ok,apo2mol,2.071863331957559,3.972910109067229,3.5026447772979736,3.4752767086029053,3.419934534191317,False
FUT8,19,ok,apo2mol,0.9956645254872328,3.324523568036462,1.3827509880065918,1.3184093236923218,3.419934534191317,False
FUT8,20,ok,apo2mol,2.2674535097180586,3.041204889869258,1.3479838371276855,1.3675670623779297,3.419934534191317,False
FUT8,21,ok,apo2mol,1.5878259513211737,3.1989328117607414,1.5642050504684448,1.5533262491226196,3.419934534191317,False
FUT8,22,ok,apo2mol,2.6542795296907316,3.6152072496781806,2.3140807151794434,2.1258413791656494,3.419934534191317,False
FUT8,23,ok,apo2mol,1.7613235708241954,4.196263259879754,2.4397244453430176,2.408968687057495,3.419934534191317,False
FUT8,24,ok,apo2mol,2.317922245260195,3.956212878334914,2.226231813430786,2.277153491973877,3.419934534191317,False
FUT8,25,ok,apo2mol,1.8187712314531357,4.454414970085841,2.758934259414673,2.6672816276550293,3.419934534191317,False
FUT8,26,ok,apo2mol,2.9165613816274085,3.1914379975002864,2.4638864994049072,2.4721412658691406,3.419934534191317,False
FUT8,27,ok,apo2mol,3.404364687139906,3.3812181428362535,2.732877731323242,2.7116737365722656,3.419934534191317,True
FUT8,28,ok,apo2mol,3.4267974511442425,3.0057600672963436,2.105405807495117,2.109286069869995,3.419934534191317,True
FUT8,29,ok,apo2mol,1.139785362963086,3.8590285419833057,2.1583659648895264,2.229830503463745,3.419934534191317,False
p53_Y220C,0,ok,bbflow_refine,0.29812491125695956,1.2932402756892767,0.412052720785141,0.633022665977478,1.1600563699903448,False
p53_Y220C,1,ok,bbflow_refine,0.3322387346224069,1.0753159347075794,0.488308846950531,0.640184223651886,1.1600563699903448,False
p53_Y220C,2,ok,bbflow_refine,0.6377619523050292,1.0213546719210223,0.6321505904197693,0.696589469909668,1.1600563699903448,False
p53_Y220C,3,ok,bbflow_refine,0.1991349711063881,1.1806613027047632,0.42089253664016724,0.7497084140777588,1.1600563699903448,False
p53_Y220C,4,ok,bbflow_refine,0.3673275619568076,1.0743336009270736,0.43860727548599243,0.6721495389938354,1.1600563699903448,False
p53_Y220C,5,ok,bbflow_refine,0.5467316212483149,1.0583114341412525,0.35983750224113464,0.715732991695404,1.1600563699903448,False
p53_Y220C,6,ok,bbflow_refine,0.6451158126830264,0.9234417032575395,0.4551277160644531,0.6542847156524658,1.1600563699903448,False
p53_Y220C,7,ok,bbflow_refine,0.4717350960799564,0.9626859146828606,0.5337382555007935,0.7788044810295105,1.1600563699903448,False
p53_Y220C,8,ok,bbflow_refine,0.5982794743084238,0.9458121248351754,0.5012694001197815,0.6266146302223206,1.1600563699903448,False
p53_Y220C,9,ok,bbflow_refine,0.3941152286570469,1.0957640134017008,0.5666887164115906,0.5145263671875,1.1600563699903448,False
p53_Y220C,10,ok,bbflow_refine,0.5849057077563378,0.9782984245696515,0.3097505271434784,0.5515874028205872,1.1600563699903448,False
p53_Y220C,11,ok,bbflow_refine,0.4269571195359131,1.0205365482646833,0.730837881565094,0.9014671444892883,1.1600563699903448,False
p53_Y220C,12,ok,bbflow_refine,0.40614162124258985,0.9629864441896964,0.330035924911499,0.5880486369132996,1.1600563699903448,False
p53_Y220C,13,ok,bbflow_refine,0.355617394301747,1.0548589496424379,0.39714962244033813,0.6979472637176514,1.1600563699903448,False
p53_Y220C,14,ok,bbflow_refine,0.45773760776492634,0.9170465693600076,0.39291203022003174,0.661476194858551,1.1600563699903448,False
p53_Y220C,15,ok,bbflow_refine,0.5168461259790035,1.0414311842188229,0.49845460057258606,0.5377819538116455,1.1600563699903448,False
p53_Y220C,16,ok,bbflow_refine,0.360259736171534,1.1766779828990823,0.5404584407806396,0.5563580989837646,1.1600563699903448,False
p53_Y220C,17,ok,bbflow_refine,0.5004114206734185,1.0491215149301802,0.538712739944458,0.6586646437644958,1.1600563699903448,False
p53_Y220C,18,ok,bbflow_refine,0.441364342604692,1.0896678860146916,0.9782631397247314,1.0935295820236206,1.1600563699903448,False
p53_Y220C,19,ok,bbflow_refine,0.5609590651989935,0.9800386942146722,0.41446080803871155,0.645575225353241,1.1600563699903448,False
p53_Y220C,20,ok,bbflow_refine,0.4039207096819638,1.0196057288783005,0.48250406980514526,0.626140832901001,1.1600563699903448,False
p53_Y220C,21,ok,bbflow_refine,0.642399725455039,1.235152180982881,0.9113683700561523,0.7386404871940613,1.1600563699903448,False
p53_Y220C,22,ok,bbflow_refine,1.3204057348313822,0.5796096914053739,0.46150171756744385,0.4474906623363495,1.1600563699903448,True
p53_Y220C,23,ok,bbflow_refine,0.5477043765585218,1.009285690403521,0.501003623008728,0.5382937788963318,1.1600563699903448,False
p53_Y220C,24,ok,bbflow_refine,0.20275859308357727,1.148467359781797,0.43727925419807434,0.6142149567604065,1.1600563699903448,False
p53_Y220C,25,ok,bbflow_refine,1.3243700989360534,0.4721563128058678,0.5382959842681885,0.6466668248176575,1.1600563699903448,True
p53_Y220C,26,ok,bbflow_refine,0.44722988646648615,0.9315564259481772,0.427392840385437,0.6952534317970276,1.1600563699903448,False
p53_Y220C,27,ok,bbflow_refine,0.5182775414155629,0.9692695619033983,0.4814380705356598,0.5667174458503723,1.1600563699903448,False
p53_Y220C,28,ok,bbflow_refine,0.6622101323555294,0.9743431813328226,0.3655719757080078,0.618096649646759,1.1600563699903448,False
p53_Y220C,29,ok,bbflow_refine,0.4571288567021243,1.0248387186584407,0.6312761902809143,0.8246884346008301,1.1600563699903448,False
CB1,0,ok,bbflow_refine,2.219298012981901,2.859504450945496,1.1556282043457031,1.6034471988677979,2.023384393567615,False
CB1,1,ok,bbflow_refine,2.0358245570192763,2.1437887168142398,1.0228996276855469,1.2338804006576538,2.023384393567615,False
CB1,2,ok,bbflow_refine,2.417088040707115,1.9576203822641924,1.386444091796875,1.3749552965164185,2.023384393567615,True
CB1,3,ok,bbflow_refine,3.666853803617895,2.898625296578778,2.595586061477661,2.5019469261169434,2.023384393567615,False
CB1,4,ok,bbflow_refine,1.8891613528455449,2.1246535964802975,1.127572774887085,1.36785888671875,2.023384393567615,False
CB1,5,ok,bbflow_refine,1.4953428220403913,1.997352858630477,0.78346848487854,1.1645238399505615,2.023384393567615,False
CB1,6,ok,bbflow_refine,2.4062977979205407,2.1037525393752285,1.1516306400299072,1.3246147632598877,2.023384393567615,False
CB1,7,ok,bbflow_refine,3.4775868710441102,3.0322839354785764,1.5153833627700806,1.7468472719192505,2.023384393567615,False
CB1,8,ok,bbflow_refine,2.0367745676713476,2.7730299425553406,1.3163673877716064,1.7281452417373657,2.023384393567615,False
CB1,9,ok,bbflow_refine,2.5159817186677618,2.621666079908288,1.2337907552719116,1.4899896383285522,2.023384393567615,False
CB1,10,ok,bbflow_refine,1.8743220905172777,2.307712280927344,1.2879726886749268,1.6139395236968994,2.023384393567615,False
CB1,11,ok,bbflow_refine,1.339420885803328,1.8035832859466874,1.0392162799835205,1.2239477634429932,2.023384393567615,False
CB1,12,ok,bbflow_refine,3.554734946630211,2.9624873851084055,2.2707321643829346,2.226749897003174,2.023384393567615,False
CB1,13,ok,bbflow_refine,3.6584719734694975,3.6175395362143834,1.713303565979004,2.0276646614074707,2.023384393567615,False
CB1,14,ok,bbflow_refine,2.2925120740204545,2.281757761324893,1.3636763095855713,1.5987226963043213,2.023384393567615,False
CB1,15,ok,bbflow_refine,2.1863461716123394,1.8586386231393162,0.8231119513511658,1.075321078300476,2.023384393567615,True
CB1,16,ok,bbflow_refine,2.3513571216620246,2.2110491854911016,0.9900090098381042,1.371544599533081,2.023384393567615,False
CB1,17,ok,bbflow_refine,2.3667091247170795,2.5341723426700753,1.1209312677383423,1.458916425704956,2.023384393567615,False
CB1,18,ok,bbflow_refine,2.5990216424366617,2.1253618107405923,1.199383020401001,1.3186111450195312,2.023384393567615,False
CB1,19,ok,bbflow_refine,2.6306465161620514,2.1707943286270317,1.2969707250595093,1.442069172859192,2.023384393567615,False
CB1,20,ok,bbflow_refine,1.891643949009084,1.8726786614716242,1.0751372575759888,1.1710439920425415,2.023384393567615,True
CB1,21,ok,bbflow_refine,2.123678989405318,2.874939742021605,1.2684698104858398,1.6368104219436646,2.023384393567615,False
CB1,22,ok,bbflow_refine,3.4786703652958093,2.929766673454253,1.9301477670669556,1.673293113708496,2.023384393567615,False
CB1,23,ok,bbflow_refine,3.4772996594801473,3.2518730457879017,2.0764901638031006,2.425520181655884,2.023384393567615,False
CB1,24,ok,bbflow_refine,1.3597454087684715,1.8252832128998837,0.7753474712371826,0.9999611973762512,2.023384393567615,False
CB1,25,ok,bbflow_refine,2.1397031380519307,2.1389372495050973,0.832833468914032,1.221968412399292,2.023384393567615,False
CB1,26,ok,bbflow_refine,2.568769007620469,2.3177090199097665,1.1211121082305908,1.2631661891937256,2.023384393567615,False
CB1,27,ok,bbflow_refine,1.2923260649809403,2.1036826271922346,0.7974627614021301,1.0794897079467773,2.023384393567615,False
CB1,28,ok,bbflow_refine,2.156904967793478,1.8216916435213413,0.7767394781112671,1.056102991104126,2.023384393567615,True
CB1,29,ok,bbflow_refine,2.282422461670337,2.0906534675031225,1.0490374565124512,1.2021875381469727,2.023384393567615,False
KRAS,0,ok,bbflow_refine,3.1437829994950173,3.034176645106338,1.2071073055267334,1.3388737440109253,3.742426159251105,True
KRAS,1,ok,bbflow_refine,2.2612447450964184,3.2410987060233967,0.9837701916694641,1.458603858947754,3.742426159251105,False
KRAS,2,ok,bbflow_refine,2.264721929717469,3.379466536393947,0.6411792635917664,1.4289401769638062,3.742426159251105,False
KRAS,3,ok,bbflow_refine,2.0358259450076,3.3521750439027254,0.6736133694648743,1.5073893070220947,3.742426159251105,False
KRAS,4,ok,bbflow_refine,2.4879953763072393,3.471135394195587,0.6793984770774841,1.6149526834487915,3.742426159251105,False
KRAS,5,ok,bbflow_refine,2.4558304165992473,3.406769847523987,0.7338773012161255,1.5931137800216675,3.742426159251105,False
KRAS,6,ok,bbflow_refine,2.496126947541853,3.275063443366592,0.6892368793487549,1.5803884267807007,3.742426159251105,False
KRAS,7,ok,bbflow_refine,2.2408983862647522,3.5067825722380332,0.820258378982544,1.487596869468689,3.742426159251105,False
KRAS,8,ok,bbflow_refine,2.5236888110462625,2.8127029226344855,0.6637978553771973,1.2791496515274048,3.742426159251105,False
KRAS,9,ok,bbflow_refine,2.8873111579602755,3.198763008525207,0.8680251836776733,1.3400033712387085,3.742426159251105,False
KRAS,10,ok,bbflow_refine,2.5388844007062588,3.7655783645856995,1.1062555313110352,1.7500630617141724,3.742426159251105,False
KRAS,11,ok,bbflow_refine,2.3787259114435777,3.4194186299380593,0.9524652361869812,1.434021234512329,3.742426159251105,False
KRAS,12,ok,bbflow_refine,2.154685896228344,3.31947174072033,0.51344895362854,1.2586454153060913,3.742426159251105,False
KRAS,13,ok,bbflow_refine,2.985221013188798,3.653611944907805,1.2612884044647217,1.6046638488769531,3.742426159251105,False
KRAS,14,ok,bbflow_refine,2.8411411734770984,2.952828816361051,0.7875402569770813,1.214327335357666,3.742426159251105,False
KRAS,15,ok,bbflow_refine,2.065737541224791,3.2927108489533574,0.8752381801605225,1.6497414112091064,3.742426159251105,False
KRAS,16,ok,bbflow_refine,2.555187995710132,3.9520133331181806,1.1277140378952026,1.8651179075241089,3.742426159251105,False
KRAS,17,ok,bbflow_refine,2.2333755583614265,3.2362102267974646,0.5430783033370972,1.3818645477294922,3.742426159251105,False
KRAS,18,ok,bbflow_refine,2.9808584485243936,3.4994224536190366,0.8725044131278992,1.5109273195266724,3.742426159251105,False
KRAS,19,ok,bbflow_refine,2.155315995796592,3.1696056139244906,1.3199586868286133,1.9049746990203857,3.742426159251105,False
KRAS,20,ok,bbflow_refine,2.127816600859642,3.5279789694585393,0.8359648585319519,1.7467541694641113,3.742426159251105,False
KRAS,21,ok,bbflow_refine,2.3015936072757874,3.7389475532811005,1.304075837135315,1.9876043796539307,3.742426159251105,False
KRAS,22,ok,bbflow_refine,2.497885385956216,3.4982395426699067,1.4290224313735962,1.7643934488296509,3.742426159251105,False
KRAS,23,ok,bbflow_refine,1.8669856615042781,3.83494296076695,0.7036600112915039,1.5102870464324951,3.742426159251105,False
KRAS,24,ok,bbflow_refine,2.570266176135625,3.170054575077062,0.8933266997337341,1.3905388116836548,3.742426159251105,False
KRAS,25,ok,bbflow_refine,2.936614281125926,3.0184840880152053,1.1392658948898315,1.6210273504257202,3.742426159251105,False
KRAS,26,ok,bbflow_refine,2.7055227193517255,3.512796035183689,0.7653265595436096,1.5193583965301514,3.742426159251105,False
KRAS,27,ok,bbflow_refine,2.8433383430554944,3.315687322344184,0.7927525639533997,1.366486668586731,3.742426159251105,False
KRAS,28,ok,bbflow_refine,2.4131209578110213,3.7451049268746597,0.9160395860671997,1.4976346492767334,3.742426159251105,False
KRAS,29,ok,bbflow_refine,2.6576994101195544,3.278144809097239,0.8528812527656555,1.283087134361267,3.742426159251105,False
cAbl,0,ok,bbflow_refine,2.078490682793047,3.349854727236633,1.1117075681686401,1.4585011005401611,3.4458517805005147,False
cAbl,1,ok,bbflow_refine,2.182452946972477,3.172207982540798,1.0067241191864014,1.6456061601638794,3.4458517805005147,False
cAbl,2,ok,bbflow_refine,1.893595732036027,3.4539199514954353,0.7220749258995056,1.6942741870880127,3.4458517805005147,False
cAbl,3,ok,bbflow_refine,2.1136464732078886,3.514905388333254,1.0409802198410034,1.4516427516937256,3.4458517805005147,False
cAbl,4,ok,bbflow_refine,1.6796405712777136,3.2264249890899546,0.43475884199142456,1.7141320705413818,3.4458517805005147,False
cAbl,5,ok,bbflow_refine,1.7338360670552633,3.314733649362373,0.803383469581604,1.5345795154571533,3.4458517805005147,False
cAbl,6,ok,bbflow_refine,2.0485737541004676,3.524349015602019,0.6801509857177734,1.7972372770309448,3.4458517805005147,False
cAbl,7,ok,bbflow_refine,2.159104534925533,3.1464604197606443,0.8657147884368896,1.3488918542861938,3.4458517805005147,False
cAbl,8,ok,bbflow_refine,1.542799898502267,3.448827112603481,0.9794816970825195,1.825568675994873,3.4458517805005147,False
cAbl,9,ok,bbflow_refine,2.6226743623424373,3.6991891183457746,1.2378724813461304,1.9240646362304688,3.4458517805005147,False
cAbl,10,ok,bbflow_refine,1.3848138286294398,3.422609797467314,0.549585223197937,1.7771525382995605,3.4458517805005147,False
cAbl,11,ok,bbflow_refine,1.4600897705346512,3.4711843211530238,0.5042382478713989,1.681322455406189,3.4458517805005147,False
cAbl,12,ok,bbflow_refine,3.1293409424239047,3.8768004015187434,2.076622486114502,2.078932285308838,3.4458517805005147,False
cAbl,13,ok,bbflow_refine,3.1516025584540825,4.232149141545673,1.454514980316162,1.6855671405792236,3.4458517805005147,False
cAbl,14,ok,bbflow_refine,3.4846404994538,4.575937364029971,1.6451390981674194,1.838758111000061,3.4458517805005147,False
cAbl,15,ok,bbflow_refine,1.3064672085745812,3.364483102734587,0.5101117491722107,1.717684030532837,3.4458517805005147,False
cAbl,16,ok,bbflow_refine,1.6351467826126602,3.2735888317865753,0.46695318818092346,1.634304165840149,3.4458517805005147,False
cAbl,17,ok,bbflow_refine,2.3448768180699515,3.576697801211324,1.171876072883606,1.5499244928359985,3.4458517805005147,False
cAbl,18,ok,bbflow_refine,3.08894119692031,4.254319836041207,1.283948302268982,1.6696745157241821,3.4458517805005147,False
cAbl,19,ok,bbflow_refine,3.53179907116864,4.65873332648636,1.5152758359909058,2.0115420818328857,3.4458517805005147,False
cAbl,20,ok,bbflow_refine,2.4030073032972865,3.5789007295764574,1.3581634759902954,1.5746663808822632,3.4458517805005147,False
cAbl,21,ok,bbflow_refine,2.8366819444624056,3.8722522908827437,1.3628628253936768,1.7135077714920044,3.4458517805005147,False
cAbl,22,ok,bbflow_refine,1.250473176514387,3.405056807769742,0.35577937960624695,1.6452100276947021,3.4458517805005147,False
cAbl,23,ok,bbflow_refine,1.4703480164893221,3.5447693715619453,0.5201041102409363,1.7311444282531738,3.4458517805005147,False
cAbl,24,ok,bbflow_refine,2.436719773894809,3.7325875378599944,1.209164023399353,1.6671956777572632,3.4458517805005147,False
cAbl,25,ok,bbflow_refine,2.3056134886076594,3.293872706535492,1.1779415607452393,1.4244701862335205,3.4458517805005147,False
cAbl,26,ok,bbflow_refine,2.4011658276016514,3.522943013003199,1.1238329410552979,1.6238453388214111,3.4458517805005147,False
cAbl,27,ok,bbflow_refine,1.8223426717305564,3.2325320639346966,0.752956748008728,1.364017367362976,3.4458517805005147,False
cAbl,28,ok,bbflow_refine,1.7958721071692751,3.2542512084276902,0.8672683835029602,1.405712366104126,3.4458517805005147,False
cAbl,29,ok,bbflow_refine,2.1356074376561143,3.4197841478742874,1.442089557647705,1.8779878616333008,3.4458517805005147,False
HIF2alpha,0,ok,bbflow_refine,1.4790089303745002,1.063999003717407,0.45043864846229553,0.6310441493988037,1.86542516135414,True
HIF2alpha,1,ok,bbflow_refine,2.240299364703205,2.1756116647642543,0.4825199842453003,0.5916388034820557,1.86542516135414,False
HIF2alpha,2,ok,bbflow_refine,1.5509576491637826,1.3867828402088624,0.4579485356807709,0.637189507484436,1.86542516135414,True
HIF2alpha,3,ok,bbflow_refine,1.5649001781463656,1.3870503251562012,0.5115207433700562,0.493745356798172,1.86542516135414,True
HIF2alpha,4,ok,bbflow_refine,2.2672285580278455,2.2496908705481324,0.4257848858833313,0.5809698104858398,1.86542516135414,False
HIF2alpha,5,ok,bbflow_refine,2.2398653902562904,2.5459685893738637,0.582737922668457,0.7100347876548767,1.86542516135414,False
HIF2alpha,6,ok,bbflow_refine,2.422921231616228,2.479647400137908,0.4930659234523773,0.4845737814903259,1.86542516135414,False
HIF2alpha,7,ok,bbflow_refine,2.3565024432094033,2.569476093635727,0.6036403775215149,0.700084924697876,1.86542516135414,False
HIF2alpha,8,ok,bbflow_refine,2.469312343585102,2.5416389213673583,0.4791916608810425,0.6644681096076965,1.86542516135414,False
HIF2alpha,9,ok,bbflow_refine,1.7284984906263907,1.7716500885774842,0.6433753967285156,0.5281881093978882,1.86542516135414,False
HIF2alpha,10,ok,bbflow_refine,2.5560626296288764,2.5136534532018353,0.7566906809806824,0.7006050944328308,1.86542516135414,False
HIF2alpha,11,ok,bbflow_refine,2.7809222119891555,2.69595615238865,0.713455319404602,0.5614500045776367,1.86542516135414,False
HIF2alpha,12,ok,bbflow_refine,1.2312480954469085,1.4356253558538419,0.47405537962913513,0.6373667120933533,1.86542516135414,False
HIF2alpha,13,ok,bbflow_refine,1.4195062937805814,1.057257064478619,0.4129287600517273,0.44638070464134216,1.86542516135414,True
HIF2alpha,14,ok,bbflow_refine,2.1257177399885423,2.385624594697959,0.6046981811523438,0.7660626173019409,1.86542516135414,False
HIF2alpha,15,ok,bbflow_refine,2.568363397592699,2.653180391961291,0.6908605694770813,0.6779069900512695,1.86542516135414,False
HIF2alpha,16,ok,bbflow_refine,2.548318902177119,2.8129721916262573,0.6844198703765869,0.8833410739898682,1.86542516135414,False
HIF2alpha,17,ok,bbflow_refine,1.992828279385942,1.921526649008173,0.6127222180366516,0.7353460788726807,1.86542516135414,False
HIF2alpha,18,ok,bbflow_refine,1.034941232290556,1.5515024689834251,0.4913462996482849,0.6005021929740906,1.86542516135414,False
HIF2alpha,19,ok,bbflow_refine,2.2413817762366373,2.2588871294448305,0.41216230392456055,0.6075023412704468,1.86542516135414,False
HIF2alpha,20,ok,bbflow_refine,1.2282757817255983,1.359559729875193,0.3978036642074585,0.5422230362892151,1.86542516135414,False
HIF2alpha,21,ok,bbflow_refine,2.3042388306872277,2.423933132266307,0.5179369449615479,0.6383293867111206,1.86542516135414,False
HIF2alpha,22,ok,bbflow_refine,2.317149119832043,2.3513929743192086,0.4977765381336212,0.47427743673324585,1.86542516135414,False
HIF2alpha,23,ok,bbflow_refine,1.3091000717711543,1.357516756713433,0.4688706696033478,0.6674981713294983,1.86542516135414,False
HIF2alpha,24,ok,bbflow_refine,2.2770452898156734,2.4359817775997565,0.45891517400741577,0.5105155110359192,1.86542516135414,False
HIF2alpha,25,ok,bbflow_refine,1.4831286099777516,1.2837257965886757,0.40498852729797363,0.5536827445030212,1.86542516135414,True
HIF2alpha,26,ok,bbflow_refine,1.345057204053055,1.053746963402076,0.39045780897140503,0.5317350029945374,1.86542516135414,True
HIF2alpha,27,ok,bbflow_refine,1.3621243362424362,1.499936747100353,0.3656606078147888,0.40458983182907104,1.86542516135414,False
HIF2alpha,28,ok,bbflow_refine,2.41677897839075,2.5860304340362505,0.4682618975639343,0.5148146152496338,1.86542516135414,False
HIF2alpha,29,ok,bbflow_refine,2.3852340428438397,2.7467099941255952,0.5627837181091309,0.601925253868103,1.86542516135414,False
HIV_RT,0,ok,bbflow_refine,1.0203596088362532,3.0160175051721714,0.5003346800804138,1.3377091884613037,3.055562157269878,False
HIV_RT,1,ok,bbflow_refine,1.1095204600778494,3.023247765978904,0.7325785756111145,1.4895621538162231,3.055562157269878,False
HIV_RT,2,ok,bbflow_refine,1.01473803827158,2.8988508658641505,0.4700492322444916,1.3095405101776123,3.055562157269878,False
HIV_RT,3,ok,bbflow_refine,0.9691117102289826,2.9877070696086645,0.7056673765182495,1.5255978107452393,3.055562157269878,False
HIV_RT,4,ok,bbflow_refine,1.0063889249190008,2.923736239153308,0.9876556396484375,1.5077012777328491,3.055562157269878,False
HIV_RT,5,ok,bbflow_refine,1.114199251818592,3.082065495688451,0.7565135359764099,1.3594040870666504,3.055562157269878,False
HIV_RT,6,ok,bbflow_refine,1.1172261904972656,2.731878196971931,0.833727240562439,1.4221769571304321,3.055562157269878,False
HIV_RT,7,ok,bbflow_refine,0.8794112424913602,2.793033076491101,0.5185332894325256,1.223488688468933,3.055562157269878,False
HIV_RT,8,ok,bbflow_refine,1.1846924526482119,3.2188659853184327,0.6713648438453674,1.4655170440673828,3.055562157269878,False
HIV_RT,9,ok,bbflow_refine,1.5401802107894706,2.480898913388931,0.5930837988853455,1.3177382946014404,3.055562157269878,False
HIV_RT,10,ok,bbflow_refine,0.8179878369186713,2.865189830078424,0.45324891805648804,1.3489543199539185,3.055562157269878,False
HIV_RT,11,ok,bbflow_refine,1.617477899224422,2.5052528029596575,0.6240156292915344,1.182778000831604,3.055562157269878,False
HIV_RT,12,ok,bbflow_refine,1.8348863069210684,3.469772894505895,0.4999958872795105,1.4681800603866577,3.055562157269878,False
HIV_RT,13,ok,bbflow_refine,0.9410081611155671,2.806101753114234,0.6406141519546509,1.2456188201904297,3.055562157269878,False
HIV_RT,14,ok,bbflow_refine,1.273012544063269,2.917396215967253,0.5520532727241516,1.3788987398147583,3.055562157269878,False
HIV_RT,15,ok,bbflow_refine,0.9752060945615195,2.8847908747694495,0.5319240689277649,1.4416372776031494,3.055562157269878,False
HIV_RT,16,ok,bbflow_refine,1.0164067523879714,3.0676245908325988,0.5285816192626953,1.501550555229187,3.055562157269878,False
HIV_RT,17,ok,bbflow_refine,1.449297897554117,2.7287965405599577,0.6804318428039551,1.4589205980300903,3.055562157269878,False
HIV_RT,18,ok,bbflow_refine,0.8818004183145689,3.0824728213613612,0.577357292175293,1.5140862464904785,3.055562157269878,False
HIV_RT,19,ok,bbflow_refine,0.8074081346871246,2.9776764774241435,0.422600120306015,1.4469705820083618,3.055562157269878,False
HIV_RT,20,ok,bbflow_refine,0.9021996884088496,2.8734508184096414,0.4355453848838806,1.3721574544906616,3.055562157269878,False
HIV_RT,21,ok,bbflow_refine,0.9568838195160337,2.8926415035358777,0.5758920311927795,1.3729466199874878,3.055562157269878,False
HIV_RT,22,ok,bbflow_refine,0.9812310410566657,3.073718935261173,0.5209681391716003,1.394722819328308,3.055562157269878,False
HIV_RT,23,ok,bbflow_refine,1.01814841597097,2.8672518070937465,0.5301281213760376,1.509208083152771,3.055562157269878,False
HIV_RT,24,ok,bbflow_refine,1.6667201587827887,2.7811116969202523,0.7093810439109802,1.3895922899246216,3.055562157269878,False
HIV_RT,25,ok,bbflow_refine,1.112199013866179,3.1439713632203894,0.7920742630958557,1.5422370433807373,3.055562157269878,False
HIV_RT,26,ok,bbflow_refine,0.8757064597428221,2.9306941714778874,0.3950139284133911,1.3531659841537476,3.055562157269878,False
HIV_RT,27,ok,bbflow_refine,1.0894978967691957,2.699954721436647,0.6798970699310303,1.5296719074249268,3.055562157269878,False
HIV_RT,28,ok,bbflow_refine,1.0020267369328892,2.8992557949060007,0.7554094791412354,1.329445481300354,3.055562157269878,False
HIV_RT,29,ok,bbflow_refine,0.9931010808639015,2.842376012536624,0.48312342166900635,1.3078572750091553,3.055562157269878,False
HIV1_CA,0,ok,bbflow_refine,2.6016752812375104,2.29518630504122,0.518187940120697,0.6427919268608093,1.3207135415934947,False
HIV1_CA,1,ok,bbflow_refine,1.3218871889386596,1.5573685540958748,0.6749197244644165,0.811241090297699,1.3207135415934947,False
HIV1_CA,2,ok,bbflow_refine,1.9994620553394324,1.6991946787487233,0.48605918884277344,0.5583752393722534,1.3207135415934947,False
HIV1_CA,3,ok,bbflow_refine,1.1511685573318793,1.4184467501330649,0.49135109782218933,0.4955948293209076,1.3207135415934947,False
HIV1_CA,4,ok,bbflow_refine,1.899466209273288,2.1100537875904477,0.5297636985778809,0.44852107763290405,1.3207135415934947,False
HIV1_CA,5,ok,bbflow_refine,0.8796668032734851,1.0794740060041612,0.3081614673137665,0.5279725790023804,1.3207135415934947,False
HIV1_CA,6,ok,bbflow_refine,2.6588585903667696,2.3236725493970294,0.4220699369907379,0.31729912757873535,1.3207135415934947,False
HIV1_CA,7,ok,bbflow_refine,1.2164127021650553,1.6211253376325543,0.4288891553878784,0.3606530725955963,1.3207135415934947,False
HIV1_CA,8,ok,bbflow_refine,1.044310780662492,1.5366675627754782,0.6523498296737671,0.731812596321106,1.3207135415934947,False
HIV1_CA,9,ok,bbflow_refine,2.367032836740732,2.1166337193405393,0.39510974287986755,0.5237441062927246,1.3207135415934947,False
HIV1_CA,10,ok,bbflow_refine,1.1721544229316467,1.6521222161699805,0.6061930656433105,0.6570963859558105,1.3207135415934947,False
HIV1_CA,11,ok,bbflow_refine,0.8719485374560672,1.1980428435728325,0.4811742901802063,0.6066738963127136,1.3207135415934947,False
HIV1_CA,12,ok,bbflow_refine,2.576959437704907,2.2648598734607157,0.5389147400856018,0.42377862334251404,1.3207135415934947,False
HIV1_CA,13,ok,bbflow_refine,2.002082402880423,2.203587200238582,0.3755234181880951,0.4150294065475464,1.3207135415934947,False
HIV1_CA,14,ok,bbflow_refine,1.6625868931548133,2.112501375397304,0.4373874068260193,0.5335875153541565,1.3207135415934947,False
HIV1_CA,15,ok,bbflow_refine,0.9384843815162337,1.3440895538693844,0.4685348570346832,0.6214291453361511,1.3207135415934947,False
HIV1_CA,16,ok,bbflow_refine,2.2867942569084265,1.863210787397151,0.6117865443229675,0.5151568055152893,1.3207135415934947,False
HIV1_CA,17,ok,bbflow_refine,2.08968732808983,2.3897602897115946,0.48514851927757263,0.47460898756980896,1.3207135415934947,False
HIV1_CA,18,ok,bbflow_refine,1.484709103110701,1.748362547148842,1.0199284553527832,0.8650790452957153,1.3207135415934947,False
HIV1_CA,19,ok,bbflow_refine,2.029579995453513,2.2979684131614255,0.5446057915687561,0.4795222282409668,1.3207135415934947,False
HIV1_CA,20,ok,bbflow_refine,1.136856507718385,1.6339038890357744,0.5494060516357422,0.5570216774940491,1.3207135415934947,False
HIV1_CA,21,ok,bbflow_refine,1.9751285047077614,2.270983536445266,0.36979639530181885,0.3522818386554718,1.3207135415934947,False
HIV1_CA,22,ok,bbflow_refine,2.2256482364686927,1.9768521076208514,0.4803697168827057,0.569601833820343,1.3207135415934947,False
HIV1_CA,23,ok,bbflow_refine,1.16258699235187,1.6027953822188168,0.7545076608657837,0.6788955926895142,1.3207135415934947,False
HIV1_CA,24,ok,bbflow_refine,0.8213717932655205,1.0182092116694066,0.36754468083381653,0.3558832108974457,1.3207135415934947,False
HIV1_CA,25,ok,bbflow_refine,2.0628371107704795,2.337324702307692,0.6015411615371704,0.6705549359321594,1.3207135415934947,False
HIV1_CA,26,ok,bbflow_refine,1.6371120485120978,1.0233349154167082,0.4595400393009186,0.6122584939002991,1.3207135415934947,True
HIV1_CA,27,ok,bbflow_refine,0.8949107957140551,1.3081711929832027,0.5288649797439575,0.6521648168563843,1.3207135415934947,False
HIV1_CA,28,ok,bbflow_refine,1.9195157312802567,2.159156045027509,0.5616432428359985,0.5673394203186035,1.3207135415934947,False
HIV1_CA,29,ok,bbflow_refine,2.6407726279179298,2.2539364794182855,0.6196443438529968,0.637751042842865,1.3207135415934947,False
Menin,0,ok,bbflow_refine,1.5697009456101896,1.3223677390630755,0.7211840748786926,0.7438620924949646,1.2468617606125678,False
Menin,1,ok,bbflow_refine,1.2819876508496093,0.7754282641115934,0.556638240814209,0.6453567743301392,1.2468617606125678,True
Menin,2,ok,bbflow_refine,2.6458088154433184,2.0529341858741303,0.8390246033668518,0.7131637334823608,1.2468617606125678,False
Menin,3,ok,bbflow_refine,0.9296520671873859,1.0188712857886648,0.5355870127677917,0.6732996702194214,1.2468617606125678,False
Menin,4,ok,bbflow_refine,1.6184793777575122,1.0290630274368768,0.9644546508789062,0.8281576037406921,1.2468617606125678,True
Menin,5,ok,bbflow_refine,1.8366092564034489,1.4399925595124168,0.8781375885009766,0.726272702217102,1.2468617606125678,False
Menin,6,ok,bbflow_refine,1.4005247796772056,1.334237458765665,0.6589484810829163,0.7461657524108887,1.2468617606125678,False
Menin,7,ok,bbflow_refine,1.7449539985997018,1.4206273950146604,1.2449392080307007,1.094692587852478,1.2468617606125678,False
Menin,8,ok,bbflow_refine,1.3360953032981542,1.2807912350104858,0.5225589275360107,0.7072481513023376,1.2468617606125678,False
Menin,9,ok,bbflow_refine,2.129236559539394,1.6744816062817962,0.9421675801277161,0.8406373858451843,1.2468617606125678,False
Menin,10,ok,bbflow_refine,0.8765274208717544,1.1959455875666927,0.5499311089515686,0.7176263332366943,1.2468617606125678,False
Menin,11,ok,bbflow_refine,0.8147706952283612,1.067306310257302,0.6829890608787537,0.6050397753715515,1.2468617606125678,False
Menin,12,ok,bbflow_refine,1.0007448546474422,1.0637692188644594,0.6618419885635376,0.6514866352081299,1.2468617606125678,False
Menin,13,ok,bbflow_refine,1.3614211375525955,1.2887537603451977,0.5029484033584595,0.5840007662773132,1.2468617606125678,False
Menin,14,ok,bbflow_refine,1.296983810189886,1.0223754820969106,0.4426335096359253,0.5894775390625,1.2468617606125678,True
Menin,15,ok,bbflow_refine,0.8463370658570224,0.9768580506430858,0.7176774144172668,0.7501438856124878,1.2468617606125678,False
Menin,16,ok,bbflow_refine,0.9080310244045813,0.9392564652361789,0.4468187987804413,0.5450848937034607,1.2468617606125678,False
Menin,17,ok,bbflow_refine,0.730312346846978,0.9015867432116232,0.4926312565803528,0.5049293041229248,1.2468617606125678,False
Menin,18,ok,bbflow_refine,1.2084803822504895,1.1439221011321297,0.6208671927452087,0.6265518069267273,1.2468617606125678,True
Menin,19,ok,bbflow_refine,1.1699706711874938,1.3530009087728359,0.9342846870422363,0.8402867913246155,1.2468617606125678,False
Menin,20,ok,bbflow_refine,1.0100187102655893,0.8554705471283625,0.6928026676177979,0.5461037755012512,1.2468617606125678,True
Menin,21,ok,bbflow_refine,0.9933869121526838,1.60586151047903,0.5736894607543945,0.7023473381996155,1.2468617606125678,False
Menin,22,ok,bbflow_refine,1.0927708795538766,0.8861041151718154,0.5425456166267395,0.4651778042316437,1.2468617606125678,True
Menin,23,ok,bbflow_refine,0.8680723901044358,1.0050538297416374,0.5731469988822937,0.624919056892395,1.2468617606125678,False
Menin,24,ok,bbflow_refine,1.514154289522774,1.337306452622656,0.7038795351982117,0.8471453189849854,1.2468617606125678,False
Menin,25,ok,bbflow_refine,1.2721337378199804,1.124859929042905,0.5429092645645142,0.6811733245849609,1.2468617606125678,True
Menin,26,ok,bbflow_refine,1.2226477850998891,1.393984921666689,0.5531094670295715,0.5895701050758362,1.2468617606125678,False
Menin,27,ok,bbflow_refine,1.2964614665281071,1.2524814376490039,0.837211549282074,0.7988844513893127,1.2468617606125678,False
Menin,28,ok,bbflow_refine,0.723388099361641,0.9593899100673716,0.5169992446899414,0.47954028844833374,1.2468617606125678,False
Menin,29,ok,bbflow_refine,1.065477721291607,0.8122664680095382,0.5399624109268188,0.5100113153457642,1.2468617606125678,True
GCGR,0,ok,bbflow_refine,2.6792889566421247,5.576811269337111,1.6017920970916748,4.837543964385986,5.701045356786475,False
GCGR,1,ok,bbflow_refine,2.549639105577367,6.017474536789877,1.195531964302063,4.941717147827148,5.701045356786475,False
GCGR,2,ok,bbflow_refine,2.7311509670879435,6.040266169684187,1.5149513483047485,5.066543102264404,5.701045356786475,False
GCGR,3,ok,bbflow_refine,3.117328688024086,5.492694902487799,1.7133325338363647,4.386739730834961,5.701045356786475,False
GCGR,4,ok,bbflow_refine,2.494559570218122,5.2319358607942945,1.2833470106124878,4.5403666496276855,5.701045356786475,False
GCGR,5,ok,bbflow_refine,2.402703438332357,5.353694903775404,1.4295494556427002,4.510685443878174,5.701045356786475,False
GCGR,6,ok,bbflow_refine,2.441510811854479,5.887107812059298,1.365518569946289,5.011822700500488,5.701045356786475,False
GCGR,7,ok,bbflow_refine,3.952111294919253,4.8299679504687925,3.06400203704834,4.312178611755371,5.701045356786475,False
GCGR,8,ok,bbflow_refine,3.13530729957464,5.453110988994666,2.0107390880584717,4.488367557525635,5.701045356786475,False
GCGR,9,ok,bbflow_refine,3.6145152484377943,7.124107374513615,2.135568141937256,6.153855323791504,5.701045356786475,False
GCGR,10,ok,bbflow_refine,3.754533407378142,6.233141259844067,2.0534451007843018,5.5079145431518555,5.701045356786475,False
GCGR,11,ok,bbflow_refine,3.3033705945090936,6.516668599973457,2.517976999282837,5.566067695617676,5.701045356786475,False
GCGR,12,ok,bbflow_refine,2.922510284309882,6.178356552178589,2.054471969604492,5.139936923980713,5.701045356786475,False
GCGR,13,ok,bbflow_refine,2.9355498551048496,6.269652434656079,1.7052016258239746,5.343962669372559,5.701045356786475,False
GCGR,14,ok,bbflow_refine,2.637038776130078,5.99302344966759,1.2428971529006958,5.0690460205078125,5.701045356786475,False
GCGR,15,ok,bbflow_refine,2.964500709607965,5.539987262025559,1.0386183261871338,4.771401405334473,5.701045356786475,False
GCGR,16,ok,bbflow_refine,2.910454329182026,5.677392862758092,1.5221143960952759,4.815728664398193,5.701045356786475,False
GCGR,17,ok,bbflow_refine,2.785671964719856,5.58435722718918,1.4167780876159668,4.632787704467773,5.701045356786475,False
GCGR,18,ok,bbflow_refine,2.4398981703144726,5.857779285065112,0.8004457950592041,4.662536144256592,5.701045356786475,False
GCGR,19,ok,bbflow_refine,2.9541956719869873,5.739549890818879,1.2362390756607056,4.8966240882873535,5.701045356786475,False
GCGR,20,ok,bbflow_refine,2.7420149251940713,5.211206496720528,1.7230602502822876,4.166365623474121,5.701045356786475,False
GCGR,21,ok,bbflow_refine,3.4149875332493695,6.304288883318236,2.4747087955474854,5.368468284606934,5.701045356786475,False
GCGR,22,ok,bbflow_refine,3.2547132601523643,5.439685843779173,1.6904293298721313,4.30642557144165,5.701045356786475,False
GCGR,23,ok,bbflow_refine,2.8644665338073207,5.95259193947556,1.4846218824386597,5.144505023956299,5.701045356786475,False
GCGR,24,ok,bbflow_refine,2.3670447742950627,5.57936762964303,1.2935165166854858,4.68054723739624,5.701045356786475,False
GCGR,25,ok,bbflow_refine,2.521988595954583,5.432340662295624,0.8737143874168396,4.831589698791504,5.701045356786475,False
GCGR,26,ok,bbflow_refine,3.684368940791752,5.498375196722889,2.22558856010437,4.643211364746094,5.701045356786475,False
GCGR,27,ok,bbflow_refine,3.1923863807754502,4.910789589042956,2.0268595218658447,4.340480327606201,5.701045356786475,False
GCGR,28,ok,bbflow_refine,2.889654356916565,4.796244036679598,1.4147663116455078,4.074400424957275,5.701045356786475,False
GCGR,29,ok,bbflow_refine,3.5473609638389076,5.224996704552377,2.180635929107666,4.278135776519775,5.701045356786475,False
THSR,0,ok,bbflow_refine,2.7266532900209905,2.6697035943845417,1.3707871437072754,1.3917824029922485,1.616455574028625,False
THSR,1,ok,bbflow_refine,2.1638875825462676,2.9242726715214706,1.2656217813491821,1.4058831930160522,1.616455574028625,False
THSR,2,ok,bbflow_refine,1.658064691022567,2.2564482911126014,1.0753161907196045,1.1097047328948975,1.616455574028625,False
THSR,3,ok,bbflow_refine,2.3463785862906485,2.215801137841726,1.271925926208496,1.3417694568634033,1.616455574028625,False
THSR,4,ok,bbflow_refine,1.8769521153197242,1.3287054942287007,0.8507097959518433,0.9385970234870911,1.616455574028625,True
THSR,5,ok,bbflow_refine,1.98271250654853,2.4889808583064323,1.4151841402053833,1.5394880771636963,1.616455574028625,False
THSR,6,ok,bbflow_refine,2.231450947877114,1.6466639229652518,1.0738704204559326,1.06368887424469,1.616455574028625,False
THSR,7,ok,bbflow_refine,1.3961414563878267,1.3802469573870633,0.7326642870903015,0.6335427165031433,1.616455574028625,True
THSR,8,ok,bbflow_refine,1.5853395162229513,1.5729503993962746,0.741531491279602,0.7681459188461304,1.616455574028625,True
THSR,9,ok,bbflow_refine,1.690173582452754,1.823233045573656,0.7926273941993713,0.8288425803184509,1.616455574028625,False
THSR,10,ok,bbflow_refine,2.2078455472544682,2.571576712334745,1.5816515684127808,1.6809815168380737,1.616455574028625,False
THSR,11,ok,bbflow_refine,3.6803435304077037,4.421264296582724,2.044354200363159,2.15842866897583,1.616455574028625,False
THSR,12,ok,bbflow_refine,1.773877552796835,1.9597281022270068,0.8531156778335571,0.9651913046836853,1.616455574028625,False
THSR,13,ok,bbflow_refine,2.396793662076606,2.258778645354629,1.4337221384048462,1.4372464418411255,1.616455574028625,False
THSR,14,ok,bbflow_refine,1.282042443782957,1.6284456833977008,0.6938698887825012,0.7597373127937317,1.616455574028625,False
THSR,15,ok,bbflow_refine,2.2186531770409417,2.419186931491436,1.2190179824829102,1.2240501642227173,1.616455574028625,False
THSR,16,ok,bbflow_refine,1.9148457615814085,1.9126150681887661,1.1127787828445435,1.1445516347885132,1.616455574028625,False
THSR,17,ok,bbflow_refine,1.52001211895468,1.6130903915873454,0.9393694400787354,1.016597032546997,1.616455574028625,False
THSR,18,ok,bbflow_refine,2.1911721508361937,2.3266172763872777,1.557426929473877,1.5280171632766724,1.616455574028625,False
THSR,19,ok,bbflow_refine,1.7509012870696012,2.1524853796229366,1.1403499841690063,1.2042646408081055,1.616455574028625,False
THSR,20,ok,bbflow_refine,1.8344810890070635,1.8689565243650692,0.9989182353019714,1.0838003158569336,1.616455574028625,False
THSR,21,ok,bbflow_refine,2.018999538759393,2.3819227907513496,1.1000686883926392,1.2710424661636353,1.616455574028625,False
THSR,22,ok,bbflow_refine,1.5853750887489773,2.1281068739131146,1.1174899339675903,1.1762778759002686,1.616455574028625,False
THSR,23,ok,bbflow_refine,3.3096915632243085,4.031207771967235,1.7178951501846313,1.8669583797454834,1.616455574028625,False
THSR,24,ok,bbflow_refine,2.086211425854334,2.2233332187970927,1.460375189781189,1.6057400703430176,1.616455574028625,False
THSR,25,ok,bbflow_refine,2.156034216401865,1.7145388037797686,0.9801675081253052,0.9700888991355896,1.616455574028625,False
THSR,26,ok,bbflow_refine,1.7905350206607493,1.9326527908154965,1.158821702003479,1.1464799642562866,1.616455574028625,False
THSR,27,ok,bbflow_refine,1.6536358751951798,1.706527692093159,0.8446624279022217,0.8944054841995239,1.616455574028625,False
THSR,28,ok,bbflow_refine,1.973759248538744,1.5961443376655655,0.9350736141204834,0.9173502326011658,1.616455574028625,True
THSR,29,ok,bbflow_refine,1.9233903761477558,1.9613705374279393,0.9534789323806763,1.0514007806777954,1.616455574028625,False
p53_Y220C__4AGQ,0,ok,bbflow_refine,1.0782514225542688,0.3949489082418889,0.39129874110221863,0.492798388004303,1.1180275303614244,True
p53_Y220C__4AGQ,1,ok,bbflow_refine,1.240599021900447,0.32426456252496727,0.47219565510749817,0.6234095096588135,1.1180275303614244,True
p53_Y220C__4AGQ,2,ok,bbflow_refine,0.25084773304159685,1.1456300695552568,0.6616193056106567,0.8095279932022095,1.1180275303614244,False
p53_Y220C__4AGQ,3,ok,bbflow_refine,0.4525454719174709,1.317463681761487,0.43077850341796875,0.6516637206077576,1.1180275303614244,False
p53_Y220C__4AGQ,4,ok,bbflow_refine,1.222427353702264,0.342103333396058,0.4368118345737457,0.6484770774841309,1.1180275303614244,True
p53_Y220C__4AGQ,5,ok,bbflow_refine,1.180388416529767,0.5154326604483684,0.34992289543151855,0.6172603964805603,1.1180275303614244,True
p53_Y220C__4AGQ,6,ok,bbflow_refine,1.1521279638684458,0.3856238074879315,0.4746437668800354,0.6511982083320618,1.1180275303614244,True
p53_Y220C__4AGQ,7,ok,bbflow_refine,0.3263286412903401,1.1532568761282644,0.5119993686676025,0.7004902958869934,1.1180275303614244,False
p53_Y220C__4AGQ,8,ok,bbflow_refine,0.507762696894606,1.277904115937715,0.5738670825958252,0.7235522270202637,1.1180275303614244,False
p53_Y220C__4AGQ,9,ok,bbflow_refine,1.2926567139054679,0.5030307874501649,0.5700559616088867,0.5381230711936951,1.1180275303614244,True
p53_Y220C__4AGQ,10,ok,bbflow_refine,1.1242445574013424,0.27472170334894525,0.31099578738212585,0.4655851721763611,1.1180275303614244,True
p53_Y220C__4AGQ,11,ok,bbflow_refine,1.3678163911525123,0.6758967835556506,0.77606201171875,0.8993827700614929,1.1180275303614244,True
p53_Y220C__4AGQ,12,ok,bbflow_refine,1.161447750208697,0.275449010347145,0.30384939908981323,0.45486459136009216,1.1180275303614244,True
p53_Y220C__4AGQ,13,ok,bbflow_refine,0.3117063526019705,1.182285533686664,0.38499948382377625,0.6520179510116577,1.1180275303614244,False
p53_Y220C__4AGQ,14,ok,bbflow_refine,0.18344471920733285,1.1648510669442993,0.36861929297447205,0.5700540542602539,1.1180275303614244,False
p53_Y220C__4AGQ,15,ok,bbflow_refine,0.3627936728657126,1.1437042536881799,0.49138641357421875,0.5818483829498291,1.1180275303614244,False
p53_Y220C__4AGQ,16,ok,bbflow_refine,0.2833169041473092,1.12950600321412,0.5419731736183167,0.6295545697212219,1.1180275303614244,False
p53_Y220C__4AGQ,17,ok,bbflow_refine,1.2006554108001792,0.43415040720966996,0.5601803660392761,0.6606637835502625,1.1180275303614244,True
p53_Y220C__4AGQ,18,ok,bbflow_refine,1.006284008788422,1.4434130821065745,1.020766019821167,1.1934022903442383,1.1180275303614244,False
p53_Y220C__4AGQ,19,ok,bbflow_refine,0.27657007571875286,1.1438832785313977,0.4089542627334595,0.6175993084907532,1.1180275303614244,False
p53_Y220C__4AGQ,20,ok,bbflow_refine,1.1678795122009948,0.24054448119962554,0.4689587950706482,0.5722999572753906,1.1180275303614244,True
p53_Y220C__4AGQ,21,ok,bbflow_refine,1.2943747707971165,0.5329808800528737,0.9758968949317932,0.8194711804389954,1.1180275303614244,True
p53_Y220C__4AGQ,22,ok,bbflow_refine,1.2184103468016674,0.2005459894125398,0.46805253624916077,0.5237460136413574,1.1180275303614244,True
p53_Y220C__4AGQ,23,ok,bbflow_refine,0.5135785732458246,1.243962557690474,0.5106436610221863,0.6286850571632385,1.1180275303614244,False
p53_Y220C__4AGQ,24,ok,bbflow_refine,1.1522192492898269,0.1820693749708727,0.4303482472896576,0.5852433443069458,1.1180275303614244,True
p53_Y220C__4AGQ,25,ok,bbflow_refine,1.3388208872373584,0.45975284885083023,0.5768839716911316,0.6891303658485413,1.1180275303614244,True
p53_Y220C__4AGQ,26,ok,bbflow_refine,1.2962374408563873,0.4573591125252499,0.4571591317653656,0.6367271542549133,1.1180275303614244,True
p53_Y220C__4AGQ,27,ok,bbflow_refine,1.1538330503565088,0.2978983286251356,0.4744654595851898,0.5559020042419434,1.1180275303614244,True
p53_Y220C__4AGQ,28,ok,bbflow_refine,1.1726421642537599,0.3289422089666861,0.3449522852897644,0.5276956558227539,1.1180275303614244,True
p53_Y220C__4AGQ,29,ok,bbflow_refine,0.6379680763727703,1.1631039177309084,0.6143582463264465,0.7711244821548462,1.1180275303614244,False
HIF2alpha__6D0B,0,ok,bbflow_refine,1.946220194537749,2.2707450516535004,0.525107741355896,0.7123594880104065,1.6729991744940291,False
HIF2alpha__6D0B,1,ok,bbflow_refine,1.723067323247268,2.106385711038081,0.4611467719078064,0.6315711140632629,1.6729991744940291,False
HIF2alpha__6D0B,2,ok,bbflow_refine,1.084310726492602,1.6944373601723353,0.437759131193161,0.7234609723091125,1.6729991744940291,False
HIF2alpha__6D0B,3,ok,bbflow_refine,2.1538001003103027,1.875184406498599,0.566085159778595,0.6578148007392883,1.6729991744940291,False
HIF2alpha__6D0B,4,ok,bbflow_refine,1.7456687982691332,2.2508313155663005,0.4274142384529114,0.6814175248146057,1.6729991744940291,False
HIF2alpha__6D0B,5,ok,bbflow_refine,1.2123597742977754,1.5233476566359432,0.5699499845504761,0.7870761156082153,1.6729991744940291,False
HIF2alpha__6D0B,6,ok,bbflow_refine,1.8983826786930733,2.279434045052436,0.48478516936302185,0.5650051832199097,1.6729991744940291,False
HIF2alpha__6D0B,7,ok,bbflow_refine,1.8959091328886917,2.2546476662586845,0.6044591665267944,0.6815145015716553,1.6729991744940291,False
HIF2alpha__6D0B,8,ok,bbflow_refine,1.9869242236005908,2.158887420385916,0.5298880338668823,0.7860232591629028,1.6729991744940291,False
HIF2alpha__6D0B,9,ok,bbflow_refine,1.6588803055118757,0.95639208113798,0.6073915958404541,0.5263451933860779,1.6729991744940291,True
HIF2alpha__6D0B,10,ok,bbflow_refine,1.3154708822556898,1.8467768122499737,0.8706026673316956,0.8841308355331421,1.6729991744940291,False
HIF2alpha__6D0B,11,ok,bbflow_refine,2.2672155841813315,2.0359186792139163,0.7037397027015686,0.5848296284675598,1.6729991744940291,False
HIF2alpha__6D0B,12,ok,bbflow_refine,1.6876433683003942,1.929729874451837,0.5080245733261108,0.7424516081809998,1.6729991744940291,False
HIF2alpha__6D0B,13,ok,bbflow_refine,1.3473639357576213,1.1276372188828683,0.450684517621994,0.5447770953178406,1.6729991744940291,True
HIF2alpha__6D0B,14,ok,bbflow_refine,1.8089753961723751,2.0814332354246194,0.6684799194335938,0.8565388321876526,1.6729991744940291,False
HIF2alpha__6D0B,15,ok,bbflow_refine,2.1930963377092323,2.1308595784335584,0.6525655388832092,0.7136321663856506,1.6729991744940291,False
HIF2alpha__6D0B,16,ok,bbflow_refine,2.0492210841126766,2.6227865754234565,0.6555644273757935,0.9536476135253906,1.6729991744940291,False
HIF2alpha__6D0B,17,ok,bbflow_refine,1.058554077770034,1.6395558053560741,0.5836473703384399,0.7747476696968079,1.6729991744940291,False
HIF2alpha__6D0B,18,ok,bbflow_refine,1.9068108097089183,1.9235517354048477,0.482159286737442,0.6626511812210083,1.6729991744940291,False
HIF2alpha__6D0B,19,ok,bbflow_refine,1.7833905416391278,1.9957193384190883,0.4378259778022766,0.7070992588996887,1.6729991744940291,False
HIF2alpha__6D0B,20,ok,bbflow_refine,1.3872452742907233,1.1357531861476122,0.41919106245040894,0.6701046824455261,1.6729991744940291,True
HIF2alpha__6D0B,21,ok,bbflow_refine,1.1643229812416558,1.4485022635348295,0.584151029586792,0.790241539478302,1.6729991744940291,False
HIF2alpha__6D0B,22,ok,bbflow_refine,1.775817935648422,2.1027259231949076,0.5781489014625549,0.5280281901359558,1.6729991744940291,False
HIF2alpha__6D0B,23,ok,bbflow_refine,1.2099185687731466,1.3673905232611885,0.5062631964683533,0.795610785484314,1.6729991744940291,False
HIF2alpha__6D0B,24,ok,bbflow_refine,1.4083260621335796,1.0834024602892007,0.4363637864589691,0.5379235148429871,1.6729991744940291,True
HIF2alpha__6D0B,25,ok,bbflow_refine,1.1001743643470023,1.6532266196950658,0.4188086986541748,0.6840159296989441,1.6729991744940291,False
HIF2alpha__6D0B,26,ok,bbflow_refine,1.3473419291988653,1.0681047356423963,0.422441303730011,0.6888622641563416,1.6729991744940291,True
HIF2alpha__6D0B,27,ok,bbflow_refine,2.0209419622901588,1.8087742858497433,0.3776479661464691,0.4382772147655487,1.6729991744940291,False
HIF2alpha__6D0B,28,ok,bbflow_refine,1.8057824318328974,2.2125327138077413,0.48308226466178894,0.6167977452278137,1.6729991744940291,False
HIF2alpha__6D0B,29,ok,bbflow_refine,1.8346458372574974,2.0657472924998337,0.5781251788139343,0.7043420076370239,1.6729991744940291,False
HIV_RT__3V81,0,ok,bbflow_refine,1.1081051561829829,2.7798272885676547,0.6619336009025574,1.4608514308929443,3.0896312117090363,False
HIV_RT__3V81,1,ok,bbflow_refine,1.410008448126656,2.4924049410073095,0.5110304951667786,1.3012694120407104,3.0896312117090363,False
HIV_RT__3V81,2,ok,bbflow_refine,1.1547195875321337,3.0117603387494407,0.7726711630821228,1.5192829370498657,3.0896312117090363,False
HIV_RT__3V81,3,ok,bbflow_refine,0.9429250599572434,2.976110994791703,0.5162932872772217,1.4033334255218506,3.0896312117090363,False
HIV_RT__3V81,4,ok,bbflow_refine,1.05506107800559,2.94878933803434,0.452493280172348,1.519243597984314,3.0896312117090363,False
HIV_RT__3V81,5,ok,bbflow_refine,1.183761944733727,2.852454247755377,0.7105509638786316,1.4033567905426025,3.0896312117090363,False
HIV_RT__3V81,6,ok,bbflow_refine,0.8785251151844725,2.943734075351215,0.48214882612228394,1.4456956386566162,3.0896312117090363,False
HIV_RT__3V81,7,ok,bbflow_refine,0.8381248995687041,3.0659655687312903,0.576277494430542,1.620105266571045,3.0896312117090363,False
HIV_RT__3V81,8,ok,bbflow_refine,0.9800967409791095,2.9476023689727606,0.7117454409599304,1.374045968055725,3.0896312117090363,False
HIV_RT__3V81,9,ok,bbflow_refine,0.986974560193455,3.003350875752687,0.7814107537269592,1.6608322858810425,3.0896312117090363,False
HIV_RT__3V81,10,ok,bbflow_refine,0.870834927960507,2.9638074605819456,0.7653922438621521,1.429508090019226,3.0896312117090363,False
HIV_RT__3V81,11,ok,bbflow_refine,1.2052108421982506,3.016675830124218,0.5489646792411804,1.4833602905273438,3.0896312117090363,False
HIV_RT__3V81,12,ok,bbflow_refine,1.1644752223999397,3.1116263958727353,0.963714063167572,1.6290587186813354,3.0896312117090363,False
HIV_RT__3V81,13,ok,bbflow_refine,1.255325467282098,3.14970304204574,0.5310317873954773,1.541453242301941,3.0896312117090363,False
HIV_RT__3V81,14,ok,bbflow_refine,1.0251207684614605,2.997539345263343,0.746915340423584,1.380443811416626,3.0896312117090363,False
HIV_RT__3V81,15,ok,bbflow_refine,0.83472765273799,2.985575371959292,0.5011026859283447,1.4892674684524536,3.0896312117090363,False
HIV_RT__3V81,16,ok,bbflow_refine,0.8366009421970627,3.120565827860735,0.41517311334609985,1.5398848056793213,3.0896312117090363,False
HIV_RT__3V81,17,ok,bbflow_refine,1.0432072580264864,2.809518293879606,0.7254695296287537,1.5837396383285522,3.0896312117090363,False
HIV_RT__3V81,18,ok,bbflow_refine,0.9984791467310612,2.962632749661188,0.7754696011543274,1.630370855331421,3.0896312117090363,False
HIV_RT__3V81,19,ok,bbflow_refine,1.0756101419734811,3.022794064392046,0.7580087780952454,1.4980714321136475,3.0896312117090363,False
HIV_RT__3V81,20,ok,bbflow_refine,1.17788668660944,3.0837222314091735,0.5730761885643005,1.5708906650543213,3.0896312117090363,False
HIV_RT__3V81,21,ok,bbflow_refine,0.8555562859065879,3.105628095288494,0.498675674200058,1.579020619392395,3.0896312117090363,False
HIV_RT__3V81,22,ok,bbflow_refine,0.9255936447797423,2.8953147147227605,0.41317933797836304,1.3917441368103027,3.0896312117090363,False
HIV_RT__3V81,23,ok,bbflow_refine,0.8120720640352995,3.070775277515557,0.42125582695007324,1.5464164018630981,3.0896312117090363,False
HIV_RT__3V81,24,ok,bbflow_refine,2.335795186020985,2.4903141476902273,1.582993745803833,1.2698886394500732,3.0896312117090363,False
HIV_RT__3V81,25,ok,bbflow_refine,1.2747100010071515,3.2026069552836725,1.0291036367416382,1.8571439981460571,3.0896312117090363,False
HIV_RT__3V81,26,ok,bbflow_refine,1.0827854147238054,3.0719318066136627,0.5875484943389893,1.5726960897445679,3.0896312117090363,False
HIV_RT__3V81,27,ok,bbflow_refine,1.08629511723758,2.7805158149256677,1.0451217889785767,1.696163296699524,3.0896312117090363,False
HIV_RT__3V81,28,ok,bbflow_refine,1.1241594840544107,2.9421880107983385,0.7114075422286987,1.695203185081482,3.0896312117090363,False
HIV_RT__3V81,29,ok,bbflow_refine,0.8785956859192067,2.9018015256517984,0.5765985250473022,1.4908899068832397,3.0896312117090363,False
THSR__7UTZ,0,ok,bbflow_refine,3.617818686939841,4.981043030255938,1.4641344547271729,1.516395926475525,2.4345552542057787,False
THSR__7UTZ,1,ok,bbflow_refine,2.8286519122283664,3.225959750872363,1.4186009168624878,1.4599522352218628,2.4345552542057787,False
THSR__7UTZ,2,ok,bbflow_refine,2.1421916858024814,2.1383838968920275,1.097072720527649,1.1414400339126587,2.4345552542057787,True
THSR__7UTZ,3,ok,bbflow_refine,3.430480942945993,4.982620754974734,1.3416515588760376,1.4652204513549805,2.4345552542057787,False
THSR__7UTZ,4,ok,bbflow_refine,3.055795499885564,4.10204612979382,0.9439897537231445,0.9969422817230225,2.4345552542057787,False
THSR__7UTZ,5,ok,bbflow_refine,2.0523353377121367,2.8634462522550783,1.4338769912719727,1.5015963315963745,2.4345552542057787,False
THSR__7UTZ,6,ok,bbflow_refine,1.8696724394600805,2.505496635765321,1.0339046716690063,1.0786184072494507,2.4345552542057787,False
THSR__7UTZ,7,ok,bbflow_refine,1.5354978115478226,3.1176536376875243,0.7339169383049011,0.793583869934082,2.4345552542057787,False
THSR__7UTZ,8,ok,bbflow_refine,1.8606180814955753,2.0140631695956337,0.7905513644218445,0.8396764397621155,2.4345552542057787,False
THSR__7UTZ,9,ok,bbflow_refine,1.570161775941893,2.9338143613014904,0.7993484139442444,0.8509380221366882,2.4345552542057787,False
THSR__7UTZ,10,ok,bbflow_refine,2.3542735366618386,2.736390233210914,1.4565068483352661,1.4952949285507202,2.4345552542057787,False
THSR__7UTZ,11,ok,bbflow_refine,4.42359516920884,4.055548154475976,2.143770933151245,2.161684989929199,2.4345552542057787,False
THSR__7UTZ,12,ok,bbflow_refine,2.466330404159744,1.440052069536028,0.8644888997077942,0.9439828991889954,2.4345552542057787,True
THSR__7UTZ,13,ok,bbflow_refine,3.108080412625337,3.0483966876762336,1.4616127014160156,1.4317855834960938,2.4345552542057787,False
THSR__7UTZ,14,ok,bbflow_refine,1.2988793492497288,2.631262321704489,0.6944438815116882,0.6940287947654724,2.4345552542057787,False
THSR__7UTZ,15,ok,bbflow_refine,2.7572917449742507,2.428724784742125,1.2520248889923096,1.2527849674224854,2.4345552542057787,True
THSR__7UTZ,16,ok,bbflow_refine,1.769214958016701,2.2439066337656652,1.185291051864624,1.2347315549850464,2.4345552542057787,False
THSR__7UTZ,17,ok,bbflow_refine,1.4909374756783476,1.9801554411574487,0.8922868967056274,0.9969922304153442,2.4345552542057787,False
THSR__7UTZ,18,ok,bbflow_refine,2.842248008302779,2.672754752422268,1.6563717126846313,1.6917917728424072,2.4345552542057787,False
THSR__7UTZ,19,ok,bbflow_refine,2.122019938608378,2.9569801031496294,1.3035306930541992,1.3572810888290405,2.4345552542057787,False
THSR__7UTZ,20,ok,bbflow_refine,1.938753312624893,2.47695595239763,0.9022207856178284,0.9535847902297974,2.4345552542057787,False
THSR__7UTZ,21,ok,bbflow_refine,2.0466358608674025,2.1292398783203295,1.1753965616226196,1.2071901559829712,2.4345552542057787,False
THSR__7UTZ,22,ok,bbflow_refine,1.4292680007806917,2.770549726474662,1.1513265371322632,1.232440710067749,2.4345552542057787,False
THSR__7UTZ,23,ok,bbflow_refine,4.262438184741683,3.487814921654077,1.6804128885269165,1.7238820791244507,2.4345552542057787,False
THSR__7UTZ,24,ok,bbflow_refine,2.1264024482270925,3.3104000569344185,1.4046950340270996,1.388586163520813,2.4345552542057787,False
THSR__7UTZ,25,ok,bbflow_refine,2.7923363431367916,3.802994003890421,1.064794898033142,1.169848918914795,2.4345552542057787,False
THSR__7UTZ,26,ok,bbflow_refine,1.80391358483947,2.4865450454425413,1.1310290098190308,1.140109658241272,2.4345552542057787,False
THSR__7UTZ,27,ok,bbflow_refine,1.5415451697348648,2.3073137162645487,0.8085606694221497,0.870354413986206,2.4345552542057787,False
THSR__7UTZ,28,ok,bbflow_refine,2.0695551190770116,2.7587560543883614,0.8942400813102722,0.8976298570632935,2.4345552542057787,False
THSR__7UTZ,29,ok,bbflow_refine,1.4694896167798834,2.0321958523213492,0.9683650732040405,1.0003533363342285,2.4345552542057787,False
Bcl-xL,0,ok,bbflow_refine,2.5457970411336968,1.814362029387492,1.41397225856781,1.1670904159545898,2.505562006849456,True
Bcl-xL,1,ok,bbflow_refine,2.1990014630251244,2.160283156434885,0.682614266872406,1.1269385814666748,2.505562006849456,True
Bcl-xL,2,ok,bbflow_refine,2.1664874655672866,2.164281444613398,0.7271647453308105,1.2229769229888916,2.505562006849456,True
Bcl-xL,3,ok,bbflow_refine,2.450668949174727,2.8244544187020804,0.9026679396629333,1.550937294960022,2.505562006849456,False
Bcl-xL,4,ok,bbflow_refine,3.787774992615865,3.996445350319039,1.902139663696289,2.24641489982605,2.505562006849456,False
Bcl-xL,5,ok,bbflow_refine,2.018779180317248,2.276270981145351,0.4910638928413391,1.1602445840835571,2.505562006849456,False
Bcl-xL,6,ok,bbflow_refine,1.6721014390152196,1.6023473482262212,0.7247288227081299,0.9470752477645874,2.505562006849456,True
Bcl-xL,7,ok,bbflow_refine,2.624719315998852,2.6482092794677854,1.1525312662124634,1.5938646793365479,2.505562006849456,False
Bcl-xL,8,ok,bbflow_refine,2.2501893082495132,2.0714349366566984,1.1637425422668457,1.4557245969772339,2.505562006849456,True
Bcl-xL,9,ok,bbflow_refine,1.92174901226459,1.4687375976387747,0.9656577110290527,1.1370890140533447,2.505562006849456,True
Bcl-xL,10,ok,bbflow_refine,1.9600722917580968,1.7017626348237025,0.5135788321495056,0.8843672871589661,2.505562006849456,True
Bcl-xL,11,ok,bbflow_refine,2.579645239869425,2.5641423348088175,0.832160234451294,1.0953011512756348,2.505562006849456,False
Bcl-xL,12,ok,bbflow_refine,1.8411348258236544,2.1059238152374338,1.028167963027954,1.1764074563980103,2.505562006849456,False
Bcl-xL,13,ok,bbflow_refine,2.0939917379164426,1.577813529418415,0.6269813179969788,0.8177533745765686,2.505562006849456,True
Bcl-xL,14,ok,bbflow_refine,2.503881461761825,1.3951577690184942,0.9512168765068054,0.6997725367546082,2.505562006849456,True
Bcl-xL,15,ok,bbflow_refine,1.7629621068125034,2.1650853297103674,0.7690383791923523,1.1682219505310059,2.505562006849456,False
Bcl-xL,16,ok,bbflow_refine,1.9703357864790534,2.251361191622406,0.7931169271469116,1.3948544263839722,2.505562006849456,False
Bcl-xL,17,ok,bbflow_refine,1.838617011536322,1.9969234823933497,1.0513726472854614,1.4874417781829834,2.505562006849456,False
Bcl-xL,18,ok,bbflow_refine,3.582722358119143,2.7530859579863143,1.677973985671997,1.5323491096496582,2.505562006849456,False
Bcl-xL,19,ok,bbflow_refine,1.7994720643191997,1.8247506101709883,0.6520742177963257,1.0127397775650024,2.505562006849456,False
Bcl-xL,20,ok,bbflow_refine,2.4188554134391156,2.8952103255294546,0.8848856091499329,1.4381245374679565,2.505562006849456,False
Bcl-xL,21,ok,bbflow_refine,1.736478785524195,1.8289187830082754,0.6489933133125305,1.0599632263183594,2.505562006849456,False
Bcl-xL,22,ok,bbflow_refine,1.8737269449587046,1.2664905018676904,0.6909797787666321,0.6131026148796082,2.505562006849456,True
Bcl-xL,23,ok,bbflow_refine,2.4329937589848627,2.3190579419021753,1.0839793682098389,1.417738676071167,2.505562006849456,True
Bcl-xL,24,ok,bbflow_refine,2.0238471516987806,1.8380417879386257,0.9832783937454224,1.3261197805404663,2.505562006849456,True
Bcl-xL,25,ok,bbflow_refine,2.3045762322546026,2.26690514445289,1.1453547477722168,0.8925668597221375,2.505562006849456,True
Bcl-xL,26,ok,bbflow_refine,2.151016179321704,1.554840750977928,0.7156317830085754,0.9159063696861267,2.505562006849456,True
Bcl-xL,27,ok,bbflow_refine,1.654254705148415,2.2536732437187634,0.7781600952148438,1.4851844310760498,2.505562006849456,False
Bcl-xL,28,ok,bbflow_refine,2.345880124598717,1.6442574031529398,1.0725347995758057,0.6703538298606873,2.505562006849456,True
Bcl-xL,29,ok,bbflow_refine,2.4128810975097923,1.9866648051526936,0.8990758061408997,0.9809476137161255,2.505562006849456,True
betaLG,0,ok,bbflow_refine,1.6005358032058026,1.7774707684259288,0.627682626247406,0.6456186771392822,1.3972391993938094,False
betaLG,1,ok,bbflow_refine,2.0668654881997286,2.1345647089315283,1.0738842487335205,1.0155856609344482,1.3972391993938094,False
betaLG,2,ok,bbflow_refine,1.7861602335359987,1.800875732961038,0.5050429105758667,0.4943102300167084,1.3972391993938094,False
betaLG,3,ok,bbflow_refine,1.1280859800191683,1.429926054024259,0.3892951011657715,0.45485785603523254,1.3972391993938094,False
betaLG,4,ok,bbflow_refine,1.5515242081842817,1.6629018723754783,0.7393863201141357,0.6998342871665955,1.3972391993938094,False
betaLG,5,ok,bbflow_refine,1.605666963536044,1.6646780161600654,0.5071554780006409,0.4771123230457306,1.3972391993938094,False
betaLG,6,ok,bbflow_refine,1.6279163786304263,1.7807682355727565,0.579566240310669,0.670112669467926,1.3972391993938094,False
betaLG,7,ok,bbflow_refine,2.0297038797555507,2.0954422897689406,0.8982712030410767,0.8567898273468018,1.3972391993938094,False
betaLG,8,ok,bbflow_refine,1.809720253081012,1.8384126694886054,0.5835391283035278,0.5541105270385742,1.3972391993938094,False
betaLG,9,ok,bbflow_refine,1.611260846941273,1.6453807017554603,0.4755883514881134,0.4656646251678467,1.3972391993938094,False
betaLG,10,ok,bbflow_refine,1.5775152044753677,1.6001055947533258,0.6104280948638916,0.6184014081954956,1.3972391993938094,False
betaLG,11,ok,bbflow_refine,1.2529425666680536,1.625755516361796,0.5789918899536133,0.561755895614624,1.3972391993938094,False
betaLG,12,ok,bbflow_refine,1.9763590380499336,1.9729220683488622,0.8632393479347229,0.8247514367103577,1.3972391993938094,False
betaLG,13,ok,bbflow_refine,2.845642212205017,2.8926130883700503,1.546102523803711,1.4889814853668213,1.3972391993938094,False
betaLG,14,ok,bbflow_refine,1.7400929139991974,1.7670585802125758,0.4932789206504822,0.49442192912101746,1.3972391993938094,False
betaLG,15,ok,bbflow_refine,1.7976501688312894,1.9147695744822408,0.7538580894470215,0.7059228420257568,1.3972391993938094,False
betaLG,16,ok,bbflow_refine,1.5417997003349977,1.5848519182246554,0.798460841178894,0.7654472589492798,1.3972391993938094,False
betaLG,17,ok,bbflow_refine,2.2036720411793995,2.2173987712416148,1.1269837617874146,1.0985826253890991,1.3972391993938094,False
betaLG,18,ok,bbflow_refine,1.386682511863987,1.5648115613133293,0.36255428194999695,0.4358149766921997,1.3972391993938094,False
betaLG,19,ok,bbflow_refine,1.3910334303502212,1.493863711602265,0.6300246715545654,0.6056681871414185,1.3972391993938094,False
betaLG,20,ok,bbflow_refine,1.7974253609984,1.9416057214580276,0.823351263999939,0.7915884852409363,1.3972391993938094,False
betaLG,21,ok,bbflow_refine,1.6843471058919848,1.7540828540266349,0.6520859003067017,0.6215459704399109,1.3972391993938094,False
betaLG,22,ok,bbflow_refine,1.6121710351953507,1.769306116276233,0.43617406487464905,0.4401234984397888,1.3972391993938094,False
betaLG,23,ok,bbflow_refine,1.7601131630100417,1.8439892964303488,0.669228732585907,0.6752683520317078,1.3972391993938094,False
betaLG,24,ok,bbflow_refine,1.8178472737777722,1.9214659405797108,0.6523199081420898,0.6172515153884888,1.3972391993938094,False
betaLG,25,ok,bbflow_refine,2.0953565957259825,2.1071852991993536,0.8426560759544373,0.8144510984420776,1.3972391993938094,False
betaLG,26,ok,bbflow_refine,1.4176510027771942,1.614306993172781,0.35242128372192383,0.4225321114063263,1.3972391993938094,False
betaLG,27,ok,bbflow_refine,1.2985851519031357,1.4112404236319842,0.5725011229515076,0.5660068392753601,1.3972391993938094,False
betaLG,28,ok,bbflow_refine,1.3136904306868746,1.4151319597630738,0.4841923117637634,0.47923704981803894,1.3972391993938094,False
betaLG,29,ok,bbflow_refine,1.5869571236717164,1.6935153688960893,0.39934787154197693,0.4015450179576874,1.3972391993938094,False
NDPK-A,0,ok,bbflow_refine,3.905178563996686,5.093875301817176,3.219661235809326,3.9144725799560547,3.4697602388704447,False
NDPK-A,1,ok,bbflow_refine,2.5617511217774385,3.3927771765419608,1.3323942422866821,2.1880314350128174,3.4697602388704447,False
NDPK-A,2,ok,bbflow_refine,2.32998151592349,2.4072858280455534,1.1958357095718384,1.9945307970046997,3.4697602388704447,False
NDPK-A,3,ok,bbflow_refine,2.024392645181761,2.9819765260047713,0.8925617933273315,1.9148494005203247,3.4697602388704447,False
NDPK-A,4,ok,bbflow_refine,2.5182127764460125,2.1222061717114187,0.800959587097168,1.3093550205230713,3.4697602388704447,True
NDPK-A,5,ok,bbflow_refine,2.381593144377287,2.6544219240731834,1.3924216032028198,1.9294390678405762,3.4697602388704447,False
NDPK-A,6,ok,bbflow_refine,2.0225843913542736,2.7467925658214982,0.6675446629524231,1.6923606395721436,3.4697602388704447,False
NDPK-A,7,ok,bbflow_refine,2.6484973136898664,1.453444034940952,0.7828963398933411,1.0741078853607178,3.4697602388704447,True
NDPK-A,8,ok,bbflow_refine,3.050382331029128,4.824711682997443,2.2585182189941406,3.3079776763916016,3.4697602388704447,False
NDPK-A,9,ok,bbflow_refine,2.501590276462723,2.971415945294408,1.121957778930664,1.921172022819519,3.4697602388704447,False
NDPK-A,10,ok,bbflow_refine,2.327741175721288,2.5540725196560583,0.9609317183494568,1.54087495803833,3.4697602388704447,False
NDPK-A,11,ok,bbflow_refine,2.281203142341927,1.907487183325289,1.785017728805542,2.083411455154419,3.4697602388704447,True
NDPK-A,12,ok,bbflow_refine,2.5734906470922434,3.5182912286104853,1.1466413736343384,2.106104850769043,3.4697602388704447,False
NDPK-A,13,ok,bbflow_refine,2.8602156574610205,2.6704451097804998,1.48195481300354,1.383022427558899,3.4697602388704447,True
NDPK-A,14,ok,bbflow_refine,9.810620426439748,10.951873483754435,6.25074577331543,7.2245869636535645,3.4697602388704447,False
NDPK-A,15,ok,bbflow_refine,2.2554620695211387,3.579353562839287,1.0392158031463623,1.9879133701324463,3.4697602388704447,False
NDPK-A,16,ok,bbflow_refine,3.2548756769177216,4.7361827458358405,2.408618211746216,3.3871376514434814,3.4697602388704447,False
NDPK-A,17,ok,bbflow_refine,5.838590096020613,8.156623697021535,2.994607448577881,4.161818981170654,3.4697602388704447,False
NDPK-A,18,ok,bbflow_refine,3.2521273036650578,3.980807946036211,2.6331944465637207,3.3457887172698975,3.4697602388704447,False
NDPK-A,19,ok,bbflow_refine,1.9790374697367448,2.6099004716418195,1.1993937492370605,1.8657227754592896,3.4697602388704447,False
NDPK-A,20,ok,bbflow_refine,4.077983203872195,4.0558359536555395,2.217395782470703,2.095048189163208,3.4697602388704447,False
NDPK-A,21,ok,bbflow_refine,4.4489634926322745,3.503806021926043,2.36164927482605,1.9461066722869873,3.4697602388704447,False
NDPK-A,22,ok,bbflow_refine,2.1711378370993573,2.7476398464750185,1.8045438528060913,2.2727794647216797,3.4697602388704447,False
NDPK-A,23,ok,bbflow_refine,2.8164080050105427,4.02670293022779,1.4723126888275146,2.5172770023345947,3.4697602388704447,False
NDPK-A,24,ok,bbflow_refine,2.230632051063717,2.0581550308969034,0.5812824964523315,1.1468627452850342,3.4697602388704447,True
NDPK-A,25,ok,bbflow_refine,2.868329040267803,4.386583429433365,2.0394515991210938,3.2185592651367188,3.4697602388704447,False
NDPK-A,26,ok,bbflow_refine,2.638987633236032,2.842409413491997,1.6766453981399536,2.2919983863830566,3.4697602388704447,False
NDPK-A,27,ok,bbflow_refine,2.655255799064737,3.416431805467625,2.0168874263763428,2.7977941036224365,3.4697602388704447,False
NDPK-A,28,ok,bbflow_refine,4.249507267984222,4.893446366582412,2.5218005180358887,3.236902952194214,3.4697602388704447,False
NDPK-A,29,ok,bbflow_refine,2.9621743632818416,4.802346510430133,1.8023055791854858,3.038717269897461,3.4697602388704447,False
GLTP,0,ok,bbflow_refine,0.35955322259606676,2.224464546629774,0.5012100338935852,1.6732964515686035,2.1410013181020275,False
GLTP,1,ok,bbflow_refine,0.9253563697609597,2.5340146473992426,1.3063679933547974,2.3026201725006104,2.1410013181020275,False
GLTP,2,ok,bbflow_refine,0.6233789984132945,2.3783323884390293,0.6924519538879395,1.8782894611358643,2.1410013181020275,False
GLTP,3,ok,bbflow_refine,1.2224969157317986,2.678925074891936,1.3912872076034546,2.3146884441375732,2.1410013181020275,False
GLTP,4,ok,bbflow_refine,0.6848231852167699,2.2440381514070293,0.6972760558128357,1.776960849761963,2.1410013181020275,False
GLTP,5,ok,bbflow_refine,0.8605093665136877,1.9856926795018897,0.8087812662124634,1.5244390964508057,2.1410013181020275,False
GLTP,6,ok,bbflow_refine,0.5282383503928486,2.2458455897290635,0.6183247566223145,1.7142634391784668,2.1410013181020275,False
GLTP,7,ok,bbflow_refine,1.0083671511837655,2.352733328851488,0.8866915106773376,1.8663731813430786,2.1410013181020275,False
GLTP,8,ok,bbflow_refine,0.6819528615692877,2.0395028653798817,1.0056276321411133,1.7636979818344116,2.1410013181020275,False
GLTP,9,ok,bbflow_refine,0.6785036077617057,2.1482310995840725,1.1510659456253052,2.0065176486968994,2.1410013181020275,False
GLTP,10,ok,bbflow_refine,0.954977599197561,2.444854019323542,1.4569190740585327,2.284937620162964,2.1410013181020275,False
GLTP,11,ok,bbflow_refine,1.2121897510408595,2.6373381103786744,1.5470722913742065,2.427771806716919,2.1410013181020275,False
GLTP,12,ok,bbflow_refine,0.7982646925533755,2.433701667679689,0.6776612997055054,1.7388776540756226,2.1410013181020275,False
GLTP,13,ok,bbflow_refine,0.7771279266904378,2.1401244570717233,0.7591263651847839,1.7233760356903076,2.1410013181020275,False
GLTP,14,ok,bbflow_refine,0.9405613493222454,2.4724109736833797,1.1062605381011963,2.064864158630371,2.1410013181020275,False
GLTP,15,ok,bbflow_refine,1.1414154567301216,2.6620695633247538,1.2824702262878418,2.2247848510742188,2.1410013181020275,False
GLTP,16,ok,bbflow_refine,0.9114904545717684,2.3172980087722315,0.8848944902420044,1.7347444295883179,2.1410013181020275,False
GLTP,17,ok,bbflow_refine,1.3162952307872025,1.780656333010899,1.3150475025177002,1.5244234800338745,2.1410013181020275,False
GLTP,18,ok,bbflow_refine,1.139962552104431,2.264559571626582,1.7874464988708496,2.2929227352142334,2.1410013181020275,False
GLTP,19,ok,bbflow_refine,0.8440652740478616,2.2108711658207953,0.8519913554191589,1.7734638452529907,2.1410013181020275,False
GLTP,20,ok,bbflow_refine,1.0089681933468204,2.785952202335989,0.7826278805732727,1.9825410842895508,2.1410013181020275,False
GLTP,21,ok,bbflow_refine,0.9118351330059264,2.4696738530481483,0.7584878206253052,1.8490045070648193,2.1410013181020275,False
GLTP,22,ok,bbflow_refine,0.7626329802247848,1.9825275392165738,0.6782445311546326,1.4675530195236206,2.1410013181020275,False
GLTP,23,ok,bbflow_refine,1.1007701413082023,2.54879539375952,1.1295368671417236,2.088982343673706,2.1410013181020275,False
GLTP,24,ok,bbflow_refine,1.1103470673010059,2.288306432220172,1.7551357746124268,2.260605812072754,2.1410013181020275,False
GLTP,25,ok,bbflow_refine,0.6080152678834106,2.0051078048886377,0.9285366535186768,1.7022043466567993,2.1410013181020275,False
GLTP,26,ok,bbflow_refine,0.9652110432930823,2.387676444546795,1.2391172647476196,2.0859763622283936,2.1410013181020275,False
GLTP,27,ok,bbflow_refine,0.933126903642972,2.501171832560654,1.0935194492340088,2.085634708404541,2.1410013181020275,False
GLTP,28,ok,bbflow_refine,0.5793434419379724,2.4336680014210814,0.6197956204414368,1.8402959108352661,2.1410013181020275,False
GLTP,29,ok,bbflow_refine,0.6772332402949126,2.1464672405616807,0.8273353576660156,1.8046343326568604,2.1410013181020275,False
SHP2,0,ok,bbflow_refine,1.6623333037132708,1.9868483228026232,0.6080829501152039,0.8444717526435852,1.8482636253491052,False
SHP2,1,ok,bbflow_refine,2.6808055867489164,3.401067552906593,1.5142168998718262,1.5964585542678833,1.8482636253491052,False
SHP2,2,ok,bbflow_refine,1.2582635961291748,1.7770520755789199,0.41434600949287415,0.7827731966972351,1.8482636253491052,False
SHP2,3,ok,bbflow_refine,1.755047645996542,1.5904132285759205,0.540878415107727,0.793283998966217,1.8482636253491052,True
SHP2,4,ok,bbflow_refine,2.6088156427146543,2.5716935844153626,1.633541464805603,1.6763838529586792,1.8482636253491052,False
SHP2,5,ok,bbflow_refine,1.9771174867171493,1.9760967203399806,0.582469642162323,0.8901410102844238,1.8482636253491052,False
SHP2,6,ok,bbflow_refine,1.9478569501304355,2.4465647916362614,1.0292823314666748,1.1526107788085938,1.8482636253491052,False
SHP2,7,ok,bbflow_refine,1.8169357421507766,1.8980543498477818,0.5944451689720154,0.8426046967506409,1.8482636253491052,False
SHP2,8,ok,bbflow_refine,1.8570434914219485,1.7831865020648714,0.9286125898361206,1.0887094736099243,1.8482636253491052,True
SHP2,9,ok,bbflow_refine,2.3986270503181837,2.7515111507141743,1.7444411516189575,1.7984695434570312,1.8482636253491052,False
SHP2,10,ok,bbflow_refine,2.025476435176784,1.6377642532803873,0.7010666131973267,0.7607218623161316,1.8482636253491052,True
SHP2,11,ok,bbflow_refine,1.9673822556518263,2.4902963728913394,0.7540366649627686,0.877407431602478,1.8482636253491052,False
SHP2,12,ok,bbflow_refine,1.7434359966621493,1.8858682431106668,1.0130475759506226,1.1255323886871338,1.8482636253491052,False
SHP2,13,ok,bbflow_refine,2.3371084357263205,2.575210644152313,1.125068187713623,1.0705199241638184,1.8482636253491052,False
SHP2,14,ok,bbflow_refine,1.846335924376944,1.943216726505675,0.6240147352218628,0.987861156463623,1.8482636253491052,False
SHP2,15,ok,bbflow_refine,1.9001778049411184,2.190103454996585,0.7579283714294434,0.9649410247802734,1.8482636253491052,False
SHP2,16,ok,bbflow_refine,1.491782816318247,2.0418569732090206,0.5867314338684082,0.713019609451294,1.8482636253491052,False
SHP2,17,ok,bbflow_refine,1.6620258996175732,2.3208432415218962,0.9272064566612244,1.2448197603225708,1.8482636253491052,False
SHP2,18,ok,bbflow_refine,2.0737491367983587,1.9268101440291816,1.0193333625793457,1.1612513065338135,1.8482636253491052,False
SHP2,19,ok,bbflow_refine,1.6973480469578246,1.9185084843025086,0.7928706407546997,1.0792278051376343,1.8482636253491052,False
SHP2,20,ok,bbflow_refine,1.7276103133572667,1.4311560405738946,0.5685644149780273,0.6632338166236877,1.8482636253491052,True
SHP2,21,ok,bbflow_refine,1.476319168686801,1.958051545894216,0.8120670914649963,0.9146717190742493,1.8482636253491052,False
SHP2,22,ok,bbflow_refine,2.322210102364014,2.0817303352402945,1.252785325050354,1.5195176601409912,1.8482636253491052,False
SHP2,23,ok,bbflow_refine,2.1313371284063574,2.05103596480267,0.6970543265342712,0.8999210000038147,1.8482636253491052,False
SHP2,24,ok,bbflow_refine,2.4052052072790846,2.2105891820016943,1.349597454071045,1.3623026609420776,1.8482636253491052,False
SHP2,25,ok,bbflow_refine,2.3483768731034202,3.1505281432217433,1.4815683364868164,1.6428335905075073,1.8482636253491052,False
SHP2,26,ok,bbflow_refine,2.1760963307683996,2.319114362173194,1.405342698097229,1.432448148727417,1.8482636253491052,False
SHP2,27,ok,bbflow_refine,1.7396438909271668,2.1620905125131875,0.7450302839279175,0.9007015824317932,1.8482636253491052,False
SHP2,28,ok,bbflow_refine,2.3675099425369375,1.9916057206370912,0.7336770296096802,0.8631342649459839,1.8482636253491052,False
SHP2,29,ok,bbflow_refine,2.4061286184058064,2.311999607543336,1.4727064371109009,1.532348871231079,1.8482636253491052,False
METTL14,0,ok,bbflow_refine,1.1516196732762265,2.6396713918576262,0.9752153158187866,1.470619797706604,2.571628452131643,False
METTL14,1,ok,bbflow_refine,0.782032548058727,2.756218575711507,0.4037953019142151,1.4219732284545898,2.571628452131643,False
METTL14,2,ok,bbflow_refine,0.8423584005936544,2.443289180146768,0.36994948983192444,1.1804351806640625,2.571628452131643,False
METTL14,3,ok,bbflow_refine,0.87911818726084,2.6265020196726447,0.29454168677330017,1.3480923175811768,2.571628452131643,False
METTL14,4,ok,bbflow_refine,1.0931479336731325,2.6298019973570907,0.3865100145339966,1.3965750932693481,2.571628452131643,False
METTL14,5,ok,bbflow_refine,0.9034673202543676,2.593531334173843,0.35296598076820374,1.3745914697647095,2.571628452131643,False
METTL14,6,ok,bbflow_refine,0.855588423278116,2.739363864090131,0.3888262212276459,1.4339669942855835,2.571628452131643,False
METTL14,7,ok,bbflow_refine,0.8466939317059977,2.734810996908608,0.42999693751335144,1.390389084815979,2.571628452131643,False
METTL14,8,ok,bbflow_refine,0.9815361259525656,2.603615861753133,0.4856868088245392,1.3507615327835083,2.571628452131643,False
METTL14,9,ok,bbflow_refine,0.8170391707121977,2.674571963851288,0.4452183246612549,1.4097882509231567,2.571628452131643,False
METTL14,10,ok,bbflow_refine,1.1587795345408105,2.565757990560287,0.6751852035522461,1.4033663272857666,2.571628452131643,False
METTL14,11,ok,bbflow_refine,0.8877950950712671,2.7457245137055493,0.44912898540496826,1.4548249244689941,2.571628452131643,False
METTL14,12,ok,bbflow_refine,1.05425331460786,2.809308872993445,0.6661070585250854,1.6009875535964966,2.571628452131643,False
METTL14,13,ok,bbflow_refine,1.076359658293578,2.514916732312138,0.41662174463272095,1.3152189254760742,2.571628452131643,False
METTL14,14,ok,bbflow_refine,0.9486889969622985,2.6296197384985063,0.4708121716976166,1.3380848169326782,2.571628452131643,False
METTL14,15,ok,bbflow_refine,0.8513901879379049,2.6421941503331676,0.3977092504501343,1.3495029211044312,2.571628452131643,False
METTL14,16,ok,bbflow_refine,0.9858640482982522,2.6306207334810563,0.41359394788742065,1.3706023693084717,2.571628452131643,False
METTL14,17,ok,bbflow_refine,1.306753092028223,2.6879126848475074,0.553766131401062,1.3392223119735718,2.571628452131643,False
METTL14,18,ok,bbflow_refine,1.0409897318919534,2.6135083803196144,0.3618979752063751,1.4182687997817993,2.571628452131643,False
METTL14,19,ok,bbflow_refine,1.0097356939190287,2.671253754073608,0.3287138044834137,1.3847090005874634,2.571628452131643,False
METTL14,20,ok,bbflow_refine,1.1087481034923108,2.4639977591166895,0.6156488656997681,1.2524996995925903,2.571628452131643,False
METTL14,21,ok,bbflow_refine,1.0038965621177207,2.4869357672028585,0.4711954593658447,1.3364516496658325,2.571628452131643,False
METTL14,22,ok,bbflow_refine,0.8507702856604678,2.6065411027762515,0.4222451150417328,1.3613704442977905,2.571628452131643,False
METTL14,23,ok,bbflow_refine,1.0188625864518712,2.6887284704789116,0.4171295464038849,1.4350183010101318,2.571628452131643,False
METTL14,24,ok,bbflow_refine,1.000162513478672,2.520586757317782,0.5795393586158752,1.3252314329147339,2.571628452131643,False
METTL14,25,ok,bbflow_refine,1.0154420596546263,2.7489394574795956,0.5259710550308228,1.4248268604278564,2.571628452131643,False
METTL14,26,ok,bbflow_refine,1.0408008346696478,2.7012313454481216,0.38598760962486267,1.4408894777297974,2.571628452131643,False
METTL14,27,ok,bbflow_refine,0.9109746719411188,2.6722211254414585,0.4592719078063965,1.3631452322006226,2.571628452131643,False
METTL14,28,ok,bbflow_refine,0.974434518181539,2.7040586642977975,0.3582909107208252,1.4252302646636963,2.571628452131643,False
METTL14,29,ok,bbflow_refine,1.1688135880149984,2.796747914415876,0.5877653956413269,1.567852258682251,2.571628452131643,False
FUT8,0,ok,bbflow_refine,1.0452017101765734,2.7475407644830545,0.3425726592540741,0.5705567598342896,3.419934534191317,False
FUT8,1,ok,bbflow_refine,0.7386663553373272,3.029428563367861,0.3344004452228546,0.5193755626678467,3.419934534191317,False
FUT8,2,ok,bbflow_refine,1.6944724668492186,2.6547893849227333,0.446456640958786,0.6687343716621399,3.419934534191317,False
FUT8,3,ok,bbflow_refine,1.2345349371807888,3.244315744251075,0.4202221930027008,0.5416826605796814,3.419934534191317,False
FUT8,4,ok,bbflow_refine,1.0549013780847971,3.0983685996733303,0.5656949281692505,0.5566040277481079,3.419934534191317,False
FUT8,5,ok,bbflow_refine,1.1191620754360931,2.904429158466637,0.5768060684204102,0.8024780750274658,3.419934534191317,False
FUT8,6,ok,bbflow_refine,1.0008311188620096,2.9783793226832853,0.43989768624305725,0.6817625164985657,3.419934534191317,False
FUT8,7,ok,bbflow_refine,0.6262051309048277,3.1488235327061584,0.39271828532218933,0.6549224853515625,3.419934534191317,False
FUT8,8,ok,bbflow_refine,1.3997323132621613,2.8934374094307196,0.40775224566459656,0.6166888475418091,3.419934534191317,False
FUT8,9,ok,bbflow_refine,1.2833220952736775,3.1290731049321243,0.39010632038116455,0.6034059524536133,3.419934534191317,False
FUT8,10,ok,bbflow_refine,1.0142241756324544,2.8248077140884496,0.47636905312538147,0.684056282043457,3.419934534191317,False
FUT8,11,ok,bbflow_refine,1.7294174116076955,3.081195151545336,0.32315438985824585,0.5358718037605286,3.419934534191317,False
FUT8,12,ok,bbflow_refine,1.3640479690857246,2.8469081397784355,0.39659756422042847,0.5969807505607605,3.419934534191317,False
FUT8,13,ok,bbflow_refine,1.3784602879558627,2.802066529902541,0.4422702193260193,0.7099596858024597,3.419934534191317,False
FUT8,14,ok,bbflow_refine,1.0964309382632322,3.063776988902653,0.41159164905548096,0.6402119398117065,3.419934534191317,False
FUT8,15,ok,bbflow_refine,0.818465997491828,3.032530702894825,0.3743051290512085,0.6448385715484619,3.419934534191317,False
FUT8,16,ok,bbflow_refine,0.8291655179160492,3.191425086270015,0.34991589188575745,0.5719891786575317,3.419934534191317,False
FUT8,17,ok,bbflow_refine,1.327946828532481,2.803378124801785,0.3522270619869232,0.5644175410270691,3.419934534191317,False
FUT8,18,ok,bbflow_refine,0.9859239682072024,2.8913612700798,0.49970152974128723,0.7509903907775879,3.419934534191317,False
FUT8,19,ok,bbflow_refine,1.1388872159249213,2.977157048660043,0.42748934030532837,0.6010082960128784,3.419934534191317,False
FUT8,20,ok,bbflow_refine,1.243985848480934,2.8178022135058365,0.3511349856853485,0.521625816822052,3.419934534191317,False
FUT8,21,ok,bbflow_refine,1.0863066083599227,3.197368231020057,0.41859444975852966,0.5909904837608337,3.419934534191317,False
FUT8,22,ok,bbflow_refine,0.9805567393104744,3.049057442132148,0.41342541575431824,0.5370555520057678,3.419934534191317,False
FUT8,23,ok,bbflow_refine,0.7947334053846097,2.9534427977806272,0.45837923884391785,0.7600568532943726,3.419934534191317,False
FUT8,24,ok,bbflow_refine,1.165830511226515,3.0257331557601,0.47461745142936707,0.7628360986709595,3.419934534191317,False
FUT8,25,ok,bbflow_refine,1.4967437373525014,2.7788475505922716,0.393988698720932,0.5779590606689453,3.419934534191317,False
FUT8,26,ok,bbflow_refine,0.9933661928188227,2.776205099475639,0.3797547519207001,0.46995729207992554,3.419934534191317,False
FUT8,27,ok,bbflow_refine,1.839857682710785,2.792001038985996,0.8011190891265869,1.0589375495910645,3.419934534191317,False
FUT8,28,ok,bbflow_refine,1.5762562052147626,2.7801781192120396,0.42218801379203796,0.49104011058807373,3.419934534191317,False
FUT8,29,ok,bbflow_refine,1.6430703966565585,3.075809622211716,0.6258806586265564,0.8560352325439453,3.419934534191317,False
