method,target,sample_idx,stored_da,stored_dh,chemical_da,chemical_dh,oldD,newD,old_t1,new_t1,old_t2,new_t2,old_t3,new_t3
bioemu_refine,Bcl-xL,0,4.519254214541442,4.229523376255829,4.536681175231934,4.238406658172607,2.505562006849456,2.5040442943573,False,False,False,False,False,False
bioemu_refine,Bcl-xL,100,4.961607131479061,4.888975722011799,4.952037811279297,4.855438709259033,2.505562006849456,2.5040442943573,False,False,False,False,False,False
bioemu_refine,Bcl-xL,200,3.1536580217354264,3.327073862590584,3.1712982654571533,3.327073812484741,2.505562006849456,2.5040442943573,False,False,False,False,False,False
bioemu_refine,Bcl-xL,300,2.4952482357396626,1.8521636788340112,2.541149139404297,1.850658655166626,2.505562006849456,2.5040442943573,True,True,False,False,False,False
bioemu_refine,Bcl-xL,400,4.279048002221956,3.359085152067542,4.304421424865723,3.38580584526062,2.505562006849456,2.5040442943573,False,False,False,False,False,False
bioemu_refine,Bcl-xL,500,4.425713099406871,3.739564691761785,4.438904285430908,3.783922433853149,2.505562006849456,2.5040442943573,False,False,False,False,False,False
bioemu_refine,Bcl-xL,600,4.65735953622323,4.5611334895054565,4.682867050170898,4.5731940269470215,2.505562006849456,2.5040442943573,False,False,False,False,False,False
bioemu_refine,Bcl-xL,700,2.652346093841269,2.418306778105316,2.700899124145508,2.419433355331421,2.505562006849456,2.5040442943573,True,True,False,False,False,False
bioemu_refine,Bcl-xL,800,5.487160368365685,4.976746527339657,5.498315811157227,4.976746559143066,2.505562006849456,2.5040442943573,False,False,False,False,False,False
bioemu_refine,Bcl-xL,900,3.36317030209059,3.521360949455013,3.4049291610717773,3.521265983581543,2.505562006849456,2.5040442943573,False,False,False,False,False,False
bioemu_refine,Bcl-xL,1000,4.1790963238919225,4.254486509096895,4.1643829345703125,4.254486083984375,2.505562006849456,2.5040442943573,False,False,False,False,False,False
bioemu_refine,Bcl-xL,1100,3.977294038470368,3.893315422719766,3.9820477962493896,3.895353317260742,2.505562006849456,2.5040442943573,False,False,False,False,False,False
bioemu_refine,Bcl-xL,1200,2.780303316724872,1.8718549551522767,2.8073649406433105,1.8718549013137813,2.505562006849456,2.5040442943573,True,True,False,False,False,False
bioemu_refine,Bcl-xL,1300,3.3973043628862096,2.4747378712706984,3.4222490787506104,2.481525182723999,2.505562006849456,2.5040442943573,True,True,False,False,False,False
bioemu_refine,Bcl-xL,1400,2.28489679731589,1.4071014673320128,2.323920249938965,1.4071013927459717,2.505562006849456,2.5040442943573,True,True,True,True,False,False
bioemu_refine,Bcl-xL,1500,3.742789181760117,4.243581540336236,3.724961280822754,4.24223518371582,2.505562006849456,2.5040442943573,False,False,False,False,False,False
bioemu_refine,Bcl-xL,1600,5.4974521729454375,5.366316038325148,5.519450664520264,5.367611408233643,2.505562006849456,2.5040442943573,False,False,False,False,False,False
bioemu_refine,Bcl-xL,1700,2.707938768250011,2.698156489444423,2.753581285476685,2.6973235607147217,2.505562006849456,2.5040442943573,False,False,False,False,False,False
bioemu_refine,Bcl-xL,1800,4.588941052640977,3.1361264190177622,4.587216854095459,3.132554531097412,2.505562006849456,2.5040442943573,False,False,False,False,False,False
bioemu_refine,Bcl-xL,1900,2.9629131055777425,2.270018002837923,2.992349147796631,2.2920596599578857,2.505562006849456,2.5040442943573,True,True,False,False,False,False
bioemu_refine,Bcl-xL,2000,2.230397887659405,1.5880642235589275,2.232686758041382,1.6360782384872437,2.505562006849456,2.5040442943573,True,True,False,False,False,False
bioemu_refine,Bcl-xL,2100,4.687473217332535,3.445438207777705,4.71451473236084,3.4559242725372314,2.505562006849456,2.5040442943573,False,False,False,False,False,False
bioemu_refine,Bcl-xL,2200,7.161174733261233,7.077250794517787,7.143200874328613,7.0675883293151855,2.505562006849456,2.5040442943573,False,False,False,False,False,False
bioemu_refine,Bcl-xL,2300,2.6872464569837247,1.8794495864110272,2.6963932514190674,1.9280753135681152,2.505562006849456,2.5040442943573,True,True,False,False,False,False
bioemu_refine,FUT8,0,1.3384700462363772,3.056555738086741,1.3482338190078735,3.0565555095672607,3.419934534191317,3.4277188777923584,False,False,False,False,False,False
bioemu_refine,FUT8,100,2.4536445414380457,3.3882407548659232,2.480961799621582,3.3882408142089844,3.419934534191317,3.4277188777923584,False,False,False,False,False,False
bioemu_refine,FUT8,200,1.6984425287178613,3.3836231249275386,1.685049057006836,3.3836231231689453,3.419934534191317,3.4277188777923584,False,False,False,False,False,False
bioemu_refine,FUT8,300,1.6199996723890886,3.6662932457906106,1.6239101886749268,3.666293382644653,3.419934534191317,3.4277188777923584,False,False,False,False,False,False
bioemu_refine,FUT8,400,1.5726721562602957,3.20200620832558,1.5670400857925415,3.2020063400268555,3.419934534191317,3.4277188777923584,False,False,False,False,False,False
bioemu_refine,FUT8,500,1.7229465827867827,3.508607905887442,1.7198750972747805,3.508607864379883,3.419934534191317,3.4277188777923584,False,False,False,False,False,False
bioemu_refine,FUT8,600,1.645733436628728,3.231132690726516,1.6304837465286257,3.231132745742798,3.419934534191317,3.4277188777923584,False,False,False,False,False,False
bioemu_refine,FUT8,700,1.5730903833295378,3.514509287384384,1.686079025268555,3.535714864730835,3.419934534191317,3.4277188777923584,False,False,False,False,False,False
bioemu_refine,FUT8,800,1.3813891834280076,3.7203250137373,1.5016804933547974,3.741081953048706,3.419934534191317,3.4277188777923584,False,False,False,False,False,False
bioemu_refine,FUT8,900,1.6042172437781663,3.8974068055286906,1.6865733861923218,3.899671077728272,3.419934534191317,3.4277188777923584,False,False,False,False,False,False
bioemu_refine,FUT8,1000,1.7367961346470768,3.714094990787709,1.725494623184204,3.714095115661621,3.419934534191317,3.4277188777923584,False,False,False,False,False,False
bioemu_refine,FUT8,1100,1.7221786787954434,3.408836008226542,1.7014524936676023,3.4088363647460938,3.419934534191317,3.4277188777923584,False,False,False,False,False,False
bioemu_refine,FUT8,1200,1.1210523013540423,3.6701279489739833,1.2441279888153076,3.702888250350952,3.419934534191317,3.4277188777923584,False,False,False,False,False,False
bioemu_refine,FUT8,1300,2.105251665914778,4.093671845656295,2.0672101974487305,4.093671798706055,3.419934534191317,3.4277188777923584,False,False,False,False,False,False
bioemu_refine,FUT8,1400,1.6785809846787356,3.454937175303466,1.6763545274734497,3.45493745803833,3.419934534191317,3.4277188777923584,False,False,False,False,False,False
bioemu_refine,FUT8,1500,1.457963886035846,3.624031413763418,1.474273443222046,3.6240313053131104,3.419934534191317,3.4277188777923584,False,False,False,False,False,False
bioemu_refine,FUT8,1600,2.380652960834281,3.7404209432850895,2.368568420410156,3.740421056747437,3.419934534191317,3.4277188777923584,False,False,False,False,False,False
bioemu_refine,FUT8,1700,1.9704193821457088,3.8175632975481855,2.0640735626220703,3.832791328430176,3.419934534191317,3.4277188777923584,False,False,False,False,False,False
bioemu_refine,FUT8,1800,0.9850395060234988,3.4490556361415057,1.1384464502334597,3.4810125827789307,3.419934534191317,3.4277188777923584,False,False,False,False,False,False
bioemu_refine,FUT8,1900,1.1200341429932252,3.609956012661529,1.2337793111801147,3.658832311630249,3.419934534191317,3.4277188777923584,False,False,False,False,False,False
bioemu_refine,FUT8,2000,1.535248595229426,3.185443795290822,1.5498136281967163,3.185443878173828,3.419934534191317,3.4277188777923584,False,False,False,False,False,False
bioemu_refine,FUT8,2100,2.459670869932667,3.815463400705677,2.421769857406616,3.815463542938232,3.419934534191317,3.4277188777923584,False,False,False,False,False,False
bioemu_refine,FUT8,2200,1.9400997944295333,3.443299909170677,1.913995385169983,3.4846794605255127,3.419934534191317,3.4277188777923584,False,False,False,False,False,False
bioemu_refine,FUT8,2300,1.2488267720125972,3.480215420906517,1.3712902069091797,3.504688262939453,3.419934534191317,3.4277188777923584,False,False,False,False,False,False
bioemu_refine,FUT8,2400,1.770415525430745,3.262288642293532,1.8305649757385247,3.272672414779663,3.419934534191317,3.4277188777923584,False,False,False,False,False,False
bioemu_refine,FUT8,2500,1.8931582707987933,2.9998786397480752,1.9757814407348635,3.0970897674560547,3.419934534191317,3.4277188777923584,False,False,False,False,False,False
bioemu_refine,GLTP,0,1.5927084066326775,1.6926142522040537,1.5927083492279053,1.6926143169403076,2.1410013181020275,2.14109754562378,False,False,False,False,False,False
bioemu_refine,GLTP,100,3.3011456130698544,3.3171916279234592,3.301145553588867,3.3171916007995605,2.1410013181020275,2.14109754562378,False,False,False,False,False,False
bioemu_refine,GLTP,200,2.153304667031918,2.073023429878853,2.1533048152923584,2.0730233192443848,2.1410013181020275,2.14109754562378,True,True,False,False,False,False
bioemu_refine,GLTP,300,1.6179152968098036,2.225408212684663,1.6179152727127075,2.2254080772399902,2.1410013181020275,2.14109754562378,False,False,False,False,False,False
bioemu_refine,GLTP,400,1.5134143583541837,2.1223233431469444,1.5134143829345703,2.122323513031006,2.1410013181020275,2.14109754562378,False,False,False,False,False,False
bioemu_refine,GLTP,500,1.7303169012392274,2.0459552956098634,1.7303168773651123,2.0459554195404053,2.1410013181020275,2.14109754562378,False,False,False,False,False,False
bioemu_refine,GLTP,600,2.650183514694295,2.181892781056604,2.65018367767334,2.1818926334381104,2.1410013181020275,2.14109754562378,False,False,False,False,False,False
bioemu_refine,GLTP,700,1.4606493461941563,0.9457175305156535,1.4606493711471558,0.9457175731658936,2.1410013181020275,2.14109754562378,True,True,True,True,True,True
bioemu_refine,GLTP,800,2.654773006882256,2.766777396313386,2.667158603668213,2.7784130573272705,2.1410013181020275,2.14109754562378,False,False,False,False,False,False
bioemu_refine,GLTP,900,2.6329753708714034,2.290888605732834,2.679558038711548,2.3525829315185547,2.1410013181020275,2.14109754562378,False,False,False,False,False,False
bioemu_refine,GLTP,1000,1.6164705465590972,2.379665392796098,1.6164705753326416,2.37966537475586,2.1410013181020275,2.14109754562378,False,False,False,False,False,False
bioemu_refine,GLTP,1100,1.3239048557296569,1.7711161772139346,1.383941411972046,1.855881929397583,2.1410013181020275,2.14109754562378,False,False,False,False,False,False
bioemu_refine,GLTP,1200,2.1039975826812696,2.0101906469699915,2.1039974689483643,2.010190725326538,2.1410013181020275,2.14109754562378,True,True,False,False,False,False
bioemu_refine,GLTP,1300,1.826558440216657,1.9692704991581684,1.826558351516724,1.9692704677581787,2.1410013181020275,2.14109754562378,False,False,False,False,False,False
bioemu_refine,GLTP,1400,1.243273632860136,2.9333900403458286,1.3543877601623535,3.00774359703064,2.1410013181020275,2.14109754562378,False,False,False,False,False,False
bioemu_refine,GLTP,1500,1.641878067321584,2.2678350235871565,1.6418780088424685,2.2678349018096924,2.1410013181020275,2.14109754562378,False,False,False,False,False,False
bioemu_refine,GLTP,1600,1.6678107136003453,1.4582438360517338,1.6678106784820557,1.4582438468933103,2.1410013181020275,2.14109754562378,True,True,True,True,False,False
bioemu_refine,GLTP,1700,1.997537963393508,1.485330960832817,1.997537970542908,1.4853309392929075,2.1410013181020275,2.14109754562378,True,True,True,True,False,False
bioemu_refine,GLTP,1800,1.7702797989635837,0.8497301800280618,1.7702797651290894,0.8497301936149597,2.1410013181020275,2.14109754562378,True,True,True,True,True,True
bioemu_refine,GLTP,1900,3.2246056974260098,2.45365555634614,3.2246055603027344,2.453655481338501,2.1410013181020275,2.14109754562378,False,False,False,False,False,False
bioemu_refine,GLTP,2000,1.2253911931307455,1.4909727074021195,1.225391149520874,1.490972638130188,2.1410013181020275,2.14109754562378,False,False,False,False,False,False
bioemu_refine,GLTP,2100,1.6811068532947606,2.374506988683023,1.8119652271270752,2.439283847808838,2.1410013181020275,2.14109754562378,False,False,False,False,False,False
bioemu_refine,GLTP,2200,1.6123514697791217,1.0423775621635876,1.6123515367507937,1.0423775911331177,2.1410013181020275,2.14109754562378,True,True,True,True,False,False
bioemu_refine,GLTP,2300,1.4702656536502958,1.030260095956013,1.4702657461166382,1.0302600860595703,2.1410013181020275,2.14109754562378,True,True,True,True,False,False
bioemu_refine,GLTP,2400,2.539216508053991,1.447641291805449,2.5392165184021,1.4476412534713743,2.1410013181020275,2.14109754562378,True,True,True,True,False,False
bioemu_refine,GLTP,2500,2.2285339891964737,1.3167331266591835,2.228533983230591,1.3167331218719482,2.1410013181020275,2.14109754562378,True,True,True,True,False,False
bioemu_refine,GLTP,2600,2.301154251933775,2.639344372250309,2.301154136657715,2.6393446922302246,2.1410013181020275,2.14109754562378,False,False,False,False,False,False
bioemu_refine,GLTP,2700,2.0668675313909364,1.5849062863109915,2.109426498413086,1.6559748649597168,2.1410013181020275,2.14109754562378,True,True,False,False,False,False
bioemu_refine,GLTP,2800,1.8768262289989104,1.0174329403105065,1.876826286315918,1.0174329280853271,2.1410013181020275,2.14109754562378,True,True,True,True,False,False
bioemu_refine,GLTP,2900,2.69163039956637,2.198463969720964,2.6916303634643555,2.1984639167785645,2.1410013181020275,2.14109754562378,False,False,False,False,False,False
bioemu_refine,HIF2alpha,0,3.5305729069663983,3.3063247989493503,3.606128454208374,3.38363003730774,1.86542516135414,1.8654251098632808,False,False,False,False,False,False
bioemu_refine,HIF2alpha,100,2.360812638310227,1.482962256174988,2.413674831390381,1.4829622507095337,1.86542516135414,1.8654251098632808,True,True,True,True,False,False
bioemu_refine,HIF2alpha,200,2.998082996638169,2.660489338295755,3.2196266651153564,2.660489320755005,1.86542516135414,1.8654251098632808,False,False,False,False,False,False
bioemu_refine,HIF2alpha,300,1.905231363481637,0.6262218611658802,1.9714751243591309,0.6262218952178955,1.86542516135414,1.8654251098632808,True,True,True,True,True,True
bioemu_refine,HIF2alpha,400,3.9591299493514014,3.61137774208561,3.959129810333252,3.711534261703491,1.86542516135414,1.8654251098632808,False,False,False,False,False,False
bioemu_refine,HIF2alpha,500,2.525505318347835,2.17369387641392,2.785400152206421,2.173693895339966,1.86542516135414,1.8654251098632808,False,False,False,False,False,False
bioemu_refine,HIF2alpha,600,2.870786961594825,2.3592076301858644,3.106400728225708,2.3592076301574707,1.86542516135414,1.8654251098632808,False,False,False,False,False,False
bioemu_refine,HIF2alpha,700,1.9174363898875848,1.4495543633695105,2.159562587738037,1.4495543241500854,1.86542516135414,1.8654251098632808,True,True,True,True,False,False
bioemu_refine,HIF2alpha,800,2.136487360545838,1.6692531543099018,2.1364874839782715,1.6775758266448977,1.86542516135414,1.8654251098632808,True,True,False,False,False,False
bioemu_refine,HIF2alpha,900,1.9449216968428773,1.1553040148659313,1.9449217319488523,1.2205514907836914,1.86542516135414,1.8654251098632808,True,True,True,True,False,False
bioemu_refine,HIF2alpha,1000,2.680140193543019,2.459229149829857,2.809551239013672,2.459228992462158,1.86542516135414,1.8654251098632808,False,False,False,False,False,False
bioemu_refine,HIF2alpha,1100,2.3774684826900843,1.4837896430984503,2.3774685859680176,1.525372862815857,1.86542516135414,1.8654251098632808,True,True,True,False,False,False
bioemu_refine,HIF2alpha,1200,2.158320810092645,1.3936042257045131,2.158320665359497,1.3936041593551636,1.86542516135414,1.8654251098632808,True,True,True,True,False,False
bioemu_refine,HIF2alpha,1300,2.9623322837773074,2.380358890860815,3.0747458934783936,2.3864586353302,1.86542516135414,1.8654251098632808,False,False,False,False,False,False
bioemu_refine,HIF2alpha,1400,1.9301465955983617,1.4951761883157602,2.1811716556549072,1.4951761960983276,1.86542516135414,1.8654251098632808,True,True,True,True,False,False
bioemu_refine,HIF2alpha,1500,1.993972636740062,1.093382479970315,1.9939725399017327,1.1839203834533691,1.86542516135414,1.8654251098632808,True,True,True,True,False,False
bioemu_refine,HIF2alpha,1600,2.718402124123495,2.302613946628862,2.8578524589538574,2.4122557640075684,1.86542516135414,1.8654251098632808,False,False,False,False,False,False
bioemu_refine,HIF2alpha,1700,4.219751410291116,3.981298890637892,4.3006696701049805,4.017375469207764,1.86542516135414,1.8654251098632808,False,False,False,False,False,False
bioemu_refine,HIF2alpha,1800,2.074084440210465,1.6911653812626997,2.25361967086792,1.6911654472351074,1.86542516135414,1.8654251098632808,True,True,False,False,False,False
bioemu_refine,HIF2alpha,1900,2.149214343256708,1.270692160847983,2.21946120262146,1.270692229270935,1.86542516135414,1.8654251098632808,True,True,True,True,False,False
bioemu_refine,HIF2alpha,2000,2.111283406817135,1.6534555721214563,2.111283302307129,1.64679753780365,1.86542516135414,1.8654251098632808,True,True,False,False,False,False
bioemu_refine,HIF2alpha,2100,3.5647303866195457,2.9002243159857373,3.564730405807495,2.888612508773804,1.86542516135414,1.8654251098632808,False,False,False,False,False,False
bioemu_refine,HIF2alpha,2200,2.737166156666472,1.714684658834173,2.87442398071289,1.7146846055984497,1.86542516135414,1.8654251098632808,True,True,False,False,False,False
bioemu_refine,HIF2alpha,2300,2.172870605994888,1.2547984106803192,2.3652615547180176,1.254798412322998,1.86542516135414,1.8654251098632808,True,True,True,True,False,False
bioemu_refine,HIF2alpha,2400,2.2048290747637123,1.2359792850984783,2.204829216003418,1.2870943546295166,1.86542516135414,1.8654251098632808,True,True,True,True,False,False
bioemu_refine,HIF2alpha,2500,2.297614223005499,1.999776668795035,2.5027308464050293,1.999776840209961,1.86542516135414,1.8654251098632808,False,False,False,False,False,False
bioemu_refine,HIF2alpha,2600,1.64086093719858,1.320191969125741,1.862181067466736,1.394376516342163,1.86542516135414,1.8654251098632808,True,True,True,True,False,False
bioemu_refine,HIF2alpha,2700,2.24922149046766,1.426178731338513,2.2492215633392334,1.4975792169570925,1.86542516135414,1.8654251098632808,True,True,True,True,False,False
bioemu_refine,HIF2alpha,2800,2.7037336758133383,2.494878099785255,2.810127019882202,2.494878053665161,1.86542516135414,1.8654251098632808,False,False,False,False,False,False
bioemu_refine,HIF2alpha__6D0B,0,2.0612820759082684,1.4150764359398875,2.068638324737549,1.415076494216919,1.6729991744940291,1.7488830089569092,True,True,True,True,False,False
bioemu_refine,HIF2alpha__6D0B,100,1.8389481769594047,1.4074658824157649,1.9608533382415767,1.420325756072998,1.6729991744940291,1.7488830089569092,True,True,True,True,False,False
bioemu_refine,HIF2alpha__6D0B,200,2.590258741307541,2.530597631243848,2.6538589000701904,2.530597448348999,1.6729991744940291,1.7488830089569092,False,False,False,False,False,False
bioemu_refine,HIF2alpha__6D0B,300,1.8855346356663112,1.067543990406626,2.035833835601806,1.0675439834594729,1.6729991744940291,1.7488830089569092,True,True,True,True,False,False
bioemu_refine,HIF2alpha__6D0B,400,2.3399426725983314,1.6533791824268658,2.406687021255493,1.653379201889038,1.6729991744940291,1.7488830089569092,True,True,False,False,False,False
bioemu_refine,HIF2alpha__6D0B,500,3.285807904396532,2.980450378068036,3.305380344390869,2.98045015335083,1.6729991744940291,1.7488830089569092,False,False,False,False,False,False
bioemu_refine,HIF2alpha__6D0B,600,2.3806141809031485,2.536517073911435,2.4605093002319336,2.536517143249512,1.6729991744940291,1.7488830089569092,False,False,False,False,False,False
bioemu_refine,HIF2alpha__6D0B,700,5.20674331161336,5.2198573173130205,5.206743240356445,5.245917797088623,1.6729991744940291,1.7488830089569092,False,False,False,False,False,False
bioemu_refine,HIF2alpha__6D0B,800,2.031457935707507,1.3152702787450663,2.031458139419556,1.3152703046798706,1.6729991744940291,1.7488830089569092,True,True,True,True,False,False
bioemu_refine,HIF2alpha__6D0B,900,6.280083577771164,6.142436670713724,6.302652835845947,6.148199558258057,1.6729991744940291,1.7488830089569092,False,False,False,False,False,False
bioemu_refine,HIF2alpha__6D0B,1000,2.454286809340421,2.4014401033484747,2.6039066314697266,2.401440143585205,1.6729991744940291,1.7488830089569092,False,False,False,False,False,False
bioemu_refine,HIF2alpha__6D0B,1100,1.3894900976247453,1.4247199834431523,1.5844587087631226,1.424720048904419,1.6729991744940291,1.7488830089569092,False,True,False,True,False,False
bioemu_refine,HIF2alpha__6D0B,1200,1.5333036571264511,1.0925769245440622,1.5550209283828735,1.0925769805908203,1.6729991744940291,1.7488830089569092,True,True,True,True,False,False
bioemu_refine,HIF2alpha__6D0B,1300,2.174756075429228,2.288758602834205,2.174756050109864,2.3487136363983154,1.6729991744940291,1.7488830089569092,False,False,False,False,False,False
bioemu_refine,HIF2alpha__6D0B,1400,4.076775115172333,3.7452851296436287,4.126960754394531,3.754326820373535,1.6729991744940291,1.7488830089569092,False,False,False,False,False,False
bioemu_refine,HIF2alpha__6D0B,1500,2.497866474437621,2.256745342936666,2.6222898960113525,2.2567453384399414,1.6729991744940291,1.7488830089569092,False,False,False,False,False,False
bioemu_refine,HIF2alpha__6D0B,1600,1.9875356869831595,1.672568386758593,2.017125606536865,1.6848498582839966,1.6729991744940291,1.7488830089569092,True,True,False,False,False,False
bioemu_refine,HIF2alpha__6D0B,1700,1.7380720119773652,2.0477438429928383,1.7380719184875488,2.112203359603882,1.6729991744940291,1.7488830089569092,False,False,False,False,False,False
bioemu_refine,HIF2alpha__6D0B,1800,1.580464165156825,1.0424691080318045,1.580464243888855,1.0730780363082886,1.6729991744940291,1.7488830089569092,True,True,True,True,False,False
bioemu_refine,HIF2alpha__6D0B,1900,1.704048729200335,1.2475872560194745,1.7040486335754397,1.2475872039794922,1.6729991744940291,1.7488830089569092,True,True,True,True,False,False
bioemu_refine,HIF2alpha__6D0B,2000,2.4618622334643243,2.689232513102741,2.5452091693878174,2.689232587814331,1.6729991744940291,1.7488830089569092,False,False,False,False,False,False
bioemu_refine,HIF2alpha__6D0B,2100,2.5365204918898754,2.109179075584649,2.5634994506835938,2.1091790199279785,1.6729991744940291,1.7488830089569092,False,False,False,False,False,False
bioemu_refine,HIF2alpha__6D0B,2200,2.111796999782198,1.748741527221786,2.192496061325073,1.738422989845276,1.6729991744940291,1.7488830089569092,False,True,False,False,False,False
bioemu_refine,HIF2alpha__6D0B,2300,2.150046268634664,1.5606085327852175,2.30403208732605,1.5606085062026978,1.6729991744940291,1.7488830089569092,True,True,False,False,False,False
bioemu_refine,HIF2alpha__6D0B,2400,1.45013245881417,1.3001929558425216,1.4501323699951172,1.3193228244781494,1.6729991744940291,1.7488830089569092,True,True,True,True,False,False
bioemu_refine,HIF2alpha__6D0B,2500,1.7864583724273235,1.6271318532264571,1.7864583730697632,1.6381685733795166,1.6729991744940291,1.7488830089569092,True,True,False,False,False,False
bioemu_refine,HIF2alpha__6D0B,2600,2.5509250690076217,2.8611586027065465,2.626239061355591,2.8622524738311768,1.6729991744940291,1.7488830089569092,False,False,False,False,False,False
bioemu_refine,HIF2alpha__6D0B,2700,5.59960244902054,5.851528274578647,5.649036407470703,5.851528167724609,1.6729991744940291,1.7488830089569092,False,False,False,False,False,False
bioemu_refine,HIF2alpha__6D0B,2800,2.0401734722950047,2.023748557578819,2.0401735305786133,2.025503873825073,1.6729991744940291,1.7488830089569092,False,False,False,False,False,False
bioemu_refine,HIV1_CA,0,2.0812993674776306,2.398746919226334,2.081299304962158,2.398746967315674,1.3207135415934947,1.3453065156936646,False,False,False,False,False,False
bioemu_refine,HIV1_CA,100,2.204704421942943,1.932429127974837,2.2047042846679688,1.960357666015625,1.3207135415934947,1.3453065156936646,False,False,False,False,False,False
bioemu_refine,HIV1_CA,200,2.592354027302737,2.47104408347448,2.5923540592193604,2.482104539871216,1.3207135415934947,1.3453065156936646,False,False,False,False,False,False
bioemu_refine,HIV1_CA,300,2.6962967063141177,2.450956148513868,2.6962966918945312,2.4573216438293457,1.3207135415934947,1.3453065156936646,False,False,False,False,False,False
bioemu_refine,HIV1_CA,400,1.843908141514778,1.288120652673254,1.8439081907272337,1.3012628555297852,1.3207135415934947,1.3453065156936646,True,True,True,True,False,False
bioemu_refine,HIV1_CA,500,2.7738836034148067,2.701153555074153,2.773883581161499,2.723813056945801,1.3207135415934947,1.3453065156936646,False,False,False,False,False,False
bioemu_refine,HIV1_CA,600,2.7707111838432543,2.4500028121482296,2.7707111835479736,2.4489450454711914,1.3207135415934947,1.3453065156936646,False,False,False,False,False,False
bioemu_refine,HIV1_CA,700,1.8747808116377167,1.3222146161356618,1.874780774116516,1.3222146034240725,1.3207135415934947,1.3453065156936646,False,True,False,True,False,False
bioemu_refine,HIV1_CA,800,2.214378288587932,1.876975311772702,2.2143783569335938,1.9185998439788816,1.3207135415934947,1.3453065156936646,False,False,False,False,False,False
bioemu_refine,HIV1_CA,900,2.3483549867077973,1.9582764908136616,2.3483550548553467,1.9599202871322632,1.3207135415934947,1.3453065156936646,False,False,False,False,False,False
bioemu_refine,HIV1_CA,1000,1.7960872858547037,1.2676429098482598,1.796087384223938,1.282025933265686,1.3207135415934947,1.3453065156936646,True,True,True,True,False,False
bioemu_refine,HIV1_CA,1100,2.207933695638036,2.456541583026854,2.2079336643218994,2.4565415382385254,1.3207135415934947,1.3453065156936646,False,False,False,False,False,False
bioemu_refine,HIV1_CA,1200,2.7687724774407205,2.5253822540907604,2.768772602081299,2.530305862426758,1.3207135415934947,1.3453065156936646,False,False,False,False,False,False
bioemu_refine,HIV1_CA,1300,2.7749971162553835,2.4338406647940944,2.7749972343444824,2.4375264644622803,1.3207135415934947,1.3453065156936646,False,False,False,False,False,False
bioemu_refine,HIV1_CA,1400,1.476920244317874,0.943258037437744,1.476920247077942,0.960647702217102,1.3207135415934947,1.3453065156936646,True,True,True,True,True,True
bioemu_refine,HIV1_CA,1500,2.059725246768765,1.4390647959037928,2.059725284576416,1.4491426944732666,1.3207135415934947,1.3453065156936646,False,False,False,False,False,False
bioemu_refine,HIV1_CA,1600,2.046911444756126,1.6112461672917262,2.0469114780426025,1.6164811849594116,1.3207135415934947,1.3453065156936646,False,False,False,False,False,False
bioemu_refine,HIV1_CA,1700,2.71129160976768,2.477702159706575,2.711291551589966,2.4839441776275635,1.3207135415934947,1.3453065156936646,False,False,False,False,False,False
bioemu_refine,HIV1_CA,1800,1.2588065716446708,1.8805432360402257,1.258806586265564,1.8937301635742188,1.3207135415934947,1.3453065156936646,False,False,False,False,False,False
bioemu_refine,HIV1_CA,1900,2.629336897008724,2.3463715536056915,2.6293368339538574,2.3522748947143555,1.3207135415934947,1.3453065156936646,False,False,False,False,False,False
bioemu_refine,HIV1_CA,2000,1.9664370963165687,1.4193117468300156,1.966437101364136,1.4243077039718628,1.3207135415934947,1.3453065156936646,False,False,False,False,False,False
bioemu_refine,HIV1_CA,2100,1.8458981975470548,1.2413179885156211,1.845898151397705,1.2399688959121704,1.3207135415934947,1.3453065156936646,True,True,True,True,False,False
bioemu_refine,HIV1_CA,2200,2.1829424231506582,2.5114923602235297,2.1829423904418945,2.5114924907684326,1.3207135415934947,1.3453065156936646,False,False,False,False,False,False
bioemu_refine,HIV1_CA,2300,1.737136887038759,1.2335851747261606,1.737136960029602,1.244792938232422,1.3207135415934947,1.3453065156936646,True,True,True,True,False,False
bioemu_refine,HIV1_CA,2400,1.9405267276613307,2.185738790050006,1.9405267238616943,2.1857388019561768,1.3207135415934947,1.3453065156936646,False,False,False,False,False,False
bioemu_refine,HIV1_CA,2500,1.758603533553733,1.2832320061847402,1.758603572845459,1.2950477600097656,1.3207135415934947,1.3453065156936646,True,True,True,True,False,False
bioemu_refine,HIV1_CA,2600,1.719105508431167,1.1563026141318722,1.7191054821014404,1.163164496421814,1.3207135415934947,1.3453065156936646,True,True,True,True,False,False
bioemu_refine,HIV1_CA,2700,0.7976729277202856,1.2208228673909456,0.7976728677749634,1.2470036745071411,1.3207135415934947,1.3453065156936646,False,False,False,False,False,False
bioemu_refine,HIV_RT,0,3.15371778265451,3.890141851214324,3.164258480072021,3.8952927589416495,3.055562157269878,3.073980569839477,False,False,False,False,False,False
bioemu_refine,HIV_RT,100,3.185188561413421,3.808546635194922,3.203537702560425,3.808546543121338,3.055562157269878,3.073980569839477,False,False,False,False,False,False
bioemu_refine,HIV_RT,200,3.024353542055192,3.870221152848599,3.044239044189453,3.870221138000488,3.055562157269878,3.073980569839477,False,False,False,False,False,False
bioemu_refine,HIV_RT,300,3.335047199508818,3.5857493146042643,3.351712703704834,3.585749387741089,3.055562157269878,3.073980569839477,False,False,False,False,False,False
bioemu_refine,HIV_RT,400,3.254054556411216,4.001462343602075,3.2714576721191406,4.001462459564209,3.055562157269878,3.073980569839477,False,False,False,False,False,False
bioemu_refine,HIV_RT,500,3.003568382929911,3.961421990375529,3.024308204650879,3.9614219665527344,3.055562157269878,3.073980569839477,False,False,False,False,False,False
bioemu_refine,HIV_RT,600,3.2112031291472323,3.778101079726997,3.231842279434204,3.7781012058258057,3.055562157269878,3.073980569839477,False,False,False,False,False,False
bioemu_refine,HIV_RT,700,3.130464486622458,3.931549684610677,3.138521909713745,3.9315497875213614,3.055562157269878,3.073980569839477,False,False,False,False,False,False
bioemu_refine,HIV_RT,800,3.384170889209857,3.5892686734723744,3.401808023452759,3.589268684387207,3.055562157269878,3.073980569839477,False,False,False,False,False,False
bioemu_refine,HIV_RT,900,3.197975481147353,3.601528015518485,3.216991662979126,3.6015281677246094,3.055562157269878,3.073980569839477,False,False,False,False,False,False
bioemu_refine,HIV_RT,1000,3.2795634125363966,3.6783162370149953,3.298255681991577,3.678316354751587,3.055562157269878,3.073980569839477,False,False,False,False,False,False
bioemu_refine,HIV_RT,1100,3.096061517324834,3.9495499580739537,3.114169120788574,3.949549913406372,3.055562157269878,3.073980569839477,False,False,False,False,False,False
bioemu_refine,HIV_RT,1200,3.3883353051878125,3.652773718147519,3.405844211578369,3.65277361869812,3.055562157269878,3.073980569839477,False,False,False,False,False,False
bioemu_refine,HIV_RT,1300,3.3140530172854,4.085830240810367,3.332385778427124,4.085830211639404,3.055562157269878,3.073980569839477,False,False,False,False,False,False
bioemu_refine,HIV_RT,1400,2.9993984528068607,3.834751460793111,3.01934552192688,3.8347513675689697,3.055562157269878,3.073980569839477,False,False,False,False,False,False
bioemu_refine,HIV_RT,1500,3.281613561103536,3.617707168801202,3.3001813888549805,3.6177072525024414,3.055562157269878,3.073980569839477,False,False,False,False,False,False
bioemu_refine,HIV_RT,1600,3.209738780929033,3.524961962922542,3.228281021118164,3.5249619483947754,3.055562157269878,3.073980569839477,False,False,False,False,False,False
bioemu_refine,HIV_RT,1700,3.0752733574969056,3.878960265964335,3.09397029876709,3.878960371017456,3.055562157269878,3.073980569839477,False,False,False,False,False,False
bioemu_refine,HIV_RT,1800,3.4043309536671003,3.547829313111078,3.422804117202759,3.5478291511535645,3.055562157269878,3.073980569839477,False,False,False,False,False,False
bioemu_refine,HIV_RT,1900,3.131777793818379,3.883227215770498,3.1507787704467773,3.8832273483276367,3.055562157269878,3.073980569839477,False,False,False,False,False,False
bioemu_refine,HIV_RT,2000,3.120858640710808,3.929745629898143,3.1402928829193115,3.929745674133301,3.055562157269878,3.073980569839477,False,False,False,False,False,False
bioemu_refine,HIV_RT,2100,3.044565802038029,3.8823446192634097,3.063479423522949,3.8823447227478014,3.055562157269878,3.073980569839477,False,False,False,False,False,False
bioemu_refine,HIV_RT,2200,3.1010675653914563,3.9261565041423823,3.108471870422364,3.926156759262085,3.055562157269878,3.073980569839477,False,False,False,False,False,False
bioemu_refine,HIV_RT,2300,3.288920164864647,3.609370245159456,3.306420087814331,3.609370470046997,3.055562157269878,3.073980569839477,False,False,False,False,False,False
bioemu_refine,HIV_RT,2400,16.13752263723764,16.349141427012114,16.135082244873047,16.34914207458496,3.055562157269878,3.073980569839477,False,False,False,False,False,False
bioemu_refine,HIV_RT,2500,3.284090039583776,4.080024937799832,3.289895534515381,4.080024719238281,3.055562157269878,3.073980569839477,False,False,False,False,False,False
bioemu_refine,HIV_RT__3V81,0,1.7416184096754683,2.402068868560097,1.7416183948516846,2.4006452560424805,3.0896312117090363,3.0896313190460205,False,False,False,False,False,False
bioemu_refine,HIV_RT__3V81,100,1.710847501929647,2.6559940131333244,1.7108474969863892,2.657867193222046,3.0896312117090363,3.0896313190460205,False,False,False,False,False,False
bioemu_refine,HIV_RT__3V81,200,1.739650525730899,2.5084682679801547,1.7599912881851196,2.5074462890625,3.0896312117090363,3.0896313190460205,False,False,False,False,False,False
bioemu_refine,HIV_RT__3V81,300,1.3362754124139866,3.022879418085648,1.3362754583358765,3.024333238601685,3.0896312117090363,3.0896313190460205,False,False,False,False,False,False
bioemu_refine,HIV_RT__3V81,400,1.8205967219411383,2.507471637498946,1.8205968141555784,2.509720802307129,3.0896312117090363,3.0896313190460205,False,False,False,False,False,False
bioemu_refine,HIV_RT__3V81,500,1.5709375718664471,2.47071124439901,1.5709376335144043,2.47011399269104,3.0896312117090363,3.0896313190460205,False,False,False,False,False,False
bioemu_refine,HIV_RT__3V81,600,1.746000297819193,2.542622035270834,1.7460002899169922,2.5418975353240967,3.0896312117090363,3.0896313190460205,False,False,False,False,False,False
bioemu_refine,HIV_RT__3V81,700,2.022067941550765,2.5367534931665,2.022067785263061,2.5383999347686768,3.0896312117090363,3.0896313190460205,False,False,False,False,False,False
bioemu_refine,HIV_RT__3V81,800,2.4618686396200844,2.981785510972139,2.461868524551392,2.9852890968322754,3.0896312117090363,3.0896313190460205,False,False,False,False,False,False
bioemu_refine,HIV_RT__3V81,900,1.2688921787202925,2.9893300457602026,1.2688921689987185,2.988377332687378,3.0896312117090363,3.0896313190460205,False,False,False,False,False,False
bioemu_refine,HIV_RT__3V81,1000,1.6424536016276456,2.5414973833428003,1.642453670501709,2.5414974689483643,3.0896312117090363,3.0896313190460205,False,False,False,False,False,False
bioemu_refine,HIV_RT__3V81,1100,1.742873005191056,2.5376774032967893,1.742872953414917,2.5400192737579346,3.0896312117090363,3.0896313190460205,False,False,False,False,False,False
bioemu_refine,HIV_RT__3V81,1200,1.7406938836803003,2.5430166054017422,1.7406938076019287,2.542041301727295,3.0896312117090363,3.0896313190460205,False,False,False,False,False,False
bioemu_refine,HIV_RT__3V81,1300,1.761783343731724,2.5755387408747685,1.7591475248336792,2.57730484008789,3.0896312117090363,3.0896313190460205,False,False,False,False,False,False
bioemu_refine,HIV_RT__3V81,1400,1.6959130298311014,2.478812139488056,1.6959130764007568,2.476883888244629,3.0896312117090363,3.0896313190460205,False,False,False,False,False,False
bioemu_refine,HIV_RT__3V81,1500,1.7342551505736157,2.547817369405037,1.7342551946640017,2.5469348430633545,3.0896312117090363,3.0896313190460205,False,False,False,False,False,False
bioemu_refine,HIV_RT__3V81,1600,1.6990325498130496,2.476888435915328,1.699032425880432,2.480220556259156,3.0896312117090363,3.0896313190460205,False,False,False,False,False,False
bioemu_refine,HIV_RT__3V81,1700,1.91659362586174,2.441227261323648,1.916593670845032,2.4434425830841064,3.0896312117090363,3.0896313190460205,False,False,False,False,False,False
bioemu_refine,HIV_RT__3V81,1800,1.76818371039635,2.46769347750901,1.7681838274002075,2.4667294025421143,3.0896312117090363,3.0896313190460205,False,False,False,False,False,False
bioemu_refine,HIV_RT__3V81,1900,1.724814301288142,2.4496042466936983,1.7248144149780271,2.448904275894165,3.0896312117090363,3.0896313190460205,False,False,False,False,False,False
bioemu_refine,HIV_RT__3V81,2000,1.7481814560163735,2.64722102159267,1.7481814622879028,2.6492066383361816,3.0896312117090363,3.0896313190460205,False,False,False,False,False,False
bioemu_refine,HIV_RT__3V81,2100,1.6976440247023712,2.472672028102934,1.6976439952850342,2.4726719856262207,3.0896312117090363,3.0896313190460205,False,False,False,False,False,False
bioemu_refine,HIV_RT__3V81,2200,1.7067920736498627,2.5517945870300323,1.7067919969558716,2.5564630031585693,3.0896312117090363,3.0896313190460205,False,False,False,False,False,False
bioemu_refine,HIV_RT__3V81,2300,1.079608651643111,2.909792333945058,1.079608678817749,2.911316394805908,3.0896312117090363,3.0896313190460205,False,False,False,False,False,False
bioemu_refine,HIV_RT__3V81,2400,1.7630607746089255,2.5662229460433683,1.7630608081817627,2.566222906112671,3.0896312117090363,3.0896313190460205,False,False,False,False,False,False
bioemu_refine,HIV_RT__3V81,2500,1.7447192126725104,2.61408214612306,1.74471914768219,2.6161978244781494,3.0896312117090363,3.0896313190460205,False,False,False,False,False,False
bioemu_refine,KRAS,0,4.118827325451802,3.858945913302855,4.131506443023682,3.8635663986206055,3.742426159251105,3.743377208709717,False,False,False,False,False,False
bioemu_refine,KRAS,100,3.05542882636698,3.2611933554405166,3.0776829719543457,3.27347183227539,3.742426159251105,3.743377208709717,False,False,False,False,False,False
bioemu_refine,KRAS,200,3.690331492724871,3.474500888267948,3.730727672576904,3.472280502319336,3.742426159251105,3.743377208709717,True,True,False,False,False,False
bioemu_refine,KRAS,300,3.874729992871957,4.5235556906923815,3.889050960540772,4.5245747566223145,3.742426159251105,3.743377208709717,False,False,False,False,False,False
bioemu_refine,KRAS,400,3.2416922540100384,4.895224552259102,3.2275071144104004,4.899626731872559,3.742426159251105,3.743377208709717,False,False,False,False,False,False
bioemu_refine,KRAS,500,3.760886916662932,4.918587702813559,3.736600160598755,4.89533805847168,3.742426159251105,3.743377208709717,False,False,False,False,False,False
bioemu_refine,KRAS,600,3.610031474795831,3.940148301942104,3.593735218048096,3.955374956130981,3.742426159251105,3.743377208709717,False,False,False,False,False,False
bioemu_refine,KRAS,700,5.091007803464401,5.845326054742817,5.102943420410156,5.8523688316345215,3.742426159251105,3.743377208709717,False,False,False,False,False,False
bioemu_refine,KRAS,800,3.996638262157847,5.641819201407219,3.985228776931762,5.636631488800049,3.742426159251105,3.743377208709717,False,False,False,False,False,False
bioemu_refine,KRAS,900,4.047951430831837,5.612393360446508,4.048020362854004,5.618811130523682,3.742426159251105,3.743377208709717,False,False,False,False,False,False
bioemu_refine,KRAS,1000,3.16171848031584,3.628887909517976,3.1900856494903564,3.630241870880127,3.742426159251105,3.743377208709717,False,False,False,False,False,False
bioemu_refine,KRAS,1100,3.5785224403361924,4.085061095474639,3.612558126449585,4.089181900024414,3.742426159251105,3.743377208709717,False,False,False,False,False,False
bioemu_refine,KRAS,1200,3.526657419232368,2.923603723022981,3.5382683277130127,2.9274325370788574,3.742426159251105,3.743377208709717,True,True,False,False,False,False
bioemu_refine,KRAS,1300,3.682578870523745,4.513656564200504,3.709583282470703,4.53265380859375,3.742426159251105,3.743377208709717,False,False,False,False,False,False
bioemu_refine,KRAS,1400,3.223493296683258,4.1288208859451485,3.2696189880371094,4.148468494415283,3.742426159251105,3.743377208709717,False,False,False,False,False,False
bioemu_refine,KRAS,1500,4.58419413507797,4.597937262997899,4.583723545074463,4.608497142791748,3.742426159251105,3.743377208709717,False,False,False,False,False,False
bioemu_refine,KRAS,1600,3.3449478263531,5.113848112169442,3.3684701919555664,5.113848209381104,3.742426159251105,3.743377208709717,False,False,False,False,False,False
bioemu_refine,KRAS,1700,3.5420584920438447,3.8777015347207855,3.570336103439331,3.885066270828247,3.742426159251105,3.743377208709717,False,False,False,False,False,False
bioemu_refine,KRAS,1800,2.762457388547466,3.707169653798031,2.7798895835876465,3.7216930389404297,3.742426159251105,3.743377208709717,False,False,False,False,False,False
bioemu_refine,KRAS,1900,4.46588383554652,4.794662750202758,4.463133335113525,4.794662952423096,3.742426159251105,3.743377208709717,False,False,False,False,False,False
bioemu_refine,KRAS,2000,3.4172850839463345,4.620472260401357,3.4238173961639404,4.636800765991211,3.742426159251105,3.743377208709717,False,False,False,False,False,False
bioemu_refine,KRAS,2100,3.034802748378585,4.724633540380939,3.058159351348877,4.726108551025391,3.742426159251105,3.743377208709717,False,False,False,False,False,False
bioemu_refine,KRAS,2200,5.172897378709345,5.042304949903749,5.193423748016357,5.059118747711182,3.742426159251105,3.743377208709717,False,False,False,False,False,False
bioemu_refine,KRAS,2300,6.689148922930556,6.694248656174763,6.683175563812256,6.6871113777160645,3.742426159251105,3.743377208709717,False,False,False,False,False,False
bioemu_refine,KRAS,2400,3.9841097705785566,4.768471468842661,3.9675586223602295,4.756436347961426,3.742426159251105,3.743377208709717,False,False,False,False,False,False
bioemu_refine,KRAS,2500,4.672882550761802,6.496247825589423,4.675941467285156,6.49315881729126,3.742426159251105,3.743377208709717,False,False,False,False,False,False
bioemu_refine,KRAS,2600,6.146283180260394,6.676148538348967,6.136628150939941,6.6558942794799805,3.742426159251105,3.743377208709717,False,False,False,False,False,False
bioemu_refine,KRAS,2700,3.256636933895321,4.303811447699179,3.274442195892334,4.317629337310791,3.742426159251105,3.743377208709717,False,False,False,False,False,False
bioemu_refine,KRAS,2800,3.343171381324931,3.78692424289991,3.3996613025665283,3.7991669178009033,3.742426159251105,3.743377208709717,False,False,False,False,False,False
bioemu_refine,KRAS,2900,3.138760158271114,3.5050009684429035,3.128734350204468,3.4815402030944824,3.742426159251105,3.743377208709717,False,False,False,False,False,False
bioemu_refine,Menin,0,1.8663971251421063,2.1393510708532286,1.849038362503052,2.1393511295318604,1.2468617606125678,1.246861696243286,False,False,False,False,False,False
bioemu_refine,Menin,100,1.6192910365045023,1.7413958733976649,1.624135136604309,1.7413958311080933,1.2468617606125678,1.246861696243286,False,False,False,False,False,False
bioemu_refine,Menin,200,3.97678478563738,4.303734651758419,3.981246471405029,4.324026584625244,1.2468617606125678,1.246861696243286,False,False,False,False,False,False
bioemu_refine,Menin,300,1.4039168606348122,1.4945516183106295,1.403916835784912,1.4945515394210815,1.2468617606125678,1.246861696243286,False,False,False,False,False,False
bioemu_refine,Menin,400,1.4810594808892816,1.2427625084322411,1.4751251935958862,1.2427624464035034,1.2468617606125678,1.246861696243286,True,True,True,True,False,False
bioemu_refine,Menin,500,1.5887554903892074,1.6375104332993415,1.5790529251098633,1.6375104188919067,1.2468617606125678,1.246861696243286,False,False,False,False,False,False
bioemu_refine,Menin,600,1.245943967018643,1.6301178819717683,1.245943903923035,1.642166018486023,1.2468617606125678,1.246861696243286,False,False,False,False,False,False
bioemu_refine,Menin,700,1.2828134505576694,1.4859473124218523,1.2532038688659668,1.4859472513198853,1.2468617606125678,1.246861696243286,False,False,False,False,False,False
bioemu_refine,Menin,800,2.959715456266856,3.0641296904175377,3.068266630172729,3.0641298294067383,1.2468617606125678,1.246861696243286,False,False,False,False,False,False
bioemu_refine,Menin,900,1.489240555563527,1.4374163601862129,1.490992307662964,1.4506239891052246,1.2468617606125678,1.246861696243286,False,False,False,False,False,False
bioemu_refine,Menin,1000,1.325553661221014,1.3182902654898558,1.3255537748336792,1.3182902336120603,1.2468617606125678,1.246861696243286,False,False,False,False,False,False
bioemu_refine,Menin,1100,2.330830134884179,1.9275759666626908,2.337019205093384,1.9224894046783447,1.2468617606125678,1.246861696243286,False,False,False,False,False,False
bioemu_refine,Menin,1200,1.778993482297952,2.064615326828452,1.7751599550247192,2.064615249633789,1.2468617606125678,1.246861696243286,False,False,False,False,False,False
bioemu_refine,Menin,1300,1.6140219816176302,1.932555342032979,1.6151245832443235,1.9325553178787231,1.2468617606125678,1.246861696243286,False,False,False,False,False,False
bioemu_refine,Menin,1400,2.615184302775459,2.545755797743573,2.588999032974243,2.5400946140289307,1.2468617606125678,1.246861696243286,False,False,False,False,False,False
bioemu_refine,Menin,1500,4.780391469018719,5.094556782912369,4.780391693115234,5.082011222839356,1.2468617606125678,1.246861696243286,False,False,False,False,False,False
bioemu_refine,Menin,1600,1.9847879676624536,1.853053012112239,1.9869526624679563,1.8530529737472528,1.2468617606125678,1.246861696243286,False,False,False,False,False,False
bioemu_refine,Menin,1700,1.809708140369455,1.9867372768854747,1.8114413022994995,1.986737370491028,1.2468617606125678,1.246861696243286,False,False,False,False,False,False
bioemu_refine,Menin,1800,1.4276467424216708,1.390982249801447,1.4276467561721802,1.385657787322998,1.2468617606125678,1.246861696243286,False,False,False,False,False,False
bioemu_refine,Menin,1900,1.4646493899434931,1.4413317693288337,1.4633593559265137,1.4413318634033203,1.2468617606125678,1.246861696243286,False,False,False,False,False,False
bioemu_refine,Menin,2000,1.896669090609589,1.626585230175232,1.900194764137268,1.6265852451324463,1.2468617606125678,1.246861696243286,False,False,False,False,False,False
bioemu_refine,Menin,2100,1.648834464997277,1.3804901139855676,1.6228752136230469,1.3804901838302612,1.2468617606125678,1.246861696243286,False,False,False,False,False,False
bioemu_refine,NDPK-A,0,7.71952088368427,7.679840296116006,7.719385147094727,7.674011707305908,3.4697602388704447,3.4699201583862305,False,False,False,False,False,False
bioemu_refine,NDPK-A,100,3.9104067774524736,3.1527587034595435,3.933168888092041,3.1527585983276367,3.4697602388704447,3.4699201583862305,True,True,False,False,False,False
bioemu_refine,NDPK-A,200,5.104182994329688,5.2366111775276,5.104182720184326,5.226734638214111,3.4697602388704447,3.4699201583862305,False,False,False,False,False,False
bioemu_refine,NDPK-A,300,5.135350865280784,4.520379334836458,5.135351181030273,4.520379543304443,3.4697602388704447,3.4699201583862305,False,False,False,False,False,False
bioemu_refine,NDPK-A,400,8.117825052282098,6.564592187002186,8.104791641235352,6.564591884613037,3.4697602388704447,3.4699201583862305,False,False,False,False,False,False
bioemu_refine,NDPK-A,500,6.272348987609099,6.009271157820721,6.272348880767822,6.002967834472656,3.4697602388704447,3.4699201583862305,False,False,False,False,False,False
bioemu_refine,NDPK-A,600,4.34013848173746,6.08597584201188,4.341852188110352,6.079120635986328,3.4697602388704447,3.4699201583862305,False,False,False,False,False,False
bioemu_refine,NDPK-A,700,5.300307085995323,5.3286664090294265,5.300307273864746,5.337693214416504,3.4697602388704447,3.4699201583862305,False,False,False,False,False,False
bioemu_refine,NDPK-A,800,4.496927988308546,2.763388175050159,4.496927738189697,2.76338791847229,3.4697602388704447,3.4699201583862305,True,True,False,False,False,False
bioemu_refine,NDPK-A,900,3.422695202237624,4.695295052151315,3.411284685134888,4.678146362304688,3.4697602388704447,3.4699201583862305,False,False,False,False,False,False
bioemu_refine,NDPK-A,1000,4.702150532447834,4.34854854262998,4.702150344848633,4.348548412322998,3.4697602388704447,3.4699201583862305,False,False,False,False,False,False
bioemu_refine,NDPK-A,1100,8.151299294084097,6.892844309055143,8.146288871765137,6.887267589569092,3.4697602388704447,3.4699201583862305,False,False,False,False,False,False
bioemu_refine,NDPK-A,1200,3.493611316765429,3.58452828040388,3.4936113357543945,3.572445869445801,3.4697602388704447,3.4699201583862305,False,False,False,False,False,False
bioemu_refine,NDPK-A,1300,2.9857186790265966,1.437283901181003,2.9857187271118164,1.4372838735580444,3.4697602388704447,3.4699201583862305,True,True,True,True,False,False
bioemu_refine,NDPK-A,1400,6.263921010941874,6.459702126959889,6.26392126083374,6.459702014923096,3.4697602388704447,3.4699201583862305,False,False,False,False,False,False
bioemu_refine,NDPK-A,1500,4.806464735811317,4.219009791148485,4.804372310638428,4.211312770843506,3.4697602388704447,3.4699201583862305,False,False,False,False,False,False
bioemu_refine,NDPK-A,1600,3.663562402287552,3.4867531643147056,3.663562297821045,3.486753225326538,3.4697602388704447,3.4699201583862305,False,False,False,False,False,False
bioemu_refine,NDPK-A,1700,4.898808573616833,3.540067549428065,4.89880895614624,3.597644090652466,3.4697602388704447,3.4699201583862305,False,False,False,False,False,False
bioemu_refine,NDPK-A,1800,4.722718145441284,4.54767786549982,4.722718238830566,4.54555606842041,3.4697602388704447,3.4699201583862305,False,False,False,False,False,False
bioemu_refine,NDPK-A,1900,4.910339632722875,4.24073868269404,4.91033935546875,4.240738391876221,3.4697602388704447,3.4699201583862305,False,False,False,False,False,False
bioemu_refine,NDPK-A,2000,5.371957801896556,6.175929929892345,5.352924823760986,6.175930023193359,3.4697602388704447,3.4699201583862305,False,False,False,False,False,False
bioemu_refine,NDPK-A,2100,3.3032348903251827,1.7668434087280669,3.303234815597534,1.7754899263381958,3.4697602388704447,3.4699201583862305,True,True,False,False,False,False
bioemu_refine,NDPK-A,2200,5.639370491332758,6.692972087438704,5.627147197723389,6.670609951019287,3.4697602388704447,3.4699201583862305,False,False,False,False,False,False
bioemu_refine,NDPK-A,2300,6.6316722795137135,6.107042669935823,6.606649875640869,6.107043266296387,3.4697602388704447,3.4699201583862305,False,False,False,False,False,False
bioemu_refine,NDPK-A,2400,4.718475506340204,3.591304706831279,4.718475341796875,3.6031651496887207,3.4697602388704447,3.4699201583862305,False,False,False,False,False,False
bioemu_refine,SHP2,0,6.742339594319061,6.801072290095102,6.740017890930176,6.7934651374816895,1.8482636253491047,1.8406480550765991,False,False,False,False,False,False
bioemu_refine,SHP2,100,4.072107166295186,4.461206229280921,4.071305751800537,4.443339824676514,1.8482636253491047,1.8406480550765991,False,False,False,False,False,False
bioemu_refine,SHP2,200,3.9270736001247246,4.040129254090692,3.9270737171173096,4.017629623413086,1.8482636253491047,1.8406480550765991,False,False,False,False,False,False
bioemu_refine,SHP2,300,6.323895619043637,6.971341767967602,6.3176703453063965,6.969892501831055,1.8482636253491047,1.8406480550765991,False,False,False,False,False,False
bioemu_refine,SHP2,400,3.619897514743367,3.628077247836469,3.619897603988648,3.5723118782043457,1.8482636253491047,1.8406480550765991,False,False,False,False,False,False
bioemu_refine,SHP2,500,12.86279860776,13.377178544301035,12.862186431884766,13.37267017364502,1.8482636253491047,1.8406480550765991,False,False,False,False,False,False
bioemu_refine,SHP2,600,4.708919412764553,4.972895729745442,4.718764305114746,4.974579334259033,1.8482636253491047,1.8406480550765991,False,False,False,False,False,False
bioemu_refine,SHP2,700,4.738678518556449,5.155060797136814,4.738452911376953,5.144318580627441,1.8482636253491047,1.8406480550765991,False,False,False,False,False,False
bioemu_refine,SHP2,800,2.6814406947771854,2.9998255129847213,2.681440830230713,2.9916489124298096,1.8482636253491047,1.8406480550765991,False,False,False,False,False,False
bioemu_refine,SHP2,900,3.2644332828537213,3.83143150989218,3.2644333839416504,3.818459987640381,1.8482636253491047,1.8406480550765991,False,False,False,False,False,False
bioemu_refine,SHP2,1000,9.897989659902075,10.350349025679826,9.897989273071287,10.34603214263916,1.8482636253491047,1.8406480550765991,False,False,False,False,False,False
bioemu_refine,SHP2,1100,6.453168744176795,6.662397525109236,6.448456764221191,6.661411285400391,1.8482636253491047,1.8406480550765991,False,False,False,False,False,False
bioemu_refine,SHP2,1200,6.946817874872475,7.57707871540634,6.943636417388916,7.564981460571289,1.8482636253491047,1.8406480550765991,False,False,False,False,False,False
bioemu_refine,SHP2,1300,3.688494118347484,3.600799909501305,3.6831400394439697,3.6136226654052734,1.8482636253491047,1.8406480550765991,False,False,False,False,False,False
bioemu_refine,SHP2,1400,4.162836236310531,3.874375654917939,4.165618896484375,3.86092472076416,1.8482636253491047,1.8406480550765991,False,False,False,False,False,False
bioemu_refine,SHP2,1500,16.623822843396226,17.18225798160972,16.619272232055664,17.17839241027832,1.8482636253491047,1.8406480550765991,False,False,False,False,False,False
bioemu_refine,SHP2,1600,3.894477733259317,4.003254693382914,3.894477844238281,3.980743408203125,1.8482636253491047,1.8406480550765991,False,False,False,False,False,False
bioemu_refine,SHP2,1700,2.939798933430411,2.9957391941226743,2.9397988319396973,2.998594284057617,1.8482636253491047,1.8406480550765991,False,False,False,False,False,False
bioemu_refine,SHP2,1800,3.357974424774235,3.681928604302545,3.3579742908477783,3.684602022171021,1.8482636253491047,1.8406480550765991,False,False,False,False,False,False
bioemu_refine,SHP2,1900,7.007753165683873,7.292857174610299,7.007753372192383,7.29427433013916,1.8482636253491047,1.8406480550765991,False,False,False,False,False,False
bioemu_refine,SHP2,2000,4.063929951434778,4.403397085760761,4.063930034637451,4.383632183074951,1.8482636253491047,1.8406480550765991,False,False,False,False,False,False
bioemu_refine,SHP2,2100,3.8962876646703695,4.045432965861074,3.896287679672241,4.047588348388672,1.8482636253491047,1.8406480550765991,False,False,False,False,False,False
bioemu_refine,THSR,0,1.7706847069510394,1.990944658709961,1.7706847190856934,1.9909448623657229,1.616455574028625,1.562853455543518,False,False,False,False,False,False
bioemu_refine,THSR,100,1.814026564941405,1.4263902280816432,1.8169296979904173,1.4263901710510254,1.616455574028625,1.562853455543518,True,True,True,True,False,False
bioemu_refine,THSR,200,1.7387362936048858,1.8481772203180384,1.738736271858215,1.848177194595337,1.616455574028625,1.562853455543518,False,False,False,False,False,False
bioemu_refine,THSR,300,4.059063826483155,4.080667327067239,4.059063911437988,4.080514907836914,1.616455574028625,1.562853455543518,False,False,False,False,False,False
bioemu_refine,THSR,400,2.003874498166188,2.450595566540243,2.0038745403289795,2.4505956172943115,1.616455574028625,1.562853455543518,False,False,False,False,False,False
bioemu_refine,THSR,500,5.138349827413536,5.638606845916807,5.138350009918213,5.638607025146484,1.616455574028625,1.562853455543518,False,False,False,False,False,False
bioemu_refine,THSR,600,1.860923153811838,1.885381081944184,1.860923171043396,1.885381102561951,1.616455574028625,1.562853455543518,False,False,False,False,False,False
bioemu_refine,THSR,700,1.9269625315933567,2.6547899286875767,1.9269624948501587,2.654789924621582,1.616455574028625,1.562853455543518,False,False,False,False,False,False
bioemu_refine,THSR,800,1.973830933147285,1.8488566195338263,1.9766854047775269,1.848856806755066,1.616455574028625,1.562853455543518,False,False,False,False,False,False
bioemu_refine,THSR,900,1.4649441238313978,1.323070545670227,1.4649441242218018,1.3230705261230469,1.616455574028625,1.562853455543518,True,True,True,True,False,False
bioemu_refine,THSR,1000,2.381787630424802,2.319588917967645,2.3814640045166016,2.309445858001709,1.616455574028625,1.562853455543518,False,False,False,False,False,False
bioemu_refine,THSR,1100,1.525077187219103,1.459236786007544,1.525077223777771,1.4592368602752686,1.616455574028625,1.562853455543518,True,True,True,True,False,False
bioemu_refine,THSR,1200,5.47121589037213,6.26263737804349,5.471215724945068,6.262637138366699,1.616455574028625,1.562853455543518,False,False,False,False,False,False
bioemu_refine,THSR,1300,1.8226618416105385,2.487936266771977,1.8226618766784668,2.48793625831604,1.616455574028625,1.562853455543518,False,False,False,False,False,False
bioemu_refine,THSR,1400,1.7803342784592495,1.9399303625607944,1.7803343534469604,1.939930438995361,1.616455574028625,1.562853455543518,False,False,False,False,False,False
bioemu_refine,THSR,1500,1.9368454116890736,2.1155538963618605,1.934406280517578,2.115553855895996,1.616455574028625,1.562853455543518,False,False,False,False,False,False
bioemu_refine,THSR,1600,2.032921119082151,2.7410292739331235,2.032921075820923,2.7410292625427246,1.616455574028625,1.562853455543518,False,False,False,False,False,False
bioemu_refine,THSR,1700,1.5569906085220973,1.838830142326758,1.556990623474121,1.8388303518295288,1.616455574028625,1.562853455543518,False,False,False,False,False,False
bioemu_refine,THSR,1800,2.1227503184229053,2.081464676694836,2.1227502822875977,2.079163074493408,1.616455574028625,1.562853455543518,False,False,False,False,False,False
bioemu_refine,THSR,1900,1.965891817810796,1.5128421651860682,1.917938470840454,1.5128421783447266,1.616455574028625,1.562853455543518,True,True,False,False,False,False
bioemu_refine,THSR,2000,1.551962539733023,1.986002044961747,1.5519623756408691,1.986001968383789,1.616455574028625,1.562853455543518,False,False,False,False,False,False
bioemu_refine,THSR,2100,1.535027129748293,2.058684723127883,1.5350271463394165,2.058684825897217,1.616455574028625,1.562853455543518,False,False,False,False,False,False
bioemu_refine,THSR__7UTZ,0,8.933495519263776,9.87603540737107,8.930146217346191,9.889093399047852,2.4345552542057787,2.4345552921295166,False,False,False,False,False,False
bioemu_refine,THSR__7UTZ,100,1.806546785619366,2.696489820729944,1.8065468072891235,2.7103941440582275,2.4345552542057787,2.4345552921295166,False,False,False,False,False,False
bioemu_refine,THSR__7UTZ,200,2.7403279515999377,3.8055011438178177,2.740328073501587,3.815876483917236,2.4345552542057787,2.4345552921295166,False,False,False,False,False,False
bioemu_refine,THSR__7UTZ,300,5.815708729669071,7.053704754003843,5.815708637237549,7.057305335998535,2.4345552542057787,2.4345552921295166,False,False,False,False,False,False
bioemu_refine,THSR__7UTZ,400,2.553638520810616,2.3087538258080964,2.553638696670532,2.2662124633789062,2.4345552542057787,2.4345552921295166,True,True,False,False,False,False
bioemu_refine,THSR__7UTZ,500,1.9742909735901248,2.1343914123014534,1.9742910861969,2.153348207473755,2.4345552542057787,2.4345552921295166,False,False,False,False,False,False
bioemu_refine,THSR__7UTZ,600,2.6803965905247216,2.6648338929098183,2.680396556854248,2.6337313652038574,2.4345552542057787,2.4345552921295166,False,False,False,False,False,False
bioemu_refine,THSR__7UTZ,700,2.458829704774016,1.8036549691098065,2.458829641342163,1.8132480382919312,2.4345552542057787,2.4345552921295166,True,True,False,False,False,False
bioemu_refine,THSR__7UTZ,800,2.813375100019943,2.0553392209848447,2.813375234603882,2.0716354846954346,2.4345552542057787,2.4345552921295166,True,True,False,False,False,False
bioemu_refine,THSR__7UTZ,900,1.7715891675893465,2.1842983634003788,1.771589279174805,2.210542678833008,2.4345552542057787,2.4345552921295166,False,False,False,False,False,False
bioemu_refine,THSR__7UTZ,1000,2.388279569122046,2.117066207865881,2.388279676437378,2.1170661449432373,2.4345552542057787,2.4345552921295166,True,True,False,False,False,False
bioemu_refine,THSR__7UTZ,1100,2.4677626054728923,1.920811552750347,2.4677627086639404,1.9504512548446653,2.4345552542057787,2.4345552921295166,True,True,False,False,False,False
bioemu_refine,THSR__7UTZ,1200,2.9149859183099025,1.928635210608492,2.9149858951568604,1.928635239601136,2.4345552542057787,2.4345552921295166,True,True,False,False,False,False
bioemu_refine,THSR__7UTZ,1300,2.3082772713193163,2.30060692777009,2.308277368545532,2.27548623085022,2.4345552542057787,2.4345552921295166,True,True,False,False,False,False
bioemu_refine,THSR__7UTZ,1400,2.704929448657647,1.316169865366307,2.7049293518066406,1.3161698579788208,2.4345552542057787,2.4345552921295166,True,True,True,True,False,False
bioemu_refine,THSR__7UTZ,1500,3.82119286721845,3.869255585492787,3.8240129947662354,3.8492491245269775,2.4345552542057787,2.4345552921295166,False,False,False,False,False,False
bioemu_refine,THSR__7UTZ,1600,2.07761398031921,2.908640245936712,2.0776138305664062,2.9205782413482666,2.4345552542057787,2.4345552921295166,False,False,False,False,False,False
bioemu_refine,THSR__7UTZ,1700,17.053502944942377,17.2729329080578,17.053503036499023,17.265901565551758,2.4345552542057787,2.4345552921295166,False,False,False,False,False,False
bioemu_refine,THSR__7UTZ,1800,2.5964535601086083,2.729103600387567,2.5964534282684326,2.740053415298462,2.4345552542057787,2.4345552921295166,False,False,False,False,False,False
bioemu_refine,THSR__7UTZ,1900,7.54761089453309,8.809623086338021,7.553146362304687,8.809622764587402,2.4345552542057787,2.4345552921295166,False,False,False,False,False,False
bioemu_refine,THSR__7UTZ,2000,2.5044123140032544,3.1137942111797674,2.504412174224853,3.1184401512146,2.4345552542057787,2.4345552921295166,False,False,False,False,False,False
bioemu_refine,THSR__7UTZ,2100,3.062764095720495,3.162987939212873,3.0627641677856445,3.179695844650269,2.4345552542057787,2.4345552921295166,False,False,False,False,False,False
bioemu_refine,betaLG,0,2.9218275744542344,2.8796734757944296,2.900385618209839,2.879673480987549,1.3972391993938094,1.357591152191162,False,False,False,False,False,False
bioemu_refine,betaLG,100,1.778761893366686,1.7293344526800225,1.835229754447937,1.7322840690612793,1.3972391993938094,1.357591152191162,False,False,False,False,False,False
bioemu_refine,betaLG,200,1.7406680355930375,1.988365879352048,1.7406679391860962,1.990791201591492,1.3972391993938094,1.357591152191162,False,False,False,False,False,False
bioemu_refine,betaLG,300,1.28992630428282,1.7122309457815588,1.2899264097213743,1.7354588508605957,1.3972391993938094,1.357591152191162,False,False,False,False,False,False
bioemu_refine,betaLG,400,2.0367570499334566,2.2233552290458607,2.0400750637054443,2.2233550548553467,1.3972391993938094,1.357591152191162,False,False,False,False,False,False
bioemu_refine,betaLG,500,2.4121236333602747,2.4042819594987392,2.3755898475646973,2.4049997329711914,1.3972391993938094,1.357591152191162,False,False,False,False,False,False
bioemu_refine,betaLG,600,1.7507021440426604,1.6405283535425736,1.7351956367492676,1.700119137763977,1.3972391993938094,1.357591152191162,False,False,False,False,False,False
bioemu_refine,betaLG,700,1.695292313320018,1.6809926169653957,1.6942218542099,1.6958577632904053,1.3972391993938094,1.357591152191162,False,False,False,False,False,False
bioemu_refine,betaLG,800,1.710592610191333,1.9200008488014908,1.708973050117493,1.926707148551941,1.3972391993938094,1.357591152191162,False,False,False,False,False,False
bioemu_refine,betaLG,900,1.4181706408530108,1.6458789619067076,1.4278815984725952,1.6458790302276611,1.3972391993938094,1.357591152191162,False,False,False,False,False,False
bioemu_refine,betaLG,1000,1.7330634221374437,1.747613997332704,1.7400298118591309,1.7735629081726074,1.3972391993938094,1.357591152191162,False,False,False,False,False,False
bioemu_refine,betaLG,1100,1.5466865741610516,1.4451728599511957,1.5315362215042114,1.5123215913772583,1.3972391993938094,1.357591152191162,False,False,False,False,False,False
bioemu_refine,betaLG,1200,1.6036052228567,1.7392995998352612,1.5853163003921509,1.7333964109420776,1.3972391993938094,1.357591152191162,False,False,False,False,False,False
bioemu_refine,betaLG,1300,2.05704900541787,1.8562523065540149,2.065298080444336,1.884516716003418,1.3972391993938094,1.357591152191162,False,False,False,False,False,False
bioemu_refine,betaLG,1400,1.9788501615495733,2.0488543150812326,1.9788501262664795,2.0412275791168213,1.3972391993938094,1.357591152191162,False,False,False,False,False,False
bioemu_refine,betaLG,1500,2.158680578143508,2.266244505656336,2.1372716426849365,2.266244411468506,1.3972391993938094,1.357591152191162,False,False,False,False,False,False
bioemu_refine,betaLG,1600,2.1744107547002285,2.022940687199992,2.1394639015197754,2.019581794738769,1.3972391993938094,1.357591152191162,False,False,False,False,False,False
bioemu_refine,betaLG,1700,1.3588957405425075,1.4974210458216444,1.3588956594467163,1.509537935256958,1.3972391993938094,1.357591152191162,False,False,False,False,False,False
bioemu_refine,betaLG,1800,1.7535148343249147,1.5238439419100769,1.8355026245117188,1.5649421215057373,1.3972391993938094,1.357591152191162,False,False,False,False,False,False
bioemu_refine,betaLG,1900,1.828283052362027,1.811125935499313,1.829258680343628,1.7965433597564695,1.3972391993938094,1.357591152191162,False,False,False,False,False,False
bioemu_refine,betaLG,2000,1.5522939673795808,1.884766932142789,1.55229389667511,1.884766936302185,1.3972391993938094,1.357591152191162,False,False,False,False,False,False
bioemu_refine,betaLG,2100,1.8820243733123767,1.961568473361292,1.911213994026184,1.946381568908692,1.3972391993938094,1.357591152191162,False,False,False,False,False,False
bioemu_refine,betaLG,2200,2.4374638307501666,2.339691889046817,2.450434446334839,2.3448524475097656,1.3972391993938094,1.357591152191162,False,False,False,False,False,False
bioemu_refine,betaLG,2300,1.2288038227785578,1.4790763341285824,1.172058343887329,1.4509868621826172,1.3972391993938094,1.357591152191162,False,False,False,False,False,False
bioemu_refine,betaLG,2400,1.637852348414786,1.949529808967512,1.6465606689453125,1.9817880392074585,1.3972391993938094,1.357591152191162,False,False,False,False,False,False
bioemu_refine,betaLG,2500,3.240244965925732,3.1212322033810183,3.266886234283448,3.095069408416748,1.3972391993938094,1.357591152191162,False,False,False,False,False,False
bioemu_refine,betaLG,2600,1.86979064455623,2.168596463269437,1.8978391885757449,2.152759790420532,1.3972391993938094,1.357591152191162,False,False,False,False,False,False
bioemu_refine,betaLG,2700,1.3275541986295971,1.555228553080609,1.3350564241409302,1.5552284717559814,1.3972391993938094,1.357591152191162,False,False,False,False,False,False
bioemu_refine,betaLG,2800,1.3313526701002856,1.5394255133398536,1.3072360754013062,1.5724631547927856,1.3972391993938094,1.357591152191162,False,False,False,False,False,False
bioemu_refine,cAbl,0,4.103339855770645,4.792377493971659,4.079187870025635,4.7831645011901855,3.4458517805005147,3.4368226528167725,False,False,False,False,False,False
bioemu_refine,cAbl,100,3.7139280278194216,4.585955272760249,3.688283443450928,4.583195209503174,3.4458517805005147,3.4368226528167725,False,False,False,False,False,False
bioemu_refine,cAbl,200,3.7491761375858568,4.750552099125902,3.7271766662597656,4.740292072296143,3.4458517805005147,3.4368226528167725,False,False,False,False,False,False
bioemu_refine,cAbl,300,3.595259440667561,4.494870921504743,3.569669008255005,4.488065719604492,3.4458517805005147,3.4368226528167725,False,False,False,False,False,False
bioemu_refine,cAbl,400,5.796272286610108,6.1503232606436855,5.778809070587158,6.146337985992432,3.4458517805005147,3.4368226528167725,False,False,False,False,False,False
bioemu_refine,cAbl,500,4.033679321817991,4.831032294685687,4.017675876617432,4.8310322761535645,3.4458517805005147,3.4368226528167725,False,False,False,False,False,False
bioemu_refine,cAbl,600,3.8591995544960698,4.612591732132131,3.831049919128418,4.606637477874756,3.4458517805005147,3.4368226528167725,False,False,False,False,False,False
bioemu_refine,cAbl,700,2.0839069212630483,3.480764794982786,2.083906888961792,3.4719173908233643,3.4458517805005147,3.4368226528167725,False,False,False,False,False,False
bioemu_refine,cAbl,800,3.6938661840698015,4.633243354966912,3.6747772693634033,4.629558086395264,3.4458517805005147,3.4368226528167725,False,False,False,False,False,False
bioemu_refine,cAbl,900,3.874012492600368,4.699497454029434,3.851022243499756,4.691805839538574,3.4458517805005147,3.4368226528167725,False,False,False,False,False,False
bioemu_refine,cAbl,1000,3.998752129355161,4.584716109188055,3.978946447372437,4.597180843353272,3.4458517805005147,3.4368226528167725,False,False,False,False,False,False
bioemu_refine,cAbl,1100,4.024264876633423,3.791540232603394,3.999157190322876,3.810712575912476,3.4458517805005147,3.4368226528167725,False,False,False,False,False,False
bioemu_refine,cAbl,1200,4.02679950442795,4.806829237246262,3.99959659576416,4.802724361419678,3.4458517805005147,3.4368226528167725,False,False,False,False,False,False
bioemu_refine,cAbl,1300,3.6190347709788058,4.484821561532966,3.600646495819092,4.481305599212647,3.4458517805005147,3.4368226528167725,False,False,False,False,False,False
bioemu_refine,cAbl,1400,3.725102448573946,4.384361263956332,3.702052354812622,4.384816646575928,3.4458517805005147,3.4368226528167725,False,False,False,False,False,False
bioemu_refine,cAbl,1500,4.004887684098664,4.429977784241025,3.9798974990844727,4.4304046630859375,3.4458517805005147,3.4368226528167725,False,False,False,False,False,False
bioemu_refine,cAbl,1600,3.83338961174726,4.72526644670337,3.814429998397827,4.716013908386231,3.4458517805005147,3.4368226528167725,False,False,False,False,False,False
bioemu_refine,cAbl,1700,3.463558404986592,4.16360366569723,3.4470109939575195,4.150625228881836,3.4458517805005147,3.4368226528167725,False,False,False,False,False,False
bioemu_refine,cAbl,1800,3.2148511191773164,4.089294123655529,3.1958701610565186,4.078947067260742,3.4458517805005147,3.4368226528167725,False,False,False,False,False,False
bioemu_refine,p53_Y220C,0,1.3629367979812348,2.150847961226269,1.3629368543624878,2.150847911834717,1.1600563699903448,1.1600563526153564,False,False,False,False,False,False
bioemu_refine,p53_Y220C,100,1.2433145396539742,1.109974658779895,1.243314504623413,1.10997474193573,1.1600563699903448,1.1600563526153564,True,True,True,True,False,False
bioemu_refine,p53_Y220C,200,1.1359019627668303,0.8065748580464744,1.135901927947998,0.8065748810768127,1.1600563699903448,1.1600563526153564,True,True,True,True,True,True
bioemu_refine,p53_Y220C,300,0.7465221513245356,0.8809043494991452,0.7465221881866455,0.8809043169021606,1.1600563699903448,1.1600563526153564,False,False,False,False,False,False
bioemu_refine,p53_Y220C,400,1.2921218480226748,0.995465488144083,1.2921218872070312,0.9954655170440674,1.1600563699903448,1.1600563526153564,True,True,True,True,True,True
bioemu_refine,p53_Y220C,500,1.0106048539826786,1.5121884006645503,1.0106048583984375,1.51218843460083,1.1600563699903448,1.1600563526153564,False,False,False,False,False,False
bioemu_refine,p53_Y220C,600,0.716667974456067,1.463154733717736,0.7166679501533508,1.4631547927856443,1.1600563699903448,1.1600563526153564,False,False,False,False,False,False
bioemu_refine,p53_Y220C,700,1.470687562168654,1.2637091055824126,1.4706875085830688,1.2637090682983398,1.1600563699903448,1.1600563526153564,False,False,False,False,False,False
bioemu_refine,p53_Y220C,800,1.43819576508757,1.4677392173461554,1.438195824623108,1.467739224433899,1.1600563699903448,1.1600563526153564,False,False,False,False,False,False
bioemu_refine,p53_Y220C,900,1.1357011817708549,1.5598655362336706,1.1357011795043943,1.5598655939102173,1.1600563699903448,1.1600563526153564,False,False,False,False,False,False
bioemu_refine,p53_Y220C,1000,0.803929166031608,1.2315782499947734,0.8039291501045227,1.231578350067139,1.1600563699903448,1.1600563526153564,False,False,False,False,False,False
bioemu_refine,p53_Y220C,1100,1.5546997683247097,0.6437345879447445,1.5546996593475342,0.6437345743179321,1.1600563699903448,1.1600563526153564,True,True,True,True,True,True
bioemu_refine,p53_Y220C,1200,1.5457015804822596,1.0482571336336843,1.545701503753662,1.0482571125030518,1.1600563699903448,1.1600563526153564,True,True,True,True,False,False
bioemu_refine,p53_Y220C,1300,1.5570124585309226,1.4294872039403668,1.5570124387741089,1.429487228393555,1.1600563699903448,1.1600563526153564,False,False,False,False,False,False
bioemu_refine,p53_Y220C,1400,1.0278782294274176,0.6749419952712931,1.0278782844543457,0.6749420166015625,1.1600563699903448,1.1600563526153564,True,True,True,True,True,True
bioemu_refine,p53_Y220C,1500,1.0567196706560738,1.1242694955506405,1.0567196607589722,1.1242694854736328,1.1600563699903448,1.1600563526153564,False,False,False,False,False,False
bioemu_refine,p53_Y220C,1600,1.178185051450849,1.7932358309440712,1.1781851053237915,1.7932357788085938,1.1600563699903448,1.1600563526153564,False,False,False,False,False,False
bioemu_refine,p53_Y220C,1700,1.470139623918181,2.0317319640550573,1.4701396226882937,2.031732082366944,1.1600563699903448,1.1600563526153564,False,False,False,False,False,False
bioemu_refine,p53_Y220C,1800,1.3421479366986244,1.8486164762000488,1.342147946357727,1.8486164808273315,1.1600563699903448,1.1600563526153564,False,False,False,False,False,False
bioemu_refine,p53_Y220C,1900,0.6060178502310685,1.0981548439447404,0.6060178279876709,1.0981547832489014,1.1600563699903448,1.1600563526153564,False,False,False,False,False,False
bioemu_refine,p53_Y220C,2000,1.1965879728605138,0.8676184880581513,1.1965879201889038,0.8676185011863708,1.1600563699903448,1.1600563526153564,True,True,True,True,True,True
bioemu_refine,p53_Y220C,2100,0.7093057315745609,1.5340642693429674,0.7093056440353394,1.5340642929077148,1.1600563699903448,1.1600563526153564,False,False,False,False,False,False
bioemu_refine,p53_Y220C,2200,1.1741973922387787,1.1493831555822374,1.1741973161697388,1.1493831872940063,1.1600563699903448,1.1600563526153564,True,True,True,True,False,False
bioemu_refine,p53_Y220C,2300,0.9861034981041216,1.496560604072751,0.9861035346984864,1.4965606927871704,1.1600563699903448,1.1600563526153564,False,False,False,False,False,False
bioemu_refine,p53_Y220C,2400,0.7755128394219378,0.8790096419944423,0.7755128741264343,0.8790097236633301,1.1600563699903448,1.1600563526153564,False,False,False,False,False,False
bioemu_refine,p53_Y220C,2500,1.9222558944095145,2.3797322025888565,1.9222558736801147,2.379732131958008,1.1600563699903448,1.1600563526153564,False,False,False,False,False,False
bioemu_refine,p53_Y220C,2600,1.7190312011029345,1.1585258561740557,1.7190312147140503,1.1585259437561035,1.1600563699903448,1.1600563526153564,True,True,True,True,False,False
bioemu_refine,p53_Y220C__4AGQ,0,1.5876087507624004,1.050654763800013,1.587608814239502,1.0506547689437866,1.1180275303614244,1.1180275678634644,True,True,True,True,False,False
bioemu_refine,p53_Y220C__4AGQ,100,1.555240179603392,1.195792307576398,1.5552401542663574,1.195792317390442,1.1180275303614244,1.1180275678634644,False,False,False,False,False,False
bioemu_refine,p53_Y220C__4AGQ,200,1.1508707529097442,0.5698676716737904,1.1508709192276,0.5698676705360413,1.1180275303614244,1.1180275678634644,True,True,True,True,True,True
bioemu_refine,p53_Y220C__4AGQ,300,1.5908762778045906,1.4906699339202605,1.5908763408660889,1.4906699657440186,1.1180275303614244,1.1180275678634644,False,False,False,False,False,False
bioemu_refine,p53_Y220C__4AGQ,400,1.3630512307389373,1.047424627610456,1.363051176071167,1.0474246740341189,1.1180275303614244,1.1180275678634644,True,True,True,True,False,False
bioemu_refine,p53_Y220C__4AGQ,500,1.398442273691224,1.0101812329025197,1.398442268371582,1.010181188583374,1.1180275303614244,1.1180275678634644,True,True,True,True,False,False
bioemu_refine,p53_Y220C__4AGQ,600,1.0548270965713942,1.6197553404819107,1.054827094078064,1.6197553873062134,1.1180275303614244,1.1180275678634644,False,False,False,False,False,False
bioemu_refine,p53_Y220C__4AGQ,700,1.857616678514564,1.6038680969461443,1.857616662979126,1.603868007659912,1.1180275303614244,1.1180275678634644,False,False,False,False,False,False
bioemu_refine,p53_Y220C__4AGQ,800,1.450842498911443,1.040519111315853,1.4508424997329712,1.040519118309021,1.1180275303614244,1.1180275678634644,True,True,True,True,False,False
bioemu_refine,p53_Y220C__4AGQ,900,1.4764401478148446,1.1790742173236806,1.476440191268921,1.1790741682052612,1.1180275303614244,1.1180275678634644,False,False,False,False,False,False
bioemu_refine,p53_Y220C__4AGQ,1000,1.3012672933468763,0.8530030471295011,1.3012672662734983,0.8530030846595764,1.1180275303614244,1.1180275678634644,True,True,True,True,True,True
bioemu_refine,p53_Y220C__4AGQ,1100,0.4999548006063765,1.200154162903929,0.4999548196792602,1.200154185295105,1.1180275303614244,1.1180275678634644,False,False,False,False,False,False
bioemu_refine,p53_Y220C__4AGQ,1200,1.1298397049862643,0.1776702142243865,1.1298396587371826,0.1776702105998993,1.1180275303614244,1.1180275678634644,True,True,True,True,True,True
bioemu_refine,p53_Y220C__4AGQ,1300,1.4314864050845522,2.0095081474229337,1.4314863681793213,2.0095081329345703,1.1180275303614244,1.1180275678634644,False,False,False,False,False,False
bioemu_refine,p53_Y220C__4AGQ,1400,0.6293071021077494,1.390168385985057,0.6293070912361145,1.390168309211731,1.1180275303614244,1.1180275678634644,False,False,False,False,False,False
bioemu_refine,p53_Y220C__4AGQ,1500,1.3569695498299643,0.8510325771574997,1.3569695949554443,0.8510326147079468,1.1180275303614244,1.1180275678634644,True,True,True,True,True,True
bioemu_refine,p53_Y220C__4AGQ,1600,1.9146398090746213,1.7718317289443872,1.9146398305892944,1.7718316316604614,1.1180275303614244,1.1180275678634644,False,False,False,False,False,False
bioemu_refine,p53_Y220C__4AGQ,1700,1.4033392921876122,1.944803281790188,1.4033392667770386,1.944803237915039,1.1180275303614244,1.1180275678634644,False,False,False,False,False,False
bioemu_refine,p53_Y220C__4AGQ,1800,2.0975249204449407,2.0923297025882768,2.097525119781494,2.092329740524292,1.1180275303614244,1.1180275678634644,False,False,False,False,False,False
bioemu_refine,p53_Y220C__4AGQ,1900,1.124674613762827,0.4833881327533958,1.1246745586395264,0.4833880960941314,1.1180275303614244,1.1180275678634644,True,True,True,True,True,True
bioemu_refine,p53_Y220C__4AGQ,2000,1.4771595365621388,1.5607700907821096,1.47715961933136,1.560770034790039,1.1180275303614244,1.1180275678634644,False,False,False,False,False,False
bioemu_refine,p53_Y220C__4AGQ,2100,2.300551960743169,2.287263651660436,2.3005518913269043,2.2872636318206787,1.1180275303614244,1.1180275678634644,False,False,False,False,False,False
bioemu_refine,p53_Y220C__4AGQ,2200,2.5418187735409288,2.3750141114697665,2.541818857192993,2.375014066696167,1.1180275303614244,1.1180275678634644,False,False,False,False,False,False
bioemu_refine,p53_Y220C__4AGQ,2300,1.3456112970496452,0.8982615043798589,1.345611333847046,0.8982614874839783,1.1180275303614244,1.1180275678634644,True,True,True,True,True,True
bioemu_refine,p53_Y220C__4AGQ,2400,1.7725582836191114,1.218557545204787,1.7725582122802734,1.2185574769973757,1.1180275303614244,1.1180275678634644,False,False,False,False,False,False
bioemu_refine,p53_Y220C__4AGQ,2500,2.0207549554216584,1.967429827818286,2.0207550525665283,1.9674296379089355,1.1180275303614244,1.1180275678634644,False,False,False,False,False,False
bioemu_refine,p53_Y220C__4AGQ,2600,1.9063006713707744,1.555473090816708,1.9063005447387693,1.5554730892181396,1.1180275303614244,1.1180275678634644,False,False,False,False,False,False
boltz2,Bcl-xL,0,5.856164470434432,6.1814760087855465,5.874023914337158,6.181475639343262,2.505562006849456,2.5040442943573,False,False,False,False,False,False
boltz2,Bcl-xL,1,5.689004757512323,6.112560820989361,5.686601638793945,6.1098175048828125,2.505562006849456,2.5040442943573,False,False,False,False,False,False
boltz2,Bcl-xL,2,3.549432345624996,3.698587429715168,3.549309492111206,3.6768643856048575,2.505562006849456,2.5040442943573,False,False,False,False,False,False
boltz2,Bcl-xL,3,3.768002685092608,3.799187288780384,3.782163143157959,3.78647255897522,2.505562006849456,2.5040442943573,False,False,False,False,False,False
boltz2,Bcl-xL,4,5.516818987946717,6.1124690533108925,5.536701202392578,6.106439113616943,2.505562006849456,2.5040442943573,False,False,False,False,False,False
boltz2,Bcl-xL,5,5.355359278029021,5.531508915994302,5.366821765899658,5.531509399414063,2.505562006849456,2.5040442943573,False,False,False,False,False,False
boltz2,Bcl-xL,6,5.540816372437452,5.682612539800725,5.548625469207764,5.672504901885986,2.505562006849456,2.5040442943573,False,False,False,False,False,False
boltz2,Bcl-xL,7,5.8288533221730665,6.600263569096759,5.847113609313965,6.600263595581055,2.505562006849456,2.5040442943573,False,False,False,False,False,False
boltz2,Bcl-xL,8,5.666845984185243,5.8408748188927335,5.672464847564697,5.841954708099365,2.505562006849456,2.5040442943573,False,False,False,False,False,False
boltz2,Bcl-xL,9,5.673217634601176,6.426216340093537,5.682193279266357,6.416799068450928,2.505562006849456,2.5040442943573,False,False,False,False,False,False
boltz2,Bcl-xL,10,6.992512527426996,7.613423923125945,6.9970245361328125,7.598884105682373,2.505562006849456,2.5040442943573,False,False,False,False,False,False
boltz2,Bcl-xL,11,6.240834754252373,6.034789722506142,6.2498931884765625,6.011888027191162,2.505562006849456,2.5040442943573,False,False,False,False,False,False
boltz2,Bcl-xL,12,5.377277817158421,5.819566848773219,5.398185253143311,5.820872783660889,2.505562006849456,2.5040442943573,False,False,False,False,False,False
boltz2,Bcl-xL,13,6.492598154722363,7.027114191312806,6.495909214019775,7.027113914489746,2.505562006849456,2.5040442943573,False,False,False,False,False,False
boltz2,Bcl-xL,14,6.179719935602569,6.610283920058378,6.178735256195068,6.610283851623535,2.505562006849456,2.5040442943573,False,False,False,False,False,False
boltz2,Bcl-xL,15,5.515040191761207,6.101038559851024,5.513825416564941,6.101038932800293,2.505562006849456,2.5040442943573,False,False,False,False,False,False
boltz2,Bcl-xL,16,6.454626399148011,7.328419613067101,6.458259582519531,7.322028636932373,2.505562006849456,2.5040442943573,False,False,False,False,False,False
boltz2,Bcl-xL,17,6.4788900571006325,6.989474274640317,6.483877182006836,6.989474296569824,2.505562006849456,2.5040442943573,False,False,False,False,False,False
boltz2,Bcl-xL,18,5.31375577182936,5.838781665465806,5.313755989074707,5.8230743408203125,2.505562006849456,2.5040442943573,False,False,False,False,False,False
boltz2,Bcl-xL,19,5.146646573255108,5.566510067930783,5.15474271774292,5.566132068634033,2.505562006849456,2.5040442943573,False,False,False,False,False,False
boltz2,Bcl-xL,20,6.296837715571733,6.942022685960239,6.311509609222412,6.942022800445557,2.505562006849456,2.5040442943573,False,False,False,False,False,False
boltz2,Bcl-xL,21,6.344749047229607,7.013021448541359,6.347448825836182,7.013021469116211,2.505562006849456,2.5040442943573,False,False,False,False,False,False
boltz2,Bcl-xL,22,5.82878262153046,5.973807160289407,5.831417560577393,5.974021911621094,2.505562006849456,2.5040442943573,False,False,False,False,False,False
boltz2,Bcl-xL,23,5.021514047599798,5.718047383000781,5.023859024047852,5.711975574493408,2.505562006849456,2.5040442943573,False,False,False,False,False,False
boltz2,Bcl-xL,24,6.496422590143483,7.125137411681872,6.516092777252197,7.114147186279297,2.505562006849456,2.5040442943573,False,False,False,False,False,False
boltz2,Bcl-xL,25,5.772576496539154,6.1264114171264845,5.769784927368164,6.124722957611084,2.505562006849456,2.5040442943573,False,False,False,False,False,False
boltz2,Bcl-xL,26,7.230010506970047,7.678947276480067,7.223910331726074,7.671250343322754,2.505562006849456,2.5040442943573,False,False,False,False,False,False
boltz2,Bcl-xL,27,6.836192892350774,7.328875820406752,6.837141513824463,7.32887601852417,2.505562006849456,2.5040442943573,False,False,False,False,False,False
boltz2,Bcl-xL,28,6.611451901991749,6.797123693031842,6.6146440505981445,6.794058322906494,2.505562006849456,2.5040442943573,False,False,False,False,False,False
boltz2,Bcl-xL,29,5.962673014081576,6.369444156815151,5.968746185302734,6.369444370269775,2.505562006849456,2.5040442943573,False,False,False,False,False,False
boltz2,FUT8,0,0.6507796496474934,3.3554297731261338,0.6507796049118042,3.3818070888519287,3.419934534191317,3.4277188777923584,False,False,False,False,False,False
boltz2,FUT8,1,0.5470086296192961,3.375973430773375,0.5470086336135864,3.3960635662078857,3.419934534191317,3.4277188777923584,False,False,False,False,False,False
boltz2,FUT8,2,0.6974596807141634,3.4757176859260874,0.6974596381187439,3.497573137283325,3.419934534191317,3.4277188777923584,False,False,False,False,False,False
boltz2,FUT8,3,0.6498635384065394,3.3840313260727624,0.6498635411262512,3.4040307998657227,3.419934534191317,3.4277188777923584,False,False,False,False,False,False
boltz2,FUT8,4,0.4783909097571825,3.3454535985407583,0.4783909022808075,3.3571221828460693,3.419934534191317,3.4277188777923584,False,False,False,False,False,False
boltz2,FUT8,5,0.6121942214582059,3.599731518610556,0.6121942400932312,3.6180882453918457,3.419934534191317,3.4277188777923584,False,False,False,False,False,False
boltz2,FUT8,6,0.5823929273636654,3.37675350622711,0.5823929309844971,3.400761604309082,3.419934534191317,3.4277188777923584,False,False,False,False,False,False
boltz2,FUT8,7,0.7150666884962422,3.29035092980199,0.71506667137146,3.3112010955810547,3.419934534191317,3.4277188777923584,False,False,False,False,False,False
boltz2,FUT8,8,0.5923188819113797,3.336703547919848,0.5923188328742981,3.353166341781616,3.419934534191317,3.4277188777923584,False,False,False,False,False,False
boltz2,FUT8,9,0.7520563446827518,3.486463504514661,0.752056360244751,3.5102362632751465,3.419934534191317,3.4277188777923584,False,False,False,False,False,False
boltz2,FUT8,10,0.6418412248015888,3.407534971496598,0.6418412327766418,3.4269888401031494,3.419934534191317,3.4277188777923584,False,False,False,False,False,False
boltz2,FUT8,11,0.6611194507237823,3.539348220529234,0.6611195206642151,3.554204225540161,3.419934534191317,3.4277188777923584,False,False,False,False,False,False
boltz2,FUT8,12,0.6385250789735736,3.4088066086166893,0.6385250687599182,3.432013511657715,3.419934534191317,3.4277188777923584,False,False,False,False,False,False
boltz2,FUT8,13,0.5609519234813505,3.477180751733308,0.5609519481658936,3.502321243286133,3.419934534191317,3.4277188777923584,False,False,False,False,False,False
boltz2,FUT8,14,0.5969920565463889,3.330928037713856,0.5969920754432678,3.350700616836548,3.419934534191317,3.4277188777923584,False,False,False,False,False,False
boltz2,FUT8,15,0.6059135695531648,3.502647281950725,0.6059135794639587,3.523117780685425,3.419934534191317,3.4277188777923584,False,False,False,False,False,False
boltz2,FUT8,16,0.4318782790814471,3.380874938023205,0.4318782687187195,3.394951105117798,3.419934534191317,3.4277188777923584,False,False,False,False,False,False
boltz2,FUT8,17,0.661725166077552,3.393333460174621,0.6617251634597778,3.420517444610596,3.419934534191317,3.4277188777923584,False,False,False,False,False,False
boltz2,FUT8,18,0.5542712175705429,3.2622800033407224,0.5542712211608887,3.2746005058288574,3.419934534191317,3.4277188777923584,False,False,False,False,False,False
boltz2,FUT8,19,0.6146234562030019,3.516431132882173,0.614623486995697,3.538647413253784,3.419934534191317,3.4277188777923584,False,False,False,False,False,False
boltz2,FUT8,20,0.947645689507494,3.4209634212065634,0.9476457238197328,3.4393022060394287,3.419934534191317,3.4277188777923584,False,False,False,False,False,False
boltz2,FUT8,21,0.7671258378259186,3.402987531579908,0.7671257853507996,3.4204986095428467,3.419934534191317,3.4277188777923584,False,False,False,False,False,False
boltz2,FUT8,22,0.5452222004748192,3.417967787869322,0.5452222228050232,3.43753433227539,3.419934534191317,3.4277188777923584,False,False,False,False,False,False
boltz2,FUT8,23,0.6969668760619976,3.4338293537580094,0.6969668865203857,3.4533846378326416,3.419934534191317,3.4277188777923584,False,False,False,False,False,False
boltz2,FUT8,24,0.7294763981486966,3.4832355458268336,0.7294763922691345,3.507498979568481,3.419934534191317,3.4277188777923584,False,False,False,False,False,False
boltz2,FUT8,25,0.6471280933663517,3.443766139003561,0.6471280455589294,3.4686484336853027,3.419934534191317,3.4277188777923584,False,False,False,False,False,False
boltz2,FUT8,26,0.639118261037705,3.342347170751044,0.6391182541847229,3.3609390258789062,3.419934534191317,3.4277188777923584,False,False,False,False,False,False
boltz2,FUT8,27,0.6754582229735158,3.424370419342859,0.6754581928253174,3.4448728561401367,3.419934534191317,3.4277188777923584,False,False,False,False,False,False
boltz2,FUT8,28,0.5125177927353498,3.356307343867768,0.5125178098678589,3.37683653831482,3.419934534191317,3.4277188777923584,False,False,False,False,False,False
boltz2,FUT8,29,0.7335899674288406,3.30347048854493,0.7335899472236633,3.3345980644226074,3.419934534191317,3.4277188777923584,False,False,False,False,False,False
boltz2,GLTP,0,2.767186944985045,2.3058301259156275,2.767187118530273,2.3058300018310547,2.1410013181020275,2.14109754562378,False,False,False,False,False,False
boltz2,GLTP,1,3.08679879177437,2.7002359824630977,3.086798906326294,2.7002360820770264,2.1410013181020275,2.14109754562378,False,False,False,False,False,False
boltz2,GLTP,2,2.6609523039721577,2.2628052328969304,2.660952091217041,2.262805223464966,2.1410013181020275,2.14109754562378,False,False,False,False,False,False
boltz2,GLTP,3,2.533944580032365,2.085510100791597,2.533944606781006,2.08551025390625,2.1410013181020275,2.14109754562378,True,True,False,False,False,False
boltz2,GLTP,4,2.82854198173868,2.381457038297092,2.828541755676269,2.381457090377808,2.1410013181020275,2.14109754562378,False,False,False,False,False,False
boltz2,GLTP,5,2.7247092969541646,2.3492128435410526,2.724709272384644,2.349212884902954,2.1410013181020275,2.14109754562378,False,False,False,False,False,False
boltz2,GLTP,6,1.8204810307769224,1.8420994003741324,1.8204808235168457,1.84209942817688,2.1410013181020275,2.14109754562378,False,False,False,False,False,False
boltz2,GLTP,7,2.7691237550525862,2.332099098450408,2.7691237926483154,2.332098960876465,2.1410013181020275,2.14109754562378,False,False,False,False,False,False
boltz2,GLTP,8,2.730471726397115,2.344037431423991,2.730471611022949,2.3440375328063965,2.1410013181020275,2.14109754562378,False,False,False,False,False,False
boltz2,GLTP,9,2.6874768262891973,2.2208045468646977,2.687476873397827,2.2208046913146973,2.1410013181020275,2.14109754562378,False,False,False,False,False,False
boltz2,GLTP,10,2.8796167640661925,2.26835812908019,2.8796167373657227,2.268357992172241,2.1410013181020275,2.14109754562378,False,False,False,False,False,False
boltz2,GLTP,11,2.639179325682378,2.2443090144637377,2.6391794681549072,2.244309186935425,2.1410013181020275,2.14109754562378,False,False,False,False,False,False
boltz2,GLTP,12,2.844359149019689,2.461663648043848,2.8443591594696045,2.461663722991944,2.1410013181020275,2.14109754562378,False,False,False,False,False,False
boltz2,GLTP,13,2.82663637963619,2.487760053246725,2.82663631439209,2.487760066986084,2.1410013181020275,2.14109754562378,False,False,False,False,False,False
boltz2,GLTP,14,2.5585422473969293,2.140016770217703,2.558542251586914,2.140016794204712,2.1410013181020275,2.14109754562378,True,True,False,False,False,False
boltz2,GLTP,15,3.042129560141894,2.5016297708668707,3.0421295166015625,2.5016298294067383,2.1410013181020275,2.14109754562378,False,False,False,False,False,False
boltz2,GLTP,16,2.504682583941038,2.166129408177965,2.5046825408935547,2.1661293506622314,2.1410013181020275,2.14109754562378,False,False,False,False,False,False
boltz2,GLTP,17,1.5101229090800363,1.5248150061424783,1.5101228952407837,1.5248149633407593,2.1410013181020275,2.14109754562378,False,False,False,False,False,False
boltz2,GLTP,18,2.930638729745505,2.329627276728356,2.9306387901306152,2.329627275466919,2.1410013181020275,2.14109754562378,False,False,False,False,False,False
boltz2,GLTP,19,2.4028734655363464,2.082611856893588,2.402873516082764,2.0826117992401123,2.1410013181020275,2.14109754562378,True,True,False,False,False,False
boltz2,GLTP,20,2.627007832134006,2.228588820400379,2.6270079612731934,2.228588819503784,2.1410013181020275,2.14109754562378,False,False,False,False,False,False
boltz2,GLTP,21,2.76735498775901,2.5072591791994925,2.767354965209961,2.5072591304779053,2.1410013181020275,2.14109754562378,False,False,False,False,False,False
boltz2,GLTP,22,2.7477105905280985,2.267092479732891,2.747710466384888,2.26709246635437,2.1410013181020275,2.14109754562378,False,False,False,False,False,False
boltz2,GLTP,23,1.762438127182732,2.002443769409135,1.7624380588531494,2.002443790435791,2.1410013181020275,2.14109754562378,False,False,False,False,False,False
boltz2,GLTP,24,2.166367005088872,2.0227151131631875,2.166367053985596,2.0227150917053223,2.1410013181020275,2.14109754562378,True,True,False,False,False,False
boltz2,GLTP,25,2.1246244484057755,2.452720724982704,2.124624490737915,2.452720642089844,2.1410013181020275,2.14109754562378,False,False,False,False,False,False
boltz2,GLTP,26,2.7659888331563134,2.4401546384134662,2.765988826751709,2.440154552459717,2.1410013181020275,2.14109754562378,False,False,False,False,False,False
boltz2,GLTP,27,1.7345616576016372,1.9763898654457603,1.7345616817474363,1.976389765739441,2.1410013181020275,2.14109754562378,False,False,False,False,False,False
boltz2,GLTP,28,2.9662330555303,2.698696039057793,2.966233253479004,2.6986958980560303,2.1410013181020275,2.14109754562378,False,False,False,False,False,False
boltz2,GLTP,29,2.1384381231449314,1.937181358297968,2.1384382247924805,1.9371813535690308,2.1410013181020275,2.14109754562378,True,True,False,False,False,False
boltz2,HIF2alpha,0,11.94028250957322,11.749701313524154,11.915933609008787,11.749701499938965,1.86542516135414,1.8654251098632808,False,False,False,False,False,False
boltz2,HIF2alpha,1,12.76925129967847,12.95646799610248,12.754244804382324,12.956467628479004,1.86542516135414,1.8654251098632808,False,False,False,False,False,False
boltz2,HIF2alpha,2,10.3256792823593,9.51867232780468,10.32533073425293,9.518671989440918,1.86542516135414,1.8654251098632808,False,False,False,False,False,False
boltz2,HIF2alpha,3,11.309459598521508,10.628899630316653,11.309460639953612,10.63904094696045,1.86542516135414,1.8654251098632808,False,False,False,False,False,False
boltz2,HIF2alpha,4,10.929738689718103,10.104479136665985,10.927361488342283,10.129371643066406,1.86542516135414,1.8654251098632808,False,False,False,False,False,False
boltz2,HIF2alpha,5,15.79087259918135,14.99726379304611,15.813021659851074,14.997262954711914,1.86542516135414,1.8654251098632808,False,False,False,False,False,False
boltz2,HIF2alpha,6,10.572044419262234,9.802365522278627,10.57204532623291,9.743449211120604,1.86542516135414,1.8654251098632808,False,False,False,False,False,False
boltz2,HIF2alpha,7,12.643205431448711,11.857586859456577,12.643205642700195,11.885828018188477,1.86542516135414,1.8654251098632808,False,False,False,False,False,False
boltz2,HIF2alpha,8,12.241124404312606,11.548836621312669,12.264385223388672,11.548837661743164,1.86542516135414,1.8654251098632808,False,False,False,False,False,False
boltz2,HIF2alpha,9,14.25760154904827,13.246991149788297,14.269908905029297,13.246991157531738,1.86542516135414,1.8654251098632808,False,False,False,False,False,False
boltz2,HIF2alpha,10,11.118567884942106,10.476456339051156,11.118568420410156,10.48869514465332,1.86542516135414,1.8654251098632808,False,False,False,False,False,False
boltz2,HIF2alpha,11,11.314903083656295,10.66262152581317,11.283653259277344,10.659904479980469,1.86542516135414,1.8654251098632808,False,False,False,False,False,False
boltz2,HIF2alpha,12,7.902260183656297,7.998394275159407,7.896618843078613,7.99839448928833,1.86542516135414,1.8654251098632808,False,False,False,False,False,False
boltz2,HIF2alpha,13,10.967822396427408,10.235985538765457,10.955904960632324,10.260213851928713,1.86542516135414,1.8654251098632808,False,False,False,False,False,False
boltz2,HIF2alpha,14,12.175385856388829,11.309857007618138,12.177997589111328,11.309857368469238,1.86542516135414,1.8654251098632808,False,False,False,False,False,False
boltz2,HIF2alpha,15,11.46230044961404,10.902747834657882,11.47943878173828,10.891302108764648,1.86542516135414,1.8654251098632808,False,False,False,False,False,False
boltz2,HIF2alpha,16,13.317972490169623,12.499222252280036,13.299416542053224,12.499222755432127,1.86542516135414,1.8654251098632808,False,False,False,False,False,False
boltz2,HIF2alpha,17,10.234326378833828,9.49755430808454,10.235746383666992,9.497553825378418,1.86542516135414,1.8654251098632808,False,False,False,False,False,False
boltz2,HIF2alpha,18,11.425976226968872,10.782734162764472,11.425975799560549,10.782733917236328,1.86542516135414,1.8654251098632808,False,False,False,False,False,False
boltz2,HIF2alpha,19,11.36469895082305,10.747763704228293,11.36296844482422,10.747764587402344,1.86542516135414,1.8654251098632808,False,False,False,False,False,False
boltz2,HIF2alpha,20,11.367442768110294,10.641467687966564,11.309961318969728,10.641468048095703,1.86542516135414,1.8654251098632808,False,False,False,False,False,False
boltz2,HIF2alpha,21,13.632269519193184,12.84696744832307,13.62569522857666,12.860032081604004,1.86542516135414,1.8654251098632808,False,False,False,False,False,False
boltz2,HIF2alpha,22,11.449104208148944,10.797521861024464,11.43331241607666,10.797521591186523,1.86542516135414,1.8654251098632808,False,False,False,False,False,False
boltz2,HIF2alpha,23,8.98891246380234,8.454817017517067,8.988912582397461,8.454816818237305,1.86542516135414,1.8654251098632808,False,False,False,False,False,False
boltz2,HIF2alpha,24,11.843909753210191,11.147295038985822,11.814983367919922,11.151488304138184,1.86542516135414,1.8654251098632808,False,False,False,False,False,False
boltz2,HIF2alpha,25,12.23373696807288,11.48681474462919,12.232319831848145,11.504027366638184,1.86542516135414,1.8654251098632808,False,False,False,False,False,False
boltz2,HIF2alpha,26,7.744347264345863,7.7920385261782545,7.772314548492432,7.792038440704346,1.86542516135414,1.8654251098632808,False,False,False,False,False,False
boltz2,HIF2alpha,27,9.653944917979576,9.645305665800269,9.653944969177246,9.68531322479248,1.86542516135414,1.8654251098632808,False,False,False,False,False,False
boltz2,HIF2alpha,28,10.219696986149602,9.631944933390647,10.243727684020996,9.63194465637207,1.86542516135414,1.8654251098632808,False,False,False,False,False,False
boltz2,HIF2alpha,29,8.127431860957918,7.290344118340628,8.128228187561035,7.29034423828125,1.86542516135414,1.8654251098632808,False,False,False,False,False,False
boltz2,HIF2alpha__6D0B,0,4.855967957067223,4.975644527420115,4.844779968261719,5.013428688049316,1.6729991744940291,1.7488830089569092,False,False,False,False,False,False
boltz2,HIF2alpha__6D0B,1,4.848743967515937,5.219989837686197,4.87954568862915,5.219989776611328,1.6729991744940291,1.7488830089569092,False,False,False,False,False,False
boltz2,HIF2alpha__6D0B,2,6.7737402989436015,6.786527329863338,6.773740291595459,6.808386325836182,1.6729991744940291,1.7488830089569092,False,False,False,False,False,False
boltz2,HIF2alpha__6D0B,3,3.766047686751788,3.856762700798876,3.856642484664917,3.8567628860473633,1.6729991744940291,1.7488830089569092,False,False,False,False,False,False
boltz2,HIF2alpha__6D0B,4,3.68266417391681,3.787533509672471,3.682664394378662,3.8317654132843018,1.6729991744940291,1.7488830089569092,False,False,False,False,False,False
boltz2,HIF2alpha__6D0B,5,4.246957733833916,4.462397298010708,4.287380695343018,4.46239709854126,1.6729991744940291,1.7488830089569092,False,False,False,False,False,False
boltz2,HIF2alpha__6D0B,6,3.807586930465373,4.019127945144112,3.8481557369232178,4.01912784576416,1.6729991744940291,1.7488830089569092,False,False,False,False,False,False
boltz2,HIF2alpha__6D0B,7,6.970526502897629,7.074946228208599,6.987298488616943,7.07494592666626,1.6729991744940291,1.7488830089569092,False,False,False,False,False,False
boltz2,HIF2alpha__6D0B,8,4.286357328274881,4.574619536759537,4.317052841186523,4.574619770050049,1.6729991744940291,1.7488830089569092,False,False,False,False,False,False
boltz2,HIF2alpha__6D0B,9,4.000579170721268,3.600531194010048,4.009626388549805,3.592981338500977,1.6729991744940291,1.7488830089569092,False,False,False,False,False,False
boltz2,HIF2alpha__6D0B,10,6.553478210290932,6.129552900677751,6.553478240966797,6.15851354598999,1.6729991744940291,1.7488830089569092,False,False,False,False,False,False
boltz2,HIF2alpha__6D0B,11,5.804164932497346,5.206241786036773,5.830428123474121,5.206241607666016,1.6729991744940291,1.7488830089569092,False,False,False,False,False,False
boltz2,HIF2alpha__6D0B,12,6.31461441424298,6.492236660902417,6.338191032409668,6.492236614227295,1.6729991744940291,1.7488830089569092,False,False,False,False,False,False
boltz2,HIF2alpha__6D0B,13,4.751628931048003,5.25546225999119,4.7628912925720215,5.255462169647217,1.6729991744940291,1.7488830089569092,False,False,False,False,False,False
boltz2,HIF2alpha__6D0B,14,3.4447869360207446,3.392968575904643,3.44478702545166,3.4303226470947266,1.6729991744940291,1.7488830089569092,False,False,False,False,False,False
boltz2,HIF2alpha__6D0B,15,6.329335814355395,6.348733455000015,6.348477363586426,6.348733425140381,1.6729991744940291,1.7488830089569092,False,False,False,False,False,False
boltz2,HIF2alpha__6D0B,16,4.115331747793619,4.139513194296048,4.13240385055542,4.1395134925842285,1.6729991744940291,1.7488830089569092,False,False,False,False,False,False
boltz2,HIF2alpha__6D0B,17,5.91233636611436,5.895547319274375,5.937481880187988,5.895547389984131,1.6729991744940291,1.7488830089569092,False,False,False,False,False,False
boltz2,HIF2alpha__6D0B,18,6.974081167799924,7.184881283613161,6.960906028747559,7.184881210327148,1.6729991744940291,1.7488830089569092,False,False,False,False,False,False
boltz2,HIF2alpha__6D0B,19,4.727886678045962,4.748495858518596,4.727887153625488,4.790600776672363,1.6729991744940291,1.7488830089569092,False,False,False,False,False,False
boltz2,HIF2alpha__6D0B,20,4.991590838238222,4.959657679199291,4.991590976715088,4.9994215965271,1.6729991744940291,1.7488830089569092,False,False,False,False,False,False
boltz2,HIF2alpha__6D0B,21,5.144783423036242,5.2067193729203405,5.153390884399414,5.256610870361328,1.6729991744940291,1.7488830089569092,False,False,False,False,False,False
boltz2,HIF2alpha__6D0B,22,3.023745494159019,2.9116443974308206,3.1044301986694336,2.911644458770752,1.6729991744940291,1.7488830089569092,False,False,False,False,False,False
boltz2,HIF2alpha__6D0B,23,6.873289037243924,6.838084484273538,6.900646209716797,6.838084697723389,1.6729991744940291,1.7488830089569092,False,False,False,False,False,False
boltz2,HIF2alpha__6D0B,24,4.627762190702462,4.472009736215156,4.6547722816467285,4.472009658813477,1.6729991744940291,1.7488830089569092,False,False,False,False,False,False
boltz2,HIF2alpha__6D0B,25,5.32387909770238,5.260777990439937,5.323879241943359,5.256059646606445,1.6729991744940291,1.7488830089569092,False,False,False,False,False,False
boltz2,HIF2alpha__6D0B,26,4.482842924062607,4.630052573205599,4.482842922210693,4.60826587677002,1.6729991744940291,1.7488830089569092,False,False,False,False,False,False
boltz2,HIF2alpha__6D0B,27,5.299956000152513,4.7950084587820765,5.299956321716309,4.809615612030029,1.6729991744940291,1.7488830089569092,False,False,False,False,False,False
boltz2,HIF2alpha__6D0B,28,5.3436112062207615,5.207917093926209,5.332050323486328,5.207917213439941,1.6729991744940291,1.7488830089569092,False,False,False,False,False,False
boltz2,HIF2alpha__6D0B,29,7.370299500360137,7.690399006747963,7.367224216461182,7.670527935028076,1.6729991744940291,1.7488830089569092,False,False,False,False,False,False
boltz2,HIV1_CA,0,7.027506840257464,6.411347203101163,7.025756359100342,6.413686752319336,1.3207135415934947,1.3453065156936646,False,False,False,False,False,False
boltz2,HIV1_CA,1,2.128810806545866,1.8734523178361584,2.12881088256836,1.8734523057937624,1.3207135415934947,1.3453065156936646,False,False,False,False,False,False
boltz2,HIV1_CA,2,2.487874613827991,1.7183524934037782,2.4885497093200684,1.7552173137664795,1.3207135415934947,1.3453065156936646,False,False,False,False,False,False
boltz2,HIV1_CA,3,3.445527723322231,2.699771906005264,3.444413900375366,2.7148630619049072,1.3207135415934947,1.3453065156936646,False,False,False,False,False,False
boltz2,HIV1_CA,4,2.4890122656480176,1.6635514630288213,2.4890122413635254,1.6813944578170776,1.3207135415934947,1.3453065156936646,False,False,False,False,False,False
boltz2,HIV1_CA,5,2.5640911754942115,2.226588722357163,2.564091205596924,2.2212488651275635,1.3207135415934947,1.3453065156936646,False,False,False,False,False,False
boltz2,HIV1_CA,6,3.477459761027733,2.7477651435234915,3.4774599075317383,2.745974063873291,1.3207135415934947,1.3453065156936646,False,False,False,False,False,False
boltz2,HIV1_CA,7,2.2499256592702275,1.9334512608834509,2.2499256134033203,1.9334514141082764,1.3207135415934947,1.3453065156936646,False,False,False,False,False,False
boltz2,HIV1_CA,8,2.6326056001983047,1.812189185140692,2.637880325317383,1.8636870384216309,1.3207135415934947,1.3453065156936646,False,False,False,False,False,False
boltz2,HIV1_CA,9,3.1133692659949697,2.3373880124932755,3.113906145095825,2.3639907836914062,1.3207135415934947,1.3453065156936646,False,False,False,False,False,False
boltz2,HIV1_CA,10,8.71165478408944,8.223213714525428,8.711654663085938,8.222373008728027,1.3207135415934947,1.3453065156936646,False,False,False,False,False,False
boltz2,HIV1_CA,11,1.4803929864514291,0.8181071837418162,1.4803929328918457,0.8181071877479553,1.3207135415934947,1.3453065156936646,True,True,True,True,True,True
boltz2,HIV1_CA,12,2.582121493041303,1.8431364716117191,2.5821213722229004,1.8568989038467407,1.3207135415934947,1.3453065156936646,False,False,False,False,False,False
boltz2,HIV1_CA,13,3.382225496666764,2.6933864819283944,3.383094310760498,2.717789888381958,1.3207135415934947,1.3453065156936646,False,False,False,False,False,False
boltz2,HIV1_CA,14,3.0292394553232174,2.8799855914682664,3.0292391777038574,2.8799855709075928,1.3207135415934947,1.3453065156936646,False,False,False,False,False,False
boltz2,HIV1_CA,15,3.618098401291666,3.295070457663528,3.618098497390747,3.29451847076416,1.3207135415934947,1.3453065156936646,False,False,False,False,False,False
boltz2,HIV1_CA,16,4.233691496228193,4.37467131818117,4.233691692352295,4.375397205352783,1.3207135415934947,1.3453065156936646,False,False,False,False,False,False
boltz2,HIV1_CA,17,2.8459120509150506,2.7872379911609992,2.845912218093872,2.787237882614136,1.3207135415934947,1.3453065156936646,False,False,False,False,False,False
boltz2,HIV1_CA,18,3.671265867674722,3.317592840415217,3.671265840530396,3.3175928592681885,1.3207135415934947,1.3453065156936646,False,False,False,False,False,False
boltz2,HIV1_CA,19,3.293489780236496,2.964962690667954,3.293489694595337,2.964962720870972,1.3207135415934947,1.3453065156936646,False,False,False,False,False,False
boltz2,HIV1_CA,20,3.849043897229195,3.742509892185241,3.84904408454895,3.742510080337525,1.3207135415934947,1.3453065156936646,False,False,False,False,False,False
boltz2,HIV1_CA,21,4.514356670431329,4.044783344206204,4.513675689697266,4.0450758934021,1.3207135415934947,1.3453065156936646,False,False,False,False,False,False
boltz2,HIV1_CA,22,3.107316946808568,3.0173739389240284,3.107316970825196,3.011308431625366,1.3207135415934947,1.3453065156936646,False,False,False,False,False,False
boltz2,HIV1_CA,23,3.019955422000142,2.719474471847217,3.0199551582336426,2.716130256652832,1.3207135415934947,1.3453065156936646,False,False,False,False,False,False
boltz2,HIV1_CA,24,5.56886858458867,5.452062912055955,5.5672149658203125,5.448309421539307,1.3207135415934947,1.3453065156936646,False,False,False,False,False,False
boltz2,HIV1_CA,25,4.5973813790350215,4.85272749930756,4.595729827880859,4.856196403503418,1.3207135415934947,1.3453065156936646,False,False,False,False,False,False
boltz2,HIV1_CA,26,5.073229185448128,4.827663735663427,5.0732293128967285,4.827663898468018,1.3207135415934947,1.3453065156936646,False,False,False,False,False,False
boltz2,HIV1_CA,27,6.797051477394431,6.541671720531156,6.797051429748535,6.541671752929688,1.3207135415934947,1.3453065156936646,False,False,False,False,False,False
boltz2,HIV1_CA,28,7.845322112399785,7.340947879586546,7.845322132110596,7.336698532104492,1.3207135415934947,1.3453065156936646,False,False,False,False,False,False
boltz2,HIV1_CA,29,7.529318126005822,7.140174100233175,7.529318332672119,7.142526149749756,1.3207135415934947,1.3453065156936646,False,False,False,False,False,False
boltz2,HIV_RT,0,9.640227784602615,9.017218331638071,9.632271766662598,9.002915382385254,3.055562157269878,3.073980569839477,False,False,False,False,False,False
boltz2,HIV_RT,1,8.671275875614496,7.814933910950481,8.659910202026367,7.793025016784668,3.055562157269878,3.073980569839477,False,False,False,False,False,False
boltz2,HIV_RT,2,9.276916757550776,8.44312218726745,9.26088523864746,8.420304298400879,3.055562157269878,3.073980569839477,False,False,False,False,False,False
boltz2,HIV_RT,3,9.028712005984437,8.233737526791376,9.01253604888916,8.209911346435547,3.055562157269878,3.073980569839477,False,False,False,False,False,False
boltz2,HIV_RT,4,8.836262733287798,7.987829230062208,8.82829761505127,7.969112873077393,3.055562157269878,3.073980569839477,False,False,False,False,False,False
boltz2,HIV_RT,5,9.04947179260367,8.313470172913233,9.037273406982422,8.297846794128418,3.055562157269878,3.073980569839477,False,False,False,False,False,False
boltz2,HIV_RT,6,8.544017571520197,7.645680669923448,8.540277481079102,7.636475563049316,3.055562157269878,3.073980569839477,False,False,False,False,False,False
boltz2,HIV_RT,7,9.497025781494878,8.800020569185486,9.497817993164062,8.799532890319824,3.055562157269878,3.073980569839477,False,False,False,False,False,False
boltz2,HIV_RT,8,9.716681601962629,8.987850277468008,9.717369079589844,8.98244571685791,3.055562157269878,3.073980569839477,False,False,False,False,False,False
boltz2,HIV_RT,9,8.896714912165377,8.107633362417493,8.890244483947754,8.084097862243652,3.055562157269878,3.073980569839477,False,False,False,False,False,False
boltz2,HIV_RT,10,8.66773456662474,7.9189697863467075,8.660187721252441,7.891088008880615,3.055562157269878,3.073980569839477,False,False,False,False,False,False
boltz2,HIV_RT,11,9.300883658053795,8.746736321094398,9.2753267288208,8.733280181884766,3.055562157269878,3.073980569839477,False,False,False,False,False,False
boltz2,HIV_RT,12,9.506980337506077,8.98252006710856,9.505858421325684,8.966865539550781,3.055562157269878,3.073980569839477,False,False,False,False,False,False
boltz2,HIV_RT,13,8.902225817238289,8.114775990298057,8.895435333251953,8.102153778076172,3.055562157269878,3.073980569839477,False,False,False,False,False,False
boltz2,HIV_RT,14,8.193608337216137,8.035483466393318,8.182635307312012,8.034954071044922,3.055562157269878,3.073980569839477,False,False,False,False,False,False
boltz2,HIV_RT,15,10.021375344112029,9.47112375896448,10.012855529785156,9.453771591186523,3.055562157269878,3.073980569839477,False,False,False,False,False,False
boltz2,HIV_RT,16,9.353108693680268,8.65953922651995,9.34324836730957,8.648937225341797,3.055562157269878,3.073980569839477,False,False,False,False,False,False
boltz2,HIV_RT,17,6.2507128340521945,5.356282765848204,6.262849807739258,5.356283187866211,3.055562157269878,3.073980569839477,False,False,False,False,False,False
boltz2,HIV_RT,18,8.234106336191477,7.445020991344879,8.231496810913086,7.436570167541504,3.055562157269878,3.073980569839477,False,False,False,False,False,False
boltz2,HIV_RT,19,6.697191793312999,5.634234110335036,6.696077823638916,5.638512134552002,3.055562157269878,3.073980569839477,False,False,False,False,False,False
boltz2,HIV_RT,20,7.604993804483343,6.707437647039629,7.599907398223877,6.684178829193115,3.055562157269878,3.073980569839477,False,False,False,False,False,False
boltz2,HIV_RT,21,8.547979518932824,7.729559369365096,8.546928405761719,7.725869178771973,3.055562157269878,3.073980569839477,False,False,False,False,False,False
boltz2,HIV_RT,22,9.23864684105183,8.9064497051647,9.246089935302734,8.903585433959961,3.055562157269878,3.073980569839477,False,False,False,False,False,False
boltz2,HIV_RT,23,8.38411359664008,7.709740985823503,8.377615928649902,7.69572114944458,3.055562157269878,3.073980569839477,False,False,False,False,False,False
boltz2,HIV_RT,24,8.06033848561166,7.1743535414442565,8.048091888427734,7.160242080688477,3.055562157269878,3.073980569839477,False,False,False,False,False,False
boltz2,HIV_RT,25,9.721020875641123,9.167338594882011,9.719326972961426,9.146162986755373,3.055562157269878,3.073980569839477,False,False,False,False,False,False
boltz2,HIV_RT,26,7.710055088876177,6.643130658892599,7.700634956359863,6.614691257476807,3.055562157269878,3.073980569839477,False,False,False,False,False,False
boltz2,HIV_RT,27,7.621595172548633,7.018361810491972,7.620512962341309,6.999672889709473,3.055562157269878,3.073980569839477,False,False,False,False,False,False
boltz2,HIV_RT,28,12.112823787901933,11.845089630863768,12.098857879638672,11.825413703918455,3.055562157269878,3.073980569839477,False,False,False,False,False,False
boltz2,HIV_RT,29,8.63114359836637,8.169408496928444,8.635909080505371,8.16715145111084,3.055562157269878,3.073980569839477,False,False,False,False,False,False
boltz2,HIV_RT__3V81,0,8.768721939217917,8.360040553233421,8.756420135498047,8.342456817626953,3.0896312117090363,3.0896313190460205,False,False,False,False,False,False
boltz2,HIV_RT__3V81,1,8.240908390173868,8.444426639543737,8.229239463806152,8.43334674835205,3.0896312117090363,3.0896313190460205,False,False,False,False,False,False
boltz2,HIV_RT__3V81,2,8.946398395978568,8.501830215991431,8.932042121887207,8.479493141174316,3.0896312117090363,3.0896313190460205,False,False,False,False,False,False
boltz2,HIV_RT__3V81,3,7.639646174528701,7.103395647646011,7.618322849273682,7.067802906036377,3.0896312117090363,3.0896313190460205,False,False,False,False,False,False
boltz2,HIV_RT__3V81,4,7.482071125596788,7.206998336953672,7.483837127685547,7.205286026000977,3.0896312117090363,3.0896313190460205,False,False,False,False,False,False
boltz2,HIV_RT__3V81,5,7.445969443312341,7.204825409815086,7.445969581604004,7.201988220214844,3.0896312117090363,3.0896313190460205,False,False,False,False,False,False
boltz2,HIV_RT__3V81,6,9.141215264237822,9.258091080208745,9.129643440246582,9.243396759033203,3.0896312117090363,3.0896313190460205,False,False,False,False,False,False
boltz2,HIV_RT__3V81,7,8.030002060207158,7.823559974826336,8.034932136535645,7.824021816253662,3.0896312117090363,3.0896313190460205,False,False,False,False,False,False
boltz2,HIV_RT__3V81,8,6.846606285857867,6.4228308241482255,6.828949451446533,6.408453464508057,3.0896312117090363,3.0896313190460205,False,False,False,False,False,False
boltz2,HIV_RT__3V81,9,8.369691330609399,7.639541759365136,8.357450485229492,7.625714302062988,3.0896312117090363,3.0896313190460205,False,False,False,False,False,False
boltz2,HIV_RT__3V81,10,7.488890199573073,7.2312818981089935,7.47295331954956,7.205026149749756,3.0896312117090363,3.0896313190460205,False,False,False,False,False,False
boltz2,HIV_RT__3V81,11,3.5166526952734465,2.8517194761940363,3.516652584075928,2.8517889976501465,3.0896312117090363,3.0896313190460205,True,True,False,False,False,False
boltz2,HIV_RT__3V81,12,7.579226167485967,7.292100792894437,7.579656600952148,7.28949499130249,3.0896312117090363,3.0896313190460205,False,False,False,False,False,False
boltz2,HIV_RT__3V81,13,7.648182920439345,7.511928912200902,7.625096321105957,7.487465381622314,3.0896312117090363,3.0896313190460205,False,False,False,False,False,False
boltz2,HIV_RT__3V81,14,7.869650396753014,7.359828891001349,7.864291667938232,7.348207950592041,3.0896312117090363,3.0896313190460205,False,False,False,False,False,False
boltz2,HIV_RT__3V81,15,8.152173320511176,7.600607512220765,8.14515209197998,7.57185697555542,3.0896312117090363,3.0896313190460205,False,False,False,False,False,False
boltz2,HIV_RT__3V81,16,8.688387207148253,8.108686990627058,8.684755325317383,8.094212532043457,3.0896312117090363,3.0896313190460205,False,False,False,False,False,False
boltz2,HIV_RT__3V81,17,8.373853910670624,8.11546244518889,8.337712287902832,8.073176383972168,3.0896312117090363,3.0896313190460205,False,False,False,False,False,False
boltz2,HIV_RT__3V81,18,8.397295514294834,8.18225058848303,8.389298439025879,8.16843318939209,3.0896312117090363,3.0896313190460205,False,False,False,False,False,False
boltz2,HIV_RT__3V81,19,8.81625656858912,8.177513959394247,8.796977043151855,8.15163803100586,3.0896312117090363,3.0896313190460205,False,False,False,False,False,False
boltz2,HIV_RT__3V81,20,6.156984367599705,5.686802841527176,6.158127784729004,5.66273307800293,3.0896312117090363,3.0896313190460205,False,False,False,False,False,False
boltz2,HIV_RT__3V81,21,7.074757914788819,6.355501951907276,7.078912734985352,6.3436198234558105,3.0896312117090363,3.0896313190460205,False,False,False,False,False,False
boltz2,HIV_RT__3V81,22,7.599070596593433,7.166732058158632,7.608084678649902,7.159300327301025,3.0896312117090363,3.0896313190460205,False,False,False,False,False,False
boltz2,HIV_RT__3V81,23,7.497701794050892,6.968258497314733,7.498269081115723,6.966354370117188,3.0896312117090363,3.0896313190460205,False,False,False,False,False,False
boltz2,HIV_RT__3V81,24,7.899945267364894,7.663180014759916,7.873280525207519,7.617631912231445,3.0896312117090363,3.0896313190460205,False,False,False,False,False,False
boltz2,HIV_RT__3V81,25,7.072457438459108,6.54725105925466,7.064223766326904,6.541289329528809,3.0896312117090363,3.0896313190460205,False,False,False,False,False,False
boltz2,HIV_RT__3V81,26,7.519002782928468,6.6611664650535305,7.5070295333862305,6.658021450042725,3.0896312117090363,3.0896313190460205,False,False,False,False,False,False
boltz2,HIV_RT__3V81,27,5.918066147077519,5.406108402589602,5.910478115081787,5.383405208587647,3.0896312117090363,3.0896313190460205,False,False,False,False,False,False
boltz2,HIV_RT__3V81,28,6.918752701053589,6.383615628835999,6.904613018035889,6.370307922363281,3.0896312117090363,3.0896313190460205,False,False,False,False,False,False
boltz2,HIV_RT__3V81,29,11.334722581823897,10.469715688680596,11.331060409545898,10.468530654907228,3.0896312117090363,3.0896313190460205,False,False,False,False,False,False
boltz2,KRAS,0,3.0752254047467025,4.508030178408653,3.0781497955322266,4.508029937744141,3.742426159251105,3.743377208709717,False,False,False,False,False,False
boltz2,KRAS,1,2.930054375686218,4.2455772389138895,2.914323568344116,4.245577335357666,3.742426159251105,3.743377208709717,False,False,False,False,False,False
boltz2,KRAS,2,2.6554996596910376,4.544429266956415,2.638223648071289,4.544429302215576,3.742426159251105,3.743377208709717,False,False,False,False,False,False
boltz2,KRAS,3,3.103456441124777,4.084297339775033,3.145013332366944,4.100574493408203,3.742426159251105,3.743377208709717,False,False,False,False,False,False
boltz2,KRAS,4,3.222971289585483,4.589767549983666,3.2405929565429688,4.596100807189941,3.742426159251105,3.743377208709717,False,False,False,False,False,False
boltz2,KRAS,5,3.259877296217764,4.454289643409217,3.2629525661468506,4.454289436340332,3.742426159251105,3.743377208709717,False,False,False,False,False,False
boltz2,KRAS,6,3.402816988512068,4.222937391548131,3.407161235809326,4.2350945472717285,3.742426159251105,3.743377208709717,False,False,False,False,False,False
boltz2,KRAS,7,3.607000120068472,3.873640257748316,3.645414352416992,3.906984806060791,3.742426159251105,3.743377208709717,False,False,False,False,False,False
boltz2,KRAS,8,3.171099210668866,3.8844911358150576,3.194836378097534,3.9050116539001465,3.742426159251105,3.743377208709717,False,False,False,False,False,False
boltz2,KRAS,9,3.011761745577265,4.490657546701004,3.0477659702301025,4.491832733154297,3.742426159251105,3.743377208709717,False,False,False,False,False,False
boltz2,KRAS,10,3.115408629553236,4.568560135453385,3.1012020111083984,4.568560600280762,3.742426159251105,3.743377208709717,False,False,False,False,False,False
boltz2,KRAS,11,2.759074091312831,4.600966275793736,2.746506452560425,4.600965976715088,3.742426159251105,3.743377208709717,False,False,False,False,False,False
boltz2,KRAS,12,2.899236271334686,4.321603510867156,2.882094383239746,4.321603775024414,3.742426159251105,3.743377208709717,False,False,False,False,False,False
boltz2,KRAS,13,3.152710715074245,3.9485677226962697,3.1541244983673096,3.9536983966827393,3.742426159251105,3.743377208709717,False,False,False,False,False,False
boltz2,KRAS,14,3.175013775228193,4.091048481772985,3.173691749572754,4.091119766235352,3.742426159251105,3.743377208709717,False,False,False,False,False,False
boltz2,KRAS,15,3.460367321159818,3.61597775331962,3.4719958305358887,3.606412887573242,3.742426159251105,3.743377208709717,False,False,False,False,False,False
boltz2,KRAS,16,2.8287240699170835,4.682252159570143,2.832059144973755,4.682252407073975,3.742426159251105,3.743377208709717,False,False,False,False,False,False
boltz2,KRAS,17,3.4605414144175977,4.221726233626795,3.502115249633789,4.23756217956543,3.742426159251105,3.743377208709717,False,False,False,False,False,False
boltz2,KRAS,18,2.949287480216241,4.467069476872858,2.9571218490600586,4.466308116912842,3.742426159251105,3.743377208709717,False,False,False,False,False,False
boltz2,KRAS,19,3.266191565145825,4.515890787656358,3.252551555633545,4.515891075134277,3.742426159251105,3.743377208709717,False,False,False,False,False,False
boltz2,KRAS,20,3.345307022165426,4.6133557223199855,3.329141855239868,4.613356113433838,3.742426159251105,3.743377208709717,False,False,False,False,False,False
boltz2,KRAS,21,2.772911160164272,4.079929171134131,2.8110463619232178,4.080193519592285,3.742426159251105,3.743377208709717,False,False,False,False,False,False
boltz2,KRAS,22,3.282022636217055,4.088807030029573,3.2953693866729736,4.08737850189209,3.742426159251105,3.743377208709717,False,False,False,False,False,False
boltz2,KRAS,23,3.2823194228345915,4.394271180195728,3.2645230293273926,4.380939483642578,3.742426159251105,3.743377208709717,False,False,False,False,False,False
boltz2,KRAS,24,3.138995294327074,4.163216399002184,3.1600582599639893,4.174338817596436,3.742426159251105,3.743377208709717,False,False,False,False,False,False
boltz2,KRAS,25,2.5503843062941094,4.46223335699068,2.530117511749268,4.462233066558838,3.742426159251105,3.743377208709717,False,False,False,False,False,False
boltz2,KRAS,26,3.4340714509249253,3.958541637658472,3.45332145690918,3.951576232910156,3.742426159251105,3.743377208709717,False,False,False,False,False,False
boltz2,KRAS,27,2.9783726580951173,4.407508914889093,3.011228084564209,4.412685871124268,3.742426159251105,3.743377208709717,False,False,False,False,False,False
boltz2,KRAS,28,2.4733001282826983,4.503694267079763,2.476537704467773,4.503694534301758,3.742426159251105,3.743377208709717,False,False,False,False,False,False
boltz2,KRAS,29,3.1007745154388826,4.3682370942862345,3.0875444412231445,4.368237495422363,3.742426159251105,3.743377208709717,False,False,False,False,False,False
boltz2,Menin,0,1.0286763452416838,1.1134969955725598,1.0286763906478882,1.113497018814087,1.2468617606125678,1.246861696243286,False,False,False,False,False,False
boltz2,Menin,1,1.085557667257946,0.9165266188105058,1.0855576992034912,0.9165265560150146,1.2468617606125678,1.246861696243286,True,True,True,True,True,True
boltz2,Menin,2,1.1243035400516568,1.1756962214357627,1.1243034601211548,1.1756962537765503,1.2468617606125678,1.246861696243286,False,False,False,False,False,False
boltz2,Menin,3,0.997002276665409,1.0713969319546828,0.9970023036003112,1.0713969469070437,1.2468617606125678,1.246861696243286,False,False,False,False,False,False
boltz2,Menin,4,0.9998444403310568,0.9131688843702196,0.9998444318771362,0.9131689071655272,1.2468617606125678,1.246861696243286,True,True,True,True,True,True
boltz2,Menin,5,1.0177075998434253,0.8903042792162578,1.017707586288452,0.8903043270111084,1.2468617606125678,1.246861696243286,True,True,True,True,True,True
boltz2,Menin,6,1.033409245796319,0.8241354371400371,1.0334092378616333,0.824135422706604,1.2468617606125678,1.246861696243286,True,True,True,True,True,True
boltz2,Menin,7,1.006892041165624,1.0823702353023323,1.0068919658660889,1.0823702812194824,1.2468617606125678,1.246861696243286,False,False,False,False,False,False
boltz2,Menin,8,1.0450652948242485,0.917345077225736,1.0450652837753296,0.9173449873924256,1.2468617606125678,1.246861696243286,True,True,True,True,True,True
boltz2,Menin,9,1.076876426819663,0.9495285912111816,1.076876521110535,0.9495286345481871,1.2468617606125678,1.246861696243286,True,True,True,True,True,True
boltz2,Menin,10,1.0192310759734493,1.0060992582875696,1.0192310810089111,1.0060992240905762,1.2468617606125678,1.246861696243286,True,True,True,True,False,False
boltz2,Menin,11,0.9903728411907556,0.947554338261252,0.990372896194458,0.9475544095039368,1.2468617606125678,1.246861696243286,True,True,True,True,True,True
boltz2,Menin,12,1.037795723045333,0.9392008884817832,1.0377956628799438,0.9392008781433104,1.2468617606125678,1.246861696243286,True,True,True,True,True,True
boltz2,Menin,13,1.107395609118627,0.9585138234481506,1.1073955297470093,0.9585138559341432,1.2468617606125678,1.246861696243286,True,True,True,True,True,True
boltz2,Menin,14,1.0451651415095968,0.9156326537852242,1.0451653003692627,0.915632665157318,1.2468617606125678,1.246861696243286,True,True,True,True,True,True
boltz2,Menin,15,1.0824584953223773,0.9513136049021816,1.08245849609375,0.951313614845276,1.2468617606125678,1.246861696243286,True,True,True,True,True,True
boltz2,Menin,16,1.1066258156088002,1.0880110128578735,1.10662579536438,1.0880110263824463,1.2468617606125678,1.246861696243286,True,True,True,True,False,False
boltz2,Menin,17,0.974597042201572,0.8761906532877857,0.9745970368385316,0.876190721988678,1.2468617606125678,1.246861696243286,True,True,True,True,True,True
boltz2,Menin,18,0.9969632514714812,0.6706600339084433,0.9941594004631042,0.6706600189208984,1.2468617606125678,1.246861696243286,True,True,True,True,True,True
boltz2,Menin,19,1.078647412606725,0.6835398339868725,1.0786473751068115,0.6835398077964783,1.2468617606125678,1.246861696243286,True,True,True,True,True,True
boltz2,Menin,20,1.033706056253894,0.964647099703696,1.0337060689926147,0.9646470546722412,1.2468617606125678,1.246861696243286,True,True,True,True,True,True
boltz2,Menin,21,0.9637414882073668,0.891967163670437,0.9637414813041688,0.8919671773910522,1.2468617606125678,1.246861696243286,True,True,True,True,True,True
boltz2,Menin,22,1.117123707094518,0.9440359158574164,1.1171237230300903,0.9440360069274902,1.2468617606125678,1.246861696243286,True,True,True,True,True,True
boltz2,Menin,23,1.0805748172511536,0.962764537758185,1.080574870109558,0.9627645611763,1.2468617606125678,1.246861696243286,True,True,True,True,True,True
boltz2,Menin,24,1.107213189564197,1.010781126020552,1.107213258743286,1.0107810497283936,1.2468617606125678,1.246861696243286,True,True,True,True,False,False
boltz2,Menin,25,1.0625728578328808,1.057865156628235,1.062572956085205,1.0578651428222656,1.2468617606125678,1.246861696243286,True,True,True,True,False,False
boltz2,Menin,26,1.0464921330690278,0.9027902370054652,1.046492099761963,0.9027902483940125,1.2468617606125678,1.246861696243286,True,True,True,True,True,True
boltz2,Menin,27,0.9629696959425196,0.8960900404134011,0.9629697203636168,0.896090030670166,1.2468617606125678,1.246861696243286,True,True,True,True,True,True
boltz2,Menin,28,1.0078661551796095,0.9899233417983316,1.007866144180298,0.9899232983589172,1.2468617606125678,1.246861696243286,True,True,True,True,True,True
boltz2,Menin,29,1.0910199317464229,1.1361960284924086,1.091019868850708,1.1361960172653198,1.2468617606125678,1.246861696243286,False,False,False,False,False,False
boltz2,NDPK-A,0,9.097394016654292,10.54157835468824,9.097393989562988,10.54157829284668,3.4697602388704447,3.4699201583862305,False,False,False,False,False,False
boltz2,NDPK-A,1,7.725250607664422,7.45216225701814,7.724560260772705,7.45216178894043,3.4697602388704447,3.4699201583862305,False,False,False,False,False,False
boltz2,NDPK-A,2,13.704278673242426,13.474578796429489,13.69841194152832,13.474578857421877,3.4697602388704447,3.4699201583862305,False,False,False,False,False,False
boltz2,NDPK-A,3,12.762822464977424,13.020832139227586,12.741427421569824,13.020832061767578,3.4697602388704447,3.4699201583862305,False,False,False,False,False,False
boltz2,NDPK-A,4,10.270092027215492,9.912444139149018,10.270092010498049,9.921061515808104,3.4697602388704447,3.4699201583862305,False,False,False,False,False,False
boltz2,NDPK-A,5,9.242520712750352,9.59624480948655,9.242520332336426,9.596786499023438,3.4697602388704447,3.4699201583862305,False,False,False,False,False,False
boltz2,NDPK-A,6,10.54377069097444,10.337666130142944,10.543770790100098,10.337665557861328,3.4697602388704447,3.4699201583862305,False,False,False,False,False,False
boltz2,NDPK-A,7,11.712591877909672,11.144045266545724,11.710891723632812,11.137526512145996,3.4697602388704447,3.4699201583862305,False,False,False,False,False,False
boltz2,NDPK-A,8,9.819466893905537,10.32857397621038,9.801580429077148,10.31876277923584,3.4697602388704447,3.4699201583862305,False,False,False,False,False,False
boltz2,NDPK-A,9,14.129013179754947,13.72455614150062,14.11685276031494,13.72455596923828,3.4697602388704447,3.4699201583862305,False,False,False,False,False,False
boltz2,NDPK-A,10,12.979996770496877,13.056321316494564,12.949735641479492,13.04800796508789,3.4697602388704447,3.4699201583862305,False,False,False,False,False,False
boltz2,NDPK-A,11,12.527424184856082,11.634002697143645,12.520875930786133,11.633231163024902,3.4697602388704447,3.4699201583862305,False,False,False,False,False,False
boltz2,NDPK-A,12,13.12097160023179,13.722171909628486,13.103306770324709,13.710784912109377,3.4697602388704447,3.4699201583862305,False,False,False,False,False,False
boltz2,NDPK-A,13,8.45441947028055,8.931407837234097,8.44937515258789,8.896622657775879,3.4697602388704447,3.4699201583862305,False,False,False,False,False,False
boltz2,NDPK-A,14,10.940686124024603,10.20520477533296,10.92780303955078,10.205204963684082,3.4697602388704447,3.4699201583862305,False,False,False,False,False,False
boltz2,NDPK-A,15,11.945800140391947,10.585505697812923,11.936594009399414,10.569310188293455,3.4697602388704447,3.4699201583862305,False,False,False,False,False,False
boltz2,NDPK-A,16,10.067766119656383,10.062414045563427,10.067766189575195,10.061152458190918,3.4697602388704447,3.4699201583862305,False,False,False,False,False,False
boltz2,NDPK-A,17,14.268448802673609,14.487724414560333,14.247529029846191,14.47020149230957,3.4697602388704447,3.4699201583862305,False,False,False,False,False,False
boltz2,NDPK-A,18,13.582677590661913,13.308421614601745,13.556921005249023,13.265161514282228,3.4697602388704447,3.4699201583862305,False,False,False,False,False,False
boltz2,NDPK-A,19,14.985117654906263,14.492047540988096,14.958227157592772,14.462676048278809,3.4697602388704447,3.4699201583862305,False,False,False,False,False,False
boltz2,NDPK-A,20,13.345657359610923,13.4528928427463,13.324640274047852,13.415711402893066,3.4697602388704447,3.4699201583862305,False,False,False,False,False,False
boltz2,NDPK-A,21,8.923412856413306,9.00048479464753,8.923413276672363,9.001907348632812,3.4697602388704447,3.4699201583862305,False,False,False,False,False,False
boltz2,NDPK-A,22,13.639759563501253,13.187803514299643,13.632533073425291,13.178114891052246,3.4697602388704447,3.4699201583862305,False,False,False,False,False,False
boltz2,NDPK-A,23,9.98659998312926,9.91899560767338,9.985515594482422,9.923226356506348,3.4697602388704447,3.4699201583862305,False,False,False,False,False,False
boltz2,NDPK-A,24,12.381501911870576,11.913765552576914,12.38046932220459,11.90574550628662,3.4697602388704447,3.4699201583862305,False,False,False,False,False,False
boltz2,NDPK-A,25,13.28237491873357,12.71489659717484,13.273158073425291,12.701083183288574,3.4697602388704447,3.4699201583862305,False,False,False,False,False,False
boltz2,NDPK-A,26,6.79439575733598,7.093338408989218,6.791136741638184,7.093338489532471,3.4697602388704447,3.4699201583862305,False,False,False,False,False,False
boltz2,NDPK-A,27,6.611223413816189,5.836479037083641,6.611223220825195,5.836479187011719,3.4697602388704447,3.4699201583862305,False,False,False,False,False,False
boltz2,NDPK-A,28,11.34919360558688,12.056557462193627,11.347844123840332,12.056557655334473,3.4697602388704447,3.4699201583862305,False,False,False,False,False,False
boltz2,NDPK-A,29,10.337108892741568,11.148633672049188,10.337109565734863,11.14863395690918,3.4697602388704447,3.4699201583862305,False,False,False,False,False,False
boltz2,SHP2,0,2.396377122204071,2.048029869368412,2.401426076889038,2.01596999168396,1.8482636253491047,1.8406480550765991,False,False,False,False,False,False
boltz2,SHP2,1,2.145712946685004,2.097549651204424,2.1381137371063232,2.1041676998138428,1.8482636253491047,1.8406480550765991,False,False,False,False,False,False
boltz2,SHP2,2,2.272266290036722,1.9988907078540168,2.265897750854492,2.005894422531128,1.8482636253491047,1.8406480550765991,False,False,False,False,False,False
boltz2,SHP2,3,2.0490849643464726,1.941962741202597,2.0925750732421875,1.9489485025405884,1.8482636253491047,1.8406480550765991,False,False,False,False,False,False
boltz2,SHP2,4,2.1659603479272325,2.222373990068593,2.163879871368408,2.227690458297729,1.8482636253491047,1.8406480550765991,False,False,False,False,False,False
boltz2,SHP2,5,2.3174528371424987,1.9663081539363767,2.3137831687927246,1.9718047380447388,1.8482636253491047,1.8406480550765991,False,False,False,False,False,False
boltz2,SHP2,6,2.106067075110264,1.9423573080676224,2.109973669052124,1.94684100151062,1.8482636253491047,1.8406480550765991,False,False,False,False,False,False
boltz2,SHP2,7,2.226254651265973,2.0309857304597982,2.2186570167541504,2.036947250366211,1.8482636253491047,1.8406480550765991,False,False,False,False,False,False
boltz2,SHP2,8,4.431057078846196,4.005607017345021,4.451714515686035,4.009615898132324,1.8482636253491047,1.8406480550765991,False,False,False,False,False,False
boltz2,SHP2,9,2.326221503912038,2.0563073332889683,2.326188564300537,2.0617129802703857,1.8482636253491047,1.8406480550765991,False,False,False,False,False,False
boltz2,SHP2,10,2.237462450587117,1.8006986177443034,2.243272542953491,1.808371424674988,1.8482636253491047,1.8406480550765991,True,True,False,False,False,False
boltz2,SHP2,11,2.202843264010228,2.1650011441365704,2.2436394691467285,2.1684937477111816,1.8482636253491047,1.8406480550765991,False,False,False,False,False,False
boltz2,SHP2,12,2.1871708867586275,1.9094001540195955,2.183480262756348,1.9138641357421875,1.8482636253491047,1.8406480550765991,False,False,False,False,False,False
boltz2,SHP2,13,2.169815458162493,2.005281054166322,2.213544607162476,2.009887218475342,1.8482636253491047,1.8406480550765991,False,False,False,False,False,False
boltz2,SHP2,14,2.1574292844400507,1.8972493973268143,2.162485122680664,1.9034764766693115,1.8482636253491047,1.8406480550765991,False,False,False,False,False,False
boltz2,SHP2,15,4.687082249377429,4.335558021679246,4.68982458114624,4.329257011413574,1.8482636253491047,1.8406480550765991,False,False,False,False,False,False
boltz2,SHP2,16,4.713382703220002,5.503859976658827,4.712332725524902,5.508541107177734,1.8482636253491047,1.8406480550765991,False,False,False,False,False,False
boltz2,SHP2,17,4.118092145465978,3.800993632495531,4.126593589782715,3.804856777191162,1.8482636253491047,1.8406480550765991,False,False,False,False,False,False
boltz2,SHP2,18,9.712144925576313,9.953957419566697,9.714616775512695,9.952038764953612,1.8482636253491047,1.8406480550765991,False,False,False,False,False,False
boltz2,SHP2,19,4.560181214961761,5.091309268506733,4.579586982727051,5.095458984375,1.8482636253491047,1.8406480550765991,False,False,False,False,False,False
boltz2,SHP2,20,14.667624933553702,15.20704738654481,14.662038803100586,15.196614265441896,1.8482636253491047,1.8406480550765991,False,False,False,False,False,False
boltz2,SHP2,21,12.340864105883462,12.730728332261704,12.334524154663086,12.722945213317873,1.8482636253491047,1.8406480550765991,False,False,False,False,False,False
boltz2,SHP2,22,12.359346671686303,12.905733871132078,12.348158836364746,12.899165153503418,1.8482636253491047,1.8406480550765991,False,False,False,False,False,False
boltz2,SHP2,23,15.362326891962407,15.742382784853469,15.36415958404541,15.739273071289062,1.8482636253491047,1.8406480550765991,False,False,False,False,False,False
boltz2,SHP2,24,9.700439202930893,10.19861892897348,9.693337440490724,10.193042755126951,1.8482636253491047,1.8406480550765991,False,False,False,False,False,False
boltz2,SHP2,25,14.337834300606232,14.822237935094796,14.33837890625,14.823318481445312,1.8482636253491047,1.8406480550765991,False,False,False,False,False,False
boltz2,SHP2,26,14.843761401012369,15.259217070701744,14.839204788208008,15.254748344421388,1.8482636253491047,1.8406480550765991,False,False,False,False,False,False
boltz2,SHP2,27,16.98829703372822,17.50134503632823,16.988906860351562,17.501699447631836,1.8482636253491047,1.8406480550765991,False,False,False,False,False,False
boltz2,SHP2,28,15.231112959326332,15.395594959257108,15.228752136230469,15.388104438781738,1.8482636253491047,1.8406480550765991,False,False,False,False,False,False
boltz2,SHP2,29,14.696775019654416,14.83963985036941,14.694849014282228,14.839640617370604,1.8482636253491047,1.8406480550765991,False,False,False,False,False,False
boltz2,THSR,0,5.22445582800669,5.775403098444232,5.224455833435059,5.765151977539063,1.616455574028625,1.562853455543518,False,False,False,False,False,False
boltz2,THSR,1,11.60637041434005,12.42169992698475,11.60637092590332,12.42169952392578,1.616455574028625,1.562853455543518,False,False,False,False,False,False
boltz2,THSR,2,10.027107466361915,10.656757664192416,10.027107238769531,10.656757354736328,1.616455574028625,1.562853455543518,False,False,False,False,False,False
boltz2,THSR,3,9.840023502021989,10.485498293170568,9.828242301940918,10.485498428344728,1.616455574028625,1.562853455543518,False,False,False,False,False,False
boltz2,THSR,4,8.984604342286024,9.675840236002696,8.984604835510254,9.675840377807615,1.616455574028625,1.562853455543518,False,False,False,False,False,False
boltz2,THSR,5,7.524935529357783,8.11590913298344,7.520489692687988,8.110692024230957,1.616455574028625,1.562853455543518,False,False,False,False,False,False
boltz2,THSR,6,5.110317571923486,5.694200125417837,5.090534210205078,5.673670291900635,1.616455574028625,1.562853455543518,False,False,False,False,False,False
boltz2,THSR,7,2.196746142239385,1.992195598112116,2.1967461109161377,1.962750673294068,1.616455574028625,1.562853455543518,False,False,False,False,False,False
boltz2,THSR,8,9.4079871032333,10.099703496341734,9.407986640930176,10.099703788757324,1.616455574028625,1.562853455543518,False,False,False,False,False,False
boltz2,THSR,9,10.604649073559427,11.25577816286629,10.60464859008789,11.255778312683104,1.616455574028625,1.562853455543518,False,False,False,False,False,False
boltz2,THSR,10,10.997346375686089,11.790695541691273,10.997344970703123,11.790696144104004,1.616455574028625,1.562853455543518,False,False,False,False,False,False
boltz2,THSR,11,8.73424619838069,9.402283537139551,8.734246253967285,9.402283668518066,1.616455574028625,1.562853455543518,False,False,False,False,False,False
boltz2,THSR,12,9.474451091153492,10.315551341953489,9.47445011138916,10.310144424438477,1.616455574028625,1.562853455543518,False,False,False,False,False,False
boltz2,THSR,13,10.408692040855913,11.106667838345931,10.398627281188965,11.103551864624023,1.616455574028625,1.562853455543518,False,False,False,False,False,False
boltz2,THSR,14,9.680939715252082,10.457105621625589,9.68093967437744,10.456156730651855,1.616455574028625,1.562853455543518,False,False,False,False,False,False
boltz2,THSR,15,10.762573332093533,11.295725483953117,10.762574195861816,11.29572582244873,1.616455574028625,1.562853455543518,False,False,False,False,False,False
boltz2,THSR,16,5.189679163907631,5.747272035715752,5.18282413482666,5.731568813323975,1.616455574028625,1.562853455543518,False,False,False,False,False,False
boltz2,THSR,17,6.163523262118015,6.903845473243751,6.163523674011231,6.903845310211182,1.616455574028625,1.562853455543518,False,False,False,False,False,False
boltz2,THSR,18,11.353098456673935,12.092022726907809,11.348837852478027,12.086231231689451,1.616455574028625,1.562853455543518,False,False,False,False,False,False
boltz2,THSR,19,9.991224071838351,10.419930860788575,9.99122428894043,10.419095993041992,1.616455574028625,1.562853455543518,False,False,False,False,False,False
boltz2,THSR,20,10.597159811948575,11.288873954973973,10.595757484436035,11.281949043273926,1.616455574028625,1.562853455543518,False,False,False,False,False,False
boltz2,THSR,21,10.22294003026489,10.889023741727623,10.217272758483888,10.88902473449707,1.616455574028625,1.562853455543518,False,False,False,False,False,False
boltz2,THSR,22,10.32356908769226,11.02449824439428,10.323568344116213,11.023249626159668,1.616455574028625,1.562853455543518,False,False,False,False,False,False
boltz2,THSR,23,7.998929887505804,8.809476975936883,7.998929500579834,8.797415733337402,1.616455574028625,1.562853455543518,False,False,False,False,False,False
boltz2,THSR,24,9.633733675952673,10.039912637511105,9.630389213562012,10.0322904586792,1.616455574028625,1.562853455543518,False,False,False,False,False,False
boltz2,THSR,25,7.663278799728885,8.43090180923397,7.646368026733398,8.417037010192871,1.616455574028625,1.562853455543518,False,False,False,False,False,False
boltz2,THSR,26,11.171195347334704,11.82376153043563,11.171195030212402,11.82376194000244,1.616455574028625,1.562853455543518,False,False,False,False,False,False
boltz2,THSR,27,6.244857738462929,7.012150520875541,6.244858264923096,7.012150287628174,1.616455574028625,1.562853455543518,False,False,False,False,False,False
boltz2,THSR,28,5.501680788673879,5.962646916140001,5.495080947875977,5.961481094360352,1.616455574028625,1.562853455543518,False,False,False,False,False,False
boltz2,THSR,29,9.89592847194061,10.452309409270878,9.883489608764648,10.444260597229004,1.616455574028625,1.562853455543518,False,False,False,False,False,False
boltz2,THSR__7UTZ,0,18.024820723711542,17.8920094928108,18.01881599426269,17.886655807495117,2.4345552542057787,2.4345552921295166,False,False,False,False,False,False
boltz2,THSR__7UTZ,1,20.067284218954185,20.110901894960413,20.067285537719727,20.105493545532227,2.4345552542057787,2.4345552921295166,False,False,False,False,False,False
boltz2,THSR__7UTZ,2,13.783613617185344,14.021801178304692,13.765841484069824,14.016465187072754,2.4345552542057787,2.4345552921295166,False,False,False,False,False,False
boltz2,THSR__7UTZ,3,17.45815489120508,17.647366180735236,17.458154678344727,17.639223098754883,2.4345552542057787,2.4345552921295166,False,False,False,False,False,False
boltz2,THSR__7UTZ,4,17.425596436527375,17.34563657914022,17.41859245300293,17.338035583496094,2.4345552542057787,2.4345552921295166,False,False,False,False,False,False
boltz2,THSR__7UTZ,5,8.344920397132006,8.245777906108666,8.34492015838623,8.236370086669922,2.4345552542057787,2.4345552921295166,False,False,False,False,False,False
boltz2,THSR__7UTZ,6,19.211448072599463,19.383848146766606,19.20773696899414,19.37712860107422,2.4345552542057787,2.4345552921295166,False,False,False,False,False,False
boltz2,THSR__7UTZ,7,15.70449841493605,16.067061188981,15.704498291015623,16.069990158081055,2.4345552542057787,2.4345552921295166,False,False,False,False,False,False
boltz2,THSR__7UTZ,8,17.851093809211235,17.821834811724937,17.85059356689453,17.81562614440918,2.4345552542057787,2.4345552921295166,False,False,False,False,False,False
boltz2,THSR__7UTZ,9,15.561448308391268,15.076588852334424,15.564516067504885,15.058491706848145,2.4345552542057787,2.4345552921295166,False,False,False,False,False,False
boltz2,THSR__7UTZ,10,10.60110754562896,10.476981483498582,10.601107597351074,10.455670356750488,2.4345552542057787,2.4345552921295166,False,False,False,False,False,False
boltz2,THSR__7UTZ,11,17.353082795102463,17.18478362950516,17.353084564208984,17.184782028198242,2.4345552542057787,2.4345552921295166,False,False,False,False,False,False
boltz2,THSR__7UTZ,12,14.144331690789118,14.03011225152266,14.144331932067873,14.030112266540527,2.4345552542057787,2.4345552921295166,False,False,False,False,False,False
boltz2,THSR__7UTZ,13,13.00604959983687,12.827403901641848,13.00326919555664,12.80470848083496,2.4345552542057787,2.4345552921295166,False,False,False,False,False,False
boltz2,THSR__7UTZ,14,15.516072982395924,15.176273286391904,15.516073226928713,15.165151596069336,2.4345552542057787,2.4345552921295166,False,False,False,False,False,False
boltz2,THSR__7UTZ,15,19.04491208975487,18.961137881357736,19.0408935546875,18.961137771606445,2.4345552542057787,2.4345552921295166,False,False,False,False,False,False
boltz2,THSR__7UTZ,16,18.1508913643751,17.91634251222596,18.14032745361328,17.916343688964844,2.4345552542057787,2.4345552921295166,False,False,False,False,False,False
boltz2,THSR__7UTZ,17,13.46967380084229,13.388152891966511,13.46967315673828,13.380730628967283,2.4345552542057787,2.4345552921295166,False,False,False,False,False,False
boltz2,THSR__7UTZ,18,14.787936016030104,14.761257116612436,14.787936210632324,14.75790309906006,2.4345552542057787,2.4345552921295166,False,False,False,False,False,False
boltz2,THSR__7UTZ,19,14.48428785645366,15.048979106165648,14.484288215637209,15.048978805541992,2.4345552542057787,2.4345552921295166,False,False,False,False,False,False
boltz2,THSR__7UTZ,20,9.74626244530856,9.632225780564127,9.746262550354004,9.614498138427734,2.4345552542057787,2.4345552921295166,False,False,False,False,False,False
boltz2,THSR__7UTZ,21,14.34563795290376,15.06733022443588,14.331583976745604,15.063246726989746,2.4345552542057787,2.4345552921295166,False,False,False,False,False,False
boltz2,THSR__7UTZ,22,16.205302689408253,16.27060488852977,16.189302444458008,16.270605087280273,2.4345552542057787,2.4345552921295166,False,False,False,False,False,False
boltz2,THSR__7UTZ,23,13.54895226394268,13.585584130279004,13.539361953735352,13.58554458618164,2.4345552542057787,2.4345552921295166,False,False,False,False,False,False
boltz2,THSR__7UTZ,24,17.495803740225444,17.47346020259386,17.495803833007812,17.47087287902832,2.4345552542057787,2.4345552921295166,False,False,False,False,False,False
boltz2,THSR__7UTZ,25,13.675293723038005,13.896262820990778,13.67529296875,13.896263122558594,2.4345552542057787,2.4345552921295166,False,False,False,False,False,False
boltz2,THSR__7UTZ,26,14.497920879618793,14.937993050169098,14.49431037902832,14.937993049621582,2.4345552542057787,2.4345552921295166,False,False,False,False,False,False
boltz2,THSR__7UTZ,27,15.926602223858088,15.764846400906515,15.926602363586426,15.757730484008787,2.4345552542057787,2.4345552921295166,False,False,False,False,False,False
boltz2,THSR__7UTZ,28,13.717129548889622,13.578662006209504,13.717129707336426,13.578661918640137,2.4345552542057787,2.4345552921295166,False,False,False,False,False,False
boltz2,THSR__7UTZ,29,11.973135872116424,11.536954310782011,11.973135948181152,11.536954879760742,2.4345552542057787,2.4345552921295166,False,False,False,False,False,False
boltz2,betaLG,0,1.631565712240465,1.8437344455755629,1.6038239002227783,1.825405240058899,1.3972391993938094,1.357591152191162,False,False,False,False,False,False
boltz2,betaLG,1,1.3375210336939205,1.532472067826597,1.2858211994171145,1.5324721336364746,1.3972391993938094,1.357591152191162,False,False,False,False,False,False
boltz2,betaLG,2,1.3510511960513103,1.545900257923,1.315514326095581,1.5459002256393433,1.3972391993938094,1.357591152191162,False,False,False,False,False,False
boltz2,betaLG,3,1.4819736097740872,1.7651037150498476,1.4491490125656128,1.765103816986084,1.3972391993938094,1.357591152191162,False,False,False,False,False,False
boltz2,betaLG,4,1.0922786868013752,1.2346044706129098,1.057859182357788,1.2334471940994265,1.3972391993938094,1.357591152191162,False,False,False,False,False,False
boltz2,betaLG,5,1.449699561360632,1.6147528950478882,1.420028567314148,1.6181633472442627,1.3972391993938094,1.357591152191162,False,False,False,False,False,False
boltz2,betaLG,6,1.5703063328487898,1.786885204842312,1.5295034646987915,1.7673075199127195,1.3972391993938094,1.357591152191162,False,False,False,False,False,False
boltz2,betaLG,7,1.6237482098167813,1.8865984876133248,1.5876811742782593,1.899916648864746,1.3972391993938094,1.357591152191162,False,False,False,False,False,False
boltz2,betaLG,8,1.4861137640238569,1.701464347661242,1.467302918434143,1.701464295387268,1.3972391993938094,1.357591152191162,False,False,False,False,False,False
boltz2,betaLG,9,1.3317380270869028,1.533410086300248,1.3408515453338623,1.5359489917755127,1.3972391993938094,1.357591152191162,False,False,False,False,False,False
boltz2,betaLG,10,1.210314819594616,1.4759407845839077,1.2519129514694214,1.4514652490615845,1.3972391993938094,1.357591152191162,False,False,False,False,False,False
boltz2,betaLG,11,1.2421260093815836,1.3932115683570994,1.207567572593689,1.3932116031646729,1.3972391993938094,1.357591152191162,False,False,False,False,False,False
boltz2,betaLG,12,1.3870250845396075,1.5525252602131554,1.348523497581482,1.553510069847107,1.3972391993938094,1.357591152191162,False,False,False,False,False,False
boltz2,betaLG,13,1.505053457079094,1.7083298276628245,1.4844342470169067,1.7083297967910769,1.3972391993938094,1.357591152191162,False,False,False,False,False,False
boltz2,betaLG,14,1.4604458215878082,1.6216550642027978,1.4567816257476809,1.6029950380325315,1.3972391993938094,1.357591152191162,False,False,False,False,False,False
boltz2,betaLG,15,1.3070995165713666,1.6011644312495588,1.3070995807647705,1.6011643409729004,1.3972391993938094,1.357591152191162,False,False,False,False,False,False
boltz2,betaLG,16,1.3856630198478133,1.53498942901165,1.3497910499572754,1.5107786655426023,1.3972391993938094,1.357591152191162,False,False,False,False,False,False
boltz2,betaLG,17,1.418391776175175,1.5278593949126866,1.4094913005828855,1.5059897899627686,1.3972391993938094,1.357591152191162,False,False,False,False,False,False
boltz2,betaLG,18,1.3055137147997906,1.4818672482742108,1.2982434034347534,1.4605549573898315,1.3972391993938094,1.357591152191162,False,False,False,False,False,False
boltz2,betaLG,19,1.5172096845227052,1.580054315876419,1.5162545442581177,1.5636913776397705,1.3972391993938094,1.357591152191162,False,False,False,False,False,False
boltz2,betaLG,20,1.525102969874022,1.764421021973655,1.5149991512298584,1.746342420578003,1.3972391993938094,1.357591152191162,False,False,False,False,False,False
boltz2,betaLG,21,1.5779795195174102,1.7193773363316127,1.5491514205932615,1.6975826025009155,1.3972391993938094,1.357591152191162,False,False,False,False,False,False
boltz2,betaLG,22,1.5963119824858136,1.9194494722444324,1.5942606925964355,1.901975989341736,1.3972391993938094,1.357591152191162,False,False,False,False,False,False
boltz2,betaLG,23,1.319789132450458,1.5598473482597568,1.268675684928894,1.559847354888916,1.3972391993938094,1.357591152191162,False,False,False,False,False,False
boltz2,betaLG,24,1.710290709004548,1.9417385840141304,1.7060201168060305,1.922731876373291,1.3972391993938094,1.357591152191162,False,False,False,False,False,False
boltz2,betaLG,25,1.572397092708208,1.7679635106586316,1.575715184211731,1.7637995481491089,1.3972391993938094,1.357591152191162,False,False,False,False,False,False
boltz2,betaLG,26,1.6133802757335916,1.8033694479859792,1.587011694908142,1.785577654838562,1.3972391993938094,1.357591152191162,False,False,False,False,False,False
boltz2,betaLG,27,1.7697045326834786,2.027791747119528,1.786211609840393,2.010479688644409,1.3972391993938094,1.357591152191162,False,False,False,False,False,False
boltz2,betaLG,28,1.82061935053681,2.016014051247726,1.845249056816101,2.011813879013061,1.3972391993938094,1.357591152191162,False,False,False,False,False,False
boltz2,betaLG,29,1.2669917610852477,1.673445738590558,1.2669918537139893,1.6734455823898315,1.3972391993938094,1.357591152191162,False,False,False,False,False,False
boltz2,cAbl,0,4.394522706949892,3.7773611528879454,4.357603073120117,3.773679256439209,3.4458517805005147,3.4368226528167725,False,False,False,False,False,False
boltz2,cAbl,1,3.579665240144924,1.2358223595088929,3.5428833961486816,1.2231097221374512,3.4458517805005147,3.4368226528167725,True,True,True,True,False,False
boltz2,cAbl,2,3.521952369590327,2.592381847900925,3.509303331375122,2.587677240371704,3.4458517805005147,3.4368226528167725,True,True,False,False,False,False
boltz2,cAbl,3,3.633341619311936,1.2061958349359774,3.59934401512146,1.1911793947219849,3.4458517805005147,3.4368226528167725,True,True,True,True,False,False
boltz2,cAbl,4,4.412030409713872,3.839830318559725,4.391654968261719,3.8376624584198,3.4458517805005147,3.4368226528167725,False,False,False,False,False,False
boltz2,cAbl,5,3.6176353771014735,1.1964494893541724,3.5902161598205566,1.1964495182037354,3.4458517805005147,3.4368226528167725,True,True,True,True,False,False
boltz2,cAbl,6,2.030443163478296,2.759403534397966,2.0304431915283203,2.7510435581207275,3.4458517805005147,3.4368226528167725,False,False,False,False,False,False
boltz2,cAbl,7,3.3268162076926195,1.592874754689602,3.307319402694702,1.5859452486038208,3.4458517805005147,3.4368226528167725,True,True,False,False,False,False
boltz2,cAbl,8,3.434957705137063,1.3419257366055712,3.4118754863739014,1.332660436630249,3.4458517805005147,3.4368226528167725,True,True,True,True,False,False
boltz2,cAbl,9,2.9713619285690416,3.3423177069976977,2.9713618755340576,3.339820384979248,3.4458517805005147,3.4368226528167725,False,False,False,False,False,False
boltz2,cAbl,10,3.498714605541438,1.3031678387256604,3.465315341949463,1.285884976387024,3.4458517805005147,3.4368226528167725,True,True,True,True,False,False
boltz2,cAbl,11,3.086836435509549,1.2686537785899137,3.066641092300415,1.26948881149292,3.4458517805005147,3.4368226528167725,True,True,True,True,False,False
boltz2,cAbl,12,3.724068443189877,1.9927878149080989,3.7101972103118896,1.9895610809326167,3.4458517805005147,3.4368226528167725,True,True,False,False,False,False
boltz2,cAbl,13,3.5383618423507195,1.266305455405858,3.5032267570495605,1.2528773546218872,3.4458517805005147,3.4368226528167725,True,True,True,True,False,False
boltz2,cAbl,14,1.8445640593841044,2.763593836213297,1.8445640802383425,2.763631582260132,3.4458517805005147,3.4368226528167725,False,False,False,False,False,False
boltz2,cAbl,15,4.593199207119064,3.711979347273808,4.556464672088623,3.712470531463623,3.4458517805005147,3.4368226528167725,False,False,False,False,False,False
boltz2,cAbl,16,3.507885786778713,1.4862653137078317,3.4725537300109863,1.4702757596969604,3.4458517805005147,3.4368226528167725,True,True,True,True,False,False
boltz2,cAbl,17,3.339840774397866,1.326906919359944,3.321526288986206,1.3040368556976318,3.4458517805005147,3.4368226528167725,True,True,True,True,False,False
boltz2,cAbl,18,3.616494420991591,1.9078264106503613,3.606733083724976,1.900842905044556,3.4458517805005147,3.4368226528167725,True,True,False,False,False,False
boltz2,cAbl,19,3.302693692030863,1.478299507056215,3.2887279987335205,1.4691718816757202,3.4458517805005147,3.4368226528167725,True,True,True,True,False,False
boltz2,cAbl,20,3.477456666498149,1.646412353546178,3.458723306655884,1.6387966871261597,3.4458517805005147,3.4368226528167725,True,True,False,False,False,False
boltz2,cAbl,21,3.756342246455874,2.667608653402932,3.7235124111175537,2.6636595726013184,3.4458517805005147,3.4368226528167725,True,True,False,False,False,False
boltz2,cAbl,22,4.200694235410023,3.636130011119968,4.1735124588012695,3.6315300464630127,3.4458517805005147,3.4368226528167725,False,False,False,False,False,False
boltz2,cAbl,23,2.051216514255576,2.8975723000228704,2.0512166023254395,2.893074989318848,3.4458517805005147,3.4368226528167725,False,False,False,False,False,False
boltz2,cAbl,24,3.617896742437644,1.5084916688299443,3.579354763031006,1.4997031688690186,3.4458517805005147,3.4368226528167725,True,True,False,True,False,False
boltz2,cAbl,25,3.5244267293455454,1.2252341985120874,3.49184799194336,1.2122538089752195,3.4458517805005147,3.4368226528167725,True,True,True,True,False,False
boltz2,cAbl,26,2.1419653853724454,2.803862095371009,2.141965389251709,2.797887325286865,3.4458517805005147,3.4368226528167725,False,False,False,False,False,False
boltz2,cAbl,27,3.121589661048761,3.338213974486365,3.1215898990631104,3.3309080600738525,3.4458517805005147,3.4368226528167725,False,False,False,False,False,False
boltz2,cAbl,28,2.517337574355128,2.9396195313854663,2.5102367401123047,2.939619541168213,3.4458517805005147,3.4368226528167725,False,False,False,False,False,False
boltz2,cAbl,29,2.388399366238226,2.8606354694100067,2.388399362564087,2.8604531288146973,3.4458517805005147,3.4368226528167725,False,False,False,False,False,False
boltz2,p53_Y220C,0,0.7214748864547341,0.9345442058407358,0.7214748859405518,0.9345442056655884,1.1600563699903448,1.1600563526153564,False,False,False,False,False,False
boltz2,p53_Y220C,1,0.6338056768856284,0.8813359789017499,0.6338056325912476,0.8813360333442688,1.1600563699903448,1.1600563526153564,False,False,False,False,False,False
boltz2,p53_Y220C,2,0.5729254346234406,0.9042226982041488,0.5729254484176636,0.9042226672172546,1.1600563699903448,1.1600563526153564,False,False,False,False,False,False
boltz2,p53_Y220C,3,0.7534862395905172,0.9703404486537384,0.7534862160682678,0.9703404307365416,1.1600563699903448,1.1600563526153564,False,False,False,False,False,False
boltz2,p53_Y220C,4,0.6669470872799744,0.8807246633121641,0.666947066783905,0.8807246685028076,1.1600563699903448,1.1600563526153564,False,False,False,False,False,False
boltz2,p53_Y220C,5,0.680538828205229,0.8503801729806691,0.6805388331413269,0.8503801822662354,1.1600563699903448,1.1600563526153564,False,False,False,False,False,False
boltz2,p53_Y220C,6,0.5384900098433021,0.8978895202451131,0.5384899973869324,0.8978894948959351,1.1600563699903448,1.1600563526153564,False,False,False,False,False,False
boltz2,p53_Y220C,7,0.8293435590160625,0.8673403035391306,0.8293435573577881,0.8673403263092041,1.1600563699903448,1.1600563526153564,False,False,False,False,False,False
boltz2,p53_Y220C,8,0.6020633874601063,1.0143743003330414,0.6020633578300476,1.0143743753433228,1.1600563699903448,1.1600563526153564,False,False,False,False,False,False
boltz2,p53_Y220C,9,0.5623293017182757,0.9435707208314424,0.5623292922973633,0.9435707330703736,1.1600563699903448,1.1600563526153564,False,False,False,False,False,False
boltz2,p53_Y220C,10,0.6152013053281616,0.8591559390987172,0.6152012944221497,0.8591558933258057,1.1600563699903448,1.1600563526153564,False,False,False,False,False,False
boltz2,p53_Y220C,11,0.6338723808269066,0.874447966324423,0.633872389793396,0.8744479417800903,1.1600563699903448,1.1600563526153564,False,False,False,False,False,False
boltz2,p53_Y220C,12,0.5163545168050174,0.9062265853487856,0.516354501247406,0.9062265753746032,1.1600563699903448,1.1600563526153564,False,False,False,False,False,False
boltz2,p53_Y220C,13,0.7098218946978058,0.875365725788306,0.7098219394683838,0.8753657341003418,1.1600563699903448,1.1600563526153564,False,False,False,False,False,False
boltz2,p53_Y220C,14,0.591785426600881,0.8802749036787028,0.5917854905128479,0.8802748918533325,1.1600563699903448,1.1600563526153564,False,False,False,False,False,False
boltz2,p53_Y220C,15,0.7548788645494273,0.8999582881445027,0.7548788785934448,0.8999582529067993,1.1600563699903448,1.1600563526153564,False,False,False,False,False,False
boltz2,p53_Y220C,16,0.5149624932158632,0.8740587621615058,0.5149624943733215,0.8740587830543518,1.1600563699903448,1.1600563526153564,False,False,False,False,False,False
boltz2,p53_Y220C,17,0.8023432686125472,0.8957762736992887,0.8023433089256287,0.8957763314247131,1.1600563699903448,1.1600563526153564,False,False,False,False,False,False
boltz2,p53_Y220C,18,0.5931869313179012,0.8845012794803087,0.5931869149208069,0.8845013380050659,1.1600563699903448,1.1600563526153564,False,False,False,False,False,False
boltz2,p53_Y220C,19,0.6799040117020789,0.8942923636372798,0.6799039840698242,0.8942923545837402,1.1600563699903448,1.1600563526153564,False,False,False,False,False,False
boltz2,p53_Y220C,20,0.687858921340728,0.9334342958701616,0.6878588795661926,0.9334343075752258,1.1600563699903448,1.1600563526153564,False,False,False,False,False,False
boltz2,p53_Y220C,21,0.6547685583610509,0.8645250844675266,0.6547685861587524,0.8645251393318176,1.1600563699903448,1.1600563526153564,False,False,False,False,False,False
boltz2,p53_Y220C,22,0.6067142269160113,0.9500792988925522,0.6067142486572266,0.9500792622566224,1.1600563699903448,1.1600563526153564,False,False,False,False,False,False
boltz2,p53_Y220C,23,0.6783652177513871,0.8662769474537216,0.6783652305603027,0.8662769794464111,1.1600563699903448,1.1600563526153564,False,False,False,False,False,False
boltz2,p53_Y220C,24,0.6186445717949398,0.9126649263345396,0.6186445355415344,0.9126649498939514,1.1600563699903448,1.1600563526153564,False,False,False,False,False,False
boltz2,p53_Y220C,25,0.6763620104487414,0.915219870243578,0.6763619780540466,0.9152199029922484,1.1600563699903448,1.1600563526153564,False,False,False,False,False,False
boltz2,p53_Y220C,26,0.5889941363882044,0.9252577104787478,0.5889941453933716,0.925257682800293,1.1600563699903448,1.1600563526153564,False,False,False,False,False,False
boltz2,p53_Y220C,27,0.683883518384183,0.8772090093922053,0.683883547782898,0.8772090673446655,1.1600563699903448,1.1600563526153564,False,False,False,False,False,False
boltz2,p53_Y220C,28,0.7135810748353401,0.8785335852727945,0.7135811448097229,0.8785336017608643,1.1600563699903448,1.1600563526153564,False,False,False,False,False,False
boltz2,p53_Y220C,29,0.7109489020806129,0.9068538802299376,0.7109488844871521,0.9068538546562196,1.1600563699903448,1.1600563526153564,False,False,False,False,False,False
boltz2,p53_Y220C__4AGQ,0,1.367626185200579,0.6025978195748571,1.3676261901855469,0.6025978326797485,1.1180275303614244,1.1180275678634644,True,True,True,True,True,True
boltz2,p53_Y220C__4AGQ,1,1.3073143795141309,0.5144872456920893,1.307314395904541,0.5144872069358826,1.1180275303614244,1.1180275678634644,True,True,True,True,True,True
boltz2,p53_Y220C__4AGQ,2,1.3464538138199984,0.5826084570191526,1.3464537858963013,0.5826084017753601,1.1180275303614244,1.1180275678634644,True,True,True,True,True,True
boltz2,p53_Y220C__4AGQ,3,1.354564454616972,0.5849762506752805,1.3545644283294678,0.5849761962890625,1.1180275303614244,1.1180275678634644,True,True,True,True,True,True
boltz2,p53_Y220C__4AGQ,4,1.4204613381755955,0.6575297120284606,1.4204612970352173,0.6575297117233276,1.1180275303614244,1.1180275678634644,True,True,True,True,True,True
boltz2,p53_Y220C__4AGQ,5,1.3309463922314049,0.5255492341203435,1.330946445465088,0.5255492329597473,1.1180275303614244,1.1180275678634644,True,True,True,True,True,True
boltz2,p53_Y220C__4AGQ,6,1.3608693895882424,0.6287156961276443,1.3608694076538086,0.6287156343460083,1.1180275303614244,1.1180275678634644,True,True,True,True,True,True
boltz2,p53_Y220C__4AGQ,7,1.4164094664735758,0.6584992044007295,1.4164094924926758,0.6584991812705994,1.1180275303614244,1.1180275678634644,True,True,True,True,True,True
boltz2,p53_Y220C__4AGQ,8,1.3176607668688516,0.4370167262345292,1.3176608085632324,0.4370167255401611,1.1180275303614244,1.1180275678634644,True,True,True,True,True,True
boltz2,p53_Y220C__4AGQ,9,1.3509896763159763,0.5792661619960453,1.3509896993637085,0.5792661905288696,1.1180275303614244,1.1180275678634644,True,True,True,True,True,True
boltz2,p53_Y220C__4AGQ,10,1.4085162596730123,0.6277738325624941,1.40851628780365,0.6277738809585571,1.1180275303614244,1.1180275678634644,True,True,True,True,True,True
boltz2,p53_Y220C__4AGQ,11,1.3289957221588795,0.5574870698591389,1.328995704650879,0.5574870705604553,1.1180275303614244,1.1180275678634644,True,True,True,True,True,True
boltz2,p53_Y220C__4AGQ,12,1.2807320002908988,0.3903101715049849,1.280732035636902,0.3903101682662964,1.1180275303614244,1.1180275678634644,True,True,True,True,True,True
boltz2,p53_Y220C__4AGQ,13,1.2995467118820128,0.4976371041118506,1.299546718597412,0.4976370930671692,1.1180275303614244,1.1180275678634644,True,True,True,True,True,True
boltz2,p53_Y220C__4AGQ,14,1.452229072735415,0.693408324204318,1.4522290229797363,0.6934083104133606,1.1180275303614244,1.1180275678634644,True,True,True,True,True,True
boltz2,p53_Y220C__4AGQ,15,1.3981256160031912,0.7167614979698694,1.3981256484985352,0.7167614698410034,1.1180275303614244,1.1180275678634644,True,True,True,True,True,True
boltz2,p53_Y220C__4AGQ,16,1.3504629663312755,0.5331035622864205,1.3504630327224731,0.5331035852432251,1.1180275303614244,1.1180275678634644,True,True,True,True,True,True
boltz2,p53_Y220C__4AGQ,17,1.4612509884365354,0.72570980447173,1.4612510204315186,0.7257097959518433,1.1180275303614244,1.1180275678634644,True,True,True,True,True,True
boltz2,p53_Y220C__4AGQ,18,1.392229896133508,0.6293378430482802,1.3922297954559326,0.6293378472328186,1.1180275303614244,1.1180275678634644,True,True,True,True,True,True
boltz2,p53_Y220C__4AGQ,19,1.33203125,0.5751085273728108,1.33203125,0.575108528137207,1.1180275303614244,1.1180275678634644,True,True,True,True,True,True
boltz2,p53_Y220C__4AGQ,20,1.3407384640863542,0.567925371285187,1.3407384157180786,0.5679253935813904,1.1180275303614244,1.1180275678634644,True,True,True,True,True,True
boltz2,p53_Y220C__4AGQ,21,1.3392133711395264,0.5143160037173398,1.3392133712768557,0.5143160223960876,1.1180275303614244,1.1180275678634644,True,True,True,True,True,True
boltz2,p53_Y220C__4AGQ,22,1.3750581605178671,0.6120889335291303,1.3750581741333008,0.6120889186859131,1.1180275303614244,1.1180275678634644,True,True,True,True,True,True
boltz2,p53_Y220C__4AGQ,23,1.3508399651191114,0.5000195499412862,1.3508399724960327,0.5000195503234863,1.1180275303614244,1.1180275678634644,True,True,True,True,True,True
boltz2,p53_Y220C__4AGQ,24,1.3677705230093538,0.6181121852614827,1.3677705526351929,0.6181122064590454,1.1180275303614244,1.1180275678634644,True,True,True,True,True,True
boltz2,p53_Y220C__4AGQ,25,1.5795414676952757,0.9500485156871852,1.5795414447784424,0.950048565864563,1.1180275303614244,1.1180275678634644,True,True,True,True,True,True
boltz2,p53_Y220C__4AGQ,26,1.333991932563302,0.6215775106182403,1.3339918851852417,0.6215775012969971,1.1180275303614244,1.1180275678634644,True,True,True,True,True,True
boltz2,p53_Y220C__4AGQ,27,1.4432178769384034,0.703401154072236,1.4432178735733032,0.7034011483192444,1.1180275303614244,1.1180275678634644,True,True,True,True,True,True
boltz2,p53_Y220C__4AGQ,28,1.458477936925907,0.7351519060853521,1.4584779739379885,0.7351518869400024,1.1180275303614244,1.1180275678634644,True,True,True,True,True,True
boltz2,p53_Y220C__4AGQ,29,1.4070813824653428,0.6688887937216099,1.4070813655853271,0.6688888072967529,1.1180275303614244,1.1180275678634644,True,True,True,True,True,True
confornet_nomsa,Bcl-xL,0,8.552500593673901,8.691804884053802,8.547998428344727,8.691804885864258,2.505562006849456,2.5040442943573,False,False,False,False,False,False
confornet_nomsa,Bcl-xL,1,8.742774006579483,8.94081797404844,8.741450309753418,8.940818786621094,2.505562006849456,2.5040442943573,False,False,False,False,False,False
confornet_nomsa,Bcl-xL,2,8.904969061397567,9.145751443665189,8.902543067932129,9.150156021118164,2.505562006849456,2.5040442943573,False,False,False,False,False,False
confornet_nomsa,Bcl-xL,3,8.67337829272433,8.930562806811706,8.672884941101074,8.930563926696777,2.505562006849456,2.5040442943573,False,False,False,False,False,False
confornet_nomsa,Bcl-xL,4,9.016235649801423,9.249985621396146,9.01623249053955,9.249985694885254,2.505562006849456,2.5040442943573,False,False,False,False,False,False
confornet_nomsa,Bcl-xL,100,12.531394500756871,13.427898665463731,12.513559341430664,13.41754913330078,2.505562006849456,2.5040442943573,False,False,False,False,False,False
confornet_nomsa,Bcl-xL,101,9.892016741389424,10.700130346171818,9.878717422485352,10.690451622009276,2.505562006849456,2.5040442943573,False,False,False,False,False,False
confornet_nomsa,Bcl-xL,102,12.791435647498307,13.627460661313776,12.777945518493652,13.61743450164795,2.505562006849456,2.5040442943573,False,False,False,False,False,False
confornet_nomsa,Bcl-xL,103,13.580405372034985,14.090798447123168,13.579198837280272,14.08164405822754,2.505562006849456,2.5040442943573,False,False,False,False,False,False
confornet_nomsa,Bcl-xL,104,7.798245624749661,8.684743392473639,7.786773681640625,8.675431251525879,2.505562006849456,2.5040442943573,False,False,False,False,False,False
confornet_nomsa,FUT8,0,54.78116209643399,54.04710638925755,54.7803840637207,54.04711151123047,3.419934534191317,3.4277188777923584,False,False,False,False,False,False
confornet_nomsa,FUT8,1,63.044730673806185,61.87057030904418,63.0475959777832,61.870487213134766,3.419934534191317,3.4277188777923584,False,False,False,False,False,False
confornet_nomsa,FUT8,2,28.82614045010054,30.081592528516907,28.82374763488769,30.081592559814453,3.419934534191317,3.4277188777923584,False,False,False,False,False,False
confornet_nomsa,FUT8,3,13.205117348019783,11.93108018300286,13.1781587600708,11.913768768310549,3.419934534191317,3.4277188777923584,False,False,False,False,False,False
confornet_nomsa,FUT8,4,68.49829904444897,67.56882018111685,68.49568176269531,67.5688247680664,3.419934534191317,3.4277188777923584,False,False,False,False,False,False
confornet_nomsa,FUT8,100,14.247621461212168,14.019024780588726,14.221903800964355,14.00075626373291,3.419934534191317,3.4277188777923584,False,False,False,False,False,False
confornet_nomsa,FUT8,101,19.321954899462256,19.99390544769044,19.300024032592773,19.98307991027832,3.419934534191317,3.4277188777923584,False,False,False,False,False,False
confornet_nomsa,FUT8,102,9.383501107049373,10.439852518538574,9.395357131958008,10.439852714538574,3.419934534191317,3.4277188777923584,False,False,False,False,False,False
confornet_nomsa,FUT8,103,13.153360548660572,13.546836314972804,13.116727828979492,13.535661697387695,3.419934534191317,3.4277188777923584,False,False,False,False,False,False
confornet_nomsa,FUT8,104,19.35520564482873,19.761411529573586,19.350940704345703,19.754121780395508,3.419934534191317,3.4277188777923584,False,False,False,False,False,False
confornet_nomsa,GLTP,0,11.33548568489529,10.438703853401128,11.335484504699709,10.438703536987305,2.1410013181020275,2.14109754562378,False,False,False,False,False,False
confornet_nomsa,GLTP,1,13.265479067442564,12.329144840579982,13.26547908782959,12.329144477844238,2.1410013181020275,2.14109754562378,False,False,False,False,False,False
confornet_nomsa,GLTP,2,12.332428211270877,11.424588061304412,12.33242893218994,11.424588203430176,2.1410013181020275,2.14109754562378,False,False,False,False,False,False
confornet_nomsa,GLTP,3,12.130799114313708,11.27189891699211,12.130799293518066,11.271899223327637,2.1410013181020275,2.14109754562378,False,False,False,False,False,False
confornet_nomsa,GLTP,4,12.99748236221266,12.114537381372593,12.997482299804688,12.114537239074709,2.1410013181020275,2.14109754562378,False,False,False,False,False,False
confornet_nomsa,GLTP,100,10.628934119203112,9.228285299848917,10.628933906555176,9.22828483581543,2.1410013181020275,2.14109754562378,False,False,False,False,False,False
confornet_nomsa,GLTP,101,8.766750589520731,7.541873921400837,8.76675033569336,7.541873931884766,2.1410013181020275,2.14109754562378,False,False,False,False,False,False
confornet_nomsa,GLTP,102,13.776730864277113,12.377321262636032,13.776731491088867,12.377321243286133,2.1410013181020275,2.14109754562378,False,False,False,False,False,False
confornet_nomsa,GLTP,103,9.764088432103836,8.543194225581088,9.76408863067627,8.543193817138672,2.1410013181020275,2.14109754562378,False,False,False,False,False,False
confornet_nomsa,GLTP,104,10.759741709377302,9.3458595174406,10.75974178314209,9.34585952758789,2.1410013181020275,2.14109754562378,False,False,False,False,False,False
confornet_nomsa,NDPK-A,0,19.383312904898567,19.90854580093596,19.376609802246094,19.904659271240234,3.4697602388704447,3.4699201583862305,False,False,False,False,False,False
confornet_nomsa,NDPK-A,1,31.90868281019137,33.318084434449375,31.894739151000977,33.30824661254883,3.4697602388704447,3.4699201583862305,False,False,False,False,False,False
confornet_nomsa,NDPK-A,2,44.66719034686681,46.18331740670285,44.65776824951172,46.1781120300293,3.4697602388704447,3.4699201583862305,False,False,False,False,False,False
confornet_nomsa,NDPK-A,3,27.48785892951584,28.73576766128024,27.48770523071289,28.735769271850582,3.4697602388704447,3.4699201583862305,False,False,False,False,False,False
confornet_nomsa,NDPK-A,4,39.62349030795308,40.95405199732989,39.610294342041016,40.94865036010742,3.4697602388704447,3.4699201583862305,False,False,False,False,False,False
confornet_nomsa,NDPK-A,100,13.529993318093943,13.05362270397175,13.529994010925291,13.053622245788574,3.4697602388704447,3.4699201583862305,False,False,False,False,False,False
confornet_nomsa,NDPK-A,101,17.439248957156707,17.498759602572417,17.43924903869629,17.498760223388672,3.4697602388704447,3.4699201583862305,False,False,False,False,False,False
confornet_nomsa,NDPK-A,102,13.431513052719897,13.386863912687897,13.414969444274902,13.38071632385254,3.4697602388704447,3.4699201583862305,False,False,False,False,False,False
confornet_nomsa,NDPK-A,103,12.538943361925464,12.379881368578465,12.538944244384766,12.364920616149902,3.4697602388704447,3.4699201583862305,False,False,False,False,False,False
confornet_nomsa,NDPK-A,104,17.729098700032967,17.860308047826674,17.70939064025879,17.837366104125977,3.4697602388704447,3.4699201583862305,False,False,False,False,False,False
confornet_nomsa,SHP2,0,55.98633684210067,56.50168523262311,55.984642028808594,56.50064849853516,1.8482636253491047,1.8406480550765991,False,False,False,False,False,False
confornet_nomsa,SHP2,1,51.78427874999284,52.515437563905046,51.7822494506836,52.51214218139648,1.8482636253491047,1.8406480550765991,False,False,False,False,False,False
confornet_nomsa,SHP2,2,39.39516543172215,39.94330866044812,39.39201736450195,39.94371795654297,1.8482636253491047,1.8406480550765991,False,False,False,False,False,False
confornet_nomsa,SHP2,3,34.38391037344716,35.018023891879714,34.38147735595703,35.01959991455078,1.8482636253491047,1.8406480550765991,False,False,False,False,False,False
confornet_nomsa,SHP2,4,36.12970058773888,36.7319924138392,36.130165100097656,36.7290267944336,1.8482636253491047,1.8406480550765991,False,False,False,False,False,False
confornet_nomsa,SHP2,100,29.74715429207578,30.1469491331474,29.742919921875,30.142986297607425,1.8482636253491047,1.8406480550765991,False,False,False,False,False,False
confornet_nomsa,SHP2,101,30.3887060340414,30.84068441553849,30.38870620727539,30.84012222290039,1.8482636253491047,1.8406480550765991,False,False,False,False,False,False
confornet_nomsa,SHP2,102,31.07227673332041,31.237640631220145,31.07344627380371,31.23479652404785,1.8482636253491047,1.8406480550765991,False,False,False,False,False,False
confornet_nomsa,SHP2,103,35.5012683519719,35.65542157344238,35.50127029418945,35.65373992919922,1.8482636253491047,1.8406480550765991,False,False,False,False,False,False
confornet_nomsa,SHP2,104,29.869557982197303,30.308511719966265,29.86736297607422,30.30248069763184,1.8482636253491047,1.8406480550765991,False,False,False,False,False,False
confornet_nomsa,betaLG,0,33.258650504315575,33.2928802616426,33.250431060791016,33.29018020629883,1.3972391993938094,1.357591152191162,False,False,False,False,False,False
confornet_nomsa,betaLG,1,32.68635244704543,32.7287463981312,32.67939758300781,32.72743606567383,1.3972391993938094,1.357591152191162,False,False,False,False,False,False
confornet_nomsa,betaLG,2,33.03260182896058,33.077587740184974,33.024803161621094,33.07511138916016,1.3972391993938094,1.357591152191162,False,False,False,False,False,False
confornet_nomsa,betaLG,3,33.18541351839547,33.21372880105794,33.18272018432617,33.213008880615234,1.3972391993938094,1.357591152191162,False,False,False,False,False,False
confornet_nomsa,betaLG,4,33.206019561913386,33.251572293717786,33.197662353515625,33.24933624267578,1.3972391993938094,1.357591152191162,False,False,False,False,False,False
confornet_nomsa,betaLG,100,6.118943126408984,6.438100466130881,6.111644744873047,6.424533367156982,1.3972391993938094,1.357591152191162,False,False,False,False,False,False
confornet_nomsa,betaLG,101,5.469835570666739,5.430252866463163,5.449042320251465,5.411279201507568,1.3972391993938094,1.357591152191162,False,False,False,False,False,False
confornet_nomsa,betaLG,102,5.682523281719506,5.7563165019854665,5.697169303894043,5.7423529624938965,1.3972391993938094,1.357591152191162,False,False,False,False,False,False
confornet_nomsa,betaLG,103,5.348908185049441,5.47421998375229,5.363251209259033,5.468191146850586,1.3972391993938094,1.357591152191162,False,False,False,False,False,False
confornet_nomsa,betaLG,104,6.634203262410251,6.966577541418311,6.600757122039795,6.943859577178955,1.3972391993938094,1.357591152191162,False,False,False,False,False,False
esmfold2,Bcl-xL,0,2.597962510483544,1.99403244029126,2.60059142112732,1.994032382965088,2.505562006849456,2.5040442943573,True,True,False,False,False,False
esmfold2,Bcl-xL,1,2.6355534869209785,2.784368225260158,2.633073091506958,2.8010144233703613,2.505562006849456,2.5040442943573,False,False,False,False,False,False
esmfold2,Bcl-xL,2,2.4409335873496474,2.288033843122528,2.4663922786712646,2.293524742126465,2.505562006849456,2.5040442943573,True,True,False,False,False,False
esmfold2,Bcl-xL,3,2.5530223682457405,2.355521576747135,2.575323820114136,2.3601090908050537,2.505562006849456,2.5040442943573,True,True,False,False,False,False
esmfold2,Bcl-xL,4,2.24777719514064,2.3331507541553704,2.273720026016236,2.338468074798584,2.505562006849456,2.5040442943573,False,False,False,False,False,False
esmfold2,Bcl-xL,5,2.6474731231990174,2.748427825444863,2.6452062129974365,2.764490127563477,2.505562006849456,2.5040442943573,False,False,False,False,False,False
esmfold2,Bcl-xL,6,2.6350695359845,2.299441442673832,2.6611335277557373,2.2980008125305176,2.505562006849456,2.5040442943573,True,True,False,False,False,False
esmfold2,Bcl-xL,7,2.6765615803058496,2.0037764863810974,2.707263946533203,1.994828224182129,2.505562006849456,2.5040442943573,True,True,False,False,False,False
esmfold2,Bcl-xL,8,2.523091303889027,2.299291384839545,2.5523040294647217,2.300310611724853,2.505562006849456,2.5040442943573,True,True,False,False,False,False
esmfold2,Bcl-xL,9,2.804692514150457,2.734797939622317,2.8026273250579834,2.7470319271087646,2.505562006849456,2.5040442943573,False,False,False,False,False,False
esmfold2,Bcl-xL,10,2.3697002700049854,2.207724776442586,2.402825832366944,2.213534116744995,2.505562006849456,2.5040442943573,True,True,False,False,False,False
esmfold2,Bcl-xL,11,2.739271860601465,2.195888901332175,2.766629457473755,2.195888996124268,2.505562006849456,2.5040442943573,True,True,False,False,False,False
esmfold2,Bcl-xL,12,2.654188178138752,1.8949729619335456,2.709725141525269,1.8949729204177856,2.505562006849456,2.5040442943573,True,True,False,False,False,False
esmfold2,Bcl-xL,13,2.5202897880490887,2.46623836183968,2.536351203918457,2.47525691986084,2.505562006849456,2.5040442943573,True,True,False,False,False,False
esmfold2,Bcl-xL,14,2.645851757747394,2.566099458560021,2.645851850509644,2.6217265129089355,2.505562006849456,2.5040442943573,False,False,False,False,False,False
esmfold2,Bcl-xL,15,2.729611623645956,2.269704140033519,2.7557506561279297,2.2598042488098145,2.505562006849456,2.5040442943573,True,True,False,False,False,False
esmfold2,Bcl-xL,16,2.843812746291423,2.189725250756437,2.8702921867370605,2.189725160598755,2.505562006849456,2.5040442943573,True,True,False,False,False,False
esmfold2,Bcl-xL,17,2.769868230213218,2.138411226146184,2.7985270023345947,2.137122869491577,2.505562006849456,2.5040442943573,True,True,False,False,False,False
esmfold2,Bcl-xL,18,2.555795169554778,2.371824435447353,2.5829319953918457,2.376951217651367,2.505562006849456,2.5040442943573,True,True,False,False,False,False
esmfold2,Bcl-xL,19,2.6353865014826594,2.1910535274939607,2.658812522888184,2.194242238998413,2.505562006849456,2.5040442943573,True,True,False,False,False,False
esmfold2,Bcl-xL,20,2.5882976471227623,2.468021056741573,2.614619255065918,2.4665746688842773,2.505562006849456,2.5040442943573,True,True,False,False,False,False
esmfold2,Bcl-xL,21,2.022294856570638,1.6404388712569715,2.021120071411133,1.6475483179092407,2.505562006849456,2.5040442943573,True,True,False,False,False,False
esmfold2,Bcl-xL,22,2.7997620255742603,2.131410599866788,2.829002857208252,2.131410598754883,2.505562006849456,2.5040442943573,True,True,False,False,False,False
esmfold2,Bcl-xL,23,2.6386302787650835,2.0647331822096544,2.6692206859588623,2.062072992324829,2.505562006849456,2.5040442943573,True,True,False,False,False,False
esmfold2,Bcl-xL,24,2.136108474495033,2.0963157285565592,2.14446759223938,2.102281332015991,2.505562006849456,2.5040442943573,True,True,False,False,False,False
esmfold2,Bcl-xL,25,2.625935418337616,2.3324657022051034,2.653186798095703,2.3287065029144287,2.505562006849456,2.5040442943573,True,True,False,False,False,False
esmfold2,Bcl-xL,26,2.580909584082873,2.156845673920227,2.611769199371338,2.156845569610596,2.505562006849456,2.5040442943573,True,True,False,False,False,False
esmfold2,Bcl-xL,27,2.5448907409442154,2.3003834500711644,2.5705461502075195,2.305488586425781,2.505562006849456,2.5040442943573,True,True,False,False,False,False
esmfold2,Bcl-xL,28,2.599241138085951,2.266388445363872,2.624807357788086,2.2711775302886963,2.505562006849456,2.5040442943573,True,True,False,False,False,False
esmfold2,Bcl-xL,29,2.469152282653168,2.1184529298583588,2.498230695724488,2.123222827911377,2.505562006849456,2.5040442943573,True,True,False,False,False,False
esmfold2,FUT8,0,1.194849632664536,3.334939179614552,1.1974204778671265,3.3349392414093018,3.419934534191317,3.4277188777923584,False,False,False,False,False,False
esmfold2,FUT8,1,1.1639670942283942,3.360315235654416,1.1736146211624146,3.360315084457397,3.419934534191317,3.4277188777923584,False,False,False,False,False,False
esmfold2,FUT8,2,0.8049590984124716,3.4075929431523773,0.8049591779708862,3.4461588859558105,3.419934534191317,3.4277188777923584,False,False,False,False,False,False
esmfold2,FUT8,3,1.0515253830461406,3.3941924529787584,1.0830559730529783,3.3941924571990967,3.419934534191317,3.4277188777923584,False,False,False,False,False,False
esmfold2,FUT8,4,0.9405651759180468,3.406282564156589,1.1026403903961182,3.433951139450073,3.419934534191317,3.4277188777923584,False,False,False,False,False,False
esmfold2,FUT8,5,1.103424528550841,3.4049749766722592,1.1382591724395752,3.404974937438965,3.419934534191317,3.4277188777923584,False,False,False,False,False,False
esmfold2,FUT8,6,1.0085036032454846,3.4721216297998097,1.1619503498077393,3.4915125370025635,3.419934534191317,3.4277188777923584,False,False,False,False,False,False
esmfold2,FUT8,7,0.9953886702687746,3.3364674922629542,1.0320571660995483,3.3364675045013428,3.419934534191317,3.4277188777923584,False,False,False,False,False,False
esmfold2,FUT8,8,1.2163582495450935,3.310111162965942,1.22219979763031,3.310111284255981,3.419934534191317,3.4277188777923584,False,False,False,False,False,False
esmfold2,FUT8,9,0.9773083173719436,3.449058372566908,1.1305339336395264,3.4806180000305176,3.419934534191317,3.4277188777923584,False,False,False,False,False,False
esmfold2,FUT8,10,1.0956101595873045,3.348001035567171,1.1204766035079956,3.348001003265381,3.419934534191317,3.4277188777923584,False,False,False,False,False,False
esmfold2,FUT8,11,1.1236431372521816,3.379285259861763,1.1376681327819824,3.3792850971221924,3.419934534191317,3.4277188777923584,False,False,False,False,False,False
esmfold2,FUT8,12,0.9574346541800725,3.34192124324095,0.9831622242927552,3.341921091079712,3.419934534191317,3.4277188777923584,False,False,False,False,False,False
esmfold2,FUT8,13,1.222744097931028,3.3958215806775307,1.2334892749786377,3.3958213329315186,3.419934534191317,3.4277188777923584,False,False,False,False,False,False
esmfold2,FUT8,14,1.1565633386566017,3.429471451466613,1.19313645362854,3.429471492767334,3.419934534191317,3.4277188777923584,False,False,False,False,False,False
esmfold2,FUT8,15,1.2296883349108054,3.3963284111095,1.242956519126892,3.396328449249268,3.419934534191317,3.4277188777923584,False,False,False,False,False,False
esmfold2,FUT8,16,1.0600635301418104,3.3277954363273747,1.1031666994094849,3.3277955055236816,3.419934534191317,3.4277188777923584,False,False,False,False,False,False
esmfold2,FUT8,17,1.1314649770450398,3.4196783747735484,1.1709370613098145,3.419678211212158,3.419934534191317,3.4277188777923584,False,False,False,False,False,False
esmfold2,FUT8,18,1.0099533904870843,3.3231960986394244,1.055292725563049,3.3231959342956543,3.419934534191317,3.4277188777923584,False,False,False,False,False,False
esmfold2,FUT8,19,1.0083857183074587,3.4423112831511347,1.1642616987228394,3.4621427059173584,3.419934534191317,3.4277188777923584,False,False,False,False,False,False
esmfold2,FUT8,20,1.119712351600747,3.378052204633588,1.1625280380249023,3.378052234649658,3.419934534191317,3.4277188777923584,False,False,False,False,False,False
esmfold2,FUT8,21,1.1105840096822568,3.3426645123167367,1.1165214776992798,3.3426644802093506,3.419934534191317,3.4277188777923584,False,False,False,False,False,False
esmfold2,FUT8,22,1.2377915971913522,3.387895703748636,1.2472777366638184,3.387895345687866,3.419934534191317,3.4277188777923584,False,False,False,False,False,False
esmfold2,FUT8,23,1.1173393931822715,3.350789612887007,1.134801149368286,3.3507895469665527,3.419934534191317,3.4277188777923584,False,False,False,False,False,False
esmfold2,FUT8,24,1.010292336681912,3.366936337728031,1.0504779815673828,3.366936206817627,3.419934534191317,3.4277188777923584,False,False,False,False,False,False
esmfold2,FUT8,25,1.026635948103973,3.366144708730804,1.0578182935714722,3.366144895553589,3.419934534191317,3.4277188777923584,False,False,False,False,False,False
esmfold2,FUT8,26,1.1039259091121898,3.396299309902399,1.136686086654663,3.396299362182617,3.419934534191317,3.4277188777923584,False,False,False,False,False,False
esmfold2,FUT8,27,1.1133115566995515,3.3636201101684624,1.1454991102218628,3.363620042800904,3.419934534191317,3.4277188777923584,False,False,False,False,False,False
esmfold2,FUT8,28,1.0621308426303837,3.3735579604701527,1.0957201719284058,3.373558282852173,3.419934534191317,3.4277188777923584,False,False,False,False,False,False
esmfold2,FUT8,29,1.1792353224944845,3.4229414546447248,1.1878973245620728,3.4229414463043213,3.419934534191317,3.4277188777923584,False,False,False,False,False,False
esmfold2,GLTP,0,1.8792942463379296,1.37143745967093,1.917049765586853,1.4558777809143066,2.1410013181020275,2.14109754562378,True,True,True,True,False,False
esmfold2,GLTP,1,1.94179720725996,0.9569875008197192,1.9417972564697263,0.9569875001907348,2.1410013181020275,2.14109754562378,True,True,True,True,True,True
esmfold2,GLTP,2,1.9354677389577424,1.499409849754412,1.9354677200317385,1.4994099140167236,2.1410013181020275,2.14109754562378,True,True,True,True,False,False
esmfold2,GLTP,3,1.8645051339514327,0.9758620641097664,1.8645051717758176,0.9758620858192444,2.1410013181020275,2.14109754562378,True,True,True,True,True,True
esmfold2,GLTP,4,1.82942673328382,1.0273974936363663,1.829426646232605,1.0273975133895874,2.1410013181020275,2.14109754562378,True,True,True,True,False,False
esmfold2,GLTP,5,2.0500907060735742,1.3769122611400952,2.050090789794922,1.376912236213684,2.1410013181020275,2.14109754562378,True,True,True,True,False,False
esmfold2,GLTP,6,2.0141091453314823,1.3358596092347317,2.0141091346740723,1.3358596563339231,2.1410013181020275,2.14109754562378,True,True,True,True,False,False
esmfold2,GLTP,7,1.8219174760408368,0.8404526342198667,1.821917533874512,0.8404526710510254,2.1410013181020275,2.14109754562378,True,True,True,True,True,True
esmfold2,GLTP,8,1.9474771644329527,1.7255247345572071,1.947477102279663,1.7255247831344604,2.1410013181020275,2.14109754562378,True,True,False,False,False,False
esmfold2,GLTP,9,1.931702413152243,0.7994431254920517,1.9317023754119875,0.7994431257247925,2.1410013181020275,2.14109754562378,True,True,True,True,True,True
esmfold2,GLTP,10,2.1398439232318287,1.5758850254256689,2.139843940734864,1.5758850574493408,2.1410013181020275,2.14109754562378,True,True,False,False,False,False
esmfold2,GLTP,11,1.9083098785347663,1.5855614270816605,1.9083099365234373,1.5855615139007568,2.1410013181020275,2.14109754562378,True,True,False,False,False,False
esmfold2,GLTP,12,1.9229040589990607,1.4308932515774846,1.9229040145874023,1.4308931827545166,2.1410013181020275,2.14109754562378,True,True,True,True,False,False
esmfold2,GLTP,13,1.9532384477921336,1.5240088370673257,1.99541699886322,1.6076935529708862,2.1410013181020275,2.14109754562378,True,True,False,False,False,False
esmfold2,GLTP,14,1.8807191176004765,1.2409179976531568,1.8807190656661987,1.2409179210662842,2.1410013181020275,2.14109754562378,True,True,True,True,False,False
esmfold2,GLTP,15,1.667488876652803,1.0138716039546785,1.6674888134002686,1.013871669769287,2.1410013181020275,2.14109754562378,True,True,True,True,False,False
esmfold2,GLTP,16,1.7968453244389082,1.2331954829521168,1.796845316886902,1.2331955432891846,2.1410013181020275,2.14109754562378,True,True,True,True,False,False
esmfold2,GLTP,17,1.831124149497679,1.210609672010778,1.831124186515808,1.2106096744537354,2.1410013181020275,2.14109754562378,True,True,True,True,False,False
esmfold2,GLTP,18,2.14289149539178,1.538288340180626,2.1428914070129395,1.5382882356643677,2.1410013181020275,2.14109754562378,True,True,False,False,False,False
esmfold2,GLTP,19,2.1447380354730785,1.5056156689848723,2.144737958908081,1.5056155920028689,2.1410013181020275,2.14109754562378,True,True,False,False,False,False
esmfold2,GLTP,20,1.878027597322008,1.0187735397374718,1.8780276775360107,1.0187734365463257,2.1410013181020275,2.14109754562378,True,True,True,True,False,False
esmfold2,GLTP,21,2.085427708178125,1.368536462082007,2.085427761077881,1.3685364723205566,2.1410013181020275,2.14109754562378,True,True,True,True,False,False
esmfold2,GLTP,22,2.1083783090893062,1.4871786007969994,2.1083784103393555,1.4871785640716553,2.1410013181020275,2.14109754562378,True,True,True,True,False,False
esmfold2,GLTP,23,1.8825242484111533,0.9038647398194452,1.8825242519378664,0.9038647413253784,2.1410013181020275,2.14109754562378,True,True,True,True,True,True
esmfold2,GLTP,24,1.791541461279043,0.9692365967825002,1.7915414571762085,0.9692366123199464,2.1410013181020275,2.14109754562378,True,True,True,True,True,True
esmfold2,GLTP,25,2.170421162669401,1.7617615146902132,2.1704211235046387,1.7617615461349487,2.1410013181020275,2.14109754562378,True,True,False,False,False,False
esmfold2,GLTP,26,1.9550913377955017,0.9899701785947472,1.9550912380218504,0.9899701476097108,2.1410013181020275,2.14109754562378,True,True,True,True,True,True
esmfold2,GLTP,27,1.9023660148146624,1.7685762452208371,1.9574493169784544,1.854583501815796,2.1410013181020275,2.14109754562378,True,True,False,False,False,False
esmfold2,GLTP,28,1.8911999545437828,0.7603918794398012,1.891199946403504,0.7603918313980103,2.1410013181020275,2.14109754562378,True,True,True,True,True,True
esmfold2,GLTP,29,1.979078287090697,1.005567982027947,1.97907829284668,1.0055679082870483,2.1410013181020275,2.14109754562378,True,True,True,True,False,False
esmfold2,HIF2alpha,0,1.8844389936055417,1.124836696440081,2.1227898597717285,1.1248366832733154,1.86542516135414,1.8654251098632808,True,True,True,True,False,False
esmfold2,HIF2alpha,1,1.870251612290518,1.0709684192117392,2.10003924369812,1.0709683895111084,1.86542516135414,1.8654251098632808,True,True,True,True,False,False
esmfold2,HIF2alpha,2,1.8697620414292533,1.0982101252729706,2.107348680496216,1.098210096359253,1.86542516135414,1.8654251098632808,True,True,True,True,False,False
esmfold2,HIF2alpha,3,1.9171820928844008,1.1260483612169732,2.1447198390960693,1.1260483264923096,1.86542516135414,1.8654251098632808,True,True,True,True,False,False
esmfold2,HIF2alpha,4,1.8572128361895777,1.1048143641927592,2.0978386402130127,1.1048142910003662,1.86542516135414,1.8654251098632808,True,True,True,True,False,False
esmfold2,HIF2alpha,5,1.8802267339621457,1.0979836467022317,2.115374088287353,1.0979835987091064,1.86542516135414,1.8654251098632808,True,True,True,True,False,False
esmfold2,HIF2alpha,6,1.887536671263308,1.1140841111769129,2.120733976364136,1.1140841245651243,1.86542516135414,1.8654251098632808,True,True,True,True,False,False
esmfold2,HIF2alpha,7,1.938782762952552,1.1146863744171729,2.1672160625457764,1.114686369895935,1.86542516135414,1.8654251098632808,True,True,True,True,False,False
esmfold2,HIF2alpha,8,1.875908695008058,1.0949941295478998,2.111258029937744,1.0949941873550415,1.86542516135414,1.8654251098632808,True,True,True,True,False,False
esmfold2,HIF2alpha,9,1.9555946842286336,1.123222974156208,2.1865530014038086,1.1232229471206665,1.86542516135414,1.8654251098632808,True,True,True,True,False,False
esmfold2,HIF2alpha,10,1.9250760871195216,1.108092844657244,2.1576030254364014,1.1080927848815918,1.86542516135414,1.8654251098632808,True,True,True,True,False,False
esmfold2,HIF2alpha,11,1.90454059660538,1.1104766192244693,2.1373722553253174,1.1104766130447388,1.86542516135414,1.8654251098632808,True,True,True,True,False,False
esmfold2,HIF2alpha,12,1.9118262135299915,1.1182687835296967,2.1409523487091064,1.1182687282562256,1.86542516135414,1.8654251098632808,True,True,True,True,False,False
esmfold2,HIF2alpha,13,1.8999967446773367,1.1298653833790069,2.133723258972168,1.1298654079437256,1.86542516135414,1.8654251098632808,True,True,True,True,False,False
esmfold2,HIF2alpha,14,1.9531746955483256,1.1201718121303412,2.1831400394439697,1.1201717853546145,1.86542516135414,1.8654251098632808,True,True,True,True,False,False
esmfold2,HIF2alpha,15,1.9134070002765773,1.121061696042167,2.145516872406006,1.1210616827011108,1.86542516135414,1.8654251098632808,True,True,True,True,False,False
esmfold2,HIF2alpha,16,1.9215049352905376,1.111894890973792,2.151393175125122,1.111894965171814,1.86542516135414,1.8654251098632808,True,True,True,True,False,False
esmfold2,HIF2alpha,17,1.85395055933066,1.1032953228098223,2.092136144638061,1.1032954454421997,1.86542516135414,1.8654251098632808,True,True,True,True,False,False
esmfold2,HIF2alpha,18,1.916866955450908,1.1187021536810269,2.148988485336304,1.1187021732330322,1.86542516135414,1.8654251098632808,True,True,True,True,False,False
esmfold2,HIF2alpha,19,1.8881378207739008,1.1236863774797112,2.122403621673584,1.1236863136291504,1.86542516135414,1.8654251098632808,True,True,True,True,False,False
esmfold2,HIF2alpha,20,1.909665367744383,1.131390763172554,2.14294171333313,1.1313908100128174,1.86542516135414,1.8654251098632808,True,True,True,True,False,False
esmfold2,HIF2alpha,21,1.88904656269484,1.099453559889317,2.12425184249878,1.0994535684585571,1.86542516135414,1.8654251098632808,True,True,True,True,False,False
esmfold2,HIF2alpha,22,1.8698781736404644,1.0948254233133732,2.1068804264068604,1.0948253870010376,1.86542516135414,1.8654251098632808,True,True,True,True,False,False
esmfold2,HIF2alpha,23,1.9160700850891947,1.1276863815547884,2.1445388793945312,1.1276863813400269,1.86542516135414,1.8654251098632808,True,True,True,True,False,False
esmfold2,HIF2alpha,24,1.8729095249513688,1.0877084379750797,2.101296901702881,1.0877084732055664,1.86542516135414,1.8654251098632808,True,True,True,True,False,False
esmfold2,HIF2alpha,25,1.926883749034441,1.1045762582943506,2.151249647140503,1.1045762300491333,1.86542516135414,1.8654251098632808,True,True,True,True,False,False
esmfold2,HIF2alpha,26,1.887801374637584,1.1193832332739724,2.1162121295928955,1.1193832159042358,1.86542516135414,1.8654251098632808,True,True,True,True,False,False
esmfold2,HIF2alpha,27,1.8504070212268784,1.0775449155125685,2.087939739227295,1.077544927597046,1.86542516135414,1.8654251098632808,True,True,True,True,False,False
esmfold2,HIF2alpha,28,1.865104687649916,1.1015040004097891,2.105266571044922,1.10150408744812,1.86542516135414,1.8654251098632808,True,True,True,True,False,False
esmfold2,HIF2alpha,29,1.8736052517822483,1.0671317497561663,2.1068546772003174,1.0671316385269165,1.86542516135414,1.8654251098632808,True,True,True,True,False,False
esmfold2,HIF2alpha__6D0B,0,1.5027293290416823,1.2478119122500526,1.667289972305298,1.2478119134902954,1.6729991744940291,1.7488830089569092,True,True,True,True,False,False
esmfold2,HIF2alpha__6D0B,1,1.712453147350198,0.7459386621705811,1.8530431985855105,0.7459386587142944,1.6729991744940291,1.7488830089569092,True,True,True,True,True,True
esmfold2,HIF2alpha__6D0B,2,1.3915382605294924,1.4006825552264743,1.5660512447357178,1.40068256855011,1.6729991744940291,1.7488830089569092,False,True,False,True,False,False
esmfold2,HIF2alpha__6D0B,3,1.5208223650494437,1.340365780231095,1.677390456199646,1.3403658866882324,1.6729991744940291,1.7488830089569092,True,True,True,True,False,False
esmfold2,HIF2alpha__6D0B,4,1.7381813381680975,0.7392837656070306,1.8817377090454104,0.7392837405204773,1.6729991744940291,1.7488830089569092,True,True,True,True,True,True
esmfold2,HIF2alpha__6D0B,5,1.487243851477603,1.2756646936508462,1.6490652561187744,1.2756646871566772,1.6729991744940291,1.7488830089569092,True,True,True,True,False,False
esmfold2,HIF2alpha__6D0B,6,1.7436614739055245,0.8073102469743879,1.8833495378494265,0.8073102235794067,1.6729991744940291,1.7488830089569092,True,True,True,True,True,True
esmfold2,HIF2alpha__6D0B,7,1.7552978284254366,0.813441852163629,1.895469188690185,0.813441812992096,1.6729991744940291,1.7488830089569092,True,True,True,True,True,True
esmfold2,HIF2alpha__6D0B,8,1.7667453164925055,0.7113750938987092,1.907594919204712,0.7113751173019409,1.6729991744940291,1.7488830089569092,True,True,True,True,True,True
esmfold2,HIF2alpha__6D0B,9,1.809890063792036,0.7845472173236666,1.949707627296448,0.7845472097396851,1.6729991744940291,1.7488830089569092,True,True,True,True,True,True
esmfold2,HIF2alpha__6D0B,10,1.790524791600933,0.756252416926419,1.9280632734298704,0.7562524080276489,1.6729991744940291,1.7488830089569092,True,True,True,True,True,True
esmfold2,HIF2alpha__6D0B,11,1.753048557512061,0.7439459914288251,1.8935558795928955,0.7439460158348083,1.6729991744940291,1.7488830089569092,True,True,True,True,True,True
esmfold2,HIF2alpha__6D0B,12,1.5134365593203143,1.322169751579118,1.6722958087921145,1.3221697807312012,1.6729991744940291,1.7488830089569092,True,True,True,True,False,False
esmfold2,HIF2alpha__6D0B,13,1.674768611176659,0.939194259974656,1.823672890663147,0.9391943216323853,1.6729991744940291,1.7488830089569092,True,True,True,True,True,True
esmfold2,HIF2alpha__6D0B,14,1.7831439465151495,0.7725879170390628,1.924751877784729,0.7725878953933716,1.6729991744940291,1.7488830089569092,True,True,True,True,True,True
esmfold2,HIF2alpha__6D0B,15,1.790517601178783,0.756419540515551,1.9294077157974243,0.7564195394515991,1.6729991744940291,1.7488830089569092,True,True,True,True,True,True
esmfold2,HIF2alpha__6D0B,16,1.7848617465588357,0.7587776532841636,1.922761082649231,0.7587776780128479,1.6729991744940291,1.7488830089569092,True,True,True,True,True,True
esmfold2,HIF2alpha__6D0B,17,1.6851977603575978,0.7551703209314099,1.831858515739441,0.7551703453063965,1.6729991744940291,1.7488830089569092,True,True,True,True,True,True
esmfold2,HIF2alpha__6D0B,18,1.5079664612033798,1.3054138975921452,1.670282244682312,1.305413842201233,1.6729991744940291,1.7488830089569092,True,True,True,True,False,False
esmfold2,HIF2alpha__6D0B,19,1.6771688853674902,0.9207376596996092,1.82421350479126,0.920737624168396,1.6729991744940291,1.7488830089569092,True,True,True,True,True,True
esmfold2,HIF2alpha__6D0B,20,1.7685517788731246,0.7303468240531782,1.909451961517334,0.7303468585014343,1.6729991744940291,1.7488830089569092,True,True,True,True,True,True
esmfold2,HIF2alpha__6D0B,21,1.7801874653282226,0.7080080650592222,1.9191737174987795,0.7080080509185791,1.6729991744940291,1.7488830089569092,True,True,True,True,True,True
esmfold2,HIF2alpha__6D0B,22,1.75702556630416,0.7411470935901557,1.8979220390319824,0.7411471009254456,1.6729991744940291,1.7488830089569092,True,True,True,True,True,True
esmfold2,HIF2alpha__6D0B,23,1.7917978723939558,0.7621298817895774,1.9280201196670528,0.7621299028396606,1.6729991744940291,1.7488830089569092,True,True,True,True,True,True
esmfold2,HIF2alpha__6D0B,24,1.3932479342890287,1.3790865614950485,1.5605565309524536,1.3790866136550903,1.6729991744940291,1.7488830089569092,True,True,True,True,False,False
esmfold2,HIF2alpha__6D0B,25,1.7706067897431166,0.7382559381292418,1.906440496444702,0.7382559776306152,1.6729991744940291,1.7488830089569092,True,True,True,True,True,True
esmfold2,HIF2alpha__6D0B,26,1.4867965403082524,1.2870991399863876,1.6455219984054563,1.2870991230010986,1.6729991744940291,1.7488830089569092,True,True,True,True,False,False
esmfold2,HIF2alpha__6D0B,27,1.5150820073165598,1.1433470973204052,1.6749658584594729,1.1433470249176023,1.6729991744940291,1.7488830089569092,True,True,True,True,False,False
esmfold2,HIF2alpha__6D0B,28,1.8092573890628911,0.7647492608649104,1.9485796689987185,0.76474928855896,1.6729991744940291,1.7488830089569092,True,True,True,True,True,True
esmfold2,HIF2alpha__6D0B,29,1.5153749242351875,1.3485358355299173,1.6778837442398071,1.3485357761383057,1.6729991744940291,1.7488830089569092,True,True,True,True,False,False
esmfold2,HIV1_CA,0,1.5558808165007736,1.142762548736377,1.5558809041976929,1.1583937406539917,1.3207135415934947,1.3453065156936646,True,True,True,True,False,False
esmfold2,HIV1_CA,1,2.0605920385922305,1.3831201511640328,2.06059193611145,1.3968461751937866,1.3207135415934947,1.3453065156936646,False,False,False,False,False,False
esmfold2,HIV1_CA,2,2.0225199579198025,1.304115581222858,2.022520065307617,1.3275285959243774,1.3207135415934947,1.3453065156936646,True,True,True,True,False,False
esmfold2,HIV1_CA,3,1.991523296191744,1.5346141199826189,1.991523265838623,1.5457299947738647,1.3207135415934947,1.3453065156936646,False,False,False,False,False,False
esmfold2,HIV1_CA,4,2.0101932342180464,1.546295262884394,2.010193347930908,1.5591580867767334,1.3207135415934947,1.3453065156936646,False,False,False,False,False,False
esmfold2,HIV1_CA,5,2.164274068406685,1.3808612262929845,2.164273977279663,1.3935401439666748,1.3207135415934947,1.3453065156936646,False,False,False,False,False,False
esmfold2,HIV1_CA,6,2.128070993309235,1.3708582449739444,2.128070831298828,1.3845165967941284,1.3207135415934947,1.3453065156936646,False,False,False,False,False,False
esmfold2,HIV1_CA,7,1.977547448327556,1.5228288526914102,1.977547526359558,1.537073254585266,1.3207135415934947,1.3453065156936646,False,False,False,False,False,False
esmfold2,HIV1_CA,8,2.145505454188919,1.3751666998719316,2.145505428314209,1.3879773616790771,1.3207135415934947,1.3453065156936646,False,False,False,False,False,False
esmfold2,HIV1_CA,9,2.1465292977871697,1.365755543505854,2.146529197692871,1.3777415752410889,1.3207135415934947,1.3453065156936646,False,False,False,False,False,False
esmfold2,HIV1_CA,10,2.013345895292764,1.551435689619609,2.013345956802368,1.562903881072998,1.3207135415934947,1.3453065156936646,False,False,False,False,False,False
esmfold2,HIV1_CA,11,1.93376187879052,1.4924122905678048,1.9337618350982664,1.5046278238296509,1.3207135415934947,1.3453065156936646,False,False,False,False,False,False
esmfold2,HIV1_CA,12,1.9550907652458265,1.5152500033880447,1.9550907611846924,1.530810832977295,1.3207135415934947,1.3453065156936646,False,False,False,False,False,False
esmfold2,HIV1_CA,13,2.0977910458464857,1.349641874676213,2.0977911949157715,1.3628206253051758,1.3207135415934947,1.3453065156936646,False,False,False,False,False,False
esmfold2,HIV1_CA,14,1.991862884369996,1.5481269471114307,1.991862773895264,1.5610580444335938,1.3207135415934947,1.3453065156936646,False,False,False,False,False,False
esmfold2,HIV1_CA,15,2.177457251067704,1.5744939394741655,2.1820712089538574,1.6272352933883667,1.3207135415934947,1.3453065156936646,False,False,False,False,False,False
esmfold2,HIV1_CA,16,2.14458052473006,1.3562290723273016,2.144580602645874,1.3703471422195437,1.3207135415934947,1.3453065156936646,False,False,False,False,False,False
esmfold2,HIV1_CA,17,2.103382178382762,1.3343197531458948,2.103382110595703,1.3468087911605835,1.3207135415934947,1.3453065156936646,False,False,False,False,False,False
esmfold2,HIV1_CA,18,1.9676115370650809,1.5075091736055573,1.96761155128479,1.521338939666748,1.3207135415934947,1.3453065156936646,False,False,False,False,False,False
esmfold2,HIV1_CA,19,2.1065362360370115,1.327077415049884,2.106536388397217,1.3433623313903809,1.3207135415934947,1.3453065156936646,False,True,False,True,False,False
esmfold2,HIV1_CA,20,2.022959694894193,1.553095783902928,2.0229597091674805,1.5647687911987305,1.3207135415934947,1.3453065156936646,False,False,False,False,False,False
esmfold2,HIV1_CA,21,1.9717968133444177,1.515236908644825,1.9717967510223389,1.527135133743286,1.3207135415934947,1.3453065156936646,False,False,False,False,False,False
esmfold2,HIV1_CA,22,1.9737898587789824,1.513625356308035,1.9737898111343384,1.5257712602615356,1.3207135415934947,1.3453065156936646,False,False,False,False,False,False
esmfold2,HIV1_CA,23,1.9479398471044609,1.483948852760128,1.9479398727416992,1.497657060623169,1.3207135415934947,1.3453065156936646,False,False,False,False,False,False
esmfold2,HIV1_CA,24,1.967074535729704,1.5059009441262636,1.9670743942260744,1.5174822807312012,1.3207135415934947,1.3453065156936646,False,False,False,False,False,False
esmfold2,HIV1_CA,25,1.9689599468501884,1.518128502432832,1.968959927558899,1.5305129289627075,1.3207135415934947,1.3453065156936646,False,False,False,False,False,False
esmfold2,HIV1_CA,26,2.054804306674687,1.301292530243844,2.05480432510376,1.3142250776290894,1.3207135415934947,1.3453065156936646,True,True,True,True,False,False
esmfold2,HIV1_CA,27,2.0088506209171,1.3083741821504853,2.008850574493408,1.3083741664886477,1.3207135415934947,1.3453065156936646,True,True,True,True,False,False
esmfold2,HIV1_CA,28,2.0932375532255785,1.3439690857339222,2.0932376384735107,1.3596187829971311,1.3207135415934947,1.3453065156936646,False,False,False,False,False,False
esmfold2,HIV1_CA,29,2.0038438786877464,1.1210014845820957,2.0038440227508545,1.1324366331100464,1.3207135415934947,1.3453065156936646,True,True,True,True,False,False
esmfold2,HIV_RT,0,8.283876594662667,7.588215008839024,8.26186466217041,7.555671215057373,3.055562157269878,3.073980569839477,False,False,False,False,False,False
esmfold2,HIV_RT,1,9.449388925940555,8.81113030454995,9.437302589416504,8.790996551513672,3.055562157269878,3.073980569839477,False,False,False,False,False,False
esmfold2,HIV_RT,2,8.269687864344322,7.581400584851523,8.255659103393555,7.555902004241943,3.055562157269878,3.073980569839477,False,False,False,False,False,False
esmfold2,HIV_RT,3,8.541495533938317,7.846184367800254,8.545631408691406,7.841710090637207,3.055562157269878,3.073980569839477,False,False,False,False,False,False
esmfold2,HIV_RT,4,8.47011180781371,7.824180841841599,8.458436012268066,7.804883003234863,3.055562157269878,3.073980569839477,False,False,False,False,False,False
esmfold2,HIV_RT,5,8.913823943610382,8.314105426730531,8.905045509338379,8.303916931152344,3.055562157269878,3.073980569839477,False,False,False,False,False,False
esmfold2,HIV_RT,6,8.519299584102042,7.911655233624634,8.509284973144531,7.890332698822021,3.055562157269878,3.073980569839477,False,False,False,False,False,False
esmfold2,HIV_RT,7,8.319243144181907,7.705070029218897,8.316144943237305,7.694143295288086,3.055562157269878,3.073980569839477,False,False,False,False,False,False
esmfold2,HIV_RT,8,8.396760279471957,7.735841456707799,8.376729011535645,7.713188171386719,3.055562157269878,3.073980569839477,False,False,False,False,False,False
esmfold2,HIV_RT,9,8.421744391531814,7.774769547699049,8.420425415039062,7.76877498626709,3.055562157269878,3.073980569839477,False,False,False,False,False,False
esmfold2,HIV_RT,10,8.651068561949739,8.019896068526187,8.637454986572266,7.99984073638916,3.055562157269878,3.073980569839477,False,False,False,False,False,False
esmfold2,HIV_RT,11,8.213162939202169,7.523208752331877,8.21008586883545,7.51345157623291,3.055562157269878,3.073980569839477,False,False,False,False,False,False
esmfold2,HIV_RT,12,8.412202272187084,7.720263536376073,8.396564483642578,7.701264381408691,3.055562157269878,3.073980569839477,False,False,False,False,False,False
esmfold2,HIV_RT,13,9.357566937182137,8.770040606122501,9.358702659606934,8.765387535095215,3.055562157269878,3.073980569839477,False,False,False,False,False,False
esmfold2,HIV_RT,14,8.523473393743167,7.873551912030326,8.527849197387695,7.861287593841553,3.055562157269878,3.073980569839477,False,False,False,False,False,False
esmfold2,HIV_RT,15,8.25208276887162,7.557056779929649,8.24685001373291,7.542098999023437,3.055562157269878,3.073980569839477,False,False,False,False,False,False
esmfold2,HIV_RT,16,8.77227558250554,8.095403464782395,8.761905670166016,8.079022407531738,3.055562157269878,3.073980569839477,False,False,False,False,False,False
esmfold2,HIV_RT,17,8.477204306779843,7.791130392893721,8.47797966003418,7.780771732330322,3.055562157269878,3.073980569839477,False,False,False,False,False,False
esmfold2,HIV_RT,18,9.159891841909683,8.994506834705783,9.162917137145996,8.994272232055664,3.055562157269878,3.073980569839477,False,False,False,False,False,False
esmfold2,HIV_RT,19,8.019004924297302,7.347010182038652,8.00461196899414,7.311710357666016,3.055562157269878,3.073980569839477,False,False,False,False,False,False
esmfold2,HIV_RT,20,9.735450859711229,9.203975794446205,9.73532772064209,9.199625968933104,3.055562157269878,3.073980569839477,False,False,False,False,False,False
esmfold2,HIV_RT,21,8.153428795159707,7.4793242008089695,8.137055397033691,7.455269813537598,3.055562157269878,3.073980569839477,False,False,False,False,False,False
esmfold2,HIV_RT,22,8.219186503289585,7.5795327913431345,8.203789710998535,7.554646492004394,3.055562157269878,3.073980569839477,False,False,False,False,False,False
esmfold2,HIV_RT,23,8.914096004035153,8.235396717799677,8.91756534576416,8.232351303100586,3.055562157269878,3.073980569839477,False,False,False,False,False,False
esmfold2,HIV_RT,24,9.372484263906443,8.652716957704591,9.359188079833984,8.62546157836914,3.055562157269878,3.073980569839477,False,False,False,False,False,False
esmfold2,HIV_RT,25,8.64825111075341,8.059825113810668,8.648786544799805,8.059917449951172,3.055562157269878,3.073980569839477,False,False,False,False,False,False
esmfold2,HIV_RT,26,8.81794939259834,8.094716992389811,8.804007530212402,8.074163436889648,3.055562157269878,3.073980569839477,False,False,False,False,False,False
esmfold2,HIV_RT,27,8.419808031072574,7.753055245283044,8.411067008972168,7.734898090362549,3.055562157269878,3.073980569839477,False,False,False,False,False,False
esmfold2,HIV_RT,28,9.625723372103971,9.343492338802914,9.63843822479248,9.364058494567873,3.055562157269878,3.073980569839477,False,False,False,False,False,False
esmfold2,HIV_RT,29,8.35393751245731,7.705496485136128,8.354751586914062,7.695307731628418,3.055562157269878,3.073980569839477,False,False,False,False,False,False
esmfold2,HIV_RT__3V81,0,2.3675635431170483,1.8535019151740209,2.367563486099243,1.8535019159317017,3.0896312117090363,3.0896313190460205,True,True,False,False,False,False
esmfold2,HIV_RT__3V81,1,2.5712049556665098,2.0250923464082087,2.571204900741577,2.025092363357544,3.0896312117090363,3.0896313190460205,True,True,False,False,False,False
esmfold2,HIV_RT__3V81,2,2.984613228577868,1.0794604192671615,2.9846131801605225,1.079460382461548,3.0896312117090363,3.0896313190460205,True,True,True,True,False,False
esmfold2,HIV_RT__3V81,3,1.3867284263581396,2.697625032783764,1.3867284059524536,2.697624921798706,3.0896312117090363,3.0896313190460205,False,False,False,False,False,False
esmfold2,HIV_RT__3V81,4,1.584707931411985,2.808753302320647,1.5847079753875732,2.807684898376465,3.0896312117090363,3.0896313190460205,False,False,False,False,False,False
esmfold2,HIV_RT__3V81,5,8.710855946895812,8.213797807515022,8.696693420410156,8.204524040222168,3.0896312117090363,3.0896313190460205,False,False,False,False,False,False
esmfold2,HIV_RT__3V81,6,2.944567632937741,1.0578744705093686,2.944567441940308,1.0578744411468506,3.0896312117090363,3.0896313190460205,True,True,True,True,False,False
esmfold2,HIV_RT__3V81,7,1.6440448138546804,2.3723787508181613,1.6440447568893433,2.3723785877227783,3.0896312117090363,3.0896313190460205,False,False,False,False,False,False
esmfold2,HIV_RT__3V81,8,8.291076029080964,7.9581478255127855,8.277812004089355,7.933465003967285,3.0896312117090363,3.0896313190460205,False,False,False,False,False,False
esmfold2,HIV_RT__3V81,9,2.397870706642392,1.8722842884129844,2.397870779037476,1.872284293174744,3.0896312117090363,3.0896313190460205,True,True,False,False,False,False
esmfold2,HIV_RT__3V81,10,2.4484881161620167,1.8022047973004944,2.4484879970550537,1.802204847335816,3.0896312117090363,3.0896313190460205,True,True,False,False,False,False
esmfold2,HIV_RT__3V81,11,9.22053860883704,9.225742508745665,9.218976974487305,9.213542938232422,3.0896312117090363,3.0896313190460205,False,False,False,False,False,False
esmfold2,HIV_RT__3V81,12,1.764080274982832,2.4470161834761823,1.764080286026001,2.44701623916626,3.0896312117090363,3.0896313190460205,False,False,False,False,False,False
esmfold2,HIV_RT__3V81,13,1.8995484432363,2.254324341863561,1.899548411369324,2.254324197769165,3.0896312117090363,3.0896313190460205,False,False,False,False,False,False
esmfold2,HIV_RT__3V81,14,2.502703075492881,1.9300049873443283,2.5027029514312744,1.9300049543380733,3.0896312117090363,3.0896313190460205,True,True,False,False,False,False
esmfold2,HIV_RT__3V81,15,2.874464625995126,0.8338157496181493,2.874464511871338,0.8322664499282837,3.0896312117090363,3.0896313190460205,True,True,True,True,True,True
esmfold2,HIV_RT__3V81,16,2.878295184749455,0.9917390109730732,2.878295421600342,0.99173903465271,3.0896312117090363,3.0896313190460205,True,True,True,True,True,True
esmfold2,HIV_RT__3V81,17,1.8537937212777549,2.3907605457674457,1.8537936210632324,2.3907604217529297,3.0896312117090363,3.0896313190460205,False,False,False,False,False,False
esmfold2,HIV_RT__3V81,18,8.013402132253992,7.567371574975438,8.011119842529297,7.557007312774658,3.0896312117090363,3.0896313190460205,False,False,False,False,False,False
esmfold2,HIV_RT__3V81,19,2.301283656756905,1.7515399782105825,2.301283597946167,1.751539945602417,3.0896312117090363,3.0896313190460205,True,True,False,False,False,False
esmfold2,HIV_RT__3V81,20,1.791147861398266,2.387567401073408,1.7858878374099731,2.3875672817230225,3.0896312117090363,3.0896313190460205,False,False,False,False,False,False
esmfold2,HIV_RT__3V81,21,1.662497985246969,2.3461819896393714,1.6624979972839355,2.346182107925415,3.0896312117090363,3.0896313190460205,False,False,False,False,False,False
esmfold2,HIV_RT__3V81,22,2.4577587765590434,1.7942386923217095,2.457758665084839,1.7942386865615845,3.0896312117090363,3.0896313190460205,True,True,False,False,False,False
esmfold2,HIV_RT__3V81,23,1.5370243091474016,2.728050726403803,1.5370243787765503,2.728050708770752,3.0896312117090363,3.0896313190460205,False,False,False,False,False,False
esmfold2,HIV_RT__3V81,24,2.478772640718437,1.944914686004734,2.4787726402282715,1.944914698600769,3.0896312117090363,3.0896313190460205,True,True,False,False,False,False
esmfold2,HIV_RT__3V81,25,1.8333735317100284,2.416990049969315,1.8333735466003416,2.4159045219421387,3.0896312117090363,3.0896313190460205,False,False,False,False,False,False
esmfold2,HIV_RT__3V81,26,2.4913988912690668,1.8313527783087664,2.491398811340332,1.8313528299331665,3.0896312117090363,3.0896313190460205,True,True,False,False,False,False
esmfold2,HIV_RT__3V81,27,2.1311041978582885,2.0825886969313285,2.1311042308807373,2.0809950828552246,3.0896312117090363,3.0896313190460205,True,True,False,False,False,False
esmfold2,HIV_RT__3V81,28,1.7362616420532322,2.3970307772978408,1.7362616062164309,2.397030830383301,3.0896312117090363,3.0896313190460205,False,False,False,False,False,False
esmfold2,HIV_RT__3V81,29,2.867710791567281,0.9269211997174848,2.867711067199707,0.926921248435974,3.0896312117090363,3.0896313190460205,True,True,True,True,True,True
esmfold2,KRAS,0,3.1702103653149245,2.825706416053018,3.170210361480713,2.846742868423462,3.742426159251105,3.743377208709717,True,True,False,False,False,False
esmfold2,KRAS,1,2.62958320689943,3.86421827143512,2.6295828819274902,3.864218235015869,3.742426159251105,3.743377208709717,False,False,False,False,False,False
esmfold2,KRAS,2,2.0570662999992715,3.698532019189772,2.0570664405822754,3.7005558013916016,3.742426159251105,3.743377208709717,False,False,False,False,False,False
esmfold2,KRAS,3,2.944605342648744,3.3882574854380363,2.970536231994629,3.395679473876953,3.742426159251105,3.743377208709717,False,False,False,False,False,False
esmfold2,KRAS,4,3.5639423752360195,2.71072077032884,3.5528998374938965,2.70849084854126,3.742426159251105,3.743377208709717,True,True,False,False,False,False
esmfold2,KRAS,5,3.5197013907716084,2.699245074322956,3.510650396347046,2.691324234008789,3.742426159251105,3.743377208709717,True,True,False,False,False,False
esmfold2,KRAS,6,2.8848243820962582,4.34852508173931,2.8987302780151367,4.348524570465088,3.742426159251105,3.743377208709717,False,False,False,False,False,False
esmfold2,KRAS,7,3.724452139110528,3.315898480927788,3.7348649501800537,3.3468151092529297,3.742426159251105,3.743377208709717,True,True,False,False,False,False
esmfold2,KRAS,8,2.21922812127864,3.730420025975036,2.219228029251098,3.730419874191284,3.742426159251105,3.743377208709717,False,False,False,False,False,False
esmfold2,KRAS,9,4.529245116280851,5.404898739460025,4.517232418060303,5.392771720886231,3.742426159251105,3.743377208709717,False,False,False,False,False,False
esmfold2,KRAS,10,3.2736686135889688,2.415579842481298,3.2736687660217285,2.427932024002075,3.742426159251105,3.743377208709717,True,True,False,False,False,False
esmfold2,KRAS,11,2.130506413311174,3.6301130091794938,2.1305062770843506,3.630113124847412,3.742426159251105,3.743377208709717,False,False,False,False,False,False
esmfold2,KRAS,12,1.9784586903956147,3.73137992182529,1.9784586429595947,3.731379985809326,3.742426159251105,3.743377208709717,False,False,False,False,False,False
esmfold2,KRAS,13,2.3961460553390266,3.825669957382169,2.396146297454834,3.825669765472412,3.742426159251105,3.743377208709717,False,False,False,False,False,False
esmfold2,KRAS,14,3.5019587652205755,2.772085645615808,3.5019588470458984,2.7783122062683105,3.742426159251105,3.743377208709717,True,True,False,False,False,False
esmfold2,KRAS,15,3.3800961996784387,3.088614755871394,3.402168035507202,3.116316795349121,3.742426159251105,3.743377208709717,True,True,False,False,False,False
esmfold2,KRAS,16,2.9406831428775027,4.279178981645663,2.961374521255493,4.290968418121338,3.742426159251105,3.743377208709717,False,False,False,False,False,False
esmfold2,KRAS,17,2.4677818196694483,4.51590311054853,2.4617726802825928,4.5177083015441895,3.742426159251105,3.743377208709717,False,False,False,False,False,False
esmfold2,KRAS,18,2.58424766142745,3.688031808219548,2.601195812225342,3.705890893936157,3.742426159251105,3.743377208709717,False,False,False,False,False,False
esmfold2,KRAS,19,2.564030156024585,3.876869918640062,2.54294490814209,3.860056400299072,3.742426159251105,3.743377208709717,False,False,False,False,False,False
esmfold2,KRAS,20,3.4462377588634583,3.0107099472424688,3.446237802505493,3.026090145111084,3.742426159251105,3.743377208709717,True,True,False,False,False,False
esmfold2,KRAS,21,3.926144942979542,4.70694340934964,3.9100422859191895,4.69450569152832,3.742426159251105,3.743377208709717,False,False,False,False,False,False
esmfold2,KRAS,22,2.7782942563685418,3.5176667065064886,2.753798246383667,3.5176665782928467,3.742426159251105,3.743377208709717,False,False,False,False,False,False
esmfold2,KRAS,23,2.210243610206068,3.5819203843591247,2.210243463516236,3.5819203853607178,3.742426159251105,3.743377208709717,False,False,False,False,False,False
esmfold2,KRAS,24,2.1399460809399247,3.6675973550354746,2.139946222305298,3.667597532272339,3.742426159251105,3.743377208709717,False,False,False,False,False,False
esmfold2,KRAS,25,3.0447999908307057,2.781790821867041,3.044800043106079,2.802781343460083,3.742426159251105,3.743377208709717,True,True,False,False,False,False
esmfold2,KRAS,26,2.605563394853501,3.771017330375557,2.605563402175904,3.771017074584961,3.742426159251105,3.743377208709717,False,False,False,False,False,False
esmfold2,KRAS,27,2.4087474346390496,3.849511920587522,2.4141104221343994,3.849511861801148,3.742426159251105,3.743377208709717,False,False,False,False,False,False
esmfold2,KRAS,28,2.437009934342432,3.685615325654023,2.4370100498199463,3.685615301132202,3.742426159251105,3.743377208709717,False,False,False,False,False,False
esmfold2,KRAS,29,3.815344468315128,4.851662509082357,3.816688299179077,4.851662635803223,3.742426159251105,3.743377208709717,False,False,False,False,False,False
esmfold2,Menin,0,1.1127714454093278,0.9401220764553974,1.1127713918685913,0.9401220679283142,1.2468617606125678,1.246861696243286,True,True,True,True,True,True
esmfold2,Menin,1,1.1529335603826822,0.9386286146453184,1.1529335975646973,0.9386285543441772,1.2468617606125678,1.246861696243286,True,True,True,True,True,True
esmfold2,Menin,2,1.1585943270430012,0.7438900377448318,1.1585943698883057,0.7438900470733643,1.2468617606125678,1.246861696243286,True,True,True,True,True,True
esmfold2,Menin,3,1.1512875218243126,0.7383915436528771,1.1512874364852903,0.7383915781974792,1.2468617606125678,1.246861696243286,True,True,True,True,True,True
esmfold2,Menin,4,1.144113603397387,0.8838228689811184,1.144113540649414,0.8838229179382324,1.2468617606125678,1.246861696243286,True,True,True,True,True,True
esmfold2,Menin,5,1.1853982513370849,0.7325451416116684,1.1853982210159302,0.7325451374053955,1.2468617606125678,1.246861696243286,True,True,True,True,True,True
esmfold2,Menin,6,1.16674627735574,0.9993011873383318,1.1667462587356567,0.9993011355400084,1.2468617606125678,1.246861696243286,True,True,True,True,True,True
esmfold2,Menin,7,1.247568699374728,0.6682724397919769,1.2475686073303225,0.6682724952697754,1.2468617606125678,1.246861696243286,True,True,True,True,True,True
esmfold2,Menin,8,1.2068639655717364,0.9047708448993304,1.1955856084823608,0.904770851135254,1.2468617606125678,1.246861696243286,True,True,True,True,True,True
esmfold2,Menin,9,1.125276372658551,0.9370876496110516,1.1252764463424685,0.9370876550674438,1.2468617606125678,1.246861696243286,True,True,True,True,True,True
esmfold2,Menin,10,1.1354580788892834,0.926430861566214,1.1354581117630005,0.9264308214187622,1.2468617606125678,1.246861696243286,True,True,True,True,True,True
esmfold2,Menin,11,1.1142233995694568,0.7561485745417089,1.1142233610153198,0.7561485767364502,1.2468617606125678,1.246861696243286,True,True,True,True,True,True
esmfold2,Menin,12,1.1137997729939777,0.9864777643918756,1.113799810409546,0.986477792263031,1.2468617606125678,1.246861696243286,True,True,True,True,True,True
esmfold2,Menin,13,1.164044401897278,0.7398055636490359,1.1640443801879885,0.7398055791854858,1.2468617606125678,1.246861696243286,True,True,True,True,True,True
esmfold2,Menin,14,1.2538278309113875,0.3748368423509082,1.2538278102874756,0.3748368322849273,1.2468617606125678,1.246861696243286,True,True,True,True,True,True
esmfold2,Menin,15,1.119572529666391,0.9064912576945848,1.1195725202560425,0.906491219997406,1.2468617606125678,1.246861696243286,True,True,True,True,True,True
esmfold2,Menin,16,1.2588201111669026,0.405750569721034,1.2588200569152832,0.4057506024837494,1.2468617606125678,1.246861696243286,True,True,True,True,True,True
esmfold2,Menin,17,1.16072732636938,0.7243824942302914,1.1607272624969482,0.7243824601173401,1.2468617606125678,1.246861696243286,True,True,True,True,True,True
esmfold2,Menin,18,1.244711719287117,0.6586727713935695,1.2447117567062378,0.6586727499961853,1.2468617606125678,1.246861696243286,True,True,True,True,True,True
esmfold2,Menin,19,1.141708104843978,0.9893796394976094,1.1417081356048584,0.9893797039985656,1.2468617606125678,1.246861696243286,True,True,True,True,True,True
esmfold2,Menin,20,1.1526827145887846,0.7651735406935395,1.1526826620101929,0.7651735544204712,1.2468617606125678,1.246861696243286,True,True,True,True,True,True
esmfold2,Menin,21,1.283686638132245,0.4041558228859847,1.283686637878418,0.4041558504104614,1.2468617606125678,1.246861696243286,True,True,True,True,True,True
esmfold2,Menin,22,1.1631829033518652,0.723979450291026,1.1631828546524048,0.7239794731140137,1.2468617606125678,1.246861696243286,True,True,True,True,True,True
esmfold2,Menin,23,1.1376214319990396,0.6974961695473376,1.1376214027404783,0.697496235370636,1.2468617606125678,1.246861696243286,True,True,True,True,True,True
esmfold2,Menin,24,1.2688652254517905,0.3807624349492832,1.2688652276992798,0.3807624578475952,1.2468617606125678,1.246861696243286,True,True,True,True,True,True
esmfold2,Menin,25,1.1840838746708455,0.7280575621525542,1.1840839385986328,0.7280576229095459,1.2468617606125678,1.246861696243286,True,True,True,True,True,True
esmfold2,Menin,26,1.1643681229815406,0.7283521724357885,1.1643681526184082,0.7283521294593811,1.2468617606125678,1.246861696243286,True,True,True,True,True,True
esmfold2,Menin,27,1.1556725815597422,0.7562753497549936,1.155672550201416,0.7562752962112427,1.2468617606125678,1.246861696243286,True,True,True,True,True,True
esmfold2,Menin,28,1.0679429789134027,0.9072677117586684,1.0679429769515991,0.9072677493095398,1.2468617606125678,1.246861696243286,True,True,True,True,True,True
esmfold2,Menin,29,1.148174000630788,0.7371257096952502,1.1481740474700928,0.7371256947517395,1.2468617606125678,1.246861696243286,True,True,True,True,True,True
esmfold2,NDPK-A,0,3.008199593034872,1.340692165400622,3.008199453353882,1.3406920433044434,3.4697602388704447,3.4699201583862305,True,True,True,True,False,False
esmfold2,NDPK-A,1,2.934165554696424,1.290452860043923,2.934165477752685,1.2904528379440308,3.4697602388704447,3.4699201583862305,True,True,True,True,False,False
esmfold2,NDPK-A,2,3.017019804734475,1.3156042019673266,3.017019748687744,1.3156042098999023,3.4697602388704447,3.4699201583862305,True,True,True,True,False,False
esmfold2,NDPK-A,3,2.933545660459967,1.0280912507014348,2.9335458278656006,1.028091311454773,3.4697602388704447,3.4699201583862305,True,True,True,True,False,False
esmfold2,NDPK-A,4,3.0647982171612305,1.062480228519238,3.06479811668396,1.0624802112579346,3.4697602388704447,3.4699201583862305,True,True,True,True,False,False
esmfold2,NDPK-A,5,2.898385348197846,1.4230819544483926,2.8983852863311768,1.4230819940567017,3.4697602388704447,3.4699201583862305,True,True,True,True,False,False
esmfold2,NDPK-A,6,2.784681507896228,1.2953410755372372,2.784681558609009,1.2953410148620603,3.4697602388704447,3.4699201583862305,True,True,True,True,False,False
esmfold2,NDPK-A,7,2.977575649484687,1.288030750848388,2.9775757789611816,1.288030743598938,3.4697602388704447,3.4699201583862305,True,True,True,True,False,False
esmfold2,NDPK-A,8,2.819865766945584,1.3282131346434969,2.8198659420013428,1.328213095664978,3.4697602388704447,3.4699201583862305,True,True,True,True,False,False
esmfold2,NDPK-A,9,2.9521740918224246,1.2682140039488443,2.952174186706543,1.268213987350464,3.4697602388704447,3.4699201583862305,True,True,True,True,False,False
esmfold2,NDPK-A,10,2.961147254522091,1.6696974323156109,2.955295324325561,1.6696975231170654,3.4697602388704447,3.4699201583862305,True,True,False,False,False,False
esmfold2,NDPK-A,11,2.870410066746916,1.4374124069468317,2.8704099655151367,1.4374123811721802,3.4697602388704447,3.4699201583862305,True,True,True,True,False,False
esmfold2,NDPK-A,12,2.912229132478036,1.56922065318021,2.912229061126709,1.5692206621170044,3.4697602388704447,3.4699201583862305,True,True,False,False,False,False
esmfold2,NDPK-A,13,2.86879259537304,1.0977326604846964,2.868792533874512,1.097732663154602,3.4697602388704447,3.4699201583862305,True,True,True,True,False,False
esmfold2,NDPK-A,14,2.962667970840981,0.8688590599612214,2.962667942047119,0.868859052658081,3.4697602388704447,3.4699201583862305,True,True,True,True,True,True
esmfold2,NDPK-A,15,2.780757733994059,1.7225400266149509,2.7807579040527344,1.722540020942688,3.4697602388704447,3.4699201583862305,True,True,False,False,False,False
esmfold2,NDPK-A,16,3.182673671205971,1.2911920881183798,3.182673692703247,1.2911920547485352,3.4697602388704447,3.4699201583862305,True,True,True,True,False,False
esmfold2,NDPK-A,17,2.838185137414014,1.3934164895927057,2.838185310363769,1.3934165239334106,3.4697602388704447,3.4699201583862305,True,True,True,True,False,False
esmfold2,NDPK-A,18,2.8594771464437905,1.3162155559900668,2.8594772815704346,1.3162155151367188,3.4697602388704447,3.4699201583862305,True,True,True,True,False,False
esmfold2,NDPK-A,19,2.864825569506232,1.5590015826630756,2.86482572555542,1.5623561143875122,3.4697602388704447,3.4699201583862305,True,True,False,False,False,False
esmfold2,NDPK-A,20,2.965141777383412,1.525229047972272,2.965142011642456,1.5252289772033691,3.4697602388704447,3.4699201583862305,True,True,False,False,False,False
esmfold2,NDPK-A,21,2.816741903743269,1.428186016873226,2.816741943359375,1.428186058998108,3.4697602388704447,3.4699201583862305,True,True,True,True,False,False
esmfold2,NDPK-A,22,2.8382534051164554,1.1611763672640656,2.838253259658813,1.161176323890686,3.4697602388704447,3.4699201583862305,True,True,True,True,False,False
esmfold2,NDPK-A,23,2.9567457945577225,1.4888526303693863,2.9567456245422363,1.488852620124817,3.4697602388704447,3.4699201583862305,True,True,True,True,False,False
esmfold2,NDPK-A,24,2.849639850071448,1.0969205307312877,2.849639892578125,1.0969204902648926,3.4697602388704447,3.4699201583862305,True,True,True,True,False,False
esmfold2,NDPK-A,25,2.948350055607904,1.0952968916569463,2.948349952697754,1.095296859741211,3.4697602388704447,3.4699201583862305,True,True,True,True,False,False
esmfold2,NDPK-A,26,2.87912453577774,1.3282880029026731,2.879124641418457,1.328287959098816,3.4697602388704447,3.4699201583862305,True,True,True,True,False,False
esmfold2,NDPK-A,27,2.765081976021659,1.3562440559280105,2.765081882476806,1.3562440872192385,3.4697602388704447,3.4699201583862305,True,True,True,True,False,False
esmfold2,NDPK-A,28,2.7877121481741924,1.1298409593403584,2.787712335586548,1.1298409700393677,3.4697602388704447,3.4699201583862305,True,True,True,True,False,False
esmfold2,NDPK-A,29,2.814794692880208,1.8253396632319072,2.8147947788238525,1.8253395557403564,3.4697602388704447,3.4699201583862305,True,True,False,False,False,False
esmfold2,SHP2,0,1.6546790313438495,1.1548552590345884,1.6430853605270386,1.154855251312256,1.8482636253491047,1.8406480550765991,True,True,True,True,False,False
esmfold2,SHP2,1,1.36943587002829,1.1157767291498952,1.3694359064102173,1.1573110818862915,1.8482636253491047,1.8406480550765991,True,True,True,True,False,False
esmfold2,SHP2,2,1.67238873648303,0.7302859539849683,1.6534968614578247,0.7302859425544739,1.8482636253491047,1.8406480550765991,True,True,True,True,True,True
esmfold2,SHP2,3,1.6400615249647226,1.1749705430844877,1.6216574907302856,1.174970626831055,1.8482636253491047,1.8406480550765991,True,True,True,True,False,False
esmfold2,SHP2,4,1.3025864380786971,1.1978590418911468,1.27697491645813,1.213230848312378,1.8482636253491047,1.8406480550765991,True,True,True,True,False,False
esmfold2,SHP2,5,1.4766879000495026,1.0935732433619825,1.4580154418945312,1.0935732126235962,1.8482636253491047,1.8406480550765991,True,True,True,True,False,False
esmfold2,SHP2,6,1.4820619746393602,0.9115712187248992,1.4648590087890625,0.9115712642669678,1.8482636253491047,1.8406480550765991,True,True,True,True,True,True
esmfold2,SHP2,7,1.4663362779845597,0.908686149775392,1.446802020072937,0.908686101436615,1.8482636253491047,1.8406480550765991,True,True,True,True,True,True
esmfold2,SHP2,8,1.3739572338391075,1.165620327707029,1.357324481010437,1.1656203269958496,1.8482636253491047,1.8406480550765991,True,True,True,True,False,False
esmfold2,SHP2,9,1.112314952699759,1.3232304628013352,1.1123149394989014,1.277204155921936,1.8482636253491047,1.8406480550765991,False,False,False,False,False,False
esmfold2,SHP2,10,1.4496736679459354,0.9071850774746588,1.4301875829696655,0.9071850776672364,1.8482636253491047,1.8406480550765991,True,True,True,True,True,True
esmfold2,SHP2,11,1.4003640005106224,0.957903761449886,1.4243922233581543,0.9579037427902222,1.8482636253491047,1.8406480550765991,True,True,True,True,True,True
esmfold2,SHP2,12,1.4943661602610632,0.883472743846493,1.4721702337265017,0.883472740650177,1.8482636253491047,1.8406480550765991,True,True,True,True,True,True
esmfold2,SHP2,13,1.3961379689707882,0.9257646021427084,1.3715436458587646,0.9257646203041076,1.8482636253491047,1.8406480550765991,True,True,True,True,True,True
esmfold2,SHP2,14,1.3978252971416831,1.0014195434448112,1.3732383251190186,1.0014195442199707,1.8482636253491047,1.8406480550765991,True,True,True,True,False,False
esmfold2,SHP2,15,1.3638143440619128,1.10747637960921,1.3423138856887815,1.120041012763977,1.8482636253491047,1.8406480550765991,True,True,True,True,False,False
esmfold2,SHP2,16,1.668664371941913,1.1726055000047837,1.6525156497955322,1.1726055145263672,1.8482636253491047,1.8406480550765991,True,True,True,True,False,False
esmfold2,SHP2,17,1.364093260660057,1.1440234130826783,1.3415807485580444,1.15814471244812,1.8482636253491047,1.8406480550765991,True,True,True,True,False,False
esmfold2,SHP2,18,1.4566418760869924,1.4081488749292497,1.431280255317688,1.4081488847732544,1.8482636253491047,1.8406480550765991,True,True,True,True,False,False
esmfold2,SHP2,19,1.2271729894370482,1.1170876993756689,1.243396282196045,1.117087721824646,1.8482636253491047,1.8406480550765991,True,True,True,True,False,False
esmfold2,SHP2,20,1.4344979100370627,1.043835619932969,1.4137518405914309,1.0438356399536133,1.8482636253491047,1.8406480550765991,True,True,True,True,False,False
esmfold2,SHP2,21,1.3559212109106564,0.9567867469216154,1.3899946212768557,0.9567867517471312,1.8482636253491047,1.8406480550765991,True,True,True,True,True,True
esmfold2,SHP2,22,1.2530308271439623,1.1284965681341232,1.268996000289917,1.128496527671814,1.8482636253491047,1.8406480550765991,True,True,True,True,False,False
esmfold2,SHP2,23,1.7501219347794383,1.3900177546453152,1.7389966249465942,1.3967938423156738,1.8482636253491047,1.8406480550765991,True,True,True,True,False,False
esmfold2,SHP2,24,1.5111148042713034,0.9527424984263968,1.4822920560836792,0.9527424573898317,1.8482636253491047,1.8406480550765991,True,True,True,True,True,True
esmfold2,SHP2,25,1.4567862200284232,0.964910027140925,1.4337292909622192,0.9649099707603456,1.8482636253491047,1.8406480550765991,True,True,True,True,True,True
esmfold2,SHP2,26,1.3998651860709563,0.9742533957454486,1.4190716743469238,0.9742533564567566,1.8482636253491047,1.8406480550765991,True,True,True,True,True,True
esmfold2,SHP2,27,1.3325929023567296,1.0008721547283987,1.3325928449630735,1.0008721351623535,1.8482636253491047,1.8406480550765991,True,True,True,True,False,False
esmfold2,SHP2,28,1.3704124593749676,1.242440144674295,1.3545652627944946,1.2559648752212524,1.8482636253491047,1.8406480550765991,True,True,True,True,False,False
esmfold2,SHP2,29,1.7212385249030828,0.8294816043646598,1.7101000547409058,0.8294816017150879,1.8482636253491047,1.8406480550765991,True,True,True,True,True,True
esmfold2,THSR,0,1.559826893252802,1.4179885279774376,1.5598268508911133,1.4179885387420654,1.616455574028625,1.562853455543518,True,True,True,True,False,False
esmfold2,THSR,1,3.16481101277477,3.104656967858271,3.164811372756958,3.104656934738159,1.616455574028625,1.562853455543518,False,False,False,False,False,False
esmfold2,THSR,2,1.6486484801903385,1.470320405743671,1.648648381233215,1.470320463180542,1.616455574028625,1.562853455543518,True,True,True,True,False,False
esmfold2,THSR,3,3.373474914043933,3.331168731257492,3.3734750747680664,3.3311688899993896,1.616455574028625,1.562853455543518,False,False,False,False,False,False
esmfold2,THSR,4,1.8854703515922824,1.888363050346596,1.885470271110535,1.888363122940064,1.616455574028625,1.562853455543518,False,False,False,False,False,False
esmfold2,THSR,5,1.882918696488583,1.89638193296993,1.8829188346862795,1.896381974220276,1.616455574028625,1.562853455543518,False,False,False,False,False,False
esmfold2,THSR,6,1.624726029725034,1.4455148873750043,1.624726176261902,1.4455149173736572,1.616455574028625,1.562853455543518,True,True,True,True,False,False
esmfold2,THSR,7,1.5569735287868514,1.4774029205323695,1.556973576545715,1.4774028062820437,1.616455574028625,1.562853455543518,True,True,True,True,False,False
esmfold2,THSR,8,2.002896464272513,1.924018912566234,2.002896547317505,1.9240188598632808,1.616455574028625,1.562853455543518,False,False,False,False,False,False
esmfold2,THSR,9,1.6213261270120802,1.4318584044708704,1.6213260889053345,1.4318584203720093,1.616455574028625,1.562853455543518,True,True,True,True,False,False
esmfold2,THSR,10,3.611679582913404,3.5916903952807,3.611679553985596,3.5916903018951416,1.616455574028625,1.562853455543518,False,False,False,False,False,False
esmfold2,THSR,11,1.524642145021745,1.3386682653935382,1.5246422290802002,1.3386682271957395,1.616455574028625,1.562853455543518,True,True,True,True,False,False
esmfold2,THSR,12,2.002590265760338,1.8669055078743817,2.00259017944336,1.8669054508209229,1.616455574028625,1.562853455543518,False,False,False,False,False,False
esmfold2,THSR,13,1.8599157486148528,1.723717116716455,1.8599157333374023,1.7237170934677124,1.616455574028625,1.562853455543518,False,False,False,False,False,False
esmfold2,THSR,14,1.6631193839551148,1.4172334666315816,1.6631193161010742,1.4172335863113403,1.616455574028625,1.562853455543518,True,True,True,True,False,False
esmfold2,THSR,15,1.6217689142868714,1.4223739692255335,1.6217689514160156,1.4223740100860596,1.616455574028625,1.562853455543518,True,True,True,True,False,False
esmfold2,THSR,16,1.8212672798635745,1.6050712011849126,1.821267366409301,1.605071187019348,1.616455574028625,1.562853455543518,True,False,False,False,False,False
esmfold2,THSR,17,1.7137396389401311,1.484907450656808,1.7137396335601809,1.4849073886871338,1.616455574028625,1.562853455543518,True,True,True,True,False,False
esmfold2,THSR,18,1.7153271789733853,1.4611270749635537,1.7153271436691284,1.4611271619796753,1.616455574028625,1.562853455543518,True,True,True,True,False,False
esmfold2,THSR,19,1.815329989208657,1.5512125871128948,1.815329909324646,1.5512125492095947,1.616455574028625,1.562853455543518,True,True,False,False,False,False
esmfold2,THSR,20,1.6032971805482472,1.5022916853290842,1.6032971143722534,1.5022916793823242,1.616455574028625,1.562853455543518,True,True,False,False,False,False
esmfold2,THSR,21,2.096138362405573,2.0716729037490795,2.0961382389068604,2.071672916412353,1.616455574028625,1.562853455543518,False,False,False,False,False,False
esmfold2,THSR,22,2.0581612794149207,2.030866775628273,2.0581612586975098,2.030866861343384,1.616455574028625,1.562853455543518,False,False,False,False,False,False
esmfold2,THSR,23,1.8823669698707224,1.916199160389933,1.8823668956756592,1.916199207305908,1.616455574028625,1.562853455543518,False,False,False,False,False,False
esmfold2,THSR,24,1.6344949185959603,1.4689515283057133,1.6344949007034302,1.4689515829086304,1.616455574028625,1.562853455543518,True,True,True,True,False,False
esmfold2,THSR,25,1.784910568559284,1.5792095489233524,1.7849106788635254,1.5792096853256226,1.616455574028625,1.562853455543518,True,False,False,False,False,False
esmfold2,THSR,26,1.4767091145513682,1.3717765905157158,1.4767091274261477,1.3717765808105469,1.616455574028625,1.562853455543518,True,True,True,True,False,False
esmfold2,THSR,27,1.6399006792199675,1.379347692239281,1.6399006843566897,1.3793476819992063,1.616455574028625,1.562853455543518,True,True,True,True,False,False
esmfold2,THSR,28,1.7262833402015518,1.4977411905716342,1.7262834310531616,1.4977412223815918,1.616455574028625,1.562853455543518,True,True,True,True,False,False
esmfold2,THSR,29,1.547352224943635,1.4073088960274,1.547352313995361,1.4073089361190796,1.616455574028625,1.562853455543518,True,True,True,True,False,False
esmfold2,THSR__7UTZ,0,1.7193718259653512,2.088055033595372,1.7193719148635864,2.110783100128174,2.4345552542057787,2.4345552921295166,False,False,False,False,False,False
esmfold2,THSR__7UTZ,1,6.064717661566,4.820379592235111,6.064717769622803,4.810011386871338,2.4345552542057787,2.4345552921295166,False,False,False,False,False,False
esmfold2,THSR__7UTZ,2,1.6401865140794036,2.274111661471584,1.640186429023743,2.294635057449341,2.4345552542057787,2.4345552921295166,False,False,False,False,False,False
esmfold2,THSR__7UTZ,3,2.0876924335376144,1.9361388548337728,2.0876924991607666,1.964974403381348,2.4345552542057787,2.4345552921295166,True,True,False,False,False,False
esmfold2,THSR__7UTZ,4,1.798643961470296,1.976510517968551,1.798643946647644,1.9986933469772337,2.4345552542057787,2.4345552921295166,False,False,False,False,False,False
esmfold2,THSR__7UTZ,5,6.027948230900062,4.828361367467756,6.027947902679443,4.828361034393311,2.4345552542057787,2.4345552921295166,False,False,False,False,False,False
esmfold2,THSR__7UTZ,6,4.673501688564628,3.784730873342775,4.673501968383789,3.79586410522461,2.4345552542057787,2.4345552921295166,False,False,False,False,False,False
esmfold2,THSR__7UTZ,7,1.6329713245453503,2.074346049729624,1.6329714059829712,2.094597578048706,2.4345552542057787,2.4345552921295166,False,False,False,False,False,False
esmfold2,THSR__7UTZ,8,2.1442277596095374,2.1634752177807623,2.144227743148804,2.188124179840088,2.4345552542057787,2.4345552921295166,False,False,False,False,False,False
esmfold2,THSR__7UTZ,9,1.771279284369638,1.8904051182259984,1.771279215812683,1.9122138023376465,2.4345552542057787,2.4345552921295166,False,False,False,False,False,False
esmfold2,THSR__7UTZ,10,1.5589078653873498,1.9257578873978125,1.5589078664779663,1.9460521936416624,2.4345552542057787,2.4345552921295166,False,False,False,False,False,False
esmfold2,THSR__7UTZ,11,1.7812788481684203,1.8914115875470616,1.7812788486480713,1.9110667705535889,2.4345552542057787,2.4345552921295166,False,False,False,False,False,False
esmfold2,THSR__7UTZ,12,2.124575430619101,1.973810695929572,2.12457537651062,1.9982775449752808,2.4345552542057787,2.4345552921295166,True,True,False,False,False,False
esmfold2,THSR__7UTZ,13,6.311046755210712,5.051031593174281,6.311047077178955,5.051031589508057,2.4345552542057787,2.4345552921295166,False,False,False,False,False,False
esmfold2,THSR__7UTZ,14,6.230885472360638,4.963584876953068,6.2308855056762695,4.963584899902344,2.4345552542057787,2.4345552921295166,False,False,False,False,False,False
esmfold2,THSR__7UTZ,15,6.121279407336141,4.929545410703095,6.121279239654541,4.929545402526856,2.4345552542057787,2.4345552921295166,False,False,False,False,False,False
esmfold2,THSR__7UTZ,16,6.147615717262874,4.886455591762365,6.147615909576416,4.886455535888672,2.4345552542057787,2.4345552921295166,False,False,False,False,False,False
esmfold2,THSR__7UTZ,17,2.177901679927575,1.8049961775163808,2.1779017448425293,1.8299901485443115,2.4345552542057787,2.4345552921295166,True,True,False,False,False,False
esmfold2,THSR__7UTZ,18,6.470959740443872,5.2704404471492925,6.470959663391113,5.270440578460693,2.4345552542057787,2.4345552921295166,False,False,False,False,False,False
esmfold2,THSR__7UTZ,19,6.167285504040903,4.972895353375261,6.167285919189453,4.972895622253418,2.4345552542057787,2.4345552921295166,False,False,False,False,False,False
esmfold2,THSR__7UTZ,20,1.8956081237710565,2.102735414406891,1.895608067512512,2.122498750686645,2.4345552542057787,2.4345552921295166,False,False,False,False,False,False
esmfold2,THSR__7UTZ,21,6.199008260087573,4.931265956574415,6.199008464813232,4.931265830993652,2.4345552542057787,2.4345552921295166,False,False,False,False,False,False
esmfold2,THSR__7UTZ,22,6.173683484398826,4.893749378230958,6.1736836433410645,4.893749237060547,2.4345552542057787,2.4345552921295166,False,False,False,False,False,False
esmfold2,THSR__7UTZ,23,2.00096510994286,1.9907148891327668,2.000965118408203,2.016642570495605,2.4345552542057787,2.4345552921295166,True,False,False,False,False,False
esmfold2,THSR__7UTZ,24,1.947768245809228,2.232011983673206,1.947768330574036,2.256009578704834,2.4345552542057787,2.4345552921295166,False,False,False,False,False,False
esmfold2,THSR__7UTZ,25,6.077350681926045,4.825313008487927,6.077350616455078,4.8155388832092285,2.4345552542057787,2.4345552921295166,False,False,False,False,False,False
esmfold2,THSR__7UTZ,26,2.0553209066094964,2.141263323651676,2.0553207397460938,2.166429281234741,2.4345552542057787,2.4345552921295166,False,False,False,False,False,False
esmfold2,THSR__7UTZ,27,1.7343104056826546,2.117640889539022,1.734310507774353,2.1405625343322754,2.4345552542057787,2.4345552921295166,False,False,False,False,False,False
esmfold2,THSR__7UTZ,28,1.8924686861304365,2.239620615122227,1.8924686908721924,2.2650251388549805,2.4345552542057787,2.4345552921295166,False,False,False,False,False,False
esmfold2,THSR__7UTZ,29,1.6245336424379586,2.3062401786995217,1.6245336532592771,2.3281896114349365,2.4345552542057787,2.4345552921295166,False,False,False,False,False,False
esmfold2,betaLG,0,1.0126249118938933,1.0941819347998234,0.988053262233734,1.094182014465332,1.3972391993938094,1.357591152191162,False,False,False,False,False,False
esmfold2,betaLG,1,1.0033287030143212,1.1465693459064672,0.9292460083961488,1.1465693712234497,1.3972391993938094,1.357591152191162,False,False,False,False,False,False
esmfold2,betaLG,2,1.0048425367938527,1.0982666968607755,0.9774722456932068,1.0982667207717896,1.3972391993938094,1.357591152191162,False,False,False,False,False,False
esmfold2,betaLG,3,1.0191765042597247,1.0761305607927254,0.9735968112945556,1.0761306285858154,1.3972391993938094,1.357591152191162,False,False,False,False,False,False
esmfold2,betaLG,4,1.0030666617490676,1.102359610869548,0.9887658953666688,1.1023595333099363,1.3972391993938094,1.357591152191162,False,False,False,False,False,False
esmfold2,betaLG,5,1.0150703657741675,1.1384611309936064,1.0150703191757202,1.1384611129760742,1.3972391993938094,1.357591152191162,False,False,False,False,False,False
esmfold2,betaLG,6,1.020996112282989,1.0909150919356698,0.9676242470741272,1.0909150838851929,1.3972391993938094,1.357591152191162,False,False,False,False,False,False
esmfold2,betaLG,7,1.0474570020528775,1.0958437249669828,0.9810997843742372,1.0958436727523804,1.3972391993938094,1.357591152191162,False,False,False,False,False,False
esmfold2,betaLG,8,1.0117976854609243,1.135658824540324,1.0117976665496826,1.135658860206604,1.3972391993938094,1.357591152191162,False,False,False,False,False,False
esmfold2,betaLG,9,0.9881458119063106,1.1319194202701273,0.9881458282470704,1.1319193840026855,1.3972391993938094,1.357591152191162,False,False,False,False,False,False
esmfold2,betaLG,10,1.0201261228271497,1.088422040348029,0.9475727081298828,1.0884220600128174,1.3972391993938094,1.357591152191162,False,False,False,False,False,False
esmfold2,betaLG,11,0.9945085769911558,1.0836335161916435,0.9824736714363098,1.083633542060852,1.3972391993938094,1.357591152191162,False,False,False,False,False,False
esmfold2,betaLG,12,0.9834558872396096,1.1027213539936993,0.96872216463089,1.1027213335037231,1.3972391993938094,1.357591152191162,False,False,False,False,False,False
esmfold2,betaLG,13,1.020016790375593,1.148407079229698,1.0200167894363403,1.148406982421875,1.3972391993938094,1.357591152191162,False,False,False,False,False,False
esmfold2,betaLG,14,1.0442474547440674,1.0776295336264177,1.013899803161621,1.077629566192627,1.3972391993938094,1.357591152191162,False,False,False,False,False,False
esmfold2,betaLG,15,1.0169349783142094,1.109829264047111,0.9539228677749634,1.109829306602478,1.3972391993938094,1.357591152191162,False,False,False,False,False,False
esmfold2,betaLG,16,1.038446197407016,1.125297333852108,1.0384461879730225,1.1252973079681396,1.3972391993938094,1.357591152191162,False,False,False,False,False,False
esmfold2,betaLG,17,1.0634831671262477,1.0806112819334863,1.0234631299972534,1.080611228942871,1.3972391993938094,1.357591152191162,False,False,False,False,False,False
esmfold2,betaLG,18,0.9970233785740856,1.095695495363038,0.943292200565338,1.0956954956054688,1.3972391993938094,1.357591152191162,False,False,False,False,False,False
esmfold2,betaLG,19,1.106411528406581,1.1099228187556025,1.0720300674438477,1.1099845170974731,1.3972391993938094,1.357591152191162,False,False,False,False,False,False
esmfold2,betaLG,20,1.0633413881764693,1.0746978299175023,1.0194203853607178,1.0746978521347046,1.3972391993938094,1.357591152191162,False,False,False,False,False,False
esmfold2,betaLG,21,0.979659871317084,1.1100481682883914,0.9621219038963318,1.1100481748580933,1.3972391993938094,1.357591152191162,False,False,False,False,False,False
esmfold2,betaLG,22,1.026730141146082,1.088827757875313,0.9797258973121644,1.0888277292251587,1.3972391993938094,1.357591152191162,False,False,False,False,False,False
esmfold2,betaLG,23,1.0407389351461491,1.078543817516997,1.0063087940216064,1.0785436630249023,1.3972391993938094,1.357591152191162,False,False,False,False,False,False
esmfold2,betaLG,24,1.0054278982183038,1.0774793483976337,0.9627674221992492,1.077479362487793,1.3972391993938094,1.357591152191162,False,False,False,False,False,False
esmfold2,betaLG,25,1.0573500192759917,1.0747513984906547,1.011981964111328,1.074751377105713,1.3972391993938094,1.357591152191162,False,False,False,False,False,False
esmfold2,betaLG,26,1.0285349780979285,1.0806369429177558,1.0000593662261963,1.080636978149414,1.3972391993938094,1.357591152191162,False,False,False,False,False,False
esmfold2,betaLG,27,1.0430969718254202,1.081428437297453,1.0273114442825315,1.0814285278320312,1.3972391993938094,1.357591152191162,False,False,False,False,False,False
esmfold2,betaLG,28,1.0308584357034776,1.0913825204881489,1.002293825149536,1.091382622718811,1.3972391993938094,1.357591152191162,False,False,False,False,False,False
esmfold2,betaLG,29,1.0380558683480134,1.0859586049985024,0.9748478531837464,1.0859586000442505,1.3972391993938094,1.357591152191162,False,False,False,False,False,False
esmfold2,cAbl,0,4.26944897755644,4.966598150015503,4.244951725006104,4.963473796844482,3.4458517805005147,3.4368226528167725,False,False,False,False,False,False
esmfold2,cAbl,1,2.751214220301507,3.124302496164782,2.7512142658233643,3.1207034587860107,3.4458517805005147,3.4368226528167725,False,False,False,False,False,False
esmfold2,cAbl,2,3.506960893006194,4.366999714130063,3.482632160186768,4.364143371582031,3.4458517805005147,3.4368226528167725,False,False,False,False,False,False
esmfold2,cAbl,3,3.588973911887869,4.607132614525221,3.5727016925811768,4.603641510009766,3.4458517805005147,3.4368226528167725,False,False,False,False,False,False
esmfold2,cAbl,4,3.392300998757239,2.7817194854638223,3.392300844192505,2.7830231189727783,3.4458517805005147,3.4368226528167725,True,True,False,False,False,False
esmfold2,cAbl,5,3.735808702658909,4.634274258980548,3.7121262550354,4.631295680999756,3.4458517805005147,3.4368226528167725,False,False,False,False,False,False
esmfold2,cAbl,6,2.50885096042572,2.976259563857276,2.5088510513305664,2.976182222366333,3.4458517805005147,3.4368226528167725,False,False,False,False,False,False
esmfold2,cAbl,7,4.9356593726641504,5.519221827688175,4.912816047668457,5.508175373077393,3.4458517805005147,3.4368226528167725,False,False,False,False,False,False
esmfold2,cAbl,8,3.244565607934464,4.343663968608446,3.217779874801636,4.341463088989258,3.4458517805005147,3.4368226528167725,False,False,False,False,False,False
esmfold2,cAbl,9,3.391911254976564,4.445171480680649,3.365143060684204,4.441426753997803,3.4458517805005147,3.4368226528167725,False,False,False,False,False,False
esmfold2,cAbl,10,3.7107693438575606,4.740288041372533,3.6933557987213135,4.73702335357666,3.4458517805005147,3.4368226528167725,False,False,False,False,False,False
esmfold2,cAbl,11,3.425033656067488,4.367594427397379,3.39868688583374,4.365322113037109,3.4458517805005147,3.4368226528167725,False,False,False,False,False,False
esmfold2,cAbl,12,3.586459593075536,4.468251103089219,3.559718370437622,4.464486122131348,3.4458517805005147,3.4368226528167725,False,False,False,False,False,False
esmfold2,cAbl,13,2.045719368590458,2.8537743631348333,2.0457193851470947,2.849205017089844,3.4458517805005147,3.4368226528167725,False,False,False,False,False,False
esmfold2,cAbl,14,3.523813322311832,4.460887172779086,3.499501466751098,4.458614349365234,3.4458517805005147,3.4368226528167725,False,False,False,False,False,False
esmfold2,cAbl,15,3.981139195142716,4.773458101583225,3.955289363861084,4.765573024749756,3.4458517805005147,3.4368226528167725,False,False,False,False,False,False
esmfold2,cAbl,16,4.3193605218411255,3.7147355101661104,4.280816555023193,3.7051146030426025,3.4458517805005147,3.4368226528167725,False,False,False,False,False,False
esmfold2,cAbl,17,2.2433382554820303,3.028879620157773,2.236491680145264,3.021519899368286,3.4458517805005147,3.4368226528167725,False,False,False,False,False,False
esmfold2,cAbl,18,2.337345892299436,2.9494396148775843,2.337346076965332,2.9443163871765137,3.4458517805005147,3.4368226528167725,False,False,False,False,False,False
esmfold2,cAbl,19,3.309897878559512,3.4855312140901726,3.29929518699646,3.481123208999634,3.4458517805005147,3.4368226528167725,False,False,False,False,False,False
esmfold2,cAbl,20,3.7043308841754,4.692901264937418,3.6875545978546143,4.684258937835693,3.4458517805005147,3.4368226528167725,False,False,False,False,False,False
esmfold2,cAbl,21,3.20724625184829,4.340135790467464,3.179426908493042,4.336954116821289,3.4458517805005147,3.4368226528167725,False,False,False,False,False,False
esmfold2,cAbl,22,2.583761581570869,3.063174624163012,2.583761692047119,3.062739849090576,3.4458517805005147,3.4368226528167725,False,False,False,False,False,False
esmfold2,cAbl,23,2.130031395716562,2.917304639318449,2.1300313472747803,2.911128282546997,3.4458517805005147,3.4368226528167725,False,False,False,False,False,False
esmfold2,cAbl,24,3.594370558748159,4.565993115903877,3.5674803256988525,4.564161777496338,3.4458517805005147,3.4368226528167725,False,False,False,False,False,False
esmfold2,cAbl,25,3.5706459546068268,4.636972863915469,3.5549919605255127,4.631507873535156,3.4458517805005147,3.4368226528167725,False,False,False,False,False,False
esmfold2,cAbl,26,3.3443459821272885,4.090270694164937,3.321115732192993,4.089654922485352,3.4458517805005147,3.4368226528167725,False,False,False,False,False,False
esmfold2,cAbl,27,2.5046966908252,3.0360006684109084,2.504501342773437,3.0344462394714355,3.4458517805005147,3.4368226528167725,False,False,False,False,False,False
esmfold2,cAbl,28,3.445367121653707,4.334147347586904,3.419870138168335,4.332339763641357,3.4458517805005147,3.4368226528167725,False,False,False,False,False,False
esmfold2,cAbl,29,2.382266421931597,3.022551997312876,2.3822665214538574,3.0211689472198486,3.4458517805005147,3.4368226528167725,False,False,False,False,False,False
esmfold2,p53_Y220C,0,0.2287702636046981,1.0338670680140334,0.2287702560424804,1.033867120742798,1.1600563699903448,1.1600563526153564,False,False,False,False,False,False
esmfold2,p53_Y220C,1,0.2833461093593294,0.9844152856081528,0.2833461165428161,0.9844152927398682,1.1600563699903448,1.1600563526153564,False,False,False,False,False,False
esmfold2,p53_Y220C,2,0.2537491728232044,1.0138448911784947,0.2537491619586944,1.0138449668884275,1.1600563699903448,1.1600563526153564,False,False,False,False,False,False
esmfold2,p53_Y220C,3,0.3379977282526767,0.9820889363205252,0.3379977345466614,0.9820889830589294,1.1600563699903448,1.1600563526153564,False,False,False,False,False,False
esmfold2,p53_Y220C,4,0.2488376098613663,1.0334549268328468,0.2488376200199127,1.0334548950195312,1.1600563699903448,1.1600563526153564,False,False,False,False,False,False
esmfold2,p53_Y220C,5,0.2986140762349458,1.0209119078829605,0.2986140847206116,1.0209119319915771,1.1600563699903448,1.1600563526153564,False,False,False,False,False,False
esmfold2,p53_Y220C,6,0.2691351703151949,1.025987394546696,0.2691351473331451,1.0259873867034912,1.1600563699903448,1.1600563526153564,False,False,False,False,False,False
esmfold2,p53_Y220C,7,0.2979508364806575,1.0269841288745831,0.2979508340358734,1.0269840955734253,1.1600563699903448,1.1600563526153564,False,False,False,False,False,False
esmfold2,p53_Y220C,8,0.2401362066068252,1.030303366468922,0.2401361912488937,1.0303033590316772,1.1600563699903448,1.1600563526153564,False,False,False,False,False,False
esmfold2,p53_Y220C,9,0.3280150819776764,1.0202041295807376,0.3280150890350342,1.0202041864395142,1.1600563699903448,1.1600563526153564,False,False,False,False,False,False
esmfold2,p53_Y220C,10,0.2727741004979129,1.0292642143033337,0.2727741003036499,1.0292643308639526,1.1600563699903448,1.1600563526153564,False,False,False,False,False,False
esmfold2,p53_Y220C,11,0.2711305027214694,1.0319684541104608,0.2711305022239685,1.0319684743881226,1.1600563699903448,1.1600563526153564,False,False,False,False,False,False
esmfold2,p53_Y220C,12,0.2943415711489616,1.033606024621426,0.2943415641784668,1.0336060523986816,1.1600563699903448,1.1600563526153564,False,False,False,False,False,False
esmfold2,p53_Y220C,13,0.2463475588718158,1.0274911443571575,0.2463475614786148,1.0274910926818848,1.1600563699903448,1.1600563526153564,False,False,False,False,False,False
esmfold2,p53_Y220C,14,0.2509379870583006,1.0359991132960704,0.2509379684925079,1.035999059677124,1.1600563699903448,1.1600563526153564,False,False,False,False,False,False
esmfold2,p53_Y220C,15,0.2710300825186166,1.0164576320772176,0.2710300981998443,1.0164575576782229,1.1600563699903448,1.1600563526153564,False,False,False,False,False,False
esmfold2,p53_Y220C,16,0.3242441190423051,1.0289847415228983,0.3242441117763519,1.0289846658706665,1.1600563699903448,1.1600563526153564,False,False,False,False,False,False
esmfold2,p53_Y220C,17,0.2916135001544261,1.0107843313476343,0.2916134893894195,1.010784387588501,1.1600563699903448,1.1600563526153564,False,False,False,False,False,False
esmfold2,p53_Y220C,18,0.2609004041911092,1.0376883002686328,0.2609004080295563,1.0376882553100586,1.1600563699903448,1.1600563526153564,False,False,False,False,False,False
esmfold2,p53_Y220C,19,0.2711577978338737,1.02458596279763,0.2711578011512756,1.0245859622955322,1.1600563699903448,1.1600563526153564,False,False,False,False,False,False
esmfold2,p53_Y220C,20,0.2759543076721276,1.0051228119569728,0.2759543061256408,1.0051227807998655,1.1600563699903448,1.1600563526153564,False,False,False,False,False,False
esmfold2,p53_Y220C,21,0.2901130179533654,1.0102421849146832,0.2901130318641662,1.010242223739624,1.1600563699903448,1.1600563526153564,False,False,False,False,False,False
esmfold2,p53_Y220C,22,0.2457202115003104,1.0885557815634417,0.2457202076911926,1.0885558128356934,1.1600563699903448,1.1600563526153564,False,False,False,False,False,False
esmfold2,p53_Y220C,23,0.245676281973334,1.0880601660651037,0.2456762790679931,1.0880601406097412,1.1600563699903448,1.1600563526153564,False,False,False,False,False,False
esmfold2,p53_Y220C,24,0.3314854642712439,0.9942364699571992,0.3314854800701141,0.9942364692687988,1.1600563699903448,1.1600563526153564,False,False,False,False,False,False
esmfold2,p53_Y220C,25,0.2462928209010478,1.052474688771545,0.2462928295135498,1.0524747371673584,1.1600563699903448,1.1600563526153564,False,False,False,False,False,False
esmfold2,p53_Y220C,26,0.3057242142353633,1.0230431027298563,0.3057242035865783,1.0230430364608765,1.1600563699903448,1.1600563526153564,False,False,False,False,False,False
esmfold2,p53_Y220C,27,0.3277887256099707,0.9942306347902564,0.3277887403964996,0.9942306280136108,1.1600563699903448,1.1600563526153564,False,False,False,False,False,False
esmfold2,p53_Y220C,28,0.3056712124346802,1.023020263729721,0.305671215057373,1.0230202674865725,1.1600563699903448,1.1600563526153564,False,False,False,False,False,False
esmfold2,p53_Y220C,29,0.2903294677484336,0.994486790352751,0.2903294563293457,0.9944868087768556,1.1600563699903448,1.1600563526153564,False,False,False,False,False,False
esmfold2,p53_Y220C__4AGQ,0,1.2633115153963554,0.3279715198536705,1.263311505317688,0.3279715180397033,1.1180275303614244,1.1180275678634644,True,True,True,True,True,True
esmfold2,p53_Y220C__4AGQ,1,1.2382047817829496,0.2686846054712749,1.2382047176361084,0.2686845958232879,1.1180275303614244,1.1180275678634644,True,True,True,True,True,True
esmfold2,p53_Y220C__4AGQ,2,1.26446393829642,0.3300908812559466,1.2644639015197754,0.3300908803939819,1.1180275303614244,1.1180275678634644,True,True,True,True,True,True
esmfold2,p53_Y220C__4AGQ,3,1.2641211023072432,0.3514450603697352,1.2641210556030271,0.3514450490474701,1.1180275303614244,1.1180275678634644,True,True,True,True,True,True
esmfold2,p53_Y220C__4AGQ,4,1.2629225739960313,0.3394320143870902,1.2629225254058838,0.339432030916214,1.1180275303614244,1.1180275678634644,True,True,True,True,True,True
esmfold2,p53_Y220C__4AGQ,5,1.259941026341194,0.338278613053493,1.2599409818649292,0.3382786214351654,1.1180275303614244,1.1180275678634644,True,True,True,True,True,True
esmfold2,p53_Y220C__4AGQ,6,1.2713936159524202,0.3694504801952223,1.271393656730652,0.3694504797458648,1.1180275303614244,1.1180275678634644,True,True,True,True,True,True
esmfold2,p53_Y220C__4AGQ,7,1.2709763302780908,0.3539277454249452,1.270976424217224,0.3539277613162994,1.1180275303614244,1.1180275678634644,True,True,True,True,True,True
esmfold2,p53_Y220C__4AGQ,8,1.270034348288333,0.3517059033698609,1.2700343132019043,0.3517059087753296,1.1180275303614244,1.1180275678634644,True,True,True,True,True,True
esmfold2,p53_Y220C__4AGQ,9,1.2598333228626275,0.3257584901382285,1.2598333358764648,0.3257585167884826,1.1180275303614244,1.1180275678634644,True,True,True,True,True,True
esmfold2,p53_Y220C__4AGQ,10,1.2625001683430648,0.3461775214881018,1.2625001668930054,0.3461775183677673,1.1180275303614244,1.1180275678634644,True,True,True,True,True,True
esmfold2,p53_Y220C__4AGQ,11,1.272768879849078,0.3488775510896292,1.2727689743041992,0.3488775491714477,1.1180275303614244,1.1180275678634644,True,True,True,True,True,True
esmfold2,p53_Y220C__4AGQ,12,1.2580032813215467,0.3254491469149919,1.2580032348632812,0.3254491686820984,1.1180275303614244,1.1180275678634644,True,True,True,True,True,True
esmfold2,p53_Y220C__4AGQ,13,1.240245579603493,0.2899681250432284,1.2402455806732178,0.2899681329727173,1.1180275303614244,1.1180275678634644,True,True,True,True,True,True
esmfold2,p53_Y220C__4AGQ,14,1.2663963698720082,0.3397526987057445,1.2663962841033936,0.3397527039051056,1.1180275303614244,1.1180275678634644,True,True,True,True,True,True
esmfold2,p53_Y220C__4AGQ,15,1.275127816939402,0.3649006973871053,1.2751277685165403,0.364900678396225,1.1180275303614244,1.1180275678634644,True,True,True,True,True,True
esmfold2,p53_Y220C__4AGQ,16,1.2633450540956763,0.3697849800124468,1.2633450031280518,0.3697849810123443,1.1180275303614244,1.1180275678634644,True,True,True,True,True,True
esmfold2,p53_Y220C__4AGQ,17,1.2391298952295815,0.2707062063079149,1.2391300201416016,0.2707062065601349,1.1180275303614244,1.1180275678634644,True,True,True,True,True,True
esmfold2,p53_Y220C__4AGQ,18,1.2661573578795244,0.3318408323879735,1.2661573886871338,0.331840842962265,1.1180275303614244,1.1180275678634644,True,True,True,True,True,True
esmfold2,p53_Y220C__4AGQ,19,1.2830034014702734,0.3949600759683018,1.2830034494400024,0.3949600756168365,1.1180275303614244,1.1180275678634644,True,True,True,True,True,True
esmfold2,p53_Y220C__4AGQ,20,1.260920532350102,0.3340502987001813,1.260920524597168,0.3340502977371216,1.1180275303614244,1.1180275678634644,True,True,True,True,True,True
esmfold2,p53_Y220C__4AGQ,21,1.2665466505093423,0.3421992957464091,1.266546607017517,0.342199295759201,1.1180275303614244,1.1180275678634644,True,True,True,True,True,True
esmfold2,p53_Y220C__4AGQ,22,1.2529580130378777,0.30557657832807,1.2529579401016235,0.3055765926837921,1.1180275303614244,1.1180275678634644,True,True,True,True,True,True
esmfold2,p53_Y220C__4AGQ,23,1.245275342284021,0.3124955040744527,1.245275378227234,0.3124954998493194,1.1180275303614244,1.1180275678634644,True,True,True,True,True,True
esmfold2,p53_Y220C__4AGQ,24,1.2876399394052471,0.3874558199470554,1.2876399755477903,0.3874558508396148,1.1180275303614244,1.1180275678634644,True,True,True,True,True,True
esmfold2,p53_Y220C__4AGQ,25,1.2546884620552874,0.3163762557733689,1.2546885013580322,0.316376268863678,1.1180275303614244,1.1180275678634644,True,True,True,True,True,True
esmfold2,p53_Y220C__4AGQ,26,1.2794092226772356,0.3578523043780479,1.2794091701507568,0.3578523099422455,1.1180275303614244,1.1180275678634644,True,True,True,True,True,True
esmfold2,p53_Y220C__4AGQ,27,1.2925922107295478,0.3925621175857615,1.292592167854309,0.3925620913505554,1.1180275303614244,1.1180275678634644,True,True,True,True,True,True
esmfold2,p53_Y220C__4AGQ,28,1.2905769732422014,0.4111844209369322,1.2905769348144531,0.4111844301223755,1.1180275303614244,1.1180275678634644,True,True,True,True,True,True
esmfold2,p53_Y220C__4AGQ,29,1.2651153022521175,0.3283656010206531,1.2651152610778809,0.3283655941486358,1.1180275303614244,1.1180275678634644,True,True,True,True,True,True
molgen_ns1.0,Bcl-xL,0,2.6302873478851585,3.5130645831502307,2.687370538711548,3.577274799346924,2.505562006849456,2.5040442943573,False,False,False,False,False,False
molgen_ns1.0,Bcl-xL,1,2.861329542758869,3.0075559024161422,2.884652137756348,3.038658857345581,2.505562006849456,2.5040442943573,False,False,False,False,False,False
molgen_ns1.0,Bcl-xL,2,2.9643615873096385,3.8730811587440312,3.0173914432525635,3.9007298946380615,2.505562006849456,2.5040442943573,False,False,False,False,False,False
molgen_ns1.0,Bcl-xL,3,3.2968884918634087,3.9088524009616674,3.353593587875366,3.9133594036102295,2.505562006849456,2.5040442943573,False,False,False,False,False,False
molgen_ns1.0,Bcl-xL,4,3.408728431123276,4.004960663571533,3.4584755897521973,4.037266731262207,2.505562006849456,2.5040442943573,False,False,False,False,False,False
molgen_ns1.0,Bcl-xL,5,2.80475899900956,3.368665309930841,2.908132553100586,3.405029773712158,2.505562006849456,2.5040442943573,False,False,False,False,False,False
molgen_ns1.0,Bcl-xL,6,2.1453001181364413,2.6752117637730866,2.1531875133514404,2.6853373050689697,2.505562006849456,2.5040442943573,False,False,False,False,False,False
molgen_ns1.0,Bcl-xL,7,2.258981443976039,2.741589239857813,2.3306946754455566,2.741589307785034,2.505562006849456,2.5040442943573,False,False,False,False,False,False
molgen_ns1.0,Bcl-xL,8,2.3463922195963027,3.274473774802497,2.376795053482056,3.298689603805542,2.505562006849456,2.5040442943573,False,False,False,False,False,False
molgen_ns1.0,Bcl-xL,9,2.9197359053948104,3.057665184986036,2.936400413513184,3.04866623878479,2.505562006849456,2.5040442943573,False,False,False,False,False,False
molgen_ns1.0,Bcl-xL,11,2.7141148990823334,3.522867455779864,2.7655022144317627,3.5445830821990967,2.505562006849456,2.5040442943573,False,False,False,False,False,False
molgen_ns1.0,Bcl-xL,12,2.6196701121063297,3.0796203148848944,2.64412808418274,3.089608192443848,2.505562006849456,2.5040442943573,False,False,False,False,False,False
molgen_ns1.0,Bcl-xL,13,3.664694326338393,4.079533420417441,3.684603452682495,4.088788986206055,2.505562006849456,2.5040442943573,False,False,False,False,False,False
molgen_ns1.0,Bcl-xL,14,1.6532453689211577,2.650802768731169,1.6846508979797363,2.672858238220215,2.505562006849456,2.5040442943573,False,False,False,False,False,False
molgen_ns1.0,Bcl-xL,15,3.1580239653771867,3.580968037988716,3.1541192531585693,3.577188730239868,2.505562006849456,2.5040442943573,False,False,False,False,False,False
molgen_ns1.0,Bcl-xL,16,2.6042545791894,2.805656363773166,2.623847723007202,2.8110663890838623,2.505562006849456,2.5040442943573,False,False,False,False,False,False
molgen_ns1.0,Bcl-xL,17,3.3596792648003704,3.2077914723965777,3.3596792221069336,3.195007085800171,2.505562006849456,2.5040442943573,False,False,False,False,False,False
molgen_ns1.0,Bcl-xL,19,2.5474692452090584,2.7706500502819256,2.604132890701294,2.7736949920654297,2.505562006849456,2.5040442943573,False,False,False,False,False,False
molgen_ns1.0,Bcl-xL,20,1.994456570910208,2.0700996962043896,1.9944565296173096,2.0669963359832764,2.505562006849456,2.5040442943573,False,False,False,False,False,False
molgen_ns1.0,Bcl-xL,22,2.4161543451147764,3.177859026289338,2.494346857070923,3.259228706359864,2.505562006849456,2.5040442943573,False,False,False,False,False,False
molgen_ns1.0,Bcl-xL,23,2.966962491051742,3.550549195979207,3.0083227157592773,3.5576171875,2.505562006849456,2.5040442943573,False,False,False,False,False,False
molgen_ns1.0,Bcl-xL,24,2.720708351315388,3.2220962834327795,2.7829291820526123,3.2107176780700684,2.505562006849456,2.5040442943573,False,False,False,False,False,False
molgen_ns1.0,Bcl-xL,25,3.958239470090928,4.5489650981525145,3.977809190750122,4.579182147979736,2.505562006849456,2.5040442943573,False,False,False,False,False,False
molgen_ns1.0,Bcl-xL,26,3.138870495862806,3.5647719521078454,3.1812376976013184,3.552579641342163,2.505562006849456,2.5040442943573,False,False,False,False,False,False
molgen_ns1.0,Bcl-xL,27,3.22520157522699,3.707261836937477,3.2467472553253174,3.720502614974976,2.505562006849456,2.5040442943573,False,False,False,False,False,False
molgen_ns1.0,Bcl-xL,28,2.922034485555108,3.948266055222319,2.94523024559021,3.968063116073608,2.505562006849456,2.5040442943573,False,False,False,False,False,False
molgen_ns1.0,Bcl-xL,29,1.8647538003847497,3.108106163867693,1.8367397785186768,3.114158868789673,2.505562006849456,2.5040442943573,False,False,False,False,False,False
molgen_ns1.0,FUT8,0,1.3762783219020858,3.612389901634885,1.376278281211853,3.6123900413513184,3.419934534191317,3.4277188777923584,False,False,False,False,False,False
molgen_ns1.0,FUT8,1,2.4114723779999463,4.310878725332167,2.418972969055176,4.385831832885742,3.419934534191317,3.4277188777923584,False,False,False,False,False,False
molgen_ns1.0,FUT8,2,3.741008040742387,1.9588499407021749,3.7463958263397217,1.9588499069213867,3.419934534191317,3.4277188777923584,True,True,False,False,False,False
molgen_ns1.0,FUT8,4,3.698985198645997,3.03207096681588,3.7223310470581055,3.1118788719177246,3.419934534191317,3.4277188777923584,True,True,False,False,False,False
molgen_ns1.0,FUT8,5,4.218177228414207,3.606447669627872,4.223267078399658,3.6947672367095934,3.419934534191317,3.4277188777923584,False,False,False,False,False,False
molgen_ns1.0,FUT8,6,3.3626379983528647,2.577980067724495,3.373624324798584,2.7074005603790283,3.419934534191317,3.4277188777923584,True,True,False,False,False,False
molgen_ns1.0,FUT8,7,3.777275320705909,2.225955152438785,3.7749569416046143,2.2074053287506104,3.419934534191317,3.4277188777923584,True,True,False,False,False,False
molgen_ns1.0,FUT8,8,3.146137974006393,2.107520555717489,3.1496846675872803,2.107520580291748,3.419934534191317,3.4277188777923584,True,True,False,False,False,False
molgen_ns1.0,FUT8,9,1.7885932370121274,3.553923615789917,1.7049129009246826,3.532816171646118,3.419934534191317,3.4277188777923584,False,False,False,False,False,False
molgen_ns1.0,FUT8,10,3.8786105885002313,2.6929074348675823,3.8252158164978014,2.6478793621063232,3.419934534191317,3.4277188777923584,True,True,False,False,False,False
molgen_ns1.0,FUT8,11,3.6833962235379336,2.21760651893954,3.661873817443848,2.217606782913208,3.419934534191317,3.4277188777923584,True,True,False,False,False,False
molgen_ns1.0,FUT8,12,4.645774394598835,4.272554828863645,4.650622367858887,4.284201622009277,3.419934534191317,3.4277188777923584,False,False,False,False,False,False
molgen_ns1.0,FUT8,13,1.726367650768134,2.87196695685017,1.7808575630187988,2.991609811782837,3.419934534191317,3.4277188777923584,False,False,False,False,False,False
molgen_ns1.0,FUT8,14,4.755398626494408,3.9199588212139593,4.752297401428223,3.922435998916626,3.419934534191317,3.4277188777923584,False,False,False,False,False,False
molgen_ns1.0,FUT8,16,2.5526596045100702,3.671148883003512,2.437511920928955,3.666987180709839,3.419934534191317,3.4277188777923584,False,False,False,False,False,False
molgen_ns1.0,FUT8,17,2.972265194386805,2.278028055366418,2.9127140045166016,2.319160223007202,3.419934534191317,3.4277188777923584,True,True,False,False,False,False
molgen_ns1.0,FUT8,18,2.721122175519118,3.404455758071,2.737036228179932,3.4032342433929443,3.419934534191317,3.4277188777923584,False,False,False,False,False,False
molgen_ns1.0,FUT8,19,3.586453677851309,2.2232563486421246,3.6976513862609854,2.223256349563598,3.419934534191317,3.4277188777923584,True,True,False,False,False,False
molgen_ns1.0,FUT8,20,3.1589400268595464,2.211833740132628,3.249384641647339,2.2118337154388428,3.419934534191317,3.4277188777923584,True,True,False,False,False,False
molgen_ns1.0,FUT8,21,1.9795116059354887,2.231894553819944,1.9795116186141968,2.3815839290618896,3.419934534191317,3.4277188777923584,False,False,False,False,False,False
molgen_ns1.0,FUT8,22,3.0095924396415947,3.466544790343215,3.030181646347046,3.54563307762146,3.419934534191317,3.4277188777923584,False,False,False,False,False,False
molgen_ns1.0,FUT8,23,2.310520060436995,2.686109450773313,2.3344130516052246,2.7234790325164795,3.419934534191317,3.4277188777923584,False,False,False,False,False,False
molgen_ns1.0,FUT8,24,4.277760033523939,3.037162918175465,4.323287487030029,3.0815446376800537,3.419934534191317,3.4277188777923584,True,True,False,False,False,False
molgen_ns1.0,FUT8,26,3.851450170109095,3.020516386274789,3.872479200363159,3.071826457977295,3.419934534191317,3.4277188777923584,True,True,False,False,False,False
molgen_ns1.0,FUT8,27,1.7702270589362163,3.245077011858991,1.81613838672638,3.245076894760132,3.419934534191317,3.4277188777923584,False,False,False,False,False,False
molgen_ns1.0,FUT8,28,3.901518467251965,2.5464438954598583,3.9015185832977295,2.5464439392089844,3.419934534191317,3.4277188777923584,True,True,False,False,False,False
molgen_ns1.0,FUT8,29,3.192513088909933,3.164303835600493,3.204871654510498,3.3097949028015137,3.419934534191317,3.4277188777923584,True,False,False,False,False,False
molgen_ns1.0,GLTP,0,0.5986453492729383,2.0701807119405933,0.5986453890800476,2.070180654525757,2.1410013181020275,2.14109754562378,False,False,False,False,False,False
molgen_ns1.0,GLTP,1,1.6519749759522084,2.567178542971421,1.734394669532776,2.61948561668396,2.1410013181020275,2.14109754562378,False,False,False,False,False,False
molgen_ns1.0,GLTP,2,1.3939388876771093,2.3068650440576715,1.4314428567886353,2.322938680648804,2.1410013181020275,2.14109754562378,False,False,False,False,False,False
molgen_ns1.0,GLTP,3,1.2853623874313045,2.5510334408620943,1.2853624820709229,2.551033496856689,2.1410013181020275,2.14109754562378,False,False,False,False,False,False
molgen_ns1.0,GLTP,4,0.5894651617654032,2.269171998864368,0.5894651412963867,2.269171953201294,2.1410013181020275,2.14109754562378,False,False,False,False,False,False
molgen_ns1.0,GLTP,5,2.583420517044605,1.6680331554200094,2.621356964111328,1.7272502183914185,2.1410013181020275,2.14109754562378,True,True,False,False,False,False
molgen_ns1.0,GLTP,6,1.0234332459643374,2.287705829592745,1.2926030158996582,2.4435551166534424,2.1410013181020275,2.14109754562378,False,False,False,False,False,False
molgen_ns1.0,GLTP,7,1.1103145314137124,2.088928989690483,1.2046711444854736,2.1703805923461914,2.1410013181020275,2.14109754562378,False,False,False,False,False,False
molgen_ns1.0,GLTP,8,1.6481609132094972,2.196340913511003,1.694055199623108,2.2233943939208984,2.1410013181020275,2.14109754562378,False,False,False,False,False,False
molgen_ns1.0,GLTP,9,1.1506250190126752,2.561662684803483,1.1506251096725464,2.561662673950196,2.1410013181020275,2.14109754562378,False,False,False,False,False,False
molgen_ns1.0,GLTP,10,0.9452217763063064,1.792839170635216,0.945221781730652,1.7928391695022583,2.1410013181020275,2.14109754562378,False,False,False,False,False,False
molgen_ns1.0,GLTP,11,1.157377085941229,2.587901327910599,1.2609763145446775,2.616011142730713,2.1410013181020275,2.14109754562378,False,False,False,False,False,False
molgen_ns1.0,GLTP,12,0.9802564572526552,1.990762441211358,0.9802564978599548,1.9907625913619995,2.1410013181020275,2.14109754562378,False,False,False,False,False,False
molgen_ns1.0,GLTP,13,1.8382347675527613,2.306892400658898,2.0367259979248047,2.4663939476013184,2.1410013181020275,2.14109754562378,False,False,False,False,False,False
molgen_ns1.0,GLTP,14,0.8643440220451859,1.9855087264731488,0.86434406042099,1.985508680343628,2.1410013181020275,2.14109754562378,False,False,False,False,False,False
molgen_ns1.0,GLTP,15,1.074805800868169,2.009829250957613,1.3030288219451904,2.1359424591064453,2.1410013181020275,2.14109754562378,False,False,False,False,False,False
molgen_ns1.0,GLTP,16,1.5029384055511052,2.030564678005286,1.7637782096862793,2.2273595333099365,2.1410013181020275,2.14109754562378,False,False,False,False,False,False
molgen_ns1.0,GLTP,17,0.6810994350482558,2.2857060854332296,0.6810994148254395,2.285706043243408,2.1410013181020275,2.14109754562378,False,False,False,False,False,False
molgen_ns1.0,GLTP,18,1.530298758387492,2.1590740169073057,1.5302987098693848,2.159074068069458,2.1410013181020275,2.14109754562378,False,False,False,False,False,False
molgen_ns1.0,GLTP,19,1.1375750900103547,2.293202987177071,1.403345823287964,2.4314780235290527,2.1410013181020275,2.14109754562378,False,False,False,False,False,False
molgen_ns1.0,GLTP,20,1.314916995508385,2.290675455270024,1.393819808959961,2.329439163208008,2.1410013181020275,2.14109754562378,False,False,False,False,False,False
molgen_ns1.0,GLTP,21,0.915442913905857,2.6716840507505086,0.915442943572998,2.67168402671814,2.1410013181020275,2.14109754562378,False,False,False,False,False,False
molgen_ns1.0,GLTP,22,1.6581678356956218,2.5276166031481497,1.8814667463302608,2.6794135570526123,2.1410013181020275,2.14109754562378,False,False,False,False,False,False
molgen_ns1.0,GLTP,23,1.167051930916844,2.377233018525394,1.1909725666046145,2.378956794738769,2.1410013181020275,2.14109754562378,False,False,False,False,False,False
molgen_ns1.0,GLTP,24,1.1421153888958104,2.729659550765031,1.1421154737472534,2.7296595573425293,2.1410013181020275,2.14109754562378,False,False,False,False,False,False
molgen_ns1.0,GLTP,25,1.0216119071242382,1.8669290403622865,1.250091791152954,1.993693232536316,2.1410013181020275,2.14109754562378,False,False,False,False,False,False
molgen_ns1.0,GLTP,26,1.0943179391586355,2.2932310130272646,1.1224160194396973,2.3159942626953125,2.1410013181020275,2.14109754562378,False,False,False,False,False,False
molgen_ns1.0,GLTP,27,1.9383635235118768,2.2241967663854094,2.063149690628052,2.331303358078003,2.1410013181020275,2.14109754562378,False,False,False,False,False,False
molgen_ns1.0,GLTP,28,1.6305741612665117,1.6536696551908945,1.675876259803772,1.6889469623565674,2.1410013181020275,2.14109754562378,False,False,False,False,False,False
molgen_ns1.0,GLTP,29,1.632278091462981,1.8276213735785167,1.7185330390930176,1.971755623817444,2.1410013181020275,2.14109754562378,False,False,False,False,False,False
molgen_ns1.0,HIF2alpha,0,1.9598260155267675,1.7221085842474002,1.959825873374939,1.7221086025238037,1.86542516135414,1.8654251098632808,True,True,False,False,False,False
molgen_ns1.0,HIF2alpha,1,2.732383521132517,2.731968419505772,2.7323834896087646,2.842963933944702,1.86542516135414,1.8654251098632808,False,False,False,False,False,False
molgen_ns1.0,HIF2alpha,2,2.5011994769265846,2.261004088876364,2.521984815597534,2.261003971099853,1.86542516135414,1.8654251098632808,False,False,False,False,False,False
molgen_ns1.0,HIF2alpha,3,0.9527696318752392,1.989339230993152,0.9527695775032043,1.9893393516540527,1.86542516135414,1.8654251098632808,False,False,False,False,False,False
molgen_ns1.0,HIF2alpha,4,1.6199414346519454,1.1280516455305274,1.6199413537979126,1.1280516386032104,1.86542516135414,1.8654251098632808,True,True,True,True,False,False
molgen_ns1.0,HIF2alpha,5,2.1718305770758564,2.01443743488102,2.171830654144287,2.014437437057495,1.86542516135414,1.8654251098632808,False,False,False,False,False,False
molgen_ns1.0,HIF2alpha,6,2.5444712356571,2.334258826952642,2.5991618633270264,2.4355530738830566,1.86542516135414,1.8654251098632808,False,False,False,False,False,False
molgen_ns1.0,HIF2alpha,7,1.079071710402825,2.026380443606239,1.0790717601776123,2.0263803005218506,1.86542516135414,1.8654251098632808,False,False,False,False,False,False
molgen_ns1.0,HIF2alpha,8,2.47609334273089,2.2378213738079067,2.476093292236328,2.237821578979492,1.86542516135414,1.8654251098632808,False,False,False,False,False,False
molgen_ns1.0,HIF2alpha,9,2.09351895450887,2.0566642222912903,2.0935189723968506,2.056664228439331,1.86542516135414,1.8654251098632808,False,False,False,False,False,False
molgen_ns1.0,HIF2alpha,10,2.8191362618657827,2.8369337654998046,2.834359169006348,2.879117965698242,1.86542516135414,1.8654251098632808,False,False,False,False,False,False
molgen_ns1.0,HIF2alpha,11,2.230415921124712,1.9132561124665808,2.267353057861328,1.913256049156189,1.86542516135414,1.8654251098632808,False,False,False,False,False,False
molgen_ns1.0,HIF2alpha,12,2.364895792971216,2.546800858056182,2.364895820617676,2.675459384918213,1.86542516135414,1.8654251098632808,False,False,False,False,False,False
molgen_ns1.0,HIF2alpha,13,1.024897943238578,1.4106445406396628,1.0248979330062866,1.4443411827087402,1.86542516135414,1.8654251098632808,False,False,False,False,False,False
molgen_ns1.0,HIF2alpha,14,0.7523157739769019,1.6001069523245075,0.7523158192634583,1.597651481628418,1.86542516135414,1.8654251098632808,False,False,False,False,False,False
molgen_ns1.0,HIF2alpha,15,2.1270849434014885,2.321185277875232,2.127084970474243,2.447873115539551,1.86542516135414,1.8654251098632808,False,False,False,False,False,False
molgen_ns1.0,HIF2alpha,16,2.110094602311166,1.4817524368583326,2.1100943088531494,1.4860965013504028,1.86542516135414,1.8654251098632808,True,True,True,True,False,False
molgen_ns1.0,HIF2alpha,17,2.184929393924312,2.5181792608324005,2.184929370880127,2.518179178237915,1.86542516135414,1.8654251098632808,False,False,False,False,False,False
molgen_ns1.0,HIF2alpha,18,2.5783246203889534,2.387201743500328,2.578324556350708,2.38720178604126,1.86542516135414,1.8654251098632808,False,False,False,False,False,False
molgen_ns1.0,HIF2alpha,19,1.8390833243191544,2.7457075237806308,1.839083433151245,2.7457072734832764,1.86542516135414,1.8654251098632808,False,False,False,False,False,False
molgen_ns1.0,HIF2alpha,20,1.4284282945649591,1.539034271411668,1.483088731765747,1.5985138416290283,1.86542516135414,1.8654251098632808,False,False,False,False,False,False
molgen_ns1.0,HIF2alpha,21,2.4819016530534985,1.9300632016688604,2.4819016456604004,1.9300631284713743,1.86542516135414,1.8654251098632808,False,False,False,False,False,False
molgen_ns1.0,HIF2alpha,22,2.30737387207183,2.164940244042373,2.403064489364624,2.164940357208252,1.86542516135414,1.8654251098632808,False,False,False,False,False,False
molgen_ns1.0,HIF2alpha,23,1.0442743023872625,1.4665803508212698,1.0442743301391602,1.4665803909301758,1.86542516135414,1.8654251098632808,False,False,False,False,False,False
molgen_ns1.0,HIF2alpha,24,2.8523843588286715,2.464241492973997,2.855632781982422,2.502615451812744,1.86542516135414,1.8654251098632808,False,False,False,False,False,False
molgen_ns1.0,HIF2alpha,25,1.9301938359195965,1.726774360926364,1.9301937818527224,1.7267743349075315,1.86542516135414,1.8654251098632808,True,True,False,False,False,False
molgen_ns1.0,HIF2alpha,26,2.2073173585062307,2.199894983501684,2.207317590713501,2.199894905090332,1.86542516135414,1.8654251098632808,False,False,False,False,False,False
molgen_ns1.0,HIF2alpha,27,2.7132623666641424,2.2926250881141925,2.714597702026367,2.3379383087158203,1.86542516135414,1.8654251098632808,False,False,False,False,False,False
molgen_ns1.0,HIF2alpha,28,2.9680755027473986,2.5558400018847767,2.968075752258301,2.569765567779541,1.86542516135414,1.8654251098632808,False,False,False,False,False,False
molgen_ns1.0,HIF2alpha,29,2.9296045271815285,2.59042371850672,2.956737518310547,2.721170425415039,1.86542516135414,1.8654251098632808,False,False,False,False,False,False
molgen_ns1.0,HIF2alpha__6D0B,0,1.9012869113373565,2.1906826497999834,1.899708867073059,2.2636289596557617,1.6729991744940291,1.7488830089569092,False,False,False,False,False,False
molgen_ns1.0,HIF2alpha__6D0B,1,2.026162676649353,1.943345533995223,2.1131625175476074,1.943345546722412,1.6729991744940291,1.7488830089569092,False,False,False,False,False,False
molgen_ns1.0,HIF2alpha__6D0B,2,1.233653552391204,2.2316644633181246,1.233653545379639,2.2316644191741943,1.6729991744940291,1.7488830089569092,False,False,False,False,False,False
molgen_ns1.0,HIF2alpha__6D0B,3,1.19426068278453,1.5505703589859563,1.2708725929260254,1.5538421869277954,1.6729991744940291,1.7488830089569092,False,False,False,False,False,False
molgen_ns1.0,HIF2alpha__6D0B,4,1.408268835086395,2.5336361308647875,1.4082688093185425,2.560389518737793,1.6729991744940291,1.7488830089569092,False,False,False,False,False,False
molgen_ns1.0,HIF2alpha__6D0B,5,1.611175952518049,2.114718111591514,1.625806212425232,2.114718198776245,1.6729991744940291,1.7488830089569092,False,False,False,False,False,False
molgen_ns1.0,HIF2alpha__6D0B,6,1.9265368962350853,2.211099065050082,1.9265369176864624,2.216432809829712,1.6729991744940291,1.7488830089569092,False,False,False,False,False,False
molgen_ns1.0,HIF2alpha__6D0B,7,1.873239064310808,2.355557759838116,1.9110268354415887,2.468269109725952,1.6729991744940291,1.7488830089569092,False,False,False,False,False,False
molgen_ns1.0,HIF2alpha__6D0B,8,2.4229046583965226,1.921049908466072,2.4229044914245605,1.921049952507019,1.6729991744940291,1.7488830089569092,False,False,False,False,False,False
molgen_ns1.0,HIF2alpha__6D0B,9,2.347405208609424,2.403456771009255,2.424043655395508,2.603673219680786,1.6729991744940291,1.7488830089569092,False,False,False,False,False,False
molgen_ns1.0,HIF2alpha__6D0B,10,2.038934600656147,2.2682929295971723,2.0389344692230225,2.2682929039001465,1.6729991744940291,1.7488830089569092,False,False,False,False,False,False
molgen_ns1.0,HIF2alpha__6D0B,11,1.8240316863286388,1.7583350641082394,1.9154930114746087,1.7583351135253906,1.6729991744940291,1.7488830089569092,False,False,False,False,False,False
molgen_ns1.0,HIF2alpha__6D0B,12,1.2035995742417849,2.0499903637080874,1.24999737739563,2.094787120819092,1.6729991744940291,1.7488830089569092,False,False,False,False,False,False
molgen_ns1.0,HIF2alpha__6D0B,13,1.692479946850419,2.081675772890077,1.692479968070984,2.124715805053711,1.6729991744940291,1.7488830089569092,False,False,False,False,False,False
molgen_ns1.0,HIF2alpha__6D0B,14,1.116884498062238,1.5789527404730272,1.116884469985962,1.5789527893066406,1.6729991744940291,1.7488830089569092,False,False,False,False,False,False
molgen_ns1.0,HIF2alpha__6D0B,15,1.9124662614287973,2.1293475781979785,1.912466287612915,2.2122647762298584,1.6729991744940291,1.7488830089569092,False,False,False,False,False,False
molgen_ns1.0,HIF2alpha__6D0B,16,1.370606330599265,1.6372927779684854,1.3706063032150269,1.6557999849319458,1.6729991744940291,1.7488830089569092,False,False,False,False,False,False
molgen_ns1.0,HIF2alpha__6D0B,17,1.7769752519309217,2.2463101723281733,1.7769752740859983,2.2514331340789795,1.6729991744940291,1.7488830089569092,False,False,False,False,False,False
molgen_ns1.0,HIF2alpha__6D0B,18,1.9986335785458385,2.5898663573745324,1.99863350391388,2.623962640762329,1.6729991744940291,1.7488830089569092,False,False,False,False,False,False
molgen_ns1.0,HIF2alpha__6D0B,19,2.232015953254719,2.6072295701060164,2.2466697692871094,2.607229471206665,1.6729991744940291,1.7488830089569092,False,False,False,False,False,False
molgen_ns1.0,HIF2alpha__6D0B,20,1.8722048298809104,1.6009671770375695,1.911631464958191,1.598496675491333,1.6729991744940291,1.7488830089569092,True,True,False,False,False,False
molgen_ns1.0,HIF2alpha__6D0B,21,2.468065154413109,2.541482447823804,2.4680652618408203,2.6178507804870605,1.6729991744940291,1.7488830089569092,False,False,False,False,False,False
molgen_ns1.0,HIF2alpha__6D0B,22,2.0042025743429406,2.2172467312165742,2.0042026042938232,2.309896945953369,1.6729991744940291,1.7488830089569092,False,False,False,False,False,False
molgen_ns1.0,HIF2alpha__6D0B,24,1.686613018892896,1.9023264621340503,1.6866130828857422,1.9023263454437256,1.6729991744940291,1.7488830089569092,False,False,False,False,False,False
molgen_ns1.0,HIF2alpha__6D0B,25,1.542465243697613,1.7009905711975162,1.5455784797668457,1.7009905576705933,1.6729991744940291,1.7488830089569092,False,False,False,False,False,False
molgen_ns1.0,HIF2alpha__6D0B,26,2.2207746072563204,1.966613784886288,2.2207746505737305,1.962463021278381,1.6729991744940291,1.7488830089569092,False,False,False,False,False,False
molgen_ns1.0,HIF2alpha__6D0B,27,1.0946965799073978,1.7344469893311212,1.0946965217590332,1.7618881464004517,1.6729991744940291,1.7488830089569092,False,False,False,False,False,False
molgen_ns1.0,HIF2alpha__6D0B,28,2.336457369884877,2.502394396558172,2.3364572525024414,2.5826945304870605,1.6729991744940291,1.7488830089569092,False,False,False,False,False,False
molgen_ns1.0,HIF2alpha__6D0B,29,1.637671600146418,2.151613030138628,1.6376715898513794,2.236532211303711,1.6729991744940291,1.7488830089569092,False,False,False,False,False,False
molgen_ns1.0,HIV1_CA,0,2.2720969414573107,2.4512784775125827,2.289762258529663,2.4577763080596924,1.3207135415934947,1.3453065156936646,False,False,False,False,False,False
molgen_ns1.0,HIV1_CA,1,1.4670203374937882,1.7656031994519334,1.4670202732086182,1.7656031847000122,1.3207135415934947,1.3453065156936646,False,False,False,False,False,False
molgen_ns1.0,HIV1_CA,2,1.6171470387219824,2.1568365850239126,1.6171470880508425,2.15683650970459,1.3207135415934947,1.3453065156936646,False,False,False,False,False,False
molgen_ns1.0,HIV1_CA,3,2.600641514627581,2.8888795915682257,2.6006417274475098,2.888879776000977,1.3207135415934947,1.3453065156936646,False,False,False,False,False,False
molgen_ns1.0,HIV1_CA,4,2.644462520696085,2.245776840188292,2.6444625854492188,2.238128185272217,1.3207135415934947,1.3453065156936646,False,False,False,False,False,False
molgen_ns1.0,HIV1_CA,5,2.96609199615732,2.307290908893722,2.9660918712615967,2.30729079246521,1.3207135415934947,1.3453065156936646,False,False,False,False,False,False
molgen_ns1.0,HIV1_CA,6,3.3016544869827467,2.961622138317443,3.30165433883667,2.9543051719665527,1.3207135415934947,1.3453065156936646,False,False,False,False,False,False
molgen_ns1.0,HIV1_CA,9,1.4537348043125564,1.4234223010557607,1.4537347555160522,1.442241668701172,1.3207135415934947,1.3453065156936646,False,False,False,False,False,False
molgen_ns1.0,HIV1_CA,10,2.172584033741156,2.176837864715819,2.172584056854248,2.176837921142578,1.3207135415934947,1.3453065156936646,False,False,False,False,False,False
molgen_ns1.0,HIV1_CA,11,1.8848742412571768,1.7795961372369198,1.8848742246627808,1.8160710334777832,1.3207135415934947,1.3453065156936646,False,False,False,False,False,False
molgen_ns1.0,HIV1_CA,12,1.7332229071679348,2.058725132892706,1.7332229614257812,2.072176218032837,1.3207135415934947,1.3453065156936646,False,False,False,False,False,False
molgen_ns1.0,HIV1_CA,13,1.4792161315384036,1.6992538273139517,1.4792159795761108,1.699253797531128,1.3207135415934947,1.3453065156936646,False,False,False,False,False,False
molgen_ns1.0,HIV1_CA,16,1.42828500464872,1.7715156138379786,1.428285002708435,1.785731077194214,1.3207135415934947,1.3453065156936646,False,False,False,False,False,False
molgen_ns1.0,HIV1_CA,17,1.7985368350814812,1.6728000636653684,1.7985368967056274,1.6727999448776243,1.3207135415934947,1.3453065156936646,False,False,False,False,False,False
molgen_ns1.0,HIV1_CA,18,1.9667942889340828,2.183926864203709,1.9888607263565063,2.183926820755005,1.3207135415934947,1.3453065156936646,False,False,False,False,False,False
molgen_ns1.0,HIV1_CA,19,2.5124163333759704,2.203621930772857,2.512416362762451,2.2036221027374268,1.3207135415934947,1.3453065156936646,False,False,False,False,False,False
molgen_ns1.0,HIV1_CA,20,1.6336222561757667,1.9911877086831715,1.6336222887039185,1.991187572479248,1.3207135415934947,1.3453065156936646,False,False,False,False,False,False
molgen_ns1.0,HIV1_CA,21,2.2963063753697592,2.387761170203432,2.3087353706359863,2.387761354446411,1.3207135415934947,1.3453065156936646,False,False,False,False,False,False
molgen_ns1.0,HIV1_CA,22,2.4369594702808244,2.0341183486361203,2.4369595050811768,2.034118413925171,1.3207135415934947,1.3453065156936646,False,False,False,False,False,False
molgen_ns1.0,HIV1_CA,23,2.283036924182684,2.2260448426631725,2.283036708831787,2.278059244155884,1.3207135415934947,1.3453065156936646,False,False,False,False,False,False
molgen_ns1.0,HIV1_CA,24,1.4670595762623757,1.6214624682644976,1.46705961227417,1.6214624643325806,1.3207135415934947,1.3453065156936646,False,False,False,False,False,False
molgen_ns1.0,HIV1_CA,26,1.117888520415251,1.687271322446512,1.1178884506225586,1.6872713565826416,1.3207135415934947,1.3453065156936646,False,False,False,False,False,False
molgen_ns1.0,HIV1_CA,27,1.8648834555275744,2.2961521525016915,1.8648834228515625,2.296152114868164,1.3207135415934947,1.3453065156936646,False,False,False,False,False,False
molgen_ns1.0,HIV1_CA,28,2.438875380903224,1.9274479151713133,2.438875436782837,1.927448034286499,1.3207135415934947,1.3453065156936646,False,False,False,False,False,False
molgen_ns1.0,HIV1_CA,29,1.1300187076344117,1.5343656437336726,1.1300185918807983,1.5343655347824097,1.3207135415934947,1.3453065156936646,False,False,False,False,False,False
molgen_ns1.0,HIV_RT,0,2.7090456363771245,2.733338828568448,2.712066173553467,2.7365942001342773,3.055562157269878,3.073980569839477,False,False,False,False,False,False
molgen_ns1.0,HIV_RT,1,4.200640545250398,3.883284063656056,4.235642433166504,3.921501636505127,3.055562157269878,3.073980569839477,False,False,False,False,False,False
molgen_ns1.0,HIV_RT,2,3.92916646716996,4.072789884454986,3.92087197303772,4.046426296234131,3.055562157269878,3.073980569839477,False,False,False,False,False,False
molgen_ns1.0,HIV_RT,3,3.6220611807184553,3.978783451033444,3.6371371746063232,3.996408224105835,3.055562157269878,3.073980569839477,False,False,False,False,False,False
molgen_ns1.0,HIV_RT,4,4.800701423202936,4.607278114304941,4.856719493865967,4.660706043243408,3.055562157269878,3.073980569839477,False,False,False,False,False,False
molgen_ns1.0,HIV_RT,5,2.743922211119242,3.312046240879793,2.7218048572540283,3.320511102676392,3.055562157269878,3.073980569839477,False,False,False,False,False,False
molgen_ns1.0,HIV_RT,6,3.771742253839356,4.045675092458038,3.7629282474517822,4.061071872711182,3.055562157269878,3.073980569839477,False,False,False,False,False,False
molgen_ns1.0,HIV_RT,7,3.083995411290082,3.0286673808033395,3.1372313499450684,3.0807909965515137,3.055562157269878,3.073980569839477,True,False,False,False,False,False
molgen_ns1.0,HIV_RT,8,4.603441744970795,4.041016259118118,4.601176738739014,4.051060199737549,3.055562157269878,3.073980569839477,False,False,False,False,False,False
molgen_ns1.0,HIV_RT,9,3.307883025307915,3.471218575816165,3.294069766998291,3.4867427349090576,3.055562157269878,3.073980569839477,False,False,False,False,False,False
molgen_ns1.0,HIV_RT,10,3.53155637309567,4.015324714596448,3.5658087730407715,4.04285192489624,3.055562157269878,3.073980569839477,False,False,False,False,False,False
molgen_ns1.0,HIV_RT,11,3.613303372343412,3.207218786613962,3.603200435638428,3.208376407623291,3.055562157269878,3.073980569839477,False,False,False,False,False,False
molgen_ns1.0,HIV_RT,12,3.3622281847737403,3.5829621231048456,3.4034152030944824,3.5799009799957275,3.055562157269878,3.073980569839477,False,False,False,False,False,False
molgen_ns1.0,HIV_RT,13,3.091625492369112,2.767696293701184,3.085432767868042,2.7827868461608887,3.055562157269878,3.073980569839477,True,True,False,False,False,False
molgen_ns1.0,HIV_RT,14,3.346044108233397,3.745311701121448,3.3460440635681152,3.75317907333374,3.055562157269878,3.073980569839477,False,False,False,False,False,False
molgen_ns1.0,HIV_RT,15,2.3424077745618788,2.7868477667975777,2.341874122619629,2.7917520999908447,3.055562157269878,3.073980569839477,False,False,False,False,False,False
molgen_ns1.0,HIV_RT,16,3.1964888099197104,3.6922293620029913,3.2205731868743896,3.706606149673462,3.055562157269878,3.073980569839477,False,False,False,False,False,False
molgen_ns1.0,HIV_RT,17,3.669114685581382,4.173975860966968,3.694216251373291,4.215147018432617,3.055562157269878,3.073980569839477,False,False,False,False,False,False
molgen_ns1.0,HIV_RT,18,3.222693920131448,3.9843673068571497,3.238467216491699,4.0166215896606445,3.055562157269878,3.073980569839477,False,False,False,False,False,False
molgen_ns1.0,HIV_RT,19,3.838416364017405,3.835250220295872,3.890291213989258,3.9085562229156494,3.055562157269878,3.073980569839477,False,False,False,False,False,False
molgen_ns1.0,HIV_RT,20,4.369564845658406,4.451891136761655,4.41520881652832,4.485554218292236,3.055562157269878,3.073980569839477,False,False,False,False,False,False
molgen_ns1.0,HIV_RT,21,4.2631006719607125,4.483060480293469,4.276042938232422,4.508286476135254,3.055562157269878,3.073980569839477,False,False,False,False,False,False
molgen_ns1.0,HIV_RT,22,1.8085176370026244,3.1216232286605003,1.8085176944732664,3.135904788970948,3.055562157269878,3.073980569839477,False,False,False,False,False,False
molgen_ns1.0,HIV_RT,23,3.96433412689776,4.0045388706467016,3.965852737426758,4.04373025894165,3.055562157269878,3.073980569839477,False,False,False,False,False,False
molgen_ns1.0,HIV_RT,24,4.5803443412190346,4.8759535521402455,4.591231346130371,4.91143798828125,3.055562157269878,3.073980569839477,False,False,False,False,False,False
molgen_ns1.0,HIV_RT,25,4.469236996524995,4.495300000186284,4.492676734924316,4.500147819519043,3.055562157269878,3.073980569839477,False,False,False,False,False,False
molgen_ns1.0,HIV_RT,26,4.206704826514841,3.5819182126466305,4.228134632110596,3.614795684814453,3.055562157269878,3.073980569839477,False,False,False,False,False,False
molgen_ns1.0,HIV_RT,27,2.565499353162921,3.204098781489805,2.576220989227295,3.204098701477051,3.055562157269878,3.073980569839477,False,False,False,False,False,False
molgen_ns1.0,HIV_RT,28,3.1135415769817625,3.5894625171710204,3.1174113750457764,3.639982700347901,3.055562157269878,3.073980569839477,False,False,False,False,False,False
molgen_ns1.0,HIV_RT,29,4.361524477923307,4.54695968423679,4.37515926361084,4.628813743591309,3.055562157269878,3.073980569839477,False,False,False,False,False,False
molgen_ns1.0,HIV_RT__3V81,0,2.923465778057646,2.7496607920193,2.8859610557556152,2.6731550693511963,3.0896312117090363,3.0896313190460205,True,True,False,False,False,False
molgen_ns1.0,HIV_RT__3V81,1,3.263472668108691,3.6569945018023353,3.275540590286255,3.686450958251953,3.0896312117090363,3.0896313190460205,False,False,False,False,False,False
molgen_ns1.0,HIV_RT__3V81,2,3.538489451877612,3.793049916003519,3.547518730163574,3.8049354553222656,3.0896312117090363,3.0896313190460205,False,False,False,False,False,False
molgen_ns1.0,HIV_RT__3V81,3,2.143904328531788,2.973382999919357,2.0888617038726807,2.9263992309570312,3.0896312117090363,3.0896313190460205,False,False,False,False,False,False
molgen_ns1.0,HIV_RT__3V81,4,3.184165078531327,3.009948900667322,3.1494715213775635,2.995060443878174,3.0896312117090363,3.0896313190460205,True,True,False,False,False,False
molgen_ns1.0,HIV_RT__3V81,5,2.8209460683826544,3.465893988995688,2.828591823577881,3.4518864154815674,3.0896312117090363,3.0896313190460205,False,False,False,False,False,False
molgen_ns1.0,HIV_RT__3V81,6,3.4723121990319235,3.824254463378183,3.506641149520874,3.851253271102905,3.0896312117090363,3.0896313190460205,False,False,False,False,False,False
molgen_ns1.0,HIV_RT__3V81,7,3.34270122070784,3.612295731427684,3.3544514179229736,3.6278679370880127,3.0896312117090363,3.0896313190460205,False,False,False,False,False,False
molgen_ns1.0,HIV_RT__3V81,8,3.395898119580472,3.5246761300909744,3.4434945583343506,3.5337133407592773,3.0896312117090363,3.0896313190460205,False,False,False,False,False,False
molgen_ns1.0,HIV_RT__3V81,9,2.3191931332450526,2.667185370548986,2.319193124771118,2.665975570678711,3.0896312117090363,3.0896313190460205,False,False,False,False,False,False
molgen_ns1.0,HIV_RT__3V81,10,3.4020081480968623,4.038480257555564,3.416229009628296,4.031020164489746,3.0896312117090363,3.0896313190460205,False,False,False,False,False,False
molgen_ns1.0,HIV_RT__3V81,11,3.771536008104087,3.70990806607425,3.792000532150269,3.7446446418762207,3.0896312117090363,3.0896313190460205,False,False,False,False,False,False
molgen_ns1.0,HIV_RT__3V81,12,2.2201605722099487,2.732080716795401,2.220160722732544,2.733837604522705,3.0896312117090363,3.0896313190460205,False,False,False,False,False,False
molgen_ns1.0,HIV_RT__3V81,13,2.1664535215932306,3.194120362352278,2.171339273452759,3.1997694969177246,3.0896312117090363,3.0896313190460205,False,False,False,False,False,False
molgen_ns1.0,HIV_RT__3V81,14,2.615521227026688,3.563119736779292,2.652855396270752,3.608370304107666,3.0896312117090363,3.0896313190460205,False,False,False,False,False,False
molgen_ns1.0,HIV_RT__3V81,15,4.408800911058508,4.697935415460992,4.411643981933594,4.678429126739502,3.0896312117090363,3.0896313190460205,False,False,False,False,False,False
molgen_ns1.0,HIV_RT__3V81,16,3.9385808924587,3.623726267423873,3.919224500656128,3.60217022895813,3.0896312117090363,3.0896313190460205,False,False,False,False,False,False
molgen_ns1.0,HIV_RT__3V81,17,2.728210009283373,3.160855338809292,2.7164692878723145,3.160855293273926,3.0896312117090363,3.0896313190460205,False,False,False,False,False,False
molgen_ns1.0,HIV_RT__3V81,18,3.6972193329284506,3.5862076065769424,3.726415872573853,3.638585329055786,3.0896312117090363,3.0896313190460205,False,False,False,False,False,False
molgen_ns1.0,HIV_RT__3V81,19,2.150801003640332,3.35571002805662,2.183281421661377,3.327939033508301,3.0896312117090363,3.0896313190460205,False,False,False,False,False,False
molgen_ns1.0,HIV_RT__3V81,20,3.4266624466613007,3.580580829974661,3.4441568851470947,3.5813004970550537,3.0896312117090363,3.0896313190460205,False,False,False,False,False,False
molgen_ns1.0,HIV_RT__3V81,21,2.562600597305499,3.487862700847633,2.545826911926269,3.4901115894317627,3.0896312117090363,3.0896313190460205,False,False,False,False,False,False
molgen_ns1.0,HIV_RT__3V81,22,3.4475757273187777,3.0798031117868128,3.4608943462371826,3.047506809234619,3.0896312117090363,3.0896313190460205,True,True,False,False,False,False
molgen_ns1.0,HIV_RT__3V81,23,3.211500156403924,3.970277940080216,3.206622838973999,3.96323823928833,3.0896312117090363,3.0896313190460205,False,False,False,False,False,False
molgen_ns1.0,HIV_RT__3V81,24,2.5814987489932,3.5900718110109344,2.6015357971191406,3.596087455749512,3.0896312117090363,3.0896313190460205,False,False,False,False,False,False
molgen_ns1.0,HIV_RT__3V81,25,3.029076657670211,3.4316037815557374,3.0013465881347656,3.439650774002075,3.0896312117090363,3.0896313190460205,False,False,False,False,False,False
molgen_ns1.0,HIV_RT__3V81,26,2.666004013273204,2.891827188939873,2.672393560409546,2.889251947402954,3.0896312117090363,3.0896313190460205,False,False,False,False,False,False
molgen_ns1.0,HIV_RT__3V81,27,2.965991567476737,3.595280302337206,3.00529408454895,3.626105308532715,3.0896312117090363,3.0896313190460205,False,False,False,False,False,False
molgen_ns1.0,HIV_RT__3V81,28,4.121052347439707,3.848651806191447,4.153894424438477,3.838301420211792,3.0896312117090363,3.0896313190460205,False,False,False,False,False,False
molgen_ns1.0,HIV_RT__3V81,29,2.797086614258316,3.259832342314432,2.767608642578125,3.230724811553955,3.0896312117090363,3.0896313190460205,False,False,False,False,False,False
molgen_ns1.0,KRAS,0,3.819007191047927,3.485852760513524,3.866305112838745,3.5173285007476807,3.742426159251105,3.743377208709717,True,True,False,False,False,False
molgen_ns1.0,KRAS,1,2.3031049178098675,3.4064865138634777,2.396913766860962,3.421196937561035,3.742426159251105,3.743377208709717,False,False,False,False,False,False
molgen_ns1.0,KRAS,2,3.2968664630728184,3.502473574968384,3.357918500900269,3.5390985012054443,3.742426159251105,3.743377208709717,False,False,False,False,False,False
molgen_ns1.0,KRAS,3,2.957598847348096,2.8853066172016613,3.040202140808105,2.9400107860565186,3.742426159251105,3.743377208709717,True,True,False,False,False,False
molgen_ns1.0,KRAS,4,3.3458226558796462,3.4488045334491555,3.373194932937622,3.509864330291748,3.742426159251105,3.743377208709717,False,False,False,False,False,False
molgen_ns1.0,KRAS,5,3.28925185545282,3.7013342096678894,3.332936286926269,3.75864315032959,3.742426159251105,3.743377208709717,False,False,False,False,False,False
molgen_ns1.0,KRAS,6,3.6408675017959578,4.345182256330276,3.695621252059937,4.379881381988525,3.742426159251105,3.743377208709717,False,False,False,False,False,False
molgen_ns1.0,KRAS,7,3.691020008566903,3.09619723738622,3.7013497352600098,3.116358518600464,3.742426159251105,3.743377208709717,True,True,False,False,False,False
molgen_ns1.0,KRAS,8,3.653996601957851,3.0220965949996,3.673439741134644,3.092725992202759,3.742426159251105,3.743377208709717,True,True,False,False,False,False
molgen_ns1.0,KRAS,9,3.1944755357370145,3.2735886143804493,3.264671564102173,3.2958667278289795,3.742426159251105,3.743377208709717,False,False,False,False,False,False
molgen_ns1.0,KRAS,10,2.8703670525392453,3.9235306996153207,2.9465911388397217,3.9456946849823,3.742426159251105,3.743377208709717,False,False,False,False,False,False
molgen_ns1.0,KRAS,11,2.8905428505541058,2.91278472451328,2.9399573802948,2.951820135116577,3.742426159251105,3.743377208709717,False,False,False,False,False,False
molgen_ns1.0,KRAS,12,2.452993175687633,3.627514598311736,2.539716958999634,3.6373486518859854,3.742426159251105,3.743377208709717,False,False,False,False,False,False
molgen_ns1.0,KRAS,13,2.769387072378805,3.1606887418961938,2.783345937728882,3.1897077560424805,3.742426159251105,3.743377208709717,False,False,False,False,False,False
molgen_ns1.0,KRAS,14,3.495128084550684,3.527820186739187,3.509481906890869,3.5454533100128174,3.742426159251105,3.743377208709717,False,False,False,False,False,False
molgen_ns1.0,KRAS,15,2.740695412573483,3.5791772484365576,2.7811501026153564,3.617010116577149,3.742426159251105,3.743377208709717,False,False,False,False,False,False
molgen_ns1.0,KRAS,16,3.4519067046726457,2.861643285292029,3.476315498352051,2.865922689437866,3.742426159251105,3.743377208709717,True,True,False,False,False,False
molgen_ns1.0,KRAS,17,3.689735222795052,3.4682788487757605,3.728654146194458,3.46936559677124,3.742426159251105,3.743377208709717,True,True,False,False,False,False
molgen_ns1.0,KRAS,18,3.360377925998585,4.177903813057384,3.404086112976074,4.18807315826416,3.742426159251105,3.743377208709717,False,False,False,False,False,False
molgen_ns1.0,KRAS,19,3.232706524555618,3.7452102051917215,3.232706308364868,3.744653224945069,3.742426159251105,3.743377208709717,False,False,False,False,False,False
molgen_ns1.0,KRAS,20,3.477336677453955,4.601427846760209,3.4808590412139893,4.599752426147461,3.742426159251105,3.743377208709717,False,False,False,False,False,False
molgen_ns1.0,KRAS,21,3.7078865855925818,3.5883913116729893,3.732590436935425,3.61828351020813,3.742426159251105,3.743377208709717,True,True,False,False,False,False
molgen_ns1.0,KRAS,22,2.730671146742921,3.5881239817584767,2.7240707874298096,3.5896153450012207,3.742426159251105,3.743377208709717,False,False,False,False,False,False
molgen_ns1.0,KRAS,23,3.6295520386739866,3.9227045054358007,3.6332039833068848,3.941173791885376,3.742426159251105,3.743377208709717,False,False,False,False,False,False
molgen_ns1.0,KRAS,24,3.873197119673376,4.058604059168906,3.861207246780396,4.079648971557617,3.742426159251105,3.743377208709717,False,False,False,False,False,False
molgen_ns1.0,KRAS,25,4.695055792311858,4.976077496064711,4.68839168548584,4.992905616760254,3.742426159251105,3.743377208709717,False,False,False,False,False,False
molgen_ns1.0,KRAS,26,2.69521572408836,3.643161213325477,2.757631778717041,3.6533827781677246,3.742426159251105,3.743377208709717,False,False,False,False,False,False
molgen_ns1.0,KRAS,27,2.336545787116909,3.2792332633485253,2.3331801891326904,3.2790842056274414,3.742426159251105,3.743377208709717,False,False,False,False,False,False
molgen_ns1.0,KRAS,29,2.624197119621321,3.2542511278794755,2.674295663833618,3.256673812866211,3.742426159251105,3.743377208709717,False,False,False,False,False,False
molgen_ns1.0,Menin,0,2.307105385601804,2.858863377951132,2.307105302810669,2.858863115310669,1.2468617606125678,1.246861696243286,False,False,False,False,False,False
molgen_ns1.0,Menin,1,3.041626128856231,3.399826601725334,3.041626214981079,3.3998265266418457,1.2468617606125678,1.246861696243286,False,False,False,False,False,False
molgen_ns1.0,Menin,2,2.190872404040216,1.918238290498028,2.190872430801392,1.8655474185943604,1.2468617606125678,1.246861696243286,False,False,False,False,False,False
molgen_ns1.0,Menin,4,2.4615757106813554,2.0930726373636097,2.461575508117676,2.092651128768921,1.2468617606125678,1.246861696243286,False,False,False,False,False,False
molgen_ns1.0,Menin,5,2.7868517420207897,3.352735978886811,2.7868518829345703,3.3585379123687744,1.2468617606125678,1.246861696243286,False,False,False,False,False,False
molgen_ns1.0,Menin,6,2.5671493150503344,2.758430288789736,2.56714940071106,2.750109434127808,1.2468617606125678,1.246861696243286,False,False,False,False,False,False
molgen_ns1.0,Menin,7,2.445707465148429,2.1518708484292546,2.4414987564086914,2.1518707275390625,1.2468617606125678,1.246861696243286,False,False,False,False,False,False
molgen_ns1.0,Menin,8,3.147937929888099,2.842606974292288,3.147937774658203,2.8368093967437744,1.2468617606125678,1.246861696243286,False,False,False,False,False,False
molgen_ns1.0,Menin,9,1.5640081927172975,1.6740274689354928,1.4630576372146606,1.559652328491211,1.2468617606125678,1.246861696243286,False,False,False,False,False,False
molgen_ns1.0,Menin,10,2.8680729723190583,2.661911520289966,2.868072986602783,2.644370079040528,1.2468617606125678,1.246861696243286,False,False,False,False,False,False
molgen_ns1.0,Menin,11,1.8906117979922088,1.1699909191807911,1.852339148521424,1.16999089717865,1.2468617606125678,1.246861696243286,True,True,True,True,False,False
molgen_ns1.0,Menin,12,3.649154203982067,3.493468941962298,3.633901834487915,3.5018930435180664,1.2468617606125678,1.246861696243286,False,False,False,False,False,False
molgen_ns1.0,Menin,13,2.9199572161899416,2.813527284289241,3.0011394023895264,2.8313634395599365,1.2468617606125678,1.246861696243286,False,False,False,False,False,False
molgen_ns1.0,Menin,14,2.2854138027660813,2.201643880895007,2.421849489212036,2.204582691192627,1.2468617606125678,1.246861696243286,False,False,False,False,False,False
molgen_ns1.0,Menin,15,3.2130441323314045,2.912313470517147,3.2130441665649414,2.912313461303711,1.2468617606125678,1.246861696243286,False,False,False,False,False,False
molgen_ns1.0,Menin,16,2.637554283225601,2.805125323162024,2.630157947540283,2.8051252365112305,1.2468617606125678,1.246861696243286,False,False,False,False,False,False
molgen_ns1.0,Menin,17,3.880911017751653,4.083408251224336,3.880911111831665,4.033939838409424,1.2468617606125678,1.246861696243286,False,False,False,False,False,False
molgen_ns1.0,Menin,18,2.357182074484081,2.6784675009223284,2.357182264328003,2.682864189147949,1.2468617606125678,1.246861696243286,False,False,False,False,False,False
molgen_ns1.0,Menin,19,2.2203837378403124,2.380090074108661,2.220383882522583,2.352776050567627,1.2468617606125678,1.246861696243286,False,False,False,False,False,False
molgen_ns1.0,Menin,20,4.317762238372142,4.574637721819848,4.281654357910156,4.567699432373047,1.2468617606125678,1.246861696243286,False,False,False,False,False,False
molgen_ns1.0,Menin,21,3.538196717708331,3.867025072067541,3.5749220848083496,3.8670248985290527,1.2468617606125678,1.246861696243286,False,False,False,False,False,False
molgen_ns1.0,Menin,22,1.8612344486843733,1.9644091627567195,1.861234426498413,1.9581646919250488,1.2468617606125678,1.246861696243286,False,False,False,False,False,False
molgen_ns1.0,Menin,23,2.94301843096757,3.014418013700946,2.945929527282715,2.9828872680664062,1.2468617606125678,1.246861696243286,False,False,False,False,False,False
molgen_ns1.0,Menin,24,2.7082566929234413,3.3435100404162124,2.708256721496582,3.3502354621887207,1.2468617606125678,1.246861696243286,False,False,False,False,False,False
molgen_ns1.0,Menin,25,3.3995627797255623,3.579430147811712,3.361740827560425,3.5995986461639404,1.2468617606125678,1.246861696243286,False,False,False,False,False,False
molgen_ns1.0,Menin,26,3.713406659437496,4.166405500799181,3.783900022506714,4.125428676605225,1.2468617606125678,1.246861696243286,False,False,False,False,False,False
molgen_ns1.0,Menin,27,4.015312859336909,4.16661791893516,3.985827445983887,4.280519962310791,1.2468617606125678,1.246861696243286,False,False,False,False,False,False
molgen_ns1.0,Menin,28,3.757244338716221,4.065938199929389,3.757244348526001,4.067078113555908,1.2468617606125678,1.246861696243286,False,False,False,False,False,False
molgen_ns1.0,Menin,29,2.661873024869964,2.7131986849643543,2.6618728637695312,2.7132818698883057,1.2468617606125678,1.246861696243286,False,False,False,False,False,False
molgen_ns1.0,NDPK-A,1,4.069737601433942,5.221148869286894,4.343125343322754,5.5493927001953125,3.4697602388704447,3.4699201583862305,False,False,False,False,False,False
molgen_ns1.0,NDPK-A,2,3.917338444484792,5.445701870598139,3.8596713542938232,5.443613529205322,3.4697602388704447,3.4699201583862305,False,False,False,False,False,False
molgen_ns1.0,NDPK-A,3,2.310354405467048,3.86775046811524,2.198267698287964,3.939739942550659,3.4697602388704447,3.4699201583862305,False,False,False,False,False,False
molgen_ns1.0,NDPK-A,4,3.778700661399193,5.319915141288099,3.794121503829956,5.320810317993164,3.4697602388704447,3.4699201583862305,False,False,False,False,False,False
molgen_ns1.0,NDPK-A,5,3.174870241083966,5.016008169834635,3.196657657623291,5.073107719421387,3.4697602388704447,3.4699201583862305,False,False,False,False,False,False
molgen_ns1.0,NDPK-A,6,3.412109456803998,4.231789244458464,3.326411485671997,4.255189895629883,3.4697602388704447,3.4699201583862305,False,False,False,False,False,False
molgen_ns1.0,NDPK-A,7,2.6413981984422827,3.4322019632344,2.517759084701538,3.3752684593200684,3.4697602388704447,3.4699201583862305,False,False,False,False,False,False
molgen_ns1.0,NDPK-A,8,3.426338718027504,4.26303368412878,3.419894218444824,4.325605869293213,3.4697602388704447,3.4699201583862305,False,False,False,False,False,False
molgen_ns1.0,NDPK-A,9,3.1908890400482712,3.9495443634274014,3.236189126968384,3.9645493030548096,3.4697602388704447,3.4699201583862305,False,False,False,False,False,False
molgen_ns1.0,NDPK-A,10,2.758916052751215,3.7805473106857392,2.667419672012329,3.780874252319336,3.4697602388704447,3.4699201583862305,False,False,False,False,False,False
molgen_ns1.0,NDPK-A,11,2.7288175520698337,3.4213446484302548,2.720953226089477,3.4588255882263184,3.4697602388704447,3.4699201583862305,False,False,False,False,False,False
molgen_ns1.0,NDPK-A,12,3.1160314867063965,4.065504246521831,3.116031646728516,4.06550407409668,3.4697602388704447,3.4699201583862305,False,False,False,False,False,False
molgen_ns1.0,NDPK-A,13,4.416355055940287,6.433374953588282,4.372179985046387,6.453291893005371,3.4697602388704447,3.4699201583862305,False,False,False,False,False,False
molgen_ns1.0,NDPK-A,14,3.113816625568785,3.969802227574613,3.1077113151550293,3.989312887191773,3.4697602388704447,3.4699201583862305,False,False,False,False,False,False
molgen_ns1.0,NDPK-A,15,2.527861834226785,4.05386780956656,2.470310926437378,4.1069416999816895,3.4697602388704447,3.4699201583862305,False,False,False,False,False,False
molgen_ns1.0,NDPK-A,16,2.7998550492160192,4.378717832553063,2.7570669651031494,4.416409015655518,3.4697602388704447,3.4699201583862305,False,False,False,False,False,False
molgen_ns1.0,NDPK-A,17,3.272435409351148,4.238717832285961,3.2573187351226807,4.271997451782227,3.4697602388704447,3.4699201583862305,False,False,False,False,False,False
molgen_ns1.0,NDPK-A,18,3.784495908429092,5.514950297379071,3.7844958305358887,5.514950275421143,3.4697602388704447,3.4699201583862305,False,False,False,False,False,False
molgen_ns1.0,NDPK-A,19,2.46651852776254,3.173922569830713,2.4717013835906982,3.157804489135742,3.4697602388704447,3.4699201583862305,False,False,False,False,False,False
molgen_ns1.0,NDPK-A,21,3.552939576963754,4.529614547871088,3.5371408462524414,4.529614448547363,3.4697602388704447,3.4699201583862305,False,False,False,False,False,False
molgen_ns1.0,NDPK-A,22,2.7599837343876743,3.446854922029876,2.759983777999878,3.446854829788208,3.4697602388704447,3.4699201583862305,False,False,False,False,False,False
molgen_ns1.0,NDPK-A,23,3.2846350458445883,3.388156070440358,3.2713780403137207,3.405024290084839,3.4697602388704447,3.4699201583862305,False,False,False,False,False,False
molgen_ns1.0,NDPK-A,24,2.4225166917342174,3.680520626752233,2.247906446456909,3.6020941734313965,3.4697602388704447,3.4699201583862305,False,False,False,False,False,False
molgen_ns1.0,NDPK-A,25,2.734218754042588,3.208294953326235,2.7382586002349854,3.1651546955108643,3.4697602388704447,3.4699201583862305,False,False,False,False,False,False
molgen_ns1.0,NDPK-A,26,3.334524240431943,3.956119325271693,3.3405954837799072,4.128595352172852,3.4697602388704447,3.4699201583862305,False,False,False,False,False,False
molgen_ns1.0,NDPK-A,27,3.378819056286326,4.699073598848268,3.3540618419647217,4.678555965423584,3.4697602388704447,3.4699201583862305,False,False,False,False,False,False
molgen_ns1.0,NDPK-A,28,2.8828990024909618,3.466520574967347,2.876149892807007,3.4919075965881348,3.4697602388704447,3.4699201583862305,False,False,False,False,False,False
molgen_ns1.0,NDPK-A,29,3.186630495297397,5.014326078253081,3.239990711212158,5.0404205322265625,3.4697602388704447,3.4699201583862305,False,False,False,False,False,False
molgen_ns1.0,SHP2,0,1.9444642896313828,2.460951503697305,1.945291519165039,2.4796414375305176,1.8482636253491047,1.8406480550765991,False,False,False,False,False,False
molgen_ns1.0,SHP2,1,3.397645932990095,3.2818807680977464,3.419593334197998,3.2937052249908447,1.8482636253491047,1.8406480550765991,False,False,False,False,False,False
molgen_ns1.0,SHP2,2,3.202859731038721,3.092949696304128,3.223288059234619,3.11031174659729,1.8482636253491047,1.8406480550765991,False,False,False,False,False,False
molgen_ns1.0,SHP2,3,2.921802789503304,3.0701038043473377,2.969839572906494,3.135033130645752,1.8482636253491047,1.8406480550765991,False,False,False,False,False,False
molgen_ns1.0,SHP2,4,2.9001613912846,2.543919057129824,2.933367252349853,2.519661903381348,1.8482636253491047,1.8406480550765991,False,False,False,False,False,False
molgen_ns1.0,SHP2,5,2.8593443640078244,2.7224594273940648,2.8972268104553223,2.728348970413208,1.8482636253491047,1.8406480550765991,False,False,False,False,False,False
molgen_ns1.0,SHP2,6,3.999312298352344,3.668841142306567,4.038880348205566,3.6688411235809326,1.8482636253491047,1.8406480550765991,False,False,False,False,False,False
molgen_ns1.0,SHP2,7,3.064216220644996,3.405933284590979,3.102097988128662,3.396820306777954,1.8482636253491047,1.8406480550765991,False,False,False,False,False,False
molgen_ns1.0,SHP2,8,2.958155695636879,2.935069381983196,2.9811596870422363,2.96488881111145,1.8482636253491047,1.8406480550765991,False,False,False,False,False,False
molgen_ns1.0,SHP2,9,4.087985679993644,3.6681681083654194,4.153106689453125,3.669990301132202,1.8482636253491047,1.8406480550765991,False,False,False,False,False,False
molgen_ns1.0,SHP2,10,2.7280518661527293,2.738888320642984,2.776608467102051,2.746420860290528,1.8482636253491047,1.8406480550765991,False,False,False,False,False,False
molgen_ns1.0,SHP2,11,2.360175751194599,2.3783911017838744,2.383253574371338,2.40756893157959,1.8482636253491047,1.8406480550765991,False,False,False,False,False,False
molgen_ns1.0,SHP2,12,3.136746115507376,3.4102589385312125,3.177640676498413,3.4102587699890137,1.8482636253491047,1.8406480550765991,False,False,False,False,False,False
molgen_ns1.0,SHP2,13,2.553741481843016,2.653341619886131,2.594377279281616,2.638190984725952,1.8482636253491047,1.8406480550765991,False,False,False,False,False,False
molgen_ns1.0,SHP2,14,3.5469668033132726,3.553069803918344,3.5528876781463623,3.5694563388824463,1.8482636253491047,1.8406480550765991,False,False,False,False,False,False
molgen_ns1.0,SHP2,15,1.8244475064011243,1.5348613168915823,1.817173719406128,1.5348613262176514,1.8482636253491047,1.8406480550765991,True,True,False,False,False,False
molgen_ns1.0,SHP2,16,3.468661617868293,3.1261283474294963,3.50525426864624,3.126128435134888,1.8482636253491047,1.8406480550765991,False,False,False,False,False,False
molgen_ns1.0,SHP2,17,2.712757991032975,2.732298527974511,2.765496015548706,2.7267091274261475,1.8482636253491047,1.8406480550765991,False,False,False,False,False,False
molgen_ns1.0,SHP2,18,2.90858913342368,3.2550149013315104,2.9543051719665527,3.246245145797729,1.8482636253491047,1.8406480550765991,False,False,False,False,False,False
molgen_ns1.0,SHP2,19,3.6117218710695873,4.113534829741805,3.611721992492676,4.100682735443115,1.8482636253491047,1.8406480550765991,False,False,False,False,False,False
molgen_ns1.0,SHP2,20,2.4997323915997782,2.095818091127443,2.5229554176330566,2.095818042755127,1.8482636253491047,1.8406480550765991,False,False,False,False,False,False
molgen_ns1.0,SHP2,21,2.6945880222807514,3.181681624120222,2.715806007385254,3.1851768493652344,1.8482636253491047,1.8406480550765991,False,False,False,False,False,False
molgen_ns1.0,SHP2,22,3.290506176638024,3.0950053194728344,3.343225479125977,3.0902791023254395,1.8482636253491047,1.8406480550765991,False,False,False,False,False,False
molgen_ns1.0,SHP2,23,3.4608756351245344,3.684060051909517,3.472318649291992,3.703659772872925,1.8482636253491047,1.8406480550765991,False,False,False,False,False,False
molgen_ns1.0,SHP2,24,2.2654655797470613,2.0279073199501805,2.3002147674560547,2.027907371520996,1.8482636253491047,1.8406480550765991,False,False,False,False,False,False
molgen_ns1.0,SHP2,25,2.7132057221168,3.1329818109056777,2.73531460762024,3.132981777191162,1.8482636253491047,1.8406480550765991,False,False,False,False,False,False
molgen_ns1.0,SHP2,26,2.839843194371664,2.792164661946523,2.8717479705810547,2.8354499340057373,1.8482636253491047,1.8406480550765991,False,False,False,False,False,False
molgen_ns1.0,SHP2,27,2.299146722749416,2.668403462323852,2.3371458053588867,2.6720855236053467,1.8482636253491047,1.8406480550765991,False,False,False,False,False,False
molgen_ns1.0,SHP2,28,3.498478387789404,3.7556220295270353,3.517491579055786,3.755621910095215,1.8482636253491047,1.8406480550765991,False,False,False,False,False,False
molgen_ns1.0,SHP2,29,3.0492063453359264,2.8559942370386464,3.0930466651916504,2.8829472064971924,1.8482636253491047,1.8406480550765991,False,False,False,False,False,False
molgen_ns1.0,THSR,0,1.7852458245410876,2.292796497109483,1.7852458953857422,2.2927963733673096,1.616455574028625,1.562853455543518,False,False,False,False,False,False
molgen_ns1.0,THSR,1,2.076950132387588,2.5123408971223165,2.142458915710449,2.640023708343506,1.616455574028625,1.562853455543518,False,False,False,False,False,False
molgen_ns1.0,THSR,2,2.309527755910183,2.473943277948982,2.30952787399292,2.496856451034546,1.616455574028625,1.562853455543518,False,False,False,False,False,False
molgen_ns1.0,THSR,3,1.8464040441495728,2.1946556179961645,1.6132423877716064,2.086865425109864,1.616455574028625,1.562853455543518,False,False,False,False,False,False
molgen_ns1.0,THSR,4,1.8800235649105448,2.319758875700765,1.9008760452270508,2.319758892059326,1.616455574028625,1.562853455543518,False,False,False,False,False,False
molgen_ns1.0,THSR,5,1.574208144440847,2.4711370420945493,1.57420814037323,2.471137046813965,1.616455574028625,1.562853455543518,False,False,False,False,False,False
molgen_ns1.0,THSR,6,2.110632627483002,2.4912754999803832,2.1093392372131348,2.4912755489349365,1.616455574028625,1.562853455543518,False,False,False,False,False,False
molgen_ns1.0,THSR,7,1.4361936529821515,2.2721541787002715,1.4146584272384644,2.115170955657959,1.616455574028625,1.562853455543518,False,False,False,False,False,False
molgen_ns1.0,THSR,8,2.451815624385428,3.143403432228168,2.491484880447388,3.165100336074829,1.616455574028625,1.562853455543518,False,False,False,False,False,False
molgen_ns1.0,THSR,9,2.160522584818541,2.724978524901688,2.160522699356079,2.7398228645324707,1.616455574028625,1.562853455543518,False,False,False,False,False,False
molgen_ns1.0,THSR,10,1.9829896272642804,2.9233077906610867,1.993443727493286,2.937302350997925,1.616455574028625,1.562853455543518,False,False,False,False,False,False
molgen_ns1.0,THSR,11,1.6960089135597831,2.2207488936692696,1.7451308965682983,2.2207489013671875,1.616455574028625,1.562853455543518,False,False,False,False,False,False
molgen_ns1.0,THSR,12,2.477203790911608,2.4448868418630285,2.481015205383301,2.4426498413085938,1.616455574028625,1.562853455543518,False,False,False,False,False,False
molgen_ns1.0,THSR,13,1.998639389757652,2.6529009032066964,2.011495590209961,2.663017988204956,1.616455574028625,1.562853455543518,False,False,False,False,False,False
molgen_ns1.0,THSR,14,1.5087885945181467,1.9954937824662449,1.5087885856628418,2.0058178901672363,1.616455574028625,1.562853455543518,False,False,False,False,False,False
molgen_ns1.0,THSR,15,2.422119466529451,2.884132149478307,2.422119617462158,2.905170202255249,1.616455574028625,1.562853455543518,False,False,False,False,False,False
molgen_ns1.0,THSR,16,1.6306454595967137,1.9449603107917173,1.630645513534546,1.9449602365493768,1.616455574028625,1.562853455543518,False,False,False,False,False,False
molgen_ns1.0,THSR,17,2.0666505034014224,2.617745546628374,2.113037347793579,2.71168851852417,1.616455574028625,1.562853455543518,False,False,False,False,False,False
molgen_ns1.0,THSR,18,3.408648651175376,3.880488223680072,3.4049863815307617,3.905440092086792,1.616455574028625,1.562853455543518,False,False,False,False,False,False
molgen_ns1.0,THSR,19,3.249692366221229,3.653197133187433,3.249692440032959,3.653197050094605,1.616455574028625,1.562853455543518,False,False,False,False,False,False
molgen_ns1.0,THSR,20,2.64471465656162,2.9987154680367,2.595794916152954,2.998715400695801,1.616455574028625,1.562853455543518,False,False,False,False,False,False
molgen_ns1.0,THSR,21,3.544654743325541,3.888557624098965,3.5489962100982666,3.951018810272217,1.616455574028625,1.562853455543518,False,False,False,False,False,False
molgen_ns1.0,THSR,22,1.7644540094678385,2.573014635953088,1.7644541263580322,2.5940158367156982,1.616455574028625,1.562853455543518,False,False,False,False,False,False
molgen_ns1.0,THSR,23,1.620873641755723,2.518215740288333,1.6208736896514893,2.5282652378082275,1.616455574028625,1.562853455543518,False,False,False,False,False,False
molgen_ns1.0,THSR,24,1.425740893763911,1.4638531055283062,1.513127326965332,1.631218671798706,1.616455574028625,1.562853455543518,False,False,False,False,False,False
molgen_ns1.0,THSR,25,1.5546858298095256,2.23763027208095,1.5546858310699463,2.2376303672790527,1.616455574028625,1.562853455543518,False,False,False,False,False,False
molgen_ns1.0,THSR,26,1.4050225011244002,2.230270147357265,1.4179633855819702,2.2106502056121826,1.616455574028625,1.562853455543518,False,False,False,False,False,False
molgen_ns1.0,THSR,27,1.617614349542956,2.423112995529732,1.6176142692565918,2.3983097076416016,1.616455574028625,1.562853455543518,False,False,False,False,False,False
molgen_ns1.0,THSR,28,1.6957162581123415,2.017936289750295,1.6957162618637085,2.0179362297058105,1.616455574028625,1.562853455543518,False,False,False,False,False,False
molgen_ns1.0,THSR,29,1.734233622209207,2.331392022095164,1.7342336177825928,2.3313920497894287,1.616455574028625,1.562853455543518,False,False,False,False,False,False
molgen_ns1.0,THSR__7UTZ,0,1.9140936547865912,3.010644764446765,1.891682744026184,2.920475006103516,2.4345552542057787,2.4345552921295166,False,False,False,False,False,False
molgen_ns1.0,THSR__7UTZ,1,1.5674577932404303,2.163086326517028,1.5674577951431274,2.1812615394592285,2.4345552542057787,2.4345552921295166,False,False,False,False,False,False
molgen_ns1.0,THSR__7UTZ,2,2.5247756836151303,2.093223472081136,2.524775505065918,2.098149299621582,2.4345552542057787,2.4345552921295166,True,True,False,False,False,False
molgen_ns1.0,THSR__7UTZ,3,1.4084610056717697,2.255703472737008,1.408461093902588,2.260408639907837,2.4345552542057787,2.4345552921295166,False,False,False,False,False,False
molgen_ns1.0,THSR__7UTZ,4,1.5055791283103857,2.895253484344948,1.505579113960266,2.891723155975342,2.4345552542057787,2.4345552921295166,False,False,False,False,False,False
molgen_ns1.0,THSR__7UTZ,5,1.855213163269424,2.028965282188393,1.8552131652832031,2.041506290435791,2.4345552542057787,2.4345552921295166,False,False,False,False,False,False
molgen_ns1.0,THSR__7UTZ,6,1.5751184028977363,2.254818612173748,1.558415174484253,2.2548184394836426,2.4345552542057787,2.4345552921295166,False,False,False,False,False,False
molgen_ns1.0,THSR__7UTZ,7,1.315114705290325,2.0254889906900706,1.3151147365570068,2.037024974822998,2.4345552542057787,2.4345552921295166,False,False,False,False,False,False
molgen_ns1.0,THSR__7UTZ,8,3.0272367524379025,1.6870512188980946,3.0272367000579834,1.668988823890686,2.4345552542057787,2.4345552921295166,True,True,False,False,False,False
molgen_ns1.0,THSR__7UTZ,9,2.410346825308177,2.249211042120627,2.410346984863281,2.2731642723083496,2.4345552542057787,2.4345552921295166,True,True,False,False,False,False
molgen_ns1.0,THSR__7UTZ,10,1.9946947698700328,1.6699308948253566,2.078110933303833,1.668601393699646,2.4345552542057787,2.4345552921295166,True,True,False,False,False,False
molgen_ns1.0,THSR__7UTZ,11,3.233118670177329,1.861426767194004,3.233118772506714,1.861426830291748,2.4345552542057787,2.4345552921295166,True,True,False,False,False,False
molgen_ns1.0,THSR__7UTZ,12,2.3824482388298414,2.614025351148829,2.5115766525268555,2.546175718307495,2.4345552542057787,2.4345552921295166,False,False,False,False,False,False
molgen_ns1.0,THSR__7UTZ,13,1.6372568471551463,1.6289119324845338,1.637256741523743,1.477959394454956,2.4345552542057787,2.4345552921295166,True,True,False,True,False,False
molgen_ns1.0,THSR__7UTZ,14,1.8528186194799168,1.8032246122982911,1.8528186082839968,1.8032246828079224,2.4345552542057787,2.4345552921295166,True,True,False,False,False,False
molgen_ns1.0,THSR__7UTZ,15,1.843517589278436,1.9834725544003229,1.9092622995376587,2.0008111000061035,2.4345552542057787,2.4345552921295166,False,False,False,False,False,False
molgen_ns1.0,THSR__7UTZ,16,1.6185394212521105,2.223667160573441,1.6185394525527954,2.2388250827789307,2.4345552542057787,2.4345552921295166,False,False,False,False,False,False
molgen_ns1.0,THSR__7UTZ,17,2.196955094478567,2.1701583115450283,2.1969549655914307,2.055905342102051,2.4345552542057787,2.4345552921295166,True,True,False,False,False,False
molgen_ns1.0,THSR__7UTZ,18,1.0792513441078406,2.1472783157082524,1.079251408576965,2.147278308868408,2.4345552542057787,2.4345552921295166,False,False,False,False,False,False
molgen_ns1.0,THSR__7UTZ,19,3.5080998724178465,2.409562362774847,3.570576429367065,2.409562349319458,2.4345552542057787,2.4345552921295166,True,True,False,False,False,False
molgen_ns1.0,THSR__7UTZ,20,2.70240136363384,2.3928624366827047,2.711601972579956,2.392862319946289,2.4345552542057787,2.4345552921295166,True,True,False,False,False,False
molgen_ns1.0,THSR__7UTZ,21,2.124497614942176,1.8714616786899416,2.142155885696411,1.891816258430481,2.4345552542057787,2.4345552921295166,True,True,False,False,False,False
molgen_ns1.0,THSR__7UTZ,22,3.118695782351267,1.5544373493975163,3.1603763103485107,1.5513947010040283,2.4345552542057787,2.4345552921295166,True,True,False,False,False,False
molgen_ns1.0,THSR__7UTZ,23,1.9711597842910216,2.67918847464602,1.9711596965789795,2.7138283252716064,2.4345552542057787,2.4345552921295166,False,False,False,False,False,False
molgen_ns1.0,THSR__7UTZ,24,1.7506763529662444,1.9724871216901552,1.7506762742996216,1.972487092018128,2.4345552542057787,2.4345552921295166,False,False,False,False,False,False
molgen_ns1.0,THSR__7UTZ,25,1.9990563129723269,2.1308008762761914,1.9990562200546265,2.130800724029541,2.4345552542057787,2.4345552921295166,False,False,False,False,False,False
molgen_ns1.0,THSR__7UTZ,26,1.7127684602664357,1.6291002611920875,1.7127684354782104,1.627511739730835,2.4345552542057787,2.4345552921295166,True,True,False,False,False,False
molgen_ns1.0,THSR__7UTZ,27,1.5833558985437717,2.1760389115210463,1.5833559036254885,2.1760387420654297,2.4345552542057787,2.4345552921295166,False,False,False,False,False,False
molgen_ns1.0,THSR__7UTZ,28,1.753718520664827,1.418502872688368,1.7537184953689575,1.4185028076171875,2.4345552542057787,2.4345552921295166,True,True,True,True,False,False
molgen_ns1.0,THSR__7UTZ,29,1.931791143237136,2.180308778431573,1.9317911863327024,2.199664831161499,2.4345552542057787,2.4345552921295166,False,False,False,False,False,False
molgen_ns1.0,betaLG,0,3.6242502091669535,3.614802507142486,3.619140148162842,3.6140615940094,1.3972391993938094,1.357591152191162,False,False,False,False,False,False
molgen_ns1.0,betaLG,1,3.5712500544240395,3.4524651650241203,3.604686975479126,3.4992425441741943,1.3972391993938094,1.357591152191162,False,False,False,False,False,False
molgen_ns1.0,betaLG,2,3.3734431547341903,3.2970928813750184,3.3632845878601074,3.309409141540528,1.3972391993938094,1.357591152191162,False,False,False,False,False,False
molgen_ns1.0,betaLG,3,3.802640582690468,3.691030613759572,3.802640676498413,3.707791566848755,1.3972391993938094,1.357591152191162,False,False,False,False,False,False
molgen_ns1.0,betaLG,4,3.7003068269877297,3.565910113709666,3.70030689239502,3.5659101009368896,1.3972391993938094,1.357591152191162,False,False,False,False,False,False
molgen_ns1.0,betaLG,5,2.012924288839335,2.064838817300436,2.023871660232544,2.0648388862609863,1.3972391993938094,1.357591152191162,False,False,False,False,False,False
molgen_ns1.0,betaLG,6,2.849157362785541,2.619390758725862,2.8019790649414062,2.6454789638519287,1.3972391993938094,1.357591152191162,False,False,False,False,False,False
molgen_ns1.0,betaLG,7,3.66151039041568,3.838541623287024,3.769066333770752,3.8391613960266113,1.3972391993938094,1.357591152191162,False,False,False,False,False,False
molgen_ns1.0,betaLG,8,2.6043742157108767,2.5525447446883867,2.5925800800323486,2.5202672481536865,1.3972391993938094,1.357591152191162,False,False,False,False,False,False
molgen_ns1.0,betaLG,9,1.7811845806179492,1.7668936986272905,1.7811845541000366,1.766893744468689,1.3972391993938094,1.357591152191162,False,False,False,False,False,False
molgen_ns1.0,betaLG,11,3.967804373552028,3.912290228625196,3.967804431915283,3.929328680038452,1.3972391993938094,1.357591152191162,False,False,False,False,False,False
molgen_ns1.0,betaLG,12,3.636688146962732,3.3652052048044268,3.636688232421875,3.349490165710449,1.3972391993938094,1.357591152191162,False,False,False,False,False,False
molgen_ns1.0,betaLG,13,2.674410199475201,2.5707626180542245,2.666111707687378,2.5891435146331787,1.3972391993938094,1.357591152191162,False,False,False,False,False,False
molgen_ns1.0,betaLG,15,3.053661738060299,2.7668844151559555,3.053661584854126,2.839761018753052,1.3972391993938094,1.357591152191162,False,False,False,False,False,False
molgen_ns1.0,betaLG,16,3.510489207288124,3.3144240879157376,3.497018814086914,3.301320075988769,1.3972391993938094,1.357591152191162,False,False,False,False,False,False
molgen_ns1.0,betaLG,17,2.342638282913473,2.090437694037449,2.3234424591064453,2.095048427581787,1.3972391993938094,1.357591152191162,False,False,False,False,False,False
molgen_ns1.0,betaLG,18,2.822242089139519,2.661657305851522,2.822242259979248,2.672819137573242,1.3972391993938094,1.357591152191162,False,False,False,False,False,False
molgen_ns1.0,betaLG,19,2.3844222369579344,2.283140324565398,2.3844223022460938,2.254951477050781,1.3972391993938094,1.357591152191162,False,False,False,False,False,False
molgen_ns1.0,betaLG,20,2.127491641572247,1.9553877177056151,2.127491474151612,1.966847538948059,1.3972391993938094,1.357591152191162,False,False,False,False,False,False
molgen_ns1.0,betaLG,21,2.611403265180852,2.392670201493712,2.604193687438965,2.4195475578308105,1.3972391993938094,1.357591152191162,False,False,False,False,False,False
molgen_ns1.0,betaLG,22,2.320303321956008,2.15682726447888,2.305392980575561,2.1892807483673096,1.3972391993938094,1.357591152191162,False,False,False,False,False,False
molgen_ns1.0,betaLG,23,4.697177144439511,4.523970913338599,4.698450088500977,4.515655994415283,1.3972391993938094,1.357591152191162,False,False,False,False,False,False
molgen_ns1.0,betaLG,24,3.4773678302167497,3.225093941759566,3.450910806655884,3.1974668502807617,1.3972391993938094,1.357591152191162,False,False,False,False,False,False
molgen_ns1.0,betaLG,25,2.245700641611085,2.154436242399079,2.1771795749664307,2.094890832901001,1.3972391993938094,1.357591152191162,False,False,False,False,False,False
molgen_ns1.0,betaLG,26,2.569226961329393,2.263557360029207,2.5109050273895264,2.2750492095947266,1.3972391993938094,1.357591152191162,False,False,False,False,False,False
molgen_ns1.0,betaLG,27,3.263021604594195,3.017978232254537,3.255634307861328,3.014498710632324,1.3972391993938094,1.357591152191162,False,False,False,False,False,False
molgen_ns1.0,betaLG,28,4.051762124399962,3.918760747656516,4.055861473083496,3.923811197280884,1.3972391993938094,1.357591152191162,False,False,False,False,False,False
molgen_ns1.0,betaLG,29,3.505930143438924,3.508403134306944,3.51794981956482,3.479646682739258,1.3972391993938094,1.357591152191162,False,False,False,False,False,False
molgen_ns1.0,cAbl,0,2.398153393230305,3.8484652781669264,2.398153305053711,3.83681058883667,3.4458517805005147,3.4368226528167725,False,False,False,False,False,False
molgen_ns1.0,cAbl,1,2.875530119738719,3.8780789711911288,2.866753339767456,3.86667799949646,3.4458517805005147,3.4368226528167725,False,False,False,False,False,False
molgen_ns1.0,cAbl,2,3.542575206393418,3.4622125524497576,3.535198450088501,3.446994543075561,3.4458517805005147,3.4368226528167725,False,False,False,False,False,False
molgen_ns1.0,cAbl,3,2.4610946180662814,3.6934636501355538,2.452676057815552,3.717410564422608,3.4458517805005147,3.4368226528167725,False,False,False,False,False,False
molgen_ns1.0,cAbl,4,2.9416092846221336,4.400516634790478,2.9782073497772217,4.401349067687988,3.4458517805005147,3.4368226528167725,False,False,False,False,False,False
molgen_ns1.0,cAbl,5,2.5817349216245824,3.647540916971501,2.5990700721740723,3.6755566596984863,3.4458517805005147,3.4368226528167725,False,False,False,False,False,False
molgen_ns1.0,cAbl,6,1.6682096231286023,3.214917705346044,1.6610316038131714,3.268160820007324,3.4458517805005147,3.4368226528167725,False,False,False,False,False,False
molgen_ns1.0,cAbl,7,3.0898048490203243,2.898241626171936,3.088216543197632,2.887473821640014,3.4458517805005147,3.4368226528167725,True,True,False,False,False,False
molgen_ns1.0,cAbl,8,1.858465594869176,3.512679725775586,1.8584613800048828,3.5081677436828613,3.4458517805005147,3.4368226528167725,False,False,False,False,False,False
molgen_ns1.0,cAbl,9,2.931076954115042,4.07839523964972,2.926727056503296,4.067994117736816,3.4458517805005147,3.4368226528167725,False,False,False,False,False,False
molgen_ns1.0,cAbl,10,1.6577167789599956,3.5118989570207617,1.6533468961715698,3.5158822536468506,3.4458517805005147,3.4368226528167725,False,False,False,False,False,False
molgen_ns1.0,cAbl,11,1.843164624070713,3.557096178709968,1.8431646823883057,3.5543062686920166,3.4458517805005147,3.4368226528167725,False,False,False,False,False,False
molgen_ns1.0,cAbl,12,2.2349627827762726,3.2960092416399243,2.249853134155273,3.296034336090088,3.4458517805005147,3.4368226528167725,False,False,False,False,False,False
molgen_ns1.0,cAbl,13,3.33000090500031,4.53808778410612,3.3327221870422363,4.51345682144165,3.4458517805005147,3.4368226528167725,False,False,False,False,False,False
molgen_ns1.0,cAbl,14,2.773039662004128,3.89439912907536,2.7730398178100586,3.912684202194214,3.4458517805005147,3.4368226528167725,False,False,False,False,False,False
molgen_ns1.0,cAbl,15,2.0504080503779267,3.473067383827481,2.041255712509156,3.4642081260681152,3.4458517805005147,3.4368226528167725,False,False,False,False,False,False
molgen_ns1.0,cAbl,16,2.2477630961939057,3.7189972580509103,2.250833511352539,3.7064614295959473,3.4458517805005147,3.4368226528167725,False,False,False,False,False,False
molgen_ns1.0,cAbl,17,2.618777850193236,3.789859267354234,2.63216495513916,3.7837297916412354,3.4458517805005147,3.4368226528167725,False,False,False,False,False,False
molgen_ns1.0,cAbl,18,2.3130100005330694,3.831284838471799,2.3257079124450684,3.8433821201324463,3.4458517805005147,3.4368226528167725,False,False,False,False,False,False
molgen_ns1.0,cAbl,19,2.779913279007961,4.02184114947356,2.77991795539856,4.005957126617432,3.4458517805005147,3.4368226528167725,False,False,False,False,False,False
molgen_ns1.0,cAbl,20,2.7756464691669755,3.776953667796348,2.7788197994232178,3.7742998600006095,3.4458517805005147,3.4368226528167725,False,False,False,False,False,False
molgen_ns1.0,cAbl,21,2.183865685125072,3.627237350372139,2.173579692840576,3.619514226913452,3.4458517805005147,3.4368226528167725,False,False,False,False,False,False
molgen_ns1.0,cAbl,22,2.2389130528785888,3.767306606841836,2.2504093647003174,3.761796236038208,3.4458517805005147,3.4368226528167725,False,False,False,False,False,False
molgen_ns1.0,cAbl,23,1.7430556695488897,3.468070374927476,1.702305555343628,3.4629828929901123,3.4458517805005147,3.4368226528167725,False,False,False,False,False,False
molgen_ns1.0,cAbl,24,3.5751308118508938,3.02921619348386,3.5401530265808105,3.0196852684021,3.4458517805005147,3.4368226528167725,True,True,False,False,False,False
molgen_ns1.0,cAbl,25,2.763054012194623,4.20884112873905,2.782536745071411,4.2078776359558105,3.4458517805005147,3.4368226528167725,False,False,False,False,False,False
molgen_ns1.0,cAbl,26,1.8770538613374528,3.551249292965392,1.8467639684677124,3.5445826053619385,3.4458517805005147,3.4368226528167725,False,False,False,False,False,False
molgen_ns1.0,cAbl,27,3.2055256694324044,4.502898091924435,3.160677671432495,4.48645544052124,3.4458517805005147,3.4368226528167725,False,False,False,False,False,False
molgen_ns1.0,cAbl,28,2.474529531541004,3.884786032282664,2.4741363525390625,3.8879880905151367,3.4458517805005147,3.4368226528167725,False,False,False,False,False,False
molgen_ns1.0,cAbl,29,2.7609109697385703,3.378372555260952,2.761091470718384,3.3757569789886475,3.4458517805005147,3.4368226528167725,False,False,False,False,False,False
molgen_ns1.0,p53_Y220C,0,3.450431037550138,3.36740878647386,3.4504311084747314,3.3674087524414062,1.1600563699903448,1.1600563526153564,False,False,False,False,False,False
molgen_ns1.0,p53_Y220C,1,3.271132987969722,2.59574035510672,3.2711331844329834,2.59574031829834,1.1600563699903448,1.1600563526153564,False,False,False,False,False,False
molgen_ns1.0,p53_Y220C,2,1.3646778724283637,0.4909426776330478,1.3646777868270874,0.4909426867961883,1.1600563699903448,1.1600563526153564,True,True,True,True,True,True
molgen_ns1.0,p53_Y220C,3,2.438238700374028,2.2988113925598213,2.4382386207580566,2.298811435699463,1.1600563699903448,1.1600563526153564,False,False,False,False,False,False
molgen_ns1.0,p53_Y220C,4,3.679995384213414,2.8856402332349163,3.67999529838562,2.8856401443481445,1.1600563699903448,1.1600563526153564,False,False,False,False,False,False
molgen_ns1.0,p53_Y220C,5,2.9362259936065205,2.7958200407967664,2.9362261295318604,2.795819997787476,1.1600563699903448,1.1600563526153564,False,False,False,False,False,False
molgen_ns1.0,p53_Y220C,6,4.09094235185145,3.673868620191492,4.0909423828125,3.6738686561584473,1.1600563699903448,1.1600563526153564,False,False,False,False,False,False
molgen_ns1.0,p53_Y220C,7,4.809959104156589,4.519948190037691,4.809958934783936,4.519948482513428,1.1600563699903448,1.1600563526153564,False,False,False,False,False,False
molgen_ns1.0,p53_Y220C,8,3.183181530060815,2.780100609950756,3.057617425918579,2.6409406661987305,1.1600563699903448,1.1600563526153564,False,False,False,False,False,False
molgen_ns1.0,p53_Y220C,9,2.3951536679594585,2.4988494768771474,2.395153522491455,2.498849630355835,1.1600563699903448,1.1600563526153564,False,False,False,False,False,False
molgen_ns1.0,p53_Y220C,10,1.8449223126576428,1.910126210648044,1.8449221849441528,1.910126090049744,1.1600563699903448,1.1600563526153564,False,False,False,False,False,False
molgen_ns1.0,p53_Y220C,11,4.141973849187155,3.861105671123328,4.141973972320557,3.861105680465698,1.1600563699903448,1.1600563526153564,False,False,False,False,False,False
molgen_ns1.0,p53_Y220C,12,4.248866509769228,3.743454200466841,4.248866558074951,3.743454217910767,1.1600563699903448,1.1600563526153564,False,False,False,False,False,False
molgen_ns1.0,p53_Y220C,13,4.221106805757078,3.5594219272769854,4.22110652923584,3.55942177772522,1.1600563699903448,1.1600563526153564,False,False,False,False,False,False
molgen_ns1.0,p53_Y220C,14,3.102058531126364,2.797428012497805,3.1020586490631104,2.797428131103516,1.1600563699903448,1.1600563526153564,False,False,False,False,False,False
molgen_ns1.0,p53_Y220C,15,3.179130486665358,2.8431559071370693,3.1791305541992188,2.843155860900879,1.1600563699903448,1.1600563526153564,False,False,False,False,False,False
molgen_ns1.0,p53_Y220C,16,4.433010929019902,3.8968250555953903,4.433011054992676,3.896825075149536,1.1600563699903448,1.1600563526153564,False,False,False,False,False,False
molgen_ns1.0,p53_Y220C,18,2.6157066900637025,2.1775359880208587,2.6157066822052,2.1775360107421875,1.1600563699903448,1.1600563526153564,False,False,False,False,False,False
molgen_ns1.0,p53_Y220C,19,2.520691124133644,2.627619329634975,2.520691156387329,2.6276192665100098,1.1600563699903448,1.1600563526153564,False,False,False,False,False,False
molgen_ns1.0,p53_Y220C,20,2.419462187514981,1.914260293511172,2.419462203979492,1.9142602682113647,1.1600563699903448,1.1600563526153564,False,False,False,False,False,False
molgen_ns1.0,p53_Y220C,21,2.9616627471789125,2.981734300858809,2.961662769317627,2.98173451423645,1.1600563699903448,1.1600563526153564,False,False,False,False,False,False
molgen_ns1.0,p53_Y220C,23,2.659671748661525,2.131245355237447,2.6596717834472656,2.1312451362609863,1.1600563699903448,1.1600563526153564,False,False,False,False,False,False
molgen_ns1.0,p53_Y220C,24,2.2448550847441053,1.7757567534216478,2.2448551654815674,1.7757569551467896,1.1600563699903448,1.1600563526153564,False,False,False,False,False,False
molgen_ns1.0,p53_Y220C,25,1.4041821570442845,1.1446109609436887,1.404182195663452,1.1446110010147097,1.1600563699903448,1.1600563526153564,True,True,True,True,False,False
molgen_ns1.0,p53_Y220C,26,4.924110252189338,4.583644971945487,4.924110412597656,4.583644866943359,1.1600563699903448,1.1600563526153564,False,False,False,False,False,False
molgen_ns1.0,p53_Y220C,27,3.431738446599499,3.1506487304504134,3.431738376617432,3.150648593902588,1.1600563699903448,1.1600563526153564,False,False,False,False,False,False
molgen_ns1.0,p53_Y220C,28,4.627621294489734,3.9370971150634255,4.627621173858643,3.9370973110198975,1.1600563699903448,1.1600563526153564,False,False,False,False,False,False
molgen_ns1.0,p53_Y220C,29,4.668120203261304,4.270441300922236,4.66811990737915,4.27044153213501,1.1600563699903448,1.1600563526153564,False,False,False,False,False,False
molgen_ns1.0,p53_Y220C__4AGQ,0,1.3926520353777074,0.819193506291316,1.3926520347595217,0.8191935420036316,1.1180275303614244,1.1180275678634644,True,True,True,True,True,True
molgen_ns1.0,p53_Y220C__4AGQ,1,0.9969507116052188,0.7824988710159382,0.9969506859779358,0.7824988961219788,1.1180275303614244,1.1180275678634644,True,True,True,True,True,True
molgen_ns1.0,p53_Y220C__4AGQ,2,1.919424517308168,1.527745811050907,1.9194244146347048,1.5277458429336548,1.1180275303614244,1.1180275678634644,False,False,False,False,False,False
molgen_ns1.0,p53_Y220C__4AGQ,3,2.0118652967600683,1.5476775846484625,2.0118653774261475,1.547677516937256,1.1180275303614244,1.1180275678634644,False,False,False,False,False,False
molgen_ns1.0,p53_Y220C__4AGQ,4,1.6043209551405533,1.5623542063677922,1.6043208837509155,1.5623542070388794,1.1180275303614244,1.1180275678634644,False,False,False,False,False,False
molgen_ns1.0,p53_Y220C__4AGQ,5,1.3034000620022126,1.73200306166753,1.3034000396728516,1.732003092765808,1.1180275303614244,1.1180275678634644,False,False,False,False,False,False
molgen_ns1.0,p53_Y220C__4AGQ,6,1.7251791661572986,1.5710136187730508,1.7251791954040527,1.5710136890411377,1.1180275303614244,1.1180275678634644,False,False,False,False,False,False
molgen_ns1.0,p53_Y220C__4AGQ,7,1.0796268341200808,0.9230136443550911,1.0796267986297607,0.9230136275291444,1.1180275303614244,1.1180275678634644,True,True,True,True,True,True
molgen_ns1.0,p53_Y220C__4AGQ,8,2.040604599654817,2.386586886445313,2.040604591369629,2.386586904525757,1.1180275303614244,1.1180275678634644,False,False,False,False,False,False
molgen_ns1.0,p53_Y220C__4AGQ,9,2.1618092902556936,1.9487168446470229,2.161809206008911,1.9487168788909912,1.1180275303614244,1.1180275678634644,False,False,False,False,False,False
molgen_ns1.0,p53_Y220C__4AGQ,10,2.024830224726222,1.721473181326861,2.024830102920532,1.721473217010498,1.1180275303614244,1.1180275678634644,False,False,False,False,False,False
molgen_ns1.0,p53_Y220C__4AGQ,11,1.9029765913043115,1.551730990381671,1.902976632118225,1.551730990409851,1.1180275303614244,1.1180275678634644,False,False,False,False,False,False
molgen_ns1.0,p53_Y220C__4AGQ,12,1.8163705473641747,2.2637509567645093,1.8163706064224243,2.2637510299682617,1.1180275303614244,1.1180275678634644,False,False,False,False,False,False
molgen_ns1.0,p53_Y220C__4AGQ,13,0.9844742290282033,1.5039108247988164,0.984474241733551,1.5068224668502808,1.1180275303614244,1.1180275678634644,False,False,False,False,False,False
molgen_ns1.0,p53_Y220C__4AGQ,14,1.7435944549831428,1.5539133481756289,1.7435944080352783,1.5539133548736572,1.1180275303614244,1.1180275678634644,False,False,False,False,False,False
molgen_ns1.0,p53_Y220C__4AGQ,15,1.4033811825077755,1.892243216350061,1.4033812284469604,1.8922431468963623,1.1180275303614244,1.1180275678634644,False,False,False,False,False,False
molgen_ns1.0,p53_Y220C__4AGQ,16,2.659117002525353,2.459435438354192,2.6791200637817383,2.45943546295166,1.1180275303614244,1.1180275678634644,False,False,False,False,False,False
molgen_ns1.0,p53_Y220C__4AGQ,17,1.5071996294614125,1.6894782041645988,1.5071996450424194,1.6894781589508057,1.1180275303614244,1.1180275678634644,False,False,False,False,False,False
molgen_ns1.0,p53_Y220C__4AGQ,18,0.834048940304045,0.7050892595409033,0.8340489268302917,0.705089271068573,1.1180275303614244,1.1180275678634644,True,True,True,True,True,True
molgen_ns1.0,p53_Y220C__4AGQ,19,2.622484623883272,2.373571439486964,2.6224846839904785,2.3735713958740234,1.1180275303614244,1.1180275678634644,False,False,False,False,False,False
molgen_ns1.0,p53_Y220C__4AGQ,20,1.9985916083388404,2.054827070494735,2.071399688720703,2.1598753929138184,1.1180275303614244,1.1180275678634644,False,False,False,False,False,False
molgen_ns1.0,p53_Y220C__4AGQ,21,1.7730554225522182,1.895949970452172,1.8626445531845093,1.9781993627548216,1.1180275303614244,1.1180275678634644,False,False,False,False,False,False
molgen_ns1.0,p53_Y220C__4AGQ,22,2.4440654045167296,2.653451577039543,2.44406533241272,2.653451442718506,1.1180275303614244,1.1180275678634644,False,False,False,False,False,False
molgen_ns1.0,p53_Y220C__4AGQ,23,1.3413088095901524,1.6185192787466345,1.341308832168579,1.618519306182861,1.1180275303614244,1.1180275678634644,False,False,False,False,False,False
molgen_ns1.0,p53_Y220C__4AGQ,24,1.982763333211868,2.192463378202711,1.982763409614563,2.1924633979797363,1.1180275303614244,1.1180275678634644,False,False,False,False,False,False
molgen_ns1.0,p53_Y220C__4AGQ,26,1.6890810064484374,1.4151915128029346,1.689081072807312,1.4151915311813354,1.1180275303614244,1.1180275678634644,False,False,False,False,False,False
molgen_ns1.0,p53_Y220C__4AGQ,27,1.713083254205657,2.051218597073435,1.713083267211914,2.051218748092652,1.1180275303614244,1.1180275678634644,False,False,False,False,False,False
molgen_ns1.0,p53_Y220C__4AGQ,28,2.5311225441897034,2.7724847458077395,2.5311224460601807,2.77248477935791,1.1180275303614244,1.1180275678634644,False,False,False,False,False,False
molgen_ns1.0,p53_Y220C__4AGQ,29,1.6014372773345222,2.006385554855681,1.6014373302459717,2.006385564804077,1.1180275303614244,1.1180275678634644,False,False,False,False,False,False
rfd3_fix7,Bcl-xL,0,2.140592327366245,2.3141658948505435,2.183102607727051,2.321423292160034,2.505562006849456,2.5040442943573,False,False,False,False,False,False
rfd3_fix7,Bcl-xL,1,1.4308033031534189,2.0307901380888955,1.4866526126861572,2.0374910831451416,2.505562006849456,2.5040442943573,False,False,False,False,False,False
rfd3_fix7,Bcl-xL,2,1.7054072889622522,2.128969973660749,1.7792702913284302,2.12896990776062,2.505562006849456,2.5040442943573,False,False,False,False,False,False
rfd3_fix7,Bcl-xL,3,1.5520648800642531,2.018782305843468,1.5933772325515747,2.0259273052215576,2.505562006849456,2.5040442943573,False,False,False,False,False,False
rfd3_fix7,Bcl-xL,4,1.6114102248554234,2.0985394393466605,1.679660439491272,2.105379343032837,2.505562006849456,2.5040442943573,False,False,False,False,False,False
rfd3_fix7,Bcl-xL,100,2.193264031758572,2.2761894631576327,2.2341878414154053,2.280965805053711,2.505562006849456,2.5040442943573,False,False,False,False,False,False
rfd3_fix7,Bcl-xL,101,1.5636801791162347,2.1675172874043533,1.6125328540802002,2.1759841442108154,2.505562006849456,2.5040442943573,False,False,False,False,False,False
rfd3_fix7,Bcl-xL,102,1.4517365861467535,1.977354019811341,1.502249002456665,1.977353930473328,2.505562006849456,2.5040442943573,False,False,False,False,False,False
rfd3_fix7,Bcl-xL,103,1.9954621482068693,2.419029460326448,2.033001661300659,2.4250760078430176,2.505562006849456,2.5040442943573,False,False,False,False,False,False
rfd3_fix7,Bcl-xL,104,1.484616858997465,2.1401062979140666,1.5376293659210205,2.140106439590454,2.505562006849456,2.5040442943573,False,False,False,False,False,False
rfd3_fix7,Bcl-xL,200,1.4562529849850276,2.067394430916572,1.512462854385376,2.074742555618286,2.505562006849456,2.5040442943573,False,False,False,False,False,False
rfd3_fix7,Bcl-xL,201,1.4624326582503104,1.9547316444560816,1.5149585008621216,1.9856221675872805,2.505562006849456,2.5040442943573,False,False,False,False,False,False
rfd3_fix7,Bcl-xL,202,0.9775757216295208,2.370640069315092,0.9782092571258544,2.409891366958618,2.505562006849456,2.5040442943573,False,False,False,False,False,False
rfd3_fix7,Bcl-xL,203,1.4797010300378788,2.098747840288769,1.5304286479949951,2.105741739273072,2.505562006849456,2.5040442943573,False,False,False,False,False,False
rfd3_fix7,Bcl-xL,204,1.646418884143829,2.2605013757247936,1.7136740684509275,2.26732873916626,2.505562006849456,2.5040442943573,False,False,False,False,False,False
rfd3_fix7,Bcl-xL,300,2.1036708376158124,2.339265315913569,2.144238471984864,2.343475818634033,2.505562006849456,2.5040442943573,False,False,False,False,False,False
rfd3_fix7,Bcl-xL,301,2.068807021656809,2.2569070892026133,2.1089978218078613,2.2569069862365723,2.505562006849456,2.5040442943573,False,False,False,False,False,False
rfd3_fix7,Bcl-xL,302,1.109942258411538,2.0647982900770496,1.1806039810180664,2.0711541175842285,2.505562006849456,2.5040442943573,False,False,False,False,False,False
rfd3_fix7,Bcl-xL,303,1.3603367429717097,2.025372718206223,1.4096688032150269,2.0253727436065674,2.505562006849456,2.5040442943573,False,False,False,False,False,False
rfd3_fix7,Bcl-xL,304,2.0890969722480293,2.3291157010555645,2.130671739578247,2.324429035186768,2.505562006849456,2.5040442943573,False,False,False,False,False,False
rfd3_fix7,Bcl-xL,400,1.7256244128019294,2.061405051694863,1.80396568775177,2.0614049434661865,2.505562006849456,2.5040442943573,False,False,False,False,False,False
rfd3_fix7,Bcl-xL,401,1.4931766003093794,1.931940922296279,1.542096734046936,1.9319409132003784,2.505562006849456,2.5040442943573,False,False,False,False,False,False
rfd3_fix7,Bcl-xL,402,1.7509209989972383,2.01254999366198,1.8319597244262693,2.012550115585327,2.505562006849456,2.5040442943573,False,False,False,False,False,False
rfd3_fix7,Bcl-xL,403,1.5477185757830467,2.087548309893609,1.5936237573623655,2.095098733901977,2.505562006849456,2.5040442943573,False,False,False,False,False,False
rfd3_fix7,Bcl-xL,404,1.422536430145934,1.9677361410741807,1.4757243394851685,1.9677361249923704,2.505562006849456,2.5040442943573,False,False,False,False,False,False
rfd3_fix7,Bcl-xL,500,1.7168200859218696,1.9775559304893733,1.7996506690979004,1.977555990219116,2.505562006849456,2.5040442943573,False,False,False,False,False,False
rfd3_fix7,Bcl-xL,501,2.0338072208002527,2.424217282344503,2.067969799041748,2.43029260635376,2.505562006849456,2.5040442943573,False,False,False,False,False,False
rfd3_fix7,Bcl-xL,502,1.6057198206562524,2.1521886310923417,1.6465078592300415,2.1598763465881348,2.505562006849456,2.5040442943573,False,False,False,False,False,False
rfd3_fix7,Bcl-xL,503,2.0648674490496326,2.26064064425234,2.106289386749268,2.261171579360962,2.505562006849456,2.5040442943573,False,False,False,False,False,False
rfd3_fix7,Bcl-xL,504,2.107297963322288,2.3053814083418294,2.149022340774536,2.339555263519287,2.505562006849456,2.5040442943573,False,False,False,False,False,False
rfd3_fix7,FUT8,0,0.7075033851673627,3.264980507465269,0.9133393168449402,3.304910898208618,3.419934534191317,3.4277188777923584,False,False,False,False,False,False
rfd3_fix7,FUT8,1,0.987570808965674,3.3932855273823934,0.9934628009796144,3.353985548019409,3.419934534191317,3.4277188777923584,False,False,False,False,False,False
rfd3_fix7,FUT8,2,0.8231992898798718,3.537542859702463,0.8231992721557617,3.5487608909606934,3.419934534191317,3.4277188777923584,False,False,False,False,False,False
rfd3_fix7,FUT8,3,0.5673192163091079,3.315893163972699,0.5673192143440247,3.345180988311768,3.419934534191317,3.4277188777923584,False,False,False,False,False,False
rfd3_fix7,FUT8,4,0.6018232147054103,3.421492127369867,0.6018232107162476,3.433945417404175,3.419934534191317,3.4277188777923584,False,False,False,False,False,False
rfd3_fix7,FUT8,100,0.650060757471261,3.371883829419851,0.6500607132911682,3.4092581272125244,3.419934534191317,3.4277188777923584,False,False,False,False,False,False
rfd3_fix7,FUT8,101,1.0854107803212718,3.4661726535521216,1.2314636707305908,3.509091377258301,3.419934534191317,3.4277188777923584,False,False,False,False,False,False
rfd3_fix7,FUT8,102,0.86460190000146,3.199893578453336,1.0355955362319946,3.2486941814422607,3.419934534191317,3.4277188777923584,False,False,False,False,False,False
rfd3_fix7,FUT8,103,1.3179833713214268,3.1563870500196245,1.3179833889007568,3.1605939865112305,3.419934534191317,3.4277188777923584,False,False,False,False,False,False
rfd3_fix7,FUT8,104,1.198162286638073,3.067274812900383,1.198162317276001,3.076100826263428,3.419934534191317,3.4277188777923584,False,False,False,False,False,False
rfd3_fix7,FUT8,200,1.4911499879309222,3.218271511745276,1.4911500215530396,3.2502214908599854,3.419934534191317,3.4277188777923584,False,False,False,False,False,False
rfd3_fix7,FUT8,201,1.478263889502766,3.1029031917942844,1.579848289489746,3.1556484699249268,3.419934534191317,3.4277188777923584,False,False,False,False,False,False
rfd3_fix7,FUT8,202,1.3983112844830232,3.1283342765769446,1.3983112573623655,3.135908603668213,3.419934534191317,3.4277188777923584,False,False,False,False,False,False
rfd3_fix7,FUT8,203,0.8414001482210196,3.377435597053242,0.8414002060890198,3.3838553428649902,3.419934534191317,3.4277188777923584,False,False,False,False,False,False
rfd3_fix7,FUT8,204,0.8187542928536445,3.1894076701943823,0.9966132044792176,3.2299156188964844,3.419934534191317,3.4277188777923584,False,False,False,False,False,False
rfd3_fix7,FUT8,300,0.87465825007539,3.3783467386689265,0.8746582269668579,3.416351795196533,3.419934534191317,3.4277188777923584,False,False,False,False,False,False
rfd3_fix7,FUT8,301,0.6196767045813608,3.296473773419399,0.6196766495704651,3.332986354827881,3.419934534191317,3.4277188777923584,False,False,False,False,False,False
rfd3_fix7,FUT8,302,1.542904191516893,3.059729937401109,1.6439419984817505,3.1054415702819824,3.419934534191317,3.4277188777923584,False,False,False,False,False,False
rfd3_fix7,FUT8,303,1.539243297884768,3.1721772687663665,1.649510622024536,3.2033634185791016,3.419934534191317,3.4277188777923584,False,False,False,False,False,False
rfd3_fix7,FUT8,304,1.4195108363832598,3.151150267599295,1.4195107221603394,3.1786134243011475,3.419934534191317,3.4277188777923584,False,False,False,False,False,False
rfd3_fix7,FUT8,400,0.9317645849003678,3.4568370925837564,0.9317646026611328,3.464638948440552,3.419934534191317,3.4277188777923584,False,False,False,False,False,False
rfd3_fix7,FUT8,401,0.6101611873088916,3.259954068009815,0.6101611852645874,3.301203727722168,3.419934534191317,3.4277188777923584,False,False,False,False,False,False
rfd3_fix7,FUT8,402,0.4198109422883853,3.2662730503093265,0.419810950756073,3.281372547149658,3.419934534191317,3.4277188777923584,False,False,False,False,False,False
rfd3_fix7,FUT8,403,0.5199593423795679,3.388868627756603,0.5199593305587769,3.4071567058563232,3.419934534191317,3.4277188777923584,False,False,False,False,False,False
rfd3_fix7,FUT8,404,1.4580411483633329,3.144805487077979,1.4580411911010742,3.16831111907959,3.419934534191317,3.4277188777923584,False,False,False,False,False,False
rfd3_fix7,FUT8,500,1.521074313492287,3.215193304118934,1.618514060974121,3.265028715133667,3.419934534191317,3.4277188777923584,False,False,False,False,False,False
rfd3_fix7,FUT8,501,1.3970302016413112,3.189106957215749,1.397030234336853,3.193535327911377,3.419934534191317,3.4277188777923584,False,False,False,False,False,False
rfd3_fix7,FUT8,502,1.4288498699908905,3.186860335662287,1.4288498163223269,3.24682879447937,3.419934534191317,3.4277188777923584,False,False,False,False,False,False
rfd3_fix7,FUT8,503,0.9115007270074128,3.4865116418544635,0.9115006923675536,3.496478319168091,3.419934534191317,3.4277188777923584,False,False,False,False,False,False
rfd3_fix7,FUT8,504,0.5747742941965351,3.421627871251267,0.5747742652893066,3.4343247413635254,3.419934534191317,3.4277188777923584,False,False,False,False,False,False
rfd3_fix7,GLTP,0,0.482222933878757,2.1068680613478303,0.4822229146957397,2.106867790222168,2.1410013181020275,2.14109754562378,False,False,False,False,False,False
rfd3_fix7,GLTP,1,0.5123118000409065,2.1288343017982854,0.5123118162155151,2.128834247589112,2.1410013181020275,2.14109754562378,False,False,False,False,False,False
rfd3_fix7,GLTP,2,0.4908257133830758,2.1149524119612058,0.4908257126808166,2.114952564239502,2.1410013181020275,2.14109754562378,False,False,False,False,False,False
rfd3_fix7,GLTP,3,0.236850220759489,2.0647948594467542,0.2368502467870712,2.0647947788238525,2.1410013181020275,2.14109754562378,False,False,False,False,False,False
rfd3_fix7,GLTP,4,0.2332134155376652,2.0954021295051373,0.2332134246826172,2.095402240753174,2.1410013181020275,2.14109754562378,False,False,False,False,False,False
rfd3_fix7,GLTP,100,0.4766581569166994,2.1077247343904464,0.4766581654548645,2.107724666595459,2.1410013181020275,2.14109754562378,False,False,False,False,False,False
rfd3_fix7,GLTP,101,0.2464851468224704,2.059066900622532,0.2464851588010788,2.0590670108795166,2.1410013181020275,2.14109754562378,False,False,False,False,False,False
rfd3_fix7,GLTP,102,0.5191217824721405,2.124198411161915,0.5191218256950378,2.1241984367370605,2.1410013181020275,2.14109754562378,False,False,False,False,False,False
rfd3_fix7,GLTP,103,0.4763757811642161,2.1071133047783035,0.4763757586479187,2.1071131229400635,2.1410013181020275,2.14109754562378,False,False,False,False,False,False
rfd3_fix7,GLTP,104,0.2149603606384203,2.0477658424470686,0.2149603515863418,2.0477659702301025,2.1410013181020275,2.14109754562378,False,False,False,False,False,False
rfd3_fix7,GLTP,200,0.2101874353488387,2.072530208004773,0.2101874202489853,2.072530031204224,2.1410013181020275,2.14109754562378,False,False,False,False,False,False
rfd3_fix7,GLTP,201,0.2188133657385803,2.079397669179425,0.2188133746385574,2.079397678375244,2.1410013181020275,2.14109754562378,False,False,False,False,False,False
rfd3_fix7,GLTP,202,0.2365296930113089,2.0586770856480783,0.2365296930074691,2.0586769580841064,2.1410013181020275,2.14109754562378,False,False,False,False,False,False
rfd3_fix7,GLTP,203,0.213969849935617,2.0756638597484733,0.2139698415994644,2.0756638050079346,2.1410013181020275,2.14109754562378,False,False,False,False,False,False
rfd3_fix7,GLTP,204,0.2262761395254226,2.094962371206405,0.2262761443853378,2.0949623584747314,2.1410013181020275,2.14109754562378,False,False,False,False,False,False
rfd3_fix7,GLTP,300,0.240467813018345,2.0968981918864733,0.2404678165912628,2.096898078918457,2.1410013181020275,2.14109754562378,False,False,False,False,False,False
rfd3_fix7,GLTP,301,0.4913458739802471,2.12335605886819,0.4913458824157715,2.1233561038970947,2.1410013181020275,2.14109754562378,False,False,False,False,False,False
rfd3_fix7,GLTP,302,0.4777542393290843,2.110578258297558,0.4777542650699615,2.1105782985687256,2.1410013181020275,2.14109754562378,False,False,False,False,False,False
rfd3_fix7,GLTP,303,0.5152067566412494,2.135634056398577,0.5152067542076111,2.135633945465088,2.1410013181020275,2.14109754562378,False,False,False,False,False,False
rfd3_fix7,GLTP,304,0.4983672169555929,2.118120496797628,0.4983671903610229,2.1181206703186035,2.1410013181020275,2.14109754562378,False,False,False,False,False,False
rfd3_fix7,GLTP,400,0.2265136900659321,2.083042239432605,0.2265136986970901,2.0830423831939697,2.1410013181020275,2.14109754562378,False,False,False,False,False,False
rfd3_fix7,GLTP,401,0.4850370903229764,2.1053212600280458,0.485037088394165,2.105321168899536,2.1410013181020275,2.14109754562378,False,False,False,False,False,False
rfd3_fix7,GLTP,402,0.219517988642253,2.0645500920730293,0.2195179909467697,2.0645499229431152,2.1410013181020275,2.14109754562378,False,False,False,False,False,False
rfd3_fix7,GLTP,403,0.4793758752885271,2.1003514313690235,0.4793759286403656,2.100351572036743,2.1410013181020275,2.14109754562378,False,False,False,False,False,False
rfd3_fix7,GLTP,404,0.2358243083653093,2.07888007062673,0.2358243018388748,2.078880071640014,2.1410013181020275,2.14109754562378,False,False,False,False,False,False
rfd3_fix7,GLTP,500,0.2294006277933456,2.10258571192683,0.2294006049633026,2.102585554122925,2.1410013181020275,2.14109754562378,False,False,False,False,False,False
rfd3_fix7,GLTP,501,0.4802212770578762,2.1124255348547925,0.4802212715148926,2.1124255657196045,2.1410013181020275,2.14109754562378,False,False,False,False,False,False
rfd3_fix7,GLTP,502,0.5182725211615227,2.120469378268996,0.5182725191116333,2.120469570159912,2.1410013181020275,2.14109754562378,False,False,False,False,False,False
rfd3_fix7,GLTP,503,0.5056072232310466,2.0971314727639734,0.5056071877479553,2.097131490707397,2.1410013181020275,2.14109754562378,False,False,False,False,False,False
rfd3_fix7,GLTP,504,0.4943482978217448,2.1027404137788968,0.4943483173847198,2.1027402877807617,2.1410013181020275,2.14109754562378,False,False,False,False,False,False
rfd3_fix7,HIF2alpha,0,2.522125501454009,2.4909577559425737,2.747039794921875,2.490957736968994,1.86542516135414,1.8654251098632808,False,False,False,False,False,False
rfd3_fix7,HIF2alpha,1,1.348739810068792,1.2393938448673372,1.3487398624420166,1.3159793615341189,1.86542516135414,1.8654251098632808,True,True,True,True,False,False
rfd3_fix7,HIF2alpha,2,2.4848214207561825,2.6143652431115374,2.6064932346343994,2.704359292984009,1.86542516135414,1.8654251098632808,False,False,False,False,False,False
rfd3_fix7,HIF2alpha,3,1.6097382235378586,1.058496049201987,1.8829706907272337,1.0584959983825684,1.86542516135414,1.8654251098632808,True,True,True,True,False,False
rfd3_fix7,HIF2alpha,4,2.529812816887599,2.595376848850438,2.643238306045532,2.59537672996521,1.86542516135414,1.8654251098632808,False,False,False,False,False,False
rfd3_fix7,HIF2alpha,100,2.5356370038699194,2.614224838665114,2.660539388656616,2.7075207233428955,1.86542516135414,1.8654251098632808,False,False,False,False,False,False
rfd3_fix7,HIF2alpha,101,2.638345570988728,2.671366602942513,2.860629081726074,2.6713664531707764,1.86542516135414,1.8654251098632808,False,False,False,False,False,False
rfd3_fix7,HIF2alpha,102,2.675565851085423,2.628674715328254,2.8439059257507324,2.6286749839782715,1.86542516135414,1.8654251098632808,False,False,False,False,False,False
rfd3_fix7,HIF2alpha,103,1.28515600264372,1.239357935824908,1.620898962020874,1.2393579483032229,1.86542516135414,1.8654251098632808,True,True,True,True,False,False
rfd3_fix7,HIF2alpha,104,1.2746475077370365,1.1455547109609607,1.6043192148208618,1.145554780960083,1.86542516135414,1.8654251098632808,True,True,True,True,False,False
rfd3_fix7,HIF2alpha,200,2.6855943414365813,2.604248564386039,2.8347904682159424,2.604248523712158,1.86542516135414,1.8654251098632808,False,False,False,False,False,False
rfd3_fix7,HIF2alpha,201,2.4695827190341983,2.547012647823953,2.5911481380462646,2.6685380935668945,1.86542516135414,1.8654251098632808,False,False,False,False,False,False
rfd3_fix7,HIF2alpha,202,2.63893909295049,2.5861533165517656,2.8213424682617188,2.586153268814087,1.86542516135414,1.8654251098632808,False,False,False,False,False,False
rfd3_fix7,HIF2alpha,203,2.461607094820653,2.577789099803629,2.589715480804444,2.577789068222046,1.86542516135414,1.8654251098632808,False,False,False,False,False,False
rfd3_fix7,HIF2alpha,204,2.338553289145267,2.654594513859553,2.4726290702819824,2.654594659805298,1.86542516135414,1.8654251098632808,False,False,False,False,False,False
rfd3_fix7,HIF2alpha,300,2.5497387970429752,2.58169608378289,2.7883129119873047,2.581696033477783,1.86542516135414,1.8654251098632808,False,False,False,False,False,False
rfd3_fix7,HIF2alpha,301,2.5205006865979924,2.560551840988065,2.520500659942627,2.652927160263061,1.86542516135414,1.8654251098632808,False,False,False,False,False,False
rfd3_fix7,HIF2alpha,302,2.6025974275884582,2.616631950261508,2.7254087924957275,2.7241687774658203,1.86542516135414,1.8654251098632808,False,False,False,False,False,False
rfd3_fix7,HIF2alpha,303,1.577861356797513,1.117759931403747,1.8691502809524536,1.1177599430084229,1.86542516135414,1.8654251098632808,True,True,True,True,False,False
rfd3_fix7,HIF2alpha,304,1.550705744274193,1.2216822570562338,1.8167866468429563,1.2216821908950806,1.86542516135414,1.8654251098632808,True,True,True,True,False,False
rfd3_fix7,HIF2alpha,400,2.4298755045580767,2.4621731355611787,2.5542876720428467,2.5429704189300537,1.86542516135414,1.8654251098632808,False,False,False,False,False,False
rfd3_fix7,HIF2alpha,401,1.3889797696208892,1.2873727120333267,1.6213743686676023,1.360055923461914,1.86542516135414,1.8654251098632808,True,True,True,True,False,False
rfd3_fix7,HIF2alpha,402,2.354109974406392,2.455583036085801,2.590260028839112,2.455583095550537,1.86542516135414,1.8654251098632808,False,False,False,False,False,False
rfd3_fix7,HIF2alpha,403,1.4008701637834118,1.294135042431762,1.6398048400878906,1.357349872589111,1.86542516135414,1.8654251098632808,True,True,True,True,False,False
rfd3_fix7,HIF2alpha,404,2.5101742660393582,2.590115596363248,2.6356894969940186,2.690497636795044,1.86542516135414,1.8654251098632808,False,False,False,False,False,False
rfd3_fix7,HIF2alpha,500,2.4376216325544,2.3975167814623664,2.682801485061645,2.3975167274475098,1.86542516135414,1.8654251098632808,False,False,False,False,False,False
rfd3_fix7,HIF2alpha,501,2.441368814817161,2.6091941623625883,2.570622205734253,2.609194278717041,1.86542516135414,1.8654251098632808,False,False,False,False,False,False
rfd3_fix7,HIF2alpha,502,2.6634392480077262,2.6108879936430944,2.821709632873535,2.6108880043029785,1.86542516135414,1.8654251098632808,False,False,False,False,False,False
rfd3_fix7,HIF2alpha,503,2.4987157490040794,2.5188443873252573,2.6253793239593506,2.5188443660736084,1.86542516135414,1.8654251098632808,False,False,False,False,False,False
rfd3_fix7,HIF2alpha,504,2.472505462746735,2.559168937812111,2.6278650760650635,2.559168815612793,1.86542516135414,1.8654251098632808,False,False,False,False,False,False
rfd3_fix7,HIF2alpha__6D0B,0,1.8398948691292576,2.199401456944156,1.926837682723999,2.199401378631592,1.6729991744940291,1.7488830089569092,False,False,False,False,False,False
rfd3_fix7,HIF2alpha__6D0B,1,0.8415570451519551,1.5988786222097326,1.025543212890625,1.6226037740707395,1.6729991744940291,1.7488830089569092,False,False,False,False,False,False
rfd3_fix7,HIF2alpha__6D0B,2,1.3631215990325232,0.955984789328536,1.547518610954285,0.9559848308563232,1.6729991744940291,1.7488830089569092,True,True,True,True,True,True
rfd3_fix7,HIF2alpha__6D0B,3,1.1549783340164963,1.8311904305744844,1.3526926040649414,1.8311904668807983,1.6729991744940291,1.7488830089569092,False,False,False,False,False,False
rfd3_fix7,HIF2alpha__6D0B,4,1.8172159572259536,2.293978464010632,1.898494362831116,2.293978452682495,1.6729991744940291,1.7488830089569092,False,False,False,False,False,False
rfd3_fix7,HIF2alpha__6D0B,100,1.990568465750301,2.047909396068203,2.1214828491210938,2.0479094982147217,1.6729991744940291,1.7488830089569092,False,False,False,False,False,False
rfd3_fix7,HIF2alpha__6D0B,101,2.097640138272217,2.051501341943564,2.180856466293335,2.125798225402832,1.6729991744940291,1.7488830089569092,False,False,False,False,False,False
rfd3_fix7,HIF2alpha__6D0B,102,1.014715036032343,1.4577507705006458,1.1824009418487549,1.4784693717956543,1.6729991744940291,1.7488830089569092,False,False,False,False,False,False
rfd3_fix7,HIF2alpha__6D0B,103,1.858598825410683,2.2060158834483743,2.001904010772705,2.2060158252716064,1.6729991744940291,1.7488830089569092,False,False,False,False,False,False
rfd3_fix7,HIF2alpha__6D0B,104,1.2514597255441695,1.0545351237331149,1.4459434747695925,1.054535150527954,1.6729991744940291,1.7488830089569092,True,True,True,True,False,False
rfd3_fix7,HIF2alpha__6D0B,200,1.994246280246436,2.378696529401162,2.074879646301269,2.37869644165039,1.6729991744940291,1.7488830089569092,False,False,False,False,False,False
rfd3_fix7,HIF2alpha__6D0B,201,1.992069144311616,2.182441568333628,2.0785577297210693,2.2024245262146,1.6729991744940291,1.7488830089569092,False,False,False,False,False,False
rfd3_fix7,HIF2alpha__6D0B,202,0.9250213993137216,1.4884594515020042,1.1157289743423462,1.510400652885437,1.6729991744940291,1.7488830089569092,False,False,False,False,False,False
rfd3_fix7,HIF2alpha__6D0B,203,1.88221976232482,2.284127564224539,1.9291108846664429,2.2841274738311768,1.6729991744940291,1.7488830089569092,False,False,False,False,False,False
rfd3_fix7,HIF2alpha__6D0B,204,1.7368717670794316,2.1916306506003047,1.8265050649642944,2.1916308403015137,1.6729991744940291,1.7488830089569092,False,False,False,False,False,False
rfd3_fix7,HIF2alpha__6D0B,300,1.0192985020974916,1.4880615062440965,1.2621208429336548,1.4880614280700684,1.6729991744940291,1.7488830089569092,False,False,False,False,False,False
rfd3_fix7,HIF2alpha__6D0B,301,1.3868736997839446,1.0896501067683242,1.4460986852645874,1.0896501541137695,1.6729991744940291,1.7488830089569092,True,True,True,True,False,False
rfd3_fix7,HIF2alpha__6D0B,302,0.9700754742753256,1.4642329159661789,1.1337913274765017,1.484602689743042,1.6729991744940291,1.7488830089569092,False,False,False,False,False,False
rfd3_fix7,HIF2alpha__6D0B,303,2.0560564580829284,1.9986278765283003,2.056056499481201,2.0908145904541016,1.6729991744940291,1.7488830089569092,False,False,False,False,False,False
rfd3_fix7,HIF2alpha__6D0B,304,2.10038293310844,2.069020280134852,2.257910966873169,2.069020271301269,1.6729991744940291,1.7488830089569092,False,False,False,False,False,False
rfd3_fix7,HIF2alpha__6D0B,400,2.1722322132391603,1.9916322148447148,2.269829034805298,1.991632103919983,1.6729991744940291,1.7488830089569092,False,False,False,False,False,False
rfd3_fix7,HIF2alpha__6D0B,401,2.028711092736141,1.992091915854428,2.162356376647949,1.9920918941497805,1.6729991744940291,1.7488830089569092,False,False,False,False,False,False
rfd3_fix7,HIF2alpha__6D0B,402,1.0341491930501212,1.4770219879057114,1.2607204914093018,1.4770219326019287,1.6729991744940291,1.7488830089569092,False,False,False,False,False,False
rfd3_fix7,HIF2alpha__6D0B,403,2.1263993380862485,2.082154742851085,2.160083770751953,2.0821547508239746,1.6729991744940291,1.7488830089569092,False,False,False,False,False,False
rfd3_fix7,HIF2alpha__6D0B,404,1.7484087351051278,2.200128205559746,1.8418421745300293,2.2001283168792725,1.6729991744940291,1.7488830089569092,False,False,False,False,False,False
rfd3_fix7,HIF2alpha__6D0B,500,0.8594418712481625,1.4337400182718338,1.0496704578399658,1.4572899341583252,1.6729991744940291,1.7488830089569092,False,False,False,False,False,False
rfd3_fix7,HIF2alpha__6D0B,501,1.1609960131716766,1.2073723749720573,1.3134039640426636,1.2362492084503174,1.6729991744940291,1.7488830089569092,False,True,False,True,False,False
rfd3_fix7,HIF2alpha__6D0B,502,1.9624313868574164,2.3492712196828744,2.091303825378418,2.349271297454834,1.6729991744940291,1.7488830089569092,False,False,False,False,False,False
rfd3_fix7,HIF2alpha__6D0B,503,1.8856676058590465,2.274624008919276,2.0091514587402344,2.2746238708496094,1.6729991744940291,1.7488830089569092,False,False,False,False,False,False
rfd3_fix7,HIF2alpha__6D0B,504,1.814122976136828,2.264060767370333,1.8545371294021609,2.264060735702514,1.6729991744940291,1.7488830089569092,False,False,False,False,False,False
rfd3_fix7,HIV1_CA,0,1.03674327824839,1.1419986831448117,1.0367432832717896,1.1419987678527832,1.3207135415934947,1.3453065156936646,False,False,False,False,False,False
rfd3_fix7,HIV1_CA,1,0.6623397521380052,1.167863821974654,0.6623397469520569,1.167863845825195,1.3207135415934947,1.3453065156936646,False,False,False,False,False,False
rfd3_fix7,HIV1_CA,2,1.937345847283466,1.6482137535236188,1.9373458623886108,1.6755975484848022,1.3207135415934947,1.3453065156936646,False,False,False,False,False,False
rfd3_fix7,HIV1_CA,3,0.707175786259479,1.3520484986444206,0.7071757912635803,1.352048397064209,1.3207135415934947,1.3453065156936646,False,False,False,False,False,False
rfd3_fix7,HIV1_CA,4,1.132424217123155,1.5341341014737029,1.132424235343933,1.534134030342102,1.3207135415934947,1.3453065156936646,False,False,False,False,False,False
rfd3_fix7,HIV1_CA,100,1.0353449811368238,1.6117979244628786,1.0353449583053589,1.651936173439026,1.3207135415934947,1.3453065156936646,False,False,False,False,False,False
rfd3_fix7,HIV1_CA,101,2.120278567320068,1.866866775413412,2.120278596878052,1.8620805740356443,1.3207135415934947,1.3453065156936646,False,False,False,False,False,False
rfd3_fix7,HIV1_CA,102,2.0378684180811173,1.749430912068184,2.03786849975586,1.7545982599258425,1.3207135415934947,1.3453065156936646,False,False,False,False,False,False
rfd3_fix7,HIV1_CA,103,0.6772777571668206,1.410992028041819,0.6772777438163757,1.444423794746399,1.3207135415934947,1.3453065156936646,False,False,False,False,False,False
rfd3_fix7,HIV1_CA,104,0.88818466748492,1.3629361371342832,0.888184666633606,1.3629361391067505,1.3207135415934947,1.3453065156936646,False,False,False,False,False,False
rfd3_fix7,HIV1_CA,200,1.6807165025017812,1.1259710806744148,1.6807163953781128,1.1250139474868774,1.3207135415934947,1.3453065156936646,True,True,True,True,False,False
rfd3_fix7,HIV1_CA,201,1.8497229486077569,1.3206177006989317,1.849722981452942,1.329698920249939,1.3207135415934947,1.3453065156936646,True,True,True,True,False,False
rfd3_fix7,HIV1_CA,202,1.5691130587401512,1.079362463157664,1.56911301612854,1.0793625116348269,1.3207135415934947,1.3453065156936646,True,True,True,True,False,False
rfd3_fix7,HIV1_CA,203,1.8425666330504955,1.158175083026067,1.842566728591919,1.157478094100952,1.3207135415934947,1.3453065156936646,True,True,True,True,False,False
rfd3_fix7,HIV1_CA,204,1.8370867655944023,1.657066224063994,1.837086796760559,1.6630948781967163,1.3207135415934947,1.3453065156936646,False,False,False,False,False,False
rfd3_fix7,HIV1_CA,300,0.9427260578098048,1.2329239397778753,0.9427260756492616,1.232923984527588,1.3207135415934947,1.3453065156936646,False,False,False,False,False,False
rfd3_fix7,HIV1_CA,301,1.6513267295067775,1.604630176247096,1.6513267755508425,1.626168727874756,1.3207135415934947,1.3453065156936646,False,False,False,False,False,False
rfd3_fix7,HIV1_CA,302,1.6829351527070884,1.050041735793502,1.6829352378845217,1.069543480873108,1.3207135415934947,1.3453065156936646,True,True,True,True,False,False
rfd3_fix7,HIV1_CA,303,1.52577589061981,1.2435358754540458,1.525775909423828,1.2467927932739258,1.3207135415934947,1.3453065156936646,True,True,True,True,False,False
rfd3_fix7,HIV1_CA,304,1.830065763041152,1.5442217368201103,1.8300657272338867,1.5508341789245603,1.3207135415934947,1.3453065156936646,False,False,False,False,False,False
rfd3_fix7,HIV1_CA,400,2.423815403161282,2.095586575390561,2.423815488815308,2.1150095462799072,1.3207135415934947,1.3453065156936646,False,False,False,False,False,False
rfd3_fix7,HIV1_CA,401,1.5362545158417114,2.094536552911003,1.5362545251846311,2.094536542892456,1.3207135415934947,1.3453065156936646,False,False,False,False,False,False
rfd3_fix7,HIV1_CA,402,2.067755198167802,1.6731726501643605,2.0677552223205566,1.714626431465149,1.3207135415934947,1.3453065156936646,False,False,False,False,False,False
rfd3_fix7,HIV1_CA,403,1.4589714470738404,1.066235402464338,1.4589715003967283,1.0670489072799685,1.3207135415934947,1.3453065156936646,True,True,True,True,False,False
rfd3_fix7,HIV1_CA,404,1.2570861551524757,1.7165365435223532,1.257086157798767,1.738200068473816,1.3207135415934947,1.3453065156936646,False,False,False,False,False,False
rfd3_fix7,HIV1_CA,500,1.7240415939093916,1.1750930343482509,1.7240415811538696,1.1750930547714231,1.3207135415934947,1.3453065156936646,True,True,True,True,False,False
rfd3_fix7,HIV1_CA,501,1.6710676579090298,1.2540931021067627,1.6710675954818726,1.262745380401611,1.3207135415934947,1.3453065156936646,True,True,True,True,False,False
rfd3_fix7,HIV1_CA,502,1.9561606725652,1.5727326746562913,1.9561607837677,1.598060131072998,1.3207135415934947,1.3453065156936646,False,False,False,False,False,False
rfd3_fix7,HIV1_CA,503,2.2934804039009795,1.971125090108792,2.293480396270752,1.97112500667572,1.3207135415934947,1.3453065156936646,False,False,False,False,False,False
rfd3_fix7,HIV1_CA,504,1.372830736426199,1.656202079671507,1.3728307485580444,1.6729835271835327,1.3207135415934947,1.3453065156936646,False,False,False,False,False,False
rfd3_fix7,HIV_RT,0,0.7785828740768979,2.971208267439363,0.8052237629890442,2.971208095550537,3.055562157269878,3.073980569839477,False,False,False,False,False,False
rfd3_fix7,HIV_RT,1,0.9264525315426856,2.97875300514668,0.9424651861190796,2.978753089904785,3.055562157269878,3.073980569839477,False,False,False,False,False,False
rfd3_fix7,HIV_RT,2,0.9294637417750572,3.007205767962656,0.9294637441635132,3.0140140056610107,3.055562157269878,3.073980569839477,False,False,False,False,False,False
rfd3_fix7,HIV_RT,3,0.8027721958861123,2.984361260458695,0.8197027444839478,2.984361171722412,3.055562157269878,3.073980569839477,False,False,False,False,False,False
rfd3_fix7,HIV_RT,4,0.9454239641632682,2.924046064378029,0.959294855594635,2.924046277999878,3.055562157269878,3.073980569839477,False,False,False,False,False,False
rfd3_fix7,HIV_RT,100,1.0938868049619812,3.055866879035785,1.107434868812561,3.0558667182922363,3.055562157269878,3.073980569839477,False,False,False,False,False,False
rfd3_fix7,HIV_RT,101,0.7712017726759601,3.0576204299141465,0.7870121002197266,3.0576205253601074,3.055562157269878,3.073980569839477,False,False,False,False,False,False
rfd3_fix7,HIV_RT,102,0.8736657537786018,2.95701694451105,0.8998257517814636,2.957016944885254,3.055562157269878,3.073980569839477,False,False,False,False,False,False
rfd3_fix7,HIV_RT,103,0.7783706593400416,2.9032573370390207,0.8059754371643066,2.903257131576538,3.055562157269878,3.073980569839477,False,False,False,False,False,False
rfd3_fix7,HIV_RT,104,0.8492200422828357,2.9988890595005064,0.8492200374603271,2.9988889694213867,3.055562157269878,3.073980569839477,False,False,False,False,False,False
rfd3_fix7,HIV_RT,200,0.9124533393325714,2.983989287906214,0.9124533534049988,2.991037607192993,3.055562157269878,3.073980569839477,False,False,False,False,False,False
rfd3_fix7,HIV_RT,201,0.8970094745955477,2.960312479404602,0.8970094919204712,2.966768503189087,3.055562157269878,3.073980569839477,False,False,False,False,False,False
rfd3_fix7,HIV_RT,202,0.8879234634752647,2.944645194919754,0.9052234888076782,2.944645404815674,3.055562157269878,3.073980569839477,False,False,False,False,False,False
rfd3_fix7,HIV_RT,203,1.0372147909707357,3.0985995875992653,1.037214756011963,3.105815887451172,3.055562157269878,3.073980569839477,False,False,False,False,False,False
rfd3_fix7,HIV_RT,204,0.8206342728297216,2.9968430009925227,0.8374612927436829,2.996842861175537,3.055562157269878,3.073980569839477,False,False,False,False,False,False
rfd3_fix7,HIV_RT,300,0.8262823191795652,2.8530359914551084,0.8262823820114136,2.8620851039886475,3.055562157269878,3.073980569839477,False,False,False,False,False,False
rfd3_fix7,HIV_RT,301,0.8871635726680297,2.912579683444197,0.9140389561653136,2.9125795364379883,3.055562157269878,3.073980569839477,False,False,False,False,False,False
rfd3_fix7,HIV_RT,302,1.3461012077851715,3.065274149368931,1.34610116481781,3.0684077739715576,3.055562157269878,3.073980569839477,False,False,False,False,False,False
rfd3_fix7,HIV_RT,303,0.8843043079083691,2.926269041335661,0.9069404006004332,2.926269054412842,3.055562157269878,3.073980569839477,False,False,False,False,False,False
rfd3_fix7,HIV_RT,304,0.8746978590373022,2.899317261255301,0.8998376131057739,2.8993172645568848,3.055562157269878,3.073980569839477,False,False,False,False,False,False
rfd3_fix7,HIV_RT,400,0.8381916512522322,2.869874596158218,0.8381916284561157,2.881476163864136,3.055562157269878,3.073980569839477,False,False,False,False,False,False
rfd3_fix7,HIV_RT,401,0.8644340535779201,2.894735378057095,0.8878988027572632,2.89473557472229,3.055562157269878,3.073980569839477,False,False,False,False,False,False
rfd3_fix7,HIV_RT,402,1.1106583955716591,3.040185724058423,1.1106584072113037,3.040224075317383,3.055562157269878,3.073980569839477,False,False,False,False,False,False
rfd3_fix7,HIV_RT,403,0.9049307088933112,3.061401064412088,0.9219464659690856,3.083604097366333,3.055562157269878,3.073980569839477,False,False,False,False,False,False
rfd3_fix7,HIV_RT,404,0.9143218966295372,3.0551769053304967,0.9143218994140624,3.0669822692871094,3.055562157269878,3.073980569839477,False,False,False,False,False,False
rfd3_fix7,HIV_RT,500,0.8321190859124923,2.915667734251137,0.8321190476417542,2.924668073654175,3.055562157269878,3.073980569839477,False,False,False,False,False,False
rfd3_fix7,HIV_RT,501,0.8163831035180934,2.9369660900665884,0.8163830041885376,2.945619344711304,3.055562157269878,3.073980569839477,False,False,False,False,False,False
rfd3_fix7,HIV_RT,502,1.4048749380757013,2.63605585278668,1.4048749208450315,2.644287109375,3.055562157269878,3.073980569839477,False,False,False,False,False,False
rfd3_fix7,HIV_RT,503,1.2144088064109266,2.98253443295847,1.2144087553024292,2.982534408569336,3.055562157269878,3.073980569839477,False,False,False,False,False,False
rfd3_fix7,HIV_RT,504,0.7833442551836753,2.983531878831436,0.7833442091941833,2.989332675933838,3.055562157269878,3.073980569839477,False,False,False,False,False,False
rfd3_fix7,HIV_RT__3V81,0,0.7464504738210319,3.0532101025263096,0.7464504241943359,3.052998781204224,3.0896312117090363,3.0896313190460205,False,False,False,False,False,False
rfd3_fix7,HIV_RT__3V81,1,0.820323565578101,3.0486322398060697,0.8203235864639282,3.0517008304595947,3.0896312117090363,3.0896313190460205,False,False,False,False,False,False
rfd3_fix7,HIV_RT__3V81,2,0.7303060488959139,3.085381389544988,0.7297154068946838,3.085381269454956,3.0896312117090363,3.0896313190460205,False,False,False,False,False,False
rfd3_fix7,HIV_RT__3V81,3,0.6654100483057338,2.990063947069026,0.6617103219032288,2.9900710582733154,3.0896312117090363,3.0896313190460205,False,False,False,False,False,False
rfd3_fix7,HIV_RT__3V81,4,0.6974103152346677,3.0147292238024788,0.6974102854728699,3.014490842819214,3.0896312117090363,3.0896313190460205,False,False,False,False,False,False
rfd3_fix7,HIV_RT__3V81,100,0.6973920676765861,3.029911696495734,0.6973921060562134,3.029071569442749,3.0896312117090363,3.0896313190460205,False,False,False,False,False,False
rfd3_fix7,HIV_RT__3V81,101,0.8739559769095692,2.9902531812453823,0.8739559054374695,2.988903045654297,3.0896312117090363,3.0896313190460205,False,False,False,False,False,False
rfd3_fix7,HIV_RT__3V81,102,0.7548851020979497,3.013459001722872,0.7431904673576355,3.013589382171631,3.0896312117090363,3.0896313190460205,False,False,False,False,False,False
rfd3_fix7,HIV_RT__3V81,103,0.7377073547910741,3.0557956371158816,0.7377073764801025,3.055803775787353,3.0896312117090363,3.0896313190460205,False,False,False,False,False,False
rfd3_fix7,HIV_RT__3V81,104,0.7749471190366625,3.017666459399481,0.7749471068382263,3.017697811126709,3.0896312117090363,3.0896313190460205,False,False,False,False,False,False
rfd3_fix7,HIV_RT__3V81,200,0.7400068682094305,3.036721910770923,0.7400068044662476,3.049023628234864,3.0896312117090363,3.0896313190460205,False,False,False,False,False,False
rfd3_fix7,HIV_RT__3V81,201,0.7748529431499126,3.0637468169918263,0.7811281681060791,3.063746690750122,3.0896312117090363,3.0896313190460205,False,False,False,False,False,False
rfd3_fix7,HIV_RT__3V81,202,0.8461150354543713,3.053714039851761,0.846114993095398,3.0718882083892822,3.0896312117090363,3.0896313190460205,False,False,False,False,False,False
rfd3_fix7,HIV_RT__3V81,203,0.6178295247336357,2.9437069476293827,0.6178295016288757,2.9628560543060303,3.0896312117090363,3.0896313190460205,False,False,False,False,False,False
rfd3_fix7,HIV_RT__3V81,204,0.6702477152367088,2.945064306845544,0.6702476739883423,2.94478702545166,3.0896312117090363,3.0896313190460205,False,False,False,False,False,False
rfd3_fix7,HIV_RT__3V81,300,0.7954383609258517,2.983467027642184,0.7954384088516235,2.983467102050781,3.0896312117090363,3.0896313190460205,False,False,False,False,False,False
rfd3_fix7,HIV_RT__3V81,301,0.6768827558784724,3.081992200780616,0.6768827438354492,3.081774950027466,3.0896312117090363,3.0896313190460205,False,False,False,False,False,False
rfd3_fix7,HIV_RT__3V81,302,0.6687308155866462,3.008301750304869,0.6687307953834534,3.008474826812744,3.0896312117090363,3.0896313190460205,False,False,False,False,False,False
rfd3_fix7,HIV_RT__3V81,303,0.8413887433576317,3.023895319597097,0.8413887619972229,3.023895263671875,3.0896312117090363,3.0896313190460205,False,False,False,False,False,False
rfd3_fix7,HIV_RT__3V81,304,0.6379461098831678,2.951686202207626,0.6379461288452148,2.951686382293701,3.0896312117090363,3.0896313190460205,False,False,False,False,False,False
rfd3_fix7,HIV_RT__3V81,400,0.7905111017694282,3.013221948600965,0.7905110716819763,3.0334386825561523,3.0896312117090363,3.0896313190460205,False,False,False,False,False,False
rfd3_fix7,HIV_RT__3V81,401,0.6304956431271181,2.9878522211458045,0.6304956078529358,2.987731695175171,3.0896312117090363,3.0896313190460205,False,False,False,False,False,False
rfd3_fix7,HIV_RT__3V81,402,0.7004684481426385,2.959259543310233,0.7004684209823608,2.959259510040283,3.0896312117090363,3.0896313190460205,False,False,False,False,False,False
rfd3_fix7,HIV_RT__3V81,403,0.7145489236867459,3.044129424968384,0.7145488858222961,3.0443344116210938,3.0896312117090363,3.0896313190460205,False,False,False,False,False,False
rfd3_fix7,HIV_RT__3V81,404,0.7004512879939198,2.962141521330723,0.7004513144493103,2.962141513824463,3.0896312117090363,3.0896313190460205,False,False,False,False,False,False
rfd3_fix7,HIV_RT__3V81,500,0.740929464062739,2.999846428232324,0.7409294843673706,2.9996824264526367,3.0896312117090363,3.0896313190460205,False,False,False,False,False,False
rfd3_fix7,HIV_RT__3V81,501,0.7656695778394212,3.0112575113169395,0.765669584274292,3.011401414871216,3.0896312117090363,3.0896313190460205,False,False,False,False,False,False
rfd3_fix7,HIV_RT__3V81,502,1.498285124112349,2.5754269578122866,1.4982850551605225,2.57556414604187,3.0896312117090363,3.0896313190460205,False,False,False,False,False,False
rfd3_fix7,HIV_RT__3V81,503,0.5828614726082815,3.015754343771891,0.5828614830970764,3.015754461288452,3.0896312117090363,3.0896313190460205,False,False,False,False,False,False
rfd3_fix7,HIV_RT__3V81,504,0.719930131558371,3.074472909607484,0.719930112361908,3.0757577419281006,3.0896312117090363,3.0896313190460205,False,False,False,False,False,False
rfd3_fix7,KRAS,0,2.890394339127472,3.727316855810331,2.890394449234009,3.7293484210968018,3.742426159251105,3.743377208709717,False,False,False,False,False,False
rfd3_fix7,KRAS,1,1.36960979399587,3.616901319891345,1.3232148885726929,3.6180403232574463,3.742426159251105,3.743377208709717,False,False,False,False,False,False
rfd3_fix7,KRAS,2,2.130874987323048,3.507714728277971,2.1298060417175293,3.5038535594940186,3.742426159251105,3.743377208709717,False,False,False,False,False,False
rfd3_fix7,KRAS,3,1.97163219668939,3.5434454019669728,1.9776448011398315,3.5375003814697266,3.742426159251105,3.743377208709717,False,False,False,False,False,False
rfd3_fix7,KRAS,4,1.7778744022155897,3.492986560073985,1.7778743505477903,3.494417428970337,3.742426159251105,3.743377208709717,False,False,False,False,False,False
rfd3_fix7,KRAS,100,2.08414281499636,3.4776607970574016,2.0841426849365234,3.478936195373535,3.742426159251105,3.743377208709717,False,False,False,False,False,False
rfd3_fix7,KRAS,101,2.128723508644558,3.295840623677864,2.128723382949829,3.2982959747314453,3.742426159251105,3.743377208709717,False,False,False,False,False,False
rfd3_fix7,KRAS,102,2.08360909669599,3.139600852900005,2.0813474655151367,3.1350419521331787,3.742426159251105,3.743377208709717,False,False,False,False,False,False
rfd3_fix7,KRAS,103,1.841271772614922,3.1178401021642435,1.8063968420028689,3.119256019592285,3.742426159251105,3.743377208709717,False,False,False,False,False,False
rfd3_fix7,KRAS,104,2.2580110630026176,3.2761317532949734,2.258011102676392,3.2772231101989746,3.742426159251105,3.743377208709717,False,False,False,False,False,False
rfd3_fix7,KRAS,200,2.4741524423621266,4.16536969841393,2.472278118133545,4.1619062423706055,3.742426159251105,3.743377208709717,False,False,False,False,False,False
rfd3_fix7,KRAS,201,2.2274878842778434,3.1601759634470823,2.227487802505493,3.1601758003234863,3.742426159251105,3.743377208709717,False,False,False,False,False,False
rfd3_fix7,KRAS,202,1.798962572492872,3.5284199172484207,1.7989624738693235,3.529150485992432,3.742426159251105,3.743377208709717,False,False,False,False,False,False
rfd3_fix7,KRAS,203,1.7105715632204914,3.921626584081197,1.7105714082717896,3.921626567840576,3.742426159251105,3.743377208709717,False,False,False,False,False,False
rfd3_fix7,KRAS,204,1.7077172179399618,3.499321647316724,1.6720750331878662,3.5008530616760254,3.742426159251105,3.743377208709717,False,False,False,False,False,False
rfd3_fix7,KRAS,300,1.2264452048560444,3.6530553422348753,1.2264450788497925,3.654175281524658,3.742426159251105,3.743377208709717,False,False,False,False,False,False
rfd3_fix7,KRAS,301,1.928240369989043,3.3764196006159577,1.8972184658050537,3.3782904148101807,3.742426159251105,3.743377208709717,False,False,False,False,False,False
rfd3_fix7,KRAS,302,2.2433877738765764,3.159729975070418,2.241279602050781,3.1559834480285645,3.742426159251105,3.743377208709717,False,False,False,False,False,False
rfd3_fix7,KRAS,303,1.924366937349992,3.376777813483647,1.9098247289657595,3.361590623855591,3.742426159251105,3.743377208709717,False,False,False,False,False,False
rfd3_fix7,KRAS,304,2.242204787474161,3.5713824949228123,2.242204666137696,3.572835922241211,3.742426159251105,3.743377208709717,False,False,False,False,False,False
rfd3_fix7,KRAS,400,2.0301018990488613,3.338064924690536,2.030102014541626,3.336512565612793,3.742426159251105,3.743377208709717,False,False,False,False,False,False
rfd3_fix7,KRAS,401,2.556608970438821,3.766371264628817,2.5566089153289795,3.768584489822388,3.742426159251105,3.743377208709717,False,False,False,False,False,False
rfd3_fix7,KRAS,402,1.3385327035858856,3.480548801702407,1.3385326862335205,3.480548858642578,3.742426159251105,3.743377208709717,False,False,False,False,False,False
rfd3_fix7,KRAS,403,1.5895861160725004,3.644501607154228,1.5655057430267334,3.6309309005737305,3.742426159251105,3.743377208709717,False,False,False,False,False,False
rfd3_fix7,KRAS,404,2.276114281433187,3.26942328150696,2.276114225387573,3.270318984985352,3.742426159251105,3.743377208709717,False,False,False,False,False,False
rfd3_fix7,KRAS,500,2.018546986089364,3.439688261771574,1.9888238906860352,3.441168546676636,3.742426159251105,3.743377208709717,False,False,False,False,False,False
rfd3_fix7,KRAS,501,1.6439450012100212,3.52648768214903,1.6439449787139893,3.5285322666168213,3.742426159251105,3.743377208709717,False,False,False,False,False,False
rfd3_fix7,KRAS,502,2.6500936569052755,3.288257323822892,2.669066429138184,3.2784738540649414,3.742426159251105,3.743377208709717,False,False,False,False,False,False
rfd3_fix7,KRAS,503,1.8295199099820143,3.467439390098044,1.8295199871063232,3.4674394130706787,3.742426159251105,3.743377208709717,False,False,False,False,False,False
rfd3_fix7,KRAS,504,1.8067246652259936,3.5756757731912816,1.804200768470764,3.5717036724090576,3.742426159251105,3.743377208709717,False,False,False,False,False,False
rfd3_fix7,Menin,0,0.7724357796116905,0.8548384458542384,0.7724357843399048,0.8548384308815002,1.2468617606125678,1.246861696243286,False,False,False,False,False,False
rfd3_fix7,Menin,1,1.11437113745131,1.111855518788325,1.1143710613250732,1.1118555068969729,1.2468617606125678,1.246861696243286,True,True,True,True,False,False
rfd3_fix7,Menin,2,0.9428942480016612,1.1035648170847354,0.9428942203521729,1.103564739227295,1.2468617606125678,1.246861696243286,False,False,False,False,False,False
rfd3_fix7,Menin,3,0.8556333205482781,1.087108074843838,0.8556333184242249,1.0871080160140991,1.2468617606125678,1.246861696243286,False,False,False,False,False,False
rfd3_fix7,Menin,4,1.0730312640819857,1.1376736261599496,1.073031306266785,1.1376736164093018,1.2468617606125678,1.246861696243286,False,False,False,False,False,False
rfd3_fix7,Menin,100,0.636524413689771,0.982958948034032,0.6365244388580322,0.9829589128494264,1.2468617606125678,1.246861696243286,False,False,False,False,False,False
rfd3_fix7,Menin,101,0.8913927501880686,1.1047020306952786,0.8913927674293518,1.1047019958496094,1.2468617606125678,1.246861696243286,False,False,False,False,False,False
rfd3_fix7,Menin,102,1.1900304705627118,1.096291724125581,1.1900304555892944,1.0962917804718018,1.2468617606125678,1.246861696243286,True,True,True,True,False,False
rfd3_fix7,Menin,103,0.9001135067596437,1.1775862925235696,0.9001135230064392,1.177586317062378,1.2468617606125678,1.246861696243286,False,False,False,False,False,False
rfd3_fix7,Menin,104,0.7895262902745475,0.8129267292910959,0.7895263433456421,0.8129267692565918,1.2468617606125678,1.246861696243286,False,False,False,False,False,False
rfd3_fix7,Menin,200,1.005687203117644,1.1204263299351065,1.0056871175765991,1.1204262971878052,1.2468617606125678,1.246861696243286,False,False,False,False,False,False
rfd3_fix7,Menin,201,1.047736080296261,1.354533199687773,1.0477360486984253,1.354533314704895,1.2468617606125678,1.246861696243286,False,False,False,False,False,False
rfd3_fix7,Menin,202,0.6504124739169641,0.8969090123563885,0.6504124402999878,0.8969089984893799,1.2468617606125678,1.246861696243286,False,False,False,False,False,False
rfd3_fix7,Menin,203,0.9147688623572976,1.1138260760740804,0.9147688746452332,1.113826036453247,1.2468617606125678,1.246861696243286,False,False,False,False,False,False
rfd3_fix7,Menin,204,0.8768157113052752,0.948180970463668,0.8768157362937927,0.9481809735298156,1.2468617606125678,1.246861696243286,False,False,False,False,False,False
rfd3_fix7,Menin,300,0.9930282291384896,1.110142320643995,0.9930282235145568,1.1101423501968384,1.2468617606125678,1.246861696243286,False,False,False,False,False,False
rfd3_fix7,Menin,301,1.2731051268484386,1.0311055336334036,1.2731051445007324,1.0311055183410645,1.2468617606125678,1.246861696243286,True,True,True,True,False,False
rfd3_fix7,Menin,302,0.8600696781445316,1.0237082986423978,0.8600696325302124,1.0237082242965698,1.2468617606125678,1.246861696243286,False,False,False,False,False,False
rfd3_fix7,Menin,303,1.0374287744471258,1.1296682731945182,1.0374287366867063,1.129668354988098,1.2468617606125678,1.246861696243286,False,False,False,False,False,False
rfd3_fix7,Menin,304,0.9349660720311046,1.0103089900932152,0.9349660873413086,1.0103089809417725,1.2468617606125678,1.246861696243286,False,False,False,False,False,False
rfd3_fix7,Menin,400,0.907589153187656,0.89073611545375,0.9075891971588136,0.8907360434532166,1.2468617606125678,1.246861696243286,True,True,True,True,True,True
rfd3_fix7,Menin,401,0.9164810182010956,1.1710225971135149,0.9164810180664062,1.1710225343704224,1.2468617606125678,1.246861696243286,False,False,False,False,False,False
rfd3_fix7,Menin,402,1.133802419130205,0.9948399615773336,1.1338025331497192,0.9948399066925048,1.2468617606125678,1.246861696243286,True,True,True,True,True,True
rfd3_fix7,Menin,403,0.9907012505109531,1.206704445287084,0.9907011985778807,1.2067044973373413,1.2468617606125678,1.246861696243286,False,False,False,False,False,False
rfd3_fix7,Menin,404,0.9652220546081072,0.9568381343523956,0.9652220010757446,0.9568381309509276,1.2468617606125678,1.246861696243286,True,True,True,True,True,True
rfd3_fix7,Menin,500,0.9345704004690892,1.1213586492686267,0.9345704317092896,1.1213586330413818,1.2468617606125678,1.246861696243286,False,False,False,False,False,False
rfd3_fix7,Menin,501,1.1802446574570902,1.1777488667029588,1.174799561500549,1.1777487993240356,1.2468617606125678,1.246861696243286,True,False,True,False,False,False
rfd3_fix7,Menin,502,1.0002703465677285,1.048293326484654,1.0002703666687012,1.0482932329177856,1.2468617606125678,1.246861696243286,False,False,False,False,False,False
rfd3_fix7,Menin,503,0.9202616769400572,0.6743237031799347,0.9202617406845092,0.6743236780166626,1.2468617606125678,1.246861696243286,True,True,True,True,True,True
rfd3_fix7,Menin,504,1.013507527834094,1.0472793465747354,1.013507604598999,1.0472793579101562,1.2468617606125678,1.246861696243286,False,False,False,False,False,False
rfd3_fix7,NDPK-A,0,2.5505340334407784,2.446073715784408,2.550534009933472,2.4349288940429688,3.4697602388704447,3.4699201583862305,True,True,False,False,False,False
rfd3_fix7,NDPK-A,1,2.5754907382952617,2.4934336608265912,2.575490713119507,2.4847631454467773,3.4697602388704447,3.4699201583862305,True,True,False,False,False,False
rfd3_fix7,NDPK-A,2,2.62516653217185,2.5011531961353235,2.625166654586792,2.4712002277374268,3.4697602388704447,3.4699201583862305,True,True,False,False,False,False
rfd3_fix7,NDPK-A,3,2.473917406271673,2.3681018926887893,2.473917484283448,2.3366379737854004,3.4697602388704447,3.4699201583862305,True,True,False,False,False,False
rfd3_fix7,NDPK-A,4,2.646982916768751,2.501868322103936,2.6469829082489014,2.50186824798584,3.4697602388704447,3.4699201583862305,True,True,False,False,False,False
rfd3_fix7,NDPK-A,100,2.602855350234413,2.3425800461357205,2.602855443954468,2.3425800800323486,3.4697602388704447,3.4699201583862305,True,True,False,False,False,False
rfd3_fix7,NDPK-A,101,2.4375959989384217,2.447872173206528,2.437595844268799,2.418001651763916,3.4697602388704447,3.4699201583862305,False,True,False,False,False,False
rfd3_fix7,NDPK-A,102,2.597097498285544,2.442496355334358,2.597097396850586,2.431234121322632,3.4697602388704447,3.4699201583862305,True,True,False,False,False,False
rfd3_fix7,NDPK-A,103,2.4318209150558925,2.486790692273736,2.431820869445801,2.475469827651977,3.4697602388704447,3.4699201583862305,False,False,False,False,False,False
rfd3_fix7,NDPK-A,104,2.550289611205677,2.1107154949417337,2.5502896308898926,2.099872350692749,3.4697602388704447,3.4699201583862305,True,True,False,False,False,False
rfd3_fix7,NDPK-A,200,2.649746547240314,2.4077420374211367,2.6497466564178467,2.397921562194824,3.4697602388704447,3.4699201583862305,True,True,False,False,False,False
rfd3_fix7,NDPK-A,201,2.5533618550538777,2.387451079014375,2.553361654281616,2.357227802276612,3.4697602388704447,3.4699201583862305,True,True,False,False,False,False
rfd3_fix7,NDPK-A,202,2.561503534864081,2.426365507179133,2.5615034103393555,2.4180679321289062,3.4697602388704447,3.4699201583862305,True,True,False,False,False,False
rfd3_fix7,NDPK-A,203,2.527141355143579,2.4470787853967746,2.5271413326263428,2.43726658821106,3.4697602388704447,3.4699201583862305,True,True,False,False,False,False
rfd3_fix7,NDPK-A,204,2.268482187267576,2.256000230282724,2.268482208251953,2.25600004196167,3.4697602388704447,3.4699201583862305,True,True,False,False,False,False
rfd3_fix7,NDPK-A,300,2.460718609641084,2.4229233484430925,2.4607186317443848,2.3919787406921387,3.4697602388704447,3.4699201583862305,True,True,False,False,False,False
rfd3_fix7,NDPK-A,301,2.6368413886656805,2.320948287246833,2.636841297149658,2.3097128868103027,3.4697602388704447,3.4699201583862305,True,True,False,False,False,False
rfd3_fix7,NDPK-A,302,2.5593178510867345,2.4313603720491948,2.5593180656433105,2.420952081680298,3.4697602388704447,3.4699201583862305,True,True,False,False,False,False
rfd3_fix7,NDPK-A,303,2.443029697347091,2.35292160711538,2.4430296421051025,2.320636034011841,3.4697602388704447,3.4699201583862305,True,True,False,False,False,False
rfd3_fix7,NDPK-A,304,2.539304112144842,2.4005718158652427,2.539304256439209,2.3695008754730225,3.4697602388704447,3.4699201583862305,True,True,False,False,False,False
rfd3_fix7,NDPK-A,400,2.4594335836511703,2.251122605549197,2.459433555603028,2.2511227130889893,3.4697602388704447,3.4699201583862305,True,True,False,False,False,False
rfd3_fix7,NDPK-A,401,2.589023449091437,2.450745864662894,2.5890231132507324,2.435981750488281,3.4697602388704447,3.4699201583862305,True,True,False,False,False,False
rfd3_fix7,NDPK-A,402,2.4009511202743576,2.2224806803273576,2.400951147079468,2.215539693832397,3.4697602388704447,3.4699201583862305,True,True,False,False,False,False
rfd3_fix7,NDPK-A,403,2.466474857376809,2.244300560457936,2.466474771499634,2.2099714279174805,3.4697602388704447,3.4699201583862305,True,True,False,False,False,False
rfd3_fix7,NDPK-A,404,2.432180159209928,2.3805290082567154,2.432180166244507,2.3719639778137207,3.4697602388704447,3.4699201583862305,True,True,False,False,False,False
rfd3_fix7,NDPK-A,500,2.4648571968780835,2.436806738236012,2.4648571014404297,2.40617036819458,3.4697602388704447,3.4699201583862305,True,True,False,False,False,False
rfd3_fix7,NDPK-A,501,2.5476296080544816,2.3559038435978565,2.5476295948028564,2.3433635234832764,3.4697602388704447,3.4699201583862305,True,True,False,False,False,False
rfd3_fix7,NDPK-A,502,0.7402891608532285,3.090057816370652,0.7402891516685486,3.090057849884033,3.4697602388704447,3.4699201583862305,False,False,False,False,False,False
rfd3_fix7,NDPK-A,503,2.5723329903278964,2.553713200948899,2.5723330974578857,2.546377420425415,3.4697602388704447,3.4699201583862305,True,True,False,False,False,False
rfd3_fix7,NDPK-A,504,2.6566623603006936,2.414246480093004,2.6566624641418457,2.383157253265381,3.4697602388704447,3.4699201583862305,True,True,False,False,False,False
rfd3_fix7,SHP2,0,1.4859061387077117,1.882374810248595,1.5492318868637085,1.896390438079834,1.8482636253491047,1.8406480550765991,False,False,False,False,False,False
rfd3_fix7,SHP2,1,2.8022697377275083,2.65513742248972,2.80226993560791,2.673980951309204,1.8482636253491047,1.8406480550765991,False,False,False,False,False,False
rfd3_fix7,SHP2,2,2.196213860590691,1.998569876700504,2.232885360717773,1.9985699653625488,1.8482636253491047,1.8406480550765991,False,False,False,False,False,False
rfd3_fix7,SHP2,3,1.848859438268224,1.6189041241065871,1.848859429359436,1.6189042329788208,1.8482636253491047,1.8406480550765991,True,True,False,False,False,False
rfd3_fix7,SHP2,4,2.1051026441474074,2.061565928528269,2.1051025390625,2.031604766845703,1.8482636253491047,1.8406480550765991,False,False,False,False,False,False
rfd3_fix7,SHP2,100,1.7621607780512203,1.274967348221247,1.7621607780456543,1.2749674320220947,1.8482636253491047,1.8406480550765991,True,True,True,True,False,False
rfd3_fix7,SHP2,101,2.4657687114875384,2.172733270528763,2.496511459350586,2.193523406982422,1.8482636253491047,1.8406480550765991,False,False,False,False,False,False
rfd3_fix7,SHP2,102,1.812224956200052,2.1190462129910066,1.8551386594772337,2.119046211242676,1.8482636253491047,1.8406480550765991,False,False,False,False,False,False
rfd3_fix7,SHP2,103,2.1776047009172026,1.825743309846868,2.193467855453491,1.8537992238998413,1.8482636253491047,1.8406480550765991,True,False,False,False,False,False
rfd3_fix7,SHP2,104,2.145778880672778,1.6453687169343512,2.176075220108032,1.675958275794983,1.8482636253491047,1.8406480550765991,True,True,False,False,False,False
rfd3_fix7,SHP2,200,2.13302643446432,1.4867446937241835,2.1782093048095703,1.5166220664978027,1.8482636253491047,1.8406480550765991,True,True,True,False,False,False
rfd3_fix7,SHP2,201,1.7083316592922313,1.0862894110499353,1.72255277633667,1.086289405822754,1.8482636253491047,1.8406480550765991,True,True,True,True,False,False
rfd3_fix7,SHP2,202,1.871677898995885,1.831095366498892,1.9369076490402224,1.836494207382202,1.8482636253491047,1.8406480550765991,True,True,False,False,False,False
rfd3_fix7,SHP2,203,2.038046709864521,1.5662489067206118,2.030479431152344,1.5787403583526611,1.8482636253491047,1.8406480550765991,True,True,False,False,False,False
rfd3_fix7,SHP2,204,2.2559194860214857,2.0611357787886875,2.263096332550049,2.0462231636047363,1.8482636253491047,1.8406480550765991,False,False,False,False,False,False
rfd3_fix7,SHP2,300,1.6166039433835142,1.7474224727170984,1.616603970527649,1.7187585830688477,1.8482636253491047,1.8406480550765991,False,False,False,False,False,False
rfd3_fix7,SHP2,301,1.9529293264686576,1.855291067860584,1.954707384109497,1.8359918594360352,1.8482636253491047,1.8406480550765991,False,True,False,False,False,False
rfd3_fix7,SHP2,302,2.351468598735612,2.504047654362398,2.351468563079834,2.5040476322174072,1.8482636253491047,1.8406480550765991,False,False,False,False,False,False
rfd3_fix7,SHP2,303,2.132064562686957,1.995833530644419,2.1320645809173584,1.9958335161209104,1.8482636253491047,1.8406480550765991,False,False,False,False,False,False
rfd3_fix7,SHP2,304,2.414097377236724,2.3323780065155937,2.4495630264282227,2.3156864643096924,1.8482636253491047,1.8406480550765991,False,False,False,False,False,False
rfd3_fix7,SHP2,400,1.6572378879862495,1.4085279968022135,1.657237887382507,1.4254934787750244,1.8482636253491047,1.8406480550765991,True,True,True,True,False,False
rfd3_fix7,SHP2,401,1.9533885270325988,1.514641980874668,1.9533884525299072,1.5146421194076538,1.8482636253491047,1.8406480550765991,True,True,False,False,False,False
rfd3_fix7,SHP2,402,2.355577929821993,1.9691733605554749,2.4143552780151367,1.9996819496154783,1.8482636253491047,1.8406480550765991,False,False,False,False,False,False
rfd3_fix7,SHP2,403,1.9573056109851712,1.9630475445036364,1.9573055505752563,1.9538960456848145,1.8482636253491047,1.8406480550765991,False,False,False,False,False,False
rfd3_fix7,SHP2,404,2.1387214991226764,1.5205624812273202,2.1368672847747803,1.5243515968322754,1.8482636253491047,1.8406480550765991,True,True,False,False,False,False
rfd3_fix7,SHP2,500,1.591110125262426,1.880211743470424,1.591110110282898,1.880211591720581,1.8482636253491047,1.8406480550765991,False,False,False,False,False,False
rfd3_fix7,SHP2,501,1.5959117800101073,1.6064395432422651,1.6494196653366089,1.6389505863189695,1.8482636253491047,1.8406480550765991,False,True,False,False,False,False
rfd3_fix7,SHP2,502,2.3933544160751987,1.839530083138163,2.418522834777832,1.84161114692688,1.8482636253491047,1.8406480550765991,True,False,False,False,False,False
rfd3_fix7,SHP2,503,2.250170158685532,2.057952255524263,2.28073787689209,2.060776948928833,1.8482636253491047,1.8406480550765991,False,False,False,False,False,False
rfd3_fix7,SHP2,504,2.12595124755499,1.6809827730780351,2.1877474784851074,1.7157199382781982,1.8482636253491047,1.8406480550765991,True,True,False,False,False,False
rfd3_fix7,THSR,0,4.039269834249455,4.060462317231632,4.04068660736084,4.09977912902832,1.616455574028625,1.562853455543518,False,False,False,False,False,False
rfd3_fix7,THSR,1,2.73770060097358,2.615557138620092,2.737700700759888,2.6155571937561035,1.616455574028625,1.562853455543518,False,False,False,False,False,False
rfd3_fix7,THSR,2,2.8581966769281126,2.9925647504675283,2.8618009090423584,2.9925646781921387,1.616455574028625,1.562853455543518,False,False,False,False,False,False
rfd3_fix7,THSR,3,3.2468497312249784,3.385564518997346,3.2206454277038574,3.36370587348938,1.616455574028625,1.562853455543518,False,False,False,False,False,False
rfd3_fix7,THSR,4,1.4028229996280182,1.158604862847035,1.3364254236221311,1.158604860305786,1.616455574028625,1.562853455543518,True,True,True,True,False,False
rfd3_fix7,THSR,100,3.793298347120648,3.730736778853245,3.760904550552368,3.7049505710601807,1.616455574028625,1.562853455543518,False,False,False,False,False,False
rfd3_fix7,THSR,101,2.943693116289654,2.951777520155938,2.891520500183105,2.928267002105713,1.616455574028625,1.562853455543518,False,False,False,False,False,False
rfd3_fix7,THSR,102,2.755147511251572,2.663011702075607,2.724940776824951,2.6630117893218994,1.616455574028625,1.562853455543518,False,False,False,False,False,False
rfd3_fix7,THSR,103,1.4197818529783168,1.3615523713799598,1.42439603805542,1.361552357673645,1.616455574028625,1.562853455543518,True,True,True,True,False,False
rfd3_fix7,THSR,104,4.029165979974571,4.094383622281472,4.001804828643799,4.072958469390869,1.616455574028625,1.562853455543518,False,False,False,False,False,False
rfd3_fix7,THSR,200,3.549888119530925,3.6163440842203487,3.4939160346984863,3.591038703918457,1.616455574028625,1.562853455543518,False,False,False,False,False,False
rfd3_fix7,THSR,201,1.9740780225737853,1.3896145085028109,1.951413869857788,1.389614462852478,1.616455574028625,1.562853455543518,True,True,True,True,False,False
rfd3_fix7,THSR,202,2.790233840361453,2.841601624631164,2.7727718353271484,2.812994956970215,1.616455574028625,1.562853455543518,False,False,False,False,False,False
rfd3_fix7,THSR,203,3.220315380221151,3.0684153480382363,3.1997997760772705,3.042941331863404,1.616455574028625,1.562853455543518,False,False,False,False,False,False
rfd3_fix7,THSR,204,1.5844604072128985,1.799297068047729,1.5844604969024658,1.7992970943450928,1.616455574028625,1.562853455543518,False,False,False,False,False,False
rfd3_fix7,THSR,300,1.3800215116239674,1.0048624870140312,1.3303043842315674,1.0048624277114868,1.616455574028625,1.562853455543518,True,True,True,True,False,False
rfd3_fix7,THSR,301,3.484614153617142,3.4023488061630327,3.4912900924682617,3.450434923171997,1.616455574028625,1.562853455543518,False,False,False,False,False,False
rfd3_fix7,THSR,302,2.587030816608132,2.717744467619981,2.587031126022339,2.7177443504333496,1.616455574028625,1.562853455543518,False,False,False,False,False,False
rfd3_fix7,THSR,303,1.6961527151685905,1.509186755095824,1.696152687072754,1.509186625480652,1.616455574028625,1.562853455543518,True,True,False,False,False,False
rfd3_fix7,THSR,304,2.010832156875845,2.084525335620813,2.0108320713043213,2.084525346755981,1.616455574028625,1.562853455543518,False,False,False,False,False,False
rfd3_fix7,THSR,400,2.7118562452142387,2.7188498037127866,2.7131507396698,2.7188496589660645,1.616455574028625,1.562853455543518,False,False,False,False,False,False
rfd3_fix7,THSR,401,3.1534310492503645,3.203804536634232,3.1244006156921387,3.177409648895264,1.616455574028625,1.562853455543518,False,False,False,False,False,False
rfd3_fix7,THSR,402,3.920655443511431,4.045661220814747,3.896008491516113,4.024058818817139,1.616455574028625,1.562853455543518,False,False,False,False,False,False
rfd3_fix7,THSR,403,3.1362240469396587,3.0531471116484914,3.116136074066162,3.0275113582611084,1.616455574028625,1.562853455543518,False,False,False,False,False,False
rfd3_fix7,THSR,404,2.9723426743172587,2.9950894694005563,2.9619462490081787,2.9763972759246826,1.616455574028625,1.562853455543518,False,False,False,False,False,False
rfd3_fix7,THSR,500,3.050182413881469,3.038444501970836,2.999393939971924,3.010373592376709,1.616455574028625,1.562853455543518,False,False,False,False,False,False
rfd3_fix7,THSR,501,1.412257396490224,1.2890186127466212,1.3705796003341677,1.289018630981445,1.616455574028625,1.562853455543518,True,True,True,True,False,False
rfd3_fix7,THSR,502,1.3420388501838365,1.062204486723384,1.2774182558059692,1.0622044801712036,1.616455574028625,1.562853455543518,True,True,True,True,False,False
rfd3_fix7,THSR,503,1.531604765672562,1.604204139945042,1.5246317386627195,1.6042040586471558,1.616455574028625,1.562853455543518,False,False,False,False,False,False
rfd3_fix7,THSR,504,1.5075480215355497,1.9441135039863264,1.5075480937957764,1.9441133737564087,1.616455574028625,1.562853455543518,False,False,False,False,False,False
rfd3_fix7,THSR__7UTZ,0,2.2591574320415866,2.0927996132107283,2.273489236831665,2.092799663543701,2.4345552542057787,2.4345552921295166,True,True,False,False,False,False
rfd3_fix7,THSR__7UTZ,1,2.4561115035711416,2.6305933752514505,2.4670746326446533,2.6305935382843018,2.4345552542057787,2.4345552921295166,False,False,False,False,False,False
rfd3_fix7,THSR__7UTZ,2,4.191033404007743,4.593527737751575,4.197676658630371,4.593527793884277,2.4345552542057787,2.4345552921295166,False,False,False,False,False,False
rfd3_fix7,THSR__7UTZ,3,2.367432149346896,2.6007089675296355,2.377893686294556,2.6007089614868164,2.4345552542057787,2.4345552921295166,False,False,False,False,False,False
rfd3_fix7,THSR__7UTZ,4,2.58169238134628,2.974189428384954,2.5816924571990967,2.9681413173675537,2.4345552542057787,2.4345552921295166,False,False,False,False,False,False
rfd3_fix7,THSR__7UTZ,100,2.507047883711523,3.239229055309249,2.5131070613861084,3.239229202270508,2.4345552542057787,2.4345552921295166,False,False,False,False,False,False
rfd3_fix7,THSR__7UTZ,101,2.434489282340713,3.073679746670836,2.353468894958496,3.073679685592652,2.4345552542057787,2.4345552921295166,False,False,False,False,False,False
rfd3_fix7,THSR__7UTZ,102,2.2409315678958577,2.4845245011508723,2.249223232269287,2.4845244884490967,2.4345552542057787,2.4345552921295166,False,False,False,False,False,False
rfd3_fix7,THSR__7UTZ,103,2.2689063894088943,2.7268346499259053,2.268906593322754,2.716801166534424,2.4345552542057787,2.4345552921295166,False,False,False,False,False,False
rfd3_fix7,THSR__7UTZ,104,2.315040708835072,2.56668401624364,2.3223114013671875,2.5666840076446533,2.4345552542057787,2.4345552921295166,False,False,False,False,False,False
rfd3_fix7,THSR__7UTZ,200,2.420429923479732,2.5105339719966064,2.430934429168701,2.5105340480804443,2.4345552542057787,2.4345552921295166,False,False,False,False,False,False
rfd3_fix7,THSR__7UTZ,201,2.414852748623737,1.905620857381312,2.4148528575897217,1.9056209325790403,2.4345552542057787,2.4345552921295166,True,True,False,False,False,False
rfd3_fix7,THSR__7UTZ,202,2.0840105938073115,2.8018651015731546,1.98709499835968,2.801865100860596,2.4345552542057787,2.4345552921295166,False,False,False,False,False,False
rfd3_fix7,THSR__7UTZ,203,2.491248171664841,2.905737429350681,2.503358602523804,2.89992356300354,2.4345552542057787,2.4345552921295166,False,False,False,False,False,False
rfd3_fix7,THSR__7UTZ,204,2.589912717562754,2.5371362399448807,2.6020309925079346,2.533812999725342,2.4345552542057787,2.4345552921295166,False,False,False,False,False,False
rfd3_fix7,THSR__7UTZ,300,2.141897554612932,2.8031153365839248,2.0542776584625244,2.8031153678894043,2.4345552542057787,2.4345552921295166,False,False,False,False,False,False
rfd3_fix7,THSR__7UTZ,301,2.102434135643925,2.7325932597725195,2.0253262519836426,2.732593297958374,2.4345552542057787,2.4345552921295166,False,False,False,False,False,False
rfd3_fix7,THSR__7UTZ,302,2.3958226612630624,2.6853240632837303,2.403441905975342,2.68532395362854,2.4345552542057787,2.4345552921295166,False,False,False,False,False,False
rfd3_fix7,THSR__7UTZ,303,1.8573807238542788,2.6201467447762523,1.767436981201172,2.6201467514038086,2.4345552542057787,2.4345552921295166,False,False,False,False,False,False
rfd3_fix7,THSR__7UTZ,304,2.4801209354772835,2.595884184515905,2.496424436569214,2.5871224403381348,2.4345552542057787,2.4345552921295166,False,False,False,False,False,False
rfd3_fix7,THSR__7UTZ,400,2.144436461281921,2.529242911749743,2.1444363594055176,2.529242992401123,2.4345552542057787,2.4345552921295166,False,False,False,False,False,False
rfd3_fix7,THSR__7UTZ,401,2.615688403044297,2.598805972415775,2.6156883239746094,2.598806142807007,2.4345552542057787,2.4345552921295166,False,False,False,False,False,False
rfd3_fix7,THSR__7UTZ,402,2.437679646633945,2.3758525912426096,2.456277370452881,2.375852584838867,2.4345552542057787,2.4345552921295166,True,True,False,False,False,False
rfd3_fix7,THSR__7UTZ,403,2.225066869402804,2.4333631759071843,2.225066900253296,2.433363199234009,2.4345552542057787,2.4345552921295166,False,False,False,False,False,False
rfd3_fix7,THSR__7UTZ,404,2.152188168910885,2.8127007306840563,2.0607502460479736,2.8127009868621826,2.4345552542057787,2.4345552921295166,False,False,False,False,False,False
rfd3_fix7,THSR__7UTZ,500,2.212197426276284,2.384430200627312,2.2121973037719727,2.372481346130371,2.4345552542057787,2.4345552921295166,False,False,False,False,False,False
rfd3_fix7,THSR__7UTZ,501,2.316532712408843,2.6381721722680727,2.325065851211548,2.638172149658203,2.4345552542057787,2.4345552921295166,False,False,False,False,False,False
rfd3_fix7,THSR__7UTZ,502,2.290614357395427,2.94423707925017,2.210850954055786,2.944236993789673,2.4345552542057787,2.4345552921295166,False,False,False,False,False,False
rfd3_fix7,THSR__7UTZ,503,2.44525913810469,3.2075986513988752,2.3637595176696777,3.2075986862182617,2.4345552542057787,2.4345552921295166,False,False,False,False,False,False
rfd3_fix7,THSR__7UTZ,504,2.361150818534515,2.4728326393371485,2.377408504486084,2.472832679748535,2.4345552542057787,2.4345552921295166,False,False,False,False,False,False
rfd3_fix7,betaLG,0,1.200481578467649,1.326515941261775,1.1576234102249146,1.3357887268066406,1.3972391993938094,1.357591152191162,False,False,False,False,False,False
rfd3_fix7,betaLG,1,1.077145346607585,1.374129987540725,1.090276122093201,1.36556875705719,1.3972391993938094,1.357591152191162,False,False,False,False,False,False
rfd3_fix7,betaLG,2,1.1414586894253993,1.4601764087185622,1.1414587497711182,1.4601763486862185,1.3972391993938094,1.357591152191162,False,False,False,False,False,False
rfd3_fix7,betaLG,3,1.117290403589722,1.441726274252967,1.122123122215271,1.45272696018219,1.3972391993938094,1.357591152191162,False,False,False,False,False,False
rfd3_fix7,betaLG,4,1.0192657846135065,1.3060207047200214,1.0336408615112305,1.289089560508728,1.3972391993938094,1.357591152191162,False,False,False,False,False,False
rfd3_fix7,betaLG,100,1.090396364890247,1.3528079947637903,1.0903964042663574,1.352807879447937,1.3972391993938094,1.357591152191162,False,False,False,False,False,False
rfd3_fix7,betaLG,101,0.8500449392226922,1.240475739797223,0.8500449061393738,1.2404757738113403,1.3972391993938094,1.357591152191162,False,False,False,False,False,False
rfd3_fix7,betaLG,102,0.8570538019157692,1.3235228543891333,0.8570538759231567,1.3140113353729248,1.3972391993938094,1.357591152191162,False,False,False,False,False,False
rfd3_fix7,betaLG,103,0.9156787402723072,1.2947264612489844,0.9156786799430848,1.2813633680343628,1.3972391993938094,1.357591152191162,False,False,False,False,False,False
rfd3_fix7,betaLG,104,1.250698080866408,1.4081314955878483,1.2585166692733765,1.4148346185684204,1.3972391993938094,1.357591152191162,False,False,False,False,False,False
rfd3_fix7,betaLG,200,0.8228560638646674,1.2603381694323728,0.822856068611145,1.2603381872177124,1.3972391993938094,1.357591152191162,False,False,False,False,False,False
rfd3_fix7,betaLG,201,0.8078176188528545,1.3064303469120897,0.8078175783157349,1.3013933897018433,1.3972391993938094,1.357591152191162,False,False,False,False,False,False
rfd3_fix7,betaLG,202,1.241289473578417,1.4613714710934984,1.25260591506958,1.4705774784088137,1.3972391993938094,1.357591152191162,False,False,False,False,False,False
rfd3_fix7,betaLG,203,0.9143142622592574,1.3159645758704384,0.914314329624176,1.3159645795822144,1.3972391993938094,1.357591152191162,False,False,False,False,False,False
rfd3_fix7,betaLG,204,0.9122656523042032,1.3551616995358997,0.9757411479949952,1.3380905389785769,1.3972391993938094,1.357591152191162,False,False,False,False,False,False
rfd3_fix7,betaLG,300,1.3882546249698655,1.5580804221321785,1.3692353963851929,1.5667628049850464,1.3972391993938094,1.357591152191162,False,False,False,False,False,False
rfd3_fix7,betaLG,301,0.9526376612432208,1.3326862672449251,0.9526376724243164,1.3326863050460815,1.3972391993938094,1.357591152191162,False,False,False,False,False,False
rfd3_fix7,betaLG,302,0.9016570969688148,1.3098781981396548,0.9016571640968324,1.2756282091140747,1.3972391993938094,1.357591152191162,False,False,False,False,False,False
rfd3_fix7,betaLG,303,1.0125766059859544,1.266043128798748,1.0125765800476074,1.266043186187744,1.3972391993938094,1.357591152191162,False,False,False,False,False,False
rfd3_fix7,betaLG,304,1.3746241080490682,1.5880956948402845,1.3795236349105835,1.5979247093200684,1.3972391993938094,1.357591152191162,False,False,False,False,False,False
rfd3_fix7,betaLG,400,1.068435635228659,1.394937517902729,1.0790884494781494,1.4009262323379517,1.3972391993938094,1.357591152191162,False,False,False,False,False,False
rfd3_fix7,betaLG,401,1.0007677527544256,1.3216171346948968,0.9868239164352416,1.3216171264648438,1.3972391993938094,1.357591152191162,False,False,False,False,False,False
rfd3_fix7,betaLG,402,1.562202811058755,1.7214784354049455,1.5622029304504397,1.732627272605896,1.3972391993938094,1.357591152191162,False,False,False,False,False,False
rfd3_fix7,betaLG,403,1.0909314981764748,1.415798444791444,1.1041364669799805,1.3975766897201538,1.3972391993938094,1.357591152191162,False,False,False,False,False,False
rfd3_fix7,betaLG,404,1.1873423962549734,1.3011525051307231,1.1960279941558838,1.309861421585083,1.3972391993938094,1.357591152191162,False,False,False,False,False,False
rfd3_fix7,betaLG,500,0.8539662330894973,1.2789403424365309,0.853966236114502,1.2789403200149536,1.3972391993938094,1.357591152191162,False,False,False,False,False,False
rfd3_fix7,betaLG,501,0.8671795607238454,1.380130379695522,0.9351317882537842,1.3451462984085083,1.3972391993938094,1.357591152191162,False,False,False,False,False,False
rfd3_fix7,betaLG,502,1.1557114245657951,1.3303458429825663,1.1557115316390991,1.330345869064331,1.3972391993938094,1.357591152191162,False,False,False,False,False,False
rfd3_fix7,betaLG,503,0.8928283084270309,1.2750998948515184,0.8928282856941223,1.2750998735427856,1.3972391993938094,1.357591152191162,False,False,False,False,False,False
rfd3_fix7,betaLG,504,1.0318213564003809,1.366140546889415,1.0466506481170654,1.3581374883651731,1.3972391993938094,1.357591152191162,False,False,False,False,False,False
rfd3_fix7,cAbl,0,1.2278556990159954,3.411693967367386,1.1958969831466677,3.399407386779785,3.4458517805005147,3.4368226528167725,False,False,False,False,False,False
rfd3_fix7,cAbl,1,1.3344605563164325,3.331092940662503,1.3398698568344116,3.325537919998169,3.4458517805005147,3.4368226528167725,False,False,False,False,False,False
rfd3_fix7,cAbl,2,1.2660651752371836,3.569519346776266,1.261055827140808,3.5710463523864746,3.4458517805005147,3.4368226528167725,False,False,False,False,False,False
rfd3_fix7,cAbl,3,1.6495187608982542,3.73799908222894,1.6495187282562256,3.732964992523194,3.4458517805005147,3.4368226528167725,False,False,False,False,False,False
rfd3_fix7,cAbl,4,2.747996651116308,4.033610767094199,2.71652626991272,4.030002117156982,3.4458517805005147,3.4368226528167725,False,False,False,False,False,False
rfd3_fix7,cAbl,100,1.1045105188398376,3.385426722034901,1.1045105457305908,3.379701614379883,3.4458517805005147,3.4368226528167725,False,False,False,False,False,False
rfd3_fix7,cAbl,101,2.359470286717276,4.077019186677799,2.3594703674316406,4.072309494018555,3.4458517805005147,3.4368226528167725,False,False,False,False,False,False
rfd3_fix7,cAbl,102,1.6075022834644253,3.4071586645011105,1.594277262687683,3.3983914852142334,3.4458517805005147,3.4368226528167725,False,False,False,False,False,False
rfd3_fix7,cAbl,103,1.1733039830389955,3.399160809448244,1.1626261472702026,3.391974210739136,3.4458517805005147,3.4368226528167725,False,False,False,False,False,False
rfd3_fix7,cAbl,104,2.466230216889494,3.92046951606876,2.4542102813720703,3.933624029159546,3.4458517805005147,3.4368226528167725,False,False,False,False,False,False
rfd3_fix7,cAbl,200,1.384707522376255,3.38272724258316,1.3812837600708008,3.37623143196106,3.4458517805005147,3.4368226528167725,False,False,False,False,False,False
rfd3_fix7,cAbl,201,1.501868410389189,3.293316939082903,1.501868486404419,3.2880406379699707,3.4458517805005147,3.4368226528167725,False,False,False,False,False,False
rfd3_fix7,cAbl,202,1.1930635565341818,3.528167317527924,1.1930636167526243,3.5240492820739746,3.4458517805005147,3.4368226528167725,False,False,False,False,False,False
rfd3_fix7,cAbl,203,2.25443250563826,4.009570615534388,2.228154420852661,3.994300842285156,3.4458517805005147,3.4368226528167725,False,False,False,False,False,False
rfd3_fix7,cAbl,204,1.807391562961702,3.571399523820604,1.787327766418457,3.5651721954345703,3.4458517805005147,3.4368226528167725,False,False,False,False,False,False
rfd3_fix7,cAbl,300,2.8719038692868604,2.330995321220977,2.8578436374664307,2.331101179122925,3.4458517805005147,3.4368226528167725,True,True,False,False,False,False
rfd3_fix7,cAbl,301,1.594569837220142,3.7040049881896944,1.5945699214935305,3.698272943496704,3.4458517805005147,3.4368226528167725,False,False,False,False,False,False
rfd3_fix7,cAbl,302,1.3907640650519169,3.5844946197212373,1.39060378074646,3.5807924270629883,3.4458517805005147,3.4368226528167725,False,False,False,False,False,False
rfd3_fix7,cAbl,303,1.5332309198587553,3.3826768474722777,1.5257736444473269,3.3763537406921387,3.4458517805005147,3.4368226528167725,False,False,False,False,False,False
rfd3_fix7,cAbl,304,1.6926420029802591,3.275909876890564,1.6926419734954834,3.269669532775879,3.4458517805005147,3.4368226528167725,False,False,False,False,False,False
rfd3_fix7,cAbl,400,2.29170747370688,3.5197566075926594,2.2911949157714844,3.5137274265289307,3.4458517805005147,3.4368226528167725,False,False,False,False,False,False
rfd3_fix7,cAbl,401,1.3279799520461657,3.4499178578996497,1.326188325881958,3.4437155723571777,3.4458517805005147,3.4368226528167725,False,False,False,False,False,False
rfd3_fix7,cAbl,402,1.6994041657756258,3.40477003680484,1.6690603494644165,3.3996176719665527,3.4458517805005147,3.4368226528167725,False,False,False,False,False,False
rfd3_fix7,cAbl,403,3.120496497102992,2.3278526548884444,3.082305431365967,2.3119993209838867,3.4458517805005147,3.4368226528167725,True,True,False,False,False,False
rfd3_fix7,cAbl,404,1.5907764517684628,3.3946863218185586,1.590776443481445,3.381825685501098,3.4458517805005147,3.4368226528167725,False,False,False,False,False,False
rfd3_fix7,cAbl,500,1.1705690364934176,3.4885246756386348,1.1411197185516355,3.482027530670166,3.4458517805005147,3.4368226528167725,False,False,False,False,False,False
rfd3_fix7,cAbl,501,1.4723121114132565,3.491514443691832,1.473542094230652,3.487658739089966,3.4458517805005147,3.4368226528167725,False,False,False,False,False,False
rfd3_fix7,cAbl,502,2.337797003524821,3.7957744768354833,2.31842303276062,3.797938823699951,3.4458517805005147,3.4368226528167725,False,False,False,False,False,False
rfd3_fix7,cAbl,503,1.3660701138401494,3.3782959189414083,1.3660701513290403,3.364890813827514,3.4458517805005147,3.4368226528167725,False,False,False,False,False,False
rfd3_fix7,cAbl,504,1.5621213684598576,3.344542603470368,1.573904037475586,3.343728542327881,3.4458517805005147,3.4368226528167725,False,False,False,False,False,False
rfd3_fix7,p53_Y220C,0,0.3396208752122036,1.213158717603216,0.3396208882331848,1.2131587266921997,1.1600563699903448,1.1600563526153564,False,False,False,False,False,False
rfd3_fix7,p53_Y220C,1,0.2846698357426537,1.1588795634140674,0.284669816493988,1.1588795185089111,1.1600563699903448,1.1600563526153564,False,False,False,False,False,False
rfd3_fix7,p53_Y220C,2,0.5646715280638084,1.3478316188358104,0.564671516418457,1.3478316068649292,1.1600563699903448,1.1600563526153564,False,False,False,False,False,False
rfd3_fix7,p53_Y220C,3,0.3582124565348386,1.178465287959875,0.3582124710083008,1.1784652471542358,1.1600563699903448,1.1600563526153564,False,False,False,False,False,False
rfd3_fix7,p53_Y220C,4,0.5031216252057796,1.333714351255101,0.5031216144561768,1.333714485168457,1.1600563699903448,1.1600563526153564,False,False,False,False,False,False
rfd3_fix7,p53_Y220C,100,0.3936736098368163,1.1753128149398495,0.3936736285686493,1.1753127574920654,1.1600563699903448,1.1600563526153564,False,False,False,False,False,False
rfd3_fix7,p53_Y220C,101,0.3508214133194074,1.272928584782341,0.3508214056491852,1.2729284763336182,1.1600563699903448,1.1600563526153564,False,False,False,False,False,False
rfd3_fix7,p53_Y220C,102,0.3874078641074575,1.1708671474438497,0.3874078691005707,1.1708672046661377,1.1600563699903448,1.1600563526153564,False,False,False,False,False,False
rfd3_fix7,p53_Y220C,103,0.2837956161074853,1.0969353930012762,0.2837956249713897,1.0969353914260864,1.1600563699903448,1.1600563526153564,False,False,False,False,False,False
rfd3_fix7,p53_Y220C,104,0.3612520567407544,1.109410746540244,0.3612520396709442,1.1094107627868652,1.1600563699903448,1.1600563526153564,False,False,False,False,False,False
rfd3_fix7,p53_Y220C,200,0.3634604418864442,1.211038433503532,0.3634604215621948,1.2110384702682495,1.1600563699903448,1.1600563526153564,False,False,False,False,False,False
rfd3_fix7,p53_Y220C,201,0.7981708686092979,1.627765356601603,0.7981708645820618,1.6277652978897097,1.1600563699903448,1.1600563526153564,False,False,False,False,False,False
rfd3_fix7,p53_Y220C,202,0.3746234539782028,1.2194533967365613,0.3746234476566314,1.2194534540176392,1.1600563699903448,1.1600563526153564,False,False,False,False,False,False
rfd3_fix7,p53_Y220C,203,0.561647723168073,1.3999034507701849,0.5616477131843567,1.399903416633606,1.1600563699903448,1.1600563526153564,False,False,False,False,False,False
rfd3_fix7,p53_Y220C,204,0.9561985675219378,0.6066858998942309,0.9561986327171326,0.6066858768463135,1.1600563699903448,1.1600563526153564,True,True,True,True,True,True
rfd3_fix7,p53_Y220C,300,0.4409668572500812,1.0833964451721736,0.4409668445587158,1.0833964347839355,1.1600563699903448,1.1600563526153564,False,False,False,False,False,False
rfd3_fix7,p53_Y220C,301,0.2890576542628573,1.1539253372752232,0.2890576422214508,1.1539252996444702,1.1600563699903448,1.1600563526153564,False,False,False,False,False,False
rfd3_fix7,p53_Y220C,302,0.5928094675927971,1.328930419845605,0.5928094983100891,1.328930377960205,1.1600563699903448,1.1600563526153564,False,False,False,False,False,False
rfd3_fix7,p53_Y220C,303,0.3758127623607405,1.213191340665165,0.3758127391338348,1.2131913900375366,1.1600563699903448,1.1600563526153564,False,False,False,False,False,False
rfd3_fix7,p53_Y220C,304,0.4207832432513286,1.3080322275498104,0.4207832515239715,1.3080322742462158,1.1600563699903448,1.1600563526153564,False,False,False,False,False,False
rfd3_fix7,p53_Y220C,400,0.4116962887586588,1.1138018902051623,0.4116963148117065,1.1138018369674685,1.1600563699903448,1.1600563526153564,False,False,False,False,False,False
rfd3_fix7,p53_Y220C,401,0.3722818462497591,1.271814228327447,0.3722818493843078,1.271814227104187,1.1600563699903448,1.1600563526153564,False,False,False,False,False,False
rfd3_fix7,p53_Y220C,402,0.3156056420209511,1.2302690939416034,0.3156056702136993,1.2302690744400024,1.1600563699903448,1.1600563526153564,False,False,False,False,False,False
rfd3_fix7,p53_Y220C,403,0.3338292972071855,1.1448932721788434,0.3338293135166168,1.1448932886123655,1.1600563699903448,1.1600563526153564,False,False,False,False,False,False
rfd3_fix7,p53_Y220C,404,0.2767665570012121,1.1978577751389587,0.2767665386199951,1.1978577375411987,1.1600563699903448,1.1600563526153564,False,False,False,False,False,False
rfd3_fix7,p53_Y220C,500,0.2703110843687529,1.1251486574077576,0.2703110873699188,1.1251486539840698,1.1600563699903448,1.1600563526153564,False,False,False,False,False,False
rfd3_fix7,p53_Y220C,501,0.3373381815443833,1.1919954437706424,0.3373381793498993,1.19199538230896,1.1600563699903448,1.1600563526153564,False,False,False,False,False,False
rfd3_fix7,p53_Y220C,502,0.5571105757875884,1.379817326659566,0.5571105480194092,1.3798173666000366,1.1600563699903448,1.1600563526153564,False,False,False,False,False,False
rfd3_fix7,p53_Y220C,503,0.3204789698282604,1.2075910370958989,0.3204789757728576,1.2075910568237305,1.1600563699903448,1.1600563526153564,False,False,False,False,False,False
rfd3_fix7,p53_Y220C,504,0.297073197711324,1.1592782034142526,0.2970731854438782,1.1592782735824585,1.1600563699903448,1.1600563526153564,False,False,False,False,False,False
rfd3_fix7,p53_Y220C__4AGQ,0,1.2452389099290704,0.3040882407631502,1.2452389001846311,0.3040882349014282,1.1180275303614244,1.1180275678634644,True,True,True,True,True,True
rfd3_fix7,p53_Y220C__4AGQ,1,1.2502490204313,0.3831255997542179,1.2502490282058716,0.3831256031990051,1.1180275303614244,1.1180275678634644,True,True,True,True,True,True
rfd3_fix7,p53_Y220C__4AGQ,2,1.2742608072704706,0.4794164247567068,1.2742607593536377,0.4794163703918457,1.1180275303614244,1.1180275678634644,True,True,True,True,True,True
rfd3_fix7,p53_Y220C__4AGQ,3,1.2925462555230711,0.5160735850117046,1.292546272277832,0.5160735845565796,1.1180275303614244,1.1180275678634644,True,True,True,True,True,True
rfd3_fix7,p53_Y220C__4AGQ,4,1.2994566022761511,0.4690023923493928,1.2994565963745115,0.4690023958683014,1.1180275303614244,1.1180275678634644,True,True,True,True,True,True
rfd3_fix7,p53_Y220C__4AGQ,100,1.2160960494842583,0.3246921490824587,1.216096043586731,0.3246921598911285,1.1180275303614244,1.1180275678634644,True,True,True,True,True,True
rfd3_fix7,p53_Y220C__4AGQ,101,1.2519291840813205,0.3943208513833763,1.2519291639328003,0.3943208754062652,1.1180275303614244,1.1180275678634644,True,True,True,True,True,True
rfd3_fix7,p53_Y220C__4AGQ,102,1.2809260686574968,0.4712266616564052,1.2809261083602903,0.4712266623973846,1.1180275303614244,1.1180275678634644,True,True,True,True,True,True
rfd3_fix7,p53_Y220C__4AGQ,103,1.2815518439024594,0.4377193679468282,1.2815518379211426,0.4377193748950958,1.1180275303614244,1.1180275678634644,True,True,True,True,True,True
rfd3_fix7,p53_Y220C__4AGQ,104,1.3557149789863825,0.5766136120195043,1.355715036392212,0.5766136050224304,1.1180275303614244,1.1180275678634644,True,True,True,True,True,True
rfd3_fix7,p53_Y220C__4AGQ,200,1.3028727262086048,0.5161043556370641,1.3028727769851685,0.5161043405532837,1.1180275303614244,1.1180275678634644,True,True,True,True,True,True
rfd3_fix7,p53_Y220C__4AGQ,201,1.2177756190731115,0.3241292859604741,1.217775583267212,0.3241292834281921,1.1180275303614244,1.1180275678634644,True,True,True,True,True,True
rfd3_fix7,p53_Y220C__4AGQ,202,1.3453212942187571,0.527674011476329,1.3453212976455688,0.5276740193367004,1.1180275303614244,1.1180275678634644,True,True,True,True,True,True
rfd3_fix7,p53_Y220C__4AGQ,203,1.3256743573532157,0.5241455624782413,1.3256744146347046,0.5241455435752869,1.1180275303614244,1.1180275678634644,True,True,True,True,True,True
rfd3_fix7,p53_Y220C__4AGQ,204,1.2376031037242656,0.367862278509599,1.2376030683517456,0.3678622841835022,1.1180275303614244,1.1180275678634644,True,True,True,True,True,True
rfd3_fix7,p53_Y220C__4AGQ,300,1.2611167311684877,0.4742835270179567,1.2611167430877686,0.4742835164070129,1.1180275303614244,1.1180275678634644,True,True,True,True,True,True
rfd3_fix7,p53_Y220C__4AGQ,301,1.248942554607067,0.3829085338014867,1.248942494392395,0.3829085230827331,1.1180275303614244,1.1180275678634644,True,True,True,True,True,True
rfd3_fix7,p53_Y220C__4AGQ,302,1.22142668288108,0.3479121507841603,1.2214267253875732,0.3479121625423431,1.1180275303614244,1.1180275678634644,True,True,True,True,True,True
rfd3_fix7,p53_Y220C__4AGQ,303,1.2130879657797808,0.3485358608299652,1.2130879163742063,0.3485358655452728,1.1180275303614244,1.1180275678634644,True,True,True,True,True,True
rfd3_fix7,p53_Y220C__4AGQ,304,1.2547175079595698,0.4899598657392521,1.254717469215393,0.4899598658084869,1.1180275303614244,1.1180275678634644,True,True,True,True,True,True
rfd3_fix7,p53_Y220C__4AGQ,400,1.244869165160919,0.4010337635363277,1.2448692321777344,0.4010337591171264,1.1180275303614244,1.1180275678634644,True,True,True,True,True,True
rfd3_fix7,p53_Y220C__4AGQ,401,1.217856278596978,0.3489994656546613,1.2178562879562378,0.3489994704723358,1.1180275303614244,1.1180275678634644,True,True,True,True,True,True
rfd3_fix7,p53_Y220C__4AGQ,402,1.2089636400541317,0.3637047100009541,1.2089636325836182,0.3637047111988067,1.1180275303614244,1.1180275678634644,True,True,True,True,True,True
rfd3_fix7,p53_Y220C__4AGQ,403,1.159180568979837,0.2664187776379161,1.1591805219650269,0.2664187848567962,1.1180275303614244,1.1180275678634644,True,True,True,True,True,True
rfd3_fix7,p53_Y220C__4AGQ,404,1.228772990906012,0.4238329266193919,1.22877299785614,0.4238329231739044,1.1180275303614244,1.1180275678634644,True,True,True,True,True,True
rfd3_fix7,p53_Y220C__4AGQ,500,1.326541347550051,0.586395201164212,1.326541304588318,0.5863952040672302,1.1180275303614244,1.1180275678634644,True,True,True,True,True,True
rfd3_fix7,p53_Y220C__4AGQ,501,1.2895030404214942,0.499101615073801,1.28950297832489,0.4991016089916229,1.1180275303614244,1.1180275678634644,True,True,True,True,True,True
rfd3_fix7,p53_Y220C__4AGQ,502,1.2437152909736793,0.3719559369616338,1.2437154054641724,0.371955931186676,1.1180275303614244,1.1180275678634644,True,True,True,True,True,True
rfd3_fix7,p53_Y220C__4AGQ,503,1.200013278706061,0.2216353375079683,1.200013279914856,0.2216353416442871,1.1180275303614244,1.1180275678634644,True,True,True,True,True,True
rfd3_fix7,p53_Y220C__4AGQ,504,1.2469763561974172,0.3382508730236182,1.246976375579834,0.3382508754730224,1.1180275303614244,1.1180275678634644,True,True,True,True,True,True
confornet_nomsa,HIF2alpha,0,3.1027805041107004,2.8037896048759388,3.2929575443267822,2.8037896156311035,1.86542516135414,1.8654251098632808,False,False,False,False,False,False
confornet_nomsa,HIF2alpha,1,2.598777871756393,2.47578134929635,2.8556487560272217,2.475781440734864,1.86542516135414,1.8654251098632808,False,False,False,False,False,False
confornet_nomsa,HIF2alpha,10,2.1397812813352166,2.1168897356050365,2.310044288635254,2.132288217544556,1.86542516135414,1.8654251098632808,False,False,False,False,False,False
confornet_nomsa,HIF2alpha,11,3.000520025322824,2.6630010444835475,3.1282379627227783,2.7665367126464844,1.86542516135414,1.8654251098632808,False,False,False,False,False,False
confornet_nomsa,HIF2alpha,12,2.9206462776629327,2.6453742883111464,3.0517072677612305,2.7483818531036377,1.86542516135414,1.8654251098632808,False,False,False,False,False,False
confornet_nomsa,HIF2alpha,13,2.935370500795815,2.628040833195815,3.109102964401245,2.6280407905578613,1.86542516135414,1.8654251098632808,False,False,False,False,False,False
confornet_nomsa,HIF2alpha,14,1.6454496781531434,1.1935882321165112,1.862139582633972,1.1935882568359375,1.86542516135414,1.8654251098632808,True,True,True,True,False,False
confornet_nomsa,HIF2alpha,15,3.2249936940791133,2.870259343213835,3.4261882305145264,2.8702592849731445,1.86542516135414,1.8654251098632808,False,False,False,False,False,False
confornet_nomsa,HIF2alpha,16,3.053109162609612,2.745065983016109,3.2651960849761963,2.745065927505493,1.86542516135414,1.8654251098632808,False,False,False,False,False,False
confornet_nomsa,HIF2alpha,17,2.934193944395247,2.6110519736156124,3.066193103790283,2.7150394916534424,1.86542516135414,1.8654251098632808,False,False,False,False,False,False
confornet_nomsa,HIF2alpha,18,3.2914693910096027,2.964267670836753,3.487560987472534,2.9642679691314697,1.86542516135414,1.8654251098632808,False,False,False,False,False,False
confornet_nomsa,HIF2alpha,19,1.7238747537104226,1.168759733444002,1.973760843276977,1.1687597036361694,1.86542516135414,1.8654251098632808,True,True,True,True,False,False
confornet_nomsa,HIF2alpha,2,2.8968827429609303,2.5709483742799835,3.1195719242095947,2.5709481239318848,1.86542516135414,1.8654251098632808,False,False,False,False,False,False
confornet_nomsa,HIF2alpha,20,3.1579857010037493,2.809987054616267,3.279896974563598,2.904928207397461,1.86542516135414,1.8654251098632808,False,False,False,False,False,False
confornet_nomsa,HIF2alpha,21,2.986605447073617,2.6511557004294146,3.115980863571167,2.7351415157318115,1.86542516135414,1.8654251098632808,False,False,False,False,False,False
confornet_nomsa,HIF2alpha,22,3.099100437699498,2.734320513470034,3.311930656433105,2.734320640563965,1.86542516135414,1.8654251098632808,False,False,False,False,False,False
confornet_nomsa,HIF2alpha,23,3.1852525421367432,2.8453085404769496,3.307491540908813,2.944300889968872,1.86542516135414,1.8654251098632808,False,False,False,False,False,False
confornet_nomsa,HIF2alpha,24,3.0514027050340053,2.771960915800507,3.1767280101776123,2.8655219078063965,1.86542516135414,1.8654251098632808,False,False,False,False,False,False
confornet_nomsa,HIF2alpha,25,2.994957677690402,2.6525698231335686,3.1064887046813965,2.6525700092315674,1.86542516135414,1.8654251098632808,False,False,False,False,False,False
confornet_nomsa,HIF2alpha,26,3.0402791242004485,2.704322858236796,3.1642794609069824,2.7043230533599854,1.86542516135414,1.8654251098632808,False,False,False,False,False,False
confornet_nomsa,HIF2alpha,27,2.982210325143768,2.683538232408305,3.195945978164673,2.6835381984710693,1.86542516135414,1.8654251098632808,False,False,False,False,False,False
confornet_nomsa,HIF2alpha,28,2.935517492067593,2.56659315755368,3.1042490005493164,2.566593170166016,1.86542516135414,1.8654251098632808,False,False,False,False,False,False
confornet_nomsa,HIF2alpha,29,1.613094816809428,1.122967072383553,1.8647925853729248,1.122967004776001,1.86542516135414,1.8654251098632808,True,True,True,True,False,False
confornet_nomsa,HIF2alpha,3,2.4103413817645403,2.131475144989486,2.563124895095825,2.251050472259521,1.86542516135414,1.8654251098632808,False,False,False,False,False,False
confornet_nomsa,HIF2alpha,4,3.0590715312583057,2.712245756188967,3.1842281818389893,2.812307596206665,1.86542516135414,1.8654251098632808,False,False,False,False,False,False
confornet_nomsa,HIF2alpha,5,3.0339060330084564,2.7289849917291606,3.211711168289185,2.728985071182251,1.86542516135414,1.8654251098632808,False,False,False,False,False,False
confornet_nomsa,HIF2alpha,6,3.0582059135537447,2.721942688306763,3.265065193176269,2.721942901611328,1.86542516135414,1.8654251098632808,False,False,False,False,False,False
confornet_nomsa,HIF2alpha,7,2.681048315564992,2.370317404980894,2.8632020950317383,2.3703174591064453,1.86542516135414,1.8654251098632808,False,False,False,False,False,False
confornet_nomsa,HIF2alpha,8,3.1816486847444128,2.801969428979433,3.3052849769592285,2.8998584747314453,1.86542516135414,1.8654251098632808,False,False,False,False,False,False
confornet_nomsa,HIF2alpha,9,3.124259420167649,2.8192941994141862,3.2445340156555176,2.9038093090057373,1.86542516135414,1.8654251098632808,False,False,False,False,False,False
confornet_nomsa,HIF2alpha__6D0B,0,1.4180404413450436,1.3766729381739469,1.5649330615997314,1.376672863960266,1.6729991744940291,1.7488830089569092,True,True,True,True,False,False
confornet_nomsa,HIF2alpha__6D0B,1,1.796968166665098,0.8486224558070895,1.9160414934158323,0.8486225008964539,1.6729991744940291,1.7488830089569092,True,True,True,True,True,True
confornet_nomsa,HIF2alpha__6D0B,10,1.5299211656407172,1.295424049065127,1.6672873497009275,1.2954241037368774,1.6729991744940291,1.7488830089569092,True,True,True,True,False,False
confornet_nomsa,HIF2alpha__6D0B,11,1.7892347340995876,0.7912237359550703,1.9086097478866573,0.7912237048149109,1.6729991744940291,1.7488830089569092,True,True,True,True,True,True
confornet_nomsa,HIF2alpha__6D0B,12,1.581120161820364,1.3503596903436157,1.7151827812194824,1.3503596782684326,1.6729991744940291,1.7488830089569092,True,True,True,True,False,False
confornet_nomsa,HIF2alpha__6D0B,13,1.4521407912938604,1.4225943794233682,1.597124695777893,1.422594428062439,1.6729991744940291,1.7488830089569092,True,True,True,True,False,False
confornet_nomsa,HIF2alpha__6D0B,14,1.80221613790356,0.8020686704097775,1.9216115474700928,0.8020687103271484,1.6729991744940291,1.7488830089569092,True,True,True,True,True,True
confornet_nomsa,HIF2alpha__6D0B,15,1.5781951668949468,1.3275839616464324,1.7120600938796997,1.327583909034729,1.6729991744940291,1.7488830089569092,True,True,True,True,False,False
confornet_nomsa,HIF2alpha__6D0B,16,1.6943826105493458,0.9283132437903396,1.8188151121139529,0.9283133149147034,1.6729991744940291,1.7488830089569092,True,True,True,True,True,True
confornet_nomsa,HIF2alpha__6D0B,17,1.705518508422704,0.907788217882649,1.8302713632583616,0.9077882766723632,1.6729991744940291,1.7488830089569092,True,True,True,True,True,True
confornet_nomsa,HIF2alpha__6D0B,18,1.5633315341721226,1.3290974665757822,1.6998370885849,1.3290975093841553,1.6729991744940291,1.7488830089569092,True,True,True,True,False,False
confornet_nomsa,HIF2alpha__6D0B,19,1.542511642050154,1.3102820262793946,1.6791588068008425,1.3102819919586182,1.6729991744940291,1.7488830089569092,True,True,True,True,False,False
confornet_nomsa,HIF2alpha__6D0B,2,1.5426068746760369,1.342777936271088,1.6799341440200806,1.342777967453003,1.6729991744940291,1.7488830089569092,True,True,True,True,False,False
confornet_nomsa,HIF2alpha__6D0B,20,1.7500375850984518,0.8649603434987484,1.872514724731445,0.8649603724479675,1.6729991744940291,1.7488830089569092,True,True,True,True,True,True
confornet_nomsa,HIF2alpha__6D0B,21,1.5509966866680105,1.355689767886258,1.6865582466125488,1.3556897640228271,1.6729991744940291,1.7488830089569092,True,True,True,True,False,False
confornet_nomsa,HIF2alpha__6D0B,22,1.7557081456430226,0.7952409356303576,1.8876527547836304,0.7952409386634827,1.6729991744940291,1.7488830089569092,True,True,True,True,True,True
confornet_nomsa,HIF2alpha__6D0B,23,1.4591161971582345,1.3997103928256922,1.6032956838607788,1.3997104167938232,1.6729991744940291,1.7488830089569092,True,True,True,True,False,False
confornet_nomsa,HIF2alpha__6D0B,24,1.7061549609816662,0.9356133753565842,1.8304933309555047,0.9356133937835692,1.6729991744940291,1.7488830089569092,True,True,True,True,True,True
confornet_nomsa,HIF2alpha__6D0B,25,1.5697651724036903,1.346303769952614,1.717293620109558,1.3463038206100464,1.6729991744940291,1.7488830089569092,True,True,True,True,False,False
confornet_nomsa,HIF2alpha__6D0B,26,1.8006210742371709,0.8333651998958255,1.919918656349182,0.8333652019500732,1.6729991744940291,1.7488830089569092,True,True,True,True,True,True
confornet_nomsa,HIF2alpha__6D0B,27,1.795057814810019,0.8211197397283909,1.9145792722702024,0.8211197853088379,1.6729991744940291,1.7488830089569092,True,True,True,True,True,True
confornet_nomsa,HIF2alpha__6D0B,28,1.4414288554361665,1.4401606989148392,1.602467656135559,1.4401607513427734,1.6729991744940291,1.7488830089569092,True,True,True,True,False,False
confornet_nomsa,HIF2alpha__6D0B,29,1.6010818583498785,1.3389085811693888,1.7345818281173706,1.338908553123474,1.6729991744940291,1.7488830089569092,True,True,True,True,False,False
confornet_nomsa,HIF2alpha__6D0B,3,1.4139493574155644,1.4028690063160325,1.5617406368255615,1.4028689861297607,1.6729991744940291,1.7488830089569092,True,True,True,True,False,False
confornet_nomsa,HIF2alpha__6D0B,4,1.387478461177793,1.4025750534967587,1.5511691570281982,1.4025750160217283,1.6729991744940291,1.7488830089569092,False,True,False,True,False,False
confornet_nomsa,HIF2alpha__6D0B,5,1.40803675249334,1.3682253774773157,1.55600106716156,1.3682254552841189,1.6729991744940291,1.7488830089569092,True,True,True,True,False,False
confornet_nomsa,HIF2alpha__6D0B,6,1.5390015234880232,1.3351604304747142,1.6765140295028689,1.3351603746414185,1.6729991744940291,1.7488830089569092,True,True,True,True,False,False
confornet_nomsa,HIF2alpha__6D0B,7,1.4652470037097722,1.4226146530995278,1.60887348651886,1.422614574432373,1.6729991744940291,1.7488830089569092,True,True,True,True,False,False
confornet_nomsa,HIF2alpha__6D0B,8,1.6602975934083992,0.9320268954076212,1.7873960733413696,0.9320268630981444,1.6729991744940291,1.7488830089569092,True,True,True,True,True,True
confornet_nomsa,HIF2alpha__6D0B,9,1.5516019582452991,1.3425588442829166,1.6872892379760742,1.3425588607788086,1.6729991744940291,1.7488830089569092,True,True,True,True,False,False
confornet_nomsa,HIV1_CA,0,0.8705513657376622,1.2543146690326965,0.8705514073371887,1.2860150337219238,1.3207135415934947,1.3453065156936646,False,False,False,False,False,False
confornet_nomsa,HIV1_CA,1,0.6534745699977376,1.2150835929618995,0.6534745693206787,1.243743062019348,1.3207135415934947,1.3453065156936646,False,False,False,False,False,False
confornet_nomsa,HIV1_CA,10,0.8099800712059527,1.2494596160974698,0.8099800944328308,1.283931016921997,1.3207135415934947,1.3453065156936646,False,False,False,False,False,False
confornet_nomsa,HIV1_CA,11,0.9007659519672446,1.2988640725268998,0.9007659554481506,1.3316731452941897,1.3207135415934947,1.3453065156936646,False,False,False,False,False,False
confornet_nomsa,HIV1_CA,12,0.870646317643875,1.4091018769243515,0.8706462979316711,1.439199447631836,1.3207135415934947,1.3453065156936646,False,False,False,False,False,False
confornet_nomsa,HIV1_CA,13,1.1447562501778423,1.7380643140128362,1.1447561979293823,1.7592657804489136,1.3207135415934947,1.3453065156936646,False,False,False,False,False,False
confornet_nomsa,HIV1_CA,14,0.7693567825888981,1.1882358970127096,0.7693567276000977,1.221022605895996,1.3207135415934947,1.3453065156936646,False,False,False,False,False,False
confornet_nomsa,HIV1_CA,15,0.9474486288942076,1.298999562816238,0.9474486112594604,1.3309611082077026,1.3207135415934947,1.3453065156936646,False,False,False,False,False,False
confornet_nomsa,HIV1_CA,16,0.7791728571953556,1.406825458850597,0.7791728973388672,1.4359922409057615,1.3207135415934947,1.3453065156936646,False,False,False,False,False,False
confornet_nomsa,HIV1_CA,17,1.2953485495890351,1.6657110335552416,1.2953486442565918,1.6897748708724976,1.3207135415934947,1.3453065156936646,False,False,False,False,False,False
confornet_nomsa,HIV1_CA,18,0.9541926701096656,1.3355237829579805,0.9541926980018616,1.3659831285476685,1.3207135415934947,1.3453065156936646,False,False,False,False,False,False
confornet_nomsa,HIV1_CA,19,1.009648873593123,1.4711163714062885,1.0096489191055298,1.5022631883621216,1.3207135415934947,1.3453065156936646,False,False,False,False,False,False
confornet_nomsa,HIV1_CA,2,0.8828897808086555,1.4184457603031604,0.8828897476196289,1.4499096870422363,1.3207135415934947,1.3453065156936646,False,False,False,False,False,False
confornet_nomsa,HIV1_CA,20,0.9866621570226348,1.3745101094542336,0.986662209033966,1.408529281616211,1.3207135415934947,1.3453065156936646,False,False,False,False,False,False
confornet_nomsa,HIV1_CA,21,0.7154134994019042,1.2787907162876857,0.7154134511947632,1.3072333335876465,1.3207135415934947,1.3453065156936646,False,False,False,False,False,False
confornet_nomsa,HIV1_CA,22,0.8101719817846714,1.2529863288744505,0.8101719617843628,1.2845109701156616,1.3207135415934947,1.3453065156936646,False,False,False,False,False,False
confornet_nomsa,HIV1_CA,23,0.7419020254327295,1.2763670733477006,0.7419020533561707,1.305655002593994,1.3207135415934947,1.3453065156936646,False,False,False,False,False,False
confornet_nomsa,HIV1_CA,24,0.7528833841505184,1.2164638193421315,0.7528833746910095,1.2488216161727903,1.3207135415934947,1.3453065156936646,False,False,False,False,False,False
confornet_nomsa,HIV1_CA,25,0.9556378313124446,1.3108342211494584,0.9556378126144408,1.341202735900879,1.3207135415934947,1.3453065156936646,False,False,False,False,False,False
confornet_nomsa,HIV1_CA,26,1.2154835566127622,1.7538065005235766,1.215483546257019,1.7752830982208252,1.3207135415934947,1.3453065156936646,False,False,False,False,False,False
confornet_nomsa,HIV1_CA,27,0.8673296745989386,1.2526272714113762,0.8673297166824341,1.2830830812454224,1.3207135415934947,1.3453065156936646,False,False,False,False,False,False
confornet_nomsa,HIV1_CA,28,1.07013187910872,1.832967952962626,1.0701318979263306,1.859550833702088,1.3207135415934947,1.3453065156936646,False,False,False,False,False,False
confornet_nomsa,HIV1_CA,29,0.755132491589608,1.2703707952862189,0.7551324963569641,1.3011552095413208,1.3207135415934947,1.3453065156936646,False,False,False,False,False,False
confornet_nomsa,HIV1_CA,3,0.8353295893644846,1.4530057504961222,0.8353295922279358,1.4853845834732056,1.3207135415934947,1.3453065156936646,False,False,False,False,False,False
confornet_nomsa,HIV1_CA,4,0.772796536524251,1.3634600493248314,0.7727965712547302,1.3924304246902466,1.3207135415934947,1.3453065156936646,False,False,False,False,False,False
confornet_nomsa,HIV1_CA,5,0.9078354249541096,1.3409810875502406,0.9078354239463806,1.3705519437789917,1.3207135415934947,1.3453065156936646,False,False,False,False,False,False
confornet_nomsa,HIV1_CA,6,1.0156027245320274,1.3751015962770727,1.015602707862854,1.405495285987854,1.3207135415934947,1.3453065156936646,False,False,False,False,False,False
confornet_nomsa,HIV1_CA,7,0.8931105732388457,1.3491532272099895,0.8931105136871338,1.3807557821273804,1.3207135415934947,1.3453065156936646,False,False,False,False,False,False
confornet_nomsa,HIV1_CA,8,0.9315867254027842,1.4981572877108884,0.931586742401123,1.5297132730484009,1.3207135415934947,1.3453065156936646,False,False,False,False,False,False
confornet_nomsa,HIV1_CA,9,1.4844028403365066,0.9711097907598828,1.4844028949737549,0.9923540353775024,1.3207135415934947,1.3453065156936646,True,True,True,True,True,True
confornet_nomsa,HIV_RT,0,14.673210137626004,15.11911109054162,14.66017723083496,15.107172966003418,3.055562157269878,3.073980569839477,False,False,False,False,False,False
confornet_nomsa,HIV_RT,1,16.141133890414885,15.983632215836966,16.132055282592773,15.984834671020508,3.055562157269878,3.073980569839477,False,False,False,False,False,False
confornet_nomsa,HIV_RT,2,13.438563248368038,13.290017543956736,13.449345588684082,13.297735214233398,3.055562157269878,3.073980569839477,False,False,False,False,False,False
confornet_nomsa,HIV_RT,3,16.240923717648823,16.30969482785564,16.242786407470703,16.309694290161133,3.055562157269878,3.073980569839477,False,False,False,False,False,False
confornet_nomsa,HIV_RT,4,15.274836664392678,15.25451797696878,15.26930046081543,15.25193977355957,3.055562157269878,3.073980569839477,False,False,False,False,False,False
confornet_nomsa,HIV_RT,5,19.892121380072386,19.86008108025195,19.886734008789062,19.853588104248047,3.055562157269878,3.073980569839477,False,False,False,False,False,False
confornet_nomsa,HIV_RT,6,13.126995849500362,13.280336765277632,13.132275581359863,13.277600288391112,3.055562157269878,3.073980569839477,False,False,False,False,False,False
confornet_nomsa,HIV_RT,7,14.31946666751929,14.101350724427494,14.306427001953123,14.0972261428833,3.055562157269878,3.073980569839477,False,False,False,False,False,False
confornet_nomsa,HIV_RT,8,19.09245563382414,18.9714861327479,19.09280776977539,18.969703674316406,3.055562157269878,3.073980569839477,False,False,False,False,False,False
confornet_nomsa,HIV_RT,9,13.704885305328906,13.759270059801484,13.704983711242676,13.74889087677002,3.055562157269878,3.073980569839477,False,False,False,False,False,False
confornet_nomsa,HIV_RT__3V81,0,1.3942408608735486,2.978917920809488,1.3942408561706543,2.9808671474456787,3.0896312117090363,3.0896313190460205,False,False,False,False,False,False
confornet_nomsa,HIV_RT__3V81,1,2.8894570757657974,3.402733530075816,2.8615152835845947,3.381406784057617,3.0896312117090363,3.0896313190460205,False,False,False,False,False,False
confornet_nomsa,HIV_RT__3V81,2,1.3324015446992403,2.85543306065778,1.3324015140533447,2.8552017211914062,3.0896312117090363,3.0896313190460205,False,False,False,False,False,False
confornet_nomsa,HIV_RT__3V81,3,1.2818520739776662,2.646927030579146,1.281852126121521,2.6465325355529785,3.0896312117090363,3.0896313190460205,False,False,False,False,False,False
confornet_nomsa,HIV_RT__3V81,4,1.1948615252515744,2.7803875987700963,1.1948615312576294,2.780001640319824,3.0896312117090363,3.0896313190460205,False,False,False,False,False,False
confornet_nomsa,HIV_RT__3V81,5,2.422857497643784,1.971804481593696,2.422857522964477,1.97173011302948,3.0896312117090363,3.0896313190460205,True,True,False,False,False,False
confornet_nomsa,HIV_RT__3V81,6,1.2045058625063083,2.9161937061426406,1.2045059204101562,2.9155378341674805,3.0896312117090363,3.0896313190460205,False,False,False,False,False,False
confornet_nomsa,HIV_RT__3V81,7,1.6614730177956245,2.713354900811721,1.6614729166030884,2.7124202251434326,3.0896312117090363,3.0896313190460205,False,False,False,False,False,False
confornet_nomsa,HIV_RT__3V81,8,1.4117786707488396,2.740828981440885,1.411778688430786,2.7398860454559326,3.0896312117090363,3.0896313190460205,False,False,False,False,False,False
confornet_nomsa,HIV_RT__3V81,9,2.1087924812661782,3.231624157057273,2.064964056015014,3.2078256607055664,3.0896312117090363,3.0896313190460205,False,False,False,False,False,False
confornet_nomsa,KRAS,0,3.5965984672721003,3.290576793604867,3.6345272064208975,3.3184814453125,3.742426159251105,3.743377208709717,True,True,False,False,False,False
confornet_nomsa,KRAS,1,3.5123893430880617,3.585600486345873,3.5308175086975098,3.593083381652832,3.742426159251105,3.743377208709717,False,False,False,False,False,False
confornet_nomsa,KRAS,10,3.297396494407941,3.854011051369992,3.319067478179932,3.861691474914551,3.742426159251105,3.743377208709717,False,False,False,False,False,False
confornet_nomsa,KRAS,11,3.388100226363812,3.817226649875868,3.4115524291992188,3.82643723487854,3.742426159251105,3.743377208709717,False,False,False,False,False,False
confornet_nomsa,KRAS,12,3.467185974866512,3.47514709646813,3.475583553314209,3.482984781265259,3.742426159251105,3.743377208709717,False,False,False,False,False,False
confornet_nomsa,KRAS,13,3.5377694420846204,3.365134835726856,3.55057692527771,3.37442398071289,3.742426159251105,3.743377208709717,True,True,False,False,False,False
confornet_nomsa,KRAS,14,3.587165038778896,3.269208309628125,3.636364936828613,3.298170566558838,3.742426159251105,3.743377208709717,True,True,False,False,False,False
confornet_nomsa,KRAS,15,3.5278869270661577,3.498035293943797,3.5501270294189453,3.506110429763794,3.742426159251105,3.743377208709717,True,True,False,False,False,False
confornet_nomsa,KRAS,16,3.4600095880635364,3.420041122245852,3.481292247772217,3.428546905517578,3.742426159251105,3.743377208709717,True,True,False,False,False,False
confornet_nomsa,KRAS,17,3.596046273843674,3.209035432472205,3.647261381149292,3.227447271347046,3.742426159251105,3.743377208709717,True,True,False,False,False,False
confornet_nomsa,KRAS,18,3.291832859447928,3.871885629673229,3.3108584880828857,3.877535581588745,3.742426159251105,3.743377208709717,False,False,False,False,False,False
confornet_nomsa,KRAS,19,3.345673710083619,3.932206448421296,3.350894927978516,3.936499357223511,3.742426159251105,3.743377208709717,False,False,False,False,False,False
confornet_nomsa,KRAS,2,3.519547507939697,3.861227811184724,3.528698205947876,3.849930286407471,3.742426159251105,3.743377208709717,False,False,False,False,False,False
confornet_nomsa,KRAS,20,3.5490247083304656,3.3675300660988903,3.572116136550904,3.379258871078491,3.742426159251105,3.743377208709717,True,True,False,False,False,False
confornet_nomsa,KRAS,21,3.5179129974223424,3.3770952004434265,3.55437445640564,3.392702341079712,3.742426159251105,3.743377208709717,True,True,False,False,False,False
confornet_nomsa,KRAS,22,3.531804942307601,3.207687871681301,3.560602903366089,3.224086046218872,3.742426159251105,3.743377208709717,True,True,False,False,False,False
confornet_nomsa,KRAS,23,3.5763334207771424,3.377255700320478,3.5868773460388184,3.3731932640075684,3.742426159251105,3.743377208709717,True,True,False,False,False,False
confornet_nomsa,KRAS,24,3.634780499087156,3.511311896788618,3.6563448905944815,3.5146796703338623,3.742426159251105,3.743377208709717,True,True,False,False,False,False
confornet_nomsa,KRAS,25,3.524598784529451,3.3949845926552813,3.547689199447632,3.4063894748687744,3.742426159251105,3.743377208709717,True,True,False,False,False,False
confornet_nomsa,KRAS,26,3.445777770275954,3.764680978738877,3.4561846256256104,3.757848024368286,3.742426159251105,3.743377208709717,False,False,False,False,False,False
confornet_nomsa,KRAS,27,3.539608946672729,3.4201790828459253,3.561896800994873,3.430593252182007,3.742426159251105,3.743377208709717,True,True,False,False,False,False
confornet_nomsa,KRAS,28,3.578047044091229,3.301440996537644,3.614664077758789,3.321925401687622,3.742426159251105,3.743377208709717,True,True,False,False,False,False
confornet_nomsa,KRAS,29,3.5569266801202057,3.324291327515024,3.569774389266968,3.3393349647521973,3.742426159251105,3.743377208709717,True,True,False,False,False,False
confornet_nomsa,KRAS,3,3.5844173257876206,3.2253292430050697,3.625574827194214,3.2499096393585205,3.742426159251105,3.743377208709717,True,True,False,False,False,False
confornet_nomsa,KRAS,4,3.543806704537438,3.36841314992568,3.581843137741089,3.389983654022217,3.742426159251105,3.743377208709717,True,True,False,False,False,False
confornet_nomsa,KRAS,5,3.501061430156532,3.46124307174113,3.5234713554382324,3.4701695442199707,3.742426159251105,3.743377208709717,True,True,False,False,False,False
confornet_nomsa,KRAS,6,3.630468805571097,3.2759648065781644,3.64365291595459,3.296916007995605,3.742426159251105,3.743377208709717,True,True,False,False,False,False
confornet_nomsa,KRAS,7,3.65285615193372,3.4478698305686875,3.700160503387451,3.4680066108703613,3.742426159251105,3.743377208709717,True,True,False,False,False,False
confornet_nomsa,KRAS,8,3.542853689606764,3.712161410938589,3.5706605911254883,3.725593090057373,3.742426159251105,3.743377208709717,False,False,False,False,False,False
confornet_nomsa,KRAS,9,3.478777479717,3.51677773932604,3.489886522293091,3.524526596069336,3.742426159251105,3.743377208709717,False,False,False,False,False,False
confornet_nomsa,Menin,0,1.3672304073422148,1.0475403717476377,1.3672302961349487,1.047540307044983,1.2468617606125678,1.246861696243286,True,True,True,True,False,False
confornet_nomsa,Menin,1,1.7719955179706082,1.207455445060836,1.7694110870361328,1.2074555158615112,1.2468617606125678,1.246861696243286,True,True,True,True,False,False
confornet_nomsa,Menin,2,1.2141524328507765,1.0877737250404156,1.1932772397994995,1.206173300743103,1.2468617606125678,1.246861696243286,True,False,True,False,False,False
confornet_nomsa,Menin,3,1.4061231124750055,0.8904019703648213,1.4061230421066284,0.8904019594192505,1.2468617606125678,1.246861696243286,True,True,True,True,True,True
confornet_nomsa,Menin,4,1.427900452138427,0.9354470938292014,1.427900314331055,0.9354471564292908,1.2468617606125678,1.246861696243286,True,True,True,True,True,True
confornet_nomsa,Menin,5,1.4012382267403365,1.1540590202892942,1.401238203048706,1.1540590524673462,1.2468617606125678,1.246861696243286,True,True,True,True,False,False
confornet_nomsa,Menin,6,1.5297669350074143,1.0990605459253575,1.530282735824585,1.0990605354309082,1.2468617606125678,1.246861696243286,True,True,True,True,False,False
confornet_nomsa,Menin,7,1.486381965722326,0.9179339731839896,1.481253981590271,0.917934000492096,1.2468617606125678,1.246861696243286,True,True,True,True,True,True
confornet_nomsa,Menin,8,1.4696611193848,1.0053474648499332,1.4696611166000366,1.005347490310669,1.2468617606125678,1.246861696243286,True,True,True,True,False,False
confornet_nomsa,Menin,9,1.4926244671324935,0.9049659004843962,1.4926245212554932,0.904965877532959,1.2468617606125678,1.246861696243286,True,True,True,True,True,True
confornet_nomsa,THSR,0,2.170057106289857,2.323512523417938,2.1700570583343506,2.3235127925872803,1.616455574028625,1.562853455543518,False,False,False,False,False,False
confornet_nomsa,THSR,1,2.2711180780104105,2.456379962777431,2.271117925643921,2.4563798904418945,1.616455574028625,1.562853455543518,False,False,False,False,False,False
confornet_nomsa,THSR,2,2.2259939273443194,2.5497552302564386,2.2259938716888428,2.549755334854126,1.616455574028625,1.562853455543518,False,False,False,False,False,False
confornet_nomsa,THSR,3,2.010174181836892,2.115854112502651,2.010174036026001,2.115854024887085,1.616455574028625,1.562853455543518,False,False,False,False,False,False
confornet_nomsa,THSR,4,2.443421138710013,2.6434111171754813,2.443421125411988,2.6434109210968018,1.616455574028625,1.562853455543518,False,False,False,False,False,False
confornet_nomsa,THSR,5,2.162584399787987,2.2521284312012213,2.1625843048095703,2.2521286010742188,1.616455574028625,1.562853455543518,False,False,False,False,False,False
confornet_nomsa,THSR,6,2.705759928837149,3.108990685190426,2.705759763717652,3.1089906692504883,1.616455574028625,1.562853455543518,False,False,False,False,False,False
confornet_nomsa,THSR,7,2.1296601038717773,2.274744746855288,2.1296603679656982,2.274744749069214,1.616455574028625,1.562853455543518,False,False,False,False,False,False
confornet_nomsa,THSR,8,2.218233651157413,2.439052636544812,2.218233823776245,2.4390525817871094,1.616455574028625,1.562853455543518,False,False,False,False,False,False
confornet_nomsa,THSR,9,2.3935006939335297,2.21979878422885,2.393500804901123,2.219798803329468,1.616455574028625,1.562853455543518,False,False,False,False,False,False
confornet_nomsa,THSR__7UTZ,0,2.5595131957670456,2.866594304877485,2.559513092041016,2.8819010257720947,2.4345552542057787,2.4345552921295166,False,False,False,False,False,False
confornet_nomsa,THSR__7UTZ,1,3.388367983068028,3.1886129053392374,3.388367891311645,3.213900327682495,2.4345552542057787,2.4345552921295166,False,False,False,False,False,False
confornet_nomsa,THSR__7UTZ,2,2.704392702402576,2.505567925044254,2.704392671585083,2.528961181640625,2.4345552542057787,2.4345552921295166,False,False,False,False,False,False
confornet_nomsa,THSR__7UTZ,3,3.4166180038452927,2.992977937263737,3.4166181087493896,3.0132527351379395,2.4345552542057787,2.4345552921295166,False,False,False,False,False,False
confornet_nomsa,THSR__7UTZ,4,2.593776089045698,2.6187864863103085,2.593775987625122,2.6347436904907227,2.4345552542057787,2.4345552921295166,False,False,False,False,False,False
confornet_nomsa,THSR__7UTZ,5,2.990845756864048,3.014044070836741,2.9908459186553955,3.0391290187835693,2.4345552542057787,2.4345552921295166,False,False,False,False,False,False
confornet_nomsa,THSR__7UTZ,6,3.799157244645925,3.1737443781371795,3.7991573810577393,3.189112424850464,2.4345552542057787,2.4345552921295166,False,False,False,False,False,False
confornet_nomsa,THSR__7UTZ,7,3.11637774993581,3.211200987751232,3.116377830505371,3.22932767868042,2.4345552542057787,2.4345552921295166,False,False,False,False,False,False
confornet_nomsa,THSR__7UTZ,8,3.3641148726624115,3.2390800091327683,3.364114761352539,3.258213758468628,2.4345552542057787,2.4345552921295166,False,False,False,False,False,False
confornet_nomsa,THSR__7UTZ,9,4.16484183948138,3.709986212241937,4.164841651916504,3.7310268878936768,2.4345552542057787,2.4345552921295166,False,False,False,False,False,False
confornet_nomsa,cAbl,0,3.733475671845417,4.634212183416712,3.706861972808838,4.626678943634033,3.4458517805005147,3.4368226528167725,False,False,False,False,False,False
confornet_nomsa,cAbl,1,3.7040436586844,4.619110661934229,3.677791595458984,4.611338138580322,3.4458517805005147,3.4368226528167725,False,False,False,False,False,False
confornet_nomsa,cAbl,10,3.554286705999321,4.539070901024195,3.5273494720458984,4.533855438232422,3.4458517805005147,3.4368226528167725,False,False,False,False,False,False
confornet_nomsa,cAbl,11,3.412444944452599,4.4335783004408365,3.385943651199341,4.429223537445068,3.4458517805005147,3.4368226528167725,False,False,False,False,False,False
confornet_nomsa,cAbl,12,3.5141532115237304,4.464761718203674,3.486815452575684,4.46104097366333,3.4458517805005147,3.4368226528167725,False,False,False,False,False,False
confornet_nomsa,cAbl,13,3.5881529491087694,4.514286642615502,3.563530206680298,4.507565975189209,3.4458517805005147,3.4368226528167725,False,False,False,False,False,False
confornet_nomsa,cAbl,14,3.3811946431030626,4.406230212870934,3.3557803630828857,4.402235984802246,3.4458517805005147,3.4368226528167725,False,False,False,False,False,False
confornet_nomsa,cAbl,15,3.58947191466322,4.554703486159763,3.5629723072052,4.547610282897949,3.4458517805005147,3.4368226528167725,False,False,False,False,False,False
confornet_nomsa,cAbl,16,3.662623192605025,4.585864058430624,3.635512590408325,4.579638481140137,3.4458517805005147,3.4368226528167725,False,False,False,False,False,False
confornet_nomsa,cAbl,17,3.739052432252663,4.630427495531078,3.712466716766357,4.623417377471924,3.4458517805005147,3.4368226528167725,False,False,False,False,False,False
confornet_nomsa,cAbl,18,3.539815998461461,4.538247146244629,3.5126452445983887,4.531970500946045,3.4458517805005147,3.4368226528167725,False,False,False,False,False,False
confornet_nomsa,cAbl,19,3.599936982506605,4.535536437527686,3.573762893676758,4.529775142669678,3.4458517805005147,3.4368226528167725,False,False,False,False,False,False
confornet_nomsa,cAbl,2,3.5227990719891533,4.517246144443946,3.4954121112823486,4.511940956115723,3.4458517805005147,3.4368226528167725,False,False,False,False,False,False
confornet_nomsa,cAbl,20,3.414087987340912,4.4273684918843,3.3878331184387207,4.42246675491333,3.4458517805005147,3.4368226528167725,False,False,False,False,False,False
confornet_nomsa,cAbl,21,3.437638534926965,4.422068591615102,3.4111130237579346,4.417972087860107,3.4458517805005147,3.4368226528167725,False,False,False,False,False,False
confornet_nomsa,cAbl,22,3.612402661582494,4.619331512905076,3.5874507427215576,4.609804153442383,3.4458517805005147,3.4368226528167725,False,False,False,False,False,False
confornet_nomsa,cAbl,23,3.570804272734933,4.506669358328209,3.5463361740112305,4.501453399658203,3.4458517805005147,3.4368226528167725,False,False,False,False,False,False
confornet_nomsa,cAbl,24,3.5498661026647595,4.514154155126192,3.523866415023804,4.508370876312256,3.4458517805005147,3.4368226528167725,False,False,False,False,False,False
confornet_nomsa,cAbl,25,3.460391968340661,4.455774988654106,3.4333596229553223,4.451947212219238,3.4458517805005147,3.4368226528167725,False,False,False,False,False,False
confornet_nomsa,cAbl,26,3.568191819842708,4.504642091910549,3.5428953170776367,4.498234748840332,3.4458517805005147,3.4368226528167725,False,False,False,False,False,False
confornet_nomsa,cAbl,27,3.391326723074205,4.428544383886841,3.364002227783203,4.424113750457764,3.4458517805005147,3.4368226528167725,False,False,False,False,False,False
confornet_nomsa,cAbl,28,3.563121461161013,4.500415230862258,3.537829637527466,4.496477127075195,3.4458517805005147,3.4368226528167725,False,False,False,False,False,False
confornet_nomsa,cAbl,29,3.602756452352881,4.549314027413086,3.576474189758301,4.546004295349121,3.4458517805005147,3.4368226528167725,False,False,False,False,False,False
confornet_nomsa,cAbl,3,3.5047593791833656,4.47810997279865,3.478462219238281,4.473763465881348,3.4458517805005147,3.4368226528167725,False,False,False,False,False,False
confornet_nomsa,cAbl,4,3.62612824807914,4.584489583807378,3.6008851528167725,4.5763702392578125,3.4458517805005147,3.4368226528167725,False,False,False,False,False,False
confornet_nomsa,cAbl,5,3.609344078109074,4.555469304158406,3.5827763080596924,4.55040168762207,3.4458517805005147,3.4368226528167725,False,False,False,False,False,False
confornet_nomsa,cAbl,6,3.717748968561263,4.614159940858384,3.691145420074463,4.6082282066345215,3.4458517805005147,3.4368226528167725,False,False,False,False,False,False
confornet_nomsa,cAbl,7,3.5237004836272545,4.494367734722976,3.4977285861968994,4.488187313079834,3.4458517805005147,3.4368226528167725,False,False,False,False,False,False
confornet_nomsa,cAbl,8,3.5345194304618994,4.496040609129553,3.5079383850097656,4.491212844848633,3.4458517805005147,3.4368226528167725,False,False,False,False,False,False
confornet_nomsa,cAbl,9,3.5526980498616,4.582618884024329,3.5274057388305664,4.577542304992676,3.4458517805005147,3.4368226528167725,False,False,False,False,False,False
confornet_nomsa,p53_Y220C,0,0.9948806057196232,1.6842893032527384,0.9948806166648864,1.6842893362045288,1.1600563699903448,1.1600563526153564,False,False,False,False,False,False
confornet_nomsa,p53_Y220C,1,0.8326977372197197,1.5226956117910784,0.8326977491378784,1.522695541381836,1.1600563699903448,1.1600563526153564,False,False,False,False,False,False
confornet_nomsa,p53_Y220C,10,0.9448586627684812,1.6984770928441095,0.9448586702346802,1.6984771490097046,1.1600563699903448,1.1600563526153564,False,False,False,False,False,False
confornet_nomsa,p53_Y220C,11,1.0149811880438604,1.6348120995360256,1.0149811506271362,1.6348121166229248,1.1600563699903448,1.1600563526153564,False,False,False,False,False,False
confornet_nomsa,p53_Y220C,12,0.9173503118189472,1.5638830548831284,0.9173502922058104,1.5638831853866575,1.1600563699903448,1.1600563526153564,False,False,False,False,False,False
confornet_nomsa,p53_Y220C,13,0.814625137180022,1.3649759480053922,0.8146251440048218,1.364975929260254,1.1600563699903448,1.1600563526153564,False,False,False,False,False,False
confornet_nomsa,p53_Y220C,14,0.949339807899056,1.5324721875967766,0.9493398070335388,1.5324721336364746,1.1600563699903448,1.1600563526153564,False,False,False,False,False,False
confornet_nomsa,p53_Y220C,15,0.8501041535536934,1.5517493620462952,0.8501041531562805,1.5517494678497314,1.1600563699903448,1.1600563526153564,False,False,False,False,False,False
confornet_nomsa,p53_Y220C,16,1.0595265087911758,1.7412503719945591,1.059526443481445,1.7412502765655518,1.1600563699903448,1.1600563526153564,False,False,False,False,False,False
confornet_nomsa,p53_Y220C,17,0.5550635052911582,1.266668070407558,0.5550634860992432,1.2666679620742798,1.1600563699903448,1.1600563526153564,False,False,False,False,False,False
confornet_nomsa,p53_Y220C,18,1.0009097094036907,1.623838939115322,1.000909686088562,1.6238389015197754,1.1600563699903448,1.1600563526153564,False,False,False,False,False,False
confornet_nomsa,p53_Y220C,19,1.0415057375892245,1.7196134305846105,1.0415056943893433,1.7196134328842163,1.1600563699903448,1.1600563526153564,False,False,False,False,False,False
confornet_nomsa,p53_Y220C,2,1.0277804182780488,1.674438412784906,1.027780532836914,1.6744384765625,1.1600563699903448,1.1600563526153564,False,False,False,False,False,False
confornet_nomsa,p53_Y220C,20,1.1622628246903652,1.8323725292354744,1.162262797355652,1.832372546195984,1.1600563699903448,1.1600563526153564,False,False,False,False,False,False
confornet_nomsa,p53_Y220C,21,0.9167821695789716,1.5271622467815238,0.9167822003364564,1.5271621942520142,1.1600563699903448,1.1600563526153564,False,False,False,False,False,False
confornet_nomsa,p53_Y220C,22,0.9582920203771724,1.600191102933583,0.9582920074462892,1.6001911163330078,1.1600563699903448,1.1600563526153564,False,False,False,False,False,False
confornet_nomsa,p53_Y220C,23,0.6424734847835375,1.3622843860494478,0.6424734592437744,1.3622844219207764,1.1600563699903448,1.1600563526153564,False,False,False,False,False,False
confornet_nomsa,p53_Y220C,24,0.9927821342412052,1.6077515150935116,0.9927820563316344,1.607751488685608,1.1600563699903448,1.1600563526153564,False,False,False,False,False,False
confornet_nomsa,p53_Y220C,25,0.782388950467112,1.3889739561520704,0.7823889851570129,1.3889739513397217,1.1600563699903448,1.1600563526153564,False,False,False,False,False,False
confornet_nomsa,p53_Y220C,26,0.9582049795247628,1.6019070386516725,0.958204984664917,1.6019070148468018,1.1600563699903448,1.1600563526153564,False,False,False,False,False,False
confornet_nomsa,p53_Y220C,27,0.8109527919652939,1.4417743988062843,0.8109527826309204,1.4417743682861328,1.1600563699903448,1.1600563526153564,False,False,False,False,False,False
confornet_nomsa,p53_Y220C,28,0.7421692963091048,1.4399135617521592,0.7421693205833435,1.439913630485535,1.1600563699903448,1.1600563526153564,False,False,False,False,False,False
confornet_nomsa,p53_Y220C,29,0.8885543130658153,1.5882112586765946,0.8885543346405029,1.5882112979888916,1.1600563699903448,1.1600563526153564,False,False,False,False,False,False
confornet_nomsa,p53_Y220C,3,1.0470799487466955,1.5842740459996063,1.0470799207687378,1.5842740535736084,1.1600563699903448,1.1600563526153564,False,False,False,False,False,False
confornet_nomsa,p53_Y220C,4,0.9685695439100784,1.5150517169279163,0.96856951713562,1.5150517225265503,1.1600563699903448,1.1600563526153564,False,False,False,False,False,False
confornet_nomsa,p53_Y220C,5,0.916522072456372,1.578969194584846,0.9165220856666564,1.5789692401885986,1.1600563699903448,1.1600563526153564,False,False,False,False,False,False
confornet_nomsa,p53_Y220C,6,0.920791592809862,1.5717416715608097,0.9207916259765624,1.5717417001724243,1.1600563699903448,1.1600563526153564,False,False,False,False,False,False
confornet_nomsa,p53_Y220C,7,0.9513910081627872,1.598961282369108,0.9513910412788392,1.5989612340927124,1.1600563699903448,1.1600563526153564,False,False,False,False,False,False
confornet_nomsa,p53_Y220C,8,0.9684943815589258,1.557224114865572,0.9684943556785583,1.557224154472351,1.1600563699903448,1.1600563526153564,False,False,False,False,False,False
confornet_nomsa,p53_Y220C,9,0.5667602485164259,1.324043074726376,0.5667603015899658,1.324043035507202,1.1600563699903448,1.1600563526153564,False,False,False,False,False,False
confornet_nomsa,p53_Y220C__4AGQ,0,1.203444061719902,0.3212252647542249,1.203444004058838,0.3212252557277679,1.1180275303614244,1.1180275678634644,True,True,True,True,True,True
confornet_nomsa,p53_Y220C__4AGQ,1,1.1603889764021047,0.2752326117785046,1.1603889465332031,0.2752326130867004,1.1180275303614244,1.1180275678634644,True,True,True,True,True,True
confornet_nomsa,p53_Y220C__4AGQ,10,1.1925279112385914,0.278951211871861,1.1925278902053833,0.2789512276649475,1.1180275303614244,1.1180275678634644,True,True,True,True,True,True
confornet_nomsa,p53_Y220C__4AGQ,11,1.2632911329222374,0.4270874227046683,1.2632911205291748,0.4270874261856079,1.1180275303614244,1.1180275678634644,True,True,True,True,True,True
confornet_nomsa,p53_Y220C__4AGQ,12,1.1789870334412802,0.2042191975395093,1.17898690700531,0.2042191922664642,1.1180275303614244,1.1180275678634644,True,True,True,True,True,True
confornet_nomsa,p53_Y220C__4AGQ,13,1.202920475209286,0.2563702590216001,1.2029204368591309,0.2563702464103699,1.1180275303614244,1.1180275678634644,True,True,True,True,True,True
confornet_nomsa,p53_Y220C__4AGQ,14,1.1507423042823075,0.2757731431474255,1.1507422924041748,0.275773137807846,1.1180275303614244,1.1180275678634644,True,True,True,True,True,True
confornet_nomsa,p53_Y220C__4AGQ,15,1.2247903116111931,0.2993118260890394,1.224790334701538,0.2993118464946747,1.1180275303614244,1.1180275678634644,True,True,True,True,True,True
confornet_nomsa,p53_Y220C__4AGQ,16,1.1865846935429745,0.1980090236527332,1.186584711074829,0.1980090290307998,1.1180275303614244,1.1180275678634644,True,True,True,True,True,True
confornet_nomsa,p53_Y220C__4AGQ,17,1.1752193721531958,0.2045110218370294,1.1752194166183472,0.2045110166072845,1.1180275303614244,1.1180275678634644,True,True,True,True,True,True
confornet_nomsa,p53_Y220C__4AGQ,18,1.1886282129006605,0.2137645417878225,1.1886281967163086,0.2137645483016967,1.1180275303614244,1.1180275678634644,True,True,True,True,True,True
confornet_nomsa,p53_Y220C__4AGQ,19,1.1712255222178145,0.2135062858521499,1.1712255477905271,0.2135062962770462,1.1180275303614244,1.1180275678634644,True,True,True,True,True,True
confornet_nomsa,p53_Y220C__4AGQ,2,1.1608157354601525,0.2121986452205796,1.160815715789795,0.2121986448764801,1.1180275303614244,1.1180275678634644,True,True,True,True,True,True
confornet_nomsa,p53_Y220C__4AGQ,20,1.1921844442385887,0.2351539564631883,1.1921844482421875,0.2351539582014084,1.1180275303614244,1.1180275678634644,True,True,True,True,True,True
confornet_nomsa,p53_Y220C__4AGQ,21,1.179981725518914,0.2868510011429094,1.179981708526611,0.2868509888648987,1.1180275303614244,1.1180275678634644,True,True,True,True,True,True
confornet_nomsa,p53_Y220C__4AGQ,22,1.2022665213053236,0.2766737337845786,1.2022664546966553,0.2766737341880798,1.1180275303614244,1.1180275678634644,True,True,True,True,True,True
confornet_nomsa,p53_Y220C__4AGQ,23,1.176570763049622,0.21663626437451,1.1765707731246948,0.2166362553834915,1.1180275303614244,1.1180275678634644,True,True,True,True,True,True
confornet_nomsa,p53_Y220C__4AGQ,24,1.1696035696771752,0.1997576778251967,1.1696035861968994,0.1997576802968979,1.1180275303614244,1.1180275678634644,True,True,True,True,True,True
confornet_nomsa,p53_Y220C__4AGQ,25,1.1820187374674107,0.2401511904505021,1.182018756866455,0.2401511967182159,1.1180275303614244,1.1180275678634644,True,True,True,True,True,True
confornet_nomsa,p53_Y220C__4AGQ,26,1.1662377782323488,0.1833538238522846,1.166237711906433,0.1833538264036178,1.1180275303614244,1.1180275678634644,True,True,True,True,True,True
confornet_nomsa,p53_Y220C__4AGQ,27,1.1843324448711772,0.191940207888213,1.1843323707580566,0.1919402033090591,1.1180275303614244,1.1180275678634644,True,True,True,True,True,True
confornet_nomsa,p53_Y220C__4AGQ,28,1.1561971527158816,0.2457004267128322,1.1561970710754397,0.2457004189491272,1.1180275303614244,1.1180275678634644,True,True,True,True,True,True
confornet_nomsa,p53_Y220C__4AGQ,29,1.1663215931342388,0.2139083713162388,1.1663216352462769,0.2139083743095398,1.1180275303614244,1.1180275678634644,True,True,True,True,True,True
confornet_nomsa,p53_Y220C__4AGQ,3,1.1473085361369164,0.2603859220249034,1.1473084688186646,0.2603859305381775,1.1180275303614244,1.1180275678634644,True,True,True,True,True,True
confornet_nomsa,p53_Y220C__4AGQ,4,1.16736903424895,0.2158245932037998,1.16736900806427,0.2158245891332626,1.1180275303614244,1.1180275678634644,True,True,True,True,True,True
confornet_nomsa,p53_Y220C__4AGQ,5,1.1506078026111624,0.2360057230525644,1.1506078243255615,0.2360057234764099,1.1180275303614244,1.1180275678634644,True,True,True,True,True,True
confornet_nomsa,p53_Y220C__4AGQ,6,1.1799488770538276,0.2409919552265898,1.1799489259719849,0.2409919500350952,1.1180275303614244,1.1180275678634644,True,True,True,True,True,True
confornet_nomsa,p53_Y220C__4AGQ,7,1.1597354156843012,0.2425580508058952,1.1597354412078855,0.2425580620765686,1.1180275303614244,1.1180275678634644,True,True,True,True,True,True
confornet_nomsa,p53_Y220C__4AGQ,8,1.2125877562101977,0.2664054496634854,1.2125877141952517,0.2664054334163666,1.1180275303614244,1.1180275678634644,True,True,True,True,True,True
confornet_nomsa,p53_Y220C__4AGQ,9,1.1649431096166352,0.2067550914913072,1.1649430990219116,0.2067550867795944,1.1180275303614244,1.1180275678634644,True,True,True,True,True,True
prody_rfd3,Bcl-xL,0,1.2290961013866202,2.004851676789615,1.3010953664779663,2.004851818084717,2.505562006849456,2.5040442943573,False,False,False,False,False,False
prody_rfd3,Bcl-xL,1,1.2323172155542528,1.9842994810961967,1.3210408687591553,1.9906810522079468,2.505562006849456,2.5040442943573,False,False,False,False,False,False
prody_rfd3,Bcl-xL,2,1.358271606330701,1.8443954615632288,1.4182292222976685,1.844395399093628,2.505562006849456,2.5040442943573,False,False,False,False,False,False
prody_rfd3,Bcl-xL,3,1.7654759358353154,2.208572792957692,1.8441557884216309,2.216351270675659,2.505562006849456,2.5040442943573,False,False,False,False,False,False
prody_rfd3,Bcl-xL,4,1.7581927464861642,2.470671991869212,1.83343768119812,2.47790789604187,2.505562006849456,2.5040442943573,False,False,False,False,False,False
prody_rfd3,Bcl-xL,5,1.5791078981685054,1.7849483886629307,1.6595070362091064,1.7923964262008667,2.505562006849456,2.5040442943573,False,False,False,False,False,False
prody_rfd3,Bcl-xL,6,1.3214573810451613,1.818141523086792,1.384087085723877,1.8181414604187007,2.505562006849456,2.5040442943573,False,False,False,False,False,False
prody_rfd3,Bcl-xL,7,1.2440712686724722,1.785926208528144,1.310126781463623,1.785926342010498,2.505562006849456,2.5040442943573,False,False,False,False,False,False
prody_rfd3,Bcl-xL,8,1.4163373524911744,2.052147808671388,1.470329999923706,2.05214786529541,2.505562006849456,2.5040442943573,False,False,False,False,False,False
prody_rfd3,Bcl-xL,9,1.43866158840691,1.9838567790760453,1.4926775693893433,1.9838567972183228,2.505562006849456,2.5040442943573,False,False,False,False,False,False
prody_rfd3,Bcl-xL,10,1.269488830558464,2.0058708423988065,1.3300048112869265,2.005870819091797,2.505562006849456,2.5040442943573,False,False,False,False,False,False
prody_rfd3,Bcl-xL,11,1.6685799465560742,2.3443277707764807,1.7447441816329956,2.344327688217163,2.505562006849456,2.5040442943573,False,False,False,False,False,False
prody_rfd3,Bcl-xL,12,1.613917201608594,2.4721398747244314,1.7288870811462402,2.479283332824707,2.505562006849456,2.5040442943573,False,False,False,False,False,False
prody_rfd3,Bcl-xL,13,1.2166026988093082,2.1860739087613283,1.322877049446106,2.1860740184783936,2.505562006849456,2.5040442943573,False,False,False,False,False,False
prody_rfd3,Bcl-xL,14,1.6812918108813688,2.264319156130027,1.761152982711792,2.2643191814422607,2.505562006849456,2.5040442943573,False,False,False,False,False,False
prody_rfd3,Bcl-xL,15,1.343786795816445,2.164672075080713,1.4014861583709717,2.1646721363067627,2.505562006849456,2.5040442943573,False,False,False,False,False,False
prody_rfd3,Bcl-xL,16,1.4716997437569326,1.9021805984946825,1.55279278755188,1.9021806716918943,2.505562006849456,2.5040442943573,False,False,False,False,False,False
prody_rfd3,Bcl-xL,17,1.5199439704523487,2.17504980423246,1.6005502939224243,2.1750497817993164,2.505562006849456,2.5040442943573,False,False,False,False,False,False
prody_rfd3,Bcl-xL,18,1.2243487789952,2.196280264651212,1.3108391761779783,2.2025022506713867,2.505562006849456,2.5040442943573,False,False,False,False,False,False
prody_rfd3,Bcl-xL,19,1.5030150867461076,1.806158858213536,1.5618499517440796,1.8061589002609253,2.505562006849456,2.5040442943573,False,False,False,False,False,False
prody_rfd3,Bcl-xL,20,1.491868864234943,2.000243321605756,1.5519585609436035,2.000243186950684,2.505562006849456,2.5040442943573,False,False,False,False,False,False
prody_rfd3,Bcl-xL,21,1.3633428164989845,2.3335938758953567,1.4603993892669678,2.333593845367432,2.505562006849456,2.5040442943573,False,False,False,False,False,False
prody_rfd3,Bcl-xL,22,1.2953318911170109,2.189848898239714,1.3549617528915403,2.1898488998413086,2.505562006849456,2.5040442943573,False,False,False,False,False,False
prody_rfd3,Bcl-xL,23,1.3615261528856055,1.8176798093169264,1.441777586936951,1.8176798820495603,2.505562006849456,2.5040442943573,False,False,False,False,False,False
prody_rfd3,Bcl-xL,24,1.4374470773729358,1.9263848954749048,1.4892500638961792,1.9263849258422847,2.505562006849456,2.5040442943573,False,False,False,False,False,False
prody_rfd3,Bcl-xL,25,1.2698845542754436,2.0553596600375306,1.3593261241912842,2.055359363555908,2.505562006849456,2.5040442943573,False,False,False,False,False,False
prody_rfd3,Bcl-xL,26,1.3621160324435124,2.205744414020355,1.417513132095337,2.205744504928589,2.505562006849456,2.5040442943573,False,False,False,False,False,False
prody_rfd3,Bcl-xL,27,1.7010421866916672,2.1895998215986885,1.7833797931671145,2.196946382522583,2.505562006849456,2.5040442943573,False,False,False,False,False,False
prody_rfd3,Bcl-xL,28,1.6954730678256638,2.3786518880978083,1.7718204259872437,2.378651857376098,2.505562006849456,2.5040442943573,False,False,False,False,False,False
prody_rfd3,Bcl-xL,29,1.2854784752917694,1.933635297260179,1.349964618682861,1.9336353540420528,2.505562006849456,2.5040442943573,False,False,False,False,False,False
prody_rfd3,FUT8,0,0.8969195679961542,3.4430306741253034,0.8969195485115051,3.4592740535736084,3.419934534191317,3.4277188777923584,False,False,False,False,False,False
prody_rfd3,FUT8,1,0.9917700596538264,3.4133982102796026,0.9917700290679932,3.4516780376434326,3.419934534191317,3.4277188777923584,False,False,False,False,False,False
prody_rfd3,FUT8,2,0.9287723474066368,3.41639230116882,0.9287723302841188,3.4335312843322754,3.419934534191317,3.4277188777923584,False,False,False,False,False,False
prody_rfd3,FUT8,3,0.9050135889988976,3.4658857206292515,0.9050135612487792,3.481009006500244,3.419934534191317,3.4277188777923584,False,False,False,False,False,False
prody_rfd3,FUT8,4,0.9033846656082128,3.466727741843473,0.9033846259117126,3.4834561347961426,3.419934534191317,3.4277188777923584,False,False,False,False,False,False
prody_rfd3,FUT8,5,0.903804209171994,3.437342491248392,0.9038043022155762,3.4520485401153564,3.419934534191317,3.4277188777923584,False,False,False,False,False,False
prody_rfd3,FUT8,6,0.8832536752706381,3.471676518963162,0.8832536935806274,3.4848694801330566,3.419934534191317,3.4277188777923584,False,False,False,False,False,False
prody_rfd3,FUT8,7,0.9272152021603942,3.428553960157471,0.9272151589393616,3.444636821746826,3.419934534191317,3.4277188777923584,False,False,False,False,False,False
prody_rfd3,FUT8,8,0.9174485663184628,3.457189231486669,0.9174485206604004,3.474936485290528,3.419934534191317,3.4277188777923584,False,False,False,False,False,False
prody_rfd3,FUT8,9,0.8814224486900588,3.486253285532813,0.8814224600791931,3.498431921005249,3.419934534191317,3.4277188777923584,False,False,False,False,False,False
prody_rfd3,FUT8,10,0.8935439493537913,3.4802676794255256,0.8935439586639404,3.496983766555786,3.419934534191317,3.4277188777923584,False,False,False,False,False,False
prody_rfd3,FUT8,11,0.9872890346135512,3.3966561709863794,0.9872890710830688,3.4378912448883057,3.419934534191317,3.4277188777923584,False,False,False,False,False,False
prody_rfd3,FUT8,12,0.910666826836953,3.441758305153302,0.910666823387146,3.4555933475494385,3.419934534191317,3.4277188777923584,False,False,False,False,False,False
prody_rfd3,FUT8,13,0.8926170169097434,3.408716888797523,0.8926170468330383,3.4258873462677,3.419934534191317,3.4277188777923584,False,False,False,False,False,False
prody_rfd3,FUT8,14,0.9309596833657978,3.4175486002543822,0.930959701538086,3.4337821006774902,3.419934534191317,3.4277188777923584,False,False,False,False,False,False
prody_rfd3,FUT8,15,0.9046766857593416,3.444812690381639,0.9046766757965088,3.4598312377929688,3.419934534191317,3.4277188777923584,False,False,False,False,False,False
prody_rfd3,FUT8,16,0.8746884735722724,3.4692798410118506,0.874688446521759,3.4841015338897705,3.419934534191317,3.4277188777923584,False,False,False,False,False,False
prody_rfd3,FUT8,17,0.9735793311207744,3.3693692138845504,0.9735792875289916,3.4105758666992188,3.419934534191317,3.4277188777923584,False,False,False,False,False,False
prody_rfd3,FUT8,18,0.8838536155179415,3.460172991443673,0.8838536143302917,3.473604202270508,3.419934534191317,3.4277188777923584,False,False,False,False,False,False
prody_rfd3,FUT8,19,0.985624613240186,3.441806308146887,0.9856245517730712,3.479037284851074,3.419934534191317,3.4277188777923584,False,False,False,False,False,False
prody_rfd3,FUT8,20,1.0187792015853554,3.4281702554671583,1.0187792778015137,3.4676592350006104,3.419934534191317,3.4277188777923584,False,False,False,False,False,False
prody_rfd3,FUT8,21,0.9775235791402492,3.3866446418332585,0.9775235652923584,3.4282681941986084,3.419934534191317,3.4277188777923584,False,False,False,False,False,False
prody_rfd3,FUT8,22,0.9935089641349552,3.4458022354547224,0.9935089349746704,3.483597040176392,3.419934534191317,3.4277188777923584,False,False,False,False,False,False
prody_rfd3,FUT8,23,0.9819735720676434,3.446083683495468,0.9819735884666444,3.48401951789856,3.419934534191317,3.4277188777923584,False,False,False,False,False,False
prody_rfd3,FUT8,24,0.8810544600393988,3.464051946492486,0.8810544610023499,3.478516101837158,3.419934534191317,3.4277188777923584,False,False,False,False,False,False
prody_rfd3,FUT8,25,0.8862728740366812,3.416349485586581,0.8862729072570801,3.432281494140625,3.419934534191317,3.4277188777923584,False,False,False,False,False,False
prody_rfd3,FUT8,26,0.915868601791568,3.4525325396058144,0.9158685803413392,3.467280864715576,3.419934534191317,3.4277188777923584,False,False,False,False,False,False
prody_rfd3,FUT8,27,0.8633023701532213,3.402136708893616,0.8633023500442505,3.418465375900269,3.419934534191317,3.4277188777923584,False,False,False,False,False,False
prody_rfd3,FUT8,28,0.883106260516757,3.485315703475702,0.8831062316894531,3.4983413219451904,3.419934534191317,3.4277188777923584,False,False,False,False,False,False
prody_rfd3,FUT8,29,0.9660351898153802,3.41346643891957,0.9660351872444152,3.426168918609619,3.419934534191317,3.4277188777923584,False,False,False,False,False,False
prody_rfd3,GLTP,0,0.5115345719353236,2.1665662999546504,0.5115345120429993,2.166566133499145,2.1410013181020275,2.14109754562378,False,False,False,False,False,False
prody_rfd3,GLTP,1,0.488240391224215,2.198992358203419,0.4882404208183288,2.1989924907684326,2.1410013181020275,2.14109754562378,False,False,False,False,False,False
prody_rfd3,GLTP,2,0.5645139938873783,2.35980428079484,0.5645139813423157,2.359804391860962,2.1410013181020275,2.14109754562378,False,False,False,False,False,False
prody_rfd3,GLTP,3,0.5053562161315491,2.167583216429904,0.5053561925888062,2.1675832271575928,2.1410013181020275,2.14109754562378,False,False,False,False,False,False
prody_rfd3,GLTP,4,0.6274137802895908,2.39651112382533,0.6274137496948242,2.3965108394622803,2.1410013181020275,2.14109754562378,False,False,False,False,False,False
prody_rfd3,GLTP,5,0.2207466455389085,2.2274643527174467,0.2207466512918472,2.227464437484741,2.1410013181020275,2.14109754562378,False,False,False,False,False,False
prody_rfd3,GLTP,6,0.5831650487258428,2.0815084896300373,0.5831651091575623,2.0815086364746094,2.1410013181020275,2.14109754562378,False,False,False,False,False,False
prody_rfd3,GLTP,7,0.5862651472786234,1.976130014564336,0.5862651467323303,1.976130008697509,2.1410013181020275,2.14109754562378,False,False,False,False,False,False
prody_rfd3,GLTP,8,0.5520640680979774,2.292869344762872,0.552064061164856,2.292869329452514,2.1410013181020275,2.14109754562378,False,False,False,False,False,False
prody_rfd3,GLTP,9,0.2898932173907997,2.008136194628669,0.2898932099342346,2.00813627243042,2.1410013181020275,2.14109754562378,False,False,False,False,False,False
prody_rfd3,GLTP,10,0.6159954284283472,2.246445561855451,0.615995466709137,2.246445655822754,2.1410013181020275,2.14109754562378,False,False,False,False,False,False
prody_rfd3,GLTP,11,0.6359734170439291,2.305835250861927,0.6359733939170837,2.305835247039795,2.1410013181020275,2.14109754562378,False,False,False,False,False,False
prody_rfd3,GLTP,12,0.5511571899184267,2.319448643929177,0.5511571764945984,2.319448709487915,2.1410013181020275,2.14109754562378,False,False,False,False,False,False
prody_rfd3,GLTP,13,0.5101612112412486,2.267621863811585,0.5101611614227295,2.2676219940185547,2.1410013181020275,2.14109754562378,False,False,False,False,False,False
prody_rfd3,GLTP,14,0.8368773557571156,2.321809027234187,1.0358481407165527,2.408638000488281,2.1410013181020275,2.14109754562378,False,False,False,False,False,False
prody_rfd3,GLTP,15,0.3042842510006636,2.107617418466287,0.3042842447757721,2.107617378234864,2.1410013181020275,2.14109754562378,False,False,False,False,False,False
prody_rfd3,GLTP,16,0.512124981255109,2.172491067967333,0.5121249556541443,2.1724910736083984,2.1410013181020275,2.14109754562378,False,False,False,False,False,False
prody_rfd3,GLTP,17,0.6407465207648155,2.2958344407280737,0.640746533870697,2.295834541320801,2.1410013181020275,2.14109754562378,False,False,False,False,False,False
prody_rfd3,GLTP,18,0.3137425370702396,2.003278181083188,0.3137425184249878,2.0032780170440674,2.1410013181020275,2.14109754562378,False,False,False,False,False,False
prody_rfd3,GLTP,19,0.3521999311639163,2.0938659675460496,0.352199912071228,2.093865871429444,2.1410013181020275,2.14109754562378,False,False,False,False,False,False
prody_rfd3,GLTP,20,0.4146046035310404,2.083215370708562,0.4146046042442322,2.0832152366638184,2.1410013181020275,2.14109754562378,False,False,False,False,False,False
prody_rfd3,GLTP,21,0.5379318128549737,2.22394196773891,0.5379317998886108,2.2239420413970947,2.1410013181020275,2.14109754562378,False,False,False,False,False,False
prody_rfd3,GLTP,22,0.8843480237772273,2.2806187131673408,1.0536987781524658,2.3828907012939453,2.1410013181020275,2.14109754562378,False,False,False,False,False,False
prody_rfd3,GLTP,23,0.2901657580550776,2.0577399569339665,0.2901657819747925,2.0577399730682373,2.1410013181020275,2.14109754562378,False,False,False,False,False,False
prody_rfd3,GLTP,24,0.9061224102699008,2.285122899294443,1.093181610107422,2.3961257934570312,2.1410013181020275,2.14109754562378,False,False,False,False,False,False
prody_rfd3,GLTP,25,0.4770822294393988,2.2685601982382906,0.4770821630954742,2.26856017112732,2.1410013181020275,2.14109754562378,False,False,False,False,False,False
prody_rfd3,GLTP,26,0.2756827131997367,2.1864703485839736,0.2756826877593994,2.1864702701568604,2.1410013181020275,2.14109754562378,False,False,False,False,False,False
prody_rfd3,GLTP,27,0.4704484052512868,2.0911681776308964,0.47044837474823,2.091168165206909,2.1410013181020275,2.14109754562378,False,False,False,False,False,False
prody_rfd3,GLTP,28,0.2520193200089941,1.967400688040881,0.252019315958023,1.9674005508422847,2.1410013181020275,2.14109754562378,False,False,False,False,False,False
prody_rfd3,GLTP,29,0.340632528428037,2.022798153836103,0.3406325280666351,2.0227980613708496,2.1410013181020275,2.14109754562378,False,False,False,False,False,False
prody_rfd3,HIF2alpha,0,2.369456508536693,2.3029571991973508,2.5463125705718994,2.30295729637146,1.86542516135414,1.8654251098632808,False,False,False,False,False,False
prody_rfd3,HIF2alpha,1,2.3451766807586885,2.201753374231348,2.342700719833374,2.2017533779144287,1.86542516135414,1.8654251098632808,False,False,False,False,False,False
prody_rfd3,HIF2alpha,2,1.3165749360978187,1.2166480171829692,1.6605323553085327,1.216647982597351,1.86542516135414,1.8654251098632808,True,True,True,True,False,False
prody_rfd3,HIF2alpha,3,2.338981060387574,2.3909434519906285,2.4626107215881348,2.490450859069824,1.86542516135414,1.8654251098632808,False,False,False,False,False,False
prody_rfd3,HIF2alpha,4,2.4650944553562497,2.36408832314913,2.64669156074524,2.364088296890259,1.86542516135414,1.8654251098632808,False,False,False,False,False,False
prody_rfd3,HIF2alpha,5,2.479110973598117,2.218676212140481,2.4791109561920166,2.3327558040618896,1.86542516135414,1.8654251098632808,False,False,False,False,False,False
prody_rfd3,HIF2alpha,6,1.5309282168029716,1.1155860644758002,1.6194528341293335,1.1155860424041748,1.86542516135414,1.8654251098632808,True,True,True,True,False,False
prody_rfd3,HIF2alpha,7,2.3378955427072223,2.2498367627116287,2.505290031433105,2.2498369216918945,1.86542516135414,1.8654251098632808,False,False,False,False,False,False
prody_rfd3,HIF2alpha,8,1.3038097075894417,1.145927887685446,1.5903886556625366,1.145927906036377,1.86542516135414,1.8654251098632808,True,True,True,True,False,False
prody_rfd3,HIF2alpha,9,2.344019624248201,2.280582312848874,2.474396228790283,2.280582427978516,1.86542516135414,1.8654251098632808,False,False,False,False,False,False
prody_rfd3,HIF2alpha,10,1.3575752885148602,1.164404856427073,1.6966687440872192,1.1644048690795898,1.86542516135414,1.8654251098632808,True,True,True,True,False,False
prody_rfd3,HIF2alpha,11,2.3039877078764524,2.307308314645839,2.435067176818848,2.3979358673095703,1.86542516135414,1.8654251098632808,False,False,False,False,False,False
prody_rfd3,HIF2alpha,12,2.45148540111122,2.361955725999716,2.645359754562378,2.361955642700196,1.86542516135414,1.8654251098632808,False,False,False,False,False,False
prody_rfd3,HIF2alpha,13,2.5619873112921763,2.2247813218532904,2.561987400054932,2.336665630340576,1.86542516135414,1.8654251098632808,False,False,False,False,False,False
prody_rfd3,HIF2alpha,14,1.2963544421299782,1.0839134765900271,1.3919504880905151,1.0839134454727173,1.86542516135414,1.8654251098632808,True,True,True,True,False,False
prody_rfd3,HIF2alpha,15,2.33123721476331,2.2234537473877123,2.503966808319092,2.2234537601470947,1.86542516135414,1.8654251098632808,False,False,False,False,False,False
prody_rfd3,HIF2alpha,16,1.303073008491408,1.0941545979400036,1.585903525352478,1.0941545963287354,1.86542516135414,1.8654251098632808,True,True,True,True,False,False
prody_rfd3,HIF2alpha,17,1.418171041798632,1.283371757988968,1.4181710481643677,1.3478598594665527,1.86542516135414,1.8654251098632808,True,True,True,True,False,False
prody_rfd3,HIF2alpha,18,2.3639383878903306,2.3165858375847463,2.501293897628784,2.4156765937805176,1.86542516135414,1.8654251098632808,False,False,False,False,False,False
prody_rfd3,HIF2alpha,19,2.347807721530125,2.3666075614031903,2.4712047576904297,2.459376335144043,1.86542516135414,1.8654251098632808,False,False,False,False,False,False
prody_rfd3,HIF2alpha,20,2.4435118090578807,2.3609126612222533,2.63671350479126,2.360912799835205,1.86542516135414,1.8654251098632808,False,False,False,False,False,False
prody_rfd3,HIF2alpha,21,1.7784052509708728,1.1499351372601845,1.860895156860352,1.1499351263046265,1.86542516135414,1.8654251098632808,True,True,True,True,False,False
prody_rfd3,HIF2alpha,22,1.5306381508306526,1.130743881357095,1.623940110206604,1.1307438611984253,1.86542516135414,1.8654251098632808,True,True,True,True,False,False
prody_rfd3,HIF2alpha,23,2.242472170880718,2.104209698026177,2.387186288833618,2.1042096614837646,1.86542516135414,1.8654251098632808,False,False,False,False,False,False
prody_rfd3,HIF2alpha,24,1.3270723846478956,1.128933235617368,1.618533730506897,1.1289331912994385,1.86542516135414,1.8654251098632808,True,True,True,True,False,False
prody_rfd3,HIF2alpha,25,2.3351426602733865,2.180069647210156,2.333563327789306,2.205230951309204,1.86542516135414,1.8654251098632808,False,False,False,False,False,False
prody_rfd3,HIF2alpha,26,2.319261580496668,2.2787591117676254,2.4609975814819336,2.384028673171997,1.86542516135414,1.8654251098632808,False,False,False,False,False,False
prody_rfd3,HIF2alpha,27,2.305808481133742,2.323071598651027,2.431825876235962,2.4136264324188232,1.86542516135414,1.8654251098632808,False,False,False,False,False,False
prody_rfd3,HIF2alpha,28,2.4214056619884943,2.284275481489704,2.6293041706085205,2.28427529335022,1.86542516135414,1.8654251098632808,False,False,False,False,False,False
prody_rfd3,HIF2alpha,29,2.3310949397286307,2.1832303598013816,2.483358383178711,2.183230400085449,1.86542516135414,1.8654251098632808,False,False,False,False,False,False
prody_rfd3,HIF2alpha__6D0B,0,1.7645871368199482,2.0357268645143543,1.8944188356399536,2.03572678565979,1.6729991744940291,1.7488830089569092,False,False,False,False,False,False
prody_rfd3,HIF2alpha__6D0B,1,1.739809450331886,2.121196191488455,1.7379944324493408,2.1211962699890137,1.6729991744940291,1.7488830089569092,False,False,False,False,False,False
prody_rfd3,HIF2alpha__6D0B,2,0.999612583266964,1.37111409490114,1.248010277748108,1.3711140155792236,1.6729991744940291,1.7488830089569092,False,False,False,False,False,False
prody_rfd3,HIF2alpha__6D0B,3,1.7430627239558207,2.1451890541615937,1.83322548866272,2.2139127254486084,1.6729991744940291,1.7488830089569092,False,False,False,False,False,False
prody_rfd3,HIF2alpha__6D0B,4,1.83081527260652,2.0817545833264752,1.964282751083374,2.081754684448242,1.6729991744940291,1.7488830089569092,False,False,False,False,False,False
prody_rfd3,HIF2alpha__6D0B,5,1.8431766293931973,2.0138216327662946,1.8431766033172607,2.091153860092163,1.6729991744940291,1.7488830089569092,False,False,False,False,False,False
prody_rfd3,HIF2alpha__6D0B,6,1.15252186457169,1.3956677421853194,1.216706156730652,1.3956677913665771,1.6729991744940291,1.7488830089569092,False,False,False,False,False,False
prody_rfd3,HIF2alpha__6D0B,7,1.7353160452044725,2.0288358769913883,1.858441710472107,2.0288357734680176,1.6729991744940291,1.7488830089569092,False,False,False,False,False,False
prody_rfd3,HIF2alpha__6D0B,8,0.9786776724183462,1.369718749901765,1.1873645782470703,1.3697187900543213,1.6729991744940291,1.7488830089569092,False,False,False,False,False,False
prody_rfd3,HIF2alpha__6D0B,9,1.7395246382617728,2.130560496565685,1.835384488105774,2.130560398101806,1.6729991744940291,1.7488830089569092,False,False,False,False,False,False
prody_rfd3,HIF2alpha__6D0B,10,1.0381215937967796,1.299547745547987,1.2819896936416626,1.299547791481018,1.6729991744940291,1.7488830089569092,False,False,False,False,False,False
prody_rfd3,HIF2alpha__6D0B,11,1.711153414498858,2.0440308566036425,1.807642698287964,2.109140634536743,1.6729991744940291,1.7488830089569092,False,False,False,False,False,False
prody_rfd3,HIF2alpha__6D0B,12,1.8232936598319835,2.0980399018639444,1.9655381441116333,2.0980398654937744,1.6729991744940291,1.7488830089569092,False,False,False,False,False,False
prody_rfd3,HIF2alpha__6D0B,13,1.9130938889442688,2.0115043487728244,1.9130939245224,2.0875697135925293,1.6729991744940291,1.7488830089569092,False,False,False,False,False,False
prody_rfd3,HIF2alpha__6D0B,14,0.9921720626893492,1.5087066600953425,1.060390591621399,1.5087066888809204,1.6729991744940291,1.7488830089569092,False,False,False,False,False,False
prody_rfd3,HIF2alpha__6D0B,15,1.7324751850660296,2.0217807119779367,1.8592724800109863,2.021780490875244,1.6729991744940291,1.7488830089569092,False,False,False,False,False,False
prody_rfd3,HIF2alpha__6D0B,16,0.9851111035501824,1.3393972491876365,1.190148115158081,1.3393973112106323,1.6729991744940291,1.7488830089569092,False,False,False,False,False,False
prody_rfd3,HIF2alpha__6D0B,17,1.0591428752480316,1.4408162781332283,1.059142827987671,1.4731403589248655,1.6729991744940291,1.7488830089569092,False,False,False,False,False,False
prody_rfd3,HIF2alpha__6D0B,18,1.77699803214339,2.0401299868047054,1.876736402511597,2.1103789806365967,1.6729991744940291,1.7488830089569092,False,False,False,False,False,False
prody_rfd3,HIF2alpha__6D0B,19,1.7489242770220297,2.082422026232208,1.8392313718795776,2.14881443977356,1.6729991744940291,1.7488830089569092,False,False,False,False,False,False
prody_rfd3,HIF2alpha__6D0B,20,1.8114078902709203,2.0736422789978355,1.953712821006775,2.0736422538757324,1.6729991744940291,1.7488830089569092,False,False,False,False,False,False
prody_rfd3,HIF2alpha__6D0B,21,1.3296282176268883,1.427807009112523,1.3898484706878662,1.4278069734573364,1.6729991744940291,1.7488830089569092,False,False,False,False,False,False
prody_rfd3,HIF2alpha__6D0B,22,1.1638290760082235,1.377707393222845,1.2308979034423828,1.3777073621749878,1.6729991744940291,1.7488830089569092,False,False,False,False,False,False
prody_rfd3,HIF2alpha__6D0B,23,1.6687318340776542,1.9549680986117244,1.7747769355773926,1.9549680948257449,1.6729991744940291,1.7488830089569092,False,False,False,False,False,False
prody_rfd3,HIF2alpha__6D0B,24,1.004880323063474,1.3283041712487922,1.2158396244049072,1.3283041715621948,1.6729991744940291,1.7488830089569092,False,False,False,False,False,False
prody_rfd3,HIF2alpha__6D0B,25,1.7328458435803549,2.135303926839913,1.7318613529205322,2.135303974151612,1.6729991744940291,1.7488830089569092,False,False,False,False,False,False
prody_rfd3,HIF2alpha__6D0B,26,1.7285155143665918,2.0119023157661515,1.8322515487670896,2.085474729537964,1.6729991744940291,1.7488830089569092,False,False,False,False,False,False
prody_rfd3,HIF2alpha__6D0B,27,1.718123214760532,2.06830896410061,1.810404777526856,2.1331167221069336,1.6729991744940291,1.7488830089569092,False,False,False,False,False,False
prody_rfd3,HIF2alpha__6D0B,28,1.795051095592629,2.0613064600887023,1.9479416608810425,2.0613064765930176,1.6729991744940291,1.7488830089569092,False,False,False,False,False,False
prody_rfd3,HIF2alpha__6D0B,29,1.7339605004822192,2.0090051524293884,1.845683097839356,2.009005069732666,1.6729991744940291,1.7488830089569092,False,False,False,False,False,False
prody_rfd3,HIV1_CA,0,2.0577111826479744,2.147147495350697,2.057711124420166,2.1471476554870605,1.3207135415934947,1.3453065156936646,False,False,False,False,False,False
prody_rfd3,HIV1_CA,1,1.9503216779733632,2.1500156717443883,1.950321674346924,2.1500158309936523,1.3207135415934947,1.3453065156936646,False,False,False,False,False,False
prody_rfd3,HIV1_CA,2,1.7331578716088305,1.8979656398804203,1.7331578731536863,1.922322034835816,1.3207135415934947,1.3453065156936646,False,False,False,False,False,False
prody_rfd3,HIV1_CA,3,2.110225854389722,2.2023946334531765,2.110225915908813,2.202394723892212,1.3207135415934947,1.3453065156936646,False,False,False,False,False,False
prody_rfd3,HIV1_CA,4,2.089621096086292,1.9494541241002752,2.089621067047119,1.9494541883468628,1.3207135415934947,1.3453065156936646,False,False,False,False,False,False
prody_rfd3,HIV1_CA,5,2.065243768002244,2.106683403121685,2.065243721008301,2.1066834926605225,1.3207135415934947,1.3453065156936646,False,False,False,False,False,False
prody_rfd3,HIV1_CA,6,1.863305035503066,1.2390078750249247,1.8633050918579104,1.239007830619812,1.3207135415934947,1.3453065156936646,True,True,True,True,False,False
prody_rfd3,HIV1_CA,7,2.373438539352005,2.0693790274684267,2.4056241512298584,2.082282304763794,1.3207135415934947,1.3453065156936646,False,False,False,False,False,False
prody_rfd3,HIV1_CA,8,1.9957328348998664,2.181853985653217,1.9957329034805296,2.181854009628296,1.3207135415934947,1.3453065156936646,False,False,False,False,False,False
prody_rfd3,HIV1_CA,9,1.665876964400357,1.855931802714376,1.665876865386963,1.8769710063934328,1.3207135415934947,1.3453065156936646,False,False,False,False,False,False
prody_rfd3,HIV1_CA,10,2.1362246589702742,2.103335439839142,2.1362245082855225,2.1033356189727783,1.3207135415934947,1.3453065156936646,False,False,False,False,False,False
prody_rfd3,HIV1_CA,11,2.080554902343014,2.135868626348964,2.080554962158203,2.135868549346924,1.3207135415934947,1.3453065156936646,False,False,False,False,False,False
prody_rfd3,HIV1_CA,12,1.8898961928003053,1.9263985869293336,1.8898961544036863,1.926398515701294,1.3207135415934947,1.3453065156936646,False,False,False,False,False,False
prody_rfd3,HIV1_CA,13,2.1449949484693773,2.144407891448962,2.1449949741363525,2.1444079875946045,1.3207135415934947,1.3453065156936646,False,False,False,False,False,False
prody_rfd3,HIV1_CA,14,2.070254944455141,2.090379491410464,2.0702548027038574,2.0903797149658203,1.3207135415934947,1.3453065156936646,False,False,False,False,False,False
prody_rfd3,HIV1_CA,15,1.948292986580136,1.1938253888196877,1.9482929706573489,1.193825364112854,1.3207135415934947,1.3453065156936646,True,True,True,True,False,False
prody_rfd3,HIV1_CA,16,2.080124023440531,2.106796685725446,2.0801239013671875,2.106796741485596,1.3207135415934947,1.3453065156936646,False,False,False,False,False,False
prody_rfd3,HIV1_CA,17,0.7738842599710104,1.006271801193089,0.7738842964172363,1.0062718391418457,1.3207135415934947,1.3453065156936646,False,False,False,False,False,False
prody_rfd3,HIV1_CA,18,2.1005160449511244,2.154860929056872,2.1005160808563232,2.1548609733581543,1.3207135415934947,1.3453065156936646,False,False,False,False,False,False
prody_rfd3,HIV1_CA,19,2.0995962531889707,1.9939100011961608,2.0995962619781494,1.9939099550247192,1.3207135415934947,1.3453065156936646,False,False,False,False,False,False
prody_rfd3,HIV1_CA,20,1.785406041864855,1.091471038645384,1.7854061126708984,1.0914709568023682,1.3207135415934947,1.3453065156936646,True,True,True,True,False,False
prody_rfd3,HIV1_CA,21,1.5911373256824262,1.6998941650357504,1.5911372900009155,1.7152607440948486,1.3207135415934947,1.3453065156936646,False,False,False,False,False,False
prody_rfd3,HIV1_CA,22,1.9205250258859563,2.157914543516641,1.920525074005127,2.1610329151153564,1.3207135415934947,1.3453065156936646,False,False,False,False,False,False
prody_rfd3,HIV1_CA,23,2.1055339991065214,2.03641234180911,2.105534076690674,2.036412477493286,1.3207135415934947,1.3453065156936646,False,False,False,False,False,False
prody_rfd3,HIV1_CA,24,2.036042895467472,2.059574917222936,2.0360429286956787,2.059574842453003,1.3207135415934947,1.3453065156936646,False,False,False,False,False,False
prody_rfd3,HIV1_CA,25,2.028689330536132,2.056278065983022,2.028689384460449,2.0562779903411865,1.3207135415934947,1.3453065156936646,False,False,False,False,False,False
prody_rfd3,HIV1_CA,26,2.0065489543932933,2.0868352449589787,2.0065488815307617,2.0868351459503174,1.3207135415934947,1.3453065156936646,False,False,False,False,False,False
prody_rfd3,HIV1_CA,27,1.8004482988484585,1.0518693737862514,1.8004484176635742,1.0674619674682615,1.3207135415934947,1.3453065156936646,True,True,True,True,False,False
prody_rfd3,HIV1_CA,28,1.926714901457842,2.056308186128771,1.9267150163650515,2.0563080310821533,1.3207135415934947,1.3453065156936646,False,False,False,False,False,False
prody_rfd3,HIV1_CA,29,0.7964705145008563,1.0341691210828043,0.7964705228805542,1.0341691970825195,1.3207135415934947,1.3453065156936646,False,False,False,False,False,False
prody_rfd3,HIV_RT,0,0.6999650178262597,2.931342342864004,0.7258324027061462,2.931342363357544,3.055562157269878,3.073980569839477,False,False,False,False,False,False
prody_rfd3,HIV_RT,1,0.6815101910292497,2.979004718062747,0.7084762454032898,2.9790046215057373,3.055562157269878,3.073980569839477,False,False,False,False,False,False
prody_rfd3,HIV_RT,2,0.7538909566814377,2.8624505640805205,0.7865997552871704,2.862450361251831,3.055562157269878,3.073980569839477,False,False,False,False,False,False
prody_rfd3,HIV_RT,3,0.7211101164450366,3.0445962205499697,0.7211101055145264,3.067420721054077,3.055562157269878,3.073980569839477,False,False,False,False,False,False
prody_rfd3,HIV_RT,4,0.7573685118719656,2.881252219956516,0.7903885245323181,2.901571750640869,3.055562157269878,3.073980569839477,False,False,False,False,False,False
prody_rfd3,HIV_RT,5,0.7265672413375687,2.965099364298839,0.7550942897796631,2.965099334716797,3.055562157269878,3.073980569839477,False,False,False,False,False,False
prody_rfd3,HIV_RT,6,1.2745756356912303,2.6344828577325394,1.2745757102966309,2.638896942138672,3.055562157269878,3.073980569839477,False,False,False,False,False,False
prody_rfd3,HIV_RT,7,0.8342061391070614,3.036920847396368,0.8559109568595886,3.0369210243225098,3.055562157269878,3.073980569839477,False,False,False,False,False,False
prody_rfd3,HIV_RT,8,0.7612255221917172,2.840791854888048,0.7953751087188721,2.858147144317627,3.055562157269878,3.073980569839477,False,False,False,False,False,False
prody_rfd3,HIV_RT,9,0.6927554189477753,2.975564487633783,0.7201722860336304,2.975564479827881,3.055562157269878,3.073980569839477,False,False,False,False,False,False
prody_rfd3,HIV_RT,10,0.7096574208343119,2.9460692387231138,0.7367640137672424,2.9460692405700684,3.055562157269878,3.073980569839477,False,False,False,False,False,False
prody_rfd3,HIV_RT,11,0.804241004052241,3.023569224999916,0.8300464153289795,3.023569107055664,3.055562157269878,3.073980569839477,False,False,False,False,False,False
prody_rfd3,HIV_RT,12,0.692670350042982,3.009540161026208,0.7175153493881226,3.009540319442749,3.055562157269878,3.073980569839477,False,False,False,False,False,False
prody_rfd3,HIV_RT,13,0.7108916813301547,2.960855481953845,0.736557126045227,2.960855484008789,3.055562157269878,3.073980569839477,False,False,False,False,False,False
prody_rfd3,HIV_RT,14,0.6913182030362924,2.9854998133706254,0.7196998000144958,2.985499858856201,3.055562157269878,3.073980569839477,False,False,False,False,False,False
prody_rfd3,HIV_RT,15,0.7763984471516914,3.0191601977173943,0.8004758954048157,3.019160270690918,3.055562157269878,3.073980569839477,False,False,False,False,False,False
prody_rfd3,HIV_RT,16,0.7683747443974058,3.0290009544163308,0.7944962382316589,3.0290005207061768,3.055562157269878,3.073980569839477,False,False,False,False,False,False
prody_rfd3,HIV_RT,17,0.6924801740770695,2.970656958244376,0.7199798822402954,2.9706568717956543,3.055562157269878,3.073980569839477,False,False,False,False,False,False
prody_rfd3,HIV_RT,18,0.8907531308580406,3.057508642617118,0.9138476848602296,3.0575084686279297,3.055562157269878,3.073980569839477,False,False,False,False,False,False
prody_rfd3,HIV_RT,19,0.6828451791537152,2.9549837927036022,0.7090457677841187,2.954983949661255,3.055562157269878,3.073980569839477,False,False,False,False,False,False
prody_rfd3,HIV_RT,20,0.6917946920228641,3.0194919982930246,0.7155824899673462,3.019492149353028,3.055562157269878,3.073980569839477,False,False,False,False,False,False
prody_rfd3,HIV_RT,21,0.7033838696707359,2.9913614179636494,0.7324979305267334,2.991361141204834,3.055562157269878,3.073980569839477,False,False,False,False,False,False
prody_rfd3,HIV_RT,22,0.6840255366874051,2.974973197484564,0.7086172103881836,2.974973201751709,3.055562157269878,3.073980569839477,False,False,False,False,False,False
prody_rfd3,HIV_RT,23,0.7985273036277284,3.042169277582704,0.8207590579986572,3.0421693325042725,3.055562157269878,3.073980569839477,False,False,False,False,False,False
prody_rfd3,HIV_RT,24,0.7015653338116044,2.9906455080305694,0.7282770872116089,2.9919075965881348,3.055562157269878,3.073980569839477,False,False,False,False,False,False
prody_rfd3,HIV_RT,25,0.6831936593037367,2.9498031449329205,0.7119799852371216,2.949803113937378,3.055562157269878,3.073980569839477,False,False,False,False,False,False
prody_rfd3,HIV_RT,26,0.6732163946656461,2.9851428160265248,0.7010266780853271,2.985142707824707,3.055562157269878,3.073980569839477,False,False,False,False,False,False
prody_rfd3,HIV_RT,27,0.6763898376933697,2.981022888940525,0.7024387121200562,2.981022834777832,3.055562157269878,3.073980569839477,False,False,False,False,False,False
prody_rfd3,HIV_RT,28,0.7034412308691014,2.9959419529907745,0.730850100517273,2.9959418773651123,3.055562157269878,3.073980569839477,False,False,False,False,False,False
prody_rfd3,HIV_RT,29,0.6779845469659636,2.9772062645669526,0.7064632177352905,2.977206230163574,3.055562157269878,3.073980569839477,False,False,False,False,False,False
prody_rfd3,HIV_RT__3V81,0,0.5638674222347599,2.988975260428928,0.5638673901557922,3.0073304176330566,3.0896312117090363,3.0896313190460205,False,False,False,False,False,False
prody_rfd3,HIV_RT__3V81,1,0.6233496784388204,2.9699420740813887,0.623349666595459,2.9904613494873047,3.0896312117090363,3.0896313190460205,False,False,False,False,False,False
prody_rfd3,HIV_RT__3V81,2,1.198915432168982,2.6969832269668843,1.1989154815673828,2.6999545097351074,3.0896312117090363,3.0896313190460205,False,False,False,False,False,False
prody_rfd3,HIV_RT__3V81,3,0.8894003001151239,3.0854771077195613,0.8838897347450256,3.0870180130004883,3.0896312117090363,3.0896313190460205,False,False,False,False,False,False
prody_rfd3,HIV_RT__3V81,4,0.5862951724459381,3.0086877335377937,0.5862951874732971,3.0282058715820312,3.0896312117090363,3.0896313190460205,False,False,False,False,False,False
prody_rfd3,HIV_RT__3V81,5,1.278903351807445,2.665139724827863,1.2773573398590088,2.670783758163452,3.0896312117090363,3.0896313190460205,False,False,False,False,False,False
prody_rfd3,HIV_RT__3V81,6,0.6447393219549913,2.9889171493494464,0.6447393298149109,3.011713743209839,3.0896312117090363,3.0896313190460205,False,False,False,False,False,False
prody_rfd3,HIV_RT__3V81,7,1.264572077855711,2.655136668803673,1.263346791267395,2.6586177349090576,3.0896312117090363,3.0896313190460205,False,False,False,False,False,False
prody_rfd3,HIV_RT__3V81,8,1.013951034204276,2.748115326505473,1.0139509439468384,2.7714805603027344,3.0896312117090363,3.0896313190460205,False,False,False,False,False,False
prody_rfd3,HIV_RT__3V81,9,0.5914553722459246,2.983405788359068,0.5914553999900818,3.003335952758789,3.0896312117090363,3.0896313190460205,False,False,False,False,False,False
prody_rfd3,HIV_RT__3V81,10,0.5844794140855304,2.983403961543492,0.5844793915748596,3.0031816959381104,3.0896312117090363,3.0896313190460205,False,False,False,False,False,False
prody_rfd3,HIV_RT__3V81,11,1.2266160274865532,2.6875294088601795,1.2266159057617188,2.6875295639038086,3.0896312117090363,3.0896313190460205,False,False,False,False,False,False
prody_rfd3,HIV_RT__3V81,12,0.6919427141399753,2.985504091299648,0.6919427514076233,3.0070955753326416,3.0896312117090363,3.0896313190460205,False,False,False,False,False,False
prody_rfd3,HIV_RT__3V81,13,0.8434463610843064,3.128805343665393,0.8327240347862244,3.12880539894104,3.0896312117090363,3.0896313190460205,False,False,False,False,False,False
prody_rfd3,HIV_RT__3V81,14,1.1922891052635871,2.7022888321946774,1.1922889947891235,2.7053415775299072,3.0896312117090363,3.0896313190460205,False,False,False,False,False,False
prody_rfd3,HIV_RT__3V81,15,0.7342535193126263,3.008986910222711,0.7342535257339478,3.030115127563477,3.0896312117090363,3.0896313190460205,False,False,False,False,False,False
prody_rfd3,HIV_RT__3V81,16,1.279680014038424,2.732450680669931,1.2796801328659058,2.737244129180908,3.0896312117090363,3.0896313190460205,False,False,False,False,False,False
prody_rfd3,HIV_RT__3V81,17,0.7018799776613112,3.0283322754782587,0.7018799781799316,3.0460050106048584,3.0896312117090363,3.0896313190460205,False,False,False,False,False,False
prody_rfd3,HIV_RT__3V81,18,0.5740097604085641,3.012796262075816,0.5740097761154175,3.038532495498657,3.0896312117090363,3.0896313190460205,False,False,False,False,False,False
prody_rfd3,HIV_RT__3V81,19,0.722886370397762,3.019890663446008,0.7228863835334778,3.036994695663452,3.0896312117090363,3.0896313190460205,False,False,False,False,False,False
prody_rfd3,HIV_RT__3V81,20,0.6054543819161708,2.9828630705840293,0.6054543256759644,3.005392074584961,3.0896312117090363,3.0896313190460205,False,False,False,False,False,False
prody_rfd3,HIV_RT__3V81,21,0.6106322159094701,2.975749289844769,0.6106321811676025,3.0001015663146973,3.0896312117090363,3.0896313190460205,False,False,False,False,False,False
prody_rfd3,HIV_RT__3V81,22,0.6103280666400211,2.98882965032494,0.6071531772613525,3.0251150131225586,3.0896312117090363,3.0896313190460205,False,False,False,False,False,False
prody_rfd3,HIV_RT__3V81,23,0.5858708077299489,3.009255160851928,0.5843858122825623,3.032151460647583,3.0896312117090363,3.0896313190460205,False,False,False,False,False,False
prody_rfd3,HIV_RT__3V81,24,0.6971317908766979,3.0070321327200755,0.6971318125724792,3.029313325881958,3.0896312117090363,3.0896313190460205,False,False,False,False,False,False
prody_rfd3,HIV_RT__3V81,25,1.219356157862374,2.624196860092519,1.2193562984466553,2.6269445419311523,3.0896312117090363,3.0896313190460205,False,False,False,False,False,False
prody_rfd3,HIV_RT__3V81,26,0.7954948446048286,3.0439581384376133,0.7954948544502258,3.0439579486846924,3.0896312117090363,3.0896313190460205,False,False,False,False,False,False
prody_rfd3,HIV_RT__3V81,27,0.6127764834492355,2.9778872126486786,0.6127764582633972,2.999953269958496,3.0896312117090363,3.0896313190460205,False,False,False,False,False,False
prody_rfd3,HIV_RT__3V81,28,0.5749705716906248,2.988539446601972,0.574970543384552,3.011482715606689,3.0896312117090363,3.0896313190460205,False,False,False,False,False,False
prody_rfd3,HIV_RT__3V81,29,0.7405079308883388,3.0105337226201856,0.740507960319519,3.0342164039611816,3.0896312117090363,3.0896313190460205,False,False,False,False,False,False
prody_rfd3,KRAS,0,2.418288838215811,3.242204067382741,2.449758291244507,3.2761166095733643,3.742426159251105,3.743377208709717,False,False,False,False,False,False
prody_rfd3,KRAS,1,2.078083401386553,3.4018210939245783,2.0841622352600098,3.4018211364746094,3.742426159251105,3.743377208709717,False,False,False,False,False,False
prody_rfd3,KRAS,2,2.4447503011167973,3.2132151957562645,2.4750661849975586,3.264695644378662,3.742426159251105,3.743377208709717,False,False,False,False,False,False
prody_rfd3,KRAS,3,1.5633350847296208,3.702051268326816,1.5569465160369873,3.69590163230896,3.742426159251105,3.743377208709717,False,False,False,False,False,False
prody_rfd3,KRAS,4,2.3789085159100405,3.24640903903022,2.407221794128418,3.27339506149292,3.742426159251105,3.743377208709717,False,False,False,False,False,False
prody_rfd3,KRAS,5,2.537209649356486,3.0470223448708,2.6015422344207764,3.057398796081543,3.742426159251105,3.743377208709717,False,False,False,False,False,False
prody_rfd3,KRAS,6,2.598408474040847,3.143319482282314,2.6225602626800537,3.141995429992676,3.742426159251105,3.743377208709717,False,False,False,False,False,False
prody_rfd3,KRAS,7,2.571324367659033,2.86207643088838,2.622407913208008,2.8823156356811523,3.742426159251105,3.743377208709717,False,False,False,False,False,False
prody_rfd3,KRAS,8,2.59718843010718,2.9751606649854883,2.6562042236328125,2.974902868270874,3.742426159251105,3.743377208709717,False,False,False,False,False,False
prody_rfd3,KRAS,9,2.1005609215734458,3.4146320405116684,2.105666399002075,3.4199869632720947,3.742426159251105,3.743377208709717,False,False,False,False,False,False
prody_rfd3,KRAS,10,2.605670416673911,2.9293661061974525,2.633542537689209,2.936654090881348,3.742426159251105,3.743377208709717,False,False,False,False,False,False
prody_rfd3,KRAS,11,1.6897787872038967,3.7025093051461777,1.6897788047790527,3.703789710998535,3.742426159251105,3.743377208709717,False,False,False,False,False,False
prody_rfd3,KRAS,12,2.357469345261705,3.2263299281693136,2.386812925338745,3.2554659843444824,3.742426159251105,3.743377208709717,False,False,False,False,False,False
prody_rfd3,KRAS,13,2.0512275306285144,3.3393473798087125,2.091716051101685,3.343259572982788,3.742426159251105,3.743377208709717,False,False,False,False,False,False
prody_rfd3,KRAS,14,2.546644530502575,3.161582033664007,2.5754966735839844,3.165555000305176,3.742426159251105,3.743377208709717,False,False,False,False,False,False
prody_rfd3,KRAS,15,2.3738277372167222,3.006005837597142,2.4051332473754883,3.0349366664886475,3.742426159251105,3.743377208709717,False,False,False,False,False,False
prody_rfd3,KRAS,16,2.359618441075187,3.2662260251955164,2.3897407054901123,3.27490234375,3.742426159251105,3.743377208709717,False,False,False,False,False,False
prody_rfd3,KRAS,17,1.953032517849426,3.38421259018298,1.9882348775863647,3.410635232925415,3.742426159251105,3.743377208709717,False,False,False,False,False,False
prody_rfd3,KRAS,18,2.5357151267338764,2.924167729655206,2.594026803970337,2.962674617767334,3.742426159251105,3.743377208709717,False,False,False,False,False,False
prody_rfd3,KRAS,19,2.285777342136307,3.2307478549962374,2.3141443729400635,3.261584997177124,3.742426159251105,3.743377208709717,False,False,False,False,False,False
prody_rfd3,KRAS,20,2.5827963562487493,2.9915665976320813,2.610635042190552,3.020847797393799,3.742426159251105,3.743377208709717,False,False,False,False,False,False
prody_rfd3,KRAS,21,2.321054746478312,3.3284439502136567,2.356552839279175,3.3322598934173584,3.742426159251105,3.743377208709717,False,False,False,False,False,False
prody_rfd3,KRAS,22,2.4718879487444023,3.1414473133841407,2.5298848152160645,3.1817872524261475,3.742426159251105,3.743377208709717,False,False,False,False,False,False
prody_rfd3,KRAS,23,2.6735621485377474,2.727604012245908,2.723212718963623,2.746495485305786,3.742426159251105,3.743377208709717,False,False,False,False,False,False
prody_rfd3,KRAS,24,2.2784841730298417,3.3637284579687288,2.307591438293457,3.3982229232788086,3.742426159251105,3.743377208709717,False,False,False,False,False,False
prody_rfd3,KRAS,25,2.2683760838152547,3.11590507994784,2.3393819332122803,3.15306043624878,3.742426159251105,3.743377208709717,False,False,False,False,False,False
prody_rfd3,KRAS,26,2.7157412312684155,2.987187822262197,2.772312879562378,3.0223488807678223,3.742426159251105,3.743377208709717,False,False,False,False,False,False
prody_rfd3,KRAS,27,2.205528984390741,3.1928011667139136,2.2365431785583496,3.222828149795532,3.742426159251105,3.743377208709717,False,False,False,False,False,False
prody_rfd3,KRAS,28,2.525577048914519,2.7751501351818137,2.552895784378052,2.80436110496521,3.742426159251105,3.743377208709717,False,False,False,False,False,False
prody_rfd3,KRAS,29,1.88971168380848,3.449679265839709,1.927662014961243,3.449679136276245,3.742426159251105,3.743377208709717,False,False,False,False,False,False
prody_rfd3,Menin,0,0.3732629561002595,1.141619350253924,0.3732629418373108,1.141619324684143,1.2468617606125678,1.246861696243286,False,False,False,False,False,False
prody_rfd3,Menin,1,0.4433521395908076,1.0536241415468357,0.4433521628379822,1.053624153137207,1.2468617606125678,1.246861696243286,False,False,False,False,False,False
prody_rfd3,Menin,2,0.3838964547830784,1.1344571651758033,0.3838964700698852,1.1344571113586426,1.2468617606125678,1.246861696243286,False,False,False,False,False,False
prody_rfd3,Menin,3,0.4027719380709732,1.085205527939875,0.4027719497680664,1.0852055549621582,1.2468617606125678,1.246861696243286,False,False,False,False,False,False
prody_rfd3,Menin,4,0.4885812298317821,1.0284331385022247,0.4885812401771545,1.0284332036972046,1.2468617606125678,1.246861696243286,False,False,False,False,False,False
prody_rfd3,Menin,5,0.4627144771297295,1.0362492625180453,0.4627144634723663,1.0362492799758911,1.2468617606125678,1.246861696243286,False,False,False,False,False,False
prody_rfd3,Menin,6,0.4144806298783396,1.2084626194042538,0.414480596780777,1.2084625959396362,1.2468617606125678,1.246861696243286,False,False,False,False,False,False
prody_rfd3,Menin,7,0.4021890813582147,1.1534946315147758,0.4021890759468078,1.1534945964813232,1.2468617606125678,1.246861696243286,False,False,False,False,False,False
prody_rfd3,Menin,8,0.4486788225835385,1.1625519768817516,0.4486788213253021,1.162551999092102,1.2468617606125678,1.246861696243286,False,False,False,False,False,False
prody_rfd3,Menin,9,0.4812416381724492,0.9994341466087346,0.4812416136264801,0.9994341135025024,1.2468617606125678,1.246861696243286,False,False,False,False,False,False
prody_rfd3,Menin,10,0.4847379794698071,1.020625038381378,0.4847379922866821,1.0206249952316284,1.2468617606125678,1.246861696243286,False,False,False,False,False,False
prody_rfd3,Menin,11,0.4604390390438185,1.046229534075513,0.4604390263557434,1.046229600906372,1.2468617606125678,1.246861696243286,False,False,False,False,False,False
prody_rfd3,Menin,12,0.4562034406587515,1.0978656549860155,0.4562034606933594,1.0978657007217407,1.2468617606125678,1.246861696243286,False,False,False,False,False,False
prody_rfd3,Menin,13,0.3780560547750751,1.0718712257172305,0.3780560493469238,1.0718711614608765,1.2468617606125678,1.246861696243286,False,False,False,False,False,False
prody_rfd3,Menin,14,0.3768067286078194,1.2034065952287738,0.3768067359924316,1.2034066915512085,1.2468617606125678,1.246861696243286,False,False,False,False,False,False
prody_rfd3,Menin,15,0.4827984218122121,1.0198185964712905,0.4827984273433685,1.0198185443878174,1.2468617606125678,1.246861696243286,False,False,False,False,False,False
prody_rfd3,Menin,16,0.4712900728755407,1.0595595117537069,0.4712900817394256,1.0595594644546509,1.2468617606125678,1.246861696243286,False,False,False,False,False,False
prody_rfd3,Menin,17,0.469574256208688,1.0085819410081454,0.4695742726325989,1.0085818767547607,1.2468617606125678,1.246861696243286,False,False,False,False,False,False
prody_rfd3,Menin,18,0.4876357258941051,1.1848091058092636,0.4876357018947601,1.1848090887069702,1.2468617606125678,1.246861696243286,False,False,False,False,False,False
prody_rfd3,Menin,19,0.3962153641057601,1.059409965967914,0.3962153494358063,1.0594099760055542,1.2468617606125678,1.246861696243286,False,False,False,False,False,False
prody_rfd3,Menin,20,0.3667779655158966,1.099908622246783,0.3667779564857483,1.099908709526062,1.2468617606125678,1.246861696243286,False,False,False,False,False,False
prody_rfd3,Menin,21,0.4486435096739818,1.1106284694629651,0.4486435353755951,1.1106284856796265,1.2468617606125678,1.246861696243286,False,False,False,False,False,False
prody_rfd3,Menin,22,0.4022041643145622,1.1722586308575638,0.402204155921936,1.1722586154937744,1.2468617606125678,1.246861696243286,False,False,False,False,False,False
prody_rfd3,Menin,23,0.4618191583669789,1.0921085010122145,0.4618191421031952,1.0921084880828855,1.2468617606125678,1.246861696243286,False,False,False,False,False,False
prody_rfd3,Menin,24,0.44704401321581,1.1498684792182452,0.4470440149307251,1.149868369102478,1.2468617606125678,1.246861696243286,False,False,False,False,False,False
prody_rfd3,Menin,25,0.511808098897404,1.033173452440724,0.5118080973625183,1.033173441886902,1.2468617606125678,1.246861696243286,False,False,False,False,False,False
prody_rfd3,Menin,26,0.3663312874711215,1.1137359853527329,0.3663312792778015,1.1137360334396362,1.2468617606125678,1.246861696243286,False,False,False,False,False,False
prody_rfd3,Menin,27,0.3536408737207059,1.1248470070824832,0.3536408841609955,1.1248470544815063,1.2468617606125678,1.246861696243286,False,False,False,False,False,False
prody_rfd3,Menin,28,0.4113615319817856,1.1272355299564183,0.4113615453243255,1.1272355318069458,1.2468617606125678,1.246861696243286,False,False,False,False,False,False
prody_rfd3,Menin,29,0.4331456594953986,1.1711207556146284,0.433145672082901,1.1711207628250122,1.2468617606125678,1.246861696243286,False,False,False,False,False,False
prody_rfd3,NDPK-A,0,3.116012707242827,3.1406897746598386,3.099087715148926,3.169717073440552,3.4697602388704447,3.4699201583862305,False,False,False,False,False,False
prody_rfd3,NDPK-A,1,2.9179854062307764,5.757041478832526,2.9940779209136963,5.798813343048096,3.4697602388704447,3.4699201583862305,False,False,False,False,False,False
prody_rfd3,NDPK-A,2,2.672029716289964,5.245807307139057,2.753956794738769,5.27018404006958,3.4697602388704447,3.4699201583862305,False,False,False,False,False,False
prody_rfd3,NDPK-A,3,1.693773091893271,3.057617533634183,1.6937730312347412,3.1320273876190186,3.4697602388704447,3.4699201583862305,False,False,False,False,False,False
prody_rfd3,NDPK-A,4,1.6380554315478286,3.1836433887393434,1.61079740524292,3.1586251258850098,3.4697602388704447,3.4699201583862305,False,False,False,False,False,False
prody_rfd3,NDPK-A,5,2.196411022194948,3.889583239298564,2.1982946395874023,3.902792692184448,3.4697602388704447,3.4699201583862305,False,False,False,False,False,False
prody_rfd3,NDPK-A,6,2.436160609748044,2.541075298948608,2.4361605644226074,2.511734962463379,3.4697602388704447,3.4699201583862305,False,False,False,False,False,False
prody_rfd3,NDPK-A,7,1.1695544067162569,3.220910075819722,1.169554352760315,3.197946071624756,3.4697602388704447,3.4699201583862305,False,False,False,False,False,False
prody_rfd3,NDPK-A,8,4.267131953318205,5.512529273910354,4.282597541809082,5.510773181915283,3.4697602388704447,3.4699201583862305,False,False,False,False,False,False
prody_rfd3,NDPK-A,9,2.082959310715836,2.7149380717214013,2.0829594135284424,2.714937925338745,3.4697602388704447,3.4699201583862305,False,False,False,False,False,False
prody_rfd3,NDPK-A,10,2.0774487588420025,4.858392412228921,2.0912394523620605,4.854846477508545,3.4697602388704447,3.4699201583862305,False,False,False,False,False,False
prody_rfd3,NDPK-A,11,2.337377682887891,3.993321717067509,2.3373777866363525,3.993321657180786,3.4697602388704447,3.4699201583862305,False,False,False,False,False,False
prody_rfd3,NDPK-A,12,0.9954096206643992,3.224758335174862,0.9954096674919128,3.2885189056396484,3.4697602388704447,3.4699201583862305,False,False,False,False,False,False
prody_rfd3,NDPK-A,13,2.809205156168926,3.0434546228307715,2.8092050552368164,3.017195463180542,3.4697602388704447,3.4699201583862305,False,False,False,False,False,False
prody_rfd3,NDPK-A,14,4.824516294895223,4.341919957438715,4.824516296386719,4.323452949523926,3.4697602388704447,3.4699201583862305,False,False,False,False,False,False
prody_rfd3,NDPK-A,15,0.8421784646134609,3.52795311583414,0.8421785235404968,3.570485591888428,3.4697602388704447,3.4699201583862305,False,False,False,False,False,False
prody_rfd3,NDPK-A,16,2.102796447044868,2.9918937254665106,2.099290132522583,3.055361270904541,3.4697602388704447,3.4699201583862305,False,False,False,False,False,False
prody_rfd3,NDPK-A,17,2.0755585605569222,3.054668033107835,2.071675062179565,3.0546679496765137,3.4697602388704447,3.4699201583862305,False,False,False,False,False,False
prody_rfd3,NDPK-A,18,2.2032248885627563,3.542988094351191,2.203224897384644,3.573200225830078,3.4697602388704447,3.4699201583862305,False,False,False,False,False,False
prody_rfd3,NDPK-A,19,1.656271701324738,3.9239682005137726,1.6562716960906982,3.9634993076324463,3.4697602388704447,3.4699201583862305,False,False,False,False,False,False
prody_rfd3,NDPK-A,20,1.958756413839448,3.3187395395372787,2.0052971839904785,3.355449676513672,3.4697602388704447,3.4699201583862305,False,False,False,False,False,False
prody_rfd3,NDPK-A,21,2.0742892801370423,4.69533570425027,2.074289321899414,4.76960039138794,3.4697602388704447,3.4699201583862305,False,False,False,False,False,False
prody_rfd3,NDPK-A,22,3.237031636898413,5.459136496596054,3.241137981414795,5.5250163078308105,3.4697602388704447,3.4699201583862305,False,False,False,False,False,False
prody_rfd3,NDPK-A,23,1.9409170796719568,3.6933572337187934,1.969832420349121,3.723266839981079,3.4697602388704447,3.4699201583862305,False,False,False,False,False,False
prody_rfd3,NDPK-A,24,3.765240500889226,5.308911032630911,3.770110845565796,5.325477123260498,3.4697602388704447,3.4699201583862305,False,False,False,False,False,False
prody_rfd3,NDPK-A,25,2.076424228544051,3.984401188695467,2.076424360275269,4.0430192947387695,3.4697602388704447,3.4699201583862305,False,False,False,False,False,False
prody_rfd3,NDPK-A,26,2.250553165192441,3.863941984974245,2.2880516052246094,3.8639416694641113,3.4697602388704447,3.4699201583862305,False,False,False,False,False,False
prody_rfd3,NDPK-A,27,2.8818160758205944,5.100919795089003,2.88249135017395,5.131576061248779,3.4697602388704447,3.4699201583862305,False,False,False,False,False,False
prody_rfd3,NDPK-A,28,2.852607308774433,3.93007332576628,2.892518997192383,3.9300730228424072,3.4697602388704447,3.4699201583862305,False,False,False,False,False,False
prody_rfd3,NDPK-A,29,3.995785424928175,4.735420456150231,4.016732215881348,4.725593090057373,3.4697602388704447,3.4699201583862305,False,False,False,False,False,False
prody_rfd3,SHP2,0,1.70196673146064,1.56673412017918,1.7435517311096191,1.5930771827697754,1.8482636253491047,1.8406480550765991,True,True,False,False,False,False
prody_rfd3,SHP2,1,1.6863799301821774,1.569154773787966,1.7534542083740234,1.5935460329055786,1.8482636253491047,1.8406480550765991,True,True,False,False,False,False
prody_rfd3,SHP2,2,1.6706430717461005,1.6264659031737805,1.698489785194397,1.6539076566696167,1.8482636253491047,1.8406480550765991,True,True,False,False,False,False
prody_rfd3,SHP2,3,1.733117962094988,1.4095050923199726,1.735068678855896,1.440848708152771,1.8482636253491047,1.8406480550765991,True,True,True,True,False,False
prody_rfd3,SHP2,4,1.781648896010287,1.6750078974916776,1.8599025011062624,1.7058727741241455,1.8482636253491047,1.8406480550765991,True,True,False,False,False,False
prody_rfd3,SHP2,5,1.6844074780316245,1.5880662283743474,1.683206558227539,1.583106279373169,1.8482636253491047,1.8406480550765991,True,True,False,False,False,False
prody_rfd3,SHP2,6,1.4654449771583902,1.9766955578642127,1.4960702657699585,1.9973491430282595,1.8482636253491047,1.8406480550765991,False,False,False,False,False,False
prody_rfd3,SHP2,7,1.636565582199912,1.539621116752384,1.6405054330825806,1.5330243110656738,1.8482636253491047,1.8406480550765991,True,True,False,False,False,False
prody_rfd3,SHP2,8,1.569574406736217,2.0192495349135258,1.559136986732483,2.039044141769409,1.8482636253491047,1.8406480550765991,False,False,False,False,False,False
prody_rfd3,SHP2,9,1.6711600858294484,1.5522767302371256,1.714970946311951,1.5762898921966553,1.8482636253491047,1.8406480550765991,True,True,False,False,False,False
prody_rfd3,SHP2,10,1.774602230258324,1.1655337612918162,1.7559406757354736,1.1655337810516355,1.8482636253491047,1.8406480550765991,True,True,True,True,False,False
prody_rfd3,SHP2,11,1.4679112417170552,1.872842923504841,1.4698458909988403,1.8706178665161133,1.8482636253491047,1.8406480550765991,False,False,False,False,False,False
prody_rfd3,SHP2,12,1.3563588306884369,1.9779282331360737,1.410103678703308,1.9936857223510744,1.8482636253491047,1.8406480550765991,False,False,False,False,False,False
prody_rfd3,SHP2,13,1.5494106713356417,1.6109294794621465,1.6289935111999512,1.6339685916900637,1.8482636253491047,1.8406480550765991,False,False,False,False,False,False
prody_rfd3,SHP2,14,1.6654579016969024,1.483285028829045,1.7135988473892212,1.507249355316162,1.8482636253491047,1.8406480550765991,True,True,True,False,False,False
prody_rfd3,SHP2,15,1.496233907074748,1.7145752096761484,1.536471605300903,1.7341384887695312,1.8482636253491047,1.8406480550765991,False,False,False,False,False,False
prody_rfd3,SHP2,16,1.7772494399499223,1.5761397736324905,1.7978578805923462,1.622534990310669,1.8482636253491047,1.8406480550765991,True,True,False,False,False,False
prody_rfd3,SHP2,17,1.7928516394269725,1.7207629259436774,1.8411400318145752,1.7454813718795776,1.8482636253491047,1.8406480550765991,True,True,False,False,False,False
prody_rfd3,SHP2,18,1.7671617591761009,1.683005235276368,1.800336480140686,1.7139432430267334,1.8482636253491047,1.8406480550765991,True,True,False,False,False,False
prody_rfd3,SHP2,19,1.5354870134777143,1.7617143209163737,1.5867875814437866,1.784337282180786,1.8482636253491047,1.8406480550765991,False,False,False,False,False,False
prody_rfd3,SHP2,20,1.769504735397007,1.6143432802678164,1.8152843713760376,1.6411453485488892,1.8482636253491047,1.8406480550765991,True,True,False,False,False,False
prody_rfd3,SHP2,21,1.376745029566688,1.458998890554218,1.374133825302124,1.4847763776779177,1.8482636253491047,1.8406480550765991,False,False,False,False,False,False
prody_rfd3,SHP2,22,1.7722756258121155,1.610388147510676,1.8148715496063232,1.6333366632461548,1.8482636253491047,1.8406480550765991,True,True,False,False,False,False
prody_rfd3,SHP2,23,1.841648012458032,1.673677321811548,1.888229489326477,1.6980116367340088,1.8482636253491047,1.8406480550765991,True,True,False,False,False,False
prody_rfd3,SHP2,24,1.5286762467686406,1.4027966291380043,1.5286762714385986,1.427497386932373,1.8482636253491047,1.8406480550765991,True,True,True,True,False,False
prody_rfd3,SHP2,25,1.395440471457894,1.9564065649538067,1.4118014574050903,1.9767930507659912,1.8482636253491047,1.8406480550765991,False,False,False,False,False,False
prody_rfd3,SHP2,26,1.600427729663862,2.010620528510532,1.5973173379898071,2.0287859439849854,1.8482636253491047,1.8406480550765991,False,False,False,False,False,False
prody_rfd3,SHP2,27,1.7279540819007233,1.5758581683200217,1.7666242122650146,1.6014560461044312,1.8482636253491047,1.8406480550765991,True,True,False,False,False,False
prody_rfd3,SHP2,28,1.2830735993825904,1.756396660162214,1.2868564128875732,1.7505426406860352,1.8482636253491047,1.8406480550765991,False,False,False,False,False,False
prody_rfd3,SHP2,29,1.4958694771613033,1.6703884545759666,1.54815411567688,1.6934731006622314,1.8482636253491047,1.8406480550765991,False,False,False,False,False,False
prody_rfd3,THSR,0,1.3059793191954991,0.9171904349110376,1.2561161518096924,0.917190432548523,1.616455574028625,1.562853455543518,True,True,True,True,True,True
prody_rfd3,THSR,1,1.380295701899646,0.8630138956483544,1.3285263776779177,0.8630139231681824,1.616455574028625,1.562853455543518,True,True,True,True,True,True
prody_rfd3,THSR,2,1.5417419375234236,1.2053352572755025,1.5417420864105225,1.2053351402282717,1.616455574028625,1.562853455543518,True,True,True,True,False,False
prody_rfd3,THSR,3,1.2450758033499405,0.9376993097874868,1.1905248165130615,0.9376993775367736,1.616455574028625,1.562853455543518,True,True,True,True,True,True
prody_rfd3,THSR,4,1.4873185769741497,1.1807849396035288,1.4873186349868774,1.1807849407196045,1.616455574028625,1.562853455543518,True,True,True,True,False,False
prody_rfd3,THSR,5,1.421102414139907,0.8625897405144847,1.3742852210998535,0.8625897169113159,1.616455574028625,1.562853455543518,True,True,True,True,True,True
prody_rfd3,THSR,6,1.2887790816672753,0.9497954261260794,1.277561902999878,0.9497955441474916,1.616455574028625,1.562853455543518,True,True,True,True,True,True
prody_rfd3,THSR,7,1.306570286089536,1.1709630322701945,1.306570291519165,1.1709630489349363,1.616455574028625,1.562853455543518,True,True,True,True,False,False
prody_rfd3,THSR,8,1.2697688384138552,0.9124570563112888,1.2134883403778076,0.9124570488929749,1.616455574028625,1.562853455543518,True,True,True,True,True,True
prody_rfd3,THSR,9,1.273087245430622,1.007714749234006,1.2325830459594729,1.0077147483825684,1.616455574028625,1.562853455543518,True,True,True,True,False,False
prody_rfd3,THSR,10,1.423947244810677,1.2548574804926949,1.4239472150802612,1.2548574209213257,1.616455574028625,1.562853455543518,True,True,True,True,False,False
prody_rfd3,THSR,11,1.4861762784366028,1.1314469995854883,1.4861762523651123,1.1314469575881958,1.616455574028625,1.562853455543518,True,True,True,True,False,False
prody_rfd3,THSR,12,1.2515909215073362,0.9158541650904488,1.1944708824157717,0.9158542156219482,1.616455574028625,1.562853455543518,True,True,True,True,True,True
prody_rfd3,THSR,13,1.3010658316500063,1.0228248161511522,1.2526025772094729,1.022824764251709,1.616455574028625,1.562853455543518,True,True,True,True,False,False
prody_rfd3,THSR,14,1.2570486306949422,1.0533078029566445,1.2570486068725586,1.0533077716827393,1.616455574028625,1.562853455543518,True,True,True,True,False,False
prody_rfd3,THSR,15,1.4335467319457955,0.8671725565503341,1.3842028379440308,0.8671725392341614,1.616455574028625,1.562853455543518,True,True,True,True,True,True
prody_rfd3,THSR,16,1.3620173025386448,0.876419649279675,1.3336124420166016,0.8764196038246155,1.616455574028625,1.562853455543518,True,True,True,True,True,True
prody_rfd3,THSR,17,1.3818228251374358,0.8472474545963569,1.3565428256988523,0.8472474217414856,1.616455574028625,1.562853455543518,True,True,True,True,True,True
prody_rfd3,THSR,18,1.2929525918827856,0.940639536324705,1.2453608512878418,0.9406395554542542,1.616455574028625,1.562853455543518,True,True,True,True,True,True
prody_rfd3,THSR,19,1.354614849713048,0.8985438791021784,1.3241509199142456,0.8985438346862793,1.616455574028625,1.562853455543518,True,True,True,True,True,True
prody_rfd3,THSR,20,1.4260420549667998,0.8607289618893814,1.3776464462280271,0.8607289791107178,1.616455574028625,1.562853455543518,True,True,True,True,True,True
prody_rfd3,THSR,21,1.5795721651529553,1.1857550602647593,1.579572081565857,1.1857550144195557,1.616455574028625,1.562853455543518,True,True,True,True,False,False
prody_rfd3,THSR,22,1.5145061501574946,1.1782457659374768,1.514506220817566,1.1701995134353638,1.616455574028625,1.562853455543518,True,True,True,True,False,False
prody_rfd3,THSR,23,1.4828491324632995,1.1621629034798655,1.48284912109375,1.1621628999710083,1.616455574028625,1.562853455543518,True,True,True,True,False,False
prody_rfd3,THSR,24,1.359714509366286,1.2165150499521402,1.3597145080566406,1.2165149450302124,1.616455574028625,1.562853455543518,True,True,True,True,False,False
prody_rfd3,THSR,25,1.3089848000869635,1.1560909779164383,1.3089847564697266,1.1560909748077393,1.616455574028625,1.562853455543518,True,True,True,True,False,False
prody_rfd3,THSR,26,1.45794747054595,1.148106633647201,1.4579474925994873,1.148106575012207,1.616455574028625,1.562853455543518,True,True,True,True,False,False
prody_rfd3,THSR,27,1.28058525425608,0.9421827691600916,1.2400624752044678,0.942182719707489,1.616455574028625,1.562853455543518,True,True,True,True,True,True
prody_rfd3,THSR,28,1.4279709965489404,1.1178805564949843,1.4279710054397583,1.1178804636001587,1.616455574028625,1.562853455543518,True,True,True,True,False,False
prody_rfd3,THSR,29,1.407451209528134,1.2282129273790567,1.4074512720108032,1.2282129526138306,1.616455574028625,1.562853455543518,True,True,True,True,False,False
prody_rfd3,THSR__7UTZ,0,1.693265212847217,2.520942417344401,1.6043230295181274,2.646650791168213,2.4345552542057787,2.4345552921295166,False,False,False,False,False,False
prody_rfd3,THSR__7UTZ,1,1.8352027616447504,2.427109113782798,1.7453720569610596,2.4271090030670166,2.4345552542057787,2.4345552921295166,False,False,False,False,False,False
prody_rfd3,THSR__7UTZ,2,2.130305073278496,2.1282494525645,2.130305051803589,2.128249406814575,2.4345552542057787,2.4345552921295166,True,True,False,False,False,False
prody_rfd3,THSR__7UTZ,3,1.602557326778627,2.555005183662012,1.5043516159057615,2.555005073547364,2.4345552542057787,2.4345552921295166,False,False,False,False,False,False
prody_rfd3,THSR__7UTZ,4,2.017894880972108,2.195527268849036,2.017894983291626,2.1662757396698,2.4345552542057787,2.4345552921295166,False,False,False,False,False,False
prody_rfd3,THSR__7UTZ,5,1.921430889465606,2.4040688230511136,1.8414502143859863,2.404068946838379,2.4345552542057787,2.4345552921295166,False,False,False,False,False,False
prody_rfd3,THSR__7UTZ,6,1.657057435139614,2.570244359723348,1.6366616487503052,2.570244312286377,2.4345552542057787,2.4345552921295166,False,False,False,False,False,False
prody_rfd3,THSR__7UTZ,7,1.714800874372662,2.3598527472929245,1.7148008346557615,2.336153984069824,2.4345552542057787,2.4345552921295166,False,False,False,False,False,False
prody_rfd3,THSR__7UTZ,8,1.646988550157598,2.600590090006708,1.5468069314956665,2.600590229034424,2.4345552542057787,2.4345552921295166,False,False,False,False,False,False
prody_rfd3,THSR__7UTZ,9,1.6495575365990602,2.4704008512199582,1.577367663383484,2.470400810241699,2.4345552542057787,2.4345552921295166,False,False,False,False,False,False
prody_rfd3,THSR__7UTZ,10,1.9252449930316016,2.24032415895506,1.9252450466156008,2.2403242588043213,2.4345552542057787,2.4345552921295166,False,False,False,False,False,False
prody_rfd3,THSR__7UTZ,11,2.032161442567622,2.149526326281059,2.0321614742279053,2.149526357650757,2.4345552542057787,2.4345552921295166,False,False,False,False,False,False
prody_rfd3,THSR__7UTZ,12,1.6271362115468992,2.5853632914304128,1.525524020195007,2.5853631496429443,2.4345552542057787,2.4345552921295166,False,False,False,False,False,False
prody_rfd3,THSR__7UTZ,13,1.7120850040147908,2.412686731331406,1.626939058303833,2.412686586380005,2.4345552542057787,2.4345552921295166,False,False,False,False,False,False
prody_rfd3,THSR__7UTZ,14,1.628418136692215,2.4796538038582603,1.6284180879592896,2.479653835296631,2.4345552542057787,2.4345552921295166,False,False,False,False,False,False
prody_rfd3,THSR__7UTZ,15,1.922985163091821,2.435984892924416,1.838229060173035,2.4359848499298096,2.4345552542057787,2.4345552921295166,False,False,False,False,False,False
prody_rfd3,THSR__7UTZ,16,1.791625661245925,2.4874234085402054,1.7420470714569092,2.4874234199523926,2.4345552542057787,2.4345552921295166,False,False,False,False,False,False
prody_rfd3,THSR__7UTZ,17,1.8399183444712213,2.553877675902211,1.79600989818573,2.553877592086792,2.4345552542057787,2.4345552921295166,False,False,False,False,False,False
prody_rfd3,THSR__7UTZ,18,1.669454158847083,2.6154369042383148,1.5842312574386597,2.615436792373657,2.4345552542057787,2.4345552921295166,False,False,False,False,False,False
prody_rfd3,THSR__7UTZ,19,1.781665497654234,2.455707344277237,1.7283377647399902,2.455707311630249,2.4345552542057787,2.4345552921295166,False,False,False,False,False,False
prody_rfd3,THSR__7UTZ,20,1.9241659264819853,2.4240870064709736,1.841587781906128,2.4240870475769043,2.4345552542057787,2.4345552921295166,False,False,False,False,False,False
prody_rfd3,THSR__7UTZ,21,2.176657210810788,2.0886079704844014,2.17665696144104,2.0886080265045166,2.4345552542057787,2.4345552921295166,True,True,False,False,False,False
prody_rfd3,THSR__7UTZ,22,2.06981714146155,2.1190159501182646,2.069817066192627,2.11901593208313,2.4345552542057787,2.4345552921295166,False,False,False,False,False,False
prody_rfd3,THSR__7UTZ,23,2.0192196543017134,2.166487285760292,2.0192198753356934,2.166487216949463,2.4345552542057787,2.4345552921295166,False,False,False,False,False,False
prody_rfd3,THSR__7UTZ,24,1.8161257368588848,2.298014589750346,1.816125750541687,2.269947290420532,2.4345552542057787,2.4345552921295166,False,False,False,False,False,False
prody_rfd3,THSR__7UTZ,25,1.734639869765368,2.2247029289610234,1.7346397638320925,2.224703073501587,2.4345552542057787,2.4345552921295166,False,False,False,False,False,False
prody_rfd3,THSR__7UTZ,26,1.9848993411693032,2.168161919119237,1.9848994016647337,2.1681618690490723,2.4345552542057787,2.4345552921295166,False,False,False,False,False,False
prody_rfd3,THSR__7UTZ,27,1.6581115168743932,2.6414846633540834,1.585701584815979,2.641484498977661,2.4345552542057787,2.4345552921295166,False,False,False,False,False,False
prody_rfd3,THSR__7UTZ,28,1.9306884262861763,2.2024535364208,1.930688500404358,2.1722545623779297,2.4345552542057787,2.4345552921295166,False,False,False,False,False,False
prody_rfd3,THSR__7UTZ,29,1.8927816349771671,2.3233934974827086,1.8927816152572632,2.323393583297729,2.4345552542057787,2.4345552921295166,False,False,False,False,False,False
prody_rfd3,betaLG,0,1.1579252729849565,1.4524702220405483,1.1531130075454712,1.452470064163208,1.3972391993938094,1.357591152191162,False,False,False,False,False,False
prody_rfd3,betaLG,1,0.924410559438642,1.4133047877048364,0.9107038378715516,1.4081220626831057,1.3972391993938094,1.357591152191162,False,False,False,False,False,False
prody_rfd3,betaLG,2,1.2769062712775876,1.4588645616261775,1.2839370965957642,1.4588645696640017,1.3972391993938094,1.357591152191162,False,False,False,False,False,False
prody_rfd3,betaLG,3,1.0426049008013931,1.4559210580861437,1.039189100265503,1.4559210538864136,1.3972391993938094,1.357591152191162,False,False,False,False,False,False
prody_rfd3,betaLG,4,1.34652587155512,1.6474478530303174,1.3464972972869873,1.6474478244781494,1.3972391993938094,1.357591152191162,False,False,False,False,False,False
prody_rfd3,betaLG,5,1.2325765174796577,1.4429340326998783,1.2325763702392578,1.4429340362548828,1.3972391993938094,1.357591152191162,False,False,False,False,False,False
prody_rfd3,betaLG,6,1.3821452312074367,1.635246479735147,1.3914843797683716,1.6383386850357056,1.3972391993938094,1.357591152191162,False,False,False,False,False,False
prody_rfd3,betaLG,7,1.092030230634358,1.454686084347485,1.0863726139068604,1.4546860456466677,1.3972391993938094,1.357591152191162,False,False,False,False,False,False
prody_rfd3,betaLG,8,1.3911557804689274,1.634603715416715,1.3942437171936035,1.637650489807129,1.3972391993938094,1.357591152191162,False,False,False,False,False,False
prody_rfd3,betaLG,9,0.9289854008092931,1.3765423025408257,0.928985357284546,1.376542329788208,1.3972391993938094,1.357591152191162,False,False,False,False,False,False
prody_rfd3,betaLG,10,1.276439217047751,1.5799427579618757,1.2720882892608645,1.5823190212249756,1.3972391993938094,1.357591152191162,False,False,False,False,False,False
prody_rfd3,betaLG,11,0.9898685665692182,1.3913394214729236,0.9898685812950134,1.3913393020629885,1.3972391993938094,1.357591152191162,False,False,False,False,False,False
prody_rfd3,betaLG,12,1.374602279555642,1.5394918869236558,1.3738447427749634,1.5421322584152222,1.3972391993938094,1.357591152191162,False,False,False,False,False,False
prody_rfd3,betaLG,13,1.1271010035266351,1.334671032083681,1.1275466680526731,1.3346710205078125,1.3972391993938094,1.357591152191162,False,False,False,False,False,False
prody_rfd3,betaLG,14,1.510371460261593,1.7941795250485428,1.526286005973816,1.7980585098266602,1.3972391993938094,1.357591152191162,False,False,False,False,False,False
prody_rfd3,betaLG,15,1.2326526179701474,1.4176755246085604,1.238697528839111,1.4176756143569946,1.3972391993938094,1.357591152191162,False,False,False,False,False,False
prody_rfd3,betaLG,16,1.3955622072847618,1.710851555590245,1.402166485786438,1.7128833532333374,1.3972391993938094,1.357591152191162,False,False,False,False,False,False
prody_rfd3,betaLG,17,1.077768339208787,1.45413276715088,1.1418771743774414,1.4406347274780271,1.3972391993938094,1.357591152191162,False,False,False,False,False,False
prody_rfd3,betaLG,18,1.0191301488169346,1.253805447246288,1.0016683340072632,1.2538055181503296,1.3972391993938094,1.357591152191162,False,False,False,False,False,False
prody_rfd3,betaLG,19,1.3209174726349613,1.628740687412976,1.3255399465560913,1.6308014392852783,1.3972391993938094,1.357591152191162,False,False,False,False,False,False
prody_rfd3,betaLG,20,1.469915958515232,1.7541405854380543,1.4659076929092407,1.7583673000335691,1.3972391993938094,1.357591152191162,False,False,False,False,False,False
prody_rfd3,betaLG,21,1.3574603146856885,1.6404951382981685,1.3635684251785278,1.6450793743133545,1.3972391993938094,1.357591152191162,False,False,False,False,False,False
prody_rfd3,betaLG,22,1.3868436065076244,1.486432656266771,1.3987947702407837,1.4893981218338013,1.3972391993938094,1.357591152191162,False,False,False,False,False,False
prody_rfd3,betaLG,23,1.0811937113974206,1.389735751747195,1.0793514251708984,1.3897358179092407,1.3972391993938094,1.357591152191162,False,False,False,False,False,False
prody_rfd3,betaLG,24,0.9588416703115056,1.3415250837194224,0.9521274566650392,1.3415251970291138,1.3972391993938094,1.357591152191162,False,False,False,False,False,False
prody_rfd3,betaLG,25,1.115529689522718,1.501017395763211,1.1068763732910156,1.5010173320770264,1.3972391993938094,1.357591152191162,False,False,False,False,False,False
prody_rfd3,betaLG,26,1.282617572369252,1.6210695855474822,1.274418830871582,1.6210696697235107,1.3972391993938094,1.357591152191162,False,False,False,False,False,False
prody_rfd3,betaLG,27,1.2258637227039448,1.4314347568121255,1.2227827310562134,1.4314347505569458,1.3972391993938094,1.357591152191162,False,False,False,False,False,False
prody_rfd3,betaLG,28,1.0573335715787375,1.4071887238652705,1.0370697975158691,1.4071886539459229,1.3972391993938094,1.357591152191162,False,False,False,False,False,False
prody_rfd3,betaLG,29,1.0931463327330508,1.5189949042015145,1.079779863357544,1.5189948081970217,1.3972391993938094,1.357591152191162,False,False,False,False,False,False
prody_rfd3,cAbl,0,1.1287318971015798,3.3795094287614145,1.1340436935424805,3.373415470123291,3.4458517805005147,3.4368226528167725,False,False,False,False,False,False
prody_rfd3,cAbl,1,1.2472958240186225,3.3978836610249434,1.2336194515228271,3.3759782314300537,3.4458517805005147,3.4368226528167725,False,False,False,False,False,False
prody_rfd3,cAbl,2,1.0805992023045432,3.388807716643396,1.0568674802780151,3.3722164630889893,3.4458517805005147,3.4368226528167725,False,False,False,False,False,False
prody_rfd3,cAbl,3,1.2809404952512398,3.541274151595502,1.27160906791687,3.539082765579224,3.4458517805005147,3.4368226528167725,False,False,False,False,False,False
prody_rfd3,cAbl,4,1.0279137016058613,3.465295792306616,1.0215656757354736,3.462435722351074,3.4458517805005147,3.4368226528167725,False,False,False,False,False,False
prody_rfd3,cAbl,5,1.01355769507921,3.3643387372903866,1.0170575380325315,3.359737157821656,3.4458517805005147,3.4368226528167725,False,False,False,False,False,False
prody_rfd3,cAbl,6,1.1059459803704077,3.3709402129366937,1.104295253753662,3.367264986038208,3.4458517805005147,3.4368226528167725,False,False,False,False,False,False
prody_rfd3,cAbl,7,1.165546546145601,3.406473615903311,1.17084538936615,3.4019694328308105,3.4458517805005147,3.4368226528167725,False,False,False,False,False,False
prody_rfd3,cAbl,8,1.13507524512638,3.3602543041322,1.1384522914886477,3.3541128635406494,3.4458517805005147,3.4368226528167725,False,False,False,False,False,False
prody_rfd3,cAbl,9,1.2349028613723314,3.403021317009702,1.2192684412002563,3.381498336791992,3.4458517805005147,3.4368226528167725,False,False,False,False,False,False
prody_rfd3,cAbl,10,1.0254695174853343,3.403373627176172,1.032526612281799,3.386608839035034,3.4458517805005147,3.4368226528167725,False,False,False,False,False,False
prody_rfd3,cAbl,11,1.262117154145595,3.5242232679900094,1.2531148195266724,3.521716356277466,3.4458517805005147,3.4368226528167725,False,False,False,False,False,False
prody_rfd3,cAbl,12,1.046397378541802,3.476751404413922,1.04245126247406,3.473931074142456,3.4458517805005147,3.4368226528167725,False,False,False,False,False,False
prody_rfd3,cAbl,13,1.073838096356842,3.3466337308208103,1.0738381147384644,3.34212613105774,3.4458517805005147,3.4368226528167725,False,False,False,False,False,False
prody_rfd3,cAbl,14,1.0951985960878632,3.381141626596277,1.103237867355347,3.378270149230957,3.4458517805005147,3.4368226528167725,False,False,False,False,False,False
prody_rfd3,cAbl,15,1.1549299303832208,3.396266787788143,1.1549299955368042,3.392151594161988,3.4458517805005147,3.4368226528167725,False,False,False,False,False,False
prody_rfd3,cAbl,16,1.122329002296271,3.363021696161317,1.120100736618042,3.3574488162994385,3.4458517805005147,3.4368226528167725,False,False,False,False,False,False
prody_rfd3,cAbl,17,1.199995327369732,3.385804664088478,1.1910932064056396,3.3621368408203125,3.4458517805005147,3.4368226528167725,False,False,False,False,False,False
prody_rfd3,cAbl,18,1.063281521180221,3.397171371248056,1.0713616609573364,3.381273031234741,3.4458517805005147,3.4368226528167725,False,False,False,False,False,False
prody_rfd3,cAbl,19,1.2488387851456042,3.5268787605273,1.2364885807037354,3.524155139923096,3.4458517805005147,3.4368226528167725,False,False,False,False,False,False
prody_rfd3,cAbl,20,1.0163427488892445,3.4868269359771715,1.0120609998703003,3.483600854873657,3.4458517805005147,3.4368226528167725,False,False,False,False,False,False
prody_rfd3,cAbl,21,1.0336611383230938,3.3562176550768785,1.0417536497116089,3.351788282394409,3.4458517805005147,3.4368226528167725,False,False,False,False,False,False
prody_rfd3,cAbl,22,1.1134289900416037,3.365669564004411,1.1223350763320925,3.3615567684173584,3.4458517805005147,3.4368226528167725,False,False,False,False,False,False
prody_rfd3,cAbl,23,1.1668985173805573,3.4110165535396906,1.1668986082077026,3.406815528869629,3.4458517805005147,3.4368226528167725,False,False,False,False,False,False
prody_rfd3,cAbl,24,1.1245130188168972,3.358389378659448,1.124513030052185,3.3534724712371826,3.4458517805005147,3.4368226528167725,False,False,False,False,False,False
prody_rfd3,cAbl,25,1.2648202370561916,3.4063692157793786,1.2535340785980225,3.3841891288757324,3.4458517805005147,3.4368226528167725,False,False,False,False,False,False
prody_rfd3,cAbl,26,1.0935881003860488,3.4028584750410857,1.0740385055541992,3.384572505950928,3.4458517805005147,3.4368226528167725,False,False,False,False,False,False
prody_rfd3,cAbl,27,1.2711858825302909,3.532209762784613,1.259968638420105,3.529893398284912,3.4458517805005147,3.4368226528167725,False,False,False,False,False,False
prody_rfd3,cAbl,28,1.0346266413543352,3.484304659680133,1.0317076444625854,3.4811508655548096,3.4458517805005147,3.4368226528167725,False,False,False,False,False,False
prody_rfd3,cAbl,29,1.0269665354426136,3.3774073079479923,1.0210700035095217,3.372756004333496,3.4458517805005147,3.4368226528167725,False,False,False,False,False,False
prody_rfd3,p53_Y220C,0,0.1352377926699285,1.136623347977438,0.1352377831935882,1.1366233825683594,1.1600563699903448,1.1600563526153564,False,False,False,False,False,False
prody_rfd3,p53_Y220C,1,0.2029376939228879,1.2123205674843351,0.2029377073049545,1.2123205661773682,1.1600563699903448,1.1600563526153564,False,False,False,False,False,False
prody_rfd3,p53_Y220C,2,0.1290116120356084,1.116084552506078,0.1290116161108017,1.1160845756530762,1.1600563699903448,1.1600563526153564,False,False,False,False,False,False
prody_rfd3,p53_Y220C,3,0.2208236095398942,1.2306991119309652,0.2208236157894134,1.230699062347412,1.1600563699903448,1.1600563526153564,False,False,False,False,False,False
prody_rfd3,p53_Y220C,4,0.1467022102628909,1.1496263090375565,0.1467022150754928,1.1496262550354004,1.1600563699903448,1.1600563526153564,False,False,False,False,False,False
prody_rfd3,p53_Y220C,5,0.1397142233095727,1.133449121245084,0.1397142261266708,1.1334491968154907,1.1600563699903448,1.1600563526153564,False,False,False,False,False,False
prody_rfd3,p53_Y220C,6,0.2177115838631046,1.1341486625354171,0.2177115976810455,1.1341485977172852,1.1600563699903448,1.1600563526153564,False,False,False,False,False,False
prody_rfd3,p53_Y220C,7,0.1262331918899515,1.161667512722793,0.1262331902980804,1.1616675853729248,1.1600563699903448,1.1600563526153564,False,False,False,False,False,False
prody_rfd3,p53_Y220C,8,0.2048426775173158,1.21431400896547,0.204842671751976,1.2143139839172363,1.1600563699903448,1.1600563526153564,False,False,False,False,False,False
prody_rfd3,p53_Y220C,9,0.2723090912006761,1.1271968161565733,0.2723090946674347,1.1271967887878418,1.1600563699903448,1.1600563526153564,False,False,False,False,False,False
prody_rfd3,p53_Y220C,10,0.2000672093355246,1.0997717259261235,0.2000672072172165,1.0997717380523682,1.1600563699903448,1.1600563526153564,False,False,False,False,False,False
prody_rfd3,p53_Y220C,11,0.1561535617127989,1.1980900293485792,0.1561535596847534,1.1980899572372437,1.1600563699903448,1.1600563526153564,False,False,False,False,False,False
prody_rfd3,p53_Y220C,12,0.119641351376868,1.1431297427010043,0.1196413561701774,1.1431297063827517,1.1600563699903448,1.1600563526153564,False,False,False,False,False,False
prody_rfd3,p53_Y220C,13,0.2912679683343491,1.268070072584467,0.2912679612636566,1.268070101737976,1.1600563699903448,1.1600563526153564,False,False,False,False,False,False
prody_rfd3,p53_Y220C,14,0.1631477756482861,1.1669626314684696,0.1631477624177932,1.166962504386902,1.1600563699903448,1.1600563526153564,False,False,False,False,False,False
prody_rfd3,p53_Y220C,15,0.2476993439061604,1.1179810664371317,0.247699350118637,1.1179810762405396,1.1600563699903448,1.1600563526153564,False,False,False,False,False,False
prody_rfd3,p53_Y220C,16,0.1721424564955382,1.1426889566861058,0.1721424609422683,1.1426889896392822,1.1600563699903448,1.1600563526153564,False,False,False,False,False,False
prody_rfd3,p53_Y220C,17,0.24934447295269,1.2090491224626694,0.2493444681167602,1.2090492248535156,1.1600563699903448,1.1600563526153564,False,False,False,False,False,False
prody_rfd3,p53_Y220C,18,0.0761245311423522,1.1560202705427625,0.0761245340108871,1.1560202836990356,1.1600563699903448,1.1600563526153564,False,False,False,False,False,False
prody_rfd3,p53_Y220C,19,0.2018540184093157,1.147939803391666,0.2018540203571319,1.1479398012161257,1.1600563699903448,1.1600563526153564,False,False,False,False,False,False
prody_rfd3,p53_Y220C,20,0.2216083787228086,1.2332323153253912,0.2216083854436874,1.2332323789596558,1.1600563699903448,1.1600563526153564,False,False,False,False,False,False
prody_rfd3,p53_Y220C,21,0.2468797353298411,1.220581634579336,0.2468797415494918,1.2205816507339478,1.1600563699903448,1.1600563526153564,False,False,False,False,False,False
prody_rfd3,p53_Y220C,22,0.2261486219400829,1.1512046917156784,0.2261486202478408,1.1512047052383425,1.1600563699903448,1.1600563526153564,False,False,False,False,False,False
prody_rfd3,p53_Y220C,23,0.2117261859484174,1.2055238531097867,0.2117261886596679,1.2055238485336304,1.1600563699903448,1.1600563526153564,False,False,False,False,False,False
prody_rfd3,p53_Y220C,24,0.1501170225106956,1.1614716305278037,0.1501170247793197,1.161471605300903,1.1600563699903448,1.1600563526153564,False,False,False,False,False,False
prody_rfd3,p53_Y220C,25,0.1716166201419007,1.190443640218512,0.1716166138648986,1.190443754196167,1.1600563699903448,1.1600563526153564,False,False,False,False,False,False
prody_rfd3,p53_Y220C,26,0.1004040378857583,1.1312072605328105,0.1004040390253067,1.1312073469161987,1.1600563699903448,1.1600563526153564,False,False,False,False,False,False
prody_rfd3,p53_Y220C,27,0.1820163600654745,1.1428655974609,0.1820163577795028,1.1428656578063965,1.1600563699903448,1.1600563526153564,False,False,False,False,False,False
prody_rfd3,p53_Y220C,28,0.1599333227321901,1.1368178142015342,0.15993332862854,1.1368178129196167,1.1600563699903448,1.1600563526153564,False,False,False,False,False,False
prody_rfd3,p53_Y220C,29,0.1978775956254128,1.0991473042997828,0.1978776007890701,1.0991473197937012,1.1600563699903448,1.1600563526153564,False,False,False,False,False,False
prody_rfd3,p53_Y220C__4AGQ,0,0.1469864442764209,1.1655828216296749,0.1469864398241043,1.1655827760696411,1.1180275303614244,1.1180275678634644,False,False,False,False,False,False
prody_rfd3,p53_Y220C__4AGQ,1,0.1392388219463406,1.1760930180736942,0.1392388194799423,1.1760929822921753,1.1180275303614244,1.1180275678634644,False,False,False,False,False,False
prody_rfd3,p53_Y220C__4AGQ,2,0.2113924317973773,1.1575682206428457,0.2113924324512481,1.1575682163238523,1.1180275303614244,1.1180275678634644,False,False,False,False,False,False
prody_rfd3,p53_Y220C__4AGQ,3,0.1914842074262812,1.1367707051017848,0.1914842128753662,1.136770725250244,1.1180275303614244,1.1180275678634644,False,False,False,False,False,False
prody_rfd3,p53_Y220C__4AGQ,4,0.1901306711173191,1.1842651477285446,0.1901306807994842,1.18426513671875,1.1180275303614244,1.1180275678634644,False,False,False,False,False,False
prody_rfd3,p53_Y220C__4AGQ,5,0.1209610638381065,1.1640816940232042,0.1209610700607299,1.1640816926956177,1.1180275303614244,1.1180275678634644,False,False,False,False,False,False
prody_rfd3,p53_Y220C__4AGQ,6,0.2515657812275176,1.2212802207298856,0.2515657842159271,1.221280217170715,1.1180275303614244,1.1180275678634644,False,False,False,False,False,False
prody_rfd3,p53_Y220C__4AGQ,7,0.1297283380787054,1.1604697504365602,0.1297283470630645,1.1604697704315186,1.1180275303614244,1.1180275678634644,False,False,False,False,False,False
prody_rfd3,p53_Y220C__4AGQ,8,0.1340563096819002,1.148822271397265,0.1340563148260116,1.14882230758667,1.1180275303614244,1.1180275678634644,False,False,False,False,False,False
prody_rfd3,p53_Y220C__4AGQ,9,1.314525675932405,1.2951379590368193,1.3145257234573364,1.2951380014419556,1.1180275303614244,1.1180275678634644,False,False,False,False,False,False
prody_rfd3,p53_Y220C__4AGQ,10,0.3578465936306189,1.211480225621124,0.357846587896347,1.2114802598953247,1.1180275303614244,1.1180275678634644,False,False,False,False,False,False
prody_rfd3,p53_Y220C__4AGQ,11,0.1214665199584564,1.1500961737371644,0.1214665174484252,1.1500961780548096,1.1180275303614244,1.1180275678634644,False,False,False,False,False,False
prody_rfd3,p53_Y220C__4AGQ,12,0.1649426576130849,1.1613019943505305,0.1649426519870758,1.1613019704818726,1.1180275303614244,1.1180275678634644,False,False,False,False,False,False
prody_rfd3,p53_Y220C__4AGQ,13,1.2512906087560296,0.4987880630528389,1.2512905597686768,0.498788058757782,1.1180275303614244,1.1180275678634644,True,True,True,True,True,True
prody_rfd3,p53_Y220C__4AGQ,14,0.174439648082109,1.146777734013776,0.1744396388530731,1.1467777490615845,1.1180275303614244,1.1180275678634644,False,False,False,False,False,False
prody_rfd3,p53_Y220C__4AGQ,15,0.3686833623938886,1.2399810909991753,0.3686833679676056,1.239981174468994,1.1180275303614244,1.1180275678634644,False,False,False,False,False,False
prody_rfd3,p53_Y220C__4AGQ,16,0.1978720982881621,1.1876859017469628,0.1978721022605896,1.1876858472824097,1.1180275303614244,1.1180275678634644,False,False,False,False,False,False
prody_rfd3,p53_Y220C__4AGQ,17,1.3287404405526584,1.3046972112889752,1.328740477561951,1.3046972751617432,1.1180275303614244,1.1180275678634644,False,False,False,False,False,False
prody_rfd3,p53_Y220C__4AGQ,18,0.1421065173247133,1.171056028933027,0.1421065181493759,1.171056032180786,1.1180275303614244,1.1180275678634644,False,False,False,False,False,False
prody_rfd3,p53_Y220C__4AGQ,19,0.1551429494997014,1.199705001356465,0.1551429480314254,1.199704885482788,1.1180275303614244,1.1180275678634644,False,False,False,False,False,False
prody_rfd3,p53_Y220C__4AGQ,20,1.2047351827014747,0.4452593778891096,1.2047351598739624,0.4452593624591827,1.1180275303614244,1.1180275678634644,True,True,True,True,True,True
prody_rfd3,p53_Y220C__4AGQ,21,0.1972375442395834,1.1611644919759263,0.1972375512123108,1.1611645221710205,1.1180275303614244,1.1180275678634644,False,False,False,False,False,False
prody_rfd3,p53_Y220C__4AGQ,22,0.1860185636509244,1.1780306496085158,0.1860185712575912,1.1780306100845337,1.1180275303614244,1.1180275678634644,False,False,False,False,False,False
prody_rfd3,p53_Y220C__4AGQ,23,1.147583520712858,0.299575981144915,1.1475834846496582,0.2995759844779968,1.1180275303614244,1.1180275678634644,True,True,True,True,True,True
prody_rfd3,p53_Y220C__4AGQ,24,1.1484041051578373,0.3199824849512422,1.1484040021896362,0.3199824690818786,1.1180275303614244,1.1180275678634644,True,True,True,True,True,True
prody_rfd3,p53_Y220C__4AGQ,25,0.0812816822721231,1.1585436131879636,0.0812816843390464,1.158543586730957,1.1180275303614244,1.1180275678634644,False,False,False,False,False,False
prody_rfd3,p53_Y220C__4AGQ,26,0.1562262857697514,1.1805742264098422,0.1562262922525406,1.1805742979049685,1.1180275303614244,1.1180275678634644,False,False,False,False,False,False
prody_rfd3,p53_Y220C__4AGQ,27,0.1677999567173077,1.1783689927800958,0.1677999645471573,1.1783690452575684,1.1180275303614244,1.1180275678634644,False,False,False,False,False,False
prody_rfd3,p53_Y220C__4AGQ,28,1.1314885563107655,0.2853389236994799,1.131488561630249,0.2853389084339142,1.1180275303614244,1.1180275678634644,True,True,True,True,True,True
prody_rfd3,p53_Y220C__4AGQ,29,0.1485112659470821,1.1813758742664535,0.1485112607479095,1.1813758611679075,1.1180275303614244,1.1180275678634644,False,False,False,False,False,False
apo2mol,Bcl-xL,0,1.2901210446598992,2.700903728830049,1.290121078491211,2.701479911804199,2.505562006849456,2.5040442943573,False,False,False,False,False,False
apo2mol,Bcl-xL,1,1.751184640029032,3.0409824904626688,1.751184582710266,3.0449490547180176,2.505562006849456,2.5040442943573,False,False,False,False,False,False
apo2mol,Bcl-xL,2,1.2876029306904089,2.835504669716112,1.2876029014587402,2.843327045440674,2.505562006849456,2.5040442943573,False,False,False,False,False,False
apo2mol,Bcl-xL,3,1.5945614877509664,3.0505002236246983,1.5945614576339722,3.053044080734253,2.505562006849456,2.5040442943573,False,False,False,False,False,False
apo2mol,Bcl-xL,4,1.8618469418545067,3.2720486571992087,1.861846923828125,3.271523952484131,2.505562006849456,2.5040442943573,False,False,False,False,False,False
apo2mol,Bcl-xL,5,1.6421553078585336,3.025030933568755,1.6421552896499634,3.033771276473999,2.505562006849456,2.5040442943573,False,False,False,False,False,False
apo2mol,Bcl-xL,6,1.5254923076019264,3.163815727050768,1.5254923105239868,3.162781238555908,2.505562006849456,2.5040442943573,False,False,False,False,False,False
apo2mol,Bcl-xL,7,1.9116794537352773,3.134363059425892,1.9116793870925903,3.14086389541626,2.505562006849456,2.5040442943573,False,False,False,False,False,False
apo2mol,Bcl-xL,8,1.6147082307885166,2.7841252113878165,1.6147081851959229,2.7894480228424072,2.505562006849456,2.5040442943573,False,False,False,False,False,False
apo2mol,Bcl-xL,9,1.459683985346529,2.7900073067815274,1.4596840143203735,2.803215980529785,2.505562006849456,2.5040442943573,False,False,False,False,False,False
apo2mol,Bcl-xL,10,1.6260024049151844,3.113399443292641,1.626002311706543,3.11736273765564,2.505562006849456,2.5040442943573,False,False,False,False,False,False
apo2mol,Bcl-xL,11,1.1975256259130307,2.9772600175674238,1.1975256204605105,2.975828170776367,2.505562006849456,2.5040442943573,False,False,False,False,False,False
apo2mol,Bcl-xL,12,1.7079419211988498,3.218369075985401,1.7079418897628784,3.2175002098083496,2.505562006849456,2.5040442943573,False,False,False,False,False,False
apo2mol,Bcl-xL,13,1.6311172460127907,2.8398677785204938,1.631117343902588,2.838631629943848,2.505562006849456,2.5040442943573,False,False,False,False,False,False
apo2mol,Bcl-xL,14,1.4102202235470702,2.9892116927115224,1.4102202653884888,2.9922945499420166,2.505562006849456,2.5040442943573,False,False,False,False,False,False
apo2mol,Bcl-xL,15,1.8729606108539567,3.630119478229379,1.8729605674743648,3.635677337646485,2.505562006849456,2.5040442943573,False,False,False,False,False,False
apo2mol,Bcl-xL,16,1.5028395819847042,2.84304413897015,1.5028396844863892,2.8454835414886475,2.505562006849456,2.5040442943573,False,False,False,False,False,False
apo2mol,Bcl-xL,17,1.7507479234557943,3.2736170718838213,1.7507479190826416,3.2713623046875,2.505562006849456,2.5040442943573,False,False,False,False,False,False
apo2mol,Bcl-xL,18,1.1099217294367576,2.882811675434005,1.10992169380188,2.886284351348877,2.505562006849456,2.5040442943573,False,False,False,False,False,False
apo2mol,Bcl-xL,19,1.3751483200595005,3.0653407632232503,1.3751482963562012,3.0686769485473637,2.505562006849456,2.5040442943573,False,False,False,False,False,False
apo2mol,Bcl-xL,20,1.4687470708329038,2.7338679135059354,1.4687471389770508,2.7419838905334477,2.505562006849456,2.5040442943573,False,False,False,False,False,False
apo2mol,Bcl-xL,21,1.621719519998451,3.195914388981945,1.6217195987701416,3.20624041557312,2.505562006849456,2.5040442943573,False,False,False,False,False,False
apo2mol,Bcl-xL,22,1.5776393115373892,2.7729767341851823,1.57763934135437,2.7691123485565186,2.505562006849456,2.5040442943573,False,False,False,False,False,False
apo2mol,Bcl-xL,23,1.755416853113115,2.856867656081572,1.7554168701171875,2.85499119758606,2.505562006849456,2.5040442943573,False,False,False,False,False,False
apo2mol,Bcl-xL,24,1.223242065784878,2.9793430506153693,1.2232420444488523,2.980123519897461,2.505562006849456,2.5040442943573,False,False,False,False,False,False
apo2mol,Bcl-xL,25,1.2430751339497743,2.5942981554384845,1.243075251579285,2.596707344055176,2.505562006849456,2.5040442943573,False,False,False,False,False,False
apo2mol,Bcl-xL,26,1.2966903681315327,2.7639902940081997,1.2966903448104858,2.7646374702453613,2.505562006849456,2.5040442943573,False,False,False,False,False,False
apo2mol,Bcl-xL,27,1.3184126233027649,3.1667479352069505,1.3184126615524292,3.1720492839813232,2.505562006849456,2.5040442943573,False,False,False,False,False,False
apo2mol,Bcl-xL,28,1.417976567276742,2.62994489997101,1.4179766178131104,2.6355631351470947,2.505562006849456,2.5040442943573,False,False,False,False,False,False
apo2mol,Bcl-xL,29,1.1239838035623366,2.7692281121351807,1.1239838600158691,2.7700307369232178,2.505562006849456,2.5040442943573,False,False,False,False,False,False
apo2mol,betaLG,0,2.470394219319639,2.676478466201176,2.4703943729400635,2.6561949253082275,1.3972391993938094,1.357591152191162,False,False,False,False,False,False
apo2mol,betaLG,1,1.720055302191703,2.104452053574286,1.7200552225112915,2.086663246154785,1.3972391993938094,1.357591152191162,False,False,False,False,False,False
apo2mol,betaLG,2,1.420446746166225,1.9801062894203416,1.420446753501892,1.9628463983535769,1.3972391993938094,1.357591152191162,False,False,False,False,False,False
apo2mol,betaLG,3,1.4028879521359356,1.884715860536376,1.402887940406799,1.864163875579834,1.3972391993938094,1.357591152191162,False,False,False,False,False,False
apo2mol,betaLG,4,1.4318418329818026,1.836740906362006,1.4318418502807615,1.8131412267684937,1.3972391993938094,1.357591152191162,False,False,False,False,False,False
apo2mol,betaLG,5,1.198562264871016,1.9516530970226211,1.1985622644424438,1.9271082878112795,1.3972391993938094,1.357591152191162,False,False,False,False,False,False
apo2mol,betaLG,6,1.8383832570213088,2.432401847347043,1.8383833169937132,2.4114606380462646,1.3972391993938094,1.357591152191162,False,False,False,False,False,False
apo2mol,betaLG,7,1.0403785775103558,1.5813752976573707,1.0403785705566406,1.5523935556411743,1.3972391993938094,1.357591152191162,False,False,False,False,False,False
apo2mol,betaLG,8,1.5689464182936477,2.1722703090206763,1.5689464807510376,2.14856219291687,1.3972391993938094,1.357591152191162,False,False,False,False,False,False
apo2mol,betaLG,9,0.6823507569023884,1.4625896957853035,0.682350754737854,1.4333679676055908,1.3972391993938094,1.357591152191162,False,False,False,False,False,False
apo2mol,betaLG,10,1.0231838718620885,1.69128809108226,1.0231837034225464,1.6726746559143066,1.3972391993938094,1.357591152191162,False,False,False,False,False,False
apo2mol,betaLG,11,1.352147479854954,2.025253024730949,1.3521474599838257,2.00439453125,1.3972391993938094,1.357591152191162,False,False,False,False,False,False
apo2mol,betaLG,12,1.381614251423056,1.965126362761268,1.3816142082214355,1.9428240060806277,1.3972391993938094,1.357591152191162,False,False,False,False,False,False
apo2mol,betaLG,13,1.3635633310996782,1.879217452566388,1.3635632991790771,1.8578885793685915,1.3972391993938094,1.357591152191162,False,False,False,False,False,False
apo2mol,betaLG,14,1.4604658611027743,1.832150469902575,1.4604657888412476,1.8037809133529663,1.3972391993938094,1.357591152191162,False,False,False,False,False,False
apo2mol,betaLG,15,1.019056183872807,1.7497397075673553,1.01905620098114,1.7238116264343262,1.3972391993938094,1.357591152191162,False,False,False,False,False,False
apo2mol,betaLG,16,1.1435988149598475,1.8934161508095737,1.1435987949371338,1.875208139419556,1.3972391993938094,1.357591152191162,False,False,False,False,False,False
apo2mol,betaLG,17,1.104791983420464,1.74840557791582,1.1047919988632202,1.7250550985336304,1.3972391993938094,1.357591152191162,False,False,False,False,False,False
apo2mol,betaLG,18,1.8496910112109948,2.230455298573156,1.8496909141540527,2.2105748653411865,1.3972391993938094,1.357591152191162,False,False,False,False,False,False
apo2mol,betaLG,19,1.0733886263585073,1.7485693492168637,1.0733885765075684,1.7277826070785522,1.3972391993938094,1.357591152191162,False,False,False,False,False,False
apo2mol,betaLG,20,1.4796032520320344,1.967016308779696,1.4796034097671509,1.9544795751571653,1.3972391993938094,1.357591152191162,False,False,False,False,False,False
apo2mol,betaLG,21,1.0731369459074471,1.7701399570332568,1.0731370449066162,1.7548028230667114,1.3972391993938094,1.357591152191162,False,False,False,False,False,False
apo2mol,betaLG,22,1.447995773407447,2.089625270567379,1.4479957818984983,2.0697946548461914,1.3972391993938094,1.357591152191162,False,False,False,False,False,False
apo2mol,betaLG,23,1.497008393199342,2.188035673610316,1.4970083236694336,2.167877197265625,1.3972391993938094,1.357591152191162,False,False,False,False,False,False
apo2mol,betaLG,24,1.579567592362395,2.2141726836592404,1.579567790031433,2.2131409645080566,1.3972391993938094,1.357591152191162,False,False,False,False,False,False
apo2mol,betaLG,25,1.592416717921176,2.143635817239098,1.5924168825149536,2.127061128616333,1.3972391993938094,1.357591152191162,False,False,False,False,False,False
apo2mol,betaLG,26,1.6616364705445454,2.315415497282214,1.661636471748352,2.2961626052856445,1.3972391993938094,1.357591152191162,False,False,False,False,False,False
apo2mol,betaLG,27,1.5133994699312152,1.973454688782553,1.5133994817733765,1.9509531259536743,1.3972391993938094,1.357591152191162,False,False,False,False,False,False
apo2mol,betaLG,28,0.837904093411081,1.519771605950358,0.837904155254364,1.4907597303390503,1.3972391993938094,1.357591152191162,False,False,False,False,False,False
apo2mol,betaLG,29,1.1629066991625376,1.796174568257427,1.1629068851470947,1.7722859382629397,1.3972391993938094,1.357591152191162,False,False,False,False,False,False
apo2mol,NDPK-A,0,1.5621685290555831,3.602092127766898,1.5621685981750488,3.602092266082764,3.4697602388704447,3.4699201583862305,False,False,False,False,False,False
apo2mol,NDPK-A,1,1.691639286959255,3.6718764569883913,1.6916391849517822,3.6718764305114746,3.4697602388704447,3.4699201583862305,False,False,False,False,False,False
apo2mol,NDPK-A,2,1.3572971086515735,3.668225440943601,1.35729718208313,3.668225288391113,3.4697602388704447,3.4699201583862305,False,False,False,False,False,False
apo2mol,NDPK-A,3,1.4418208494032745,3.807732152190884,1.4418208599090576,3.807732105255127,3.4697602388704447,3.4699201583862305,False,False,False,False,False,False
apo2mol,NDPK-A,4,2.909861467561392,4.6662789681069405,2.9098615646362305,4.666278839111328,3.4697602388704447,3.4699201583862305,False,False,False,False,False,False
apo2mol,NDPK-A,5,1.074280070311891,3.159911628834804,1.074280023574829,3.159911632537842,3.4697602388704447,3.4699201583862305,False,False,False,False,False,False
apo2mol,NDPK-A,6,1.057129549847013,3.3429020366654973,1.0571295022964478,3.319467782974243,3.4697602388704447,3.4699201583862305,False,False,False,False,False,False
apo2mol,NDPK-A,7,1.599361166283527,4.072711973623004,1.5993611812591553,4.072711944580078,3.4697602388704447,3.4699201583862305,False,False,False,False,False,False
apo2mol,NDPK-A,8,0.963691719020802,3.3368725417627902,0.9636917114257812,3.336872339248657,3.4697602388704447,3.4699201583862305,False,False,False,False,False,False
apo2mol,NDPK-A,9,0.9795063616002552,3.445872812600639,0.9795063734054564,3.4458727836608887,3.4697602388704447,3.4699201583862305,False,False,False,False,False,False
apo2mol,NDPK-A,10,1.3385396808166534,3.5439860152237634,1.338539719581604,3.5439858436584477,3.4697602388704447,3.4699201583862305,False,False,False,False,False,False
apo2mol,NDPK-A,11,1.4448148792376174,3.853237445610621,1.444814920425415,3.853237390518189,3.4697602388704447,3.4699201583862305,False,False,False,False,False,False
apo2mol,NDPK-A,12,1.038209975015354,3.721346827870055,1.0382100343704224,3.721346855163574,3.4697602388704447,3.4699201583862305,False,False,False,False,False,False
apo2mol,NDPK-A,13,2.1536241645168035,3.263368277102451,2.1536240577697754,3.263368368148804,3.4697602388704447,3.4699201583862305,False,False,False,False,False,False
apo2mol,NDPK-A,14,0.9730212206648928,3.415300222721158,0.9730212688446044,3.4153003692626958,3.4697602388704447,3.4699201583862305,False,False,False,False,False,False
apo2mol,NDPK-A,15,2.177996769642687,3.9062008202410983,2.177996873855591,3.906200885772705,3.4697602388704447,3.4699201583862305,False,False,False,False,False,False
apo2mol,NDPK-A,16,1.414174169940685,3.327036962918104,1.414174199104309,3.301408290863037,3.4697602388704447,3.4699201583862305,False,False,False,False,False,False
apo2mol,NDPK-A,17,1.8795275694052824,3.427339251908921,1.879527568817139,3.4273393154144287,3.4697602388704447,3.4699201583862305,False,False,False,False,False,False
apo2mol,NDPK-A,18,2.561326195482183,4.42951773672924,2.561326265335083,4.42951774597168,3.4697602388704447,3.4699201583862305,False,False,False,False,False,False
apo2mol,NDPK-A,19,0.895214381057968,3.3685489674134343,0.895214319229126,3.368549108505249,3.4697602388704447,3.4699201583862305,False,False,False,False,False,False
apo2mol,NDPK-A,20,1.0964432523578174,3.4911094754625838,1.0964431762695312,3.4911093711853027,3.4697602388704447,3.4699201583862305,False,False,False,False,False,False
apo2mol,NDPK-A,21,1.4281660666197968,3.4875360323790896,1.4281660318374634,3.4875359535217285,3.4697602388704447,3.4699201583862305,False,False,False,False,False,False
apo2mol,NDPK-A,22,1.0423656394933427,3.211396199806243,1.0423656702041626,3.2113962173461914,3.4697602388704447,3.4699201583862305,False,False,False,False,False,False
apo2mol,NDPK-A,23,2.1483954435237163,4.348297277193131,2.148395538330078,4.348297119140625,3.4697602388704447,3.4699201583862305,False,False,False,False,False,False
apo2mol,NDPK-A,24,1.1492025644527182,3.507507798364424,1.1492024660110474,3.507507801055908,3.4697602388704447,3.4699201583862305,False,False,False,False,False,False
apo2mol,NDPK-A,25,1.1575606178527875,3.2025685550377463,1.1575605869293213,3.202568531036377,3.4697602388704447,3.4699201583862305,False,False,False,False,False,False
apo2mol,NDPK-A,26,1.1053373453817033,3.280820166671385,1.105337381362915,3.28082013130188,3.4697602388704447,3.4699201583862305,False,False,False,False,False,False
apo2mol,NDPK-A,27,1.1684794909862517,3.428618338144368,1.168479561805725,3.4286184310913086,3.4697602388704447,3.4699201583862305,False,False,False,False,False,False
apo2mol,NDPK-A,28,1.893477524235888,4.039441656309416,1.8934776782989504,4.039441585540772,3.4697602388704447,3.4699201583862305,False,False,False,False,False,False
apo2mol,NDPK-A,29,1.916333383296072,3.6303857524894414,1.9163333177566528,3.630385875701904,3.4697602388704447,3.4699201583862305,False,False,False,False,False,False
apo2mol,GLTP,0,1.006743807855262,2.308507195469918,1.0067439079284668,2.308507204055786,2.1410013181020275,2.1410975456237797,False,False,False,False,False,False
apo2mol,GLTP,1,1.013973779452357,2.340864675519085,1.0139737129211426,2.340864658355713,2.1410013181020275,2.1410975456237797,False,False,False,False,False,False
apo2mol,GLTP,2,0.939783560424712,2.1670357082614444,0.9397835731506348,2.1670355796813965,2.1410013181020275,2.1410975456237797,False,False,False,False,False,False
apo2mol,GLTP,3,0.9611517464076546,1.816416088646508,0.9611518383026124,1.8164160251617432,2.1410013181020275,2.1410975456237797,False,False,False,False,False,False
apo2mol,GLTP,4,0.6439253420532013,2.2902091194709224,0.6439253687858582,2.2902092933654785,2.1410013181020275,2.1410975456237797,False,False,False,False,False,False
apo2mol,GLTP,5,0.8965273708863505,2.052932461426345,0.8965273499488831,2.0529325008392334,2.1410013181020275,2.1410975456237797,False,False,False,False,False,False
apo2mol,GLTP,6,1.0311162004884575,1.7838624350936156,1.0311161279678345,1.7838624715805054,2.1410013181020275,2.1410975456237797,False,False,False,False,False,False
apo2mol,GLTP,7,1.0895344070907258,2.2742751861029014,1.0895344018936155,2.274275302886963,2.1410013181020275,2.1410975456237797,False,False,False,False,False,False
apo2mol,GLTP,8,1.095270959305003,2.2046160832155484,1.0952709913253784,2.2046163082122803,2.1410013181020275,2.1410975456237797,False,False,False,False,False,False
apo2mol,GLTP,9,1.273908078927939,2.1090812638301264,1.273908019065857,2.109081268310547,2.1410013181020275,2.1410975456237797,False,False,False,False,False,False
apo2mol,GLTP,10,0.9734321484940096,2.101743062390288,0.9734321236610411,2.10174298286438,2.1410013181020275,2.1410975456237797,False,False,False,False,False,False
apo2mol,GLTP,11,0.8848104556187898,2.216604621703091,0.8848104476928711,2.216604709625244,2.1410013181020275,2.1410975456237797,False,False,False,False,False,False
apo2mol,GLTP,12,1.1029846910314018,2.538261559761856,1.1029845476150513,2.5382614135742188,2.1410013181020275,2.1410975456237797,False,False,False,False,False,False
apo2mol,GLTP,13,1.0106275410522902,2.8142858170709784,1.0106276273727417,2.814285516738892,2.1410013181020275,2.1410975456237797,False,False,False,False,False,False
apo2mol,GLTP,14,0.9649958531771198,2.638956031750172,0.9649958610534668,2.638956069946289,2.1410013181020275,2.1410975456237797,False,False,False,False,False,False
apo2mol,GLTP,15,1.194033824195693,2.174844315126634,1.1940338611602783,2.17484450340271,2.1410013181020275,2.1410975456237797,False,False,False,False,False,False
apo2mol,GLTP,16,1.512106600229689,1.7981495712166513,1.5121066570281982,1.7981494665145874,2.1410013181020275,2.1410975456237797,False,False,False,False,False,False
apo2mol,GLTP,17,0.8772724951958007,2.1453844800364177,0.8772724866867065,2.1453845500946045,2.1410013181020275,2.1410975456237797,False,False,False,False,False,False
apo2mol,GLTP,18,1.8172820174944115,2.34655037143526,1.81728196144104,2.346550464630127,2.1410013181020275,2.1410975456237797,False,False,False,False,False,False
apo2mol,GLTP,19,1.5379202566691768,2.6998511864629324,1.5379202365875244,2.6998512744903564,2.1410013181020275,2.1410975456237797,False,False,False,False,False,False
apo2mol,GLTP,20,1.3646401428220862,2.399956527260951,1.3646401166915894,2.399956464767456,2.1410013181020275,2.1410975456237797,False,False,False,False,False,False
apo2mol,GLTP,21,0.8463726808017809,2.4227279723283197,0.8463727235794067,2.4227280616760254,2.1410013181020275,2.1410975456237797,False,False,False,False,False,False
apo2mol,GLTP,22,0.865053856480027,2.1944399478884717,0.8650538921356201,2.1944398880004883,2.1410013181020275,2.1410975456237797,False,False,False,False,False,False
apo2mol,GLTP,23,1.0593527892953407,2.7458785161048054,1.0593527555465698,2.745878219604492,2.1410013181020275,2.1410975456237797,False,False,False,False,False,False
apo2mol,GLTP,24,1.515417012058976,2.0272593206219507,1.5154170989990234,2.027259349822998,2.1410013181020275,2.1410975456237797,False,False,False,False,False,False
apo2mol,GLTP,25,1.9692000249249664,2.223773639574841,1.9692000150680544,2.22377347946167,2.1410013181020275,2.1410975456237797,False,False,False,False,False,False
apo2mol,GLTP,26,1.5893264742385913,2.067963251304675,1.5893265008926392,2.067963123321533,2.1410013181020275,2.1410975456237797,False,False,False,False,False,False
apo2mol,GLTP,27,0.9515452381408552,2.1684133215037966,0.951545238494873,2.1684131622314453,2.1410013181020275,2.1410975456237797,False,False,False,False,False,False
apo2mol,GLTP,28,1.077396047836864,2.720161616750828,1.077396035194397,2.7201616764068604,2.1410013181020275,2.1410975456237797,False,False,False,False,False,False
apo2mol,GLTP,29,1.124724084770698,1.6279547120241855,1.1247241497039795,1.6279547214508057,2.1410013181020275,2.1410975456237797,False,False,False,False,False,False
apo2mol,SHP2,0,1.8521384774026264,2.75416361980386,1.852138638496399,2.7531228065490723,1.8482636253491052,1.8406480550765991,False,False,False,False,False,False
apo2mol,SHP2,1,2.3622218953198946,3.133107068299489,2.348105907440185,3.1585309505462646,1.8482636253491052,1.8406480550765991,False,False,False,False,False,False
apo2mol,SHP2,2,1.4250026696771805,2.3195005623393405,1.4250025749206543,2.3130671977996826,1.8482636253491052,1.8406480550765991,False,False,False,False,False,False
apo2mol,SHP2,3,1.3218857444000227,2.2462383537938115,1.3218858242034912,2.239161491394043,1.8482636253491052,1.8406480550765991,False,False,False,False,False,False
apo2mol,SHP2,4,1.2319709387031952,2.2849360689379306,1.231971025466919,2.2808878421783447,1.8482636253491052,1.8406480550765991,False,False,False,False,False,False
apo2mol,SHP2,5,0.920824097880356,2.034530035833361,0.9208241105079652,2.043869733810425,1.8482636253491052,1.8406480550765991,False,False,False,False,False,False
apo2mol,SHP2,6,1.394269105243008,2.415239091034287,1.3942692279815674,2.4171130657196045,1.8482636253491052,1.8406480550765991,False,False,False,False,False,False
apo2mol,SHP2,7,2.268234034524651,3.135796620827552,2.2682337760925293,3.151548385620117,1.8482636253491052,1.8406480550765991,False,False,False,False,False,False
apo2mol,SHP2,8,2.3452646768724006,2.966914504060137,2.3452649116516118,2.961038589477539,1.8482636253491052,1.8406480550765991,False,False,False,False,False,False
apo2mol,SHP2,9,1.5451557494037955,2.276791977879841,1.545155644416809,2.276792049407959,1.8482636253491052,1.8406480550765991,False,False,False,False,False,False
apo2mol,SHP2,10,1.5168680486703054,2.4088586135810712,1.5168678760528564,2.4059929847717285,1.8482636253491052,1.8406480550765991,False,False,False,False,False,False
apo2mol,SHP2,11,1.3343916723238378,2.400718006467564,1.334391713142395,2.399022340774536,1.8482636253491052,1.8406480550765991,False,False,False,False,False,False
apo2mol,SHP2,12,1.884109655751952,2.453856959257388,1.884109735488892,2.450409412384033,1.8482636253491052,1.8406480550765991,False,False,False,False,False,False
apo2mol,SHP2,13,1.4604809423652108,2.427980463705498,1.4604809284210205,2.412435293197632,1.8482636253491052,1.8406480550765991,False,False,False,False,False,False
apo2mol,SHP2,14,1.4863807378171672,2.342886330275026,1.4863808155059814,2.3401083946228027,1.8482636253491052,1.8406480550765991,False,False,False,False,False,False
apo2mol,SHP2,15,2.4604293038698977,3.0515657581613285,2.4604294300079346,3.0417320728302,1.8482636253491052,1.8406480550765991,False,False,False,False,False,False
apo2mol,SHP2,16,1.2262664243198973,2.164725904747961,1.226266384124756,2.150014162063598,1.8482636253491052,1.8406480550765991,False,False,False,False,False,False
apo2mol,SHP2,17,1.622800717927183,2.546504541060384,1.6228008270263672,2.546595335006714,1.8482636253491052,1.8406480550765991,False,False,False,False,False,False
apo2mol,SHP2,18,1.965669956787564,2.665226404708955,1.965670108795166,2.665226459503174,1.8482636253491052,1.8406480550765991,False,False,False,False,False,False
apo2mol,SHP2,19,1.5735107957188783,2.4677021362003586,1.5735108852386477,2.463508367538452,1.8482636253491052,1.8406480550765991,False,False,False,False,False,False
apo2mol,SHP2,20,1.6764751778414606,2.5291020588747157,1.676475167274475,2.5339138507843018,1.8482636253491052,1.8406480550765991,False,False,False,False,False,False
apo2mol,SHP2,21,1.2461071971429736,2.22428167747267,1.2461072206497192,2.211832046508789,1.8482636253491052,1.8406480550765991,False,False,False,False,False,False
apo2mol,SHP2,22,1.3834017563457996,2.29913121879534,1.3834017515182495,2.2976298332214355,1.8482636253491052,1.8406480550765991,False,False,False,False,False,False
apo2mol,SHP2,23,1.3813836896464904,2.43138248361676,1.3813836574554443,2.428445339202881,1.8482636253491052,1.8406480550765991,False,False,False,False,False,False
apo2mol,SHP2,24,1.7007934378718803,2.43257295470784,1.7007935047149658,2.440929651260376,1.8482636253491052,1.8406480550765991,False,False,False,False,False,False
apo2mol,SHP2,25,1.7124624377297104,2.3625296616079847,1.712462306022644,2.358493566513061,1.8482636253491052,1.8406480550765991,False,False,False,False,False,False
apo2mol,SHP2,26,2.38631209280653,2.9973987312283805,2.3863120079040527,2.986637115478516,1.8482636253491052,1.8406480550765991,False,False,False,False,False,False
apo2mol,SHP2,27,0.9952598456588964,2.123281932840373,0.9952598810195924,2.1127843856811523,1.8482636253491052,1.8406480550765991,False,False,False,False,False,False
apo2mol,SHP2,28,1.3224376236201212,2.3237303204439748,1.3224376440048218,2.315272808074951,1.8482636253491052,1.8406480550765991,False,False,False,False,False,False
apo2mol,SHP2,29,1.1921154766309447,2.3369183845539467,1.1921155452728271,2.336872339248657,1.8482636253491052,1.8406480550765991,False,False,False,False,False,False
apo2mol,FUT8,0,1.887195789660863,4.037929178727988,1.887195706367493,4.044371604919434,3.419934534191317,3.4277188777923584,False,False,False,False,False,False
apo2mol,FUT8,1,1.2568472080948283,3.896928465775237,1.256847262382507,3.89016318321228,3.419934534191317,3.4277188777923584,False,False,False,False,False,False
apo2mol,FUT8,2,3.029457245618304,2.8315930402834053,3.037924528121948,2.8317666053771973,3.419934534191317,3.4277188777923584,True,True,False,False,False,False
apo2mol,FUT8,3,2.4494007711993726,4.832351998471214,2.4494006633758545,4.83819055557251,3.419934534191317,3.4277188777923584,False,False,False,False,False,False
apo2mol,FUT8,4,3.5182672362546774,4.41940864655733,3.5182671546936035,4.4122395515441895,3.419934534191317,3.4277188777923584,False,False,False,False,False,False
apo2mol,FUT8,5,2.298188319291649,4.440336620443572,2.2981882095336914,4.434474945068359,3.419934534191317,3.4277188777923584,False,False,False,False,False,False
apo2mol,FUT8,6,2.6882815108041904,3.580874541932028,2.688281536102295,3.5763614177703857,3.419934534191317,3.4277188777923584,False,False,False,False,False,False
apo2mol,FUT8,7,1.8510514365336348,3.754822762687679,1.851051449775696,3.7601826190948486,3.419934534191317,3.4277188777923584,False,False,False,False,False,False
apo2mol,FUT8,8,2.430153625124675,4.632217137387901,2.430153608322144,4.633094310760498,3.419934534191317,3.4277188777923584,False,False,False,False,False,False
apo2mol,FUT8,9,2.0926472129863645,4.294628249979869,2.0926473140716557,4.302475452423096,3.419934534191317,3.4277188777923584,False,False,False,False,False,False
apo2mol,FUT8,10,1.618731421185124,4.132795678595541,1.6187314987182615,4.124300956726074,3.419934534191317,3.4277188777923584,False,False,False,False,False,False
apo2mol,FUT8,11,2.7189018458094583,2.9196003608957173,2.712246417999268,2.9346764087677,3.419934534191317,3.4277188777923584,False,False,False,False,False,False
apo2mol,FUT8,12,2.787147379571525,3.625781234762638,2.776893854141236,3.627721309661865,3.419934534191317,3.4277188777923584,False,False,False,False,False,False
apo2mol,FUT8,13,2.6020809911882696,3.4306405726583384,2.602081060409546,3.450432300567627,3.419934534191317,3.4277188777923584,False,False,False,False,False,False
apo2mol,FUT8,14,2.022050248173069,2.9184723149119987,2.022050380706787,2.9227988719940186,3.419934534191317,3.4277188777923584,False,False,False,False,False,False
apo2mol,FUT8,15,1.6781230477988178,3.994292412911293,1.678122878074646,3.9972081184387207,3.419934534191317,3.4277188777923584,False,False,False,False,False,False
apo2mol,FUT8,16,3.4743414824355225,4.276260214229721,3.486210346221924,4.273159503936768,3.419934534191317,3.4277188777923584,False,False,False,False,False,False
apo2mol,FUT8,17,1.889307684529387,3.383998795599073,1.889307737350464,3.368469476699829,3.419934534191317,3.4277188777923584,False,False,False,False,False,False
apo2mol,FUT8,18,2.071863331957559,3.972910109067229,2.071863412857056,3.9652585983276367,3.419934534191317,3.4277188777923584,False,False,False,False,False,False
apo2mol,FUT8,19,0.9956645254872328,3.324523568036462,0.9956645369529724,3.3170645236968994,3.419934534191317,3.4277188777923584,False,False,False,False,False,False
apo2mol,FUT8,20,2.2674535097180586,3.041204889869258,2.26745343208313,3.042810678482056,3.419934534191317,3.4277188777923584,False,False,False,False,False,False
apo2mol,FUT8,21,1.5878259513211737,3.1989328117607414,1.5878260135650637,3.2016825675964355,3.419934534191317,3.4277188777923584,False,False,False,False,False,False
apo2mol,FUT8,22,2.654279529690732,3.6152072496781806,2.6542797088623047,3.60544753074646,3.419934534191317,3.4277188777923584,False,False,False,False,False,False
apo2mol,FUT8,23,1.7613235708241954,4.196263259879754,1.7613236904144287,4.191528797149658,3.419934534191317,3.4277188777923584,False,False,False,False,False,False
apo2mol,FUT8,24,2.317922245260195,3.956212878334914,2.317922353744507,3.9705653190612793,3.419934534191317,3.4277188777923584,False,False,False,False,False,False
apo2mol,FUT8,25,1.818771231453136,4.454414970085841,1.8187711238861084,4.458802223205566,3.419934534191317,3.4277188777923584,False,False,False,False,False,False
apo2mol,FUT8,26,2.9165613816274085,3.1914379975002864,2.9380762577056885,3.20772123336792,3.419934534191317,3.4277188777923584,False,False,False,False,False,False
apo2mol,FUT8,27,3.404364687139906,3.381218142836253,3.400131702423096,3.38830041885376,3.419934534191317,3.4277188777923584,True,True,False,False,False,False
apo2mol,FUT8,28,3.4267974511442425,3.005760067296344,3.432466983795166,3.0164244174957275,3.419934534191317,3.4277188777923584,True,True,False,False,False,False
apo2mol,FUT8,29,1.139785362963086,3.8590285419833057,1.1397854089736938,3.8644144535064697,3.419934534191317,3.4277188777923584,False,False,False,False,False,False
apo2mol,p53_Y220C,0,2.62647823309761,2.1147788071757345,2.626478433609009,2.114778757095337,1.1600563699903448,1.1600563526153564,False,False,False,False,False,False
apo2mol,p53_Y220C,1,2.515795589373224,2.2245503574901244,2.5157957077026367,2.224550247192383,1.1600563699903448,1.1600563526153564,False,False,False,False,False,False
apo2mol,p53_Y220C,2,1.9149330702490697,1.5419444100320707,1.9149329662323,1.54194438457489,1.1600563699903448,1.1600563526153564,False,False,False,False,False,False
apo2mol,p53_Y220C,3,2.053173517885794,1.80593903536604,2.053173542022705,1.805938959121704,1.1600563699903448,1.1600563526153564,False,False,False,False,False,False
apo2mol,p53_Y220C,4,2.395318371258976,1.863893889363469,2.3953185081481934,1.863893747329712,1.1600563699903448,1.1600563526153564,False,False,False,False,False,False
apo2mol,p53_Y220C,5,2.60000823582054,1.9781312609950612,2.600008249282837,1.9781312942504885,1.1600563699903448,1.1600563526153564,False,False,False,False,False,False
apo2mol,p53_Y220C,6,1.0810990156477442,1.0731371433916612,1.0810989141464231,1.0731371641159058,1.1600563699903448,1.1600563526153564,True,True,True,True,False,False
apo2mol,p53_Y220C,7,1.72937868342842,1.3478646379872223,1.7293787002563477,1.3478646278381348,1.1600563699903448,1.1600563526153564,False,False,False,False,False,False
apo2mol,p53_Y220C,8,1.8216140307156805,1.7610377132284598,1.8216140270233157,1.761037826538086,1.1600563699903448,1.1600563526153564,False,False,False,False,False,False
apo2mol,p53_Y220C,9,2.387969759384874,1.8377896104457576,2.387969732284546,1.8377896547317505,1.1600563699903448,1.1600563526153564,False,False,False,False,False,False
apo2mol,p53_Y220C,10,1.581924899572856,1.2728686476087578,1.5819249153137207,1.2728686332702637,1.1600563699903448,1.1600563526153564,False,False,False,False,False,False
apo2mol,p53_Y220C,11,1.5812446302641914,1.4180151000911476,1.5812445878982544,1.4180151224136353,1.1600563699903448,1.1600563526153564,False,False,False,False,False,False
apo2mol,p53_Y220C,12,1.5244261052635302,1.3863244010880291,1.5244261026382446,1.3863242864608765,1.1600563699903448,1.1600563526153564,False,False,False,False,False,False
apo2mol,p53_Y220C,13,0.8792771750567423,0.9601945356780722,0.8792771697044373,0.9601945281028748,1.1600563699903448,1.1600563526153564,False,False,False,False,False,False
apo2mol,p53_Y220C,14,3.560639726687464,2.907812648679581,3.5606396198272705,2.907812595367432,1.1600563699903448,1.1600563526153564,False,False,False,False,False,False
apo2mol,p53_Y220C,15,3.29231455418493,2.842676428176313,3.2923147678375244,2.8426764011383057,1.1600563699903448,1.1600563526153564,False,False,False,False,False,False
apo2mol,p53_Y220C,16,1.3242917861227086,1.2112853504293672,1.324291706085205,1.2112853527069092,1.1600563699903448,1.1600563526153564,False,False,False,False,False,False
apo2mol,p53_Y220C,17,4.034185400461439,3.484760531093314,4.034185409545898,3.4847607612609863,1.1600563699903448,1.1600563526153564,False,False,False,False,False,False
apo2mol,p53_Y220C,18,2.554011730910972,2.125159089360213,2.554011821746826,2.12515926361084,1.1600563699903448,1.1600563526153564,False,False,False,False,False,False
apo2mol,p53_Y220C,19,2.400519081777765,1.989098481489369,2.400519132614136,1.9890984296798704,1.1600563699903448,1.1600563526153564,False,False,False,False,False,False
apo2mol,p53_Y220C,20,1.6922717974263903,1.3522233762155411,1.6922718286514282,1.3522233963012695,1.1600563699903448,1.1600563526153564,False,False,False,False,False,False
apo2mol,p53_Y220C,21,2.0286627308864484,1.5577156569906634,2.02866268157959,1.5577155351638794,1.1600563699903448,1.1600563526153564,False,False,False,False,False,False
apo2mol,p53_Y220C,22,2.3221530999336046,2.061463837490152,2.322153091430664,2.0614638328552246,1.1600563699903448,1.1600563526153564,False,False,False,False,False,False
apo2mol,p53_Y220C,23,3.410058741506382,2.9257649521825777,3.4100587368011475,2.925765037536621,1.1600563699903448,1.1600563526153564,False,False,False,False,False,False
apo2mol,p53_Y220C,24,1.4076085063154438,1.4075527232330685,1.4076085090637207,1.407552719116211,1.1600563699903448,1.1600563526153564,False,False,False,False,False,False
apo2mol,p53_Y220C,25,1.5315576361092682,1.1651617061826065,1.5315576791763306,1.1651617288589478,1.1600563699903448,1.1600563526153564,False,False,False,False,False,False
apo2mol,p53_Y220C,26,2.719704646736207,2.1676542769998037,2.7197046279907227,2.167654275894165,1.1600563699903448,1.1600563526153564,False,False,False,False,False,False
apo2mol,p53_Y220C,27,2.759093882957289,2.2106893195696915,2.759093999862671,2.2106893062591557,1.1600563699903448,1.1600563526153564,False,False,False,False,False,False
apo2mol,p53_Y220C,28,2.081753576870625,2.1618289736968785,2.0817534923553467,2.161828994750977,1.1600563699903448,1.1600563526153564,False,False,False,False,False,False
apo2mol,p53_Y220C,29,0.8756740335426382,1.0772359379596936,0.8756740093231201,1.0772359371185305,1.1600563699903448,1.1600563526153564,False,False,False,False,False,False
apo2mol,KRAS,0,1.9780760616065336,3.625515190224005,1.9780761003494265,3.6255152225494394,3.742426159251105,3.743377208709717,False,False,False,False,False,False
apo2mol,KRAS,1,2.9544008919888847,3.6975645477194505,2.9544005393981934,3.699859380722046,3.742426159251105,3.743377208709717,False,False,False,False,False,False
apo2mol,KRAS,2,2.584995118026744,4.20950281060496,2.58499526977539,4.209503173828125,3.742426159251105,3.743377208709717,False,False,False,False,False,False
apo2mol,KRAS,3,1.0967741331807015,4.007395856385151,1.0967742204666138,4.008620262145996,3.742426159251105,3.743377208709717,False,False,False,False,False,False
apo2mol,KRAS,4,2.7816903064161207,4.76077630534678,2.7816903591156006,4.762982368469238,3.742426159251105,3.743377208709717,False,False,False,False,False,False
apo2mol,KRAS,5,2.386986799451893,4.221588125719081,2.38698673248291,4.221637725830078,3.742426159251105,3.743377208709717,False,False,False,False,False,False
apo2mol,KRAS,6,1.924348724982828,4.416348311120095,1.9243487119674685,4.416239738464356,3.742426159251105,3.743377208709717,False,False,False,False,False,False
apo2mol,KRAS,7,1.62345208581361,4.138304046877312,1.623452067375183,4.139417171478272,3.742426159251105,3.743377208709717,False,False,False,False,False,False
apo2mol,KRAS,8,2.144460363319194,4.271879566204768,2.144460201263428,4.273833751678467,3.742426159251105,3.743377208709717,False,False,False,False,False,False
apo2mol,KRAS,9,2.121966857637364,4.009449234486572,2.12196683883667,4.012523651123047,3.742426159251105,3.743377208709717,False,False,False,False,False,False
apo2mol,KRAS,10,2.5655083840352417,4.007727204376018,2.5655083656311035,4.007727146148682,3.742426159251105,3.743377208709717,False,False,False,False,False,False
apo2mol,KRAS,11,2.2123243124799457,3.862640442014808,2.212324380874634,3.862226963043213,3.742426159251105,3.743377208709717,False,False,False,False,False,False
apo2mol,KRAS,12,1.5322354296362448,4.045239410886484,1.5322353839874268,4.04518985748291,3.742426159251105,3.743377208709717,False,False,False,False,False,False
apo2mol,KRAS,13,1.3301861297786104,4.230094065672152,1.330186128616333,4.23143482208252,3.742426159251105,3.743377208709717,False,False,False,False,False,False
apo2mol,KRAS,14,1.8958290295674307,4.3203360540373,1.8958289623260496,4.321087837219238,3.742426159251105,3.743377208709717,False,False,False,False,False,False
apo2mol,KRAS,15,3.2763170542706543,3.594183472971294,3.296627759933472,3.5955209732055664,3.742426159251105,3.743377208709717,False,False,False,False,False,False
apo2mol,KRAS,16,3.0682768037045856,4.662544064694739,3.068276882171631,4.661581039428711,3.742426159251105,3.743377208709717,False,False,False,False,False,False
apo2mol,KRAS,17,3.0008774535308,4.56769550195134,3.000877618789673,4.568325042724609,3.742426159251105,3.743377208709717,False,False,False,False,False,False
apo2mol,KRAS,18,1.754180254985738,3.6558318959276903,1.7541804313659668,3.65987777709961,3.742426159251105,3.743377208709717,False,False,False,False,False,False
apo2mol,KRAS,19,3.099592279453941,4.456973393139326,3.099592447280884,4.456973075866699,3.742426159251105,3.743377208709717,False,False,False,False,False,False
apo2mol,KRAS,20,1.8466197919657927,4.246464704047478,1.846619725227356,4.245929718017578,3.742426159251105,3.743377208709717,False,False,False,False,False,False
apo2mol,KRAS,21,2.5223075230680205,3.932526218518899,2.5223076343536377,3.934420108795166,3.742426159251105,3.743377208709717,False,False,False,False,False,False
apo2mol,KRAS,22,2.530671892926886,4.554385494764173,2.5306718349456787,4.553534984588623,3.742426159251105,3.743377208709717,False,False,False,False,False,False
apo2mol,KRAS,23,1.229835906628503,4.205926282917611,1.229835867881775,4.205178737640381,3.742426159251105,3.743377208709717,False,False,False,False,False,False
apo2mol,KRAS,24,0.9343096009449332,3.772981786742836,0.9343095421791076,3.772981643676758,3.742426159251105,3.743377208709717,False,False,False,False,False,False
apo2mol,KRAS,25,2.78675662505307,3.735408440562196,2.7867562770843506,3.737539529800415,3.742426159251105,3.743377208709717,False,False,False,False,False,False
apo2mol,KRAS,26,2.479818819476149,4.118826805301485,2.479819059371948,4.12103796005249,3.742426159251105,3.743377208709717,False,False,False,False,False,False
apo2mol,KRAS,27,2.8054701333396754,4.3019826996714485,2.8054702281951904,4.304783821105957,3.742426159251105,3.743377208709717,False,False,False,False,False,False
apo2mol,KRAS,28,2.4163855589425838,4.303402444900984,2.4163856506347656,4.30304479598999,3.742426159251105,3.743377208709717,False,False,False,False,False,False
apo2mol,KRAS,29,2.59211200991233,4.452126348642855,2.5921120643615723,4.451763153076172,3.742426159251105,3.743377208709717,False,False,False,False,False,False
apo2mol,cAbl,0,1.303519430299758,3.6058274596200657,1.3035194873809814,3.603194236755371,3.4458517805005147,3.4368226528167725,False,False,False,False,False,False
apo2mol,cAbl,1,1.677776996849099,3.6957177298570416,1.6777770519256592,3.6879029273986816,3.4458517805005147,3.4368226528167725,False,False,False,False,False,False
apo2mol,cAbl,2,1.1738792809608758,3.424215210788292,1.1738792657852173,3.419248342514038,3.4458517805005147,3.4368226528167725,False,False,False,False,False,False
apo2mol,cAbl,3,1.7382125805281103,3.665328288293436,1.7382125854492188,3.6570963859558105,3.4458517805005147,3.4368226528167725,False,False,False,False,False,False
apo2mol,cAbl,4,1.2853912898104085,3.630187570176816,1.285391330718994,3.624403476715088,3.4458517805005147,3.4368226528167725,False,False,False,False,False,False
apo2mol,cAbl,5,1.3888985197805577,3.4750576662014563,1.3888986110687256,3.471395492553711,3.4458517805005147,3.4368226528167725,False,False,False,False,False,False
apo2mol,cAbl,6,1.9024604176668356,3.734654255929973,1.9024603366851809,3.729553461074829,3.4458517805005147,3.4368226528167725,False,False,False,False,False,False
apo2mol,cAbl,7,2.157277771359176,3.927464046585257,2.157277822494507,3.9225568771362314,3.4458517805005147,3.4368226528167725,False,False,False,False,False,False
apo2mol,cAbl,8,1.0900587840873932,3.505087753460084,1.0900588035583496,3.501604557037353,3.4458517805005147,3.4368226528167725,False,False,False,False,False,False
apo2mol,cAbl,9,1.1392581082930586,3.608408526411843,1.1392581462860107,3.5967531204223637,3.4458517805005147,3.4368226528167725,False,False,False,False,False,False
apo2mol,cAbl,10,1.3395300754206116,3.6044560591352695,1.3395299911499023,3.598473072052002,3.4458517805005147,3.4368226528167725,False,False,False,False,False,False
apo2mol,cAbl,11,1.9290554207045791,3.8168607136359785,1.9105716943740845,3.809615850448608,3.4458517805005147,3.4368226528167725,False,False,False,False,False,False
apo2mol,cAbl,12,1.2213219927220955,3.640724074119087,1.221321940422058,3.632544279098511,3.4458517805005147,3.4368226528167725,False,False,False,False,False,False
apo2mol,cAbl,13,1.144922659982217,3.657896409941449,1.1449226140975952,3.650517702102661,3.4458517805005147,3.4368226528167725,False,False,False,False,False,False
apo2mol,cAbl,14,1.581168349583906,3.972655061585904,1.5811684131622314,3.966983795166016,3.4458517805005147,3.4368226528167725,False,False,False,False,False,False
apo2mol,cAbl,15,2.016015476036374,3.922134402271433,2.0160155296325684,3.9197144508361816,3.4458517805005147,3.4368226528167725,False,False,False,False,False,False
apo2mol,cAbl,16,1.8508491676698244,3.622499564736262,1.8508492708206177,3.6207969188690186,3.4458517805005147,3.4368226528167725,False,False,False,False,False,False
apo2mol,cAbl,17,1.174856271103668,3.621091118291034,1.1748563051223757,3.611029863357544,3.4458517805005147,3.4368226528167725,False,False,False,False,False,False
apo2mol,cAbl,18,1.4302858086139714,3.5562569424249584,1.4302858114242554,3.548548936843872,3.4458517805005147,3.4368226528167725,False,False,False,False,False,False
apo2mol,cAbl,19,2.111639104620225,3.609612613597063,2.1116390228271484,3.605469703674317,3.4458517805005147,3.4368226528167725,False,False,False,False,False,False
apo2mol,cAbl,20,1.6531047541426296,3.827153674116959,1.6531047821044922,3.820991516113281,3.4458517805005147,3.4368226528167725,False,False,False,False,False,False
apo2mol,cAbl,21,1.8117274089588704,3.9124947063120743,1.811727523803711,3.905892610549927,3.4458517805005147,3.4368226528167725,False,False,False,False,False,False
apo2mol,cAbl,22,1.0245321176417277,3.453269604436207,1.0245320796966553,3.4440534114837646,3.4458517805005147,3.4368226528167725,False,False,False,False,False,False
apo2mol,cAbl,23,1.3783129340938136,3.717740980262691,1.3783129453659058,3.711214542388916,3.4458517805005147,3.4368226528167725,False,False,False,False,False,False
apo2mol,cAbl,24,1.720578051921286,3.830371588881413,1.7205779552459717,3.823914051055908,3.4458517805005147,3.4368226528167725,False,False,False,False,False,False
apo2mol,cAbl,25,1.7371273500878093,3.8401294254376,1.7371275424957275,3.836188316345215,3.4458517805005147,3.4368226528167725,False,False,False,False,False,False
apo2mol,cAbl,26,2.125562194679788,3.5545390017033585,2.125562191009521,3.546558618545532,3.4458517805005147,3.4368226528167725,False,False,False,False,False,False
apo2mol,cAbl,27,1.3724554053272404,3.7488200040222335,1.372455358505249,3.743940591812134,3.4458517805005147,3.4368226528167725,False,False,False,False,False,False
apo2mol,cAbl,28,1.3122147650804885,3.4869371659966704,1.3122148513793943,3.483903169631958,3.4458517805005147,3.4368226528167725,False,False,False,False,False,False
apo2mol,cAbl,29,1.980207456357349,4.012926983769865,1.980207443237305,4.001570224761963,3.4458517805005147,3.4368226528167725,False,False,False,False,False,False
apo2mol,HIF2alpha,0,1.0544733026206996,2.113252894598546,1.0544732809066772,2.113252878189087,1.86542516135414,1.8654251098632808,False,False,False,False,False,False
apo2mol,HIF2alpha,1,1.0748367905243958,2.27911423292176,1.0748367309570312,2.279114246368408,1.86542516135414,1.8654251098632808,False,False,False,False,False,False
apo2mol,HIF2alpha,2,0.8915599355071319,2.051759568442186,0.891559898853302,2.0517594814300537,1.86542516135414,1.8654251098632808,False,False,False,False,False,False
apo2mol,HIF2alpha,3,0.9111712921110768,1.9401057778848876,0.9111713171005248,1.9401057958602903,1.86542516135414,1.8654251098632808,False,False,False,False,False,False
apo2mol,HIF2alpha,4,1.083225318218812,2.2991988809395107,1.0832252502441406,2.299198865890503,1.86542516135414,1.8654251098632808,False,False,False,False,False,False
apo2mol,HIF2alpha,5,1.2778256045710996,2.290293889258613,1.2778255939483645,2.300939083099365,1.86542516135414,1.8654251098632808,False,False,False,False,False,False
apo2mol,HIF2alpha,6,1.066895325808565,2.096787863151222,1.0668953657150269,2.1257174015045166,1.86542516135414,1.8654251098632808,False,False,False,False,False,False
apo2mol,HIF2alpha,7,1.3791687751208397,2.011199693268643,1.3791687488555908,2.011199474334717,1.86542516135414,1.8654251098632808,False,False,False,False,False,False
apo2mol,HIF2alpha,8,1.5306454111544068,2.526590399115284,1.530645489692688,2.526590347290039,1.86542516135414,1.8654251098632808,False,False,False,False,False,False
apo2mol,HIF2alpha,9,1.33311448685398,2.4837636775302685,1.333114504814148,2.4837634563446045,1.86542516135414,1.8654251098632808,False,False,False,False,False,False
apo2mol,HIF2alpha,10,1.7766992091955394,2.39952110969832,1.776699185371399,2.3995211124420166,1.86542516135414,1.8654251098632808,False,False,False,False,False,False
apo2mol,HIF2alpha,11,0.4608471848393397,1.7612703950626267,0.4608471691608429,1.7936208248138428,1.86542516135414,1.8654251098632808,False,False,False,False,False,False
apo2mol,HIF2alpha,12,0.3709991111319154,1.864804927793124,0.370999127626419,1.86224377155304,1.86542516135414,1.8654251098632808,False,False,False,False,False,False
apo2mol,HIF2alpha,13,2.789536721654684,3.082741207968322,2.789536714553833,3.1149027347564697,1.86542516135414,1.8654251098632808,False,False,False,False,False,False
apo2mol,HIF2alpha,14,0.7100355787421967,2.183946272059135,0.7100356221199036,2.183946132659912,1.86542516135414,1.8654251098632808,False,False,False,False,False,False
apo2mol,HIF2alpha,15,1.7786699389289866,2.1672188470931464,1.7786699533462524,2.1672189235687256,1.86542516135414,1.8654251098632808,False,False,False,False,False,False
apo2mol,HIF2alpha,16,1.081385273149309,1.8778416328683525,1.0813852548599243,1.9210203886032104,1.86542516135414,1.8654251098632808,False,False,False,False,False,False
apo2mol,HIF2alpha,17,0.6917978292600193,2.070827332148309,0.6917977929115295,2.0708272457122803,1.86542516135414,1.8654251098632808,False,False,False,False,False,False
apo2mol,HIF2alpha,18,1.3873170138219078,2.470915240537868,1.3873170614242554,2.4649546146392822,1.86542516135414,1.8654251098632808,False,False,False,False,False,False
apo2mol,HIF2alpha,19,0.7608927973628796,2.1008572125669733,0.7608927488327026,2.1008572578430176,1.86542516135414,1.8654251098632808,False,False,False,False,False,False
apo2mol,HIF2alpha,20,1.686533741544313,2.358821576623946,1.686533808708191,2.3588216304779053,1.86542516135414,1.8654251098632808,False,False,False,False,False,False
apo2mol,HIF2alpha,21,1.3540507242501791,2.087122205708736,1.3540507555007937,2.087122201919556,1.86542516135414,1.8654251098632808,False,False,False,False,False,False
apo2mol,HIF2alpha,22,1.783757803511575,2.4803063260196336,1.7837578058242798,2.5083961486816406,1.86542516135414,1.8654251098632808,False,False,False,False,False,False
apo2mol,HIF2alpha,23,1.5158171865083163,2.2450609982290715,1.515817165374756,2.245061159133911,1.86542516135414,1.8654251098632808,False,False,False,False,False,False
apo2mol,HIF2alpha,24,0.743812130310658,2.085449644292293,0.7438121438026428,2.085449695587158,1.86542516135414,1.8654251098632808,False,False,False,False,False,False
apo2mol,HIF2alpha,25,1.507769525296566,2.2095772700544574,1.5077694654464722,2.2436294555664062,1.86542516135414,1.8654251098632808,False,False,False,False,False,False
apo2mol,HIF2alpha,26,0.8735018044360726,2.062980210628937,0.8735018372535706,2.0629804134368896,1.86542516135414,1.8654251098632808,False,False,False,False,False,False
apo2mol,HIF2alpha,27,0.7312207852837519,2.006338816439908,0.7312208414077759,2.007385492324829,1.86542516135414,1.8654251098632808,False,False,False,False,False,False
apo2mol,HIF2alpha,28,1.075880358490915,1.780271503063571,1.0758802890777588,1.8185524940490725,1.86542516135414,1.8654251098632808,False,False,False,False,False,False
apo2mol,HIF2alpha,29,0.8647250629981151,1.8483581285157933,0.8647250533103943,1.8483582735061648,1.86542516135414,1.8654251098632808,False,False,False,False,False,False
apo2mol,HIV_RT,0,2.055791649058469,3.2070680771018107,2.048696517944336,3.2176320552825928,3.055562157269878,3.073980569839477,False,False,False,False,False,False
apo2mol,HIV_RT,1,2.404970576142443,3.635499564141665,2.4034111499786377,3.643700838088989,3.055562157269878,3.073980569839477,False,False,False,False,False,False
apo2mol,HIV_RT,2,1.8819222311156727,3.0441216542204046,1.8912203311920168,3.047958374023437,3.055562157269878,3.073980569839477,False,False,False,False,False,False
apo2mol,HIV_RT,3,1.7291064786618884,3.2105660066556383,1.7291064262390137,3.2193002700805664,3.055562157269878,3.073980569839477,False,False,False,False,False,False
apo2mol,HIV_RT,4,2.218479117065496,3.568919239927092,2.219764709472656,3.574167251586914,3.055562157269878,3.073980569839477,False,False,False,False,False,False
apo2mol,HIV_RT,5,1.950099433481652,3.083714829066478,1.9493372440338133,3.0928821563720703,3.055562157269878,3.073980569839477,False,False,False,False,False,False
apo2mol,HIV_RT,6,1.8224200906717627,3.1384125881485336,1.8264960050582888,3.14560341835022,3.055562157269878,3.073980569839477,False,False,False,False,False,False
apo2mol,HIV_RT,7,1.7837127542975866,3.175071876911157,1.7770284414291382,3.1828627586364746,3.055562157269878,3.073980569839477,False,False,False,False,False,False
apo2mol,HIV_RT,8,2.044960460534048,3.465984114674894,2.0509207248687744,3.470964908599853,3.055562157269878,3.073980569839477,False,False,False,False,False,False
apo2mol,HIV_RT,9,1.7067283968212903,3.051176216319576,1.6998584270477295,3.0610671043396,3.055562157269878,3.073980569839477,False,False,False,False,False,False
apo2mol,HIV_RT,10,1.9343996835623372,3.3702695291847853,1.9343997240066528,3.3790323734283447,3.055562157269878,3.073980569839477,False,False,False,False,False,False
apo2mol,HIV_RT,11,1.7320232789393952,3.090668534097912,1.7313807010650637,3.0992374420166016,3.055562157269878,3.073980569839477,False,False,False,False,False,False
apo2mol,HIV_RT,12,2.4617798667625763,3.240184826045532,2.474187135696411,3.2384228706359863,3.055562157269878,3.073980569839477,False,False,False,False,False,False
apo2mol,HIV_RT,13,1.887336247922799,3.089495208964784,1.887336254119873,3.1093785762786865,3.055562157269878,3.073980569839477,False,False,False,False,False,False
apo2mol,HIV_RT,14,1.5428967587477662,3.171353552975218,1.5428968667984009,3.1814353466033936,3.055562157269878,3.073980569839477,False,False,False,False,False,False
apo2mol,HIV_RT,15,2.837758478134379,3.622301314761125,2.8404786586761475,3.628971338272095,3.055562157269878,3.073980569839477,False,False,False,False,False,False
apo2mol,HIV_RT,16,1.9412167290187263,3.241343888863728,1.9412167072296145,3.2500689029693604,3.055562157269878,3.073980569839477,False,False,False,False,False,False
apo2mol,HIV_RT,17,1.8020391287362905,2.685039530263804,1.8114384412765503,2.6890432834625244,3.055562157269878,3.073980569839477,False,False,False,False,False,False
apo2mol,HIV_RT,18,2.640261659584457,3.590090143735872,2.647433042526245,3.5944550037384038,3.055562157269878,3.073980569839477,False,False,False,False,False,False
apo2mol,HIV_RT,19,1.7208162744291458,3.033285633689636,1.7208163738250732,3.043646335601806,3.055562157269878,3.073980569839477,False,False,False,False,False,False
apo2mol,HIV_RT,20,1.6613930714911798,3.055839158082832,1.6613930463790894,3.0797648429870605,3.055562157269878,3.073980569839477,False,False,False,False,False,False
apo2mol,HIV_RT,21,1.7832052793516588,3.420985397231487,1.7832053899765017,3.4310550689697266,3.055562157269878,3.073980569839477,False,False,False,False,False,False
apo2mol,HIV_RT,22,1.8995015920056544,3.37326542851246,1.9011882543563845,3.379810094833374,3.055562157269878,3.073980569839477,False,False,False,False,False,False
apo2mol,HIV_RT,23,1.832678951800768,3.1844666548029625,1.823630928993225,3.193001747131348,3.055562157269878,3.073980569839477,False,False,False,False,False,False
apo2mol,HIV_RT,24,1.904103086275532,2.947190778737449,1.9008420705795288,2.9548146724700928,3.055562157269878,3.073980569839477,False,False,False,False,False,False
apo2mol,HIV_RT,25,1.8754816945845325,3.1200227564574,1.8820581436157229,3.125715494155884,3.055562157269878,3.073980569839477,False,False,False,False,False,False
apo2mol,HIV_RT,26,1.744541806932356,3.106602709356783,1.756974697113037,3.101870059967041,3.055562157269878,3.073980569839477,False,False,False,False,False,False
apo2mol,HIV_RT,27,1.9200330411272508,3.130958389810276,1.9165531396865845,3.140933036804199,3.055562157269878,3.073980569839477,False,False,False,False,False,False
apo2mol,HIV_RT,28,2.108127006372752,3.2277771890239704,2.1134774684906006,3.245944023132324,3.055562157269878,3.073980569839477,False,False,False,False,False,False
apo2mol,HIV_RT,29,1.8565233729852189,2.8010475313856964,1.875550627708435,2.8231990337371826,3.055562157269878,3.073980569839477,False,False,False,False,False,False
apo2mol,Menin,0,2.0459410406101437,2.152738396879984,2.045941114425659,2.152738332748413,1.2468617606125678,1.246861696243286,False,False,False,False,False,False
apo2mol,Menin,1,1.3616774840208277,1.8271392404139235,1.3616774082183838,1.8271392583847048,1.2468617606125678,1.246861696243286,False,False,False,False,False,False
apo2mol,Menin,2,1.2535746991803345,1.608701674272605,1.2535747289657593,1.6087017059326172,1.2468617606125678,1.246861696243286,False,False,False,False,False,False
apo2mol,Menin,3,1.651408886883281,2.0195009947689497,1.6514087915420532,2.019500970840454,1.2468617606125678,1.246861696243286,False,False,False,False,False,False
apo2mol,Menin,4,1.576799778555043,1.769844997804812,1.576799750328064,1.7698450088500977,1.2468617606125678,1.246861696243286,False,False,False,False,False,False
apo2mol,Menin,5,1.266881936514432,1.4983671552818627,1.2668819427490234,1.498367190361023,1.2468617606125678,1.246861696243286,False,False,False,False,False,False
apo2mol,Menin,6,1.3535597826700911,1.3982844040192628,1.3535598516464231,1.3982843160629272,1.2468617606125678,1.246861696243286,False,False,False,False,False,False
apo2mol,Menin,7,1.4523985690896029,1.8529631369031352,1.452398657798767,1.852963089942932,1.2468617606125678,1.246861696243286,False,False,False,False,False,False
apo2mol,Menin,8,1.7202675269641248,1.8919272146633752,1.7202675342559814,1.8919272422790527,1.2468617606125678,1.246861696243286,False,False,False,False,False,False
apo2mol,Menin,9,2.032728601095511,2.1950455289209985,2.032728672027588,2.1950457096099854,1.2468617606125678,1.246861696243286,False,False,False,False,False,False
apo2mol,Menin,10,1.2167212535137293,1.4181384810056803,1.2167212963104248,1.4181385040283203,1.2468617606125678,1.246861696243286,False,False,False,False,False,False
apo2mol,Menin,11,1.9126476709709832,1.8788231381354392,1.9126477241516116,1.8788230419158936,1.2468617606125678,1.246861696243286,False,False,False,False,False,False
apo2mol,Menin,12,1.7359090646852526,1.8453627844851563,1.735909104347229,1.845362663269043,1.2468617606125678,1.246861696243286,False,False,False,False,False,False
apo2mol,Menin,13,1.772453877886221,1.8951034142978944,1.772453784942627,1.8951033353805544,1.2468617606125678,1.246861696243286,False,False,False,False,False,False
apo2mol,Menin,14,2.2273286418669773,2.305307542342186,2.2273285388946533,2.305307626724243,1.2468617606125678,1.246861696243286,False,False,False,False,False,False
apo2mol,Menin,15,1.512494490910496,1.584387110677025,1.5124945640563965,1.5843870639801023,1.2468617606125678,1.246861696243286,False,False,False,False,False,False
apo2mol,Menin,16,2.366684168663975,2.4820521823078683,2.3666841983795166,2.482052087783813,1.2468617606125678,1.246861696243286,False,False,False,False,False,False
apo2mol,Menin,17,1.3812366739107291,1.863959859600147,1.3812366724014282,1.8639599084854128,1.2468617606125678,1.246861696243286,False,False,False,False,False,False
apo2mol,Menin,18,1.9069613115627555,2.0418456229790896,1.906961441040039,2.0418455600738525,1.2468617606125678,1.246861696243286,False,False,False,False,False,False
apo2mol,Menin,19,2.0659645343997224,2.036855169415812,2.065964460372925,2.0368552207946777,1.2468617606125678,1.246861696243286,False,False,False,False,False,False
apo2mol,Menin,20,1.2006170062293555,1.5846274868438488,1.2006170749664309,1.5846275091171265,1.2468617606125678,1.246861696243286,False,False,False,False,False,False
apo2mol,Menin,21,1.7203308154195107,2.237402071175726,1.7203309535980225,2.2374022006988525,1.2468617606125678,1.246861696243286,False,False,False,False,False,False
apo2mol,Menin,22,1.2523083518137796,1.383267982924562,1.252308368682861,1.3832679986953735,1.2468617606125678,1.246861696243286,False,False,False,False,False,False
apo2mol,Menin,23,1.9292945488351907,1.8982584048592157,1.9292945861816408,1.8982585668563845,1.2468617606125678,1.246861696243286,False,False,False,False,False,False
apo2mol,Menin,24,1.4672598608836074,1.7782078107314634,1.4672598838806152,1.778207778930664,1.2468617606125678,1.246861696243286,False,False,False,False,False,False
apo2mol,Menin,25,1.456590355649921,1.8991213482096891,1.4565902948379517,1.8991212844848635,1.2468617606125678,1.246861696243286,False,False,False,False,False,False
apo2mol,Menin,26,2.377064480898412,2.423743516507949,2.3770644664764404,2.423743486404419,1.2468617606125678,1.246861696243286,False,False,False,False,False,False
apo2mol,Menin,27,1.5854876816519865,1.825703234140818,1.5854878425598145,1.825703263282776,1.2468617606125678,1.246861696243286,False,False,False,False,False,False
apo2mol,Menin,28,0.8848945713619402,1.3112845469561278,0.884894609451294,1.3112845420837402,1.2468617606125678,1.246861696243286,False,False,False,False,False,False
apo2mol,Menin,29,2.06907554311987,2.295952192998862,2.069075584411621,2.295952081680298,1.2468617606125678,1.246861696243286,False,False,False,False,False,False
apo2mol,THSR,0,1.697911544391226,1.885672120053082,1.6979116201400757,1.8406825065612795,1.616455574028625,1.562853455543518,False,False,False,False,False,False
apo2mol,THSR,1,1.2831710908499512,1.9875921475635956,1.2831711769104004,1.94356107711792,1.616455574028625,1.562853455543518,False,False,False,False,False,False
apo2mol,THSR,2,1.897560540987376,2.531736959221198,1.8975605964660645,2.5034773349761963,1.616455574028625,1.562853455543518,False,False,False,False,False,False
apo2mol,THSR,3,1.568850463805251,2.3036978920036386,1.5688505172729492,2.2749006748199463,1.616455574028625,1.562853455543518,False,False,False,False,False,False
apo2mol,THSR,4,1.6466395221503587,2.6770737088458687,1.6466395854949951,2.6548612117767334,1.616455574028625,1.562853455543518,False,False,False,False,False,False
apo2mol,THSR,5,1.9556083596302287,2.9342787708424667,1.9556083679199217,2.907994508743286,1.616455574028625,1.562853455543518,False,False,False,False,False,False
apo2mol,THSR,6,1.7165071877246842,2.3944115203706557,1.716507077217102,2.359239339828491,1.616455574028625,1.562853455543518,False,False,False,False,False,False
apo2mol,THSR,7,1.3495172189368216,2.0839613941021824,1.3495172262191772,2.0501222610473637,1.616455574028625,1.562853455543518,False,False,False,False,False,False
apo2mol,THSR,8,1.6718534243791476,2.308588898747289,1.6718533039093018,2.274725914001465,1.616455574028625,1.562853455543518,False,False,False,False,False,False
apo2mol,THSR,9,1.533214117867714,2.172453417138324,1.533214092254639,2.144316911697388,1.616455574028625,1.562853455543518,False,False,False,False,False,False
apo2mol,THSR,10,1.3975167165855025,1.8741755572183167,1.3975167274475098,1.8330703973770144,1.616455574028625,1.562853455543518,False,False,False,False,False,False
apo2mol,THSR,11,1.6211154713558658,1.8802075963506928,1.6211154460906982,1.8398354053497317,1.616455574028625,1.562853455543518,False,False,False,False,False,False
apo2mol,THSR,12,2.282108219815555,2.5542111774947336,2.2821083068847656,2.519270658493042,1.616455574028625,1.562853455543518,False,False,False,False,False,False
apo2mol,THSR,13,1.9223729503030145,2.7388349598568564,1.9223729372024536,2.707308292388916,1.616455574028625,1.562853455543518,False,False,False,False,False,False
apo2mol,THSR,14,1.2590455458690275,2.040899676625027,1.2590454816818235,2.0160610675811768,1.616455574028625,1.562853455543518,False,False,False,False,False,False
apo2mol,THSR,15,1.538377587843089,2.0485820301240407,1.5383775234222412,2.006883144378662,1.616455574028625,1.562853455543518,False,False,False,False,False,False
apo2mol,THSR,16,1.8344391264513007,2.639389714546901,1.834439039230347,2.618467092514038,1.616455574028625,1.562853455543518,False,False,False,False,False,False
apo2mol,THSR,17,1.361257956225744,1.6977982118940245,1.361258029937744,1.6671375036239624,1.616455574028625,1.562853455543518,False,False,False,False,False,False
apo2mol,THSR,18,1.6216784549669894,1.874276447071621,1.621678590774536,1.8280366659164429,1.616455574028625,1.562853455543518,False,False,False,False,False,False
apo2mol,THSR,19,1.1163428254527457,1.4916075328236185,1.1163427829742432,1.4431533813476562,1.616455574028625,1.562853455543518,False,False,False,False,False,False
apo2mol,THSR,20,0.9347364988603044,1.9631344950920169,0.9347364902496338,1.917134165763855,1.616455574028625,1.562853455543518,False,False,False,False,False,False
apo2mol,THSR,21,1.617413464743514,2.2584090830211454,1.6174135208129885,2.2240965366363525,1.616455574028625,1.562853455543518,False,False,False,False,False,False
apo2mol,THSR,22,2.803730229882874,2.7787269747462,2.8037302494049072,2.7552027702331543,1.616455574028625,1.562853455543518,False,False,False,False,False,False
apo2mol,THSR,23,2.061207604246086,1.8933798057636104,2.061207771301269,1.873161554336548,1.616455574028625,1.562853455543518,False,False,False,False,False,False
apo2mol,THSR,24,1.005175798157456,2.0421094030106914,1.0051757097244265,2.004036426544189,1.616455574028625,1.562853455543518,False,False,False,False,False,False
apo2mol,THSR,25,1.347165230132014,1.7788222461344256,1.3471651077270508,1.7397093772888184,1.616455574028625,1.562853455543518,False,False,False,False,False,False
apo2mol,THSR,26,1.4138474901475662,2.390760292302383,1.41384756565094,2.3608715534210205,1.616455574028625,1.562853455543518,False,False,False,False,False,False
apo2mol,THSR,27,1.4111855776001416,1.7255716460403387,1.411185622215271,1.685773849487305,1.616455574028625,1.562853455543518,False,False,False,False,False,False
apo2mol,THSR,28,1.3620498038753948,2.1675679816971014,1.3620498180389404,2.1455652713775635,1.616455574028625,1.562853455543518,False,False,False,False,False,False
apo2mol,THSR,29,1.5437395375098302,2.2394269384780983,1.5437395572662354,2.2037692070007324,1.616455574028625,1.562853455543518,False,False,False,False,False,False
apo2mol,p53_Y220C__4AGQ,0,0.5784411946477747,1.3087994574457418,0.5784411430358887,1.3087995052337646,1.1180275303614244,1.1180275678634644,False,False,False,False,False,False
apo2mol,p53_Y220C__4AGQ,1,1.760259256341557,2.1108616025772684,1.7602592706680298,2.1108617782592773,1.1180275303614244,1.1180275678634644,False,False,False,False,False,False
apo2mol,p53_Y220C__4AGQ,2,2.282556924624921,2.5162467560514736,2.2825570106506348,2.516246795654297,1.1180275303614244,1.1180275678634644,False,False,False,False,False,False
apo2mol,p53_Y220C__4AGQ,3,1.3650000936606956,1.8875244370018147,1.3650000095367432,1.887524366378784,1.1180275303614244,1.1180275678634644,False,False,False,False,False,False
apo2mol,p53_Y220C__4AGQ,4,1.1040350809032409,1.5512121918889072,1.1040350198745728,1.551212191581726,1.1180275303614244,1.1180275678634644,False,False,False,False,False,False
apo2mol,p53_Y220C__4AGQ,5,1.4176965277297626,1.898465918272749,1.417696475982666,1.8984659910202024,1.1180275303614244,1.1180275678634644,False,False,False,False,False,False
apo2mol,p53_Y220C__4AGQ,6,0.8235056484166675,1.3521195641030537,0.8235056400299072,1.3521195650100708,1.1180275303614244,1.1180275678634644,False,False,False,False,False,False
apo2mol,p53_Y220C__4AGQ,7,1.1918680836986044,1.7083180301703014,1.1918680667877195,1.7083179950714111,1.1180275303614244,1.1180275678634644,False,False,False,False,False,False
apo2mol,p53_Y220C__4AGQ,8,0.6606667254794673,1.4331915125172,0.6606667041778564,1.4331915378570557,1.1180275303614244,1.1180275678634644,False,False,False,False,False,False
apo2mol,p53_Y220C__4AGQ,9,1.3228783846888448,1.707544993334582,1.322878360748291,1.707545042037964,1.1180275303614244,1.1180275678634644,False,False,False,False,False,False
apo2mol,p53_Y220C__4AGQ,10,1.5531087227034457,2.0486066808439705,1.553108811378479,2.048606634140014,1.1180275303614244,1.1180275678634644,False,False,False,False,False,False
apo2mol,p53_Y220C__4AGQ,11,0.8492825084489649,1.4251079126479598,0.8492825031280518,1.4251079559326172,1.1180275303614244,1.1180275678634644,False,False,False,False,False,False
apo2mol,p53_Y220C__4AGQ,12,0.8638720275599407,1.3782523691666524,0.8638720512390137,1.3782522678375244,1.1180275303614244,1.1180275678634644,False,False,False,False,False,False
apo2mol,p53_Y220C__4AGQ,13,1.1349651460475538,1.585033011176503,1.1349650621414185,1.585032939910889,1.1180275303614244,1.1180275678634644,False,False,False,False,False,False
apo2mol,p53_Y220C__4AGQ,14,1.0693413522163953,1.4913484758147144,1.0693413019180298,1.491348385810852,1.1180275303614244,1.1180275678634644,False,False,False,False,False,False
apo2mol,p53_Y220C__4AGQ,15,1.46977193696273,1.984481619855197,1.4697718620300293,1.9844815731048584,1.1180275303614244,1.1180275678634644,False,False,False,False,False,False
apo2mol,p53_Y220C__4AGQ,16,1.96040030314742,2.26042894866935,1.960400342941284,2.2604289054870605,1.1180275303614244,1.1180275678634644,False,False,False,False,False,False
apo2mol,p53_Y220C__4AGQ,17,0.7604031446515009,1.42087480228563,0.7604031562805176,1.420874834060669,1.1180275303614244,1.1180275678634644,False,False,False,False,False,False
apo2mol,p53_Y220C__4AGQ,18,1.1725007048879847,1.7536756877965636,1.1725006103515625,1.7536755800247192,1.1180275303614244,1.1180275678634644,False,False,False,False,False,False
apo2mol,p53_Y220C__4AGQ,19,1.116094429869008,1.6576283932164078,1.1160944700241089,1.6576284170150757,1.1180275303614244,1.1180275678634644,False,False,False,False,False,False
apo2mol,p53_Y220C__4AGQ,20,1.7408047650033585,2.250756514994002,1.7408047914505005,2.2507565021514893,1.1180275303614244,1.1180275678634644,False,False,False,False,False,False
apo2mol,p53_Y220C__4AGQ,21,1.1301552260082437,1.5956814386421971,1.1301552057266235,1.5956814289093018,1.1180275303614244,1.1180275678634644,False,False,False,False,False,False
apo2mol,p53_Y220C__4AGQ,22,3.080276014314019,3.3375773886764897,3.0802760124206543,3.3375773429870605,1.1180275303614244,1.1180275678634644,False,False,False,False,False,False
apo2mol,p53_Y220C__4AGQ,23,2.153486736108089,2.5194013627580523,2.153486728668213,2.5194015502929688,1.1180275303614244,1.1180275678634644,False,False,False,False,False,False
apo2mol,p53_Y220C__4AGQ,24,1.0058562258857604,1.4560951080369733,1.005856156349182,1.4560950994491575,1.1180275303614244,1.1180275678634644,False,False,False,False,False,False
apo2mol,p53_Y220C__4AGQ,25,1.9274682719750704,2.326765912739899,1.9274682998657229,2.326765775680542,1.1180275303614244,1.1180275678634644,False,False,False,False,False,False
apo2mol,p53_Y220C__4AGQ,26,2.075257253539869,2.489118272294906,2.0752573013305664,2.4891183376312256,1.1180275303614244,1.1180275678634644,False,False,False,False,False,False
apo2mol,p53_Y220C__4AGQ,27,1.8218719519786208,2.2243558193015724,1.8218719959259035,2.224355936050415,1.1180275303614244,1.1180275678634644,False,False,False,False,False,False
apo2mol,p53_Y220C__4AGQ,28,1.5437064699176992,1.964524143165093,1.5437065362930298,1.9645241498947144,1.1180275303614244,1.1180275678634644,False,False,False,False,False,False
apo2mol,p53_Y220C__4AGQ,29,1.961407799901019,2.2364860264747706,1.9614077806472776,2.236485958099365,1.1180275303614244,1.1180275678634644,False,False,False,False,False,False
apo2mol,THSR__7UTZ,0,1.3547727094629562,2.167775343701462,1.354772686958313,2.1677753925323486,2.4345552542057787,2.4345552921295166,False,False,False,False,False,False
apo2mol,THSR__7UTZ,1,0.9803536443415364,2.149397502345706,0.9803536534309388,2.149397611618042,2.4345552542057787,2.4345552921295166,False,False,False,False,False,False
apo2mol,THSR__7UTZ,2,1.976707384005277,2.983366236242532,1.976707339286804,2.9833662509918213,2.4345552542057787,2.4345552921295166,False,False,False,False,False,False
apo2mol,THSR__7UTZ,3,0.901633165226629,2.204679638468547,0.9016332030296326,2.204679489135742,2.4345552542057787,2.4345552921295166,False,False,False,False,False,False
apo2mol,THSR__7UTZ,4,1.506322215506695,2.370684029644414,1.506322145462036,2.3706841468811035,2.4345552542057787,2.4345552921295166,False,False,False,False,False,False
apo2mol,THSR__7UTZ,5,1.8994501091723603,2.9347402430276244,1.8994501829147337,2.9347403049468994,2.4345552542057787,2.4345552921295166,False,False,False,False,False,False
apo2mol,THSR__7UTZ,6,2.106363447999001,2.549050807618097,2.106363534927368,2.549050807952881,2.4345552542057787,2.4345552921295166,False,False,False,False,False,False
apo2mol,THSR__7UTZ,7,2.224894295707261,2.5075993991744383,2.2248942852020264,2.502703189849853,2.4345552542057787,2.4345552921295166,False,False,False,False,False,False
apo2mol,THSR__7UTZ,8,2.715196746852368,2.5424095056595544,2.7151968479156494,2.542409658432007,2.4345552542057787,2.4345552921295166,False,False,False,False,False,False
apo2mol,THSR__7UTZ,9,1.013979160808932,2.636269876007618,1.013979196548462,2.636270046234131,2.4345552542057787,2.4345552921295166,False,False,False,False,False,False
apo2mol,THSR__7UTZ,10,2.3750073813686874,3.903267315418872,2.375007390975952,3.90326738357544,2.4345552542057787,2.4345552921295166,False,False,False,False,False,False
apo2mol,THSR__7UTZ,11,1.2498028319194534,3.041246096675223,1.249802827835083,3.041246175765991,2.4345552542057787,2.4345552921295166,False,False,False,False,False,False
apo2mol,THSR__7UTZ,12,2.023053183220323,2.3790026497540446,2.0230531692504883,2.379002571105957,2.4345552542057787,2.4345552921295166,False,False,False,False,False,False
apo2mol,THSR__7UTZ,13,0.9716754007766438,2.0485871052965097,0.9716753959655762,2.0485873222351074,2.4345552542057787,2.4345552921295166,False,False,False,False,False,False
apo2mol,THSR__7UTZ,14,1.8399185731436751,2.3530697296591434,1.839918613433838,2.35306978225708,2.4345552542057787,2.4345552921295166,False,False,False,False,False,False
apo2mol,THSR__7UTZ,15,1.8182356769379804,2.860964826960169,1.818235754966736,2.860964775085449,2.4345552542057787,2.4345552921295166,False,False,False,False,False,False
apo2mol,THSR__7UTZ,16,1.6922015349446489,2.477253372797257,1.6922014951705933,2.477253198623657,2.4345552542057787,2.4345552921295166,False,False,False,False,False,False
apo2mol,THSR__7UTZ,17,1.9466325880007644,2.438760652964242,1.9466326236724851,2.438760757446289,2.4345552542057787,2.4345552921295166,False,False,False,False,False,False
apo2mol,THSR__7UTZ,18,1.7745345361060727,2.595010452534813,1.7745344638824463,2.595010280609131,2.4345552542057787,2.4345552921295166,False,False,False,False,False,False
apo2mol,THSR__7UTZ,19,2.0384383244651305,3.424558216133355,2.038438320159912,3.424558162689209,2.4345552542057787,2.4345552921295166,False,False,False,False,False,False
apo2mol,THSR__7UTZ,20,0.976437334005393,2.356548403877626,0.9764373302459716,2.356548309326172,2.4345552542057787,2.4345552921295166,False,False,False,False,False,False
apo2mol,THSR__7UTZ,21,0.912784901421506,2.250078187469108,0.9127849340438844,2.2500782012939453,2.4345552542057787,2.4345552921295166,False,False,False,False,False,False
apo2mol,THSR__7UTZ,22,1.7950056884590482,2.6487769790180637,1.7950056791305542,2.6487770080566406,2.4345552542057787,2.4345552921295166,False,False,False,False,False,False
apo2mol,THSR__7UTZ,23,1.5851938498857905,2.417808613689603,1.585193753242493,2.410699844360352,2.4345552542057787,2.4345552921295166,False,False,False,False,False,False
apo2mol,THSR__7UTZ,24,1.0034655378309574,2.359826051152758,1.0034655332565308,2.35982608795166,2.4345552542057787,2.4345552921295166,False,False,False,False,False,False
apo2mol,THSR__7UTZ,25,1.9247274079031929,2.289399547074991,1.924727439880371,2.279004573822021,2.4345552542057787,2.4345552921295166,False,False,False,False,False,False
apo2mol,THSR__7UTZ,26,1.0748920798761548,2.099212968093832,1.0748921632766724,2.099213123321533,2.4345552542057787,2.4345552921295166,False,False,False,False,False,False
apo2mol,THSR__7UTZ,27,1.0553749121487657,2.169065798503956,1.0553748607635498,2.1690657138824463,2.4345552542057787,2.4345552921295166,False,False,False,False,False,False
apo2mol,THSR__7UTZ,28,1.1267590452385865,2.4768719489560134,1.126759052276611,2.476871967315674,2.4345552542057787,2.4345552921295166,False,False,False,False,False,False
apo2mol,THSR__7UTZ,29,1.3429888488646098,2.3484098896169585,1.3429888486862185,2.34840989112854,2.4345552542057787,2.4345552921295166,False,False,False,False,False,False
apo2mol,HIV1_CA,0,1.1807598211557695,1.85506297532148,1.1807597875595093,1.885858416557312,1.3207135415934947,1.3453065156936646,False,False,False,False,False,False
apo2mol,HIV1_CA,1,1.2362847128891927,1.6339109580137614,1.2362847328186035,1.6501606702804563,1.3207135415934947,1.3453065156936646,False,False,False,False,False,False
apo2mol,HIV1_CA,2,1.3702757624214743,1.7629895491573673,1.3702757358551023,1.7794976234436035,1.3207135415934947,1.3453065156936646,False,False,False,False,False,False
apo2mol,HIV1_CA,3,0.8900996512203069,1.590787640183978,0.8900996446609497,1.6189918518066406,1.3207135415934947,1.3453065156936646,False,False,False,False,False,False
apo2mol,HIV1_CA,4,2.326725242427561,2.710425405173029,2.3267252445220947,2.7182371616363525,1.3207135415934947,1.3453065156936646,False,False,False,False,False,False
apo2mol,HIV1_CA,5,0.6537821350239158,1.3372078668633585,0.6537821292877197,1.367366075515747,1.3207135415934947,1.3453065156936646,False,False,False,False,False,False
apo2mol,HIV1_CA,6,0.7780347869680018,1.43844252936941,0.7780348062515259,1.4757755994796753,1.3207135415934947,1.3453065156936646,False,False,False,False,False,False
apo2mol,HIV1_CA,7,0.9433923421135996,1.4763947783518458,0.9433923959732056,1.5090495347976685,1.3207135415934947,1.3453065156936646,False,False,False,False,False,False
apo2mol,HIV1_CA,8,2.144441764491663,2.7780044802239066,2.144441843032837,2.783883571624756,1.3207135415934947,1.3453065156936646,False,False,False,False,False,False
apo2mol,HIV1_CA,9,2.1795814941102902,2.352980143093502,2.1795814037323,2.362743854522705,1.3207135415934947,1.3453065156936646,False,False,False,False,False,False
apo2mol,HIV1_CA,10,0.820456678849423,1.5955930869299677,0.8204567432403564,1.6230268478393557,1.3207135415934947,1.3453065156936646,False,False,False,False,False,False
apo2mol,HIV1_CA,11,0.9453737853810488,1.6579356063242874,0.945373833179474,1.686010479927063,1.3207135415934947,1.3453065156936646,False,False,False,False,False,False
apo2mol,HIV1_CA,12,0.9874883862978098,1.625247414819158,0.987488329410553,1.6555639505386353,1.3207135415934947,1.3453065156936646,False,False,False,False,False,False
apo2mol,HIV1_CA,13,1.444090290342885,1.620470695820983,1.4440902471542358,1.6339625120162964,1.3207135415934947,1.3453065156936646,False,False,False,False,False,False
apo2mol,HIV1_CA,14,0.8470871397284109,1.3573524365857623,0.8470870852470398,1.382832169532776,1.3207135415934947,1.3453065156936646,False,False,False,False,False,False
apo2mol,HIV1_CA,15,1.1985886168085096,1.8120716217216903,1.1985886096954346,1.8265039920806885,1.3207135415934947,1.3453065156936646,False,False,False,False,False,False
apo2mol,HIV1_CA,16,1.70057644638716,2.5666281676604625,1.7005764245986938,2.582973957061768,1.3207135415934947,1.3453065156936646,False,False,False,False,False,False
apo2mol,HIV1_CA,17,1.642474977266231,2.227522460542643,1.6424750089645386,2.2426905632019043,1.3207135415934947,1.3453065156936646,False,False,False,False,False,False
apo2mol,HIV1_CA,18,1.4485176357801717,1.5707628607014237,1.448517680168152,1.5707628726959229,1.3207135415934947,1.3453065156936646,False,False,False,False,False,False
apo2mol,HIV1_CA,19,1.178892090621597,1.6644119269931388,1.1788920164108276,1.6830538511276243,1.3207135415934947,1.3453065156936646,False,False,False,False,False,False
apo2mol,HIV1_CA,20,1.4116788084310417,2.009565024770044,1.4116787910461426,2.0198659896850586,1.3207135415934947,1.3453065156936646,False,False,False,False,False,False
apo2mol,HIV1_CA,21,1.177710352073265,1.547837562644802,1.1777102947235107,1.5697203874588013,1.3207135415934947,1.3453065156936646,False,False,False,False,False,False
apo2mol,HIV1_CA,22,1.0477319249943131,1.6971119414922418,1.047731876373291,1.7181899547576904,1.3207135415934947,1.3453065156936646,False,False,False,False,False,False
apo2mol,HIV1_CA,23,0.7909697928841155,1.4745541324330906,0.7909697890281677,1.4969464540481567,1.3207135415934947,1.3453065156936646,False,False,False,False,False,False
apo2mol,HIV1_CA,24,1.6308540308617945,1.8062157556909495,1.6308540105819702,1.8201303482055664,1.3207135415934947,1.3453065156936646,False,False,False,False,False,False
apo2mol,HIV1_CA,25,1.0083397562962615,1.8164876283853817,1.0083396434783936,1.8422656059265137,1.3207135415934947,1.3453065156936646,False,False,False,False,False,False
apo2mol,HIV1_CA,26,1.1618566699557469,1.7089949466438896,1.1618566513061523,1.728149175643921,1.3207135415934947,1.3453065156936646,False,False,False,False,False,False
apo2mol,HIV1_CA,27,1.1876784073510485,1.942187391973172,1.1876784563064575,1.9664762020111084,1.3207135415934947,1.3453065156936646,False,False,False,False,False,False
apo2mol,HIV1_CA,28,1.513196487429269,1.8644397190131607,1.5131964683532717,1.8805480003356931,1.3207135415934947,1.3453065156936646,False,False,False,False,False,False
apo2mol,HIV1_CA,29,0.9162816915427792,1.577680938656149,0.9162817001342772,1.60658597946167,1.3207135415934947,1.3453065156936646,False,False,False,False,False,False
apo2mol,HIF2alpha__6D0B,0,0.8818919445253534,1.9284327001310504,0.8818919062614441,1.9951928853988647,1.6729991744940291,1.7488830089569092,False,False,False,False,False,False
apo2mol,HIF2alpha__6D0B,1,1.3318159973064674,2.1495836799796657,1.3318159580230713,2.21985125541687,1.6729991744940291,1.7488830089569092,False,False,False,False,False,False
apo2mol,HIF2alpha__6D0B,2,0.8645031805861294,2.039364882578268,0.8645031452178955,2.103849172592163,1.6729991744940291,1.7488830089569092,False,False,False,False,False,False
apo2mol,HIF2alpha__6D0B,3,1.089790254259631,2.0510420164749106,1.0897902250289917,2.112302780151367,1.6729991744940291,1.7488830089569092,False,False,False,False,False,False
apo2mol,HIF2alpha__6D0B,4,0.7523347464971358,1.99970349368068,0.752334713935852,2.070728302001953,1.6729991744940291,1.7488830089569092,False,False,False,False,False,False
apo2mol,HIF2alpha__6D0B,5,1.2301127980856956,2.0181328565004506,1.230112910270691,2.0868349075317383,1.6729991744940291,1.7488830089569092,False,False,False,False,False,False
apo2mol,HIF2alpha__6D0B,6,1.207649152856156,1.8019502757362116,1.2076492309570312,1.8708442449569704,1.6729991744940291,1.7488830089569092,False,False,False,False,False,False
apo2mol,HIF2alpha__6D0B,7,0.8290428235851124,2.0151213002454806,0.8290428519248962,2.0724611282348637,1.6729991744940291,1.7488830089569092,False,False,False,False,False,False
apo2mol,HIF2alpha__6D0B,8,1.506026432171682,2.330459538316607,1.5060265064239502,2.400842428207397,1.6729991744940291,1.7488830089569092,False,False,False,False,False,False
apo2mol,HIF2alpha__6D0B,9,1.2137585896433094,2.155209802648042,1.2137585878372192,2.212318420410156,1.6729991744940291,1.7488830089569092,False,False,False,False,False,False
apo2mol,HIF2alpha__6D0B,10,0.8143930412325164,1.543606577194158,0.8143930435180664,1.6153342723846436,1.6729991744940291,1.7488830089569092,False,False,False,False,False,False
apo2mol,HIF2alpha__6D0B,11,1.4095104195274668,2.040309424209031,1.409510374069214,2.0810351371765137,1.6729991744940291,1.7488830089569092,False,False,False,False,False,False
apo2mol,HIF2alpha__6D0B,12,0.9340857245420836,1.9857938550411056,0.934085726737976,2.038404941558838,1.6729991744940291,1.7488830089569092,False,False,False,False,False,False
apo2mol,HIF2alpha__6D0B,13,0.7372530893685815,1.8323447317959265,0.7372530698776245,1.9048434495925903,1.6729991744940291,1.7488830089569092,False,False,False,False,False,False
apo2mol,HIF2alpha__6D0B,14,1.4714574203209163,2.0849835651294137,1.4714573621749878,2.1459665298461914,1.6729991744940291,1.7488830089569092,False,False,False,False,False,False
apo2mol,HIF2alpha__6D0B,15,1.0687363166548298,1.850213569479358,1.0687363147735596,1.922991394996643,1.6729991744940291,1.7488830089569092,False,False,False,False,False,False
apo2mol,HIF2alpha__6D0B,16,1.5150050069316294,1.7528664162857983,1.5150049924850464,1.822270393371582,1.6729991744940291,1.7488830089569092,False,False,False,False,False,False
apo2mol,HIF2alpha__6D0B,17,1.1326482735500747,1.8848418134281155,1.132648229598999,1.9608746767044067,1.6729991744940291,1.7488830089569092,False,False,False,False,False,False
apo2mol,HIF2alpha__6D0B,18,0.6942388553413997,1.6282507120195877,0.6942388415336609,1.7151161432266235,1.6729991744940291,1.7488830089569092,False,False,False,False,False,False
apo2mol,HIF2alpha__6D0B,19,1.5775185291534095,1.97016225623383,1.5775185823440552,2.026397943496704,1.6729991744940291,1.7488830089569092,False,False,False,False,False,False
apo2mol,HIF2alpha__6D0B,20,0.985627035482418,1.977148640086303,0.985627055168152,2.0308773517608643,1.6729991744940291,1.7488830089569092,False,False,False,False,False,False
apo2mol,HIF2alpha__6D0B,21,1.491953440917899,1.6726894161403625,1.4919533729553225,1.7605060338974,1.6729991744940291,1.7488830089569092,False,False,False,False,False,False
apo2mol,HIF2alpha__6D0B,22,1.8388353843911904,2.188236287705932,1.83883535861969,2.2434122562408447,1.6729991744940291,1.7488830089569092,False,False,False,False,False,False
apo2mol,HIF2alpha__6D0B,23,1.1164173431042734,1.755474511170647,1.1164172887802124,1.8508446216583248,1.6729991744940291,1.7488830089569092,False,False,False,False,False,False
apo2mol,HIF2alpha__6D0B,24,1.5298273582353774,1.7349376801926462,1.529827356338501,1.770487666130066,1.6729991744940291,1.7488830089569092,False,False,False,False,False,False
apo2mol,HIF2alpha__6D0B,25,0.9908165750380128,1.8939560402803317,0.990816593170166,1.9631109237670896,1.6729991744940291,1.7488830089569092,False,False,False,False,False,False
apo2mol,HIF2alpha__6D0B,26,1.0955698174017612,1.9797056836078717,1.0955698490142822,2.04239559173584,1.6729991744940291,1.7488830089569092,False,False,False,False,False,False
apo2mol,HIF2alpha__6D0B,27,0.6804353618270916,1.7876316197514828,0.6804353594779968,1.8582946062088013,1.6729991744940291,1.7488830089569092,False,False,False,False,False,False
apo2mol,HIF2alpha__6D0B,28,0.7515437909997985,1.582787297897862,0.7515438199043274,1.6666985750198364,1.6729991744940291,1.7488830089569092,False,False,False,False,False,False
apo2mol,HIF2alpha__6D0B,29,1.0677167682074875,2.117869949104381,1.0677167177200315,2.1626415252685547,1.6729991744940291,1.7488830089569092,False,False,False,False,False,False
apo2mol,HIV_RT__3V81,0,2.388222153574458,3.4418676107543487,2.406874656677246,3.4488112926483154,3.0896312117090363,3.0896313190460205,False,False,False,False,False,False
apo2mol,HIV_RT__3V81,1,2.219367045274033,3.137411786771376,2.233020544052124,3.1513102054595947,3.0896312117090363,3.0896313190460205,False,False,False,False,False,False
apo2mol,HIV_RT__3V81,2,1.829710074696986,3.480214094930798,1.8297101259231567,3.4793295860290527,3.0896312117090363,3.0896313190460205,False,False,False,False,False,False
apo2mol,HIV_RT__3V81,3,2.206827407805485,3.877880243336271,2.206827402114868,3.8749167919158936,3.0896312117090363,3.0896313190460205,False,False,False,False,False,False
apo2mol,HIV_RT__3V81,4,2.1469308157107947,3.003622445320497,2.169405221939087,3.0109200477600098,3.0896312117090363,3.0896313190460205,False,False,False,False,False,False
apo2mol,HIV_RT__3V81,5,2.579565377362808,3.241683108484279,2.5765457153320312,3.249212741851806,3.0896312117090363,3.0896313190460205,False,False,False,False,False,False
apo2mol,HIV_RT__3V81,6,2.085064458550182,3.573375976830432,2.08506441116333,3.573375701904297,3.0896312117090363,3.0896313190460205,False,False,False,False,False,False
apo2mol,HIV_RT__3V81,7,2.3259151134466878,3.402528126297764,2.3346915245056152,3.3913965225219727,3.0896312117090363,3.0896313190460205,False,False,False,False,False,False
apo2mol,HIV_RT__3V81,8,2.475875091169036,3.390006774685026,2.4657716751098637,3.394188165664673,3.0896312117090363,3.0896313190460205,False,False,False,False,False,False
apo2mol,HIV_RT__3V81,9,2.6188148100611044,3.261663583200331,2.62534499168396,3.250460624694824,3.0896312117090363,3.0896313190460205,False,False,False,False,False,False
apo2mol,HIV_RT__3V81,10,3.2777433631511554,3.459876817607905,3.277743339538574,3.459876537322998,3.0896312117090363,3.0896313190460205,False,False,False,False,False,False
apo2mol,HIV_RT__3V81,11,1.9088292148947748,3.333221933904656,1.9216175079345703,3.348828077316284,3.0896312117090363,3.0896313190460205,False,False,False,False,False,False
apo2mol,HIV_RT__3V81,12,1.86082906487506,3.229112332825196,1.8571553230285645,3.227808713912964,3.0896312117090363,3.0896313190460205,False,False,False,False,False,False
apo2mol,HIV_RT__3V81,13,1.93286820347744,3.181421827425176,1.9384269714355469,3.1761794090271,3.0896312117090363,3.0896313190460205,False,False,False,False,False,False
apo2mol,HIV_RT__3V81,14,2.5783027432889054,3.1740984418816707,2.5807926654815674,3.162317276000977,3.0896312117090363,3.0896313190460205,False,False,False,False,False,False
apo2mol,HIV_RT__3V81,15,1.9930803230995853,2.9001200895973023,2.010535955429077,2.911128282546997,3.0896312117090363,3.0896313190460205,False,False,False,False,False,False
apo2mol,HIV_RT__3V81,16,1.925275274085606,3.045309790557446,1.9234144687652588,3.0453097820281982,3.0896312117090363,3.0896313190460205,False,False,False,False,False,False
apo2mol,HIV_RT__3V81,17,2.3902247729604893,3.486227789485316,2.394714832305908,3.478212356567383,3.0896312117090363,3.0896313190460205,False,False,False,False,False,False
apo2mol,HIV_RT__3V81,18,1.9773098352691127,3.1325428511486204,1.9776690006256104,3.129769086837769,3.0896312117090363,3.0896313190460205,False,False,False,False,False,False
apo2mol,HIV_RT__3V81,19,3.4850494401585776,3.602574162168984,3.4850494861602783,3.602574110031128,3.0896312117090363,3.0896313190460205,False,False,False,False,False,False
apo2mol,HIV_RT__3V81,20,1.572025975211919,3.094770252940113,1.5720258951187134,3.0947704315185547,3.0896312117090363,3.0896313190460205,False,False,False,False,False,False
apo2mol,HIV_RT__3V81,21,1.2858175456256786,3.179569611608509,1.2858175039291382,3.1785597801208496,3.0896312117090363,3.0896313190460205,False,False,False,False,False,False
apo2mol,HIV_RT__3V81,22,1.9059965833231365,3.193777472463986,1.9058029651641848,3.190217971801758,3.0896312117090363,3.0896313190460205,False,False,False,False,False,False
apo2mol,HIV_RT__3V81,23,1.8812464301580625,3.306003429666573,1.879738569259644,3.3016579151153564,3.0896312117090363,3.0896313190460205,False,False,False,False,False,False
apo2mol,HIV_RT__3V81,24,2.2586911146884243,3.21512036526768,2.2827308177948,3.2109978199005127,3.0896312117090363,3.0896313190460205,False,False,False,False,False,False
apo2mol,HIV_RT__3V81,25,2.0421418650714376,2.891779739374237,2.030078172683716,2.8977177143096924,3.0896312117090363,3.0896313190460205,False,False,False,False,False,False
apo2mol,HIV_RT__3V81,26,1.8678758584992872,3.1252132008864004,1.8678758144378664,3.125213146209717,3.0896312117090363,3.0896313190460205,False,False,False,False,False,False
apo2mol,HIV_RT__3V81,27,2.109905063058777,3.2029038657234854,2.1209161281585693,3.2164905071258545,3.0896312117090363,3.0896313190460205,False,False,False,False,False,False
apo2mol,HIV_RT__3V81,28,1.8947508577496104,2.9776593128740787,1.8993738889694212,2.9718918800354004,3.0896312117090363,3.0896313190460205,False,False,False,False,False,False
apo2mol,HIV_RT__3V81,29,2.3546387902469346,3.6221669895677584,2.3593521118164062,3.613942861557007,3.0896312117090363,3.0896313190460205,False,False,False,False,False,False
