method,target,sample_idx,n_align_apo,n_align_holo,n_evaluable,preserved_apo_percent,preserved_holo_percent,preserved_both_percent,preserved_either_percent,n_stable,coverage_percent,status
boltz2,CB1,0,28,28,20,85.0,80.0,80.0,85.0,20,100.0,ok
boltz2,HIF2alpha__6D0B,0,25,25,24,0.0,4.166666666666667,0.0,4.166666666666667,24,100.0,ok
boltz2,GCGR,0,25,25,8,100.0,100.0,100.0,100.0,8,100.0,ok
molgen_ns1.0,SHP2,0,19,19,17,52.94117647058823,52.94117647058823,41.1764705882353,64.70588235294117,17,100.0,ok
molgen_ns1.0,betaLG,0,16,16,15,60.0,66.66666666666667,60.0,66.66666666666667,15,100.0,ok
bioemu_refine,Menin,0,14,14,14,71.42857142857143,71.42857142857143,64.28571428571429,78.57142857142857,14,100.0,ok
esmfold2,p53_Y220C__4AGQ,0,17,17,16,100.0,100.0,100.0,100.0,16,100.0,ok
bioemu_refine,KRAS,0,21,21,15,73.33333333333333,73.33333333333333,73.33333333333333,73.33333333333333,15,100.0,ok
bioemu_refine,HIV_RT,0,19,19,11,90.9090909090909,90.9090909090909,90.9090909090909,90.9090909090909,11,100.0,ok
molgen_ns1.0,Menin,0,14,14,14,57.142857142857146,57.142857142857146,57.142857142857146,57.142857142857146,14,100.0,ok
boltz2,SHP2,0,19,19,17,82.3529411764706,70.58823529411765,70.58823529411765,82.3529411764706,17,100.0,ok
confornet_nomsa,GLTP,0,8,8,6,0.0,0.0,0.0,0.0,6,100.0,ok
confornet_nomsa,p53_Y220C__4AGQ,0,17,17,16,93.75,93.75,93.75,93.75,16,100.0,ok
confornet_nomsa,THSR__7UTZ,0,24,24,23,69.56521739130434,65.21739130434783,65.21739130434783,69.56521739130434,23,100.0,ok
confornet_nomsa,cAbl,0,23,23,16,100.0,93.75,93.75,100.0,16,100.0,ok
molgen_ns1.0,GLTP,0,8,8,6,83.33333333333333,83.33333333333333,83.33333333333333,83.33333333333333,6,100.0,ok
boltz2,KRAS,0,21,21,15,80.0,66.66666666666667,66.66666666666667,80.0,15,100.0,ok
molgen_ns1.0,CB1,0,28,28,20,75.0,75.0,75.0,75.0,20,100.0,ok
molgen_ns1.0,cAbl,0,23,23,16,81.25,75.0,68.75,87.5,16,100.0,ok
boltz2,FUT8,0,22,22,20,95.0,90.0,90.0,95.0,20,100.0,ok
confornet_nomsa,CB1,0,28,28,20,0.0,0.0,0.0,0.0,20,100.0,ok
confornet_nomsa,betaLG,0,16,16,15,0.0,0.0,0.0,0.0,15,100.0,ok
rfd3_fix7,CB1,0,28,28,20,95.0,90.0,90.0,95.0,20,100.0,ok
confornet_nomsa,METTL14,0,22,22,18,0.0,0.0,0.0,0.0,18,100.0,ok
esmfold2,NDPK-A,0,17,17,15,100.0,100.0,100.0,100.0,15,100.0,ok
esmfold2,HIF2alpha__6D0B,0,25,25,24,95.83333333333333,100.0,95.83333333333333,100.0,24,100.0,ok
molgen_ns1.0,p53_Y220C,0,19,19,18,55.55555555555556,55.55555555555556,55.55555555555556,55.55555555555556,18,100.0,ok
boltz2,p53_Y220C__4AGQ,0,17,17,16,100.0,100.0,100.0,100.0,16,100.0,ok
boltz2,Bcl-xL,0,21,22,17,35.294117647058826,29.41176470588235,29.41176470588235,35.294117647058826,17,100.0,ok
esmfold2,betaLG,0,16,16,15,100.0,100.0,100.0,100.0,15,100.0,ok
rfd3_fix7,Menin,0,14,14,14,78.57142857142857,78.57142857142857,78.57142857142857,78.57142857142857,14,100.0,ok
bioemu_refine,betaLG,0,16,16,15,73.33333333333333,73.33333333333333,73.33333333333333,73.33333333333333,15,100.0,ok
confornet_nomsa,HIV1_CA,0,16,16,14,92.85714285714286,92.85714285714286,92.85714285714286,92.85714285714286,14,100.0,ok
esmfold2,GLTP,0,8,8,6,100.0,100.0,100.0,100.0,6,100.0,ok
rfd3_fix7,cAbl,0,23,23,16,93.75,93.75,87.5,100.0,16,100.0,ok
rfd3_fix7,THSR,0,26,26,25,76.0,76.0,76.0,76.0,25,100.0,ok
bioemu_refine,HIF2alpha__6D0B,0,25,25,24,79.16666666666667,83.33333333333333,79.16666666666667,83.33333333333333,24,100.0,ok
esmfold2,HIV1_CA,0,16,16,14,85.71428571428571,92.85714285714286,85.71428571428571,92.85714285714286,14,100.0,ok
molgen_ns1.0,HIF2alpha__6D0B,0,25,25,24,79.16666666666667,75.0,75.0,79.16666666666667,24,100.0,ok
molgen_ns1.0,HIV1_CA,0,16,16,14,42.857142857142854,35.714285714285715,35.714285714285715,42.857142857142854,14,100.0,ok
esmfold2,HIV_RT,0,19,19,11,0.0,0.0,0.0,0.0,11,100.0,ok
confornet_nomsa,HIF2alpha__6D0B,0,25,25,24,95.83333333333333,100.0,95.83333333333333,100.0,24,100.0,ok
molgen_ns1.0,HIV_RT,0,19,19,11,81.81818181818181,54.54545454545455,54.54545454545455,81.81818181818181,11,100.0,ok
esmfold2,HIF2alpha,0,21,21,20,100.0,100.0,100.0,100.0,20,100.0,ok
rfd3_fix7,GCGR,0,25,25,8,87.5,87.5,87.5,87.5,8,100.0,ok
esmfold2,THSR__7UTZ,0,24,24,23,86.95652173913044,86.95652173913044,86.95652173913044,86.95652173913044,23,100.0,ok
confornet_nomsa,THSR,0,26,26,25,68.0,64.0,60.0,72.0,25,100.0,ok
confornet_nomsa,FUT8,0,22,22,20,0.0,0.0,0.0,0.0,20,100.0,ok
bioemu_refine,HIV_RT__3V81,0,17,17,11,100.0,81.81818181818181,81.81818181818181,100.0,11,100.0,ok
rfd3_fix7,betaLG,0,16,16,15,100.0,100.0,100.0,100.0,15,100.0,ok
bioemu_refine,THSR__7UTZ,0,24,24,23,65.21739130434783,60.869565217391305,60.869565217391305,65.21739130434783,23,100.0,ok
rfd3_fix7,SHP2,0,19,19,17,94.11764705882354,100.0,94.11764705882354,100.0,17,100.0,ok
rfd3_fix7,NDPK-A,0,17,17,15,100.0,80.0,80.0,100.0,15,100.0,ok
molgen_ns1.0,KRAS,0,21,21,15,60.0,60.0,53.333333333333336,66.66666666666667,15,100.0,ok
boltz2,betaLG,0,16,16,15,100.0,86.66666666666667,86.66666666666667,100.0,15,100.0,ok
molgen_ns1.0,HIV_RT__3V81,0,17,17,11,72.72727272727273,100.0,72.72727272727273,100.0,11,100.0,ok
esmfold2,CB1,0,28,28,20,75.0,60.0,60.0,75.0,20,100.0,ok
molgen_ns1.0,THSR,0,26,26,25,84.0,88.0,84.0,88.0,25,100.0,ok
rfd3_fix7,HIV_RT,0,19,19,11,100.0,100.0,100.0,100.0,11,100.0,ok
rfd3_fix7,HIV_RT__3V81,0,17,17,11,100.0,100.0,100.0,100.0,11,100.0,ok
rfd3_fix7,HIV1_CA,0,16,16,14,85.71428571428571,85.71428571428571,85.71428571428571,85.71428571428571,14,100.0,ok
rfd3_fix7,HIF2alpha,0,21,21,20,95.0,95.0,95.0,95.0,20,100.0,ok
confornet_nomsa,HIV_RT,0,19,19,11,0.0,0.0,0.0,0.0,11,100.0,ok
esmfold2,THSR,0,26,26,25,96.0,96.0,96.0,96.0,25,100.0,ok
boltz2,Menin,0,14,14,14,100.0,100.0,100.0,100.0,14,100.0,ok
molgen_ns1.0,FUT8,0,22,22,20,65.0,55.0,55.0,65.0,20,100.0,ok
boltz2,THSR,0,26,26,25,20.0,20.0,16.0,24.0,25,100.0,ok
molgen_ns1.0,GCGR,0,25,25,8,62.5,62.5,62.5,62.5,8,100.0,ok
esmfold2,Menin,0,14,14,14,100.0,100.0,100.0,100.0,14,100.0,ok
bioemu_refine,METTL14,0,22,22,18,61.111111111111114,83.33333333333333,61.111111111111114,83.33333333333333,18,100.0,ok
bioemu_refine,NDPK-A,0,17,17,15,6.666666666666667,6.666666666666667,6.666666666666667,6.666666666666667,15,100.0,ok
bioemu_refine,cAbl,0,23,23,16,68.75,81.25,68.75,81.25,16,100.0,ok
rfd3_fix7,p53_Y220C,0,19,19,18,100.0,100.0,100.0,100.0,18,100.0,ok
molgen_ns1.0,THSR__7UTZ,0,24,24,23,91.30434782608695,86.95652173913044,86.95652173913044,91.30434782608695,23,100.0,ok
boltz2,GLTP,0,8,8,6,83.33333333333333,83.33333333333333,66.66666666666667,100.0,6,100.0,ok
molgen_ns1.0,HIF2alpha,0,21,21,20,70.0,75.0,70.0,75.0,20,100.0,ok
esmfold2,HIV_RT__3V81,0,17,17,11,100.0,100.0,100.0,100.0,11,100.0,ok
esmfold2,KRAS,0,21,21,15,80.0,80.0,73.33333333333333,86.66666666666667,15,100.0,ok
bioemu_refine,HIV1_CA,0,16,16,14,85.71428571428571,85.71428571428571,85.71428571428571,85.71428571428571,14,100.0,ok
boltz2,cAbl,0,23,23,16,100.0,93.75,93.75,100.0,16,100.0,ok
boltz2,p53_Y220C,0,19,19,18,100.0,100.0,100.0,100.0,18,100.0,ok
rfd3_fix7,p53_Y220C__4AGQ,0,17,17,16,100.0,100.0,100.0,100.0,16,100.0,ok
confornet_nomsa,HIV_RT__3V81,0,17,17,11,90.9090909090909,90.9090909090909,90.9090909090909,90.9090909090909,11,100.0,ok
confornet_nomsa,KRAS,0,21,21,15,80.0,73.33333333333333,73.33333333333333,80.0,15,100.0,ok
bioemu_refine,SHP2,0,19,19,17,0.0,0.0,0.0,0.0,17,100.0,ok
confornet_nomsa,Menin,0,14,14,14,92.85714285714286,92.85714285714286,85.71428571428571,100.0,14,100.0,ok
esmfold2,FUT8,0,22,22,20,100.0,100.0,100.0,100.0,20,100.0,ok
boltz2,THSR__7UTZ,0,24,24,23,17.391304347826086,17.391304347826086,17.391304347826086,17.391304347826086,23,100.0,ok
molgen_ns1.0,p53_Y220C__4AGQ,0,17,17,16,68.75,68.75,68.75,68.75,16,100.0,ok
molgen_ns1.0,Bcl-xL,0,21,21,17,70.58823529411765,52.94117647058823,52.94117647058823,70.58823529411765,17,100.0,ok
bioemu_refine,HIF2alpha,0,21,21,20,60.0,60.0,60.0,60.0,20,100.0,ok
esmfold2,METTL14,0,22,22,18,100.0,100.0,100.0,100.0,18,100.0,ok
rfd3_fix7,HIF2alpha__6D0B,0,25,25,24,95.83333333333333,95.83333333333333,95.83333333333333,95.83333333333333,24,100.0,ok
bioemu_refine,p53_Y220C,0,19,19,18,77.77777777777777,77.77777777777777,72.22222222222223,83.33333333333333,18,100.0,ok
confornet_nomsa,HIF2alpha,0,21,21,20,85.0,80.0,80.0,85.0,20,100.0,ok
esmfold2,GCGR,0,25,25,8,87.5,87.5,75.0,100.0,8,100.0,ok
esmfold2,SHP2,0,19,19,17,94.11764705882354,100.0,94.11764705882354,100.0,17,100.0,ok
rfd3_fix7,Bcl-xL,0,21,21,17,100.0,100.0,100.0,100.0,17,100.0,ok
bioemu_refine,THSR,0,26,26,25,92.0,92.0,92.0,92.0,25,100.0,ok
esmfold2,cAbl,0,23,23,16,93.75,100.0,93.75,100.0,16,100.0,ok
esmfold2,p53_Y220C,0,19,19,18,100.0,100.0,100.0,100.0,18,100.0,ok
esmfold2,Bcl-xL,0,21,22,17,94.11764705882354,100.0,94.11764705882354,100.0,17,100.0,ok
rfd3_fix7,GLTP,0,8,8,6,100.0,100.0,100.0,100.0,6,100.0,ok
rfd3_fix7,FUT8,0,22,22,20,100.0,100.0,100.0,100.0,20,100.0,ok
boltz2,HIV_RT,0,19,19,11,0.0,0.0,0.0,0.0,11,100.0,ok
boltz2,HIV_RT__3V81,0,17,17,11,36.36363636363637,18.181818181818183,18.181818181818183,36.36363636363637,11,100.0,ok
bioemu_refine,CB1,0,28,28,20,85.0,80.0,80.0,85.0,20,100.0,ok
bioemu_refine,GCGR,0,25,25,8,87.5,87.5,75.0,100.0,8,100.0,ok
boltz2,METTL14,0,22,22,18,16.666666666666668,22.22222222222222,16.666666666666668,22.22222222222222,18,100.0,ok
boltz2,NDPK-A,0,17,17,15,0.0,0.0,0.0,0.0,15,100.0,ok
confornet_nomsa,GCGR,0,25,25,8,62.5,75.0,62.5,75.0,8,100.0,ok
boltz2,HIF2alpha,0,21,21,20,0.0,0.0,0.0,0.0,20,100.0,ok
molgen_ns1.0,METTL14,0,22,22,18,66.66666666666667,66.66666666666667,55.55555555555556,77.77777777777777,18,100.0,ok
rfd3_fix7,METTL14,0,22,22,18,94.44444444444444,94.44444444444444,94.44444444444444,94.44444444444444,18,100.0,ok
confornet_nomsa,NDPK-A,0,17,17,15,0.0,0.0,0.0,0.0,15,100.0,ok
confornet_nomsa,SHP2,0,19,19,17,0.0,0.0,0.0,0.0,17,100.0,ok
bioemu_refine,Bcl-xL,0,21,22,17,17.647058823529413,29.41176470588235,17.647058823529413,29.41176470588235,17,100.0,ok
bioemu_refine,FUT8,0,22,22,20,95.0,95.0,95.0,95.0,20,100.0,ok
confornet_nomsa,Bcl-xL,0,21,21,17,0.0,0.0,0.0,0.0,17,100.0,ok
bioemu_refine,GLTP,0,8,8,6,100.0,100.0,100.0,100.0,6,100.0,ok
confornet_nomsa,p53_Y220C,0,19,19,18,100.0,94.44444444444444,94.44444444444444,100.0,18,100.0,ok
rfd3_fix7,THSR__7UTZ,0,24,24,23,95.65217391304348,95.65217391304348,95.65217391304348,95.65217391304348,23,100.0,ok
bioemu_refine,p53_Y220C__4AGQ,0,17,17,16,75.0,81.25,75.0,81.25,16,100.0,ok
rfd3_fix7,KRAS,0,21,21,15,80.0,80.0,80.0,80.0,15,100.0,ok
boltz2,HIV1_CA,0,16,16,14,7.142857142857143,7.142857142857143,7.142857142857143,7.142857142857143,14,100.0,ok
rfd3_fix7,KRAS,1,21,21,15,93.33333333333333,86.66666666666667,86.66666666666667,93.33333333333333,15,100.0,ok
molgen_ns1.0,NDPK-A,1,17,17,15,60.0,60.0,53.333333333333336,66.66666666666667,15,100.0,ok
boltz2,HIV1_CA,1,16,16,14,85.71428571428571,92.85714285714286,85.71428571428571,92.85714285714286,14,100.0,ok
confornet_nomsa,SHP2,1,19,19,17,0.0,0.0,0.0,0.0,17,100.0,ok
rfd3_fix7,THSR__7UTZ,1,24,24,23,95.65217391304348,91.30434782608695,91.30434782608695,95.65217391304348,23,100.0,ok
molgen_ns1.0,METTL14,1,22,22,18,77.77777777777777,77.77777777777777,77.77777777777777,77.77777777777777,18,100.0,ok
rfd3_fix7,METTL14,1,22,22,18,94.44444444444444,94.44444444444444,88.88888888888889,100.0,18,100.0,ok
esmfold2,Bcl-xL,1,21,22,17,94.11764705882354,100.0,94.11764705882354,100.0,17,100.0,ok
confornet_nomsa,NDPK-A,1,17,17,15,0.0,0.0,0.0,0.0,15,100.0,ok
boltz2,HIF2alpha,1,21,21,20,0.0,0.0,0.0,0.0,20,100.0,ok
molgen_ns1.0,GLTP,1,8,8,6,66.66666666666667,50.0,50.0,66.66666666666667,6,100.0,ok
boltz2,METTL14,1,22,22,18,0.0,0.0,0.0,0.0,18,100.0,ok
boltz2,NDPK-A,1,17,17,15,0.0,0.0,0.0,0.0,15,100.0,ok
confornet_nomsa,GCGR,1,25,25,8,75.0,87.5,75.0,87.5,8,100.0,ok
rfd3_fix7,HIF2alpha,1,21,21,20,100.0,100.0,100.0,100.0,20,100.0,ok
esmfold2,betaLG,1,16,16,15,100.0,100.0,100.0,100.0,15,100.0,ok
rfd3_fix7,GLTP,1,8,8,6,100.0,100.0,100.0,100.0,6,100.0,ok
rfd3_fix7,FUT8,1,22,22,20,95.0,90.0,90.0,95.0,20,100.0,ok
boltz2,HIV_RT,1,19,19,11,0.0,0.0,0.0,0.0,11,100.0,ok
esmfold2,cAbl,1,23,23,16,100.0,100.0,100.0,100.0,16,100.0,ok
esmfold2,p53_Y220C,1,19,19,18,100.0,100.0,100.0,100.0,18,100.0,ok
esmfold2,GCGR,1,25,25,8,87.5,87.5,75.0,100.0,8,100.0,ok
esmfold2,SHP2,1,19,19,17,100.0,100.0,100.0,100.0,17,100.0,ok
rfd3_fix7,Bcl-xL,1,21,21,17,100.0,100.0,100.0,100.0,17,100.0,ok
rfd3_fix7,HIF2alpha__6D0B,1,25,25,24,100.0,100.0,100.0,100.0,24,100.0,ok
confornet_nomsa,HIF2alpha,1,21,21,20,90.0,80.0,80.0,90.0,20,100.0,ok
molgen_ns1.0,p53_Y220C__4AGQ,1,17,17,16,50.0,56.25,50.0,56.25,16,100.0,ok
esmfold2,METTL14,1,22,22,18,100.0,100.0,100.0,100.0,18,100.0,ok
confornet_nomsa,Menin,1,14,14,14,71.42857142857143,85.71428571428571,71.42857142857143,85.71428571428571,14,100.0,ok
esmfold2,FUT8,1,22,22,20,100.0,100.0,100.0,100.0,20,100.0,ok
boltz2,THSR__7UTZ,1,24,24,23,4.3478260869565215,4.3478260869565215,4.3478260869565215,4.3478260869565215,23,100.0,ok
boltz2,p53_Y220C,1,19,19,18,100.0,100.0,100.0,100.0,18,100.0,ok
rfd3_fix7,p53_Y220C__4AGQ,1,17,17,16,100.0,100.0,100.0,100.0,16,100.0,ok
esmfold2,HIV_RT,1,19,19,11,0.0,0.0,0.0,0.0,11,100.0,ok
confornet_nomsa,HIV_RT__3V81,1,17,17,11,81.81818181818181,72.72727272727273,72.72727272727273,81.81818181818181,11,100.0,ok
confornet_nomsa,KRAS,1,21,21,15,80.0,73.33333333333333,73.33333333333333,80.0,15,100.0,ok
boltz2,cAbl,1,23,23,16,100.0,100.0,100.0,100.0,16,100.0,ok
boltz2,GLTP,1,8,8,6,33.333333333333336,66.66666666666667,33.333333333333336,66.66666666666667,6,100.0,ok
molgen_ns1.0,HIF2alpha,1,21,21,20,80.0,75.0,75.0,80.0,20,100.0,ok
esmfold2,HIV_RT__3V81,1,17,17,11,90.9090909090909,90.9090909090909,81.81818181818181,100.0,11,100.0,ok
rfd3_fix7,p53_Y220C,1,19,19,18,100.0,100.0,100.0,100.0,18,100.0,ok
molgen_ns1.0,THSR__7UTZ,1,24,24,23,91.30434782608695,95.65217391304348,91.30434782608695,95.65217391304348,23,100.0,ok
boltz2,THSR,1,26,26,25,12.0,12.0,8.0,16.0,25,100.0,ok
esmfold2,KRAS,1,21,21,15,80.0,73.33333333333333,73.33333333333333,80.0,15,100.0,ok
molgen_ns1.0,GCGR,1,25,25,8,37.5,25.0,0.0,62.5,8,100.0,ok
esmfold2,Menin,1,14,14,14,100.0,100.0,100.0,100.0,14,100.0,ok
boltz2,Menin,1,14,14,14,100.0,100.0,100.0,100.0,14,100.0,ok
molgen_ns1.0,Bcl-xL,1,21,21,17,70.58823529411765,64.70588235294117,64.70588235294117,70.58823529411765,17,100.0,ok
confornet_nomsa,HIV_RT,1,19,19,11,9.090909090909092,0.0,0.0,9.090909090909092,11,100.0,ok
esmfold2,THSR,1,26,26,25,84.0,84.0,80.0,88.0,25,100.0,ok
rfd3_fix7,HIV_RT,1,19,19,11,100.0,90.9090909090909,90.9090909090909,100.0,11,100.0,ok
rfd3_fix7,HIV_RT__3V81,1,17,17,11,100.0,100.0,100.0,100.0,11,100.0,ok
rfd3_fix7,HIV1_CA,1,16,16,14,85.71428571428571,85.71428571428571,85.71428571428571,85.71428571428571,14,100.0,ok
molgen_ns1.0,HIV_RT__3V81,1,17,17,11,63.63636363636363,54.54545454545455,45.45454545454545,72.72727272727273,11,100.0,ok
esmfold2,CB1,1,28,28,20,80.0,80.0,75.0,85.0,20,100.0,ok
molgen_ns1.0,THSR,1,26,26,25,72.0,68.0,64.0,76.0,25,100.0,ok
molgen_ns1.0,KRAS,1,21,21,15,80.0,73.33333333333333,73.33333333333333,80.0,15,100.0,ok
boltz2,betaLG,1,16,16,15,93.33333333333333,100.0,93.33333333333333,100.0,15,100.0,ok
molgen_ns1.0,HIV_RT,1,19,19,11,63.63636363636363,54.54545454545455,45.45454545454545,72.72727272727273,11,100.0,ok
rfd3_fix7,betaLG,1,16,16,15,93.33333333333333,100.0,93.33333333333333,100.0,15,100.0,ok
rfd3_fix7,SHP2,1,19,19,17,70.58823529411765,82.3529411764706,70.58823529411765,82.3529411764706,17,100.0,ok
rfd3_fix7,NDPK-A,1,17,17,15,93.33333333333333,80.0,80.0,93.33333333333333,15,100.0,ok
esmfold2,THSR__7UTZ,1,24,24,23,52.17391304347826,43.47826086956522,43.47826086956522,52.17391304347826,23,100.0,ok
confornet_nomsa,Bcl-xL,1,21,21,17,0.0,0.0,0.0,0.0,17,100.0,ok
confornet_nomsa,FUT8,1,22,22,20,0.0,0.0,0.0,0.0,20,100.0,ok
confornet_nomsa,HIF2alpha__6D0B,1,25,25,24,95.83333333333333,100.0,95.83333333333333,100.0,24,100.0,ok
molgen_ns1.0,HIV1_CA,1,16,16,14,50.0,42.857142857142854,42.857142857142854,50.0,14,100.0,ok
esmfold2,HIF2alpha,1,21,21,20,100.0,100.0,100.0,100.0,20,100.0,ok
esmfold2,HIV1_CA,1,16,16,14,92.85714285714286,100.0,92.85714285714286,100.0,14,100.0,ok
molgen_ns1.0,HIF2alpha__6D0B,1,25,25,24,58.333333333333336,58.333333333333336,54.166666666666664,62.5,24,100.0,ok
rfd3_fix7,THSR,1,26,26,25,84.0,84.0,84.0,84.0,25,100.0,ok
confornet_nomsa,HIV1_CA,1,16,16,14,92.85714285714286,92.85714285714286,92.85714285714286,92.85714285714286,14,100.0,ok
esmfold2,GLTP,1,8,8,6,100.0,100.0,100.0,100.0,6,100.0,ok
rfd3_fix7,cAbl,1,23,23,16,100.0,100.0,100.0,100.0,16,100.0,ok
molgen_ns1.0,p53_Y220C,1,19,19,18,55.55555555555556,50.0,50.0,55.55555555555556,18,100.0,ok
boltz2,p53_Y220C__4AGQ,1,17,17,16,100.0,100.0,100.0,100.0,16,100.0,ok
boltz2,Bcl-xL,1,21,22,17,29.41176470588235,23.529411764705884,23.529411764705884,29.41176470588235,17,100.0,ok
rfd3_fix7,Menin,1,14,14,14,92.85714285714286,85.71428571428571,85.71428571428571,92.85714285714286,14,100.0,ok
confornet_nomsa,METTL14,1,22,22,18,0.0,0.0,0.0,0.0,18,100.0,ok
esmfold2,NDPK-A,1,17,17,15,93.33333333333333,93.33333333333333,93.33333333333333,93.33333333333333,15,100.0,ok
esmfold2,HIF2alpha__6D0B,1,25,25,24,95.83333333333333,100.0,95.83333333333333,100.0,24,100.0,ok
confornet_nomsa,betaLG,1,16,16,15,0.0,0.0,0.0,0.0,15,100.0,ok
rfd3_fix7,CB1,1,28,28,20,95.0,95.0,95.0,95.0,20,100.0,ok
rfd3_fix7,GCGR,1,25,25,8,100.0,100.0,100.0,100.0,8,100.0,ok
molgen_ns1.0,cAbl,1,23,23,16,93.75,87.5,87.5,93.75,16,100.0,ok
boltz2,FUT8,1,22,22,20,95.0,95.0,95.0,95.0,20,100.0,ok
confornet_nomsa,CB1,1,28,28,20,10.0,15.0,10.0,15.0,20,100.0,ok
boltz2,KRAS,1,21,21,15,80.0,60.0,60.0,80.0,15,100.0,ok
molgen_ns1.0,CB1,1,28,28,20,80.0,75.0,75.0,80.0,20,100.0,ok
confornet_nomsa,THSR__7UTZ,1,24,24,23,65.21739130434783,60.869565217391305,60.869565217391305,65.21739130434783,23,100.0,ok
confornet_nomsa,cAbl,1,23,23,16,100.0,93.75,93.75,100.0,16,100.0,ok
molgen_ns1.0,FUT8,1,22,22,20,75.0,75.0,75.0,75.0,20,100.0,ok
confornet_nomsa,GLTP,1,8,8,6,0.0,0.0,0.0,0.0,6,100.0,ok
confornet_nomsa,p53_Y220C__4AGQ,1,17,17,16,93.75,93.75,93.75,93.75,16,100.0,ok
confornet_nomsa,THSR,1,26,26,25,64.0,68.0,64.0,68.0,25,100.0,ok
molgen_ns1.0,Menin,1,14,14,14,50.0,42.857142857142854,42.857142857142854,50.0,14,100.0,ok
boltz2,SHP2,1,19,19,17,82.3529411764706,76.47058823529412,64.70588235294117,94.11764705882354,17,100.0,ok
boltz2,HIV_RT__3V81,1,17,17,11,18.181818181818183,18.181818181818183,18.181818181818183,18.181818181818183,11,100.0,ok
confornet_nomsa,p53_Y220C,1,19,19,18,100.0,94.44444444444444,94.44444444444444,100.0,18,100.0,ok
esmfold2,p53_Y220C__4AGQ,1,17,17,16,100.0,100.0,100.0,100.0,16,100.0,ok
boltz2,GCGR,1,25,25,8,100.0,87.5,87.5,100.0,8,100.0,ok
molgen_ns1.0,betaLG,1,16,16,15,60.0,53.333333333333336,53.333333333333336,60.0,15,100.0,ok
molgen_ns1.0,SHP2,1,19,19,17,58.8235294117647,64.70588235294117,58.8235294117647,64.70588235294117,17,100.0,ok
boltz2,HIF2alpha__6D0B,1,25,25,24,0.0,0.0,0.0,0.0,24,100.0,ok
boltz2,CB1,1,28,28,20,75.0,65.0,65.0,75.0,20,100.0,ok
esmfold2,p53_Y220C__4AGQ,2,17,17,16,100.0,100.0,100.0,100.0,16,100.0,ok
boltz2,HIF2alpha__6D0B,2,25,25,24,0.0,0.0,0.0,0.0,24,100.0,ok
molgen_ns1.0,METTL14,2,22,22,18,66.66666666666667,66.66666666666667,61.111111111111114,72.22222222222223,18,100.0,ok
boltz2,HIV1_CA,2,16,16,14,85.71428571428571,85.71428571428571,85.71428571428571,85.71428571428571,14,100.0,ok
molgen_ns1.0,HIV_RT__3V81,2,17,17,11,72.72727272727273,63.63636363636363,63.63636363636363,72.72727272727273,11,100.0,ok
confornet_nomsa,GCGR,2,25,25,8,75.0,75.0,75.0,75.0,8,100.0,ok
rfd3_fix7,KRAS,2,21,21,15,93.33333333333333,86.66666666666667,86.66666666666667,93.33333333333333,15,100.0,ok
confornet_nomsa,SHP2,2,19,19,17,0.0,0.0,0.0,0.0,17,100.0,ok
confornet_nomsa,p53_Y220C__4AGQ,2,17,17,16,93.75,93.75,93.75,93.75,16,100.0,ok
esmfold2,Bcl-xL,2,21,22,17,100.0,94.11764705882354,94.11764705882354,100.0,17,100.0,ok
confornet_nomsa,NDPK-A,2,17,17,15,0.0,0.0,0.0,0.0,15,100.0,ok
boltz2,CB1,2,28,28,20,80.0,80.0,80.0,80.0,20,100.0,ok
molgen_ns1.0,GLTP,2,8,8,6,33.333333333333336,33.333333333333336,33.333333333333336,33.333333333333336,6,100.0,ok
boltz2,GCGR,2,25,25,8,100.0,100.0,100.0,100.0,8,100.0,ok
boltz2,p53_Y220C__4AGQ,2,17,17,16,100.0,100.0,100.0,100.0,16,100.0,ok
boltz2,Bcl-xL,2,21,22,17,88.23529411764706,94.11764705882354,88.23529411764706,94.11764705882354,17,100.0,ok
molgen_ns1.0,p53_Y220C,2,19,19,18,66.66666666666667,66.66666666666667,66.66666666666667,66.66666666666667,18,100.0,ok
boltz2,p53_Y220C,2,19,19,18,100.0,100.0,100.0,100.0,18,100.0,ok
confornet_nomsa,METTL14,2,22,22,18,0.0,0.0,0.0,0.0,18,100.0,ok
esmfold2,NDPK-A,2,17,17,15,100.0,100.0,100.0,100.0,15,100.0,ok
esmfold2,HIF2alpha__6D0B,2,25,25,24,95.83333333333333,100.0,95.83333333333333,100.0,24,100.0,ok
confornet_nomsa,betaLG,2,16,16,15,0.0,0.0,0.0,0.0,15,100.0,ok
rfd3_fix7,CB1,2,28,28,20,85.0,90.0,85.0,90.0,20,100.0,ok
confornet_nomsa,GLTP,2,8,8,6,0.0,0.0,0.0,0.0,6,100.0,ok
molgen_ns1.0,THSR,2,26,26,25,84.0,88.0,84.0,88.0,25,100.0,ok
rfd3_fix7,GCGR,2,25,25,8,100.0,100.0,100.0,100.0,8,100.0,ok
molgen_ns1.0,THSR__7UTZ,2,24,24,23,95.65217391304348,91.30434782608695,91.30434782608695,95.65217391304348,23,100.0,ok
molgen_ns1.0,cAbl,2,23,23,16,87.5,87.5,81.25,93.75,16,100.0,ok
boltz2,FUT8,2,22,22,20,95.0,95.0,95.0,95.0,20,100.0,ok
molgen_ns1.0,HIV1_CA,2,16,16,14,50.0,35.714285714285715,35.714285714285715,50.0,14,100.0,ok
esmfold2,HIF2alpha,2,21,21,20,100.0,100.0,100.0,100.0,20,100.0,ok
rfd3_fix7,Menin,2,14,14,14,100.0,100.0,100.0,100.0,14,100.0,ok
confornet_nomsa,HIF2alpha__6D0B,2,25,25,24,95.83333333333333,100.0,95.83333333333333,100.0,24,100.0,ok
confornet_nomsa,HIF2alpha,2,21,21,20,85.0,85.0,85.0,85.0,20,100.0,ok
confornet_nomsa,HIV1_CA,2,16,16,14,92.85714285714286,92.85714285714286,92.85714285714286,92.85714285714286,14,100.0,ok
molgen_ns1.0,HIF2alpha__6D0B,2,25,25,24,75.0,83.33333333333333,70.83333333333333,87.5,24,100.0,ok
esmfold2,HIV1_CA,2,16,16,14,85.71428571428571,92.85714285714286,85.71428571428571,92.85714285714286,14,100.0,ok
rfd3_fix7,cAbl,2,23,23,16,100.0,100.0,100.0,100.0,16,100.0,ok
rfd3_fix7,THSR__7UTZ,2,24,24,23,82.6086956521739,86.95652173913044,82.6086956521739,86.95652173913044,23,100.0,ok
rfd3_fix7,THSR,2,26,26,25,88.0,84.0,84.0,88.0,25,100.0,ok
esmfold2,GLTP,2,8,8,6,100.0,100.0,100.0,100.0,6,100.0,ok
rfd3_fix7,p53_Y220C__4AGQ,2,17,17,16,93.75,93.75,93.75,93.75,16,100.0,ok
esmfold2,HIV_RT,2,19,19,11,0.0,0.0,0.0,0.0,11,100.0,ok
confornet_nomsa,HIV_RT__3V81,2,17,17,11,100.0,81.81818181818181,81.81818181818181,100.0,11,100.0,ok
boltz2,cAbl,2,23,23,16,100.0,100.0,100.0,100.0,16,100.0,ok
molgen_ns1.0,HIF2alpha,2,21,21,20,65.0,60.0,60.0,65.0,20,100.0,ok
esmfold2,HIV_RT__3V81,2,17,17,11,90.9090909090909,90.9090909090909,81.81818181818181,100.0,11,100.0,ok
confornet_nomsa,CB1,2,28,28,20,0.0,0.0,0.0,0.0,20,100.0,ok
rfd3_fix7,Bcl-xL,2,21,21,17,100.0,100.0,100.0,100.0,17,100.0,ok
rfd3_fix7,p53_Y220C,2,19,19,18,100.0,94.44444444444444,94.44444444444444,100.0,18,100.0,ok
esmfold2,SHP2,2,19,19,17,100.0,100.0,100.0,100.0,17,100.0,ok
rfd3_fix7,FUT8,2,22,22,20,100.0,100.0,100.0,100.0,20,100.0,ok
esmfold2,GCGR,2,25,25,8,87.5,87.5,75.0,100.0,8,100.0,ok
esmfold2,METTL14,2,22,22,18,100.0,100.0,100.0,100.0,18,100.0,ok
rfd3_fix7,HIF2alpha__6D0B,2,25,25,24,100.0,100.0,100.0,100.0,24,100.0,ok
molgen_ns1.0,p53_Y220C__4AGQ,2,17,17,16,68.75,75.0,68.75,75.0,16,100.0,ok
boltz2,THSR__7UTZ,2,24,24,23,8.695652173913043,8.695652173913043,4.3478260869565215,13.043478260869565,23,100.0,ok
esmfold2,FUT8,2,22,22,20,100.0,100.0,100.0,100.0,20,100.0,ok
esmfold2,Menin,2,14,14,14,100.0,100.0,100.0,100.0,14,100.0,ok
confornet_nomsa,Menin,2,14,14,14,85.71428571428571,92.85714285714286,85.71428571428571,92.85714285714286,14,100.0,ok
boltz2,THSR,2,26,26,25,20.0,16.0,16.0,20.0,25,100.0,ok
esmfold2,KRAS,2,21,21,15,80.0,73.33333333333333,73.33333333333333,80.0,15,100.0,ok
molgen_ns1.0,GCGR,2,25,25,8,62.5,12.5,12.5,62.5,8,100.0,ok
boltz2,Menin,2,14,14,14,100.0,100.0,100.0,100.0,14,100.0,ok
confornet_nomsa,HIV_RT,2,19,19,11,0.0,0.0,0.0,0.0,11,100.0,ok
molgen_ns1.0,Bcl-xL,2,21,21,17,70.58823529411765,76.47058823529412,70.58823529411765,76.47058823529412,17,100.0,ok
confornet_nomsa,KRAS,2,21,21,15,80.0,73.33333333333333,73.33333333333333,80.0,15,100.0,ok
rfd3_fix7,HIV_RT,2,19,19,11,100.0,100.0,100.0,100.0,11,100.0,ok
rfd3_fix7,HIV_RT__3V81,2,17,17,11,100.0,90.9090909090909,90.9090909090909,100.0,11,100.0,ok
rfd3_fix7,HIV1_CA,2,16,16,14,78.57142857142857,85.71428571428571,78.57142857142857,85.71428571428571,14,100.0,ok
boltz2,GLTP,2,8,8,6,83.33333333333333,83.33333333333333,66.66666666666667,100.0,6,100.0,ok
molgen_ns1.0,Menin,2,14,14,14,64.28571428571429,71.42857142857143,64.28571428571429,71.42857142857143,14,100.0,ok
esmfold2,CB1,2,28,28,20,60.0,60.0,55.0,65.0,20,100.0,ok
boltz2,betaLG,2,16,16,15,100.0,93.33333333333333,93.33333333333333,100.0,15,100.0,ok
molgen_ns1.0,HIV_RT,2,19,19,11,54.54545454545455,36.36363636363637,36.36363636363637,54.54545454545455,11,100.0,ok
rfd3_fix7,NDPK-A,2,17,17,15,100.0,93.33333333333333,93.33333333333333,100.0,15,100.0,ok
rfd3_fix7,betaLG,2,16,16,15,100.0,100.0,100.0,100.0,15,100.0,ok
rfd3_fix7,SHP2,2,19,19,17,88.23529411764706,88.23529411764706,88.23529411764706,88.23529411764706,17,100.0,ok
confornet_nomsa,Bcl-xL,2,21,21,17,0.0,0.0,0.0,0.0,17,100.0,ok
confornet_nomsa,FUT8,2,22,22,20,0.0,0.0,0.0,0.0,20,100.0,ok
esmfold2,THSR,2,26,26,25,92.0,92.0,88.0,96.0,25,100.0,ok
molgen_ns1.0,CB1,2,28,28,20,85.0,80.0,80.0,85.0,20,100.0,ok
esmfold2,THSR__7UTZ,2,24,24,23,86.95652173913044,78.26086956521739,78.26086956521739,86.95652173913044,23,100.0,ok
boltz2,KRAS,2,21,21,15,80.0,60.0,60.0,80.0,15,100.0,ok
molgen_ns1.0,FUT8,2,22,22,20,85.0,75.0,75.0,85.0,20,100.0,ok
confornet_nomsa,THSR,2,26,26,25,80.0,88.0,80.0,88.0,25,100.0,ok
confornet_nomsa,THSR__7UTZ,2,24,24,23,56.52173913043478,60.869565217391305,56.52173913043478,60.869565217391305,23,100.0,ok
boltz2,HIV_RT__3V81,2,17,17,11,18.181818181818183,9.090909090909092,9.090909090909092,18.181818181818183,11,100.0,ok
boltz2,SHP2,2,19,19,17,88.23529411764706,82.3529411764706,82.3529411764706,88.23529411764706,17,100.0,ok
boltz2,METTL14,2,22,22,18,11.11111111111111,11.11111111111111,5.555555555555555,16.666666666666668,18,100.0,ok
boltz2,NDPK-A,2,17,17,15,0.0,0.0,0.0,0.0,15,100.0,ok
molgen_ns1.0,KRAS,2,21,21,15,73.33333333333333,73.33333333333333,66.66666666666667,80.0,15,100.0,ok
rfd3_fix7,HIF2alpha,2,21,21,20,95.0,95.0,95.0,95.0,20,100.0,ok
esmfold2,betaLG,2,16,16,15,100.0,100.0,100.0,100.0,15,100.0,ok
boltz2,HIV_RT,2,19,19,11,0.0,0.0,0.0,0.0,11,100.0,ok
rfd3_fix7,METTL14,2,22,22,18,100.0,94.44444444444444,94.44444444444444,100.0,18,100.0,ok
rfd3_fix7,GLTP,2,8,8,6,100.0,100.0,100.0,100.0,6,100.0,ok
esmfold2,cAbl,2,23,23,16,93.75,100.0,93.75,100.0,16,100.0,ok
esmfold2,p53_Y220C,2,19,19,18,100.0,100.0,100.0,100.0,18,100.0,ok
confornet_nomsa,p53_Y220C,2,19,19,18,100.0,94.44444444444444,94.44444444444444,100.0,18,100.0,ok
confornet_nomsa,cAbl,2,23,23,16,100.0,93.75,93.75,100.0,16,100.0,ok
molgen_ns1.0,SHP2,2,19,19,17,52.94117647058823,58.8235294117647,52.94117647058823,58.8235294117647,17,100.0,ok
boltz2,HIF2alpha,2,21,21,20,0.0,0.0,0.0,0.0,20,100.0,ok
molgen_ns1.0,NDPK-A,2,17,17,15,66.66666666666667,60.0,60.0,66.66666666666667,15,100.0,ok
molgen_ns1.0,betaLG,2,16,16,15,73.33333333333333,73.33333333333333,73.33333333333333,73.33333333333333,15,100.0,ok
boltz2,HIV_RT__3V81,3,17,17,11,36.36363636363637,18.181818181818183,18.181818181818183,36.36363636363637,11,100.0,ok
molgen_ns1.0,KRAS,3,21,21,15,86.66666666666667,86.66666666666667,86.66666666666667,86.66666666666667,15,100.0,ok
esmfold2,betaLG,3,16,16,15,100.0,100.0,100.0,100.0,15,100.0,ok
rfd3_fix7,HIV_RT__3V81,3,17,17,11,100.0,100.0,100.0,100.0,11,100.0,ok
rfd3_fix7,HIV1_CA,3,16,16,14,85.71428571428571,85.71428571428571,85.71428571428571,85.71428571428571,14,100.0,ok
rfd3_fix7,HIV_RT,3,19,19,11,100.0,100.0,100.0,100.0,11,100.0,ok
boltz2,METTL14,3,22,22,18,0.0,0.0,0.0,0.0,18,100.0,ok
confornet_nomsa,CB1,3,28,28,20,0.0,5.0,0.0,5.0,20,100.0,ok
molgen_ns1.0,THSR,3,26,26,25,84.0,76.0,76.0,84.0,25,100.0,ok
confornet_nomsa,THSR,3,26,26,25,80.0,80.0,76.0,84.0,25,100.0,ok
molgen_ns1.0,HIF2alpha,3,21,21,20,95.0,95.0,95.0,95.0,20,100.0,ok
boltz2,THSR,3,26,26,25,24.0,32.0,24.0,32.0,25,100.0,ok
boltz2,Menin,3,14,14,14,100.0,100.0,100.0,100.0,14,100.0,ok
esmfold2,KRAS,3,21,21,15,86.66666666666667,80.0,80.0,86.66666666666667,15,100.0,ok
rfd3_fix7,p53_Y220C,3,19,19,18,100.0,100.0,100.0,100.0,18,100.0,ok
boltz2,cAbl,3,23,23,16,100.0,100.0,100.0,100.0,16,100.0,ok
esmfold2,HIV_RT,3,19,19,11,0.0,0.0,0.0,0.0,11,100.0,ok
confornet_nomsa,HIV_RT__3V81,3,17,17,11,90.9090909090909,81.81818181818181,81.81818181818181,90.9090909090909,11,100.0,ok
confornet_nomsa,HIV_RT,3,19,19,11,0.0,0.0,0.0,0.0,11,100.0,ok
esmfold2,GLTP,3,8,8,6,100.0,100.0,100.0,100.0,6,100.0,ok
confornet_nomsa,HIV1_CA,3,16,16,14,92.85714285714286,92.85714285714286,92.85714285714286,92.85714285714286,14,100.0,ok
esmfold2,METTL14,3,22,22,18,100.0,100.0,100.0,100.0,18,100.0,ok
confornet_nomsa,THSR__7UTZ,3,24,24,23,65.21739130434783,60.869565217391305,60.869565217391305,65.21739130434783,23,100.0,ok
boltz2,KRAS,3,21,21,15,80.0,60.0,60.0,80.0,15,100.0,ok
esmfold2,cAbl,3,23,23,16,100.0,100.0,100.0,100.0,16,100.0,ok
confornet_nomsa,cAbl,3,23,23,16,100.0,93.75,93.75,100.0,16,100.0,ok
boltz2,betaLG,3,16,16,15,93.33333333333333,86.66666666666667,86.66666666666667,93.33333333333333,15,100.0,ok
molgen_ns1.0,HIV_RT,3,19,19,11,81.81818181818181,45.45454545454545,45.45454545454545,81.81818181818181,11,100.0,ok
esmfold2,CB1,3,28,28,20,65.0,60.0,55.0,70.0,20,100.0,ok
molgen_ns1.0,CB1,3,28,28,20,65.0,85.0,65.0,85.0,20,100.0,ok
rfd3_fix7,THSR__7UTZ,3,24,24,23,91.30434782608695,86.95652173913044,86.95652173913044,91.30434782608695,23,100.0,ok
rfd3_fix7,p53_Y220C__4AGQ,3,17,17,16,100.0,93.75,93.75,100.0,16,100.0,ok
rfd3_fix7,cAbl,3,23,23,16,93.75,100.0,93.75,100.0,16,100.0,ok
esmfold2,HIF2alpha__6D0B,3,25,25,24,95.83333333333333,100.0,95.83333333333333,100.0,24,100.0,ok
esmfold2,HIV1_CA,3,16,16,14,92.85714285714286,100.0,92.85714285714286,100.0,14,100.0,ok
confornet_nomsa,HIF2alpha__6D0B,3,25,25,24,95.83333333333333,100.0,95.83333333333333,100.0,24,100.0,ok
molgen_ns1.0,HIF2alpha__6D0B,3,25,25,24,66.66666666666667,70.83333333333333,66.66666666666667,70.83333333333333,24,100.0,ok
rfd3_fix7,HIF2alpha,3,21,21,20,100.0,100.0,100.0,100.0,20,100.0,ok
rfd3_fix7,HIF2alpha__6D0B,3,25,25,24,95.83333333333333,91.66666666666667,91.66666666666667,95.83333333333333,24,100.0,ok
esmfold2,HIV_RT__3V81,3,17,17,11,100.0,90.9090909090909,90.9090909090909,100.0,11,100.0,ok
confornet_nomsa,METTL14,3,22,22,18,5.555555555555555,5.555555555555555,5.555555555555555,5.555555555555555,18,100.0,ok
esmfold2,FUT8,3,22,22,20,100.0,100.0,100.0,100.0,20,100.0,ok
esmfold2,Menin,3,14,14,14,100.0,100.0,100.0,100.0,14,100.0,ok
molgen_ns1.0,GCGR,3,25,25,8,62.5,50.0,37.5,75.0,8,100.0,ok
boltz2,THSR__7UTZ,3,24,24,23,17.391304347826086,13.043478260869565,13.043478260869565,17.391304347826086,23,100.0,ok
molgen_ns1.0,p53_Y220C__4AGQ,3,17,17,16,43.75,43.75,37.5,50.0,16,100.0,ok
rfd3_fix7,CB1,3,28,28,20,90.0,90.0,85.0,95.0,20,100.0,ok
confornet_nomsa,GLTP,3,8,8,6,0.0,0.0,0.0,0.0,6,100.0,ok
rfd3_fix7,GCGR,3,25,25,8,100.0,100.0,100.0,100.0,8,100.0,ok
esmfold2,NDPK-A,3,17,17,15,100.0,100.0,100.0,100.0,15,100.0,ok
molgen_ns1.0,p53_Y220C,3,19,19,18,77.77777777777777,72.22222222222223,72.22222222222223,77.77777777777777,18,100.0,ok
esmfold2,THSR,3,26,26,25,84.0,80.0,80.0,84.0,25,100.0,ok
confornet_nomsa,Bcl-xL,3,21,21,17,0.0,0.0,0.0,0.0,17,100.0,ok
confornet_nomsa,FUT8,3,22,22,20,0.0,0.0,0.0,0.0,20,100.0,ok
esmfold2,THSR__7UTZ,3,24,24,23,73.91304347826087,69.56521739130434,65.21739130434783,78.26086956521739,23,100.0,ok
rfd3_fix7,SHP2,3,19,19,17,94.11764705882354,100.0,94.11764705882354,100.0,17,100.0,ok
rfd3_fix7,betaLG,3,16,16,15,100.0,100.0,100.0,100.0,15,100.0,ok
confornet_nomsa,p53_Y220C__4AGQ,3,17,17,16,93.75,93.75,93.75,93.75,16,100.0,ok
boltz2,HIV_RT,3,19,19,11,0.0,0.0,0.0,0.0,11,100.0,ok
esmfold2,GCGR,3,25,25,8,87.5,87.5,75.0,100.0,8,100.0,ok
esmfold2,SHP2,3,19,19,17,100.0,100.0,100.0,100.0,17,100.0,ok
boltz2,FUT8,3,22,22,20,95.0,95.0,95.0,95.0,20,100.0,ok
rfd3_fix7,Bcl-xL,3,21,21,17,100.0,94.11764705882354,94.11764705882354,100.0,17,100.0,ok
rfd3_fix7,FUT8,3,22,22,20,95.0,95.0,95.0,95.0,20,100.0,ok
boltz2,p53_Y220C__4AGQ,3,17,17,16,100.0,100.0,100.0,100.0,16,100.0,ok
boltz2,p53_Y220C,3,19,19,18,100.0,100.0,100.0,100.0,18,100.0,ok
confornet_nomsa,Menin,3,14,14,14,85.71428571428571,92.85714285714286,78.57142857142857,100.0,14,100.0,ok
confornet_nomsa,KRAS,3,21,21,15,73.33333333333333,73.33333333333333,73.33333333333333,73.33333333333333,15,100.0,ok
molgen_ns1.0,Bcl-xL,3,21,21,17,70.58823529411765,47.05882352941177,47.05882352941177,70.58823529411765,17,100.0,ok
rfd3_fix7,THSR,3,26,26,25,88.0,84.0,84.0,88.0,25,100.0,ok
molgen_ns1.0,THSR__7UTZ,3,24,24,23,78.26086956521739,73.91304347826087,73.91304347826087,78.26086956521739,23,100.0,ok
esmfold2,HIF2alpha,3,21,21,20,100.0,100.0,100.0,100.0,20,100.0,ok
confornet_nomsa,HIF2alpha,3,21,21,20,95.0,95.0,95.0,95.0,20,100.0,ok
molgen_ns1.0,HIV1_CA,3,16,16,14,85.71428571428571,71.42857142857143,71.42857142857143,85.71428571428571,14,100.0,ok
molgen_ns1.0,cAbl,3,23,23,16,81.25,87.5,81.25,87.5,16,100.0,ok
boltz2,Bcl-xL,3,21,22,17,88.23529411764706,88.23529411764706,88.23529411764706,88.23529411764706,17,100.0,ok
confornet_nomsa,betaLG,3,16,16,15,0.0,0.0,0.0,0.0,15,100.0,ok
molgen_ns1.0,NDPK-A,3,17,17,15,53.333333333333336,46.666666666666664,46.666666666666664,53.333333333333336,15,100.0,ok
boltz2,CB1,3,28,28,20,85.0,80.0,80.0,85.0,20,100.0,ok
boltz2,HIF2alpha,3,21,21,20,0.0,0.0,0.0,0.0,20,100.0,ok
esmfold2,p53_Y220C__4AGQ,3,17,17,16,100.0,100.0,100.0,100.0,16,100.0,ok
boltz2,GCGR,3,25,25,8,100.0,100.0,100.0,100.0,8,100.0,ok
boltz2,HIF2alpha__6D0B,3,25,25,24,8.333333333333334,12.5,8.333333333333334,12.5,24,100.0,ok
molgen_ns1.0,METTL14,3,22,22,18,66.66666666666667,77.77777777777777,66.66666666666667,77.77777777777777,18,100.0,ok
boltz2,GLTP,3,8,8,6,83.33333333333333,83.33333333333333,66.66666666666667,100.0,6,100.0,ok
esmfold2,p53_Y220C,3,19,19,18,100.0,100.0,100.0,100.0,18,100.0,ok
rfd3_fix7,METTL14,3,22,22,18,100.0,94.44444444444444,94.44444444444444,100.0,18,100.0,ok
rfd3_fix7,GLTP,3,8,8,6,100.0,100.0,100.0,100.0,6,100.0,ok
molgen_ns1.0,GLTP,3,8,8,6,66.66666666666667,50.0,50.0,66.66666666666667,6,100.0,ok
confornet_nomsa,SHP2,3,19,19,17,0.0,0.0,0.0,0.0,17,100.0,ok
esmfold2,Bcl-xL,3,21,22,17,94.11764705882354,100.0,94.11764705882354,100.0,17,100.0,ok
rfd3_fix7,NDPK-A,3,17,17,15,93.33333333333333,93.33333333333333,93.33333333333333,93.33333333333333,15,100.0,ok
confornet_nomsa,p53_Y220C,3,19,19,18,100.0,94.44444444444444,94.44444444444444,100.0,18,100.0,ok
confornet_nomsa,NDPK-A,3,17,17,15,0.0,0.0,0.0,0.0,15,100.0,ok
boltz2,HIV1_CA,3,16,16,14,71.42857142857143,64.28571428571429,64.28571428571429,71.42857142857143,14,100.0,ok
molgen_ns1.0,betaLG,3,16,16,15,73.33333333333333,80.0,73.33333333333333,80.0,15,100.0,ok
rfd3_fix7,Menin,3,14,14,14,100.0,100.0,100.0,100.0,14,100.0,ok
boltz2,NDPK-A,3,17,17,15,0.0,0.0,0.0,0.0,15,100.0,ok
boltz2,SHP2,3,19,19,17,88.23529411764706,82.3529411764706,82.3529411764706,88.23529411764706,17,100.0,ok
rfd3_fix7,KRAS,3,21,21,15,93.33333333333333,80.0,80.0,93.33333333333333,15,100.0,ok
molgen_ns1.0,HIV_RT__3V81,3,17,17,11,90.9090909090909,72.72727272727273,72.72727272727273,90.9090909090909,11,100.0,ok
confornet_nomsa,GCGR,3,25,25,8,75.0,87.5,75.0,87.5,8,100.0,ok
molgen_ns1.0,SHP2,3,19,19,17,64.70588235294117,76.47058823529412,64.70588235294117,76.47058823529412,17,100.0,ok
molgen_ns1.0,HIV_RT__3V81,4,17,17,11,72.72727272727273,63.63636363636363,63.63636363636363,72.72727272727273,11,100.0,ok
boltz2,GCGR,4,25,25,8,100.0,100.0,100.0,100.0,8,100.0,ok
confornet_nomsa,GCGR,4,25,25,8,75.0,75.0,75.0,75.0,8,100.0,ok
boltz2,NDPK-A,4,17,17,15,0.0,0.0,0.0,0.0,15,100.0,ok
boltz2,HIF2alpha__6D0B,4,25,25,24,12.5,12.5,12.5,12.5,24,100.0,ok
rfd3_fix7,Menin,4,14,14,14,100.0,92.85714285714286,92.85714285714286,100.0,14,100.0,ok
confornet_nomsa,p53_Y220C,4,19,19,18,100.0,94.44444444444444,94.44444444444444,100.0,18,100.0,ok
confornet_nomsa,NDPK-A,4,17,17,15,0.0,0.0,0.0,0.0,15,100.0,ok
molgen_ns1.0,KRAS,4,21,21,15,100.0,93.33333333333333,93.33333333333333,100.0,15,100.0,ok
molgen_ns1.0,GLTP,4,8,8,6,83.33333333333333,83.33333333333333,83.33333333333333,83.33333333333333,6,100.0,ok
esmfold2,Bcl-xL,4,21,22,17,94.11764705882354,94.11764705882354,88.23529411764706,100.0,17,100.0,ok
confornet_nomsa,cAbl,4,23,23,16,100.0,93.75,93.75,100.0,16,100.0,ok
rfd3_fix7,HIV_RT,4,19,19,11,100.0,100.0,100.0,100.0,11,100.0,ok
esmfold2,p53_Y220C,4,19,19,18,100.0,100.0,100.0,100.0,18,100.0,ok
rfd3_fix7,METTL14,4,22,22,18,94.44444444444444,94.44444444444444,94.44444444444444,94.44444444444444,18,100.0,ok
molgen_ns1.0,betaLG,4,16,16,15,80.0,80.0,80.0,80.0,15,100.0,ok
molgen_ns1.0,METTL14,4,22,22,18,88.88888888888889,88.88888888888889,88.88888888888889,88.88888888888889,18,100.0,ok
boltz2,GLTP,4,8,8,6,66.66666666666667,66.66666666666667,33.333333333333336,100.0,6,100.0,ok
boltz2,HIF2alpha,4,21,21,20,0.0,0.0,0.0,0.0,20,100.0,ok
esmfold2,p53_Y220C__4AGQ,4,17,17,16,100.0,100.0,100.0,100.0,16,100.0,ok
molgen_ns1.0,SHP2,4,19,19,17,58.8235294117647,64.70588235294117,58.8235294117647,64.70588235294117,17,100.0,ok
boltz2,CB1,4,28,28,20,75.0,75.0,75.0,75.0,20,100.0,ok
rfd3_fix7,NDPK-A,4,17,17,15,93.33333333333333,86.66666666666667,86.66666666666667,93.33333333333333,15,100.0,ok
boltz2,Bcl-xL,4,21,22,17,29.41176470588235,17.647058823529413,17.647058823529413,29.41176470588235,17,100.0,ok
confornet_nomsa,SHP2,4,19,19,17,0.0,0.0,0.0,0.0,17,100.0,ok
confornet_nomsa,betaLG,4,16,16,15,0.0,0.0,0.0,0.0,15,100.0,ok
molgen_ns1.0,HIF2alpha__6D0B,4,25,25,24,83.33333333333333,83.33333333333333,79.16666666666667,87.5,24,100.0,ok
esmfold2,HIV1_CA,4,16,16,14,85.71428571428571,92.85714285714286,85.71428571428571,92.85714285714286,14,100.0,ok
molgen_ns1.0,THSR__7UTZ,4,24,24,23,95.65217391304348,91.30434782608695,91.30434782608695,95.65217391304348,23,100.0,ok
esmfold2,HIF2alpha,4,21,21,20,100.0,100.0,100.0,100.0,20,100.0,ok
confornet_nomsa,Menin,4,14,14,14,85.71428571428571,92.85714285714286,78.57142857142857,100.0,14,100.0,ok
confornet_nomsa,KRAS,4,21,21,15,80.0,73.33333333333333,73.33333333333333,80.0,15,100.0,ok
molgen_ns1.0,Bcl-xL,4,21,21,17,70.58823529411765,70.58823529411765,70.58823529411765,70.58823529411765,17,100.0,ok
boltz2,p53_Y220C__4AGQ,4,17,17,16,100.0,100.0,100.0,100.0,16,100.0,ok
boltz2,p53_Y220C,4,19,19,18,100.0,100.0,100.0,100.0,18,100.0,ok
molgen_ns1.0,HIV1_CA,4,16,16,14,64.28571428571429,57.142857142857146,57.142857142857146,64.28571428571429,14,100.0,ok
esmfold2,FUT8,4,22,22,20,100.0,100.0,100.0,100.0,20,100.0,ok
esmfold2,SHP2,4,19,19,17,100.0,100.0,100.0,100.0,17,100.0,ok
molgen_ns1.0,THSR,4,26,26,25,80.0,84.0,80.0,84.0,25,100.0,ok
rfd3_fix7,Bcl-xL,4,21,21,17,100.0,100.0,100.0,100.0,17,100.0,ok
boltz2,HIV_RT,4,19,19,11,0.0,0.0,0.0,0.0,11,100.0,ok
esmfold2,GCGR,4,25,25,8,87.5,87.5,75.0,100.0,8,100.0,ok
rfd3_fix7,FUT8,4,22,22,20,100.0,100.0,100.0,100.0,20,100.0,ok
rfd3_fix7,SHP2,4,19,19,17,88.23529411764706,82.3529411764706,82.3529411764706,88.23529411764706,17,100.0,ok
rfd3_fix7,betaLG,4,16,16,15,100.0,100.0,100.0,100.0,15,100.0,ok
confornet_nomsa,p53_Y220C__4AGQ,4,17,17,16,93.75,93.75,93.75,93.75,16,100.0,ok
esmfold2,THSR,4,26,26,25,88.0,84.0,84.0,88.0,25,100.0,ok
confornet_nomsa,Bcl-xL,4,21,21,17,0.0,0.0,0.0,0.0,17,100.0,ok
confornet_nomsa,FUT8,4,22,22,20,0.0,0.0,0.0,0.0,20,100.0,ok
esmfold2,THSR__7UTZ,4,24,24,23,65.21739130434783,69.56521739130434,65.21739130434783,69.56521739130434,23,100.0,ok
rfd3_fix7,GCGR,4,25,25,8,100.0,100.0,100.0,100.0,8,100.0,ok
esmfold2,NDPK-A,4,17,17,15,100.0,100.0,100.0,100.0,15,100.0,ok
molgen_ns1.0,p53_Y220C,4,19,19,18,72.22222222222223,66.66666666666667,61.111111111111114,77.77777777777777,18,100.0,ok
rfd3_fix7,cAbl,4,23,23,16,100.0,93.75,93.75,100.0,16,100.0,ok
confornet_nomsa,METTL14,4,22,22,18,0.0,0.0,0.0,0.0,18,100.0,ok
rfd3_fix7,CB1,4,28,28,20,90.0,90.0,90.0,90.0,20,100.0,ok
confornet_nomsa,GLTP,4,8,8,6,0.0,0.0,0.0,0.0,6,100.0,ok
molgen_ns1.0,GCGR,4,25,25,8,62.5,25.0,25.0,62.5,8,100.0,ok
boltz2,THSR__7UTZ,4,24,24,23,21.73913043478261,21.73913043478261,21.73913043478261,21.73913043478261,23,100.0,ok
esmfold2,KRAS,4,21,21,15,86.66666666666667,80.0,80.0,86.66666666666667,15,100.0,ok
boltz2,Menin,4,14,14,14,100.0,100.0,100.0,100.0,14,100.0,ok
esmfold2,Menin,4,14,14,14,100.0,100.0,100.0,100.0,14,100.0,ok
esmfold2,METTL14,4,22,22,18,0.0,0.0,0.0,0.0,18,100.0,ok
rfd3_fix7,HIF2alpha,4,21,21,20,95.0,95.0,95.0,95.0,20,100.0,ok
rfd3_fix7,HIF2alpha__6D0B,4,25,25,24,95.83333333333333,95.83333333333333,95.83333333333333,95.83333333333333,24,100.0,ok
confornet_nomsa,HIF2alpha__6D0B,4,25,25,24,95.83333333333333,100.0,95.83333333333333,100.0,24,100.0,ok
esmfold2,HIF2alpha__6D0B,4,25,25,24,95.83333333333333,100.0,95.83333333333333,100.0,24,100.0,ok
rfd3_fix7,THSR__7UTZ,4,24,24,23,91.30434782608695,91.30434782608695,91.30434782608695,91.30434782608695,23,100.0,ok
rfd3_fix7,p53_Y220C__4AGQ,4,17,17,16,100.0,100.0,100.0,100.0,16,100.0,ok
rfd3_fix7,THSR,4,26,26,25,96.0,92.0,92.0,96.0,25,100.0,ok
molgen_ns1.0,CB1,4,28,28,20,80.0,70.0,70.0,80.0,20,100.0,ok
boltz2,betaLG,4,16,16,15,100.0,100.0,100.0,100.0,15,100.0,ok
boltz2,SHP2,4,19,19,17,88.23529411764706,82.3529411764706,82.3529411764706,88.23529411764706,17,100.0,ok
esmfold2,CB1,4,28,28,20,70.0,65.0,60.0,75.0,20,100.0,ok
confornet_nomsa,HIF2alpha,4,21,21,20,80.0,75.0,75.0,80.0,20,100.0,ok
molgen_ns1.0,HIV_RT,4,19,19,11,63.63636363636363,36.36363636363637,36.36363636363637,63.63636363636363,11,100.0,ok
molgen_ns1.0,Menin,4,14,14,14,78.57142857142857,78.57142857142857,71.42857142857143,85.71428571428571,14,100.0,ok
molgen_ns1.0,FUT8,4,22,22,20,90.0,85.0,85.0,90.0,20,100.0,ok
boltz2,HIV_RT__3V81,4,17,17,11,36.36363636363637,27.272727272727273,27.272727272727273,36.36363636363637,11,100.0,ok
esmfold2,cAbl,4,23,23,16,100.0,100.0,100.0,100.0,16,100.0,ok
confornet_nomsa,THSR__7UTZ,4,24,24,23,65.21739130434783,65.21739130434783,65.21739130434783,65.21739130434783,23,100.0,ok
boltz2,KRAS,4,21,21,15,80.0,66.66666666666667,66.66666666666667,80.0,15,100.0,ok
esmfold2,GLTP,4,8,8,6,100.0,100.0,100.0,100.0,6,100.0,ok
confornet_nomsa,HIV1_CA,4,16,16,14,92.85714285714286,92.85714285714286,92.85714285714286,92.85714285714286,14,100.0,ok
molgen_ns1.0,p53_Y220C__4AGQ,4,17,17,16,75.0,81.25,75.0,81.25,16,100.0,ok
boltz2,HIV1_CA,4,16,16,14,92.85714285714286,92.85714285714286,92.85714285714286,92.85714285714286,14,100.0,ok
boltz2,cAbl,4,23,23,16,87.5,87.5,81.25,93.75,16,100.0,ok
esmfold2,HIV_RT,4,19,19,11,0.0,0.0,0.0,0.0,11,100.0,ok
confornet_nomsa,HIV_RT__3V81,4,17,17,11,90.9090909090909,90.9090909090909,81.81818181818181,100.0,11,100.0,ok
confornet_nomsa,HIV_RT,4,19,19,11,0.0,0.0,0.0,0.0,11,100.0,ok
molgen_ns1.0,cAbl,4,23,23,16,93.75,81.25,81.25,93.75,16,100.0,ok
rfd3_fix7,p53_Y220C,4,19,19,18,100.0,94.44444444444444,94.44444444444444,100.0,18,100.0,ok
esmfold2,HIV_RT__3V81,4,17,17,11,100.0,90.9090909090909,90.9090909090909,100.0,11,100.0,ok
molgen_ns1.0,HIF2alpha,4,21,21,20,90.0,90.0,90.0,90.0,20,100.0,ok
boltz2,THSR,4,26,26,25,16.0,16.0,16.0,16.0,25,100.0,ok
boltz2,FUT8,4,22,22,20,95.0,95.0,95.0,95.0,20,100.0,ok
confornet_nomsa,CB1,4,28,28,20,15.0,25.0,15.0,25.0,20,100.0,ok
confornet_nomsa,THSR,4,26,26,25,56.0,64.0,48.0,72.0,25,100.0,ok
rfd3_fix7,HIV_RT__3V81,4,17,17,11,100.0,100.0,100.0,100.0,11,100.0,ok
rfd3_fix7,HIV1_CA,4,16,16,14,92.85714285714286,92.85714285714286,92.85714285714286,92.85714285714286,14,100.0,ok
rfd3_fix7,KRAS,4,21,21,15,93.33333333333333,86.66666666666667,86.66666666666667,93.33333333333333,15,100.0,ok
boltz2,METTL14,4,22,22,18,5.555555555555555,5.555555555555555,5.555555555555555,5.555555555555555,18,100.0,ok
esmfold2,betaLG,4,16,16,15,100.0,100.0,100.0,100.0,15,100.0,ok
rfd3_fix7,GLTP,4,8,8,6,100.0,100.0,100.0,100.0,6,100.0,ok
molgen_ns1.0,NDPK-A,4,17,17,15,73.33333333333333,46.666666666666664,46.666666666666664,73.33333333333333,15,100.0,ok
boltz2,GCGR,5,25,25,8,100.0,100.0,100.0,100.0,8,100.0,ok
boltz2,HIF2alpha__6D0B,5,25,25,24,4.166666666666667,4.166666666666667,4.166666666666667,4.166666666666667,24,100.0,ok
boltz2,NDPK-A,5,17,17,15,0.0,0.0,0.0,0.0,15,100.0,ok
confornet_nomsa,GCGR,5,25,25,8,75.0,75.0,75.0,75.0,8,100.0,ok
molgen_ns1.0,METTL14,5,22,22,18,77.77777777777777,66.66666666666667,66.66666666666667,77.77777777777777,18,100.0,ok
molgen_ns1.0,KRAS,5,21,21,15,66.66666666666667,60.0,60.0,66.66666666666667,15,100.0,ok
molgen_ns1.0,NDPK-A,5,17,17,15,60.0,33.333333333333336,33.333333333333336,60.0,15,100.0,ok
boltz2,HIV1_CA,5,16,16,14,71.42857142857143,85.71428571428571,71.42857142857143,85.71428571428571,14,100.0,ok
molgen_ns1.0,GLTP,5,8,8,6,33.333333333333336,33.333333333333336,33.333333333333336,33.333333333333336,6,100.0,ok
esmfold2,Bcl-xL,5,21,22,17,94.11764705882354,94.11764705882354,88.23529411764706,100.0,17,100.0,ok
confornet_nomsa,p53_Y220C,5,19,19,18,100.0,88.88888888888889,88.88888888888889,100.0,18,100.0,ok
confornet_nomsa,cAbl,5,23,23,16,100.0,93.75,93.75,100.0,16,100.0,ok
esmfold2,METTL14,5,22,22,18,100.0,100.0,100.0,100.0,18,100.0,ok
molgen_ns1.0,HIF2alpha,5,21,21,20,75.0,75.0,75.0,75.0,20,100.0,ok
confornet_nomsa,HIF2alpha__6D0B,5,25,25,24,95.83333333333333,100.0,95.83333333333333,100.0,24,100.0,ok
confornet_nomsa,HIV_RT,5,19,19,11,0.0,0.0,0.0,0.0,11,100.0,ok
esmfold2,HIF2alpha__6D0B,5,25,25,24,95.83333333333333,100.0,95.83333333333333,100.0,24,100.0,ok
esmfold2,HIV_RT__3V81,5,17,17,11,18.181818181818183,18.181818181818183,9.090909090909092,27.272727272727273,11,100.0,ok
esmfold2,HIV_RT,5,19,19,11,0.0,0.0,0.0,0.0,11,100.0,ok
confornet_nomsa,HIV_RT__3V81,5,17,17,11,81.81818181818181,72.72727272727273,72.72727272727273,81.81818181818181,11,100.0,ok
confornet_nomsa,HIV1_CA,5,16,16,14,92.85714285714286,92.85714285714286,92.85714285714286,92.85714285714286,14,100.0,ok
esmfold2,GLTP,5,8,8,6,100.0,100.0,100.0,100.0,6,100.0,ok
molgen_ns1.0,p53_Y220C__4AGQ,5,17,17,16,68.75,68.75,68.75,68.75,16,100.0,ok
boltz2,cAbl,5,23,23,16,100.0,100.0,100.0,100.0,16,100.0,ok
esmfold2,HIV1_CA,5,16,16,14,85.71428571428571,92.85714285714286,85.71428571428571,92.85714285714286,14,100.0,ok
molgen_ns1.0,THSR__7UTZ,5,24,24,23,86.95652173913044,86.95652173913044,86.95652173913044,86.95652173913044,23,100.0,ok
boltz2,Bcl-xL,5,21,22,17,35.294117647058826,29.41176470588235,29.41176470588235,35.294117647058826,17,100.0,ok
molgen_ns1.0,HIV1_CA,5,16,16,14,78.57142857142857,71.42857142857143,71.42857142857143,78.57142857142857,14,100.0,ok
boltz2,KRAS,5,21,21,15,80.0,66.66666666666667,66.66666666666667,80.0,15,100.0,ok
esmfold2,Menin,5,14,14,14,100.0,100.0,100.0,100.0,14,100.0,ok
confornet_nomsa,KRAS,5,21,21,15,80.0,73.33333333333333,73.33333333333333,80.0,15,100.0,ok
molgen_ns1.0,Bcl-xL,5,21,21,17,52.94117647058823,41.1764705882353,41.1764705882353,52.94117647058823,17,100.0,ok
confornet_nomsa,Menin,5,14,14,14,78.57142857142857,85.71428571428571,78.57142857142857,85.71428571428571,14,100.0,ok
molgen_ns1.0,FUT8,5,22,22,20,65.0,60.0,60.0,65.0,20,100.0,ok
boltz2,THSR,5,26,26,25,20.0,16.0,12.0,24.0,25,100.0,ok
boltz2,THSR__7UTZ,5,24,24,23,56.52173913043478,60.869565217391305,56.52173913043478,60.869565217391305,23,100.0,ok
molgen_ns1.0,GCGR,5,25,25,8,87.5,75.0,75.0,87.5,8,100.0,ok
molgen_ns1.0,HIF2alpha__6D0B,5,25,25,24,70.83333333333333,66.66666666666667,66.66666666666667,70.83333333333333,24,100.0,ok
boltz2,Menin,5,14,14,14,100.0,100.0,100.0,100.0,14,100.0,ok
esmfold2,KRAS,5,21,21,15,73.33333333333333,73.33333333333333,66.66666666666667,80.0,15,100.0,ok
molgen_ns1.0,p53_Y220C,5,19,19,18,55.55555555555556,50.0,44.44444444444444,61.111111111111114,18,100.0,ok
esmfold2,NDPK-A,5,17,17,15,93.33333333333333,93.33333333333333,93.33333333333333,93.33333333333333,15,100.0,ok
esmfold2,HIF2alpha,5,21,21,20,100.0,100.0,100.0,100.0,20,100.0,ok
molgen_ns1.0,cAbl,5,23,23,16,81.25,81.25,75.0,87.5,16,100.0,ok
confornet_nomsa,CB1,5,28,28,20,0.0,0.0,0.0,0.0,20,100.0,ok
confornet_nomsa,HIF2alpha,5,21,21,20,85.0,85.0,85.0,85.0,20,100.0,ok
esmfold2,CB1,5,28,28,20,70.0,65.0,60.0,75.0,20,100.0,ok
esmfold2,cAbl,5,23,23,16,100.0,100.0,100.0,100.0,16,100.0,ok
molgen_ns1.0,HIV_RT__3V81,5,17,17,11,54.54545454545455,45.45454545454545,45.45454545454545,54.54545454545455,11,100.0,ok
boltz2,betaLG,5,16,16,15,100.0,93.33333333333333,93.33333333333333,100.0,15,100.0,ok
molgen_ns1.0,HIV_RT,5,19,19,11,54.54545454545455,63.63636363636363,54.54545454545455,63.63636363636363,11,100.0,ok
boltz2,METTL14,5,22,22,18,16.666666666666668,16.666666666666668,11.11111111111111,22.22222222222222,18,100.0,ok
molgen_ns1.0,Menin,5,14,14,14,71.42857142857143,71.42857142857143,71.42857142857143,71.42857142857143,14,100.0,ok
boltz2,SHP2,5,19,19,17,82.3529411764706,76.47058823529412,76.47058823529412,82.3529411764706,17,100.0,ok
molgen_ns1.0,betaLG,5,16,16,15,73.33333333333333,73.33333333333333,66.66666666666667,80.0,15,100.0,ok
boltz2,CB1,5,28,28,20,85.0,75.0,75.0,85.0,20,100.0,ok
molgen_ns1.0,SHP2,5,19,19,17,70.58823529411765,70.58823529411765,64.70588235294117,76.47058823529412,17,100.0,ok
esmfold2,p53_Y220C__4AGQ,5,17,17,16,100.0,100.0,100.0,100.0,16,100.0,ok
esmfold2,betaLG,5,16,16,15,100.0,100.0,100.0,100.0,15,100.0,ok
boltz2,HIF2alpha,5,21,21,20,0.0,0.0,0.0,0.0,20,100.0,ok
boltz2,GLTP,5,8,8,6,66.66666666666667,83.33333333333333,66.66666666666667,83.33333333333333,6,100.0,ok
esmfold2,p53_Y220C,5,19,19,18,100.0,100.0,100.0,100.0,18,100.0,ok
boltz2,HIV_RT,5,19,19,11,0.0,0.0,0.0,0.0,11,100.0,ok
esmfold2,THSR__7UTZ,5,24,24,23,56.52173913043478,43.47826086956522,43.47826086956522,56.52173913043478,23,100.0,ok
esmfold2,THSR,5,26,26,25,84.0,84.0,80.0,88.0,25,100.0,ok
molgen_ns1.0,CB1,5,28,28,20,65.0,60.0,55.0,70.0,20,100.0,ok
confornet_nomsa,p53_Y220C__4AGQ,5,17,17,16,93.75,93.75,93.75,93.75,16,100.0,ok
boltz2,HIV_RT__3V81,5,17,17,11,27.272727272727273,27.272727272727273,27.272727272727273,27.272727272727273,11,100.0,ok
boltz2,FUT8,5,22,22,20,90.0,90.0,90.0,90.0,20,100.0,ok
confornet_nomsa,THSR,5,26,26,25,72.0,80.0,72.0,80.0,25,100.0,ok
confornet_nomsa,THSR__7UTZ,5,24,24,23,65.21739130434783,65.21739130434783,60.869565217391305,69.56521739130434,23,100.0,ok
molgen_ns1.0,THSR,5,26,26,25,84.0,80.0,76.0,88.0,25,100.0,ok
esmfold2,GCGR,5,25,25,8,87.5,100.0,87.5,100.0,8,100.0,ok
esmfold2,SHP2,5,19,19,17,94.11764705882354,100.0,94.11764705882354,100.0,17,100.0,ok
boltz2,p53_Y220C__4AGQ,5,17,17,16,100.0,100.0,100.0,100.0,16,100.0,ok
boltz2,p53_Y220C,5,19,19,18,100.0,100.0,100.0,100.0,18,100.0,ok
esmfold2,FUT8,5,22,22,20,100.0,100.0,100.0,100.0,20,100.0,ok
confornet_nomsa,HIF2alpha__6D0B,6,25,25,24,95.83333333333333,100.0,95.83333333333333,100.0,24,100.0,ok
confornet_nomsa,HIV_RT__3V81,6,17,17,11,100.0,90.9090909090909,90.9090909090909,100.0,11,100.0,ok
boltz2,cAbl,6,23,23,16,100.0,100.0,100.0,100.0,16,100.0,ok
esmfold2,METTL14,6,22,22,18,100.0,100.0,100.0,100.0,18,100.0,ok
esmfold2,HIV_RT,6,19,19,11,0.0,0.0,0.0,0.0,11,100.0,ok
confornet_nomsa,HIV1_CA,6,16,16,14,92.85714285714286,92.85714285714286,92.85714285714286,92.85714285714286,14,100.0,ok
confornet_nomsa,Menin,6,14,14,14,85.71428571428571,92.85714285714286,78.57142857142857,100.0,14,100.0,ok
confornet_nomsa,KRAS,6,21,21,15,80.0,73.33333333333333,73.33333333333333,80.0,15,100.0,ok
boltz2,KRAS,6,21,21,15,73.33333333333333,66.66666666666667,66.66666666666667,73.33333333333333,15,100.0,ok
molgen_ns1.0,FUT8,6,22,22,20,70.0,70.0,70.0,70.0,20,100.0,ok
confornet_nomsa,cAbl,6,23,23,16,100.0,93.75,93.75,100.0,16,100.0,ok
molgen_ns1.0,Bcl-xL,6,21,21,17,64.70588235294117,52.94117647058823,52.94117647058823,64.70588235294117,17,100.0,ok
boltz2,Bcl-xL,6,21,22,17,41.1764705882353,35.294117647058826,29.41176470588235,47.05882352941177,17,100.0,ok
molgen_ns1.0,HIF2alpha__6D0B,6,25,25,24,66.66666666666667,58.333333333333336,58.333333333333336,66.66666666666667,24,100.0,ok
molgen_ns1.0,HIV1_CA,6,16,16,14,57.142857142857146,50.0,50.0,57.142857142857146,14,100.0,ok
molgen_ns1.0,THSR__7UTZ,6,24,24,23,78.26086956521739,78.26086956521739,78.26086956521739,78.26086956521739,23,100.0,ok
esmfold2,HIF2alpha,6,21,21,20,100.0,100.0,100.0,100.0,20,100.0,ok
esmfold2,HIF2alpha__6D0B,6,25,25,24,95.83333333333333,100.0,95.83333333333333,100.0,24,100.0,ok
esmfold2,HIV1_CA,6,16,16,14,92.85714285714286,100.0,92.85714285714286,100.0,14,100.0,ok
molgen_ns1.0,cAbl,6,23,23,16,93.75,81.25,81.25,93.75,16,100.0,ok
boltz2,THSR,6,26,26,25,60.0,56.0,56.0,60.0,25,100.0,ok
molgen_ns1.0,GCGR,6,25,25,8,75.0,37.5,25.0,87.5,8,100.0,ok
esmfold2,KRAS,6,21,21,15,73.33333333333333,73.33333333333333,73.33333333333333,73.33333333333333,15,100.0,ok
molgen_ns1.0,p53_Y220C__4AGQ,6,17,17,16,62.5,68.75,62.5,68.75,16,100.0,ok
molgen_ns1.0,CB1,6,28,28,20,80.0,80.0,75.0,85.0,20,100.0,ok
boltz2,Menin,6,14,14,14,100.0,100.0,100.0,100.0,14,100.0,ok
boltz2,p53_Y220C,6,19,19,18,100.0,100.0,100.0,100.0,18,100.0,ok
molgen_ns1.0,betaLG,6,16,16,15,73.33333333333333,80.0,73.33333333333333,80.0,15,100.0,ok
boltz2,HIV1_CA,6,16,16,14,50.0,71.42857142857143,50.0,71.42857142857143,14,100.0,ok
esmfold2,Bcl-xL,6,21,22,17,94.11764705882354,100.0,94.11764705882354,100.0,17,100.0,ok
confornet_nomsa,p53_Y220C,6,19,19,18,100.0,88.88888888888889,88.88888888888889,100.0,18,100.0,ok
molgen_ns1.0,GLTP,6,8,8,6,83.33333333333333,66.66666666666667,66.66666666666667,83.33333333333333,6,100.0,ok
molgen_ns1.0,SHP2,6,19,19,17,58.8235294117647,70.58823529411765,58.8235294117647,70.58823529411765,17,100.0,ok
molgen_ns1.0,METTL14,6,22,22,18,55.55555555555556,55.55555555555556,55.55555555555556,55.55555555555556,18,100.0,ok
boltz2,NDPK-A,6,17,17,15,0.0,0.0,0.0,0.0,15,100.0,ok
boltz2,GCGR,6,25,25,8,100.0,100.0,100.0,100.0,8,100.0,ok
molgen_ns1.0,KRAS,6,21,21,15,73.33333333333333,60.0,53.333333333333336,80.0,15,100.0,ok
boltz2,HIF2alpha__6D0B,6,25,25,24,20.833333333333332,20.833333333333332,16.666666666666668,25.0,24,100.0,ok
esmfold2,GLTP,6,8,8,6,100.0,100.0,100.0,100.0,6,100.0,ok
molgen_ns1.0,HIF2alpha,6,21,21,20,75.0,75.0,75.0,75.0,20,100.0,ok
esmfold2,HIV_RT__3V81,6,17,17,11,100.0,100.0,100.0,100.0,11,100.0,ok
confornet_nomsa,HIV_RT,6,19,19,11,0.0,0.0,0.0,0.0,11,100.0,ok
boltz2,THSR__7UTZ,6,24,24,23,17.391304347826086,21.73913043478261,17.391304347826086,21.73913043478261,23,100.0,ok
boltz2,p53_Y220C__4AGQ,6,17,17,16,100.0,100.0,100.0,100.0,16,100.0,ok
esmfold2,THSR__7UTZ,6,24,24,23,69.56521739130434,65.21739130434783,65.21739130434783,69.56521739130434,23,100.0,ok
esmfold2,THSR,6,26,26,25,96.0,96.0,96.0,96.0,25,100.0,ok
confornet_nomsa,THSR__7UTZ,6,24,24,23,73.91304347826087,69.56521739130434,69.56521739130434,73.91304347826087,23,100.0,ok
confornet_nomsa,p53_Y220C__4AGQ,6,17,17,16,93.75,93.75,93.75,93.75,16,100.0,ok
esmfold2,betaLG,6,16,16,15,100.0,100.0,100.0,100.0,15,100.0,ok
molgen_ns1.0,HIV_RT,6,19,19,11,81.81818181818181,45.45454545454545,45.45454545454545,81.81818181818181,11,100.0,ok
boltz2,FUT8,6,22,22,20,95.0,95.0,95.0,95.0,20,100.0,ok
boltz2,SHP2,6,19,19,17,88.23529411764706,82.3529411764706,82.3529411764706,88.23529411764706,17,100.0,ok
confornet_nomsa,THSR,6,26,26,25,72.0,68.0,68.0,72.0,25,100.0,ok
boltz2,HIV_RT__3V81,6,17,17,11,18.181818181818183,9.090909090909092,0.0,27.272727272727273,11,100.0,ok
confornet_nomsa,HIF2alpha,6,21,21,20,85.0,85.0,85.0,85.0,20,100.0,ok
esmfold2,NDPK-A,6,17,17,15,93.33333333333333,93.33333333333333,93.33333333333333,93.33333333333333,15,100.0,ok
confornet_nomsa,CB1,6,28,28,20,5.0,5.0,5.0,5.0,20,100.0,ok
molgen_ns1.0,HIV_RT__3V81,6,17,17,11,90.9090909090909,72.72727272727273,72.72727272727273,90.9090909090909,11,100.0,ok
boltz2,betaLG,6,16,16,15,100.0,86.66666666666667,86.66666666666667,100.0,15,100.0,ok
esmfold2,Menin,6,14,14,14,100.0,100.0,100.0,100.0,14,100.0,ok
esmfold2,CB1,6,28,28,20,70.0,60.0,55.0,75.0,20,100.0,ok
esmfold2,GCGR,6,25,25,8,87.5,100.0,87.5,100.0,8,100.0,ok
esmfold2,SHP2,6,19,19,17,100.0,100.0,100.0,100.0,17,100.0,ok
molgen_ns1.0,THSR,6,26,26,25,76.0,76.0,76.0,76.0,25,100.0,ok
esmfold2,FUT8,6,22,22,20,100.0,100.0,100.0,100.0,20,100.0,ok
molgen_ns1.0,p53_Y220C,6,19,19,18,61.111111111111114,66.66666666666667,61.111111111111114,66.66666666666667,18,100.0,ok
esmfold2,p53_Y220C,6,19,19,18,100.0,100.0,100.0,100.0,18,100.0,ok
boltz2,METTL14,6,22,22,18,0.0,0.0,0.0,0.0,18,100.0,ok
confornet_nomsa,GCGR,6,25,25,8,75.0,87.5,75.0,87.5,8,100.0,ok
boltz2,HIF2alpha,6,21,21,20,0.0,0.0,0.0,0.0,20,100.0,ok
molgen_ns1.0,Menin,6,14,14,14,57.142857142857146,57.142857142857146,50.0,64.28571428571429,14,100.0,ok
boltz2,GLTP,6,8,8,6,83.33333333333333,100.0,83.33333333333333,100.0,6,100.0,ok
boltz2,HIV_RT,6,19,19,11,0.0,0.0,0.0,0.0,11,100.0,ok
esmfold2,cAbl,6,23,23,16,100.0,100.0,100.0,100.0,16,100.0,ok
esmfold2,p53_Y220C__4AGQ,6,17,17,16,100.0,100.0,100.0,100.0,16,100.0,ok
molgen_ns1.0,NDPK-A,6,17,17,15,60.0,60.0,60.0,60.0,15,100.0,ok
boltz2,CB1,6,28,28,20,85.0,80.0,80.0,85.0,20,100.0,ok
boltz2,CB1,7,28,28,20,80.0,75.0,75.0,80.0,20,100.0,ok
molgen_ns1.0,NDPK-A,7,17,17,15,66.66666666666667,46.666666666666664,46.666666666666664,66.66666666666667,15,100.0,ok
molgen_ns1.0,SHP2,7,19,19,17,58.8235294117647,58.8235294117647,58.8235294117647,58.8235294117647,17,100.0,ok
confornet_nomsa,THSR__7UTZ,7,24,24,23,73.91304347826087,65.21739130434783,65.21739130434783,73.91304347826087,23,100.0,ok
esmfold2,cAbl,7,23,23,16,81.25,93.75,75.0,100.0,16,100.0,ok
boltz2,KRAS,7,21,21,15,73.33333333333333,66.66666666666667,66.66666666666667,73.33333333333333,15,100.0,ok
molgen_ns1.0,FUT8,7,22,22,20,80.0,75.0,75.0,80.0,20,100.0,ok
confornet_nomsa,cAbl,7,23,23,16,100.0,93.75,93.75,100.0,16,100.0,ok
confornet_nomsa,p53_Y220C__4AGQ,7,17,17,16,93.75,93.75,93.75,93.75,16,100.0,ok
confornet_nomsa,THSR,7,26,26,25,64.0,64.0,56.0,72.0,25,100.0,ok
esmfold2,Menin,7,14,14,14,100.0,100.0,100.0,100.0,14,100.0,ok
confornet_nomsa,KRAS,7,21,21,15,73.33333333333333,73.33333333333333,73.33333333333333,73.33333333333333,15,100.0,ok
confornet_nomsa,Menin,7,14,14,14,85.71428571428571,92.85714285714286,78.57142857142857,100.0,14,100.0,ok
boltz2,Menin,7,14,14,14,100.0,100.0,100.0,100.0,14,100.0,ok
molgen_ns1.0,GCGR,7,25,25,8,12.5,25.0,12.5,25.0,8,100.0,ok
esmfold2,FUT8,7,22,22,20,100.0,100.0,100.0,100.0,20,100.0,ok
esmfold2,THSR__7UTZ,7,24,24,23,78.26086956521739,73.91304347826087,73.91304347826087,78.26086956521739,23,100.0,ok
esmfold2,THSR,7,26,26,25,92.0,92.0,88.0,96.0,25,100.0,ok
boltz2,HIV_RT,7,19,19,11,0.0,0.0,0.0,0.0,11,100.0,ok
boltz2,HIV_RT__3V81,7,17,17,11,27.272727272727273,27.272727272727273,27.272727272727273,27.272727272727273,11,100.0,ok
boltz2,THSR,7,26,26,25,76.0,80.0,76.0,80.0,25,100.0,ok
confornet_nomsa,HIV_RT__3V81,7,17,17,11,81.81818181818181,81.81818181818181,72.72727272727273,90.9090909090909,11,100.0,ok
confornet_nomsa,HIV_RT,7,19,19,11,0.0,0.0,0.0,0.0,11,100.0,ok
confornet_nomsa,HIV1_CA,7,16,16,14,100.0,100.0,100.0,100.0,14,100.0,ok
molgen_ns1.0,p53_Y220C__4AGQ,7,17,17,16,62.5,62.5,56.25,68.75,16,100.0,ok
esmfold2,HIF2alpha__6D0B,7,25,25,24,95.83333333333333,100.0,95.83333333333333,100.0,24,100.0,ok
esmfold2,HIF2alpha,7,21,21,20,100.0,100.0,100.0,100.0,20,100.0,ok
molgen_ns1.0,THSR__7UTZ,7,24,24,23,91.30434782608695,86.95652173913044,86.95652173913044,91.30434782608695,23,100.0,ok
boltz2,Bcl-xL,7,21,22,17,23.529411764705884,17.647058823529413,17.647058823529413,23.529411764705884,17,100.0,ok
molgen_ns1.0,HIF2alpha__6D0B,7,25,25,24,75.0,75.0,75.0,75.0,24,100.0,ok
confornet_nomsa,HIF2alpha__6D0B,7,25,25,24,95.83333333333333,100.0,95.83333333333333,100.0,24,100.0,ok
esmfold2,HIV1_CA,7,16,16,14,85.71428571428571,92.85714285714286,85.71428571428571,92.85714285714286,14,100.0,ok
molgen_ns1.0,CB1,7,28,28,20,90.0,80.0,80.0,90.0,20,100.0,ok
esmfold2,GLTP,7,8,8,6,100.0,100.0,100.0,100.0,6,100.0,ok
esmfold2,HIV_RT,7,19,19,11,0.0,0.0,0.0,0.0,11,100.0,ok
boltz2,THSR__7UTZ,7,24,24,23,21.73913043478261,21.73913043478261,21.73913043478261,21.73913043478261,23,100.0,ok
boltz2,cAbl,7,23,23,16,100.0,100.0,100.0,100.0,16,100.0,ok
esmfold2,METTL14,7,22,22,18,100.0,100.0,100.0,100.0,18,100.0,ok
molgen_ns1.0,HIF2alpha,7,21,21,20,75.0,80.0,75.0,80.0,20,100.0,ok
esmfold2,HIV_RT__3V81,7,17,17,11,100.0,100.0,100.0,100.0,11,100.0,ok
esmfold2,KRAS,7,21,21,15,80.0,66.66666666666667,66.66666666666667,80.0,15,100.0,ok
molgen_ns1.0,Bcl-xL,7,21,21,17,70.58823529411765,64.70588235294117,58.8235294117647,76.47058823529412,17,100.0,ok
boltz2,p53_Y220C__4AGQ,7,17,17,16,100.0,100.0,100.0,100.0,16,100.0,ok
boltz2,FUT8,7,22,22,20,95.0,95.0,95.0,95.0,20,100.0,ok
molgen_ns1.0,THSR,7,26,26,25,92.0,88.0,88.0,92.0,25,100.0,ok
confornet_nomsa,HIF2alpha,7,21,21,20,85.0,85.0,85.0,85.0,20,100.0,ok
boltz2,betaLG,7,16,16,15,93.33333333333333,86.66666666666667,86.66666666666667,93.33333333333333,15,100.0,ok
confornet_nomsa,GCGR,7,25,25,8,75.0,87.5,75.0,87.5,8,100.0,ok
boltz2,METTL14,7,22,22,18,0.0,0.0,0.0,0.0,18,100.0,ok
esmfold2,betaLG,7,16,16,15,100.0,100.0,100.0,100.0,15,100.0,ok
boltz2,GLTP,7,8,8,6,66.66666666666667,66.66666666666667,33.333333333333336,100.0,6,100.0,ok
boltz2,GCGR,7,25,25,8,100.0,100.0,100.0,100.0,8,100.0,ok
molgen_ns1.0,Menin,7,14,14,14,64.28571428571429,71.42857142857143,64.28571428571429,71.42857142857143,14,100.0,ok
esmfold2,p53_Y220C,7,19,19,18,100.0,100.0,100.0,100.0,18,100.0,ok
boltz2,HIF2alpha__6D0B,7,25,25,24,0.0,0.0,0.0,0.0,24,100.0,ok
molgen_ns1.0,METTL14,7,22,22,18,55.55555555555556,61.111111111111114,55.55555555555556,61.111111111111114,18,100.0,ok
molgen_ns1.0,betaLG,7,16,16,15,73.33333333333333,73.33333333333333,66.66666666666667,80.0,15,100.0,ok
boltz2,HIF2alpha,7,21,21,20,0.0,0.0,0.0,0.0,20,100.0,ok
boltz2,HIV1_CA,7,16,16,14,71.42857142857143,85.71428571428571,71.42857142857143,85.71428571428571,14,100.0,ok
molgen_ns1.0,GLTP,7,8,8,6,66.66666666666667,50.0,50.0,66.66666666666667,6,100.0,ok
confornet_nomsa,p53_Y220C,7,19,19,18,100.0,94.44444444444444,94.44444444444444,100.0,18,100.0,ok
esmfold2,Bcl-xL,7,21,22,17,88.23529411764706,94.11764705882354,82.3529411764706,100.0,17,100.0,ok
esmfold2,p53_Y220C__4AGQ,7,17,17,16,100.0,100.0,100.0,100.0,16,100.0,ok
esmfold2,SHP2,7,19,19,17,100.0,100.0,100.0,100.0,17,100.0,ok
esmfold2,NDPK-A,7,17,17,15,93.33333333333333,93.33333333333333,93.33333333333333,93.33333333333333,15,100.0,ok
esmfold2,GCGR,7,25,25,8,87.5,100.0,87.5,100.0,8,100.0,ok
esmfold2,CB1,7,28,28,20,70.0,65.0,60.0,75.0,20,100.0,ok
confornet_nomsa,CB1,7,28,28,20,5.0,10.0,5.0,10.0,20,100.0,ok
boltz2,NDPK-A,7,17,17,15,0.0,0.0,0.0,0.0,15,100.0,ok
molgen_ns1.0,KRAS,7,21,21,15,86.66666666666667,86.66666666666667,80.0,93.33333333333333,15,100.0,ok
molgen_ns1.0,HIV_RT__3V81,7,17,17,11,63.63636363636363,72.72727272727273,63.63636363636363,72.72727272727273,11,100.0,ok
boltz2,SHP2,7,19,19,17,82.3529411764706,76.47058823529412,70.58823529411765,88.23529411764706,17,100.0,ok
molgen_ns1.0,HIV_RT,7,19,19,11,72.72727272727273,81.81818181818181,72.72727272727273,81.81818181818181,11,100.0,ok
molgen_ns1.0,p53_Y220C,7,19,19,18,55.55555555555556,55.55555555555556,50.0,61.111111111111114,18,100.0,ok
boltz2,p53_Y220C,7,19,19,18,100.0,100.0,100.0,100.0,18,100.0,ok
molgen_ns1.0,cAbl,7,23,23,16,93.75,87.5,87.5,93.75,16,100.0,ok
molgen_ns1.0,p53_Y220C,8,19,19,18,66.66666666666667,66.66666666666667,66.66666666666667,66.66666666666667,18,100.0,ok
boltz2,THSR,8,26,26,25,4.0,0.0,0.0,4.0,25,100.0,ok
esmfold2,FUT8,8,22,22,20,100.0,100.0,100.0,100.0,20,100.0,ok
esmfold2,Menin,8,14,14,14,100.0,100.0,100.0,100.0,14,100.0,ok
esmfold2,THSR,8,26,26,25,84.0,84.0,80.0,88.0,25,100.0,ok
confornet_nomsa,KRAS,8,21,21,15,73.33333333333333,66.66666666666667,66.66666666666667,73.33333333333333,15,100.0,ok
molgen_ns1.0,FUT8,8,22,22,20,75.0,65.0,65.0,75.0,20,100.0,ok
molgen_ns1.0,THSR__7UTZ,8,24,24,23,82.6086956521739,78.26086956521739,78.26086956521739,82.6086956521739,23,100.0,ok
boltz2,Bcl-xL,8,21,22,17,29.41176470588235,23.529411764705884,23.529411764705884,29.41176470588235,17,100.0,ok
esmfold2,HIF2alpha__6D0B,8,25,25,24,95.83333333333333,100.0,95.83333333333333,100.0,24,100.0,ok
esmfold2,HIF2alpha,8,21,21,20,100.0,100.0,100.0,100.0,20,100.0,ok
confornet_nomsa,HIF2alpha__6D0B,8,25,25,24,95.83333333333333,100.0,95.83333333333333,100.0,24,100.0,ok
molgen_ns1.0,HIF2alpha__6D0B,8,25,25,24,79.16666666666667,75.0,75.0,79.16666666666667,24,100.0,ok
esmfold2,HIV1_CA,8,16,16,14,92.85714285714286,100.0,92.85714285714286,100.0,14,100.0,ok
boltz2,THSR__7UTZ,8,24,24,23,34.78260869565217,34.78260869565217,34.78260869565217,34.78260869565217,23,100.0,ok
molgen_ns1.0,p53_Y220C__4AGQ,8,17,17,16,50.0,43.75,43.75,50.0,16,100.0,ok
confornet_nomsa,HIV_RT__3V81,8,17,17,11,100.0,90.9090909090909,90.9090909090909,100.0,11,100.0,ok
confornet_nomsa,HIV_RT,8,19,19,11,0.0,0.0,0.0,0.0,11,100.0,ok
esmfold2,HIV_RT__3V81,8,17,17,11,27.272727272727273,18.181818181818183,18.181818181818183,27.272727272727273,11,100.0,ok
esmfold2,KRAS,8,21,21,15,73.33333333333333,66.66666666666667,66.66666666666667,73.33333333333333,15,100.0,ok
molgen_ns1.0,CB1,8,28,28,20,80.0,70.0,70.0,80.0,20,100.0,ok
boltz2,Menin,8,14,14,14,100.0,100.0,100.0,100.0,14,100.0,ok
molgen_ns1.0,Bcl-xL,8,21,21,17,70.58823529411765,58.8235294117647,52.94117647058823,76.47058823529412,17,100.0,ok
esmfold2,HIV_RT,8,19,19,11,0.0,0.0,0.0,0.0,11,100.0,ok
esmfold2,METTL14,8,22,22,18,100.0,100.0,100.0,100.0,18,100.0,ok
molgen_ns1.0,GCGR,8,25,25,8,62.5,25.0,25.0,62.5,8,100.0,ok
molgen_ns1.0,HIF2alpha,8,21,21,20,65.0,70.0,65.0,70.0,20,100.0,ok
esmfold2,GLTP,8,8,8,6,100.0,100.0,100.0,100.0,6,100.0,ok
boltz2,cAbl,8,23,23,16,93.75,93.75,93.75,93.75,16,100.0,ok
confornet_nomsa,HIV1_CA,8,16,16,14,92.85714285714286,92.85714285714286,92.85714285714286,92.85714285714286,14,100.0,ok
boltz2,KRAS,8,21,21,15,73.33333333333333,66.66666666666667,60.0,80.0,15,100.0,ok
confornet_nomsa,cAbl,8,23,23,16,100.0,93.75,93.75,100.0,16,100.0,ok
confornet_nomsa,THSR,8,26,26,25,68.0,76.0,64.0,80.0,25,100.0,ok
confornet_nomsa,p53_Y220C__4AGQ,8,17,17,16,93.75,93.75,93.75,93.75,16,100.0,ok
molgen_ns1.0,betaLG,8,16,16,15,66.66666666666667,73.33333333333333,66.66666666666667,73.33333333333333,15,100.0,ok
molgen_ns1.0,NDPK-A,8,17,17,15,66.66666666666667,53.333333333333336,53.333333333333336,66.66666666666667,15,100.0,ok
molgen_ns1.0,SHP2,8,19,19,17,52.94117647058823,58.8235294117647,52.94117647058823,58.8235294117647,17,100.0,ok
boltz2,CB1,8,28,28,20,85.0,80.0,80.0,85.0,20,100.0,ok
esmfold2,cAbl,8,23,23,16,100.0,100.0,100.0,100.0,16,100.0,ok
confornet_nomsa,THSR__7UTZ,8,24,24,23,69.56521739130434,60.869565217391305,60.869565217391305,69.56521739130434,23,100.0,ok
esmfold2,THSR__7UTZ,8,24,24,23,86.95652173913044,86.95652173913044,86.95652173913044,86.95652173913044,23,100.0,ok
confornet_nomsa,Menin,8,14,14,14,78.57142857142857,92.85714285714286,78.57142857142857,92.85714285714286,14,100.0,ok
boltz2,HIV_RT__3V81,8,17,17,11,36.36363636363637,27.272727272727273,27.272727272727273,36.36363636363637,11,100.0,ok
boltz2,HIV_RT,8,19,19,11,0.0,0.0,0.0,0.0,11,100.0,ok
molgen_ns1.0,cAbl,8,23,23,16,87.5,87.5,87.5,87.5,16,100.0,ok
confornet_nomsa,CB1,8,28,28,20,5.0,5.0,5.0,5.0,20,100.0,ok
molgen_ns1.0,Menin,8,14,14,14,85.71428571428571,78.57142857142857,78.57142857142857,85.71428571428571,14,100.0,ok
esmfold2,CB1,8,28,28,20,60.0,60.0,50.0,70.0,20,100.0,ok
esmfold2,NDPK-A,8,17,17,15,100.0,100.0,100.0,100.0,15,100.0,ok
esmfold2,GCGR,8,25,25,8,87.5,100.0,87.5,100.0,8,100.0,ok
molgen_ns1.0,KRAS,8,21,21,15,86.66666666666667,80.0,80.0,86.66666666666667,15,100.0,ok
confornet_nomsa,GCGR,8,25,25,8,75.0,75.0,75.0,75.0,8,100.0,ok
boltz2,NDPK-A,8,17,17,15,0.0,0.0,0.0,0.0,15,100.0,ok
boltz2,SHP2,8,19,19,17,64.70588235294117,58.8235294117647,58.8235294117647,64.70588235294117,17,100.0,ok
molgen_ns1.0,HIV_RT,8,19,19,11,54.54545454545455,45.45454545454545,45.45454545454545,54.54545454545455,11,100.0,ok
molgen_ns1.0,HIV_RT__3V81,8,17,17,11,54.54545454545455,81.81818181818181,54.54545454545455,81.81818181818181,11,100.0,ok
boltz2,FUT8,8,22,22,20,90.0,85.0,85.0,90.0,20,100.0,ok
molgen_ns1.0,THSR,8,26,26,25,80.0,80.0,72.0,88.0,25,100.0,ok
confornet_nomsa,HIF2alpha,8,21,21,20,75.0,80.0,70.0,85.0,20,100.0,ok
boltz2,betaLG,8,16,16,15,93.33333333333333,93.33333333333333,86.66666666666667,100.0,15,100.0,ok
esmfold2,SHP2,8,19,19,17,94.11764705882354,100.0,94.11764705882354,100.0,17,100.0,ok
boltz2,p53_Y220C__4AGQ,8,17,17,16,100.0,100.0,100.0,100.0,16,100.0,ok
boltz2,p53_Y220C,8,19,19,18,100.0,100.0,100.0,100.0,18,100.0,ok
confornet_nomsa,p53_Y220C,8,19,19,18,100.0,94.44444444444444,94.44444444444444,100.0,18,100.0,ok
boltz2,GCGR,8,25,25,8,100.0,100.0,100.0,100.0,8,100.0,ok
boltz2,GLTP,8,8,8,6,100.0,83.33333333333333,83.33333333333333,100.0,6,100.0,ok
boltz2,METTL14,8,22,22,18,5.555555555555555,5.555555555555555,5.555555555555555,5.555555555555555,18,100.0,ok
esmfold2,betaLG,8,16,16,15,100.0,100.0,100.0,100.0,15,100.0,ok
molgen_ns1.0,GLTP,8,8,8,6,66.66666666666667,50.0,50.0,66.66666666666667,6,100.0,ok
boltz2,HIV1_CA,8,16,16,14,85.71428571428571,85.71428571428571,85.71428571428571,85.71428571428571,14,100.0,ok
esmfold2,Bcl-xL,8,21,22,17,94.11764705882354,100.0,94.11764705882354,100.0,17,100.0,ok
esmfold2,p53_Y220C,8,19,19,18,100.0,100.0,100.0,100.0,18,100.0,ok
esmfold2,p53_Y220C__4AGQ,8,17,17,16,100.0,100.0,100.0,100.0,16,100.0,ok
boltz2,HIF2alpha,8,21,21,20,0.0,0.0,0.0,0.0,20,100.0,ok
boltz2,HIF2alpha__6D0B,8,25,25,24,4.166666666666667,0.0,0.0,4.166666666666667,24,100.0,ok
molgen_ns1.0,METTL14,8,22,22,18,88.88888888888889,77.77777777777777,72.22222222222223,94.44444444444444,18,100.0,ok
boltz2,HIF2alpha__6D0B,9,25,25,24,0.0,0.0,0.0,0.0,24,100.0,ok
molgen_ns1.0,GLTP,9,8,8,6,50.0,66.66666666666667,50.0,66.66666666666667,6,100.0,ok
boltz2,HIV1_CA,9,16,16,14,78.57142857142857,78.57142857142857,71.42857142857143,85.71428571428571,14,100.0,ok
esmfold2,Bcl-xL,9,21,22,17,94.11764705882354,100.0,94.11764705882354,100.0,17,100.0,ok
molgen_ns1.0,METTL14,9,22,22,18,72.22222222222223,66.66666666666667,61.111111111111114,77.77777777777777,18,100.0,ok
esmfold2,p53_Y220C__4AGQ,9,17,17,16,100.0,100.0,100.0,100.0,16,100.0,ok
esmfold2,betaLG,9,16,16,15,100.0,100.0,100.0,100.0,15,100.0,ok
confornet_nomsa,p53_Y220C,9,19,19,18,100.0,100.0,100.0,100.0,18,100.0,ok
boltz2,HIF2alpha,9,21,21,20,0.0,0.0,0.0,0.0,20,100.0,ok
esmfold2,p53_Y220C,9,19,19,18,100.0,100.0,100.0,100.0,18,100.0,ok
confornet_nomsa,GCGR,9,25,25,8,75.0,75.0,75.0,75.0,8,100.0,ok
boltz2,NDPK-A,9,17,17,15,6.666666666666667,0.0,0.0,6.666666666666667,15,100.0,ok
molgen_ns1.0,HIV_RT__3V81,9,17,17,11,100.0,90.9090909090909,90.9090909090909,100.0,11,100.0,ok
boltz2,SHP2,9,19,19,17,88.23529411764706,82.3529411764706,76.47058823529412,94.11764705882354,17,100.0,ok
molgen_ns1.0,HIV_RT,9,19,19,11,36.36363636363637,27.272727272727273,27.272727272727273,36.36363636363637,11,100.0,ok
boltz2,betaLG,9,16,16,15,100.0,93.33333333333333,93.33333333333333,100.0,15,100.0,ok
confornet_nomsa,HIF2alpha,9,21,21,20,85.0,85.0,85.0,85.0,20,100.0,ok
boltz2,GLTP,9,8,8,6,83.33333333333333,83.33333333333333,66.66666666666667,100.0,6,100.0,ok
molgen_ns1.0,KRAS,9,21,21,15,80.0,73.33333333333333,73.33333333333333,80.0,15,100.0,ok
boltz2,METTL14,9,22,22,18,0.0,5.555555555555555,0.0,5.555555555555555,18,100.0,ok
molgen_ns1.0,Menin,9,14,14,14,78.57142857142857,78.57142857142857,78.57142857142857,78.57142857142857,14,100.0,ok
molgen_ns1.0,cAbl,9,23,23,16,75.0,75.0,75.0,75.0,16,100.0,ok
molgen_ns1.0,THSR__7UTZ,9,24,24,23,78.26086956521739,82.6086956521739,78.26086956521739,82.6086956521739,23,100.0,ok
boltz2,Bcl-xL,9,21,22,17,23.529411764705884,17.647058823529413,17.647058823529413,23.529411764705884,17,100.0,ok
boltz2,p53_Y220C__4AGQ,9,17,17,16,100.0,100.0,100.0,100.0,16,100.0,ok
boltz2,p53_Y220C,9,19,19,18,100.0,100.0,100.0,100.0,18,100.0,ok
esmfold2,HIV1_CA,9,16,16,14,92.85714285714286,100.0,92.85714285714286,100.0,14,100.0,ok
molgen_ns1.0,HIF2alpha__6D0B,9,25,25,24,62.5,62.5,58.333333333333336,66.66666666666667,24,100.0,ok
confornet_nomsa,HIV_RT__3V81,9,17,17,11,72.72727272727273,81.81818181818181,63.63636363636363,90.9090909090909,11,100.0,ok
confornet_nomsa,HIV_RT,9,19,19,11,0.0,0.0,0.0,0.0,11,100.0,ok
esmfold2,HIF2alpha,9,21,21,20,100.0,100.0,100.0,100.0,20,100.0,ok
esmfold2,SHP2,9,19,19,17,100.0,100.0,100.0,100.0,17,100.0,ok
esmfold2,CB1,9,28,28,20,70.0,65.0,60.0,75.0,20,100.0,ok
confornet_nomsa,HIF2alpha__6D0B,9,25,25,24,95.83333333333333,100.0,95.83333333333333,100.0,24,100.0,ok
esmfold2,NDPK-A,9,17,17,15,93.33333333333333,93.33333333333333,93.33333333333333,93.33333333333333,15,100.0,ok
molgen_ns1.0,HIV1_CA,9,16,16,14,71.42857142857143,78.57142857142857,71.42857142857143,78.57142857142857,14,100.0,ok
esmfold2,METTL14,9,22,22,18,100.0,100.0,100.0,100.0,18,100.0,ok
esmfold2,GCGR,9,25,25,8,87.5,100.0,87.5,100.0,8,100.0,ok
boltz2,FUT8,9,22,22,20,90.0,85.0,85.0,90.0,20,100.0,ok
molgen_ns1.0,THSR,9,26,26,25,80.0,72.0,72.0,80.0,25,100.0,ok
confornet_nomsa,CB1,9,28,28,20,20.0,30.0,20.0,30.0,20,100.0,ok
esmfold2,HIF2alpha__6D0B,9,25,25,24,95.83333333333333,100.0,95.83333333333333,100.0,24,100.0,ok
boltz2,KRAS,9,21,21,15,73.33333333333333,60.0,60.0,73.33333333333333,15,100.0,ok
boltz2,THSR,9,26,26,25,24.0,20.0,20.0,24.0,25,100.0,ok
boltz2,Menin,9,14,14,14,100.0,100.0,100.0,100.0,14,100.0,ok
esmfold2,FUT8,9,22,22,20,100.0,100.0,100.0,100.0,20,100.0,ok
esmfold2,THSR,9,26,26,25,92.0,96.0,92.0,96.0,25,100.0,ok
esmfold2,Menin,9,14,14,14,100.0,100.0,100.0,100.0,14,100.0,ok
molgen_ns1.0,FUT8,9,22,22,20,75.0,75.0,70.0,80.0,20,100.0,ok
boltz2,HIV_RT,9,19,19,11,0.0,0.0,0.0,0.0,11,100.0,ok
boltz2,HIV_RT__3V81,9,17,17,11,0.0,9.090909090909092,0.0,9.090909090909092,11,100.0,ok
esmfold2,cAbl,9,23,23,16,100.0,100.0,100.0,100.0,16,100.0,ok
molgen_ns1.0,NDPK-A,9,17,17,15,73.33333333333333,60.0,60.0,73.33333333333333,15,100.0,ok
boltz2,CB1,9,28,28,20,80.0,75.0,75.0,80.0,20,100.0,ok
molgen_ns1.0,SHP2,9,19,19,17,47.05882352941177,64.70588235294117,47.05882352941177,64.70588235294117,17,100.0,ok
molgen_ns1.0,betaLG,9,16,16,15,86.66666666666667,86.66666666666667,86.66666666666667,86.66666666666667,15,100.0,ok
confornet_nomsa,p53_Y220C__4AGQ,9,17,17,16,93.75,93.75,93.75,93.75,16,100.0,ok
boltz2,GCGR,9,25,25,8,100.0,100.0,100.0,100.0,8,100.0,ok
confornet_nomsa,THSR__7UTZ,9,24,24,23,65.21739130434783,60.869565217391305,60.869565217391305,65.21739130434783,23,100.0,ok
confornet_nomsa,THSR,9,26,26,25,76.0,80.0,76.0,80.0,25,100.0,ok
confornet_nomsa,cAbl,9,23,23,16,100.0,93.75,93.75,100.0,16,100.0,ok
molgen_ns1.0,Bcl-xL,9,21,21,17,64.70588235294117,58.8235294117647,58.8235294117647,64.70588235294117,17,100.0,ok
confornet_nomsa,HIV1_CA,9,16,16,14,92.85714285714286,92.85714285714286,92.85714285714286,92.85714285714286,14,100.0,ok
esmfold2,HIV_RT__3V81,9,17,17,11,100.0,100.0,100.0,100.0,11,100.0,ok
molgen_ns1.0,GCGR,9,25,25,8,75.0,37.5,37.5,75.0,8,100.0,ok
esmfold2,KRAS,9,21,21,15,80.0,73.33333333333333,73.33333333333333,80.0,15,100.0,ok
molgen_ns1.0,CB1,9,28,28,20,65.0,70.0,60.0,75.0,20,100.0,ok
molgen_ns1.0,HIF2alpha,9,21,21,20,80.0,80.0,80.0,80.0,20,100.0,ok
boltz2,cAbl,9,23,23,16,87.5,93.75,87.5,93.75,16,100.0,ok
boltz2,THSR__7UTZ,9,24,24,23,13.043478260869565,13.043478260869565,13.043478260869565,13.043478260869565,23,100.0,ok
confornet_nomsa,Menin,9,14,14,14,78.57142857142857,92.85714285714286,78.57142857142857,92.85714285714286,14,100.0,ok
esmfold2,THSR__7UTZ,9,24,24,23,82.6086956521739,78.26086956521739,78.26086956521739,82.6086956521739,23,100.0,ok
confornet_nomsa,KRAS,9,21,21,15,80.0,73.33333333333333,73.33333333333333,80.0,15,100.0,ok
esmfold2,HIV_RT,9,19,19,11,0.0,0.0,0.0,0.0,11,100.0,ok
esmfold2,GLTP,9,8,8,6,100.0,100.0,100.0,100.0,6,100.0,ok
molgen_ns1.0,p53_Y220C__4AGQ,9,17,17,16,75.0,81.25,75.0,81.25,16,100.0,ok
molgen_ns1.0,p53_Y220C,9,19,19,18,55.55555555555556,50.0,44.44444444444444,61.111111111111114,18,100.0,ok
confornet_nomsa,HIF2alpha,10,21,21,20,90.0,85.0,85.0,90.0,20,100.0,ok
esmfold2,betaLG,10,16,16,15,100.0,100.0,100.0,100.0,15,100.0,ok
boltz2,betaLG,10,16,16,15,100.0,100.0,100.0,100.0,15,100.0,ok
boltz2,SHP2,10,19,19,17,70.58823529411765,70.58823529411765,64.70588235294117,76.47058823529412,17,100.0,ok
molgen_ns1.0,KRAS,10,21,21,15,73.33333333333333,53.333333333333336,53.333333333333336,73.33333333333333,15,100.0,ok
molgen_ns1.0,THSR,10,26,26,25,88.0,80.0,80.0,88.0,25,100.0,ok
confornet_nomsa,HIV1_CA,10,16,16,14,85.71428571428571,85.71428571428571,85.71428571428571,85.71428571428571,14,100.0,ok
confornet_nomsa,KRAS,10,21,21,15,80.0,73.33333333333333,73.33333333333333,80.0,15,100.0,ok
esmfold2,HIV1_CA,10,16,16,14,92.85714285714286,100.0,92.85714285714286,100.0,14,100.0,ok
molgen_ns1.0,HIV1_CA,10,16,16,14,42.857142857142854,35.714285714285715,35.714285714285715,42.857142857142854,14,100.0,ok
esmfold2,HIF2alpha,10,21,21,20,100.0,100.0,100.0,100.0,20,100.0,ok
molgen_ns1.0,HIF2alpha__6D0B,10,25,25,24,66.66666666666667,66.66666666666667,62.5,70.83333333333333,24,100.0,ok
esmfold2,HIF2alpha__6D0B,10,25,25,24,95.83333333333333,100.0,95.83333333333333,100.0,24,100.0,ok
molgen_ns1.0,p53_Y220C,10,19,19,18,88.88888888888889,94.44444444444444,88.88888888888889,94.44444444444444,18,100.0,ok
boltz2,p53_Y220C__4AGQ,10,17,17,16,100.0,100.0,100.0,100.0,16,100.0,ok
molgen_ns1.0,cAbl,10,23,23,16,93.75,93.75,93.75,93.75,16,100.0,ok
boltz2,Bcl-xL,10,21,22,17,11.764705882352942,11.764705882352942,11.764705882352942,11.764705882352942,17,100.0,ok
boltz2,FUT8,10,22,22,20,90.0,90.0,90.0,90.0,20,100.0,ok
confornet_nomsa,CB1,10,28,28,20,10.0,5.0,5.0,10.0,20,100.0,ok
confornet_nomsa,HIF2alpha__6D0B,10,25,25,24,91.66666666666667,95.83333333333333,91.66666666666667,95.83333333333333,24,100.0,ok
boltz2,GLTP,10,8,8,6,66.66666666666667,100.0,66.66666666666667,100.0,6,100.0,ok
molgen_ns1.0,THSR__7UTZ,10,24,24,23,86.95652173913044,86.95652173913044,86.95652173913044,86.95652173913044,23,100.0,ok
esmfold2,NDPK-A,10,17,17,15,93.33333333333333,86.66666666666667,86.66666666666667,93.33333333333333,15,100.0,ok
esmfold2,GCGR,10,25,25,8,87.5,75.0,75.0,87.5,8,100.0,ok
esmfold2,CB1,10,28,28,20,55.0,65.0,50.0,70.0,20,100.0,ok
esmfold2,METTL14,10,22,22,18,100.0,100.0,100.0,100.0,18,100.0,ok
esmfold2,SHP2,10,19,19,17,100.0,100.0,100.0,100.0,17,100.0,ok
molgen_ns1.0,HIV_RT,10,19,19,11,90.9090909090909,72.72727272727273,72.72727272727273,90.9090909090909,11,100.0,ok
molgen_ns1.0,HIV_RT__3V81,10,17,17,11,81.81818181818181,45.45454545454545,45.45454545454545,81.81818181818181,11,100.0,ok
boltz2,HIF2alpha,10,21,21,20,0.0,0.0,0.0,0.0,20,100.0,ok
molgen_ns1.0,SHP2,10,19,19,17,76.47058823529412,82.3529411764706,76.47058823529412,82.3529411764706,17,100.0,ok
boltz2,HIF2alpha__6D0B,10,25,25,24,0.0,0.0,0.0,0.0,24,100.0,ok
esmfold2,Bcl-xL,10,21,22,17,94.11764705882354,94.11764705882354,88.23529411764706,100.0,17,100.0,ok
esmfold2,p53_Y220C__4AGQ,10,17,17,16,100.0,100.0,100.0,100.0,16,100.0,ok
confornet_nomsa,p53_Y220C,10,19,19,18,100.0,94.44444444444444,94.44444444444444,100.0,18,100.0,ok
boltz2,HIV1_CA,10,16,16,14,0.0,7.142857142857143,0.0,7.142857142857143,14,100.0,ok
molgen_ns1.0,METTL14,10,22,22,18,50.0,55.55555555555556,50.0,55.55555555555556,18,100.0,ok
confornet_nomsa,GCGR,10,25,25,8,75.0,87.5,75.0,87.5,8,100.0,ok
boltz2,NDPK-A,10,17,17,15,0.0,0.0,0.0,0.0,15,100.0,ok
molgen_ns1.0,Menin,10,14,14,14,64.28571428571429,71.42857142857143,64.28571428571429,71.42857142857143,14,100.0,ok
boltz2,METTL14,10,22,22,18,0.0,0.0,0.0,0.0,18,100.0,ok
molgen_ns1.0,GCGR,10,25,25,8,37.5,0.0,0.0,37.5,8,100.0,ok
esmfold2,HIV_RT,10,19,19,11,0.0,0.0,0.0,0.0,11,100.0,ok
esmfold2,HIV_RT__3V81,10,17,17,11,100.0,100.0,100.0,100.0,11,100.0,ok
esmfold2,GLTP,10,8,8,6,100.0,100.0,100.0,100.0,6,100.0,ok
molgen_ns1.0,HIF2alpha,10,21,21,20,60.0,60.0,60.0,60.0,20,100.0,ok
boltz2,cAbl,10,23,23,16,100.0,100.0,100.0,100.0,16,100.0,ok
boltz2,HIV_RT,10,19,19,11,9.090909090909092,0.0,0.0,9.090909090909092,11,100.0,ok
boltz2,HIV_RT__3V81,10,17,17,11,36.36363636363637,45.45454545454545,36.36363636363637,45.45454545454545,11,100.0,ok
esmfold2,THSR,10,26,26,25,76.0,72.0,72.0,76.0,25,100.0,ok
molgen_ns1.0,CB1,10,28,28,20,80.0,80.0,80.0,80.0,20,100.0,ok
esmfold2,KRAS,10,21,21,15,86.66666666666667,86.66666666666667,86.66666666666667,86.66666666666667,15,100.0,ok
esmfold2,FUT8,10,22,22,20,100.0,100.0,100.0,100.0,20,100.0,ok
esmfold2,Menin,10,14,14,14,100.0,100.0,100.0,100.0,14,100.0,ok
boltz2,Menin,10,14,14,14,100.0,100.0,100.0,100.0,14,100.0,ok
molgen_ns1.0,p53_Y220C__4AGQ,10,17,17,16,62.5,68.75,62.5,68.75,16,100.0,ok
boltz2,THSR__7UTZ,10,24,24,23,39.130434782608695,43.47826086956522,39.130434782608695,43.47826086956522,23,100.0,ok
boltz2,THSR,10,26,26,25,16.0,12.0,12.0,16.0,25,100.0,ok
molgen_ns1.0,FUT8,10,22,22,20,80.0,80.0,80.0,80.0,20,100.0,ok
boltz2,p53_Y220C,10,19,19,18,100.0,100.0,100.0,100.0,18,100.0,ok
esmfold2,THSR__7UTZ,10,24,24,23,78.26086956521739,78.26086956521739,73.91304347826087,82.6086956521739,23,100.0,ok
esmfold2,p53_Y220C,10,19,19,18,100.0,100.0,100.0,100.0,18,100.0,ok
molgen_ns1.0,GLTP,10,8,8,6,50.0,50.0,50.0,50.0,6,100.0,ok
boltz2,KRAS,10,21,21,15,80.0,66.66666666666667,66.66666666666667,80.0,15,100.0,ok
boltz2,GCGR,10,25,25,8,100.0,100.0,100.0,100.0,8,100.0,ok
molgen_ns1.0,NDPK-A,10,17,17,15,66.66666666666667,66.66666666666667,66.66666666666667,66.66666666666667,15,100.0,ok
esmfold2,cAbl,10,23,23,16,100.0,100.0,100.0,100.0,16,100.0,ok
confornet_nomsa,p53_Y220C__4AGQ,10,17,17,16,93.75,93.75,93.75,93.75,16,100.0,ok
confornet_nomsa,cAbl,10,23,23,16,100.0,93.75,93.75,100.0,16,100.0,ok
boltz2,CB1,10,28,28,20,85.0,70.0,70.0,85.0,20,100.0,ok
boltz2,CB1,11,28,28,20,75.0,80.0,75.0,80.0,20,100.0,ok
boltz2,GCGR,11,25,25,8,100.0,100.0,100.0,100.0,8,100.0,ok
molgen_ns1.0,betaLG,11,16,16,15,73.33333333333333,80.0,73.33333333333333,80.0,15,100.0,ok
molgen_ns1.0,SHP2,11,19,19,17,76.47058823529412,76.47058823529412,76.47058823529412,76.47058823529412,17,100.0,ok
boltz2,KRAS,11,21,21,15,80.0,60.0,60.0,80.0,15,100.0,ok
molgen_ns1.0,GLTP,11,8,8,6,83.33333333333333,66.66666666666667,66.66666666666667,83.33333333333333,6,100.0,ok
molgen_ns1.0,Bcl-xL,11,21,21,17,70.58823529411765,52.94117647058823,52.94117647058823,70.58823529411765,17,100.0,ok
confornet_nomsa,HIF2alpha__6D0B,11,25,25,24,95.83333333333333,100.0,95.83333333333333,100.0,24,100.0,ok
esmfold2,GCGR,11,25,25,8,87.5,100.0,87.5,100.0,8,100.0,ok
esmfold2,SHP2,11,19,19,17,100.0,100.0,100.0,100.0,17,100.0,ok
confornet_nomsa,HIV1_CA,11,16,16,14,92.85714285714286,92.85714285714286,92.85714285714286,92.85714285714286,14,100.0,ok
molgen_ns1.0,HIF2alpha,11,21,21,20,75.0,75.0,70.0,80.0,20,100.0,ok
confornet_nomsa,KRAS,11,21,21,15,80.0,73.33333333333333,73.33333333333333,80.0,15,100.0,ok
esmfold2,HIV1_CA,11,16,16,14,92.85714285714286,100.0,92.85714285714286,100.0,14,100.0,ok
molgen_ns1.0,HIV1_CA,11,16,16,14,71.42857142857143,71.42857142857143,71.42857142857143,71.42857142857143,14,100.0,ok
molgen_ns1.0,HIV_RT,11,19,19,11,81.81818181818181,63.63636363636363,54.54545454545455,90.9090909090909,11,100.0,ok
esmfold2,HIV_RT,11,19,19,11,0.0,0.0,0.0,0.0,11,100.0,ok
esmfold2,HIV_RT__3V81,11,17,17,11,18.181818181818183,9.090909090909092,9.090909090909092,18.181818181818183,11,100.0,ok
esmfold2,betaLG,11,16,16,15,100.0,100.0,100.0,100.0,15,100.0,ok
esmfold2,Bcl-xL,11,21,22,17,94.11764705882354,100.0,94.11764705882354,100.0,17,100.0,ok
molgen_ns1.0,GCGR,11,25,25,8,50.0,25.0,25.0,50.0,8,100.0,ok
molgen_ns1.0,Menin,11,14,14,14,57.142857142857146,64.28571428571429,57.142857142857146,64.28571428571429,14,100.0,ok
boltz2,SHP2,11,19,19,17,82.3529411764706,70.58823529411765,70.58823529411765,82.3529411764706,17,100.0,ok
molgen_ns1.0,KRAS,11,21,21,15,86.66666666666667,86.66666666666667,86.66666666666667,86.66666666666667,15,100.0,ok
boltz2,betaLG,11,16,16,15,100.0,100.0,100.0,100.0,15,100.0,ok
esmfold2,p53_Y220C__4AGQ,11,17,17,16,100.0,100.0,100.0,100.0,16,100.0,ok
boltz2,p53_Y220C__4AGQ,11,17,17,16,100.0,100.0,100.0,100.0,16,100.0,ok
esmfold2,p53_Y220C,11,19,19,18,100.0,100.0,100.0,100.0,18,100.0,ok
molgen_ns1.0,HIV_RT__3V81,11,17,17,11,63.63636363636363,81.81818181818181,63.63636363636363,81.81818181818181,11,100.0,ok
confornet_nomsa,HIF2alpha,11,21,21,20,85.0,85.0,85.0,85.0,20,100.0,ok
esmfold2,CB1,11,28,28,20,65.0,60.0,55.0,70.0,20,100.0,ok
molgen_ns1.0,p53_Y220C,11,19,19,18,55.55555555555556,66.66666666666667,55.55555555555556,66.66666666666667,18,100.0,ok
boltz2,THSR__7UTZ,11,24,24,23,17.391304347826086,17.391304347826086,17.391304347826086,17.391304347826086,23,100.0,ok
esmfold2,FUT8,11,22,22,20,100.0,100.0,100.0,100.0,20,100.0,ok
molgen_ns1.0,p53_Y220C__4AGQ,11,17,17,16,81.25,81.25,81.25,81.25,16,100.0,ok
molgen_ns1.0,FUT8,11,22,22,20,75.0,80.0,70.0,85.0,20,100.0,ok
esmfold2,NDPK-A,11,17,17,15,93.33333333333333,93.33333333333333,93.33333333333333,93.33333333333333,15,100.0,ok
esmfold2,GLTP,11,8,8,6,100.0,100.0,100.0,100.0,6,100.0,ok
esmfold2,METTL14,11,22,22,18,100.0,100.0,100.0,100.0,18,100.0,ok
boltz2,Menin,11,14,14,14,100.0,100.0,100.0,100.0,14,100.0,ok
boltz2,THSR,11,26,26,25,12.0,4.0,4.0,12.0,25,100.0,ok
boltz2,HIV1_CA,11,16,16,14,100.0,100.0,100.0,100.0,14,100.0,ok
esmfold2,THSR__7UTZ,11,24,24,23,78.26086956521739,78.26086956521739,73.91304347826087,82.6086956521739,23,100.0,ok
confornet_nomsa,GCGR,11,25,25,8,75.0,75.0,75.0,75.0,8,100.0,ok
esmfold2,THSR,11,26,26,25,92.0,96.0,92.0,96.0,25,100.0,ok
confornet_nomsa,cAbl,11,23,23,16,100.0,93.75,93.75,100.0,16,100.0,ok
esmfold2,Menin,11,14,14,14,100.0,100.0,100.0,100.0,14,100.0,ok
molgen_ns1.0,METTL14,11,22,22,18,72.22222222222223,72.22222222222223,72.22222222222223,72.22222222222223,18,100.0,ok
boltz2,METTL14,11,22,22,18,11.11111111111111,5.555555555555555,5.555555555555555,11.11111111111111,18,100.0,ok
esmfold2,KRAS,11,21,21,15,80.0,80.0,73.33333333333333,86.66666666666667,15,100.0,ok
molgen_ns1.0,NDPK-A,11,17,17,15,66.66666666666667,53.333333333333336,53.333333333333336,66.66666666666667,15,100.0,ok
boltz2,HIF2alpha,11,21,21,20,0.0,0.0,0.0,0.0,20,100.0,ok
boltz2,HIF2alpha__6D0B,11,25,25,24,4.166666666666667,4.166666666666667,4.166666666666667,4.166666666666667,24,100.0,ok
boltz2,HIV_RT,11,19,19,11,0.0,0.0,0.0,0.0,11,100.0,ok
boltz2,HIV_RT__3V81,11,17,17,11,63.63636363636363,63.63636363636363,54.54545454545455,72.72727272727273,11,100.0,ok
esmfold2,HIF2alpha,11,21,21,20,100.0,100.0,100.0,100.0,20,100.0,ok
esmfold2,HIF2alpha__6D0B,11,25,25,24,95.83333333333333,100.0,95.83333333333333,100.0,24,100.0,ok
molgen_ns1.0,HIF2alpha__6D0B,11,25,25,24,79.16666666666667,75.0,70.83333333333333,83.33333333333333,24,100.0,ok
confornet_nomsa,p53_Y220C,11,19,19,18,100.0,94.44444444444444,94.44444444444444,100.0,18,100.0,ok
confornet_nomsa,p53_Y220C__4AGQ,11,17,17,16,100.0,100.0,100.0,100.0,16,100.0,ok
esmfold2,cAbl,11,23,23,16,93.75,100.0,93.75,100.0,16,100.0,ok
molgen_ns1.0,THSR,11,26,26,25,80.0,76.0,76.0,80.0,25,100.0,ok
boltz2,GLTP,11,8,8,6,83.33333333333333,83.33333333333333,66.66666666666667,100.0,6,100.0,ok
molgen_ns1.0,THSR__7UTZ,11,24,24,23,78.26086956521739,82.6086956521739,78.26086956521739,82.6086956521739,23,100.0,ok
boltz2,Bcl-xL,11,21,22,17,47.05882352941177,47.05882352941177,41.1764705882353,52.94117647058823,17,100.0,ok
boltz2,FUT8,11,22,22,20,95.0,95.0,95.0,95.0,20,100.0,ok
molgen_ns1.0,cAbl,11,23,23,16,87.5,93.75,87.5,93.75,16,100.0,ok
boltz2,cAbl,11,23,23,16,100.0,100.0,100.0,100.0,16,100.0,ok
confornet_nomsa,CB1,11,28,28,20,15.0,25.0,15.0,25.0,20,100.0,ok
boltz2,NDPK-A,11,17,17,15,0.0,0.0,0.0,0.0,15,100.0,ok
molgen_ns1.0,CB1,11,28,28,20,75.0,75.0,70.0,80.0,20,100.0,ok
boltz2,p53_Y220C,11,19,19,18,100.0,100.0,100.0,100.0,18,100.0,ok
esmfold2,SHP2,12,19,19,17,100.0,100.0,100.0,100.0,17,100.0,ok
confornet_nomsa,HIF2alpha__6D0B,12,25,25,24,95.83333333333333,100.0,95.83333333333333,100.0,24,100.0,ok
esmfold2,betaLG,12,16,16,15,100.0,100.0,100.0,100.0,15,100.0,ok
esmfold2,HIV_RT,12,19,19,11,0.0,0.0,0.0,0.0,11,100.0,ok
esmfold2,HIV_RT__3V81,12,17,17,11,90.9090909090909,100.0,90.9090909090909,100.0,11,100.0,ok
molgen_ns1.0,KRAS,12,21,21,15,86.66666666666667,80.0,80.0,86.66666666666667,15,100.0,ok
molgen_ns1.0,HIF2alpha,12,21,21,20,75.0,75.0,75.0,75.0,20,100.0,ok
molgen_ns1.0,HIV1_CA,12,16,16,14,78.57142857142857,78.57142857142857,78.57142857142857,78.57142857142857,14,100.0,ok
esmfold2,GCGR,12,25,25,8,87.5,100.0,87.5,100.0,8,100.0,ok
molgen_ns1.0,p53_Y220C,12,19,19,18,44.44444444444444,38.888888888888886,38.888888888888886,44.44444444444444,18,100.0,ok
esmfold2,p53_Y220C__4AGQ,12,17,17,16,100.0,100.0,100.0,100.0,16,100.0,ok
boltz2,betaLG,12,16,16,15,100.0,93.33333333333333,93.33333333333333,100.0,15,100.0,ok
molgen_ns1.0,HIV_RT__3V81,12,17,17,11,90.9090909090909,72.72727272727273,72.72727272727273,90.9090909090909,11,100.0,ok
confornet_nomsa,HIF2alpha,12,21,21,20,85.0,80.0,80.0,85.0,20,100.0,ok
esmfold2,CB1,12,28,28,20,65.0,60.0,55.0,70.0,20,100.0,ok
confornet_nomsa,CB1,12,28,28,20,0.0,0.0,0.0,0.0,20,100.0,ok
molgen_ns1.0,GCGR,12,25,25,8,75.0,62.5,62.5,75.0,8,100.0,ok
esmfold2,Bcl-xL,12,21,22,17,88.23529411764706,100.0,88.23529411764706,100.0,17,100.0,ok
boltz2,SHP2,12,19,19,17,88.23529411764706,88.23529411764706,82.3529411764706,94.11764705882354,17,100.0,ok
molgen_ns1.0,Menin,12,14,14,14,64.28571428571429,57.142857142857146,57.142857142857146,64.28571428571429,14,100.0,ok
esmfold2,METTL14,12,22,22,18,100.0,100.0,100.0,100.0,18,100.0,ok
esmfold2,NDPK-A,12,17,17,15,100.0,100.0,100.0,100.0,15,100.0,ok
boltz2,Menin,12,14,14,14,100.0,100.0,100.0,100.0,14,100.0,ok
molgen_ns1.0,FUT8,12,22,22,20,75.0,70.0,70.0,75.0,20,100.0,ok
boltz2,THSR,12,26,26,25,24.0,20.0,20.0,24.0,25,100.0,ok
boltz2,cAbl,12,23,23,16,93.75,93.75,93.75,93.75,16,100.0,ok
esmfold2,GLTP,12,8,8,6,100.0,100.0,100.0,100.0,6,100.0,ok
boltz2,THSR__7UTZ,12,24,24,23,17.391304347826086,21.73913043478261,17.391304347826086,21.73913043478261,23,100.0,ok
molgen_ns1.0,p53_Y220C__4AGQ,12,17,17,16,56.25,56.25,50.0,62.5,16,100.0,ok
esmfold2,FUT8,12,22,22,20,100.0,100.0,100.0,100.0,20,100.0,ok
molgen_ns1.0,GLTP,12,8,8,6,66.66666666666667,66.66666666666667,66.66666666666667,66.66666666666667,6,100.0,ok
boltz2,KRAS,12,21,21,15,73.33333333333333,66.66666666666667,60.0,80.0,15,100.0,ok
molgen_ns1.0,Bcl-xL,12,21,21,17,70.58823529411765,64.70588235294117,58.8235294117647,76.47058823529412,17,100.0,ok
boltz2,CB1,12,28,28,20,85.0,80.0,80.0,85.0,20,100.0,ok
molgen_ns1.0,betaLG,12,16,16,15,73.33333333333333,73.33333333333333,66.66666666666667,80.0,15,100.0,ok
molgen_ns1.0,SHP2,12,19,19,17,64.70588235294117,64.70588235294117,64.70588235294117,64.70588235294117,17,100.0,ok
molgen_ns1.0,HIV_RT,12,19,19,11,63.63636363636363,45.45454545454545,45.45454545454545,63.63636363636363,11,100.0,ok
esmfold2,HIV1_CA,12,16,16,14,92.85714285714286,100.0,92.85714285714286,100.0,14,100.0,ok
molgen_ns1.0,THSR__7UTZ,12,24,24,23,69.56521739130434,65.21739130434783,65.21739130434783,69.56521739130434,23,100.0,ok
confornet_nomsa,p53_Y220C,12,19,19,18,100.0,94.44444444444444,94.44444444444444,100.0,18,100.0,ok
boltz2,GLTP,12,8,8,6,50.0,66.66666666666667,33.333333333333336,83.33333333333333,6,100.0,ok
molgen_ns1.0,THSR,12,26,26,25,68.0,72.0,64.0,76.0,25,100.0,ok
esmfold2,p53_Y220C,12,19,19,18,100.0,100.0,100.0,100.0,18,100.0,ok
boltz2,p53_Y220C,12,19,19,18,100.0,100.0,100.0,100.0,18,100.0,ok
boltz2,FUT8,12,22,22,20,95.0,90.0,90.0,95.0,20,100.0,ok
confornet_nomsa,p53_Y220C__4AGQ,12,17,17,16,93.75,93.75,93.75,93.75,16,100.0,ok
esmfold2,cAbl,12,23,23,16,93.75,100.0,93.75,100.0,16,100.0,ok
boltz2,p53_Y220C__4AGQ,12,17,17,16,100.0,100.0,100.0,100.0,16,100.0,ok
molgen_ns1.0,METTL14,12,22,22,18,72.22222222222223,72.22222222222223,66.66666666666667,77.77777777777777,18,100.0,ok
boltz2,HIF2alpha__6D0B,12,25,25,24,0.0,0.0,0.0,0.0,24,100.0,ok
esmfold2,KRAS,12,21,21,15,86.66666666666667,73.33333333333333,73.33333333333333,86.66666666666667,15,100.0,ok
boltz2,NDPK-A,12,17,17,15,0.0,0.0,0.0,0.0,15,100.0,ok
esmfold2,Menin,12,14,14,14,100.0,100.0,100.0,100.0,14,100.0,ok
confornet_nomsa,KRAS,12,21,21,15,80.0,73.33333333333333,73.33333333333333,80.0,15,100.0,ok
boltz2,METTL14,12,22,22,18,0.0,0.0,0.0,0.0,18,100.0,ok
confornet_nomsa,cAbl,12,23,23,16,100.0,93.75,93.75,100.0,16,100.0,ok
esmfold2,THSR,12,26,26,25,76.0,80.0,68.0,88.0,25,100.0,ok
molgen_ns1.0,CB1,12,28,28,20,65.0,60.0,55.0,70.0,20,100.0,ok
confornet_nomsa,GCGR,12,25,25,8,62.5,75.0,62.5,75.0,8,100.0,ok
esmfold2,THSR__7UTZ,12,24,24,23,78.26086956521739,73.91304347826087,73.91304347826087,78.26086956521739,23,100.0,ok
boltz2,Bcl-xL,12,21,22,17,17.647058823529413,23.529411764705884,17.647058823529413,23.529411764705884,17,100.0,ok
molgen_ns1.0,cAbl,12,23,23,16,87.5,81.25,81.25,87.5,16,100.0,ok
confornet_nomsa,HIV1_CA,12,16,16,14,92.85714285714286,92.85714285714286,92.85714285714286,92.85714285714286,14,100.0,ok
molgen_ns1.0,NDPK-A,12,17,17,15,60.0,40.0,40.0,60.0,15,100.0,ok
boltz2,HIV1_CA,12,16,16,14,85.71428571428571,85.71428571428571,85.71428571428571,85.71428571428571,14,100.0,ok
boltz2,HIV_RT__3V81,12,17,17,11,27.272727272727273,27.272727272727273,27.272727272727273,27.272727272727273,11,100.0,ok
boltz2,HIV_RT,12,19,19,11,9.090909090909092,0.0,0.0,9.090909090909092,11,100.0,ok
boltz2,GCGR,12,25,25,8,100.0,100.0,100.0,100.0,8,100.0,ok
esmfold2,HIF2alpha,12,21,21,20,100.0,100.0,100.0,100.0,20,100.0,ok
molgen_ns1.0,HIF2alpha__6D0B,12,25,25,24,83.33333333333333,91.66666666666667,83.33333333333333,91.66666666666667,24,100.0,ok
esmfold2,HIF2alpha__6D0B,12,25,25,24,95.83333333333333,100.0,95.83333333333333,100.0,24,100.0,ok
boltz2,HIF2alpha,12,21,21,20,0.0,0.0,0.0,0.0,20,100.0,ok
boltz2,HIF2alpha,13,21,21,20,0.0,0.0,0.0,0.0,20,100.0,ok
esmfold2,HIF2alpha,13,21,21,20,100.0,100.0,100.0,100.0,20,100.0,ok
boltz2,GCGR,13,25,25,8,100.0,100.0,100.0,100.0,8,100.0,ok
confornet_nomsa,HIV1_CA,13,16,16,14,92.85714285714286,92.85714285714286,92.85714285714286,92.85714285714286,14,100.0,ok
molgen_ns1.0,HIF2alpha__6D0B,13,25,25,24,62.5,70.83333333333333,62.5,70.83333333333333,24,100.0,ok
esmfold2,HIF2alpha__6D0B,13,25,25,24,95.83333333333333,100.0,95.83333333333333,100.0,24,100.0,ok
boltz2,HIV_RT,13,19,19,11,0.0,0.0,0.0,0.0,11,100.0,ok
boltz2,HIV_RT__3V81,13,17,17,11,36.36363636363637,27.272727272727273,27.272727272727273,36.36363636363637,11,100.0,ok
boltz2,HIV1_CA,13,16,16,14,85.71428571428571,85.71428571428571,85.71428571428571,85.71428571428571,14,100.0,ok
molgen_ns1.0,NDPK-A,13,17,17,15,60.0,53.333333333333336,46.666666666666664,66.66666666666667,15,100.0,ok
molgen_ns1.0,METTL14,13,22,22,18,77.77777777777777,83.33333333333333,77.77777777777777,83.33333333333333,18,100.0,ok
confornet_nomsa,KRAS,13,21,21,15,80.0,73.33333333333333,73.33333333333333,80.0,15,100.0,ok
confornet_nomsa,GCGR,13,25,25,8,75.0,87.5,75.0,87.5,8,100.0,ok
boltz2,NDPK-A,13,17,17,15,0.0,0.0,0.0,0.0,15,100.0,ok
boltz2,METTL14,13,22,22,18,0.0,0.0,0.0,0.0,18,100.0,ok
molgen_ns1.0,CB1,13,28,28,20,85.0,70.0,65.0,90.0,20,100.0,ok
esmfold2,THSR,13,26,26,25,96.0,96.0,96.0,96.0,25,100.0,ok
esmfold2,Menin,13,14,14,14,100.0,100.0,100.0,100.0,14,100.0,ok
confornet_nomsa,CB1,13,28,28,20,5.0,15.0,5.0,15.0,20,100.0,ok
esmfold2,THSR__7UTZ,13,24,24,23,34.78260869565217,43.47826086956522,34.78260869565217,43.47826086956522,23,100.0,ok
confornet_nomsa,cAbl,13,23,23,16,100.0,93.75,93.75,100.0,16,100.0,ok
molgen_ns1.0,THSR__7UTZ,13,24,24,23,82.6086956521739,82.6086956521739,82.6086956521739,82.6086956521739,23,100.0,ok
molgen_ns1.0,THSR,13,26,26,25,80.0,72.0,68.0,84.0,25,100.0,ok
boltz2,GLTP,13,8,8,6,66.66666666666667,66.66666666666667,50.0,83.33333333333333,6,100.0,ok
confornet_nomsa,p53_Y220C__4AGQ,13,17,17,16,93.75,93.75,93.75,93.75,16,100.0,ok
esmfold2,cAbl,13,23,23,16,100.0,100.0,100.0,100.0,16,100.0,ok
esmfold2,p53_Y220C,13,19,19,18,100.0,100.0,100.0,100.0,18,100.0,ok
confornet_nomsa,p53_Y220C,13,19,19,18,100.0,94.44444444444444,94.44444444444444,100.0,18,100.0,ok
boltz2,FUT8,13,22,22,20,95.0,85.0,85.0,95.0,20,100.0,ok
molgen_ns1.0,cAbl,13,23,23,16,75.0,68.75,62.5,81.25,16,100.0,ok
boltz2,Bcl-xL,13,21,22,17,35.294117647058826,23.529411764705884,23.529411764705884,35.294117647058826,17,100.0,ok
boltz2,cAbl,13,23,23,16,100.0,100.0,100.0,100.0,16,100.0,ok
molgen_ns1.0,p53_Y220C,13,19,19,18,61.111111111111114,61.111111111111114,61.111111111111114,61.111111111111114,18,100.0,ok
boltz2,p53_Y220C,13,19,19,18,100.0,100.0,100.0,100.0,18,100.0,ok
esmfold2,p53_Y220C__4AGQ,13,17,17,16,100.0,100.0,100.0,100.0,16,100.0,ok
boltz2,p53_Y220C__4AGQ,13,17,17,16,100.0,100.0,100.0,100.0,16,100.0,ok
molgen_ns1.0,HIV_RT__3V81,13,17,17,11,81.81818181818181,54.54545454545455,54.54545454545455,81.81818181818181,11,100.0,ok
boltz2,betaLG,13,16,16,15,93.33333333333333,93.33333333333333,86.66666666666667,100.0,15,100.0,ok
esmfold2,CB1,13,28,28,20,80.0,70.0,70.0,80.0,20,100.0,ok
confornet_nomsa,HIF2alpha,13,21,21,20,85.0,80.0,80.0,85.0,20,100.0,ok
boltz2,SHP2,13,19,19,17,88.23529411764706,82.3529411764706,82.3529411764706,88.23529411764706,17,100.0,ok
molgen_ns1.0,Menin,13,14,14,14,57.142857142857146,57.142857142857146,50.0,64.28571428571429,14,100.0,ok
esmfold2,KRAS,13,21,21,15,73.33333333333333,73.33333333333333,73.33333333333333,73.33333333333333,15,100.0,ok
molgen_ns1.0,GCGR,13,25,25,8,50.0,75.0,50.0,75.0,8,100.0,ok
esmfold2,HIV_RT__3V81,13,17,17,11,100.0,100.0,100.0,100.0,11,100.0,ok
molgen_ns1.0,KRAS,13,21,21,15,80.0,66.66666666666667,66.66666666666667,80.0,15,100.0,ok
esmfold2,Bcl-xL,13,21,22,17,94.11764705882354,100.0,94.11764705882354,100.0,17,100.0,ok
molgen_ns1.0,p53_Y220C__4AGQ,13,17,17,16,56.25,56.25,56.25,56.25,16,100.0,ok
boltz2,THSR__7UTZ,13,24,24,23,21.73913043478261,21.73913043478261,21.73913043478261,21.73913043478261,23,100.0,ok
esmfold2,FUT8,13,22,22,20,100.0,100.0,100.0,100.0,20,100.0,ok
esmfold2,GLTP,13,8,8,6,100.0,83.33333333333333,83.33333333333333,100.0,6,100.0,ok
esmfold2,NDPK-A,13,17,17,15,100.0,100.0,100.0,100.0,15,100.0,ok
esmfold2,METTL14,13,22,22,18,100.0,100.0,100.0,100.0,18,100.0,ok
molgen_ns1.0,FUT8,13,22,22,20,80.0,75.0,75.0,80.0,20,100.0,ok
boltz2,Menin,13,14,14,14,100.0,100.0,100.0,100.0,14,100.0,ok
boltz2,THSR,13,26,26,25,8.0,4.0,4.0,8.0,25,100.0,ok
esmfold2,SHP2,13,19,19,17,100.0,100.0,100.0,100.0,17,100.0,ok
esmfold2,GCGR,13,25,25,8,87.5,100.0,87.5,100.0,8,100.0,ok
molgen_ns1.0,HIV1_CA,13,16,16,14,71.42857142857143,71.42857142857143,71.42857142857143,71.42857142857143,14,100.0,ok
molgen_ns1.0,HIV_RT,13,19,19,11,90.9090909090909,90.9090909090909,90.9090909090909,90.9090909090909,11,100.0,ok
confornet_nomsa,HIF2alpha__6D0B,13,25,25,24,95.83333333333333,100.0,95.83333333333333,100.0,24,100.0,ok
esmfold2,HIV1_CA,13,16,16,14,92.85714285714286,100.0,92.85714285714286,100.0,14,100.0,ok
esmfold2,HIV_RT,13,19,19,11,0.0,0.0,0.0,0.0,11,100.0,ok
molgen_ns1.0,HIF2alpha,13,21,21,20,75.0,75.0,75.0,75.0,20,100.0,ok
molgen_ns1.0,GLTP,13,8,8,6,16.666666666666668,0.0,0.0,16.666666666666668,6,100.0,ok
esmfold2,betaLG,13,16,16,15,100.0,100.0,100.0,100.0,15,100.0,ok
boltz2,KRAS,13,21,21,15,73.33333333333333,66.66666666666667,60.0,80.0,15,100.0,ok
molgen_ns1.0,Bcl-xL,13,21,21,17,70.58823529411765,64.70588235294117,64.70588235294117,70.58823529411765,17,100.0,ok
boltz2,HIF2alpha__6D0B,13,25,25,24,0.0,0.0,0.0,0.0,24,100.0,ok
molgen_ns1.0,SHP2,13,19,19,17,64.70588235294117,76.47058823529412,64.70588235294117,76.47058823529412,17,100.0,ok
molgen_ns1.0,betaLG,13,16,16,15,66.66666666666667,73.33333333333333,66.66666666666667,73.33333333333333,15,100.0,ok
boltz2,CB1,13,28,28,20,85.0,85.0,80.0,90.0,20,100.0,ok
boltz2,CB1,14,28,28,20,70.0,70.0,70.0,70.0,20,100.0,ok
molgen_ns1.0,SHP2,14,19,19,17,70.58823529411765,70.58823529411765,70.58823529411765,70.58823529411765,17,100.0,ok
molgen_ns1.0,HIF2alpha__6D0B,14,25,25,24,75.0,70.83333333333333,70.83333333333333,75.0,24,100.0,ok
confornet_nomsa,HIV1_CA,14,16,16,14,92.85714285714286,92.85714285714286,92.85714285714286,92.85714285714286,14,100.0,ok
esmfold2,HIF2alpha,14,21,21,20,100.0,100.0,100.0,100.0,20,100.0,ok
esmfold2,GCGR,14,25,25,8,87.5,100.0,87.5,100.0,8,100.0,ok
molgen_ns1.0,HIV_RT,14,19,19,11,90.9090909090909,81.81818181818181,81.81818181818181,90.9090909090909,11,100.0,ok
confornet_nomsa,HIF2alpha__6D0B,14,25,25,24,95.83333333333333,100.0,95.83333333333333,100.0,24,100.0,ok
esmfold2,CB1,14,28,28,20,60.0,60.0,50.0,70.0,20,100.0,ok
boltz2,betaLG,14,16,16,15,100.0,93.33333333333333,93.33333333333333,100.0,15,100.0,ok
molgen_ns1.0,HIV_RT__3V81,14,17,17,11,63.63636363636363,63.63636363636363,54.54545454545455,72.72727272727273,11,100.0,ok
confornet_nomsa,HIF2alpha,14,21,21,20,90.0,95.0,90.0,95.0,20,100.0,ok
molgen_ns1.0,GLTP,14,8,8,6,50.0,50.0,50.0,50.0,6,100.0,ok
boltz2,KRAS,14,21,21,15,80.0,66.66666666666667,66.66666666666667,80.0,15,100.0,ok
esmfold2,betaLG,14,16,16,15,100.0,100.0,100.0,100.0,15,100.0,ok
esmfold2,HIV_RT,14,19,19,11,0.0,0.0,0.0,0.0,11,100.0,ok
esmfold2,HIV1_CA,14,16,16,14,85.71428571428571,92.85714285714286,85.71428571428571,92.85714285714286,14,100.0,ok
molgen_ns1.0,HIF2alpha,14,21,21,20,75.0,75.0,75.0,75.0,20,100.0,ok
boltz2,HIV_RT__3V81,14,17,17,11,36.36363636363637,36.36363636363637,36.36363636363637,36.36363636363637,11,100.0,ok
molgen_ns1.0,METTL14,14,22,22,18,77.77777777777777,72.22222222222223,72.22222222222223,77.77777777777777,18,100.0,ok
boltz2,HIV_RT,14,19,19,11,0.0,9.090909090909092,0.0,9.090909090909092,11,100.0,ok
esmfold2,SHP2,14,19,19,17,100.0,100.0,100.0,100.0,17,100.0,ok
boltz2,THSR,14,26,26,25,8.0,8.0,8.0,8.0,25,100.0,ok
molgen_ns1.0,p53_Y220C__4AGQ,14,17,17,16,62.5,68.75,62.5,68.75,16,100.0,ok
boltz2,THSR__7UTZ,14,24,24,23,13.043478260869565,13.043478260869565,13.043478260869565,13.043478260869565,23,100.0,ok
esmfold2,GLTP,14,8,8,6,100.0,100.0,100.0,100.0,6,100.0,ok
boltz2,NDPK-A,14,17,17,15,0.0,0.0,0.0,0.0,15,100.0,ok
confornet_nomsa,KRAS,14,21,21,15,86.66666666666667,80.0,80.0,86.66666666666667,15,100.0,ok
esmfold2,FUT8,14,22,22,20,100.0,100.0,100.0,100.0,20,100.0,ok
esmfold2,METTL14,14,22,22,18,100.0,100.0,100.0,100.0,18,100.0,ok
molgen_ns1.0,FUT8,14,22,22,20,65.0,65.0,60.0,70.0,20,100.0,ok
esmfold2,HIV_RT__3V81,14,17,17,11,100.0,100.0,100.0,100.0,11,100.0,ok
esmfold2,KRAS,14,21,21,15,86.66666666666667,80.0,80.0,86.66666666666667,15,100.0,ok
confornet_nomsa,cAbl,14,23,23,16,100.0,93.75,93.75,100.0,16,100.0,ok
molgen_ns1.0,GCGR,14,25,25,8,37.5,12.5,0.0,50.0,8,100.0,ok
boltz2,Menin,14,14,14,14,100.0,100.0,100.0,100.0,14,100.0,ok
esmfold2,NDPK-A,14,17,17,15,100.0,100.0,100.0,100.0,15,100.0,ok
boltz2,SHP2,14,19,19,17,88.23529411764706,88.23529411764706,82.3529411764706,94.11764705882354,17,100.0,ok
molgen_ns1.0,Menin,14,14,14,14,71.42857142857143,78.57142857142857,64.28571428571429,85.71428571428571,14,100.0,ok
molgen_ns1.0,KRAS,14,21,21,15,80.0,46.666666666666664,46.666666666666664,80.0,15,100.0,ok
molgen_ns1.0,Bcl-xL,14,21,21,17,70.58823529411765,64.70588235294117,64.70588235294117,70.58823529411765,17,100.0,ok
boltz2,p53_Y220C__4AGQ,14,17,17,16,100.0,100.0,100.0,100.0,16,100.0,ok
esmfold2,p53_Y220C__4AGQ,14,17,17,16,100.0,100.0,100.0,100.0,16,100.0,ok
confornet_nomsa,p53_Y220C__4AGQ,14,17,17,16,93.75,93.75,93.75,93.75,16,100.0,ok
esmfold2,Bcl-xL,14,21,22,17,82.3529411764706,94.11764705882354,82.3529411764706,94.11764705882354,17,100.0,ok
confornet_nomsa,p53_Y220C,14,19,19,18,100.0,88.88888888888889,88.88888888888889,100.0,18,100.0,ok
esmfold2,cAbl,14,23,23,16,100.0,100.0,100.0,100.0,16,100.0,ok
boltz2,HIF2alpha__6D0B,14,25,25,24,8.333333333333334,12.5,8.333333333333334,12.5,24,100.0,ok
molgen_ns1.0,cAbl,14,23,23,16,87.5,81.25,81.25,87.5,16,100.0,ok
boltz2,FUT8,14,22,22,20,95.0,95.0,95.0,95.0,20,100.0,ok
boltz2,Bcl-xL,14,21,22,17,29.41176470588235,29.41176470588235,29.41176470588235,29.41176470588235,17,100.0,ok
molgen_ns1.0,THSR,14,26,26,25,80.0,88.0,80.0,88.0,25,100.0,ok
boltz2,GCGR,14,25,25,8,100.0,100.0,100.0,100.0,8,100.0,ok
boltz2,HIF2alpha,14,21,21,20,0.0,0.0,0.0,0.0,20,100.0,ok
molgen_ns1.0,NDPK-A,14,17,17,15,66.66666666666667,53.333333333333336,53.333333333333336,66.66666666666667,15,100.0,ok
boltz2,HIV1_CA,14,16,16,14,21.428571428571427,28.571428571428573,21.428571428571427,28.571428571428573,14,100.0,ok
esmfold2,HIF2alpha__6D0B,14,25,25,24,95.83333333333333,100.0,95.83333333333333,100.0,24,100.0,ok
esmfold2,p53_Y220C,14,19,19,18,100.0,100.0,100.0,100.0,18,100.0,ok
boltz2,GLTP,14,8,8,6,83.33333333333333,83.33333333333333,66.66666666666667,100.0,6,100.0,ok
molgen_ns1.0,THSR__7UTZ,14,24,24,23,69.56521739130434,73.91304347826087,69.56521739130434,73.91304347826087,23,100.0,ok
boltz2,p53_Y220C,14,19,19,18,100.0,100.0,100.0,100.0,18,100.0,ok
molgen_ns1.0,p53_Y220C,14,19,19,18,61.111111111111114,55.55555555555556,55.55555555555556,61.111111111111114,18,100.0,ok
boltz2,cAbl,14,23,23,16,100.0,100.0,100.0,100.0,16,100.0,ok
esmfold2,THSR__7UTZ,14,24,24,23,47.82608695652174,47.82608695652174,43.47826086956522,52.17391304347826,23,100.0,ok
esmfold2,Menin,14,14,14,14,100.0,100.0,100.0,100.0,14,100.0,ok
esmfold2,THSR,14,26,26,25,92.0,96.0,92.0,96.0,25,100.0,ok
molgen_ns1.0,CB1,14,28,28,20,65.0,50.0,50.0,65.0,20,100.0,ok
confornet_nomsa,CB1,14,28,28,20,0.0,0.0,0.0,0.0,20,100.0,ok
confornet_nomsa,GCGR,14,25,25,8,75.0,87.5,75.0,87.5,8,100.0,ok
boltz2,METTL14,14,22,22,18,0.0,0.0,0.0,0.0,18,100.0,ok
molgen_ns1.0,GLTP,15,8,8,6,83.33333333333333,66.66666666666667,66.66666666666667,83.33333333333333,6,100.0,ok
esmfold2,betaLG,15,16,16,15,100.0,100.0,100.0,100.0,15,100.0,ok
esmfold2,SHP2,15,19,19,17,100.0,100.0,100.0,100.0,17,100.0,ok
molgen_ns1.0,HIV_RT__3V81,15,17,17,11,63.63636363636363,45.45454545454545,45.45454545454545,63.63636363636363,11,100.0,ok
boltz2,betaLG,15,16,16,15,100.0,93.33333333333333,93.33333333333333,100.0,15,100.0,ok
confornet_nomsa,HIF2alpha,15,21,21,20,85.0,80.0,80.0,85.0,20,100.0,ok
esmfold2,HIV1_CA,15,16,16,14,85.71428571428571,85.71428571428571,85.71428571428571,85.71428571428571,14,100.0,ok
boltz2,HIV_RT__3V81,15,17,17,11,27.272727272727273,27.272727272727273,27.272727272727273,27.272727272727273,11,100.0,ok
molgen_ns1.0,METTL14,15,22,22,18,77.77777777777777,83.33333333333333,77.77777777777777,83.33333333333333,18,100.0,ok
boltz2,HIV_RT,15,19,19,11,0.0,0.0,0.0,0.0,11,100.0,ok
molgen_ns1.0,HIF2alpha,15,21,21,20,85.0,85.0,85.0,85.0,20,100.0,ok
esmfold2,HIV_RT,15,19,19,11,0.0,0.0,0.0,0.0,11,100.0,ok
molgen_ns1.0,SHP2,15,19,19,17,76.47058823529412,88.23529411764706,76.47058823529412,88.23529411764706,17,100.0,ok
boltz2,NDPK-A,15,17,17,15,0.0,0.0,0.0,0.0,15,100.0,ok
molgen_ns1.0,THSR,15,26,26,25,92.0,92.0,92.0,92.0,25,100.0,ok
boltz2,METTL14,15,22,22,18,5.555555555555555,11.11111111111111,5.555555555555555,11.11111111111111,18,100.0,ok
confornet_nomsa,KRAS,15,21,21,15,73.33333333333333,73.33333333333333,73.33333333333333,73.33333333333333,15,100.0,ok
esmfold2,KRAS,15,21,21,15,80.0,86.66666666666667,80.0,86.66666666666667,15,100.0,ok
esmfold2,Menin,15,14,14,14,100.0,100.0,100.0,100.0,14,100.0,ok
esmfold2,GLTP,15,8,8,6,100.0,100.0,100.0,100.0,6,100.0,ok
confornet_nomsa,cAbl,15,23,23,16,100.0,93.75,93.75,100.0,16,100.0,ok
esmfold2,NDPK-A,15,17,17,15,93.33333333333333,93.33333333333333,93.33333333333333,93.33333333333333,15,100.0,ok
boltz2,THSR,15,26,26,25,20.0,20.0,20.0,20.0,25,100.0,ok
molgen_ns1.0,p53_Y220C__4AGQ,15,17,17,16,56.25,56.25,56.25,56.25,16,100.0,ok
boltz2,THSR__7UTZ,15,24,24,23,21.73913043478261,21.73913043478261,21.73913043478261,21.73913043478261,23,100.0,ok
esmfold2,FUT8,15,22,22,20,100.0,100.0,100.0,100.0,20,100.0,ok
molgen_ns1.0,Menin,15,14,14,14,71.42857142857143,78.57142857142857,71.42857142857143,78.57142857142857,14,100.0,ok
boltz2,KRAS,15,21,21,15,73.33333333333333,53.333333333333336,53.333333333333336,73.33333333333333,15,100.0,ok
boltz2,SHP2,15,19,19,17,52.94117647058823,52.94117647058823,52.94117647058823,52.94117647058823,17,100.0,ok
molgen_ns1.0,GCGR,15,25,25,8,37.5,50.0,37.5,50.0,8,100.0,ok
molgen_ns1.0,KRAS,15,21,21,15,80.0,73.33333333333333,73.33333333333333,80.0,15,100.0,ok
esmfold2,HIV_RT__3V81,15,17,17,11,100.0,100.0,100.0,100.0,11,100.0,ok
esmfold2,METTL14,15,22,22,18,100.0,100.0,100.0,100.0,18,100.0,ok
molgen_ns1.0,Bcl-xL,15,21,21,17,64.70588235294117,58.8235294117647,58.8235294117647,64.70588235294117,17,100.0,ok
boltz2,Menin,15,14,14,14,100.0,100.0,100.0,100.0,14,100.0,ok
molgen_ns1.0,HIF2alpha__6D0B,15,25,25,24,70.83333333333333,66.66666666666667,66.66666666666667,70.83333333333333,24,100.0,ok
molgen_ns1.0,HIV_RT,15,19,19,11,100.0,63.63636363636363,63.63636363636363,100.0,11,100.0,ok
esmfold2,GCGR,15,25,25,8,87.5,100.0,87.5,100.0,8,100.0,ok
confornet_nomsa,HIF2alpha__6D0B,15,25,25,24,91.66666666666667,95.83333333333333,91.66666666666667,95.83333333333333,24,100.0,ok
esmfold2,CB1,15,28,28,20,60.0,65.0,55.0,70.0,20,100.0,ok
molgen_ns1.0,betaLG,15,16,16,15,73.33333333333333,73.33333333333333,66.66666666666667,80.0,15,100.0,ok
boltz2,GCGR,15,25,25,8,100.0,100.0,100.0,100.0,8,100.0,ok
boltz2,CB1,15,28,28,20,90.0,85.0,85.0,90.0,20,100.0,ok
esmfold2,HIF2alpha__6D0B,15,25,25,24,95.83333333333333,100.0,95.83333333333333,100.0,24,100.0,ok
confornet_nomsa,HIV1_CA,15,16,16,14,100.0,100.0,100.0,100.0,14,100.0,ok
molgen_ns1.0,p53_Y220C,15,19,19,18,55.55555555555556,55.55555555555556,55.55555555555556,55.55555555555556,18,100.0,ok
boltz2,p53_Y220C,15,19,19,18,100.0,100.0,100.0,100.0,18,100.0,ok
esmfold2,cAbl,15,23,23,16,93.75,100.0,93.75,100.0,16,100.0,ok
boltz2,cAbl,15,23,23,16,93.75,100.0,93.75,100.0,16,100.0,ok
molgen_ns1.0,THSR__7UTZ,15,24,24,23,91.30434782608695,91.30434782608695,91.30434782608695,91.30434782608695,23,100.0,ok
boltz2,GLTP,15,8,8,6,33.333333333333336,50.0,16.666666666666668,66.66666666666667,6,100.0,ok
esmfold2,THSR,15,26,26,25,92.0,96.0,92.0,96.0,25,100.0,ok
confornet_nomsa,GCGR,15,25,25,8,75.0,75.0,75.0,75.0,8,100.0,ok
confornet_nomsa,CB1,15,28,28,20,5.0,10.0,5.0,10.0,20,100.0,ok
esmfold2,THSR__7UTZ,15,24,24,23,47.82608695652174,43.47826086956522,43.47826086956522,47.82608695652174,23,100.0,ok
molgen_ns1.0,CB1,15,28,28,20,75.0,70.0,70.0,75.0,20,100.0,ok
boltz2,FUT8,15,22,22,20,95.0,95.0,95.0,95.0,20,100.0,ok
boltz2,HIF2alpha__6D0B,15,25,25,24,0.0,0.0,0.0,0.0,24,100.0,ok
confornet_nomsa,p53_Y220C,15,19,19,18,100.0,94.44444444444444,94.44444444444444,100.0,18,100.0,ok
esmfold2,p53_Y220C,15,19,19,18,100.0,100.0,100.0,100.0,18,100.0,ok
boltz2,Bcl-xL,15,21,22,17,17.647058823529413,17.647058823529413,11.764705882352942,23.529411764705884,17,100.0,ok
molgen_ns1.0,cAbl,15,23,23,16,87.5,81.25,75.0,93.75,16,100.0,ok
esmfold2,Bcl-xL,15,21,22,17,94.11764705882354,100.0,94.11764705882354,100.0,17,100.0,ok
boltz2,p53_Y220C__4AGQ,15,17,17,16,100.0,100.0,100.0,100.0,16,100.0,ok
esmfold2,p53_Y220C__4AGQ,15,17,17,16,100.0,100.0,100.0,100.0,16,100.0,ok
confornet_nomsa,p53_Y220C__4AGQ,15,17,17,16,93.75,93.75,93.75,93.75,16,100.0,ok
esmfold2,HIF2alpha,15,21,21,20,100.0,100.0,100.0,100.0,20,100.0,ok
boltz2,HIF2alpha,15,21,21,20,0.0,0.0,0.0,0.0,20,100.0,ok
molgen_ns1.0,NDPK-A,15,17,17,15,46.666666666666664,33.333333333333336,33.333333333333336,46.666666666666664,15,100.0,ok
boltz2,HIV1_CA,15,16,16,14,35.714285714285715,35.714285714285715,35.714285714285715,35.714285714285715,14,100.0,ok
boltz2,HIV1_CA,16,16,16,14,21.428571428571427,14.285714285714286,14.285714285714286,21.428571428571427,14,100.0,ok
molgen_ns1.0,NDPK-A,16,17,17,15,60.0,40.0,40.0,60.0,15,100.0,ok
boltz2,CB1,16,28,28,20,80.0,70.0,70.0,80.0,20,100.0,ok
boltz2,HIF2alpha__6D0B,16,25,25,24,0.0,0.0,0.0,0.0,24,100.0,ok
boltz2,HIF2alpha,16,21,21,20,0.0,0.0,0.0,0.0,20,100.0,ok
molgen_ns1.0,HIV_RT,16,19,19,11,72.72727272727273,63.63636363636363,63.63636363636363,72.72727272727273,11,100.0,ok
esmfold2,HIF2alpha,16,21,21,20,100.0,100.0,100.0,100.0,20,100.0,ok
boltz2,p53_Y220C__4AGQ,16,17,17,16,100.0,100.0,100.0,100.0,16,100.0,ok
esmfold2,p53_Y220C__4AGQ,16,17,17,16,100.0,100.0,100.0,100.0,16,100.0,ok
boltz2,cAbl,16,23,23,16,100.0,100.0,100.0,100.0,16,100.0,ok
boltz2,p53_Y220C,16,19,19,18,100.0,100.0,100.0,100.0,18,100.0,ok
molgen_ns1.0,p53_Y220C,16,19,19,18,55.55555555555556,55.55555555555556,55.55555555555556,55.55555555555556,18,100.0,ok
confornet_nomsa,CB1,16,28,28,20,5.0,5.0,5.0,5.0,20,100.0,ok
esmfold2,cAbl,16,23,23,16,93.75,100.0,93.75,100.0,16,100.0,ok
confornet_nomsa,p53_Y220C__4AGQ,16,17,17,16,93.75,93.75,93.75,93.75,16,100.0,ok
confornet_nomsa,p53_Y220C,16,19,19,18,100.0,94.44444444444444,94.44444444444444,100.0,18,100.0,ok
esmfold2,p53_Y220C,16,19,19,18,100.0,100.0,100.0,100.0,18,100.0,ok
molgen_ns1.0,cAbl,16,23,23,16,81.25,75.0,75.0,81.25,16,100.0,ok
boltz2,Bcl-xL,16,21,22,17,5.882352941176471,5.882352941176471,5.882352941176471,5.882352941176471,17,100.0,ok
boltz2,FUT8,16,22,22,20,95.0,95.0,95.0,95.0,20,100.0,ok
molgen_ns1.0,p53_Y220C__4AGQ,16,17,17,16,50.0,50.0,50.0,50.0,16,100.0,ok
boltz2,THSR__7UTZ,16,24,24,23,17.391304347826086,17.391304347826086,17.391304347826086,17.391304347826086,23,100.0,ok
boltz2,THSR,16,26,26,25,28.0,28.0,20.0,36.0,25,100.0,ok
esmfold2,FUT8,16,22,22,20,100.0,100.0,100.0,100.0,20,100.0,ok
esmfold2,Bcl-xL,16,21,22,17,94.11764705882354,100.0,94.11764705882354,100.0,17,100.0,ok
esmfold2,METTL14,16,22,22,18,100.0,100.0,100.0,100.0,18,100.0,ok
esmfold2,NDPK-A,16,17,17,15,93.33333333333333,93.33333333333333,93.33333333333333,93.33333333333333,15,100.0,ok
confornet_nomsa,KRAS,16,21,21,15,80.0,73.33333333333333,73.33333333333333,80.0,15,100.0,ok
esmfold2,KRAS,16,21,21,15,73.33333333333333,73.33333333333333,66.66666666666667,80.0,15,100.0,ok
boltz2,Menin,16,14,14,14,100.0,100.0,100.0,100.0,14,100.0,ok
molgen_ns1.0,Bcl-xL,16,21,21,17,70.58823529411765,58.8235294117647,58.8235294117647,70.58823529411765,17,100.0,ok
boltz2,NDPK-A,16,17,17,15,0.0,0.0,0.0,0.0,15,100.0,ok
molgen_ns1.0,THSR,16,26,26,25,76.0,80.0,76.0,80.0,25,100.0,ok
boltz2,METTL14,16,22,22,18,0.0,0.0,0.0,0.0,18,100.0,ok
esmfold2,GLTP,16,8,8,6,100.0,100.0,100.0,100.0,6,100.0,ok
esmfold2,Menin,16,14,14,14,100.0,100.0,100.0,100.0,14,100.0,ok
confornet_nomsa,cAbl,16,23,23,16,100.0,93.75,93.75,100.0,16,100.0,ok
molgen_ns1.0,THSR__7UTZ,16,24,24,23,73.91304347826087,69.56521739130434,69.56521739130434,73.91304347826087,23,100.0,ok
molgen_ns1.0,CB1,16,28,28,20,70.0,65.0,65.0,70.0,20,100.0,ok
esmfold2,THSR,16,26,26,25,92.0,96.0,92.0,96.0,25,100.0,ok
esmfold2,THSR__7UTZ,16,24,24,23,39.130434782608695,43.47826086956522,39.130434782608695,43.47826086956522,23,100.0,ok
boltz2,GLTP,16,8,8,6,83.33333333333333,100.0,83.33333333333333,100.0,6,100.0,ok
boltz2,betaLG,16,16,16,15,100.0,93.33333333333333,93.33333333333333,100.0,15,100.0,ok
molgen_ns1.0,HIF2alpha,16,21,21,20,75.0,75.0,75.0,75.0,20,100.0,ok
molgen_ns1.0,HIV_RT__3V81,16,17,17,11,81.81818181818181,63.63636363636363,54.54545454545455,90.9090909090909,11,100.0,ok
esmfold2,HIV_RT__3V81,16,17,17,11,100.0,100.0,100.0,100.0,11,100.0,ok
esmfold2,HIV1_CA,16,16,16,14,85.71428571428571,92.85714285714286,85.71428571428571,92.85714285714286,14,100.0,ok
esmfold2,HIV_RT,16,19,19,11,0.0,0.0,0.0,0.0,11,100.0,ok
molgen_ns1.0,METTL14,16,22,22,18,72.22222222222223,77.77777777777777,72.22222222222223,77.77777777777777,18,100.0,ok
boltz2,HIV_RT__3V81,16,17,17,11,18.181818181818183,9.090909090909092,9.090909090909092,18.181818181818183,11,100.0,ok
boltz2,HIV_RT,16,19,19,11,0.0,0.0,0.0,0.0,11,100.0,ok
molgen_ns1.0,FUT8,16,22,22,20,85.0,80.0,80.0,85.0,20,100.0,ok
boltz2,KRAS,16,21,21,15,80.0,53.333333333333336,53.333333333333336,80.0,15,100.0,ok
molgen_ns1.0,GLTP,16,8,8,6,66.66666666666667,66.66666666666667,66.66666666666667,66.66666666666667,6,100.0,ok
esmfold2,betaLG,16,16,16,15,100.0,100.0,100.0,100.0,15,100.0,ok
confornet_nomsa,HIF2alpha__6D0B,16,25,25,24,95.83333333333333,100.0,95.83333333333333,100.0,24,100.0,ok
molgen_ns1.0,HIV1_CA,16,16,16,14,78.57142857142857,71.42857142857143,71.42857142857143,78.57142857142857,14,100.0,ok
boltz2,GCGR,16,25,25,8,100.0,100.0,100.0,100.0,8,100.0,ok
molgen_ns1.0,betaLG,16,16,16,15,73.33333333333333,80.0,73.33333333333333,80.0,15,100.0,ok
molgen_ns1.0,HIF2alpha__6D0B,16,25,25,24,70.83333333333333,70.83333333333333,70.83333333333333,70.83333333333333,24,100.0,ok
esmfold2,HIF2alpha__6D0B,16,25,25,24,95.83333333333333,100.0,95.83333333333333,100.0,24,100.0,ok
confornet_nomsa,HIV1_CA,16,16,16,14,92.85714285714286,92.85714285714286,92.85714285714286,92.85714285714286,14,100.0,ok
esmfold2,GCGR,16,25,25,8,87.5,100.0,87.5,100.0,8,100.0,ok
molgen_ns1.0,SHP2,16,19,19,17,82.3529411764706,82.3529411764706,82.3529411764706,82.3529411764706,17,100.0,ok
esmfold2,CB1,16,28,28,20,65.0,60.0,50.0,75.0,20,100.0,ok
molgen_ns1.0,Menin,16,14,14,14,64.28571428571429,71.42857142857143,64.28571428571429,71.42857142857143,14,100.0,ok
boltz2,SHP2,16,19,19,17,5.882352941176471,5.882352941176471,5.882352941176471,5.882352941176471,17,100.0,ok
esmfold2,SHP2,16,19,19,17,100.0,100.0,100.0,100.0,17,100.0,ok
confornet_nomsa,GCGR,16,25,25,8,75.0,87.5,75.0,87.5,8,100.0,ok
confornet_nomsa,HIF2alpha,16,21,21,20,80.0,85.0,80.0,85.0,20,100.0,ok
molgen_ns1.0,GCGR,16,25,25,8,75.0,75.0,62.5,87.5,8,100.0,ok
molgen_ns1.0,KRAS,16,21,21,15,60.0,40.0,40.0,60.0,15,100.0,ok
boltz2,cAbl,17,23,23,16,93.75,100.0,93.75,100.0,16,100.0,ok
boltz2,p53_Y220C,17,19,19,18,100.0,100.0,100.0,100.0,18,100.0,ok
boltz2,HIV1_CA,17,16,16,14,21.428571428571427,28.571428571428573,21.428571428571427,28.571428571428573,14,100.0,ok
molgen_ns1.0,NDPK-A,17,17,17,15,46.666666666666664,33.333333333333336,33.333333333333336,46.666666666666664,15,100.0,ok
esmfold2,p53_Y220C__4AGQ,17,17,17,16,100.0,100.0,100.0,100.0,16,100.0,ok
boltz2,p53_Y220C__4AGQ,17,17,17,16,100.0,100.0,100.0,100.0,16,100.0,ok
boltz2,Bcl-xL,17,21,22,17,23.529411764705884,23.529411764705884,23.529411764705884,23.529411764705884,17,100.0,ok
boltz2,FUT8,17,22,22,20,95.0,85.0,85.0,95.0,20,100.0,ok
esmfold2,p53_Y220C,17,19,19,18,100.0,100.0,100.0,100.0,18,100.0,ok
confornet_nomsa,p53_Y220C,17,19,19,18,100.0,100.0,100.0,100.0,18,100.0,ok
molgen_ns1.0,cAbl,17,23,23,16,87.5,87.5,87.5,87.5,16,100.0,ok
esmfold2,KRAS,17,21,21,15,73.33333333333333,73.33333333333333,73.33333333333333,73.33333333333333,15,100.0,ok
esmfold2,METTL14,17,22,22,18,100.0,100.0,100.0,100.0,18,100.0,ok
molgen_ns1.0,Bcl-xL,17,21,21,17,64.70588235294117,64.70588235294117,64.70588235294117,64.70588235294117,17,100.0,ok
esmfold2,NDPK-A,17,17,17,15,100.0,100.0,100.0,100.0,15,100.0,ok
boltz2,THSR,17,26,26,25,48.0,36.0,32.0,52.0,25,100.0,ok
boltz2,Menin,17,14,14,14,100.0,100.0,100.0,100.0,14,100.0,ok
molgen_ns1.0,p53_Y220C__4AGQ,17,17,17,16,50.0,43.75,43.75,50.0,16,100.0,ok
boltz2,THSR__7UTZ,17,24,24,23,13.043478260869565,8.695652173913043,8.695652173913043,13.043478260869565,23,100.0,ok
esmfold2,FUT8,17,22,22,20,100.0,100.0,100.0,100.0,20,100.0,ok
esmfold2,Bcl-xL,17,21,22,17,88.23529411764706,100.0,88.23529411764706,100.0,17,100.0,ok
esmfold2,THSR,17,26,26,25,92.0,92.0,88.0,96.0,25,100.0,ok
molgen_ns1.0,THSR__7UTZ,17,24,24,23,73.91304347826087,69.56521739130434,69.56521739130434,73.91304347826087,23,100.0,ok
esmfold2,cAbl,17,23,23,16,100.0,100.0,100.0,100.0,16,100.0,ok
boltz2,GLTP,17,8,8,6,100.0,100.0,100.0,100.0,6,100.0,ok
confornet_nomsa,CB1,17,28,28,20,10.0,15.0,10.0,15.0,20,100.0,ok
esmfold2,THSR__7UTZ,17,24,24,23,73.91304347826087,69.56521739130434,69.56521739130434,73.91304347826087,23,100.0,ok
boltz2,METTL14,17,22,22,18,0.0,0.0,0.0,0.0,18,100.0,ok
molgen_ns1.0,CB1,17,28,28,20,65.0,65.0,65.0,65.0,20,100.0,ok
boltz2,NDPK-A,17,17,17,15,0.0,0.0,0.0,0.0,15,100.0,ok
confornet_nomsa,cAbl,17,23,23,16,100.0,93.75,93.75,100.0,16,100.0,ok
molgen_ns1.0,THSR,17,26,26,25,72.0,68.0,68.0,72.0,25,100.0,ok
esmfold2,Menin,17,14,14,14,100.0,100.0,100.0,100.0,14,100.0,ok
esmfold2,GLTP,17,8,8,6,100.0,100.0,100.0,100.0,6,100.0,ok
confornet_nomsa,p53_Y220C__4AGQ,17,17,17,16,93.75,93.75,93.75,93.75,16,100.0,ok
molgen_ns1.0,SHP2,17,19,19,17,64.70588235294117,58.8235294117647,52.94117647058823,70.58823529411765,17,100.0,ok
boltz2,HIF2alpha__6D0B,17,25,25,24,0.0,0.0,0.0,0.0,24,100.0,ok
esmfold2,HIF2alpha,17,21,21,20,100.0,100.0,100.0,100.0,20,100.0,ok
molgen_ns1.0,HIV_RT,17,19,19,11,54.54545454545455,54.54545454545455,45.45454545454545,63.63636363636363,11,100.0,ok
boltz2,HIF2alpha,17,21,21,20,0.0,0.0,0.0,0.0,20,100.0,ok
molgen_ns1.0,HIV_RT__3V81,17,17,17,11,72.72727272727273,63.63636363636363,63.63636363636363,72.72727272727273,11,100.0,ok
boltz2,KRAS,17,21,21,15,80.0,60.0,60.0,80.0,15,100.0,ok
molgen_ns1.0,GLTP,17,8,8,6,100.0,100.0,100.0,100.0,6,100.0,ok
esmfold2,SHP2,17,19,19,17,100.0,100.0,100.0,100.0,17,100.0,ok
esmfold2,HIV1_CA,17,16,16,14,85.71428571428571,92.85714285714286,85.71428571428571,92.85714285714286,14,100.0,ok
molgen_ns1.0,HIF2alpha,17,21,21,20,65.0,70.0,65.0,70.0,20,100.0,ok
esmfold2,HIV_RT,17,19,19,11,0.0,0.0,0.0,0.0,11,100.0,ok
esmfold2,HIV_RT__3V81,17,17,17,11,90.9090909090909,90.9090909090909,81.81818181818181,100.0,11,100.0,ok
esmfold2,betaLG,17,16,16,15,100.0,100.0,100.0,100.0,15,100.0,ok
molgen_ns1.0,GCGR,17,25,25,8,87.5,62.5,50.0,100.0,8,100.0,ok
confornet_nomsa,KRAS,17,21,21,15,73.33333333333333,73.33333333333333,73.33333333333333,73.33333333333333,15,100.0,ok
molgen_ns1.0,KRAS,17,21,21,15,86.66666666666667,73.33333333333333,73.33333333333333,86.66666666666667,15,100.0,ok
molgen_ns1.0,Menin,17,14,14,14,71.42857142857143,78.57142857142857,71.42857142857143,78.57142857142857,14,100.0,ok
confornet_nomsa,HIF2alpha,17,21,21,20,75.0,80.0,75.0,80.0,20,100.0,ok
confornet_nomsa,GCGR,17,25,25,8,75.0,75.0,75.0,75.0,8,100.0,ok
boltz2,SHP2,17,19,19,17,58.8235294117647,52.94117647058823,52.94117647058823,58.8235294117647,17,100.0,ok
boltz2,HIV_RT,17,19,19,11,0.0,0.0,0.0,0.0,11,100.0,ok
molgen_ns1.0,FUT8,17,22,22,20,75.0,75.0,70.0,80.0,20,100.0,ok
molgen_ns1.0,METTL14,17,22,22,18,88.88888888888889,77.77777777777777,77.77777777777777,88.88888888888889,18,100.0,ok
boltz2,HIV_RT__3V81,17,17,17,11,18.181818181818183,18.181818181818183,9.090909090909092,27.272727272727273,11,100.0,ok
boltz2,betaLG,17,16,16,15,100.0,100.0,100.0,100.0,15,100.0,ok
esmfold2,CB1,17,28,28,20,70.0,70.0,65.0,75.0,20,100.0,ok
confornet_nomsa,HIF2alpha__6D0B,17,25,25,24,95.83333333333333,100.0,95.83333333333333,100.0,24,100.0,ok
molgen_ns1.0,HIF2alpha__6D0B,17,25,25,24,79.16666666666667,75.0,70.83333333333333,83.33333333333333,24,100.0,ok
molgen_ns1.0,HIV1_CA,17,16,16,14,85.71428571428571,85.71428571428571,85.71428571428571,85.71428571428571,14,100.0,ok
boltz2,CB1,17,28,28,20,90.0,80.0,80.0,90.0,20,100.0,ok
confornet_nomsa,HIV1_CA,17,16,16,14,92.85714285714286,92.85714285714286,92.85714285714286,92.85714285714286,14,100.0,ok
esmfold2,HIF2alpha__6D0B,17,25,25,24,95.83333333333333,100.0,95.83333333333333,100.0,24,100.0,ok
esmfold2,GCGR,17,25,25,8,87.5,87.5,75.0,100.0,8,100.0,ok
boltz2,GCGR,17,25,25,8,100.0,100.0,100.0,100.0,8,100.0,ok
molgen_ns1.0,betaLG,17,16,16,15,73.33333333333333,73.33333333333333,66.66666666666667,80.0,15,100.0,ok
boltz2,CB1,18,28,28,20,80.0,85.0,80.0,85.0,20,100.0,ok
molgen_ns1.0,THSR__7UTZ,18,24,24,23,91.30434782608695,91.30434782608695,91.30434782608695,91.30434782608695,23,100.0,ok
boltz2,FUT8,18,22,22,20,95.0,95.0,95.0,95.0,20,100.0,ok
molgen_ns1.0,cAbl,18,23,23,16,75.0,75.0,68.75,81.25,16,100.0,ok
confornet_nomsa,KRAS,18,21,21,15,80.0,73.33333333333333,73.33333333333333,80.0,15,100.0,ok
molgen_ns1.0,p53_Y220C,18,19,19,18,50.0,50.0,50.0,50.0,18,100.0,ok
boltz2,cAbl,18,23,23,16,93.75,100.0,93.75,100.0,16,100.0,ok
boltz2,GLTP,18,8,8,6,66.66666666666667,100.0,66.66666666666667,100.0,6,100.0,ok
molgen_ns1.0,THSR,18,26,26,25,84.0,80.0,80.0,84.0,25,100.0,ok
esmfold2,betaLG,18,16,16,15,100.0,100.0,100.0,100.0,15,100.0,ok
confornet_nomsa,HIV1_CA,18,16,16,14,92.85714285714286,92.85714285714286,92.85714285714286,92.85714285714286,14,100.0,ok
boltz2,SHP2,18,19,19,17,0.0,0.0,0.0,0.0,17,100.0,ok
boltz2,METTL14,18,22,22,18,0.0,0.0,0.0,0.0,18,100.0,ok
boltz2,p53_Y220C,18,19,19,18,100.0,100.0,100.0,100.0,18,100.0,ok
molgen_ns1.0,p53_Y220C__4AGQ,18,17,17,16,75.0,75.0,75.0,75.0,16,100.0,ok
boltz2,THSR,18,26,26,25,8.0,4.0,4.0,8.0,25,100.0,ok
confornet_nomsa,p53_Y220C,18,19,19,18,100.0,94.44444444444444,94.44444444444444,100.0,18,100.0,ok
confornet_nomsa,cAbl,18,23,23,16,100.0,93.75,93.75,100.0,16,100.0,ok
confornet_nomsa,p53_Y220C__4AGQ,18,17,17,16,93.75,93.75,93.75,93.75,16,100.0,ok
esmfold2,FUT8,18,22,22,20,100.0,100.0,100.0,100.0,20,100.0,ok
esmfold2,GLTP,18,8,8,6,100.0,100.0,100.0,100.0,6,100.0,ok
molgen_ns1.0,NDPK-A,18,17,17,15,66.66666666666667,46.666666666666664,46.666666666666664,66.66666666666667,15,100.0,ok
boltz2,betaLG,18,16,16,15,100.0,100.0,100.0,100.0,15,100.0,ok
molgen_ns1.0,HIV_RT,18,19,19,11,54.54545454545455,45.45454545454545,45.45454545454545,54.54545454545455,11,100.0,ok
molgen_ns1.0,FUT8,18,22,22,20,75.0,80.0,75.0,80.0,20,100.0,ok
molgen_ns1.0,HIV1_CA,18,16,16,14,71.42857142857143,64.28571428571429,64.28571428571429,71.42857142857143,14,100.0,ok
confornet_nomsa,HIF2alpha__6D0B,18,25,25,24,95.83333333333333,100.0,95.83333333333333,100.0,24,100.0,ok
boltz2,Menin,18,14,14,14,100.0,100.0,100.0,100.0,14,100.0,ok
molgen_ns1.0,HIF2alpha__6D0B,18,25,25,24,75.0,70.83333333333333,70.83333333333333,75.0,24,100.0,ok
boltz2,HIV_RT__3V81,18,17,17,11,36.36363636363637,27.272727272727273,27.272727272727273,36.36363636363637,11,100.0,ok
molgen_ns1.0,KRAS,18,21,21,15,86.66666666666667,73.33333333333333,73.33333333333333,86.66666666666667,15,100.0,ok
esmfold2,NDPK-A,18,17,17,15,100.0,100.0,100.0,100.0,15,100.0,ok
esmfold2,METTL14,18,22,22,18,100.0,100.0,100.0,100.0,18,100.0,ok
boltz2,KRAS,18,21,21,15,66.66666666666667,60.0,53.333333333333336,73.33333333333333,15,100.0,ok
molgen_ns1.0,HIV_RT__3V81,18,17,17,11,81.81818181818181,63.63636363636363,63.63636363636363,81.81818181818181,11,100.0,ok
esmfold2,CB1,18,28,28,20,60.0,55.0,45.0,70.0,20,100.0,ok
molgen_ns1.0,Menin,18,14,14,14,57.142857142857146,50.0,50.0,57.142857142857146,14,100.0,ok
esmfold2,SHP2,18,19,19,17,94.11764705882354,94.11764705882354,94.11764705882354,94.11764705882354,17,100.0,ok
boltz2,NDPK-A,18,17,17,15,0.0,0.0,0.0,0.0,15,100.0,ok
boltz2,THSR__7UTZ,18,24,24,23,26.08695652173913,26.08695652173913,26.08695652173913,26.08695652173913,23,100.0,ok
esmfold2,cAbl,18,23,23,16,100.0,100.0,100.0,100.0,16,100.0,ok
confornet_nomsa,GCGR,18,25,25,8,62.5,75.0,62.5,75.0,8,100.0,ok
boltz2,HIV_RT,18,19,19,11,9.090909090909092,0.0,0.0,9.090909090909092,11,100.0,ok
confornet_nomsa,HIF2alpha,18,21,21,20,75.0,80.0,70.0,85.0,20,100.0,ok
esmfold2,HIV_RT__3V81,18,17,17,11,27.272727272727273,18.181818181818183,18.181818181818183,27.272727272727273,11,100.0,ok
confornet_nomsa,CB1,18,28,28,20,5.0,5.0,5.0,5.0,20,100.0,ok
molgen_ns1.0,GCGR,18,25,25,8,37.5,12.5,12.5,37.5,8,100.0,ok
molgen_ns1.0,METTL14,18,22,22,18,55.55555555555556,55.55555555555556,55.55555555555556,55.55555555555556,18,100.0,ok
esmfold2,THSR,18,26,26,25,92.0,96.0,92.0,96.0,25,100.0,ok
molgen_ns1.0,CB1,18,28,28,20,60.0,65.0,60.0,65.0,20,100.0,ok
esmfold2,THSR__7UTZ,18,24,24,23,47.82608695652174,52.17391304347826,43.47826086956522,56.52173913043478,23,100.0,ok
esmfold2,p53_Y220C__4AGQ,18,17,17,16,100.0,100.0,100.0,100.0,16,100.0,ok
esmfold2,p53_Y220C,18,19,19,18,100.0,100.0,100.0,100.0,18,100.0,ok
boltz2,HIV1_CA,18,16,16,14,14.285714285714286,21.428571428571427,14.285714285714286,21.428571428571427,14,100.0,ok
molgen_ns1.0,GLTP,18,8,8,6,83.33333333333333,66.66666666666667,66.66666666666667,83.33333333333333,6,100.0,ok
molgen_ns1.0,betaLG,18,16,16,15,46.666666666666664,46.666666666666664,46.666666666666664,46.666666666666664,15,100.0,ok
boltz2,GCGR,18,25,25,8,100.0,100.0,100.0,100.0,8,100.0,ok
molgen_ns1.0,SHP2,18,19,19,17,52.94117647058823,58.8235294117647,52.94117647058823,58.8235294117647,17,100.0,ok
boltz2,HIF2alpha,18,21,21,20,0.0,0.0,0.0,0.0,20,100.0,ok
boltz2,p53_Y220C__4AGQ,18,17,17,16,100.0,100.0,100.0,100.0,16,100.0,ok
boltz2,Bcl-xL,18,21,22,17,23.529411764705884,17.647058823529413,17.647058823529413,23.529411764705884,17,100.0,ok
esmfold2,HIV1_CA,18,16,16,14,85.71428571428571,92.85714285714286,85.71428571428571,92.85714285714286,14,100.0,ok
esmfold2,Bcl-xL,18,21,22,17,94.11764705882354,100.0,94.11764705882354,100.0,17,100.0,ok
boltz2,HIF2alpha__6D0B,18,25,25,24,4.166666666666667,4.166666666666667,4.166666666666667,4.166666666666667,24,100.0,ok
esmfold2,HIV_RT,18,19,19,11,0.0,9.090909090909092,0.0,9.090909090909092,11,100.0,ok
esmfold2,KRAS,18,21,21,15,80.0,73.33333333333333,73.33333333333333,80.0,15,100.0,ok
esmfold2,Menin,18,14,14,14,100.0,100.0,100.0,100.0,14,100.0,ok
molgen_ns1.0,HIF2alpha,18,21,21,20,80.0,70.0,70.0,80.0,20,100.0,ok
esmfold2,HIF2alpha,18,21,21,20,100.0,100.0,100.0,100.0,20,100.0,ok
esmfold2,GCGR,18,25,25,8,87.5,100.0,87.5,100.0,8,100.0,ok
esmfold2,HIF2alpha__6D0B,18,25,25,24,95.83333333333333,100.0,95.83333333333333,100.0,24,100.0,ok
boltz2,SHP2,19,19,19,17,23.529411764705884,11.764705882352942,11.764705882352942,23.529411764705884,17,100.0,ok
esmfold2,betaLG,19,16,16,15,100.0,100.0,100.0,100.0,15,100.0,ok
boltz2,CB1,19,28,28,20,75.0,70.0,70.0,75.0,20,100.0,ok
boltz2,METTL14,19,22,22,18,11.11111111111111,5.555555555555555,5.555555555555555,11.11111111111111,18,100.0,ok
molgen_ns1.0,p53_Y220C__4AGQ,19,17,17,16,43.75,37.5,37.5,43.75,16,100.0,ok
confornet_nomsa,cAbl,19,23,23,16,100.0,93.75,93.75,100.0,16,100.0,ok
confornet_nomsa,p53_Y220C,19,19,19,18,94.44444444444444,88.88888888888889,88.88888888888889,94.44444444444444,18,100.0,ok
boltz2,p53_Y220C,19,19,19,18,100.0,100.0,100.0,100.0,18,100.0,ok
confornet_nomsa,KRAS,19,21,21,15,73.33333333333333,73.33333333333333,73.33333333333333,73.33333333333333,15,100.0,ok
molgen_ns1.0,FUT8,19,22,22,20,90.0,85.0,85.0,90.0,20,100.0,ok
esmfold2,HIF2alpha,19,21,21,20,100.0,100.0,100.0,100.0,20,100.0,ok
boltz2,betaLG,19,16,16,15,93.33333333333333,93.33333333333333,86.66666666666667,100.0,15,100.0,ok
boltz2,THSR,19,26,26,25,20.0,20.0,16.0,24.0,25,100.0,ok
molgen_ns1.0,HIF2alpha__6D0B,19,25,25,24,62.5,66.66666666666667,58.333333333333336,70.83333333333333,24,100.0,ok
confornet_nomsa,HIF2alpha__6D0B,19,25,25,24,95.83333333333333,100.0,95.83333333333333,100.0,24,100.0,ok
esmfold2,FUT8,19,22,22,20,100.0,100.0,100.0,100.0,20,100.0,ok
esmfold2,GLTP,19,8,8,6,100.0,100.0,100.0,100.0,6,100.0,ok
confornet_nomsa,p53_Y220C__4AGQ,19,17,17,16,93.75,93.75,93.75,93.75,16,100.0,ok
molgen_ns1.0,KRAS,19,21,21,15,60.0,40.0,40.0,60.0,15,100.0,ok
molgen_ns1.0,NDPK-A,19,17,17,15,66.66666666666667,53.333333333333336,53.333333333333336,66.66666666666667,15,100.0,ok
boltz2,NDPK-A,19,17,17,15,0.0,0.0,0.0,0.0,15,100.0,ok
boltz2,THSR__7UTZ,19,24,24,23,39.130434782608695,34.78260869565217,34.78260869565217,39.130434782608695,23,100.0,ok
confornet_nomsa,HIV1_CA,19,16,16,14,92.85714285714286,92.85714285714286,92.85714285714286,92.85714285714286,14,100.0,ok
esmfold2,NDPK-A,19,17,17,15,100.0,93.33333333333333,93.33333333333333,100.0,15,100.0,ok
molgen_ns1.0,Menin,19,14,14,14,71.42857142857143,78.57142857142857,71.42857142857143,78.57142857142857,14,100.0,ok
esmfold2,METTL14,19,22,22,18,100.0,100.0,100.0,100.0,18,100.0,ok
molgen_ns1.0,HIV_RT__3V81,19,17,17,11,72.72727272727273,45.45454545454545,45.45454545454545,72.72727272727273,11,100.0,ok
esmfold2,CB1,19,28,28,20,60.0,60.0,45.0,75.0,20,100.0,ok
molgen_ns1.0,HIV_RT,19,19,19,11,63.63636363636363,54.54545454545455,45.45454545454545,72.72727272727273,11,100.0,ok
boltz2,Menin,19,14,14,14,100.0,100.0,100.0,100.0,14,100.0,ok
molgen_ns1.0,Bcl-xL,19,21,21,17,82.3529411764706,64.70588235294117,64.70588235294117,82.3529411764706,17,100.0,ok
boltz2,KRAS,19,21,21,15,80.0,60.0,60.0,80.0,15,100.0,ok
esmfold2,SHP2,19,19,19,17,100.0,100.0,100.0,100.0,17,100.0,ok
boltz2,FUT8,19,22,22,20,95.0,90.0,90.0,95.0,20,100.0,ok
boltz2,cAbl,19,23,23,16,100.0,100.0,100.0,100.0,16,100.0,ok
molgen_ns1.0,THSR__7UTZ,19,24,24,23,82.6086956521739,78.26086956521739,78.26086956521739,82.6086956521739,23,100.0,ok
molgen_ns1.0,THSR,19,26,26,25,80.0,72.0,72.0,80.0,25,100.0,ok
boltz2,GLTP,19,8,8,6,83.33333333333333,83.33333333333333,83.33333333333333,83.33333333333333,6,100.0,ok
molgen_ns1.0,p53_Y220C,19,19,19,18,72.22222222222223,72.22222222222223,72.22222222222223,72.22222222222223,18,100.0,ok
boltz2,HIF2alpha,19,21,21,20,0.0,0.0,0.0,0.0,20,100.0,ok
esmfold2,KRAS,19,21,21,15,80.0,73.33333333333333,73.33333333333333,80.0,15,100.0,ok
molgen_ns1.0,GLTP,19,8,8,6,66.66666666666667,33.333333333333336,33.333333333333336,66.66666666666667,6,100.0,ok
esmfold2,Menin,19,14,14,14,100.0,100.0,100.0,100.0,14,100.0,ok
esmfold2,HIV_RT,19,19,19,11,0.0,0.0,0.0,0.0,11,100.0,ok
molgen_ns1.0,HIF2alpha,19,21,21,20,80.0,80.0,80.0,80.0,20,100.0,ok
esmfold2,p53_Y220C,19,19,19,18,100.0,100.0,100.0,100.0,18,100.0,ok
esmfold2,HIV_RT__3V81,19,17,17,11,100.0,90.9090909090909,90.9090909090909,100.0,11,100.0,ok
molgen_ns1.0,METTL14,19,22,22,18,77.77777777777777,77.77777777777777,77.77777777777777,77.77777777777777,18,100.0,ok
molgen_ns1.0,GCGR,19,25,25,8,62.5,25.0,25.0,62.5,8,100.0,ok
confornet_nomsa,GCGR,19,25,25,8,62.5,75.0,62.5,75.0,8,100.0,ok
esmfold2,p53_Y220C__4AGQ,19,17,17,16,100.0,100.0,100.0,100.0,16,100.0,ok
boltz2,HIV1_CA,19,16,16,14,14.285714285714286,28.571428571428573,14.285714285714286,28.571428571428573,14,100.0,ok
esmfold2,GCGR,19,25,25,8,87.5,87.5,75.0,100.0,8,100.0,ok
molgen_ns1.0,HIV1_CA,19,16,16,14,50.0,42.857142857142854,42.857142857142854,50.0,14,100.0,ok
boltz2,HIV_RT__3V81,19,17,17,11,36.36363636363637,36.36363636363637,36.36363636363637,36.36363636363637,11,100.0,ok
esmfold2,HIF2alpha__6D0B,19,25,25,24,95.83333333333333,100.0,95.83333333333333,100.0,24,100.0,ok
esmfold2,Bcl-xL,19,21,22,17,94.11764705882354,100.0,94.11764705882354,100.0,17,100.0,ok
esmfold2,HIV1_CA,19,16,16,14,85.71428571428571,92.85714285714286,85.71428571428571,92.85714285714286,14,100.0,ok
boltz2,HIF2alpha__6D0B,19,25,25,24,0.0,0.0,0.0,0.0,24,100.0,ok
esmfold2,THSR,19,26,26,25,92.0,96.0,92.0,96.0,25,100.0,ok
molgen_ns1.0,CB1,19,28,28,20,95.0,80.0,80.0,95.0,20,100.0,ok
confornet_nomsa,CB1,19,28,28,20,0.0,5.0,0.0,5.0,20,100.0,ok
esmfold2,THSR__7UTZ,19,24,24,23,47.82608695652174,43.47826086956522,43.47826086956522,47.82608695652174,23,100.0,ok
boltz2,HIV_RT,19,19,19,11,0.0,18.181818181818183,0.0,18.181818181818183,11,100.0,ok
confornet_nomsa,HIF2alpha,19,21,21,20,100.0,100.0,100.0,100.0,20,100.0,ok
esmfold2,cAbl,19,23,23,16,100.0,100.0,100.0,100.0,16,100.0,ok
boltz2,GCGR,19,25,25,8,100.0,100.0,100.0,100.0,8,100.0,ok
molgen_ns1.0,betaLG,19,16,16,15,66.66666666666667,66.66666666666667,60.0,73.33333333333333,15,100.0,ok
boltz2,p53_Y220C__4AGQ,19,17,17,16,100.0,100.0,100.0,100.0,16,100.0,ok
molgen_ns1.0,cAbl,19,23,23,16,93.75,87.5,87.5,93.75,16,100.0,ok
boltz2,Bcl-xL,19,21,22,17,23.529411764705884,23.529411764705884,23.529411764705884,23.529411764705884,17,100.0,ok
molgen_ns1.0,SHP2,19,19,19,17,76.47058823529412,58.8235294117647,58.8235294117647,76.47058823529412,17,100.0,ok
boltz2,CB1,20,28,28,20,85.0,70.0,70.0,85.0,20,100.0,ok
boltz2,HIF2alpha,20,21,21,20,0.0,0.0,0.0,0.0,20,100.0,ok
molgen_ns1.0,CB1,20,28,28,20,85.0,80.0,80.0,85.0,20,100.0,ok
esmfold2,Menin,20,14,14,14,100.0,100.0,100.0,100.0,14,100.0,ok
esmfold2,THSR__7UTZ,20,24,24,23,86.95652173913044,86.95652173913044,86.95652173913044,86.95652173913044,23,100.0,ok
molgen_ns1.0,GCGR,20,25,25,8,50.0,50.0,25.0,75.0,8,100.0,ok
molgen_ns1.0,METTL14,20,22,22,18,61.111111111111114,66.66666666666667,61.111111111111114,66.66666666666667,18,100.0,ok
molgen_ns1.0,GLTP,20,8,8,6,50.0,50.0,33.333333333333336,66.66666666666667,6,100.0,ok
confornet_nomsa,GCGR,20,25,25,8,62.5,87.5,62.5,87.5,8,100.0,ok
esmfold2,cAbl,20,23,23,16,100.0,100.0,100.0,100.0,16,100.0,ok
esmfold2,betaLG,20,16,16,15,100.0,100.0,100.0,100.0,15,100.0,ok
boltz2,p53_Y220C,20,19,19,18,100.0,100.0,100.0,100.0,18,100.0,ok
molgen_ns1.0,THSR,20,26,26,25,64.0,68.0,64.0,68.0,25,100.0,ok
molgen_ns1.0,p53_Y220C__4AGQ,20,17,17,16,50.0,50.0,43.75,56.25,16,100.0,ok
boltz2,THSR,20,26,26,25,32.0,24.0,24.0,32.0,25,100.0,ok
confornet_nomsa,p53_Y220C,20,19,19,18,100.0,94.44444444444444,94.44444444444444,100.0,18,100.0,ok
boltz2,GLTP,20,8,8,6,66.66666666666667,66.66666666666667,50.0,83.33333333333333,6,100.0,ok
esmfold2,SHP2,20,19,19,17,100.0,100.0,100.0,100.0,17,100.0,ok
boltz2,NDPK-A,20,17,17,15,0.0,0.0,0.0,0.0,15,100.0,ok
boltz2,METTL14,20,22,22,18,0.0,0.0,0.0,0.0,18,100.0,ok
boltz2,THSR__7UTZ,20,24,24,23,65.21739130434783,60.869565217391305,60.869565217391305,65.21739130434783,23,100.0,ok
confornet_nomsa,HIV1_CA,20,16,16,14,92.85714285714286,92.85714285714286,92.85714285714286,92.85714285714286,14,100.0,ok
molgen_ns1.0,HIV_RT__3V81,20,17,17,11,54.54545454545455,54.54545454545455,45.45454545454545,63.63636363636363,11,100.0,ok
boltz2,SHP2,20,19,19,17,0.0,0.0,0.0,0.0,17,100.0,ok
esmfold2,METTL14,20,22,22,18,100.0,100.0,100.0,100.0,18,100.0,ok
esmfold2,GLTP,20,8,8,6,100.0,100.0,100.0,100.0,6,100.0,ok
confornet_nomsa,p53_Y220C__4AGQ,20,17,17,16,93.75,93.75,93.75,93.75,16,100.0,ok
molgen_ns1.0,KRAS,20,21,21,15,80.0,73.33333333333333,73.33333333333333,80.0,15,100.0,ok
boltz2,Menin,20,14,14,14,100.0,100.0,100.0,100.0,14,100.0,ok
molgen_ns1.0,Bcl-xL,20,21,21,17,64.70588235294117,58.8235294117647,58.8235294117647,64.70588235294117,17,100.0,ok
molgen_ns1.0,HIV_RT,20,19,19,11,54.54545454545455,36.36363636363637,36.36363636363637,54.54545454545455,11,100.0,ok
molgen_ns1.0,Menin,20,14,14,14,64.28571428571429,57.142857142857146,57.142857142857146,64.28571428571429,14,100.0,ok
esmfold2,NDPK-A,20,17,17,15,93.33333333333333,93.33333333333333,93.33333333333333,93.33333333333333,15,100.0,ok
molgen_ns1.0,HIF2alpha,20,21,21,20,90.0,90.0,90.0,90.0,20,100.0,ok
esmfold2,HIV1_CA,20,16,16,14,92.85714285714286,100.0,92.85714285714286,100.0,14,100.0,ok
boltz2,KRAS,20,21,21,15,80.0,60.0,60.0,80.0,15,100.0,ok
esmfold2,HIV_RT,20,19,19,11,0.0,0.0,0.0,0.0,11,100.0,ok
boltz2,HIV1_CA,20,16,16,14,21.428571428571427,21.428571428571427,21.428571428571427,21.428571428571427,14,100.0,ok
esmfold2,HIV_RT__3V81,20,17,17,11,100.0,100.0,100.0,100.0,11,100.0,ok
esmfold2,THSR,20,26,26,25,92.0,96.0,92.0,96.0,25,100.0,ok
esmfold2,p53_Y220C__4AGQ,20,17,17,16,100.0,100.0,100.0,100.0,16,100.0,ok
esmfold2,p53_Y220C,20,19,19,18,100.0,100.0,100.0,100.0,18,100.0,ok
confornet_nomsa,CB1,20,28,28,20,10.0,15.0,10.0,15.0,20,100.0,ok
esmfold2,HIF2alpha,20,21,21,20,100.0,100.0,100.0,100.0,20,100.0,ok
boltz2,betaLG,20,16,16,15,93.33333333333333,93.33333333333333,93.33333333333333,93.33333333333333,15,100.0,ok
confornet_nomsa,HIF2alpha__6D0B,20,25,25,24,95.83333333333333,100.0,95.83333333333333,100.0,24,100.0,ok
molgen_ns1.0,HIF2alpha__6D0B,20,25,25,24,70.83333333333333,75.0,70.83333333333333,75.0,24,100.0,ok
esmfold2,FUT8,20,22,22,20,100.0,100.0,100.0,100.0,20,100.0,ok
boltz2,HIF2alpha__6D0B,20,25,25,24,20.833333333333332,25.0,20.833333333333332,25.0,24,100.0,ok
molgen_ns1.0,SHP2,20,19,19,17,64.70588235294117,76.47058823529412,64.70588235294117,76.47058823529412,17,100.0,ok
esmfold2,Bcl-xL,20,21,22,17,94.11764705882354,100.0,94.11764705882354,100.0,17,100.0,ok
esmfold2,GCGR,20,25,25,8,87.5,100.0,87.5,100.0,8,100.0,ok
esmfold2,CB1,20,28,28,20,65.0,65.0,60.0,70.0,20,100.0,ok
esmfold2,HIF2alpha__6D0B,20,25,25,24,95.83333333333333,100.0,95.83333333333333,100.0,24,100.0,ok
molgen_ns1.0,HIV1_CA,20,16,16,14,78.57142857142857,78.57142857142857,78.57142857142857,78.57142857142857,14,100.0,ok
boltz2,HIV_RT__3V81,20,17,17,11,36.36363636363637,36.36363636363637,36.36363636363637,36.36363636363637,11,100.0,ok
boltz2,HIV_RT,20,19,19,11,0.0,0.0,0.0,0.0,11,100.0,ok
confornet_nomsa,HIF2alpha,20,21,21,20,85.0,85.0,85.0,85.0,20,100.0,ok
esmfold2,KRAS,20,21,21,15,80.0,73.33333333333333,73.33333333333333,80.0,15,100.0,ok
molgen_ns1.0,FUT8,20,22,22,20,95.0,90.0,90.0,95.0,20,100.0,ok
molgen_ns1.0,cAbl,20,23,23,16,81.25,81.25,81.25,81.25,16,100.0,ok
boltz2,Bcl-xL,20,21,22,17,11.764705882352942,17.647058823529413,11.764705882352942,17.647058823529413,17,100.0,ok
boltz2,p53_Y220C__4AGQ,20,17,17,16,100.0,100.0,100.0,100.0,16,100.0,ok
molgen_ns1.0,betaLG,20,16,16,15,80.0,93.33333333333333,80.0,93.33333333333333,15,100.0,ok
boltz2,GCGR,20,25,25,8,100.0,100.0,100.0,100.0,8,100.0,ok
confornet_nomsa,cAbl,20,23,23,16,100.0,93.75,93.75,100.0,16,100.0,ok
boltz2,FUT8,20,22,22,20,95.0,90.0,90.0,95.0,20,100.0,ok
molgen_ns1.0,THSR__7UTZ,20,24,24,23,82.6086956521739,82.6086956521739,82.6086956521739,82.6086956521739,23,100.0,ok
boltz2,cAbl,20,23,23,16,93.75,100.0,93.75,100.0,16,100.0,ok
confornet_nomsa,KRAS,20,21,21,15,80.0,73.33333333333333,73.33333333333333,80.0,15,100.0,ok
molgen_ns1.0,p53_Y220C,20,19,19,18,50.0,55.55555555555556,50.0,55.55555555555556,18,100.0,ok
molgen_ns1.0,p53_Y220C,21,19,19,18,55.55555555555556,61.111111111111114,55.55555555555556,61.111111111111114,18,100.0,ok
confornet_nomsa,KRAS,21,21,21,15,80.0,73.33333333333333,73.33333333333333,80.0,15,100.0,ok
esmfold2,SHP2,21,19,19,17,100.0,100.0,100.0,100.0,17,100.0,ok
boltz2,cAbl,21,23,23,16,100.0,100.0,100.0,100.0,16,100.0,ok
molgen_ns1.0,THSR__7UTZ,21,24,24,23,78.26086956521739,78.26086956521739,78.26086956521739,78.26086956521739,23,100.0,ok
boltz2,GCGR,21,25,25,8,100.0,100.0,100.0,100.0,8,100.0,ok
molgen_ns1.0,betaLG,21,16,16,15,80.0,80.0,73.33333333333333,86.66666666666667,15,100.0,ok
boltz2,Bcl-xL,21,21,22,17,29.41176470588235,23.529411764705884,23.529411764705884,29.41176470588235,17,100.0,ok
boltz2,FUT8,21,22,22,20,90.0,90.0,90.0,90.0,20,100.0,ok
confornet_nomsa,cAbl,21,23,23,16,100.0,93.75,93.75,100.0,16,100.0,ok
boltz2,THSR__7UTZ,21,24,24,23,34.78260869565217,34.78260869565217,34.78260869565217,34.78260869565217,23,100.0,ok
molgen_ns1.0,METTL14,21,22,22,18,83.33333333333333,83.33333333333333,83.33333333333333,83.33333333333333,18,100.0,ok
esmfold2,Bcl-xL,21,21,22,17,100.0,100.0,100.0,100.0,17,100.0,ok
molgen_ns1.0,SHP2,21,19,19,17,64.70588235294117,64.70588235294117,64.70588235294117,64.70588235294117,17,100.0,ok
boltz2,HIF2alpha__6D0B,21,25,25,24,0.0,0.0,0.0,0.0,24,100.0,ok
esmfold2,GCGR,21,25,25,8,87.5,87.5,75.0,100.0,8,100.0,ok
boltz2,p53_Y220C__4AGQ,21,17,17,16,100.0,100.0,100.0,100.0,16,100.0,ok
esmfold2,KRAS,21,21,21,15,73.33333333333333,73.33333333333333,73.33333333333333,73.33333333333333,15,100.0,ok
molgen_ns1.0,FUT8,21,22,22,20,75.0,75.0,75.0,75.0,20,100.0,ok
esmfold2,HIF2alpha__6D0B,21,25,25,24,95.83333333333333,100.0,95.83333333333333,100.0,24,100.0,ok
molgen_ns1.0,cAbl,21,23,23,16,81.25,81.25,81.25,81.25,16,100.0,ok
boltz2,HIV_RT__3V81,21,17,17,11,9.090909090909092,36.36363636363637,9.090909090909092,36.36363636363637,11,100.0,ok
esmfold2,HIV_RT,21,19,19,11,0.0,0.0,0.0,0.0,11,100.0,ok
boltz2,HIV1_CA,21,16,16,14,14.285714285714286,14.285714285714286,14.285714285714286,14.285714285714286,14,100.0,ok
esmfold2,HIV1_CA,21,16,16,14,92.85714285714286,100.0,92.85714285714286,100.0,14,100.0,ok
molgen_ns1.0,HIF2alpha,21,21,21,20,75.0,70.0,70.0,75.0,20,100.0,ok
esmfold2,NDPK-A,21,17,17,15,93.33333333333333,93.33333333333333,93.33333333333333,93.33333333333333,15,100.0,ok
boltz2,KRAS,21,21,21,15,73.33333333333333,66.66666666666667,60.0,80.0,15,100.0,ok
esmfold2,GLTP,21,8,8,6,100.0,100.0,100.0,100.0,6,100.0,ok
esmfold2,METTL14,21,22,22,18,100.0,100.0,100.0,100.0,18,100.0,ok
esmfold2,CB1,21,28,28,20,60.0,60.0,55.0,65.0,20,100.0,ok
confornet_nomsa,p53_Y220C__4AGQ,21,17,17,16,93.75,93.75,93.75,93.75,16,100.0,ok
boltz2,SHP2,21,19,19,17,0.0,0.0,0.0,0.0,17,100.0,ok
molgen_ns1.0,HIV_RT,21,19,19,11,72.72727272727273,72.72727272727273,72.72727272727273,72.72727272727273,11,100.0,ok
esmfold2,HIF2alpha,21,21,21,20,100.0,100.0,100.0,100.0,20,100.0,ok
molgen_ns1.0,HIV1_CA,21,16,16,14,50.0,50.0,50.0,50.0,14,100.0,ok
boltz2,betaLG,21,16,16,15,93.33333333333333,93.33333333333333,86.66666666666667,100.0,15,100.0,ok
esmfold2,p53_Y220C,21,19,19,18,100.0,100.0,100.0,100.0,18,100.0,ok
esmfold2,HIV_RT__3V81,21,17,17,11,100.0,100.0,100.0,100.0,11,100.0,ok
esmfold2,THSR,21,26,26,25,80.0,84.0,76.0,88.0,25,100.0,ok
confornet_nomsa,CB1,21,28,28,20,0.0,5.0,0.0,5.0,20,100.0,ok
molgen_ns1.0,HIF2alpha__6D0B,21,25,25,24,62.5,66.66666666666667,62.5,66.66666666666667,24,100.0,ok
confornet_nomsa,HIF2alpha__6D0B,21,25,25,24,95.83333333333333,100.0,95.83333333333333,100.0,24,100.0,ok
confornet_nomsa,HIF2alpha,21,21,21,20,75.0,80.0,75.0,80.0,20,100.0,ok
molgen_ns1.0,NDPK-A,21,17,17,15,60.0,33.333333333333336,33.333333333333336,60.0,15,100.0,ok
esmfold2,FUT8,21,22,22,20,100.0,100.0,100.0,100.0,20,100.0,ok
boltz2,Menin,21,14,14,14,100.0,100.0,100.0,100.0,14,100.0,ok
esmfold2,p53_Y220C__4AGQ,21,17,17,16,100.0,100.0,100.0,100.0,16,100.0,ok
confornet_nomsa,GCGR,21,25,25,8,62.5,75.0,62.5,75.0,8,100.0,ok
molgen_ns1.0,GLTP,21,8,8,6,33.333333333333336,33.333333333333336,16.666666666666668,50.0,6,100.0,ok
esmfold2,betaLG,21,16,16,15,100.0,100.0,100.0,100.0,15,100.0,ok
boltz2,HIV_RT,21,19,19,11,9.090909090909092,0.0,0.0,9.090909090909092,11,100.0,ok
esmfold2,cAbl,21,23,23,16,100.0,93.75,93.75,100.0,16,100.0,ok
molgen_ns1.0,CB1,21,28,28,20,85.0,85.0,85.0,85.0,20,100.0,ok
esmfold2,Menin,21,14,14,14,100.0,100.0,100.0,100.0,14,100.0,ok
esmfold2,THSR__7UTZ,21,24,24,23,43.47826086956522,43.47826086956522,39.130434782608695,47.82608695652174,23,100.0,ok
molgen_ns1.0,GCGR,21,25,25,8,37.5,25.0,12.5,50.0,8,100.0,ok
boltz2,p53_Y220C,21,19,19,18,100.0,100.0,100.0,100.0,18,100.0,ok
molgen_ns1.0,Menin,21,14,14,14,71.42857142857143,71.42857142857143,71.42857142857143,71.42857142857143,14,100.0,ok
molgen_ns1.0,p53_Y220C__4AGQ,21,17,17,16,62.5,75.0,62.5,75.0,16,100.0,ok
boltz2,THSR,21,26,26,25,16.0,16.0,16.0,16.0,25,100.0,ok
molgen_ns1.0,THSR,21,26,26,25,76.0,76.0,76.0,76.0,25,100.0,ok
boltz2,GLTP,21,8,8,6,66.66666666666667,50.0,33.333333333333336,83.33333333333333,6,100.0,ok
confornet_nomsa,HIV1_CA,21,16,16,14,92.85714285714286,92.85714285714286,92.85714285714286,92.85714285714286,14,100.0,ok
boltz2,METTL14,21,22,22,18,0.0,0.0,0.0,0.0,18,100.0,ok
confornet_nomsa,p53_Y220C,21,19,19,18,100.0,94.44444444444444,94.44444444444444,100.0,18,100.0,ok
boltz2,CB1,21,28,28,20,85.0,75.0,75.0,85.0,20,100.0,ok
boltz2,HIF2alpha,21,21,21,20,0.0,0.0,0.0,0.0,20,100.0,ok
molgen_ns1.0,HIV_RT__3V81,21,17,17,11,63.63636363636363,54.54545454545455,54.54545454545455,63.63636363636363,11,100.0,ok
molgen_ns1.0,KRAS,21,21,21,15,80.0,60.0,60.0,80.0,15,100.0,ok
boltz2,NDPK-A,21,17,17,15,0.0,0.0,0.0,0.0,15,100.0,ok
esmfold2,GCGR,22,25,25,8,87.5,87.5,75.0,100.0,8,100.0,ok
boltz2,HIF2alpha__6D0B,22,25,25,24,37.5,37.5,33.333333333333336,41.666666666666664,24,100.0,ok
esmfold2,HIF2alpha__6D0B,22,25,25,24,95.83333333333333,100.0,95.83333333333333,100.0,24,100.0,ok
molgen_ns1.0,cAbl,22,23,23,16,81.25,87.5,81.25,87.5,16,100.0,ok
boltz2,HIV_RT__3V81,22,17,17,11,36.36363636363637,27.272727272727273,27.272727272727273,36.36363636363637,11,100.0,ok
esmfold2,Bcl-xL,22,21,22,17,94.11764705882354,100.0,94.11764705882354,100.0,17,100.0,ok
esmfold2,p53_Y220C__4AGQ,22,17,17,16,100.0,100.0,100.0,100.0,16,100.0,ok
boltz2,Bcl-xL,22,21,22,17,23.529411764705884,23.529411764705884,23.529411764705884,23.529411764705884,17,100.0,ok
boltz2,cAbl,22,23,23,16,93.75,93.75,93.75,93.75,16,100.0,ok
molgen_ns1.0,THSR__7UTZ,22,24,24,23,82.6086956521739,86.95652173913044,82.6086956521739,86.95652173913044,23,100.0,ok
esmfold2,SHP2,22,19,19,17,100.0,100.0,100.0,100.0,17,100.0,ok
confornet_nomsa,KRAS,22,21,21,15,80.0,73.33333333333333,73.33333333333333,80.0,15,100.0,ok
boltz2,FUT8,22,22,22,20,95.0,95.0,95.0,95.0,20,100.0,ok
confornet_nomsa,cAbl,22,23,23,16,100.0,93.75,93.75,100.0,16,100.0,ok
boltz2,GCGR,22,25,25,8,100.0,100.0,100.0,100.0,8,100.0,ok
boltz2,p53_Y220C__4AGQ,22,17,17,16,100.0,100.0,100.0,100.0,16,100.0,ok
esmfold2,KRAS,22,21,21,15,86.66666666666667,73.33333333333333,73.33333333333333,86.66666666666667,15,100.0,ok
molgen_ns1.0,METTL14,22,22,22,18,77.77777777777777,77.77777777777777,77.77777777777777,77.77777777777777,18,100.0,ok
confornet_nomsa,HIV1_CA,22,16,16,14,92.85714285714286,92.85714285714286,92.85714285714286,92.85714285714286,14,100.0,ok
esmfold2,GLTP,22,8,8,6,100.0,100.0,100.0,100.0,6,100.0,ok
boltz2,Menin,22,14,14,14,100.0,100.0,100.0,100.0,14,100.0,ok
molgen_ns1.0,Bcl-xL,22,21,21,17,82.3529411764706,58.8235294117647,58.8235294117647,82.3529411764706,17,100.0,ok
boltz2,SHP2,22,19,19,17,0.0,0.0,0.0,0.0,17,100.0,ok
molgen_ns1.0,HIV_RT,22,19,19,11,90.9090909090909,81.81818181818181,81.81818181818181,90.9090909090909,11,100.0,ok
confornet_nomsa,p53_Y220C__4AGQ,22,17,17,16,93.75,93.75,93.75,93.75,16,100.0,ok
esmfold2,CB1,22,28,28,20,70.0,60.0,60.0,70.0,20,100.0,ok
boltz2,KRAS,22,21,21,15,73.33333333333333,60.0,53.333333333333336,80.0,15,100.0,ok
boltz2,HIV1_CA,22,16,16,14,28.571428571428573,28.571428571428573,28.571428571428573,28.571428571428573,14,100.0,ok
esmfold2,HIV1_CA,22,16,16,14,92.85714285714286,100.0,92.85714285714286,100.0,14,100.0,ok
esmfold2,METTL14,22,22,22,18,100.0,100.0,100.0,100.0,18,100.0,ok
esmfold2,NDPK-A,22,17,17,15,100.0,100.0,100.0,100.0,15,100.0,ok
esmfold2,HIV_RT,22,19,19,11,0.0,0.0,0.0,0.0,11,100.0,ok
molgen_ns1.0,NDPK-A,22,17,17,15,60.0,53.333333333333336,46.666666666666664,66.66666666666667,15,100.0,ok
boltz2,betaLG,22,16,16,15,100.0,86.66666666666667,86.66666666666667,100.0,15,100.0,ok
esmfold2,FUT8,22,22,22,20,100.0,100.0,100.0,100.0,20,100.0,ok
confornet_nomsa,HIF2alpha,22,21,21,20,85.0,85.0,85.0,85.0,20,100.0,ok
molgen_ns1.0,HIV1_CA,22,16,16,14,71.42857142857143,64.28571428571429,64.28571428571429,71.42857142857143,14,100.0,ok
confornet_nomsa,HIF2alpha__6D0B,22,25,25,24,95.83333333333333,100.0,95.83333333333333,100.0,24,100.0,ok
molgen_ns1.0,HIF2alpha__6D0B,22,25,25,24,75.0,75.0,70.83333333333333,79.16666666666667,24,100.0,ok
esmfold2,HIF2alpha,22,21,21,20,100.0,100.0,100.0,100.0,20,100.0,ok
confornet_nomsa,CB1,22,28,28,20,0.0,0.0,0.0,0.0,20,100.0,ok
esmfold2,p53_Y220C,22,19,19,18,100.0,100.0,100.0,100.0,18,100.0,ok
esmfold2,HIV_RT__3V81,22,17,17,11,100.0,100.0,100.0,100.0,11,100.0,ok
molgen_ns1.0,SHP2,22,19,19,17,58.8235294117647,70.58823529411765,58.8235294117647,70.58823529411765,17,100.0,ok
molgen_ns1.0,FUT8,22,22,22,20,65.0,65.0,65.0,65.0,20,100.0,ok
molgen_ns1.0,betaLG,22,16,16,15,60.0,73.33333333333333,60.0,73.33333333333333,15,100.0,ok
molgen_ns1.0,THSR,22,26,26,25,76.0,80.0,76.0,80.0,25,100.0,ok
molgen_ns1.0,Menin,22,14,14,14,78.57142857142857,78.57142857142857,71.42857142857143,85.71428571428571,14,100.0,ok
molgen_ns1.0,KRAS,22,21,21,15,80.0,53.333333333333336,53.333333333333336,80.0,15,100.0,ok
boltz2,GLTP,22,8,8,6,33.333333333333336,50.0,16.666666666666668,66.66666666666667,6,100.0,ok
boltz2,p53_Y220C,22,19,19,18,100.0,100.0,100.0,100.0,18,100.0,ok
boltz2,THSR,22,26,26,25,24.0,20.0,20.0,24.0,25,100.0,ok
confornet_nomsa,p53_Y220C,22,19,19,18,100.0,94.44444444444444,94.44444444444444,100.0,18,100.0,ok
boltz2,THSR__7UTZ,22,24,24,23,21.73913043478261,21.73913043478261,21.73913043478261,21.73913043478261,23,100.0,ok
molgen_ns1.0,HIF2alpha,22,21,21,20,90.0,85.0,80.0,95.0,20,100.0,ok
esmfold2,Menin,22,14,14,14,100.0,100.0,100.0,100.0,14,100.0,ok
confornet_nomsa,GCGR,22,25,25,8,75.0,75.0,75.0,75.0,8,100.0,ok
molgen_ns1.0,GLTP,22,8,8,6,66.66666666666667,66.66666666666667,50.0,83.33333333333333,6,100.0,ok
esmfold2,THSR,22,26,26,25,92.0,92.0,88.0,96.0,25,100.0,ok
molgen_ns1.0,HIV_RT__3V81,22,17,17,11,90.9090909090909,81.81818181818181,81.81818181818181,90.9090909090909,11,100.0,ok
esmfold2,betaLG,22,16,16,15,100.0,100.0,100.0,100.0,15,100.0,ok
boltz2,METTL14,22,22,22,18,5.555555555555555,0.0,0.0,5.555555555555555,18,100.0,ok
boltz2,NDPK-A,22,17,17,15,0.0,0.0,0.0,0.0,15,100.0,ok
molgen_ns1.0,p53_Y220C__4AGQ,22,17,17,16,37.5,37.5,37.5,37.5,16,100.0,ok
esmfold2,THSR__7UTZ,22,24,24,23,56.52173913043478,52.17391304347826,47.82608695652174,60.869565217391305,23,100.0,ok
molgen_ns1.0,CB1,22,28,28,20,85.0,75.0,75.0,85.0,20,100.0,ok
esmfold2,cAbl,22,23,23,16,100.0,100.0,100.0,100.0,16,100.0,ok
molgen_ns1.0,GCGR,22,25,25,8,100.0,50.0,50.0,100.0,8,100.0,ok
boltz2,HIV_RT,22,19,19,11,0.0,0.0,0.0,0.0,11,100.0,ok
boltz2,CB1,22,28,28,20,80.0,75.0,70.0,85.0,20,100.0,ok
boltz2,HIF2alpha,22,21,21,20,0.0,0.0,0.0,0.0,20,100.0,ok
molgen_ns1.0,betaLG,23,16,16,15,73.33333333333333,66.66666666666667,66.66666666666667,73.33333333333333,15,100.0,ok
boltz2,CB1,23,28,28,20,80.0,80.0,80.0,80.0,20,100.0,ok
boltz2,GCGR,23,25,25,8,100.0,100.0,100.0,100.0,8,100.0,ok
esmfold2,betaLG,23,16,16,15,100.0,100.0,100.0,100.0,15,100.0,ok
confornet_nomsa,KRAS,23,21,21,15,80.0,73.33333333333333,73.33333333333333,80.0,15,100.0,ok
boltz2,cAbl,23,23,23,16,100.0,100.0,100.0,100.0,16,100.0,ok
molgen_ns1.0,p53_Y220C,23,19,19,18,66.66666666666667,66.66666666666667,66.66666666666667,66.66666666666667,18,100.0,ok
molgen_ns1.0,THSR,23,26,26,25,76.0,76.0,72.0,80.0,25,100.0,ok
boltz2,HIV1_CA,23,16,16,14,28.571428571428573,21.428571428571427,21.428571428571427,28.571428571428573,14,100.0,ok
esmfold2,HIV_RT,23,19,19,11,0.0,0.0,0.0,0.0,11,100.0,ok
esmfold2,HIV_RT__3V81,23,17,17,11,100.0,90.9090909090909,90.9090909090909,100.0,11,100.0,ok
confornet_nomsa,HIF2alpha,23,21,21,20,65.0,70.0,65.0,70.0,20,100.0,ok
esmfold2,GCGR,23,25,25,8,87.5,87.5,75.0,100.0,8,100.0,ok
boltz2,HIV_RT__3V81,23,17,17,11,36.36363636363637,36.36363636363637,36.36363636363637,36.36363636363637,11,100.0,ok
molgen_ns1.0,FUT8,23,22,22,20,85.0,85.0,85.0,85.0,20,100.0,ok
esmfold2,KRAS,23,21,21,15,86.66666666666667,86.66666666666667,86.66666666666667,86.66666666666667,15,100.0,ok
esmfold2,THSR,23,26,26,25,84.0,84.0,84.0,84.0,25,100.0,ok
esmfold2,cAbl,23,23,23,16,100.0,100.0,100.0,100.0,16,100.0,ok
confornet_nomsa,GCGR,23,25,25,8,75.0,75.0,75.0,75.0,8,100.0,ok
esmfold2,CB1,23,28,28,20,70.0,60.0,55.0,75.0,20,100.0,ok
confornet_nomsa,p53_Y220C__4AGQ,23,17,17,16,93.75,93.75,93.75,93.75,16,100.0,ok
molgen_ns1.0,HIV1_CA,23,16,16,14,42.857142857142854,64.28571428571429,42.857142857142854,64.28571428571429,14,100.0,ok
esmfold2,HIF2alpha,23,21,21,20,100.0,100.0,100.0,100.0,20,100.0,ok
molgen_ns1.0,GCGR,23,25,25,8,62.5,12.5,0.0,75.0,8,100.0,ok
molgen_ns1.0,GLTP,23,8,8,6,33.333333333333336,16.666666666666668,16.666666666666668,33.333333333333336,6,100.0,ok
boltz2,HIV_RT,23,19,19,11,0.0,0.0,0.0,0.0,11,100.0,ok
boltz2,Bcl-xL,23,21,22,17,17.647058823529413,11.764705882352942,11.764705882352942,17.647058823529413,17,100.0,ok
boltz2,p53_Y220C,23,19,19,18,100.0,100.0,100.0,100.0,18,100.0,ok
boltz2,THSR,23,26,26,25,20.0,16.0,16.0,20.0,25,100.0,ok
molgen_ns1.0,Menin,23,14,14,14,42.857142857142854,42.857142857142854,35.714285714285715,50.0,14,100.0,ok
molgen_ns1.0,KRAS,23,21,21,15,80.0,73.33333333333333,66.66666666666667,86.66666666666667,15,100.0,ok
esmfold2,GLTP,23,8,8,6,100.0,100.0,100.0,100.0,6,100.0,ok
esmfold2,NDPK-A,23,17,17,15,100.0,100.0,100.0,100.0,15,100.0,ok
esmfold2,METTL14,23,22,22,18,100.0,100.0,100.0,100.0,18,100.0,ok
confornet_nomsa,CB1,23,28,28,20,5.0,10.0,5.0,10.0,20,100.0,ok
esmfold2,p53_Y220C,23,19,19,18,100.0,100.0,100.0,100.0,18,100.0,ok
boltz2,betaLG,23,16,16,15,100.0,100.0,100.0,100.0,15,100.0,ok
confornet_nomsa,HIF2alpha__6D0B,23,25,25,24,95.83333333333333,100.0,95.83333333333333,100.0,24,100.0,ok
boltz2,KRAS,23,21,21,15,80.0,66.66666666666667,66.66666666666667,80.0,15,100.0,ok
molgen_ns1.0,Bcl-xL,23,21,21,17,70.58823529411765,58.8235294117647,58.8235294117647,70.58823529411765,17,100.0,ok
boltz2,Menin,23,14,14,14,100.0,100.0,100.0,100.0,14,100.0,ok
molgen_ns1.0,HIV_RT,23,19,19,11,54.54545454545455,36.36363636363637,36.36363636363637,54.54545454545455,11,100.0,ok
esmfold2,Menin,23,14,14,14,100.0,100.0,100.0,100.0,14,100.0,ok
molgen_ns1.0,CB1,23,28,28,20,75.0,80.0,75.0,80.0,20,100.0,ok
esmfold2,THSR__7UTZ,23,24,24,23,86.95652173913044,86.95652173913044,86.95652173913044,86.95652173913044,23,100.0,ok
boltz2,HIF2alpha__6D0B,23,25,25,24,0.0,0.0,0.0,0.0,24,100.0,ok
molgen_ns1.0,METTL14,23,22,22,18,61.111111111111114,72.22222222222223,61.111111111111114,72.22222222222223,18,100.0,ok
esmfold2,p53_Y220C__4AGQ,23,17,17,16,100.0,100.0,100.0,100.0,16,100.0,ok
esmfold2,Bcl-xL,23,21,22,17,94.11764705882354,100.0,94.11764705882354,100.0,17,100.0,ok
boltz2,NDPK-A,23,17,17,15,0.0,0.0,0.0,0.0,15,100.0,ok
molgen_ns1.0,p53_Y220C__4AGQ,23,17,17,16,62.5,68.75,62.5,68.75,16,100.0,ok
boltz2,THSR__7UTZ,23,24,24,23,30.434782608695652,39.130434782608695,30.434782608695652,39.130434782608695,23,100.0,ok
confornet_nomsa,HIV1_CA,23,16,16,14,92.85714285714286,92.85714285714286,92.85714285714286,92.85714285714286,14,100.0,ok
molgen_ns1.0,HIV_RT__3V81,23,17,17,11,72.72727272727273,54.54545454545455,54.54545454545455,72.72727272727273,11,100.0,ok
boltz2,SHP2,23,19,19,17,0.0,0.0,0.0,0.0,17,100.0,ok
molgen_ns1.0,NDPK-A,23,17,17,15,73.33333333333333,73.33333333333333,66.66666666666667,80.0,15,100.0,ok
esmfold2,FUT8,23,22,22,20,100.0,100.0,100.0,100.0,20,100.0,ok
confornet_nomsa,cAbl,23,23,23,16,100.0,93.75,93.75,100.0,16,100.0,ok
boltz2,GLTP,23,8,8,6,100.0,100.0,100.0,100.0,6,100.0,ok
boltz2,FUT8,23,22,22,20,95.0,90.0,90.0,95.0,20,100.0,ok
confornet_nomsa,p53_Y220C,23,19,19,18,100.0,100.0,100.0,100.0,18,100.0,ok
boltz2,METTL14,23,22,22,18,0.0,0.0,0.0,0.0,18,100.0,ok
molgen_ns1.0,cAbl,23,23,23,16,87.5,81.25,81.25,87.5,16,100.0,ok
molgen_ns1.0,THSR__7UTZ,23,24,24,23,73.91304347826087,73.91304347826087,69.56521739130434,78.26086956521739,23,100.0,ok
esmfold2,SHP2,23,19,19,17,94.11764705882354,94.11764705882354,94.11764705882354,94.11764705882354,17,100.0,ok
esmfold2,HIV1_CA,23,16,16,14,92.85714285714286,100.0,92.85714285714286,100.0,14,100.0,ok
molgen_ns1.0,HIF2alpha,23,21,21,20,100.0,100.0,100.0,100.0,20,100.0,ok
esmfold2,HIF2alpha__6D0B,23,25,25,24,95.83333333333333,100.0,95.83333333333333,100.0,24,100.0,ok
boltz2,HIF2alpha,23,21,21,20,0.0,0.0,0.0,0.0,20,100.0,ok
molgen_ns1.0,SHP2,23,19,19,17,64.70588235294117,64.70588235294117,58.8235294117647,70.58823529411765,17,100.0,ok
boltz2,p53_Y220C__4AGQ,23,17,17,16,100.0,100.0,100.0,100.0,16,100.0,ok
boltz2,p53_Y220C__4AGQ,24,17,17,16,100.0,100.0,100.0,100.0,16,100.0,ok
molgen_ns1.0,SHP2,24,19,19,17,88.23529411764706,88.23529411764706,88.23529411764706,88.23529411764706,17,100.0,ok
esmfold2,HIF2alpha__6D0B,24,25,25,24,95.83333333333333,100.0,95.83333333333333,100.0,24,100.0,ok
esmfold2,HIF2alpha,24,21,21,20,100.0,100.0,100.0,100.0,20,100.0,ok
esmfold2,GCGR,24,25,25,8,87.5,100.0,87.5,100.0,8,100.0,ok
esmfold2,HIV1_CA,24,16,16,14,92.85714285714286,100.0,92.85714285714286,100.0,14,100.0,ok
esmfold2,HIV_RT,24,19,19,11,0.0,0.0,0.0,0.0,11,100.0,ok
boltz2,HIF2alpha,24,21,21,20,0.0,0.0,0.0,0.0,20,100.0,ok
confornet_nomsa,cAbl,24,23,23,16,100.0,93.75,93.75,100.0,16,100.0,ok
boltz2,FUT8,24,22,22,20,90.0,90.0,90.0,90.0,20,100.0,ok
esmfold2,FUT8,24,22,22,20,100.0,100.0,100.0,100.0,20,100.0,ok
esmfold2,Bcl-xL,24,21,22,17,94.11764705882354,100.0,94.11764705882354,100.0,17,100.0,ok
boltz2,GLTP,24,8,8,6,100.0,100.0,100.0,100.0,6,100.0,ok
molgen_ns1.0,THSR__7UTZ,24,24,24,23,78.26086956521739,78.26086956521739,78.26086956521739,78.26086956521739,23,100.0,ok
boltz2,METTL14,24,22,22,18,0.0,0.0,0.0,0.0,18,100.0,ok
confornet_nomsa,p53_Y220C,24,19,19,18,100.0,94.44444444444444,94.44444444444444,100.0,18,100.0,ok
molgen_ns1.0,cAbl,24,23,23,16,81.25,81.25,81.25,81.25,16,100.0,ok
esmfold2,METTL14,24,22,22,18,100.0,100.0,100.0,100.0,18,100.0,ok
boltz2,SHP2,24,19,19,17,0.0,0.0,0.0,0.0,17,100.0,ok
boltz2,betaLG,24,16,16,15,86.66666666666667,86.66666666666667,86.66666666666667,86.66666666666667,15,100.0,ok
confornet_nomsa,HIF2alpha__6D0B,24,25,25,24,95.83333333333333,100.0,95.83333333333333,100.0,24,100.0,ok
confornet_nomsa,CB1,24,28,28,20,10.0,10.0,5.0,15.0,20,100.0,ok
esmfold2,NDPK-A,24,17,17,15,100.0,100.0,100.0,100.0,15,100.0,ok
esmfold2,p53_Y220C,24,19,19,18,100.0,100.0,100.0,100.0,18,100.0,ok
esmfold2,SHP2,24,19,19,17,100.0,100.0,100.0,100.0,17,100.0,ok
molgen_ns1.0,GCGR,24,25,25,8,62.5,50.0,25.0,87.5,8,100.0,ok
boltz2,p53_Y220C,24,19,19,18,100.0,100.0,100.0,100.0,18,100.0,ok
boltz2,THSR,24,26,26,25,40.0,36.0,36.0,40.0,25,100.0,ok
boltz2,Bcl-xL,24,21,22,17,11.764705882352942,11.764705882352942,11.764705882352942,11.764705882352942,17,100.0,ok
esmfold2,Menin,24,14,14,14,100.0,100.0,100.0,100.0,14,100.0,ok
molgen_ns1.0,Bcl-xL,24,21,21,17,52.94117647058823,52.94117647058823,52.94117647058823,52.94117647058823,17,100.0,ok
boltz2,Menin,24,14,14,14,100.0,100.0,100.0,100.0,14,100.0,ok
boltz2,NDPK-A,24,17,17,15,0.0,0.0,0.0,0.0,15,100.0,ok
boltz2,HIF2alpha__6D0B,24,25,25,24,0.0,0.0,0.0,0.0,24,100.0,ok
molgen_ns1.0,METTL14,24,22,22,18,66.66666666666667,66.66666666666667,66.66666666666667,66.66666666666667,18,100.0,ok
molgen_ns1.0,NDPK-A,24,17,17,15,66.66666666666667,40.0,40.0,66.66666666666667,15,100.0,ok
molgen_ns1.0,HIV_RT,24,19,19,11,36.36363636363637,45.45454545454545,27.272727272727273,54.54545454545455,11,100.0,ok
boltz2,KRAS,24,21,21,15,80.0,60.0,60.0,80.0,15,100.0,ok
molgen_ns1.0,CB1,24,28,28,20,70.0,65.0,65.0,70.0,20,100.0,ok
confornet_nomsa,HIV1_CA,24,16,16,14,92.85714285714286,92.85714285714286,92.85714285714286,92.85714285714286,14,100.0,ok
molgen_ns1.0,p53_Y220C__4AGQ,24,17,17,16,62.5,56.25,56.25,62.5,16,100.0,ok
boltz2,THSR__7UTZ,24,24,24,23,17.391304347826086,21.73913043478261,17.391304347826086,21.73913043478261,23,100.0,ok
esmfold2,p53_Y220C__4AGQ,24,17,17,16,100.0,100.0,100.0,100.0,16,100.0,ok
molgen_ns1.0,HIV_RT__3V81,24,17,17,11,72.72727272727273,63.63636363636363,54.54545454545455,81.81818181818181,11,100.0,ok
boltz2,HIV1_CA,24,16,16,14,21.428571428571427,21.428571428571427,21.428571428571427,21.428571428571427,14,100.0,ok
molgen_ns1.0,KRAS,24,21,21,15,66.66666666666667,53.333333333333336,53.333333333333336,66.66666666666667,15,100.0,ok
esmfold2,GLTP,24,8,8,6,100.0,100.0,100.0,100.0,6,100.0,ok
molgen_ns1.0,Menin,24,14,14,14,57.142857142857146,57.142857142857146,50.0,64.28571428571429,14,100.0,ok
confornet_nomsa,KRAS,24,21,21,15,80.0,73.33333333333333,73.33333333333333,80.0,15,100.0,ok
molgen_ns1.0,p53_Y220C,24,19,19,18,61.111111111111114,55.55555555555556,50.0,66.66666666666667,18,100.0,ok
esmfold2,betaLG,24,16,16,15,100.0,100.0,100.0,100.0,15,100.0,ok
boltz2,cAbl,24,23,23,16,93.75,93.75,93.75,93.75,16,100.0,ok
esmfold2,cAbl,24,23,23,16,93.75,93.75,87.5,100.0,16,100.0,ok
esmfold2,THSR__7UTZ,24,24,24,23,73.91304347826087,69.56521739130434,69.56521739130434,73.91304347826087,23,100.0,ok
molgen_ns1.0,FUT8,24,22,22,20,70.0,70.0,70.0,70.0,20,100.0,ok
boltz2,HIV_RT__3V81,24,17,17,11,27.272727272727273,36.36363636363637,27.272727272727273,36.36363636363637,11,100.0,ok
esmfold2,KRAS,24,21,21,15,86.66666666666667,80.0,80.0,86.66666666666667,15,100.0,ok
molgen_ns1.0,HIF2alpha__6D0B,24,25,25,24,75.0,79.16666666666667,75.0,79.16666666666667,24,100.0,ok
confornet_nomsa,HIF2alpha,24,21,21,20,85.0,80.0,80.0,85.0,20,100.0,ok
confornet_nomsa,p53_Y220C__4AGQ,24,17,17,16,93.75,93.75,93.75,93.75,16,100.0,ok
esmfold2,THSR,24,26,26,25,92.0,96.0,92.0,96.0,25,100.0,ok
molgen_ns1.0,HIV1_CA,24,16,16,14,50.0,50.0,50.0,50.0,14,100.0,ok
confornet_nomsa,GCGR,24,25,25,8,75.0,87.5,75.0,87.5,8,100.0,ok
molgen_ns1.0,betaLG,24,16,16,15,86.66666666666667,80.0,80.0,86.66666666666667,15,100.0,ok
boltz2,CB1,24,28,28,20,80.0,80.0,80.0,80.0,20,100.0,ok
boltz2,GCGR,24,25,25,8,100.0,100.0,100.0,100.0,8,100.0,ok
esmfold2,HIV_RT__3V81,24,17,17,11,100.0,90.9090909090909,90.9090909090909,100.0,11,100.0,ok
molgen_ns1.0,THSR,24,26,26,25,76.0,76.0,72.0,80.0,25,100.0,ok
molgen_ns1.0,HIF2alpha,24,21,21,20,80.0,80.0,80.0,80.0,20,100.0,ok
boltz2,HIV_RT,24,19,19,11,9.090909090909092,0.0,0.0,9.090909090909092,11,100.0,ok
esmfold2,CB1,24,28,28,20,60.0,60.0,50.0,70.0,20,100.0,ok
molgen_ns1.0,GLTP,24,8,8,6,66.66666666666667,66.66666666666667,50.0,83.33333333333333,6,100.0,ok
esmfold2,Bcl-xL,25,21,22,17,94.11764705882354,100.0,94.11764705882354,100.0,17,100.0,ok
molgen_ns1.0,KRAS,25,21,21,15,66.66666666666667,40.0,40.0,66.66666666666667,15,100.0,ok
molgen_ns1.0,THSR__7UTZ,25,24,24,23,95.65217391304348,86.95652173913044,86.95652173913044,95.65217391304348,23,100.0,ok
confornet_nomsa,KRAS,25,21,21,15,80.0,73.33333333333333,73.33333333333333,80.0,15,100.0,ok
molgen_ns1.0,cAbl,25,23,23,16,81.25,75.0,68.75,87.5,16,100.0,ok
boltz2,METTL14,25,22,22,18,0.0,0.0,0.0,0.0,18,100.0,ok
confornet_nomsa,cAbl,25,23,23,16,100.0,93.75,93.75,100.0,16,100.0,ok
boltz2,CB1,25,28,28,20,75.0,70.0,65.0,80.0,20,100.0,ok
molgen_ns1.0,SHP2,25,19,19,17,41.1764705882353,47.05882352941177,41.1764705882353,47.05882352941177,17,100.0,ok
molgen_ns1.0,NDPK-A,25,17,17,15,60.0,40.0,40.0,60.0,15,100.0,ok
boltz2,p53_Y220C,25,19,19,18,100.0,100.0,100.0,100.0,18,100.0,ok
boltz2,p53_Y220C__4AGQ,25,17,17,16,100.0,100.0,100.0,100.0,16,100.0,ok
esmfold2,HIV1_CA,25,16,16,14,92.85714285714286,92.85714285714286,85.71428571428571,100.0,14,100.0,ok
esmfold2,HIV_RT,25,19,19,11,0.0,0.0,0.0,0.0,11,100.0,ok
esmfold2,GCGR,25,25,25,8,87.5,87.5,75.0,100.0,8,100.0,ok
esmfold2,HIF2alpha,25,21,21,20,100.0,100.0,100.0,100.0,20,100.0,ok
boltz2,FUT8,25,22,22,20,95.0,95.0,95.0,95.0,20,100.0,ok
confornet_nomsa,p53_Y220C,25,19,19,18,100.0,94.44444444444444,94.44444444444444,100.0,18,100.0,ok
boltz2,THSR,25,26,26,25,40.0,40.0,40.0,40.0,25,100.0,ok
esmfold2,betaLG,25,16,16,15,100.0,100.0,100.0,100.0,15,100.0,ok
boltz2,Bcl-xL,25,21,22,17,29.41176470588235,23.529411764705884,23.529411764705884,29.41176470588235,17,100.0,ok
esmfold2,FUT8,25,22,22,20,100.0,100.0,100.0,100.0,20,100.0,ok
esmfold2,SHP2,25,19,19,17,100.0,100.0,100.0,100.0,17,100.0,ok
esmfold2,p53_Y220C,25,19,19,18,100.0,100.0,100.0,100.0,18,100.0,ok
confornet_nomsa,CB1,25,28,28,20,20.0,30.0,20.0,30.0,20,100.0,ok
confornet_nomsa,HIF2alpha__6D0B,25,25,25,24,95.83333333333333,100.0,95.83333333333333,100.0,24,100.0,ok
esmfold2,NDPK-A,25,17,17,15,100.0,100.0,100.0,100.0,15,100.0,ok
molgen_ns1.0,CB1,25,28,28,20,80.0,85.0,75.0,90.0,20,100.0,ok
boltz2,KRAS,25,21,21,15,86.66666666666667,60.0,60.0,86.66666666666667,15,100.0,ok
molgen_ns1.0,Bcl-xL,25,21,21,17,70.58823529411765,64.70588235294117,64.70588235294117,70.58823529411765,17,100.0,ok
esmfold2,p53_Y220C__4AGQ,25,17,17,16,100.0,100.0,100.0,100.0,16,100.0,ok
confornet_nomsa,HIV1_CA,25,16,16,14,100.0,100.0,100.0,100.0,14,100.0,ok
boltz2,NDPK-A,25,17,17,15,0.0,0.0,0.0,0.0,15,100.0,ok
boltz2,THSR__7UTZ,25,24,24,23,21.73913043478261,21.73913043478261,21.73913043478261,21.73913043478261,23,100.0,ok
boltz2,SHP2,25,19,19,17,0.0,0.0,0.0,0.0,17,100.0,ok
molgen_ns1.0,HIV_RT__3V81,25,17,17,11,72.72727272727273,81.81818181818181,54.54545454545455,100.0,11,100.0,ok
molgen_ns1.0,METTL14,25,22,22,18,88.88888888888889,83.33333333333333,83.33333333333333,88.88888888888889,18,100.0,ok
boltz2,HIF2alpha__6D0B,25,25,25,24,8.333333333333334,8.333333333333334,8.333333333333334,8.333333333333334,24,100.0,ok
esmfold2,GLTP,25,8,8,6,100.0,100.0,100.0,100.0,6,100.0,ok
esmfold2,HIF2alpha__6D0B,25,25,25,24,95.83333333333333,100.0,95.83333333333333,100.0,24,100.0,ok
molgen_ns1.0,GLTP,25,8,8,6,33.333333333333336,33.333333333333336,33.333333333333336,33.333333333333336,6,100.0,ok
molgen_ns1.0,HIF2alpha__6D0B,25,25,25,24,66.66666666666667,70.83333333333333,66.66666666666667,70.83333333333333,24,100.0,ok
confornet_nomsa,HIF2alpha,25,21,21,20,85.0,85.0,85.0,85.0,20,100.0,ok
boltz2,HIV_RT__3V81,25,17,17,11,9.090909090909092,36.36363636363637,9.090909090909092,36.36363636363637,11,100.0,ok
esmfold2,CB1,25,28,28,20,60.0,60.0,50.0,70.0,20,100.0,ok
boltz2,HIV_RT,25,19,19,11,9.090909090909092,0.0,0.0,9.090909090909092,11,100.0,ok
molgen_ns1.0,GCGR,25,25,25,8,75.0,37.5,25.0,87.5,8,100.0,ok
confornet_nomsa,p53_Y220C__4AGQ,25,17,17,16,93.75,93.75,93.75,93.75,16,100.0,ok
esmfold2,KRAS,25,21,21,15,86.66666666666667,86.66666666666667,86.66666666666667,86.66666666666667,15,100.0,ok
esmfold2,cAbl,25,23,23,16,100.0,93.75,93.75,100.0,16,100.0,ok
esmfold2,THSR__7UTZ,25,24,24,23,47.82608695652174,43.47826086956522,43.47826086956522,47.82608695652174,23,100.0,ok
esmfold2,HIV_RT__3V81,25,17,17,11,100.0,100.0,100.0,100.0,11,100.0,ok
molgen_ns1.0,THSR,25,26,26,25,84.0,76.0,76.0,84.0,25,100.0,ok
boltz2,GLTP,25,8,8,6,83.33333333333333,83.33333333333333,83.33333333333333,83.33333333333333,6,100.0,ok
molgen_ns1.0,Menin,25,14,14,14,57.142857142857146,42.857142857142854,42.857142857142854,57.142857142857146,14,100.0,ok
boltz2,Menin,25,14,14,14,100.0,100.0,100.0,100.0,14,100.0,ok
confornet_nomsa,GCGR,25,25,25,8,75.0,87.5,75.0,87.5,8,100.0,ok
esmfold2,Menin,25,14,14,14,100.0,100.0,100.0,100.0,14,100.0,ok
molgen_ns1.0,HIF2alpha,25,21,21,20,75.0,75.0,75.0,75.0,20,100.0,ok
boltz2,HIV1_CA,25,16,16,14,0.0,0.0,0.0,0.0,14,100.0,ok
boltz2,cAbl,25,23,23,16,100.0,100.0,100.0,100.0,16,100.0,ok
molgen_ns1.0,p53_Y220C,25,19,19,18,66.66666666666667,61.111111111111114,61.111111111111114,66.66666666666667,18,100.0,ok
molgen_ns1.0,HIV_RT,25,19,19,11,54.54545454545455,63.63636363636363,54.54545454545455,63.63636363636363,11,100.0,ok
boltz2,betaLG,25,16,16,15,93.33333333333333,93.33333333333333,93.33333333333333,93.33333333333333,15,100.0,ok
esmfold2,THSR,25,26,26,25,88.0,84.0,84.0,88.0,25,100.0,ok
esmfold2,METTL14,25,22,22,18,100.0,100.0,100.0,100.0,18,100.0,ok
boltz2,HIF2alpha,25,21,21,20,0.0,0.0,0.0,0.0,20,100.0,ok
boltz2,GCGR,25,25,25,8,100.0,100.0,100.0,100.0,8,100.0,ok
molgen_ns1.0,betaLG,25,16,16,15,66.66666666666667,73.33333333333333,66.66666666666667,73.33333333333333,15,100.0,ok
molgen_ns1.0,betaLG,26,16,16,15,66.66666666666667,73.33333333333333,66.66666666666667,73.33333333333333,15,100.0,ok
boltz2,HIF2alpha,26,21,21,20,0.0,0.0,0.0,0.0,20,100.0,ok
esmfold2,HIF2alpha,26,21,21,20,100.0,100.0,100.0,100.0,20,100.0,ok
boltz2,GCGR,26,25,25,8,100.0,100.0,100.0,100.0,8,100.0,ok
molgen_ns1.0,FUT8,26,22,22,20,70.0,70.0,70.0,70.0,20,100.0,ok
esmfold2,HIV1_CA,26,16,16,14,92.85714285714286,100.0,92.85714285714286,100.0,14,100.0,ok
esmfold2,HIV_RT,26,19,19,11,0.0,0.0,0.0,0.0,11,100.0,ok
esmfold2,GCGR,26,25,25,8,87.5,87.5,75.0,100.0,8,100.0,ok
molgen_ns1.0,Menin,26,14,14,14,78.57142857142857,78.57142857142857,78.57142857142857,78.57142857142857,14,100.0,ok
boltz2,HIV_RT__3V81,26,17,17,11,0.0,0.0,0.0,0.0,11,100.0,ok
boltz2,cAbl,26,23,23,16,100.0,100.0,100.0,100.0,16,100.0,ok
boltz2,Menin,26,14,14,14,100.0,100.0,100.0,100.0,14,100.0,ok
confornet_nomsa,HIF2alpha,26,21,21,20,85.0,80.0,80.0,85.0,20,100.0,ok
molgen_ns1.0,HIF2alpha__6D0B,26,25,25,24,70.83333333333333,62.5,62.5,70.83333333333333,24,100.0,ok
molgen_ns1.0,THSR,26,26,26,25,84.0,80.0,76.0,88.0,25,100.0,ok
molgen_ns1.0,p53_Y220C,26,19,19,18,38.888888888888886,38.888888888888886,38.888888888888886,38.888888888888886,18,100.0,ok
boltz2,GLTP,26,8,8,6,83.33333333333333,83.33333333333333,66.66666666666667,100.0,6,100.0,ok
molgen_ns1.0,METTL14,26,22,22,18,50.0,61.111111111111114,50.0,61.111111111111114,18,100.0,ok
esmfold2,Bcl-xL,26,21,22,17,94.11764705882354,100.0,94.11764705882354,100.0,17,100.0,ok
esmfold2,NDPK-A,26,17,17,15,93.33333333333333,93.33333333333333,93.33333333333333,93.33333333333333,15,100.0,ok
boltz2,HIV_RT,26,19,19,11,9.090909090909092,0.0,0.0,9.090909090909092,11,100.0,ok
esmfold2,HIV_RT__3V81,26,17,17,11,100.0,90.9090909090909,90.9090909090909,100.0,11,100.0,ok
esmfold2,FUT8,26,22,22,20,100.0,100.0,100.0,100.0,20,100.0,ok
esmfold2,METTL14,26,22,22,18,100.0,100.0,100.0,100.0,18,100.0,ok
molgen_ns1.0,HIV_RT,26,19,19,11,81.81818181818181,81.81818181818181,81.81818181818181,81.81818181818181,11,100.0,ok
esmfold2,THSR__7UTZ,26,24,24,23,78.26086956521739,69.56521739130434,69.56521739130434,78.26086956521739,23,100.0,ok
esmfold2,THSR,26,26,26,25,92.0,96.0,92.0,96.0,25,100.0,ok
esmfold2,p53_Y220C__4AGQ,26,17,17,16,100.0,100.0,100.0,100.0,16,100.0,ok
molgen_ns1.0,HIV1_CA,26,16,16,14,57.142857142857146,57.142857142857146,50.0,64.28571428571429,14,100.0,ok
esmfold2,CB1,26,28,28,20,60.0,60.0,55.0,65.0,20,100.0,ok
boltz2,betaLG,26,16,16,15,86.66666666666667,93.33333333333333,86.66666666666667,93.33333333333333,15,100.0,ok
confornet_nomsa,p53_Y220C__4AGQ,26,17,17,16,93.75,93.75,93.75,93.75,16,100.0,ok
molgen_ns1.0,CB1,26,28,28,20,50.0,50.0,50.0,50.0,20,100.0,ok
molgen_ns1.0,GLTP,26,8,8,6,50.0,33.333333333333336,33.333333333333336,50.0,6,100.0,ok
molgen_ns1.0,HIF2alpha,26,21,21,20,70.0,70.0,70.0,70.0,20,100.0,ok
esmfold2,Menin,26,14,14,14,100.0,100.0,100.0,100.0,14,100.0,ok
confornet_nomsa,GCGR,26,25,25,8,62.5,87.5,62.5,87.5,8,100.0,ok
esmfold2,KRAS,26,21,21,15,86.66666666666667,73.33333333333333,73.33333333333333,86.66666666666667,15,100.0,ok
esmfold2,GLTP,26,8,8,6,100.0,100.0,100.0,100.0,6,100.0,ok
esmfold2,SHP2,26,19,19,17,100.0,100.0,100.0,100.0,17,100.0,ok
boltz2,HIV1_CA,26,16,16,14,14.285714285714286,14.285714285714286,14.285714285714286,14.285714285714286,14,100.0,ok
molgen_ns1.0,GCGR,26,25,25,8,87.5,75.0,75.0,87.5,8,100.0,ok
esmfold2,betaLG,26,16,16,15,100.0,100.0,100.0,100.0,15,100.0,ok
boltz2,Bcl-xL,26,21,22,17,29.41176470588235,29.41176470588235,29.41176470588235,29.41176470588235,17,100.0,ok
boltz2,THSR,26,26,26,25,16.0,16.0,16.0,16.0,25,100.0,ok
confornet_nomsa,HIV1_CA,26,16,16,14,100.0,100.0,100.0,100.0,14,100.0,ok
boltz2,SHP2,26,19,19,17,0.0,0.0,0.0,0.0,17,100.0,ok
boltz2,NDPK-A,26,17,17,15,0.0,0.0,0.0,0.0,15,100.0,ok
boltz2,THSR__7UTZ,26,24,24,23,39.130434782608695,39.130434782608695,39.130434782608695,39.130434782608695,23,100.0,ok
molgen_ns1.0,p53_Y220C__4AGQ,26,17,17,16,62.5,68.75,62.5,68.75,16,100.0,ok
boltz2,p53_Y220C__4AGQ,26,17,17,16,100.0,100.0,100.0,100.0,16,100.0,ok
boltz2,CB1,26,28,28,20,80.0,75.0,75.0,80.0,20,100.0,ok
esmfold2,HIF2alpha__6D0B,26,25,25,24,95.83333333333333,100.0,95.83333333333333,100.0,24,100.0,ok
molgen_ns1.0,THSR__7UTZ,26,24,24,23,82.6086956521739,82.6086956521739,82.6086956521739,82.6086956521739,23,100.0,ok
boltz2,FUT8,26,22,22,20,95.0,95.0,95.0,95.0,20,100.0,ok
molgen_ns1.0,SHP2,26,19,19,17,58.8235294117647,70.58823529411765,58.8235294117647,70.58823529411765,17,100.0,ok
boltz2,KRAS,26,21,21,15,86.66666666666667,73.33333333333333,73.33333333333333,86.66666666666667,15,100.0,ok
esmfold2,p53_Y220C,26,19,19,18,100.0,100.0,100.0,100.0,18,100.0,ok
esmfold2,cAbl,26,23,23,16,93.75,100.0,93.75,100.0,16,100.0,ok
molgen_ns1.0,HIV_RT__3V81,26,17,17,11,54.54545454545455,72.72727272727273,54.54545454545455,72.72727272727273,11,100.0,ok
confornet_nomsa,CB1,26,28,28,20,0.0,10.0,0.0,10.0,20,100.0,ok
confornet_nomsa,HIF2alpha__6D0B,26,25,25,24,95.83333333333333,100.0,95.83333333333333,100.0,24,100.0,ok
confornet_nomsa,cAbl,26,23,23,16,100.0,93.75,93.75,100.0,16,100.0,ok
boltz2,p53_Y220C,26,19,19,18,100.0,100.0,100.0,100.0,18,100.0,ok
molgen_ns1.0,cAbl,26,23,23,16,93.75,93.75,87.5,100.0,16,100.0,ok
molgen_ns1.0,NDPK-A,26,17,17,15,60.0,33.333333333333336,33.333333333333336,60.0,15,100.0,ok
confornet_nomsa,KRAS,26,21,21,15,73.33333333333333,73.33333333333333,73.33333333333333,73.33333333333333,15,100.0,ok
boltz2,METTL14,26,22,22,18,0.0,0.0,0.0,0.0,18,100.0,ok
molgen_ns1.0,KRAS,26,21,21,15,73.33333333333333,60.0,60.0,73.33333333333333,15,100.0,ok
confornet_nomsa,p53_Y220C,26,19,19,18,94.44444444444444,88.88888888888889,88.88888888888889,94.44444444444444,18,100.0,ok
molgen_ns1.0,Bcl-xL,26,21,21,17,76.47058823529412,64.70588235294117,64.70588235294117,76.47058823529412,17,100.0,ok
boltz2,HIF2alpha__6D0B,26,25,25,24,0.0,0.0,0.0,0.0,24,100.0,ok
boltz2,Menin,27,14,14,14,100.0,100.0,100.0,100.0,14,100.0,ok
boltz2,HIV_RT,27,19,19,11,27.272727272727273,27.272727272727273,27.272727272727273,27.272727272727273,11,100.0,ok
molgen_ns1.0,p53_Y220C,27,19,19,18,83.33333333333333,77.77777777777777,77.77777777777777,83.33333333333333,18,100.0,ok
molgen_ns1.0,HIF2alpha__6D0B,27,25,25,24,62.5,66.66666666666667,62.5,66.66666666666667,24,100.0,ok
molgen_ns1.0,Menin,27,14,14,14,71.42857142857143,50.0,50.0,71.42857142857143,14,100.0,ok
boltz2,cAbl,27,23,23,16,93.75,93.75,93.75,93.75,16,100.0,ok
confornet_nomsa,HIF2alpha,27,21,21,20,85.0,80.0,80.0,85.0,20,100.0,ok
boltz2,HIV_RT__3V81,27,17,17,11,36.36363636363637,45.45454545454545,36.36363636363637,45.45454545454545,11,100.0,ok
esmfold2,HIV1_CA,27,16,16,14,85.71428571428571,92.85714285714286,85.71428571428571,92.85714285714286,14,100.0,ok
molgen_ns1.0,HIF2alpha,27,21,21,20,70.0,70.0,70.0,70.0,20,100.0,ok
esmfold2,GCGR,27,25,25,8,87.5,100.0,87.5,100.0,8,100.0,ok
boltz2,HIF2alpha,27,21,21,20,0.0,0.0,0.0,0.0,20,100.0,ok
molgen_ns1.0,betaLG,27,16,16,15,73.33333333333333,80.0,73.33333333333333,80.0,15,100.0,ok
esmfold2,HIV_RT,27,19,19,11,0.0,0.0,0.0,0.0,11,100.0,ok
boltz2,p53_Y220C,27,19,19,18,100.0,100.0,100.0,100.0,18,100.0,ok
molgen_ns1.0,THSR,27,26,26,25,80.0,76.0,76.0,80.0,25,100.0,ok
boltz2,GLTP,27,8,8,6,83.33333333333333,83.33333333333333,83.33333333333333,83.33333333333333,6,100.0,ok
esmfold2,THSR__7UTZ,27,24,24,23,73.91304347826087,78.26086956521739,73.91304347826087,78.26086956521739,23,100.0,ok
molgen_ns1.0,HIV_RT,27,19,19,11,54.54545454545455,45.45454545454545,36.36363636363637,63.63636363636363,11,100.0,ok
esmfold2,CB1,27,28,28,20,65.0,55.0,40.0,80.0,20,100.0,ok
boltz2,betaLG,27,16,16,15,80.0,73.33333333333333,73.33333333333333,80.0,15,100.0,ok
confornet_nomsa,p53_Y220C__4AGQ,27,17,17,16,100.0,100.0,100.0,100.0,16,100.0,ok
molgen_ns1.0,HIV1_CA,27,16,16,14,57.142857142857146,57.142857142857146,57.142857142857146,57.142857142857146,14,100.0,ok
molgen_ns1.0,GLTP,27,8,8,6,33.333333333333336,66.66666666666667,33.333333333333336,66.66666666666667,6,100.0,ok
esmfold2,NDPK-A,27,17,17,15,93.33333333333333,86.66666666666667,86.66666666666667,93.33333333333333,15,100.0,ok
esmfold2,Bcl-xL,27,21,22,17,94.11764705882354,100.0,94.11764705882354,100.0,17,100.0,ok
esmfold2,FUT8,27,22,22,20,100.0,100.0,100.0,100.0,20,100.0,ok
esmfold2,METTL14,27,22,22,18,100.0,100.0,100.0,100.0,18,100.0,ok
esmfold2,HIV_RT__3V81,27,17,17,11,100.0,90.9090909090909,90.9090909090909,100.0,11,100.0,ok
boltz2,HIV1_CA,27,16,16,14,0.0,0.0,0.0,0.0,14,100.0,ok
molgen_ns1.0,GCGR,27,25,25,8,62.5,62.5,62.5,62.5,8,100.0,ok
esmfold2,betaLG,27,16,16,15,100.0,100.0,100.0,100.0,15,100.0,ok
esmfold2,SHP2,27,19,19,17,100.0,100.0,100.0,100.0,17,100.0,ok
boltz2,THSR,27,26,26,25,36.0,16.0,16.0,36.0,25,100.0,ok
molgen_ns1.0,p53_Y220C__4AGQ,27,17,17,16,68.75,62.5,62.5,68.75,16,100.0,ok
confornet_nomsa,HIV1_CA,27,16,16,14,92.85714285714286,92.85714285714286,92.85714285714286,92.85714285714286,14,100.0,ok
boltz2,Bcl-xL,27,21,22,17,23.529411764705884,17.647058823529413,17.647058823529413,23.529411764705884,17,100.0,ok
esmfold2,Menin,27,14,14,14,100.0,100.0,100.0,100.0,14,100.0,ok
molgen_ns1.0,CB1,27,28,28,20,70.0,70.0,65.0,75.0,20,100.0,ok
confornet_nomsa,GCGR,27,25,25,8,75.0,75.0,75.0,75.0,8,100.0,ok
esmfold2,KRAS,27,21,21,15,80.0,73.33333333333333,73.33333333333333,80.0,15,100.0,ok
esmfold2,GLTP,27,8,8,6,100.0,83.33333333333333,83.33333333333333,100.0,6,100.0,ok
molgen_ns1.0,FUT8,27,22,22,20,85.0,80.0,80.0,85.0,20,100.0,ok
esmfold2,cAbl,27,23,23,16,100.0,100.0,100.0,100.0,16,100.0,ok
esmfold2,p53_Y220C,27,19,19,18,100.0,100.0,100.0,100.0,18,100.0,ok
molgen_ns1.0,KRAS,27,21,21,15,66.66666666666667,53.333333333333336,53.333333333333336,66.66666666666667,15,100.0,ok
boltz2,METTL14,27,22,22,18,0.0,0.0,0.0,0.0,18,100.0,ok
boltz2,NDPK-A,27,17,17,15,0.0,0.0,0.0,0.0,15,100.0,ok
boltz2,KRAS,27,21,21,15,80.0,66.66666666666667,66.66666666666667,80.0,15,100.0,ok
molgen_ns1.0,Bcl-xL,27,21,21,17,82.3529411764706,76.47058823529412,76.47058823529412,82.3529411764706,17,100.0,ok
confornet_nomsa,HIF2alpha__6D0B,27,25,25,24,95.83333333333333,100.0,95.83333333333333,100.0,24,100.0,ok
boltz2,HIF2alpha__6D0B,27,25,25,24,8.333333333333334,8.333333333333334,8.333333333333334,8.333333333333334,24,100.0,ok
confornet_nomsa,CB1,27,28,28,20,0.0,5.0,0.0,5.0,20,100.0,ok
esmfold2,p53_Y220C__4AGQ,27,17,17,16,100.0,100.0,100.0,100.0,16,100.0,ok
boltz2,CB1,27,28,28,20,95.0,90.0,90.0,95.0,20,100.0,ok
boltz2,SHP2,27,19,19,17,0.0,0.0,0.0,0.0,17,100.0,ok
molgen_ns1.0,HIV_RT__3V81,27,17,17,11,72.72727272727273,72.72727272727273,63.63636363636363,81.81818181818181,11,100.0,ok
boltz2,THSR__7UTZ,27,24,24,23,21.73913043478261,21.73913043478261,21.73913043478261,21.73913043478261,23,100.0,ok
molgen_ns1.0,SHP2,27,19,19,17,70.58823529411765,70.58823529411765,70.58823529411765,70.58823529411765,17,100.0,ok
boltz2,p53_Y220C__4AGQ,27,17,17,16,100.0,100.0,100.0,100.0,16,100.0,ok
molgen_ns1.0,METTL14,27,22,22,18,66.66666666666667,72.22222222222223,66.66666666666667,72.22222222222223,18,100.0,ok
confornet_nomsa,p53_Y220C,27,19,19,18,100.0,100.0,100.0,100.0,18,100.0,ok
confornet_nomsa,cAbl,27,23,23,16,100.0,93.75,93.75,100.0,16,100.0,ok
esmfold2,THSR,27,26,26,25,92.0,96.0,92.0,96.0,25,100.0,ok
confornet_nomsa,KRAS,27,21,21,15,80.0,73.33333333333333,73.33333333333333,80.0,15,100.0,ok
boltz2,FUT8,27,22,22,20,95.0,95.0,95.0,95.0,20,100.0,ok
esmfold2,HIF2alpha,27,21,21,20,100.0,100.0,100.0,100.0,20,100.0,ok
esmfold2,HIF2alpha__6D0B,27,25,25,24,95.83333333333333,100.0,95.83333333333333,100.0,24,100.0,ok
molgen_ns1.0,cAbl,27,23,23,16,81.25,62.5,62.5,81.25,16,100.0,ok
molgen_ns1.0,THSR__7UTZ,27,24,24,23,95.65217391304348,91.30434782608695,91.30434782608695,95.65217391304348,23,100.0,ok
molgen_ns1.0,NDPK-A,27,17,17,15,53.333333333333336,40.0,40.0,53.333333333333336,15,100.0,ok
boltz2,GCGR,27,25,25,8,100.0,100.0,100.0,100.0,8,100.0,ok
molgen_ns1.0,betaLG,28,16,16,15,66.66666666666667,73.33333333333333,66.66666666666667,73.33333333333333,15,100.0,ok
boltz2,SHP2,28,19,19,17,0.0,0.0,0.0,0.0,17,100.0,ok
esmfold2,cAbl,28,23,23,16,93.75,100.0,93.75,100.0,16,100.0,ok
esmfold2,p53_Y220C,28,19,19,18,100.0,100.0,100.0,100.0,18,100.0,ok
boltz2,KRAS,28,21,21,15,86.66666666666667,66.66666666666667,66.66666666666667,86.66666666666667,15,100.0,ok
confornet_nomsa,HIF2alpha__6D0B,28,25,25,24,95.83333333333333,100.0,95.83333333333333,100.0,24,100.0,ok
molgen_ns1.0,HIV_RT__3V81,28,17,17,11,81.81818181818181,81.81818181818181,81.81818181818181,81.81818181818181,11,100.0,ok
confornet_nomsa,p53_Y220C,28,19,19,18,100.0,100.0,100.0,100.0,18,100.0,ok
molgen_ns1.0,Bcl-xL,28,21,21,17,82.3529411764706,76.47058823529412,76.47058823529412,82.3529411764706,17,100.0,ok
esmfold2,THSR__7UTZ,28,24,24,23,69.56521739130434,69.56521739130434,69.56521739130434,69.56521739130434,23,100.0,ok
esmfold2,THSR,28,26,26,25,92.0,96.0,92.0,96.0,25,100.0,ok
boltz2,p53_Y220C,28,19,19,18,100.0,100.0,100.0,100.0,18,100.0,ok
esmfold2,GCGR,28,25,25,8,87.5,100.0,87.5,100.0,8,100.0,ok
esmfold2,CB1,28,28,28,20,75.0,60.0,60.0,75.0,20,100.0,ok
molgen_ns1.0,HIF2alpha__6D0B,28,25,25,24,66.66666666666667,66.66666666666667,66.66666666666667,66.66666666666667,24,100.0,ok
molgen_ns1.0,FUT8,28,22,22,20,70.0,50.0,50.0,70.0,20,100.0,ok
confornet_nomsa,HIF2alpha,28,21,21,20,85.0,80.0,80.0,85.0,20,100.0,ok
boltz2,HIV_RT__3V81,28,17,17,11,36.36363636363637,36.36363636363637,36.36363636363637,36.36363636363637,11,100.0,ok
boltz2,cAbl,28,23,23,16,93.75,93.75,93.75,93.75,16,100.0,ok
confornet_nomsa,KRAS,28,21,21,15,73.33333333333333,73.33333333333333,73.33333333333333,73.33333333333333,15,100.0,ok
boltz2,GLTP,28,8,8,6,33.333333333333336,66.66666666666667,33.333333333333336,66.66666666666667,6,100.0,ok
molgen_ns1.0,Menin,28,14,14,14,57.142857142857146,64.28571428571429,57.142857142857146,64.28571428571429,14,100.0,ok
confornet_nomsa,cAbl,28,23,23,16,100.0,100.0,100.0,100.0,16,100.0,ok
boltz2,NDPK-A,28,17,17,15,0.0,0.0,0.0,0.0,15,100.0,ok
boltz2,METTL14,28,22,22,18,0.0,5.555555555555555,0.0,5.555555555555555,18,100.0,ok
confornet_nomsa,CB1,28,28,28,20,10.0,15.0,10.0,15.0,20,100.0,ok
molgen_ns1.0,METTL14,28,22,22,18,77.77777777777777,77.77777777777777,72.22222222222223,83.33333333333333,18,100.0,ok
boltz2,HIF2alpha__6D0B,28,25,25,24,0.0,0.0,0.0,0.0,24,100.0,ok
molgen_ns1.0,HIV_RT,28,19,19,11,45.45454545454545,45.45454545454545,45.45454545454545,45.45454545454545,11,100.0,ok
molgen_ns1.0,HIV1_CA,28,16,16,14,50.0,50.0,50.0,50.0,14,100.0,ok
confornet_nomsa,p53_Y220C__4AGQ,28,17,17,16,93.75,93.75,93.75,93.75,16,100.0,ok
boltz2,betaLG,28,16,16,15,73.33333333333333,60.0,60.0,73.33333333333333,15,100.0,ok
molgen_ns1.0,GCGR,28,25,25,8,62.5,62.5,62.5,62.5,8,100.0,ok
esmfold2,SHP2,28,19,19,17,94.11764705882354,100.0,94.11764705882354,100.0,17,100.0,ok
boltz2,Bcl-xL,28,21,22,17,41.1764705882353,29.41176470588235,23.529411764705884,47.05882352941177,17,100.0,ok
confornet_nomsa,HIV1_CA,28,16,16,14,92.85714285714286,85.71428571428571,85.71428571428571,92.85714285714286,14,100.0,ok
boltz2,THSR,28,26,26,25,60.0,52.0,44.0,68.0,25,100.0,ok
molgen_ns1.0,p53_Y220C,28,19,19,18,61.111111111111114,72.22222222222223,61.111111111111114,72.22222222222223,18,100.0,ok
esmfold2,FUT8,28,22,22,20,100.0,100.0,100.0,100.0,20,100.0,ok
esmfold2,GLTP,28,8,8,6,100.0,100.0,100.0,100.0,6,100.0,ok
molgen_ns1.0,p53_Y220C__4AGQ,28,17,17,16,50.0,56.25,43.75,62.5,16,100.0,ok
boltz2,Menin,28,14,14,14,100.0,100.0,100.0,100.0,14,100.0,ok
molgen_ns1.0,CB1,28,28,28,20,50.0,60.0,50.0,60.0,20,100.0,ok
esmfold2,HIV_RT__3V81,28,17,17,11,90.9090909090909,100.0,90.9090909090909,100.0,11,100.0,ok
esmfold2,METTL14,28,22,22,18,100.0,100.0,100.0,100.0,18,100.0,ok
esmfold2,NDPK-A,28,17,17,15,93.33333333333333,93.33333333333333,93.33333333333333,93.33333333333333,15,100.0,ok
esmfold2,Bcl-xL,28,21,22,17,94.11764705882354,100.0,94.11764705882354,100.0,17,100.0,ok
esmfold2,Menin,28,14,14,14,100.0,100.0,100.0,100.0,14,100.0,ok
confornet_nomsa,GCGR,28,25,25,8,75.0,87.5,75.0,87.5,8,100.0,ok
molgen_ns1.0,GLTP,28,8,8,6,66.66666666666667,66.66666666666667,66.66666666666667,66.66666666666667,6,100.0,ok
esmfold2,KRAS,28,21,21,15,86.66666666666667,86.66666666666667,86.66666666666667,86.66666666666667,15,100.0,ok
boltz2,HIV1_CA,28,16,16,14,14.285714285714286,14.285714285714286,14.285714285714286,14.285714285714286,14,100.0,ok
molgen_ns1.0,NDPK-A,28,17,17,15,53.333333333333336,33.333333333333336,33.333333333333336,53.333333333333336,15,100.0,ok
molgen_ns1.0,THSR,28,26,26,25,76.0,72.0,72.0,76.0,25,100.0,ok
boltz2,p53_Y220C__4AGQ,28,17,17,16,100.0,100.0,100.0,100.0,16,100.0,ok
molgen_ns1.0,cAbl,28,23,23,16,75.0,75.0,75.0,75.0,16,100.0,ok
molgen_ns1.0,THSR__7UTZ,28,24,24,23,95.65217391304348,95.65217391304348,95.65217391304348,95.65217391304348,23,100.0,ok
boltz2,FUT8,28,22,22,20,95.0,95.0,95.0,95.0,20,100.0,ok
molgen_ns1.0,SHP2,28,19,19,17,70.58823529411765,64.70588235294117,64.70588235294117,70.58823529411765,17,100.0,ok
boltz2,CB1,28,28,28,20,80.0,75.0,75.0,80.0,20,100.0,ok
boltz2,THSR__7UTZ,28,24,24,23,13.043478260869565,13.043478260869565,13.043478260869565,13.043478260869565,23,100.0,ok
esmfold2,p53_Y220C__4AGQ,28,17,17,16,100.0,100.0,100.0,100.0,16,100.0,ok
esmfold2,betaLG,28,16,16,15,100.0,100.0,100.0,100.0,15,100.0,ok
esmfold2,HIV1_CA,28,16,16,14,85.71428571428571,92.85714285714286,85.71428571428571,92.85714285714286,14,100.0,ok
molgen_ns1.0,HIF2alpha,28,21,21,20,75.0,75.0,75.0,75.0,20,100.0,ok
esmfold2,HIV_RT,28,19,19,11,0.0,9.090909090909092,0.0,9.090909090909092,11,100.0,ok
esmfold2,HIF2alpha,28,21,21,20,100.0,100.0,100.0,100.0,20,100.0,ok
esmfold2,HIF2alpha__6D0B,28,25,25,24,95.83333333333333,100.0,95.83333333333333,100.0,24,100.0,ok
boltz2,HIV_RT,28,19,19,11,0.0,0.0,0.0,0.0,11,100.0,ok
boltz2,HIF2alpha,28,21,21,20,0.0,0.0,0.0,0.0,20,100.0,ok
boltz2,GCGR,28,25,25,8,100.0,100.0,100.0,100.0,8,100.0,ok
molgen_ns1.0,betaLG,29,16,16,15,66.66666666666667,80.0,66.66666666666667,80.0,15,100.0,ok
boltz2,GCGR,29,25,25,8,100.0,100.0,100.0,100.0,8,100.0,ok
esmfold2,HIF2alpha,29,21,21,20,100.0,100.0,100.0,100.0,20,100.0,ok
molgen_ns1.0,HIF2alpha,29,21,21,20,70.0,65.0,65.0,70.0,20,100.0,ok
boltz2,HIV_RT__3V81,29,17,17,11,0.0,0.0,0.0,0.0,11,100.0,ok
boltz2,HIV_RT,29,19,19,11,27.272727272727273,18.181818181818183,18.181818181818183,27.272727272727273,11,100.0,ok
esmfold2,HIF2alpha__6D0B,29,25,25,24,95.83333333333333,100.0,95.83333333333333,100.0,24,100.0,ok
esmfold2,HIV_RT,29,19,19,11,0.0,0.0,0.0,0.0,11,100.0,ok
molgen_ns1.0,THSR__7UTZ,29,24,24,23,82.6086956521739,82.6086956521739,82.6086956521739,82.6086956521739,23,100.0,ok
esmfold2,HIV1_CA,29,16,16,14,85.71428571428571,92.85714285714286,85.71428571428571,92.85714285714286,14,100.0,ok
molgen_ns1.0,SHP2,29,19,19,17,76.47058823529412,82.3529411764706,76.47058823529412,82.3529411764706,17,100.0,ok
molgen_ns1.0,FUT8,29,22,22,20,80.0,75.0,75.0,80.0,20,100.0,ok
boltz2,Bcl-xL,29,21,22,17,29.41176470588235,29.41176470588235,29.41176470588235,29.41176470588235,17,100.0,ok
boltz2,CB1,29,28,28,20,70.0,70.0,70.0,70.0,20,100.0,ok
esmfold2,FUT8,29,22,22,20,100.0,100.0,100.0,100.0,20,100.0,ok
boltz2,HIV1_CA,29,16,16,14,0.0,0.0,0.0,0.0,14,100.0,ok
esmfold2,HIV_RT__3V81,29,17,17,11,100.0,100.0,100.0,100.0,11,100.0,ok
esmfold2,KRAS,29,21,21,15,73.33333333333333,73.33333333333333,73.33333333333333,73.33333333333333,15,100.0,ok
confornet_nomsa,GCGR,29,25,25,8,75.0,75.0,75.0,75.0,8,100.0,ok
molgen_ns1.0,cAbl,29,23,23,16,87.5,68.75,68.75,87.5,16,100.0,ok
boltz2,p53_Y220C__4AGQ,29,17,17,16,100.0,100.0,100.0,100.0,16,100.0,ok
molgen_ns1.0,NDPK-A,29,17,17,15,40.0,40.0,40.0,40.0,15,100.0,ok
molgen_ns1.0,THSR,29,26,26,25,72.0,60.0,56.0,76.0,25,100.0,ok
boltz2,FUT8,29,22,22,20,95.0,95.0,95.0,95.0,20,100.0,ok
boltz2,p53_Y220C,29,19,19,18,100.0,100.0,100.0,100.0,18,100.0,ok
boltz2,betaLG,29,16,16,15,100.0,100.0,100.0,100.0,15,100.0,ok
molgen_ns1.0,HIF2alpha__6D0B,29,25,25,24,62.5,58.333333333333336,54.166666666666664,66.66666666666667,24,100.0,ok
esmfold2,METTL14,29,22,22,18,100.0,100.0,100.0,100.0,18,100.0,ok
esmfold2,Bcl-xL,29,21,22,17,94.11764705882354,100.0,94.11764705882354,100.0,17,100.0,ok
esmfold2,NDPK-A,29,17,17,15,100.0,100.0,100.0,100.0,15,100.0,ok
boltz2,cAbl,29,23,23,16,93.75,93.75,93.75,93.75,16,100.0,ok
molgen_ns1.0,HIV_RT,29,19,19,11,90.9090909090909,81.81818181818181,81.81818181818181,90.9090909090909,11,100.0,ok
confornet_nomsa,CB1,29,28,28,20,5.0,5.0,0.0,10.0,20,100.0,ok
boltz2,HIF2alpha__6D0B,29,25,25,24,0.0,0.0,0.0,0.0,24,100.0,ok
esmfold2,Menin,29,14,14,14,100.0,100.0,100.0,100.0,14,100.0,ok
boltz2,HIF2alpha,29,21,21,20,0.0,0.0,0.0,0.0,20,100.0,ok
confornet_nomsa,cAbl,29,23,23,16,100.0,93.75,93.75,100.0,16,100.0,ok
confornet_nomsa,p53_Y220C__4AGQ,29,17,17,16,93.75,93.75,93.75,93.75,16,100.0,ok
molgen_ns1.0,GLTP,29,8,8,6,83.33333333333333,66.66666666666667,66.66666666666667,83.33333333333333,6,100.0,ok
molgen_ns1.0,GCGR,29,25,25,8,50.0,50.0,37.5,62.5,8,100.0,ok
molgen_ns1.0,METTL14,29,22,22,18,72.22222222222223,55.55555555555556,55.55555555555556,72.22222222222223,18,100.0,ok
molgen_ns1.0,HIV1_CA,29,16,16,14,50.0,50.0,50.0,50.0,14,100.0,ok
esmfold2,SHP2,29,19,19,17,94.11764705882354,100.0,94.11764705882354,100.0,17,100.0,ok
boltz2,NDPK-A,29,17,17,15,0.0,0.0,0.0,0.0,15,100.0,ok
boltz2,GLTP,29,8,8,6,100.0,83.33333333333333,83.33333333333333,100.0,6,100.0,ok
molgen_ns1.0,p53_Y220C,29,19,19,18,61.111111111111114,61.111111111111114,61.111111111111114,61.111111111111114,18,100.0,ok
boltz2,THSR,29,26,26,25,20.0,28.0,20.0,28.0,25,100.0,ok
confornet_nomsa,HIV1_CA,29,16,16,14,92.85714285714286,92.85714285714286,92.85714285714286,92.85714285714286,14,100.0,ok
boltz2,Menin,29,14,14,14,100.0,100.0,100.0,100.0,14,100.0,ok
molgen_ns1.0,p53_Y220C__4AGQ,29,17,17,16,50.0,37.5,37.5,50.0,16,100.0,ok
esmfold2,GLTP,29,8,8,6,100.0,100.0,100.0,100.0,6,100.0,ok
boltz2,THSR__7UTZ,29,24,24,23,13.043478260869565,8.695652173913043,8.695652173913043,13.043478260869565,23,100.0,ok
confornet_nomsa,HIF2alpha,29,21,21,20,100.0,100.0,100.0,100.0,20,100.0,ok
esmfold2,CB1,29,28,28,20,60.0,55.0,50.0,65.0,20,100.0,ok
esmfold2,GCGR,29,25,25,8,87.5,100.0,87.5,100.0,8,100.0,ok
molgen_ns1.0,Menin,29,14,14,14,42.857142857142854,50.0,42.857142857142854,50.0,14,100.0,ok
esmfold2,betaLG,29,16,16,15,100.0,100.0,100.0,100.0,15,100.0,ok
molgen_ns1.0,KRAS,29,21,21,15,86.66666666666667,73.33333333333333,73.33333333333333,86.66666666666667,15,100.0,ok
boltz2,METTL14,29,22,22,18,16.666666666666668,16.666666666666668,11.11111111111111,22.22222222222222,18,100.0,ok
confornet_nomsa,p53_Y220C,29,19,19,18,100.0,94.44444444444444,94.44444444444444,100.0,18,100.0,ok
confornet_nomsa,KRAS,29,21,21,15,80.0,73.33333333333333,73.33333333333333,80.0,15,100.0,ok
boltz2,KRAS,29,21,21,15,86.66666666666667,66.66666666666667,66.66666666666667,86.66666666666667,15,100.0,ok
molgen_ns1.0,HIV_RT__3V81,29,17,17,11,54.54545454545455,45.45454545454545,36.36363636363637,63.63636363636363,11,100.0,ok
molgen_ns1.0,CB1,29,28,28,20,80.0,70.0,70.0,80.0,20,100.0,ok
esmfold2,cAbl,29,23,23,16,100.0,100.0,100.0,100.0,16,100.0,ok
esmfold2,p53_Y220C,29,19,19,18,100.0,100.0,100.0,100.0,18,100.0,ok
boltz2,SHP2,29,19,19,17,0.0,0.0,0.0,0.0,17,100.0,ok
esmfold2,p53_Y220C__4AGQ,29,17,17,16,100.0,100.0,100.0,100.0,16,100.0,ok
molgen_ns1.0,Bcl-xL,29,21,21,17,82.3529411764706,64.70588235294117,64.70588235294117,82.3529411764706,17,100.0,ok
esmfold2,THSR__7UTZ,29,24,24,23,82.6086956521739,78.26086956521739,78.26086956521739,82.6086956521739,23,100.0,ok
esmfold2,THSR,29,26,26,25,92.0,96.0,92.0,96.0,25,100.0,ok
confornet_nomsa,HIF2alpha__6D0B,29,25,25,24,95.83333333333333,100.0,95.83333333333333,100.0,24,100.0,ok
bioemu_refine,Bcl-xL,100,21,22,17,88.23529411764706,88.23529411764706,88.23529411764706,88.23529411764706,17,100.0,ok
bioemu_refine,p53_Y220C__4AGQ,100,17,17,16,93.75,87.5,87.5,93.75,16,100.0,ok
rfd3_fix7,KRAS,100,21,21,15,93.33333333333333,93.33333333333333,93.33333333333333,93.33333333333333,15,100.0,ok
rfd3_fix7,HIF2alpha,100,21,21,20,95.0,95.0,95.0,95.0,20,100.0,ok
bioemu_refine,NDPK-A,100,17,17,15,40.0,46.666666666666664,40.0,46.666666666666664,15,100.0,ok
bioemu_refine,p53_Y220C,100,19,19,18,100.0,88.88888888888889,88.88888888888889,100.0,18,100.0,ok
rfd3_fix7,HIF2alpha__6D0B,100,25,25,24,95.83333333333333,95.83333333333333,95.83333333333333,95.83333333333333,24,100.0,ok
bioemu_refine,FUT8,100,22,22,20,90.0,90.0,90.0,90.0,20,100.0,ok
confornet_nomsa,SHP2,100,19,19,17,0.0,0.0,0.0,0.0,17,100.0,ok
confornet_nomsa,METTL14,100,22,22,18,0.0,0.0,0.0,0.0,18,100.0,ok
confornet_nomsa,NDPK-A,100,17,17,15,0.0,0.0,0.0,0.0,15,100.0,ok
rfd3_fix7,CB1,100,28,28,20,100.0,100.0,100.0,100.0,20,100.0,ok
confornet_nomsa,betaLG,100,16,16,15,0.0,0.0,0.0,0.0,15,100.0,ok
confornet_nomsa,GLTP,100,8,8,6,0.0,0.0,0.0,0.0,6,100.0,ok
bioemu_refine,SHP2,100,19,19,17,17.647058823529413,11.764705882352942,11.764705882352942,17.647058823529413,17,100.0,ok
rfd3_fix7,THSR__7UTZ,100,24,24,23,78.26086956521739,82.6086956521739,78.26086956521739,82.6086956521739,23,100.0,ok
rfd3_fix7,cAbl,100,23,23,16,100.0,100.0,100.0,100.0,16,100.0,ok
bioemu_refine,KRAS,100,21,21,15,73.33333333333333,66.66666666666667,60.0,80.0,15,100.0,ok
rfd3_fix7,GCGR,100,25,25,8,100.0,100.0,100.0,100.0,8,100.0,ok
rfd3_fix7,GLTP,100,8,8,6,100.0,100.0,100.0,100.0,6,100.0,ok
bioemu_refine,cAbl,100,23,23,16,87.5,100.0,87.5,100.0,16,100.0,ok
rfd3_fix7,p53_Y220C,100,19,19,18,100.0,100.0,100.0,100.0,18,100.0,ok
rfd3_fix7,METTL14,100,22,22,18,100.0,94.44444444444444,94.44444444444444,100.0,18,100.0,ok
rfd3_fix7,Bcl-xL,100,21,21,17,88.23529411764706,88.23529411764706,88.23529411764706,88.23529411764706,17,100.0,ok
bioemu_refine,THSR,100,26,26,25,92.0,92.0,92.0,92.0,25,100.0,ok
bioemu_refine,HIF2alpha,100,21,21,20,90.0,90.0,90.0,90.0,20,100.0,ok
bioemu_refine,HIF2alpha__6D0B,100,25,25,24,95.83333333333333,100.0,95.83333333333333,100.0,24,100.0,ok
bioemu_refine,GCGR,100,25,25,8,75.0,62.5,62.5,75.0,8,100.0,ok
rfd3_fix7,NDPK-A,100,17,17,15,93.33333333333333,93.33333333333333,93.33333333333333,93.33333333333333,15,100.0,ok
rfd3_fix7,SHP2,100,19,19,17,94.11764705882354,94.11764705882354,88.23529411764706,100.0,17,100.0,ok
bioemu_refine,Menin,100,14,14,14,64.28571428571429,64.28571428571429,64.28571428571429,64.28571428571429,14,100.0,ok
bioemu_refine,THSR__7UTZ,100,24,24,23,95.65217391304348,91.30434782608695,91.30434782608695,95.65217391304348,23,100.0,ok
rfd3_fix7,THSR,100,26,26,25,80.0,80.0,80.0,80.0,25,100.0,ok
bioemu_refine,HIV_RT,100,19,19,11,90.9090909090909,90.9090909090909,90.9090909090909,90.9090909090909,11,100.0,ok
bioemu_refine,CB1,100,28,28,20,80.0,85.0,80.0,85.0,20,100.0,ok
confornet_nomsa,Bcl-xL,100,21,21,17,0.0,0.0,0.0,0.0,17,100.0,ok
bioemu_refine,METTL14,100,22,22,18,100.0,100.0,100.0,100.0,18,100.0,ok
bioemu_refine,betaLG,100,16,16,15,86.66666666666667,100.0,86.66666666666667,100.0,15,100.0,ok
confornet_nomsa,FUT8,100,22,22,20,0.0,0.0,0.0,0.0,20,100.0,ok
rfd3_fix7,FUT8,100,22,22,20,95.0,95.0,95.0,95.0,20,100.0,ok
rfd3_fix7,p53_Y220C__4AGQ,100,17,17,16,100.0,100.0,100.0,100.0,16,100.0,ok
bioemu_refine,HIV1_CA,100,16,16,14,78.57142857142857,85.71428571428571,78.57142857142857,85.71428571428571,14,100.0,ok
bioemu_refine,HIV_RT__3V81,100,17,17,11,90.9090909090909,81.81818181818181,81.81818181818181,90.9090909090909,11,100.0,ok
rfd3_fix7,HIV_RT__3V81,100,17,17,11,100.0,100.0,100.0,100.0,11,100.0,ok
rfd3_fix7,HIV1_CA,100,16,16,14,92.85714285714286,92.85714285714286,92.85714285714286,92.85714285714286,14,100.0,ok
rfd3_fix7,Menin,100,14,14,14,92.85714285714286,100.0,92.85714285714286,100.0,14,100.0,ok
rfd3_fix7,betaLG,100,16,16,15,100.0,100.0,100.0,100.0,15,100.0,ok
bioemu_refine,GLTP,100,8,8,6,50.0,33.333333333333336,33.333333333333336,50.0,6,100.0,ok
rfd3_fix7,HIV_RT,100,19,19,11,90.9090909090909,90.9090909090909,90.9090909090909,90.9090909090909,11,100.0,ok
rfd3_fix7,METTL14,101,22,22,18,94.44444444444444,94.44444444444444,94.44444444444444,94.44444444444444,18,100.0,ok
rfd3_fix7,GLTP,101,8,8,6,100.0,100.0,100.0,100.0,6,100.0,ok
rfd3_fix7,SHP2,101,19,19,17,88.23529411764706,88.23529411764706,88.23529411764706,88.23529411764706,17,100.0,ok
rfd3_fix7,CB1,101,28,28,20,95.0,100.0,95.0,100.0,20,100.0,ok
confornet_nomsa,betaLG,101,16,16,15,0.0,0.0,0.0,0.0,15,100.0,ok
confornet_nomsa,Bcl-xL,101,21,21,17,0.0,0.0,0.0,0.0,17,100.0,ok
rfd3_fix7,FUT8,101,22,22,20,100.0,95.0,95.0,100.0,20,100.0,ok
confornet_nomsa,GLTP,101,8,8,6,0.0,0.0,0.0,0.0,6,100.0,ok
confornet_nomsa,NDPK-A,101,17,17,15,0.0,0.0,0.0,0.0,15,100.0,ok
confornet_nomsa,METTL14,101,22,22,18,0.0,0.0,0.0,0.0,18,100.0,ok
confornet_nomsa,FUT8,101,22,22,20,0.0,0.0,0.0,0.0,20,100.0,ok
rfd3_fix7,HIV_RT,101,19,19,11,100.0,100.0,100.0,100.0,11,100.0,ok
rfd3_fix7,HIV_RT__3V81,101,17,17,11,100.0,100.0,100.0,100.0,11,100.0,ok
rfd3_fix7,cAbl,101,23,23,16,93.75,93.75,87.5,100.0,16,100.0,ok
rfd3_fix7,p53_Y220C__4AGQ,101,17,17,16,100.0,100.0,100.0,100.0,16,100.0,ok
rfd3_fix7,THSR,101,26,26,25,88.0,84.0,84.0,88.0,25,100.0,ok
rfd3_fix7,HIF2alpha,101,21,21,20,95.0,95.0,95.0,95.0,20,100.0,ok
rfd3_fix7,HIF2alpha__6D0B,101,25,25,24,95.83333333333333,95.83333333333333,95.83333333333333,95.83333333333333,24,100.0,ok
rfd3_fix7,Menin,101,14,14,14,92.85714285714286,85.71428571428571,85.71428571428571,92.85714285714286,14,100.0,ok
rfd3_fix7,THSR__7UTZ,101,24,24,23,91.30434782608695,91.30434782608695,91.30434782608695,91.30434782608695,23,100.0,ok
rfd3_fix7,GCGR,101,25,25,8,100.0,87.5,87.5,100.0,8,100.0,ok
rfd3_fix7,betaLG,101,16,16,15,100.0,100.0,100.0,100.0,15,100.0,ok
rfd3_fix7,Bcl-xL,101,21,21,17,100.0,100.0,100.0,100.0,17,100.0,ok
rfd3_fix7,NDPK-A,101,17,17,15,93.33333333333333,86.66666666666667,86.66666666666667,93.33333333333333,15,100.0,ok
confornet_nomsa,SHP2,101,19,19,17,0.0,0.0,0.0,0.0,17,100.0,ok
rfd3_fix7,p53_Y220C,101,19,19,18,94.44444444444444,94.44444444444444,94.44444444444444,94.44444444444444,18,100.0,ok
rfd3_fix7,HIV1_CA,101,16,16,14,85.71428571428571,85.71428571428571,78.57142857142857,92.85714285714286,14,100.0,ok
rfd3_fix7,KRAS,101,21,21,15,93.33333333333333,86.66666666666667,86.66666666666667,93.33333333333333,15,100.0,ok
confornet_nomsa,FUT8,102,22,22,20,0.0,0.0,0.0,0.0,20,100.0,ok
rfd3_fix7,HIV_RT__3V81,102,17,17,11,100.0,100.0,100.0,100.0,11,100.0,ok
rfd3_fix7,GCGR,102,25,25,8,100.0,100.0,100.0,100.0,8,100.0,ok
confornet_nomsa,Bcl-xL,102,21,21,17,0.0,0.0,0.0,0.0,17,100.0,ok
rfd3_fix7,THSR__7UTZ,102,24,24,23,95.65217391304348,95.65217391304348,95.65217391304348,95.65217391304348,23,100.0,ok
rfd3_fix7,HIF2alpha,102,21,21,20,95.0,95.0,95.0,95.0,20,100.0,ok
rfd3_fix7,p53_Y220C__4AGQ,102,17,17,16,100.0,100.0,100.0,100.0,16,100.0,ok
rfd3_fix7,cAbl,102,23,23,16,93.75,93.75,87.5,100.0,16,100.0,ok
confornet_nomsa,NDPK-A,102,17,17,15,0.0,0.0,0.0,0.0,15,100.0,ok
confornet_nomsa,METTL14,102,22,22,18,0.0,0.0,0.0,0.0,18,100.0,ok
confornet_nomsa,GLTP,102,8,8,6,0.0,0.0,0.0,0.0,6,100.0,ok
rfd3_fix7,CB1,102,28,28,20,90.0,90.0,90.0,90.0,20,100.0,ok
rfd3_fix7,Bcl-xL,102,21,21,17,100.0,100.0,100.0,100.0,17,100.0,ok
confornet_nomsa,SHP2,102,19,19,17,0.0,0.0,0.0,0.0,17,100.0,ok
rfd3_fix7,betaLG,102,16,16,15,100.0,100.0,100.0,100.0,15,100.0,ok
rfd3_fix7,HIF2alpha__6D0B,102,25,25,24,100.0,100.0,100.0,100.0,24,100.0,ok
rfd3_fix7,THSR,102,26,26,25,88.0,88.0,88.0,88.0,25,100.0,ok
rfd3_fix7,Menin,102,14,14,14,92.85714285714286,92.85714285714286,92.85714285714286,92.85714285714286,14,100.0,ok
rfd3_fix7,FUT8,102,22,22,20,100.0,100.0,100.0,100.0,20,100.0,ok
rfd3_fix7,SHP2,102,19,19,17,88.23529411764706,82.3529411764706,82.3529411764706,88.23529411764706,17,100.0,ok
rfd3_fix7,GLTP,102,8,8,6,100.0,100.0,100.0,100.0,6,100.0,ok
rfd3_fix7,METTL14,102,22,22,18,94.44444444444444,94.44444444444444,94.44444444444444,94.44444444444444,18,100.0,ok
rfd3_fix7,p53_Y220C,102,19,19,18,94.44444444444444,94.44444444444444,94.44444444444444,94.44444444444444,18,100.0,ok
confornet_nomsa,betaLG,102,16,16,15,0.0,0.0,0.0,0.0,15,100.0,ok
rfd3_fix7,HIV_RT,102,19,19,11,100.0,100.0,100.0,100.0,11,100.0,ok
rfd3_fix7,HIV1_CA,102,16,16,14,78.57142857142857,78.57142857142857,71.42857142857143,85.71428571428571,14,100.0,ok
rfd3_fix7,NDPK-A,102,17,17,15,86.66666666666667,86.66666666666667,86.66666666666667,86.66666666666667,15,100.0,ok
rfd3_fix7,KRAS,102,21,21,15,100.0,86.66666666666667,86.66666666666667,100.0,15,100.0,ok
rfd3_fix7,HIV_RT__3V81,103,17,17,11,100.0,100.0,100.0,100.0,11,100.0,ok
rfd3_fix7,HIF2alpha,103,21,21,20,95.0,95.0,95.0,95.0,20,100.0,ok
rfd3_fix7,cAbl,103,23,23,16,93.75,100.0,93.75,100.0,16,100.0,ok
rfd3_fix7,THSR__7UTZ,103,24,24,23,95.65217391304348,91.30434782608695,91.30434782608695,95.65217391304348,23,100.0,ok
rfd3_fix7,betaLG,103,16,16,15,100.0,100.0,100.0,100.0,15,100.0,ok
confornet_nomsa,FUT8,103,22,22,20,0.0,0.0,0.0,0.0,20,100.0,ok
rfd3_fix7,HIF2alpha__6D0B,103,25,25,24,95.83333333333333,95.83333333333333,95.83333333333333,95.83333333333333,24,100.0,ok
rfd3_fix7,THSR,103,26,26,25,96.0,96.0,96.0,96.0,25,100.0,ok
rfd3_fix7,SHP2,103,19,19,17,94.11764705882354,88.23529411764706,88.23529411764706,94.11764705882354,17,100.0,ok
confornet_nomsa,METTL14,103,22,22,18,0.0,0.0,0.0,0.0,18,100.0,ok
confornet_nomsa,NDPK-A,103,17,17,15,0.0,0.0,0.0,0.0,15,100.0,ok
confornet_nomsa,GLTP,103,8,8,6,0.0,0.0,0.0,0.0,6,100.0,ok
confornet_nomsa,Bcl-xL,103,21,21,17,0.0,0.0,0.0,0.0,17,100.0,ok
rfd3_fix7,CB1,103,28,28,20,95.0,95.0,95.0,95.0,20,100.0,ok
rfd3_fix7,HIV1_CA,103,16,16,14,85.71428571428571,85.71428571428571,85.71428571428571,85.71428571428571,14,100.0,ok
rfd3_fix7,Menin,103,14,14,14,92.85714285714286,92.85714285714286,92.85714285714286,92.85714285714286,14,100.0,ok
rfd3_fix7,p53_Y220C,103,19,19,18,100.0,100.0,100.0,100.0,18,100.0,ok
rfd3_fix7,p53_Y220C__4AGQ,103,17,17,16,100.0,100.0,100.0,100.0,16,100.0,ok
confornet_nomsa,betaLG,103,16,16,15,6.666666666666667,6.666666666666667,6.666666666666667,6.666666666666667,15,100.0,ok
rfd3_fix7,HIV_RT,103,19,19,11,100.0,100.0,100.0,100.0,11,100.0,ok
rfd3_fix7,GCGR,103,25,25,8,100.0,100.0,100.0,100.0,8,100.0,ok
rfd3_fix7,KRAS,103,21,21,15,100.0,80.0,80.0,100.0,15,100.0,ok
rfd3_fix7,NDPK-A,103,17,17,15,100.0,73.33333333333333,73.33333333333333,100.0,15,100.0,ok
rfd3_fix7,Bcl-xL,103,21,21,17,100.0,100.0,100.0,100.0,17,100.0,ok
rfd3_fix7,METTL14,103,22,22,18,100.0,94.44444444444444,94.44444444444444,100.0,18,100.0,ok
rfd3_fix7,GLTP,103,8,8,6,100.0,100.0,100.0,100.0,6,100.0,ok
confornet_nomsa,SHP2,103,19,19,17,0.0,0.0,0.0,0.0,17,100.0,ok
rfd3_fix7,FUT8,103,22,22,20,100.0,100.0,100.0,100.0,20,100.0,ok
rfd3_fix7,HIF2alpha,104,21,21,20,90.0,90.0,90.0,90.0,20,100.0,ok
rfd3_fix7,THSR__7UTZ,104,24,24,23,86.95652173913044,86.95652173913044,86.95652173913044,86.95652173913044,23,100.0,ok
confornet_nomsa,SHP2,104,19,19,17,0.0,0.0,0.0,0.0,17,100.0,ok
rfd3_fix7,FUT8,104,22,22,20,100.0,100.0,100.0,100.0,20,100.0,ok
rfd3_fix7,GLTP,104,8,8,6,100.0,100.0,100.0,100.0,6,100.0,ok
rfd3_fix7,METTL14,104,22,22,18,88.88888888888889,88.88888888888889,88.88888888888889,88.88888888888889,18,100.0,ok
confornet_nomsa,NDPK-A,104,17,17,15,0.0,0.0,0.0,0.0,15,100.0,ok
rfd3_fix7,SHP2,104,19,19,17,94.11764705882354,94.11764705882354,94.11764705882354,94.11764705882354,17,100.0,ok
confornet_nomsa,Bcl-xL,104,21,21,17,0.0,0.0,0.0,0.0,17,100.0,ok
confornet_nomsa,FUT8,104,22,22,20,0.0,0.0,0.0,0.0,20,100.0,ok
confornet_nomsa,METTL14,104,22,22,18,0.0,0.0,0.0,0.0,18,100.0,ok
rfd3_fix7,betaLG,104,16,16,15,93.33333333333333,100.0,93.33333333333333,100.0,15,100.0,ok
rfd3_fix7,THSR,104,26,26,25,72.0,72.0,72.0,72.0,25,100.0,ok
rfd3_fix7,cAbl,104,23,23,16,100.0,93.75,93.75,100.0,16,100.0,ok
rfd3_fix7,HIV_RT__3V81,104,17,17,11,100.0,90.9090909090909,90.9090909090909,100.0,11,100.0,ok
confornet_nomsa,GLTP,104,8,8,6,0.0,0.0,0.0,0.0,6,100.0,ok
rfd3_fix7,CB1,104,28,28,20,95.0,95.0,95.0,95.0,20,100.0,ok
rfd3_fix7,p53_Y220C__4AGQ,104,17,17,16,93.75,93.75,93.75,93.75,16,100.0,ok
rfd3_fix7,Bcl-xL,104,21,21,17,100.0,94.11764705882354,94.11764705882354,100.0,17,100.0,ok
rfd3_fix7,HIV1_CA,104,16,16,14,92.85714285714286,92.85714285714286,92.85714285714286,92.85714285714286,14,100.0,ok
rfd3_fix7,Menin,104,14,14,14,85.71428571428571,78.57142857142857,78.57142857142857,85.71428571428571,14,100.0,ok
rfd3_fix7,KRAS,104,21,21,15,93.33333333333333,86.66666666666667,86.66666666666667,93.33333333333333,15,100.0,ok
rfd3_fix7,NDPK-A,104,17,17,15,100.0,86.66666666666667,86.66666666666667,100.0,15,100.0,ok
rfd3_fix7,HIV_RT,104,19,19,11,100.0,100.0,100.0,100.0,11,100.0,ok
confornet_nomsa,betaLG,104,16,16,15,0.0,0.0,0.0,0.0,15,100.0,ok
rfd3_fix7,p53_Y220C,104,19,19,18,100.0,100.0,100.0,100.0,18,100.0,ok
rfd3_fix7,GCGR,104,25,25,8,100.0,87.5,87.5,100.0,8,100.0,ok
rfd3_fix7,HIF2alpha__6D0B,104,25,25,24,100.0,100.0,100.0,100.0,24,100.0,ok
bioemu_refine,THSR,200,26,26,25,88.0,84.0,84.0,88.0,25,100.0,ok
rfd3_fix7,p53_Y220C,200,19,19,18,100.0,100.0,100.0,100.0,18,100.0,ok
rfd3_fix7,NDPK-A,200,17,17,15,100.0,80.0,80.0,100.0,15,100.0,ok
rfd3_fix7,p53_Y220C__4AGQ,200,17,17,16,100.0,100.0,100.0,100.0,16,100.0,ok
rfd3_fix7,Bcl-xL,200,21,21,17,100.0,100.0,100.0,100.0,17,100.0,ok
bioemu_refine,p53_Y220C,200,19,19,18,94.44444444444444,94.44444444444444,94.44444444444444,94.44444444444444,18,100.0,ok
rfd3_fix7,GLTP,200,8,8,6,100.0,100.0,100.0,100.0,6,100.0,ok
rfd3_fix7,betaLG,200,16,16,15,100.0,100.0,100.0,100.0,15,100.0,ok
bioemu_refine,THSR__7UTZ,200,24,24,23,73.91304347826087,69.56521739130434,69.56521739130434,73.91304347826087,23,100.0,ok
rfd3_fix7,HIF2alpha,200,21,21,20,95.0,95.0,95.0,95.0,20,100.0,ok
rfd3_fix7,HIV_RT__3V81,200,17,17,11,100.0,100.0,100.0,100.0,11,100.0,ok
rfd3_fix7,CB1,200,28,28,20,95.0,95.0,95.0,95.0,20,100.0,ok
bioemu_refine,p53_Y220C__4AGQ,200,17,17,16,100.0,93.75,93.75,100.0,16,100.0,ok
bioemu_refine,Bcl-xL,200,21,22,17,88.23529411764706,82.3529411764706,82.3529411764706,88.23529411764706,17,100.0,ok
rfd3_fix7,cAbl,200,23,23,16,93.75,93.75,87.5,100.0,16,100.0,ok
bioemu_refine,FUT8,200,22,22,20,95.0,95.0,95.0,95.0,20,100.0,ok
rfd3_fix7,HIF2alpha__6D0B,200,25,25,24,87.5,87.5,87.5,87.5,24,100.0,ok
bioemu_refine,NDPK-A,200,17,17,15,53.333333333333336,46.666666666666664,46.666666666666664,53.333333333333336,15,100.0,ok
rfd3_fix7,Menin,200,14,14,14,100.0,100.0,100.0,100.0,14,100.0,ok
rfd3_fix7,KRAS,200,21,21,15,93.33333333333333,86.66666666666667,86.66666666666667,93.33333333333333,15,100.0,ok
rfd3_fix7,THSR,200,26,26,25,84.0,84.0,84.0,84.0,25,100.0,ok
rfd3_fix7,METTL14,200,22,22,18,94.44444444444444,94.44444444444444,94.44444444444444,94.44444444444444,18,100.0,ok
bioemu_refine,cAbl,200,23,23,16,93.75,93.75,87.5,100.0,16,100.0,ok
rfd3_fix7,SHP2,200,19,19,17,82.3529411764706,94.11764705882354,82.3529411764706,94.11764705882354,17,100.0,ok
bioemu_refine,HIV_RT__3V81,200,17,17,11,100.0,81.81818181818181,81.81818181818181,100.0,11,100.0,ok
bioemu_refine,HIV_RT,200,19,19,11,90.9090909090909,90.9090909090909,90.9090909090909,90.9090909090909,11,100.0,ok
bioemu_refine,HIV1_CA,200,16,16,14,78.57142857142857,85.71428571428571,78.57142857142857,85.71428571428571,14,100.0,ok
rfd3_fix7,HIV1_CA,200,16,16,14,92.85714285714286,100.0,92.85714285714286,100.0,14,100.0,ok
bioemu_refine,KRAS,200,21,21,15,66.66666666666667,46.666666666666664,46.666666666666664,66.66666666666667,15,100.0,ok
bioemu_refine,Menin,200,14,14,14,0.0,0.0,0.0,0.0,14,100.0,ok
rfd3_fix7,FUT8,200,22,22,20,95.0,90.0,90.0,95.0,20,100.0,ok
bioemu_refine,METTL14,200,22,22,18,0.0,0.0,0.0,0.0,18,100.0,ok
bioemu_refine,GLTP,200,8,8,6,100.0,100.0,100.0,100.0,6,100.0,ok
rfd3_fix7,HIV_RT,200,19,19,11,100.0,100.0,100.0,100.0,11,100.0,ok
bioemu_refine,CB1,200,28,28,20,85.0,80.0,80.0,85.0,20,100.0,ok
rfd3_fix7,GCGR,200,25,25,8,100.0,100.0,100.0,100.0,8,100.0,ok
bioemu_refine,SHP2,200,19,19,17,17.647058823529413,5.882352941176471,5.882352941176471,17.647058823529413,17,100.0,ok
bioemu_refine,HIF2alpha__6D0B,200,25,25,24,83.33333333333333,87.5,83.33333333333333,87.5,24,100.0,ok
bioemu_refine,HIF2alpha,200,21,21,20,85.0,90.0,85.0,90.0,20,100.0,ok
bioemu_refine,GCGR,200,25,25,8,87.5,75.0,75.0,87.5,8,100.0,ok
bioemu_refine,betaLG,200,16,16,15,80.0,86.66666666666667,80.0,86.66666666666667,15,100.0,ok
rfd3_fix7,THSR__7UTZ,200,24,24,23,91.30434782608695,91.30434782608695,91.30434782608695,91.30434782608695,23,100.0,ok
rfd3_fix7,CB1,201,28,28,20,100.0,100.0,100.0,100.0,20,100.0,ok
rfd3_fix7,HIV_RT__3V81,201,17,17,11,100.0,90.9090909090909,90.9090909090909,100.0,11,100.0,ok
rfd3_fix7,HIF2alpha__6D0B,201,25,25,24,79.16666666666667,79.16666666666667,79.16666666666667,79.16666666666667,24,100.0,ok
rfd3_fix7,HIF2alpha,201,21,21,20,95.0,95.0,95.0,95.0,20,100.0,ok
rfd3_fix7,betaLG,201,16,16,15,100.0,100.0,100.0,100.0,15,100.0,ok
rfd3_fix7,p53_Y220C,201,19,19,18,100.0,94.44444444444444,94.44444444444444,100.0,18,100.0,ok
rfd3_fix7,NDPK-A,201,17,17,15,93.33333333333333,86.66666666666667,86.66666666666667,93.33333333333333,15,100.0,ok
rfd3_fix7,KRAS,201,21,21,15,86.66666666666667,80.0,80.0,86.66666666666667,15,100.0,ok
rfd3_fix7,cAbl,201,23,23,16,100.0,93.75,93.75,100.0,16,100.0,ok
rfd3_fix7,Bcl-xL,201,21,21,17,100.0,94.11764705882354,94.11764705882354,100.0,17,100.0,ok
rfd3_fix7,METTL14,201,22,22,18,94.44444444444444,94.44444444444444,94.44444444444444,94.44444444444444,18,100.0,ok
rfd3_fix7,GLTP,201,8,8,6,100.0,100.0,100.0,100.0,6,100.0,ok
rfd3_fix7,FUT8,201,22,22,20,100.0,100.0,100.0,100.0,20,100.0,ok
rfd3_fix7,p53_Y220C__4AGQ,201,17,17,16,100.0,100.0,100.0,100.0,16,100.0,ok
rfd3_fix7,GCGR,201,25,25,8,100.0,100.0,100.0,100.0,8,100.0,ok
rfd3_fix7,HIV_RT,201,19,19,11,100.0,100.0,100.0,100.0,11,100.0,ok
rfd3_fix7,HIV1_CA,201,16,16,14,78.57142857142857,85.71428571428571,78.57142857142857,85.71428571428571,14,100.0,ok
rfd3_fix7,THSR,201,26,26,25,92.0,92.0,92.0,92.0,25,100.0,ok
rfd3_fix7,SHP2,201,19,19,17,100.0,100.0,100.0,100.0,17,100.0,ok
rfd3_fix7,Menin,201,14,14,14,100.0,100.0,100.0,100.0,14,100.0,ok
rfd3_fix7,THSR__7UTZ,201,24,24,23,82.6086956521739,82.6086956521739,82.6086956521739,82.6086956521739,23,100.0,ok
rfd3_fix7,METTL14,202,22,22,18,100.0,94.44444444444444,94.44444444444444,100.0,18,100.0,ok
rfd3_fix7,p53_Y220C__4AGQ,202,17,17,16,100.0,100.0,100.0,100.0,16,100.0,ok
rfd3_fix7,betaLG,202,16,16,15,93.33333333333333,100.0,93.33333333333333,100.0,15,100.0,ok
rfd3_fix7,GCGR,202,25,25,8,100.0,100.0,100.0,100.0,8,100.0,ok
rfd3_fix7,HIV1_CA,202,16,16,14,85.71428571428571,92.85714285714286,85.71428571428571,92.85714285714286,14,100.0,ok
rfd3_fix7,Menin,202,14,14,14,100.0,100.0,100.0,100.0,14,100.0,ok
rfd3_fix7,THSR__7UTZ,202,24,24,23,91.30434782608695,91.30434782608695,91.30434782608695,91.30434782608695,23,100.0,ok
rfd3_fix7,cAbl,202,23,23,16,100.0,93.75,93.75,100.0,16,100.0,ok
rfd3_fix7,SHP2,202,19,19,17,88.23529411764706,94.11764705882354,88.23529411764706,94.11764705882354,17,100.0,ok
rfd3_fix7,HIF2alpha__6D0B,202,25,25,24,100.0,100.0,100.0,100.0,24,100.0,ok
rfd3_fix7,FUT8,202,22,22,20,100.0,95.0,95.0,100.0,20,100.0,ok
rfd3_fix7,NDPK-A,202,17,17,15,100.0,93.33333333333333,93.33333333333333,100.0,15,100.0,ok
rfd3_fix7,KRAS,202,21,21,15,93.33333333333333,86.66666666666667,86.66666666666667,93.33333333333333,15,100.0,ok
rfd3_fix7,p53_Y220C,202,19,19,18,100.0,100.0,100.0,100.0,18,100.0,ok
rfd3_fix7,GLTP,202,8,8,6,100.0,100.0,100.0,100.0,6,100.0,ok
rfd3_fix7,Bcl-xL,202,21,21,17,100.0,100.0,100.0,100.0,17,100.0,ok
rfd3_fix7,HIF2alpha,202,21,21,20,95.0,95.0,95.0,95.0,20,100.0,ok
rfd3_fix7,HIV_RT,202,19,19,11,100.0,100.0,100.0,100.0,11,100.0,ok
rfd3_fix7,CB1,202,28,28,20,95.0,95.0,95.0,95.0,20,100.0,ok
rfd3_fix7,THSR,202,26,26,25,84.0,84.0,84.0,84.0,25,100.0,ok
rfd3_fix7,HIV_RT__3V81,202,17,17,11,100.0,100.0,100.0,100.0,11,100.0,ok
rfd3_fix7,GLTP,203,8,8,6,100.0,100.0,100.0,100.0,6,100.0,ok
rfd3_fix7,HIF2alpha__6D0B,203,25,25,24,95.83333333333333,95.83333333333333,95.83333333333333,95.83333333333333,24,100.0,ok
rfd3_fix7,FUT8,203,22,22,20,100.0,100.0,100.0,100.0,20,100.0,ok
rfd3_fix7,THSR,203,26,26,25,72.0,72.0,72.0,72.0,25,100.0,ok
rfd3_fix7,HIF2alpha,203,21,21,20,95.0,95.0,95.0,95.0,20,100.0,ok
rfd3_fix7,KRAS,203,21,21,15,100.0,80.0,80.0,100.0,15,100.0,ok
rfd3_fix7,betaLG,203,16,16,15,100.0,100.0,100.0,100.0,15,100.0,ok
rfd3_fix7,HIV_RT,203,19,19,11,90.9090909090909,90.9090909090909,90.9090909090909,90.9090909090909,11,100.0,ok
rfd3_fix7,HIV_RT__3V81,203,17,17,11,100.0,90.9090909090909,90.9090909090909,100.0,11,100.0,ok
rfd3_fix7,SHP2,203,19,19,17,94.11764705882354,94.11764705882354,94.11764705882354,94.11764705882354,17,100.0,ok
rfd3_fix7,NDPK-A,203,17,17,15,93.33333333333333,86.66666666666667,86.66666666666667,93.33333333333333,15,100.0,ok
rfd3_fix7,p53_Y220C,203,19,19,18,100.0,94.44444444444444,94.44444444444444,100.0,18,100.0,ok
rfd3_fix7,Bcl-xL,203,21,21,17,100.0,94.11764705882354,94.11764705882354,100.0,17,100.0,ok
rfd3_fix7,cAbl,203,23,23,16,93.75,93.75,87.5,100.0,16,100.0,ok
rfd3_fix7,THSR__7UTZ,203,24,24,23,86.95652173913044,86.95652173913044,86.95652173913044,86.95652173913044,23,100.0,ok
rfd3_fix7,CB1,203,28,28,20,85.0,85.0,85.0,85.0,20,100.0,ok
rfd3_fix7,HIV1_CA,203,16,16,14,85.71428571428571,92.85714285714286,85.71428571428571,92.85714285714286,14,100.0,ok
rfd3_fix7,Menin,203,14,14,14,92.85714285714286,92.85714285714286,92.85714285714286,92.85714285714286,14,100.0,ok
rfd3_fix7,GCGR,203,25,25,8,100.0,100.0,100.0,100.0,8,100.0,ok
rfd3_fix7,METTL14,203,22,22,18,88.88888888888889,88.88888888888889,83.33333333333333,94.44444444444444,18,100.0,ok
rfd3_fix7,p53_Y220C__4AGQ,203,17,17,16,100.0,100.0,100.0,100.0,16,100.0,ok
rfd3_fix7,THSR,204,26,26,25,96.0,92.0,92.0,96.0,25,100.0,ok
rfd3_fix7,HIV_RT__3V81,204,17,17,11,100.0,100.0,100.0,100.0,11,100.0,ok
rfd3_fix7,HIV1_CA,204,16,16,14,85.71428571428571,85.71428571428571,78.57142857142857,92.85714285714286,14,100.0,ok
rfd3_fix7,cAbl,204,23,23,16,93.75,93.75,87.5,100.0,16,100.0,ok
rfd3_fix7,p53_Y220C__4AGQ,204,17,17,16,100.0,100.0,100.0,100.0,16,100.0,ok
rfd3_fix7,Menin,204,14,14,14,85.71428571428571,85.71428571428571,85.71428571428571,85.71428571428571,14,100.0,ok
rfd3_fix7,HIV_RT,204,19,19,11,100.0,100.0,100.0,100.0,11,100.0,ok
rfd3_fix7,THSR__7UTZ,204,24,24,23,86.95652173913044,91.30434782608695,86.95652173913044,91.30434782608695,23,100.0,ok
rfd3_fix7,CB1,204,28,28,20,100.0,100.0,100.0,100.0,20,100.0,ok
rfd3_fix7,GLTP,204,8,8,6,100.0,100.0,100.0,100.0,6,100.0,ok
rfd3_fix7,HIF2alpha__6D0B,204,25,25,24,95.83333333333333,95.83333333333333,95.83333333333333,95.83333333333333,24,100.0,ok
rfd3_fix7,Bcl-xL,204,21,21,17,100.0,94.11764705882354,94.11764705882354,100.0,17,100.0,ok
rfd3_fix7,betaLG,204,16,16,15,100.0,100.0,100.0,100.0,15,100.0,ok
rfd3_fix7,SHP2,204,19,19,17,94.11764705882354,94.11764705882354,94.11764705882354,94.11764705882354,17,100.0,ok
rfd3_fix7,HIF2alpha,204,21,21,20,95.0,95.0,95.0,95.0,20,100.0,ok
rfd3_fix7,GCGR,204,25,25,8,100.0,100.0,100.0,100.0,8,100.0,ok
rfd3_fix7,KRAS,204,21,21,15,93.33333333333333,80.0,80.0,93.33333333333333,15,100.0,ok
rfd3_fix7,METTL14,204,22,22,18,94.44444444444444,94.44444444444444,94.44444444444444,94.44444444444444,18,100.0,ok
rfd3_fix7,FUT8,204,22,22,20,95.0,95.0,95.0,95.0,20,100.0,ok
rfd3_fix7,NDPK-A,204,17,17,15,100.0,100.0,100.0,100.0,15,100.0,ok
rfd3_fix7,p53_Y220C,204,19,19,18,100.0,100.0,100.0,100.0,18,100.0,ok
rfd3_fix7,p53_Y220C__4AGQ,300,17,17,16,100.0,93.75,93.75,100.0,16,100.0,ok
rfd3_fix7,GCGR,300,25,25,8,100.0,100.0,100.0,100.0,8,100.0,ok
bioemu_refine,FUT8,300,22,22,20,100.0,100.0,100.0,100.0,20,100.0,ok
bioemu_refine,GLTP,300,8,8,6,100.0,100.0,100.0,100.0,6,100.0,ok
bioemu_refine,HIF2alpha,300,21,21,20,95.0,95.0,95.0,95.0,20,100.0,ok
rfd3_fix7,HIV1_CA,300,16,16,14,92.85714285714286,92.85714285714286,92.85714285714286,92.85714285714286,14,100.0,ok
rfd3_fix7,cAbl,300,23,23,16,100.0,93.75,93.75,100.0,16,100.0,ok
rfd3_fix7,THSR,300,26,26,25,96.0,96.0,96.0,96.0,25,100.0,ok
bioemu_refine,KRAS,300,21,21,15,66.66666666666667,60.0,53.333333333333336,73.33333333333333,15,100.0,ok
bioemu_refine,HIV_RT__3V81,300,17,17,11,90.9090909090909,90.9090909090909,90.9090909090909,90.9090909090909,11,100.0,ok
bioemu_refine,METTL14,300,22,22,18,0.0,0.0,0.0,0.0,18,100.0,ok
rfd3_fix7,SHP2,300,19,19,17,94.11764705882354,94.11764705882354,94.11764705882354,94.11764705882354,17,100.0,ok
rfd3_fix7,HIF2alpha,300,21,21,20,95.0,95.0,95.0,95.0,20,100.0,ok
bioemu_refine,THSR__7UTZ,300,24,24,23,65.21739130434783,69.56521739130434,65.21739130434783,69.56521739130434,23,100.0,ok
rfd3_fix7,betaLG,300,16,16,15,86.66666666666667,93.33333333333333,86.66666666666667,93.33333333333333,15,100.0,ok
rfd3_fix7,Bcl-xL,300,21,21,17,100.0,94.11764705882354,94.11764705882354,100.0,17,100.0,ok
rfd3_fix7,HIF2alpha__6D0B,300,25,25,24,100.0,100.0,100.0,100.0,24,100.0,ok
bioemu_refine,HIV_RT,300,19,19,11,90.9090909090909,90.9090909090909,90.9090909090909,90.9090909090909,11,100.0,ok
bioemu_refine,SHP2,300,19,19,17,0.0,0.0,0.0,0.0,17,100.0,ok
rfd3_fix7,THSR__7UTZ,300,24,24,23,82.6086956521739,82.6086956521739,82.6086956521739,82.6086956521739,23,100.0,ok
rfd3_fix7,GLTP,300,8,8,6,100.0,100.0,100.0,100.0,6,100.0,ok
bioemu_refine,p53_Y220C__4AGQ,300,17,17,16,68.75,87.5,68.75,87.5,16,100.0,ok
rfd3_fix7,METTL14,300,22,22,18,88.88888888888889,94.44444444444444,88.88888888888889,94.44444444444444,18,100.0,ok
bioemu_refine,p53_Y220C,300,19,19,18,83.33333333333333,88.88888888888889,83.33333333333333,88.88888888888889,18,100.0,ok
bioemu_refine,Bcl-xL,300,21,22,17,94.11764705882354,94.11764705882354,94.11764705882354,94.11764705882354,17,100.0,ok
rfd3_fix7,CB1,300,28,28,20,90.0,90.0,90.0,90.0,20,100.0,ok
rfd3_fix7,KRAS,300,21,21,15,100.0,80.0,80.0,100.0,15,100.0,ok
rfd3_fix7,HIV_RT__3V81,300,17,17,11,100.0,90.9090909090909,90.9090909090909,100.0,11,100.0,ok
rfd3_fix7,Menin,300,14,14,14,100.0,100.0,100.0,100.0,14,100.0,ok
bioemu_refine,NDPK-A,300,17,17,15,46.666666666666664,40.0,40.0,46.666666666666664,15,100.0,ok
bioemu_refine,HIV1_CA,300,16,16,14,78.57142857142857,85.71428571428571,78.57142857142857,85.71428571428571,14,100.0,ok
bioemu_refine,betaLG,300,16,16,15,93.33333333333333,93.33333333333333,93.33333333333333,93.33333333333333,15,100.0,ok
bioemu_refine,CB1,300,28,28,20,75.0,70.0,70.0,75.0,20,100.0,ok
bioemu_refine,Menin,300,14,14,14,85.71428571428571,85.71428571428571,85.71428571428571,85.71428571428571,14,100.0,ok
bioemu_refine,HIF2alpha__6D0B,300,25,25,24,95.83333333333333,100.0,95.83333333333333,100.0,24,100.0,ok
rfd3_fix7,NDPK-A,300,17,17,15,100.0,93.33333333333333,93.33333333333333,100.0,15,100.0,ok
rfd3_fix7,p53_Y220C,300,19,19,18,94.44444444444444,94.44444444444444,94.44444444444444,94.44444444444444,18,100.0,ok
bioemu_refine,cAbl,300,23,23,16,100.0,100.0,100.0,100.0,16,100.0,ok
rfd3_fix7,FUT8,300,22,22,20,100.0,100.0,100.0,100.0,20,100.0,ok
bioemu_refine,THSR,300,26,26,25,52.0,48.0,48.0,52.0,25,100.0,ok
rfd3_fix7,HIV_RT,300,19,19,11,100.0,100.0,100.0,100.0,11,100.0,ok
bioemu_refine,GCGR,300,25,25,8,87.5,87.5,75.0,100.0,8,100.0,ok
rfd3_fix7,HIV_RT__3V81,301,17,17,11,100.0,100.0,100.0,100.0,11,100.0,ok
rfd3_fix7,betaLG,301,16,16,15,100.0,100.0,100.0,100.0,15,100.0,ok
rfd3_fix7,Menin,301,14,14,14,71.42857142857143,78.57142857142857,71.42857142857143,78.57142857142857,14,100.0,ok
rfd3_fix7,SHP2,301,19,19,17,88.23529411764706,88.23529411764706,88.23529411764706,88.23529411764706,17,100.0,ok
rfd3_fix7,CB1,301,28,28,20,95.0,100.0,95.0,100.0,20,100.0,ok
rfd3_fix7,HIF2alpha,301,21,21,20,95.0,95.0,95.0,95.0,20,100.0,ok
rfd3_fix7,METTL14,301,22,22,18,100.0,94.44444444444444,94.44444444444444,100.0,18,100.0,ok
rfd3_fix7,GLTP,301,8,8,6,100.0,100.0,100.0,100.0,6,100.0,ok
rfd3_fix7,HIF2alpha__6D0B,301,25,25,24,95.83333333333333,100.0,95.83333333333333,100.0,24,100.0,ok
rfd3_fix7,KRAS,301,21,21,15,93.33333333333333,86.66666666666667,86.66666666666667,93.33333333333333,15,100.0,ok
rfd3_fix7,HIV_RT,301,19,19,11,100.0,100.0,100.0,100.0,11,100.0,ok
rfd3_fix7,THSR__7UTZ,301,24,24,23,95.65217391304348,95.65217391304348,95.65217391304348,95.65217391304348,23,100.0,ok
rfd3_fix7,p53_Y220C__4AGQ,301,17,17,16,93.75,93.75,93.75,93.75,16,100.0,ok
rfd3_fix7,GCGR,301,25,25,8,100.0,100.0,100.0,100.0,8,100.0,ok
rfd3_fix7,THSR,301,26,26,25,72.0,72.0,72.0,72.0,25,100.0,ok
rfd3_fix7,Bcl-xL,301,21,21,17,100.0,100.0,100.0,100.0,17,100.0,ok
rfd3_fix7,cAbl,301,23,23,16,100.0,93.75,93.75,100.0,16,100.0,ok
rfd3_fix7,HIV1_CA,301,16,16,14,92.85714285714286,92.85714285714286,92.85714285714286,92.85714285714286,14,100.0,ok
rfd3_fix7,FUT8,301,22,22,20,100.0,100.0,100.0,100.0,20,100.0,ok
rfd3_fix7,p53_Y220C,301,19,19,18,100.0,100.0,100.0,100.0,18,100.0,ok
rfd3_fix7,NDPK-A,301,17,17,15,93.33333333333333,86.66666666666667,86.66666666666667,93.33333333333333,15,100.0,ok
rfd3_fix7,Bcl-xL,302,21,21,17,100.0,100.0,100.0,100.0,17,100.0,ok
rfd3_fix7,THSR,302,26,26,25,84.0,84.0,84.0,84.0,25,100.0,ok
rfd3_fix7,cAbl,302,23,23,16,100.0,93.75,93.75,100.0,16,100.0,ok
rfd3_fix7,HIV_RT,302,19,19,11,100.0,100.0,100.0,100.0,11,100.0,ok
rfd3_fix7,THSR__7UTZ,302,24,24,23,91.30434782608695,91.30434782608695,91.30434782608695,91.30434782608695,23,100.0,ok
rfd3_fix7,CB1,302,28,28,20,100.0,100.0,100.0,100.0,20,100.0,ok
rfd3_fix7,HIF2alpha,302,21,21,20,95.0,95.0,95.0,95.0,20,100.0,ok
rfd3_fix7,GCGR,302,25,25,8,100.0,100.0,100.0,100.0,8,100.0,ok
rfd3_fix7,METTL14,302,22,22,18,100.0,94.44444444444444,94.44444444444444,100.0,18,100.0,ok
rfd3_fix7,HIF2alpha__6D0B,302,25,25,24,95.83333333333333,95.83333333333333,95.83333333333333,95.83333333333333,24,100.0,ok
rfd3_fix7,SHP2,302,19,19,17,82.3529411764706,82.3529411764706,82.3529411764706,82.3529411764706,17,100.0,ok
rfd3_fix7,KRAS,302,21,21,15,93.33333333333333,86.66666666666667,86.66666666666667,93.33333333333333,15,100.0,ok
rfd3_fix7,betaLG,302,16,16,15,100.0,100.0,100.0,100.0,15,100.0,ok
rfd3_fix7,GLTP,302,8,8,6,100.0,100.0,100.0,100.0,6,100.0,ok
rfd3_fix7,FUT8,302,22,22,20,90.0,85.0,85.0,90.0,20,100.0,ok
rfd3_fix7,p53_Y220C,302,19,19,18,100.0,94.44444444444444,94.44444444444444,100.0,18,100.0,ok
rfd3_fix7,NDPK-A,302,17,17,15,100.0,73.33333333333333,73.33333333333333,100.0,15,100.0,ok
rfd3_fix7,HIV1_CA,302,16,16,14,78.57142857142857,85.71428571428571,78.57142857142857,85.71428571428571,14,100.0,ok
rfd3_fix7,HIV_RT__3V81,302,17,17,11,100.0,90.9090909090909,90.9090909090909,100.0,11,100.0,ok
rfd3_fix7,Menin,302,14,14,14,100.0,100.0,100.0,100.0,14,100.0,ok
rfd3_fix7,p53_Y220C__4AGQ,302,17,17,16,93.75,93.75,93.75,93.75,16,100.0,ok
rfd3_fix7,KRAS,303,21,21,15,100.0,80.0,80.0,100.0,15,100.0,ok
rfd3_fix7,HIF2alpha__6D0B,303,25,25,24,95.83333333333333,95.83333333333333,95.83333333333333,95.83333333333333,24,100.0,ok
rfd3_fix7,CB1,303,28,28,20,95.0,95.0,95.0,95.0,20,100.0,ok
rfd3_fix7,Menin,303,14,14,14,100.0,100.0,100.0,100.0,14,100.0,ok
rfd3_fix7,p53_Y220C__4AGQ,303,17,17,16,100.0,100.0,100.0,100.0,16,100.0,ok
rfd3_fix7,THSR__7UTZ,303,24,24,23,91.30434782608695,86.95652173913044,86.95652173913044,91.30434782608695,23,100.0,ok
rfd3_fix7,METTL14,303,22,22,18,100.0,100.0,100.0,100.0,18,100.0,ok
rfd3_fix7,NDPK-A,303,17,17,15,100.0,100.0,100.0,100.0,15,100.0,ok
rfd3_fix7,FUT8,303,22,22,20,95.0,90.0,90.0,95.0,20,100.0,ok
rfd3_fix7,p53_Y220C,303,19,19,18,94.44444444444444,94.44444444444444,94.44444444444444,94.44444444444444,18,100.0,ok
rfd3_fix7,GLTP,303,8,8,6,100.0,100.0,100.0,100.0,6,100.0,ok
rfd3_fix7,betaLG,303,16,16,15,100.0,100.0,100.0,100.0,15,100.0,ok
rfd3_fix7,HIF2alpha,303,21,21,20,100.0,100.0,100.0,100.0,20,100.0,ok
rfd3_fix7,SHP2,303,19,19,17,88.23529411764706,94.11764705882354,88.23529411764706,94.11764705882354,17,100.0,ok
rfd3_fix7,THSR,303,26,26,25,76.0,72.0,72.0,76.0,25,100.0,ok
rfd3_fix7,HIV1_CA,303,16,16,14,85.71428571428571,92.85714285714286,85.71428571428571,92.85714285714286,14,100.0,ok
rfd3_fix7,GCGR,303,25,25,8,100.0,100.0,100.0,100.0,8,100.0,ok
rfd3_fix7,Bcl-xL,303,21,21,17,100.0,100.0,100.0,100.0,17,100.0,ok
rfd3_fix7,HIV_RT__3V81,303,17,17,11,100.0,100.0,100.0,100.0,11,100.0,ok
rfd3_fix7,cAbl,303,23,23,16,93.75,93.75,87.5,100.0,16,100.0,ok
rfd3_fix7,HIV_RT,303,19,19,11,100.0,100.0,100.0,100.0,11,100.0,ok
rfd3_fix7,HIV1_CA,304,16,16,14,85.71428571428571,92.85714285714286,85.71428571428571,92.85714285714286,14,100.0,ok
rfd3_fix7,cAbl,304,23,23,16,93.75,93.75,87.5,100.0,16,100.0,ok
rfd3_fix7,KRAS,304,21,21,15,93.33333333333333,80.0,80.0,93.33333333333333,15,100.0,ok
rfd3_fix7,FUT8,304,22,22,20,100.0,95.0,95.0,100.0,20,100.0,ok
rfd3_fix7,p53_Y220C,304,19,19,18,94.44444444444444,94.44444444444444,94.44444444444444,94.44444444444444,18,100.0,ok
rfd3_fix7,Bcl-xL,304,21,21,17,100.0,100.0,100.0,100.0,17,100.0,ok
rfd3_fix7,GLTP,304,8,8,6,100.0,100.0,100.0,100.0,6,100.0,ok
rfd3_fix7,Menin,304,14,14,14,100.0,100.0,100.0,100.0,14,100.0,ok
rfd3_fix7,betaLG,304,16,16,15,93.33333333333333,93.33333333333333,86.66666666666667,100.0,15,100.0,ok
rfd3_fix7,SHP2,304,19,19,17,70.58823529411765,70.58823529411765,70.58823529411765,70.58823529411765,17,100.0,ok
rfd3_fix7,HIF2alpha,304,21,21,20,100.0,100.0,100.0,100.0,20,100.0,ok
rfd3_fix7,GCGR,304,25,25,8,100.0,100.0,100.0,100.0,8,100.0,ok
rfd3_fix7,CB1,304,28,28,20,95.0,95.0,95.0,95.0,20,100.0,ok
rfd3_fix7,HIF2alpha__6D0B,304,25,25,24,95.83333333333333,95.83333333333333,95.83333333333333,95.83333333333333,24,100.0,ok
rfd3_fix7,THSR,304,26,26,25,76.0,72.0,72.0,76.0,25,100.0,ok
rfd3_fix7,THSR__7UTZ,304,24,24,23,86.95652173913044,82.6086956521739,82.6086956521739,86.95652173913044,23,100.0,ok
rfd3_fix7,HIV_RT__3V81,304,17,17,11,100.0,100.0,100.0,100.0,11,100.0,ok
rfd3_fix7,p53_Y220C__4AGQ,304,17,17,16,100.0,100.0,100.0,100.0,16,100.0,ok
rfd3_fix7,HIV_RT,304,19,19,11,100.0,100.0,100.0,100.0,11,100.0,ok
rfd3_fix7,METTL14,304,22,22,18,83.33333333333333,83.33333333333333,83.33333333333333,83.33333333333333,18,100.0,ok
rfd3_fix7,NDPK-A,304,17,17,15,100.0,93.33333333333333,93.33333333333333,100.0,15,100.0,ok
rfd3_fix7,Bcl-xL,400,21,21,17,100.0,100.0,100.0,100.0,17,100.0,ok
rfd3_fix7,FUT8,400,22,22,20,95.0,90.0,90.0,95.0,20,100.0,ok
rfd3_fix7,KRAS,400,21,21,15,93.33333333333333,86.66666666666667,86.66666666666667,93.33333333333333,15,100.0,ok
bioemu_refine,p53_Y220C__4AGQ,400,17,17,16,93.75,87.5,87.5,93.75,16,100.0,ok
rfd3_fix7,CB1,400,28,28,20,85.0,85.0,85.0,85.0,20,100.0,ok
bioemu_refine,Bcl-xL,400,21,22,17,52.94117647058823,64.70588235294117,52.94117647058823,64.70588235294117,17,100.0,ok
rfd3_fix7,Menin,400,14,14,14,92.85714285714286,92.85714285714286,92.85714285714286,92.85714285714286,14,100.0,ok
rfd3_fix7,THSR__7UTZ,400,24,24,23,95.65217391304348,91.30434782608695,91.30434782608695,95.65217391304348,23,100.0,ok
rfd3_fix7,THSR,400,26,26,25,88.0,84.0,84.0,88.0,25,100.0,ok
bioemu_refine,HIF2alpha__6D0B,400,25,25,24,91.66666666666667,95.83333333333333,91.66666666666667,95.83333333333333,24,100.0,ok
rfd3_fix7,HIV_RT,400,19,19,11,100.0,100.0,100.0,100.0,11,100.0,ok
bioemu_refine,GCGR,400,25,25,8,75.0,62.5,62.5,75.0,8,100.0,ok
bioemu_refine,FUT8,400,22,22,20,95.0,95.0,95.0,95.0,20,100.0,ok
bioemu_refine,CB1,400,28,28,20,85.0,80.0,80.0,85.0,20,100.0,ok
rfd3_fix7,HIF2alpha,400,21,21,20,95.0,95.0,95.0,95.0,20,100.0,ok
bioemu_refine,betaLG,400,16,16,15,73.33333333333333,80.0,73.33333333333333,80.0,15,100.0,ok
bioemu_refine,HIV_RT__3V81,400,17,17,11,90.9090909090909,81.81818181818181,81.81818181818181,90.9090909090909,11,100.0,ok
bioemu_refine,HIV1_CA,400,16,16,14,85.71428571428571,92.85714285714286,85.71428571428571,92.85714285714286,14,100.0,ok
bioemu_refine,HIV_RT,400,19,19,11,90.9090909090909,90.9090909090909,90.9090909090909,90.9090909090909,11,100.0,ok
rfd3_fix7,p53_Y220C__4AGQ,400,17,17,16,100.0,93.75,93.75,100.0,16,100.0,ok
bioemu_refine,KRAS,400,21,21,15,66.66666666666667,66.66666666666667,66.66666666666667,66.66666666666667,15,100.0,ok
rfd3_fix7,GCGR,400,25,25,8,100.0,100.0,100.0,100.0,8,100.0,ok
bioemu_refine,Menin,400,14,14,14,85.71428571428571,78.57142857142857,78.57142857142857,85.71428571428571,14,100.0,ok
bioemu_refine,METTL14,400,22,22,18,100.0,100.0,100.0,100.0,18,100.0,ok
rfd3_fix7,HIV1_CA,400,16,16,14,71.42857142857143,78.57142857142857,71.42857142857143,78.57142857142857,14,100.0,ok
rfd3_fix7,HIV_RT__3V81,400,17,17,11,100.0,100.0,100.0,100.0,11,100.0,ok
rfd3_fix7,HIF2alpha__6D0B,400,25,25,24,95.83333333333333,95.83333333333333,95.83333333333333,95.83333333333333,24,100.0,ok
bioemu_refine,SHP2,400,19,19,17,0.0,0.0,0.0,0.0,17,100.0,ok
rfd3_fix7,cAbl,400,23,23,16,100.0,100.0,100.0,100.0,16,100.0,ok
bioemu_refine,NDPK-A,400,17,17,15,6.666666666666667,6.666666666666667,6.666666666666667,6.666666666666667,15,100.0,ok
bioemu_refine,GLTP,400,8,8,6,100.0,100.0,100.0,100.0,6,100.0,ok
bioemu_refine,HIF2alpha,400,21,21,20,85.0,85.0,85.0,85.0,20,100.0,ok
rfd3_fix7,betaLG,400,16,16,15,100.0,100.0,100.0,100.0,15,100.0,ok
rfd3_fix7,METTL14,400,22,22,18,94.44444444444444,88.88888888888889,88.88888888888889,94.44444444444444,18,100.0,ok
bioemu_refine,cAbl,400,23,23,16,56.25,68.75,50.0,75.0,16,100.0,ok
bioemu_refine,p53_Y220C,400,19,19,18,100.0,100.0,100.0,100.0,18,100.0,ok
rfd3_fix7,GLTP,400,8,8,6,100.0,100.0,100.0,100.0,6,100.0,ok
rfd3_fix7,NDPK-A,400,17,17,15,100.0,86.66666666666667,86.66666666666667,100.0,15,100.0,ok
rfd3_fix7,SHP2,400,19,19,17,94.11764705882354,100.0,94.11764705882354,100.0,17,100.0,ok
rfd3_fix7,p53_Y220C,400,19,19,18,100.0,100.0,100.0,100.0,18,100.0,ok
bioemu_refine,THSR,400,26,26,25,92.0,92.0,92.0,92.0,25,100.0,ok
bioemu_refine,THSR__7UTZ,400,24,24,23,91.30434782608695,95.65217391304348,91.30434782608695,95.65217391304348,23,100.0,ok
rfd3_fix7,Menin,401,14,14,14,100.0,100.0,100.0,100.0,14,100.0,ok
rfd3_fix7,THSR__7UTZ,401,24,24,23,91.30434782608695,86.95652173913044,86.95652173913044,91.30434782608695,23,100.0,ok
rfd3_fix7,THSR,401,26,26,25,88.0,88.0,88.0,88.0,25,100.0,ok
rfd3_fix7,FUT8,401,22,22,20,95.0,95.0,95.0,95.0,20,100.0,ok
rfd3_fix7,HIV1_CA,401,16,16,14,92.85714285714286,85.71428571428571,85.71428571428571,92.85714285714286,14,100.0,ok
rfd3_fix7,CB1,401,28,28,20,90.0,90.0,90.0,90.0,20,100.0,ok
rfd3_fix7,HIV_RT,401,19,19,11,100.0,100.0,100.0,100.0,11,100.0,ok
rfd3_fix7,p53_Y220C__4AGQ,401,17,17,16,93.75,93.75,93.75,93.75,16,100.0,ok
rfd3_fix7,p53_Y220C,401,19,19,18,94.44444444444444,94.44444444444444,94.44444444444444,94.44444444444444,18,100.0,ok
rfd3_fix7,METTL14,401,22,22,18,100.0,94.44444444444444,94.44444444444444,100.0,18,100.0,ok
rfd3_fix7,SHP2,401,19,19,17,82.3529411764706,88.23529411764706,82.3529411764706,88.23529411764706,17,100.0,ok
rfd3_fix7,NDPK-A,401,17,17,15,100.0,100.0,100.0,100.0,15,100.0,ok
rfd3_fix7,GLTP,401,8,8,6,100.0,100.0,100.0,100.0,6,100.0,ok
rfd3_fix7,cAbl,401,23,23,16,93.75,93.75,87.5,100.0,16,100.0,ok
rfd3_fix7,betaLG,401,16,16,15,100.0,100.0,100.0,100.0,15,100.0,ok
rfd3_fix7,HIV_RT__3V81,401,17,17,11,100.0,100.0,100.0,100.0,11,100.0,ok
rfd3_fix7,HIF2alpha,401,21,21,20,100.0,100.0,100.0,100.0,20,100.0,ok
rfd3_fix7,GCGR,401,25,25,8,100.0,100.0,100.0,100.0,8,100.0,ok
rfd3_fix7,HIF2alpha__6D0B,401,25,25,24,95.83333333333333,95.83333333333333,95.83333333333333,95.83333333333333,24,100.0,ok
rfd3_fix7,Bcl-xL,401,21,21,17,100.0,100.0,100.0,100.0,17,100.0,ok
rfd3_fix7,KRAS,401,21,21,15,86.66666666666667,80.0,80.0,86.66666666666667,15,100.0,ok
rfd3_fix7,cAbl,402,23,23,16,100.0,93.75,93.75,100.0,16,100.0,ok
rfd3_fix7,betaLG,402,16,16,15,86.66666666666667,93.33333333333333,86.66666666666667,93.33333333333333,15,100.0,ok
rfd3_fix7,METTL14,402,22,22,18,94.44444444444444,100.0,94.44444444444444,100.0,18,100.0,ok
rfd3_fix7,HIV_RT__3V81,402,17,17,11,100.0,90.9090909090909,90.9090909090909,100.0,11,100.0,ok
rfd3_fix7,HIF2alpha,402,21,21,20,95.0,95.0,95.0,95.0,20,100.0,ok
rfd3_fix7,HIF2alpha__6D0B,402,25,25,24,95.83333333333333,95.83333333333333,95.83333333333333,95.83333333333333,24,100.0,ok
rfd3_fix7,HIV1_CA,402,16,16,14,92.85714285714286,92.85714285714286,92.85714285714286,92.85714285714286,14,100.0,ok
rfd3_fix7,HIV_RT,402,19,19,11,90.9090909090909,90.9090909090909,90.9090909090909,90.9090909090909,11,100.0,ok
rfd3_fix7,THSR,402,26,26,25,72.0,72.0,72.0,72.0,25,100.0,ok
rfd3_fix7,Menin,402,14,14,14,100.0,100.0,100.0,100.0,14,100.0,ok
rfd3_fix7,CB1,402,28,28,20,100.0,95.0,95.0,100.0,20,100.0,ok
rfd3_fix7,Bcl-xL,402,21,21,17,100.0,100.0,100.0,100.0,17,100.0,ok
rfd3_fix7,THSR__7UTZ,402,24,24,23,95.65217391304348,91.30434782608695,91.30434782608695,95.65217391304348,23,100.0,ok
rfd3_fix7,KRAS,402,21,21,15,93.33333333333333,80.0,80.0,93.33333333333333,15,100.0,ok
rfd3_fix7,p53_Y220C,402,19,19,18,94.44444444444444,94.44444444444444,94.44444444444444,94.44444444444444,18,100.0,ok
rfd3_fix7,NDPK-A,402,17,17,15,93.33333333333333,80.0,80.0,93.33333333333333,15,100.0,ok
rfd3_fix7,FUT8,402,22,22,20,100.0,100.0,100.0,100.0,20,100.0,ok
rfd3_fix7,GLTP,402,8,8,6,100.0,100.0,100.0,100.0,6,100.0,ok
rfd3_fix7,p53_Y220C__4AGQ,402,17,17,16,100.0,100.0,100.0,100.0,16,100.0,ok
rfd3_fix7,SHP2,402,19,19,17,88.23529411764706,88.23529411764706,88.23529411764706,88.23529411764706,17,100.0,ok
rfd3_fix7,GCGR,402,25,25,8,100.0,100.0,100.0,100.0,8,100.0,ok
rfd3_fix7,betaLG,403,16,16,15,93.33333333333333,100.0,93.33333333333333,100.0,15,100.0,ok
rfd3_fix7,Menin,403,14,14,14,100.0,100.0,100.0,100.0,14,100.0,ok
rfd3_fix7,CB1,403,28,28,20,95.0,95.0,95.0,95.0,20,100.0,ok
rfd3_fix7,Bcl-xL,403,21,21,17,100.0,100.0,100.0,100.0,17,100.0,ok
rfd3_fix7,HIF2alpha,403,21,21,20,90.0,90.0,90.0,90.0,20,100.0,ok
rfd3_fix7,cAbl,403,23,23,16,100.0,93.75,93.75,100.0,16,100.0,ok
rfd3_fix7,HIV1_CA,403,16,16,14,85.71428571428571,85.71428571428571,85.71428571428571,85.71428571428571,14,100.0,ok
rfd3_fix7,KRAS,403,21,21,15,86.66666666666667,80.0,80.0,86.66666666666667,15,100.0,ok
rfd3_fix7,THSR__7UTZ,403,24,24,23,95.65217391304348,95.65217391304348,95.65217391304348,95.65217391304348,23,100.0,ok
rfd3_fix7,HIF2alpha__6D0B,403,25,25,24,95.83333333333333,95.83333333333333,95.83333333333333,95.83333333333333,24,100.0,ok
rfd3_fix7,p53_Y220C__4AGQ,403,17,17,16,100.0,100.0,100.0,100.0,16,100.0,ok
rfd3_fix7,GCGR,403,25,25,8,100.0,100.0,100.0,100.0,8,100.0,ok
rfd3_fix7,METTL14,403,22,22,18,88.88888888888889,88.88888888888889,88.88888888888889,88.88888888888889,18,100.0,ok
rfd3_fix7,SHP2,403,19,19,17,94.11764705882354,94.11764705882354,94.11764705882354,94.11764705882354,17,100.0,ok
rfd3_fix7,FUT8,403,22,22,20,90.0,90.0,90.0,90.0,20,100.0,ok
rfd3_fix7,NDPK-A,403,17,17,15,86.66666666666667,86.66666666666667,86.66666666666667,86.66666666666667,15,100.0,ok
rfd3_fix7,GLTP,403,8,8,6,100.0,100.0,100.0,100.0,6,100.0,ok
rfd3_fix7,HIV_RT,403,19,19,11,90.9090909090909,90.9090909090909,90.9090909090909,90.9090909090909,11,100.0,ok
rfd3_fix7,THSR,403,26,26,25,84.0,80.0,80.0,84.0,25,100.0,ok
rfd3_fix7,p53_Y220C,403,19,19,18,100.0,100.0,100.0,100.0,18,100.0,ok
rfd3_fix7,HIV_RT__3V81,403,17,17,11,100.0,100.0,100.0,100.0,11,100.0,ok
rfd3_fix7,HIV_RT__3V81,404,17,17,11,100.0,90.9090909090909,90.9090909090909,100.0,11,100.0,ok
rfd3_fix7,NDPK-A,404,17,17,15,100.0,86.66666666666667,86.66666666666667,100.0,15,100.0,ok
rfd3_fix7,SHP2,404,19,19,17,88.23529411764706,94.11764705882354,88.23529411764706,94.11764705882354,17,100.0,ok
rfd3_fix7,betaLG,404,16,16,15,93.33333333333333,100.0,93.33333333333333,100.0,15,100.0,ok
rfd3_fix7,FUT8,404,22,22,20,95.0,90.0,90.0,95.0,20,100.0,ok
rfd3_fix7,p53_Y220C,404,19,19,18,100.0,100.0,100.0,100.0,18,100.0,ok
rfd3_fix7,METTL14,404,22,22,18,100.0,100.0,100.0,100.0,18,100.0,ok
rfd3_fix7,HIF2alpha__6D0B,404,25,25,24,91.66666666666667,91.66666666666667,91.66666666666667,91.66666666666667,24,100.0,ok
rfd3_fix7,KRAS,404,21,21,15,93.33333333333333,80.0,80.0,93.33333333333333,15,100.0,ok
rfd3_fix7,THSR__7UTZ,404,24,24,23,86.95652173913044,86.95652173913044,86.95652173913044,86.95652173913044,23,100.0,ok
rfd3_fix7,THSR,404,26,26,25,88.0,88.0,88.0,88.0,25,100.0,ok
rfd3_fix7,GLTP,404,8,8,6,100.0,100.0,100.0,100.0,6,100.0,ok
rfd3_fix7,Bcl-xL,404,21,21,17,100.0,100.0,100.0,100.0,17,100.0,ok
rfd3_fix7,CB1,404,28,28,20,95.0,100.0,95.0,100.0,20,100.0,ok
rfd3_fix7,Menin,404,14,14,14,92.85714285714286,85.71428571428571,85.71428571428571,92.85714285714286,14,100.0,ok
rfd3_fix7,p53_Y220C__4AGQ,404,17,17,16,100.0,100.0,100.0,100.0,16,100.0,ok
rfd3_fix7,HIV1_CA,404,16,16,14,92.85714285714286,92.85714285714286,92.85714285714286,92.85714285714286,14,100.0,ok
rfd3_fix7,HIV_RT,404,19,19,11,100.0,100.0,100.0,100.0,11,100.0,ok
rfd3_fix7,cAbl,404,23,23,16,100.0,93.75,93.75,100.0,16,100.0,ok
rfd3_fix7,HIF2alpha,404,21,21,20,95.0,95.0,95.0,95.0,20,100.0,ok
rfd3_fix7,GCGR,404,25,25,8,100.0,100.0,100.0,100.0,8,100.0,ok
rfd3_fix7,HIV_RT,500,19,19,11,100.0,100.0,100.0,100.0,11,100.0,ok
rfd3_fix7,GLTP,500,8,8,6,100.0,100.0,100.0,100.0,6,100.0,ok
bioemu_refine,betaLG,500,16,16,15,86.66666666666667,80.0,80.0,86.66666666666667,15,100.0,ok
rfd3_fix7,GCGR,500,25,25,8,100.0,100.0,100.0,100.0,8,100.0,ok
bioemu_refine,HIV_RT__3V81,500,17,17,11,100.0,72.72727272727273,72.72727272727273,100.0,11,100.0,ok
bioemu_refine,HIV1_CA,500,16,16,14,7.142857142857143,7.142857142857143,7.142857142857143,7.142857142857143,14,100.0,ok
bioemu_refine,HIV_RT,500,19,19,11,90.9090909090909,81.81818181818181,81.81818181818181,90.9090909090909,11,100.0,ok
rfd3_fix7,p53_Y220C__4AGQ,500,17,17,16,93.75,93.75,93.75,93.75,16,100.0,ok
bioemu_refine,KRAS,500,21,21,15,66.66666666666667,33.333333333333336,33.333333333333336,66.66666666666667,15,100.0,ok
bioemu_refine,Menin,500,14,14,14,85.71428571428571,92.85714285714286,85.71428571428571,92.85714285714286,14,100.0,ok
bioemu_refine,SHP2,500,19,19,17,0.0,0.0,0.0,0.0,17,100.0,ok
bioemu_refine,GLTP,500,8,8,6,83.33333333333333,83.33333333333333,83.33333333333333,83.33333333333333,6,100.0,ok
bioemu_refine,HIF2alpha,500,21,21,20,95.0,95.0,95.0,95.0,20,100.0,ok
rfd3_fix7,cAbl,500,23,23,16,93.75,100.0,93.75,100.0,16,100.0,ok
bioemu_refine,NDPK-A,500,17,17,15,33.333333333333336,33.333333333333336,26.666666666666668,40.0,15,100.0,ok
rfd3_fix7,HIF2alpha__6D0B,500,25,25,24,100.0,100.0,100.0,100.0,24,100.0,ok
rfd3_fix7,HIF2alpha,500,21,21,20,90.0,90.0,90.0,90.0,20,100.0,ok
bioemu_refine,METTL14,500,22,22,18,94.44444444444444,94.44444444444444,88.88888888888889,100.0,18,100.0,ok
rfd3_fix7,CB1,500,28,28,20,95.0,100.0,95.0,100.0,20,100.0,ok
rfd3_fix7,Menin,500,14,14,14,100.0,100.0,100.0,100.0,14,100.0,ok
bioemu_refine,p53_Y220C__4AGQ,500,17,17,16,93.75,93.75,93.75,93.75,16,100.0,ok
rfd3_fix7,KRAS,500,21,21,15,93.33333333333333,86.66666666666667,86.66666666666667,93.33333333333333,15,100.0,ok
rfd3_fix7,Bcl-xL,500,21,21,17,100.0,100.0,100.0,100.0,17,100.0,ok
rfd3_fix7,p53_Y220C,500,19,19,18,100.0,100.0,100.0,100.0,18,100.0,ok
rfd3_fix7,THSR__7UTZ,500,24,24,23,91.30434782608695,86.95652173913044,86.95652173913044,91.30434782608695,23,100.0,ok
bioemu_refine,Bcl-xL,500,21,22,17,47.05882352941177,47.05882352941177,41.1764705882353,52.94117647058823,17,100.0,ok
bioemu_refine,CB1,500,28,28,20,85.0,80.0,80.0,85.0,20,100.0,ok
rfd3_fix7,THSR,500,26,26,25,88.0,80.0,80.0,88.0,25,100.0,ok
bioemu_refine,HIF2alpha__6D0B,500,25,25,24,75.0,75.0,70.83333333333333,79.16666666666667,24,100.0,ok
bioemu_refine,FUT8,500,22,22,20,95.0,95.0,95.0,95.0,20,100.0,ok
rfd3_fix7,HIV_RT__3V81,500,17,17,11,100.0,100.0,100.0,100.0,11,100.0,ok
bioemu_refine,GCGR,500,25,25,8,87.5,100.0,87.5,100.0,8,100.0,ok
rfd3_fix7,HIV1_CA,500,16,16,14,85.71428571428571,92.85714285714286,85.71428571428571,92.85714285714286,14,100.0,ok
rfd3_fix7,NDPK-A,500,17,17,15,93.33333333333333,86.66666666666667,86.66666666666667,93.33333333333333,15,100.0,ok
bioemu_refine,cAbl,500,23,23,16,75.0,93.75,75.0,93.75,16,100.0,ok
bioemu_refine,p53_Y220C,500,19,19,18,94.44444444444444,94.44444444444444,94.44444444444444,94.44444444444444,18,100.0,ok
rfd3_fix7,FUT8,500,22,22,20,100.0,95.0,95.0,100.0,20,100.0,ok
rfd3_fix7,SHP2,500,19,19,17,94.11764705882354,100.0,94.11764705882354,100.0,17,100.0,ok
rfd3_fix7,METTL14,500,22,22,18,88.88888888888889,88.88888888888889,88.88888888888889,88.88888888888889,18,100.0,ok
bioemu_refine,THSR__7UTZ,500,24,24,23,86.95652173913044,78.26086956521739,78.26086956521739,86.95652173913044,23,100.0,ok
rfd3_fix7,betaLG,500,16,16,15,100.0,100.0,100.0,100.0,15,100.0,ok
bioemu_refine,THSR,500,26,26,25,80.0,84.0,76.0,88.0,25,100.0,ok
rfd3_fix7,p53_Y220C,501,19,19,18,94.44444444444444,94.44444444444444,94.44444444444444,94.44444444444444,18,100.0,ok
rfd3_fix7,HIF2alpha,501,21,21,20,95.0,95.0,95.0,95.0,20,100.0,ok
rfd3_fix7,HIV1_CA,501,16,16,14,78.57142857142857,85.71428571428571,78.57142857142857,85.71428571428571,14,100.0,ok
rfd3_fix7,HIV_RT,501,19,19,11,100.0,100.0,100.0,100.0,11,100.0,ok
rfd3_fix7,HIV_RT__3V81,501,17,17,11,100.0,90.9090909090909,90.9090909090909,100.0,11,100.0,ok
rfd3_fix7,KRAS,501,21,21,15,86.66666666666667,80.0,80.0,86.66666666666667,15,100.0,ok
rfd3_fix7,CB1,501,28,28,20,100.0,100.0,100.0,100.0,20,100.0,ok
rfd3_fix7,METTL14,501,22,22,18,94.44444444444444,100.0,94.44444444444444,100.0,18,100.0,ok
rfd3_fix7,Menin,501,14,14,14,100.0,92.85714285714286,92.85714285714286,100.0,14,100.0,ok
rfd3_fix7,THSR__7UTZ,501,24,24,23,91.30434782608695,82.6086956521739,82.6086956521739,91.30434782608695,23,100.0,ok
rfd3_fix7,NDPK-A,501,17,17,15,100.0,86.66666666666667,86.66666666666667,100.0,15,100.0,ok
rfd3_fix7,SHP2,501,19,19,17,94.11764705882354,100.0,94.11764705882354,100.0,17,100.0,ok
rfd3_fix7,cAbl,501,23,23,16,93.75,93.75,87.5,100.0,16,100.0,ok
rfd3_fix7,p53_Y220C__4AGQ,501,17,17,16,100.0,93.75,93.75,100.0,16,100.0,ok
rfd3_fix7,THSR,501,26,26,25,96.0,92.0,92.0,96.0,25,100.0,ok
rfd3_fix7,betaLG,501,16,16,15,100.0,100.0,100.0,100.0,15,100.0,ok
rfd3_fix7,HIF2alpha__6D0B,501,25,25,24,100.0,100.0,100.0,100.0,24,100.0,ok
rfd3_fix7,FUT8,501,22,22,20,100.0,95.0,95.0,100.0,20,100.0,ok
rfd3_fix7,Bcl-xL,501,21,21,17,100.0,100.0,100.0,100.0,17,100.0,ok
rfd3_fix7,GLTP,501,8,8,6,100.0,100.0,100.0,100.0,6,100.0,ok
rfd3_fix7,GCGR,501,25,25,8,100.0,100.0,100.0,100.0,8,100.0,ok
rfd3_fix7,Menin,502,14,14,14,100.0,100.0,100.0,100.0,14,100.0,ok
rfd3_fix7,THSR__7UTZ,502,24,24,23,91.30434782608695,82.6086956521739,82.6086956521739,91.30434782608695,23,100.0,ok
rfd3_fix7,NDPK-A,502,17,17,15,100.0,93.33333333333333,93.33333333333333,100.0,15,100.0,ok
rfd3_fix7,betaLG,502,16,16,15,100.0,100.0,100.0,100.0,15,100.0,ok
rfd3_fix7,p53_Y220C__4AGQ,502,17,17,16,100.0,100.0,100.0,100.0,16,100.0,ok
rfd3_fix7,SHP2,502,19,19,17,88.23529411764706,88.23529411764706,88.23529411764706,88.23529411764706,17,100.0,ok
rfd3_fix7,HIF2alpha,502,21,21,20,95.0,95.0,95.0,95.0,20,100.0,ok
rfd3_fix7,KRAS,502,21,21,15,93.33333333333333,86.66666666666667,86.66666666666667,93.33333333333333,15,100.0,ok
rfd3_fix7,CB1,502,28,28,20,100.0,100.0,100.0,100.0,20,100.0,ok
rfd3_fix7,HIV1_CA,502,16,16,14,78.57142857142857,85.71428571428571,78.57142857142857,85.71428571428571,14,100.0,ok
rfd3_fix7,cAbl,502,23,23,16,93.75,87.5,81.25,100.0,16,100.0,ok
rfd3_fix7,FUT8,502,22,22,20,95.0,90.0,90.0,95.0,20,100.0,ok
rfd3_fix7,GCGR,502,25,25,8,100.0,100.0,100.0,100.0,8,100.0,ok
rfd3_fix7,p53_Y220C,502,19,19,18,94.44444444444444,88.88888888888889,88.88888888888889,94.44444444444444,18,100.0,ok
rfd3_fix7,THSR,502,26,26,25,96.0,96.0,96.0,96.0,25,100.0,ok
rfd3_fix7,HIV_RT__3V81,502,17,17,11,100.0,100.0,100.0,100.0,11,100.0,ok
rfd3_fix7,GLTP,502,8,8,6,100.0,100.0,100.0,100.0,6,100.0,ok
rfd3_fix7,METTL14,502,22,22,18,88.88888888888889,88.88888888888889,88.88888888888889,88.88888888888889,18,100.0,ok
rfd3_fix7,HIF2alpha__6D0B,502,25,25,24,95.83333333333333,95.83333333333333,95.83333333333333,95.83333333333333,24,100.0,ok
rfd3_fix7,Bcl-xL,502,21,21,17,100.0,100.0,100.0,100.0,17,100.0,ok
rfd3_fix7,HIV_RT,502,19,19,11,100.0,100.0,100.0,100.0,11,100.0,ok
rfd3_fix7,CB1,503,28,28,20,95.0,95.0,95.0,95.0,20,100.0,ok
rfd3_fix7,SHP2,503,19,19,17,82.3529411764706,88.23529411764706,82.3529411764706,88.23529411764706,17,100.0,ok
rfd3_fix7,THSR,503,26,26,25,96.0,92.0,92.0,96.0,25,100.0,ok
rfd3_fix7,HIV_RT,503,19,19,11,90.9090909090909,90.9090909090909,90.9090909090909,90.9090909090909,11,100.0,ok
rfd3_fix7,cAbl,503,23,23,16,100.0,100.0,100.0,100.0,16,100.0,ok
rfd3_fix7,GCGR,503,25,25,8,100.0,100.0,100.0,100.0,8,100.0,ok
rfd3_fix7,FUT8,503,22,22,20,100.0,95.0,95.0,100.0,20,100.0,ok
rfd3_fix7,METTL14,503,22,22,18,94.44444444444444,94.44444444444444,94.44444444444444,94.44444444444444,18,100.0,ok
rfd3_fix7,Bcl-xL,503,21,21,17,100.0,100.0,100.0,100.0,17,100.0,ok
rfd3_fix7,GLTP,503,8,8,6,100.0,100.0,100.0,100.0,6,100.0,ok
rfd3_fix7,p53_Y220C,503,19,19,18,100.0,94.44444444444444,94.44444444444444,100.0,18,100.0,ok
rfd3_fix7,betaLG,503,16,16,15,100.0,100.0,100.0,100.0,15,100.0,ok
rfd3_fix7,p53_Y220C__4AGQ,503,17,17,16,100.0,100.0,100.0,100.0,16,100.0,ok
rfd3_fix7,Menin,503,14,14,14,100.0,100.0,100.0,100.0,14,100.0,ok
rfd3_fix7,HIV_RT__3V81,503,17,17,11,100.0,100.0,100.0,100.0,11,100.0,ok
rfd3_fix7,NDPK-A,503,17,17,15,100.0,86.66666666666667,86.66666666666667,100.0,15,100.0,ok
rfd3_fix7,HIV1_CA,503,16,16,14,85.71428571428571,85.71428571428571,78.57142857142857,92.85714285714286,14,100.0,ok
rfd3_fix7,KRAS,503,21,21,15,93.33333333333333,86.66666666666667,86.66666666666667,93.33333333333333,15,100.0,ok
rfd3_fix7,HIF2alpha,503,21,21,20,95.0,95.0,95.0,95.0,20,100.0,ok
rfd3_fix7,THSR__7UTZ,503,24,24,23,95.65217391304348,91.30434782608695,91.30434782608695,95.65217391304348,23,100.0,ok
rfd3_fix7,HIF2alpha__6D0B,503,25,25,24,91.66666666666667,87.5,87.5,91.66666666666667,24,100.0,ok
rfd3_fix7,HIV_RT__3V81,504,17,17,11,100.0,81.81818181818181,81.81818181818181,100.0,11,100.0,ok
rfd3_fix7,SHP2,504,19,19,17,88.23529411764706,94.11764705882354,88.23529411764706,94.11764705882354,17,100.0,ok
rfd3_fix7,p53_Y220C__4AGQ,504,17,17,16,100.0,100.0,100.0,100.0,16,100.0,ok
rfd3_fix7,HIF2alpha,504,21,21,20,90.0,90.0,90.0,90.0,20,100.0,ok
rfd3_fix7,Menin,504,14,14,14,92.85714285714286,92.85714285714286,92.85714285714286,92.85714285714286,14,100.0,ok
rfd3_fix7,NDPK-A,504,17,17,15,93.33333333333333,86.66666666666667,86.66666666666667,93.33333333333333,15,100.0,ok
rfd3_fix7,betaLG,504,16,16,15,93.33333333333333,100.0,93.33333333333333,100.0,15,100.0,ok
rfd3_fix7,HIV_RT,504,19,19,11,100.0,100.0,100.0,100.0,11,100.0,ok
rfd3_fix7,FUT8,504,22,22,20,100.0,100.0,100.0,100.0,20,100.0,ok
rfd3_fix7,Bcl-xL,504,21,21,17,100.0,100.0,100.0,100.0,17,100.0,ok
rfd3_fix7,METTL14,504,22,22,18,94.44444444444444,100.0,94.44444444444444,100.0,18,100.0,ok
rfd3_fix7,GLTP,504,8,8,6,100.0,100.0,100.0,100.0,6,100.0,ok
rfd3_fix7,p53_Y220C,504,19,19,18,100.0,100.0,100.0,100.0,18,100.0,ok
rfd3_fix7,GCGR,504,25,25,8,100.0,100.0,100.0,100.0,8,100.0,ok
rfd3_fix7,HIF2alpha__6D0B,504,25,25,24,95.83333333333333,95.83333333333333,95.83333333333333,95.83333333333333,24,100.0,ok
rfd3_fix7,CB1,504,28,28,20,100.0,100.0,100.0,100.0,20,100.0,ok
rfd3_fix7,cAbl,504,23,23,16,93.75,93.75,87.5,100.0,16,100.0,ok
rfd3_fix7,THSR__7UTZ,504,24,24,23,95.65217391304348,95.65217391304348,95.65217391304348,95.65217391304348,23,100.0,ok
rfd3_fix7,THSR,504,26,26,25,100.0,96.0,96.0,100.0,25,100.0,ok
rfd3_fix7,HIV1_CA,504,16,16,14,100.0,100.0,100.0,100.0,14,100.0,ok
rfd3_fix7,KRAS,504,21,21,15,93.33333333333333,80.0,80.0,93.33333333333333,15,100.0,ok
bioemu_refine,HIV_RT__3V81,600,17,17,11,100.0,90.9090909090909,90.9090909090909,100.0,11,100.0,ok
bioemu_refine,NDPK-A,600,17,17,15,26.666666666666668,20.0,20.0,26.666666666666668,15,100.0,ok
bioemu_refine,HIV1_CA,600,16,16,14,71.42857142857143,78.57142857142857,71.42857142857143,78.57142857142857,14,100.0,ok
bioemu_refine,HIV_RT,600,19,19,11,81.81818181818181,90.9090909090909,81.81818181818181,90.9090909090909,11,100.0,ok
bioemu_refine,CB1,600,28,28,20,75.0,70.0,65.0,80.0,20,100.0,ok
bioemu_refine,Bcl-xL,600,21,22,17,88.23529411764706,88.23529411764706,82.3529411764706,94.11764705882354,17,100.0,ok
bioemu_refine,SHP2,600,19,19,17,11.764705882352942,11.764705882352942,11.764705882352942,11.764705882352942,17,100.0,ok
bioemu_refine,KRAS,600,21,21,15,80.0,60.0,60.0,80.0,15,100.0,ok
bioemu_refine,THSR__7UTZ,600,24,24,23,73.91304347826087,73.91304347826087,73.91304347826087,73.91304347826087,23,100.0,ok
bioemu_refine,cAbl,600,23,23,16,81.25,87.5,75.0,93.75,16,100.0,ok
bioemu_refine,HIF2alpha__6D0B,600,25,25,24,91.66666666666667,91.66666666666667,91.66666666666667,91.66666666666667,24,100.0,ok
bioemu_refine,p53_Y220C__4AGQ,600,17,17,16,62.5,50.0,50.0,62.5,16,100.0,ok
bioemu_refine,Menin,600,14,14,14,78.57142857142857,78.57142857142857,78.57142857142857,78.57142857142857,14,100.0,ok
bioemu_refine,GLTP,600,8,8,6,83.33333333333333,66.66666666666667,66.66666666666667,83.33333333333333,6,100.0,ok
bioemu_refine,FUT8,600,22,22,20,90.0,90.0,90.0,90.0,20,100.0,ok
bioemu_refine,p53_Y220C,600,19,19,18,72.22222222222223,66.66666666666667,66.66666666666667,72.22222222222223,18,100.0,ok
bioemu_refine,THSR,600,26,26,25,96.0,88.0,88.0,96.0,25,100.0,ok
bioemu_refine,GCGR,600,25,25,8,75.0,37.5,37.5,75.0,8,100.0,ok
bioemu_refine,HIF2alpha,600,21,21,20,85.0,85.0,85.0,85.0,20,100.0,ok
bioemu_refine,METTL14,600,22,22,18,100.0,100.0,100.0,100.0,18,100.0,ok
bioemu_refine,betaLG,600,16,16,15,86.66666666666667,100.0,86.66666666666667,100.0,15,100.0,ok
bioemu_refine,p53_Y220C,700,19,19,18,72.22222222222223,77.77777777777777,72.22222222222223,77.77777777777777,18,100.0,ok
bioemu_refine,HIV_RT__3V81,700,17,17,11,90.9090909090909,90.9090909090909,90.9090909090909,90.9090909090909,11,100.0,ok
bioemu_refine,HIF2alpha,700,21,21,20,100.0,100.0,100.0,100.0,20,100.0,ok
bioemu_refine,GCGR,700,25,25,8,25.0,0.0,0.0,25.0,8,100.0,ok
bioemu_refine,Menin,700,14,14,14,92.85714285714286,92.85714285714286,92.85714285714286,92.85714285714286,14,100.0,ok
bioemu_refine,KRAS,700,21,21,15,40.0,46.666666666666664,33.333333333333336,53.333333333333336,15,100.0,ok
bioemu_refine,p53_Y220C__4AGQ,700,17,17,16,68.75,62.5,62.5,68.75,16,100.0,ok
bioemu_refine,THSR__7UTZ,700,24,24,23,95.65217391304348,95.65217391304348,95.65217391304348,95.65217391304348,23,100.0,ok
bioemu_refine,cAbl,700,23,23,16,87.5,93.75,87.5,93.75,16,100.0,ok
bioemu_refine,HIV1_CA,700,16,16,14,85.71428571428571,92.85714285714286,85.71428571428571,92.85714285714286,14,100.0,ok
bioemu_refine,NDPK-A,700,17,17,15,26.666666666666668,20.0,20.0,26.666666666666668,15,100.0,ok
bioemu_refine,HIV_RT,700,19,19,11,90.9090909090909,81.81818181818181,81.81818181818181,90.9090909090909,11,100.0,ok
bioemu_refine,CB1,700,28,28,20,85.0,75.0,75.0,85.0,20,100.0,ok
bioemu_refine,SHP2,700,19,19,17,5.882352941176471,5.882352941176471,5.882352941176471,5.882352941176471,17,100.0,ok
bioemu_refine,HIF2alpha__6D0B,700,25,25,24,87.5,79.16666666666667,79.16666666666667,87.5,24,100.0,ok
bioemu_refine,Bcl-xL,700,21,22,17,82.3529411764706,76.47058823529412,76.47058823529412,82.3529411764706,17,100.0,ok
bioemu_refine,betaLG,700,16,16,15,93.33333333333333,93.33333333333333,93.33333333333333,93.33333333333333,15,100.0,ok
bioemu_refine,THSR,700,26,26,25,92.0,88.0,88.0,92.0,25,100.0,ok
bioemu_refine,FUT8,700,22,22,20,95.0,95.0,95.0,95.0,20,100.0,ok
bioemu_refine,GLTP,700,8,8,6,83.33333333333333,83.33333333333333,83.33333333333333,83.33333333333333,6,100.0,ok
bioemu_refine,Menin,800,14,14,14,85.71428571428571,71.42857142857143,71.42857142857143,85.71428571428571,14,100.0,ok
bioemu_refine,cAbl,800,23,23,16,81.25,87.5,75.0,93.75,16,100.0,ok
bioemu_refine,betaLG,800,16,16,15,93.33333333333333,93.33333333333333,93.33333333333333,93.33333333333333,15,100.0,ok
bioemu_refine,p53_Y220C__4AGQ,800,17,17,16,75.0,75.0,75.0,75.0,16,100.0,ok
bioemu_refine,KRAS,800,21,21,15,53.333333333333336,40.0,40.0,53.333333333333336,15,100.0,ok
bioemu_refine,THSR__7UTZ,800,24,24,23,78.26086956521739,82.6086956521739,78.26086956521739,82.6086956521739,23,100.0,ok
bioemu_refine,GLTP,800,8,8,6,33.333333333333336,33.333333333333336,33.333333333333336,33.333333333333336,6,100.0,ok
bioemu_refine,HIV1_CA,800,16,16,14,71.42857142857143,64.28571428571429,57.142857142857146,78.57142857142857,14,100.0,ok
bioemu_refine,FUT8,800,22,22,20,95.0,95.0,95.0,95.0,20,100.0,ok
bioemu_refine,THSR,800,26,26,25,92.0,92.0,92.0,92.0,25,100.0,ok
bioemu_refine,HIF2alpha,800,21,21,20,90.0,90.0,90.0,90.0,20,100.0,ok
bioemu_refine,p53_Y220C,800,19,19,18,77.77777777777777,77.77777777777777,77.77777777777777,77.77777777777777,18,100.0,ok
bioemu_refine,HIF2alpha__6D0B,800,25,25,24,91.66666666666667,95.83333333333333,91.66666666666667,95.83333333333333,24,100.0,ok
bioemu_refine,HIV_RT,800,19,19,11,90.9090909090909,90.9090909090909,90.9090909090909,90.9090909090909,11,100.0,ok
bioemu_refine,NDPK-A,800,17,17,15,40.0,53.333333333333336,40.0,53.333333333333336,15,100.0,ok
bioemu_refine,GCGR,800,25,25,8,87.5,87.5,75.0,100.0,8,100.0,ok
bioemu_refine,Bcl-xL,800,21,22,17,58.8235294117647,64.70588235294117,52.94117647058823,70.58823529411765,17,100.0,ok
bioemu_refine,SHP2,800,19,19,17,23.529411764705884,17.647058823529413,17.647058823529413,23.529411764705884,17,100.0,ok
bioemu_refine,HIV_RT__3V81,800,17,17,11,72.72727272727273,63.63636363636363,63.63636363636363,72.72727272727273,11,100.0,ok
bioemu_refine,CB1,800,28,28,20,75.0,75.0,70.0,80.0,20,100.0,ok
bioemu_refine,p53_Y220C__4AGQ,900,17,17,16,87.5,87.5,87.5,87.5,16,100.0,ok
bioemu_refine,cAbl,900,23,23,16,93.75,100.0,93.75,100.0,16,100.0,ok
bioemu_refine,HIV_RT,900,19,19,11,90.9090909090909,81.81818181818181,81.81818181818181,90.9090909090909,11,100.0,ok
bioemu_refine,GCGR,900,25,25,8,62.5,50.0,50.0,62.5,8,100.0,ok
bioemu_refine,SHP2,900,19,19,17,29.41176470588235,17.647058823529413,17.647058823529413,29.41176470588235,17,100.0,ok
bioemu_refine,THSR__7UTZ,900,24,24,23,95.65217391304348,95.65217391304348,95.65217391304348,95.65217391304348,23,100.0,ok
bioemu_refine,Menin,900,14,14,14,92.85714285714286,85.71428571428571,85.71428571428571,92.85714285714286,14,100.0,ok
bioemu_refine,HIV_RT__3V81,900,17,17,11,100.0,81.81818181818181,81.81818181818181,100.0,11,100.0,ok
bioemu_refine,KRAS,900,21,21,15,60.0,53.333333333333336,53.333333333333336,60.0,15,100.0,ok
bioemu_refine,GLTP,900,8,8,6,50.0,50.0,50.0,50.0,6,100.0,ok
bioemu_refine,FUT8,900,22,22,20,95.0,95.0,95.0,95.0,20,100.0,ok
bioemu_refine,CB1,900,28,28,20,75.0,75.0,70.0,80.0,20,100.0,ok
bioemu_refine,betaLG,900,16,16,15,93.33333333333333,93.33333333333333,93.33333333333333,93.33333333333333,15,100.0,ok
bioemu_refine,Bcl-xL,900,21,22,17,76.47058823529412,76.47058823529412,70.58823529411765,82.3529411764706,17,100.0,ok
bioemu_refine,NDPK-A,900,17,17,15,20.0,13.333333333333334,6.666666666666667,26.666666666666668,15,100.0,ok
bioemu_refine,THSR,900,26,26,25,96.0,92.0,92.0,96.0,25,100.0,ok
bioemu_refine,HIF2alpha__6D0B,900,25,25,24,62.5,70.83333333333333,58.333333333333336,75.0,24,100.0,ok
bioemu_refine,HIV1_CA,900,16,16,14,85.71428571428571,85.71428571428571,78.57142857142857,92.85714285714286,14,100.0,ok
bioemu_refine,p53_Y220C,900,19,19,18,94.44444444444444,94.44444444444444,94.44444444444444,94.44444444444444,18,100.0,ok
bioemu_refine,HIF2alpha,900,21,21,20,100.0,100.0,100.0,100.0,20,100.0,ok
bioemu_refine,CB1,1000,28,28,20,80.0,70.0,70.0,80.0,20,100.0,ok
bioemu_refine,SHP2,1000,19,19,17,0.0,0.0,0.0,0.0,17,100.0,ok
bioemu_refine,HIV_RT__3V81,1000,17,17,11,100.0,90.9090909090909,90.9090909090909,100.0,11,100.0,ok
bioemu_refine,p53_Y220C__4AGQ,1000,17,17,16,100.0,93.75,93.75,100.0,16,100.0,ok
bioemu_refine,THSR__7UTZ,1000,24,24,23,91.30434782608695,82.6086956521739,82.6086956521739,91.30434782608695,23,100.0,ok
bioemu_refine,cAbl,1000,23,23,16,56.25,93.75,56.25,93.75,16,100.0,ok
bioemu_refine,Menin,1000,14,14,14,71.42857142857143,71.42857142857143,71.42857142857143,71.42857142857143,14,100.0,ok
bioemu_refine,betaLG,1000,16,16,15,93.33333333333333,100.0,93.33333333333333,100.0,15,100.0,ok
bioemu_refine,Bcl-xL,1000,21,22,17,35.294117647058826,52.94117647058823,35.294117647058826,52.94117647058823,17,100.0,ok
bioemu_refine,HIV_RT,1000,19,19,11,90.9090909090909,90.9090909090909,90.9090909090909,90.9090909090909,11,100.0,ok
bioemu_refine,KRAS,1000,21,21,15,80.0,80.0,80.0,80.0,15,100.0,ok
bioemu_refine,GCGR,1000,25,25,8,87.5,25.0,25.0,87.5,8,100.0,ok
bioemu_refine,p53_Y220C,1000,19,19,18,100.0,100.0,100.0,100.0,18,100.0,ok
bioemu_refine,GLTP,1000,8,8,6,100.0,100.0,100.0,100.0,6,100.0,ok
bioemu_refine,HIF2alpha,1000,21,21,20,75.0,75.0,75.0,75.0,20,100.0,ok
bioemu_refine,HIV1_CA,1000,16,16,14,85.71428571428571,85.71428571428571,78.57142857142857,92.85714285714286,14,100.0,ok
bioemu_refine,NDPK-A,1000,17,17,15,40.0,53.333333333333336,33.333333333333336,60.0,15,100.0,ok
bioemu_refine,FUT8,1000,22,22,20,90.0,90.0,90.0,90.0,20,100.0,ok
bioemu_refine,HIF2alpha__6D0B,1000,25,25,24,91.66666666666667,95.83333333333333,91.66666666666667,95.83333333333333,24,100.0,ok
bioemu_refine,THSR,1000,26,26,25,84.0,84.0,80.0,88.0,25,100.0,ok
bioemu_refine,THSR,1100,26,26,25,92.0,92.0,92.0,92.0,25,100.0,ok
bioemu_refine,HIF2alpha__6D0B,1100,25,25,24,95.83333333333333,100.0,95.83333333333333,100.0,24,100.0,ok
bioemu_refine,KRAS,1100,21,21,15,53.333333333333336,46.666666666666664,40.0,60.0,15,100.0,ok
bioemu_refine,FUT8,1100,22,22,20,95.0,95.0,95.0,95.0,20,100.0,ok
bioemu_refine,NDPK-A,1100,17,17,15,0.0,6.666666666666667,0.0,6.666666666666667,15,100.0,ok
bioemu_refine,Bcl-xL,1100,21,22,17,52.94117647058823,58.8235294117647,52.94117647058823,58.8235294117647,17,100.0,ok
bioemu_refine,betaLG,1100,16,16,15,93.33333333333333,100.0,93.33333333333333,100.0,15,100.0,ok
bioemu_refine,cAbl,1100,23,23,16,87.5,100.0,87.5,100.0,16,100.0,ok
bioemu_refine,CB1,1100,28,28,20,70.0,65.0,60.0,75.0,20,100.0,ok
bioemu_refine,SHP2,1100,19,19,17,5.882352941176471,0.0,0.0,5.882352941176471,17,100.0,ok
bioemu_refine,p53_Y220C,1100,19,19,18,88.88888888888889,88.88888888888889,88.88888888888889,88.88888888888889,18,100.0,ok
bioemu_refine,GCGR,1100,25,25,8,87.5,87.5,87.5,87.5,8,100.0,ok
bioemu_refine,HIV1_CA,1100,16,16,14,78.57142857142857,78.57142857142857,78.57142857142857,78.57142857142857,14,100.0,ok
bioemu_refine,GLTP,1100,8,8,6,100.0,100.0,100.0,100.0,6,100.0,ok
bioemu_refine,HIV_RT__3V81,1100,17,17,11,90.9090909090909,90.9090909090909,90.9090909090909,90.9090909090909,11,100.0,ok
bioemu_refine,HIV_RT,1100,19,19,11,90.9090909090909,81.81818181818181,81.81818181818181,90.9090909090909,11,100.0,ok
bioemu_refine,HIF2alpha,1100,21,21,20,95.0,95.0,95.0,95.0,20,100.0,ok
bioemu_refine,p53_Y220C__4AGQ,1100,17,17,16,75.0,75.0,75.0,75.0,16,100.0,ok
bioemu_refine,Menin,1100,14,14,14,71.42857142857143,64.28571428571429,64.28571428571429,71.42857142857143,14,100.0,ok
bioemu_refine,THSR__7UTZ,1100,24,24,23,95.65217391304348,95.65217391304348,95.65217391304348,95.65217391304348,23,100.0,ok
bioemu_refine,HIF2alpha,1200,21,21,20,80.0,80.0,80.0,80.0,20,100.0,ok
bioemu_refine,NDPK-A,1200,17,17,15,26.666666666666668,40.0,26.666666666666668,40.0,15,100.0,ok
bioemu_refine,HIV1_CA,1200,16,16,14,78.57142857142857,85.71428571428571,78.57142857142857,85.71428571428571,14,100.0,ok
bioemu_refine,HIV_RT__3V81,1200,17,17,11,100.0,63.63636363636363,63.63636363636363,100.0,11,100.0,ok
bioemu_refine,cAbl,1200,23,23,16,87.5,93.75,87.5,93.75,16,100.0,ok
bioemu_refine,GLTP,1200,8,8,6,83.33333333333333,83.33333333333333,83.33333333333333,83.33333333333333,6,100.0,ok
bioemu_refine,Bcl-xL,1200,21,22,17,88.23529411764706,94.11764705882354,88.23529411764706,94.11764705882354,17,100.0,ok
bioemu_refine,betaLG,1200,16,16,15,100.0,93.33333333333333,93.33333333333333,100.0,15,100.0,ok
bioemu_refine,FUT8,1200,22,22,20,95.0,95.0,95.0,95.0,20,100.0,ok
bioemu_refine,THSR,1200,26,26,25,64.0,64.0,60.0,68.0,25,100.0,ok
bioemu_refine,SHP2,1200,19,19,17,5.882352941176471,5.882352941176471,5.882352941176471,5.882352941176471,17,100.0,ok
bioemu_refine,CB1,1200,28,28,20,75.0,75.0,75.0,75.0,20,100.0,ok
bioemu_refine,HIV_RT,1200,19,19,11,90.9090909090909,90.9090909090909,90.9090909090909,90.9090909090909,11,100.0,ok
bioemu_refine,p53_Y220C,1200,19,19,18,94.44444444444444,83.33333333333333,83.33333333333333,94.44444444444444,18,100.0,ok
bioemu_refine,p53_Y220C__4AGQ,1200,17,17,16,87.5,75.0,75.0,87.5,16,100.0,ok
bioemu_refine,Menin,1200,14,14,14,78.57142857142857,64.28571428571429,64.28571428571429,78.57142857142857,14,100.0,ok
bioemu_refine,THSR__7UTZ,1200,24,24,23,91.30434782608695,95.65217391304348,91.30434782608695,95.65217391304348,23,100.0,ok
bioemu_refine,KRAS,1200,21,21,15,73.33333333333333,73.33333333333333,73.33333333333333,73.33333333333333,15,100.0,ok
bioemu_refine,HIF2alpha__6D0B,1200,25,25,24,95.83333333333333,100.0,95.83333333333333,100.0,24,100.0,ok
bioemu_refine,GCGR,1200,25,25,8,75.0,50.0,50.0,75.0,8,100.0,ok
bioemu_refine,HIV_RT,1300,19,19,11,90.9090909090909,90.9090909090909,90.9090909090909,90.9090909090909,11,100.0,ok
bioemu_refine,HIV_RT__3V81,1300,17,17,11,90.9090909090909,81.81818181818181,81.81818181818181,90.9090909090909,11,100.0,ok
bioemu_refine,KRAS,1300,21,21,15,66.66666666666667,53.333333333333336,53.333333333333336,66.66666666666667,15,100.0,ok
bioemu_refine,HIF2alpha__6D0B,1300,25,25,24,91.66666666666667,95.83333333333333,91.66666666666667,95.83333333333333,24,100.0,ok
bioemu_refine,betaLG,1300,16,16,15,80.0,86.66666666666667,80.0,86.66666666666667,15,100.0,ok
bioemu_refine,cAbl,1300,23,23,16,87.5,100.0,87.5,100.0,16,100.0,ok
bioemu_refine,CB1,1300,28,28,20,75.0,75.0,75.0,75.0,20,100.0,ok
bioemu_refine,THSR,1300,26,26,25,92.0,88.0,88.0,92.0,25,100.0,ok
bioemu_refine,GCGR,1300,25,25,8,75.0,75.0,75.0,75.0,8,100.0,ok
bioemu_refine,Bcl-xL,1300,21,22,17,58.8235294117647,64.70588235294117,58.8235294117647,64.70588235294117,17,100.0,ok
bioemu_refine,GLTP,1300,8,8,6,83.33333333333333,83.33333333333333,83.33333333333333,83.33333333333333,6,100.0,ok
bioemu_refine,p53_Y220C,1300,19,19,18,83.33333333333333,83.33333333333333,83.33333333333333,83.33333333333333,18,100.0,ok
bioemu_refine,FUT8,1300,22,22,20,85.0,85.0,85.0,85.0,20,100.0,ok
bioemu_refine,NDPK-A,1300,17,17,15,86.66666666666667,86.66666666666667,80.0,93.33333333333333,15,100.0,ok
bioemu_refine,HIV1_CA,1300,16,16,14,85.71428571428571,92.85714285714286,85.71428571428571,92.85714285714286,14,100.0,ok
bioemu_refine,Menin,1300,14,14,14,85.71428571428571,78.57142857142857,71.42857142857143,92.85714285714286,14,100.0,ok
bioemu_refine,p53_Y220C__4AGQ,1300,17,17,16,81.25,75.0,75.0,81.25,16,100.0,ok
bioemu_refine,THSR__7UTZ,1300,24,24,23,95.65217391304348,95.65217391304348,95.65217391304348,95.65217391304348,23,100.0,ok
bioemu_refine,HIF2alpha,1300,21,21,20,75.0,75.0,75.0,75.0,20,100.0,ok
bioemu_refine,SHP2,1300,19,19,17,11.764705882352942,11.764705882352942,5.882352941176471,17.647058823529413,17,100.0,ok
bioemu_refine,THSR,1400,26,26,25,88.0,84.0,84.0,88.0,25,100.0,ok
bioemu_refine,HIV_RT__3V81,1400,17,17,11,100.0,90.9090909090909,90.9090909090909,100.0,11,100.0,ok
bioemu_refine,CB1,1400,28,28,20,85.0,80.0,80.0,85.0,20,100.0,ok
bioemu_refine,SHP2,1400,19,19,17,47.05882352941177,47.05882352941177,47.05882352941177,47.05882352941177,17,100.0,ok
bioemu_refine,p53_Y220C,1400,19,19,18,83.33333333333333,83.33333333333333,83.33333333333333,83.33333333333333,18,100.0,ok
bioemu_refine,betaLG,1400,16,16,15,80.0,80.0,80.0,80.0,15,100.0,ok
bioemu_refine,THSR__7UTZ,1400,24,24,23,95.65217391304348,95.65217391304348,95.65217391304348,95.65217391304348,23,100.0,ok
bioemu_refine,p53_Y220C__4AGQ,1400,17,17,16,81.25,81.25,81.25,81.25,16,100.0,ok
bioemu_refine,cAbl,1400,23,23,16,93.75,100.0,93.75,100.0,16,100.0,ok
bioemu_refine,HIF2alpha,1400,21,21,20,100.0,100.0,100.0,100.0,20,100.0,ok
bioemu_refine,Menin,1400,14,14,14,57.142857142857146,50.0,50.0,57.142857142857146,14,100.0,ok
bioemu_refine,HIV_RT,1400,19,19,11,90.9090909090909,90.9090909090909,90.9090909090909,90.9090909090909,11,100.0,ok
bioemu_refine,GLTP,1400,8,8,6,83.33333333333333,50.0,50.0,83.33333333333333,6,100.0,ok
bioemu_refine,KRAS,1400,21,21,15,80.0,60.0,60.0,80.0,15,100.0,ok
bioemu_refine,HIV1_CA,1400,16,16,14,85.71428571428571,85.71428571428571,85.71428571428571,85.71428571428571,14,100.0,ok
bioemu_refine,NDPK-A,1400,17,17,15,13.333333333333334,20.0,13.333333333333334,20.0,15,100.0,ok
bioemu_refine,FUT8,1400,22,22,20,95.0,95.0,95.0,95.0,20,100.0,ok
bioemu_refine,Bcl-xL,1400,21,22,17,100.0,100.0,100.0,100.0,17,100.0,ok
bioemu_refine,GCGR,1400,25,25,8,50.0,25.0,12.5,62.5,8,100.0,ok
bioemu_refine,HIF2alpha__6D0B,1400,25,25,24,75.0,79.16666666666667,75.0,79.16666666666667,24,100.0,ok
bioemu_refine,FUT8,1500,22,22,20,95.0,95.0,95.0,95.0,20,100.0,ok
bioemu_refine,cAbl,1500,23,23,16,81.25,87.5,81.25,87.5,16,100.0,ok
bioemu_refine,p53_Y220C,1500,19,19,18,94.44444444444444,94.44444444444444,94.44444444444444,94.44444444444444,18,100.0,ok
bioemu_refine,THSR,1500,26,26,25,96.0,92.0,92.0,96.0,25,100.0,ok
bioemu_refine,CB1,1500,28,28,20,70.0,65.0,65.0,70.0,20,100.0,ok
bioemu_refine,HIV_RT,1500,19,19,11,90.9090909090909,81.81818181818181,81.81818181818181,90.9090909090909,11,100.0,ok
bioemu_refine,KRAS,1500,21,21,15,86.66666666666667,66.66666666666667,66.66666666666667,86.66666666666667,15,100.0,ok
bioemu_refine,HIV_RT__3V81,1500,17,17,11,100.0,72.72727272727273,72.72727272727273,100.0,11,100.0,ok
bioemu_refine,SHP2,1500,19,19,17,0.0,0.0,0.0,0.0,17,100.0,ok
bioemu_refine,NDPK-A,1500,17,17,15,6.666666666666667,13.333333333333334,0.0,20.0,15,100.0,ok
bioemu_refine,Bcl-xL,1500,21,22,17,88.23529411764706,82.3529411764706,82.3529411764706,88.23529411764706,17,100.0,ok
bioemu_refine,GCGR,1500,25,25,8,87.5,87.5,75.0,100.0,8,100.0,ok
bioemu_refine,HIF2alpha__6D0B,1500,25,25,24,91.66666666666667,95.83333333333333,91.66666666666667,95.83333333333333,24,100.0,ok
bioemu_refine,betaLG,1500,16,16,15,80.0,86.66666666666667,80.0,86.66666666666667,15,100.0,ok
bioemu_refine,GLTP,1500,8,8,6,33.333333333333336,33.333333333333336,33.333333333333336,33.333333333333336,6,100.0,ok
bioemu_refine,HIV1_CA,1500,16,16,14,85.71428571428571,92.85714285714286,85.71428571428571,92.85714285714286,14,100.0,ok
bioemu_refine,p53_Y220C__4AGQ,1500,17,17,16,100.0,100.0,100.0,100.0,16,100.0,ok
bioemu_refine,Menin,1500,14,14,14,7.142857142857143,7.142857142857143,7.142857142857143,7.142857142857143,14,100.0,ok
bioemu_refine,THSR__7UTZ,1500,24,24,23,21.73913043478261,26.08695652173913,21.73913043478261,26.08695652173913,23,100.0,ok
bioemu_refine,HIF2alpha,1500,21,21,20,100.0,100.0,100.0,100.0,20,100.0,ok
bioemu_refine,GLTP,1600,8,8,6,50.0,50.0,33.333333333333336,66.66666666666667,6,100.0,ok
bioemu_refine,THSR,1600,26,26,25,92.0,92.0,92.0,92.0,25,100.0,ok
bioemu_refine,KRAS,1600,21,21,15,80.0,66.66666666666667,60.0,86.66666666666667,15,100.0,ok
bioemu_refine,betaLG,1600,16,16,15,80.0,86.66666666666667,73.33333333333333,93.33333333333333,15,100.0,ok
bioemu_refine,FUT8,1600,22,22,20,85.0,85.0,85.0,85.0,20,100.0,ok
bioemu_refine,cAbl,1600,23,23,16,87.5,100.0,87.5,100.0,16,100.0,ok
bioemu_refine,p53_Y220C__4AGQ,1600,17,17,16,56.25,56.25,56.25,56.25,16,100.0,ok
bioemu_refine,THSR__7UTZ,1600,24,24,23,78.26086956521739,78.26086956521739,78.26086956521739,78.26086956521739,23,100.0,ok
bioemu_refine,Menin,1600,14,14,14,50.0,64.28571428571429,50.0,64.28571428571429,14,100.0,ok
bioemu_refine,Bcl-xL,1600,21,22,17,64.70588235294117,76.47058823529412,64.70588235294117,76.47058823529412,17,100.0,ok
bioemu_refine,HIF2alpha__6D0B,1600,25,25,24,95.83333333333333,100.0,95.83333333333333,100.0,24,100.0,ok
bioemu_refine,HIF2alpha,1600,21,21,20,85.0,90.0,85.0,90.0,20,100.0,ok
bioemu_refine,HIV_RT__3V81,1600,17,17,11,100.0,81.81818181818181,81.81818181818181,100.0,11,100.0,ok
bioemu_refine,p53_Y220C,1600,19,19,18,61.111111111111114,55.55555555555556,55.55555555555556,61.111111111111114,18,100.0,ok
bioemu_refine,HIV1_CA,1600,16,16,14,85.71428571428571,92.85714285714286,85.71428571428571,92.85714285714286,14,100.0,ok
bioemu_refine,HIV_RT,1600,19,19,11,90.9090909090909,81.81818181818181,81.81818181818181,90.9090909090909,11,100.0,ok
bioemu_refine,NDPK-A,1600,17,17,15,66.66666666666667,66.66666666666667,60.0,73.33333333333333,15,100.0,ok
bioemu_refine,SHP2,1600,19,19,17,11.764705882352942,11.764705882352942,11.764705882352942,11.764705882352942,17,100.0,ok
bioemu_refine,CB1,1600,28,28,20,80.0,80.0,80.0,80.0,20,100.0,ok
bioemu_refine,GCGR,1600,25,25,8,87.5,62.5,62.5,87.5,8,100.0,ok
bioemu_refine,THSR,1700,26,26,25,92.0,92.0,92.0,92.0,25,100.0,ok
bioemu_refine,Bcl-xL,1700,21,22,17,88.23529411764706,94.11764705882354,82.3529411764706,100.0,17,100.0,ok
bioemu_refine,p53_Y220C,1700,19,19,18,88.88888888888889,77.77777777777777,77.77777777777777,88.88888888888889,18,100.0,ok
bioemu_refine,CB1,1700,28,28,20,80.0,80.0,75.0,85.0,20,100.0,ok
bioemu_refine,SHP2,1700,19,19,17,29.41176470588235,17.647058823529413,17.647058823529413,29.41176470588235,17,100.0,ok
bioemu_refine,HIV_RT,1700,19,19,11,90.9090909090909,81.81818181818181,81.81818181818181,90.9090909090909,11,100.0,ok
bioemu_refine,NDPK-A,1700,17,17,15,20.0,33.333333333333336,20.0,33.333333333333336,15,100.0,ok
bioemu_refine,GCGR,1700,25,25,8,62.5,25.0,25.0,62.5,8,100.0,ok
bioemu_refine,HIV1_CA,1700,16,16,14,78.57142857142857,85.71428571428571,78.57142857142857,85.71428571428571,14,100.0,ok
bioemu_refine,FUT8,1700,22,22,20,95.0,90.0,90.0,95.0,20,100.0,ok
bioemu_refine,GLTP,1700,8,8,6,83.33333333333333,66.66666666666667,66.66666666666667,83.33333333333333,6,100.0,ok
bioemu_refine,betaLG,1700,16,16,15,93.33333333333333,93.33333333333333,86.66666666666667,100.0,15,100.0,ok
bioemu_refine,HIF2alpha__6D0B,1700,25,25,24,95.83333333333333,91.66666666666667,91.66666666666667,95.83333333333333,24,100.0,ok
bioemu_refine,KRAS,1700,21,21,15,80.0,66.66666666666667,66.66666666666667,80.0,15,100.0,ok
bioemu_refine,HIV_RT__3V81,1700,17,17,11,90.9090909090909,90.9090909090909,90.9090909090909,90.9090909090909,11,100.0,ok
bioemu_refine,HIF2alpha,1700,21,21,20,70.0,65.0,65.0,70.0,20,100.0,ok
bioemu_refine,cAbl,1700,23,23,16,93.75,100.0,93.75,100.0,16,100.0,ok
bioemu_refine,Menin,1700,14,14,14,78.57142857142857,71.42857142857143,71.42857142857143,78.57142857142857,14,100.0,ok
bioemu_refine,THSR__7UTZ,1700,24,24,23,17.391304347826086,13.043478260869565,13.043478260869565,17.391304347826086,23,100.0,ok
bioemu_refine,p53_Y220C__4AGQ,1700,17,17,16,87.5,81.25,81.25,87.5,16,100.0,ok
bioemu_refine,Bcl-xL,1800,21,22,17,52.94117647058823,76.47058823529412,52.94117647058823,76.47058823529412,17,100.0,ok
bioemu_refine,FUT8,1800,22,22,20,95.0,95.0,95.0,95.0,20,100.0,ok
bioemu_refine,GLTP,1800,8,8,6,66.66666666666667,66.66666666666667,66.66666666666667,66.66666666666667,6,100.0,ok
bioemu_refine,HIV1_CA,1800,16,16,14,92.85714285714286,85.71428571428571,85.71428571428571,92.85714285714286,14,100.0,ok
bioemu_refine,THSR,1800,26,26,25,96.0,96.0,96.0,96.0,25,100.0,ok
bioemu_refine,NDPK-A,1800,17,17,15,33.333333333333336,46.666666666666664,33.333333333333336,46.666666666666664,15,100.0,ok
bioemu_refine,HIV_RT__3V81,1800,17,17,11,100.0,90.9090909090909,90.9090909090909,100.0,11,100.0,ok
bioemu_refine,GCGR,1800,25,25,8,75.0,50.0,50.0,75.0,8,100.0,ok
bioemu_refine,SHP2,1800,19,19,17,17.647058823529413,11.764705882352942,11.764705882352942,17.647058823529413,17,100.0,ok
bioemu_refine,HIV_RT,1800,19,19,11,90.9090909090909,90.9090909090909,90.9090909090909,90.9090909090909,11,100.0,ok
bioemu_refine,THSR__7UTZ,1800,24,24,23,86.95652173913044,86.95652173913044,86.95652173913044,86.95652173913044,23,100.0,ok
bioemu_refine,HIF2alpha__6D0B,1800,25,25,24,95.83333333333333,100.0,95.83333333333333,100.0,24,100.0,ok
bioemu_refine,KRAS,1800,21,21,15,73.33333333333333,73.33333333333333,73.33333333333333,73.33333333333333,15,100.0,ok
bioemu_refine,p53_Y220C,1800,19,19,18,83.33333333333333,77.77777777777777,77.77777777777777,83.33333333333333,18,100.0,ok
bioemu_refine,betaLG,1800,16,16,15,86.66666666666667,93.33333333333333,86.66666666666667,93.33333333333333,15,100.0,ok
bioemu_refine,CB1,1800,28,28,20,75.0,60.0,60.0,75.0,20,100.0,ok
bioemu_refine,p53_Y220C__4AGQ,1800,17,17,16,68.75,68.75,68.75,68.75,16,100.0,ok
bioemu_refine,cAbl,1800,23,23,16,81.25,87.5,68.75,100.0,16,100.0,ok
bioemu_refine,HIF2alpha,1800,21,21,20,90.0,90.0,90.0,90.0,20,100.0,ok
bioemu_refine,Menin,1800,14,14,14,64.28571428571429,71.42857142857143,64.28571428571429,71.42857142857143,14,100.0,ok
bioemu_refine,Menin,1900,14,14,14,85.71428571428571,78.57142857142857,78.57142857142857,85.71428571428571,14,100.0,ok
bioemu_refine,p53_Y220C__4AGQ,1900,17,17,16,87.5,81.25,81.25,87.5,16,100.0,ok
bioemu_refine,NDPK-A,1900,17,17,15,26.666666666666668,26.666666666666668,20.0,33.333333333333336,15,100.0,ok
bioemu_refine,THSR,1900,26,26,25,96.0,96.0,96.0,96.0,25,100.0,ok
bioemu_refine,SHP2,1900,19,19,17,5.882352941176471,0.0,0.0,5.882352941176471,17,100.0,ok
bioemu_refine,HIV_RT__3V81,1900,17,17,11,100.0,81.81818181818181,81.81818181818181,100.0,11,100.0,ok
bioemu_refine,GLTP,1900,8,8,6,33.333333333333336,50.0,16.666666666666668,66.66666666666667,6,100.0,ok
bioemu_refine,GCGR,1900,25,25,8,62.5,62.5,62.5,62.5,8,100.0,ok
bioemu_refine,KRAS,1900,21,21,15,86.66666666666667,80.0,80.0,86.66666666666667,15,100.0,ok
bioemu_refine,CB1,1900,28,28,20,45.0,25.0,25.0,45.0,20,100.0,ok
bioemu_refine,betaLG,1900,16,16,15,93.33333333333333,93.33333333333333,93.33333333333333,93.33333333333333,15,100.0,ok
bioemu_refine,HIV_RT,1900,19,19,11,81.81818181818181,90.9090909090909,81.81818181818181,90.9090909090909,11,100.0,ok
bioemu_refine,Bcl-xL,1900,21,22,17,76.47058823529412,100.0,76.47058823529412,100.0,17,100.0,ok
bioemu_refine,FUT8,1900,22,22,20,95.0,95.0,95.0,95.0,20,100.0,ok
bioemu_refine,HIV1_CA,1900,16,16,14,71.42857142857143,78.57142857142857,71.42857142857143,78.57142857142857,14,100.0,ok
bioemu_refine,HIF2alpha,1900,21,21,20,85.0,85.0,85.0,85.0,20,100.0,ok
bioemu_refine,HIF2alpha__6D0B,1900,25,25,24,95.83333333333333,100.0,95.83333333333333,100.0,24,100.0,ok
bioemu_refine,p53_Y220C,1900,19,19,18,94.44444444444444,94.44444444444444,94.44444444444444,94.44444444444444,18,100.0,ok
bioemu_refine,THSR__7UTZ,1900,24,24,23,65.21739130434783,65.21739130434783,65.21739130434783,65.21739130434783,23,100.0,ok
bioemu_refine,HIF2alpha,2000,21,21,20,100.0,100.0,100.0,100.0,20,100.0,ok
bioemu_refine,CB1,2000,28,28,20,75.0,70.0,70.0,75.0,20,100.0,ok
bioemu_refine,betaLG,2000,16,16,15,93.33333333333333,86.66666666666667,86.66666666666667,93.33333333333333,15,100.0,ok
bioemu_refine,FUT8,2000,22,22,20,100.0,100.0,100.0,100.0,20,100.0,ok
bioemu_refine,HIV_RT,2000,19,19,11,90.9090909090909,81.81818181818181,81.81818181818181,90.9090909090909,11,100.0,ok
bioemu_refine,p53_Y220C__4AGQ,2000,17,17,16,81.25,81.25,81.25,81.25,16,100.0,ok
bioemu_refine,THSR,2000,26,26,25,96.0,92.0,92.0,96.0,25,100.0,ok
bioemu_refine,HIV_RT__3V81,2000,17,17,11,90.9090909090909,81.81818181818181,81.81818181818181,90.9090909090909,11,100.0,ok
bioemu_refine,SHP2,2000,19,19,17,5.882352941176471,5.882352941176471,5.882352941176471,5.882352941176471,17,100.0,ok
bioemu_refine,Menin,2000,14,14,14,78.57142857142857,92.85714285714286,78.57142857142857,92.85714285714286,14,100.0,ok
bioemu_refine,NDPK-A,2000,17,17,15,60.0,26.666666666666668,26.666666666666668,60.0,15,100.0,ok
bioemu_refine,Bcl-xL,2000,21,22,17,94.11764705882354,100.0,94.11764705882354,100.0,17,100.0,ok
bioemu_refine,HIV1_CA,2000,16,16,14,85.71428571428571,92.85714285714286,85.71428571428571,92.85714285714286,14,100.0,ok
bioemu_refine,HIF2alpha__6D0B,2000,25,25,24,87.5,91.66666666666667,87.5,91.66666666666667,24,100.0,ok
bioemu_refine,GLTP,2000,8,8,6,100.0,100.0,100.0,100.0,6,100.0,ok
bioemu_refine,GCGR,2000,25,25,8,75.0,62.5,62.5,75.0,8,100.0,ok
bioemu_refine,KRAS,2000,21,21,15,73.33333333333333,73.33333333333333,73.33333333333333,73.33333333333333,15,100.0,ok
bioemu_refine,p53_Y220C,2000,19,19,18,88.88888888888889,83.33333333333333,83.33333333333333,88.88888888888889,18,100.0,ok
bioemu_refine,THSR__7UTZ,2000,24,24,23,82.6086956521739,82.6086956521739,82.6086956521739,82.6086956521739,23,100.0,ok
bioemu_refine,NDPK-A,2100,17,17,15,73.33333333333333,80.0,66.66666666666667,86.66666666666667,15,100.0,ok
bioemu_refine,Menin,2100,14,14,14,57.142857142857146,57.142857142857146,50.0,64.28571428571429,14,100.0,ok
bioemu_refine,HIF2alpha__6D0B,2100,25,25,24,79.16666666666667,87.5,75.0,91.66666666666667,24,100.0,ok
bioemu_refine,GLTP,2100,8,8,6,66.66666666666667,33.333333333333336,33.333333333333336,66.66666666666667,6,100.0,ok
bioemu_refine,HIV1_CA,2100,16,16,14,85.71428571428571,92.85714285714286,85.71428571428571,92.85714285714286,14,100.0,ok
bioemu_refine,betaLG,2100,16,16,15,80.0,86.66666666666667,80.0,86.66666666666667,15,100.0,ok
bioemu_refine,HIF2alpha,2100,21,21,20,75.0,75.0,75.0,75.0,20,100.0,ok
bioemu_refine,p53_Y220C__4AGQ,2100,17,17,16,81.25,87.5,81.25,87.5,16,100.0,ok
bioemu_refine,p53_Y220C,2100,19,19,18,83.33333333333333,94.44444444444444,83.33333333333333,94.44444444444444,18,100.0,ok
bioemu_refine,GCGR,2100,25,25,8,62.5,12.5,12.5,62.5,8,100.0,ok
bioemu_refine,HIV_RT,2100,19,19,11,90.9090909090909,90.9090909090909,90.9090909090909,90.9090909090909,11,100.0,ok
bioemu_refine,HIV_RT__3V81,2100,17,17,11,100.0,81.81818181818181,81.81818181818181,100.0,11,100.0,ok
bioemu_refine,THSR,2100,26,26,25,96.0,92.0,92.0,96.0,25,100.0,ok
bioemu_refine,SHP2,2100,19,19,17,17.647058823529413,17.647058823529413,17.647058823529413,17.647058823529413,17,100.0,ok
bioemu_refine,FUT8,2100,22,22,20,90.0,90.0,90.0,90.0,20,100.0,ok
bioemu_refine,Bcl-xL,2100,21,22,17,47.05882352941177,58.8235294117647,41.1764705882353,64.70588235294117,17,100.0,ok
bioemu_refine,KRAS,2100,21,21,15,80.0,53.333333333333336,53.333333333333336,80.0,15,100.0,ok
bioemu_refine,CB1,2100,28,28,20,80.0,80.0,75.0,85.0,20,100.0,ok
bioemu_refine,THSR__7UTZ,2100,24,24,23,73.91304347826087,69.56521739130434,69.56521739130434,73.91304347826087,23,100.0,ok
bioemu_refine,p53_Y220C,2200,19,19,18,83.33333333333333,77.77777777777777,77.77777777777777,83.33333333333333,18,100.0,ok
bioemu_refine,KRAS,2200,21,21,15,53.333333333333336,66.66666666666667,53.333333333333336,66.66666666666667,15,100.0,ok
bioemu_refine,GCGR,2200,25,25,8,87.5,87.5,75.0,100.0,8,100.0,ok
bioemu_refine,betaLG,2200,16,16,15,80.0,86.66666666666667,80.0,86.66666666666667,15,100.0,ok
bioemu_refine,CB1,2200,28,28,20,80.0,80.0,80.0,80.0,20,100.0,ok
bioemu_refine,GLTP,2200,8,8,6,83.33333333333333,66.66666666666667,66.66666666666667,83.33333333333333,6,100.0,ok
bioemu_refine,HIF2alpha,2200,21,21,20,80.0,80.0,75.0,85.0,20,100.0,ok
bioemu_refine,HIV_RT,2200,19,19,11,90.9090909090909,90.9090909090909,90.9090909090909,90.9090909090909,11,100.0,ok
bioemu_refine,HIF2alpha__6D0B,2200,25,25,24,91.66666666666667,87.5,87.5,91.66666666666667,24,100.0,ok
bioemu_refine,FUT8,2200,22,22,20,85.0,85.0,85.0,85.0,20,100.0,ok
bioemu_refine,HIV_RT__3V81,2200,17,17,11,90.9090909090909,81.81818181818181,81.81818181818181,90.9090909090909,11,100.0,ok
bioemu_refine,NDPK-A,2200,17,17,15,40.0,33.333333333333336,26.666666666666668,46.666666666666664,15,100.0,ok
bioemu_refine,p53_Y220C__4AGQ,2200,17,17,16,68.75,68.75,68.75,68.75,16,100.0,ok
bioemu_refine,HIV1_CA,2200,16,16,14,92.85714285714286,92.85714285714286,92.85714285714286,92.85714285714286,14,100.0,ok
bioemu_refine,Bcl-xL,2200,21,22,17,17.647058823529413,17.647058823529413,17.647058823529413,17.647058823529413,17,100.0,ok
bioemu_refine,GCGR,2300,25,25,8,75.0,50.0,50.0,75.0,8,100.0,ok
bioemu_refine,p53_Y220C,2300,19,19,18,88.88888888888889,88.88888888888889,88.88888888888889,88.88888888888889,18,100.0,ok
bioemu_refine,CB1,2300,28,28,20,70.0,70.0,65.0,75.0,20,100.0,ok
bioemu_refine,betaLG,2300,16,16,15,100.0,93.33333333333333,93.33333333333333,100.0,15,100.0,ok
bioemu_refine,HIV_RT,2300,19,19,11,90.9090909090909,90.9090909090909,90.9090909090909,90.9090909090909,11,100.0,ok
bioemu_refine,KRAS,2300,21,21,15,73.33333333333333,66.66666666666667,60.0,80.0,15,100.0,ok
bioemu_refine,Bcl-xL,2300,21,22,17,88.23529411764706,94.11764705882354,88.23529411764706,94.11764705882354,17,100.0,ok
bioemu_refine,HIF2alpha__6D0B,2300,25,25,24,91.66666666666667,95.83333333333333,91.66666666666667,95.83333333333333,24,100.0,ok
bioemu_refine,p53_Y220C__4AGQ,2300,17,17,16,81.25,81.25,81.25,81.25,16,100.0,ok
bioemu_refine,FUT8,2300,22,22,20,95.0,95.0,95.0,95.0,20,100.0,ok
bioemu_refine,HIV_RT__3V81,2300,17,17,11,100.0,81.81818181818181,81.81818181818181,100.0,11,100.0,ok
bioemu_refine,NDPK-A,2300,17,17,15,26.666666666666668,33.333333333333336,20.0,40.0,15,100.0,ok
bioemu_refine,HIF2alpha,2300,21,21,20,100.0,100.0,100.0,100.0,20,100.0,ok
bioemu_refine,HIV1_CA,2300,16,16,14,85.71428571428571,92.85714285714286,85.71428571428571,92.85714285714286,14,100.0,ok
bioemu_refine,GLTP,2300,8,8,6,83.33333333333333,83.33333333333333,83.33333333333333,83.33333333333333,6,100.0,ok
bioemu_refine,HIV1_CA,2400,16,16,14,92.85714285714286,92.85714285714286,92.85714285714286,92.85714285714286,14,100.0,ok
bioemu_refine,HIV_RT,2400,19,19,11,0.0,9.090909090909092,0.0,9.090909090909092,11,100.0,ok
bioemu_refine,GLTP,2400,8,8,6,83.33333333333333,83.33333333333333,83.33333333333333,83.33333333333333,6,100.0,ok
bioemu_refine,HIF2alpha,2400,21,21,20,85.0,85.0,85.0,85.0,20,100.0,ok
bioemu_refine,HIV_RT__3V81,2400,17,17,11,100.0,81.81818181818181,81.81818181818181,100.0,11,100.0,ok
bioemu_refine,FUT8,2400,22,22,20,90.0,90.0,90.0,90.0,20,100.0,ok
bioemu_refine,CB1,2400,28,28,20,75.0,55.0,55.0,75.0,20,100.0,ok
bioemu_refine,NDPK-A,2400,17,17,15,26.666666666666668,26.666666666666668,13.333333333333334,40.0,15,100.0,ok
bioemu_refine,p53_Y220C__4AGQ,2400,17,17,16,87.5,93.75,87.5,93.75,16,100.0,ok
bioemu_refine,p53_Y220C,2400,19,19,18,88.88888888888889,94.44444444444444,88.88888888888889,94.44444444444444,18,100.0,ok
bioemu_refine,betaLG,2400,16,16,15,93.33333333333333,80.0,80.0,93.33333333333333,15,100.0,ok
bioemu_refine,KRAS,2400,21,21,15,73.33333333333333,66.66666666666667,66.66666666666667,73.33333333333333,15,100.0,ok
bioemu_refine,HIF2alpha__6D0B,2400,25,25,24,91.66666666666667,100.0,91.66666666666667,100.0,24,100.0,ok
bioemu_refine,KRAS,2500,21,21,15,20.0,20.0,13.333333333333334,26.666666666666668,15,100.0,ok
bioemu_refine,HIF2alpha__6D0B,2500,25,25,24,83.33333333333333,87.5,83.33333333333333,87.5,24,100.0,ok
bioemu_refine,HIV_RT,2500,19,19,11,90.9090909090909,90.9090909090909,90.9090909090909,90.9090909090909,11,100.0,ok
bioemu_refine,p53_Y220C,2500,19,19,18,72.22222222222223,61.111111111111114,61.111111111111114,72.22222222222223,18,100.0,ok
bioemu_refine,FUT8,2500,22,22,20,85.0,85.0,85.0,85.0,20,100.0,ok
bioemu_refine,betaLG,2500,16,16,15,73.33333333333333,73.33333333333333,73.33333333333333,73.33333333333333,15,100.0,ok
bioemu_refine,HIF2alpha,2500,21,21,20,90.0,90.0,90.0,90.0,20,100.0,ok
bioemu_refine,p53_Y220C__4AGQ,2500,17,17,16,50.0,62.5,50.0,62.5,16,100.0,ok
bioemu_refine,HIV1_CA,2500,16,16,14,85.71428571428571,92.85714285714286,85.71428571428571,92.85714285714286,14,100.0,ok
bioemu_refine,CB1,2500,28,28,20,85.0,75.0,75.0,85.0,20,100.0,ok
bioemu_refine,GLTP,2500,8,8,6,50.0,66.66666666666667,50.0,66.66666666666667,6,100.0,ok
bioemu_refine,HIV_RT__3V81,2500,17,17,11,100.0,90.9090909090909,90.9090909090909,100.0,11,100.0,ok
bioemu_refine,KRAS,2600,21,21,15,73.33333333333333,46.666666666666664,46.666666666666664,73.33333333333333,15,100.0,ok
bioemu_refine,p53_Y220C__4AGQ,2600,17,17,16,68.75,75.0,68.75,75.0,16,100.0,ok
bioemu_refine,betaLG,2600,16,16,15,86.66666666666667,86.66666666666667,86.66666666666667,86.66666666666667,15,100.0,ok
bioemu_refine,p53_Y220C,2600,19,19,18,61.111111111111114,66.66666666666667,61.111111111111114,66.66666666666667,18,100.0,ok
bioemu_refine,CB1,2600,28,28,20,50.0,50.0,50.0,50.0,20,100.0,ok
bioemu_refine,HIF2alpha__6D0B,2600,25,25,24,87.5,87.5,87.5,87.5,24,100.0,ok
bioemu_refine,HIV1_CA,2600,16,16,14,85.71428571428571,92.85714285714286,85.71428571428571,92.85714285714286,14,100.0,ok
bioemu_refine,GLTP,2600,8,8,6,83.33333333333333,66.66666666666667,66.66666666666667,83.33333333333333,6,100.0,ok
bioemu_refine,HIF2alpha,2600,21,21,20,95.0,95.0,95.0,95.0,20,100.0,ok
bioemu_refine,KRAS,2700,21,21,15,80.0,60.0,60.0,80.0,15,100.0,ok
bioemu_refine,HIF2alpha__6D0B,2700,25,25,24,62.5,66.66666666666667,62.5,66.66666666666667,24,100.0,ok
bioemu_refine,GLTP,2700,8,8,6,50.0,33.333333333333336,33.333333333333336,50.0,6,100.0,ok
bioemu_refine,HIF2alpha,2700,21,21,20,100.0,100.0,100.0,100.0,20,100.0,ok
bioemu_refine,HIV1_CA,2700,16,16,14,92.85714285714286,92.85714285714286,92.85714285714286,92.85714285714286,14,100.0,ok
bioemu_refine,betaLG,2700,16,16,15,100.0,93.33333333333333,93.33333333333333,100.0,15,100.0,ok
bioemu_refine,CB1,2700,28,28,20,80.0,80.0,80.0,80.0,20,100.0,ok
bioemu_refine,HIF2alpha__6D0B,2800,25,25,24,79.16666666666667,79.16666666666667,79.16666666666667,79.16666666666667,24,100.0,ok
bioemu_refine,GLTP,2800,8,8,6,100.0,100.0,100.0,100.0,6,100.0,ok
bioemu_refine,KRAS,2800,21,21,15,60.0,60.0,60.0,60.0,15,100.0,ok
bioemu_refine,betaLG,2800,16,16,15,93.33333333333333,93.33333333333333,93.33333333333333,93.33333333333333,15,100.0,ok
bioemu_refine,HIF2alpha,2800,21,21,20,85.0,85.0,85.0,85.0,20,100.0,ok
bioemu_refine,CB1,2800,28,28,20,85.0,80.0,75.0,90.0,20,100.0,ok
bioemu_refine,CB1,2900,28,28,20,80.0,70.0,70.0,80.0,20,100.0,ok
bioemu_refine,GLTP,2900,8,8,6,50.0,33.333333333333336,33.333333333333336,50.0,6,100.0,ok
bioemu_refine,KRAS,2900,21,21,15,86.66666666666667,73.33333333333333,73.33333333333333,86.66666666666667,15,100.0,ok
prody_rfd3,p53_Y220C,0,19,19,18,100.0,100.0,100.0,100.0,18,100.0,ok
prody_rfd3,p53_Y220C,1,19,19,18,94.44444444444444,94.44444444444444,94.44444444444444,94.44444444444444,18,100.0,ok
prody_rfd3,p53_Y220C,2,19,19,18,100.0,100.0,100.0,100.0,18,100.0,ok
prody_rfd3,p53_Y220C,3,19,19,18,100.0,100.0,100.0,100.0,18,100.0,ok
prody_rfd3,p53_Y220C,4,19,19,18,100.0,100.0,100.0,100.0,18,100.0,ok
prody_rfd3,p53_Y220C,5,19,19,18,100.0,100.0,100.0,100.0,18,100.0,ok
prody_rfd3,p53_Y220C,6,19,19,18,100.0,100.0,100.0,100.0,18,100.0,ok
prody_rfd3,p53_Y220C,7,19,19,18,100.0,100.0,100.0,100.0,18,100.0,ok
prody_rfd3,p53_Y220C,8,19,19,18,100.0,100.0,100.0,100.0,18,100.0,ok
prody_rfd3,p53_Y220C,9,19,19,18,100.0,100.0,100.0,100.0,18,100.0,ok
prody_rfd3,p53_Y220C,10,19,19,18,100.0,100.0,100.0,100.0,18,100.0,ok
prody_rfd3,p53_Y220C,11,19,19,18,100.0,100.0,100.0,100.0,18,100.0,ok
prody_rfd3,p53_Y220C,12,19,19,18,100.0,100.0,100.0,100.0,18,100.0,ok
prody_rfd3,p53_Y220C,13,19,19,18,100.0,100.0,100.0,100.0,18,100.0,ok
prody_rfd3,p53_Y220C,14,19,19,18,100.0,100.0,100.0,100.0,18,100.0,ok
prody_rfd3,p53_Y220C,15,19,19,18,100.0,100.0,100.0,100.0,18,100.0,ok
prody_rfd3,p53_Y220C,16,19,19,18,100.0,100.0,100.0,100.0,18,100.0,ok
prody_rfd3,p53_Y220C,17,19,19,18,100.0,100.0,100.0,100.0,18,100.0,ok
prody_rfd3,p53_Y220C,18,19,19,18,100.0,100.0,100.0,100.0,18,100.0,ok
prody_rfd3,p53_Y220C,19,19,19,18,100.0,100.0,100.0,100.0,18,100.0,ok
prody_rfd3,p53_Y220C,20,19,19,18,100.0,100.0,100.0,100.0,18,100.0,ok
prody_rfd3,p53_Y220C,21,19,19,18,100.0,100.0,100.0,100.0,18,100.0,ok
prody_rfd3,p53_Y220C,22,19,19,18,100.0,100.0,100.0,100.0,18,100.0,ok
prody_rfd3,p53_Y220C,23,19,19,18,100.0,100.0,100.0,100.0,18,100.0,ok
prody_rfd3,p53_Y220C,24,19,19,18,100.0,100.0,100.0,100.0,18,100.0,ok
prody_rfd3,p53_Y220C,25,19,19,18,94.44444444444444,94.44444444444444,94.44444444444444,94.44444444444444,18,100.0,ok
prody_rfd3,p53_Y220C,26,19,19,18,94.44444444444444,94.44444444444444,94.44444444444444,94.44444444444444,18,100.0,ok
prody_rfd3,p53_Y220C,27,19,19,18,100.0,100.0,100.0,100.0,18,100.0,ok
prody_rfd3,p53_Y220C,28,19,19,18,100.0,100.0,100.0,100.0,18,100.0,ok
prody_rfd3,p53_Y220C,29,19,19,18,100.0,100.0,100.0,100.0,18,100.0,ok
prody_rfd3,CB1,0,28,28,20,95.0,95.0,95.0,95.0,20,100.0,ok
prody_rfd3,CB1,1,28,28,20,95.0,95.0,95.0,95.0,20,100.0,ok
prody_rfd3,CB1,2,28,28,20,100.0,100.0,100.0,100.0,20,100.0,ok
prody_rfd3,CB1,3,28,28,20,100.0,100.0,100.0,100.0,20,100.0,ok
prody_rfd3,CB1,4,28,28,20,100.0,100.0,100.0,100.0,20,100.0,ok
prody_rfd3,CB1,5,28,28,20,100.0,100.0,100.0,100.0,20,100.0,ok
prody_rfd3,CB1,6,28,28,20,100.0,100.0,100.0,100.0,20,100.0,ok
prody_rfd3,CB1,7,28,28,20,100.0,100.0,100.0,100.0,20,100.0,ok
prody_rfd3,CB1,8,28,28,20,95.0,95.0,95.0,95.0,20,100.0,ok
prody_rfd3,CB1,9,28,28,20,95.0,95.0,95.0,95.0,20,100.0,ok
prody_rfd3,CB1,10,28,28,20,100.0,100.0,100.0,100.0,20,100.0,ok
prody_rfd3,CB1,11,28,28,20,100.0,100.0,100.0,100.0,20,100.0,ok
prody_rfd3,CB1,12,28,28,20,100.0,100.0,100.0,100.0,20,100.0,ok
prody_rfd3,CB1,13,28,28,20,100.0,100.0,100.0,100.0,20,100.0,ok
prody_rfd3,CB1,14,28,28,20,100.0,100.0,100.0,100.0,20,100.0,ok
prody_rfd3,CB1,15,28,28,20,100.0,100.0,100.0,100.0,20,100.0,ok
prody_rfd3,CB1,16,28,28,20,95.0,95.0,95.0,95.0,20,100.0,ok
prody_rfd3,CB1,17,28,28,20,95.0,95.0,95.0,95.0,20,100.0,ok
prody_rfd3,CB1,18,28,28,20,100.0,100.0,100.0,100.0,20,100.0,ok
prody_rfd3,CB1,19,28,28,20,100.0,100.0,100.0,100.0,20,100.0,ok
prody_rfd3,CB1,20,28,28,20,100.0,100.0,100.0,100.0,20,100.0,ok
prody_rfd3,CB1,21,28,28,20,100.0,100.0,100.0,100.0,20,100.0,ok
prody_rfd3,CB1,22,28,28,20,100.0,100.0,100.0,100.0,20,100.0,ok
prody_rfd3,CB1,23,28,28,20,100.0,100.0,100.0,100.0,20,100.0,ok
prody_rfd3,CB1,24,28,28,20,95.0,95.0,95.0,95.0,20,100.0,ok
prody_rfd3,CB1,25,28,28,20,95.0,95.0,95.0,95.0,20,100.0,ok
prody_rfd3,CB1,26,28,28,20,100.0,100.0,100.0,100.0,20,100.0,ok
prody_rfd3,CB1,27,28,28,20,100.0,100.0,100.0,100.0,20,100.0,ok
prody_rfd3,CB1,28,28,28,20,100.0,95.0,95.0,100.0,20,100.0,ok
prody_rfd3,CB1,29,28,28,20,100.0,100.0,100.0,100.0,20,100.0,ok
prody_rfd3,KRAS,0,21,21,15,100.0,93.33333333333333,93.33333333333333,100.0,15,100.0,ok
prody_rfd3,KRAS,1,21,21,15,100.0,86.66666666666667,86.66666666666667,100.0,15,100.0,ok
prody_rfd3,KRAS,2,21,21,15,100.0,93.33333333333333,93.33333333333333,100.0,15,100.0,ok
prody_rfd3,KRAS,3,21,21,15,100.0,93.33333333333333,93.33333333333333,100.0,15,100.0,ok
prody_rfd3,KRAS,4,21,21,15,100.0,93.33333333333333,93.33333333333333,100.0,15,100.0,ok
prody_rfd3,KRAS,5,21,21,15,100.0,93.33333333333333,93.33333333333333,100.0,15,100.0,ok
prody_rfd3,KRAS,6,21,21,15,100.0,93.33333333333333,93.33333333333333,100.0,15,100.0,ok
prody_rfd3,KRAS,7,21,21,15,100.0,93.33333333333333,93.33333333333333,100.0,15,100.0,ok
prody_rfd3,KRAS,8,21,21,15,100.0,93.33333333333333,93.33333333333333,100.0,15,100.0,ok
prody_rfd3,KRAS,9,21,21,15,100.0,86.66666666666667,86.66666666666667,100.0,15,100.0,ok
prody_rfd3,KRAS,10,21,21,15,100.0,93.33333333333333,93.33333333333333,100.0,15,100.0,ok
prody_rfd3,KRAS,11,21,21,15,100.0,93.33333333333333,93.33333333333333,100.0,15,100.0,ok
prody_rfd3,KRAS,12,21,21,15,100.0,80.0,80.0,100.0,15,100.0,ok
prody_rfd3,KRAS,13,21,21,15,100.0,100.0,100.0,100.0,15,100.0,ok
prody_rfd3,KRAS,14,21,21,15,100.0,93.33333333333333,93.33333333333333,100.0,15,100.0,ok
prody_rfd3,KRAS,15,21,21,15,100.0,93.33333333333333,93.33333333333333,100.0,15,100.0,ok
prody_rfd3,KRAS,16,21,21,15,100.0,93.33333333333333,93.33333333333333,100.0,15,100.0,ok
prody_rfd3,KRAS,17,21,21,15,100.0,86.66666666666667,86.66666666666667,100.0,15,100.0,ok
prody_rfd3,KRAS,18,21,21,15,100.0,93.33333333333333,93.33333333333333,100.0,15,100.0,ok
prody_rfd3,KRAS,19,21,21,15,100.0,100.0,100.0,100.0,15,100.0,ok
prody_rfd3,KRAS,20,21,21,15,100.0,86.66666666666667,86.66666666666667,100.0,15,100.0,ok
prody_rfd3,KRAS,21,21,21,15,100.0,93.33333333333333,93.33333333333333,100.0,15,100.0,ok
prody_rfd3,KRAS,22,21,21,15,100.0,93.33333333333333,93.33333333333333,100.0,15,100.0,ok
prody_rfd3,KRAS,23,21,21,15,100.0,93.33333333333333,93.33333333333333,100.0,15,100.0,ok
prody_rfd3,KRAS,24,21,21,15,100.0,93.33333333333333,93.33333333333333,100.0,15,100.0,ok
prody_rfd3,KRAS,25,21,21,15,100.0,93.33333333333333,93.33333333333333,100.0,15,100.0,ok
prody_rfd3,KRAS,26,21,21,15,100.0,93.33333333333333,93.33333333333333,100.0,15,100.0,ok
prody_rfd3,KRAS,27,21,21,15,100.0,93.33333333333333,93.33333333333333,100.0,15,100.0,ok
prody_rfd3,KRAS,28,21,21,15,100.0,93.33333333333333,93.33333333333333,100.0,15,100.0,ok
prody_rfd3,KRAS,29,21,21,15,100.0,93.33333333333333,93.33333333333333,100.0,15,100.0,ok
prody_rfd3,cAbl,0,23,23,16,100.0,100.0,100.0,100.0,16,100.0,ok
prody_rfd3,cAbl,1,23,23,16,93.75,93.75,87.5,100.0,16,100.0,ok
prody_rfd3,cAbl,2,23,23,16,93.75,100.0,93.75,100.0,16,100.0,ok
prody_rfd3,cAbl,3,23,23,16,93.75,87.5,81.25,100.0,16,100.0,ok
prody_rfd3,cAbl,4,23,23,16,100.0,100.0,100.0,100.0,16,100.0,ok
prody_rfd3,cAbl,5,23,23,16,100.0,93.75,93.75,100.0,16,100.0,ok
prody_rfd3,cAbl,6,23,23,16,100.0,93.75,93.75,100.0,16,100.0,ok
prody_rfd3,cAbl,7,23,23,16,100.0,93.75,93.75,100.0,16,100.0,ok
prody_rfd3,cAbl,8,23,23,16,100.0,100.0,100.0,100.0,16,100.0,ok
prody_rfd3,cAbl,9,23,23,16,93.75,93.75,87.5,100.0,16,100.0,ok
prody_rfd3,cAbl,10,23,23,16,100.0,100.0,100.0,100.0,16,100.0,ok
prody_rfd3,cAbl,11,23,23,16,93.75,87.5,81.25,100.0,16,100.0,ok
prody_rfd3,cAbl,12,23,23,16,100.0,100.0,100.0,100.0,16,100.0,ok
prody_rfd3,cAbl,13,23,23,16,100.0,93.75,93.75,100.0,16,100.0,ok
prody_rfd3,cAbl,14,23,23,16,100.0,93.75,93.75,100.0,16,100.0,ok
prody_rfd3,cAbl,15,23,23,16,100.0,93.75,93.75,100.0,16,100.0,ok
prody_rfd3,cAbl,16,23,23,16,100.0,100.0,100.0,100.0,16,100.0,ok
prody_rfd3,cAbl,17,23,23,16,93.75,100.0,93.75,100.0,16,100.0,ok
prody_rfd3,cAbl,18,23,23,16,93.75,100.0,93.75,100.0,16,100.0,ok
prody_rfd3,cAbl,19,23,23,16,93.75,87.5,81.25,100.0,16,100.0,ok
prody_rfd3,cAbl,20,23,23,16,100.0,100.0,100.0,100.0,16,100.0,ok
prody_rfd3,cAbl,21,23,23,16,100.0,93.75,93.75,100.0,16,100.0,ok
prody_rfd3,cAbl,22,23,23,16,100.0,93.75,93.75,100.0,16,100.0,ok
prody_rfd3,cAbl,23,23,23,16,100.0,93.75,93.75,100.0,16,100.0,ok
prody_rfd3,cAbl,24,23,23,16,100.0,100.0,100.0,100.0,16,100.0,ok
prody_rfd3,cAbl,25,23,23,16,93.75,93.75,87.5,100.0,16,100.0,ok
prody_rfd3,cAbl,26,23,23,16,93.75,100.0,93.75,100.0,16,100.0,ok
prody_rfd3,cAbl,27,23,23,16,93.75,87.5,81.25,100.0,16,100.0,ok
prody_rfd3,cAbl,28,23,23,16,100.0,100.0,100.0,100.0,16,100.0,ok
prody_rfd3,cAbl,29,23,23,16,100.0,93.75,93.75,100.0,16,100.0,ok
prody_rfd3,HIF2alpha,0,21,21,20,95.0,95.0,95.0,95.0,20,100.0,ok
prody_rfd3,HIF2alpha,1,21,21,20,95.0,95.0,95.0,95.0,20,100.0,ok
prody_rfd3,HIF2alpha,2,21,21,20,100.0,100.0,100.0,100.0,20,100.0,ok
prody_rfd3,HIF2alpha,3,21,21,20,95.0,95.0,95.0,95.0,20,100.0,ok
prody_rfd3,HIF2alpha,4,21,21,20,95.0,95.0,95.0,95.0,20,100.0,ok
prody_rfd3,HIF2alpha,5,21,21,20,95.0,95.0,95.0,95.0,20,100.0,ok
prody_rfd3,HIF2alpha,6,21,21,20,100.0,100.0,100.0,100.0,20,100.0,ok
prody_rfd3,HIF2alpha,7,21,21,20,95.0,95.0,95.0,95.0,20,100.0,ok
prody_rfd3,HIF2alpha,8,21,21,20,100.0,100.0,100.0,100.0,20,100.0,ok
prody_rfd3,HIF2alpha,9,21,21,20,95.0,95.0,95.0,95.0,20,100.0,ok
prody_rfd3,HIF2alpha,10,21,21,20,100.0,100.0,100.0,100.0,20,100.0,ok
prody_rfd3,HIF2alpha,11,21,21,20,95.0,95.0,95.0,95.0,20,100.0,ok
prody_rfd3,HIF2alpha,12,21,21,20,95.0,95.0,95.0,95.0,20,100.0,ok
prody_rfd3,HIF2alpha,13,21,21,20,95.0,95.0,95.0,95.0,20,100.0,ok
prody_rfd3,HIF2alpha,14,21,21,20,100.0,100.0,100.0,100.0,20,100.0,ok
prody_rfd3,HIF2alpha,15,21,21,20,95.0,95.0,95.0,95.0,20,100.0,ok
prody_rfd3,HIF2alpha,16,21,21,20,100.0,100.0,100.0,100.0,20,100.0,ok
prody_rfd3,HIF2alpha,17,21,21,20,100.0,100.0,100.0,100.0,20,100.0,ok
prody_rfd3,HIF2alpha,18,21,21,20,95.0,95.0,95.0,95.0,20,100.0,ok
prody_rfd3,HIF2alpha,19,21,21,20,95.0,95.0,95.0,95.0,20,100.0,ok
prody_rfd3,HIF2alpha,20,21,21,20,95.0,95.0,95.0,95.0,20,100.0,ok
prody_rfd3,HIF2alpha,21,21,21,20,100.0,100.0,100.0,100.0,20,100.0,ok
prody_rfd3,HIF2alpha,22,21,21,20,100.0,100.0,100.0,100.0,20,100.0,ok
prody_rfd3,HIF2alpha,23,21,21,20,95.0,95.0,95.0,95.0,20,100.0,ok
prody_rfd3,HIF2alpha,24,21,21,20,100.0,100.0,100.0,100.0,20,100.0,ok
prody_rfd3,HIF2alpha,25,21,21,20,95.0,95.0,95.0,95.0,20,100.0,ok
prody_rfd3,HIF2alpha,26,21,21,20,95.0,95.0,95.0,95.0,20,100.0,ok
prody_rfd3,HIF2alpha,27,21,21,20,95.0,95.0,95.0,95.0,20,100.0,ok
prody_rfd3,HIF2alpha,28,21,21,20,95.0,95.0,95.0,95.0,20,100.0,ok
prody_rfd3,HIF2alpha,29,21,21,20,95.0,95.0,95.0,95.0,20,100.0,ok
prody_rfd3,HIV_RT,0,19,19,11,90.9090909090909,90.9090909090909,90.9090909090909,90.9090909090909,11,100.0,ok
prody_rfd3,HIV_RT,1,19,19,11,90.9090909090909,90.9090909090909,90.9090909090909,90.9090909090909,11,100.0,ok
prody_rfd3,HIV_RT,2,19,19,11,100.0,100.0,100.0,100.0,11,100.0,ok
prody_rfd3,HIV_RT,3,19,19,11,90.9090909090909,81.81818181818181,81.81818181818181,90.9090909090909,11,100.0,ok
prody_rfd3,HIV_RT,4,19,19,11,100.0,100.0,100.0,100.0,11,100.0,ok
prody_rfd3,HIV_RT,5,19,19,11,90.9090909090909,90.9090909090909,90.9090909090909,90.9090909090909,11,100.0,ok
prody_rfd3,HIV_RT,6,19,19,11,100.0,100.0,100.0,100.0,11,100.0,ok
prody_rfd3,HIV_RT,7,19,19,11,90.9090909090909,90.9090909090909,90.9090909090909,90.9090909090909,11,100.0,ok
prody_rfd3,HIV_RT,8,19,19,11,100.0,100.0,100.0,100.0,11,100.0,ok
prody_rfd3,HIV_RT,9,19,19,11,90.9090909090909,90.9090909090909,90.9090909090909,90.9090909090909,11,100.0,ok
prody_rfd3,HIV_RT,10,19,19,11,90.9090909090909,90.9090909090909,90.9090909090909,90.9090909090909,11,100.0,ok
prody_rfd3,HIV_RT,11,19,19,11,90.9090909090909,90.9090909090909,90.9090909090909,90.9090909090909,11,100.0,ok
prody_rfd3,HIV_RT,12,19,19,11,90.9090909090909,90.9090909090909,90.9090909090909,90.9090909090909,11,100.0,ok
prody_rfd3,HIV_RT,13,19,19,11,90.9090909090909,90.9090909090909,90.9090909090909,90.9090909090909,11,100.0,ok
prody_rfd3,HIV_RT,14,19,19,11,90.9090909090909,90.9090909090909,90.9090909090909,90.9090909090909,11,100.0,ok
prody_rfd3,HIV_RT,15,19,19,11,90.9090909090909,90.9090909090909,90.9090909090909,90.9090909090909,11,100.0,ok
prody_rfd3,HIV_RT,16,19,19,11,90.9090909090909,90.9090909090909,90.9090909090909,90.9090909090909,11,100.0,ok
prody_rfd3,HIV_RT,17,19,19,11,90.9090909090909,90.9090909090909,90.9090909090909,90.9090909090909,11,100.0,ok
prody_rfd3,HIV_RT,18,19,19,11,90.9090909090909,90.9090909090909,90.9090909090909,90.9090909090909,11,100.0,ok
prody_rfd3,HIV_RT,19,19,19,11,90.9090909090909,90.9090909090909,90.9090909090909,90.9090909090909,11,100.0,ok
prody_rfd3,HIV_RT,20,19,19,11,90.9090909090909,90.9090909090909,90.9090909090909,90.9090909090909,11,100.0,ok
prody_rfd3,HIV_RT,21,19,19,11,90.9090909090909,90.9090909090909,90.9090909090909,90.9090909090909,11,100.0,ok
prody_rfd3,HIV_RT,22,19,19,11,90.9090909090909,90.9090909090909,90.9090909090909,90.9090909090909,11,100.0,ok
prody_rfd3,HIV_RT,23,19,19,11,90.9090909090909,90.9090909090909,90.9090909090909,90.9090909090909,11,100.0,ok
prody_rfd3,HIV_RT,24,19,19,11,90.9090909090909,90.9090909090909,90.9090909090909,90.9090909090909,11,100.0,ok
prody_rfd3,HIV_RT,25,19,19,11,90.9090909090909,90.9090909090909,90.9090909090909,90.9090909090909,11,100.0,ok
prody_rfd3,HIV_RT,26,19,19,11,90.9090909090909,90.9090909090909,90.9090909090909,90.9090909090909,11,100.0,ok
prody_rfd3,HIV_RT,27,19,19,11,90.9090909090909,90.9090909090909,90.9090909090909,90.9090909090909,11,100.0,ok
prody_rfd3,HIV_RT,28,19,19,11,90.9090909090909,90.9090909090909,90.9090909090909,90.9090909090909,11,100.0,ok
prody_rfd3,HIV_RT,29,19,19,11,90.9090909090909,90.9090909090909,90.9090909090909,90.9090909090909,11,100.0,ok
prody_rfd3,HIV1_CA,0,16,16,14,92.85714285714286,92.85714285714286,92.85714285714286,92.85714285714286,14,100.0,ok
prody_rfd3,HIV1_CA,1,16,16,14,92.85714285714286,92.85714285714286,92.85714285714286,92.85714285714286,14,100.0,ok
prody_rfd3,HIV1_CA,2,16,16,14,92.85714285714286,92.85714285714286,92.85714285714286,92.85714285714286,14,100.0,ok
prody_rfd3,HIV1_CA,3,16,16,14,92.85714285714286,92.85714285714286,92.85714285714286,92.85714285714286,14,100.0,ok
prody_rfd3,HIV1_CA,4,16,16,14,92.85714285714286,92.85714285714286,92.85714285714286,92.85714285714286,14,100.0,ok
prody_rfd3,HIV1_CA,5,16,16,14,92.85714285714286,92.85714285714286,92.85714285714286,92.85714285714286,14,100.0,ok
prody_rfd3,HIV1_CA,6,16,16,14,85.71428571428571,92.85714285714286,85.71428571428571,92.85714285714286,14,100.0,ok
prody_rfd3,HIV1_CA,7,16,16,14,85.71428571428571,92.85714285714286,85.71428571428571,92.85714285714286,14,100.0,ok
prody_rfd3,HIV1_CA,8,16,16,14,92.85714285714286,92.85714285714286,92.85714285714286,92.85714285714286,14,100.0,ok
prody_rfd3,HIV1_CA,9,16,16,14,92.85714285714286,92.85714285714286,92.85714285714286,92.85714285714286,14,100.0,ok
prody_rfd3,HIV1_CA,10,16,16,14,92.85714285714286,92.85714285714286,92.85714285714286,92.85714285714286,14,100.0,ok
prody_rfd3,HIV1_CA,11,16,16,14,92.85714285714286,92.85714285714286,92.85714285714286,92.85714285714286,14,100.0,ok
prody_rfd3,HIV1_CA,12,16,16,14,92.85714285714286,92.85714285714286,92.85714285714286,92.85714285714286,14,100.0,ok
prody_rfd3,HIV1_CA,13,16,16,14,92.85714285714286,92.85714285714286,92.85714285714286,92.85714285714286,14,100.0,ok
prody_rfd3,HIV1_CA,14,16,16,14,92.85714285714286,92.85714285714286,92.85714285714286,92.85714285714286,14,100.0,ok
prody_rfd3,HIV1_CA,15,16,16,14,85.71428571428571,92.85714285714286,85.71428571428571,92.85714285714286,14,100.0,ok
prody_rfd3,HIV1_CA,16,16,16,14,92.85714285714286,92.85714285714286,92.85714285714286,92.85714285714286,14,100.0,ok
prody_rfd3,HIV1_CA,17,16,16,14,92.85714285714286,92.85714285714286,92.85714285714286,92.85714285714286,14,100.0,ok
prody_rfd3,HIV1_CA,18,16,16,14,92.85714285714286,92.85714285714286,92.85714285714286,92.85714285714286,14,100.0,ok
prody_rfd3,HIV1_CA,19,16,16,14,92.85714285714286,92.85714285714286,92.85714285714286,92.85714285714286,14,100.0,ok
prody_rfd3,HIV1_CA,20,16,16,14,85.71428571428571,92.85714285714286,85.71428571428571,92.85714285714286,14,100.0,ok
prody_rfd3,HIV1_CA,21,16,16,14,100.0,92.85714285714286,92.85714285714286,100.0,14,100.0,ok
prody_rfd3,HIV1_CA,22,16,16,14,92.85714285714286,92.85714285714286,92.85714285714286,92.85714285714286,14,100.0,ok
prody_rfd3,HIV1_CA,23,16,16,14,92.85714285714286,92.85714285714286,92.85714285714286,92.85714285714286,14,100.0,ok
prody_rfd3,HIV1_CA,24,16,16,14,92.85714285714286,92.85714285714286,92.85714285714286,92.85714285714286,14,100.0,ok
prody_rfd3,HIV1_CA,25,16,16,14,92.85714285714286,92.85714285714286,92.85714285714286,92.85714285714286,14,100.0,ok
prody_rfd3,HIV1_CA,26,16,16,14,92.85714285714286,92.85714285714286,92.85714285714286,92.85714285714286,14,100.0,ok
prody_rfd3,HIV1_CA,27,16,16,14,85.71428571428571,92.85714285714286,85.71428571428571,92.85714285714286,14,100.0,ok
prody_rfd3,HIV1_CA,28,16,16,14,92.85714285714286,92.85714285714286,92.85714285714286,92.85714285714286,14,100.0,ok
prody_rfd3,HIV1_CA,29,16,16,14,92.85714285714286,92.85714285714286,92.85714285714286,92.85714285714286,14,100.0,ok
prody_rfd3,Menin,0,14,14,14,100.0,100.0,100.0,100.0,14,100.0,ok
prody_rfd3,Menin,1,14,14,14,92.85714285714286,100.0,92.85714285714286,100.0,14,100.0,ok
prody_rfd3,Menin,2,14,14,14,100.0,100.0,100.0,100.0,14,100.0,ok
prody_rfd3,Menin,3,14,14,14,92.85714285714286,100.0,92.85714285714286,100.0,14,100.0,ok
prody_rfd3,Menin,4,14,14,14,100.0,100.0,100.0,100.0,14,100.0,ok
prody_rfd3,Menin,5,14,14,14,92.85714285714286,100.0,92.85714285714286,100.0,14,100.0,ok
prody_rfd3,Menin,6,14,14,14,100.0,100.0,100.0,100.0,14,100.0,ok
prody_rfd3,Menin,7,14,14,14,100.0,100.0,100.0,100.0,14,100.0,ok
prody_rfd3,Menin,8,14,14,14,100.0,100.0,100.0,100.0,14,100.0,ok
prody_rfd3,Menin,9,14,14,14,100.0,100.0,100.0,100.0,14,100.0,ok
prody_rfd3,Menin,10,14,14,14,100.0,100.0,100.0,100.0,14,100.0,ok
prody_rfd3,Menin,11,14,14,14,100.0,100.0,100.0,100.0,14,100.0,ok
prody_rfd3,Menin,12,14,14,14,92.85714285714286,100.0,92.85714285714286,100.0,14,100.0,ok
prody_rfd3,Menin,13,14,14,14,92.85714285714286,100.0,92.85714285714286,100.0,14,100.0,ok
prody_rfd3,Menin,14,14,14,14,100.0,100.0,100.0,100.0,14,100.0,ok
prody_rfd3,Menin,15,14,14,14,100.0,100.0,100.0,100.0,14,100.0,ok
prody_rfd3,Menin,16,14,14,14,100.0,100.0,100.0,100.0,14,100.0,ok
prody_rfd3,Menin,17,14,14,14,100.0,100.0,100.0,100.0,14,100.0,ok
prody_rfd3,Menin,18,14,14,14,100.0,100.0,100.0,100.0,14,100.0,ok
prody_rfd3,Menin,19,14,14,14,100.0,100.0,100.0,100.0,14,100.0,ok
prody_rfd3,Menin,20,14,14,14,100.0,100.0,100.0,100.0,14,100.0,ok
prody_rfd3,Menin,21,14,14,14,100.0,100.0,100.0,100.0,14,100.0,ok
prody_rfd3,Menin,22,14,14,14,100.0,100.0,100.0,100.0,14,100.0,ok
prody_rfd3,Menin,23,14,14,14,100.0,100.0,100.0,100.0,14,100.0,ok
prody_rfd3,Menin,24,14,14,14,100.0,100.0,100.0,100.0,14,100.0,ok
prody_rfd3,Menin,25,14,14,14,100.0,100.0,100.0,100.0,14,100.0,ok
prody_rfd3,Menin,26,14,14,14,100.0,100.0,100.0,100.0,14,100.0,ok
prody_rfd3,Menin,27,14,14,14,92.85714285714286,100.0,92.85714285714286,100.0,14,100.0,ok
prody_rfd3,Menin,28,14,14,14,92.85714285714286,100.0,92.85714285714286,100.0,14,100.0,ok
prody_rfd3,Menin,29,14,14,14,100.0,100.0,100.0,100.0,14,100.0,ok
prody_rfd3,GCGR,0,25,25,8,100.0,75.0,75.0,100.0,8,100.0,ok
prody_rfd3,GCGR,1,25,25,8,100.0,75.0,75.0,100.0,8,100.0,ok
prody_rfd3,GCGR,2,25,25,8,100.0,75.0,75.0,100.0,8,100.0,ok
prody_rfd3,GCGR,3,25,25,8,100.0,75.0,75.0,100.0,8,100.0,ok
prody_rfd3,GCGR,4,25,25,8,100.0,75.0,75.0,100.0,8,100.0,ok
prody_rfd3,GCGR,5,25,25,8,100.0,75.0,75.0,100.0,8,100.0,ok
prody_rfd3,GCGR,6,25,25,8,100.0,75.0,75.0,100.0,8,100.0,ok
prody_rfd3,GCGR,7,25,25,8,100.0,75.0,75.0,100.0,8,100.0,ok
prody_rfd3,GCGR,8,25,25,8,100.0,75.0,75.0,100.0,8,100.0,ok
prody_rfd3,GCGR,9,25,25,8,100.0,87.5,87.5,100.0,8,100.0,ok
prody_rfd3,GCGR,10,25,25,8,100.0,75.0,75.0,100.0,8,100.0,ok
prody_rfd3,GCGR,11,25,25,8,100.0,75.0,75.0,100.0,8,100.0,ok
prody_rfd3,GCGR,12,25,25,8,100.0,75.0,75.0,100.0,8,100.0,ok
prody_rfd3,GCGR,13,25,25,8,100.0,75.0,75.0,100.0,8,100.0,ok
prody_rfd3,GCGR,14,25,25,8,100.0,75.0,75.0,100.0,8,100.0,ok
prody_rfd3,GCGR,15,25,25,8,100.0,75.0,75.0,100.0,8,100.0,ok
prody_rfd3,GCGR,16,25,25,8,100.0,75.0,75.0,100.0,8,100.0,ok
prody_rfd3,GCGR,17,25,25,8,100.0,75.0,75.0,100.0,8,100.0,ok
prody_rfd3,GCGR,18,25,25,8,100.0,75.0,75.0,100.0,8,100.0,ok
prody_rfd3,GCGR,19,25,25,8,100.0,75.0,75.0,100.0,8,100.0,ok
prody_rfd3,GCGR,20,25,25,8,100.0,75.0,75.0,100.0,8,100.0,ok
prody_rfd3,GCGR,21,25,25,8,100.0,75.0,75.0,100.0,8,100.0,ok
prody_rfd3,GCGR,22,25,25,8,100.0,75.0,75.0,100.0,8,100.0,ok
prody_rfd3,GCGR,23,25,25,8,100.0,75.0,75.0,100.0,8,100.0,ok
prody_rfd3,GCGR,24,25,25,8,100.0,75.0,75.0,100.0,8,100.0,ok
prody_rfd3,GCGR,25,25,25,8,100.0,75.0,75.0,100.0,8,100.0,ok
prody_rfd3,GCGR,26,25,25,8,100.0,75.0,75.0,100.0,8,100.0,ok
prody_rfd3,GCGR,27,25,25,8,100.0,75.0,75.0,100.0,8,100.0,ok
prody_rfd3,GCGR,28,25,25,8,100.0,75.0,75.0,100.0,8,100.0,ok
prody_rfd3,GCGR,29,25,25,8,100.0,75.0,75.0,100.0,8,100.0,ok
prody_rfd3,THSR,0,26,26,25,100.0,100.0,100.0,100.0,25,100.0,ok
prody_rfd3,THSR,1,26,26,25,100.0,100.0,100.0,100.0,25,100.0,ok
prody_rfd3,THSR,2,26,26,25,100.0,100.0,100.0,100.0,25,100.0,ok
prody_rfd3,THSR,3,26,26,25,100.0,100.0,100.0,100.0,25,100.0,ok
prody_rfd3,THSR,4,26,26,25,100.0,100.0,100.0,100.0,25,100.0,ok
prody_rfd3,THSR,5,26,26,25,100.0,100.0,100.0,100.0,25,100.0,ok
prody_rfd3,THSR,6,26,26,25,100.0,100.0,100.0,100.0,25,100.0,ok
prody_rfd3,THSR,7,26,26,25,100.0,100.0,100.0,100.0,25,100.0,ok
prody_rfd3,THSR,8,26,26,25,100.0,100.0,100.0,100.0,25,100.0,ok
prody_rfd3,THSR,9,26,26,25,100.0,100.0,100.0,100.0,25,100.0,ok
prody_rfd3,THSR,10,26,26,25,100.0,100.0,100.0,100.0,25,100.0,ok
prody_rfd3,THSR,11,26,26,25,100.0,100.0,100.0,100.0,25,100.0,ok
prody_rfd3,THSR,12,26,26,25,100.0,100.0,100.0,100.0,25,100.0,ok
prody_rfd3,THSR,13,26,26,25,100.0,100.0,100.0,100.0,25,100.0,ok
prody_rfd3,THSR,14,26,26,25,100.0,100.0,100.0,100.0,25,100.0,ok
prody_rfd3,THSR,15,26,26,25,100.0,100.0,100.0,100.0,25,100.0,ok
prody_rfd3,THSR,16,26,26,25,100.0,100.0,100.0,100.0,25,100.0,ok
prody_rfd3,THSR,17,26,26,25,100.0,100.0,100.0,100.0,25,100.0,ok
prody_rfd3,THSR,18,26,26,25,100.0,100.0,100.0,100.0,25,100.0,ok
prody_rfd3,THSR,19,26,26,25,100.0,100.0,100.0,100.0,25,100.0,ok
prody_rfd3,THSR,20,26,26,25,100.0,100.0,100.0,100.0,25,100.0,ok
prody_rfd3,THSR,21,26,26,25,100.0,100.0,100.0,100.0,25,100.0,ok
prody_rfd3,THSR,22,26,26,25,100.0,100.0,100.0,100.0,25,100.0,ok
prody_rfd3,THSR,23,26,26,25,100.0,100.0,100.0,100.0,25,100.0,ok
prody_rfd3,THSR,24,26,26,25,100.0,100.0,100.0,100.0,25,100.0,ok
prody_rfd3,THSR,25,26,26,25,100.0,100.0,100.0,100.0,25,100.0,ok
prody_rfd3,THSR,26,26,26,25,100.0,100.0,100.0,100.0,25,100.0,ok
prody_rfd3,THSR,27,26,26,25,100.0,100.0,100.0,100.0,25,100.0,ok
prody_rfd3,THSR,28,26,26,25,100.0,100.0,100.0,100.0,25,100.0,ok
prody_rfd3,THSR,29,26,26,25,100.0,100.0,100.0,100.0,25,100.0,ok
prody_rfd3,p53_Y220C__4AGQ,0,17,17,16,100.0,100.0,100.0,100.0,16,100.0,ok
prody_rfd3,p53_Y220C__4AGQ,1,17,17,16,100.0,93.75,93.75,100.0,16,100.0,ok
prody_rfd3,p53_Y220C__4AGQ,2,17,17,16,100.0,100.0,100.0,100.0,16,100.0,ok
prody_rfd3,p53_Y220C__4AGQ,3,17,17,16,100.0,100.0,100.0,100.0,16,100.0,ok
prody_rfd3,p53_Y220C__4AGQ,4,17,17,16,100.0,100.0,100.0,100.0,16,100.0,ok
prody_rfd3,p53_Y220C__4AGQ,5,17,17,16,100.0,100.0,100.0,100.0,16,100.0,ok
prody_rfd3,p53_Y220C__4AGQ,6,17,17,16,100.0,100.0,100.0,100.0,16,100.0,ok
prody_rfd3,p53_Y220C__4AGQ,7,17,17,16,100.0,100.0,100.0,100.0,16,100.0,ok
prody_rfd3,p53_Y220C__4AGQ,8,17,17,16,100.0,100.0,100.0,100.0,16,100.0,ok
prody_rfd3,p53_Y220C__4AGQ,9,17,17,16,100.0,100.0,100.0,100.0,16,100.0,ok
prody_rfd3,p53_Y220C__4AGQ,10,17,17,16,100.0,100.0,100.0,100.0,16,100.0,ok
prody_rfd3,p53_Y220C__4AGQ,11,17,17,16,100.0,100.0,100.0,100.0,16,100.0,ok
prody_rfd3,p53_Y220C__4AGQ,12,17,17,16,100.0,100.0,100.0,100.0,16,100.0,ok
prody_rfd3,p53_Y220C__4AGQ,13,17,17,16,100.0,100.0,100.0,100.0,16,100.0,ok
prody_rfd3,p53_Y220C__4AGQ,14,17,17,16,100.0,100.0,100.0,100.0,16,100.0,ok
prody_rfd3,p53_Y220C__4AGQ,15,17,17,16,100.0,100.0,100.0,100.0,16,100.0,ok
prody_rfd3,p53_Y220C__4AGQ,16,17,17,16,100.0,100.0,100.0,100.0,16,100.0,ok
prody_rfd3,p53_Y220C__4AGQ,17,17,17,16,100.0,100.0,100.0,100.0,16,100.0,ok
prody_rfd3,p53_Y220C__4AGQ,18,17,17,16,100.0,100.0,100.0,100.0,16,100.0,ok
prody_rfd3,p53_Y220C__4AGQ,19,17,17,16,100.0,100.0,100.0,100.0,16,100.0,ok
prody_rfd3,p53_Y220C__4AGQ,20,17,17,16,100.0,100.0,100.0,100.0,16,100.0,ok
prody_rfd3,p53_Y220C__4AGQ,21,17,17,16,100.0,100.0,100.0,100.0,16,100.0,ok
prody_rfd3,p53_Y220C__4AGQ,22,17,17,16,100.0,100.0,100.0,100.0,16,100.0,ok
prody_rfd3,p53_Y220C__4AGQ,23,17,17,16,100.0,100.0,100.0,100.0,16,100.0,ok
prody_rfd3,p53_Y220C__4AGQ,24,17,17,16,100.0,100.0,100.0,100.0,16,100.0,ok
prody_rfd3,p53_Y220C__4AGQ,25,17,17,16,93.75,93.75,93.75,93.75,16,100.0,ok
prody_rfd3,p53_Y220C__4AGQ,26,17,17,16,100.0,93.75,93.75,100.0,16,100.0,ok
prody_rfd3,p53_Y220C__4AGQ,27,17,17,16,100.0,100.0,100.0,100.0,16,100.0,ok
prody_rfd3,p53_Y220C__4AGQ,28,17,17,16,100.0,100.0,100.0,100.0,16,100.0,ok
prody_rfd3,p53_Y220C__4AGQ,29,17,17,16,100.0,100.0,100.0,100.0,16,100.0,ok
prody_rfd3,HIF2alpha__6D0B,0,25,25,24,95.83333333333333,95.83333333333333,95.83333333333333,95.83333333333333,24,100.0,ok
prody_rfd3,HIF2alpha__6D0B,1,25,25,24,95.83333333333333,95.83333333333333,95.83333333333333,95.83333333333333,24,100.0,ok
prody_rfd3,HIF2alpha__6D0B,2,25,25,24,100.0,100.0,100.0,100.0,24,100.0,ok
prody_rfd3,HIF2alpha__6D0B,3,25,25,24,95.83333333333333,95.83333333333333,95.83333333333333,95.83333333333333,24,100.0,ok
prody_rfd3,HIF2alpha__6D0B,4,25,25,24,95.83333333333333,95.83333333333333,95.83333333333333,95.83333333333333,24,100.0,ok
prody_rfd3,HIF2alpha__6D0B,5,25,25,24,91.66666666666667,95.83333333333333,91.66666666666667,95.83333333333333,24,100.0,ok
prody_rfd3,HIF2alpha__6D0B,6,25,25,24,95.83333333333333,100.0,95.83333333333333,100.0,24,100.0,ok
prody_rfd3,HIF2alpha__6D0B,7,25,25,24,95.83333333333333,95.83333333333333,95.83333333333333,95.83333333333333,24,100.0,ok
prody_rfd3,HIF2alpha__6D0B,8,25,25,24,100.0,100.0,100.0,100.0,24,100.0,ok
prody_rfd3,HIF2alpha__6D0B,9,25,25,24,95.83333333333333,95.83333333333333,95.83333333333333,95.83333333333333,24,100.0,ok
prody_rfd3,HIF2alpha__6D0B,10,25,25,24,100.0,100.0,100.0,100.0,24,100.0,ok
prody_rfd3,HIF2alpha__6D0B,11,25,25,24,95.83333333333333,95.83333333333333,95.83333333333333,95.83333333333333,24,100.0,ok
prody_rfd3,HIF2alpha__6D0B,12,25,25,24,95.83333333333333,95.83333333333333,95.83333333333333,95.83333333333333,24,100.0,ok
prody_rfd3,HIF2alpha__6D0B,13,25,25,24,91.66666666666667,95.83333333333333,91.66666666666667,95.83333333333333,24,100.0,ok
prody_rfd3,HIF2alpha__6D0B,14,25,25,24,100.0,100.0,100.0,100.0,24,100.0,ok
prody_rfd3,HIF2alpha__6D0B,15,25,25,24,95.83333333333333,95.83333333333333,95.83333333333333,95.83333333333333,24,100.0,ok
prody_rfd3,HIF2alpha__6D0B,16,25,25,24,100.0,100.0,100.0,100.0,24,100.0,ok
prody_rfd3,HIF2alpha__6D0B,17,25,25,24,95.83333333333333,100.0,95.83333333333333,100.0,24,100.0,ok
prody_rfd3,HIF2alpha__6D0B,18,25,25,24,95.83333333333333,95.83333333333333,95.83333333333333,95.83333333333333,24,100.0,ok
prody_rfd3,HIF2alpha__6D0B,19,25,25,24,95.83333333333333,95.83333333333333,95.83333333333333,95.83333333333333,24,100.0,ok
prody_rfd3,HIF2alpha__6D0B,20,25,25,24,95.83333333333333,95.83333333333333,95.83333333333333,95.83333333333333,24,100.0,ok
prody_rfd3,HIF2alpha__6D0B,21,25,25,24,95.83333333333333,100.0,95.83333333333333,100.0,24,100.0,ok
prody_rfd3,HIF2alpha__6D0B,22,25,25,24,95.83333333333333,100.0,95.83333333333333,100.0,24,100.0,ok
prody_rfd3,HIF2alpha__6D0B,23,25,25,24,95.83333333333333,95.83333333333333,95.83333333333333,95.83333333333333,24,100.0,ok
prody_rfd3,HIF2alpha__6D0B,24,25,25,24,100.0,100.0,100.0,100.0,24,100.0,ok
prody_rfd3,HIF2alpha__6D0B,25,25,25,24,95.83333333333333,95.83333333333333,95.83333333333333,95.83333333333333,24,100.0,ok
prody_rfd3,HIF2alpha__6D0B,26,25,25,24,95.83333333333333,95.83333333333333,95.83333333333333,95.83333333333333,24,100.0,ok
prody_rfd3,HIF2alpha__6D0B,27,25,25,24,95.83333333333333,95.83333333333333,95.83333333333333,95.83333333333333,24,100.0,ok
prody_rfd3,HIF2alpha__6D0B,28,25,25,24,95.83333333333333,95.83333333333333,95.83333333333333,95.83333333333333,24,100.0,ok
prody_rfd3,HIF2alpha__6D0B,29,25,25,24,95.83333333333333,95.83333333333333,95.83333333333333,95.83333333333333,24,100.0,ok
prody_rfd3,HIV_RT__3V81,0,17,17,11,100.0,100.0,100.0,100.0,11,100.0,ok
prody_rfd3,HIV_RT__3V81,1,17,17,11,100.0,100.0,100.0,100.0,11,100.0,ok
prody_rfd3,HIV_RT__3V81,2,17,17,11,100.0,100.0,100.0,100.0,11,100.0,ok
prody_rfd3,HIV_RT__3V81,3,17,17,11,100.0,90.9090909090909,90.9090909090909,100.0,11,100.0,ok
prody_rfd3,HIV_RT__3V81,4,17,17,11,100.0,100.0,100.0,100.0,11,100.0,ok
prody_rfd3,HIV_RT__3V81,5,17,17,11,100.0,100.0,100.0,100.0,11,100.0,ok
prody_rfd3,HIV_RT__3V81,6,17,17,11,100.0,100.0,100.0,100.0,11,100.0,ok
prody_rfd3,HIV_RT__3V81,7,17,17,11,100.0,100.0,100.0,100.0,11,100.0,ok
prody_rfd3,HIV_RT__3V81,8,17,17,11,100.0,100.0,100.0,100.0,11,100.0,ok
prody_rfd3,HIV_RT__3V81,9,17,17,11,100.0,100.0,100.0,100.0,11,100.0,ok
prody_rfd3,HIV_RT__3V81,10,17,17,11,100.0,100.0,100.0,100.0,11,100.0,ok
prody_rfd3,HIV_RT__3V81,11,17,17,11,100.0,100.0,100.0,100.0,11,100.0,ok
prody_rfd3,HIV_RT__3V81,12,17,17,11,100.0,90.9090909090909,90.9090909090909,100.0,11,100.0,ok
prody_rfd3,HIV_RT__3V81,13,17,17,11,100.0,81.81818181818181,81.81818181818181,100.0,11,100.0,ok
prody_rfd3,HIV_RT__3V81,14,17,17,11,100.0,100.0,100.0,100.0,11,100.0,ok
prody_rfd3,HIV_RT__3V81,15,17,17,11,100.0,90.9090909090909,90.9090909090909,100.0,11,100.0,ok
prody_rfd3,HIV_RT__3V81,16,17,17,11,100.0,90.9090909090909,90.9090909090909,100.0,11,100.0,ok
prody_rfd3,HIV_RT__3V81,17,17,17,11,100.0,90.9090909090909,90.9090909090909,100.0,11,100.0,ok
prody_rfd3,HIV_RT__3V81,18,17,17,11,100.0,100.0,100.0,100.0,11,100.0,ok
prody_rfd3,HIV_RT__3V81,19,17,17,11,100.0,90.9090909090909,90.9090909090909,100.0,11,100.0,ok
prody_rfd3,HIV_RT__3V81,20,17,17,11,100.0,100.0,100.0,100.0,11,100.0,ok
prody_rfd3,HIV_RT__3V81,21,17,17,11,100.0,100.0,100.0,100.0,11,100.0,ok
prody_rfd3,HIV_RT__3V81,22,17,17,11,100.0,100.0,100.0,100.0,11,100.0,ok
prody_rfd3,HIV_RT__3V81,23,17,17,11,100.0,100.0,100.0,100.0,11,100.0,ok
prody_rfd3,HIV_RT__3V81,24,17,17,11,100.0,90.9090909090909,90.9090909090909,100.0,11,100.0,ok
prody_rfd3,HIV_RT__3V81,25,17,17,11,100.0,100.0,100.0,100.0,11,100.0,ok
prody_rfd3,HIV_RT__3V81,26,17,17,11,100.0,90.9090909090909,90.9090909090909,100.0,11,100.0,ok
prody_rfd3,HIV_RT__3V81,27,17,17,11,100.0,100.0,100.0,100.0,11,100.0,ok
prody_rfd3,HIV_RT__3V81,28,17,17,11,100.0,100.0,100.0,100.0,11,100.0,ok
prody_rfd3,HIV_RT__3V81,29,17,17,11,100.0,90.9090909090909,90.9090909090909,100.0,11,100.0,ok
prody_rfd3,THSR__7UTZ,0,24,24,23,100.0,100.0,100.0,100.0,23,100.0,ok
prody_rfd3,THSR__7UTZ,1,24,24,23,100.0,100.0,100.0,100.0,23,100.0,ok
prody_rfd3,THSR__7UTZ,2,24,24,23,100.0,100.0,100.0,100.0,23,100.0,ok
prody_rfd3,THSR__7UTZ,3,24,24,23,100.0,100.0,100.0,100.0,23,100.0,ok
prody_rfd3,THSR__7UTZ,4,24,24,23,100.0,100.0,100.0,100.0,23,100.0,ok
prody_rfd3,THSR__7UTZ,5,24,24,23,100.0,100.0,100.0,100.0,23,100.0,ok
prody_rfd3,THSR__7UTZ,6,24,24,23,100.0,100.0,100.0,100.0,23,100.0,ok
prody_rfd3,THSR__7UTZ,7,24,24,23,100.0,100.0,100.0,100.0,23,100.0,ok
prody_rfd3,THSR__7UTZ,8,24,24,23,100.0,100.0,100.0,100.0,23,100.0,ok
prody_rfd3,THSR__7UTZ,9,24,24,23,100.0,100.0,100.0,100.0,23,100.0,ok
prody_rfd3,THSR__7UTZ,10,24,24,23,100.0,100.0,100.0,100.0,23,100.0,ok
prody_rfd3,THSR__7UTZ,11,24,24,23,100.0,100.0,100.0,100.0,23,100.0,ok
prody_rfd3,THSR__7UTZ,12,24,24,23,100.0,100.0,100.0,100.0,23,100.0,ok
prody_rfd3,THSR__7UTZ,13,24,24,23,100.0,100.0,100.0,100.0,23,100.0,ok
prody_rfd3,THSR__7UTZ,14,24,24,23,100.0,100.0,100.0,100.0,23,100.0,ok
prody_rfd3,THSR__7UTZ,15,24,24,23,100.0,100.0,100.0,100.0,23,100.0,ok
prody_rfd3,THSR__7UTZ,16,24,24,23,100.0,100.0,100.0,100.0,23,100.0,ok
prody_rfd3,THSR__7UTZ,17,24,24,23,100.0,100.0,100.0,100.0,23,100.0,ok
prody_rfd3,THSR__7UTZ,18,24,24,23,100.0,100.0,100.0,100.0,23,100.0,ok
prody_rfd3,THSR__7UTZ,19,24,24,23,100.0,100.0,100.0,100.0,23,100.0,ok
prody_rfd3,THSR__7UTZ,20,24,24,23,100.0,100.0,100.0,100.0,23,100.0,ok
prody_rfd3,THSR__7UTZ,21,24,24,23,100.0,100.0,100.0,100.0,23,100.0,ok
prody_rfd3,THSR__7UTZ,22,24,24,23,100.0,100.0,100.0,100.0,23,100.0,ok
prody_rfd3,THSR__7UTZ,23,24,24,23,100.0,100.0,100.0,100.0,23,100.0,ok
prody_rfd3,THSR__7UTZ,24,24,24,23,100.0,100.0,100.0,100.0,23,100.0,ok
prody_rfd3,THSR__7UTZ,25,24,24,23,100.0,100.0,100.0,100.0,23,100.0,ok
prody_rfd3,THSR__7UTZ,26,24,24,23,100.0,100.0,100.0,100.0,23,100.0,ok
prody_rfd3,THSR__7UTZ,27,24,24,23,100.0,100.0,100.0,100.0,23,100.0,ok
prody_rfd3,THSR__7UTZ,28,24,24,23,100.0,100.0,100.0,100.0,23,100.0,ok
prody_rfd3,THSR__7UTZ,29,24,24,23,100.0,100.0,100.0,100.0,23,100.0,ok
prody_rfd3,Bcl-xL,0,21,21,17,94.11764705882354,100.0,94.11764705882354,100.0,17,100.0,ok
prody_rfd3,Bcl-xL,1,21,21,17,100.0,94.11764705882354,94.11764705882354,100.0,17,100.0,ok
prody_rfd3,Bcl-xL,2,21,21,17,100.0,100.0,100.0,100.0,17,100.0,ok
prody_rfd3,Bcl-xL,3,21,21,17,100.0,100.0,100.0,100.0,17,100.0,ok
prody_rfd3,Bcl-xL,4,21,21,17,100.0,100.0,100.0,100.0,17,100.0,ok
prody_rfd3,Bcl-xL,5,21,21,17,100.0,100.0,100.0,100.0,17,100.0,ok
prody_rfd3,Bcl-xL,6,21,21,17,100.0,100.0,100.0,100.0,17,100.0,ok
prody_rfd3,Bcl-xL,7,21,21,17,100.0,100.0,100.0,100.0,17,100.0,ok
prody_rfd3,Bcl-xL,8,21,21,17,100.0,100.0,100.0,100.0,17,100.0,ok
prody_rfd3,Bcl-xL,9,21,21,17,100.0,100.0,100.0,100.0,17,100.0,ok
prody_rfd3,Bcl-xL,10,21,21,17,100.0,94.11764705882354,94.11764705882354,100.0,17,100.0,ok
prody_rfd3,Bcl-xL,11,21,21,17,100.0,100.0,100.0,100.0,17,100.0,ok
prody_rfd3,Bcl-xL,12,21,21,17,100.0,94.11764705882354,94.11764705882354,100.0,17,100.0,ok
prody_rfd3,Bcl-xL,13,21,21,17,100.0,94.11764705882354,94.11764705882354,100.0,17,100.0,ok
prody_rfd3,Bcl-xL,14,21,21,17,100.0,100.0,100.0,100.0,17,100.0,ok
prody_rfd3,Bcl-xL,15,21,21,17,100.0,94.11764705882354,94.11764705882354,100.0,17,100.0,ok
prody_rfd3,Bcl-xL,16,21,21,17,100.0,100.0,100.0,100.0,17,100.0,ok
prody_rfd3,Bcl-xL,17,21,21,17,100.0,88.23529411764706,88.23529411764706,100.0,17,100.0,ok
prody_rfd3,Bcl-xL,18,21,21,17,94.11764705882354,94.11764705882354,88.23529411764706,100.0,17,100.0,ok
prody_rfd3,Bcl-xL,19,21,21,17,100.0,100.0,100.0,100.0,17,100.0,ok
prody_rfd3,Bcl-xL,20,21,21,17,100.0,100.0,100.0,100.0,17,100.0,ok
prody_rfd3,Bcl-xL,21,21,21,17,100.0,94.11764705882354,94.11764705882354,100.0,17,100.0,ok
prody_rfd3,Bcl-xL,22,21,21,17,94.11764705882354,94.11764705882354,88.23529411764706,100.0,17,100.0,ok
prody_rfd3,Bcl-xL,23,21,21,17,100.0,94.11764705882354,94.11764705882354,100.0,17,100.0,ok
prody_rfd3,Bcl-xL,24,21,21,17,100.0,100.0,100.0,100.0,17,100.0,ok
prody_rfd3,Bcl-xL,25,21,21,17,94.11764705882354,100.0,94.11764705882354,100.0,17,100.0,ok
prody_rfd3,Bcl-xL,26,21,21,17,100.0,100.0,100.0,100.0,17,100.0,ok
prody_rfd3,Bcl-xL,27,21,21,17,100.0,100.0,100.0,100.0,17,100.0,ok
prody_rfd3,Bcl-xL,28,21,21,17,100.0,94.11764705882354,94.11764705882354,100.0,17,100.0,ok
prody_rfd3,Bcl-xL,29,21,21,17,100.0,94.11764705882354,94.11764705882354,100.0,17,100.0,ok
prody_rfd3,betaLG,0,16,16,15,93.33333333333333,93.33333333333333,93.33333333333333,93.33333333333333,15,100.0,ok
prody_rfd3,betaLG,1,16,16,15,100.0,100.0,100.0,100.0,15,100.0,ok
prody_rfd3,betaLG,2,16,16,15,100.0,100.0,100.0,100.0,15,100.0,ok
prody_rfd3,betaLG,3,16,16,15,93.33333333333333,100.0,93.33333333333333,100.0,15,100.0,ok
prody_rfd3,betaLG,4,16,16,15,93.33333333333333,93.33333333333333,93.33333333333333,93.33333333333333,15,100.0,ok
prody_rfd3,betaLG,5,16,16,15,100.0,100.0,100.0,100.0,15,100.0,ok
prody_rfd3,betaLG,6,16,16,15,93.33333333333333,93.33333333333333,86.66666666666667,100.0,15,100.0,ok
prody_rfd3,betaLG,7,16,16,15,93.33333333333333,100.0,93.33333333333333,100.0,15,100.0,ok
prody_rfd3,betaLG,8,16,16,15,100.0,93.33333333333333,93.33333333333333,100.0,15,100.0,ok
prody_rfd3,betaLG,9,16,16,15,100.0,100.0,100.0,100.0,15,100.0,ok
prody_rfd3,betaLG,10,16,16,15,93.33333333333333,93.33333333333333,93.33333333333333,93.33333333333333,15,100.0,ok
prody_rfd3,betaLG,11,16,16,15,100.0,100.0,100.0,100.0,15,100.0,ok
prody_rfd3,betaLG,12,16,16,15,100.0,100.0,100.0,100.0,15,100.0,ok
prody_rfd3,betaLG,13,16,16,15,100.0,100.0,100.0,100.0,15,100.0,ok
prody_rfd3,betaLG,14,16,16,15,80.0,86.66666666666667,80.0,86.66666666666667,15,100.0,ok
prody_rfd3,betaLG,15,16,16,15,100.0,100.0,100.0,100.0,15,100.0,ok
prody_rfd3,betaLG,16,16,16,15,100.0,93.33333333333333,93.33333333333333,100.0,15,100.0,ok
prody_rfd3,betaLG,17,16,16,15,100.0,100.0,100.0,100.0,15,100.0,ok
prody_rfd3,betaLG,18,16,16,15,100.0,100.0,100.0,100.0,15,100.0,ok
prody_rfd3,betaLG,19,16,16,15,100.0,93.33333333333333,93.33333333333333,100.0,15,100.0,ok
prody_rfd3,betaLG,20,16,16,15,86.66666666666667,93.33333333333333,86.66666666666667,93.33333333333333,15,100.0,ok
prody_rfd3,betaLG,21,16,16,15,100.0,93.33333333333333,93.33333333333333,100.0,15,100.0,ok
prody_rfd3,betaLG,22,16,16,15,93.33333333333333,93.33333333333333,93.33333333333333,93.33333333333333,15,100.0,ok
prody_rfd3,betaLG,23,16,16,15,100.0,100.0,100.0,100.0,15,100.0,ok
prody_rfd3,betaLG,24,16,16,15,100.0,100.0,100.0,100.0,15,100.0,ok
prody_rfd3,betaLG,25,16,16,15,100.0,100.0,100.0,100.0,15,100.0,ok
prody_rfd3,betaLG,26,16,16,15,100.0,93.33333333333333,93.33333333333333,100.0,15,100.0,ok
prody_rfd3,betaLG,27,16,16,15,93.33333333333333,100.0,93.33333333333333,100.0,15,100.0,ok
prody_rfd3,betaLG,28,16,16,15,100.0,100.0,100.0,100.0,15,100.0,ok
prody_rfd3,betaLG,29,16,16,15,93.33333333333333,93.33333333333333,93.33333333333333,93.33333333333333,15,100.0,ok
prody_rfd3,NDPK-A,0,17,17,15,100.0,86.66666666666667,86.66666666666667,100.0,15,100.0,ok
prody_rfd3,NDPK-A,1,17,17,15,93.33333333333333,73.33333333333333,73.33333333333333,93.33333333333333,15,100.0,ok
prody_rfd3,NDPK-A,2,17,17,15,80.0,66.66666666666667,66.66666666666667,80.0,15,100.0,ok
prody_rfd3,NDPK-A,3,17,17,15,100.0,80.0,80.0,100.0,15,100.0,ok
prody_rfd3,NDPK-A,4,17,17,15,86.66666666666667,66.66666666666667,66.66666666666667,86.66666666666667,15,100.0,ok
prody_rfd3,NDPK-A,5,17,17,15,86.66666666666667,53.333333333333336,53.333333333333336,86.66666666666667,15,100.0,ok
prody_rfd3,NDPK-A,6,17,17,15,86.66666666666667,80.0,80.0,86.66666666666667,15,100.0,ok
prody_rfd3,NDPK-A,7,17,17,15,86.66666666666667,80.0,80.0,86.66666666666667,15,100.0,ok
prody_rfd3,NDPK-A,8,17,17,15,80.0,66.66666666666667,66.66666666666667,80.0,15,100.0,ok
prody_rfd3,NDPK-A,9,17,17,15,100.0,93.33333333333333,93.33333333333333,100.0,15,100.0,ok
prody_rfd3,NDPK-A,10,17,17,15,86.66666666666667,66.66666666666667,66.66666666666667,86.66666666666667,15,100.0,ok
prody_rfd3,NDPK-A,11,17,17,15,80.0,66.66666666666667,66.66666666666667,80.0,15,100.0,ok
prody_rfd3,NDPK-A,12,17,17,15,86.66666666666667,66.66666666666667,66.66666666666667,86.66666666666667,15,100.0,ok
prody_rfd3,NDPK-A,13,17,17,15,80.0,73.33333333333333,73.33333333333333,80.0,15,100.0,ok
prody_rfd3,NDPK-A,14,17,17,15,80.0,73.33333333333333,66.66666666666667,86.66666666666667,15,100.0,ok
prody_rfd3,NDPK-A,15,17,17,15,86.66666666666667,73.33333333333333,73.33333333333333,86.66666666666667,15,100.0,ok
prody_rfd3,NDPK-A,16,17,17,15,100.0,80.0,80.0,100.0,15,100.0,ok
prody_rfd3,NDPK-A,17,17,17,15,100.0,86.66666666666667,86.66666666666667,100.0,15,100.0,ok
prody_rfd3,NDPK-A,18,17,17,15,86.66666666666667,73.33333333333333,73.33333333333333,86.66666666666667,15,100.0,ok
prody_rfd3,NDPK-A,19,17,17,15,93.33333333333333,86.66666666666667,86.66666666666667,93.33333333333333,15,100.0,ok
prody_rfd3,NDPK-A,20,17,17,15,93.33333333333333,80.0,80.0,93.33333333333333,15,100.0,ok
prody_rfd3,NDPK-A,21,17,17,15,100.0,86.66666666666667,86.66666666666667,100.0,15,100.0,ok
prody_rfd3,NDPK-A,22,17,17,15,93.33333333333333,66.66666666666667,66.66666666666667,93.33333333333333,15,100.0,ok
prody_rfd3,NDPK-A,23,17,17,15,93.33333333333333,86.66666666666667,86.66666666666667,93.33333333333333,15,100.0,ok
prody_rfd3,NDPK-A,24,17,17,15,100.0,73.33333333333333,73.33333333333333,100.0,15,100.0,ok
prody_rfd3,NDPK-A,25,17,17,15,93.33333333333333,93.33333333333333,93.33333333333333,93.33333333333333,15,100.0,ok
prody_rfd3,NDPK-A,26,17,17,15,86.66666666666667,66.66666666666667,66.66666666666667,86.66666666666667,15,100.0,ok
prody_rfd3,NDPK-A,27,17,17,15,86.66666666666667,73.33333333333333,73.33333333333333,86.66666666666667,15,100.0,ok
prody_rfd3,NDPK-A,28,17,17,15,93.33333333333333,73.33333333333333,73.33333333333333,93.33333333333333,15,100.0,ok
prody_rfd3,NDPK-A,29,17,17,15,93.33333333333333,86.66666666666667,86.66666666666667,93.33333333333333,15,100.0,ok
prody_rfd3,GLTP,0,8,8,6,100.0,100.0,100.0,100.0,6,100.0,ok
prody_rfd3,GLTP,1,8,8,6,100.0,100.0,100.0,100.0,6,100.0,ok
prody_rfd3,GLTP,2,8,8,6,100.0,100.0,100.0,100.0,6,100.0,ok
prody_rfd3,GLTP,3,8,8,6,100.0,100.0,100.0,100.0,6,100.0,ok
prody_rfd3,GLTP,4,8,8,6,100.0,100.0,100.0,100.0,6,100.0,ok
prody_rfd3,GLTP,5,8,8,6,100.0,100.0,100.0,100.0,6,100.0,ok
prody_rfd3,GLTP,6,8,8,6,100.0,100.0,100.0,100.0,6,100.0,ok
prody_rfd3,GLTP,7,8,8,6,100.0,100.0,100.0,100.0,6,100.0,ok
prody_rfd3,GLTP,8,8,8,6,100.0,100.0,100.0,100.0,6,100.0,ok
prody_rfd3,GLTP,9,8,8,6,100.0,100.0,100.0,100.0,6,100.0,ok
prody_rfd3,GLTP,10,8,8,6,100.0,100.0,100.0,100.0,6,100.0,ok
prody_rfd3,GLTP,11,8,8,6,100.0,100.0,100.0,100.0,6,100.0,ok
prody_rfd3,GLTP,12,8,8,6,100.0,100.0,100.0,100.0,6,100.0,ok
prody_rfd3,GLTP,13,8,8,6,100.0,100.0,100.0,100.0,6,100.0,ok
prody_rfd3,GLTP,14,8,8,6,100.0,100.0,100.0,100.0,6,100.0,ok
prody_rfd3,GLTP,15,8,8,6,100.0,100.0,100.0,100.0,6,100.0,ok
prody_rfd3,GLTP,16,8,8,6,100.0,100.0,100.0,100.0,6,100.0,ok
prody_rfd3,GLTP,17,8,8,6,100.0,100.0,100.0,100.0,6,100.0,ok
prody_rfd3,GLTP,18,8,8,6,100.0,100.0,100.0,100.0,6,100.0,ok
prody_rfd3,GLTP,19,8,8,6,100.0,100.0,100.0,100.0,6,100.0,ok
prody_rfd3,GLTP,20,8,8,6,100.0,100.0,100.0,100.0,6,100.0,ok
prody_rfd3,GLTP,21,8,8,6,100.0,100.0,100.0,100.0,6,100.0,ok
prody_rfd3,GLTP,22,8,8,6,100.0,83.33333333333333,83.33333333333333,100.0,6,100.0,ok
prody_rfd3,GLTP,23,8,8,6,100.0,100.0,100.0,100.0,6,100.0,ok
prody_rfd3,GLTP,24,8,8,6,100.0,83.33333333333333,83.33333333333333,100.0,6,100.0,ok
prody_rfd3,GLTP,25,8,8,6,100.0,100.0,100.0,100.0,6,100.0,ok
prody_rfd3,GLTP,26,8,8,6,100.0,100.0,100.0,100.0,6,100.0,ok
prody_rfd3,GLTP,27,8,8,6,100.0,100.0,100.0,100.0,6,100.0,ok
prody_rfd3,GLTP,28,8,8,6,100.0,100.0,100.0,100.0,6,100.0,ok
prody_rfd3,GLTP,29,8,8,6,100.0,100.0,100.0,100.0,6,100.0,ok
prody_rfd3,SHP2,0,19,19,17,94.11764705882354,100.0,94.11764705882354,100.0,17,100.0,ok
prody_rfd3,SHP2,1,19,19,17,94.11764705882354,100.0,94.11764705882354,100.0,17,100.0,ok
prody_rfd3,SHP2,2,19,19,17,94.11764705882354,100.0,94.11764705882354,100.0,17,100.0,ok
prody_rfd3,SHP2,3,19,19,17,88.23529411764706,100.0,88.23529411764706,100.0,17,100.0,ok
prody_rfd3,SHP2,4,19,19,17,94.11764705882354,100.0,94.11764705882354,100.0,17,100.0,ok
prody_rfd3,SHP2,5,19,19,17,100.0,100.0,100.0,100.0,17,100.0,ok
prody_rfd3,SHP2,6,19,19,17,88.23529411764706,100.0,88.23529411764706,100.0,17,100.0,ok
prody_rfd3,SHP2,7,19,19,17,88.23529411764706,100.0,88.23529411764706,100.0,17,100.0,ok
prody_rfd3,SHP2,8,19,19,17,88.23529411764706,82.3529411764706,82.3529411764706,88.23529411764706,17,100.0,ok
prody_rfd3,SHP2,9,19,19,17,94.11764705882354,100.0,94.11764705882354,100.0,17,100.0,ok
prody_rfd3,SHP2,10,19,19,17,100.0,100.0,100.0,100.0,17,100.0,ok
prody_rfd3,SHP2,11,19,19,17,100.0,94.11764705882354,94.11764705882354,100.0,17,100.0,ok
prody_rfd3,SHP2,12,19,19,17,100.0,100.0,100.0,100.0,17,100.0,ok
prody_rfd3,SHP2,13,19,19,17,94.11764705882354,94.11764705882354,94.11764705882354,94.11764705882354,17,100.0,ok
prody_rfd3,SHP2,14,19,19,17,94.11764705882354,100.0,94.11764705882354,100.0,17,100.0,ok
prody_rfd3,SHP2,15,19,19,17,94.11764705882354,100.0,94.11764705882354,100.0,17,100.0,ok
prody_rfd3,SHP2,16,19,19,17,88.23529411764706,88.23529411764706,82.3529411764706,94.11764705882354,17,100.0,ok
prody_rfd3,SHP2,17,19,19,17,88.23529411764706,94.11764705882354,88.23529411764706,94.11764705882354,17,100.0,ok
prody_rfd3,SHP2,18,19,19,17,94.11764705882354,88.23529411764706,88.23529411764706,94.11764705882354,17,100.0,ok
prody_rfd3,SHP2,19,19,19,17,94.11764705882354,100.0,94.11764705882354,100.0,17,100.0,ok
prody_rfd3,SHP2,20,19,19,17,88.23529411764706,100.0,88.23529411764706,100.0,17,100.0,ok
prody_rfd3,SHP2,21,19,19,17,94.11764705882354,100.0,94.11764705882354,100.0,17,100.0,ok
prody_rfd3,SHP2,22,19,19,17,94.11764705882354,100.0,94.11764705882354,100.0,17,100.0,ok
prody_rfd3,SHP2,23,19,19,17,88.23529411764706,88.23529411764706,88.23529411764706,88.23529411764706,17,100.0,ok
prody_rfd3,SHP2,24,19,19,17,94.11764705882354,100.0,94.11764705882354,100.0,17,100.0,ok
prody_rfd3,SHP2,25,19,19,17,94.11764705882354,100.0,94.11764705882354,100.0,17,100.0,ok
prody_rfd3,SHP2,26,19,19,17,88.23529411764706,88.23529411764706,82.3529411764706,94.11764705882354,17,100.0,ok
prody_rfd3,SHP2,27,19,19,17,94.11764705882354,100.0,94.11764705882354,100.0,17,100.0,ok
prody_rfd3,SHP2,28,19,19,17,100.0,100.0,100.0,100.0,17,100.0,ok
prody_rfd3,SHP2,29,19,19,17,94.11764705882354,100.0,94.11764705882354,100.0,17,100.0,ok
prody_rfd3,METTL14,0,22,22,18,100.0,100.0,100.0,100.0,18,100.0,ok
prody_rfd3,METTL14,1,22,22,18,100.0,100.0,100.0,100.0,18,100.0,ok
prody_rfd3,METTL14,2,22,22,18,100.0,100.0,100.0,100.0,18,100.0,ok
prody_rfd3,METTL14,3,22,22,18,100.0,100.0,100.0,100.0,18,100.0,ok
prody_rfd3,METTL14,4,22,22,18,100.0,100.0,100.0,100.0,18,100.0,ok
prody_rfd3,METTL14,5,22,22,18,100.0,100.0,100.0,100.0,18,100.0,ok
prody_rfd3,METTL14,6,22,22,18,100.0,100.0,100.0,100.0,18,100.0,ok
prody_rfd3,METTL14,7,22,22,18,100.0,100.0,100.0,100.0,18,100.0,ok
prody_rfd3,METTL14,8,22,22,18,100.0,100.0,100.0,100.0,18,100.0,ok
prody_rfd3,METTL14,9,22,22,18,100.0,100.0,100.0,100.0,18,100.0,ok
prody_rfd3,METTL14,10,22,22,18,100.0,100.0,100.0,100.0,18,100.0,ok
prody_rfd3,METTL14,11,22,22,18,100.0,100.0,100.0,100.0,18,100.0,ok
prody_rfd3,METTL14,12,22,22,18,100.0,100.0,100.0,100.0,18,100.0,ok
prody_rfd3,METTL14,13,22,22,18,100.0,100.0,100.0,100.0,18,100.0,ok
prody_rfd3,METTL14,14,22,22,18,100.0,100.0,100.0,100.0,18,100.0,ok
prody_rfd3,METTL14,15,22,22,18,100.0,100.0,100.0,100.0,18,100.0,ok
prody_rfd3,METTL14,16,22,22,18,100.0,100.0,100.0,100.0,18,100.0,ok
prody_rfd3,METTL14,17,22,22,18,100.0,100.0,100.0,100.0,18,100.0,ok
prody_rfd3,METTL14,18,22,22,18,100.0,100.0,100.0,100.0,18,100.0,ok
prody_rfd3,METTL14,19,22,22,18,100.0,100.0,100.0,100.0,18,100.0,ok
prody_rfd3,METTL14,20,22,22,18,100.0,100.0,100.0,100.0,18,100.0,ok
prody_rfd3,METTL14,21,22,22,18,100.0,100.0,100.0,100.0,18,100.0,ok
prody_rfd3,METTL14,22,22,22,18,100.0,100.0,100.0,100.0,18,100.0,ok
prody_rfd3,METTL14,23,22,22,18,100.0,100.0,100.0,100.0,18,100.0,ok
prody_rfd3,METTL14,24,22,22,18,100.0,100.0,100.0,100.0,18,100.0,ok
prody_rfd3,METTL14,25,22,22,18,100.0,100.0,100.0,100.0,18,100.0,ok
prody_rfd3,METTL14,26,22,22,18,100.0,100.0,100.0,100.0,18,100.0,ok
prody_rfd3,METTL14,27,22,22,18,100.0,100.0,100.0,100.0,18,100.0,ok
prody_rfd3,METTL14,28,22,22,18,100.0,100.0,100.0,100.0,18,100.0,ok
prody_rfd3,METTL14,29,22,22,18,100.0,100.0,100.0,100.0,18,100.0,ok
prody_rfd3,FUT8,0,22,22,20,95.0,90.0,90.0,95.0,20,100.0,ok
prody_rfd3,FUT8,1,22,22,20,95.0,90.0,90.0,95.0,20,100.0,ok
prody_rfd3,FUT8,2,22,22,20,95.0,90.0,90.0,95.0,20,100.0,ok
prody_rfd3,FUT8,3,22,22,20,95.0,90.0,90.0,95.0,20,100.0,ok
prody_rfd3,FUT8,4,22,22,20,95.0,90.0,90.0,95.0,20,100.0,ok
prody_rfd3,FUT8,5,22,22,20,100.0,95.0,95.0,100.0,20,100.0,ok
prody_rfd3,FUT8,6,22,22,20,100.0,95.0,95.0,100.0,20,100.0,ok
prody_rfd3,FUT8,7,22,22,20,95.0,90.0,90.0,95.0,20,100.0,ok
prody_rfd3,FUT8,8,22,22,20,95.0,90.0,90.0,95.0,20,100.0,ok
prody_rfd3,FUT8,9,22,22,20,100.0,95.0,95.0,100.0,20,100.0,ok
prody_rfd3,FUT8,10,22,22,20,95.0,90.0,90.0,95.0,20,100.0,ok
prody_rfd3,FUT8,11,22,22,20,95.0,90.0,90.0,95.0,20,100.0,ok
prody_rfd3,FUT8,12,22,22,20,100.0,95.0,95.0,100.0,20,100.0,ok
prody_rfd3,FUT8,13,22,22,20,95.0,90.0,90.0,95.0,20,100.0,ok
prody_rfd3,FUT8,14,22,22,20,100.0,95.0,95.0,100.0,20,100.0,ok
prody_rfd3,FUT8,15,22,22,20,95.0,90.0,90.0,95.0,20,100.0,ok
prody_rfd3,FUT8,16,22,22,20,95.0,90.0,90.0,95.0,20,100.0,ok
prody_rfd3,FUT8,17,22,22,20,95.0,90.0,90.0,95.0,20,100.0,ok
prody_rfd3,FUT8,18,22,22,20,100.0,95.0,95.0,100.0,20,100.0,ok
prody_rfd3,FUT8,19,22,22,20,95.0,90.0,90.0,95.0,20,100.0,ok
prody_rfd3,FUT8,20,22,22,20,95.0,90.0,90.0,95.0,20,100.0,ok
prody_rfd3,FUT8,21,22,22,20,95.0,90.0,90.0,95.0,20,100.0,ok
prody_rfd3,FUT8,22,22,22,20,95.0,90.0,90.0,95.0,20,100.0,ok
prody_rfd3,FUT8,23,22,22,20,95.0,90.0,90.0,95.0,20,100.0,ok
prody_rfd3,FUT8,24,22,22,20,100.0,95.0,95.0,100.0,20,100.0,ok
prody_rfd3,FUT8,25,22,22,20,100.0,95.0,95.0,100.0,20,100.0,ok
prody_rfd3,FUT8,26,22,22,20,100.0,95.0,95.0,100.0,20,100.0,ok
prody_rfd3,FUT8,27,22,22,20,100.0,95.0,95.0,100.0,20,100.0,ok
prody_rfd3,FUT8,28,22,22,20,100.0,95.0,95.0,100.0,20,100.0,ok
prody_rfd3,FUT8,29,22,22,20,100.0,95.0,95.0,100.0,20,100.0,ok
rosetta_repack,p53_Y220C,0,19,19,18,100.0,100.0,100.0,100.0,18,100.0,ok
rosetta_repack,p53_Y220C,1,19,19,18,100.0,100.0,100.0,100.0,18,100.0,ok
rosetta_repack,p53_Y220C,2,19,19,18,100.0,100.0,100.0,100.0,18,100.0,ok
rosetta_repack,p53_Y220C,3,19,19,18,100.0,100.0,100.0,100.0,18,100.0,ok
rosetta_repack,p53_Y220C,4,19,19,18,100.0,100.0,100.0,100.0,18,100.0,ok
rosetta_repack,p53_Y220C,5,19,19,18,100.0,100.0,100.0,100.0,18,100.0,ok
rosetta_repack,p53_Y220C,6,19,19,18,100.0,100.0,100.0,100.0,18,100.0,ok
rosetta_repack,p53_Y220C,7,19,19,18,100.0,100.0,100.0,100.0,18,100.0,ok
rosetta_repack,p53_Y220C,8,19,19,18,100.0,100.0,100.0,100.0,18,100.0,ok
rosetta_repack,p53_Y220C,9,19,19,18,100.0,100.0,100.0,100.0,18,100.0,ok
rosetta_repack,p53_Y220C,10,19,19,18,100.0,100.0,100.0,100.0,18,100.0,ok
rosetta_repack,p53_Y220C,11,19,19,18,100.0,100.0,100.0,100.0,18,100.0,ok
rosetta_repack,p53_Y220C,12,19,19,18,100.0,100.0,100.0,100.0,18,100.0,ok
rosetta_repack,p53_Y220C,13,19,19,18,100.0,100.0,100.0,100.0,18,100.0,ok
rosetta_repack,p53_Y220C,14,19,19,18,100.0,100.0,100.0,100.0,18,100.0,ok
rosetta_repack,p53_Y220C,15,19,19,18,100.0,100.0,100.0,100.0,18,100.0,ok
rosetta_repack,p53_Y220C,16,19,19,18,100.0,100.0,100.0,100.0,18,100.0,ok
rosetta_repack,p53_Y220C,17,19,19,18,100.0,100.0,100.0,100.0,18,100.0,ok
rosetta_repack,p53_Y220C,18,19,19,18,100.0,100.0,100.0,100.0,18,100.0,ok
rosetta_repack,p53_Y220C,19,19,19,18,100.0,100.0,100.0,100.0,18,100.0,ok
rosetta_repack,p53_Y220C,20,19,19,18,100.0,100.0,100.0,100.0,18,100.0,ok
rosetta_repack,p53_Y220C,21,19,19,18,100.0,100.0,100.0,100.0,18,100.0,ok
rosetta_repack,p53_Y220C,22,19,19,18,100.0,100.0,100.0,100.0,18,100.0,ok
rosetta_repack,p53_Y220C,23,19,19,18,100.0,100.0,100.0,100.0,18,100.0,ok
rosetta_repack,p53_Y220C,24,19,19,18,100.0,100.0,100.0,100.0,18,100.0,ok
rosetta_repack,p53_Y220C,25,19,19,18,100.0,100.0,100.0,100.0,18,100.0,ok
rosetta_repack,p53_Y220C,26,19,19,18,100.0,100.0,100.0,100.0,18,100.0,ok
rosetta_repack,p53_Y220C,27,19,19,18,100.0,100.0,100.0,100.0,18,100.0,ok
rosetta_repack,p53_Y220C,28,19,19,18,100.0,100.0,100.0,100.0,18,100.0,ok
rosetta_repack,p53_Y220C,29,19,19,18,100.0,100.0,100.0,100.0,18,100.0,ok
rosetta_fastrelax,p53_Y220C,0,19,19,18,100.0,100.0,100.0,100.0,18,100.0,ok
rosetta_fastrelax,p53_Y220C,1,19,19,18,100.0,100.0,100.0,100.0,18,100.0,ok
rosetta_fastrelax,p53_Y220C,2,19,19,18,100.0,100.0,100.0,100.0,18,100.0,ok
rosetta_fastrelax,p53_Y220C,3,19,19,18,100.0,100.0,100.0,100.0,18,100.0,ok
rosetta_fastrelax,p53_Y220C,4,19,19,18,100.0,100.0,100.0,100.0,18,100.0,ok
rosetta_fastrelax,p53_Y220C,5,19,19,18,100.0,94.44444444444444,94.44444444444444,100.0,18,100.0,ok
rosetta_fastrelax,p53_Y220C,6,19,19,18,100.0,100.0,100.0,100.0,18,100.0,ok
rosetta_fastrelax,p53_Y220C,7,19,19,18,100.0,94.44444444444444,94.44444444444444,100.0,18,100.0,ok
rosetta_fastrelax,p53_Y220C,8,19,19,18,100.0,100.0,100.0,100.0,18,100.0,ok
rosetta_fastrelax,p53_Y220C,9,19,19,18,100.0,100.0,100.0,100.0,18,100.0,ok
rosetta_fastrelax,p53_Y220C,10,19,19,18,100.0,100.0,100.0,100.0,18,100.0,ok
rosetta_fastrelax,p53_Y220C,11,19,19,18,100.0,100.0,100.0,100.0,18,100.0,ok
rosetta_fastrelax,p53_Y220C,12,19,19,18,100.0,100.0,100.0,100.0,18,100.0,ok
rosetta_fastrelax,p53_Y220C,13,19,19,18,100.0,100.0,100.0,100.0,18,100.0,ok
rosetta_fastrelax,p53_Y220C,14,19,19,18,100.0,100.0,100.0,100.0,18,100.0,ok
rosetta_fastrelax,p53_Y220C,15,19,19,18,100.0,94.44444444444444,94.44444444444444,100.0,18,100.0,ok
rosetta_fastrelax,p53_Y220C,16,19,19,18,100.0,100.0,100.0,100.0,18,100.0,ok
rosetta_fastrelax,p53_Y220C,17,19,19,18,100.0,100.0,100.0,100.0,18,100.0,ok
rosetta_fastrelax,p53_Y220C,18,19,19,18,100.0,100.0,100.0,100.0,18,100.0,ok
rosetta_fastrelax,p53_Y220C,19,19,19,18,100.0,100.0,100.0,100.0,18,100.0,ok
rosetta_fastrelax,p53_Y220C,20,19,19,18,100.0,100.0,100.0,100.0,18,100.0,ok
rosetta_fastrelax,p53_Y220C,21,19,19,18,100.0,100.0,100.0,100.0,18,100.0,ok
rosetta_fastrelax,p53_Y220C,22,19,19,18,100.0,100.0,100.0,100.0,18,100.0,ok
rosetta_fastrelax,p53_Y220C,23,19,19,18,100.0,100.0,100.0,100.0,18,100.0,ok
rosetta_fastrelax,p53_Y220C,24,19,19,18,100.0,100.0,100.0,100.0,18,100.0,ok
rosetta_fastrelax,p53_Y220C,25,19,19,18,100.0,100.0,100.0,100.0,18,100.0,ok
rosetta_fastrelax,p53_Y220C,26,19,19,18,100.0,100.0,100.0,100.0,18,100.0,ok
rosetta_fastrelax,p53_Y220C,27,19,19,18,100.0,100.0,100.0,100.0,18,100.0,ok
rosetta_fastrelax,p53_Y220C,28,19,19,18,100.0,100.0,100.0,100.0,18,100.0,ok
rosetta_fastrelax,p53_Y220C,29,19,19,18,100.0,94.44444444444444,94.44444444444444,100.0,18,100.0,ok
rosetta_repack,CB1,0,28,28,20,90.0,90.0,90.0,90.0,20,100.0,ok
rosetta_repack,CB1,1,28,28,20,90.0,90.0,90.0,90.0,20,100.0,ok
rosetta_repack,CB1,2,28,28,20,100.0,100.0,100.0,100.0,20,100.0,ok
rosetta_repack,CB1,3,28,28,20,100.0,100.0,100.0,100.0,20,100.0,ok
rosetta_repack,CB1,4,28,28,20,100.0,100.0,100.0,100.0,20,100.0,ok
rosetta_repack,CB1,5,28,28,20,100.0,100.0,100.0,100.0,20,100.0,ok
rosetta_repack,CB1,6,28,28,20,100.0,100.0,100.0,100.0,20,100.0,ok
rosetta_repack,CB1,7,28,28,20,90.0,90.0,90.0,90.0,20,100.0,ok
rosetta_repack,CB1,8,28,28,20,100.0,100.0,100.0,100.0,20,100.0,ok
rosetta_repack,CB1,9,28,28,20,100.0,100.0,100.0,100.0,20,100.0,ok
rosetta_repack,CB1,10,28,28,20,90.0,90.0,90.0,90.0,20,100.0,ok
rosetta_repack,CB1,11,28,28,20,100.0,100.0,100.0,100.0,20,100.0,ok
rosetta_repack,CB1,12,28,28,20,100.0,100.0,100.0,100.0,20,100.0,ok
rosetta_repack,CB1,13,28,28,20,100.0,100.0,100.0,100.0,20,100.0,ok
rosetta_repack,CB1,14,28,28,20,90.0,90.0,90.0,90.0,20,100.0,ok
rosetta_repack,CB1,15,28,28,20,90.0,90.0,90.0,90.0,20,100.0,ok
rosetta_repack,CB1,16,28,28,20,100.0,100.0,100.0,100.0,20,100.0,ok
rosetta_repack,CB1,17,28,28,20,100.0,100.0,100.0,100.0,20,100.0,ok
rosetta_repack,CB1,18,28,28,20,90.0,90.0,90.0,90.0,20,100.0,ok
rosetta_repack,CB1,19,28,28,20,100.0,100.0,100.0,100.0,20,100.0,ok
rosetta_repack,CB1,20,28,28,20,100.0,100.0,100.0,100.0,20,100.0,ok
rosetta_repack,CB1,21,28,28,20,100.0,100.0,100.0,100.0,20,100.0,ok
rosetta_repack,CB1,22,28,28,20,100.0,100.0,100.0,100.0,20,100.0,ok
rosetta_repack,CB1,23,28,28,20,100.0,100.0,100.0,100.0,20,100.0,ok
rosetta_repack,CB1,24,28,28,20,100.0,100.0,100.0,100.0,20,100.0,ok
rosetta_repack,CB1,25,28,28,20,90.0,90.0,90.0,90.0,20,100.0,ok
rosetta_repack,CB1,26,28,28,20,100.0,100.0,100.0,100.0,20,100.0,ok
rosetta_repack,CB1,27,28,28,20,100.0,100.0,100.0,100.0,20,100.0,ok
rosetta_repack,CB1,28,28,28,20,90.0,90.0,90.0,90.0,20,100.0,ok
rosetta_repack,CB1,29,28,28,20,100.0,100.0,100.0,100.0,20,100.0,ok
rosetta_fastrelax,CB1,0,28,28,20,85.0,80.0,75.0,90.0,20,100.0,ok
rosetta_fastrelax,CB1,1,28,28,20,85.0,85.0,85.0,85.0,20,100.0,ok
rosetta_fastrelax,CB1,2,28,28,20,85.0,85.0,85.0,85.0,20,100.0,ok
rosetta_fastrelax,CB1,3,28,28,20,85.0,80.0,75.0,90.0,20,100.0,ok
rosetta_fastrelax,CB1,4,28,28,20,80.0,80.0,75.0,85.0,20,100.0,ok
rosetta_fastrelax,CB1,5,28,28,20,85.0,80.0,80.0,85.0,20,100.0,ok
rosetta_fastrelax,CB1,6,28,28,20,80.0,70.0,70.0,80.0,20,100.0,ok
rosetta_fastrelax,CB1,7,28,28,20,90.0,85.0,80.0,95.0,20,100.0,ok
rosetta_fastrelax,CB1,8,28,28,20,85.0,80.0,80.0,85.0,20,100.0,ok
rosetta_fastrelax,CB1,9,28,28,20,85.0,85.0,85.0,85.0,20,100.0,ok
rosetta_fastrelax,CB1,10,28,28,20,90.0,80.0,80.0,90.0,20,100.0,ok
rosetta_fastrelax,CB1,11,28,28,20,90.0,90.0,90.0,90.0,20,100.0,ok
rosetta_fastrelax,CB1,12,28,28,20,80.0,80.0,75.0,85.0,20,100.0,ok
rosetta_fastrelax,CB1,13,28,28,20,85.0,80.0,80.0,85.0,20,100.0,ok
rosetta_fastrelax,CB1,14,28,28,20,95.0,90.0,90.0,95.0,20,100.0,ok
rosetta_fastrelax,CB1,15,28,28,20,85.0,80.0,80.0,85.0,20,100.0,ok
rosetta_fastrelax,CB1,16,28,28,20,80.0,80.0,75.0,85.0,20,100.0,ok
rosetta_fastrelax,CB1,17,28,28,20,80.0,75.0,70.0,85.0,20,100.0,ok
rosetta_fastrelax,CB1,18,28,28,20,80.0,70.0,70.0,80.0,20,100.0,ok
rosetta_fastrelax,CB1,19,28,28,20,75.0,85.0,75.0,85.0,20,100.0,ok
rosetta_fastrelax,CB1,20,28,28,20,90.0,85.0,85.0,90.0,20,100.0,ok
rosetta_fastrelax,CB1,21,28,28,20,90.0,85.0,85.0,90.0,20,100.0,ok
rosetta_fastrelax,CB1,22,28,28,20,80.0,85.0,80.0,85.0,20,100.0,ok
rosetta_fastrelax,CB1,23,28,28,20,85.0,85.0,85.0,85.0,20,100.0,ok
rosetta_fastrelax,CB1,24,28,28,20,80.0,75.0,75.0,80.0,20,100.0,ok
rosetta_fastrelax,CB1,25,28,28,20,85.0,85.0,85.0,85.0,20,100.0,ok
rosetta_fastrelax,CB1,26,28,28,20,90.0,85.0,85.0,90.0,20,100.0,ok
rosetta_fastrelax,CB1,27,28,28,20,85.0,85.0,85.0,85.0,20,100.0,ok
rosetta_fastrelax,CB1,28,28,28,20,85.0,85.0,80.0,90.0,20,100.0,ok
rosetta_fastrelax,CB1,29,28,28,20,85.0,80.0,80.0,85.0,20,100.0,ok
rosetta_repack,KRAS,0,21,21,15,100.0,100.0,100.0,100.0,15,100.0,ok
rosetta_repack,KRAS,1,21,21,15,100.0,100.0,100.0,100.0,15,100.0,ok
rosetta_repack,KRAS,2,21,21,15,100.0,100.0,100.0,100.0,15,100.0,ok
rosetta_repack,KRAS,3,21,21,15,100.0,100.0,100.0,100.0,15,100.0,ok
rosetta_repack,KRAS,4,21,21,15,100.0,100.0,100.0,100.0,15,100.0,ok
rosetta_repack,KRAS,5,21,21,15,100.0,100.0,100.0,100.0,15,100.0,ok
rosetta_repack,KRAS,6,21,21,15,100.0,100.0,100.0,100.0,15,100.0,ok
rosetta_repack,KRAS,7,21,21,15,100.0,100.0,100.0,100.0,15,100.0,ok
rosetta_repack,KRAS,8,21,21,15,100.0,100.0,100.0,100.0,15,100.0,ok
rosetta_repack,KRAS,9,21,21,15,100.0,100.0,100.0,100.0,15,100.0,ok
rosetta_repack,KRAS,10,21,21,15,100.0,100.0,100.0,100.0,15,100.0,ok
rosetta_repack,KRAS,11,21,21,15,100.0,100.0,100.0,100.0,15,100.0,ok
rosetta_repack,KRAS,12,21,21,15,100.0,100.0,100.0,100.0,15,100.0,ok
rosetta_repack,KRAS,13,21,21,15,100.0,100.0,100.0,100.0,15,100.0,ok
rosetta_repack,KRAS,14,21,21,15,100.0,100.0,100.0,100.0,15,100.0,ok
rosetta_repack,KRAS,15,21,21,15,100.0,100.0,100.0,100.0,15,100.0,ok
rosetta_repack,KRAS,16,21,21,15,100.0,100.0,100.0,100.0,15,100.0,ok
rosetta_repack,KRAS,17,21,21,15,100.0,100.0,100.0,100.0,15,100.0,ok
rosetta_repack,KRAS,18,21,21,15,100.0,100.0,100.0,100.0,15,100.0,ok
rosetta_repack,KRAS,19,21,21,15,100.0,100.0,100.0,100.0,15,100.0,ok
rosetta_repack,KRAS,20,21,21,15,100.0,100.0,100.0,100.0,15,100.0,ok
rosetta_repack,KRAS,21,21,21,15,100.0,100.0,100.0,100.0,15,100.0,ok
rosetta_repack,KRAS,22,21,21,15,100.0,100.0,100.0,100.0,15,100.0,ok
rosetta_repack,KRAS,23,21,21,15,100.0,100.0,100.0,100.0,15,100.0,ok
rosetta_repack,KRAS,24,21,21,15,100.0,100.0,100.0,100.0,15,100.0,ok
rosetta_repack,KRAS,25,21,21,15,100.0,100.0,100.0,100.0,15,100.0,ok
rosetta_repack,KRAS,26,21,21,15,100.0,100.0,100.0,100.0,15,100.0,ok
rosetta_repack,KRAS,27,21,21,15,100.0,100.0,100.0,100.0,15,100.0,ok
rosetta_repack,KRAS,28,21,21,15,100.0,100.0,100.0,100.0,15,100.0,ok
rosetta_repack,KRAS,29,21,21,15,100.0,100.0,100.0,100.0,15,100.0,ok
rosetta_fastrelax,KRAS,0,21,21,15,100.0,93.33333333333333,93.33333333333333,100.0,15,100.0,ok
rosetta_fastrelax,KRAS,1,21,21,15,100.0,86.66666666666667,86.66666666666667,100.0,15,100.0,ok
rosetta_fastrelax,KRAS,2,21,21,15,100.0,86.66666666666667,86.66666666666667,100.0,15,100.0,ok
rosetta_fastrelax,KRAS,3,21,21,15,100.0,86.66666666666667,86.66666666666667,100.0,15,100.0,ok
rosetta_fastrelax,KRAS,4,21,21,15,100.0,86.66666666666667,86.66666666666667,100.0,15,100.0,ok
rosetta_fastrelax,KRAS,5,21,21,15,100.0,86.66666666666667,86.66666666666667,100.0,15,100.0,ok
rosetta_fastrelax,KRAS,6,21,21,15,93.33333333333333,93.33333333333333,93.33333333333333,93.33333333333333,15,100.0,ok
rosetta_fastrelax,KRAS,7,21,21,15,100.0,86.66666666666667,86.66666666666667,100.0,15,100.0,ok
rosetta_fastrelax,KRAS,8,21,21,15,100.0,86.66666666666667,86.66666666666667,100.0,15,100.0,ok
rosetta_fastrelax,KRAS,9,21,21,15,100.0,93.33333333333333,93.33333333333333,100.0,15,100.0,ok
rosetta_fastrelax,KRAS,10,21,21,15,100.0,93.33333333333333,93.33333333333333,100.0,15,100.0,ok
rosetta_fastrelax,KRAS,11,21,21,15,86.66666666666667,80.0,80.0,86.66666666666667,15,100.0,ok
rosetta_fastrelax,KRAS,12,21,21,15,100.0,86.66666666666667,86.66666666666667,100.0,15,100.0,ok
rosetta_fastrelax,KRAS,13,21,21,15,100.0,93.33333333333333,93.33333333333333,100.0,15,100.0,ok
rosetta_fastrelax,KRAS,14,21,21,15,100.0,93.33333333333333,93.33333333333333,100.0,15,100.0,ok
rosetta_fastrelax,KRAS,15,21,21,15,100.0,93.33333333333333,93.33333333333333,100.0,15,100.0,ok
rosetta_fastrelax,KRAS,16,21,21,15,100.0,86.66666666666667,86.66666666666667,100.0,15,100.0,ok
rosetta_fastrelax,KRAS,17,21,21,15,100.0,93.33333333333333,93.33333333333333,100.0,15,100.0,ok
rosetta_fastrelax,KRAS,18,21,21,15,100.0,93.33333333333333,93.33333333333333,100.0,15,100.0,ok
rosetta_fastrelax,KRAS,19,21,21,15,93.33333333333333,86.66666666666667,86.66666666666667,93.33333333333333,15,100.0,ok
rosetta_fastrelax,KRAS,20,21,21,15,100.0,86.66666666666667,86.66666666666667,100.0,15,100.0,ok
rosetta_fastrelax,KRAS,21,21,21,15,100.0,86.66666666666667,86.66666666666667,100.0,15,100.0,ok
rosetta_fastrelax,KRAS,22,21,21,15,100.0,86.66666666666667,86.66666666666667,100.0,15,100.0,ok
rosetta_fastrelax,KRAS,23,21,21,15,100.0,86.66666666666667,86.66666666666667,100.0,15,100.0,ok
rosetta_fastrelax,KRAS,24,21,21,15,100.0,93.33333333333333,93.33333333333333,100.0,15,100.0,ok
rosetta_fastrelax,KRAS,25,21,21,15,86.66666666666667,80.0,80.0,86.66666666666667,15,100.0,ok
rosetta_fastrelax,KRAS,26,21,21,15,100.0,86.66666666666667,86.66666666666667,100.0,15,100.0,ok
rosetta_fastrelax,KRAS,27,21,21,15,93.33333333333333,80.0,80.0,93.33333333333333,15,100.0,ok
rosetta_fastrelax,KRAS,28,21,21,15,100.0,86.66666666666667,86.66666666666667,100.0,15,100.0,ok
rosetta_fastrelax,KRAS,29,21,21,15,100.0,86.66666666666667,86.66666666666667,100.0,15,100.0,ok
rosetta_repack,cAbl,0,23,23,16,100.0,100.0,100.0,100.0,16,100.0,ok
rosetta_repack,cAbl,1,23,23,16,100.0,100.0,100.0,100.0,16,100.0,ok
rosetta_repack,cAbl,2,23,23,16,100.0,100.0,100.0,100.0,16,100.0,ok
rosetta_repack,cAbl,3,23,23,16,100.0,100.0,100.0,100.0,16,100.0,ok
rosetta_repack,cAbl,4,23,23,16,100.0,100.0,100.0,100.0,16,100.0,ok
rosetta_repack,cAbl,5,23,23,16,100.0,100.0,100.0,100.0,16,100.0,ok
rosetta_repack,cAbl,6,23,23,16,100.0,100.0,100.0,100.0,16,100.0,ok
rosetta_repack,cAbl,7,23,23,16,100.0,100.0,100.0,100.0,16,100.0,ok
rosetta_repack,cAbl,8,23,23,16,100.0,100.0,100.0,100.0,16,100.0,ok
rosetta_repack,cAbl,9,23,23,16,100.0,100.0,100.0,100.0,16,100.0,ok
rosetta_repack,cAbl,10,23,23,16,100.0,100.0,100.0,100.0,16,100.0,ok
rosetta_repack,cAbl,11,23,23,16,93.75,87.5,87.5,93.75,16,100.0,ok
rosetta_repack,cAbl,12,23,23,16,100.0,100.0,100.0,100.0,16,100.0,ok
rosetta_repack,cAbl,13,23,23,16,100.0,100.0,100.0,100.0,16,100.0,ok
rosetta_repack,cAbl,14,23,23,16,100.0,100.0,100.0,100.0,16,100.0,ok
rosetta_repack,cAbl,15,23,23,16,100.0,100.0,100.0,100.0,16,100.0,ok
rosetta_repack,cAbl,16,23,23,16,100.0,100.0,100.0,100.0,16,100.0,ok
rosetta_repack,cAbl,17,23,23,16,100.0,100.0,100.0,100.0,16,100.0,ok
rosetta_repack,cAbl,18,23,23,16,100.0,100.0,100.0,100.0,16,100.0,ok
rosetta_repack,cAbl,19,23,23,16,100.0,100.0,100.0,100.0,16,100.0,ok
rosetta_repack,cAbl,20,23,23,16,100.0,100.0,100.0,100.0,16,100.0,ok
rosetta_repack,cAbl,21,23,23,16,100.0,100.0,100.0,100.0,16,100.0,ok
rosetta_repack,cAbl,22,23,23,16,100.0,100.0,100.0,100.0,16,100.0,ok
rosetta_repack,cAbl,23,23,23,16,100.0,100.0,100.0,100.0,16,100.0,ok
rosetta_repack,cAbl,24,23,23,16,100.0,100.0,100.0,100.0,16,100.0,ok
rosetta_repack,cAbl,25,23,23,16,100.0,100.0,100.0,100.0,16,100.0,ok
rosetta_repack,cAbl,26,23,23,16,100.0,100.0,100.0,100.0,16,100.0,ok
rosetta_repack,cAbl,27,23,23,16,100.0,100.0,100.0,100.0,16,100.0,ok
rosetta_repack,cAbl,28,23,23,16,100.0,100.0,100.0,100.0,16,100.0,ok
rosetta_repack,cAbl,29,23,23,16,100.0,100.0,100.0,100.0,16,100.0,ok
rosetta_fastrelax,cAbl,0,23,23,16,100.0,93.75,93.75,100.0,16,100.0,ok
rosetta_fastrelax,cAbl,1,23,23,16,100.0,93.75,93.75,100.0,16,100.0,ok
rosetta_fastrelax,cAbl,2,23,23,16,100.0,93.75,93.75,100.0,16,100.0,ok
rosetta_fastrelax,cAbl,3,23,23,16,100.0,87.5,87.5,100.0,16,100.0,ok
rosetta_fastrelax,cAbl,4,23,23,16,100.0,100.0,100.0,100.0,16,100.0,ok
rosetta_fastrelax,cAbl,5,23,23,16,100.0,81.25,81.25,100.0,16,100.0,ok
rosetta_fastrelax,cAbl,6,23,23,16,100.0,93.75,93.75,100.0,16,100.0,ok
rosetta_fastrelax,cAbl,7,23,23,16,100.0,93.75,93.75,100.0,16,100.0,ok
rosetta_fastrelax,cAbl,8,23,23,16,100.0,93.75,93.75,100.0,16,100.0,ok
rosetta_fastrelax,cAbl,9,23,23,16,100.0,93.75,93.75,100.0,16,100.0,ok
rosetta_fastrelax,cAbl,10,23,23,16,100.0,93.75,93.75,100.0,16,100.0,ok
rosetta_fastrelax,cAbl,11,23,23,16,100.0,93.75,93.75,100.0,16,100.0,ok
rosetta_fastrelax,cAbl,12,23,23,16,100.0,81.25,81.25,100.0,16,100.0,ok
rosetta_fastrelax,cAbl,13,23,23,16,100.0,93.75,93.75,100.0,16,100.0,ok
rosetta_fastrelax,cAbl,14,23,23,16,100.0,93.75,93.75,100.0,16,100.0,ok
rosetta_fastrelax,cAbl,15,23,23,16,100.0,93.75,93.75,100.0,16,100.0,ok
rosetta_fastrelax,cAbl,16,23,23,16,100.0,93.75,93.75,100.0,16,100.0,ok
rosetta_fastrelax,cAbl,17,23,23,16,100.0,87.5,87.5,100.0,16,100.0,ok
rosetta_fastrelax,cAbl,18,23,23,16,100.0,93.75,93.75,100.0,16,100.0,ok
rosetta_fastrelax,cAbl,19,23,23,16,93.75,93.75,87.5,100.0,16,100.0,ok
rosetta_fastrelax,cAbl,20,23,23,16,100.0,81.25,81.25,100.0,16,100.0,ok
rosetta_fastrelax,cAbl,21,23,23,16,100.0,93.75,93.75,100.0,16,100.0,ok
rosetta_fastrelax,cAbl,22,23,23,16,100.0,100.0,100.0,100.0,16,100.0,ok
rosetta_fastrelax,cAbl,23,23,23,16,100.0,87.5,87.5,100.0,16,100.0,ok
rosetta_fastrelax,cAbl,24,23,23,16,100.0,100.0,100.0,100.0,16,100.0,ok
rosetta_fastrelax,cAbl,25,23,23,16,93.75,93.75,87.5,100.0,16,100.0,ok
rosetta_fastrelax,cAbl,26,23,23,16,100.0,93.75,93.75,100.0,16,100.0,ok
rosetta_fastrelax,cAbl,27,23,23,16,100.0,81.25,81.25,100.0,16,100.0,ok
rosetta_fastrelax,cAbl,28,23,23,16,93.75,93.75,87.5,100.0,16,100.0,ok
rosetta_fastrelax,cAbl,29,23,23,16,93.75,93.75,87.5,100.0,16,100.0,ok
rosetta_repack,HIF2alpha,0,21,21,20,95.0,95.0,95.0,95.0,20,100.0,ok
rosetta_repack,HIF2alpha,1,21,21,20,100.0,100.0,100.0,100.0,20,100.0,ok
rosetta_repack,HIF2alpha,2,21,21,20,100.0,100.0,100.0,100.0,20,100.0,ok
rosetta_repack,HIF2alpha,3,21,21,20,95.0,95.0,95.0,95.0,20,100.0,ok
rosetta_repack,HIF2alpha,4,21,21,20,95.0,95.0,95.0,95.0,20,100.0,ok
rosetta_repack,HIF2alpha,5,21,21,20,100.0,100.0,100.0,100.0,20,100.0,ok
rosetta_repack,HIF2alpha,6,21,21,20,95.0,95.0,95.0,95.0,20,100.0,ok
rosetta_repack,HIF2alpha,7,21,21,20,100.0,100.0,100.0,100.0,20,100.0,ok
rosetta_repack,HIF2alpha,8,21,21,20,100.0,100.0,100.0,100.0,20,100.0,ok
rosetta_repack,HIF2alpha,9,21,21,20,95.0,95.0,95.0,95.0,20,100.0,ok
rosetta_repack,HIF2alpha,10,21,21,20,95.0,95.0,95.0,95.0,20,100.0,ok
rosetta_repack,HIF2alpha,11,21,21,20,95.0,95.0,95.0,95.0,20,100.0,ok
rosetta_repack,HIF2alpha,12,21,21,20,95.0,95.0,95.0,95.0,20,100.0,ok
rosetta_repack,HIF2alpha,13,21,21,20,95.0,95.0,95.0,95.0,20,100.0,ok
rosetta_repack,HIF2alpha,14,21,21,20,95.0,95.0,95.0,95.0,20,100.0,ok
rosetta_repack,HIF2alpha,15,21,21,20,95.0,95.0,95.0,95.0,20,100.0,ok
rosetta_repack,HIF2alpha,16,21,21,20,95.0,95.0,95.0,95.0,20,100.0,ok
rosetta_repack,HIF2alpha,17,21,21,20,95.0,95.0,95.0,95.0,20,100.0,ok
rosetta_repack,HIF2alpha,18,21,21,20,95.0,95.0,95.0,95.0,20,100.0,ok
rosetta_repack,HIF2alpha,19,21,21,20,100.0,100.0,100.0,100.0,20,100.0,ok
rosetta_repack,HIF2alpha,20,21,21,20,100.0,100.0,100.0,100.0,20,100.0,ok
rosetta_repack,HIF2alpha,21,21,21,20,95.0,95.0,95.0,95.0,20,100.0,ok
rosetta_repack,HIF2alpha,22,21,21,20,95.0,95.0,95.0,95.0,20,100.0,ok
rosetta_repack,HIF2alpha,23,21,21,20,100.0,100.0,100.0,100.0,20,100.0,ok
rosetta_repack,HIF2alpha,24,21,21,20,100.0,100.0,100.0,100.0,20,100.0,ok
rosetta_repack,HIF2alpha,25,21,21,20,95.0,95.0,95.0,95.0,20,100.0,ok
rosetta_repack,HIF2alpha,26,21,21,20,100.0,100.0,100.0,100.0,20,100.0,ok
rosetta_repack,HIF2alpha,27,21,21,20,95.0,95.0,95.0,95.0,20,100.0,ok
rosetta_repack,HIF2alpha,28,21,21,20,95.0,95.0,95.0,95.0,20,100.0,ok
rosetta_repack,HIF2alpha,29,21,21,20,100.0,100.0,100.0,100.0,20,100.0,ok
rosetta_fastrelax,HIF2alpha,0,21,21,20,95.0,95.0,95.0,95.0,20,100.0,ok
rosetta_fastrelax,HIF2alpha,1,21,21,20,95.0,95.0,95.0,95.0,20,100.0,ok
rosetta_fastrelax,HIF2alpha,2,21,21,20,95.0,95.0,95.0,95.0,20,100.0,ok
rosetta_fastrelax,HIF2alpha,3,21,21,20,95.0,95.0,95.0,95.0,20,100.0,ok
rosetta_fastrelax,HIF2alpha,4,21,21,20,100.0,100.0,100.0,100.0,20,100.0,ok
rosetta_fastrelax,HIF2alpha,5,21,21,20,95.0,95.0,95.0,95.0,20,100.0,ok
rosetta_fastrelax,HIF2alpha,6,21,21,20,100.0,100.0,100.0,100.0,20,100.0,ok
rosetta_fastrelax,HIF2alpha,7,21,21,20,95.0,95.0,95.0,95.0,20,100.0,ok
rosetta_fastrelax,HIF2alpha,8,21,21,20,100.0,100.0,100.0,100.0,20,100.0,ok
rosetta_fastrelax,HIF2alpha,9,21,21,20,100.0,100.0,100.0,100.0,20,100.0,ok
rosetta_fastrelax,HIF2alpha,10,21,21,20,95.0,95.0,95.0,95.0,20,100.0,ok
rosetta_fastrelax,HIF2alpha,11,21,21,20,95.0,95.0,95.0,95.0,20,100.0,ok
rosetta_fastrelax,HIF2alpha,12,21,21,20,100.0,100.0,100.0,100.0,20,100.0,ok
rosetta_fastrelax,HIF2alpha,13,21,21,20,95.0,95.0,95.0,95.0,20,100.0,ok
rosetta_fastrelax,HIF2alpha,14,21,21,20,95.0,95.0,95.0,95.0,20,100.0,ok
rosetta_fastrelax,HIF2alpha,15,21,21,20,100.0,100.0,100.0,100.0,20,100.0,ok
rosetta_fastrelax,HIF2alpha,16,21,21,20,95.0,95.0,95.0,95.0,20,100.0,ok
rosetta_fastrelax,HIF2alpha,17,21,21,20,95.0,95.0,95.0,95.0,20,100.0,ok
rosetta_fastrelax,HIF2alpha,18,21,21,20,95.0,95.0,95.0,95.0,20,100.0,ok
rosetta_fastrelax,HIF2alpha,19,21,21,20,100.0,100.0,100.0,100.0,20,100.0,ok
rosetta_fastrelax,HIF2alpha,20,21,21,20,95.0,95.0,95.0,95.0,20,100.0,ok
rosetta_fastrelax,HIF2alpha,21,21,21,20,95.0,95.0,95.0,95.0,20,100.0,ok
rosetta_fastrelax,HIF2alpha,22,21,21,20,95.0,95.0,95.0,95.0,20,100.0,ok
rosetta_fastrelax,HIF2alpha,23,21,21,20,95.0,95.0,95.0,95.0,20,100.0,ok
rosetta_fastrelax,HIF2alpha,24,21,21,20,100.0,100.0,100.0,100.0,20,100.0,ok
rosetta_fastrelax,HIF2alpha,25,21,21,20,95.0,95.0,95.0,95.0,20,100.0,ok
rosetta_fastrelax,HIF2alpha,26,21,21,20,95.0,95.0,95.0,95.0,20,100.0,ok
rosetta_fastrelax,HIF2alpha,27,21,21,20,95.0,95.0,95.0,95.0,20,100.0,ok
rosetta_fastrelax,HIF2alpha,28,21,21,20,95.0,95.0,95.0,95.0,20,100.0,ok
rosetta_fastrelax,HIF2alpha,29,21,21,20,95.0,95.0,95.0,95.0,20,100.0,ok
rosetta_repack,HIV_RT,0,19,19,11,100.0,100.0,100.0,100.0,11,100.0,ok
rosetta_repack,HIV_RT,1,19,19,11,100.0,100.0,100.0,100.0,11,100.0,ok
rosetta_repack,HIV_RT,2,19,19,11,100.0,100.0,100.0,100.0,11,100.0,ok
rosetta_repack,HIV_RT,3,19,19,11,100.0,100.0,100.0,100.0,11,100.0,ok
rosetta_repack,HIV_RT,4,19,19,11,100.0,100.0,100.0,100.0,11,100.0,ok
rosetta_repack,HIV_RT,5,19,19,11,100.0,100.0,100.0,100.0,11,100.0,ok
rosetta_repack,HIV_RT,6,19,19,11,100.0,100.0,100.0,100.0,11,100.0,ok
rosetta_repack,HIV_RT,7,19,19,11,100.0,100.0,100.0,100.0,11,100.0,ok
rosetta_repack,HIV_RT,8,19,19,11,100.0,100.0,100.0,100.0,11,100.0,ok
rosetta_repack,HIV_RT,9,19,19,11,100.0,100.0,100.0,100.0,11,100.0,ok
rosetta_repack,HIV_RT,10,19,19,11,100.0,100.0,100.0,100.0,11,100.0,ok
rosetta_repack,HIV_RT,11,19,19,11,100.0,100.0,100.0,100.0,11,100.0,ok
rosetta_repack,HIV_RT,12,19,19,11,100.0,100.0,100.0,100.0,11,100.0,ok
rosetta_repack,HIV_RT,13,19,19,11,100.0,100.0,100.0,100.0,11,100.0,ok
rosetta_repack,HIV_RT,14,19,19,11,100.0,100.0,100.0,100.0,11,100.0,ok
rosetta_repack,HIV_RT,15,19,19,11,100.0,100.0,100.0,100.0,11,100.0,ok
rosetta_repack,HIV_RT,16,19,19,11,100.0,100.0,100.0,100.0,11,100.0,ok
rosetta_repack,HIV_RT,17,19,19,11,100.0,100.0,100.0,100.0,11,100.0,ok
rosetta_repack,HIV_RT,18,19,19,11,100.0,100.0,100.0,100.0,11,100.0,ok
rosetta_repack,HIV_RT,19,19,19,11,100.0,100.0,100.0,100.0,11,100.0,ok
rosetta_repack,HIV_RT,20,19,19,11,100.0,100.0,100.0,100.0,11,100.0,ok
rosetta_repack,HIV_RT,21,19,19,11,100.0,100.0,100.0,100.0,11,100.0,ok
rosetta_repack,HIV_RT,22,19,19,11,100.0,100.0,100.0,100.0,11,100.0,ok
rosetta_repack,HIV_RT,23,19,19,11,100.0,100.0,100.0,100.0,11,100.0,ok
rosetta_repack,HIV_RT,24,19,19,11,100.0,100.0,100.0,100.0,11,100.0,ok
rosetta_repack,HIV_RT,25,19,19,11,100.0,100.0,100.0,100.0,11,100.0,ok
rosetta_repack,HIV_RT,26,19,19,11,100.0,100.0,100.0,100.0,11,100.0,ok
rosetta_repack,HIV_RT,27,19,19,11,100.0,100.0,100.0,100.0,11,100.0,ok
rosetta_repack,HIV_RT,28,19,19,11,100.0,100.0,100.0,100.0,11,100.0,ok
rosetta_repack,HIV_RT,29,19,19,11,100.0,100.0,100.0,100.0,11,100.0,ok
rosetta_fastrelax,HIV_RT,0,19,19,11,100.0,100.0,100.0,100.0,11,100.0,ok
rosetta_fastrelax,HIV_RT,1,19,19,11,100.0,100.0,100.0,100.0,11,100.0,ok
rosetta_fastrelax,HIV_RT,2,19,19,11,100.0,100.0,100.0,100.0,11,100.0,ok
rosetta_fastrelax,HIV_RT,3,19,19,11,100.0,90.9090909090909,90.9090909090909,100.0,11,100.0,ok
rosetta_fastrelax,HIV_RT,4,19,19,11,100.0,100.0,100.0,100.0,11,100.0,ok
rosetta_fastrelax,HIV_RT,5,19,19,11,100.0,100.0,100.0,100.0,11,100.0,ok
rosetta_fastrelax,HIV_RT,6,19,19,11,100.0,100.0,100.0,100.0,11,100.0,ok
rosetta_fastrelax,HIV_RT,7,19,19,11,100.0,100.0,100.0,100.0,11,100.0,ok
rosetta_fastrelax,HIV_RT,8,19,19,11,100.0,90.9090909090909,90.9090909090909,100.0,11,100.0,ok
rosetta_fastrelax,HIV_RT,9,19,19,11,100.0,90.9090909090909,90.9090909090909,100.0,11,100.0,ok
rosetta_fastrelax,HIV_RT,10,19,19,11,100.0,100.0,100.0,100.0,11,100.0,ok
rosetta_fastrelax,HIV_RT,11,19,19,11,100.0,100.0,100.0,100.0,11,100.0,ok
rosetta_fastrelax,HIV_RT,12,19,19,11,100.0,100.0,100.0,100.0,11,100.0,ok
rosetta_fastrelax,HIV_RT,13,19,19,11,100.0,100.0,100.0,100.0,11,100.0,ok
rosetta_fastrelax,HIV_RT,14,19,19,11,100.0,100.0,100.0,100.0,11,100.0,ok
rosetta_fastrelax,HIV_RT,15,19,19,11,100.0,90.9090909090909,90.9090909090909,100.0,11,100.0,ok
rosetta_fastrelax,HIV_RT,16,19,19,11,100.0,90.9090909090909,90.9090909090909,100.0,11,100.0,ok
rosetta_fastrelax,HIV_RT,17,19,19,11,100.0,100.0,100.0,100.0,11,100.0,ok
rosetta_fastrelax,HIV_RT,18,19,19,11,100.0,100.0,100.0,100.0,11,100.0,ok
rosetta_fastrelax,HIV_RT,19,19,19,11,100.0,90.9090909090909,90.9090909090909,100.0,11,100.0,ok
rosetta_fastrelax,HIV_RT,20,19,19,11,100.0,100.0,100.0,100.0,11,100.0,ok
rosetta_fastrelax,HIV_RT,21,19,19,11,90.9090909090909,100.0,90.9090909090909,100.0,11,100.0,ok
rosetta_fastrelax,HIV_RT,22,19,19,11,100.0,100.0,100.0,100.0,11,100.0,ok
rosetta_fastrelax,HIV_RT,23,19,19,11,100.0,100.0,100.0,100.0,11,100.0,ok
rosetta_fastrelax,HIV_RT,24,19,19,11,100.0,100.0,100.0,100.0,11,100.0,ok
rosetta_fastrelax,HIV_RT,25,19,19,11,100.0,100.0,100.0,100.0,11,100.0,ok
rosetta_fastrelax,HIV_RT,26,19,19,11,100.0,100.0,100.0,100.0,11,100.0,ok
rosetta_fastrelax,HIV_RT,27,19,19,11,100.0,90.9090909090909,90.9090909090909,100.0,11,100.0,ok
rosetta_fastrelax,HIV_RT,28,19,19,11,100.0,90.9090909090909,90.9090909090909,100.0,11,100.0,ok
rosetta_fastrelax,HIV_RT,29,19,19,11,100.0,100.0,100.0,100.0,11,100.0,ok
rosetta_repack,HIV1_CA,0,16,16,14,100.0,92.85714285714286,92.85714285714286,100.0,14,100.0,ok
rosetta_repack,HIV1_CA,1,16,16,14,100.0,92.85714285714286,92.85714285714286,100.0,14,100.0,ok
rosetta_repack,HIV1_CA,2,16,16,14,100.0,92.85714285714286,92.85714285714286,100.0,14,100.0,ok
rosetta_repack,HIV1_CA,3,16,16,14,100.0,92.85714285714286,92.85714285714286,100.0,14,100.0,ok
rosetta_repack,HIV1_CA,4,16,16,14,100.0,92.85714285714286,92.85714285714286,100.0,14,100.0,ok
rosetta_repack,HIV1_CA,5,16,16,14,100.0,92.85714285714286,92.85714285714286,100.0,14,100.0,ok
rosetta_repack,HIV1_CA,6,16,16,14,100.0,92.85714285714286,92.85714285714286,100.0,14,100.0,ok
rosetta_repack,HIV1_CA,7,16,16,14,100.0,92.85714285714286,92.85714285714286,100.0,14,100.0,ok
rosetta_repack,HIV1_CA,8,16,16,14,100.0,92.85714285714286,92.85714285714286,100.0,14,100.0,ok
rosetta_repack,HIV1_CA,9,16,16,14,100.0,92.85714285714286,92.85714285714286,100.0,14,100.0,ok
rosetta_repack,HIV1_CA,10,16,16,14,100.0,100.0,100.0,100.0,14,100.0,ok
rosetta_repack,HIV1_CA,11,16,16,14,100.0,92.85714285714286,92.85714285714286,100.0,14,100.0,ok
rosetta_repack,HIV1_CA,12,16,16,14,100.0,92.85714285714286,92.85714285714286,100.0,14,100.0,ok
rosetta_repack,HIV1_CA,13,16,16,14,100.0,92.85714285714286,92.85714285714286,100.0,14,100.0,ok
rosetta_repack,HIV1_CA,14,16,16,14,100.0,92.85714285714286,92.85714285714286,100.0,14,100.0,ok
rosetta_repack,HIV1_CA,15,16,16,14,100.0,92.85714285714286,92.85714285714286,100.0,14,100.0,ok
rosetta_repack,HIV1_CA,16,16,16,14,100.0,100.0,100.0,100.0,14,100.0,ok
rosetta_repack,HIV1_CA,17,16,16,14,100.0,92.85714285714286,92.85714285714286,100.0,14,100.0,ok
rosetta_repack,HIV1_CA,18,16,16,14,100.0,92.85714285714286,92.85714285714286,100.0,14,100.0,ok
rosetta_repack,HIV1_CA,19,16,16,14,100.0,92.85714285714286,92.85714285714286,100.0,14,100.0,ok
rosetta_repack,HIV1_CA,20,16,16,14,100.0,92.85714285714286,92.85714285714286,100.0,14,100.0,ok
rosetta_repack,HIV1_CA,21,16,16,14,100.0,92.85714285714286,92.85714285714286,100.0,14,100.0,ok
rosetta_repack,HIV1_CA,22,16,16,14,100.0,92.85714285714286,92.85714285714286,100.0,14,100.0,ok
rosetta_repack,HIV1_CA,23,16,16,14,100.0,92.85714285714286,92.85714285714286,100.0,14,100.0,ok
rosetta_repack,HIV1_CA,24,16,16,14,100.0,92.85714285714286,92.85714285714286,100.0,14,100.0,ok
rosetta_repack,HIV1_CA,25,16,16,14,100.0,92.85714285714286,92.85714285714286,100.0,14,100.0,ok
rosetta_repack,HIV1_CA,26,16,16,14,100.0,92.85714285714286,92.85714285714286,100.0,14,100.0,ok
rosetta_repack,HIV1_CA,27,16,16,14,100.0,92.85714285714286,92.85714285714286,100.0,14,100.0,ok
rosetta_repack,HIV1_CA,28,16,16,14,100.0,92.85714285714286,92.85714285714286,100.0,14,100.0,ok
rosetta_repack,HIV1_CA,29,16,16,14,100.0,92.85714285714286,92.85714285714286,100.0,14,100.0,ok
rosetta_fastrelax,HIV1_CA,0,16,16,14,92.85714285714286,92.85714285714286,92.85714285714286,92.85714285714286,14,100.0,ok
rosetta_fastrelax,HIV1_CA,1,16,16,14,92.85714285714286,85.71428571428571,85.71428571428571,92.85714285714286,14,100.0,ok
rosetta_fastrelax,HIV1_CA,2,16,16,14,100.0,85.71428571428571,85.71428571428571,100.0,14,100.0,ok
rosetta_fastrelax,HIV1_CA,3,16,16,14,100.0,100.0,100.0,100.0,14,100.0,ok
rosetta_fastrelax,HIV1_CA,4,16,16,14,100.0,100.0,100.0,100.0,14,100.0,ok
rosetta_fastrelax,HIV1_CA,5,16,16,14,92.85714285714286,92.85714285714286,92.85714285714286,92.85714285714286,14,100.0,ok
rosetta_fastrelax,HIV1_CA,6,16,16,14,92.85714285714286,92.85714285714286,92.85714285714286,92.85714285714286,14,100.0,ok
rosetta_fastrelax,HIV1_CA,7,16,16,14,100.0,92.85714285714286,92.85714285714286,100.0,14,100.0,ok
rosetta_fastrelax,HIV1_CA,8,16,16,14,100.0,92.85714285714286,92.85714285714286,100.0,14,100.0,ok
rosetta_fastrelax,HIV1_CA,9,16,16,14,100.0,92.85714285714286,92.85714285714286,100.0,14,100.0,ok
rosetta_fastrelax,HIV1_CA,10,16,16,14,100.0,100.0,100.0,100.0,14,100.0,ok
rosetta_fastrelax,HIV1_CA,11,16,16,14,100.0,100.0,100.0,100.0,14,100.0,ok
rosetta_fastrelax,HIV1_CA,12,16,16,14,100.0,92.85714285714286,92.85714285714286,100.0,14,100.0,ok
rosetta_fastrelax,HIV1_CA,13,16,16,14,100.0,92.85714285714286,92.85714285714286,100.0,14,100.0,ok
rosetta_fastrelax,HIV1_CA,14,16,16,14,100.0,100.0,100.0,100.0,14,100.0,ok
rosetta_fastrelax,HIV1_CA,15,16,16,14,100.0,92.85714285714286,92.85714285714286,100.0,14,100.0,ok
rosetta_fastrelax,HIV1_CA,16,16,16,14,92.85714285714286,92.85714285714286,92.85714285714286,92.85714285714286,14,100.0,ok
rosetta_fastrelax,HIV1_CA,17,16,16,14,100.0,100.0,100.0,100.0,14,100.0,ok
rosetta_fastrelax,HIV1_CA,18,16,16,14,100.0,100.0,100.0,100.0,14,100.0,ok
rosetta_fastrelax,HIV1_CA,19,16,16,14,100.0,100.0,100.0,100.0,14,100.0,ok
rosetta_fastrelax,HIV1_CA,20,16,16,14,100.0,100.0,100.0,100.0,14,100.0,ok
rosetta_fastrelax,HIV1_CA,21,16,16,14,100.0,92.85714285714286,92.85714285714286,100.0,14,100.0,ok
rosetta_fastrelax,HIV1_CA,22,16,16,14,100.0,100.0,100.0,100.0,14,100.0,ok
rosetta_fastrelax,HIV1_CA,23,16,16,14,100.0,100.0,100.0,100.0,14,100.0,ok
rosetta_fastrelax,HIV1_CA,24,16,16,14,100.0,100.0,100.0,100.0,14,100.0,ok
rosetta_fastrelax,HIV1_CA,25,16,16,14,100.0,100.0,100.0,100.0,14,100.0,ok
rosetta_fastrelax,HIV1_CA,26,16,16,14,92.85714285714286,92.85714285714286,92.85714285714286,92.85714285714286,14,100.0,ok
rosetta_fastrelax,HIV1_CA,27,16,16,14,100.0,100.0,100.0,100.0,14,100.0,ok
rosetta_fastrelax,HIV1_CA,28,16,16,14,100.0,100.0,100.0,100.0,14,100.0,ok
rosetta_fastrelax,HIV1_CA,29,16,16,14,100.0,92.85714285714286,92.85714285714286,100.0,14,100.0,ok
rosetta_repack,Menin,0,14,14,14,100.0,100.0,100.0,100.0,14,100.0,ok
rosetta_repack,Menin,1,14,14,14,92.85714285714286,92.85714285714286,85.71428571428571,100.0,14,100.0,ok
rosetta_repack,Menin,2,14,14,14,100.0,100.0,100.0,100.0,14,100.0,ok
rosetta_repack,Menin,3,14,14,14,92.85714285714286,100.0,92.85714285714286,100.0,14,100.0,ok
rosetta_repack,Menin,4,14,14,14,100.0,100.0,100.0,100.0,14,100.0,ok
rosetta_repack,Menin,5,14,14,14,100.0,100.0,100.0,100.0,14,100.0,ok
rosetta_repack,Menin,6,14,14,14,100.0,100.0,100.0,100.0,14,100.0,ok
rosetta_repack,Menin,7,14,14,14,100.0,100.0,100.0,100.0,14,100.0,ok
rosetta_repack,Menin,8,14,14,14,100.0,100.0,100.0,100.0,14,100.0,ok
rosetta_repack,Menin,9,14,14,14,100.0,100.0,100.0,100.0,14,100.0,ok
rosetta_repack,Menin,10,14,14,14,100.0,100.0,100.0,100.0,14,100.0,ok
rosetta_repack,Menin,11,14,14,14,100.0,100.0,100.0,100.0,14,100.0,ok
rosetta_repack,Menin,12,14,14,14,92.85714285714286,100.0,92.85714285714286,100.0,14,100.0,ok
rosetta_repack,Menin,13,14,14,14,100.0,100.0,100.0,100.0,14,100.0,ok
rosetta_repack,Menin,14,14,14,14,92.85714285714286,100.0,92.85714285714286,100.0,14,100.0,ok
rosetta_repack,Menin,15,14,14,14,100.0,100.0,100.0,100.0,14,100.0,ok
rosetta_repack,Menin,16,14,14,14,92.85714285714286,92.85714285714286,92.85714285714286,92.85714285714286,14,100.0,ok
rosetta_repack,Menin,17,14,14,14,100.0,100.0,100.0,100.0,14,100.0,ok
rosetta_repack,Menin,18,14,14,14,92.85714285714286,100.0,92.85714285714286,100.0,14,100.0,ok
rosetta_repack,Menin,19,14,14,14,100.0,100.0,100.0,100.0,14,100.0,ok
rosetta_repack,Menin,20,14,14,14,100.0,100.0,100.0,100.0,14,100.0,ok
rosetta_repack,Menin,21,14,14,14,100.0,100.0,100.0,100.0,14,100.0,ok
rosetta_repack,Menin,22,14,14,14,100.0,100.0,100.0,100.0,14,100.0,ok
rosetta_repack,Menin,23,14,14,14,92.85714285714286,100.0,92.85714285714286,100.0,14,100.0,ok
rosetta_repack,Menin,24,14,14,14,85.71428571428571,85.71428571428571,78.57142857142857,92.85714285714286,14,100.0,ok
rosetta_repack,Menin,25,14,14,14,92.85714285714286,100.0,92.85714285714286,100.0,14,100.0,ok
rosetta_repack,Menin,26,14,14,14,92.85714285714286,100.0,92.85714285714286,100.0,14,100.0,ok
rosetta_repack,Menin,27,14,14,14,92.85714285714286,92.85714285714286,85.71428571428571,100.0,14,100.0,ok
rosetta_repack,Menin,28,14,14,14,92.85714285714286,92.85714285714286,85.71428571428571,100.0,14,100.0,ok
rosetta_repack,Menin,29,14,14,14,100.0,100.0,100.0,100.0,14,100.0,ok
rosetta_fastrelax,Menin,0,14,14,14,92.85714285714286,85.71428571428571,78.57142857142857,100.0,14,100.0,ok
rosetta_fastrelax,Menin,1,14,14,14,100.0,100.0,100.0,100.0,14,100.0,ok
rosetta_fastrelax,Menin,2,14,14,14,92.85714285714286,92.85714285714286,92.85714285714286,92.85714285714286,14,100.0,ok
rosetta_fastrelax,Menin,3,14,14,14,78.57142857142857,78.57142857142857,78.57142857142857,78.57142857142857,14,100.0,ok
rosetta_fastrelax,Menin,4,14,14,14,85.71428571428571,85.71428571428571,78.57142857142857,92.85714285714286,14,100.0,ok
rosetta_fastrelax,Menin,5,14,14,14,92.85714285714286,85.71428571428571,85.71428571428571,92.85714285714286,14,100.0,ok
rosetta_fastrelax,Menin,6,14,14,14,92.85714285714286,85.71428571428571,78.57142857142857,100.0,14,100.0,ok
rosetta_fastrelax,Menin,7,14,14,14,92.85714285714286,100.0,92.85714285714286,100.0,14,100.0,ok
rosetta_fastrelax,Menin,8,14,14,14,92.85714285714286,85.71428571428571,85.71428571428571,92.85714285714286,14,100.0,ok
rosetta_fastrelax,Menin,9,14,14,14,100.0,100.0,100.0,100.0,14,100.0,ok
rosetta_fastrelax,Menin,10,14,14,14,100.0,100.0,100.0,100.0,14,100.0,ok
rosetta_fastrelax,Menin,11,14,14,14,92.85714285714286,92.85714285714286,85.71428571428571,100.0,14,100.0,ok
rosetta_fastrelax,Menin,12,14,14,14,92.85714285714286,92.85714285714286,92.85714285714286,92.85714285714286,14,100.0,ok
rosetta_fastrelax,Menin,13,14,14,14,100.0,100.0,100.0,100.0,14,100.0,ok
rosetta_fastrelax,Menin,14,14,14,14,92.85714285714286,100.0,92.85714285714286,100.0,14,100.0,ok
rosetta_fastrelax,Menin,15,14,14,14,100.0,92.85714285714286,92.85714285714286,100.0,14,100.0,ok
rosetta_fastrelax,Menin,16,14,14,14,92.85714285714286,92.85714285714286,92.85714285714286,92.85714285714286,14,100.0,ok
rosetta_fastrelax,Menin,17,14,14,14,92.85714285714286,92.85714285714286,92.85714285714286,92.85714285714286,14,100.0,ok
rosetta_fastrelax,Menin,18,14,14,14,100.0,100.0,100.0,100.0,14,100.0,ok
rosetta_fastrelax,Menin,19,14,14,14,92.85714285714286,92.85714285714286,85.71428571428571,100.0,14,100.0,ok
rosetta_fastrelax,Menin,20,14,14,14,92.85714285714286,92.85714285714286,85.71428571428571,100.0,14,100.0,ok
rosetta_fastrelax,Menin,21,14,14,14,92.85714285714286,92.85714285714286,85.71428571428571,100.0,14,100.0,ok
rosetta_fastrelax,Menin,22,14,14,14,85.71428571428571,92.85714285714286,85.71428571428571,92.85714285714286,14,100.0,ok
rosetta_fastrelax,Menin,23,14,14,14,92.85714285714286,85.71428571428571,78.57142857142857,100.0,14,100.0,ok
rosetta_fastrelax,Menin,24,14,14,14,92.85714285714286,92.85714285714286,85.71428571428571,100.0,14,100.0,ok
rosetta_fastrelax,Menin,25,14,14,14,92.85714285714286,92.85714285714286,85.71428571428571,100.0,14,100.0,ok
rosetta_fastrelax,Menin,26,14,14,14,92.85714285714286,85.71428571428571,85.71428571428571,92.85714285714286,14,100.0,ok
rosetta_fastrelax,Menin,27,14,14,14,92.85714285714286,100.0,92.85714285714286,100.0,14,100.0,ok
rosetta_fastrelax,Menin,28,14,14,14,100.0,100.0,100.0,100.0,14,100.0,ok
rosetta_fastrelax,Menin,29,14,14,14,92.85714285714286,100.0,92.85714285714286,100.0,14,100.0,ok
rosetta_repack,GCGR,0,25,25,8,100.0,100.0,100.0,100.0,8,100.0,ok
rosetta_repack,GCGR,1,25,25,8,100.0,100.0,100.0,100.0,8,100.0,ok
rosetta_repack,GCGR,2,25,25,8,100.0,100.0,100.0,100.0,8,100.0,ok
rosetta_repack,GCGR,3,25,25,8,100.0,100.0,100.0,100.0,8,100.0,ok
rosetta_repack,GCGR,4,25,25,8,100.0,100.0,100.0,100.0,8,100.0,ok
rosetta_repack,GCGR,5,25,25,8,100.0,100.0,100.0,100.0,8,100.0,ok
rosetta_repack,GCGR,6,25,25,8,100.0,100.0,100.0,100.0,8,100.0,ok
rosetta_repack,GCGR,7,25,25,8,100.0,100.0,100.0,100.0,8,100.0,ok
rosetta_repack,GCGR,8,25,25,8,100.0,100.0,100.0,100.0,8,100.0,ok
rosetta_repack,GCGR,9,25,25,8,100.0,100.0,100.0,100.0,8,100.0,ok
rosetta_repack,GCGR,10,25,25,8,100.0,100.0,100.0,100.0,8,100.0,ok
rosetta_repack,GCGR,11,25,25,8,100.0,100.0,100.0,100.0,8,100.0,ok
rosetta_repack,GCGR,12,25,25,8,100.0,100.0,100.0,100.0,8,100.0,ok
rosetta_repack,GCGR,13,25,25,8,100.0,100.0,100.0,100.0,8,100.0,ok
rosetta_repack,GCGR,14,25,25,8,100.0,100.0,100.0,100.0,8,100.0,ok
rosetta_repack,GCGR,15,25,25,8,100.0,100.0,100.0,100.0,8,100.0,ok
rosetta_repack,GCGR,16,25,25,8,100.0,100.0,100.0,100.0,8,100.0,ok
rosetta_repack,GCGR,17,25,25,8,100.0,100.0,100.0,100.0,8,100.0,ok
rosetta_repack,GCGR,18,25,25,8,100.0,100.0,100.0,100.0,8,100.0,ok
rosetta_repack,GCGR,19,25,25,8,100.0,100.0,100.0,100.0,8,100.0,ok
rosetta_repack,GCGR,20,25,25,8,100.0,100.0,100.0,100.0,8,100.0,ok
rosetta_repack,GCGR,21,25,25,8,100.0,100.0,100.0,100.0,8,100.0,ok
rosetta_repack,GCGR,22,25,25,8,100.0,100.0,100.0,100.0,8,100.0,ok
rosetta_repack,GCGR,23,25,25,8,100.0,100.0,100.0,100.0,8,100.0,ok
rosetta_repack,GCGR,24,25,25,8,100.0,100.0,100.0,100.0,8,100.0,ok
rosetta_repack,GCGR,25,25,25,8,100.0,100.0,100.0,100.0,8,100.0,ok
rosetta_repack,GCGR,26,25,25,8,100.0,100.0,100.0,100.0,8,100.0,ok
rosetta_repack,GCGR,27,25,25,8,100.0,100.0,100.0,100.0,8,100.0,ok
rosetta_repack,GCGR,28,25,25,8,100.0,100.0,100.0,100.0,8,100.0,ok
rosetta_repack,GCGR,29,25,25,8,100.0,100.0,100.0,100.0,8,100.0,ok
rosetta_fastrelax,GCGR,0,25,25,8,100.0,75.0,75.0,100.0,8,100.0,ok
rosetta_fastrelax,GCGR,1,25,25,8,87.5,100.0,87.5,100.0,8,100.0,ok
rosetta_fastrelax,GCGR,2,25,25,8,100.0,100.0,100.0,100.0,8,100.0,ok
rosetta_fastrelax,GCGR,3,25,25,8,75.0,87.5,62.5,100.0,8,100.0,ok
rosetta_fastrelax,GCGR,4,25,25,8,75.0,75.0,62.5,87.5,8,100.0,ok
rosetta_fastrelax,GCGR,5,25,25,8,87.5,75.0,75.0,87.5,8,100.0,ok
rosetta_fastrelax,GCGR,6,25,25,8,100.0,87.5,87.5,100.0,8,100.0,ok
rosetta_fastrelax,GCGR,7,25,25,8,87.5,100.0,87.5,100.0,8,100.0,ok
rosetta_fastrelax,GCGR,8,25,25,8,87.5,75.0,75.0,87.5,8,100.0,ok
rosetta_fastrelax,GCGR,9,25,25,8,100.0,87.5,87.5,100.0,8,100.0,ok
rosetta_fastrelax,GCGR,10,25,25,8,87.5,87.5,75.0,100.0,8,100.0,ok
rosetta_fastrelax,GCGR,11,25,25,8,100.0,87.5,87.5,100.0,8,100.0,ok
rosetta_fastrelax,GCGR,12,25,25,8,100.0,87.5,87.5,100.0,8,100.0,ok
rosetta_fastrelax,GCGR,13,25,25,8,100.0,100.0,100.0,100.0,8,100.0,ok
rosetta_fastrelax,GCGR,14,25,25,8,87.5,87.5,75.0,100.0,8,100.0,ok
rosetta_fastrelax,GCGR,15,25,25,8,100.0,62.5,62.5,100.0,8,100.0,ok
rosetta_fastrelax,GCGR,16,25,25,8,62.5,62.5,50.0,75.0,8,100.0,ok
rosetta_fastrelax,GCGR,17,25,25,8,87.5,50.0,50.0,87.5,8,100.0,ok
rosetta_fastrelax,GCGR,18,25,25,8,75.0,75.0,62.5,87.5,8,100.0,ok
rosetta_fastrelax,GCGR,19,25,25,8,87.5,75.0,75.0,87.5,8,100.0,ok
rosetta_fastrelax,GCGR,20,25,25,8,100.0,100.0,100.0,100.0,8,100.0,ok
rosetta_fastrelax,GCGR,21,25,25,8,87.5,100.0,87.5,100.0,8,100.0,ok
rosetta_fastrelax,GCGR,22,25,25,8,87.5,75.0,75.0,87.5,8,100.0,ok
rosetta_fastrelax,GCGR,23,25,25,8,100.0,75.0,75.0,100.0,8,100.0,ok
rosetta_fastrelax,GCGR,24,25,25,8,87.5,87.5,75.0,100.0,8,100.0,ok
rosetta_fastrelax,GCGR,25,25,25,8,100.0,100.0,100.0,100.0,8,100.0,ok
rosetta_fastrelax,GCGR,26,25,25,8,100.0,75.0,75.0,100.0,8,100.0,ok
rosetta_fastrelax,GCGR,27,25,25,8,75.0,62.5,62.5,75.0,8,100.0,ok
rosetta_fastrelax,GCGR,28,25,25,8,100.0,75.0,75.0,100.0,8,100.0,ok
rosetta_fastrelax,GCGR,29,25,25,8,100.0,62.5,62.5,100.0,8,100.0,ok
rosetta_repack,THSR,0,26,26,25,100.0,100.0,100.0,100.0,25,100.0,ok
rosetta_repack,THSR,1,26,26,25,100.0,100.0,100.0,100.0,25,100.0,ok
rosetta_repack,THSR,2,26,26,25,100.0,100.0,100.0,100.0,25,100.0,ok
rosetta_repack,THSR,3,26,26,25,100.0,100.0,100.0,100.0,25,100.0,ok
rosetta_repack,THSR,4,26,26,25,100.0,100.0,100.0,100.0,25,100.0,ok
rosetta_repack,THSR,5,26,26,25,100.0,100.0,100.0,100.0,25,100.0,ok
rosetta_repack,THSR,6,26,26,25,100.0,100.0,100.0,100.0,25,100.0,ok
rosetta_repack,THSR,7,26,26,25,100.0,100.0,100.0,100.0,25,100.0,ok
rosetta_repack,THSR,8,26,26,25,100.0,100.0,100.0,100.0,25,100.0,ok
rosetta_repack,THSR,9,26,26,25,100.0,100.0,100.0,100.0,25,100.0,ok
rosetta_repack,THSR,10,26,26,25,100.0,100.0,100.0,100.0,25,100.0,ok
rosetta_repack,THSR,11,26,26,25,100.0,100.0,100.0,100.0,25,100.0,ok
rosetta_repack,THSR,12,26,26,25,100.0,100.0,100.0,100.0,25,100.0,ok
rosetta_repack,THSR,13,26,26,25,100.0,100.0,100.0,100.0,25,100.0,ok
rosetta_repack,THSR,14,26,26,25,100.0,100.0,100.0,100.0,25,100.0,ok
rosetta_repack,THSR,15,26,26,25,100.0,100.0,100.0,100.0,25,100.0,ok
rosetta_repack,THSR,16,26,26,25,100.0,100.0,100.0,100.0,25,100.0,ok
rosetta_repack,THSR,17,26,26,25,100.0,100.0,100.0,100.0,25,100.0,ok
rosetta_repack,THSR,18,26,26,25,100.0,100.0,100.0,100.0,25,100.0,ok
rosetta_repack,THSR,19,26,26,25,100.0,100.0,100.0,100.0,25,100.0,ok
rosetta_repack,THSR,20,26,26,25,100.0,100.0,100.0,100.0,25,100.0,ok
rosetta_repack,THSR,21,26,26,25,100.0,100.0,100.0,100.0,25,100.0,ok
rosetta_repack,THSR,22,26,26,25,100.0,100.0,100.0,100.0,25,100.0,ok
rosetta_repack,THSR,23,26,26,25,100.0,100.0,100.0,100.0,25,100.0,ok
rosetta_repack,THSR,24,26,26,25,100.0,100.0,100.0,100.0,25,100.0,ok
rosetta_repack,THSR,25,26,26,25,100.0,100.0,100.0,100.0,25,100.0,ok
rosetta_repack,THSR,26,26,26,25,100.0,100.0,100.0,100.0,25,100.0,ok
rosetta_repack,THSR,27,26,26,25,100.0,100.0,100.0,100.0,25,100.0,ok
rosetta_repack,THSR,28,26,26,25,100.0,100.0,100.0,100.0,25,100.0,ok
rosetta_repack,THSR,29,26,26,25,100.0,100.0,100.0,100.0,25,100.0,ok
rosetta_fastrelax,THSR,0,26,26,25,88.0,96.0,88.0,96.0,25,100.0,ok
rosetta_fastrelax,THSR,1,26,26,25,88.0,88.0,84.0,92.0,25,100.0,ok
rosetta_fastrelax,THSR,2,26,26,25,96.0,100.0,96.0,100.0,25,100.0,ok
rosetta_fastrelax,THSR,3,26,26,25,96.0,92.0,92.0,96.0,25,100.0,ok
rosetta_fastrelax,THSR,4,26,26,25,92.0,96.0,92.0,96.0,25,100.0,ok
rosetta_fastrelax,THSR,5,26,26,25,92.0,96.0,92.0,96.0,25,100.0,ok
rosetta_fastrelax,THSR,6,26,26,25,88.0,96.0,88.0,96.0,25,100.0,ok
rosetta_fastrelax,THSR,7,26,26,25,88.0,96.0,84.0,100.0,25,100.0,ok
rosetta_fastrelax,THSR,8,26,26,25,92.0,96.0,88.0,100.0,25,100.0,ok
rosetta_fastrelax,THSR,9,26,26,25,80.0,92.0,80.0,92.0,25,100.0,ok
rosetta_fastrelax,THSR,10,26,26,25,96.0,96.0,96.0,96.0,25,100.0,ok
rosetta_fastrelax,THSR,11,26,26,25,100.0,92.0,92.0,100.0,25,100.0,ok
rosetta_fastrelax,THSR,12,26,26,25,92.0,96.0,92.0,96.0,25,100.0,ok
rosetta_fastrelax,THSR,13,26,26,25,92.0,96.0,92.0,96.0,25,100.0,ok
rosetta_fastrelax,THSR,14,26,26,25,92.0,96.0,92.0,96.0,25,100.0,ok
rosetta_fastrelax,THSR,15,26,26,25,92.0,96.0,92.0,96.0,25,100.0,ok
rosetta_fastrelax,THSR,16,26,26,25,88.0,92.0,88.0,92.0,25,100.0,ok
rosetta_fastrelax,THSR,17,26,26,25,96.0,96.0,96.0,96.0,25,100.0,ok
rosetta_fastrelax,THSR,18,26,26,25,96.0,92.0,88.0,100.0,25,100.0,ok
rosetta_fastrelax,THSR,19,26,26,25,92.0,96.0,92.0,96.0,25,100.0,ok
rosetta_fastrelax,THSR,20,26,26,25,92.0,96.0,92.0,96.0,25,100.0,ok
rosetta_fastrelax,THSR,21,26,26,25,76.0,84.0,72.0,88.0,25,100.0,ok
rosetta_fastrelax,THSR,22,26,26,25,100.0,100.0,100.0,100.0,25,100.0,ok
rosetta_fastrelax,THSR,23,26,26,25,92.0,96.0,92.0,96.0,25,100.0,ok
rosetta_fastrelax,THSR,24,26,26,25,92.0,96.0,92.0,96.0,25,100.0,ok
rosetta_fastrelax,THSR,25,26,26,25,92.0,92.0,88.0,96.0,25,100.0,ok
rosetta_fastrelax,THSR,26,26,26,25,92.0,96.0,92.0,96.0,25,100.0,ok
rosetta_fastrelax,THSR,27,26,26,25,92.0,96.0,92.0,96.0,25,100.0,ok
rosetta_fastrelax,THSR,28,26,26,25,96.0,96.0,96.0,96.0,25,100.0,ok
rosetta_fastrelax,THSR,29,26,26,25,96.0,100.0,96.0,100.0,25,100.0,ok
rosetta_repack,p53_Y220C__4AGQ,0,17,17,16,100.0,100.0,100.0,100.0,16,100.0,ok
rosetta_repack,p53_Y220C__4AGQ,1,17,17,16,100.0,100.0,100.0,100.0,16,100.0,ok
rosetta_repack,p53_Y220C__4AGQ,2,17,17,16,100.0,100.0,100.0,100.0,16,100.0,ok
rosetta_repack,p53_Y220C__4AGQ,3,17,17,16,100.0,100.0,100.0,100.0,16,100.0,ok
rosetta_repack,p53_Y220C__4AGQ,4,17,17,16,100.0,100.0,100.0,100.0,16,100.0,ok
rosetta_repack,p53_Y220C__4AGQ,5,17,17,16,100.0,100.0,100.0,100.0,16,100.0,ok
rosetta_repack,p53_Y220C__4AGQ,6,17,17,16,100.0,100.0,100.0,100.0,16,100.0,ok
rosetta_repack,p53_Y220C__4AGQ,7,17,17,16,100.0,100.0,100.0,100.0,16,100.0,ok
rosetta_repack,p53_Y220C__4AGQ,8,17,17,16,100.0,100.0,100.0,100.0,16,100.0,ok
rosetta_repack,p53_Y220C__4AGQ,9,17,17,16,100.0,100.0,100.0,100.0,16,100.0,ok
rosetta_repack,p53_Y220C__4AGQ,10,17,17,16,100.0,100.0,100.0,100.0,16,100.0,ok
rosetta_repack,p53_Y220C__4AGQ,11,17,17,16,100.0,100.0,100.0,100.0,16,100.0,ok
rosetta_repack,p53_Y220C__4AGQ,12,17,17,16,100.0,100.0,100.0,100.0,16,100.0,ok
rosetta_repack,p53_Y220C__4AGQ,13,17,17,16,100.0,100.0,100.0,100.0,16,100.0,ok
rosetta_repack,p53_Y220C__4AGQ,14,17,17,16,100.0,100.0,100.0,100.0,16,100.0,ok
rosetta_repack,p53_Y220C__4AGQ,15,17,17,16,100.0,100.0,100.0,100.0,16,100.0,ok
rosetta_repack,p53_Y220C__4AGQ,16,17,17,16,100.0,100.0,100.0,100.0,16,100.0,ok
rosetta_repack,p53_Y220C__4AGQ,17,17,17,16,100.0,100.0,100.0,100.0,16,100.0,ok
rosetta_repack,p53_Y220C__4AGQ,18,17,17,16,100.0,100.0,100.0,100.0,16,100.0,ok
rosetta_repack,p53_Y220C__4AGQ,19,17,17,16,100.0,100.0,100.0,100.0,16,100.0,ok
rosetta_repack,p53_Y220C__4AGQ,20,17,17,16,100.0,100.0,100.0,100.0,16,100.0,ok
rosetta_repack,p53_Y220C__4AGQ,21,17,17,16,100.0,100.0,100.0,100.0,16,100.0,ok
rosetta_repack,p53_Y220C__4AGQ,22,17,17,16,100.0,100.0,100.0,100.0,16,100.0,ok
rosetta_repack,p53_Y220C__4AGQ,23,17,17,16,100.0,100.0,100.0,100.0,16,100.0,ok
rosetta_repack,p53_Y220C__4AGQ,24,17,17,16,100.0,100.0,100.0,100.0,16,100.0,ok
rosetta_repack,p53_Y220C__4AGQ,25,17,17,16,100.0,100.0,100.0,100.0,16,100.0,ok
rosetta_repack,p53_Y220C__4AGQ,26,17,17,16,100.0,100.0,100.0,100.0,16,100.0,ok
rosetta_repack,p53_Y220C__4AGQ,27,17,17,16,100.0,100.0,100.0,100.0,16,100.0,ok
rosetta_repack,p53_Y220C__4AGQ,28,17,17,16,100.0,100.0,100.0,100.0,16,100.0,ok
rosetta_repack,p53_Y220C__4AGQ,29,17,17,16,100.0,100.0,100.0,100.0,16,100.0,ok
rosetta_fastrelax,p53_Y220C__4AGQ,0,17,17,16,100.0,100.0,100.0,100.0,16,100.0,ok
rosetta_fastrelax,p53_Y220C__4AGQ,1,17,17,16,100.0,100.0,100.0,100.0,16,100.0,ok
rosetta_fastrelax,p53_Y220C__4AGQ,2,17,17,16,100.0,100.0,100.0,100.0,16,100.0,ok
rosetta_fastrelax,p53_Y220C__4AGQ,3,17,17,16,100.0,100.0,100.0,100.0,16,100.0,ok
rosetta_fastrelax,p53_Y220C__4AGQ,4,17,17,16,100.0,100.0,100.0,100.0,16,100.0,ok
rosetta_fastrelax,p53_Y220C__4AGQ,5,17,17,16,100.0,93.75,93.75,100.0,16,100.0,ok
rosetta_fastrelax,p53_Y220C__4AGQ,6,17,17,16,100.0,100.0,100.0,100.0,16,100.0,ok
rosetta_fastrelax,p53_Y220C__4AGQ,7,17,17,16,100.0,93.75,93.75,100.0,16,100.0,ok
rosetta_fastrelax,p53_Y220C__4AGQ,8,17,17,16,100.0,100.0,100.0,100.0,16,100.0,ok
rosetta_fastrelax,p53_Y220C__4AGQ,9,17,17,16,100.0,100.0,100.0,100.0,16,100.0,ok
rosetta_fastrelax,p53_Y220C__4AGQ,10,17,17,16,100.0,100.0,100.0,100.0,16,100.0,ok
rosetta_fastrelax,p53_Y220C__4AGQ,11,17,17,16,100.0,100.0,100.0,100.0,16,100.0,ok
rosetta_fastrelax,p53_Y220C__4AGQ,12,17,17,16,100.0,100.0,100.0,100.0,16,100.0,ok
rosetta_fastrelax,p53_Y220C__4AGQ,13,17,17,16,100.0,100.0,100.0,100.0,16,100.0,ok
rosetta_fastrelax,p53_Y220C__4AGQ,14,17,17,16,100.0,100.0,100.0,100.0,16,100.0,ok
rosetta_fastrelax,p53_Y220C__4AGQ,15,17,17,16,100.0,93.75,93.75,100.0,16,100.0,ok
rosetta_fastrelax,p53_Y220C__4AGQ,16,17,17,16,100.0,100.0,100.0,100.0,16,100.0,ok
rosetta_fastrelax,p53_Y220C__4AGQ,17,17,17,16,100.0,100.0,100.0,100.0,16,100.0,ok
rosetta_fastrelax,p53_Y220C__4AGQ,18,17,17,16,100.0,100.0,100.0,100.0,16,100.0,ok
rosetta_fastrelax,p53_Y220C__4AGQ,19,17,17,16,100.0,100.0,100.0,100.0,16,100.0,ok
rosetta_fastrelax,p53_Y220C__4AGQ,20,17,17,16,100.0,100.0,100.0,100.0,16,100.0,ok
rosetta_fastrelax,p53_Y220C__4AGQ,21,17,17,16,100.0,100.0,100.0,100.0,16,100.0,ok
rosetta_fastrelax,p53_Y220C__4AGQ,22,17,17,16,100.0,100.0,100.0,100.0,16,100.0,ok
rosetta_fastrelax,p53_Y220C__4AGQ,23,17,17,16,100.0,100.0,100.0,100.0,16,100.0,ok
rosetta_fastrelax,p53_Y220C__4AGQ,24,17,17,16,100.0,100.0,100.0,100.0,16,100.0,ok
rosetta_fastrelax,p53_Y220C__4AGQ,25,17,17,16,100.0,100.0,100.0,100.0,16,100.0,ok
rosetta_fastrelax,p53_Y220C__4AGQ,26,17,17,16,100.0,100.0,100.0,100.0,16,100.0,ok
rosetta_fastrelax,p53_Y220C__4AGQ,27,17,17,16,100.0,100.0,100.0,100.0,16,100.0,ok
rosetta_fastrelax,p53_Y220C__4AGQ,28,17,17,16,100.0,100.0,100.0,100.0,16,100.0,ok
rosetta_fastrelax,p53_Y220C__4AGQ,29,17,17,16,100.0,93.75,93.75,100.0,16,100.0,ok
rosetta_repack,HIF2alpha__6D0B,0,25,25,24,95.83333333333333,95.83333333333333,95.83333333333333,95.83333333333333,24,100.0,ok
rosetta_repack,HIF2alpha__6D0B,1,25,25,24,100.0,100.0,100.0,100.0,24,100.0,ok
rosetta_repack,HIF2alpha__6D0B,2,25,25,24,100.0,100.0,100.0,100.0,24,100.0,ok
rosetta_repack,HIF2alpha__6D0B,3,25,25,24,95.83333333333333,95.83333333333333,95.83333333333333,95.83333333333333,24,100.0,ok
rosetta_repack,HIF2alpha__6D0B,4,25,25,24,95.83333333333333,95.83333333333333,95.83333333333333,95.83333333333333,24,100.0,ok
rosetta_repack,HIF2alpha__6D0B,5,25,25,24,100.0,100.0,100.0,100.0,24,100.0,ok
rosetta_repack,HIF2alpha__6D0B,6,25,25,24,95.83333333333333,95.83333333333333,95.83333333333333,95.83333333333333,24,100.0,ok
rosetta_repack,HIF2alpha__6D0B,7,25,25,24,100.0,100.0,100.0,100.0,24,100.0,ok
rosetta_repack,HIF2alpha__6D0B,8,25,25,24,100.0,100.0,100.0,100.0,24,100.0,ok
rosetta_repack,HIF2alpha__6D0B,9,25,25,24,95.83333333333333,95.83333333333333,95.83333333333333,95.83333333333333,24,100.0,ok
rosetta_repack,HIF2alpha__6D0B,10,25,25,24,95.83333333333333,95.83333333333333,95.83333333333333,95.83333333333333,24,100.0,ok
rosetta_repack,HIF2alpha__6D0B,11,25,25,24,95.83333333333333,95.83333333333333,95.83333333333333,95.83333333333333,24,100.0,ok
rosetta_repack,HIF2alpha__6D0B,12,25,25,24,95.83333333333333,95.83333333333333,95.83333333333333,95.83333333333333,24,100.0,ok
rosetta_repack,HIF2alpha__6D0B,13,25,25,24,95.83333333333333,95.83333333333333,95.83333333333333,95.83333333333333,24,100.0,ok
rosetta_repack,HIF2alpha__6D0B,14,25,25,24,95.83333333333333,95.83333333333333,95.83333333333333,95.83333333333333,24,100.0,ok
rosetta_repack,HIF2alpha__6D0B,15,25,25,24,95.83333333333333,95.83333333333333,95.83333333333333,95.83333333333333,24,100.0,ok
rosetta_repack,HIF2alpha__6D0B,16,25,25,24,95.83333333333333,95.83333333333333,95.83333333333333,95.83333333333333,24,100.0,ok
rosetta_repack,HIF2alpha__6D0B,17,25,25,24,95.83333333333333,95.83333333333333,95.83333333333333,95.83333333333333,24,100.0,ok
rosetta_repack,HIF2alpha__6D0B,18,25,25,24,95.83333333333333,95.83333333333333,95.83333333333333,95.83333333333333,24,100.0,ok
rosetta_repack,HIF2alpha__6D0B,19,25,25,24,100.0,100.0,100.0,100.0,24,100.0,ok
rosetta_repack,HIF2alpha__6D0B,20,25,25,24,100.0,100.0,100.0,100.0,24,100.0,ok
rosetta_repack,HIF2alpha__6D0B,21,25,25,24,95.83333333333333,95.83333333333333,95.83333333333333,95.83333333333333,24,100.0,ok
rosetta_repack,HIF2alpha__6D0B,22,25,25,24,95.83333333333333,95.83333333333333,95.83333333333333,95.83333333333333,24,100.0,ok
rosetta_repack,HIF2alpha__6D0B,23,25,25,24,100.0,100.0,100.0,100.0,24,100.0,ok
rosetta_repack,HIF2alpha__6D0B,24,25,25,24,100.0,100.0,100.0,100.0,24,100.0,ok
rosetta_repack,HIF2alpha__6D0B,25,25,25,24,95.83333333333333,95.83333333333333,95.83333333333333,95.83333333333333,24,100.0,ok
rosetta_repack,HIF2alpha__6D0B,26,25,25,24,100.0,100.0,100.0,100.0,24,100.0,ok
rosetta_repack,HIF2alpha__6D0B,27,25,25,24,95.83333333333333,95.83333333333333,95.83333333333333,95.83333333333333,24,100.0,ok
rosetta_repack,HIF2alpha__6D0B,28,25,25,24,95.83333333333333,95.83333333333333,95.83333333333333,95.83333333333333,24,100.0,ok
rosetta_repack,HIF2alpha__6D0B,29,25,25,24,100.0,100.0,100.0,100.0,24,100.0,ok
rosetta_fastrelax,HIF2alpha__6D0B,0,25,25,24,91.66666666666667,95.83333333333333,91.66666666666667,95.83333333333333,24,100.0,ok
rosetta_fastrelax,HIF2alpha__6D0B,1,25,25,24,91.66666666666667,95.83333333333333,91.66666666666667,95.83333333333333,24,100.0,ok
rosetta_fastrelax,HIF2alpha__6D0B,2,25,25,24,95.83333333333333,95.83333333333333,95.83333333333333,95.83333333333333,24,100.0,ok
rosetta_fastrelax,HIF2alpha__6D0B,3,25,25,24,95.83333333333333,95.83333333333333,95.83333333333333,95.83333333333333,24,100.0,ok
rosetta_fastrelax,HIF2alpha__6D0B,4,25,25,24,95.83333333333333,100.0,95.83333333333333,100.0,24,100.0,ok
rosetta_fastrelax,HIF2alpha__6D0B,5,25,25,24,95.83333333333333,95.83333333333333,95.83333333333333,95.83333333333333,24,100.0,ok
rosetta_fastrelax,HIF2alpha__6D0B,6,25,25,24,95.83333333333333,100.0,95.83333333333333,100.0,24,100.0,ok
rosetta_fastrelax,HIF2alpha__6D0B,7,25,25,24,95.83333333333333,95.83333333333333,95.83333333333333,95.83333333333333,24,100.0,ok
rosetta_fastrelax,HIF2alpha__6D0B,8,25,25,24,95.83333333333333,100.0,95.83333333333333,100.0,24,100.0,ok
rosetta_fastrelax,HIF2alpha__6D0B,9,25,25,24,100.0,100.0,100.0,100.0,24,100.0,ok
rosetta_fastrelax,HIF2alpha__6D0B,10,25,25,24,95.83333333333333,95.83333333333333,95.83333333333333,95.83333333333333,24,100.0,ok
rosetta_fastrelax,HIF2alpha__6D0B,11,25,25,24,95.83333333333333,95.83333333333333,95.83333333333333,95.83333333333333,24,100.0,ok
rosetta_fastrelax,HIF2alpha__6D0B,12,25,25,24,95.83333333333333,100.0,95.83333333333333,100.0,24,100.0,ok
rosetta_fastrelax,HIF2alpha__6D0B,13,25,25,24,95.83333333333333,95.83333333333333,95.83333333333333,95.83333333333333,24,100.0,ok
rosetta_fastrelax,HIF2alpha__6D0B,14,25,25,24,95.83333333333333,95.83333333333333,95.83333333333333,95.83333333333333,24,100.0,ok
rosetta_fastrelax,HIF2alpha__6D0B,15,25,25,24,95.83333333333333,100.0,95.83333333333333,100.0,24,100.0,ok
rosetta_fastrelax,HIF2alpha__6D0B,16,25,25,24,95.83333333333333,95.83333333333333,95.83333333333333,95.83333333333333,24,100.0,ok
rosetta_fastrelax,HIF2alpha__6D0B,17,25,25,24,95.83333333333333,95.83333333333333,95.83333333333333,95.83333333333333,24,100.0,ok
rosetta_fastrelax,HIF2alpha__6D0B,18,25,25,24,95.83333333333333,95.83333333333333,95.83333333333333,95.83333333333333,24,100.0,ok
rosetta_fastrelax,HIF2alpha__6D0B,19,25,25,24,100.0,100.0,100.0,100.0,24,100.0,ok
rosetta_fastrelax,HIF2alpha__6D0B,20,25,25,24,95.83333333333333,95.83333333333333,95.83333333333333,95.83333333333333,24,100.0,ok
rosetta_fastrelax,HIF2alpha__6D0B,21,25,25,24,95.83333333333333,95.83333333333333,95.83333333333333,95.83333333333333,24,100.0,ok
rosetta_fastrelax,HIF2alpha__6D0B,22,25,25,24,95.83333333333333,95.83333333333333,95.83333333333333,95.83333333333333,24,100.0,ok
rosetta_fastrelax,HIF2alpha__6D0B,23,25,25,24,95.83333333333333,95.83333333333333,95.83333333333333,95.83333333333333,24,100.0,ok
rosetta_fastrelax,HIF2alpha__6D0B,24,25,25,24,100.0,100.0,100.0,100.0,24,100.0,ok
rosetta_fastrelax,HIF2alpha__6D0B,25,25,25,24,95.83333333333333,95.83333333333333,95.83333333333333,95.83333333333333,24,100.0,ok
rosetta_fastrelax,HIF2alpha__6D0B,26,25,25,24,95.83333333333333,95.83333333333333,95.83333333333333,95.83333333333333,24,100.0,ok
rosetta_fastrelax,HIF2alpha__6D0B,27,25,25,24,95.83333333333333,95.83333333333333,95.83333333333333,95.83333333333333,24,100.0,ok
rosetta_fastrelax,HIF2alpha__6D0B,28,25,25,24,95.83333333333333,95.83333333333333,95.83333333333333,95.83333333333333,24,100.0,ok
rosetta_fastrelax,HIF2alpha__6D0B,29,25,25,24,91.66666666666667,95.83333333333333,91.66666666666667,95.83333333333333,24,100.0,ok
rosetta_repack,HIV_RT__3V81,0,17,17,11,100.0,100.0,100.0,100.0,11,100.0,ok
rosetta_repack,HIV_RT__3V81,1,17,17,11,100.0,100.0,100.0,100.0,11,100.0,ok
rosetta_repack,HIV_RT__3V81,2,17,17,11,100.0,100.0,100.0,100.0,11,100.0,ok
rosetta_repack,HIV_RT__3V81,3,17,17,11,100.0,100.0,100.0,100.0,11,100.0,ok
rosetta_repack,HIV_RT__3V81,4,17,17,11,100.0,100.0,100.0,100.0,11,100.0,ok
rosetta_repack,HIV_RT__3V81,5,17,17,11,100.0,100.0,100.0,100.0,11,100.0,ok
rosetta_repack,HIV_RT__3V81,6,17,17,11,100.0,100.0,100.0,100.0,11,100.0,ok
rosetta_repack,HIV_RT__3V81,7,17,17,11,100.0,100.0,100.0,100.0,11,100.0,ok
rosetta_repack,HIV_RT__3V81,8,17,17,11,100.0,100.0,100.0,100.0,11,100.0,ok
rosetta_repack,HIV_RT__3V81,9,17,17,11,100.0,100.0,100.0,100.0,11,100.0,ok
rosetta_repack,HIV_RT__3V81,10,17,17,11,100.0,100.0,100.0,100.0,11,100.0,ok
rosetta_repack,HIV_RT__3V81,11,17,17,11,100.0,100.0,100.0,100.0,11,100.0,ok
rosetta_repack,HIV_RT__3V81,12,17,17,11,100.0,100.0,100.0,100.0,11,100.0,ok
rosetta_repack,HIV_RT__3V81,13,17,17,11,100.0,100.0,100.0,100.0,11,100.0,ok
rosetta_repack,HIV_RT__3V81,14,17,17,11,100.0,100.0,100.0,100.0,11,100.0,ok
rosetta_repack,HIV_RT__3V81,15,17,17,11,100.0,100.0,100.0,100.0,11,100.0,ok
rosetta_repack,HIV_RT__3V81,16,17,17,11,100.0,100.0,100.0,100.0,11,100.0,ok
rosetta_repack,HIV_RT__3V81,17,17,17,11,100.0,100.0,100.0,100.0,11,100.0,ok
rosetta_repack,HIV_RT__3V81,18,17,17,11,100.0,100.0,100.0,100.0,11,100.0,ok
rosetta_repack,HIV_RT__3V81,19,17,17,11,100.0,100.0,100.0,100.0,11,100.0,ok
rosetta_repack,HIV_RT__3V81,20,17,17,11,100.0,100.0,100.0,100.0,11,100.0,ok
rosetta_repack,HIV_RT__3V81,21,17,17,11,100.0,100.0,100.0,100.0,11,100.0,ok
rosetta_repack,HIV_RT__3V81,22,17,17,11,100.0,100.0,100.0,100.0,11,100.0,ok
rosetta_repack,HIV_RT__3V81,23,17,17,11,100.0,100.0,100.0,100.0,11,100.0,ok
rosetta_repack,HIV_RT__3V81,24,17,17,11,100.0,100.0,100.0,100.0,11,100.0,ok
rosetta_repack,HIV_RT__3V81,25,17,17,11,100.0,100.0,100.0,100.0,11,100.0,ok
rosetta_repack,HIV_RT__3V81,26,17,17,11,100.0,100.0,100.0,100.0,11,100.0,ok
rosetta_repack,HIV_RT__3V81,27,17,17,11,100.0,100.0,100.0,100.0,11,100.0,ok
rosetta_repack,HIV_RT__3V81,28,17,17,11,100.0,100.0,100.0,100.0,11,100.0,ok
rosetta_repack,HIV_RT__3V81,29,17,17,11,100.0,100.0,100.0,100.0,11,100.0,ok
rosetta_fastrelax,HIV_RT__3V81,0,17,17,11,100.0,90.9090909090909,90.9090909090909,100.0,11,100.0,ok
rosetta_fastrelax,HIV_RT__3V81,1,17,17,11,100.0,90.9090909090909,90.9090909090909,100.0,11,100.0,ok
rosetta_fastrelax,HIV_RT__3V81,2,17,17,11,100.0,90.9090909090909,90.9090909090909,100.0,11,100.0,ok
rosetta_fastrelax,HIV_RT__3V81,3,17,17,11,90.9090909090909,90.9090909090909,90.9090909090909,90.9090909090909,11,100.0,ok
rosetta_fastrelax,HIV_RT__3V81,4,17,17,11,100.0,90.9090909090909,90.9090909090909,100.0,11,100.0,ok
rosetta_fastrelax,HIV_RT__3V81,5,17,17,11,90.9090909090909,72.72727272727273,72.72727272727273,90.9090909090909,11,100.0,ok
rosetta_fastrelax,HIV_RT__3V81,6,17,17,11,100.0,90.9090909090909,90.9090909090909,100.0,11,100.0,ok
rosetta_fastrelax,HIV_RT__3V81,7,17,17,11,100.0,90.9090909090909,90.9090909090909,100.0,11,100.0,ok
rosetta_fastrelax,HIV_RT__3V81,8,17,17,11,100.0,90.9090909090909,90.9090909090909,100.0,11,100.0,ok
rosetta_fastrelax,HIV_RT__3V81,9,17,17,11,100.0,90.9090909090909,90.9090909090909,100.0,11,100.0,ok
rosetta_fastrelax,HIV_RT__3V81,10,17,17,11,100.0,90.9090909090909,90.9090909090909,100.0,11,100.0,ok
rosetta_fastrelax,HIV_RT__3V81,11,17,17,11,100.0,90.9090909090909,90.9090909090909,100.0,11,100.0,ok
rosetta_fastrelax,HIV_RT__3V81,12,17,17,11,100.0,90.9090909090909,90.9090909090909,100.0,11,100.0,ok
rosetta_fastrelax,HIV_RT__3V81,13,17,17,11,100.0,90.9090909090909,90.9090909090909,100.0,11,100.0,ok
rosetta_fastrelax,HIV_RT__3V81,14,17,17,11,100.0,90.9090909090909,90.9090909090909,100.0,11,100.0,ok
rosetta_fastrelax,HIV_RT__3V81,15,17,17,11,100.0,90.9090909090909,90.9090909090909,100.0,11,100.0,ok
rosetta_fastrelax,HIV_RT__3V81,16,17,17,11,100.0,90.9090909090909,90.9090909090909,100.0,11,100.0,ok
rosetta_fastrelax,HIV_RT__3V81,17,17,17,11,100.0,90.9090909090909,90.9090909090909,100.0,11,100.0,ok
rosetta_fastrelax,HIV_RT__3V81,18,17,17,11,90.9090909090909,90.9090909090909,90.9090909090909,90.9090909090909,11,100.0,ok
rosetta_fastrelax,HIV_RT__3V81,19,17,17,11,100.0,90.9090909090909,90.9090909090909,100.0,11,100.0,ok
rosetta_fastrelax,HIV_RT__3V81,20,17,17,11,100.0,90.9090909090909,90.9090909090909,100.0,11,100.0,ok
rosetta_fastrelax,HIV_RT__3V81,21,17,17,11,100.0,90.9090909090909,90.9090909090909,100.0,11,100.0,ok
rosetta_fastrelax,HIV_RT__3V81,22,17,17,11,100.0,90.9090909090909,90.9090909090909,100.0,11,100.0,ok
rosetta_fastrelax,HIV_RT__3V81,23,17,17,11,100.0,90.9090909090909,90.9090909090909,100.0,11,100.0,ok
rosetta_fastrelax,HIV_RT__3V81,24,17,17,11,100.0,81.81818181818181,81.81818181818181,100.0,11,100.0,ok
rosetta_fastrelax,HIV_RT__3V81,25,17,17,11,100.0,90.9090909090909,90.9090909090909,100.0,11,100.0,ok
rosetta_fastrelax,HIV_RT__3V81,26,17,17,11,100.0,90.9090909090909,90.9090909090909,100.0,11,100.0,ok
rosetta_fastrelax,HIV_RT__3V81,27,17,17,11,100.0,90.9090909090909,90.9090909090909,100.0,11,100.0,ok
rosetta_fastrelax,HIV_RT__3V81,28,17,17,11,100.0,90.9090909090909,90.9090909090909,100.0,11,100.0,ok
rosetta_fastrelax,HIV_RT__3V81,29,17,17,11,90.9090909090909,90.9090909090909,90.9090909090909,90.9090909090909,11,100.0,ok
rosetta_repack,THSR__7UTZ,0,24,24,23,100.0,100.0,100.0,100.0,23,100.0,ok
rosetta_repack,THSR__7UTZ,1,24,24,23,100.0,100.0,100.0,100.0,23,100.0,ok
rosetta_repack,THSR__7UTZ,2,24,24,23,100.0,100.0,100.0,100.0,23,100.0,ok
rosetta_repack,THSR__7UTZ,3,24,24,23,100.0,100.0,100.0,100.0,23,100.0,ok
rosetta_repack,THSR__7UTZ,4,24,24,23,100.0,100.0,100.0,100.0,23,100.0,ok
rosetta_repack,THSR__7UTZ,5,24,24,23,100.0,100.0,100.0,100.0,23,100.0,ok
rosetta_repack,THSR__7UTZ,6,24,24,23,100.0,100.0,100.0,100.0,23,100.0,ok
rosetta_repack,THSR__7UTZ,7,24,24,23,100.0,100.0,100.0,100.0,23,100.0,ok
rosetta_repack,THSR__7UTZ,8,24,24,23,100.0,100.0,100.0,100.0,23,100.0,ok
rosetta_repack,THSR__7UTZ,9,24,24,23,100.0,100.0,100.0,100.0,23,100.0,ok
rosetta_repack,THSR__7UTZ,10,24,24,23,100.0,100.0,100.0,100.0,23,100.0,ok
rosetta_repack,THSR__7UTZ,11,24,24,23,100.0,100.0,100.0,100.0,23,100.0,ok
rosetta_repack,THSR__7UTZ,12,24,24,23,100.0,100.0,100.0,100.0,23,100.0,ok
rosetta_repack,THSR__7UTZ,13,24,24,23,100.0,100.0,100.0,100.0,23,100.0,ok
rosetta_repack,THSR__7UTZ,14,24,24,23,100.0,100.0,100.0,100.0,23,100.0,ok
rosetta_repack,THSR__7UTZ,15,24,24,23,100.0,100.0,100.0,100.0,23,100.0,ok
rosetta_repack,THSR__7UTZ,16,24,24,23,100.0,100.0,100.0,100.0,23,100.0,ok
rosetta_repack,THSR__7UTZ,17,24,24,23,100.0,100.0,100.0,100.0,23,100.0,ok
rosetta_repack,THSR__7UTZ,18,24,24,23,100.0,100.0,100.0,100.0,23,100.0,ok
rosetta_repack,THSR__7UTZ,19,24,24,23,100.0,100.0,100.0,100.0,23,100.0,ok
rosetta_repack,THSR__7UTZ,20,24,24,23,100.0,100.0,100.0,100.0,23,100.0,ok
rosetta_repack,THSR__7UTZ,21,24,24,23,100.0,100.0,100.0,100.0,23,100.0,ok
rosetta_repack,THSR__7UTZ,22,24,24,23,100.0,100.0,100.0,100.0,23,100.0,ok
rosetta_repack,THSR__7UTZ,23,24,24,23,100.0,100.0,100.0,100.0,23,100.0,ok
rosetta_repack,THSR__7UTZ,24,24,24,23,100.0,100.0,100.0,100.0,23,100.0,ok
rosetta_repack,THSR__7UTZ,25,24,24,23,100.0,100.0,100.0,100.0,23,100.0,ok
rosetta_repack,THSR__7UTZ,26,24,24,23,100.0,100.0,100.0,100.0,23,100.0,ok
rosetta_repack,THSR__7UTZ,27,24,24,23,100.0,100.0,100.0,100.0,23,100.0,ok
rosetta_repack,THSR__7UTZ,28,24,24,23,100.0,100.0,100.0,100.0,23,100.0,ok
rosetta_repack,THSR__7UTZ,29,24,24,23,100.0,100.0,100.0,100.0,23,100.0,ok
rosetta_fastrelax,THSR__7UTZ,0,24,24,23,91.30434782608695,95.65217391304348,91.30434782608695,95.65217391304348,23,100.0,ok
rosetta_fastrelax,THSR__7UTZ,1,24,24,23,91.30434782608695,86.95652173913044,86.95652173913044,91.30434782608695,23,100.0,ok
rosetta_fastrelax,THSR__7UTZ,2,24,24,23,100.0,100.0,100.0,100.0,23,100.0,ok
rosetta_fastrelax,THSR__7UTZ,3,24,24,23,95.65217391304348,91.30434782608695,91.30434782608695,95.65217391304348,23,100.0,ok
rosetta_fastrelax,THSR__7UTZ,4,24,24,23,91.30434782608695,95.65217391304348,91.30434782608695,95.65217391304348,23,100.0,ok
rosetta_fastrelax,THSR__7UTZ,5,24,24,23,91.30434782608695,95.65217391304348,91.30434782608695,95.65217391304348,23,100.0,ok
rosetta_fastrelax,THSR__7UTZ,6,24,24,23,91.30434782608695,91.30434782608695,86.95652173913044,95.65217391304348,23,100.0,ok
rosetta_fastrelax,THSR__7UTZ,7,24,24,23,91.30434782608695,86.95652173913044,86.95652173913044,91.30434782608695,23,100.0,ok
rosetta_fastrelax,THSR__7UTZ,8,24,24,23,100.0,95.65217391304348,95.65217391304348,100.0,23,100.0,ok
rosetta_fastrelax,THSR__7UTZ,9,24,24,23,82.6086956521739,91.30434782608695,82.6086956521739,91.30434782608695,23,100.0,ok
rosetta_fastrelax,THSR__7UTZ,10,24,24,23,95.65217391304348,95.65217391304348,95.65217391304348,95.65217391304348,23,100.0,ok
rosetta_fastrelax,THSR__7UTZ,11,24,24,23,100.0,95.65217391304348,95.65217391304348,100.0,23,100.0,ok
rosetta_fastrelax,THSR__7UTZ,12,24,24,23,91.30434782608695,95.65217391304348,91.30434782608695,95.65217391304348,23,100.0,ok
rosetta_fastrelax,THSR__7UTZ,13,24,24,23,91.30434782608695,95.65217391304348,91.30434782608695,95.65217391304348,23,100.0,ok
rosetta_fastrelax,THSR__7UTZ,14,24,24,23,91.30434782608695,95.65217391304348,91.30434782608695,95.65217391304348,23,100.0,ok
rosetta_fastrelax,THSR__7UTZ,15,24,24,23,91.30434782608695,95.65217391304348,91.30434782608695,95.65217391304348,23,100.0,ok
rosetta_fastrelax,THSR__7UTZ,16,24,24,23,86.95652173913044,91.30434782608695,86.95652173913044,91.30434782608695,23,100.0,ok
rosetta_fastrelax,THSR__7UTZ,17,24,24,23,91.30434782608695,91.30434782608695,86.95652173913044,95.65217391304348,23,100.0,ok
rosetta_fastrelax,THSR__7UTZ,18,24,24,23,95.65217391304348,95.65217391304348,95.65217391304348,95.65217391304348,23,100.0,ok
rosetta_fastrelax,THSR__7UTZ,19,24,24,23,95.65217391304348,91.30434782608695,91.30434782608695,95.65217391304348,23,100.0,ok
rosetta_fastrelax,THSR__7UTZ,20,24,24,23,91.30434782608695,95.65217391304348,91.30434782608695,95.65217391304348,23,100.0,ok
rosetta_fastrelax,THSR__7UTZ,21,24,24,23,82.6086956521739,82.6086956521739,78.26086956521739,86.95652173913044,23,100.0,ok
rosetta_fastrelax,THSR__7UTZ,22,24,24,23,100.0,95.65217391304348,95.65217391304348,100.0,23,100.0,ok
rosetta_fastrelax,THSR__7UTZ,23,24,24,23,91.30434782608695,91.30434782608695,86.95652173913044,95.65217391304348,23,100.0,ok
rosetta_fastrelax,THSR__7UTZ,24,24,24,23,91.30434782608695,95.65217391304348,91.30434782608695,95.65217391304348,23,100.0,ok
rosetta_fastrelax,THSR__7UTZ,25,24,24,23,95.65217391304348,91.30434782608695,86.95652173913044,100.0,23,100.0,ok
rosetta_fastrelax,THSR__7UTZ,26,24,24,23,91.30434782608695,91.30434782608695,86.95652173913044,95.65217391304348,23,100.0,ok
rosetta_fastrelax,THSR__7UTZ,27,24,24,23,91.30434782608695,95.65217391304348,91.30434782608695,95.65217391304348,23,100.0,ok
rosetta_fastrelax,THSR__7UTZ,28,24,24,23,95.65217391304348,91.30434782608695,91.30434782608695,95.65217391304348,23,100.0,ok
rosetta_fastrelax,THSR__7UTZ,29,24,24,23,100.0,100.0,100.0,100.0,23,100.0,ok
rosetta_repack,Bcl-xL,0,21,21,17,100.0,100.0,100.0,100.0,17,100.0,ok
rosetta_repack,Bcl-xL,1,21,21,17,100.0,100.0,100.0,100.0,17,100.0,ok
rosetta_repack,Bcl-xL,2,21,21,17,100.0,100.0,100.0,100.0,17,100.0,ok
rosetta_repack,Bcl-xL,3,21,21,17,100.0,100.0,100.0,100.0,17,100.0,ok
rosetta_repack,Bcl-xL,4,21,21,17,100.0,100.0,100.0,100.0,17,100.0,ok
rosetta_repack,Bcl-xL,5,21,21,17,100.0,100.0,100.0,100.0,17,100.0,ok
rosetta_repack,Bcl-xL,6,21,21,17,100.0,100.0,100.0,100.0,17,100.0,ok
rosetta_repack,Bcl-xL,7,21,21,17,100.0,100.0,100.0,100.0,17,100.0,ok
rosetta_repack,Bcl-xL,8,21,21,17,100.0,100.0,100.0,100.0,17,100.0,ok
rosetta_repack,Bcl-xL,9,21,21,17,94.11764705882354,94.11764705882354,94.11764705882354,94.11764705882354,17,100.0,ok
rosetta_repack,Bcl-xL,10,21,21,17,100.0,100.0,100.0,100.0,17,100.0,ok
rosetta_repack,Bcl-xL,11,21,21,17,100.0,100.0,100.0,100.0,17,100.0,ok
rosetta_repack,Bcl-xL,12,21,21,17,100.0,100.0,100.0,100.0,17,100.0,ok
rosetta_repack,Bcl-xL,13,21,21,17,100.0,100.0,100.0,100.0,17,100.0,ok
rosetta_repack,Bcl-xL,14,21,21,17,100.0,100.0,100.0,100.0,17,100.0,ok
rosetta_repack,Bcl-xL,15,21,21,17,100.0,100.0,100.0,100.0,17,100.0,ok
rosetta_repack,Bcl-xL,16,21,21,17,100.0,100.0,100.0,100.0,17,100.0,ok
rosetta_repack,Bcl-xL,17,21,21,17,100.0,100.0,100.0,100.0,17,100.0,ok
rosetta_repack,Bcl-xL,18,21,21,17,100.0,100.0,100.0,100.0,17,100.0,ok
rosetta_repack,Bcl-xL,19,21,21,17,100.0,100.0,100.0,100.0,17,100.0,ok
rosetta_repack,Bcl-xL,20,21,21,17,100.0,100.0,100.0,100.0,17,100.0,ok
rosetta_repack,Bcl-xL,21,21,21,17,100.0,100.0,100.0,100.0,17,100.0,ok
rosetta_repack,Bcl-xL,22,21,21,17,100.0,100.0,100.0,100.0,17,100.0,ok
rosetta_repack,Bcl-xL,23,21,21,17,100.0,100.0,100.0,100.0,17,100.0,ok
rosetta_repack,Bcl-xL,24,21,21,17,100.0,100.0,100.0,100.0,17,100.0,ok
rosetta_repack,Bcl-xL,25,21,21,17,100.0,100.0,100.0,100.0,17,100.0,ok
rosetta_repack,Bcl-xL,26,21,21,17,100.0,100.0,100.0,100.0,17,100.0,ok
rosetta_repack,Bcl-xL,27,21,21,17,100.0,100.0,100.0,100.0,17,100.0,ok
rosetta_repack,Bcl-xL,28,21,21,17,100.0,100.0,100.0,100.0,17,100.0,ok
rosetta_repack,Bcl-xL,29,21,21,17,100.0,100.0,100.0,100.0,17,100.0,ok
rosetta_fastrelax,Bcl-xL,0,21,21,17,94.11764705882354,94.11764705882354,94.11764705882354,94.11764705882354,17,100.0,ok
rosetta_fastrelax,Bcl-xL,1,21,21,17,94.11764705882354,94.11764705882354,94.11764705882354,94.11764705882354,17,100.0,ok
rosetta_fastrelax,Bcl-xL,2,21,21,17,94.11764705882354,94.11764705882354,94.11764705882354,94.11764705882354,17,100.0,ok
rosetta_fastrelax,Bcl-xL,3,21,21,17,58.8235294117647,76.47058823529412,58.8235294117647,76.47058823529412,17,100.0,ok
rosetta_fastrelax,Bcl-xL,4,21,21,17,70.58823529411765,88.23529411764706,70.58823529411765,88.23529411764706,17,100.0,ok
rosetta_fastrelax,Bcl-xL,5,21,21,17,94.11764705882354,94.11764705882354,94.11764705882354,94.11764705882354,17,100.0,ok
rosetta_fastrelax,Bcl-xL,6,21,21,17,58.8235294117647,82.3529411764706,58.8235294117647,82.3529411764706,17,100.0,ok
rosetta_fastrelax,Bcl-xL,7,21,21,17,64.70588235294117,82.3529411764706,64.70588235294117,82.3529411764706,17,100.0,ok
rosetta_fastrelax,Bcl-xL,8,21,21,17,70.58823529411765,94.11764705882354,70.58823529411765,94.11764705882354,17,100.0,ok
rosetta_fastrelax,Bcl-xL,9,21,21,17,94.11764705882354,94.11764705882354,94.11764705882354,94.11764705882354,17,100.0,ok
rosetta_fastrelax,Bcl-xL,10,21,21,17,82.3529411764706,88.23529411764706,82.3529411764706,88.23529411764706,17,100.0,ok
rosetta_fastrelax,Bcl-xL,11,21,21,17,70.58823529411765,88.23529411764706,70.58823529411765,88.23529411764706,17,100.0,ok
rosetta_fastrelax,Bcl-xL,12,21,21,17,76.47058823529412,88.23529411764706,76.47058823529412,88.23529411764706,17,100.0,ok
rosetta_fastrelax,Bcl-xL,13,21,21,17,94.11764705882354,94.11764705882354,94.11764705882354,94.11764705882354,17,100.0,ok
rosetta_fastrelax,Bcl-xL,14,21,21,17,52.94117647058823,64.70588235294117,47.05882352941177,70.58823529411765,17,100.0,ok
rosetta_fastrelax,Bcl-xL,15,21,21,17,94.11764705882354,94.11764705882354,94.11764705882354,94.11764705882354,17,100.0,ok
rosetta_fastrelax,Bcl-xL,16,21,21,17,88.23529411764706,100.0,88.23529411764706,100.0,17,100.0,ok
rosetta_fastrelax,Bcl-xL,17,21,21,17,94.11764705882354,94.11764705882354,94.11764705882354,94.11764705882354,17,100.0,ok
rosetta_fastrelax,Bcl-xL,18,21,21,17,94.11764705882354,94.11764705882354,94.11764705882354,94.11764705882354,17,100.0,ok
rosetta_fastrelax,Bcl-xL,19,21,21,17,94.11764705882354,94.11764705882354,94.11764705882354,94.11764705882354,17,100.0,ok
rosetta_fastrelax,Bcl-xL,20,21,21,17,94.11764705882354,94.11764705882354,94.11764705882354,94.11764705882354,17,100.0,ok
rosetta_fastrelax,Bcl-xL,21,21,21,17,58.8235294117647,76.47058823529412,58.8235294117647,76.47058823529412,17,100.0,ok
rosetta_fastrelax,Bcl-xL,22,21,21,17,88.23529411764706,94.11764705882354,88.23529411764706,94.11764705882354,17,100.0,ok
rosetta_fastrelax,Bcl-xL,23,21,21,17,94.11764705882354,94.11764705882354,94.11764705882354,94.11764705882354,17,100.0,ok
rosetta_fastrelax,Bcl-xL,24,21,21,17,94.11764705882354,100.0,94.11764705882354,100.0,17,100.0,ok
rosetta_fastrelax,Bcl-xL,25,21,21,17,94.11764705882354,94.11764705882354,94.11764705882354,94.11764705882354,17,100.0,ok
rosetta_fastrelax,Bcl-xL,26,21,21,17,94.11764705882354,94.11764705882354,94.11764705882354,94.11764705882354,17,100.0,ok
rosetta_fastrelax,Bcl-xL,27,21,21,17,82.3529411764706,88.23529411764706,82.3529411764706,88.23529411764706,17,100.0,ok
rosetta_fastrelax,Bcl-xL,28,21,21,17,88.23529411764706,100.0,88.23529411764706,100.0,17,100.0,ok
rosetta_fastrelax,Bcl-xL,29,21,21,17,82.3529411764706,88.23529411764706,82.3529411764706,88.23529411764706,17,100.0,ok
rosetta_repack,betaLG,0,16,16,15,93.33333333333333,93.33333333333333,86.66666666666667,100.0,15,100.0,ok
rosetta_repack,betaLG,1,16,16,15,93.33333333333333,93.33333333333333,86.66666666666667,100.0,15,100.0,ok
rosetta_repack,betaLG,2,16,16,15,93.33333333333333,93.33333333333333,86.66666666666667,100.0,15,100.0,ok
rosetta_repack,betaLG,3,16,16,15,93.33333333333333,93.33333333333333,86.66666666666667,100.0,15,100.0,ok
rosetta_repack,betaLG,4,16,16,15,93.33333333333333,93.33333333333333,86.66666666666667,100.0,15,100.0,ok
rosetta_repack,betaLG,5,16,16,15,93.33333333333333,93.33333333333333,86.66666666666667,100.0,15,100.0,ok
rosetta_repack,betaLG,6,16,16,15,93.33333333333333,93.33333333333333,86.66666666666667,100.0,15,100.0,ok
rosetta_repack,betaLG,7,16,16,15,93.33333333333333,93.33333333333333,86.66666666666667,100.0,15,100.0,ok
rosetta_repack,betaLG,8,16,16,15,93.33333333333333,93.33333333333333,86.66666666666667,100.0,15,100.0,ok
rosetta_repack,betaLG,9,16,16,15,93.33333333333333,93.33333333333333,86.66666666666667,100.0,15,100.0,ok
rosetta_repack,betaLG,10,16,16,15,93.33333333333333,93.33333333333333,86.66666666666667,100.0,15,100.0,ok
rosetta_repack,betaLG,11,16,16,15,93.33333333333333,93.33333333333333,86.66666666666667,100.0,15,100.0,ok
rosetta_repack,betaLG,12,16,16,15,93.33333333333333,93.33333333333333,86.66666666666667,100.0,15,100.0,ok
rosetta_repack,betaLG,13,16,16,15,93.33333333333333,93.33333333333333,86.66666666666667,100.0,15,100.0,ok
rosetta_repack,betaLG,14,16,16,15,93.33333333333333,93.33333333333333,86.66666666666667,100.0,15,100.0,ok
rosetta_repack,betaLG,15,16,16,15,93.33333333333333,93.33333333333333,86.66666666666667,100.0,15,100.0,ok
rosetta_repack,betaLG,16,16,16,15,93.33333333333333,93.33333333333333,86.66666666666667,100.0,15,100.0,ok
rosetta_repack,betaLG,17,16,16,15,93.33333333333333,93.33333333333333,86.66666666666667,100.0,15,100.0,ok
rosetta_repack,betaLG,18,16,16,15,93.33333333333333,93.33333333333333,86.66666666666667,100.0,15,100.0,ok
rosetta_repack,betaLG,19,16,16,15,93.33333333333333,93.33333333333333,86.66666666666667,100.0,15,100.0,ok
rosetta_repack,betaLG,20,16,16,15,93.33333333333333,93.33333333333333,86.66666666666667,100.0,15,100.0,ok
rosetta_repack,betaLG,21,16,16,15,93.33333333333333,93.33333333333333,86.66666666666667,100.0,15,100.0,ok
rosetta_repack,betaLG,22,16,16,15,93.33333333333333,93.33333333333333,86.66666666666667,100.0,15,100.0,ok
rosetta_repack,betaLG,23,16,16,15,93.33333333333333,93.33333333333333,86.66666666666667,100.0,15,100.0,ok
rosetta_repack,betaLG,24,16,16,15,93.33333333333333,93.33333333333333,86.66666666666667,100.0,15,100.0,ok
rosetta_repack,betaLG,25,16,16,15,93.33333333333333,93.33333333333333,86.66666666666667,100.0,15,100.0,ok
rosetta_repack,betaLG,26,16,16,15,93.33333333333333,93.33333333333333,86.66666666666667,100.0,15,100.0,ok
rosetta_repack,betaLG,27,16,16,15,93.33333333333333,93.33333333333333,86.66666666666667,100.0,15,100.0,ok
rosetta_repack,betaLG,28,16,16,15,93.33333333333333,93.33333333333333,86.66666666666667,100.0,15,100.0,ok
rosetta_repack,betaLG,29,16,16,15,93.33333333333333,93.33333333333333,86.66666666666667,100.0,15,100.0,ok
rosetta_fastrelax,betaLG,0,16,16,15,93.33333333333333,93.33333333333333,93.33333333333333,93.33333333333333,15,100.0,ok
rosetta_fastrelax,betaLG,1,16,16,15,93.33333333333333,93.33333333333333,93.33333333333333,93.33333333333333,15,100.0,ok
rosetta_fastrelax,betaLG,2,16,16,15,93.33333333333333,93.33333333333333,93.33333333333333,93.33333333333333,15,100.0,ok
rosetta_fastrelax,betaLG,3,16,16,15,93.33333333333333,93.33333333333333,93.33333333333333,93.33333333333333,15,100.0,ok
rosetta_fastrelax,betaLG,4,16,16,15,86.66666666666667,93.33333333333333,86.66666666666667,93.33333333333333,15,100.0,ok
rosetta_fastrelax,betaLG,5,16,16,15,93.33333333333333,93.33333333333333,93.33333333333333,93.33333333333333,15,100.0,ok
rosetta_fastrelax,betaLG,6,16,16,15,93.33333333333333,93.33333333333333,93.33333333333333,93.33333333333333,15,100.0,ok
rosetta_fastrelax,betaLG,7,16,16,15,93.33333333333333,93.33333333333333,93.33333333333333,93.33333333333333,15,100.0,ok
rosetta_fastrelax,betaLG,8,16,16,15,93.33333333333333,93.33333333333333,93.33333333333333,93.33333333333333,15,100.0,ok
rosetta_fastrelax,betaLG,9,16,16,15,93.33333333333333,93.33333333333333,93.33333333333333,93.33333333333333,15,100.0,ok
rosetta_fastrelax,betaLG,10,16,16,15,86.66666666666667,93.33333333333333,86.66666666666667,93.33333333333333,15,100.0,ok
rosetta_fastrelax,betaLG,11,16,16,15,93.33333333333333,93.33333333333333,93.33333333333333,93.33333333333333,15,100.0,ok
rosetta_fastrelax,betaLG,12,16,16,15,93.33333333333333,93.33333333333333,93.33333333333333,93.33333333333333,15,100.0,ok
rosetta_fastrelax,betaLG,13,16,16,15,93.33333333333333,93.33333333333333,93.33333333333333,93.33333333333333,15,100.0,ok
rosetta_fastrelax,betaLG,14,16,16,15,93.33333333333333,93.33333333333333,93.33333333333333,93.33333333333333,15,100.0,ok
rosetta_fastrelax,betaLG,15,16,16,15,93.33333333333333,93.33333333333333,93.33333333333333,93.33333333333333,15,100.0,ok
rosetta_fastrelax,betaLG,16,16,16,15,93.33333333333333,93.33333333333333,93.33333333333333,93.33333333333333,15,100.0,ok
rosetta_fastrelax,betaLG,17,16,16,15,93.33333333333333,93.33333333333333,93.33333333333333,93.33333333333333,15,100.0,ok
rosetta_fastrelax,betaLG,18,16,16,15,93.33333333333333,93.33333333333333,93.33333333333333,93.33333333333333,15,100.0,ok
rosetta_fastrelax,betaLG,19,16,16,15,93.33333333333333,93.33333333333333,93.33333333333333,93.33333333333333,15,100.0,ok
rosetta_fastrelax,betaLG,20,16,16,15,93.33333333333333,93.33333333333333,93.33333333333333,93.33333333333333,15,100.0,ok
rosetta_fastrelax,betaLG,21,16,16,15,93.33333333333333,93.33333333333333,93.33333333333333,93.33333333333333,15,100.0,ok
rosetta_fastrelax,betaLG,22,16,16,15,93.33333333333333,93.33333333333333,93.33333333333333,93.33333333333333,15,100.0,ok
rosetta_fastrelax,betaLG,23,16,16,15,93.33333333333333,93.33333333333333,93.33333333333333,93.33333333333333,15,100.0,ok
rosetta_fastrelax,betaLG,24,16,16,15,93.33333333333333,93.33333333333333,93.33333333333333,93.33333333333333,15,100.0,ok
rosetta_fastrelax,betaLG,25,16,16,15,93.33333333333333,93.33333333333333,93.33333333333333,93.33333333333333,15,100.0,ok
rosetta_fastrelax,betaLG,26,16,16,15,93.33333333333333,93.33333333333333,93.33333333333333,93.33333333333333,15,100.0,ok
rosetta_fastrelax,betaLG,27,16,16,15,93.33333333333333,93.33333333333333,93.33333333333333,93.33333333333333,15,100.0,ok
rosetta_fastrelax,betaLG,28,16,16,15,93.33333333333333,93.33333333333333,93.33333333333333,93.33333333333333,15,100.0,ok
rosetta_fastrelax,betaLG,29,16,16,15,93.33333333333333,93.33333333333333,93.33333333333333,93.33333333333333,15,100.0,ok
rosetta_repack,NDPK-A,0,17,17,15,93.33333333333333,86.66666666666667,86.66666666666667,93.33333333333333,15,100.0,ok
rosetta_repack,NDPK-A,1,17,17,15,93.33333333333333,80.0,80.0,93.33333333333333,15,100.0,ok
rosetta_repack,NDPK-A,2,17,17,15,93.33333333333333,86.66666666666667,86.66666666666667,93.33333333333333,15,100.0,ok
rosetta_repack,NDPK-A,3,17,17,15,93.33333333333333,86.66666666666667,86.66666666666667,93.33333333333333,15,100.0,ok
rosetta_repack,NDPK-A,4,17,17,15,93.33333333333333,86.66666666666667,86.66666666666667,93.33333333333333,15,100.0,ok
rosetta_repack,NDPK-A,5,17,17,15,93.33333333333333,86.66666666666667,86.66666666666667,93.33333333333333,15,100.0,ok
rosetta_repack,NDPK-A,6,17,17,15,93.33333333333333,86.66666666666667,86.66666666666667,93.33333333333333,15,100.0,ok
rosetta_repack,NDPK-A,7,17,17,15,93.33333333333333,86.66666666666667,86.66666666666667,93.33333333333333,15,100.0,ok
rosetta_repack,NDPK-A,8,17,17,15,100.0,80.0,80.0,100.0,15,100.0,ok
rosetta_repack,NDPK-A,9,17,17,15,93.33333333333333,86.66666666666667,86.66666666666667,93.33333333333333,15,100.0,ok
rosetta_repack,NDPK-A,10,17,17,15,93.33333333333333,86.66666666666667,86.66666666666667,93.33333333333333,15,100.0,ok
rosetta_repack,NDPK-A,11,17,17,15,93.33333333333333,86.66666666666667,86.66666666666667,93.33333333333333,15,100.0,ok
rosetta_repack,NDPK-A,12,17,17,15,93.33333333333333,86.66666666666667,86.66666666666667,93.33333333333333,15,100.0,ok
rosetta_repack,NDPK-A,13,17,17,15,93.33333333333333,86.66666666666667,86.66666666666667,93.33333333333333,15,100.0,ok
rosetta_repack,NDPK-A,14,17,17,15,93.33333333333333,86.66666666666667,86.66666666666667,93.33333333333333,15,100.0,ok
rosetta_repack,NDPK-A,15,17,17,15,93.33333333333333,86.66666666666667,86.66666666666667,93.33333333333333,15,100.0,ok
rosetta_repack,NDPK-A,16,17,17,15,93.33333333333333,86.66666666666667,86.66666666666667,93.33333333333333,15,100.0,ok
rosetta_repack,NDPK-A,17,17,17,15,93.33333333333333,80.0,80.0,93.33333333333333,15,100.0,ok
rosetta_repack,NDPK-A,18,17,17,15,93.33333333333333,86.66666666666667,86.66666666666667,93.33333333333333,15,100.0,ok
rosetta_repack,NDPK-A,19,17,17,15,93.33333333333333,86.66666666666667,86.66666666666667,93.33333333333333,15,100.0,ok
rosetta_repack,NDPK-A,20,17,17,15,93.33333333333333,86.66666666666667,86.66666666666667,93.33333333333333,15,100.0,ok
rosetta_repack,NDPK-A,21,17,17,15,93.33333333333333,86.66666666666667,86.66666666666667,93.33333333333333,15,100.0,ok
rosetta_repack,NDPK-A,22,17,17,15,93.33333333333333,86.66666666666667,86.66666666666667,93.33333333333333,15,100.0,ok
rosetta_repack,NDPK-A,23,17,17,15,93.33333333333333,86.66666666666667,86.66666666666667,93.33333333333333,15,100.0,ok
rosetta_repack,NDPK-A,24,17,17,15,93.33333333333333,80.0,80.0,93.33333333333333,15,100.0,ok
rosetta_repack,NDPK-A,25,17,17,15,93.33333333333333,86.66666666666667,86.66666666666667,93.33333333333333,15,100.0,ok
rosetta_repack,NDPK-A,26,17,17,15,93.33333333333333,86.66666666666667,86.66666666666667,93.33333333333333,15,100.0,ok
rosetta_repack,NDPK-A,27,17,17,15,100.0,86.66666666666667,86.66666666666667,100.0,15,100.0,ok
rosetta_repack,NDPK-A,28,17,17,15,93.33333333333333,86.66666666666667,86.66666666666667,93.33333333333333,15,100.0,ok
rosetta_repack,NDPK-A,29,17,17,15,93.33333333333333,86.66666666666667,86.66666666666667,93.33333333333333,15,100.0,ok
rosetta_fastrelax,NDPK-A,0,17,17,15,53.333333333333336,80.0,46.666666666666664,86.66666666666667,15,100.0,ok
rosetta_fastrelax,NDPK-A,1,17,17,15,66.66666666666667,80.0,53.333333333333336,93.33333333333333,15,100.0,ok
rosetta_fastrelax,NDPK-A,2,17,17,15,93.33333333333333,93.33333333333333,93.33333333333333,93.33333333333333,15,100.0,ok
rosetta_fastrelax,NDPK-A,3,17,17,15,53.333333333333336,80.0,46.666666666666664,86.66666666666667,15,100.0,ok
rosetta_fastrelax,NDPK-A,4,17,17,15,86.66666666666667,93.33333333333333,86.66666666666667,93.33333333333333,15,100.0,ok
rosetta_fastrelax,NDPK-A,5,17,17,15,93.33333333333333,86.66666666666667,86.66666666666667,93.33333333333333,15,100.0,ok
rosetta_fastrelax,NDPK-A,6,17,17,15,66.66666666666667,86.66666666666667,60.0,93.33333333333333,15,100.0,ok
rosetta_fastrelax,NDPK-A,7,17,17,15,93.33333333333333,80.0,80.0,93.33333333333333,15,100.0,ok
rosetta_fastrelax,NDPK-A,8,17,17,15,80.0,86.66666666666667,73.33333333333333,93.33333333333333,15,100.0,ok
rosetta_fastrelax,NDPK-A,9,17,17,15,86.66666666666667,93.33333333333333,86.66666666666667,93.33333333333333,15,100.0,ok
rosetta_fastrelax,NDPK-A,10,17,17,15,93.33333333333333,86.66666666666667,86.66666666666667,93.33333333333333,15,100.0,ok
rosetta_fastrelax,NDPK-A,11,17,17,15,66.66666666666667,73.33333333333333,53.333333333333336,86.66666666666667,15,100.0,ok
rosetta_fastrelax,NDPK-A,12,17,17,15,93.33333333333333,86.66666666666667,86.66666666666667,93.33333333333333,15,100.0,ok
rosetta_fastrelax,NDPK-A,13,17,17,15,66.66666666666667,86.66666666666667,60.0,93.33333333333333,15,100.0,ok
rosetta_fastrelax,NDPK-A,14,17,17,15,93.33333333333333,86.66666666666667,86.66666666666667,93.33333333333333,15,100.0,ok
rosetta_fastrelax,NDPK-A,15,17,17,15,93.33333333333333,86.66666666666667,86.66666666666667,93.33333333333333,15,100.0,ok
rosetta_fastrelax,NDPK-A,16,17,17,15,66.66666666666667,73.33333333333333,53.333333333333336,86.66666666666667,15,100.0,ok
rosetta_fastrelax,NDPK-A,17,17,17,15,66.66666666666667,86.66666666666667,60.0,93.33333333333333,15,100.0,ok
rosetta_fastrelax,NDPK-A,18,17,17,15,86.66666666666667,73.33333333333333,73.33333333333333,86.66666666666667,15,100.0,ok
rosetta_fastrelax,NDPK-A,19,17,17,15,66.66666666666667,80.0,53.333333333333336,93.33333333333333,15,100.0,ok
rosetta_fastrelax,NDPK-A,20,17,17,15,100.0,100.0,100.0,100.0,15,100.0,ok
rosetta_fastrelax,NDPK-A,21,17,17,15,53.333333333333336,80.0,46.666666666666664,86.66666666666667,15,100.0,ok
rosetta_fastrelax,NDPK-A,22,17,17,15,66.66666666666667,73.33333333333333,53.333333333333336,86.66666666666667,15,100.0,ok
rosetta_fastrelax,NDPK-A,23,17,17,15,86.66666666666667,80.0,80.0,86.66666666666667,15,100.0,ok
rosetta_fastrelax,NDPK-A,24,17,17,15,53.333333333333336,80.0,46.666666666666664,86.66666666666667,15,100.0,ok
rosetta_fastrelax,NDPK-A,25,17,17,15,66.66666666666667,73.33333333333333,53.333333333333336,86.66666666666667,15,100.0,ok
rosetta_fastrelax,NDPK-A,26,17,17,15,60.0,80.0,46.666666666666664,93.33333333333333,15,100.0,ok
rosetta_fastrelax,NDPK-A,27,17,17,15,46.666666666666664,66.66666666666667,33.333333333333336,80.0,15,100.0,ok
rosetta_fastrelax,NDPK-A,28,17,17,15,86.66666666666667,93.33333333333333,86.66666666666667,93.33333333333333,15,100.0,ok
rosetta_fastrelax,NDPK-A,29,17,17,15,66.66666666666667,86.66666666666667,60.0,93.33333333333333,15,100.0,ok
rosetta_repack,GLTP,0,8,8,6,100.0,100.0,100.0,100.0,6,100.0,ok
rosetta_repack,GLTP,1,8,8,6,100.0,100.0,100.0,100.0,6,100.0,ok
rosetta_repack,GLTP,2,8,8,6,100.0,100.0,100.0,100.0,6,100.0,ok
rosetta_repack,GLTP,3,8,8,6,100.0,100.0,100.0,100.0,6,100.0,ok
rosetta_repack,GLTP,4,8,8,6,100.0,100.0,100.0,100.0,6,100.0,ok
rosetta_repack,GLTP,5,8,8,6,100.0,100.0,100.0,100.0,6,100.0,ok
rosetta_repack,GLTP,6,8,8,6,100.0,100.0,100.0,100.0,6,100.0,ok
rosetta_repack,GLTP,7,8,8,6,100.0,100.0,100.0,100.0,6,100.0,ok
rosetta_repack,GLTP,8,8,8,6,100.0,100.0,100.0,100.0,6,100.0,ok
rosetta_repack,GLTP,9,8,8,6,100.0,100.0,100.0,100.0,6,100.0,ok
rosetta_repack,GLTP,10,8,8,6,100.0,100.0,100.0,100.0,6,100.0,ok
rosetta_repack,GLTP,11,8,8,6,100.0,100.0,100.0,100.0,6,100.0,ok
rosetta_repack,GLTP,12,8,8,6,100.0,100.0,100.0,100.0,6,100.0,ok
rosetta_repack,GLTP,13,8,8,6,100.0,100.0,100.0,100.0,6,100.0,ok
rosetta_repack,GLTP,14,8,8,6,100.0,100.0,100.0,100.0,6,100.0,ok
rosetta_repack,GLTP,15,8,8,6,100.0,100.0,100.0,100.0,6,100.0,ok
rosetta_repack,GLTP,16,8,8,6,100.0,100.0,100.0,100.0,6,100.0,ok
rosetta_repack,GLTP,17,8,8,6,100.0,100.0,100.0,100.0,6,100.0,ok
rosetta_repack,GLTP,18,8,8,6,100.0,100.0,100.0,100.0,6,100.0,ok
rosetta_repack,GLTP,19,8,8,6,100.0,100.0,100.0,100.0,6,100.0,ok
rosetta_repack,GLTP,20,8,8,6,100.0,100.0,100.0,100.0,6,100.0,ok
rosetta_repack,GLTP,21,8,8,6,100.0,100.0,100.0,100.0,6,100.0,ok
rosetta_repack,GLTP,22,8,8,6,100.0,100.0,100.0,100.0,6,100.0,ok
rosetta_repack,GLTP,23,8,8,6,100.0,100.0,100.0,100.0,6,100.0,ok
rosetta_repack,GLTP,24,8,8,6,100.0,100.0,100.0,100.0,6,100.0,ok
rosetta_repack,GLTP,25,8,8,6,100.0,100.0,100.0,100.0,6,100.0,ok
rosetta_repack,GLTP,26,8,8,6,100.0,100.0,100.0,100.0,6,100.0,ok
rosetta_repack,GLTP,27,8,8,6,100.0,100.0,100.0,100.0,6,100.0,ok
rosetta_repack,GLTP,28,8,8,6,100.0,100.0,100.0,100.0,6,100.0,ok
rosetta_repack,GLTP,29,8,8,6,100.0,100.0,100.0,100.0,6,100.0,ok
rosetta_fastrelax,GLTP,0,8,8,6,100.0,100.0,100.0,100.0,6,100.0,ok
rosetta_fastrelax,GLTP,1,8,8,6,100.0,100.0,100.0,100.0,6,100.0,ok
rosetta_fastrelax,GLTP,2,8,8,6,100.0,100.0,100.0,100.0,6,100.0,ok
rosetta_fastrelax,GLTP,3,8,8,6,100.0,100.0,100.0,100.0,6,100.0,ok
rosetta_fastrelax,GLTP,4,8,8,6,100.0,100.0,100.0,100.0,6,100.0,ok
rosetta_fastrelax,GLTP,5,8,8,6,100.0,100.0,100.0,100.0,6,100.0,ok
rosetta_fastrelax,GLTP,6,8,8,6,100.0,100.0,100.0,100.0,6,100.0,ok
rosetta_fastrelax,GLTP,7,8,8,6,100.0,100.0,100.0,100.0,6,100.0,ok
rosetta_fastrelax,GLTP,8,8,8,6,100.0,100.0,100.0,100.0,6,100.0,ok
rosetta_fastrelax,GLTP,9,8,8,6,83.33333333333333,83.33333333333333,83.33333333333333,83.33333333333333,6,100.0,ok
rosetta_fastrelax,GLTP,10,8,8,6,83.33333333333333,83.33333333333333,83.33333333333333,83.33333333333333,6,100.0,ok
rosetta_fastrelax,GLTP,11,8,8,6,100.0,100.0,100.0,100.0,6,100.0,ok
rosetta_fastrelax,GLTP,12,8,8,6,100.0,100.0,100.0,100.0,6,100.0,ok
rosetta_fastrelax,GLTP,13,8,8,6,100.0,100.0,100.0,100.0,6,100.0,ok
rosetta_fastrelax,GLTP,14,8,8,6,100.0,100.0,100.0,100.0,6,100.0,ok
rosetta_fastrelax,GLTP,15,8,8,6,83.33333333333333,66.66666666666667,66.66666666666667,83.33333333333333,6,100.0,ok
rosetta_fastrelax,GLTP,16,8,8,6,83.33333333333333,83.33333333333333,83.33333333333333,83.33333333333333,6,100.0,ok
rosetta_fastrelax,GLTP,17,8,8,6,100.0,100.0,100.0,100.0,6,100.0,ok
rosetta_fastrelax,GLTP,18,8,8,6,83.33333333333333,83.33333333333333,83.33333333333333,83.33333333333333,6,100.0,ok
rosetta_fastrelax,GLTP,19,8,8,6,100.0,100.0,100.0,100.0,6,100.0,ok
rosetta_fastrelax,GLTP,20,8,8,6,100.0,100.0,100.0,100.0,6,100.0,ok
rosetta_fastrelax,GLTP,21,8,8,6,83.33333333333333,66.66666666666667,66.66666666666667,83.33333333333333,6,100.0,ok
rosetta_fastrelax,GLTP,22,8,8,6,100.0,100.0,100.0,100.0,6,100.0,ok
rosetta_fastrelax,GLTP,23,8,8,6,83.33333333333333,83.33333333333333,83.33333333333333,83.33333333333333,6,100.0,ok
rosetta_fastrelax,GLTP,24,8,8,6,100.0,100.0,100.0,100.0,6,100.0,ok
rosetta_fastrelax,GLTP,25,8,8,6,100.0,83.33333333333333,83.33333333333333,100.0,6,100.0,ok
rosetta_fastrelax,GLTP,26,8,8,6,83.33333333333333,83.33333333333333,83.33333333333333,83.33333333333333,6,100.0,ok
rosetta_fastrelax,GLTP,27,8,8,6,100.0,100.0,100.0,100.0,6,100.0,ok
rosetta_fastrelax,GLTP,28,8,8,6,100.0,100.0,100.0,100.0,6,100.0,ok
rosetta_fastrelax,GLTP,29,8,8,6,100.0,100.0,100.0,100.0,6,100.0,ok
rosetta_repack,SHP2,0,19,19,17,94.11764705882354,94.11764705882354,94.11764705882354,94.11764705882354,17,100.0,ok
rosetta_repack,SHP2,1,19,19,17,94.11764705882354,94.11764705882354,94.11764705882354,94.11764705882354,17,100.0,ok
rosetta_repack,SHP2,2,19,19,17,94.11764705882354,94.11764705882354,94.11764705882354,94.11764705882354,17,100.0,ok
rosetta_repack,SHP2,3,19,19,17,94.11764705882354,94.11764705882354,94.11764705882354,94.11764705882354,17,100.0,ok
rosetta_repack,SHP2,4,19,19,17,94.11764705882354,94.11764705882354,94.11764705882354,94.11764705882354,17,100.0,ok
rosetta_repack,SHP2,5,19,19,17,94.11764705882354,94.11764705882354,94.11764705882354,94.11764705882354,17,100.0,ok
rosetta_repack,SHP2,6,19,19,17,94.11764705882354,94.11764705882354,94.11764705882354,94.11764705882354,17,100.0,ok
rosetta_repack,SHP2,7,19,19,17,94.11764705882354,94.11764705882354,94.11764705882354,94.11764705882354,17,100.0,ok
rosetta_repack,SHP2,8,19,19,17,94.11764705882354,94.11764705882354,94.11764705882354,94.11764705882354,17,100.0,ok
rosetta_repack,SHP2,9,19,19,17,94.11764705882354,94.11764705882354,94.11764705882354,94.11764705882354,17,100.0,ok
rosetta_repack,SHP2,10,19,19,17,94.11764705882354,94.11764705882354,94.11764705882354,94.11764705882354,17,100.0,ok
rosetta_repack,SHP2,11,19,19,17,94.11764705882354,94.11764705882354,94.11764705882354,94.11764705882354,17,100.0,ok
rosetta_repack,SHP2,12,19,19,17,94.11764705882354,88.23529411764706,88.23529411764706,94.11764705882354,17,100.0,ok
rosetta_repack,SHP2,13,19,19,17,94.11764705882354,94.11764705882354,94.11764705882354,94.11764705882354,17,100.0,ok
rosetta_repack,SHP2,14,19,19,17,94.11764705882354,88.23529411764706,88.23529411764706,94.11764705882354,17,100.0,ok
rosetta_repack,SHP2,15,19,19,17,94.11764705882354,94.11764705882354,94.11764705882354,94.11764705882354,17,100.0,ok
rosetta_repack,SHP2,16,19,19,17,94.11764705882354,94.11764705882354,94.11764705882354,94.11764705882354,17,100.0,ok
rosetta_repack,SHP2,17,19,19,17,94.11764705882354,94.11764705882354,94.11764705882354,94.11764705882354,17,100.0,ok
rosetta_repack,SHP2,18,19,19,17,94.11764705882354,94.11764705882354,94.11764705882354,94.11764705882354,17,100.0,ok
rosetta_repack,SHP2,19,19,19,17,94.11764705882354,94.11764705882354,94.11764705882354,94.11764705882354,17,100.0,ok
rosetta_repack,SHP2,20,19,19,17,94.11764705882354,94.11764705882354,94.11764705882354,94.11764705882354,17,100.0,ok
rosetta_repack,SHP2,21,19,19,17,94.11764705882354,88.23529411764706,88.23529411764706,94.11764705882354,17,100.0,ok
rosetta_repack,SHP2,22,19,19,17,94.11764705882354,94.11764705882354,94.11764705882354,94.11764705882354,17,100.0,ok
rosetta_repack,SHP2,23,19,19,17,94.11764705882354,94.11764705882354,94.11764705882354,94.11764705882354,17,100.0,ok
rosetta_repack,SHP2,24,19,19,17,94.11764705882354,94.11764705882354,94.11764705882354,94.11764705882354,17,100.0,ok
rosetta_repack,SHP2,25,19,19,17,94.11764705882354,94.11764705882354,94.11764705882354,94.11764705882354,17,100.0,ok
rosetta_repack,SHP2,26,19,19,17,94.11764705882354,94.11764705882354,94.11764705882354,94.11764705882354,17,100.0,ok
rosetta_repack,SHP2,27,19,19,17,94.11764705882354,94.11764705882354,94.11764705882354,94.11764705882354,17,100.0,ok
rosetta_repack,SHP2,28,19,19,17,94.11764705882354,94.11764705882354,94.11764705882354,94.11764705882354,17,100.0,ok
rosetta_repack,SHP2,29,19,19,17,94.11764705882354,94.11764705882354,94.11764705882354,94.11764705882354,17,100.0,ok
rosetta_fastrelax,SHP2,0,19,19,17,88.23529411764706,82.3529411764706,82.3529411764706,88.23529411764706,17,100.0,ok
rosetta_fastrelax,SHP2,1,19,19,17,82.3529411764706,82.3529411764706,82.3529411764706,82.3529411764706,17,100.0,ok
rosetta_fastrelax,SHP2,2,19,19,17,94.11764705882354,94.11764705882354,94.11764705882354,94.11764705882354,17,100.0,ok
rosetta_fastrelax,SHP2,3,19,19,17,88.23529411764706,88.23529411764706,88.23529411764706,88.23529411764706,17,100.0,ok
rosetta_fastrelax,SHP2,4,19,19,17,88.23529411764706,88.23529411764706,88.23529411764706,88.23529411764706,17,100.0,ok
rosetta_fastrelax,SHP2,5,19,19,17,88.23529411764706,82.3529411764706,82.3529411764706,88.23529411764706,17,100.0,ok
rosetta_fastrelax,SHP2,6,19,19,17,94.11764705882354,88.23529411764706,88.23529411764706,94.11764705882354,17,100.0,ok
rosetta_fastrelax,SHP2,7,19,19,17,94.11764705882354,88.23529411764706,88.23529411764706,94.11764705882354,17,100.0,ok
rosetta_fastrelax,SHP2,8,19,19,17,100.0,100.0,100.0,100.0,17,100.0,ok
rosetta_fastrelax,SHP2,9,19,19,17,88.23529411764706,88.23529411764706,88.23529411764706,88.23529411764706,17,100.0,ok
rosetta_fastrelax,SHP2,10,19,19,17,94.11764705882354,94.11764705882354,94.11764705882354,94.11764705882354,17,100.0,ok
rosetta_fastrelax,SHP2,11,19,19,17,94.11764705882354,88.23529411764706,88.23529411764706,94.11764705882354,17,100.0,ok
rosetta_fastrelax,SHP2,12,19,19,17,76.47058823529412,82.3529411764706,76.47058823529412,82.3529411764706,17,100.0,ok
rosetta_fastrelax,SHP2,13,19,19,17,94.11764705882354,88.23529411764706,88.23529411764706,94.11764705882354,17,100.0,ok
rosetta_fastrelax,SHP2,14,19,19,17,82.3529411764706,82.3529411764706,82.3529411764706,82.3529411764706,17,100.0,ok
rosetta_fastrelax,SHP2,15,19,19,17,88.23529411764706,88.23529411764706,88.23529411764706,88.23529411764706,17,100.0,ok
rosetta_fastrelax,SHP2,16,19,19,17,88.23529411764706,94.11764705882354,88.23529411764706,94.11764705882354,17,100.0,ok
rosetta_fastrelax,SHP2,17,19,19,17,88.23529411764706,88.23529411764706,88.23529411764706,88.23529411764706,17,100.0,ok
rosetta_fastrelax,SHP2,18,19,19,17,88.23529411764706,88.23529411764706,88.23529411764706,88.23529411764706,17,100.0,ok
rosetta_fastrelax,SHP2,19,19,19,17,94.11764705882354,94.11764705882354,94.11764705882354,94.11764705882354,17,100.0,ok
rosetta_fastrelax,SHP2,20,19,19,17,94.11764705882354,88.23529411764706,88.23529411764706,94.11764705882354,17,100.0,ok
rosetta_fastrelax,SHP2,21,19,19,17,94.11764705882354,94.11764705882354,94.11764705882354,94.11764705882354,17,100.0,ok
rosetta_fastrelax,SHP2,22,19,19,17,88.23529411764706,88.23529411764706,88.23529411764706,88.23529411764706,17,100.0,ok
rosetta_fastrelax,SHP2,23,19,19,17,94.11764705882354,88.23529411764706,88.23529411764706,94.11764705882354,17,100.0,ok
rosetta_fastrelax,SHP2,24,19,19,17,94.11764705882354,94.11764705882354,94.11764705882354,94.11764705882354,17,100.0,ok
rosetta_fastrelax,SHP2,25,19,19,17,94.11764705882354,94.11764705882354,94.11764705882354,94.11764705882354,17,100.0,ok
rosetta_fastrelax,SHP2,26,19,19,17,88.23529411764706,82.3529411764706,82.3529411764706,88.23529411764706,17,100.0,ok
rosetta_fastrelax,SHP2,27,19,19,17,100.0,100.0,100.0,100.0,17,100.0,ok
rosetta_fastrelax,SHP2,28,19,19,17,88.23529411764706,88.23529411764706,88.23529411764706,88.23529411764706,17,100.0,ok
rosetta_fastrelax,SHP2,29,19,19,17,94.11764705882354,94.11764705882354,94.11764705882354,94.11764705882354,17,100.0,ok
rosetta_repack,METTL14,0,22,22,18,100.0,100.0,100.0,100.0,18,100.0,ok
rosetta_repack,METTL14,1,22,22,18,100.0,100.0,100.0,100.0,18,100.0,ok
rosetta_repack,METTL14,2,22,22,18,100.0,100.0,100.0,100.0,18,100.0,ok
rosetta_repack,METTL14,3,22,22,18,100.0,100.0,100.0,100.0,18,100.0,ok
rosetta_repack,METTL14,4,22,22,18,100.0,100.0,100.0,100.0,18,100.0,ok
rosetta_repack,METTL14,5,22,22,18,100.0,100.0,100.0,100.0,18,100.0,ok
rosetta_repack,METTL14,6,22,22,18,100.0,100.0,100.0,100.0,18,100.0,ok
rosetta_repack,METTL14,7,22,22,18,100.0,100.0,100.0,100.0,18,100.0,ok
rosetta_repack,METTL14,8,22,22,18,100.0,100.0,100.0,100.0,18,100.0,ok
rosetta_repack,METTL14,9,22,22,18,100.0,100.0,100.0,100.0,18,100.0,ok
rosetta_repack,METTL14,10,22,22,18,100.0,100.0,100.0,100.0,18,100.0,ok
rosetta_repack,METTL14,11,22,22,18,100.0,100.0,100.0,100.0,18,100.0,ok
rosetta_repack,METTL14,12,22,22,18,100.0,100.0,100.0,100.0,18,100.0,ok
rosetta_repack,METTL14,13,22,22,18,100.0,100.0,100.0,100.0,18,100.0,ok
rosetta_repack,METTL14,14,22,22,18,100.0,100.0,100.0,100.0,18,100.0,ok
rosetta_repack,METTL14,15,22,22,18,100.0,100.0,100.0,100.0,18,100.0,ok
rosetta_repack,METTL14,16,22,22,18,100.0,100.0,100.0,100.0,18,100.0,ok
rosetta_repack,METTL14,17,22,22,18,100.0,100.0,100.0,100.0,18,100.0,ok
rosetta_repack,METTL14,18,22,22,18,100.0,100.0,100.0,100.0,18,100.0,ok
rosetta_repack,METTL14,19,22,22,18,100.0,100.0,100.0,100.0,18,100.0,ok
rosetta_repack,METTL14,20,22,22,18,100.0,100.0,100.0,100.0,18,100.0,ok
rosetta_repack,METTL14,21,22,22,18,100.0,100.0,100.0,100.0,18,100.0,ok
rosetta_repack,METTL14,22,22,22,18,100.0,100.0,100.0,100.0,18,100.0,ok
rosetta_repack,METTL14,23,22,22,18,100.0,100.0,100.0,100.0,18,100.0,ok
rosetta_repack,METTL14,24,22,22,18,100.0,100.0,100.0,100.0,18,100.0,ok
rosetta_repack,METTL14,25,22,22,18,100.0,100.0,100.0,100.0,18,100.0,ok
rosetta_repack,METTL14,26,22,22,18,100.0,100.0,100.0,100.0,18,100.0,ok
rosetta_repack,METTL14,27,22,22,18,100.0,100.0,100.0,100.0,18,100.0,ok
rosetta_repack,METTL14,28,22,22,18,100.0,100.0,100.0,100.0,18,100.0,ok
rosetta_repack,METTL14,29,22,22,18,100.0,100.0,100.0,100.0,18,100.0,ok
rosetta_fastrelax,METTL14,0,22,22,18,100.0,100.0,100.0,100.0,18,100.0,ok
rosetta_fastrelax,METTL14,1,22,22,18,100.0,94.44444444444444,94.44444444444444,100.0,18,100.0,ok
rosetta_fastrelax,METTL14,2,22,22,18,100.0,94.44444444444444,94.44444444444444,100.0,18,100.0,ok
rosetta_fastrelax,METTL14,3,22,22,18,100.0,100.0,100.0,100.0,18,100.0,ok
rosetta_fastrelax,METTL14,4,22,22,18,100.0,100.0,100.0,100.0,18,100.0,ok
rosetta_fastrelax,METTL14,5,22,22,18,100.0,100.0,100.0,100.0,18,100.0,ok
rosetta_fastrelax,METTL14,6,22,22,18,100.0,94.44444444444444,94.44444444444444,100.0,18,100.0,ok
rosetta_fastrelax,METTL14,7,22,22,18,100.0,94.44444444444444,94.44444444444444,100.0,18,100.0,ok
rosetta_fastrelax,METTL14,8,22,22,18,100.0,100.0,100.0,100.0,18,100.0,ok
rosetta_fastrelax,METTL14,9,22,22,18,100.0,100.0,100.0,100.0,18,100.0,ok
rosetta_fastrelax,METTL14,10,22,22,18,100.0,94.44444444444444,94.44444444444444,100.0,18,100.0,ok
rosetta_fastrelax,METTL14,11,22,22,18,100.0,100.0,100.0,100.0,18,100.0,ok
rosetta_fastrelax,METTL14,12,22,22,18,100.0,100.0,100.0,100.0,18,100.0,ok
rosetta_fastrelax,METTL14,13,22,22,18,100.0,100.0,100.0,100.0,18,100.0,ok
rosetta_fastrelax,METTL14,14,22,22,18,100.0,94.44444444444444,94.44444444444444,100.0,18,100.0,ok
rosetta_fastrelax,METTL14,15,22,22,18,100.0,100.0,100.0,100.0,18,100.0,ok
rosetta_fastrelax,METTL14,16,22,22,18,100.0,100.0,100.0,100.0,18,100.0,ok
rosetta_fastrelax,METTL14,17,22,22,18,100.0,100.0,100.0,100.0,18,100.0,ok
rosetta_fastrelax,METTL14,18,22,22,18,100.0,100.0,100.0,100.0,18,100.0,ok
rosetta_fastrelax,METTL14,19,22,22,18,100.0,100.0,100.0,100.0,18,100.0,ok
rosetta_fastrelax,METTL14,20,22,22,18,100.0,100.0,100.0,100.0,18,100.0,ok
rosetta_fastrelax,METTL14,21,22,22,18,100.0,100.0,100.0,100.0,18,100.0,ok
rosetta_fastrelax,METTL14,22,22,22,18,100.0,100.0,100.0,100.0,18,100.0,ok
rosetta_fastrelax,METTL14,23,22,22,18,100.0,94.44444444444444,94.44444444444444,100.0,18,100.0,ok
rosetta_fastrelax,METTL14,24,22,22,18,100.0,100.0,100.0,100.0,18,100.0,ok
rosetta_fastrelax,METTL14,25,22,22,18,100.0,100.0,100.0,100.0,18,100.0,ok
rosetta_fastrelax,METTL14,26,22,22,18,100.0,100.0,100.0,100.0,18,100.0,ok
rosetta_fastrelax,METTL14,27,22,22,18,100.0,94.44444444444444,94.44444444444444,100.0,18,100.0,ok
rosetta_fastrelax,METTL14,28,22,22,18,100.0,100.0,100.0,100.0,18,100.0,ok
rosetta_fastrelax,METTL14,29,22,22,18,100.0,94.44444444444444,94.44444444444444,100.0,18,100.0,ok
rosetta_repack,FUT8,0,22,22,20,100.0,100.0,100.0,100.0,20,100.0,ok
rosetta_repack,FUT8,1,22,22,20,100.0,100.0,100.0,100.0,20,100.0,ok
rosetta_repack,FUT8,2,22,22,20,100.0,100.0,100.0,100.0,20,100.0,ok
rosetta_repack,FUT8,3,22,22,20,100.0,100.0,100.0,100.0,20,100.0,ok
rosetta_repack,FUT8,4,22,22,20,100.0,100.0,100.0,100.0,20,100.0,ok
rosetta_repack,FUT8,5,22,22,20,100.0,100.0,100.0,100.0,20,100.0,ok
rosetta_repack,FUT8,6,22,22,20,100.0,100.0,100.0,100.0,20,100.0,ok
rosetta_repack,FUT8,7,22,22,20,100.0,100.0,100.0,100.0,20,100.0,ok
rosetta_repack,FUT8,8,22,22,20,100.0,100.0,100.0,100.0,20,100.0,ok
rosetta_repack,FUT8,9,22,22,20,100.0,100.0,100.0,100.0,20,100.0,ok
rosetta_repack,FUT8,10,22,22,20,100.0,100.0,100.0,100.0,20,100.0,ok
rosetta_repack,FUT8,11,22,22,20,100.0,100.0,100.0,100.0,20,100.0,ok
rosetta_repack,FUT8,12,22,22,20,100.0,100.0,100.0,100.0,20,100.0,ok
rosetta_repack,FUT8,13,22,22,20,100.0,100.0,100.0,100.0,20,100.0,ok
rosetta_repack,FUT8,14,22,22,20,100.0,100.0,100.0,100.0,20,100.0,ok
rosetta_repack,FUT8,15,22,22,20,100.0,100.0,100.0,100.0,20,100.0,ok
rosetta_repack,FUT8,16,22,22,20,100.0,100.0,100.0,100.0,20,100.0,ok
rosetta_repack,FUT8,17,22,22,20,100.0,100.0,100.0,100.0,20,100.0,ok
rosetta_repack,FUT8,18,22,22,20,100.0,100.0,100.0,100.0,20,100.0,ok
rosetta_repack,FUT8,19,22,22,20,100.0,100.0,100.0,100.0,20,100.0,ok
rosetta_repack,FUT8,20,22,22,20,100.0,100.0,100.0,100.0,20,100.0,ok
rosetta_repack,FUT8,21,22,22,20,100.0,100.0,100.0,100.0,20,100.0,ok
rosetta_repack,FUT8,22,22,22,20,100.0,100.0,100.0,100.0,20,100.0,ok
rosetta_repack,FUT8,23,22,22,20,100.0,100.0,100.0,100.0,20,100.0,ok
rosetta_repack,FUT8,24,22,22,20,100.0,100.0,100.0,100.0,20,100.0,ok
rosetta_repack,FUT8,25,22,22,20,100.0,100.0,100.0,100.0,20,100.0,ok
rosetta_repack,FUT8,26,22,22,20,100.0,100.0,100.0,100.0,20,100.0,ok
rosetta_repack,FUT8,27,22,22,20,100.0,100.0,100.0,100.0,20,100.0,ok
rosetta_repack,FUT8,28,22,22,20,100.0,100.0,100.0,100.0,20,100.0,ok
rosetta_repack,FUT8,29,22,22,20,100.0,100.0,100.0,100.0,20,100.0,ok
rosetta_fastrelax,FUT8,0,22,22,20,100.0,100.0,100.0,100.0,20,100.0,ok
rosetta_fastrelax,FUT8,1,22,22,20,100.0,95.0,95.0,100.0,20,100.0,ok
rosetta_fastrelax,FUT8,2,22,22,20,100.0,100.0,100.0,100.0,20,100.0,ok
rosetta_fastrelax,FUT8,3,22,22,20,100.0,100.0,100.0,100.0,20,100.0,ok
rosetta_fastrelax,FUT8,4,22,22,20,100.0,100.0,100.0,100.0,20,100.0,ok
rosetta_fastrelax,FUT8,5,22,22,20,100.0,100.0,100.0,100.0,20,100.0,ok
rosetta_fastrelax,FUT8,6,22,22,20,100.0,100.0,100.0,100.0,20,100.0,ok
rosetta_fastrelax,FUT8,7,22,22,20,100.0,100.0,100.0,100.0,20,100.0,ok
rosetta_fastrelax,FUT8,8,22,22,20,100.0,100.0,100.0,100.0,20,100.0,ok
rosetta_fastrelax,FUT8,9,22,22,20,100.0,100.0,100.0,100.0,20,100.0,ok
rosetta_fastrelax,FUT8,10,22,22,20,100.0,100.0,100.0,100.0,20,100.0,ok
rosetta_fastrelax,FUT8,11,22,22,20,100.0,100.0,100.0,100.0,20,100.0,ok
rosetta_fastrelax,FUT8,12,22,22,20,95.0,95.0,95.0,95.0,20,100.0,ok
rosetta_fastrelax,FUT8,13,22,22,20,100.0,100.0,100.0,100.0,20,100.0,ok
rosetta_fastrelax,FUT8,14,22,22,20,100.0,100.0,100.0,100.0,20,100.0,ok
rosetta_fastrelax,FUT8,15,22,22,20,100.0,100.0,100.0,100.0,20,100.0,ok
rosetta_fastrelax,FUT8,16,22,22,20,100.0,100.0,100.0,100.0,20,100.0,ok
rosetta_fastrelax,FUT8,17,22,22,20,100.0,100.0,100.0,100.0,20,100.0,ok
rosetta_fastrelax,FUT8,18,22,22,20,100.0,100.0,100.0,100.0,20,100.0,ok
rosetta_fastrelax,FUT8,19,22,22,20,100.0,100.0,100.0,100.0,20,100.0,ok
rosetta_fastrelax,FUT8,20,22,22,20,100.0,100.0,100.0,100.0,20,100.0,ok
rosetta_fastrelax,FUT8,21,22,22,20,100.0,90.0,90.0,100.0,20,100.0,ok
rosetta_fastrelax,FUT8,22,22,22,20,100.0,95.0,95.0,100.0,20,100.0,ok
rosetta_fastrelax,FUT8,23,22,22,20,100.0,100.0,100.0,100.0,20,100.0,ok
rosetta_fastrelax,FUT8,24,22,22,20,100.0,100.0,100.0,100.0,20,100.0,ok
rosetta_fastrelax,FUT8,25,22,22,20,100.0,100.0,100.0,100.0,20,100.0,ok
rosetta_fastrelax,FUT8,26,22,22,20,100.0,100.0,100.0,100.0,20,100.0,ok
rosetta_fastrelax,FUT8,27,22,22,20,100.0,100.0,100.0,100.0,20,100.0,ok
rosetta_fastrelax,FUT8,28,22,22,20,100.0,100.0,100.0,100.0,20,100.0,ok
rosetta_fastrelax,FUT8,29,22,22,20,100.0,100.0,100.0,100.0,20,100.0,ok
apo,p53_Y220C,0,19,19,18,100.0,100.0,100.0,100.0,18,100.0,ok
holo,p53_Y220C,0,19,19,18,100.0,100.0,100.0,100.0,18,100.0,ok
apo,CB1,0,28,28,20,100.0,100.0,100.0,100.0,20,100.0,ok
holo,CB1,0,28,28,20,100.0,100.0,100.0,100.0,20,100.0,ok
apo,KRAS,0,21,21,15,100.0,100.0,100.0,100.0,15,100.0,ok
holo,KRAS,0,21,21,15,100.0,100.0,100.0,100.0,15,100.0,ok
apo,cAbl,0,23,23,16,100.0,100.0,100.0,100.0,16,100.0,ok
holo,cAbl,0,23,23,16,100.0,100.0,100.0,100.0,16,100.0,ok
apo,HIF2alpha,0,21,21,20,100.0,100.0,100.0,100.0,20,100.0,ok
holo,HIF2alpha,0,21,21,20,100.0,100.0,100.0,100.0,20,100.0,ok
apo,HIV_RT,0,19,19,11,100.0,100.0,100.0,100.0,11,100.0,ok
holo,HIV_RT,0,19,19,11,100.0,100.0,100.0,100.0,11,100.0,ok
apo,HIV1_CA,0,16,16,14,100.0,100.0,100.0,100.0,14,100.0,ok
holo,HIV1_CA,0,16,16,14,100.0,100.0,100.0,100.0,14,100.0,ok
apo,Menin,0,14,14,14,100.0,100.0,100.0,100.0,14,100.0,ok
holo,Menin,0,14,14,14,100.0,100.0,100.0,100.0,14,100.0,ok
apo,GCGR,0,25,25,8,100.0,100.0,100.0,100.0,8,100.0,ok
holo,GCGR,0,25,25,8,100.0,100.0,100.0,100.0,8,100.0,ok
apo,THSR,0,26,26,25,100.0,100.0,100.0,100.0,25,100.0,ok
holo,THSR,0,26,26,25,100.0,100.0,100.0,100.0,25,100.0,ok
apo,p53_Y220C__4AGQ,0,17,17,16,100.0,100.0,100.0,100.0,16,100.0,ok
holo,p53_Y220C__4AGQ,0,17,17,16,100.0,100.0,100.0,100.0,16,100.0,ok
apo,HIF2alpha__6D0B,0,25,25,24,100.0,100.0,100.0,100.0,24,100.0,ok
holo,HIF2alpha__6D0B,0,25,25,24,100.0,100.0,100.0,100.0,24,100.0,ok
apo,HIV_RT__3V81,0,17,17,11,100.0,100.0,100.0,100.0,11,100.0,ok
holo,HIV_RT__3V81,0,17,17,11,100.0,100.0,100.0,100.0,11,100.0,ok
apo,THSR__7UTZ,0,24,24,23,100.0,100.0,100.0,100.0,23,100.0,ok
holo,THSR__7UTZ,0,24,24,23,100.0,100.0,100.0,100.0,23,100.0,ok
apo,Bcl-xL,0,21,21,17,100.0,100.0,100.0,100.0,17,100.0,ok
holo,Bcl-xL,0,21,22,17,100.0,100.0,100.0,100.0,17,100.0,ok
apo,betaLG,0,16,16,15,100.0,100.0,100.0,100.0,15,100.0,ok
holo,betaLG,0,16,16,15,100.0,100.0,100.0,100.0,15,100.0,ok
apo,NDPK-A,0,17,17,15,100.0,100.0,100.0,100.0,15,100.0,ok
holo,NDPK-A,0,17,17,15,100.0,100.0,100.0,100.0,15,100.0,ok
apo,GLTP,0,8,8,6,100.0,100.0,100.0,100.0,6,100.0,ok
holo,GLTP,0,8,8,6,100.0,100.0,100.0,100.0,6,100.0,ok
apo,SHP2,0,19,19,17,100.0,100.0,100.0,100.0,17,100.0,ok
holo,SHP2,0,19,19,17,100.0,100.0,100.0,100.0,17,100.0,ok
apo,METTL14,0,22,22,18,100.0,100.0,100.0,100.0,18,100.0,ok
holo,METTL14,0,22,22,18,100.0,100.0,100.0,100.0,18,100.0,ok
apo,FUT8,0,22,22,20,100.0,100.0,100.0,100.0,20,100.0,ok
holo,FUT8,0,22,22,20,100.0,100.0,100.0,100.0,20,100.0,ok
apo2mol,Bcl-xL,0,21,21,17,76.47058823529412,70.58823529411765,70.58823529411765,76.47058823529412,17,100.0,ok
apo2mol,Bcl-xL,1,21,21,17,64.70588235294117,70.58823529411765,58.8235294117647,76.47058823529412,17,100.0,ok
apo2mol,Bcl-xL,2,21,21,17,76.47058823529412,47.05882352941177,47.05882352941177,76.47058823529412,17,100.0,ok
apo2mol,Bcl-xL,3,21,21,17,76.47058823529412,47.05882352941177,47.05882352941177,76.47058823529412,17,100.0,ok
apo2mol,Bcl-xL,4,21,21,17,41.1764705882353,29.41176470588235,23.529411764705884,47.05882352941177,17,100.0,ok
apo2mol,Bcl-xL,5,21,21,17,70.58823529411765,64.70588235294117,58.8235294117647,76.47058823529412,17,100.0,ok
apo2mol,Bcl-xL,6,21,21,17,58.8235294117647,41.1764705882353,41.1764705882353,58.8235294117647,17,100.0,ok
apo2mol,Bcl-xL,7,21,21,17,70.58823529411765,64.70588235294117,64.70588235294117,70.58823529411765,17,100.0,ok
apo2mol,Bcl-xL,8,21,21,17,70.58823529411765,64.70588235294117,64.70588235294117,70.58823529411765,17,100.0,ok
apo2mol,Bcl-xL,9,21,21,17,70.58823529411765,64.70588235294117,64.70588235294117,70.58823529411765,17,100.0,ok
apo2mol,Bcl-xL,10,21,21,17,58.8235294117647,47.05882352941177,47.05882352941177,58.8235294117647,17,100.0,ok
apo2mol,Bcl-xL,11,21,21,17,58.8235294117647,58.8235294117647,47.05882352941177,70.58823529411765,17,100.0,ok
apo2mol,Bcl-xL,12,21,21,17,70.58823529411765,58.8235294117647,52.94117647058823,76.47058823529412,17,100.0,ok
apo2mol,Bcl-xL,13,21,21,17,70.58823529411765,47.05882352941177,47.05882352941177,70.58823529411765,17,100.0,ok
apo2mol,Bcl-xL,14,21,21,17,64.70588235294117,52.94117647058823,52.94117647058823,64.70588235294117,17,100.0,ok
apo2mol,Bcl-xL,15,21,21,17,58.8235294117647,23.529411764705884,23.529411764705884,58.8235294117647,17,100.0,ok
apo2mol,Bcl-xL,16,21,21,17,70.58823529411765,58.8235294117647,58.8235294117647,70.58823529411765,17,100.0,ok
apo2mol,Bcl-xL,17,21,21,17,64.70588235294117,41.1764705882353,35.294117647058826,70.58823529411765,17,100.0,ok
apo2mol,Bcl-xL,18,21,21,17,82.3529411764706,70.58823529411765,70.58823529411765,82.3529411764706,17,100.0,ok
apo2mol,Bcl-xL,19,21,21,17,82.3529411764706,52.94117647058823,52.94117647058823,82.3529411764706,17,100.0,ok
apo2mol,Bcl-xL,20,21,21,17,70.58823529411765,58.8235294117647,52.94117647058823,76.47058823529412,17,100.0,ok
apo2mol,Bcl-xL,21,21,21,17,82.3529411764706,82.3529411764706,82.3529411764706,82.3529411764706,17,100.0,ok
apo2mol,Bcl-xL,22,21,21,17,52.94117647058823,35.294117647058826,35.294117647058826,52.94117647058823,17,100.0,ok
apo2mol,Bcl-xL,23,21,21,17,64.70588235294117,52.94117647058823,52.94117647058823,64.70588235294117,17,100.0,ok
apo2mol,Bcl-xL,24,21,21,17,64.70588235294117,52.94117647058823,41.1764705882353,76.47058823529412,17,100.0,ok
apo2mol,Bcl-xL,25,21,21,17,58.8235294117647,64.70588235294117,52.94117647058823,70.58823529411765,17,100.0,ok
apo2mol,Bcl-xL,26,21,21,17,76.47058823529412,64.70588235294117,64.70588235294117,76.47058823529412,17,100.0,ok
apo2mol,Bcl-xL,27,21,21,17,52.94117647058823,35.294117647058826,35.294117647058826,52.94117647058823,17,100.0,ok
apo2mol,Bcl-xL,28,21,21,17,64.70588235294117,76.47058823529412,64.70588235294117,76.47058823529412,17,100.0,ok
apo2mol,Bcl-xL,29,21,21,17,88.23529411764706,76.47058823529412,76.47058823529412,88.23529411764706,17,100.0,ok
apo2mol,betaLG,0,16,16,15,80.0,53.333333333333336,53.333333333333336,80.0,15,100.0,ok
apo2mol,betaLG,1,16,16,15,80.0,60.0,60.0,80.0,15,100.0,ok
apo2mol,betaLG,2,16,16,15,93.33333333333333,80.0,80.0,93.33333333333333,15,100.0,ok
apo2mol,betaLG,3,16,16,15,80.0,80.0,73.33333333333333,86.66666666666667,15,100.0,ok
apo2mol,betaLG,4,16,16,15,86.66666666666667,86.66666666666667,86.66666666666667,86.66666666666667,15,100.0,ok
apo2mol,betaLG,5,16,16,15,93.33333333333333,93.33333333333333,93.33333333333333,93.33333333333333,15,100.0,ok
apo2mol,betaLG,6,16,16,15,80.0,73.33333333333333,73.33333333333333,80.0,15,100.0,ok
apo2mol,betaLG,7,16,16,15,93.33333333333333,86.66666666666667,86.66666666666667,93.33333333333333,15,100.0,ok
apo2mol,betaLG,8,16,16,15,86.66666666666667,86.66666666666667,80.0,93.33333333333333,15,100.0,ok
apo2mol,betaLG,9,16,16,15,86.66666666666667,86.66666666666667,86.66666666666667,86.66666666666667,15,100.0,ok
apo2mol,betaLG,10,16,16,15,100.0,93.33333333333333,93.33333333333333,100.0,15,100.0,ok
apo2mol,betaLG,11,16,16,15,100.0,86.66666666666667,86.66666666666667,100.0,15,100.0,ok
apo2mol,betaLG,12,16,16,15,73.33333333333333,80.0,73.33333333333333,80.0,15,100.0,ok
apo2mol,betaLG,13,16,16,15,100.0,86.66666666666667,86.66666666666667,100.0,15,100.0,ok
apo2mol,betaLG,14,16,16,15,93.33333333333333,86.66666666666667,86.66666666666667,93.33333333333333,15,100.0,ok
apo2mol,betaLG,15,16,16,15,100.0,86.66666666666667,86.66666666666667,100.0,15,100.0,ok
apo2mol,betaLG,16,16,16,15,100.0,93.33333333333333,93.33333333333333,100.0,15,100.0,ok
apo2mol,betaLG,17,16,16,15,93.33333333333333,73.33333333333333,73.33333333333333,93.33333333333333,15,100.0,ok
apo2mol,betaLG,18,16,16,15,86.66666666666667,73.33333333333333,60.0,100.0,15,100.0,ok
apo2mol,betaLG,19,16,16,15,100.0,86.66666666666667,86.66666666666667,100.0,15,100.0,ok
apo2mol,betaLG,20,16,16,15,86.66666666666667,80.0,80.0,86.66666666666667,15,100.0,ok
apo2mol,betaLG,21,16,16,15,100.0,100.0,100.0,100.0,15,100.0,ok
apo2mol,betaLG,22,16,16,15,86.66666666666667,80.0,80.0,86.66666666666667,15,100.0,ok
apo2mol,betaLG,23,16,16,15,93.33333333333333,86.66666666666667,86.66666666666667,93.33333333333333,15,100.0,ok
apo2mol,betaLG,24,16,16,15,80.0,80.0,73.33333333333333,86.66666666666667,15,100.0,ok
apo2mol,betaLG,25,16,16,15,66.66666666666667,66.66666666666667,66.66666666666667,66.66666666666667,15,100.0,ok
apo2mol,betaLG,26,16,16,15,80.0,53.333333333333336,53.333333333333336,80.0,15,100.0,ok
apo2mol,betaLG,27,16,16,15,80.0,66.66666666666667,66.66666666666667,80.0,15,100.0,ok
apo2mol,betaLG,28,16,16,15,100.0,100.0,100.0,100.0,15,100.0,ok
apo2mol,betaLG,29,16,16,15,100.0,93.33333333333333,93.33333333333333,100.0,15,100.0,ok
apo2mol,NDPK-A,0,17,17,15,93.33333333333333,93.33333333333333,86.66666666666667,100.0,15,100.0,ok
apo2mol,NDPK-A,1,17,17,15,93.33333333333333,80.0,80.0,93.33333333333333,15,100.0,ok
apo2mol,NDPK-A,2,17,17,15,100.0,93.33333333333333,93.33333333333333,100.0,15,100.0,ok
apo2mol,NDPK-A,3,17,17,15,86.66666666666667,86.66666666666667,86.66666666666667,86.66666666666667,15,100.0,ok
apo2mol,NDPK-A,4,17,17,15,93.33333333333333,100.0,93.33333333333333,100.0,15,100.0,ok
apo2mol,NDPK-A,5,17,17,15,100.0,100.0,100.0,100.0,15,100.0,ok
apo2mol,NDPK-A,6,17,17,15,100.0,100.0,100.0,100.0,15,100.0,ok
apo2mol,NDPK-A,7,17,17,15,100.0,93.33333333333333,93.33333333333333,100.0,15,100.0,ok
apo2mol,NDPK-A,8,17,17,15,93.33333333333333,80.0,80.0,93.33333333333333,15,100.0,ok
apo2mol,NDPK-A,9,17,17,15,100.0,93.33333333333333,93.33333333333333,100.0,15,100.0,ok
apo2mol,NDPK-A,10,17,17,15,93.33333333333333,93.33333333333333,86.66666666666667,100.0,15,100.0,ok
apo2mol,NDPK-A,11,17,17,15,93.33333333333333,93.33333333333333,93.33333333333333,93.33333333333333,15,100.0,ok
apo2mol,NDPK-A,12,17,17,15,100.0,80.0,80.0,100.0,15,100.0,ok
apo2mol,NDPK-A,13,17,17,15,86.66666666666667,80.0,80.0,86.66666666666667,15,100.0,ok
apo2mol,NDPK-A,14,17,17,15,100.0,93.33333333333333,93.33333333333333,100.0,15,100.0,ok
apo2mol,NDPK-A,15,17,17,15,93.33333333333333,93.33333333333333,86.66666666666667,100.0,15,100.0,ok
apo2mol,NDPK-A,16,17,17,15,100.0,86.66666666666667,86.66666666666667,100.0,15,100.0,ok
apo2mol,NDPK-A,17,17,17,15,93.33333333333333,93.33333333333333,86.66666666666667,100.0,15,100.0,ok
apo2mol,NDPK-A,18,17,17,15,100.0,73.33333333333333,73.33333333333333,100.0,15,100.0,ok
apo2mol,NDPK-A,19,17,17,15,100.0,93.33333333333333,93.33333333333333,100.0,15,100.0,ok
apo2mol,NDPK-A,20,17,17,15,100.0,93.33333333333333,93.33333333333333,100.0,15,100.0,ok
apo2mol,NDPK-A,21,17,17,15,93.33333333333333,86.66666666666667,86.66666666666667,93.33333333333333,15,100.0,ok
apo2mol,NDPK-A,22,17,17,15,100.0,100.0,100.0,100.0,15,100.0,ok
apo2mol,NDPK-A,23,17,17,15,86.66666666666667,86.66666666666667,80.0,93.33333333333333,15,100.0,ok
apo2mol,NDPK-A,24,17,17,15,66.66666666666667,80.0,66.66666666666667,80.0,15,100.0,ok
apo2mol,NDPK-A,25,17,17,15,100.0,93.33333333333333,93.33333333333333,100.0,15,100.0,ok
apo2mol,NDPK-A,26,17,17,15,100.0,93.33333333333333,93.33333333333333,100.0,15,100.0,ok
apo2mol,NDPK-A,27,17,17,15,100.0,93.33333333333333,93.33333333333333,100.0,15,100.0,ok
apo2mol,NDPK-A,28,17,17,15,93.33333333333333,86.66666666666667,86.66666666666667,93.33333333333333,15,100.0,ok
apo2mol,NDPK-A,29,17,17,15,86.66666666666667,86.66666666666667,86.66666666666667,86.66666666666667,15,100.0,ok
apo2mol,GLTP,0,8,8,6,66.66666666666667,50.0,50.0,66.66666666666667,6,100.0,ok
apo2mol,GLTP,1,8,8,6,50.0,33.333333333333336,16.666666666666668,66.66666666666667,6,100.0,ok
apo2mol,GLTP,2,8,8,6,83.33333333333333,50.0,50.0,83.33333333333333,6,100.0,ok
apo2mol,GLTP,3,8,8,6,100.0,100.0,100.0,100.0,6,100.0,ok
apo2mol,GLTP,4,8,8,6,66.66666666666667,66.66666666666667,66.66666666666667,66.66666666666667,6,100.0,ok
apo2mol,GLTP,5,8,8,6,83.33333333333333,66.66666666666667,66.66666666666667,83.33333333333333,6,100.0,ok
apo2mol,GLTP,6,8,8,6,100.0,100.0,100.0,100.0,6,100.0,ok
apo2mol,GLTP,7,8,8,6,66.66666666666667,66.66666666666667,66.66666666666667,66.66666666666667,6,100.0,ok
apo2mol,GLTP,8,8,8,6,66.66666666666667,66.66666666666667,66.66666666666667,66.66666666666667,6,100.0,ok
apo2mol,GLTP,9,8,8,6,83.33333333333333,66.66666666666667,66.66666666666667,83.33333333333333,6,100.0,ok
apo2mol,GLTP,10,8,8,6,100.0,100.0,100.0,100.0,6,100.0,ok
apo2mol,GLTP,11,8,8,6,100.0,66.66666666666667,66.66666666666667,100.0,6,100.0,ok
apo2mol,GLTP,12,8,8,6,83.33333333333333,66.66666666666667,66.66666666666667,83.33333333333333,6,100.0,ok
apo2mol,GLTP,13,8,8,6,83.33333333333333,66.66666666666667,66.66666666666667,83.33333333333333,6,100.0,ok
apo2mol,GLTP,14,8,8,6,100.0,66.66666666666667,66.66666666666667,100.0,6,100.0,ok
apo2mol,GLTP,15,8,8,6,83.33333333333333,66.66666666666667,66.66666666666667,83.33333333333333,6,100.0,ok
apo2mol,GLTP,16,8,8,6,100.0,100.0,100.0,100.0,6,100.0,ok
apo2mol,GLTP,17,8,8,6,100.0,100.0,100.0,100.0,6,100.0,ok
apo2mol,GLTP,18,8,8,6,83.33333333333333,83.33333333333333,83.33333333333333,83.33333333333333,6,100.0,ok
apo2mol,GLTP,19,8,8,6,83.33333333333333,66.66666666666667,66.66666666666667,83.33333333333333,6,100.0,ok
apo2mol,GLTP,20,8,8,6,100.0,83.33333333333333,83.33333333333333,100.0,6,100.0,ok
apo2mol,GLTP,21,8,8,6,83.33333333333333,50.0,50.0,83.33333333333333,6,100.0,ok
apo2mol,GLTP,22,8,8,6,83.33333333333333,83.33333333333333,83.33333333333333,83.33333333333333,6,100.0,ok
apo2mol,GLTP,23,8,8,6,83.33333333333333,50.0,50.0,83.33333333333333,6,100.0,ok
apo2mol,GLTP,24,8,8,6,100.0,83.33333333333333,83.33333333333333,100.0,6,100.0,ok
apo2mol,GLTP,25,8,8,6,83.33333333333333,66.66666666666667,66.66666666666667,83.33333333333333,6,100.0,ok
apo2mol,GLTP,26,8,8,6,83.33333333333333,50.0,50.0,83.33333333333333,6,100.0,ok
apo2mol,GLTP,27,8,8,6,66.66666666666667,50.0,50.0,66.66666666666667,6,100.0,ok
apo2mol,GLTP,28,8,8,6,83.33333333333333,83.33333333333333,83.33333333333333,83.33333333333333,6,100.0,ok
apo2mol,GLTP,29,8,8,6,66.66666666666667,66.66666666666667,66.66666666666667,66.66666666666667,6,100.0,ok
apo2mol,SHP2,0,19,19,17,94.11764705882354,94.11764705882354,94.11764705882354,94.11764705882354,17,100.0,ok
apo2mol,SHP2,1,19,19,17,76.47058823529412,82.3529411764706,76.47058823529412,82.3529411764706,17,100.0,ok
apo2mol,SHP2,2,19,19,17,94.11764705882354,88.23529411764706,88.23529411764706,94.11764705882354,17,100.0,ok
apo2mol,SHP2,3,19,19,17,100.0,94.11764705882354,94.11764705882354,100.0,17,100.0,ok
apo2mol,SHP2,4,19,19,17,94.11764705882354,88.23529411764706,88.23529411764706,94.11764705882354,17,100.0,ok
apo2mol,SHP2,5,19,19,17,100.0,94.11764705882354,94.11764705882354,100.0,17,100.0,ok
apo2mol,SHP2,6,19,19,17,88.23529411764706,88.23529411764706,88.23529411764706,88.23529411764706,17,100.0,ok
apo2mol,SHP2,7,19,19,17,88.23529411764706,82.3529411764706,82.3529411764706,88.23529411764706,17,100.0,ok
apo2mol,SHP2,8,19,19,17,70.58823529411765,64.70588235294117,64.70588235294117,70.58823529411765,17,100.0,ok
apo2mol,SHP2,9,19,19,17,100.0,94.11764705882354,94.11764705882354,100.0,17,100.0,ok
apo2mol,SHP2,10,19,19,17,94.11764705882354,88.23529411764706,88.23529411764706,94.11764705882354,17,100.0,ok
apo2mol,SHP2,11,19,19,17,100.0,94.11764705882354,94.11764705882354,100.0,17,100.0,ok
apo2mol,SHP2,12,19,19,17,82.3529411764706,70.58823529411765,70.58823529411765,82.3529411764706,17,100.0,ok
apo2mol,SHP2,13,19,19,17,94.11764705882354,94.11764705882354,94.11764705882354,94.11764705882354,17,100.0,ok
apo2mol,SHP2,14,19,19,17,94.11764705882354,94.11764705882354,88.23529411764706,100.0,17,100.0,ok
apo2mol,SHP2,15,19,19,17,76.47058823529412,82.3529411764706,76.47058823529412,82.3529411764706,17,100.0,ok
apo2mol,SHP2,16,19,19,17,100.0,82.3529411764706,82.3529411764706,100.0,17,100.0,ok
apo2mol,SHP2,17,19,19,17,100.0,94.11764705882354,94.11764705882354,100.0,17,100.0,ok
apo2mol,SHP2,18,19,19,17,70.58823529411765,82.3529411764706,70.58823529411765,82.3529411764706,17,100.0,ok
apo2mol,SHP2,19,19,19,17,94.11764705882354,94.11764705882354,94.11764705882354,94.11764705882354,17,100.0,ok
apo2mol,SHP2,20,19,19,17,88.23529411764706,88.23529411764706,88.23529411764706,88.23529411764706,17,100.0,ok
apo2mol,SHP2,21,19,19,17,100.0,88.23529411764706,88.23529411764706,100.0,17,100.0,ok
apo2mol,SHP2,22,19,19,17,94.11764705882354,88.23529411764706,88.23529411764706,94.11764705882354,17,100.0,ok
apo2mol,SHP2,23,19,19,17,94.11764705882354,94.11764705882354,88.23529411764706,100.0,17,100.0,ok
apo2mol,SHP2,24,19,19,17,82.3529411764706,82.3529411764706,82.3529411764706,82.3529411764706,17,100.0,ok
apo2mol,SHP2,25,19,19,17,82.3529411764706,76.47058823529412,76.47058823529412,82.3529411764706,17,100.0,ok
apo2mol,SHP2,26,19,19,17,82.3529411764706,82.3529411764706,82.3529411764706,82.3529411764706,17,100.0,ok
apo2mol,SHP2,27,19,19,17,100.0,88.23529411764706,88.23529411764706,100.0,17,100.0,ok
apo2mol,SHP2,28,19,19,17,100.0,88.23529411764706,88.23529411764706,100.0,17,100.0,ok
apo2mol,SHP2,29,19,19,17,100.0,88.23529411764706,88.23529411764706,100.0,17,100.0,ok
apo2mol,METTL14,0,22,22,18,77.77777777777777,77.77777777777777,72.22222222222223,83.33333333333333,18,100.0,ok
apo2mol,METTL14,1,22,22,18,55.55555555555556,55.55555555555556,50.0,61.111111111111114,18,100.0,ok
apo2mol,METTL14,2,22,22,18,77.77777777777777,38.888888888888886,27.77777777777778,88.88888888888889,18,100.0,ok
apo2mol,METTL14,3,22,22,18,55.55555555555556,50.0,50.0,55.55555555555556,18,100.0,ok
apo2mol,METTL14,4,22,22,18,77.77777777777777,72.22222222222223,66.66666666666667,83.33333333333333,18,100.0,ok
apo2mol,METTL14,5,22,22,18,83.33333333333333,83.33333333333333,83.33333333333333,83.33333333333333,18,100.0,ok
apo2mol,METTL14,6,22,22,18,83.33333333333333,66.66666666666667,66.66666666666667,83.33333333333333,18,100.0,ok
apo2mol,METTL14,7,22,22,18,66.66666666666667,66.66666666666667,55.55555555555556,77.77777777777777,18,100.0,ok
apo2mol,METTL14,8,22,22,18,94.44444444444444,88.88888888888889,88.88888888888889,94.44444444444444,18,100.0,ok
apo2mol,METTL14,9,22,22,18,88.88888888888889,83.33333333333333,83.33333333333333,88.88888888888889,18,100.0,ok
apo2mol,METTL14,10,22,22,18,55.55555555555556,61.111111111111114,55.55555555555556,61.111111111111114,18,100.0,ok
apo2mol,METTL14,11,22,22,18,55.55555555555556,38.888888888888886,38.888888888888886,55.55555555555556,18,100.0,ok
apo2mol,METTL14,12,22,22,18,66.66666666666667,55.55555555555556,55.55555555555556,66.66666666666667,18,100.0,ok
apo2mol,METTL14,13,22,22,18,66.66666666666667,66.66666666666667,66.66666666666667,66.66666666666667,18,100.0,ok
apo2mol,METTL14,14,22,22,18,77.77777777777777,77.77777777777777,72.22222222222223,83.33333333333333,18,100.0,ok
apo2mol,METTL14,15,22,22,18,38.888888888888886,38.888888888888886,33.333333333333336,44.44444444444444,18,100.0,ok
apo2mol,METTL14,16,22,22,18,66.66666666666667,55.55555555555556,55.55555555555556,66.66666666666667,18,100.0,ok
apo2mol,METTL14,17,22,22,18,77.77777777777777,72.22222222222223,72.22222222222223,77.77777777777777,18,100.0,ok
apo2mol,METTL14,18,22,22,18,66.66666666666667,72.22222222222223,66.66666666666667,72.22222222222223,18,100.0,ok
apo2mol,METTL14,19,22,22,18,88.88888888888889,72.22222222222223,72.22222222222223,88.88888888888889,18,100.0,ok
apo2mol,METTL14,20,22,22,18,88.88888888888889,83.33333333333333,83.33333333333333,88.88888888888889,18,100.0,ok
apo2mol,METTL14,21,22,22,18,44.44444444444444,38.888888888888886,38.888888888888886,44.44444444444444,18,100.0,ok
apo2mol,METTL14,22,22,22,18,44.44444444444444,38.888888888888886,38.888888888888886,44.44444444444444,18,100.0,ok
apo2mol,METTL14,23,22,22,18,61.111111111111114,61.111111111111114,55.55555555555556,66.66666666666667,18,100.0,ok
apo2mol,METTL14,24,22,22,18,61.111111111111114,72.22222222222223,61.111111111111114,72.22222222222223,18,100.0,ok
apo2mol,METTL14,25,22,22,18,38.888888888888886,38.888888888888886,38.888888888888886,38.888888888888886,18,100.0,ok
apo2mol,METTL14,26,22,22,18,50.0,38.888888888888886,38.888888888888886,50.0,18,100.0,ok
apo2mol,METTL14,27,22,22,18,66.66666666666667,61.111111111111114,55.55555555555556,72.22222222222223,18,100.0,ok
apo2mol,METTL14,28,22,22,18,83.33333333333333,72.22222222222223,72.22222222222223,83.33333333333333,18,100.0,ok
apo2mol,METTL14,29,22,22,18,61.111111111111114,55.55555555555556,55.55555555555556,61.111111111111114,18,100.0,ok
apo2mol,FUT8,0,22,22,20,45.0,35.0,35.0,45.0,20,100.0,ok
apo2mol,FUT8,1,22,22,20,80.0,75.0,75.0,80.0,20,100.0,ok
apo2mol,FUT8,2,22,22,20,45.0,40.0,40.0,45.0,20,100.0,ok
apo2mol,FUT8,3,22,22,20,55.0,60.0,55.0,60.0,20,100.0,ok
apo2mol,FUT8,4,22,22,20,40.0,35.0,35.0,40.0,20,100.0,ok
apo2mol,FUT8,5,22,22,20,30.0,30.0,30.0,30.0,20,100.0,ok
apo2mol,FUT8,6,22,22,20,90.0,90.0,90.0,90.0,20,100.0,ok
apo2mol,FUT8,7,22,22,20,60.0,65.0,60.0,65.0,20,100.0,ok
apo2mol,FUT8,8,22,22,20,60.0,55.0,55.0,60.0,20,100.0,ok
apo2mol,FUT8,9,22,22,20,45.0,45.0,45.0,45.0,20,100.0,ok
apo2mol,FUT8,10,22,22,20,45.0,30.0,30.0,45.0,20,100.0,ok
apo2mol,FUT8,11,22,22,20,70.0,70.0,65.0,75.0,20,100.0,ok
apo2mol,FUT8,12,22,22,20,40.0,40.0,35.0,45.0,20,100.0,ok
apo2mol,FUT8,13,22,22,20,60.0,55.0,55.0,60.0,20,100.0,ok
apo2mol,FUT8,14,22,22,20,50.0,60.0,45.0,65.0,20,100.0,ok
apo2mol,FUT8,15,22,22,20,45.0,45.0,45.0,45.0,20,100.0,ok
apo2mol,FUT8,16,22,22,20,35.0,35.0,35.0,35.0,20,100.0,ok
apo2mol,FUT8,17,22,22,20,60.0,55.0,55.0,60.0,20,100.0,ok
apo2mol,FUT8,18,22,22,20,45.0,40.0,40.0,45.0,20,100.0,ok
apo2mol,FUT8,19,22,22,20,95.0,95.0,95.0,95.0,20,100.0,ok
apo2mol,FUT8,20,22,22,20,95.0,95.0,95.0,95.0,20,100.0,ok
apo2mol,FUT8,21,22,22,20,85.0,85.0,80.0,90.0,20,100.0,ok
apo2mol,FUT8,22,22,22,20,80.0,75.0,70.0,85.0,20,100.0,ok
apo2mol,FUT8,23,22,22,20,70.0,70.0,70.0,70.0,20,100.0,ok
apo2mol,FUT8,24,22,22,20,70.0,70.0,70.0,70.0,20,100.0,ok
apo2mol,FUT8,25,22,22,20,50.0,40.0,40.0,50.0,20,100.0,ok
apo2mol,FUT8,26,22,22,20,55.0,50.0,50.0,55.0,20,100.0,ok
apo2mol,FUT8,27,22,22,20,60.0,55.0,55.0,60.0,20,100.0,ok
apo2mol,FUT8,28,22,22,20,75.0,75.0,75.0,75.0,20,100.0,ok
apo2mol,FUT8,29,22,22,20,50.0,40.0,40.0,50.0,20,100.0,ok
apo2mol,p53_Y220C,0,19,19,18,77.77777777777777,77.77777777777777,77.77777777777777,77.77777777777777,18,100.0,ok
apo2mol,p53_Y220C,1,19,19,18,72.22222222222223,83.33333333333333,72.22222222222223,83.33333333333333,18,100.0,ok
apo2mol,p53_Y220C,2,19,19,18,77.77777777777777,77.77777777777777,77.77777777777777,77.77777777777777,18,100.0,ok
apo2mol,p53_Y220C,3,19,19,18,55.55555555555556,72.22222222222223,55.55555555555556,72.22222222222223,18,100.0,ok
apo2mol,p53_Y220C,4,19,19,18,77.77777777777777,88.88888888888889,77.77777777777777,88.88888888888889,18,100.0,ok
apo2mol,p53_Y220C,5,19,19,18,77.77777777777777,83.33333333333333,77.77777777777777,83.33333333333333,18,100.0,ok
apo2mol,p53_Y220C,6,19,19,18,83.33333333333333,88.88888888888889,83.33333333333333,88.88888888888889,18,100.0,ok
apo2mol,p53_Y220C,7,19,19,18,88.88888888888889,94.44444444444444,88.88888888888889,94.44444444444444,18,100.0,ok
apo2mol,p53_Y220C,8,19,19,18,77.77777777777777,77.77777777777777,72.22222222222223,83.33333333333333,18,100.0,ok
apo2mol,p53_Y220C,9,19,19,18,72.22222222222223,77.77777777777777,72.22222222222223,77.77777777777777,18,100.0,ok
apo2mol,p53_Y220C,10,19,19,18,83.33333333333333,83.33333333333333,77.77777777777777,88.88888888888889,18,100.0,ok
apo2mol,p53_Y220C,11,19,19,18,88.88888888888889,94.44444444444444,88.88888888888889,94.44444444444444,18,100.0,ok
apo2mol,p53_Y220C,12,19,19,18,50.0,66.66666666666667,50.0,66.66666666666667,18,100.0,ok
apo2mol,p53_Y220C,13,19,19,18,66.66666666666667,77.77777777777777,61.111111111111114,83.33333333333333,18,100.0,ok
apo2mol,p53_Y220C,14,19,19,18,72.22222222222223,72.22222222222223,72.22222222222223,72.22222222222223,18,100.0,ok
apo2mol,p53_Y220C,15,19,19,18,66.66666666666667,66.66666666666667,66.66666666666667,66.66666666666667,18,100.0,ok
apo2mol,p53_Y220C,16,19,19,18,72.22222222222223,72.22222222222223,66.66666666666667,77.77777777777777,18,100.0,ok
apo2mol,p53_Y220C,17,19,19,18,83.33333333333333,88.88888888888889,83.33333333333333,88.88888888888889,18,100.0,ok
apo2mol,p53_Y220C,18,19,19,18,66.66666666666667,72.22222222222223,66.66666666666667,72.22222222222223,18,100.0,ok
apo2mol,p53_Y220C,19,19,19,18,77.77777777777777,94.44444444444444,77.77777777777777,94.44444444444444,18,100.0,ok
apo2mol,p53_Y220C,20,19,19,18,88.88888888888889,83.33333333333333,83.33333333333333,88.88888888888889,18,100.0,ok
apo2mol,p53_Y220C,21,19,19,18,72.22222222222223,77.77777777777777,66.66666666666667,83.33333333333333,18,100.0,ok
apo2mol,p53_Y220C,22,19,19,18,61.111111111111114,66.66666666666667,61.111111111111114,66.66666666666667,18,100.0,ok
apo2mol,p53_Y220C,23,19,19,18,72.22222222222223,72.22222222222223,72.22222222222223,72.22222222222223,18,100.0,ok
apo2mol,p53_Y220C,24,19,19,18,77.77777777777777,77.77777777777777,77.77777777777777,77.77777777777777,18,100.0,ok
apo2mol,p53_Y220C,25,19,19,18,100.0,100.0,100.0,100.0,18,100.0,ok
apo2mol,p53_Y220C,26,19,19,18,83.33333333333333,88.88888888888889,83.33333333333333,88.88888888888889,18,100.0,ok
apo2mol,p53_Y220C,27,19,19,18,83.33333333333333,88.88888888888889,83.33333333333333,88.88888888888889,18,100.0,ok
apo2mol,p53_Y220C,28,19,19,18,66.66666666666667,77.77777777777777,66.66666666666667,77.77777777777777,18,100.0,ok
apo2mol,p53_Y220C,29,19,19,18,77.77777777777777,83.33333333333333,77.77777777777777,83.33333333333333,18,100.0,ok
apo2mol,CB1,0,28,28,20,95.0,75.0,75.0,95.0,20,100.0,ok
apo2mol,CB1,1,28,28,20,95.0,85.0,85.0,95.0,20,100.0,ok
apo2mol,CB1,2,28,28,20,85.0,75.0,75.0,85.0,20,100.0,ok
apo2mol,CB1,3,28,28,20,95.0,85.0,85.0,95.0,20,100.0,ok
apo2mol,CB1,4,28,28,20,85.0,70.0,70.0,85.0,20,100.0,ok
apo2mol,CB1,5,28,28,20,80.0,60.0,60.0,80.0,20,100.0,ok
apo2mol,CB1,6,28,28,20,80.0,55.0,55.0,80.0,20,100.0,ok
apo2mol,CB1,7,28,28,20,90.0,75.0,75.0,90.0,20,100.0,ok
apo2mol,CB1,8,28,28,20,55.0,50.0,50.0,55.0,20,100.0,ok
apo2mol,CB1,9,28,28,20,85.0,75.0,75.0,85.0,20,100.0,ok
apo2mol,CB1,10,28,28,20,90.0,80.0,70.0,100.0,20,100.0,ok
apo2mol,CB1,11,28,28,20,45.0,30.0,30.0,45.0,20,100.0,ok
apo2mol,CB1,12,28,28,20,85.0,60.0,55.0,90.0,20,100.0,ok
apo2mol,CB1,13,28,28,20,70.0,45.0,45.0,70.0,20,100.0,ok
apo2mol,CB1,14,28,28,20,90.0,80.0,80.0,90.0,20,100.0,ok
apo2mol,CB1,15,28,28,20,95.0,65.0,65.0,95.0,20,100.0,ok
apo2mol,CB1,16,28,28,20,90.0,65.0,65.0,90.0,20,100.0,ok
apo2mol,CB1,17,28,28,20,75.0,60.0,60.0,75.0,20,100.0,ok
apo2mol,CB1,18,28,28,20,60.0,35.0,35.0,60.0,20,100.0,ok
apo2mol,CB1,19,28,28,20,80.0,70.0,65.0,85.0,20,100.0,ok
apo2mol,CB1,20,28,28,20,60.0,55.0,45.0,70.0,20,100.0,ok
apo2mol,CB1,21,28,28,20,65.0,55.0,50.0,70.0,20,100.0,ok
apo2mol,CB1,22,28,28,20,75.0,55.0,55.0,75.0,20,100.0,ok
apo2mol,CB1,23,28,28,20,85.0,60.0,60.0,85.0,20,100.0,ok
apo2mol,CB1,24,28,28,20,70.0,65.0,65.0,70.0,20,100.0,ok
apo2mol,CB1,25,28,28,20,65.0,50.0,50.0,65.0,20,100.0,ok
apo2mol,CB1,26,28,28,20,80.0,75.0,70.0,85.0,20,100.0,ok
apo2mol,CB1,27,28,28,20,70.0,55.0,55.0,70.0,20,100.0,ok
apo2mol,CB1,28,28,28,20,80.0,75.0,70.0,85.0,20,100.0,ok
apo2mol,CB1,29,28,28,20,85.0,65.0,65.0,85.0,20,100.0,ok
apo2mol,KRAS,0,21,21,15,60.0,40.0,33.333333333333336,66.66666666666667,15,100.0,ok
apo2mol,KRAS,1,21,21,15,46.666666666666664,40.0,33.333333333333336,53.333333333333336,15,100.0,ok
apo2mol,KRAS,2,21,21,15,53.333333333333336,33.333333333333336,33.333333333333336,53.333333333333336,15,100.0,ok
apo2mol,KRAS,3,21,21,15,93.33333333333333,86.66666666666667,86.66666666666667,93.33333333333333,15,100.0,ok
apo2mol,KRAS,4,21,21,15,53.333333333333336,33.333333333333336,33.333333333333336,53.333333333333336,15,100.0,ok
apo2mol,KRAS,5,21,21,15,46.666666666666664,33.333333333333336,33.333333333333336,46.666666666666664,15,100.0,ok
apo2mol,KRAS,6,21,21,15,53.333333333333336,40.0,33.333333333333336,60.0,15,100.0,ok
apo2mol,KRAS,7,21,21,15,66.66666666666667,80.0,60.0,86.66666666666667,15,100.0,ok
apo2mol,KRAS,8,21,21,15,46.666666666666664,46.666666666666664,40.0,53.333333333333336,15,100.0,ok
apo2mol,KRAS,9,21,21,15,46.666666666666664,33.333333333333336,33.333333333333336,46.666666666666664,15,100.0,ok
apo2mol,KRAS,10,21,21,15,46.666666666666664,26.666666666666668,26.666666666666668,46.666666666666664,15,100.0,ok
apo2mol,KRAS,11,21,21,15,53.333333333333336,46.666666666666664,40.0,60.0,15,100.0,ok
apo2mol,KRAS,12,21,21,15,86.66666666666667,80.0,80.0,86.66666666666667,15,100.0,ok
apo2mol,KRAS,13,21,21,15,80.0,66.66666666666667,66.66666666666667,80.0,15,100.0,ok
apo2mol,KRAS,14,21,21,15,53.333333333333336,40.0,40.0,53.333333333333336,15,100.0,ok
apo2mol,KRAS,15,21,21,15,40.0,40.0,33.333333333333336,46.666666666666664,15,100.0,ok
apo2mol,KRAS,16,21,21,15,33.333333333333336,26.666666666666668,26.666666666666668,33.333333333333336,15,100.0,ok
apo2mol,KRAS,17,21,21,15,33.333333333333336,20.0,20.0,33.333333333333336,15,100.0,ok
apo2mol,KRAS,18,21,21,15,66.66666666666667,60.0,53.333333333333336,73.33333333333333,15,100.0,ok
apo2mol,KRAS,19,21,21,15,26.666666666666668,13.333333333333334,13.333333333333334,26.666666666666668,15,100.0,ok
apo2mol,KRAS,20,21,21,15,80.0,53.333333333333336,53.333333333333336,80.0,15,100.0,ok
apo2mol,KRAS,21,21,21,15,46.666666666666664,33.333333333333336,33.333333333333336,46.666666666666664,15,100.0,ok
apo2mol,KRAS,22,21,21,15,46.666666666666664,40.0,40.0,46.666666666666664,15,100.0,ok
apo2mol,KRAS,23,21,21,15,93.33333333333333,73.33333333333333,73.33333333333333,93.33333333333333,15,100.0,ok
apo2mol,KRAS,24,21,21,15,86.66666666666667,73.33333333333333,73.33333333333333,86.66666666666667,15,100.0,ok
apo2mol,KRAS,25,21,21,15,40.0,20.0,13.333333333333334,46.666666666666664,15,100.0,ok
apo2mol,KRAS,26,21,21,15,46.666666666666664,46.666666666666664,40.0,53.333333333333336,15,100.0,ok
apo2mol,KRAS,27,21,21,15,46.666666666666664,26.666666666666668,26.666666666666668,46.666666666666664,15,100.0,ok
apo2mol,KRAS,28,21,21,15,53.333333333333336,26.666666666666668,26.666666666666668,53.333333333333336,15,100.0,ok
apo2mol,KRAS,29,21,21,15,46.666666666666664,26.666666666666668,26.666666666666668,46.666666666666664,15,100.0,ok
apo2mol,cAbl,0,23,23,16,100.0,87.5,87.5,100.0,16,100.0,ok
apo2mol,cAbl,1,23,23,16,87.5,75.0,75.0,87.5,16,100.0,ok
apo2mol,cAbl,2,23,23,16,87.5,75.0,75.0,87.5,16,100.0,ok
apo2mol,cAbl,3,23,23,16,93.75,75.0,75.0,93.75,16,100.0,ok
apo2mol,cAbl,4,23,23,16,75.0,56.25,56.25,75.0,16,100.0,ok
apo2mol,cAbl,5,23,23,16,93.75,87.5,87.5,93.75,16,100.0,ok
apo2mol,cAbl,6,23,23,16,87.5,68.75,68.75,87.5,16,100.0,ok
apo2mol,cAbl,7,23,23,16,56.25,56.25,50.0,62.5,16,100.0,ok
apo2mol,cAbl,8,23,23,16,100.0,100.0,100.0,100.0,16,100.0,ok
apo2mol,cAbl,9,23,23,16,93.75,87.5,81.25,100.0,16,100.0,ok
apo2mol,cAbl,10,23,23,16,93.75,75.0,75.0,93.75,16,100.0,ok
apo2mol,cAbl,11,23,23,16,93.75,87.5,87.5,93.75,16,100.0,ok
apo2mol,cAbl,12,23,23,16,87.5,75.0,75.0,87.5,16,100.0,ok
apo2mol,cAbl,13,23,23,16,87.5,87.5,87.5,87.5,16,100.0,ok
apo2mol,cAbl,14,23,23,16,87.5,75.0,75.0,87.5,16,100.0,ok
apo2mol,cAbl,15,23,23,16,81.25,50.0,43.75,87.5,16,100.0,ok
apo2mol,cAbl,16,23,23,16,100.0,93.75,93.75,100.0,16,100.0,ok
apo2mol,cAbl,17,23,23,16,81.25,68.75,68.75,81.25,16,100.0,ok
apo2mol,cAbl,18,23,23,16,87.5,75.0,75.0,87.5,16,100.0,ok
apo2mol,cAbl,19,23,23,16,68.75,56.25,56.25,68.75,16,100.0,ok
apo2mol,cAbl,20,23,23,16,75.0,68.75,68.75,75.0,16,100.0,ok
apo2mol,cAbl,21,23,23,16,100.0,87.5,87.5,100.0,16,100.0,ok
apo2mol,cAbl,22,23,23,16,93.75,93.75,93.75,93.75,16,100.0,ok
apo2mol,cAbl,23,23,23,16,93.75,62.5,62.5,93.75,16,100.0,ok
apo2mol,cAbl,24,23,23,16,62.5,56.25,50.0,68.75,16,100.0,ok
apo2mol,cAbl,25,23,23,16,100.0,87.5,87.5,100.0,16,100.0,ok
apo2mol,cAbl,26,23,23,16,68.75,56.25,56.25,68.75,16,100.0,ok
apo2mol,cAbl,27,23,23,16,81.25,68.75,62.5,87.5,16,100.0,ok
apo2mol,cAbl,28,23,23,16,93.75,87.5,87.5,93.75,16,100.0,ok
apo2mol,cAbl,29,23,23,16,68.75,56.25,56.25,68.75,16,100.0,ok
apo2mol,HIF2alpha,0,21,21,20,95.0,95.0,95.0,95.0,20,100.0,ok
apo2mol,HIF2alpha,1,21,21,20,85.0,80.0,80.0,85.0,20,100.0,ok
apo2mol,HIF2alpha,2,21,21,20,100.0,100.0,100.0,100.0,20,100.0,ok
apo2mol,HIF2alpha,3,21,21,20,90.0,90.0,90.0,90.0,20,100.0,ok
apo2mol,HIF2alpha,4,21,21,20,100.0,100.0,100.0,100.0,20,100.0,ok
apo2mol,HIF2alpha,5,21,21,20,85.0,70.0,70.0,85.0,20,100.0,ok
apo2mol,HIF2alpha,6,21,21,20,100.0,95.0,95.0,100.0,20,100.0,ok
apo2mol,HIF2alpha,7,21,21,20,95.0,95.0,95.0,95.0,20,100.0,ok
apo2mol,HIF2alpha,8,21,21,20,100.0,100.0,100.0,100.0,20,100.0,ok
apo2mol,HIF2alpha,9,21,21,20,90.0,95.0,90.0,95.0,20,100.0,ok
apo2mol,HIF2alpha,10,21,21,20,90.0,90.0,90.0,90.0,20,100.0,ok
apo2mol,HIF2alpha,11,21,21,20,90.0,95.0,90.0,95.0,20,100.0,ok
apo2mol,HIF2alpha,12,21,21,20,100.0,100.0,100.0,100.0,20,100.0,ok
apo2mol,HIF2alpha,13,21,21,20,95.0,95.0,95.0,95.0,20,100.0,ok
apo2mol,HIF2alpha,14,21,21,20,100.0,100.0,100.0,100.0,20,100.0,ok
apo2mol,HIF2alpha,15,21,21,20,80.0,95.0,80.0,95.0,20,100.0,ok
apo2mol,HIF2alpha,16,21,21,20,95.0,100.0,95.0,100.0,20,100.0,ok
apo2mol,HIF2alpha,17,21,21,20,90.0,90.0,90.0,90.0,20,100.0,ok
apo2mol,HIF2alpha,18,21,21,20,100.0,100.0,100.0,100.0,20,100.0,ok
apo2mol,HIF2alpha,19,21,21,20,100.0,100.0,100.0,100.0,20,100.0,ok
apo2mol,HIF2alpha,20,21,21,20,100.0,100.0,100.0,100.0,20,100.0,ok
apo2mol,HIF2alpha,21,21,21,20,90.0,90.0,90.0,90.0,20,100.0,ok
apo2mol,HIF2alpha,22,21,21,20,80.0,80.0,80.0,80.0,20,100.0,ok
apo2mol,HIF2alpha,23,21,21,20,95.0,95.0,95.0,95.0,20,100.0,ok
apo2mol,HIF2alpha,24,21,21,20,100.0,100.0,100.0,100.0,20,100.0,ok
apo2mol,HIF2alpha,25,21,21,20,85.0,80.0,80.0,85.0,20,100.0,ok
apo2mol,HIF2alpha,26,21,21,20,95.0,100.0,95.0,100.0,20,100.0,ok
apo2mol,HIF2alpha,27,21,21,20,100.0,100.0,100.0,100.0,20,100.0,ok
apo2mol,HIF2alpha,28,21,21,20,100.0,100.0,100.0,100.0,20,100.0,ok
apo2mol,HIF2alpha,29,21,21,20,100.0,100.0,100.0,100.0,20,100.0,ok
apo2mol,HIV_RT,0,19,19,11,90.9090909090909,54.54545454545455,54.54545454545455,90.9090909090909,11,100.0,ok
apo2mol,HIV_RT,1,19,19,11,90.9090909090909,45.45454545454545,45.45454545454545,90.9090909090909,11,100.0,ok
apo2mol,HIV_RT,2,19,19,11,63.63636363636363,54.54545454545455,45.45454545454545,72.72727272727273,11,100.0,ok
apo2mol,HIV_RT,3,19,19,11,81.81818181818181,72.72727272727273,72.72727272727273,81.81818181818181,11,100.0,ok
apo2mol,HIV_RT,4,19,19,11,90.9090909090909,72.72727272727273,72.72727272727273,90.9090909090909,11,100.0,ok
apo2mol,HIV_RT,5,19,19,11,100.0,81.81818181818181,81.81818181818181,100.0,11,100.0,ok
apo2mol,HIV_RT,6,19,19,11,81.81818181818181,81.81818181818181,72.72727272727273,90.9090909090909,11,100.0,ok
apo2mol,HIV_RT,7,19,19,11,90.9090909090909,63.63636363636363,54.54545454545455,100.0,11,100.0,ok
apo2mol,HIV_RT,8,19,19,11,81.81818181818181,81.81818181818181,81.81818181818181,81.81818181818181,11,100.0,ok
apo2mol,HIV_RT,9,19,19,11,81.81818181818181,63.63636363636363,63.63636363636363,81.81818181818181,11,100.0,ok
apo2mol,HIV_RT,10,19,19,11,72.72727272727273,63.63636363636363,63.63636363636363,72.72727272727273,11,100.0,ok
apo2mol,HIV_RT,11,19,19,11,81.81818181818181,72.72727272727273,72.72727272727273,81.81818181818181,11,100.0,ok
apo2mol,HIV_RT,12,19,19,11,81.81818181818181,63.63636363636363,45.45454545454545,100.0,11,100.0,ok
apo2mol,HIV_RT,13,19,19,11,81.81818181818181,81.81818181818181,72.72727272727273,90.9090909090909,11,100.0,ok
apo2mol,HIV_RT,14,19,19,11,63.63636363636363,81.81818181818181,63.63636363636363,81.81818181818181,11,100.0,ok
apo2mol,HIV_RT,15,19,19,11,54.54545454545455,27.272727272727273,27.272727272727273,54.54545454545455,11,100.0,ok
apo2mol,HIV_RT,16,19,19,11,72.72727272727273,63.63636363636363,63.63636363636363,72.72727272727273,11,100.0,ok
apo2mol,HIV_RT,17,19,19,11,81.81818181818181,72.72727272727273,72.72727272727273,81.81818181818181,11,100.0,ok
apo2mol,HIV_RT,18,19,19,11,81.81818181818181,54.54545454545455,54.54545454545455,81.81818181818181,11,100.0,ok
apo2mol,HIV_RT,19,19,19,11,90.9090909090909,72.72727272727273,72.72727272727273,90.9090909090909,11,100.0,ok
apo2mol,HIV_RT,20,19,19,11,90.9090909090909,90.9090909090909,90.9090909090909,90.9090909090909,11,100.0,ok
apo2mol,HIV_RT,21,19,19,11,81.81818181818181,63.63636363636363,63.63636363636363,81.81818181818181,11,100.0,ok
apo2mol,HIV_RT,22,19,19,11,81.81818181818181,45.45454545454545,45.45454545454545,81.81818181818181,11,100.0,ok
apo2mol,HIV_RT,23,19,19,11,90.9090909090909,63.63636363636363,63.63636363636363,90.9090909090909,11,100.0,ok
apo2mol,HIV_RT,24,19,19,11,100.0,100.0,100.0,100.0,11,100.0,ok
apo2mol,HIV_RT,25,19,19,11,81.81818181818181,72.72727272727273,63.63636363636363,90.9090909090909,11,100.0,ok
apo2mol,HIV_RT,26,19,19,11,90.9090909090909,72.72727272727273,72.72727272727273,90.9090909090909,11,100.0,ok
apo2mol,HIV_RT,27,19,19,11,100.0,81.81818181818181,81.81818181818181,100.0,11,100.0,ok
apo2mol,HIV_RT,28,19,19,11,90.9090909090909,90.9090909090909,90.9090909090909,90.9090909090909,11,100.0,ok
apo2mol,HIV_RT,29,19,19,11,100.0,90.9090909090909,90.9090909090909,100.0,11,100.0,ok
apo2mol,Menin,0,14,14,14,85.71428571428571,85.71428571428571,85.71428571428571,85.71428571428571,14,100.0,ok
apo2mol,Menin,1,14,14,14,92.85714285714286,85.71428571428571,85.71428571428571,92.85714285714286,14,100.0,ok
apo2mol,Menin,2,14,14,14,78.57142857142857,78.57142857142857,78.57142857142857,78.57142857142857,14,100.0,ok
apo2mol,Menin,3,14,14,14,71.42857142857143,71.42857142857143,71.42857142857143,71.42857142857143,14,100.0,ok
apo2mol,Menin,4,14,14,14,85.71428571428571,71.42857142857143,71.42857142857143,85.71428571428571,14,100.0,ok
apo2mol,Menin,5,14,14,14,78.57142857142857,78.57142857142857,78.57142857142857,78.57142857142857,14,100.0,ok
apo2mol,Menin,6,14,14,14,78.57142857142857,78.57142857142857,71.42857142857143,85.71428571428571,14,100.0,ok
apo2mol,Menin,7,14,14,14,71.42857142857143,64.28571428571429,57.142857142857146,78.57142857142857,14,100.0,ok
apo2mol,Menin,8,14,14,14,92.85714285714286,78.57142857142857,78.57142857142857,92.85714285714286,14,100.0,ok
apo2mol,Menin,9,14,14,14,85.71428571428571,85.71428571428571,78.57142857142857,92.85714285714286,14,100.0,ok
apo2mol,Menin,10,14,14,14,100.0,100.0,100.0,100.0,14,100.0,ok
apo2mol,Menin,11,14,14,14,57.142857142857146,50.0,42.857142857142854,64.28571428571429,14,100.0,ok
apo2mol,Menin,12,14,14,14,64.28571428571429,71.42857142857143,64.28571428571429,71.42857142857143,14,100.0,ok
apo2mol,Menin,13,14,14,14,85.71428571428571,92.85714285714286,78.57142857142857,100.0,14,100.0,ok
apo2mol,Menin,14,14,14,14,71.42857142857143,78.57142857142857,71.42857142857143,78.57142857142857,14,100.0,ok
apo2mol,Menin,15,14,14,14,57.142857142857146,50.0,50.0,57.142857142857146,14,100.0,ok
apo2mol,Menin,16,14,14,14,78.57142857142857,78.57142857142857,78.57142857142857,78.57142857142857,14,100.0,ok
apo2mol,Menin,17,14,14,14,100.0,92.85714285714286,92.85714285714286,100.0,14,100.0,ok
apo2mol,Menin,18,14,14,14,85.71428571428571,78.57142857142857,78.57142857142857,85.71428571428571,14,100.0,ok
apo2mol,Menin,19,14,14,14,64.28571428571429,64.28571428571429,64.28571428571429,64.28571428571429,14,100.0,ok
apo2mol,Menin,20,14,14,14,64.28571428571429,64.28571428571429,64.28571428571429,64.28571428571429,14,100.0,ok
apo2mol,Menin,21,14,14,14,78.57142857142857,78.57142857142857,78.57142857142857,78.57142857142857,14,100.0,ok
apo2mol,Menin,22,14,14,14,100.0,100.0,100.0,100.0,14,100.0,ok
apo2mol,Menin,23,14,14,14,71.42857142857143,71.42857142857143,64.28571428571429,78.57142857142857,14,100.0,ok
apo2mol,Menin,24,14,14,14,92.85714285714286,78.57142857142857,78.57142857142857,92.85714285714286,14,100.0,ok
apo2mol,Menin,25,14,14,14,92.85714285714286,92.85714285714286,92.85714285714286,92.85714285714286,14,100.0,ok
apo2mol,Menin,26,14,14,14,64.28571428571429,57.142857142857146,57.142857142857146,64.28571428571429,14,100.0,ok
apo2mol,Menin,27,14,14,14,92.85714285714286,85.71428571428571,85.71428571428571,92.85714285714286,14,100.0,ok
apo2mol,Menin,28,14,14,14,92.85714285714286,85.71428571428571,85.71428571428571,92.85714285714286,14,100.0,ok
apo2mol,Menin,29,14,14,14,71.42857142857143,71.42857142857143,57.142857142857146,85.71428571428571,14,100.0,ok
apo2mol,THSR,0,26,26,25,72.0,68.0,68.0,72.0,25,100.0,ok
apo2mol,THSR,1,26,26,25,100.0,92.0,92.0,100.0,25,100.0,ok
apo2mol,THSR,2,26,26,25,60.0,48.0,44.0,64.0,25,100.0,ok
apo2mol,THSR,3,26,26,25,84.0,80.0,80.0,84.0,25,100.0,ok
apo2mol,THSR,4,26,26,25,88.0,80.0,80.0,88.0,25,100.0,ok
apo2mol,THSR,5,26,26,25,84.0,80.0,76.0,88.0,25,100.0,ok
apo2mol,THSR,6,26,26,25,92.0,84.0,84.0,92.0,25,100.0,ok
apo2mol,THSR,7,26,26,25,84.0,72.0,72.0,84.0,25,100.0,ok
apo2mol,THSR,8,26,26,25,68.0,68.0,64.0,72.0,25,100.0,ok
apo2mol,THSR,9,26,26,25,84.0,76.0,76.0,84.0,25,100.0,ok
apo2mol,THSR,10,26,26,25,80.0,80.0,80.0,80.0,25,100.0,ok
apo2mol,THSR,11,26,26,25,80.0,80.0,80.0,80.0,25,100.0,ok
apo2mol,THSR,12,26,26,25,80.0,80.0,80.0,80.0,25,100.0,ok
apo2mol,THSR,13,26,26,25,84.0,80.0,76.0,88.0,25,100.0,ok
apo2mol,THSR,14,26,26,25,92.0,88.0,88.0,92.0,25,100.0,ok
apo2mol,THSR,15,26,26,25,80.0,80.0,76.0,84.0,25,100.0,ok
apo2mol,THSR,16,26,26,25,88.0,88.0,80.0,96.0,25,100.0,ok
apo2mol,THSR,17,26,26,25,40.0,36.0,36.0,40.0,25,100.0,ok
apo2mol,THSR,18,26,26,25,96.0,84.0,84.0,96.0,25,100.0,ok
apo2mol,THSR,19,26,26,25,88.0,88.0,88.0,88.0,25,100.0,ok
apo2mol,THSR,20,26,26,25,88.0,80.0,80.0,88.0,25,100.0,ok
apo2mol,THSR,21,26,26,25,84.0,68.0,68.0,84.0,25,100.0,ok
apo2mol,THSR,22,26,26,25,80.0,76.0,76.0,80.0,25,100.0,ok
apo2mol,THSR,23,26,26,25,88.0,80.0,80.0,88.0,25,100.0,ok
apo2mol,THSR,24,26,26,25,76.0,80.0,76.0,80.0,25,100.0,ok
apo2mol,THSR,25,26,26,25,84.0,76.0,76.0,84.0,25,100.0,ok
apo2mol,THSR,26,26,26,25,100.0,92.0,92.0,100.0,25,100.0,ok
apo2mol,THSR,27,26,26,25,84.0,80.0,80.0,84.0,25,100.0,ok
apo2mol,THSR,28,26,26,25,84.0,76.0,76.0,84.0,25,100.0,ok
apo2mol,THSR,29,26,26,25,92.0,84.0,84.0,92.0,25,100.0,ok
apo2mol,p53_Y220C__4AGQ,0,17,17,16,87.5,81.25,81.25,87.5,16,100.0,ok
apo2mol,p53_Y220C__4AGQ,1,17,17,16,50.0,62.5,43.75,68.75,16,100.0,ok
apo2mol,p53_Y220C__4AGQ,2,17,17,16,56.25,56.25,56.25,56.25,16,100.0,ok
apo2mol,p53_Y220C__4AGQ,3,17,17,16,50.0,56.25,50.0,56.25,16,100.0,ok
apo2mol,p53_Y220C__4AGQ,4,17,17,16,62.5,62.5,62.5,62.5,16,100.0,ok
apo2mol,p53_Y220C__4AGQ,5,17,17,16,56.25,56.25,56.25,56.25,16,100.0,ok
apo2mol,p53_Y220C__4AGQ,6,17,17,16,75.0,81.25,75.0,81.25,16,100.0,ok
apo2mol,p53_Y220C__4AGQ,7,17,17,16,81.25,87.5,81.25,87.5,16,100.0,ok
apo2mol,p53_Y220C__4AGQ,8,17,17,16,62.5,68.75,62.5,68.75,16,100.0,ok
apo2mol,p53_Y220C__4AGQ,9,17,17,16,75.0,75.0,68.75,81.25,16,100.0,ok
apo2mol,p53_Y220C__4AGQ,10,17,17,16,50.0,50.0,43.75,56.25,16,100.0,ok
apo2mol,p53_Y220C__4AGQ,11,17,17,16,37.5,43.75,37.5,43.75,16,100.0,ok
apo2mol,p53_Y220C__4AGQ,12,17,17,16,75.0,75.0,68.75,81.25,16,100.0,ok
apo2mol,p53_Y220C__4AGQ,13,17,17,16,56.25,62.5,56.25,62.5,16,100.0,ok
apo2mol,p53_Y220C__4AGQ,14,17,17,16,37.5,50.0,37.5,50.0,16,100.0,ok
apo2mol,p53_Y220C__4AGQ,15,17,17,16,37.5,43.75,37.5,43.75,16,100.0,ok
apo2mol,p53_Y220C__4AGQ,16,17,17,16,68.75,62.5,56.25,75.0,16,100.0,ok
apo2mol,p53_Y220C__4AGQ,17,17,17,16,68.75,75.0,68.75,75.0,16,100.0,ok
apo2mol,p53_Y220C__4AGQ,18,17,17,16,75.0,68.75,68.75,75.0,16,100.0,ok
apo2mol,p53_Y220C__4AGQ,19,17,17,16,56.25,50.0,50.0,56.25,16,100.0,ok
apo2mol,p53_Y220C__4AGQ,20,17,17,16,31.25,31.25,25.0,37.5,16,100.0,ok
apo2mol,p53_Y220C__4AGQ,21,17,17,16,81.25,81.25,81.25,81.25,16,100.0,ok
apo2mol,p53_Y220C__4AGQ,22,17,17,16,43.75,43.75,43.75,43.75,16,100.0,ok
apo2mol,p53_Y220C__4AGQ,23,17,17,16,37.5,56.25,37.5,56.25,16,100.0,ok
apo2mol,p53_Y220C__4AGQ,24,17,17,16,75.0,75.0,75.0,75.0,16,100.0,ok
apo2mol,p53_Y220C__4AGQ,25,17,17,16,75.0,75.0,68.75,81.25,16,100.0,ok
apo2mol,p53_Y220C__4AGQ,26,17,17,16,31.25,18.75,18.75,31.25,16,100.0,ok
apo2mol,p53_Y220C__4AGQ,27,17,17,16,68.75,68.75,62.5,75.0,16,100.0,ok
apo2mol,p53_Y220C__4AGQ,28,17,17,16,56.25,62.5,56.25,62.5,16,100.0,ok
apo2mol,p53_Y220C__4AGQ,29,17,17,16,56.25,50.0,50.0,56.25,16,100.0,ok
apo2mol,GCGR,0,25,25,8,100.0,100.0,100.0,100.0,8,100.0,ok
apo2mol,GCGR,1,25,25,8,100.0,87.5,87.5,100.0,8,100.0,ok
apo2mol,GCGR,2,25,25,8,100.0,62.5,62.5,100.0,8,100.0,ok
apo2mol,GCGR,3,25,25,8,100.0,62.5,62.5,100.0,8,100.0,ok
apo2mol,GCGR,4,25,25,8,100.0,75.0,75.0,100.0,8,100.0,ok
apo2mol,GCGR,5,25,25,8,87.5,87.5,87.5,87.5,8,100.0,ok
apo2mol,GCGR,6,25,25,8,100.0,87.5,87.5,100.0,8,100.0,ok
apo2mol,GCGR,7,25,25,8,100.0,75.0,75.0,100.0,8,100.0,ok
apo2mol,GCGR,8,25,25,8,87.5,37.5,37.5,87.5,8,100.0,ok
apo2mol,GCGR,9,25,25,8,100.0,50.0,50.0,100.0,8,100.0,ok
apo2mol,GCGR,10,25,25,8,87.5,37.5,37.5,87.5,8,100.0,ok
apo2mol,GCGR,11,25,25,8,100.0,75.0,75.0,100.0,8,100.0,ok
apo2mol,GCGR,12,25,25,8,100.0,100.0,100.0,100.0,8,100.0,ok
apo2mol,GCGR,13,25,25,8,100.0,87.5,87.5,100.0,8,100.0,ok
apo2mol,GCGR,14,25,25,8,87.5,75.0,75.0,87.5,8,100.0,ok
apo2mol,GCGR,15,25,25,8,100.0,87.5,87.5,100.0,8,100.0,ok
apo2mol,GCGR,16,25,25,8,100.0,75.0,75.0,100.0,8,100.0,ok
apo2mol,GCGR,17,25,25,8,100.0,75.0,75.0,100.0,8,100.0,ok
apo2mol,GCGR,18,25,25,8,100.0,87.5,87.5,100.0,8,100.0,ok
apo2mol,GCGR,19,25,25,8,100.0,62.5,62.5,100.0,8,100.0,ok
apo2mol,GCGR,20,25,25,8,87.5,75.0,75.0,87.5,8,100.0,ok
apo2mol,GCGR,21,25,25,8,100.0,75.0,75.0,100.0,8,100.0,ok
apo2mol,GCGR,22,25,25,8,100.0,87.5,87.5,100.0,8,100.0,ok
apo2mol,GCGR,23,25,25,8,100.0,87.5,87.5,100.0,8,100.0,ok
apo2mol,GCGR,24,25,25,8,100.0,62.5,62.5,100.0,8,100.0,ok
apo2mol,GCGR,25,25,25,8,100.0,87.5,87.5,100.0,8,100.0,ok
apo2mol,GCGR,26,25,25,8,87.5,62.5,62.5,87.5,8,100.0,ok
apo2mol,GCGR,27,25,25,8,87.5,75.0,62.5,100.0,8,100.0,ok
apo2mol,GCGR,28,25,25,8,100.0,62.5,62.5,100.0,8,100.0,ok
apo2mol,GCGR,29,25,25,8,100.0,50.0,50.0,100.0,8,100.0,ok
apo2mol,THSR__7UTZ,0,24,24,23,91.30434782608695,91.30434782608695,91.30434782608695,91.30434782608695,23,100.0,ok
apo2mol,THSR__7UTZ,1,24,24,23,78.26086956521739,78.26086956521739,78.26086956521739,78.26086956521739,23,100.0,ok
apo2mol,THSR__7UTZ,2,24,24,23,82.6086956521739,82.6086956521739,82.6086956521739,82.6086956521739,23,100.0,ok
apo2mol,THSR__7UTZ,3,24,24,23,95.65217391304348,91.30434782608695,91.30434782608695,95.65217391304348,23,100.0,ok
apo2mol,THSR__7UTZ,4,24,24,23,91.30434782608695,86.95652173913044,86.95652173913044,91.30434782608695,23,100.0,ok
apo2mol,THSR__7UTZ,5,24,24,23,86.95652173913044,86.95652173913044,86.95652173913044,86.95652173913044,23,100.0,ok
apo2mol,THSR__7UTZ,6,24,24,23,86.95652173913044,86.95652173913044,86.95652173913044,86.95652173913044,23,100.0,ok
apo2mol,THSR__7UTZ,7,24,24,23,86.95652173913044,86.95652173913044,86.95652173913044,86.95652173913044,23,100.0,ok
apo2mol,THSR__7UTZ,8,24,24,23,78.26086956521739,78.26086956521739,78.26086956521739,78.26086956521739,23,100.0,ok
apo2mol,THSR__7UTZ,9,24,24,23,78.26086956521739,73.91304347826087,73.91304347826087,78.26086956521739,23,100.0,ok
apo2mol,THSR__7UTZ,10,24,24,23,95.65217391304348,95.65217391304348,95.65217391304348,95.65217391304348,23,100.0,ok
apo2mol,THSR__7UTZ,11,24,24,23,100.0,95.65217391304348,95.65217391304348,100.0,23,100.0,ok
apo2mol,THSR__7UTZ,12,24,24,23,91.30434782608695,86.95652173913044,82.6086956521739,95.65217391304348,23,100.0,ok
apo2mol,THSR__7UTZ,13,24,24,23,95.65217391304348,91.30434782608695,86.95652173913044,100.0,23,100.0,ok
apo2mol,THSR__7UTZ,14,24,24,23,78.26086956521739,82.6086956521739,78.26086956521739,82.6086956521739,23,100.0,ok
apo2mol,THSR__7UTZ,15,24,24,23,91.30434782608695,91.30434782608695,86.95652173913044,95.65217391304348,23,100.0,ok
apo2mol,THSR__7UTZ,16,24,24,23,95.65217391304348,91.30434782608695,91.30434782608695,95.65217391304348,23,100.0,ok
apo2mol,THSR__7UTZ,17,24,24,23,82.6086956521739,82.6086956521739,82.6086956521739,82.6086956521739,23,100.0,ok
apo2mol,THSR__7UTZ,18,24,24,23,82.6086956521739,78.26086956521739,78.26086956521739,82.6086956521739,23,100.0,ok
apo2mol,THSR__7UTZ,19,24,24,23,95.65217391304348,100.0,95.65217391304348,100.0,23,100.0,ok
apo2mol,THSR__7UTZ,20,24,24,23,95.65217391304348,95.65217391304348,95.65217391304348,95.65217391304348,23,100.0,ok
apo2mol,THSR__7UTZ,21,24,24,23,73.91304347826087,73.91304347826087,73.91304347826087,73.91304347826087,23,100.0,ok
apo2mol,THSR__7UTZ,22,24,24,23,86.95652173913044,78.26086956521739,78.26086956521739,86.95652173913044,23,100.0,ok
apo2mol,THSR__7UTZ,23,24,24,23,69.56521739130434,73.91304347826087,65.21739130434783,78.26086956521739,23,100.0,ok
apo2mol,THSR__7UTZ,24,24,24,23,100.0,95.65217391304348,95.65217391304348,100.0,23,100.0,ok
apo2mol,THSR__7UTZ,25,24,24,23,95.65217391304348,91.30434782608695,91.30434782608695,95.65217391304348,23,100.0,ok
apo2mol,THSR__7UTZ,26,24,24,23,82.6086956521739,86.95652173913044,82.6086956521739,86.95652173913044,23,100.0,ok
apo2mol,THSR__7UTZ,27,24,24,23,82.6086956521739,82.6086956521739,82.6086956521739,82.6086956521739,23,100.0,ok
apo2mol,THSR__7UTZ,28,24,24,23,91.30434782608695,82.6086956521739,82.6086956521739,91.30434782608695,23,100.0,ok
apo2mol,THSR__7UTZ,29,24,24,23,95.65217391304348,95.65217391304348,95.65217391304348,95.65217391304348,23,100.0,ok
apo2mol,HIV1_CA,0,16,16,14,92.85714285714286,85.71428571428571,85.71428571428571,92.85714285714286,14,100.0,ok
apo2mol,HIV1_CA,1,16,16,14,100.0,100.0,100.0,100.0,14,100.0,ok
apo2mol,HIV1_CA,2,16,16,14,85.71428571428571,85.71428571428571,85.71428571428571,85.71428571428571,14,100.0,ok
apo2mol,HIV1_CA,3,16,16,14,100.0,100.0,100.0,100.0,14,100.0,ok
apo2mol,HIV1_CA,4,16,16,14,50.0,50.0,42.857142857142854,57.142857142857146,14,100.0,ok
apo2mol,HIV1_CA,5,16,16,14,78.57142857142857,78.57142857142857,78.57142857142857,78.57142857142857,14,100.0,ok
apo2mol,HIV1_CA,6,16,16,14,100.0,100.0,100.0,100.0,14,100.0,ok
apo2mol,HIV1_CA,7,16,16,14,100.0,100.0,100.0,100.0,14,100.0,ok
apo2mol,HIV1_CA,8,16,16,14,92.85714285714286,78.57142857142857,78.57142857142857,92.85714285714286,14,100.0,ok
apo2mol,HIV1_CA,9,16,16,14,78.57142857142857,71.42857142857143,71.42857142857143,78.57142857142857,14,100.0,ok
apo2mol,HIV1_CA,10,16,16,14,100.0,100.0,100.0,100.0,14,100.0,ok
apo2mol,HIV1_CA,11,16,16,14,85.71428571428571,78.57142857142857,78.57142857142857,85.71428571428571,14,100.0,ok
apo2mol,HIV1_CA,12,16,16,14,100.0,100.0,100.0,100.0,14,100.0,ok
apo2mol,HIV1_CA,13,16,16,14,71.42857142857143,71.42857142857143,71.42857142857143,71.42857142857143,14,100.0,ok
apo2mol,HIV1_CA,14,16,16,14,100.0,100.0,100.0,100.0,14,100.0,ok
apo2mol,HIV1_CA,15,16,16,14,78.57142857142857,71.42857142857143,64.28571428571429,85.71428571428571,14,100.0,ok
apo2mol,HIV1_CA,16,16,16,14,92.85714285714286,85.71428571428571,85.71428571428571,92.85714285714286,14,100.0,ok
apo2mol,HIV1_CA,17,16,16,14,85.71428571428571,78.57142857142857,78.57142857142857,85.71428571428571,14,100.0,ok
apo2mol,HIV1_CA,18,16,16,14,85.71428571428571,85.71428571428571,85.71428571428571,85.71428571428571,14,100.0,ok
apo2mol,HIV1_CA,19,16,16,14,92.85714285714286,92.85714285714286,92.85714285714286,92.85714285714286,14,100.0,ok
apo2mol,HIV1_CA,20,16,16,14,78.57142857142857,64.28571428571429,64.28571428571429,78.57142857142857,14,100.0,ok
apo2mol,HIV1_CA,21,16,16,14,85.71428571428571,78.57142857142857,78.57142857142857,85.71428571428571,14,100.0,ok
apo2mol,HIV1_CA,22,16,16,14,78.57142857142857,64.28571428571429,64.28571428571429,78.57142857142857,14,100.0,ok
apo2mol,HIV1_CA,23,16,16,14,92.85714285714286,92.85714285714286,92.85714285714286,92.85714285714286,14,100.0,ok
apo2mol,HIV1_CA,24,16,16,14,100.0,100.0,100.0,100.0,14,100.0,ok
apo2mol,HIV1_CA,25,16,16,14,100.0,100.0,100.0,100.0,14,100.0,ok
apo2mol,HIV1_CA,26,16,16,14,92.85714285714286,85.71428571428571,85.71428571428571,92.85714285714286,14,100.0,ok
apo2mol,HIV1_CA,27,16,16,14,92.85714285714286,85.71428571428571,85.71428571428571,92.85714285714286,14,100.0,ok
apo2mol,HIV1_CA,28,16,16,14,85.71428571428571,71.42857142857143,71.42857142857143,85.71428571428571,14,100.0,ok
apo2mol,HIV1_CA,29,16,16,14,92.85714285714286,92.85714285714286,92.85714285714286,92.85714285714286,14,100.0,ok
apo2mol,HIF2alpha__6D0B,0,25,25,24,95.83333333333333,95.83333333333333,91.66666666666667,100.0,24,100.0,ok
apo2mol,HIF2alpha__6D0B,1,25,25,24,91.66666666666667,91.66666666666667,91.66666666666667,91.66666666666667,24,100.0,ok
apo2mol,HIF2alpha__6D0B,2,25,25,24,95.83333333333333,91.66666666666667,91.66666666666667,95.83333333333333,24,100.0,ok
apo2mol,HIF2alpha__6D0B,3,25,25,24,100.0,100.0,100.0,100.0,24,100.0,ok
apo2mol,HIF2alpha__6D0B,4,25,25,24,95.83333333333333,83.33333333333333,83.33333333333333,95.83333333333333,24,100.0,ok
apo2mol,HIF2alpha__6D0B,5,25,25,24,100.0,91.66666666666667,91.66666666666667,100.0,24,100.0,ok
apo2mol,HIF2alpha__6D0B,6,25,25,24,95.83333333333333,95.83333333333333,95.83333333333333,95.83333333333333,24,100.0,ok
apo2mol,HIF2alpha__6D0B,7,25,25,24,95.83333333333333,91.66666666666667,91.66666666666667,95.83333333333333,24,100.0,ok
apo2mol,HIF2alpha__6D0B,8,25,25,24,91.66666666666667,87.5,83.33333333333333,95.83333333333333,24,100.0,ok
apo2mol,HIF2alpha__6D0B,9,25,25,24,91.66666666666667,91.66666666666667,91.66666666666667,91.66666666666667,24,100.0,ok
apo2mol,HIF2alpha__6D0B,10,25,25,24,100.0,100.0,100.0,100.0,24,100.0,ok
apo2mol,HIF2alpha__6D0B,11,25,25,24,95.83333333333333,95.83333333333333,95.83333333333333,95.83333333333333,24,100.0,ok
apo2mol,HIF2alpha__6D0B,12,25,25,24,95.83333333333333,87.5,87.5,95.83333333333333,24,100.0,ok
apo2mol,HIF2alpha__6D0B,13,25,25,24,95.83333333333333,100.0,95.83333333333333,100.0,24,100.0,ok
apo2mol,HIF2alpha__6D0B,14,25,25,24,79.16666666666667,79.16666666666667,75.0,83.33333333333333,24,100.0,ok
apo2mol,HIF2alpha__6D0B,15,25,25,24,91.66666666666667,91.66666666666667,87.5,95.83333333333333,24,100.0,ok
apo2mol,HIF2alpha__6D0B,16,25,25,24,95.83333333333333,100.0,95.83333333333333,100.0,24,100.0,ok
apo2mol,HIF2alpha__6D0B,17,25,25,24,91.66666666666667,91.66666666666667,91.66666666666667,91.66666666666667,24,100.0,ok
apo2mol,HIF2alpha__6D0B,18,25,25,24,91.66666666666667,87.5,87.5,91.66666666666667,24,100.0,ok
apo2mol,HIF2alpha__6D0B,19,25,25,24,87.5,83.33333333333333,83.33333333333333,87.5,24,100.0,ok
apo2mol,HIF2alpha__6D0B,20,25,25,24,91.66666666666667,95.83333333333333,87.5,100.0,24,100.0,ok
apo2mol,HIF2alpha__6D0B,21,25,25,24,87.5,87.5,83.33333333333333,91.66666666666667,24,100.0,ok
apo2mol,HIF2alpha__6D0B,22,25,25,24,87.5,91.66666666666667,87.5,91.66666666666667,24,100.0,ok
apo2mol,HIF2alpha__6D0B,23,25,25,24,87.5,83.33333333333333,83.33333333333333,87.5,24,100.0,ok
apo2mol,HIF2alpha__6D0B,24,25,25,24,83.33333333333333,87.5,83.33333333333333,87.5,24,100.0,ok
apo2mol,HIF2alpha__6D0B,25,25,25,24,95.83333333333333,87.5,87.5,95.83333333333333,24,100.0,ok
apo2mol,HIF2alpha__6D0B,26,25,25,24,87.5,79.16666666666667,79.16666666666667,87.5,24,100.0,ok
apo2mol,HIF2alpha__6D0B,27,25,25,24,91.66666666666667,87.5,87.5,91.66666666666667,24,100.0,ok
apo2mol,HIF2alpha__6D0B,28,25,25,24,100.0,100.0,100.0,100.0,24,100.0,ok
apo2mol,HIF2alpha__6D0B,29,25,25,24,91.66666666666667,91.66666666666667,91.66666666666667,91.66666666666667,24,100.0,ok
apo2mol,HIV_RT__3V81,0,17,17,11,63.63636363636363,27.272727272727273,27.272727272727273,63.63636363636363,11,100.0,ok
apo2mol,HIV_RT__3V81,1,17,17,11,90.9090909090909,27.272727272727273,27.272727272727273,90.9090909090909,11,100.0,ok
apo2mol,HIV_RT__3V81,2,17,17,11,72.72727272727273,63.63636363636363,63.63636363636363,72.72727272727273,11,100.0,ok
apo2mol,HIV_RT__3V81,3,17,17,11,72.72727272727273,36.36363636363637,36.36363636363637,72.72727272727273,11,100.0,ok
apo2mol,HIV_RT__3V81,4,17,17,11,63.63636363636363,54.54545454545455,36.36363636363637,81.81818181818181,11,100.0,ok
apo2mol,HIV_RT__3V81,5,17,17,11,90.9090909090909,45.45454545454545,45.45454545454545,90.9090909090909,11,100.0,ok
apo2mol,HIV_RT__3V81,6,17,17,11,63.63636363636363,63.63636363636363,54.54545454545455,72.72727272727273,11,100.0,ok
apo2mol,HIV_RT__3V81,7,17,17,11,90.9090909090909,36.36363636363637,36.36363636363637,90.9090909090909,11,100.0,ok
apo2mol,HIV_RT__3V81,8,17,17,11,63.63636363636363,45.45454545454545,36.36363636363637,72.72727272727273,11,100.0,ok
apo2mol,HIV_RT__3V81,9,17,17,11,72.72727272727273,54.54545454545455,45.45454545454545,81.81818181818181,11,100.0,ok
apo2mol,HIV_RT__3V81,10,17,17,11,36.36363636363637,36.36363636363637,27.272727272727273,45.45454545454545,11,100.0,ok
apo2mol,HIV_RT__3V81,11,17,17,11,81.81818181818181,54.54545454545455,54.54545454545455,81.81818181818181,11,100.0,ok
apo2mol,HIV_RT__3V81,12,17,17,11,72.72727272727273,54.54545454545455,54.54545454545455,72.72727272727273,11,100.0,ok
apo2mol,HIV_RT__3V81,13,17,17,11,90.9090909090909,81.81818181818181,81.81818181818181,90.9090909090909,11,100.0,ok
apo2mol,HIV_RT__3V81,14,17,17,11,63.63636363636363,36.36363636363637,27.272727272727273,72.72727272727273,11,100.0,ok
apo2mol,HIV_RT__3V81,15,17,17,11,100.0,54.54545454545455,54.54545454545455,100.0,11,100.0,ok
apo2mol,HIV_RT__3V81,16,17,17,11,81.81818181818181,27.272727272727273,27.272727272727273,81.81818181818181,11,100.0,ok
apo2mol,HIV_RT__3V81,17,17,17,11,90.9090909090909,54.54545454545455,54.54545454545455,90.9090909090909,11,100.0,ok
apo2mol,HIV_RT__3V81,18,17,17,11,90.9090909090909,72.72727272727273,72.72727272727273,90.9090909090909,11,100.0,ok
apo2mol,HIV_RT__3V81,19,17,17,11,45.45454545454545,63.63636363636363,45.45454545454545,63.63636363636363,11,100.0,ok
apo2mol,HIV_RT__3V81,20,17,17,11,81.81818181818181,63.63636363636363,63.63636363636363,81.81818181818181,11,100.0,ok
apo2mol,HIV_RT__3V81,21,17,17,11,81.81818181818181,63.63636363636363,54.54545454545455,90.9090909090909,11,100.0,ok
apo2mol,HIV_RT__3V81,22,17,17,11,90.9090909090909,63.63636363636363,63.63636363636363,90.9090909090909,11,100.0,ok
apo2mol,HIV_RT__3V81,23,17,17,11,90.9090909090909,72.72727272727273,72.72727272727273,90.9090909090909,11,100.0,ok
apo2mol,HIV_RT__3V81,24,17,17,11,81.81818181818181,45.45454545454545,36.36363636363637,90.9090909090909,11,100.0,ok
apo2mol,HIV_RT__3V81,25,17,17,11,100.0,81.81818181818181,81.81818181818181,100.0,11,100.0,ok
apo2mol,HIV_RT__3V81,26,17,17,11,100.0,54.54545454545455,54.54545454545455,100.0,11,100.0,ok
apo2mol,HIV_RT__3V81,27,17,17,11,81.81818181818181,72.72727272727273,63.63636363636363,90.9090909090909,11,100.0,ok
apo2mol,HIV_RT__3V81,28,17,17,11,81.81818181818181,63.63636363636363,63.63636363636363,81.81818181818181,11,100.0,ok
apo2mol,HIV_RT__3V81,29,17,17,11,72.72727272727273,45.45454545454545,36.36363636363637,81.81818181818181,11,100.0,ok
bbflow_refine,CB1,18,28,28,20,75.0,70.0,70.0,75.0,20,100.0,ok
bbflow_refine,CB1,11,28,28,20,80.0,85.0,75.0,90.0,20,100.0,ok
bbflow_refine,CB1,23,28,28,20,50.0,35.0,25.0,60.0,20,100.0,ok
bbflow_refine,CB1,7,28,28,20,65.0,65.0,55.0,75.0,20,100.0,ok
bbflow_refine,CB1,29,28,28,20,90.0,85.0,85.0,90.0,20,100.0,ok
bbflow_refine,CB1,20,28,28,20,80.0,70.0,70.0,80.0,20,100.0,ok
bbflow_refine,CB1,24,28,28,20,95.0,95.0,95.0,95.0,20,100.0,ok
bbflow_refine,CB1,5,28,28,20,85.0,85.0,80.0,90.0,20,100.0,ok
bbflow_refine,CB1,15,28,28,20,90.0,90.0,90.0,90.0,20,100.0,ok
bbflow_refine,CB1,9,28,28,20,70.0,75.0,65.0,80.0,20,100.0,ok
bbflow_refine,CB1,8,28,28,20,75.0,70.0,70.0,75.0,20,100.0,ok
bbflow_refine,CB1,12,28,28,20,40.0,40.0,35.0,45.0,20,100.0,ok
bbflow_refine,CB1,22,28,28,20,65.0,70.0,60.0,75.0,20,100.0,ok
bbflow_refine,CB1,26,28,28,20,80.0,90.0,80.0,90.0,20,100.0,ok
bbflow_refine,CB1,28,28,28,20,85.0,90.0,80.0,95.0,20,100.0,ok
bbflow_refine,CB1,25,28,28,20,85.0,90.0,85.0,90.0,20,100.0,ok
bbflow_refine,CB1,10,28,28,20,85.0,85.0,80.0,90.0,20,100.0,ok
bbflow_refine,CB1,16,28,28,20,90.0,90.0,90.0,90.0,20,100.0,ok
bbflow_refine,CB1,14,28,28,20,75.0,90.0,75.0,90.0,20,100.0,ok
bbflow_refine,CB1,1,28,28,20,85.0,80.0,80.0,85.0,20,100.0,ok
bbflow_refine,CB1,0,28,28,20,95.0,90.0,85.0,100.0,20,100.0,ok
bbflow_refine,CB1,21,28,28,20,80.0,75.0,75.0,80.0,20,100.0,ok
bbflow_refine,CB1,19,28,28,20,75.0,80.0,75.0,80.0,20,100.0,ok
bbflow_refine,CB1,2,28,28,20,85.0,80.0,80.0,85.0,20,100.0,ok
bbflow_refine,CB1,3,28,28,20,40.0,30.0,30.0,40.0,20,100.0,ok
bbflow_refine,CB1,27,28,28,20,85.0,85.0,80.0,90.0,20,100.0,ok
bbflow_refine,CB1,13,28,28,20,65.0,50.0,50.0,65.0,20,100.0,ok
bbflow_refine,CB1,17,28,28,20,75.0,60.0,60.0,75.0,20,100.0,ok
bbflow_refine,CB1,6,28,28,20,75.0,75.0,75.0,75.0,20,100.0,ok
bbflow_refine,CB1,4,28,28,20,80.0,80.0,80.0,80.0,20,100.0,ok
bbflow_refine,cAbl,18,23,23,16,100.0,93.75,93.75,100.0,16,100.0,ok
bbflow_refine,cAbl,11,23,23,16,93.75,93.75,87.5,100.0,16,100.0,ok
bbflow_refine,cAbl,23,23,23,16,93.75,100.0,93.75,100.0,16,100.0,ok
bbflow_refine,cAbl,7,23,23,16,100.0,100.0,100.0,100.0,16,100.0,ok
bbflow_refine,cAbl,29,23,23,16,87.5,87.5,81.25,93.75,16,100.0,ok
bbflow_refine,cAbl,20,23,23,16,100.0,93.75,93.75,100.0,16,100.0,ok
bbflow_refine,cAbl,24,23,23,16,100.0,87.5,87.5,100.0,16,100.0,ok
bbflow_refine,cAbl,5,23,23,16,100.0,93.75,93.75,100.0,16,100.0,ok
bbflow_refine,cAbl,15,23,23,16,100.0,100.0,100.0,100.0,16,100.0,ok
bbflow_refine,cAbl,9,23,23,16,100.0,93.75,93.75,100.0,16,100.0,ok
bbflow_refine,cAbl,8,23,23,16,100.0,93.75,93.75,100.0,16,100.0,ok
bbflow_refine,cAbl,12,23,23,16,81.25,87.5,81.25,87.5,16,100.0,ok
bbflow_refine,cAbl,22,23,23,16,100.0,100.0,100.0,100.0,16,100.0,ok
bbflow_refine,cAbl,26,23,23,16,100.0,100.0,100.0,100.0,16,100.0,ok
bbflow_refine,cAbl,28,23,23,16,100.0,100.0,100.0,100.0,16,100.0,ok
bbflow_refine,cAbl,25,23,23,16,93.75,93.75,93.75,93.75,16,100.0,ok
bbflow_refine,cAbl,10,23,23,16,93.75,100.0,93.75,100.0,16,100.0,ok
bbflow_refine,cAbl,16,23,23,16,100.0,100.0,100.0,100.0,16,100.0,ok
bbflow_refine,cAbl,14,23,23,16,100.0,93.75,93.75,100.0,16,100.0,ok
bbflow_refine,cAbl,1,23,23,16,93.75,93.75,93.75,93.75,16,100.0,ok
bbflow_refine,cAbl,0,23,23,16,93.75,93.75,93.75,93.75,16,100.0,ok
bbflow_refine,cAbl,21,23,23,16,100.0,93.75,93.75,100.0,16,100.0,ok
bbflow_refine,cAbl,19,23,23,16,93.75,93.75,87.5,100.0,16,100.0,ok
bbflow_refine,cAbl,2,23,23,16,87.5,81.25,75.0,93.75,16,100.0,ok
bbflow_refine,cAbl,3,23,23,16,93.75,93.75,93.75,93.75,16,100.0,ok
bbflow_refine,cAbl,27,23,23,16,100.0,100.0,100.0,100.0,16,100.0,ok
bbflow_refine,cAbl,13,23,23,16,100.0,100.0,100.0,100.0,16,100.0,ok
bbflow_refine,cAbl,17,23,23,16,93.75,93.75,87.5,100.0,16,100.0,ok
bbflow_refine,cAbl,6,23,23,16,93.75,93.75,87.5,100.0,16,100.0,ok
bbflow_refine,cAbl,4,23,23,16,100.0,100.0,100.0,100.0,16,100.0,ok
bbflow_refine,p53_Y220C,18,19,19,18,88.88888888888889,88.88888888888889,88.88888888888889,88.88888888888889,18,100.0,ok
bbflow_refine,p53_Y220C,11,19,19,18,94.44444444444444,94.44444444444444,94.44444444444444,94.44444444444444,18,100.0,ok
bbflow_refine,p53_Y220C,23,19,19,18,100.0,100.0,100.0,100.0,18,100.0,ok
bbflow_refine,p53_Y220C,7,19,19,18,100.0,100.0,100.0,100.0,18,100.0,ok
bbflow_refine,p53_Y220C,29,19,19,18,100.0,100.0,100.0,100.0,18,100.0,ok
bbflow_refine,p53_Y220C,20,19,19,18,100.0,100.0,100.0,100.0,18,100.0,ok
bbflow_refine,p53_Y220C,24,19,19,18,100.0,100.0,100.0,100.0,18,100.0,ok
bbflow_refine,p53_Y220C,5,19,19,18,100.0,100.0,100.0,100.0,18,100.0,ok
bbflow_refine,p53_Y220C,15,19,19,18,100.0,100.0,100.0,100.0,18,100.0,ok
bbflow_refine,p53_Y220C,9,19,19,18,100.0,100.0,100.0,100.0,18,100.0,ok
bbflow_refine,p53_Y220C,8,19,19,18,100.0,100.0,100.0,100.0,18,100.0,ok
bbflow_refine,p53_Y220C,12,19,19,18,100.0,100.0,100.0,100.0,18,100.0,ok
bbflow_refine,p53_Y220C,22,19,19,18,100.0,100.0,100.0,100.0,18,100.0,ok
bbflow_refine,p53_Y220C,26,19,19,18,100.0,100.0,100.0,100.0,18,100.0,ok
bbflow_refine,p53_Y220C,28,19,19,18,100.0,100.0,100.0,100.0,18,100.0,ok
bbflow_refine,p53_Y220C,25,19,19,18,100.0,100.0,100.0,100.0,18,100.0,ok
bbflow_refine,p53_Y220C,10,19,19,18,94.44444444444444,94.44444444444444,94.44444444444444,94.44444444444444,18,100.0,ok
bbflow_refine,p53_Y220C,16,19,19,18,100.0,100.0,100.0,100.0,18,100.0,ok
bbflow_refine,p53_Y220C,14,19,19,18,100.0,100.0,100.0,100.0,18,100.0,ok
bbflow_refine,p53_Y220C,1,19,19,18,100.0,100.0,100.0,100.0,18,100.0,ok
bbflow_refine,p53_Y220C,0,19,19,18,100.0,100.0,100.0,100.0,18,100.0,ok
bbflow_refine,p53_Y220C,21,19,19,18,88.88888888888889,94.44444444444444,88.88888888888889,94.44444444444444,18,100.0,ok
bbflow_refine,p53_Y220C,19,19,19,18,100.0,100.0,100.0,100.0,18,100.0,ok
bbflow_refine,p53_Y220C,2,19,19,18,94.44444444444444,94.44444444444444,94.44444444444444,94.44444444444444,18,100.0,ok
bbflow_refine,p53_Y220C,3,19,19,18,100.0,100.0,100.0,100.0,18,100.0,ok
bbflow_refine,p53_Y220C,27,19,19,18,100.0,100.0,100.0,100.0,18,100.0,ok
bbflow_refine,p53_Y220C,13,19,19,18,100.0,100.0,100.0,100.0,18,100.0,ok
bbflow_refine,p53_Y220C,17,19,19,18,100.0,100.0,100.0,100.0,18,100.0,ok
bbflow_refine,p53_Y220C,6,19,19,18,100.0,100.0,100.0,100.0,18,100.0,ok
bbflow_refine,p53_Y220C,4,19,19,18,100.0,100.0,100.0,100.0,18,100.0,ok
bbflow_refine,p53_Y220C__4AGQ,18,17,17,16,93.75,87.5,87.5,93.75,16,100.0,ok
bbflow_refine,p53_Y220C__4AGQ,11,17,17,16,100.0,93.75,93.75,100.0,16,100.0,ok
bbflow_refine,p53_Y220C__4AGQ,23,17,17,16,100.0,100.0,100.0,100.0,16,100.0,ok
bbflow_refine,p53_Y220C__4AGQ,7,17,17,16,100.0,100.0,100.0,100.0,16,100.0,ok
bbflow_refine,p53_Y220C__4AGQ,29,17,17,16,93.75,93.75,93.75,93.75,16,100.0,ok
bbflow_refine,p53_Y220C__4AGQ,20,17,17,16,100.0,100.0,100.0,100.0,16,100.0,ok
bbflow_refine,p53_Y220C__4AGQ,24,17,17,16,100.0,100.0,100.0,100.0,16,100.0,ok
bbflow_refine,p53_Y220C__4AGQ,5,17,17,16,100.0,100.0,100.0,100.0,16,100.0,ok
bbflow_refine,p53_Y220C__4AGQ,15,17,17,16,100.0,100.0,100.0,100.0,16,100.0,ok
bbflow_refine,p53_Y220C__4AGQ,9,17,17,16,100.0,100.0,100.0,100.0,16,100.0,ok
bbflow_refine,p53_Y220C__4AGQ,8,17,17,16,100.0,100.0,100.0,100.0,16,100.0,ok
bbflow_refine,p53_Y220C__4AGQ,12,17,17,16,100.0,100.0,100.0,100.0,16,100.0,ok
bbflow_refine,p53_Y220C__4AGQ,22,17,17,16,100.0,93.75,93.75,100.0,16,100.0,ok
bbflow_refine,p53_Y220C__4AGQ,26,17,17,16,93.75,93.75,93.75,93.75,16,100.0,ok
bbflow_refine,p53_Y220C__4AGQ,28,17,17,16,100.0,100.0,100.0,100.0,16,100.0,ok
bbflow_refine,p53_Y220C__4AGQ,25,17,17,16,100.0,100.0,100.0,100.0,16,100.0,ok
bbflow_refine,p53_Y220C__4AGQ,10,17,17,16,100.0,100.0,100.0,100.0,16,100.0,ok
bbflow_refine,p53_Y220C__4AGQ,16,17,17,16,100.0,100.0,100.0,100.0,16,100.0,ok
bbflow_refine,p53_Y220C__4AGQ,14,17,17,16,100.0,100.0,100.0,100.0,16,100.0,ok
bbflow_refine,p53_Y220C__4AGQ,1,17,17,16,100.0,100.0,100.0,100.0,16,100.0,ok
bbflow_refine,p53_Y220C__4AGQ,0,17,17,16,100.0,100.0,100.0,100.0,16,100.0,ok
bbflow_refine,p53_Y220C__4AGQ,21,17,17,16,87.5,93.75,87.5,93.75,16,100.0,ok
bbflow_refine,p53_Y220C__4AGQ,19,17,17,16,100.0,100.0,100.0,100.0,16,100.0,ok
bbflow_refine,p53_Y220C__4AGQ,2,17,17,16,93.75,93.75,93.75,93.75,16,100.0,ok
bbflow_refine,p53_Y220C__4AGQ,3,17,17,16,100.0,100.0,100.0,100.0,16,100.0,ok
bbflow_refine,p53_Y220C__4AGQ,27,17,17,16,100.0,100.0,100.0,100.0,16,100.0,ok
bbflow_refine,p53_Y220C__4AGQ,13,17,17,16,93.75,93.75,93.75,93.75,16,100.0,ok
bbflow_refine,p53_Y220C__4AGQ,17,17,17,16,100.0,100.0,100.0,100.0,16,100.0,ok
bbflow_refine,p53_Y220C__4AGQ,6,17,17,16,100.0,100.0,100.0,100.0,16,100.0,ok
bbflow_refine,p53_Y220C__4AGQ,4,17,17,16,100.0,100.0,100.0,100.0,16,100.0,ok
bbflow_refine,METTL14,18,22,22,18,100.0,100.0,100.0,100.0,18,100.0,ok
bbflow_refine,METTL14,11,22,22,18,100.0,94.44444444444444,94.44444444444444,100.0,18,100.0,ok
bbflow_refine,METTL14,23,22,22,18,100.0,94.44444444444444,94.44444444444444,100.0,18,100.0,ok
bbflow_refine,METTL14,7,22,22,18,100.0,100.0,100.0,100.0,18,100.0,ok
bbflow_refine,METTL14,29,22,22,18,100.0,88.88888888888889,88.88888888888889,100.0,18,100.0,ok
bbflow_refine,METTL14,20,22,22,18,100.0,100.0,100.0,100.0,18,100.0,ok
bbflow_refine,METTL14,24,22,22,18,100.0,100.0,100.0,100.0,18,100.0,ok
bbflow_refine,METTL14,5,22,22,18,100.0,100.0,100.0,100.0,18,100.0,ok
bbflow_refine,METTL14,15,22,22,18,100.0,100.0,100.0,100.0,18,100.0,ok
bbflow_refine,METTL14,9,22,22,18,100.0,100.0,100.0,100.0,18,100.0,ok
bbflow_refine,METTL14,8,22,22,18,100.0,100.0,100.0,100.0,18,100.0,ok
bbflow_refine,METTL14,12,22,22,18,100.0,100.0,100.0,100.0,18,100.0,ok
bbflow_refine,METTL14,22,22,22,18,100.0,100.0,100.0,100.0,18,100.0,ok
bbflow_refine,METTL14,26,22,22,18,100.0,94.44444444444444,94.44444444444444,100.0,18,100.0,ok
bbflow_refine,METTL14,28,22,22,18,100.0,100.0,100.0,100.0,18,100.0,ok
bbflow_refine,METTL14,25,22,22,18,100.0,94.44444444444444,94.44444444444444,100.0,18,100.0,ok
bbflow_refine,METTL14,10,22,22,18,100.0,100.0,100.0,100.0,18,100.0,ok
bbflow_refine,METTL14,16,22,22,18,100.0,94.44444444444444,94.44444444444444,100.0,18,100.0,ok
bbflow_refine,METTL14,14,22,22,18,100.0,100.0,100.0,100.0,18,100.0,ok
bbflow_refine,METTL14,1,22,22,18,100.0,94.44444444444444,94.44444444444444,100.0,18,100.0,ok
bbflow_refine,METTL14,0,22,22,18,94.44444444444444,94.44444444444444,94.44444444444444,94.44444444444444,18,100.0,ok
bbflow_refine,METTL14,21,22,22,18,100.0,100.0,100.0,100.0,18,100.0,ok
bbflow_refine,METTL14,19,22,22,18,100.0,100.0,100.0,100.0,18,100.0,ok
bbflow_refine,METTL14,2,22,22,18,100.0,100.0,100.0,100.0,18,100.0,ok
bbflow_refine,METTL14,3,22,22,18,100.0,100.0,100.0,100.0,18,100.0,ok
bbflow_refine,METTL14,27,22,22,18,100.0,94.44444444444444,94.44444444444444,100.0,18,100.0,ok
bbflow_refine,METTL14,13,22,22,18,100.0,100.0,100.0,100.0,18,100.0,ok
bbflow_refine,METTL14,17,22,22,18,100.0,100.0,100.0,100.0,18,100.0,ok
bbflow_refine,METTL14,6,22,22,18,100.0,100.0,100.0,100.0,18,100.0,ok
bbflow_refine,METTL14,4,22,22,18,100.0,100.0,100.0,100.0,18,100.0,ok
bbflow_refine,GCGR,18,25,25,8,87.5,87.5,75.0,100.0,8,100.0,ok
bbflow_refine,GCGR,11,25,25,8,87.5,87.5,75.0,100.0,8,100.0,ok
bbflow_refine,GCGR,23,25,25,8,87.5,87.5,75.0,100.0,8,100.0,ok
bbflow_refine,GCGR,7,25,25,8,62.5,25.0,25.0,62.5,8,100.0,ok
bbflow_refine,GCGR,29,25,25,8,75.0,62.5,62.5,75.0,8,100.0,ok
bbflow_refine,GCGR,20,25,25,8,87.5,100.0,87.5,100.0,8,100.0,ok
bbflow_refine,GCGR,24,25,25,8,87.5,75.0,62.5,100.0,8,100.0,ok
bbflow_refine,GCGR,5,25,25,8,87.5,62.5,62.5,87.5,8,100.0,ok
bbflow_refine,GCGR,15,25,25,8,87.5,75.0,62.5,100.0,8,100.0,ok
bbflow_refine,GCGR,9,25,25,8,75.0,75.0,62.5,87.5,8,100.0,ok
bbflow_refine,GCGR,8,25,25,8,62.5,100.0,62.5,100.0,8,100.0,ok
bbflow_refine,GCGR,12,25,25,8,87.5,25.0,12.5,100.0,8,100.0,ok
bbflow_refine,GCGR,22,25,25,8,100.0,87.5,87.5,100.0,8,100.0,ok
bbflow_refine,GCGR,26,25,25,8,62.5,25.0,25.0,62.5,8,100.0,ok
bbflow_refine,GCGR,28,25,25,8,100.0,87.5,87.5,100.0,8,100.0,ok
bbflow_refine,GCGR,25,25,25,8,100.0,62.5,62.5,100.0,8,100.0,ok
bbflow_refine,GCGR,10,25,25,8,87.5,50.0,50.0,87.5,8,100.0,ok
bbflow_refine,GCGR,16,25,25,8,87.5,75.0,75.0,87.5,8,100.0,ok
bbflow_refine,GCGR,14,25,25,8,100.0,62.5,62.5,100.0,8,100.0,ok
bbflow_refine,GCGR,1,25,25,8,100.0,87.5,87.5,100.0,8,100.0,ok
bbflow_refine,GCGR,0,25,25,8,87.5,75.0,62.5,100.0,8,100.0,ok
bbflow_refine,GCGR,21,25,25,8,50.0,75.0,50.0,75.0,8,100.0,ok
bbflow_refine,GCGR,19,25,25,8,87.5,87.5,75.0,100.0,8,100.0,ok
bbflow_refine,GCGR,2,25,25,8,100.0,87.5,87.5,100.0,8,100.0,ok
bbflow_refine,GCGR,3,25,25,8,100.0,62.5,62.5,100.0,8,100.0,ok
bbflow_refine,GCGR,27,25,25,8,75.0,87.5,75.0,87.5,8,100.0,ok
bbflow_refine,GCGR,13,25,25,8,100.0,62.5,62.5,100.0,8,100.0,ok
bbflow_refine,GCGR,17,25,25,8,87.5,62.5,50.0,100.0,8,100.0,ok
bbflow_refine,GCGR,6,25,25,8,87.5,87.5,75.0,100.0,8,100.0,ok
bbflow_refine,GCGR,4,25,25,8,100.0,87.5,87.5,100.0,8,100.0,ok
bbflow_refine,Bcl-xL,18,21,21,17,70.58823529411765,76.47058823529412,70.58823529411765,76.47058823529412,17,100.0,ok
bbflow_refine,Bcl-xL,11,21,21,17,100.0,94.11764705882354,94.11764705882354,100.0,17,100.0,ok
bbflow_refine,Bcl-xL,23,21,21,17,94.11764705882354,88.23529411764706,88.23529411764706,94.11764705882354,17,100.0,ok
bbflow_refine,Bcl-xL,7,21,21,17,88.23529411764706,64.70588235294117,64.70588235294117,88.23529411764706,17,100.0,ok
bbflow_refine,Bcl-xL,29,21,21,17,100.0,100.0,100.0,100.0,17,100.0,ok
bbflow_refine,Bcl-xL,20,21,21,17,100.0,94.11764705882354,94.11764705882354,100.0,17,100.0,ok
bbflow_refine,Bcl-xL,24,21,21,17,100.0,82.3529411764706,82.3529411764706,100.0,17,100.0,ok
bbflow_refine,Bcl-xL,5,21,21,17,100.0,100.0,100.0,100.0,17,100.0,ok
bbflow_refine,Bcl-xL,15,21,21,17,100.0,94.11764705882354,94.11764705882354,100.0,17,100.0,ok
bbflow_refine,Bcl-xL,9,21,21,17,88.23529411764706,88.23529411764706,82.3529411764706,94.11764705882354,17,100.0,ok
bbflow_refine,Bcl-xL,8,21,21,17,94.11764705882354,94.11764705882354,94.11764705882354,94.11764705882354,17,100.0,ok
bbflow_refine,Bcl-xL,12,21,21,17,88.23529411764706,88.23529411764706,88.23529411764706,88.23529411764706,17,100.0,ok
bbflow_refine,Bcl-xL,22,21,21,17,100.0,100.0,100.0,100.0,17,100.0,ok
bbflow_refine,Bcl-xL,26,21,21,17,100.0,100.0,100.0,100.0,17,100.0,ok
bbflow_refine,Bcl-xL,28,21,21,17,94.11764705882354,100.0,94.11764705882354,100.0,17,100.0,ok
bbflow_refine,Bcl-xL,25,21,21,17,94.11764705882354,94.11764705882354,94.11764705882354,94.11764705882354,17,100.0,ok
bbflow_refine,Bcl-xL,10,21,21,17,100.0,100.0,100.0,100.0,17,100.0,ok
bbflow_refine,Bcl-xL,16,21,21,17,94.11764705882354,82.3529411764706,82.3529411764706,94.11764705882354,17,100.0,ok
bbflow_refine,Bcl-xL,14,21,21,17,100.0,100.0,100.0,100.0,17,100.0,ok
bbflow_refine,Bcl-xL,1,21,21,17,100.0,100.0,100.0,100.0,17,100.0,ok
bbflow_refine,Bcl-xL,0,21,21,17,82.3529411764706,82.3529411764706,76.47058823529412,88.23529411764706,17,100.0,ok
bbflow_refine,Bcl-xL,21,21,21,17,100.0,94.11764705882354,94.11764705882354,100.0,17,100.0,ok
bbflow_refine,Bcl-xL,19,21,21,17,100.0,100.0,100.0,100.0,17,100.0,ok
bbflow_refine,Bcl-xL,2,21,21,17,88.23529411764706,82.3529411764706,76.47058823529412,94.11764705882354,17,100.0,ok
bbflow_refine,Bcl-xL,3,21,21,17,100.0,70.58823529411765,70.58823529411765,100.0,17,100.0,ok
bbflow_refine,Bcl-xL,27,21,21,17,100.0,82.3529411764706,82.3529411764706,100.0,17,100.0,ok
bbflow_refine,Bcl-xL,13,21,21,17,94.11764705882354,94.11764705882354,94.11764705882354,94.11764705882354,17,100.0,ok
bbflow_refine,Bcl-xL,17,21,21,17,82.3529411764706,82.3529411764706,82.3529411764706,82.3529411764706,17,100.0,ok
bbflow_refine,Bcl-xL,6,21,21,17,94.11764705882354,100.0,94.11764705882354,100.0,17,100.0,ok
bbflow_refine,Bcl-xL,4,21,21,17,58.8235294117647,35.294117647058826,29.41176470588235,64.70588235294117,17,100.0,ok
bbflow_refine,GLTP,18,8,8,6,83.33333333333333,66.66666666666667,66.66666666666667,83.33333333333333,6,100.0,ok
bbflow_refine,GLTP,11,8,8,6,66.66666666666667,33.333333333333336,33.333333333333336,66.66666666666667,6,100.0,ok
bbflow_refine,GLTP,23,8,8,6,83.33333333333333,50.0,50.0,83.33333333333333,6,100.0,ok
bbflow_refine,GLTP,7,8,8,6,100.0,66.66666666666667,66.66666666666667,100.0,6,100.0,ok
bbflow_refine,GLTP,29,8,8,6,100.0,66.66666666666667,66.66666666666667,100.0,6,100.0,ok
bbflow_refine,GLTP,20,8,8,6,100.0,66.66666666666667,66.66666666666667,100.0,6,100.0,ok
bbflow_refine,GLTP,24,8,8,6,66.66666666666667,33.333333333333336,33.333333333333336,66.66666666666667,6,100.0,ok
bbflow_refine,GLTP,5,8,8,6,100.0,83.33333333333333,83.33333333333333,100.0,6,100.0,ok
bbflow_refine,GLTP,15,8,8,6,83.33333333333333,50.0,50.0,83.33333333333333,6,100.0,ok
bbflow_refine,GLTP,9,8,8,6,66.66666666666667,66.66666666666667,66.66666666666667,66.66666666666667,6,100.0,ok
bbflow_refine,GLTP,8,8,8,6,83.33333333333333,83.33333333333333,83.33333333333333,83.33333333333333,6,100.0,ok
bbflow_refine,GLTP,12,8,8,6,100.0,83.33333333333333,83.33333333333333,100.0,6,100.0,ok
bbflow_refine,GLTP,22,8,8,6,100.0,83.33333333333333,83.33333333333333,100.0,6,100.0,ok
bbflow_refine,GLTP,26,8,8,6,83.33333333333333,66.66666666666667,66.66666666666667,83.33333333333333,6,100.0,ok
bbflow_refine,GLTP,28,8,8,6,100.0,100.0,100.0,100.0,6,100.0,ok
bbflow_refine,GLTP,25,8,8,6,83.33333333333333,66.66666666666667,66.66666666666667,83.33333333333333,6,100.0,ok
bbflow_refine,GLTP,10,8,8,6,66.66666666666667,50.0,50.0,66.66666666666667,6,100.0,ok
bbflow_refine,GLTP,16,8,8,6,83.33333333333333,83.33333333333333,83.33333333333333,83.33333333333333,6,100.0,ok
bbflow_refine,GLTP,14,8,8,6,83.33333333333333,66.66666666666667,66.66666666666667,83.33333333333333,6,100.0,ok
bbflow_refine,GLTP,1,8,8,6,50.0,50.0,50.0,50.0,6,100.0,ok
bbflow_refine,GLTP,0,8,8,6,100.0,83.33333333333333,83.33333333333333,100.0,6,100.0,ok
bbflow_refine,GLTP,21,8,8,6,100.0,83.33333333333333,83.33333333333333,100.0,6,100.0,ok
bbflow_refine,GLTP,19,8,8,6,100.0,66.66666666666667,66.66666666666667,100.0,6,100.0,ok
bbflow_refine,GLTP,2,8,8,6,100.0,100.0,100.0,100.0,6,100.0,ok
bbflow_refine,GLTP,3,8,8,6,66.66666666666667,33.333333333333336,33.333333333333336,66.66666666666667,6,100.0,ok
bbflow_refine,GLTP,27,8,8,6,66.66666666666667,50.0,50.0,66.66666666666667,6,100.0,ok
bbflow_refine,GLTP,13,8,8,6,100.0,66.66666666666667,66.66666666666667,100.0,6,100.0,ok
bbflow_refine,GLTP,17,8,8,6,83.33333333333333,83.33333333333333,83.33333333333333,83.33333333333333,6,100.0,ok
bbflow_refine,GLTP,6,8,8,6,100.0,100.0,100.0,100.0,6,100.0,ok
bbflow_refine,GLTP,4,8,8,6,100.0,100.0,100.0,100.0,6,100.0,ok
bbflow_refine,HIV_RT__3V81,18,17,17,11,100.0,81.81818181818181,81.81818181818181,100.0,11,100.0,ok
bbflow_refine,HIV_RT__3V81,11,17,17,11,90.9090909090909,72.72727272727273,72.72727272727273,90.9090909090909,11,100.0,ok
bbflow_refine,HIV_RT__3V81,23,17,17,11,100.0,81.81818181818181,81.81818181818181,100.0,11,100.0,ok
bbflow_refine,HIV_RT__3V81,7,17,17,11,100.0,81.81818181818181,81.81818181818181,100.0,11,100.0,ok
bbflow_refine,HIV_RT__3V81,29,17,17,11,100.0,72.72727272727273,72.72727272727273,100.0,11,100.0,ok
bbflow_refine,HIV_RT__3V81,20,17,17,11,90.9090909090909,72.72727272727273,72.72727272727273,90.9090909090909,11,100.0,ok
bbflow_refine,HIV_RT__3V81,24,17,17,11,90.9090909090909,72.72727272727273,72.72727272727273,90.9090909090909,11,100.0,ok
bbflow_refine,HIV_RT__3V81,5,17,17,11,100.0,90.9090909090909,90.9090909090909,100.0,11,100.0,ok
bbflow_refine,HIV_RT__3V81,15,17,17,11,100.0,81.81818181818181,81.81818181818181,100.0,11,100.0,ok
bbflow_refine,HIV_RT__3V81,9,17,17,11,90.9090909090909,81.81818181818181,81.81818181818181,90.9090909090909,11,100.0,ok
bbflow_refine,HIV_RT__3V81,8,17,17,11,100.0,90.9090909090909,90.9090909090909,100.0,11,100.0,ok
bbflow_refine,HIV_RT__3V81,12,17,17,11,90.9090909090909,72.72727272727273,72.72727272727273,90.9090909090909,11,100.0,ok
bbflow_refine,HIV_RT__3V81,22,17,17,11,100.0,90.9090909090909,90.9090909090909,100.0,11,100.0,ok
bbflow_refine,HIV_RT__3V81,26,17,17,11,100.0,81.81818181818181,81.81818181818181,100.0,11,100.0,ok
bbflow_refine,HIV_RT__3V81,28,17,17,11,90.9090909090909,81.81818181818181,72.72727272727273,100.0,11,100.0,ok
bbflow_refine,HIV_RT__3V81,25,17,17,11,81.81818181818181,72.72727272727273,72.72727272727273,81.81818181818181,11,100.0,ok
bbflow_refine,HIV_RT__3V81,10,17,17,11,90.9090909090909,90.9090909090909,81.81818181818181,100.0,11,100.0,ok
bbflow_refine,HIV_RT__3V81,16,17,17,11,100.0,81.81818181818181,81.81818181818181,100.0,11,100.0,ok
bbflow_refine,HIV_RT__3V81,14,17,17,11,100.0,90.9090909090909,90.9090909090909,100.0,11,100.0,ok
bbflow_refine,HIV_RT__3V81,1,17,17,11,100.0,100.0,100.0,100.0,11,100.0,ok
bbflow_refine,HIV_RT__3V81,0,17,17,11,100.0,72.72727272727273,72.72727272727273,100.0,11,100.0,ok
bbflow_refine,HIV_RT__3V81,21,17,17,11,100.0,72.72727272727273,72.72727272727273,100.0,11,100.0,ok
bbflow_refine,HIV_RT__3V81,19,17,17,11,100.0,63.63636363636363,63.63636363636363,100.0,11,100.0,ok
bbflow_refine,HIV_RT__3V81,2,17,17,11,100.0,81.81818181818181,81.81818181818181,100.0,11,100.0,ok
bbflow_refine,HIV_RT__3V81,3,17,17,11,100.0,81.81818181818181,81.81818181818181,100.0,11,100.0,ok
bbflow_refine,HIV_RT__3V81,27,17,17,11,90.9090909090909,72.72727272727273,72.72727272727273,90.9090909090909,11,100.0,ok
bbflow_refine,HIV_RT__3V81,13,17,17,11,90.9090909090909,72.72727272727273,72.72727272727273,90.9090909090909,11,100.0,ok
bbflow_refine,HIV_RT__3V81,17,17,17,11,90.9090909090909,81.81818181818181,72.72727272727273,100.0,11,100.0,ok
bbflow_refine,HIV_RT__3V81,6,17,17,11,100.0,81.81818181818181,81.81818181818181,100.0,11,100.0,ok
bbflow_refine,HIV_RT__3V81,4,17,17,11,100.0,81.81818181818181,81.81818181818181,100.0,11,100.0,ok
bbflow_refine,NDPK-A,18,17,17,15,40.0,20.0,20.0,40.0,15,100.0,ok
bbflow_refine,NDPK-A,11,17,17,15,73.33333333333333,66.66666666666667,66.66666666666667,73.33333333333333,15,100.0,ok
bbflow_refine,NDPK-A,23,17,17,15,73.33333333333333,46.666666666666664,46.666666666666664,73.33333333333333,15,100.0,ok
bbflow_refine,NDPK-A,7,17,17,15,100.0,86.66666666666667,86.66666666666667,100.0,15,100.0,ok
bbflow_refine,NDPK-A,29,17,17,15,60.0,33.333333333333336,33.333333333333336,60.0,15,100.0,ok
bbflow_refine,NDPK-A,20,17,17,15,33.333333333333336,40.0,33.333333333333336,40.0,15,100.0,ok
bbflow_refine,NDPK-A,24,17,17,15,93.33333333333333,93.33333333333333,93.33333333333333,93.33333333333333,15,100.0,ok
bbflow_refine,NDPK-A,5,17,17,15,80.0,73.33333333333333,73.33333333333333,80.0,15,100.0,ok
bbflow_refine,NDPK-A,15,17,17,15,86.66666666666667,73.33333333333333,73.33333333333333,86.66666666666667,15,100.0,ok
bbflow_refine,NDPK-A,9,17,17,15,80.0,73.33333333333333,73.33333333333333,80.0,15,100.0,ok
bbflow_refine,NDPK-A,8,17,17,15,53.333333333333336,20.0,20.0,53.333333333333336,15,100.0,ok
bbflow_refine,NDPK-A,12,17,17,15,86.66666666666667,46.666666666666664,46.666666666666664,86.66666666666667,15,100.0,ok
bbflow_refine,NDPK-A,22,17,17,15,60.0,53.333333333333336,53.333333333333336,60.0,15,100.0,ok
bbflow_refine,NDPK-A,26,17,17,15,80.0,60.0,60.0,80.0,15,100.0,ok
bbflow_refine,NDPK-A,28,17,17,15,40.0,20.0,20.0,40.0,15,100.0,ok
bbflow_refine,NDPK-A,25,17,17,15,53.333333333333336,13.333333333333334,13.333333333333334,53.333333333333336,15,100.0,ok
bbflow_refine,NDPK-A,10,17,17,15,86.66666666666667,86.66666666666667,86.66666666666667,86.66666666666667,15,100.0,ok
bbflow_refine,NDPK-A,16,17,17,15,40.0,13.333333333333334,13.333333333333334,40.0,15,100.0,ok
bbflow_refine,NDPK-A,14,17,17,15,6.666666666666667,6.666666666666667,6.666666666666667,6.666666666666667,15,100.0,ok
bbflow_refine,NDPK-A,1,17,17,15,80.0,53.333333333333336,53.333333333333336,80.0,15,100.0,ok
bbflow_refine,NDPK-A,0,17,17,15,20.0,13.333333333333334,13.333333333333334,20.0,15,100.0,ok
bbflow_refine,NDPK-A,21,17,17,15,46.666666666666664,66.66666666666667,46.666666666666664,66.66666666666667,15,100.0,ok
bbflow_refine,NDPK-A,19,17,17,15,66.66666666666667,53.333333333333336,46.666666666666664,73.33333333333333,15,100.0,ok
bbflow_refine,NDPK-A,2,17,17,15,73.33333333333333,66.66666666666667,66.66666666666667,73.33333333333333,15,100.0,ok
bbflow_refine,NDPK-A,3,17,17,15,80.0,53.333333333333336,53.333333333333336,80.0,15,100.0,ok
bbflow_refine,NDPK-A,27,17,17,15,66.66666666666667,26.666666666666668,26.666666666666668,66.66666666666667,15,100.0,ok
bbflow_refine,NDPK-A,13,17,17,15,80.0,66.66666666666667,60.0,86.66666666666667,15,100.0,ok
bbflow_refine,NDPK-A,17,17,17,15,33.333333333333336,13.333333333333334,13.333333333333334,33.333333333333336,15,100.0,ok
bbflow_refine,NDPK-A,6,17,17,15,93.33333333333333,86.66666666666667,86.66666666666667,93.33333333333333,15,100.0,ok
bbflow_refine,NDPK-A,4,17,17,15,93.33333333333333,86.66666666666667,86.66666666666667,93.33333333333333,15,100.0,ok
bbflow_refine,KRAS,18,21,21,15,100.0,86.66666666666667,86.66666666666667,100.0,15,100.0,ok
bbflow_refine,KRAS,11,21,21,15,100.0,86.66666666666667,86.66666666666667,100.0,15,100.0,ok
bbflow_refine,KRAS,23,21,21,15,100.0,86.66666666666667,86.66666666666667,100.0,15,100.0,ok
bbflow_refine,KRAS,7,21,21,15,100.0,80.0,80.0,100.0,15,100.0,ok
bbflow_refine,KRAS,29,21,21,15,93.33333333333333,86.66666666666667,86.66666666666667,93.33333333333333,15,100.0,ok
bbflow_refine,KRAS,20,21,21,15,100.0,80.0,80.0,100.0,15,100.0,ok
bbflow_refine,KRAS,24,21,21,15,100.0,86.66666666666667,86.66666666666667,100.0,15,100.0,ok
bbflow_refine,KRAS,5,21,21,15,100.0,86.66666666666667,86.66666666666667,100.0,15,100.0,ok
bbflow_refine,KRAS,15,21,21,15,100.0,86.66666666666667,86.66666666666667,100.0,15,100.0,ok
bbflow_refine,KRAS,9,21,21,15,93.33333333333333,93.33333333333333,93.33333333333333,93.33333333333333,15,100.0,ok
bbflow_refine,KRAS,8,21,21,15,93.33333333333333,86.66666666666667,86.66666666666667,93.33333333333333,15,100.0,ok
bbflow_refine,KRAS,12,21,21,15,100.0,93.33333333333333,93.33333333333333,100.0,15,100.0,ok
bbflow_refine,KRAS,22,21,21,15,86.66666666666667,80.0,80.0,86.66666666666667,15,100.0,ok
bbflow_refine,KRAS,26,21,21,15,100.0,93.33333333333333,93.33333333333333,100.0,15,100.0,ok
bbflow_refine,KRAS,28,21,21,15,100.0,86.66666666666667,86.66666666666667,100.0,15,100.0,ok
bbflow_refine,KRAS,25,21,21,15,86.66666666666667,80.0,80.0,86.66666666666667,15,100.0,ok
bbflow_refine,KRAS,10,21,21,15,93.33333333333333,80.0,80.0,93.33333333333333,15,100.0,ok
bbflow_refine,KRAS,16,21,21,15,93.33333333333333,86.66666666666667,80.0,100.0,15,100.0,ok
bbflow_refine,KRAS,14,21,21,15,100.0,86.66666666666667,86.66666666666667,100.0,15,100.0,ok
bbflow_refine,KRAS,1,21,21,15,86.66666666666667,80.0,80.0,86.66666666666667,15,100.0,ok
bbflow_refine,KRAS,0,21,21,15,93.33333333333333,86.66666666666667,86.66666666666667,93.33333333333333,15,100.0,ok
bbflow_refine,KRAS,21,21,21,15,93.33333333333333,60.0,60.0,93.33333333333333,15,100.0,ok
bbflow_refine,KRAS,19,21,21,15,86.66666666666667,66.66666666666667,66.66666666666667,86.66666666666667,15,100.0,ok
bbflow_refine,KRAS,2,21,21,15,100.0,93.33333333333333,93.33333333333333,100.0,15,100.0,ok
bbflow_refine,KRAS,3,21,21,15,100.0,86.66666666666667,86.66666666666667,100.0,15,100.0,ok
bbflow_refine,KRAS,27,21,21,15,100.0,93.33333333333333,93.33333333333333,100.0,15,100.0,ok
bbflow_refine,KRAS,13,21,21,15,93.33333333333333,80.0,80.0,93.33333333333333,15,100.0,ok
bbflow_refine,KRAS,17,21,21,15,100.0,86.66666666666667,86.66666666666667,100.0,15,100.0,ok
bbflow_refine,KRAS,6,21,21,15,100.0,93.33333333333333,93.33333333333333,100.0,15,100.0,ok
bbflow_refine,KRAS,4,21,21,15,100.0,86.66666666666667,86.66666666666667,100.0,15,100.0,ok
bbflow_refine,HIF2alpha__6D0B,18,25,25,24,95.83333333333333,95.83333333333333,95.83333333333333,95.83333333333333,24,100.0,ok
bbflow_refine,HIF2alpha__6D0B,11,25,25,24,95.83333333333333,95.83333333333333,95.83333333333333,95.83333333333333,24,100.0,ok
bbflow_refine,HIF2alpha__6D0B,23,25,25,24,100.0,100.0,100.0,100.0,24,100.0,ok
bbflow_refine,HIF2alpha__6D0B,7,25,25,24,95.83333333333333,95.83333333333333,95.83333333333333,95.83333333333333,24,100.0,ok
bbflow_refine,HIF2alpha__6D0B,29,25,25,24,95.83333333333333,95.83333333333333,95.83333333333333,95.83333333333333,24,100.0,ok
bbflow_refine,HIF2alpha__6D0B,20,25,25,24,87.5,87.5,87.5,87.5,24,100.0,ok
bbflow_refine,HIF2alpha__6D0B,24,25,25,24,95.83333333333333,95.83333333333333,95.83333333333333,95.83333333333333,24,100.0,ok
bbflow_refine,HIF2alpha__6D0B,5,25,25,24,100.0,95.83333333333333,95.83333333333333,100.0,24,100.0,ok
bbflow_refine,HIF2alpha__6D0B,15,25,25,24,91.66666666666667,87.5,87.5,91.66666666666667,24,100.0,ok
bbflow_refine,HIF2alpha__6D0B,9,25,25,24,95.83333333333333,95.83333333333333,95.83333333333333,95.83333333333333,24,100.0,ok
bbflow_refine,HIF2alpha__6D0B,8,25,25,24,95.83333333333333,95.83333333333333,95.83333333333333,95.83333333333333,24,100.0,ok
bbflow_refine,HIF2alpha__6D0B,12,25,25,24,91.66666666666667,91.66666666666667,91.66666666666667,91.66666666666667,24,100.0,ok
bbflow_refine,HIF2alpha__6D0B,22,25,25,24,91.66666666666667,91.66666666666667,91.66666666666667,91.66666666666667,24,100.0,ok
bbflow_refine,HIF2alpha__6D0B,26,25,25,24,95.83333333333333,95.83333333333333,95.83333333333333,95.83333333333333,24,100.0,ok
bbflow_refine,HIF2alpha__6D0B,28,25,25,24,91.66666666666667,91.66666666666667,91.66666666666667,91.66666666666667,24,100.0,ok
bbflow_refine,HIF2alpha__6D0B,25,25,25,24,95.83333333333333,95.83333333333333,95.83333333333333,95.83333333333333,24,100.0,ok
bbflow_refine,HIF2alpha__6D0B,10,25,25,24,100.0,100.0,100.0,100.0,24,100.0,ok
bbflow_refine,HIF2alpha__6D0B,16,25,25,24,95.83333333333333,91.66666666666667,91.66666666666667,95.83333333333333,24,100.0,ok
bbflow_refine,HIF2alpha__6D0B,14,25,25,24,91.66666666666667,83.33333333333333,83.33333333333333,91.66666666666667,24,100.0,ok
bbflow_refine,HIF2alpha__6D0B,1,25,25,24,91.66666666666667,91.66666666666667,91.66666666666667,91.66666666666667,24,100.0,ok
bbflow_refine,HIF2alpha__6D0B,0,25,25,24,95.83333333333333,95.83333333333333,95.83333333333333,95.83333333333333,24,100.0,ok
bbflow_refine,HIF2alpha__6D0B,21,25,25,24,95.83333333333333,95.83333333333333,95.83333333333333,95.83333333333333,24,100.0,ok
bbflow_refine,HIF2alpha__6D0B,19,25,25,24,95.83333333333333,95.83333333333333,95.83333333333333,95.83333333333333,24,100.0,ok
bbflow_refine,HIF2alpha__6D0B,2,25,25,24,100.0,100.0,100.0,100.0,24,100.0,ok
bbflow_refine,HIF2alpha__6D0B,3,25,25,24,95.83333333333333,95.83333333333333,95.83333333333333,95.83333333333333,24,100.0,ok
bbflow_refine,HIF2alpha__6D0B,27,25,25,24,91.66666666666667,91.66666666666667,91.66666666666667,91.66666666666667,24,100.0,ok
bbflow_refine,HIF2alpha__6D0B,13,25,25,24,100.0,100.0,100.0,100.0,24,100.0,ok
bbflow_refine,HIF2alpha__6D0B,17,25,25,24,100.0,100.0,100.0,100.0,24,100.0,ok
bbflow_refine,HIF2alpha__6D0B,6,25,25,24,91.66666666666667,91.66666666666667,91.66666666666667,91.66666666666667,24,100.0,ok
bbflow_refine,HIF2alpha__6D0B,4,25,25,24,95.83333333333333,95.83333333333333,95.83333333333333,95.83333333333333,24,100.0,ok
bbflow_refine,HIF2alpha,18,21,21,20,95.0,95.0,95.0,95.0,20,100.0,ok
bbflow_refine,HIF2alpha,11,21,21,20,95.0,95.0,95.0,95.0,20,100.0,ok
bbflow_refine,HIF2alpha,23,21,21,20,100.0,100.0,100.0,100.0,20,100.0,ok
bbflow_refine,HIF2alpha,7,21,21,20,90.0,90.0,90.0,90.0,20,100.0,ok
bbflow_refine,HIF2alpha,29,21,21,20,95.0,95.0,95.0,95.0,20,100.0,ok
bbflow_refine,HIF2alpha,20,21,21,20,100.0,100.0,100.0,100.0,20,100.0,ok
bbflow_refine,HIF2alpha,24,21,21,20,90.0,90.0,90.0,90.0,20,100.0,ok
bbflow_refine,HIF2alpha,5,21,21,20,90.0,90.0,90.0,90.0,20,100.0,ok
bbflow_refine,HIF2alpha,15,21,21,20,90.0,90.0,90.0,90.0,20,100.0,ok
bbflow_refine,HIF2alpha,9,21,21,20,100.0,100.0,100.0,100.0,20,100.0,ok
bbflow_refine,HIF2alpha,8,21,21,20,95.0,95.0,95.0,95.0,20,100.0,ok
bbflow_refine,HIF2alpha,12,21,21,20,100.0,100.0,100.0,100.0,20,100.0,ok
bbflow_refine,HIF2alpha,22,21,21,20,90.0,90.0,90.0,90.0,20,100.0,ok
bbflow_refine,HIF2alpha,26,21,21,20,100.0,100.0,100.0,100.0,20,100.0,ok
bbflow_refine,HIF2alpha,28,21,21,20,95.0,95.0,95.0,95.0,20,100.0,ok
bbflow_refine,HIF2alpha,25,21,21,20,95.0,95.0,95.0,95.0,20,100.0,ok
bbflow_refine,HIF2alpha,10,21,21,20,90.0,90.0,90.0,90.0,20,100.0,ok
bbflow_refine,HIF2alpha,16,21,21,20,95.0,95.0,95.0,95.0,20,100.0,ok
bbflow_refine,HIF2alpha,14,21,21,20,95.0,90.0,90.0,95.0,20,100.0,ok
bbflow_refine,HIF2alpha,1,21,21,20,90.0,90.0,90.0,90.0,20,100.0,ok
bbflow_refine,HIF2alpha,0,21,21,20,100.0,100.0,100.0,100.0,20,100.0,ok
bbflow_refine,HIF2alpha,21,21,21,20,90.0,90.0,90.0,90.0,20,100.0,ok
bbflow_refine,HIF2alpha,19,21,21,20,90.0,90.0,90.0,90.0,20,100.0,ok
bbflow_refine,HIF2alpha,2,21,21,20,100.0,100.0,100.0,100.0,20,100.0,ok
bbflow_refine,HIF2alpha,3,21,21,20,100.0,100.0,100.0,100.0,20,100.0,ok
bbflow_refine,HIF2alpha,27,21,21,20,95.0,95.0,95.0,95.0,20,100.0,ok
bbflow_refine,HIF2alpha,13,21,21,20,100.0,100.0,100.0,100.0,20,100.0,ok
bbflow_refine,HIF2alpha,17,21,21,20,95.0,95.0,95.0,95.0,20,100.0,ok
bbflow_refine,HIF2alpha,6,21,21,20,90.0,90.0,90.0,90.0,20,100.0,ok
bbflow_refine,HIF2alpha,4,21,21,20,95.0,95.0,95.0,95.0,20,100.0,ok
bbflow_refine,HIV_RT,18,19,19,11,100.0,81.81818181818181,81.81818181818181,100.0,11,100.0,ok
bbflow_refine,HIV_RT,11,19,19,11,100.0,100.0,100.0,100.0,11,100.0,ok
bbflow_refine,HIV_RT,23,19,19,11,100.0,100.0,100.0,100.0,11,100.0,ok
bbflow_refine,HIV_RT,7,19,19,11,100.0,90.9090909090909,90.9090909090909,100.0,11,100.0,ok
bbflow_refine,HIV_RT,29,19,19,11,100.0,100.0,100.0,100.0,11,100.0,ok
bbflow_refine,HIV_RT,20,19,19,11,100.0,100.0,100.0,100.0,11,100.0,ok
bbflow_refine,HIV_RT,24,19,19,11,100.0,100.0,100.0,100.0,11,100.0,ok
bbflow_refine,HIV_RT,5,19,19,11,100.0,81.81818181818181,81.81818181818181,100.0,11,100.0,ok
bbflow_refine,HIV_RT,15,19,19,11,100.0,90.9090909090909,90.9090909090909,100.0,11,100.0,ok
bbflow_refine,HIV_RT,9,19,19,11,100.0,90.9090909090909,90.9090909090909,100.0,11,100.0,ok
bbflow_refine,HIV_RT,8,19,19,11,100.0,90.9090909090909,90.9090909090909,100.0,11,100.0,ok
bbflow_refine,HIV_RT,12,19,19,11,90.9090909090909,81.81818181818181,81.81818181818181,90.9090909090909,11,100.0,ok
bbflow_refine,HIV_RT,22,19,19,11,100.0,90.9090909090909,90.9090909090909,100.0,11,100.0,ok
bbflow_refine,HIV_RT,26,19,19,11,100.0,100.0,100.0,100.0,11,100.0,ok
bbflow_refine,HIV_RT,28,19,19,11,90.9090909090909,90.9090909090909,90.9090909090909,90.9090909090909,11,100.0,ok
bbflow_refine,HIV_RT,25,19,19,11,90.9090909090909,90.9090909090909,90.9090909090909,90.9090909090909,11,100.0,ok
bbflow_refine,HIV_RT,10,19,19,11,100.0,100.0,100.0,100.0,11,100.0,ok
bbflow_refine,HIV_RT,16,19,19,11,100.0,90.9090909090909,90.9090909090909,100.0,11,100.0,ok
bbflow_refine,HIV_RT,14,19,19,11,100.0,100.0,100.0,100.0,11,100.0,ok
bbflow_refine,HIV_RT,1,19,19,11,100.0,90.9090909090909,90.9090909090909,100.0,11,100.0,ok
bbflow_refine,HIV_RT,0,19,19,11,100.0,100.0,100.0,100.0,11,100.0,ok
bbflow_refine,HIV_RT,21,19,19,11,100.0,100.0,100.0,100.0,11,100.0,ok
bbflow_refine,HIV_RT,19,19,19,11,100.0,90.9090909090909,90.9090909090909,100.0,11,100.0,ok
bbflow_refine,HIV_RT,2,19,19,11,100.0,90.9090909090909,90.9090909090909,100.0,11,100.0,ok
bbflow_refine,HIV_RT,3,19,19,11,100.0,90.9090909090909,90.9090909090909,100.0,11,100.0,ok
bbflow_refine,HIV_RT,27,19,19,11,100.0,90.9090909090909,90.9090909090909,100.0,11,100.0,ok
bbflow_refine,HIV_RT,13,19,19,11,100.0,100.0,100.0,100.0,11,100.0,ok
bbflow_refine,HIV_RT,17,19,19,11,100.0,90.9090909090909,90.9090909090909,100.0,11,100.0,ok
bbflow_refine,HIV_RT,6,19,19,11,100.0,90.9090909090909,90.9090909090909,100.0,11,100.0,ok
bbflow_refine,HIV_RT,4,19,19,11,90.9090909090909,90.9090909090909,90.9090909090909,90.9090909090909,11,100.0,ok
bbflow_refine,THSR,18,26,26,25,76.0,80.0,76.0,80.0,25,100.0,ok
bbflow_refine,THSR,11,26,26,25,72.0,72.0,72.0,72.0,25,100.0,ok
bbflow_refine,THSR,23,26,26,25,80.0,72.0,72.0,80.0,25,100.0,ok
bbflow_refine,THSR,7,26,26,25,100.0,100.0,100.0,100.0,25,100.0,ok
bbflow_refine,THSR,29,26,26,25,92.0,92.0,92.0,92.0,25,100.0,ok
bbflow_refine,THSR,20,26,26,25,88.0,88.0,88.0,88.0,25,100.0,ok
bbflow_refine,THSR,24,26,26,25,64.0,68.0,64.0,68.0,25,100.0,ok
bbflow_refine,THSR,5,26,26,25,72.0,72.0,68.0,76.0,25,100.0,ok
bbflow_refine,THSR,15,26,26,25,88.0,88.0,88.0,88.0,25,100.0,ok
bbflow_refine,THSR,9,26,26,25,92.0,92.0,92.0,92.0,25,100.0,ok
bbflow_refine,THSR,8,26,26,25,96.0,96.0,96.0,96.0,25,100.0,ok
bbflow_refine,THSR,12,26,26,25,100.0,100.0,100.0,100.0,25,100.0,ok
bbflow_refine,THSR,22,26,26,25,84.0,80.0,80.0,84.0,25,100.0,ok
bbflow_refine,THSR,26,26,26,25,76.0,84.0,76.0,84.0,25,100.0,ok
bbflow_refine,THSR,28,26,26,25,96.0,92.0,92.0,96.0,25,100.0,ok
bbflow_refine,THSR,25,26,26,25,96.0,100.0,96.0,100.0,25,100.0,ok
bbflow_refine,THSR,10,26,26,25,64.0,68.0,60.0,72.0,25,100.0,ok
bbflow_refine,THSR,16,26,26,25,84.0,88.0,84.0,88.0,25,100.0,ok
bbflow_refine,THSR,14,26,26,25,96.0,96.0,96.0,96.0,25,100.0,ok
bbflow_refine,THSR,1,26,26,25,80.0,76.0,76.0,80.0,25,100.0,ok
bbflow_refine,THSR,0,26,26,25,92.0,96.0,92.0,96.0,25,100.0,ok
bbflow_refine,THSR,21,26,26,25,84.0,84.0,80.0,88.0,25,100.0,ok
bbflow_refine,THSR,19,26,26,25,88.0,88.0,88.0,88.0,25,100.0,ok
bbflow_refine,THSR,2,26,26,25,92.0,92.0,92.0,92.0,25,100.0,ok
bbflow_refine,THSR,3,26,26,25,80.0,84.0,80.0,84.0,25,100.0,ok
bbflow_refine,THSR,27,26,26,25,92.0,100.0,92.0,100.0,25,100.0,ok
bbflow_refine,THSR,13,26,26,25,76.0,84.0,76.0,84.0,25,100.0,ok
bbflow_refine,THSR,17,26,26,25,92.0,92.0,92.0,92.0,25,100.0,ok
bbflow_refine,THSR,6,26,26,25,92.0,92.0,92.0,92.0,25,100.0,ok
bbflow_refine,THSR,4,26,26,25,96.0,96.0,96.0,96.0,25,100.0,ok
bbflow_refine,betaLG,18,16,16,15,86.66666666666667,93.33333333333333,86.66666666666667,93.33333333333333,15,100.0,ok
bbflow_refine,betaLG,11,16,16,15,93.33333333333333,93.33333333333333,93.33333333333333,93.33333333333333,15,100.0,ok
bbflow_refine,betaLG,23,16,16,15,86.66666666666667,86.66666666666667,86.66666666666667,86.66666666666667,15,100.0,ok
bbflow_refine,betaLG,7,16,16,15,86.66666666666667,93.33333333333333,86.66666666666667,93.33333333333333,15,100.0,ok
bbflow_refine,betaLG,29,16,16,15,86.66666666666667,93.33333333333333,86.66666666666667,93.33333333333333,15,100.0,ok
bbflow_refine,betaLG,20,16,16,15,80.0,86.66666666666667,80.0,86.66666666666667,15,100.0,ok
bbflow_refine,betaLG,24,16,16,15,80.0,86.66666666666667,80.0,86.66666666666667,15,100.0,ok
bbflow_refine,betaLG,5,16,16,15,80.0,93.33333333333333,80.0,93.33333333333333,15,100.0,ok
bbflow_refine,betaLG,15,16,16,15,80.0,86.66666666666667,80.0,86.66666666666667,15,100.0,ok
bbflow_refine,betaLG,9,16,16,15,80.0,93.33333333333333,80.0,93.33333333333333,15,100.0,ok
bbflow_refine,betaLG,8,16,16,15,80.0,93.33333333333333,80.0,93.33333333333333,15,100.0,ok
bbflow_refine,betaLG,12,16,16,15,80.0,86.66666666666667,80.0,86.66666666666667,15,100.0,ok
bbflow_refine,betaLG,22,16,16,15,86.66666666666667,93.33333333333333,86.66666666666667,93.33333333333333,15,100.0,ok
bbflow_refine,betaLG,26,16,16,15,93.33333333333333,93.33333333333333,93.33333333333333,93.33333333333333,15,100.0,ok
bbflow_refine,betaLG,28,16,16,15,86.66666666666667,100.0,86.66666666666667,100.0,15,100.0,ok
bbflow_refine,betaLG,25,16,16,15,86.66666666666667,86.66666666666667,86.66666666666667,86.66666666666667,15,100.0,ok
bbflow_refine,betaLG,10,16,16,15,86.66666666666667,100.0,86.66666666666667,100.0,15,100.0,ok
bbflow_refine,betaLG,16,16,16,15,93.33333333333333,93.33333333333333,93.33333333333333,93.33333333333333,15,100.0,ok
bbflow_refine,betaLG,14,16,16,15,80.0,93.33333333333333,80.0,93.33333333333333,15,100.0,ok
bbflow_refine,betaLG,1,16,16,15,86.66666666666667,86.66666666666667,80.0,93.33333333333333,15,100.0,ok
bbflow_refine,betaLG,0,16,16,15,86.66666666666667,93.33333333333333,86.66666666666667,93.33333333333333,15,100.0,ok
bbflow_refine,betaLG,21,16,16,15,80.0,86.66666666666667,80.0,86.66666666666667,15,100.0,ok
bbflow_refine,betaLG,19,16,16,15,93.33333333333333,100.0,93.33333333333333,100.0,15,100.0,ok
bbflow_refine,betaLG,2,16,16,15,80.0,93.33333333333333,80.0,93.33333333333333,15,100.0,ok
bbflow_refine,betaLG,3,16,16,15,100.0,100.0,100.0,100.0,15,100.0,ok
bbflow_refine,betaLG,27,16,16,15,93.33333333333333,100.0,93.33333333333333,100.0,15,100.0,ok
bbflow_refine,betaLG,13,16,16,15,80.0,73.33333333333333,73.33333333333333,80.0,15,100.0,ok
bbflow_refine,betaLG,17,16,16,15,86.66666666666667,86.66666666666667,80.0,93.33333333333333,15,100.0,ok
bbflow_refine,betaLG,6,16,16,15,86.66666666666667,93.33333333333333,86.66666666666667,93.33333333333333,15,100.0,ok
bbflow_refine,betaLG,4,16,16,15,86.66666666666667,93.33333333333333,86.66666666666667,93.33333333333333,15,100.0,ok
bbflow_refine,THSR__7UTZ,18,24,24,23,78.26086956521739,78.26086956521739,78.26086956521739,78.26086956521739,23,100.0,ok
bbflow_refine,THSR__7UTZ,11,24,24,23,78.26086956521739,78.26086956521739,78.26086956521739,78.26086956521739,23,100.0,ok
bbflow_refine,THSR__7UTZ,23,24,24,23,86.95652173913044,82.6086956521739,82.6086956521739,86.95652173913044,23,100.0,ok
bbflow_refine,THSR__7UTZ,7,24,24,23,95.65217391304348,95.65217391304348,95.65217391304348,95.65217391304348,23,100.0,ok
bbflow_refine,THSR__7UTZ,29,24,24,23,91.30434782608695,95.65217391304348,91.30434782608695,95.65217391304348,23,100.0,ok
bbflow_refine,THSR__7UTZ,20,24,24,23,95.65217391304348,95.65217391304348,95.65217391304348,95.65217391304348,23,100.0,ok
bbflow_refine,THSR__7UTZ,24,24,24,23,82.6086956521739,78.26086956521739,78.26086956521739,82.6086956521739,23,100.0,ok
bbflow_refine,THSR__7UTZ,5,24,24,23,82.6086956521739,73.91304347826087,73.91304347826087,82.6086956521739,23,100.0,ok
bbflow_refine,THSR__7UTZ,15,24,24,23,91.30434782608695,91.30434782608695,91.30434782608695,91.30434782608695,23,100.0,ok
bbflow_refine,THSR__7UTZ,9,24,24,23,95.65217391304348,95.65217391304348,95.65217391304348,95.65217391304348,23,100.0,ok
bbflow_refine,THSR__7UTZ,8,24,24,23,100.0,95.65217391304348,95.65217391304348,100.0,23,100.0,ok
bbflow_refine,THSR__7UTZ,12,24,24,23,95.65217391304348,95.65217391304348,91.30434782608695,100.0,23,100.0,ok
bbflow_refine,THSR__7UTZ,22,24,24,23,86.95652173913044,86.95652173913044,86.95652173913044,86.95652173913044,23,100.0,ok
bbflow_refine,THSR__7UTZ,26,24,24,23,82.6086956521739,82.6086956521739,82.6086956521739,82.6086956521739,23,100.0,ok
bbflow_refine,THSR__7UTZ,28,24,24,23,95.65217391304348,100.0,95.65217391304348,100.0,23,100.0,ok
bbflow_refine,THSR__7UTZ,25,24,24,23,100.0,100.0,100.0,100.0,23,100.0,ok
bbflow_refine,THSR__7UTZ,10,24,24,23,82.6086956521739,78.26086956521739,78.26086956521739,82.6086956521739,23,100.0,ok
bbflow_refine,THSR__7UTZ,16,24,24,23,86.95652173913044,86.95652173913044,86.95652173913044,86.95652173913044,23,100.0,ok
bbflow_refine,THSR__7UTZ,14,24,24,23,95.65217391304348,95.65217391304348,95.65217391304348,95.65217391304348,23,100.0,ok
bbflow_refine,THSR__7UTZ,1,24,24,23,82.6086956521739,82.6086956521739,82.6086956521739,82.6086956521739,23,100.0,ok
bbflow_refine,THSR__7UTZ,0,24,24,23,95.65217391304348,95.65217391304348,95.65217391304348,95.65217391304348,23,100.0,ok
bbflow_refine,THSR__7UTZ,21,24,24,23,82.6086956521739,86.95652173913044,82.6086956521739,86.95652173913044,23,100.0,ok
bbflow_refine,THSR__7UTZ,19,24,24,23,82.6086956521739,78.26086956521739,78.26086956521739,82.6086956521739,23,100.0,ok
bbflow_refine,THSR__7UTZ,2,24,24,23,95.65217391304348,86.95652173913044,86.95652173913044,95.65217391304348,23,100.0,ok
bbflow_refine,THSR__7UTZ,3,24,24,23,91.30434782608695,86.95652173913044,86.95652173913044,91.30434782608695,23,100.0,ok
bbflow_refine,THSR__7UTZ,27,24,24,23,100.0,100.0,100.0,100.0,23,100.0,ok
bbflow_refine,THSR__7UTZ,13,24,24,23,78.26086956521739,73.91304347826087,73.91304347826087,78.26086956521739,23,100.0,ok
bbflow_refine,THSR__7UTZ,17,24,24,23,100.0,100.0,100.0,100.0,23,100.0,ok
bbflow_refine,THSR__7UTZ,6,24,24,23,91.30434782608695,91.30434782608695,91.30434782608695,91.30434782608695,23,100.0,ok
bbflow_refine,THSR__7UTZ,4,24,24,23,86.95652173913044,86.95652173913044,86.95652173913044,86.95652173913044,23,100.0,ok
bbflow_refine,Menin,18,14,14,14,92.85714285714286,85.71428571428571,85.71428571428571,92.85714285714286,14,100.0,ok
bbflow_refine,Menin,11,14,14,14,100.0,100.0,100.0,100.0,14,100.0,ok
bbflow_refine,Menin,23,14,14,14,85.71428571428571,92.85714285714286,85.71428571428571,92.85714285714286,14,100.0,ok
bbflow_refine,Menin,7,14,14,14,64.28571428571429,71.42857142857143,64.28571428571429,71.42857142857143,14,100.0,ok
bbflow_refine,Menin,29,14,14,14,92.85714285714286,92.85714285714286,92.85714285714286,92.85714285714286,14,100.0,ok
bbflow_refine,Menin,20,14,14,14,92.85714285714286,100.0,92.85714285714286,100.0,14,100.0,ok
bbflow_refine,Menin,24,14,14,14,85.71428571428571,78.57142857142857,71.42857142857143,92.85714285714286,14,100.0,ok
bbflow_refine,Menin,5,14,14,14,57.142857142857146,78.57142857142857,57.142857142857146,78.57142857142857,14,100.0,ok
bbflow_refine,Menin,15,14,14,14,85.71428571428571,85.71428571428571,85.71428571428571,85.71428571428571,14,100.0,ok
bbflow_refine,Menin,9,14,14,14,71.42857142857143,78.57142857142857,71.42857142857143,78.57142857142857,14,100.0,ok
bbflow_refine,Menin,8,14,14,14,92.85714285714286,92.85714285714286,92.85714285714286,92.85714285714286,14,100.0,ok
bbflow_refine,Menin,12,14,14,14,100.0,92.85714285714286,92.85714285714286,100.0,14,100.0,ok
bbflow_refine,Menin,22,14,14,14,100.0,100.0,100.0,100.0,14,100.0,ok
bbflow_refine,Menin,26,14,14,14,100.0,100.0,100.0,100.0,14,100.0,ok
bbflow_refine,Menin,28,14,14,14,85.71428571428571,92.85714285714286,85.71428571428571,92.85714285714286,14,100.0,ok
bbflow_refine,Menin,25,14,14,14,92.85714285714286,92.85714285714286,92.85714285714286,92.85714285714286,14,100.0,ok
bbflow_refine,Menin,10,14,14,14,78.57142857142857,78.57142857142857,78.57142857142857,78.57142857142857,14,100.0,ok
bbflow_refine,Menin,16,14,14,14,92.85714285714286,92.85714285714286,92.85714285714286,92.85714285714286,14,100.0,ok
bbflow_refine,Menin,14,14,14,14,92.85714285714286,85.71428571428571,85.71428571428571,92.85714285714286,14,100.0,ok
bbflow_refine,Menin,1,14,14,14,85.71428571428571,85.71428571428571,85.71428571428571,85.71428571428571,14,100.0,ok
bbflow_refine,Menin,0,14,14,14,78.57142857142857,78.57142857142857,71.42857142857143,85.71428571428571,14,100.0,ok
bbflow_refine,Menin,21,14,14,14,100.0,100.0,100.0,100.0,14,100.0,ok
bbflow_refine,Menin,19,14,14,14,78.57142857142857,78.57142857142857,78.57142857142857,78.57142857142857,14,100.0,ok
bbflow_refine,Menin,2,14,14,14,71.42857142857143,78.57142857142857,71.42857142857143,78.57142857142857,14,100.0,ok
bbflow_refine,Menin,3,14,14,14,85.71428571428571,85.71428571428571,85.71428571428571,85.71428571428571,14,100.0,ok
bbflow_refine,Menin,27,14,14,14,85.71428571428571,85.71428571428571,85.71428571428571,85.71428571428571,14,100.0,ok
bbflow_refine,Menin,13,14,14,14,78.57142857142857,85.71428571428571,78.57142857142857,85.71428571428571,14,100.0,ok
bbflow_refine,Menin,17,14,14,14,85.71428571428571,85.71428571428571,85.71428571428571,85.71428571428571,14,100.0,ok
bbflow_refine,Menin,6,14,14,14,85.71428571428571,100.0,85.71428571428571,100.0,14,100.0,ok
bbflow_refine,Menin,4,14,14,14,71.42857142857143,78.57142857142857,71.42857142857143,78.57142857142857,14,100.0,ok
bbflow_refine,FUT8,18,22,22,20,100.0,100.0,100.0,100.0,20,100.0,ok
bbflow_refine,FUT8,11,22,22,20,95.0,95.0,95.0,95.0,20,100.0,ok
bbflow_refine,FUT8,23,22,22,20,95.0,95.0,95.0,95.0,20,100.0,ok
bbflow_refine,FUT8,7,22,22,20,90.0,90.0,90.0,90.0,20,100.0,ok
bbflow_refine,FUT8,29,22,22,20,100.0,95.0,95.0,100.0,20,100.0,ok
bbflow_refine,FUT8,20,22,22,20,90.0,90.0,90.0,90.0,20,100.0,ok
bbflow_refine,FUT8,24,22,22,20,100.0,95.0,95.0,100.0,20,100.0,ok
bbflow_refine,FUT8,5,22,22,20,95.0,95.0,95.0,95.0,20,100.0,ok
bbflow_refine,FUT8,15,22,22,20,95.0,95.0,95.0,95.0,20,100.0,ok
bbflow_refine,FUT8,9,22,22,20,100.0,95.0,95.0,100.0,20,100.0,ok
bbflow_refine,FUT8,8,22,22,20,95.0,95.0,95.0,95.0,20,100.0,ok
bbflow_refine,FUT8,12,22,22,20,95.0,95.0,95.0,95.0,20,100.0,ok
bbflow_refine,FUT8,22,22,22,20,100.0,100.0,100.0,100.0,20,100.0,ok
bbflow_refine,FUT8,26,22,22,20,100.0,100.0,100.0,100.0,20,100.0,ok
bbflow_refine,FUT8,28,22,22,20,95.0,90.0,90.0,95.0,20,100.0,ok
bbflow_refine,FUT8,25,22,22,20,100.0,100.0,100.0,100.0,20,100.0,ok
bbflow_refine,FUT8,10,22,22,20,95.0,95.0,95.0,95.0,20,100.0,ok
bbflow_refine,FUT8,16,22,22,20,95.0,95.0,95.0,95.0,20,100.0,ok
bbflow_refine,FUT8,14,22,22,20,95.0,95.0,95.0,95.0,20,100.0,ok
bbflow_refine,FUT8,1,22,22,20,90.0,90.0,90.0,90.0,20,100.0,ok
bbflow_refine,FUT8,0,22,22,20,90.0,90.0,90.0,90.0,20,100.0,ok
bbflow_refine,FUT8,21,22,22,20,100.0,95.0,95.0,100.0,20,100.0,ok
bbflow_refine,FUT8,19,22,22,20,95.0,95.0,95.0,95.0,20,100.0,ok
bbflow_refine,FUT8,2,22,22,20,95.0,95.0,95.0,95.0,20,100.0,ok
bbflow_refine,FUT8,3,22,22,20,95.0,90.0,90.0,95.0,20,100.0,ok
bbflow_refine,FUT8,27,22,22,20,95.0,95.0,95.0,95.0,20,100.0,ok
bbflow_refine,FUT8,13,22,22,20,95.0,95.0,95.0,95.0,20,100.0,ok
bbflow_refine,FUT8,17,22,22,20,95.0,95.0,95.0,95.0,20,100.0,ok
bbflow_refine,FUT8,6,22,22,20,95.0,95.0,95.0,95.0,20,100.0,ok
bbflow_refine,FUT8,4,22,22,20,95.0,95.0,95.0,95.0,20,100.0,ok
bbflow_refine,HIV1_CA,18,16,16,14,100.0,92.85714285714286,92.85714285714286,100.0,14,100.0,ok
bbflow_refine,HIV1_CA,11,16,16,14,100.0,100.0,100.0,100.0,14,100.0,ok
bbflow_refine,HIV1_CA,23,16,16,14,100.0,100.0,100.0,100.0,14,100.0,ok
bbflow_refine,HIV1_CA,7,16,16,14,100.0,100.0,100.0,100.0,14,100.0,ok
bbflow_refine,HIV1_CA,29,16,16,14,85.71428571428571,92.85714285714286,85.71428571428571,92.85714285714286,14,100.0,ok
bbflow_refine,HIV1_CA,20,16,16,14,92.85714285714286,92.85714285714286,92.85714285714286,92.85714285714286,14,100.0,ok
bbflow_refine,HIV1_CA,24,16,16,14,100.0,100.0,100.0,100.0,14,100.0,ok
bbflow_refine,HIV1_CA,5,16,16,14,92.85714285714286,92.85714285714286,92.85714285714286,92.85714285714286,14,100.0,ok
bbflow_refine,HIV1_CA,15,16,16,14,100.0,100.0,100.0,100.0,14,100.0,ok
bbflow_refine,HIV1_CA,9,16,16,14,78.57142857142857,85.71428571428571,78.57142857142857,85.71428571428571,14,100.0,ok
bbflow_refine,HIV1_CA,8,16,16,14,92.85714285714286,92.85714285714286,92.85714285714286,92.85714285714286,14,100.0,ok
bbflow_refine,HIV1_CA,12,16,16,14,71.42857142857143,78.57142857142857,71.42857142857143,78.57142857142857,14,100.0,ok
bbflow_refine,HIV1_CA,22,16,16,14,85.71428571428571,92.85714285714286,85.71428571428571,92.85714285714286,14,100.0,ok
bbflow_refine,HIV1_CA,26,16,16,14,92.85714285714286,100.0,92.85714285714286,100.0,14,100.0,ok
bbflow_refine,HIV1_CA,28,16,16,14,85.71428571428571,85.71428571428571,85.71428571428571,85.71428571428571,14,100.0,ok
bbflow_refine,HIV1_CA,25,16,16,14,85.71428571428571,85.71428571428571,85.71428571428571,85.71428571428571,14,100.0,ok
bbflow_refine,HIV1_CA,10,16,16,14,100.0,100.0,100.0,100.0,14,100.0,ok
bbflow_refine,HIV1_CA,16,16,16,14,92.85714285714286,92.85714285714286,85.71428571428571,100.0,14,100.0,ok
bbflow_refine,HIV1_CA,14,16,16,14,92.85714285714286,92.85714285714286,92.85714285714286,92.85714285714286,14,100.0,ok
bbflow_refine,HIV1_CA,1,16,16,14,100.0,92.85714285714286,92.85714285714286,100.0,14,100.0,ok
bbflow_refine,HIV1_CA,0,16,16,14,78.57142857142857,85.71428571428571,78.57142857142857,85.71428571428571,14,100.0,ok
bbflow_refine,HIV1_CA,21,16,16,14,92.85714285714286,92.85714285714286,92.85714285714286,92.85714285714286,14,100.0,ok
bbflow_refine,HIV1_CA,19,16,16,14,92.85714285714286,92.85714285714286,92.85714285714286,92.85714285714286,14,100.0,ok
bbflow_refine,HIV1_CA,2,16,16,14,85.71428571428571,92.85714285714286,85.71428571428571,92.85714285714286,14,100.0,ok
bbflow_refine,HIV1_CA,3,16,16,14,92.85714285714286,92.85714285714286,92.85714285714286,92.85714285714286,14,100.0,ok
bbflow_refine,HIV1_CA,27,16,16,14,100.0,100.0,100.0,100.0,14,100.0,ok
bbflow_refine,HIV1_CA,13,16,16,14,85.71428571428571,85.71428571428571,85.71428571428571,85.71428571428571,14,100.0,ok
bbflow_refine,HIV1_CA,17,16,16,14,85.71428571428571,85.71428571428571,85.71428571428571,85.71428571428571,14,100.0,ok
bbflow_refine,HIV1_CA,6,16,16,14,78.57142857142857,85.71428571428571,78.57142857142857,85.71428571428571,14,100.0,ok
bbflow_refine,HIV1_CA,4,16,16,14,85.71428571428571,85.71428571428571,85.71428571428571,85.71428571428571,14,100.0,ok
bbflow_refine,SHP2,18,19,19,17,88.23529411764706,70.58823529411765,70.58823529411765,88.23529411764706,17,100.0,ok
bbflow_refine,SHP2,11,19,19,17,88.23529411764706,88.23529411764706,88.23529411764706,88.23529411764706,17,100.0,ok
bbflow_refine,SHP2,23,19,19,17,82.3529411764706,76.47058823529412,70.58823529411765,88.23529411764706,17,100.0,ok
bbflow_refine,SHP2,7,19,19,17,94.11764705882354,88.23529411764706,88.23529411764706,94.11764705882354,17,100.0,ok
bbflow_refine,SHP2,29,19,19,17,64.70588235294117,76.47058823529412,64.70588235294117,76.47058823529412,17,100.0,ok
bbflow_refine,SHP2,20,19,19,17,94.11764705882354,100.0,94.11764705882354,100.0,17,100.0,ok
bbflow_refine,SHP2,24,19,19,17,94.11764705882354,88.23529411764706,82.3529411764706,100.0,17,100.0,ok
bbflow_refine,SHP2,5,19,19,17,88.23529411764706,88.23529411764706,88.23529411764706,88.23529411764706,17,100.0,ok
bbflow_refine,SHP2,15,19,19,17,88.23529411764706,88.23529411764706,82.3529411764706,94.11764705882354,17,100.0,ok
bbflow_refine,SHP2,9,19,19,17,58.8235294117647,58.8235294117647,58.8235294117647,58.8235294117647,17,100.0,ok
bbflow_refine,SHP2,8,19,19,17,94.11764705882354,94.11764705882354,88.23529411764706,100.0,17,100.0,ok
bbflow_refine,SHP2,12,19,19,17,88.23529411764706,88.23529411764706,82.3529411764706,94.11764705882354,17,100.0,ok
bbflow_refine,SHP2,22,19,19,17,94.11764705882354,94.11764705882354,88.23529411764706,100.0,17,100.0,ok
bbflow_refine,SHP2,26,19,19,17,76.47058823529412,82.3529411764706,76.47058823529412,82.3529411764706,17,100.0,ok
bbflow_refine,SHP2,28,19,19,17,88.23529411764706,94.11764705882354,88.23529411764706,94.11764705882354,17,100.0,ok
bbflow_refine,SHP2,25,19,19,17,70.58823529411765,64.70588235294117,64.70588235294117,70.58823529411765,17,100.0,ok
bbflow_refine,SHP2,10,19,19,17,94.11764705882354,94.11764705882354,94.11764705882354,94.11764705882354,17,100.0,ok
bbflow_refine,SHP2,16,19,19,17,82.3529411764706,82.3529411764706,76.47058823529412,88.23529411764706,17,100.0,ok
bbflow_refine,SHP2,14,19,19,17,88.23529411764706,94.11764705882354,88.23529411764706,94.11764705882354,17,100.0,ok
bbflow_refine,SHP2,1,19,19,17,70.58823529411765,64.70588235294117,64.70588235294117,70.58823529411765,17,100.0,ok
bbflow_refine,SHP2,0,19,19,17,94.11764705882354,94.11764705882354,94.11764705882354,94.11764705882354,17,100.0,ok
bbflow_refine,SHP2,21,19,19,17,94.11764705882354,94.11764705882354,94.11764705882354,94.11764705882354,17,100.0,ok
bbflow_refine,SHP2,19,19,19,17,100.0,88.23529411764706,88.23529411764706,100.0,17,100.0,ok
bbflow_refine,SHP2,2,19,19,17,94.11764705882354,100.0,94.11764705882354,100.0,17,100.0,ok
bbflow_refine,SHP2,3,19,19,17,94.11764705882354,94.11764705882354,94.11764705882354,94.11764705882354,17,100.0,ok
bbflow_refine,SHP2,27,19,19,17,94.11764705882354,88.23529411764706,88.23529411764706,94.11764705882354,17,100.0,ok
bbflow_refine,SHP2,13,19,19,17,88.23529411764706,88.23529411764706,82.3529411764706,94.11764705882354,17,100.0,ok
bbflow_refine,SHP2,17,19,19,17,94.11764705882354,82.3529411764706,82.3529411764706,94.11764705882354,17,100.0,ok
bbflow_refine,SHP2,6,19,19,17,88.23529411764706,88.23529411764706,88.23529411764706,88.23529411764706,17,100.0,ok
bbflow_refine,SHP2,4,19,19,17,64.70588235294117,58.8235294117647,52.94117647058823,70.58823529411765,17,100.0,ok
